sample_id,subject,session,run,label,file_id,raw_sha256,cue_sample_native,dataset,experiment_id,model,seed,p_left,p_right,predicted_label
s23_1_offline_train_t001,23,1,offline_train,1,session1/s23/sess01_subj23_EEG_MI.mat,4caeee5093a8313d1ebd6a1f3a0cb7b7596a6037ef136aa6c7de0a74c5fa3364,184778,Lee2019_MI,Q15-E007,BROAD_EEGNET,20260924,0.6078591346740723,0.39214083552360535,1
s23_1_offline_train_t002,23,1,offline_train,1,session1/s23/sess01_subj23_EEG_MI.mat,4caeee5093a8313d1ebd6a1f3a0cb7b7596a6037ef136aa6c7de0a74c5fa3364,195645,Lee2019_MI,Q15-E007,BROAD_EEGNET,20260924,0.6252115964889526,0.37478843331336975,1
s23_1_offline_train_t003,23,1,offline_train,1,session1/s23/sess01_subj23_EEG_MI.mat,4caeee5093a8313d1ebd6a1f3a0cb7b7596a6037ef136aa6c7de0a74c5fa3364,206512,Lee2019_MI,Q15-E007,BROAD_EEGNET,20260924,0.6934974193572998,0.3065025806427002,1
s23_1_offline_train_t004,23,1,offline_train,2,session1/s23/sess01_subj23_EEG_MI.mat,4caeee5093a8313d1ebd6a1f3a0cb7b7596a6037ef136aa6c7de0a74c5fa3364,217378,Lee2019_MI,Q15-E007,BROAD_EEGNET,20260924,0.6589577794075012,0.341042160987854,1
s23_1_offline_train_t005,23,1,offline_train,2,session1/s23/sess01_subj23_EEG_MI.mat,4caeee5093a8313d1ebd6a1f3a0cb7b7596a6037ef136aa6c7de0a74c5fa3364,228428,Lee2019_MI,Q15-E007,BROAD_EEGNET,20260924,0.3083418607711792,0.6916581392288208,2
s23_1_offline_train_t006,23,1,offline_train,1,session1/s23/sess01_subj23_EEG_MI.mat,4caeee5093a8313d1ebd6a1f3a0cb7b7596a6037ef136aa6c7de0a74c5fa3364,239678,Lee2019_MI,Q15-E007,BROAD_EEGNET,20260924,0.6302124857902527,0.3697874844074249,1
s23_1_offline_train_t007,23,1,offline_train,1,session1/s23/sess01_subj23_EEG_MI.mat,4caeee5093a8313d1ebd6a1f3a0cb7b7596a6037ef136aa6c7de0a74c5fa3364,250261,Lee2019_MI,Q15-E007,BROAD_EEGNET,20260924,0.7835654616355896,0.2164345681667328,1
s23_1_offline_train_t008,23,1,offline_train,2,session1/s23/sess01_subj23_EEG_MI.mat,4caeee5093a8313d1ebd6a1f3a0cb7b7596a6037ef136aa6c7de0a74c5fa3364,261677,Lee2019_MI,Q15-E007,BROAD_EEGNET,20260924,0.44036170840263367,0.559638261795044,2
s23_1_offline_train_t009,23,1,offline_train,2,session1/s23/sess01_subj23_EEG_MI.mat,4caeee5093a8313d1ebd6a1f3a0cb7b7596a6037ef136aa6c7de0a74c5fa3364,272827,Lee2019_MI,Q15-E007,BROAD_EEGNET,20260924,0.5888510346412659,0.41114896535873413,1
s23_1_offline_train_t010,23,1,offline_train,1,session1/s23/sess01_subj23_EEG_MI.mat,4caeee5093a8313d1ebd6a1f3a0cb7b7596a6037ef136aa6c7de0a74c5fa3364,284243,Lee2019_MI,Q15-E007,BROAD_EEGNET,20260924,0.8587968945503235,0.1412031054496765,1
s23_1_offline_train_t011,23,1,offline_train,2,session1/s23/sess01_subj23_EEG_MI.mat,4caeee5093a8313d1ebd6a1f3a0cb7b7596a6037ef136aa6c7de0a74c5fa3364,295110,Lee2019_MI,Q15-E007,BROAD_EEGNET,20260924,0.1386091262102127,0.8613908886909485,2
s23_1_offline_train_t012,23,1,offline_train,2,session1/s23/sess01_subj23_EEG_MI.mat,4caeee5093a8313d1ebd6a1f3a0cb7b7596a6037ef136aa6c7de0a74c5fa3364,306076,Lee2019_MI,Q15-E007,BROAD_EEGNET,20260924,0.4332943260669708,0.5667056441307068,2
s23_1_offline_train_t013,23,1,offline_train,1,session1/s23/sess01_subj23_EEG_MI.mat,4caeee5093a8313d1ebd6a1f3a0cb7b7596a6037ef136aa6c7de0a74c5fa3364,316659,Lee2019_MI,Q15-E007,BROAD_EEGNET,20260924,0.6581948399543762,0.341805100440979,1
s23_1_offline_train_t014,23,1,offline_train,2,session1/s23/sess01_subj23_EEG_MI.mat,4caeee5093a8313d1ebd6a1f3a0cb7b7596a6037ef136aa6c7de0a74c5fa3364,327443,Lee2019_MI,Q15-E007,BROAD_EEGNET,20260924,0.7597393989562988,0.24026058614253998,1
s23_1_offline_train_t015,23,1,offline_train,1,session1/s23/sess01_subj23_EEG_MI.mat,4caeee5093a8313d1ebd6a1f3a0cb7b7596a6037ef136aa6c7de0a74c5fa3364,338676,Lee2019_MI,Q15-E007,BROAD_EEGNET,20260924,0.8843176364898682,0.11568235605955124,1
s23_1_offline_train_t016,23,1,offline_train,1,session1/s23/sess01_subj23_EEG_MI.mat,4caeee5093a8313d1ebd6a1f3a0cb7b7596a6037ef136aa6c7de0a74c5fa3364,349542,Lee2019_MI,Q15-E007,BROAD_EEGNET,20260924,0.4719882011413574,0.5280117988586426,2
s23_1_offline_train_t017,23,1,offline_train,2,session1/s23/sess01_subj23_EEG_MI.mat,4caeee5093a8313d1ebd6a1f3a0cb7b7596a6037ef136aa6c7de0a74c5fa3364,360975,Lee2019_MI,Q15-E007,BROAD_EEGNET,20260924,0.17271697521209717,0.8272830843925476,2
s23_1_offline_train_t018,23,1,offline_train,2,session1/s23/sess01_subj23_EEG_MI.mat,4caeee5093a8313d1ebd6a1f3a0cb7b7596a6037ef136aa6c7de0a74c5fa3364,371642,Lee2019_MI,Q15-E007,BROAD_EEGNET,20260924,0.9074085354804993,0.09259144961833954,1
s23_1_offline_train_t019,23,1,offline_train,2,session1/s23/sess01_subj23_EEG_MI.mat,4caeee5093a8313d1ebd6a1f3a0cb7b7596a6037ef136aa6c7de0a74c5fa3364,383158,Lee2019_MI,Q15-E007,BROAD_EEGNET,20260924,0.5404278039932251,0.4595721662044525,1
s23_1_offline_train_t020,23,1,offline_train,1,session1/s23/sess01_subj23_EEG_MI.mat,4caeee5093a8313d1ebd6a1f3a0cb7b7596a6037ef136aa6c7de0a74c5fa3364,394225,Lee2019_MI,Q15-E007,BROAD_EEGNET,20260924,0.6255074739456177,0.37449249625205994,1
s23_1_offline_train_t021,23,1,offline_train,2,session1/s23/sess01_subj23_EEG_MI.mat,4caeee5093a8313d1ebd6a1f3a0cb7b7596a6037ef136aa6c7de0a74c5fa3364,405458,Lee2019_MI,Q15-E007,BROAD_EEGNET,20260924,0.1686987727880478,0.8313012719154358,2
s23_1_offline_train_t022,23,1,offline_train,2,session1/s23/sess01_subj23_EEG_MI.mat,4caeee5093a8313d1ebd6a1f3a0cb7b7596a6037ef136aa6c7de0a74c5fa3364,416974,Lee2019_MI,Q15-E007,BROAD_EEGNET,20260924,0.20897361636161804,0.7910264134407043,2
s23_1_offline_train_t023,23,1,offline_train,1,session1/s23/sess01_subj23_EEG_MI.mat,4caeee5093a8313d1ebd6a1f3a0cb7b7596a6037ef136aa6c7de0a74c5fa3364,427841,Lee2019_MI,Q15-E007,BROAD_EEGNET,20260924,0.8933057188987732,0.10669424384832382,1
s23_1_offline_train_t024,23,1,offline_train,2,session1/s23/sess01_subj23_EEG_MI.mat,4caeee5093a8313d1ebd6a1f3a0cb7b7596a6037ef136aa6c7de0a74c5fa3364,438807,Lee2019_MI,Q15-E007,BROAD_EEGNET,20260924,0.31581488251686096,0.6841851472854614,2
s23_1_offline_train_t025,23,1,offline_train,1,session1/s23/sess01_subj23_EEG_MI.mat,4caeee5093a8313d1ebd6a1f3a0cb7b7596a6037ef136aa6c7de0a74c5fa3364,449857,Lee2019_MI,Q15-E007,BROAD_EEGNET,20260924,0.7877212762832642,0.21227873861789703,1
s23_1_offline_train_t026,23,1,offline_train,1,session1/s23/sess01_subj23_EEG_MI.mat,4caeee5093a8313d1ebd6a1f3a0cb7b7596a6037ef136aa6c7de0a74c5fa3364,461190,Lee2019_MI,Q15-E007,BROAD_EEGNET,20260924,0.8624840378761292,0.13751591742038727,1
s23_1_offline_train_t027,23,1,offline_train,1,session1/s23/sess01_subj23_EEG_MI.mat,4caeee5093a8313d1ebd6a1f3a0cb7b7596a6037ef136aa6c7de0a74c5fa3364,472523,Lee2019_MI,Q15-E007,BROAD_EEGNET,20260924,0.7854858040809631,0.21451424062252045,1
s23_1_offline_train_t028,23,1,offline_train,2,session1/s23/sess01_subj23_EEG_MI.mat,4caeee5093a8313d1ebd6a1f3a0cb7b7596a6037ef136aa6c7de0a74c5fa3364,483190,Lee2019_MI,Q15-E007,BROAD_EEGNET,20260924,0.4444105327129364,0.5555894374847412,2
s23_1_offline_train_t029,23,1,offline_train,1,session1/s23/sess01_subj23_EEG_MI.mat,4caeee5093a8313d1ebd6a1f3a0cb7b7596a6037ef136aa6c7de0a74c5fa3364,493873,Lee2019_MI,Q15-E007,BROAD_EEGNET,20260924,0.4245334267616272,0.5754666328430176,2
s23_1_offline_train_t030,23,1,offline_train,2,session1/s23/sess01_subj23_EEG_MI.mat,4caeee5093a8313d1ebd6a1f3a0cb7b7596a6037ef136aa6c7de0a74c5fa3364,504739,Lee2019_MI,Q15-E007,BROAD_EEGNET,20260924,0.15598691999912262,0.8440130949020386,2
s23_1_offline_train_t031,23,1,offline_train,1,session1/s23/sess01_subj23_EEG_MI.mat,4caeee5093a8313d1ebd6a1f3a0cb7b7596a6037ef136aa6c7de0a74c5fa3364,515339,Lee2019_MI,Q15-E007,BROAD_EEGNET,20260924,0.9582656621932983,0.04173427075147629,1
s23_1_offline_train_t032,23,1,offline_train,1,session1/s23/sess01_subj23_EEG_MI.mat,4caeee5093a8313d1ebd6a1f3a0cb7b7596a6037ef136aa6c7de0a74c5fa3364,526389,Lee2019_MI,Q15-E007,BROAD_EEGNET,20260924,0.6760827898979187,0.3239172697067261,1
s23_1_offline_train_t033,23,1,offline_train,2,session1/s23/sess01_subj23_EEG_MI.mat,4caeee5093a8313d1ebd6a1f3a0cb7b7596a6037ef136aa6c7de0a74c5fa3364,537255,Lee2019_MI,Q15-E007,BROAD_EEGNET,20260924,0.5758534669876099,0.4241465628147125,1
s23_1_offline_train_t034,23,1,offline_train,1,session1/s23/sess01_subj23_EEG_MI.mat,4caeee5093a8313d1ebd6a1f3a0cb7b7596a6037ef136aa6c7de0a74c5fa3364,548022,Lee2019_MI,Q15-E007,BROAD_EEGNET,20260924,0.4036676287651062,0.5963324308395386,2
s23_1_offline_train_t035,23,1,offline_train,1,session1/s23/sess01_subj23_EEG_MI.mat,4caeee5093a8313d1ebd6a1f3a0cb7b7596a6037ef136aa6c7de0a74c5fa3364,558804,Lee2019_MI,Q15-E007,BROAD_EEGNET,20260924,0.7908522486686707,0.20914767682552338,1
s23_1_offline_train_t036,23,1,offline_train,1,session1/s23/sess01_subj23_EEG_MI.mat,4caeee5093a8313d1ebd6a1f3a0cb7b7596a6037ef136aa6c7de0a74c5fa3364,570221,Lee2019_MI,Q15-E007,BROAD_EEGNET,20260924,0.832761824131012,0.1672382354736328,1
s23_1_offline_train_t037,23,1,offline_train,2,session1/s23/sess01_subj23_EEG_MI.mat,4caeee5093a8313d1ebd6a1f3a0cb7b7596a6037ef136aa6c7de0a74c5fa3364,581454,Lee2019_MI,Q15-E007,BROAD_EEGNET,20260924,0.4437677562236786,0.5562322735786438,2
s23_1_offline_train_t038,23,1,offline_train,1,session1/s23/sess01_subj23_EEG_MI.mat,4caeee5093a8313d1ebd6a1f3a0cb7b7596a6037ef136aa6c7de0a74c5fa3364,592521,Lee2019_MI,Q15-E007,BROAD_EEGNET,20260924,0.8921394348144531,0.1078605055809021,1
s23_1_offline_train_t039,23,1,offline_train,1,session1/s23/sess01_subj23_EEG_MI.mat,4caeee5093a8313d1ebd6a1f3a0cb7b7596a6037ef136aa6c7de0a74c5fa3364,604037,Lee2019_MI,Q15-E007,BROAD_EEGNET,20260924,0.9346692562103271,0.06533073633909225,1
s23_1_offline_train_t040,23,1,offline_train,1,session1/s23/sess01_subj23_EEG_MI.mat,4caeee5093a8313d1ebd6a1f3a0cb7b7596a6037ef136aa6c7de0a74c5fa3364,614703,Lee2019_MI,Q15-E007,BROAD_EEGNET,20260924,0.8137393593788147,0.1862606257200241,1
s23_1_offline_train_t041,23,1,offline_train,2,session1/s23/sess01_subj23_EEG_MI.mat,4caeee5093a8313d1ebd6a1f3a0cb7b7596a6037ef136aa6c7de0a74c5fa3364,626037,Lee2019_MI,Q15-E007,BROAD_EEGNET,20260924,0.20315876603126526,0.7968412637710571,2
s23_1_offline_train_t042,23,1,offline_train,2,session1/s23/sess01_subj23_EEG_MI.mat,4caeee5093a8313d1ebd6a1f3a0cb7b7596a6037ef136aa6c7de0a74c5fa3364,637370,Lee2019_MI,Q15-E007,BROAD_EEGNET,20260924,0.09182987362146378,0.9081701636314392,2
s23_1_offline_train_t043,23,1,offline_train,2,session1/s23/sess01_subj23_EEG_MI.mat,4caeee5093a8313d1ebd6a1f3a0cb7b7596a6037ef136aa6c7de0a74c5fa3364,648520,Lee2019_MI,Q15-E007,BROAD_EEGNET,20260924,0.3757173418998718,0.6242825984954834,2
s23_1_offline_train_t044,23,1,offline_train,1,session1/s23/sess01_subj23_EEG_MI.mat,4caeee5093a8313d1ebd6a1f3a0cb7b7596a6037ef136aa6c7de0a74c5fa3364,659286,Lee2019_MI,Q15-E007,BROAD_EEGNET,20260924,0.7823957204818726,0.21760432422161102,1
s23_1_offline_train_t045,23,1,offline_train,2,session1/s23/sess01_subj23_EEG_MI.mat,4caeee5093a8313d1ebd6a1f3a0cb7b7596a6037ef136aa6c7de0a74c5fa3364,670435,Lee2019_MI,Q15-E007,BROAD_EEGNET,20260924,0.312355101108551,0.6876449584960938,2
s23_1_offline_train_t046,23,1,offline_train,2,session1/s23/sess01_subj23_EEG_MI.mat,4caeee5093a8313d1ebd6a1f3a0cb7b7596a6037ef136aa6c7de0a74c5fa3364,681302,Lee2019_MI,Q15-E007,BROAD_EEGNET,20260924,0.30631881952285767,0.6936811804771423,2
s23_1_offline_train_t047,23,1,offline_train,2,session1/s23/sess01_subj23_EEG_MI.mat,4caeee5093a8313d1ebd6a1f3a0cb7b7596a6037ef136aa6c7de0a74c5fa3364,691985,Lee2019_MI,Q15-E007,BROAD_EEGNET,20260924,0.11899381130933762,0.8810061812400818,2
s23_1_offline_train_t048,23,1,offline_train,1,session1/s23/sess01_subj23_EEG_MI.mat,4caeee5093a8313d1ebd6a1f3a0cb7b7596a6037ef136aa6c7de0a74c5fa3364,702752,Lee2019_MI,Q15-E007,BROAD_EEGNET,20260924,0.6829893589019775,0.3170106112957001,1
s23_1_offline_train_t049,23,1,offline_train,2,session1/s23/sess01_subj23_EEG_MI.mat,4caeee5093a8313d1ebd6a1f3a0cb7b7596a6037ef136aa6c7de0a74c5fa3364,714185,Lee2019_MI,Q15-E007,BROAD_EEGNET,20260924,0.33109545707702637,0.6689046025276184,2
s23_1_offline_train_t050,23,1,offline_train,1,session1/s23/sess01_subj23_EEG_MI.mat,4caeee5093a8313d1ebd6a1f3a0cb7b7596a6037ef136aa6c7de0a74c5fa3364,762101,Lee2019_MI,Q15-E007,BROAD_EEGNET,20260924,0.3159032464027405,0.6840967535972595,2
s23_1_offline_train_t051,23,1,offline_train,2,session1/s23/sess01_subj23_EEG_MI.mat,4caeee5093a8313d1ebd6a1f3a0cb7b7596a6037ef136aa6c7de0a74c5fa3364,772884,Lee2019_MI,Q15-E007,BROAD_EEGNET,20260924,0.16173045337200165,0.8382695913314819,2
s23_1_offline_train_t052,23,1,offline_train,2,session1/s23/sess01_subj23_EEG_MI.mat,4caeee5093a8313d1ebd6a1f3a0cb7b7596a6037ef136aa6c7de0a74c5fa3364,783467,Lee2019_MI,Q15-E007,BROAD_EEGNET,20260924,0.5279319882392883,0.4720679819583893,1
s23_1_offline_train_t053,23,1,offline_train,2,session1/s23/sess01_subj23_EEG_MI.mat,4caeee5093a8313d1ebd6a1f3a0cb7b7596a6037ef136aa6c7de0a74c5fa3364,794433,Lee2019_MI,Q15-E007,BROAD_EEGNET,20260924,0.5340182185173035,0.4659818112850189,1
s23_1_offline_train_t054,23,1,offline_train,2,session1/s23/sess01_subj23_EEG_MI.mat,4caeee5093a8313d1ebd6a1f3a0cb7b7596a6037ef136aa6c7de0a74c5fa3364,805017,Lee2019_MI,Q15-E007,BROAD_EEGNET,20260924,0.07632743567228317,0.923672616481781,2
s23_1_offline_train_t055,23,1,offline_train,1,session1/s23/sess01_subj23_EEG_MI.mat,4caeee5093a8313d1ebd6a1f3a0cb7b7596a6037ef136aa6c7de0a74c5fa3364,816450,Lee2019_MI,Q15-E007,BROAD_EEGNET,20260924,0.7691188454627991,0.23088110983371735,1
s23_1_offline_train_t056,23,1,offline_train,1,session1/s23/sess01_subj23_EEG_MI.mat,4caeee5093a8313d1ebd6a1f3a0cb7b7596a6037ef136aa6c7de0a74c5fa3364,827216,Lee2019_MI,Q15-E007,BROAD_EEGNET,20260924,0.9057193994522095,0.09428064525127411,1
s23_1_offline_train_t057,23,1,offline_train,1,session1/s23/sess01_subj23_EEG_MI.mat,4caeee5093a8313d1ebd6a1f3a0cb7b7596a6037ef136aa6c7de0a74c5fa3364,837899,Lee2019_MI,Q15-E007,BROAD_EEGNET,20260924,0.2591380178928375,0.7408620119094849,2
s23_1_offline_train_t058,23,1,offline_train,2,session1/s23/sess01_subj23_EEG_MI.mat,4caeee5093a8313d1ebd6a1f3a0cb7b7596a6037ef136aa6c7de0a74c5fa3364,848766,Lee2019_MI,Q15-E007,BROAD_EEGNET,20260924,0.7316208481788635,0.2683791220188141,1
s23_1_offline_train_t059,23,1,offline_train,1,session1/s23/sess01_subj23_EEG_MI.mat,4caeee5093a8313d1ebd6a1f3a0cb7b7596a6037ef136aa6c7de0a74c5fa3364,859816,Lee2019_MI,Q15-E007,BROAD_EEGNET,20260924,0.7545415759086609,0.2454584240913391,1
s23_1_offline_train_t060,23,1,offline_train,1,session1/s23/sess01_subj23_EEG_MI.mat,4caeee5093a8313d1ebd6a1f3a0cb7b7596a6037ef136aa6c7de0a74c5fa3364,870499,Lee2019_MI,Q15-E007,BROAD_EEGNET,20260924,0.7994667291641235,0.2005331963300705,1
s23_1_offline_train_t061,23,1,offline_train,1,session1/s23/sess01_subj23_EEG_MI.mat,4caeee5093a8313d1ebd6a1f3a0cb7b7596a6037ef136aa6c7de0a74c5fa3364,882015,Lee2019_MI,Q15-E007,BROAD_EEGNET,20260924,0.8406548500061035,0.15934516489505768,1
s23_1_offline_train_t062,23,1,offline_train,2,session1/s23/sess01_subj23_EEG_MI.mat,4caeee5093a8313d1ebd6a1f3a0cb7b7596a6037ef136aa6c7de0a74c5fa3364,892882,Lee2019_MI,Q15-E007,BROAD_EEGNET,20260924,0.18252527713775635,0.8174746632575989,2
s23_1_offline_train_t063,23,1,offline_train,1,session1/s23/sess01_subj23_EEG_MI.mat,4caeee5093a8313d1ebd6a1f3a0cb7b7596a6037ef136aa6c7de0a74c5fa3364,903748,Lee2019_MI,Q15-E007,BROAD_EEGNET,20260924,0.7822349071502686,0.21776510775089264,1
s23_1_offline_train_t064,23,1,offline_train,1,session1/s23/sess01_subj23_EEG_MI.mat,4caeee5093a8313d1ebd6a1f3a0cb7b7596a6037ef136aa6c7de0a74c5fa3364,914330,Lee2019_MI,Q15-E007,BROAD_EEGNET,20260924,0.7242958545684814,0.27570411562919617,1
s23_1_offline_train_t065,23,1,offline_train,1,session1/s23/sess01_subj23_EEG_MI.mat,4caeee5093a8313d1ebd6a1f3a0cb7b7596a6037ef136aa6c7de0a74c5fa3364,925198,Lee2019_MI,Q15-E007,BROAD_EEGNET,20260924,0.5359764695167542,0.46402353048324585,1
s23_1_offline_train_t066,23,1,offline_train,2,session1/s23/sess01_subj23_EEG_MI.mat,4caeee5093a8313d1ebd6a1f3a0cb7b7596a6037ef136aa6c7de0a74c5fa3364,935798,Lee2019_MI,Q15-E007,BROAD_EEGNET,20260924,0.10260401666164398,0.8973959684371948,2
s23_1_offline_train_t067,23,1,offline_train,2,session1/s23/sess01_subj23_EEG_MI.mat,4caeee5093a8313d1ebd6a1f3a0cb7b7596a6037ef136aa6c7de0a74c5fa3364,946847,Lee2019_MI,Q15-E007,BROAD_EEGNET,20260924,0.740880012512207,0.2591199576854706,1
s23_1_offline_train_t068,23,1,offline_train,2,session1/s23/sess01_subj23_EEG_MI.mat,4caeee5093a8313d1ebd6a1f3a0cb7b7596a6037ef136aa6c7de0a74c5fa3364,958180,Lee2019_MI,Q15-E007,BROAD_EEGNET,20260924,0.3417881429195404,0.658211886882782,2
s23_1_offline_train_t069,23,1,offline_train,1,session1/s23/sess01_subj23_EEG_MI.mat,4caeee5093a8313d1ebd6a1f3a0cb7b7596a6037ef136aa6c7de0a74c5fa3364,969313,Lee2019_MI,Q15-E007,BROAD_EEGNET,20260924,0.5827372074127197,0.41726285219192505,1
s23_1_offline_train_t070,23,1,offline_train,2,session1/s23/sess01_subj23_EEG_MI.mat,4caeee5093a8313d1ebd6a1f3a0cb7b7596a6037ef136aa6c7de0a74c5fa3364,979997,Lee2019_MI,Q15-E007,BROAD_EEGNET,20260924,0.6432669162750244,0.3567330539226532,1
s23_1_offline_train_t071,23,1,offline_train,2,session1/s23/sess01_subj23_EEG_MI.mat,4caeee5093a8313d1ebd6a1f3a0cb7b7596a6037ef136aa6c7de0a74c5fa3364,990596,Lee2019_MI,Q15-E007,BROAD_EEGNET,20260924,0.1573907732963562,0.8426092267036438,2
s23_1_offline_train_t072,23,1,offline_train,2,session1/s23/sess01_subj23_EEG_MI.mat,4caeee5093a8313d1ebd6a1f3a0cb7b7596a6037ef136aa6c7de0a74c5fa3364,1001912,Lee2019_MI,Q15-E007,BROAD_EEGNET,20260924,0.4057057201862335,0.5942943096160889,2
s23_1_offline_train_t073,23,1,offline_train,2,session1/s23/sess01_subj23_EEG_MI.mat,4caeee5093a8313d1ebd6a1f3a0cb7b7596a6037ef136aa6c7de0a74c5fa3364,1013346,Lee2019_MI,Q15-E007,BROAD_EEGNET,20260924,0.41817331314086914,0.5818266272544861,2
s23_1_offline_train_t074,23,1,offline_train,1,session1/s23/sess01_subj23_EEG_MI.mat,4caeee5093a8313d1ebd6a1f3a0cb7b7596a6037ef136aa6c7de0a74c5fa3364,1024396,Lee2019_MI,Q15-E007,BROAD_EEGNET,20260924,0.6126922369003296,0.387307733297348,1
s23_1_offline_train_t075,23,1,offline_train,1,session1/s23/sess01_subj23_EEG_MI.mat,4caeee5093a8313d1ebd6a1f3a0cb7b7596a6037ef136aa6c7de0a74c5fa3364,1035079,Lee2019_MI,Q15-E007,BROAD_EEGNET,20260924,0.5815160274505615,0.41848400235176086,1
s23_1_offline_train_t076,23,1,offline_train,1,session1/s23/sess01_subj23_EEG_MI.mat,4caeee5093a8313d1ebd6a1f3a0cb7b7596a6037ef136aa6c7de0a74c5fa3364,1046412,Lee2019_MI,Q15-E007,BROAD_EEGNET,20260924,0.6025416851043701,0.3974582850933075,1
s23_1_offline_train_t077,23,1,offline_train,2,session1/s23/sess01_subj23_EEG_MI.mat,4caeee5093a8313d1ebd6a1f3a0cb7b7596a6037ef136aa6c7de0a74c5fa3364,1057279,Lee2019_MI,Q15-E007,BROAD_EEGNET,20260924,0.7862117886543274,0.213788241147995,1
s23_1_offline_train_t078,23,1,offline_train,1,session1/s23/sess01_subj23_EEG_MI.mat,4caeee5093a8313d1ebd6a1f3a0cb7b7596a6037ef136aa6c7de0a74c5fa3364,1068145,Lee2019_MI,Q15-E007,BROAD_EEGNET,20260924,0.14594614505767822,0.8540539145469666,2
s23_1_offline_train_t079,23,1,offline_train,1,session1/s23/sess01_subj23_EEG_MI.mat,4caeee5093a8313d1ebd6a1f3a0cb7b7596a6037ef136aa6c7de0a74c5fa3364,1079478,Lee2019_MI,Q15-E007,BROAD_EEGNET,20260924,0.7900188565254211,0.20998121798038483,1
s23_1_offline_train_t080,23,1,offline_train,1,session1/s23/sess01_subj23_EEG_MI.mat,4caeee5093a8313d1ebd6a1f3a0cb7b7596a6037ef136aa6c7de0a74c5fa3364,1090061,Lee2019_MI,Q15-E007,BROAD_EEGNET,20260924,0.8506920337677002,0.14930793642997742,1
s23_1_offline_train_t081,23,1,offline_train,2,session1/s23/sess01_subj23_EEG_MI.mat,4caeee5093a8313d1ebd6a1f3a0cb7b7596a6037ef136aa6c7de0a74c5fa3364,1100644,Lee2019_MI,Q15-E007,BROAD_EEGNET,20260924,0.15005148947238922,0.849948525428772,2
s23_1_offline_train_t082,23,1,offline_train,1,session1/s23/sess01_subj23_EEG_MI.mat,4caeee5093a8313d1ebd6a1f3a0cb7b7596a6037ef136aa6c7de0a74c5fa3364,1111894,Lee2019_MI,Q15-E007,BROAD_EEGNET,20260924,0.4181254506111145,0.5818745493888855,2
s23_1_offline_train_t083,23,1,offline_train,2,session1/s23/sess01_subj23_EEG_MI.mat,4caeee5093a8313d1ebd6a1f3a0cb7b7596a6037ef136aa6c7de0a74c5fa3364,1123027,Lee2019_MI,Q15-E007,BROAD_EEGNET,20260924,0.4953591227531433,0.5046408772468567,2
s23_1_offline_train_t084,23,1,offline_train,1,session1/s23/sess01_subj23_EEG_MI.mat,4caeee5093a8313d1ebd6a1f3a0cb7b7596a6037ef136aa6c7de0a74c5fa3364,1134077,Lee2019_MI,Q15-E007,BROAD_EEGNET,20260924,0.638786792755127,0.3612132668495178,1
s23_1_offline_train_t085,23,1,offline_train,2,session1/s23/sess01_subj23_EEG_MI.mat,4caeee5093a8313d1ebd6a1f3a0cb7b7596a6037ef136aa6c7de0a74c5fa3364,1145327,Lee2019_MI,Q15-E007,BROAD_EEGNET,20260924,0.6824360489845276,0.3175639808177948,1
s23_1_offline_train_t086,23,1,offline_train,2,session1/s23/sess01_subj23_EEG_MI.mat,4caeee5093a8313d1ebd6a1f3a0cb7b7596a6037ef136aa6c7de0a74c5fa3364,1156560,Lee2019_MI,Q15-E007,BROAD_EEGNET,20260924,0.02004484087228775,0.9799551367759705,2
s23_1_offline_train_t087,23,1,offline_train,1,session1/s23/sess01_subj23_EEG_MI.mat,4caeee5093a8313d1ebd6a1f3a0cb7b7596a6037ef136aa6c7de0a74c5fa3364,1167893,Lee2019_MI,Q15-E007,BROAD_EEGNET,20260924,0.8080474734306335,0.19195255637168884,1
s23_1_offline_train_t088,23,1,offline_train,2,session1/s23/sess01_subj23_EEG_MI.mat,4caeee5093a8313d1ebd6a1f3a0cb7b7596a6037ef136aa6c7de0a74c5fa3364,1178760,Lee2019_MI,Q15-E007,BROAD_EEGNET,20260924,0.3307359516620636,0.6692640781402588,2
s23_1_offline_train_t089,23,1,offline_train,2,session1/s23/sess01_subj23_EEG_MI.mat,4caeee5093a8313d1ebd6a1f3a0cb7b7596a6037ef136aa6c7de0a74c5fa3364,1189993,Lee2019_MI,Q15-E007,BROAD_EEGNET,20260924,0.1625359058380127,0.8374640941619873,2
s23_1_offline_train_t090,23,1,offline_train,2,session1/s23/sess01_subj23_EEG_MI.mat,4caeee5093a8313d1ebd6a1f3a0cb7b7596a6037ef136aa6c7de0a74c5fa3364,1201142,Lee2019_MI,Q15-E007,BROAD_EEGNET,20260924,0.9054794311523438,0.09452056884765625,1
s23_1_offline_train_t091,23,1,offline_train,1,session1/s23/sess01_subj23_EEG_MI.mat,4caeee5093a8313d1ebd6a1f3a0cb7b7596a6037ef136aa6c7de0a74c5fa3364,1212109,Lee2019_MI,Q15-E007,BROAD_EEGNET,20260924,0.7299558520317078,0.2700441777706146,1
s23_1_offline_train_t092,23,1,offline_train,1,session1/s23/sess01_subj23_EEG_MI.mat,4caeee5093a8313d1ebd6a1f3a0cb7b7596a6037ef136aa6c7de0a74c5fa3364,1222692,Lee2019_MI,Q15-E007,BROAD_EEGNET,20260924,0.8464292287826538,0.1535707414150238,1
s23_1_offline_train_t093,23,1,offline_train,2,session1/s23/sess01_subj23_EEG_MI.mat,4caeee5093a8313d1ebd6a1f3a0cb7b7596a6037ef136aa6c7de0a74c5fa3364,1234025,Lee2019_MI,Q15-E007,BROAD_EEGNET,20260924,0.13022346794605255,0.8697764873504639,2
s23_1_offline_train_t094,23,1,offline_train,1,session1/s23/sess01_subj23_EEG_MI.mat,4caeee5093a8313d1ebd6a1f3a0cb7b7596a6037ef136aa6c7de0a74c5fa3364,1244891,Lee2019_MI,Q15-E007,BROAD_EEGNET,20260924,0.5222445726394653,0.47775542736053467,1
s23_1_offline_train_t095,23,1,offline_train,2,session1/s23/sess01_subj23_EEG_MI.mat,4caeee5093a8313d1ebd6a1f3a0cb7b7596a6037ef136aa6c7de0a74c5fa3364,1256041,Lee2019_MI,Q15-E007,BROAD_EEGNET,20260924,0.8011794686317444,0.19882047176361084,1
s23_1_offline_train_t096,23,1,offline_train,2,session1/s23/sess01_subj23_EEG_MI.mat,4caeee5093a8313d1ebd6a1f3a0cb7b7596a6037ef136aa6c7de0a74c5fa3364,1267358,Lee2019_MI,Q15-E007,BROAD_EEGNET,20260924,0.8575693368911743,0.1424306184053421,1
s23_1_offline_train_t097,23,1,offline_train,1,session1/s23/sess01_subj23_EEG_MI.mat,4caeee5093a8313d1ebd6a1f3a0cb7b7596a6037ef136aa6c7de0a74c5fa3364,1278041,Lee2019_MI,Q15-E007,BROAD_EEGNET,20260924,0.9489547610282898,0.05104523524641991,1
s23_1_offline_train_t098,23,1,offline_train,1,session1/s23/sess01_subj23_EEG_MI.mat,4caeee5093a8313d1ebd6a1f3a0cb7b7596a6037ef136aa6c7de0a74c5fa3364,1288724,Lee2019_MI,Q15-E007,BROAD_EEGNET,20260924,0.6336081624031067,0.3663918673992157,1
s23_1_offline_train_t099,23,1,offline_train,2,session1/s23/sess01_subj23_EEG_MI.mat,4caeee5093a8313d1ebd6a1f3a0cb7b7596a6037ef136aa6c7de0a74c5fa3364,1299874,Lee2019_MI,Q15-E007,BROAD_EEGNET,20260924,0.7634117007255554,0.23658834397792816,1
s23_1_offline_train_t100,23,1,offline_train,2,session1/s23/sess01_subj23_EEG_MI.mat,4caeee5093a8313d1ebd6a1f3a0cb7b7596a6037ef136aa6c7de0a74c5fa3364,1310923,Lee2019_MI,Q15-E007,BROAD_EEGNET,20260924,0.9252507090568542,0.07474926114082336,1
s23_2_offline_train_t001,23,2,offline_train,1,session2/s23/sess02_subj23_EEG_MI.mat,7eb982af294f5ecb1ebf7dc635a66ba28795835a64c167dcfc9678d2099388dd,150456,Lee2019_MI,Q15-E007,BROAD_EEGNET,20260924,0.6459080576896667,0.35409194231033325,1
s23_2_offline_train_t002,23,2,offline_train,2,session2/s23/sess02_subj23_EEG_MI.mat,7eb982af294f5ecb1ebf7dc635a66ba28795835a64c167dcfc9678d2099388dd,161872,Lee2019_MI,Q15-E007,BROAD_EEGNET,20260924,0.3224082589149475,0.6775918006896973,2
s23_2_offline_train_t003,23,2,offline_train,1,session2/s23/sess02_subj23_EEG_MI.mat,7eb982af294f5ecb1ebf7dc635a66ba28795835a64c167dcfc9678d2099388dd,172555,Lee2019_MI,Q15-E007,BROAD_EEGNET,20260924,0.7714799046516418,0.22852005064487457,1
s23_2_offline_train_t004,23,2,offline_train,1,session2/s23/sess02_subj23_EEG_MI.mat,7eb982af294f5ecb1ebf7dc635a66ba28795835a64c167dcfc9678d2099388dd,183988,Lee2019_MI,Q15-E007,BROAD_EEGNET,20260924,0.551713764667511,0.4482862651348114,1
s23_2_offline_train_t005,23,2,offline_train,2,session2/s23/sess02_subj23_EEG_MI.mat,7eb982af294f5ecb1ebf7dc635a66ba28795835a64c167dcfc9678d2099388dd,195121,Lee2019_MI,Q15-E007,BROAD_EEGNET,20260924,0.2669856548309326,0.7330143451690674,2
s23_2_offline_train_t006,23,2,offline_train,2,session2/s23/sess02_subj23_EEG_MI.mat,7eb982af294f5ecb1ebf7dc635a66ba28795835a64c167dcfc9678d2099388dd,205805,Lee2019_MI,Q15-E007,BROAD_EEGNET,20260924,0.12271075695753098,0.8772892355918884,2
s23_2_offline_train_t007,23,2,offline_train,1,session2/s23/sess02_subj23_EEG_MI.mat,7eb982af294f5ecb1ebf7dc635a66ba28795835a64c167dcfc9678d2099388dd,216671,Lee2019_MI,Q15-E007,BROAD_EEGNET,20260924,0.938849151134491,0.061150867491960526,1
s23_2_offline_train_t008,23,2,offline_train,2,session2/s23/sess02_subj23_EEG_MI.mat,7eb982af294f5ecb1ebf7dc635a66ba28795835a64c167dcfc9678d2099388dd,227721,Lee2019_MI,Q15-E007,BROAD_EEGNET,20260924,0.21390950679779053,0.7860905528068542,2
s23_2_offline_train_t009,23,2,offline_train,1,session2/s23/sess02_subj23_EEG_MI.mat,7eb982af294f5ecb1ebf7dc635a66ba28795835a64c167dcfc9678d2099388dd,239237,Lee2019_MI,Q15-E007,BROAD_EEGNET,20260924,0.3738144338130951,0.6261855959892273,2
s23_2_offline_train_t010,23,2,offline_train,1,session2/s23/sess02_subj23_EEG_MI.mat,7eb982af294f5ecb1ebf7dc635a66ba28795835a64c167dcfc9678d2099388dd,250754,Lee2019_MI,Q15-E007,BROAD_EEGNET,20260924,0.3765622079372406,0.623437762260437,2
s23_2_offline_train_t011,23,2,offline_train,2,session2/s23/sess02_subj23_EEG_MI.mat,7eb982af294f5ecb1ebf7dc635a66ba28795835a64c167dcfc9678d2099388dd,261437,Lee2019_MI,Q15-E007,BROAD_EEGNET,20260924,0.16202113032341003,0.8379788994789124,2
s23_2_offline_train_t012,23,2,offline_train,2,session2/s23/sess02_subj23_EEG_MI.mat,7eb982af294f5ecb1ebf7dc635a66ba28795835a64c167dcfc9678d2099388dd,272953,Lee2019_MI,Q15-E007,BROAD_EEGNET,20260924,0.1395300328731537,0.8604699373245239,2
s23_2_offline_train_t013,23,2,offline_train,1,session2/s23/sess02_subj23_EEG_MI.mat,7eb982af294f5ecb1ebf7dc635a66ba28795835a64c167dcfc9678d2099388dd,284470,Lee2019_MI,Q15-E007,BROAD_EEGNET,20260924,0.727785050868988,0.2722148895263672,1
s23_2_offline_train_t014,23,2,offline_train,1,session2/s23/sess02_subj23_EEG_MI.mat,7eb982af294f5ecb1ebf7dc635a66ba28795835a64c167dcfc9678d2099388dd,295519,Lee2019_MI,Q15-E007,BROAD_EEGNET,20260924,0.7761382460594177,0.2238616794347763,1
s23_2_offline_train_t015,23,2,offline_train,2,session2/s23/sess02_subj23_EEG_MI.mat,7eb982af294f5ecb1ebf7dc635a66ba28795835a64c167dcfc9678d2099388dd,306853,Lee2019_MI,Q15-E007,BROAD_EEGNET,20260924,0.269558846950531,0.730441153049469,2
s23_2_offline_train_t016,23,2,offline_train,1,session2/s23/sess02_subj23_EEG_MI.mat,7eb982af294f5ecb1ebf7dc635a66ba28795835a64c167dcfc9678d2099388dd,317536,Lee2019_MI,Q15-E007,BROAD_EEGNET,20260924,0.5637359619140625,0.4362639784812927,1
s23_2_offline_train_t017,23,2,offline_train,1,session2/s23/sess02_subj23_EEG_MI.mat,7eb982af294f5ecb1ebf7dc635a66ba28795835a64c167dcfc9678d2099388dd,328502,Lee2019_MI,Q15-E007,BROAD_EEGNET,20260924,0.8060439825057983,0.19395597279071808,1
s23_2_offline_train_t018,23,2,offline_train,1,session2/s23/sess02_subj23_EEG_MI.mat,7eb982af294f5ecb1ebf7dc635a66ba28795835a64c167dcfc9678d2099388dd,340019,Lee2019_MI,Q15-E007,BROAD_EEGNET,20260924,0.2236168533563614,0.7763831615447998,2
s23_2_offline_train_t019,23,2,offline_train,1,session2/s23/sess02_subj23_EEG_MI.mat,7eb982af294f5ecb1ebf7dc635a66ba28795835a64c167dcfc9678d2099388dd,351352,Lee2019_MI,Q15-E007,BROAD_EEGNET,20260924,0.3474729359149933,0.6525270938873291,2
s23_2_offline_train_t020,23,2,offline_train,2,session2/s23/sess02_subj23_EEG_MI.mat,7eb982af294f5ecb1ebf7dc635a66ba28795835a64c167dcfc9678d2099388dd,362868,Lee2019_MI,Q15-E007,BROAD_EEGNET,20260924,0.7222831845283508,0.2777167856693268,1
s23_2_offline_train_t021,23,2,offline_train,2,session2/s23/sess02_subj23_EEG_MI.mat,7eb982af294f5ecb1ebf7dc635a66ba28795835a64c167dcfc9678d2099388dd,374101,Lee2019_MI,Q15-E007,BROAD_EEGNET,20260924,0.23628723621368408,0.7637127637863159,2
s23_2_offline_train_t022,23,2,offline_train,1,session2/s23/sess02_subj23_EEG_MI.mat,7eb982af294f5ecb1ebf7dc635a66ba28795835a64c167dcfc9678d2099388dd,384685,Lee2019_MI,Q15-E007,BROAD_EEGNET,20260924,0.3084559738636017,0.6915440559387207,2
s23_2_offline_train_t023,23,2,offline_train,2,session2/s23/sess02_subj23_EEG_MI.mat,7eb982af294f5ecb1ebf7dc635a66ba28795835a64c167dcfc9678d2099388dd,396118,Lee2019_MI,Q15-E007,BROAD_EEGNET,20260924,0.4741401672363281,0.5258597731590271,2
s23_2_offline_train_t024,23,2,offline_train,2,session2/s23/sess02_subj23_EEG_MI.mat,7eb982af294f5ecb1ebf7dc635a66ba28795835a64c167dcfc9678d2099388dd,407634,Lee2019_MI,Q15-E007,BROAD_EEGNET,20260924,0.3405897915363312,0.6594102382659912,2
s23_2_offline_train_t025,23,2,offline_train,2,session2/s23/sess02_subj23_EEG_MI.mat,7eb982af294f5ecb1ebf7dc635a66ba28795835a64c167dcfc9678d2099388dd,418867,Lee2019_MI,Q15-E007,BROAD_EEGNET,20260924,0.4869690239429474,0.513031005859375,2
s23_2_offline_train_t026,23,2,offline_train,1,session2/s23/sess02_subj23_EEG_MI.mat,7eb982af294f5ecb1ebf7dc635a66ba28795835a64c167dcfc9678d2099388dd,430200,Lee2019_MI,Q15-E007,BROAD_EEGNET,20260924,0.6535468101501465,0.3464531898498535,1
s23_2_offline_train_t027,23,2,offline_train,2,session2/s23/sess02_subj23_EEG_MI.mat,7eb982af294f5ecb1ebf7dc635a66ba28795835a64c167dcfc9678d2099388dd,441533,Lee2019_MI,Q15-E007,BROAD_EEGNET,20260924,0.01251970138400793,0.9874803423881531,2
s23_2_offline_train_t028,23,2,offline_train,1,session2/s23/sess02_subj23_EEG_MI.mat,7eb982af294f5ecb1ebf7dc635a66ba28795835a64c167dcfc9678d2099388dd,452483,Lee2019_MI,Q15-E007,BROAD_EEGNET,20260924,0.38150930404663086,0.6184906959533691,2
s23_2_offline_train_t029,23,2,offline_train,1,session2/s23/sess02_subj23_EEG_MI.mat,7eb982af294f5ecb1ebf7dc635a66ba28795835a64c167dcfc9678d2099388dd,463733,Lee2019_MI,Q15-E007,BROAD_EEGNET,20260924,0.6329613924026489,0.36703866720199585,1
s23_2_offline_train_t030,23,2,offline_train,2,session2/s23/sess02_subj23_EEG_MI.mat,7eb982af294f5ecb1ebf7dc635a66ba28795835a64c167dcfc9678d2099388dd,474500,Lee2019_MI,Q15-E007,BROAD_EEGNET,20260924,0.5214932560920715,0.47850677371025085,1
s23_2_offline_train_t031,23,2,offline_train,1,session2/s23/sess02_subj23_EEG_MI.mat,7eb982af294f5ecb1ebf7dc635a66ba28795835a64c167dcfc9678d2099388dd,485749,Lee2019_MI,Q15-E007,BROAD_EEGNET,20260924,0.6199359893798828,0.3800639808177948,1
s23_2_offline_train_t032,23,2,offline_train,2,session2/s23/sess02_subj23_EEG_MI.mat,7eb982af294f5ecb1ebf7dc635a66ba28795835a64c167dcfc9678d2099388dd,496332,Lee2019_MI,Q15-E007,BROAD_EEGNET,20260924,0.14530204236507416,0.8546979427337646,2
s23_2_offline_train_t033,23,2,offline_train,1,session2/s23/sess02_subj23_EEG_MI.mat,7eb982af294f5ecb1ebf7dc635a66ba28795835a64c167dcfc9678d2099388dd,507199,Lee2019_MI,Q15-E007,BROAD_EEGNET,20260924,0.24322743713855743,0.756772518157959,2
s23_2_offline_train_t034,23,2,offline_train,2,session2/s23/sess02_subj23_EEG_MI.mat,7eb982af294f5ecb1ebf7dc635a66ba28795835a64c167dcfc9678d2099388dd,517782,Lee2019_MI,Q15-E007,BROAD_EEGNET,20260924,0.6859646439552307,0.3140353560447693,1
s23_2_offline_train_t035,23,2,offline_train,2,session2/s23/sess02_subj23_EEG_MI.mat,7eb982af294f5ecb1ebf7dc635a66ba28795835a64c167dcfc9678d2099388dd,528465,Lee2019_MI,Q15-E007,BROAD_EEGNET,20260924,0.06631141901016235,0.9336885213851929,2
s23_2_offline_train_t036,23,2,offline_train,1,session2/s23/sess02_subj23_EEG_MI.mat,7eb982af294f5ecb1ebf7dc635a66ba28795835a64c167dcfc9678d2099388dd,539798,Lee2019_MI,Q15-E007,BROAD_EEGNET,20260924,0.7359563112258911,0.2640436887741089,1
s23_2_offline_train_t037,23,2,offline_train,1,session2/s23/sess02_subj23_EEG_MI.mat,7eb982af294f5ecb1ebf7dc635a66ba28795835a64c167dcfc9678d2099388dd,551031,Lee2019_MI,Q15-E007,BROAD_EEGNET,20260924,0.9532490968704224,0.04675097391009331,1
s23_2_offline_train_t038,23,2,offline_train,2,session2/s23/sess02_subj23_EEG_MI.mat,7eb982af294f5ecb1ebf7dc635a66ba28795835a64c167dcfc9678d2099388dd,561898,Lee2019_MI,Q15-E007,BROAD_EEGNET,20260924,0.02819495089352131,0.9718050956726074,2
s23_2_offline_train_t039,23,2,offline_train,1,session2/s23/sess02_subj23_EEG_MI.mat,7eb982af294f5ecb1ebf7dc635a66ba28795835a64c167dcfc9678d2099388dd,573414,Lee2019_MI,Q15-E007,BROAD_EEGNET,20260924,0.5359697341918945,0.46403029561042786,1
s23_2_offline_train_t040,23,2,offline_train,1,session2/s23/sess02_subj23_EEG_MI.mat,7eb982af294f5ecb1ebf7dc635a66ba28795835a64c167dcfc9678d2099388dd,584014,Lee2019_MI,Q15-E007,BROAD_EEGNET,20260924,0.6488122344017029,0.3511877954006195,1
s23_2_offline_train_t041,23,2,offline_train,1,session2/s23/sess02_subj23_EEG_MI.mat,7eb982af294f5ecb1ebf7dc635a66ba28795835a64c167dcfc9678d2099388dd,594964,Lee2019_MI,Q15-E007,BROAD_EEGNET,20260924,0.6178348660469055,0.3821651041507721,1
s23_2_offline_train_t042,23,2,offline_train,1,session2/s23/sess02_subj23_EEG_MI.mat,7eb982af294f5ecb1ebf7dc635a66ba28795835a64c167dcfc9678d2099388dd,605930,Lee2019_MI,Q15-E007,BROAD_EEGNET,20260924,0.16384901106357574,0.8361510038375854,2
s23_2_offline_train_t043,23,2,offline_train,2,session2/s23/sess02_subj23_EEG_MI.mat,7eb982af294f5ecb1ebf7dc635a66ba28795835a64c167dcfc9678d2099388dd,617263,Lee2019_MI,Q15-E007,BROAD_EEGNET,20260924,0.28610172867774963,0.7138983011245728,2
s23_2_offline_train_t044,23,2,offline_train,1,session2/s23/sess02_subj23_EEG_MI.mat,7eb982af294f5ecb1ebf7dc635a66ba28795835a64c167dcfc9678d2099388dd,628579,Lee2019_MI,Q15-E007,BROAD_EEGNET,20260924,0.26794901490211487,0.7320510149002075,2
s23_2_offline_train_t045,23,2,offline_train,2,session2/s23/sess02_subj23_EEG_MI.mat,7eb982af294f5ecb1ebf7dc635a66ba28795835a64c167dcfc9678d2099388dd,639363,Lee2019_MI,Q15-E007,BROAD_EEGNET,20260924,0.4189642667770386,0.5810357332229614,2
s23_2_offline_train_t046,23,2,offline_train,1,session2/s23/sess02_subj23_EEG_MI.mat,7eb982af294f5ecb1ebf7dc635a66ba28795835a64c167dcfc9678d2099388dd,650413,Lee2019_MI,Q15-E007,BROAD_EEGNET,20260924,0.594072163105011,0.40592777729034424,1
s23_2_offline_train_t047,23,2,offline_train,1,session2/s23/sess02_subj23_EEG_MI.mat,7eb982af294f5ecb1ebf7dc635a66ba28795835a64c167dcfc9678d2099388dd,661379,Lee2019_MI,Q15-E007,BROAD_EEGNET,20260924,0.49982312321662903,0.5001768469810486,2
s23_2_offline_train_t048,23,2,offline_train,1,session2/s23/sess02_subj23_EEG_MI.mat,7eb982af294f5ecb1ebf7dc635a66ba28795835a64c167dcfc9678d2099388dd,672612,Lee2019_MI,Q15-E007,BROAD_EEGNET,20260924,0.37054896354675293,0.6294510364532471,2
s23_2_offline_train_t049,23,2,offline_train,2,session2/s23/sess02_subj23_EEG_MI.mat,7eb982af294f5ecb1ebf7dc635a66ba28795835a64c167dcfc9678d2099388dd,683845,Lee2019_MI,Q15-E007,BROAD_EEGNET,20260924,0.1844513863325119,0.8155486583709717,2
s23_2_offline_train_t050,23,2,offline_train,1,session2/s23/sess02_subj23_EEG_MI.mat,7eb982af294f5ecb1ebf7dc635a66ba28795835a64c167dcfc9678d2099388dd,750544,Lee2019_MI,Q15-E007,BROAD_EEGNET,20260924,0.43842077255249023,0.5615792274475098,2
s23_2_offline_train_t051,23,2,offline_train,1,session2/s23/sess02_subj23_EEG_MI.mat,7eb982af294f5ecb1ebf7dc635a66ba28795835a64c167dcfc9678d2099388dd,761411,Lee2019_MI,Q15-E007,BROAD_EEGNET,20260924,0.31891441345214844,0.6810855865478516,2
s23_2_offline_train_t052,23,2,offline_train,1,session2/s23/sess02_subj23_EEG_MI.mat,7eb982af294f5ecb1ebf7dc635a66ba28795835a64c167dcfc9678d2099388dd,772644,Lee2019_MI,Q15-E007,BROAD_EEGNET,20260924,0.39450910687446594,0.6054909229278564,2
s23_2_offline_train_t053,23,2,offline_train,1,session2/s23/sess02_subj23_EEG_MI.mat,7eb982af294f5ecb1ebf7dc635a66ba28795835a64c167dcfc9678d2099388dd,783877,Lee2019_MI,Q15-E007,BROAD_EEGNET,20260924,0.36577221751213074,0.6342277526855469,2
s23_2_offline_train_t054,23,2,offline_train,2,session2/s23/sess02_subj23_EEG_MI.mat,7eb982af294f5ecb1ebf7dc635a66ba28795835a64c167dcfc9678d2099388dd,794560,Lee2019_MI,Q15-E007,BROAD_EEGNET,20260924,0.06411900371313095,0.9358809590339661,2
s23_2_offline_train_t055,23,2,offline_train,1,session2/s23/sess02_subj23_EEG_MI.mat,7eb982af294f5ecb1ebf7dc635a66ba28795835a64c167dcfc9678d2099388dd,805243,Lee2019_MI,Q15-E007,BROAD_EEGNET,20260924,0.5738368630409241,0.42616307735443115,1
s23_2_offline_train_t056,23,2,offline_train,1,session2/s23/sess02_subj23_EEG_MI.mat,7eb982af294f5ecb1ebf7dc635a66ba28795835a64c167dcfc9678d2099388dd,816293,Lee2019_MI,Q15-E007,BROAD_EEGNET,20260924,0.41972026228904724,0.5802797079086304,2
s23_2_offline_train_t057,23,2,offline_train,2,session2/s23/sess02_subj23_EEG_MI.mat,7eb982af294f5ecb1ebf7dc635a66ba28795835a64c167dcfc9678d2099388dd,827809,Lee2019_MI,Q15-E007,BROAD_EEGNET,20260924,0.31611168384552,0.68388831615448,2
s23_2_offline_train_t058,23,2,offline_train,2,session2/s23/sess02_subj23_EEG_MI.mat,7eb982af294f5ecb1ebf7dc635a66ba28795835a64c167dcfc9678d2099388dd,838676,Lee2019_MI,Q15-E007,BROAD_EEGNET,20260924,0.16319695115089417,0.8368030190467834,2
s23_2_offline_train_t059,23,2,offline_train,1,session2/s23/sess02_subj23_EEG_MI.mat,7eb982af294f5ecb1ebf7dc635a66ba28795835a64c167dcfc9678d2099388dd,849826,Lee2019_MI,Q15-E007,BROAD_EEGNET,20260924,0.31338316202163696,0.686616837978363,2
s23_2_offline_train_t060,23,2,offline_train,1,session2/s23/sess02_subj23_EEG_MI.mat,7eb982af294f5ecb1ebf7dc635a66ba28795835a64c167dcfc9678d2099388dd,860592,Lee2019_MI,Q15-E007,BROAD_EEGNET,20260924,0.5373260378837585,0.46267396211624146,1
s23_2_offline_train_t061,23,2,offline_train,2,session2/s23/sess02_subj23_EEG_MI.mat,7eb982af294f5ecb1ebf7dc635a66ba28795835a64c167dcfc9678d2099388dd,871925,Lee2019_MI,Q15-E007,BROAD_EEGNET,20260924,0.233293816447258,0.7667062282562256,2
s23_2_offline_train_t062,23,2,offline_train,2,session2/s23/sess02_subj23_EEG_MI.mat,7eb982af294f5ecb1ebf7dc635a66ba28795835a64c167dcfc9678d2099388dd,882708,Lee2019_MI,Q15-E007,BROAD_EEGNET,20260924,0.18849900364875793,0.8115009665489197,2
s23_2_offline_train_t063,23,2,offline_train,1,session2/s23/sess02_subj23_EEG_MI.mat,7eb982af294f5ecb1ebf7dc635a66ba28795835a64c167dcfc9678d2099388dd,893758,Lee2019_MI,Q15-E007,BROAD_EEGNET,20260924,0.5578225255012512,0.442177414894104,1
s23_2_offline_train_t064,23,2,offline_train,2,session2/s23/sess02_subj23_EEG_MI.mat,7eb982af294f5ecb1ebf7dc635a66ba28795835a64c167dcfc9678d2099388dd,904991,Lee2019_MI,Q15-E007,BROAD_EEGNET,20260924,0.1101425513625145,0.8898574709892273,2
s23_2_offline_train_t065,23,2,offline_train,2,session2/s23/sess02_subj23_EEG_MI.mat,7eb982af294f5ecb1ebf7dc635a66ba28795835a64c167dcfc9678d2099388dd,916424,Lee2019_MI,Q15-E007,BROAD_EEGNET,20260924,0.11731526255607605,0.8826847672462463,2
s23_2_offline_train_t066,23,2,offline_train,2,session2/s23/sess02_subj23_EEG_MI.mat,7eb982af294f5ecb1ebf7dc635a66ba28795835a64c167dcfc9678d2099388dd,927941,Lee2019_MI,Q15-E007,BROAD_EEGNET,20260924,0.028609927743673325,0.9713900685310364,2
s23_2_offline_train_t067,23,2,offline_train,2,session2/s23/sess02_subj23_EEG_MI.mat,7eb982af294f5ecb1ebf7dc635a66ba28795835a64c167dcfc9678d2099388dd,939074,Lee2019_MI,Q15-E007,BROAD_EEGNET,20260924,0.252616822719574,0.747383177280426,2
s23_2_offline_train_t068,23,2,offline_train,1,session2/s23/sess02_subj23_EEG_MI.mat,7eb982af294f5ecb1ebf7dc635a66ba28795835a64c167dcfc9678d2099388dd,949757,Lee2019_MI,Q15-E007,BROAD_EEGNET,20260924,0.4250452220439911,0.5749548077583313,2
s23_2_offline_train_t069,23,2,offline_train,1,session2/s23/sess02_subj23_EEG_MI.mat,7eb982af294f5ecb1ebf7dc635a66ba28795835a64c167dcfc9678d2099388dd,960440,Lee2019_MI,Q15-E007,BROAD_EEGNET,20260924,0.3428991436958313,0.6571007966995239,2
s23_2_offline_train_t070,23,2,offline_train,2,session2/s23/sess02_subj23_EEG_MI.mat,7eb982af294f5ecb1ebf7dc635a66ba28795835a64c167dcfc9678d2099388dd,971223,Lee2019_MI,Q15-E007,BROAD_EEGNET,20260924,0.11898946762084961,0.8810105323791504,2
s23_2_offline_train_t071,23,2,offline_train,1,session2/s23/sess02_subj23_EEG_MI.mat,7eb982af294f5ecb1ebf7dc635a66ba28795835a64c167dcfc9678d2099388dd,982640,Lee2019_MI,Q15-E007,BROAD_EEGNET,20260924,0.20976975560188293,0.7902302145957947,2
s23_2_offline_train_t072,23,2,offline_train,2,session2/s23/sess02_subj23_EEG_MI.mat,7eb982af294f5ecb1ebf7dc635a66ba28795835a64c167dcfc9678d2099388dd,993406,Lee2019_MI,Q15-E007,BROAD_EEGNET,20260924,0.03836940601468086,0.961630642414093,2
s23_2_offline_train_t073,23,2,offline_train,2,session2/s23/sess02_subj23_EEG_MI.mat,7eb982af294f5ecb1ebf7dc635a66ba28795835a64c167dcfc9678d2099388dd,1004739,Lee2019_MI,Q15-E007,BROAD_EEGNET,20260924,0.3460861146450043,0.6539138555526733,2
s23_2_offline_train_t074,23,2,offline_train,2,session2/s23/sess02_subj23_EEG_MI.mat,7eb982af294f5ecb1ebf7dc635a66ba28795835a64c167dcfc9678d2099388dd,1015523,Lee2019_MI,Q15-E007,BROAD_EEGNET,20260924,0.1529543101787567,0.8470457196235657,2
s23_2_offline_train_t075,23,2,offline_train,1,session2/s23/sess02_subj23_EEG_MI.mat,7eb982af294f5ecb1ebf7dc635a66ba28795835a64c167dcfc9678d2099388dd,1027039,Lee2019_MI,Q15-E007,BROAD_EEGNET,20260924,0.40329214930534363,0.596707820892334,2
s23_2_offline_train_t076,23,2,offline_train,2,session2/s23/sess02_subj23_EEG_MI.mat,7eb982af294f5ecb1ebf7dc635a66ba28795835a64c167dcfc9678d2099388dd,1037905,Lee2019_MI,Q15-E007,BROAD_EEGNET,20260924,0.423197478055954,0.5768025517463684,2
s23_2_offline_train_t077,23,2,offline_train,1,session2/s23/sess02_subj23_EEG_MI.mat,7eb982af294f5ecb1ebf7dc635a66ba28795835a64c167dcfc9678d2099388dd,1048672,Lee2019_MI,Q15-E007,BROAD_EEGNET,20260924,0.568496584892273,0.4315034747123718,1
s23_2_offline_train_t078,23,2,offline_train,1,session2/s23/sess02_subj23_EEG_MI.mat,7eb982af294f5ecb1ebf7dc635a66ba28795835a64c167dcfc9678d2099388dd,1059455,Lee2019_MI,Q15-E007,BROAD_EEGNET,20260924,0.2555810213088989,0.7444189786911011,2
s23_2_offline_train_t079,23,2,offline_train,2,session2/s23/sess02_subj23_EEG_MI.mat,7eb982af294f5ecb1ebf7dc635a66ba28795835a64c167dcfc9678d2099388dd,1070588,Lee2019_MI,Q15-E007,BROAD_EEGNET,20260924,0.2788011133670807,0.7211989164352417,2
s23_2_offline_train_t080,23,2,offline_train,2,session2/s23/sess02_subj23_EEG_MI.mat,7eb982af294f5ecb1ebf7dc635a66ba28795835a64c167dcfc9678d2099388dd,1081655,Lee2019_MI,Q15-E007,BROAD_EEGNET,20260924,0.4032425284385681,0.5967574715614319,2
s23_2_offline_train_t081,23,2,offline_train,2,session2/s23/sess02_subj23_EEG_MI.mat,7eb982af294f5ecb1ebf7dc635a66ba28795835a64c167dcfc9678d2099388dd,1092521,Lee2019_MI,Q15-E007,BROAD_EEGNET,20260924,0.2811542749404907,0.7188457250595093,2
s23_2_offline_train_t082,23,2,offline_train,1,session2/s23/sess02_subj23_EEG_MI.mat,7eb982af294f5ecb1ebf7dc635a66ba28795835a64c167dcfc9678d2099388dd,1103938,Lee2019_MI,Q15-E007,BROAD_EEGNET,20260924,0.7815080881118774,0.21849186718463898,1
s23_2_offline_train_t083,23,2,offline_train,2,session2/s23/sess02_subj23_EEG_MI.mat,7eb982af294f5ecb1ebf7dc635a66ba28795835a64c167dcfc9678d2099388dd,1115087,Lee2019_MI,Q15-E007,BROAD_EEGNET,20260924,0.10129225999116898,0.8987077474594116,2
s23_2_offline_train_t084,23,2,offline_train,2,session2/s23/sess02_subj23_EEG_MI.mat,7eb982af294f5ecb1ebf7dc635a66ba28795835a64c167dcfc9678d2099388dd,1126220,Lee2019_MI,Q15-E007,BROAD_EEGNET,20260924,0.09868916869163513,0.9013108015060425,2
s23_2_offline_train_t085,23,2,offline_train,1,session2/s23/sess02_subj23_EEG_MI.mat,7eb982af294f5ecb1ebf7dc635a66ba28795835a64c167dcfc9678d2099388dd,1137654,Lee2019_MI,Q15-E007,BROAD_EEGNET,20260924,0.7346327304840088,0.2653672695159912,1
s23_2_offline_train_t086,23,2,offline_train,2,session2/s23/sess02_subj23_EEG_MI.mat,7eb982af294f5ecb1ebf7dc635a66ba28795835a64c167dcfc9678d2099388dd,1148520,Lee2019_MI,Q15-E007,BROAD_EEGNET,20260924,0.4328806400299072,0.5671193599700928,2
s23_2_offline_train_t087,23,2,offline_train,1,session2/s23/sess02_subj23_EEG_MI.mat,7eb982af294f5ecb1ebf7dc635a66ba28795835a64c167dcfc9678d2099388dd,1159853,Lee2019_MI,Q15-E007,BROAD_EEGNET,20260924,0.26898670196533203,0.7310132384300232,2
s23_2_offline_train_t088,23,2,offline_train,2,session2/s23/sess02_subj23_EEG_MI.mat,7eb982af294f5ecb1ebf7dc635a66ba28795835a64c167dcfc9678d2099388dd,1171186,Lee2019_MI,Q15-E007,BROAD_EEGNET,20260924,0.5019916296005249,0.4980083703994751,1
s23_2_offline_train_t089,23,2,offline_train,2,session2/s23/sess02_subj23_EEG_MI.mat,7eb982af294f5ecb1ebf7dc635a66ba28795835a64c167dcfc9678d2099388dd,1182136,Lee2019_MI,Q15-E007,BROAD_EEGNET,20260924,0.8963353633880615,0.10366462916135788,1
s23_2_offline_train_t090,23,2,offline_train,2,session2/s23/sess02_subj23_EEG_MI.mat,7eb982af294f5ecb1ebf7dc635a66ba28795835a64c167dcfc9678d2099388dd,1193286,Lee2019_MI,Q15-E007,BROAD_EEGNET,20260924,0.17488369345664978,0.8251163363456726,2
s23_2_offline_train_t091,23,2,offline_train,2,session2/s23/sess02_subj23_EEG_MI.mat,7eb982af294f5ecb1ebf7dc635a66ba28795835a64c167dcfc9678d2099388dd,1203869,Lee2019_MI,Q15-E007,BROAD_EEGNET,20260924,0.06871336698532104,0.931286633014679,2
s23_2_offline_train_t092,23,2,offline_train,2,session2/s23/sess02_subj23_EEG_MI.mat,7eb982af294f5ecb1ebf7dc635a66ba28795835a64c167dcfc9678d2099388dd,1214469,Lee2019_MI,Q15-E007,BROAD_EEGNET,20260924,0.01670503243803978,0.9832949042320251,2
s23_2_offline_train_t093,23,2,offline_train,1,session2/s23/sess02_subj23_EEG_MI.mat,7eb982af294f5ecb1ebf7dc635a66ba28795835a64c167dcfc9678d2099388dd,1225519,Lee2019_MI,Q15-E007,BROAD_EEGNET,20260924,0.6457533836364746,0.3542466163635254,1
s23_2_offline_train_t094,23,2,offline_train,2,session2/s23/sess02_subj23_EEG_MI.mat,7eb982af294f5ecb1ebf7dc635a66ba28795835a64c167dcfc9678d2099388dd,1236852,Lee2019_MI,Q15-E007,BROAD_EEGNET,20260924,0.4193168580532074,0.580683171749115,2
s23_2_offline_train_t095,23,2,offline_train,1,session2/s23/sess02_subj23_EEG_MI.mat,7eb982af294f5ecb1ebf7dc635a66ba28795835a64c167dcfc9678d2099388dd,1248368,Lee2019_MI,Q15-E007,BROAD_EEGNET,20260924,0.8049232959747314,0.19507668912410736,1
s23_2_offline_train_t096,23,2,offline_train,1,session2/s23/sess02_subj23_EEG_MI.mat,7eb982af294f5ecb1ebf7dc635a66ba28795835a64c167dcfc9678d2099388dd,1259051,Lee2019_MI,Q15-E007,BROAD_EEGNET,20260924,0.7433417439460754,0.2566582262516022,1
s23_2_offline_train_t097,23,2,offline_train,2,session2/s23/sess02_subj23_EEG_MI.mat,7eb982af294f5ecb1ebf7dc635a66ba28795835a64c167dcfc9678d2099388dd,1270185,Lee2019_MI,Q15-E007,BROAD_EEGNET,20260924,0.30747202038764954,0.6925279498100281,2
s23_2_offline_train_t098,23,2,offline_train,1,session2/s23/sess02_subj23_EEG_MI.mat,7eb982af294f5ecb1ebf7dc635a66ba28795835a64c167dcfc9678d2099388dd,1281234,Lee2019_MI,Q15-E007,BROAD_EEGNET,20260924,0.5977805852890015,0.40221938490867615,1
s23_2_offline_train_t099,23,2,offline_train,2,session2/s23/sess02_subj23_EEG_MI.mat,7eb982af294f5ecb1ebf7dc635a66ba28795835a64c167dcfc9678d2099388dd,1291834,Lee2019_MI,Q15-E007,BROAD_EEGNET,20260924,0.7053946852684021,0.2946053147315979,1
s23_2_offline_train_t100,23,2,offline_train,2,session2/s23/sess02_subj23_EEG_MI.mat,7eb982af294f5ecb1ebf7dc635a66ba28795835a64c167dcfc9678d2099388dd,1302700,Lee2019_MI,Q15-E007,BROAD_EEGNET,20260924,0.06896235793828964,0.9310376048088074,2
s23_1_offline_train_t001,23,1,offline_train,1,session1/s23/sess01_subj23_EEG_MI.mat,4caeee5093a8313d1ebd6a1f3a0cb7b7596a6037ef136aa6c7de0a74c5fa3364,184778,Lee2019_MI,Q15-E007,BROAD_EEGNET,20260925,0.6628913879394531,0.3371085822582245,1
s23_1_offline_train_t002,23,1,offline_train,1,session1/s23/sess01_subj23_EEG_MI.mat,4caeee5093a8313d1ebd6a1f3a0cb7b7596a6037ef136aa6c7de0a74c5fa3364,195645,Lee2019_MI,Q15-E007,BROAD_EEGNET,20260925,0.8056934475898743,0.19430658221244812,1
s23_1_offline_train_t003,23,1,offline_train,1,session1/s23/sess01_subj23_EEG_MI.mat,4caeee5093a8313d1ebd6a1f3a0cb7b7596a6037ef136aa6c7de0a74c5fa3364,206512,Lee2019_MI,Q15-E007,BROAD_EEGNET,20260925,0.720575213432312,0.279424786567688,1
s23_1_offline_train_t004,23,1,offline_train,2,session1/s23/sess01_subj23_EEG_MI.mat,4caeee5093a8313d1ebd6a1f3a0cb7b7596a6037ef136aa6c7de0a74c5fa3364,217378,Lee2019_MI,Q15-E007,BROAD_EEGNET,20260925,0.6697721481323242,0.3302278220653534,1
s23_1_offline_train_t005,23,1,offline_train,2,session1/s23/sess01_subj23_EEG_MI.mat,4caeee5093a8313d1ebd6a1f3a0cb7b7596a6037ef136aa6c7de0a74c5fa3364,228428,Lee2019_MI,Q15-E007,BROAD_EEGNET,20260925,0.5334370732307434,0.466562956571579,1
s23_1_offline_train_t006,23,1,offline_train,1,session1/s23/sess01_subj23_EEG_MI.mat,4caeee5093a8313d1ebd6a1f3a0cb7b7596a6037ef136aa6c7de0a74c5fa3364,239678,Lee2019_MI,Q15-E007,BROAD_EEGNET,20260925,0.813048243522644,0.18695175647735596,1
s23_1_offline_train_t007,23,1,offline_train,1,session1/s23/sess01_subj23_EEG_MI.mat,4caeee5093a8313d1ebd6a1f3a0cb7b7596a6037ef136aa6c7de0a74c5fa3364,250261,Lee2019_MI,Q15-E007,BROAD_EEGNET,20260925,0.5582327842712402,0.44176721572875977,1
s23_1_offline_train_t008,23,1,offline_train,2,session1/s23/sess01_subj23_EEG_MI.mat,4caeee5093a8313d1ebd6a1f3a0cb7b7596a6037ef136aa6c7de0a74c5fa3364,261677,Lee2019_MI,Q15-E007,BROAD_EEGNET,20260925,0.3632434904575348,0.6367564797401428,2
s23_1_offline_train_t009,23,1,offline_train,2,session1/s23/sess01_subj23_EEG_MI.mat,4caeee5093a8313d1ebd6a1f3a0cb7b7596a6037ef136aa6c7de0a74c5fa3364,272827,Lee2019_MI,Q15-E007,BROAD_EEGNET,20260925,0.7189793586730957,0.2810206711292267,1
s23_1_offline_train_t010,23,1,offline_train,1,session1/s23/sess01_subj23_EEG_MI.mat,4caeee5093a8313d1ebd6a1f3a0cb7b7596a6037ef136aa6c7de0a74c5fa3364,284243,Lee2019_MI,Q15-E007,BROAD_EEGNET,20260925,0.8342714905738831,0.16572850942611694,1
s23_1_offline_train_t011,23,1,offline_train,2,session1/s23/sess01_subj23_EEG_MI.mat,4caeee5093a8313d1ebd6a1f3a0cb7b7596a6037ef136aa6c7de0a74c5fa3364,295110,Lee2019_MI,Q15-E007,BROAD_EEGNET,20260925,0.2739740312099457,0.7260259389877319,2
s23_1_offline_train_t012,23,1,offline_train,2,session1/s23/sess01_subj23_EEG_MI.mat,4caeee5093a8313d1ebd6a1f3a0cb7b7596a6037ef136aa6c7de0a74c5fa3364,306076,Lee2019_MI,Q15-E007,BROAD_EEGNET,20260925,0.7074767351150513,0.2925233244895935,1
s23_1_offline_train_t013,23,1,offline_train,1,session1/s23/sess01_subj23_EEG_MI.mat,4caeee5093a8313d1ebd6a1f3a0cb7b7596a6037ef136aa6c7de0a74c5fa3364,316659,Lee2019_MI,Q15-E007,BROAD_EEGNET,20260925,0.7589415907859802,0.24105840921401978,1
s23_1_offline_train_t014,23,1,offline_train,2,session1/s23/sess01_subj23_EEG_MI.mat,4caeee5093a8313d1ebd6a1f3a0cb7b7596a6037ef136aa6c7de0a74c5fa3364,327443,Lee2019_MI,Q15-E007,BROAD_EEGNET,20260925,0.8716650605201721,0.1283349245786667,1
s23_1_offline_train_t015,23,1,offline_train,1,session1/s23/sess01_subj23_EEG_MI.mat,4caeee5093a8313d1ebd6a1f3a0cb7b7596a6037ef136aa6c7de0a74c5fa3364,338676,Lee2019_MI,Q15-E007,BROAD_EEGNET,20260925,0.9388201832771301,0.06117977574467659,1
s23_1_offline_train_t016,23,1,offline_train,1,session1/s23/sess01_subj23_EEG_MI.mat,4caeee5093a8313d1ebd6a1f3a0cb7b7596a6037ef136aa6c7de0a74c5fa3364,349542,Lee2019_MI,Q15-E007,BROAD_EEGNET,20260925,0.6696738600730896,0.330326110124588,1
s23_1_offline_train_t017,23,1,offline_train,2,session1/s23/sess01_subj23_EEG_MI.mat,4caeee5093a8313d1ebd6a1f3a0cb7b7596a6037ef136aa6c7de0a74c5fa3364,360975,Lee2019_MI,Q15-E007,BROAD_EEGNET,20260925,0.3732375502586365,0.6267624497413635,2
s23_1_offline_train_t018,23,1,offline_train,2,session1/s23/sess01_subj23_EEG_MI.mat,4caeee5093a8313d1ebd6a1f3a0cb7b7596a6037ef136aa6c7de0a74c5fa3364,371642,Lee2019_MI,Q15-E007,BROAD_EEGNET,20260925,0.8945792317390442,0.10542076081037521,1
s23_1_offline_train_t019,23,1,offline_train,2,session1/s23/sess01_subj23_EEG_MI.mat,4caeee5093a8313d1ebd6a1f3a0cb7b7596a6037ef136aa6c7de0a74c5fa3364,383158,Lee2019_MI,Q15-E007,BROAD_EEGNET,20260925,0.6895018219947815,0.3104981780052185,1
s23_1_offline_train_t020,23,1,offline_train,1,session1/s23/sess01_subj23_EEG_MI.mat,4caeee5093a8313d1ebd6a1f3a0cb7b7596a6037ef136aa6c7de0a74c5fa3364,394225,Lee2019_MI,Q15-E007,BROAD_EEGNET,20260925,0.6782936453819275,0.3217063248157501,1
s23_1_offline_train_t021,23,1,offline_train,2,session1/s23/sess01_subj23_EEG_MI.mat,4caeee5093a8313d1ebd6a1f3a0cb7b7596a6037ef136aa6c7de0a74c5fa3364,405458,Lee2019_MI,Q15-E007,BROAD_EEGNET,20260925,0.29022085666656494,0.7097791433334351,2
s23_1_offline_train_t022,23,1,offline_train,2,session1/s23/sess01_subj23_EEG_MI.mat,4caeee5093a8313d1ebd6a1f3a0cb7b7596a6037ef136aa6c7de0a74c5fa3364,416974,Lee2019_MI,Q15-E007,BROAD_EEGNET,20260925,0.34692129492759705,0.6530787348747253,2
s23_1_offline_train_t023,23,1,offline_train,1,session1/s23/sess01_subj23_EEG_MI.mat,4caeee5093a8313d1ebd6a1f3a0cb7b7596a6037ef136aa6c7de0a74c5fa3364,427841,Lee2019_MI,Q15-E007,BROAD_EEGNET,20260925,0.9038318395614624,0.0961681380867958,1
s23_1_offline_train_t024,23,1,offline_train,2,session1/s23/sess01_subj23_EEG_MI.mat,4caeee5093a8313d1ebd6a1f3a0cb7b7596a6037ef136aa6c7de0a74c5fa3364,438807,Lee2019_MI,Q15-E007,BROAD_EEGNET,20260925,0.44353389739990234,0.5564661622047424,2
s23_1_offline_train_t025,23,1,offline_train,1,session1/s23/sess01_subj23_EEG_MI.mat,4caeee5093a8313d1ebd6a1f3a0cb7b7596a6037ef136aa6c7de0a74c5fa3364,449857,Lee2019_MI,Q15-E007,BROAD_EEGNET,20260925,0.90687495470047,0.09312499314546585,1
s23_1_offline_train_t026,23,1,offline_train,1,session1/s23/sess01_subj23_EEG_MI.mat,4caeee5093a8313d1ebd6a1f3a0cb7b7596a6037ef136aa6c7de0a74c5fa3364,461190,Lee2019_MI,Q15-E007,BROAD_EEGNET,20260925,0.6803534626960754,0.3196465075016022,1
s23_1_offline_train_t027,23,1,offline_train,1,session1/s23/sess01_subj23_EEG_MI.mat,4caeee5093a8313d1ebd6a1f3a0cb7b7596a6037ef136aa6c7de0a74c5fa3364,472523,Lee2019_MI,Q15-E007,BROAD_EEGNET,20260925,0.7516170740127563,0.24838292598724365,1
s23_1_offline_train_t028,23,1,offline_train,2,session1/s23/sess01_subj23_EEG_MI.mat,4caeee5093a8313d1ebd6a1f3a0cb7b7596a6037ef136aa6c7de0a74c5fa3364,483190,Lee2019_MI,Q15-E007,BROAD_EEGNET,20260925,0.5170660614967346,0.48293396830558777,1
s23_1_offline_train_t029,23,1,offline_train,1,session1/s23/sess01_subj23_EEG_MI.mat,4caeee5093a8313d1ebd6a1f3a0cb7b7596a6037ef136aa6c7de0a74c5fa3364,493873,Lee2019_MI,Q15-E007,BROAD_EEGNET,20260925,0.681064248085022,0.318935751914978,1
s23_1_offline_train_t030,23,1,offline_train,2,session1/s23/sess01_subj23_EEG_MI.mat,4caeee5093a8313d1ebd6a1f3a0cb7b7596a6037ef136aa6c7de0a74c5fa3364,504739,Lee2019_MI,Q15-E007,BROAD_EEGNET,20260925,0.23271740972995758,0.7672826051712036,2
s23_1_offline_train_t031,23,1,offline_train,1,session1/s23/sess01_subj23_EEG_MI.mat,4caeee5093a8313d1ebd6a1f3a0cb7b7596a6037ef136aa6c7de0a74c5fa3364,515339,Lee2019_MI,Q15-E007,BROAD_EEGNET,20260925,0.9326530694961548,0.06734694540500641,1
s23_1_offline_train_t032,23,1,offline_train,1,session1/s23/sess01_subj23_EEG_MI.mat,4caeee5093a8313d1ebd6a1f3a0cb7b7596a6037ef136aa6c7de0a74c5fa3364,526389,Lee2019_MI,Q15-E007,BROAD_EEGNET,20260925,0.6432007551193237,0.35679924488067627,1
s23_1_offline_train_t033,23,1,offline_train,2,session1/s23/sess01_subj23_EEG_MI.mat,4caeee5093a8313d1ebd6a1f3a0cb7b7596a6037ef136aa6c7de0a74c5fa3364,537255,Lee2019_MI,Q15-E007,BROAD_EEGNET,20260925,0.6271471977233887,0.37285277247428894,1
s23_1_offline_train_t034,23,1,offline_train,1,session1/s23/sess01_subj23_EEG_MI.mat,4caeee5093a8313d1ebd6a1f3a0cb7b7596a6037ef136aa6c7de0a74c5fa3364,548022,Lee2019_MI,Q15-E007,BROAD_EEGNET,20260925,0.36276718974113464,0.6372328400611877,2
s23_1_offline_train_t035,23,1,offline_train,1,session1/s23/sess01_subj23_EEG_MI.mat,4caeee5093a8313d1ebd6a1f3a0cb7b7596a6037ef136aa6c7de0a74c5fa3364,558804,Lee2019_MI,Q15-E007,BROAD_EEGNET,20260925,0.8489317893981934,0.15106822550296783,1
s23_1_offline_train_t036,23,1,offline_train,1,session1/s23/sess01_subj23_EEG_MI.mat,4caeee5093a8313d1ebd6a1f3a0cb7b7596a6037ef136aa6c7de0a74c5fa3364,570221,Lee2019_MI,Q15-E007,BROAD_EEGNET,20260925,0.6015051603317261,0.3984948694705963,1
s23_1_offline_train_t037,23,1,offline_train,2,session1/s23/sess01_subj23_EEG_MI.mat,4caeee5093a8313d1ebd6a1f3a0cb7b7596a6037ef136aa6c7de0a74c5fa3364,581454,Lee2019_MI,Q15-E007,BROAD_EEGNET,20260925,0.6837009191513062,0.31629911065101624,1
s23_1_offline_train_t038,23,1,offline_train,1,session1/s23/sess01_subj23_EEG_MI.mat,4caeee5093a8313d1ebd6a1f3a0cb7b7596a6037ef136aa6c7de0a74c5fa3364,592521,Lee2019_MI,Q15-E007,BROAD_EEGNET,20260925,0.8436204195022583,0.1563796103000641,1
s23_1_offline_train_t039,23,1,offline_train,1,session1/s23/sess01_subj23_EEG_MI.mat,4caeee5093a8313d1ebd6a1f3a0cb7b7596a6037ef136aa6c7de0a74c5fa3364,604037,Lee2019_MI,Q15-E007,BROAD_EEGNET,20260925,0.9545202255249023,0.04547981545329094,1
s23_1_offline_train_t040,23,1,offline_train,1,session1/s23/sess01_subj23_EEG_MI.mat,4caeee5093a8313d1ebd6a1f3a0cb7b7596a6037ef136aa6c7de0a74c5fa3364,614703,Lee2019_MI,Q15-E007,BROAD_EEGNET,20260925,0.7970911264419556,0.20290887355804443,1
s23_1_offline_train_t041,23,1,offline_train,2,session1/s23/sess01_subj23_EEG_MI.mat,4caeee5093a8313d1ebd6a1f3a0cb7b7596a6037ef136aa6c7de0a74c5fa3364,626037,Lee2019_MI,Q15-E007,BROAD_EEGNET,20260925,0.3244875371456146,0.675512433052063,2
s23_1_offline_train_t042,23,1,offline_train,2,session1/s23/sess01_subj23_EEG_MI.mat,4caeee5093a8313d1ebd6a1f3a0cb7b7596a6037ef136aa6c7de0a74c5fa3364,637370,Lee2019_MI,Q15-E007,BROAD_EEGNET,20260925,0.19641366600990295,0.8035863041877747,2
s23_1_offline_train_t043,23,1,offline_train,2,session1/s23/sess01_subj23_EEG_MI.mat,4caeee5093a8313d1ebd6a1f3a0cb7b7596a6037ef136aa6c7de0a74c5fa3364,648520,Lee2019_MI,Q15-E007,BROAD_EEGNET,20260925,0.4054056406021118,0.5945942997932434,2
s23_1_offline_train_t044,23,1,offline_train,1,session1/s23/sess01_subj23_EEG_MI.mat,4caeee5093a8313d1ebd6a1f3a0cb7b7596a6037ef136aa6c7de0a74c5fa3364,659286,Lee2019_MI,Q15-E007,BROAD_EEGNET,20260925,0.8181958198547363,0.18180423974990845,1
s23_1_offline_train_t045,23,1,offline_train,2,session1/s23/sess01_subj23_EEG_MI.mat,4caeee5093a8313d1ebd6a1f3a0cb7b7596a6037ef136aa6c7de0a74c5fa3364,670435,Lee2019_MI,Q15-E007,BROAD_EEGNET,20260925,0.549715518951416,0.45028451085090637,1
s23_1_offline_train_t046,23,1,offline_train,2,session1/s23/sess01_subj23_EEG_MI.mat,4caeee5093a8313d1ebd6a1f3a0cb7b7596a6037ef136aa6c7de0a74c5fa3364,681302,Lee2019_MI,Q15-E007,BROAD_EEGNET,20260925,0.5621543526649475,0.4378456771373749,1
s23_1_offline_train_t047,23,1,offline_train,2,session1/s23/sess01_subj23_EEG_MI.mat,4caeee5093a8313d1ebd6a1f3a0cb7b7596a6037ef136aa6c7de0a74c5fa3364,691985,Lee2019_MI,Q15-E007,BROAD_EEGNET,20260925,0.3914191722869873,0.6085808277130127,2
s23_1_offline_train_t048,23,1,offline_train,1,session1/s23/sess01_subj23_EEG_MI.mat,4caeee5093a8313d1ebd6a1f3a0cb7b7596a6037ef136aa6c7de0a74c5fa3364,702752,Lee2019_MI,Q15-E007,BROAD_EEGNET,20260925,0.7975419163703918,0.20245814323425293,1
s23_1_offline_train_t049,23,1,offline_train,2,session1/s23/sess01_subj23_EEG_MI.mat,4caeee5093a8313d1ebd6a1f3a0cb7b7596a6037ef136aa6c7de0a74c5fa3364,714185,Lee2019_MI,Q15-E007,BROAD_EEGNET,20260925,0.3831867277622223,0.6168133020401001,2
s23_1_offline_train_t050,23,1,offline_train,1,session1/s23/sess01_subj23_EEG_MI.mat,4caeee5093a8313d1ebd6a1f3a0cb7b7596a6037ef136aa6c7de0a74c5fa3364,762101,Lee2019_MI,Q15-E007,BROAD_EEGNET,20260925,0.494749516248703,0.5052504539489746,2
s23_1_offline_train_t051,23,1,offline_train,2,session1/s23/sess01_subj23_EEG_MI.mat,4caeee5093a8313d1ebd6a1f3a0cb7b7596a6037ef136aa6c7de0a74c5fa3364,772884,Lee2019_MI,Q15-E007,BROAD_EEGNET,20260925,0.5935268998146057,0.4064730703830719,1
s23_1_offline_train_t052,23,1,offline_train,2,session1/s23/sess01_subj23_EEG_MI.mat,4caeee5093a8313d1ebd6a1f3a0cb7b7596a6037ef136aa6c7de0a74c5fa3364,783467,Lee2019_MI,Q15-E007,BROAD_EEGNET,20260925,0.6336367726325989,0.36636319756507874,1
s23_1_offline_train_t053,23,1,offline_train,2,session1/s23/sess01_subj23_EEG_MI.mat,4caeee5093a8313d1ebd6a1f3a0cb7b7596a6037ef136aa6c7de0a74c5fa3364,794433,Lee2019_MI,Q15-E007,BROAD_EEGNET,20260925,0.6643050909042358,0.33569493889808655,1
s23_1_offline_train_t054,23,1,offline_train,2,session1/s23/sess01_subj23_EEG_MI.mat,4caeee5093a8313d1ebd6a1f3a0cb7b7596a6037ef136aa6c7de0a74c5fa3364,805017,Lee2019_MI,Q15-E007,BROAD_EEGNET,20260925,0.37779122591018677,0.6222087740898132,2
s23_1_offline_train_t055,23,1,offline_train,1,session1/s23/sess01_subj23_EEG_MI.mat,4caeee5093a8313d1ebd6a1f3a0cb7b7596a6037ef136aa6c7de0a74c5fa3364,816450,Lee2019_MI,Q15-E007,BROAD_EEGNET,20260925,0.6688754558563232,0.331124484539032,1
s23_1_offline_train_t056,23,1,offline_train,1,session1/s23/sess01_subj23_EEG_MI.mat,4caeee5093a8313d1ebd6a1f3a0cb7b7596a6037ef136aa6c7de0a74c5fa3364,827216,Lee2019_MI,Q15-E007,BROAD_EEGNET,20260925,0.9018107056617737,0.09818925708532333,1
s23_1_offline_train_t057,23,1,offline_train,1,session1/s23/sess01_subj23_EEG_MI.mat,4caeee5093a8313d1ebd6a1f3a0cb7b7596a6037ef136aa6c7de0a74c5fa3364,837899,Lee2019_MI,Q15-E007,BROAD_EEGNET,20260925,0.5920495390892029,0.4079504609107971,1
s23_1_offline_train_t058,23,1,offline_train,2,session1/s23/sess01_subj23_EEG_MI.mat,4caeee5093a8313d1ebd6a1f3a0cb7b7596a6037ef136aa6c7de0a74c5fa3364,848766,Lee2019_MI,Q15-E007,BROAD_EEGNET,20260925,0.762593150138855,0.23740683495998383,1
s23_1_offline_train_t059,23,1,offline_train,1,session1/s23/sess01_subj23_EEG_MI.mat,4caeee5093a8313d1ebd6a1f3a0cb7b7596a6037ef136aa6c7de0a74c5fa3364,859816,Lee2019_MI,Q15-E007,BROAD_EEGNET,20260925,0.9681310653686523,0.03186890110373497,1
s23_1_offline_train_t060,23,1,offline_train,1,session1/s23/sess01_subj23_EEG_MI.mat,4caeee5093a8313d1ebd6a1f3a0cb7b7596a6037ef136aa6c7de0a74c5fa3364,870499,Lee2019_MI,Q15-E007,BROAD_EEGNET,20260925,0.810794472694397,0.18920549750328064,1
s23_1_offline_train_t061,23,1,offline_train,1,session1/s23/sess01_subj23_EEG_MI.mat,4caeee5093a8313d1ebd6a1f3a0cb7b7596a6037ef136aa6c7de0a74c5fa3364,882015,Lee2019_MI,Q15-E007,BROAD_EEGNET,20260925,0.6731609106063843,0.3268391191959381,1
s23_1_offline_train_t062,23,1,offline_train,2,session1/s23/sess01_subj23_EEG_MI.mat,4caeee5093a8313d1ebd6a1f3a0cb7b7596a6037ef136aa6c7de0a74c5fa3364,892882,Lee2019_MI,Q15-E007,BROAD_EEGNET,20260925,0.3101082444190979,0.6898916959762573,2
s23_1_offline_train_t063,23,1,offline_train,1,session1/s23/sess01_subj23_EEG_MI.mat,4caeee5093a8313d1ebd6a1f3a0cb7b7596a6037ef136aa6c7de0a74c5fa3364,903748,Lee2019_MI,Q15-E007,BROAD_EEGNET,20260925,0.7530069947242737,0.24699294567108154,1
s23_1_offline_train_t064,23,1,offline_train,1,session1/s23/sess01_subj23_EEG_MI.mat,4caeee5093a8313d1ebd6a1f3a0cb7b7596a6037ef136aa6c7de0a74c5fa3364,914330,Lee2019_MI,Q15-E007,BROAD_EEGNET,20260925,0.734347939491272,0.265652060508728,1
s23_1_offline_train_t065,23,1,offline_train,1,session1/s23/sess01_subj23_EEG_MI.mat,4caeee5093a8313d1ebd6a1f3a0cb7b7596a6037ef136aa6c7de0a74c5fa3364,925198,Lee2019_MI,Q15-E007,BROAD_EEGNET,20260925,0.6065887808799744,0.39341121912002563,1
s23_1_offline_train_t066,23,1,offline_train,2,session1/s23/sess01_subj23_EEG_MI.mat,4caeee5093a8313d1ebd6a1f3a0cb7b7596a6037ef136aa6c7de0a74c5fa3364,935798,Lee2019_MI,Q15-E007,BROAD_EEGNET,20260925,0.4502526819705963,0.5497472882270813,2
s23_1_offline_train_t067,23,1,offline_train,2,session1/s23/sess01_subj23_EEG_MI.mat,4caeee5093a8313d1ebd6a1f3a0cb7b7596a6037ef136aa6c7de0a74c5fa3364,946847,Lee2019_MI,Q15-E007,BROAD_EEGNET,20260925,0.8609336614608765,0.13906630873680115,1
s23_1_offline_train_t068,23,1,offline_train,2,session1/s23/sess01_subj23_EEG_MI.mat,4caeee5093a8313d1ebd6a1f3a0cb7b7596a6037ef136aa6c7de0a74c5fa3364,958180,Lee2019_MI,Q15-E007,BROAD_EEGNET,20260925,0.32702475786209106,0.6729752421379089,2
s23_1_offline_train_t069,23,1,offline_train,1,session1/s23/sess01_subj23_EEG_MI.mat,4caeee5093a8313d1ebd6a1f3a0cb7b7596a6037ef136aa6c7de0a74c5fa3364,969313,Lee2019_MI,Q15-E007,BROAD_EEGNET,20260925,0.758994996547699,0.24100495874881744,1
s23_1_offline_train_t070,23,1,offline_train,2,session1/s23/sess01_subj23_EEG_MI.mat,4caeee5093a8313d1ebd6a1f3a0cb7b7596a6037ef136aa6c7de0a74c5fa3364,979997,Lee2019_MI,Q15-E007,BROAD_EEGNET,20260925,0.8301268815994263,0.1698731780052185,1
s23_1_offline_train_t071,23,1,offline_train,2,session1/s23/sess01_subj23_EEG_MI.mat,4caeee5093a8313d1ebd6a1f3a0cb7b7596a6037ef136aa6c7de0a74c5fa3364,990596,Lee2019_MI,Q15-E007,BROAD_EEGNET,20260925,0.46918410062789917,0.5308158993721008,2
s23_1_offline_train_t072,23,1,offline_train,2,session1/s23/sess01_subj23_EEG_MI.mat,4caeee5093a8313d1ebd6a1f3a0cb7b7596a6037ef136aa6c7de0a74c5fa3364,1001912,Lee2019_MI,Q15-E007,BROAD_EEGNET,20260925,0.33632901310920715,0.6636710166931152,2
s23_1_offline_train_t073,23,1,offline_train,2,session1/s23/sess01_subj23_EEG_MI.mat,4caeee5093a8313d1ebd6a1f3a0cb7b7596a6037ef136aa6c7de0a74c5fa3364,1013346,Lee2019_MI,Q15-E007,BROAD_EEGNET,20260925,0.5877587199211121,0.41224125027656555,1
s23_1_offline_train_t074,23,1,offline_train,1,session1/s23/sess01_subj23_EEG_MI.mat,4caeee5093a8313d1ebd6a1f3a0cb7b7596a6037ef136aa6c7de0a74c5fa3364,1024396,Lee2019_MI,Q15-E007,BROAD_EEGNET,20260925,0.8270948529243469,0.17290517687797546,1
s23_1_offline_train_t075,23,1,offline_train,1,session1/s23/sess01_subj23_EEG_MI.mat,4caeee5093a8313d1ebd6a1f3a0cb7b7596a6037ef136aa6c7de0a74c5fa3364,1035079,Lee2019_MI,Q15-E007,BROAD_EEGNET,20260925,0.5421854257583618,0.45781463384628296,1
s23_1_offline_train_t076,23,1,offline_train,1,session1/s23/sess01_subj23_EEG_MI.mat,4caeee5093a8313d1ebd6a1f3a0cb7b7596a6037ef136aa6c7de0a74c5fa3364,1046412,Lee2019_MI,Q15-E007,BROAD_EEGNET,20260925,0.5725805759429932,0.4274194538593292,1
s23_1_offline_train_t077,23,1,offline_train,2,session1/s23/sess01_subj23_EEG_MI.mat,4caeee5093a8313d1ebd6a1f3a0cb7b7596a6037ef136aa6c7de0a74c5fa3364,1057279,Lee2019_MI,Q15-E007,BROAD_EEGNET,20260925,0.7316734194755554,0.2683265805244446,1
s23_1_offline_train_t078,23,1,offline_train,1,session1/s23/sess01_subj23_EEG_MI.mat,4caeee5093a8313d1ebd6a1f3a0cb7b7596a6037ef136aa6c7de0a74c5fa3364,1068145,Lee2019_MI,Q15-E007,BROAD_EEGNET,20260925,0.5719891786575317,0.4280107915401459,1
s23_1_offline_train_t079,23,1,offline_train,1,session1/s23/sess01_subj23_EEG_MI.mat,4caeee5093a8313d1ebd6a1f3a0cb7b7596a6037ef136aa6c7de0a74c5fa3364,1079478,Lee2019_MI,Q15-E007,BROAD_EEGNET,20260925,0.6490768790245056,0.3509231209754944,1
s23_1_offline_train_t080,23,1,offline_train,1,session1/s23/sess01_subj23_EEG_MI.mat,4caeee5093a8313d1ebd6a1f3a0cb7b7596a6037ef136aa6c7de0a74c5fa3364,1090061,Lee2019_MI,Q15-E007,BROAD_EEGNET,20260925,0.8548347353935242,0.14516520500183105,1
s23_1_offline_train_t081,23,1,offline_train,2,session1/s23/sess01_subj23_EEG_MI.mat,4caeee5093a8313d1ebd6a1f3a0cb7b7596a6037ef136aa6c7de0a74c5fa3364,1100644,Lee2019_MI,Q15-E007,BROAD_EEGNET,20260925,0.5210427045822144,0.47895732522010803,1
s23_1_offline_train_t082,23,1,offline_train,1,session1/s23/sess01_subj23_EEG_MI.mat,4caeee5093a8313d1ebd6a1f3a0cb7b7596a6037ef136aa6c7de0a74c5fa3364,1111894,Lee2019_MI,Q15-E007,BROAD_EEGNET,20260925,0.41467925906181335,0.5853207111358643,2
s23_1_offline_train_t083,23,1,offline_train,2,session1/s23/sess01_subj23_EEG_MI.mat,4caeee5093a8313d1ebd6a1f3a0cb7b7596a6037ef136aa6c7de0a74c5fa3364,1123027,Lee2019_MI,Q15-E007,BROAD_EEGNET,20260925,0.7235493063926697,0.2764506936073303,1
s23_1_offline_train_t084,23,1,offline_train,1,session1/s23/sess01_subj23_EEG_MI.mat,4caeee5093a8313d1ebd6a1f3a0cb7b7596a6037ef136aa6c7de0a74c5fa3364,1134077,Lee2019_MI,Q15-E007,BROAD_EEGNET,20260925,0.6892999410629272,0.31070002913475037,1
s23_1_offline_train_t085,23,1,offline_train,2,session1/s23/sess01_subj23_EEG_MI.mat,4caeee5093a8313d1ebd6a1f3a0cb7b7596a6037ef136aa6c7de0a74c5fa3364,1145327,Lee2019_MI,Q15-E007,BROAD_EEGNET,20260925,0.7787288427352905,0.22127118706703186,1
s23_1_offline_train_t086,23,1,offline_train,2,session1/s23/sess01_subj23_EEG_MI.mat,4caeee5093a8313d1ebd6a1f3a0cb7b7596a6037ef136aa6c7de0a74c5fa3364,1156560,Lee2019_MI,Q15-E007,BROAD_EEGNET,20260925,0.15454940497875214,0.8454505801200867,2
s23_1_offline_train_t087,23,1,offline_train,1,session1/s23/sess01_subj23_EEG_MI.mat,4caeee5093a8313d1ebd6a1f3a0cb7b7596a6037ef136aa6c7de0a74c5fa3364,1167893,Lee2019_MI,Q15-E007,BROAD_EEGNET,20260925,0.8412298560142517,0.15877017378807068,1
s23_1_offline_train_t088,23,1,offline_train,2,session1/s23/sess01_subj23_EEG_MI.mat,4caeee5093a8313d1ebd6a1f3a0cb7b7596a6037ef136aa6c7de0a74c5fa3364,1178760,Lee2019_MI,Q15-E007,BROAD_EEGNET,20260925,0.47704726457595825,0.5229527354240417,2
s23_1_offline_train_t089,23,1,offline_train,2,session1/s23/sess01_subj23_EEG_MI.mat,4caeee5093a8313d1ebd6a1f3a0cb7b7596a6037ef136aa6c7de0a74c5fa3364,1189993,Lee2019_MI,Q15-E007,BROAD_EEGNET,20260925,0.4512547552585602,0.5487452149391174,2
s23_1_offline_train_t090,23,1,offline_train,2,session1/s23/sess01_subj23_EEG_MI.mat,4caeee5093a8313d1ebd6a1f3a0cb7b7596a6037ef136aa6c7de0a74c5fa3364,1201142,Lee2019_MI,Q15-E007,BROAD_EEGNET,20260925,0.9709272980690002,0.02907268889248371,1
s23_1_offline_train_t091,23,1,offline_train,1,session1/s23/sess01_subj23_EEG_MI.mat,4caeee5093a8313d1ebd6a1f3a0cb7b7596a6037ef136aa6c7de0a74c5fa3364,1212109,Lee2019_MI,Q15-E007,BROAD_EEGNET,20260925,0.5900467038154602,0.409953236579895,1
s23_1_offline_train_t092,23,1,offline_train,1,session1/s23/sess01_subj23_EEG_MI.mat,4caeee5093a8313d1ebd6a1f3a0cb7b7596a6037ef136aa6c7de0a74c5fa3364,1222692,Lee2019_MI,Q15-E007,BROAD_EEGNET,20260925,0.7538549900054932,0.24614503979682922,1
s23_1_offline_train_t093,23,1,offline_train,2,session1/s23/sess01_subj23_EEG_MI.mat,4caeee5093a8313d1ebd6a1f3a0cb7b7596a6037ef136aa6c7de0a74c5fa3364,1234025,Lee2019_MI,Q15-E007,BROAD_EEGNET,20260925,0.2719185948371887,0.7280814051628113,2
s23_1_offline_train_t094,23,1,offline_train,1,session1/s23/sess01_subj23_EEG_MI.mat,4caeee5093a8313d1ebd6a1f3a0cb7b7596a6037ef136aa6c7de0a74c5fa3364,1244891,Lee2019_MI,Q15-E007,BROAD_EEGNET,20260925,0.5184988379478455,0.48150119185447693,1
s23_1_offline_train_t095,23,1,offline_train,2,session1/s23/sess01_subj23_EEG_MI.mat,4caeee5093a8313d1ebd6a1f3a0cb7b7596a6037ef136aa6c7de0a74c5fa3364,1256041,Lee2019_MI,Q15-E007,BROAD_EEGNET,20260925,0.7049625515937805,0.2950374484062195,1
s23_1_offline_train_t096,23,1,offline_train,2,session1/s23/sess01_subj23_EEG_MI.mat,4caeee5093a8313d1ebd6a1f3a0cb7b7596a6037ef136aa6c7de0a74c5fa3364,1267358,Lee2019_MI,Q15-E007,BROAD_EEGNET,20260925,0.8825030326843262,0.11749696731567383,1
s23_1_offline_train_t097,23,1,offline_train,1,session1/s23/sess01_subj23_EEG_MI.mat,4caeee5093a8313d1ebd6a1f3a0cb7b7596a6037ef136aa6c7de0a74c5fa3364,1278041,Lee2019_MI,Q15-E007,BROAD_EEGNET,20260925,0.9676802158355713,0.03231978416442871,1
s23_1_offline_train_t098,23,1,offline_train,1,session1/s23/sess01_subj23_EEG_MI.mat,4caeee5093a8313d1ebd6a1f3a0cb7b7596a6037ef136aa6c7de0a74c5fa3364,1288724,Lee2019_MI,Q15-E007,BROAD_EEGNET,20260925,0.8802046179771423,0.11979532986879349,1
s23_1_offline_train_t099,23,1,offline_train,2,session1/s23/sess01_subj23_EEG_MI.mat,4caeee5093a8313d1ebd6a1f3a0cb7b7596a6037ef136aa6c7de0a74c5fa3364,1299874,Lee2019_MI,Q15-E007,BROAD_EEGNET,20260925,0.7930757999420166,0.2069241851568222,1
s23_1_offline_train_t100,23,1,offline_train,2,session1/s23/sess01_subj23_EEG_MI.mat,4caeee5093a8313d1ebd6a1f3a0cb7b7596a6037ef136aa6c7de0a74c5fa3364,1310923,Lee2019_MI,Q15-E007,BROAD_EEGNET,20260925,0.7427482008934021,0.2572517991065979,1
s23_2_offline_train_t001,23,2,offline_train,1,session2/s23/sess02_subj23_EEG_MI.mat,7eb982af294f5ecb1ebf7dc635a66ba28795835a64c167dcfc9678d2099388dd,150456,Lee2019_MI,Q15-E007,BROAD_EEGNET,20260925,0.6251251101493835,0.37487488985061646,1
s23_2_offline_train_t002,23,2,offline_train,2,session2/s23/sess02_subj23_EEG_MI.mat,7eb982af294f5ecb1ebf7dc635a66ba28795835a64c167dcfc9678d2099388dd,161872,Lee2019_MI,Q15-E007,BROAD_EEGNET,20260925,0.4216470718383789,0.5783529281616211,2
s23_2_offline_train_t003,23,2,offline_train,1,session2/s23/sess02_subj23_EEG_MI.mat,7eb982af294f5ecb1ebf7dc635a66ba28795835a64c167dcfc9678d2099388dd,172555,Lee2019_MI,Q15-E007,BROAD_EEGNET,20260925,0.6776056885719299,0.32239431142807007,1
s23_2_offline_train_t004,23,2,offline_train,1,session2/s23/sess02_subj23_EEG_MI.mat,7eb982af294f5ecb1ebf7dc635a66ba28795835a64c167dcfc9678d2099388dd,183988,Lee2019_MI,Q15-E007,BROAD_EEGNET,20260925,0.6972342729568481,0.30276569724082947,1
s23_2_offline_train_t005,23,2,offline_train,2,session2/s23/sess02_subj23_EEG_MI.mat,7eb982af294f5ecb1ebf7dc635a66ba28795835a64c167dcfc9678d2099388dd,195121,Lee2019_MI,Q15-E007,BROAD_EEGNET,20260925,0.4061117470264435,0.5938882231712341,2
s23_2_offline_train_t006,23,2,offline_train,2,session2/s23/sess02_subj23_EEG_MI.mat,7eb982af294f5ecb1ebf7dc635a66ba28795835a64c167dcfc9678d2099388dd,205805,Lee2019_MI,Q15-E007,BROAD_EEGNET,20260925,0.22785860300064087,0.7721414566040039,2
s23_2_offline_train_t007,23,2,offline_train,1,session2/s23/sess02_subj23_EEG_MI.mat,7eb982af294f5ecb1ebf7dc635a66ba28795835a64c167dcfc9678d2099388dd,216671,Lee2019_MI,Q15-E007,BROAD_EEGNET,20260925,0.8974739909172058,0.10252593457698822,1
s23_2_offline_train_t008,23,2,offline_train,2,session2/s23/sess02_subj23_EEG_MI.mat,7eb982af294f5ecb1ebf7dc635a66ba28795835a64c167dcfc9678d2099388dd,227721,Lee2019_MI,Q15-E007,BROAD_EEGNET,20260925,0.4604804217815399,0.5395196080207825,2
s23_2_offline_train_t009,23,2,offline_train,1,session2/s23/sess02_subj23_EEG_MI.mat,7eb982af294f5ecb1ebf7dc635a66ba28795835a64c167dcfc9678d2099388dd,239237,Lee2019_MI,Q15-E007,BROAD_EEGNET,20260925,0.4631091356277466,0.5368908643722534,2
s23_2_offline_train_t010,23,2,offline_train,1,session2/s23/sess02_subj23_EEG_MI.mat,7eb982af294f5ecb1ebf7dc635a66ba28795835a64c167dcfc9678d2099388dd,250754,Lee2019_MI,Q15-E007,BROAD_EEGNET,20260925,0.6690022945404053,0.33099767565727234,1
s23_2_offline_train_t011,23,2,offline_train,2,session2/s23/sess02_subj23_EEG_MI.mat,7eb982af294f5ecb1ebf7dc635a66ba28795835a64c167dcfc9678d2099388dd,261437,Lee2019_MI,Q15-E007,BROAD_EEGNET,20260925,0.29437583684921265,0.7056241631507874,2
s23_2_offline_train_t012,23,2,offline_train,2,session2/s23/sess02_subj23_EEG_MI.mat,7eb982af294f5ecb1ebf7dc635a66ba28795835a64c167dcfc9678d2099388dd,272953,Lee2019_MI,Q15-E007,BROAD_EEGNET,20260925,0.3691379129886627,0.6308621168136597,2
s23_2_offline_train_t013,23,2,offline_train,1,session2/s23/sess02_subj23_EEG_MI.mat,7eb982af294f5ecb1ebf7dc635a66ba28795835a64c167dcfc9678d2099388dd,284470,Lee2019_MI,Q15-E007,BROAD_EEGNET,20260925,0.7172682285308838,0.282731831073761,1
s23_2_offline_train_t014,23,2,offline_train,1,session2/s23/sess02_subj23_EEG_MI.mat,7eb982af294f5ecb1ebf7dc635a66ba28795835a64c167dcfc9678d2099388dd,295519,Lee2019_MI,Q15-E007,BROAD_EEGNET,20260925,0.6864957809448242,0.313504159450531,1
s23_2_offline_train_t015,23,2,offline_train,2,session2/s23/sess02_subj23_EEG_MI.mat,7eb982af294f5ecb1ebf7dc635a66ba28795835a64c167dcfc9678d2099388dd,306853,Lee2019_MI,Q15-E007,BROAD_EEGNET,20260925,0.4776346981525421,0.5223653316497803,2
s23_2_offline_train_t016,23,2,offline_train,1,session2/s23/sess02_subj23_EEG_MI.mat,7eb982af294f5ecb1ebf7dc635a66ba28795835a64c167dcfc9678d2099388dd,317536,Lee2019_MI,Q15-E007,BROAD_EEGNET,20260925,0.6613560318946838,0.3386439383029938,1
s23_2_offline_train_t017,23,2,offline_train,1,session2/s23/sess02_subj23_EEG_MI.mat,7eb982af294f5ecb1ebf7dc635a66ba28795835a64c167dcfc9678d2099388dd,328502,Lee2019_MI,Q15-E007,BROAD_EEGNET,20260925,0.8542954325675964,0.14570453763008118,1
s23_2_offline_train_t018,23,2,offline_train,1,session2/s23/sess02_subj23_EEG_MI.mat,7eb982af294f5ecb1ebf7dc635a66ba28795835a64c167dcfc9678d2099388dd,340019,Lee2019_MI,Q15-E007,BROAD_EEGNET,20260925,0.4539799690246582,0.5460200905799866,2
s23_2_offline_train_t019,23,2,offline_train,1,session2/s23/sess02_subj23_EEG_MI.mat,7eb982af294f5ecb1ebf7dc635a66ba28795835a64c167dcfc9678d2099388dd,351352,Lee2019_MI,Q15-E007,BROAD_EEGNET,20260925,0.24563755095005035,0.7543624043464661,2
s23_2_offline_train_t020,23,2,offline_train,2,session2/s23/sess02_subj23_EEG_MI.mat,7eb982af294f5ecb1ebf7dc635a66ba28795835a64c167dcfc9678d2099388dd,362868,Lee2019_MI,Q15-E007,BROAD_EEGNET,20260925,0.6209681630134583,0.37903180718421936,1
s23_2_offline_train_t021,23,2,offline_train,2,session2/s23/sess02_subj23_EEG_MI.mat,7eb982af294f5ecb1ebf7dc635a66ba28795835a64c167dcfc9678d2099388dd,374101,Lee2019_MI,Q15-E007,BROAD_EEGNET,20260925,0.3783518373966217,0.6216481924057007,2
s23_2_offline_train_t022,23,2,offline_train,1,session2/s23/sess02_subj23_EEG_MI.mat,7eb982af294f5ecb1ebf7dc635a66ba28795835a64c167dcfc9678d2099388dd,384685,Lee2019_MI,Q15-E007,BROAD_EEGNET,20260925,0.3840595483779907,0.6159404516220093,2
s23_2_offline_train_t023,23,2,offline_train,2,session2/s23/sess02_subj23_EEG_MI.mat,7eb982af294f5ecb1ebf7dc635a66ba28795835a64c167dcfc9678d2099388dd,396118,Lee2019_MI,Q15-E007,BROAD_EEGNET,20260925,0.41097357869148254,0.5890264511108398,2
s23_2_offline_train_t024,23,2,offline_train,2,session2/s23/sess02_subj23_EEG_MI.mat,7eb982af294f5ecb1ebf7dc635a66ba28795835a64c167dcfc9678d2099388dd,407634,Lee2019_MI,Q15-E007,BROAD_EEGNET,20260925,0.4474976062774658,0.5525023937225342,2
s23_2_offline_train_t025,23,2,offline_train,2,session2/s23/sess02_subj23_EEG_MI.mat,7eb982af294f5ecb1ebf7dc635a66ba28795835a64c167dcfc9678d2099388dd,418867,Lee2019_MI,Q15-E007,BROAD_EEGNET,20260925,0.29423680901527405,0.7057631611824036,2
s23_2_offline_train_t026,23,2,offline_train,1,session2/s23/sess02_subj23_EEG_MI.mat,7eb982af294f5ecb1ebf7dc635a66ba28795835a64c167dcfc9678d2099388dd,430200,Lee2019_MI,Q15-E007,BROAD_EEGNET,20260925,0.723362922668457,0.27663707733154297,1
s23_2_offline_train_t027,23,2,offline_train,2,session2/s23/sess02_subj23_EEG_MI.mat,7eb982af294f5ecb1ebf7dc635a66ba28795835a64c167dcfc9678d2099388dd,441533,Lee2019_MI,Q15-E007,BROAD_EEGNET,20260925,0.06255749613046646,0.9374425411224365,2
s23_2_offline_train_t028,23,2,offline_train,1,session2/s23/sess02_subj23_EEG_MI.mat,7eb982af294f5ecb1ebf7dc635a66ba28795835a64c167dcfc9678d2099388dd,452483,Lee2019_MI,Q15-E007,BROAD_EEGNET,20260925,0.6500005722045898,0.34999942779541016,1
s23_2_offline_train_t029,23,2,offline_train,1,session2/s23/sess02_subj23_EEG_MI.mat,7eb982af294f5ecb1ebf7dc635a66ba28795835a64c167dcfc9678d2099388dd,463733,Lee2019_MI,Q15-E007,BROAD_EEGNET,20260925,0.6059588193893433,0.39404118061065674,1
s23_2_offline_train_t030,23,2,offline_train,2,session2/s23/sess02_subj23_EEG_MI.mat,7eb982af294f5ecb1ebf7dc635a66ba28795835a64c167dcfc9678d2099388dd,474500,Lee2019_MI,Q15-E007,BROAD_EEGNET,20260925,0.8027734160423279,0.1972265988588333,1
s23_2_offline_train_t031,23,2,offline_train,1,session2/s23/sess02_subj23_EEG_MI.mat,7eb982af294f5ecb1ebf7dc635a66ba28795835a64c167dcfc9678d2099388dd,485749,Lee2019_MI,Q15-E007,BROAD_EEGNET,20260925,0.8896010518074036,0.11039891839027405,1
s23_2_offline_train_t032,23,2,offline_train,2,session2/s23/sess02_subj23_EEG_MI.mat,7eb982af294f5ecb1ebf7dc635a66ba28795835a64c167dcfc9678d2099388dd,496332,Lee2019_MI,Q15-E007,BROAD_EEGNET,20260925,0.3315776288509369,0.6684224009513855,2
s23_2_offline_train_t033,23,2,offline_train,1,session2/s23/sess02_subj23_EEG_MI.mat,7eb982af294f5ecb1ebf7dc635a66ba28795835a64c167dcfc9678d2099388dd,507199,Lee2019_MI,Q15-E007,BROAD_EEGNET,20260925,0.5245525240898132,0.47544753551483154,1
s23_2_offline_train_t034,23,2,offline_train,2,session2/s23/sess02_subj23_EEG_MI.mat,7eb982af294f5ecb1ebf7dc635a66ba28795835a64c167dcfc9678d2099388dd,517782,Lee2019_MI,Q15-E007,BROAD_EEGNET,20260925,0.5367156267166138,0.46328437328338623,1
s23_2_offline_train_t035,23,2,offline_train,2,session2/s23/sess02_subj23_EEG_MI.mat,7eb982af294f5ecb1ebf7dc635a66ba28795835a64c167dcfc9678d2099388dd,528465,Lee2019_MI,Q15-E007,BROAD_EEGNET,20260925,0.15724565088748932,0.8427543044090271,2
s23_2_offline_train_t036,23,2,offline_train,1,session2/s23/sess02_subj23_EEG_MI.mat,7eb982af294f5ecb1ebf7dc635a66ba28795835a64c167dcfc9678d2099388dd,539798,Lee2019_MI,Q15-E007,BROAD_EEGNET,20260925,0.8127813339233398,0.18721868097782135,1
s23_2_offline_train_t037,23,2,offline_train,1,session2/s23/sess02_subj23_EEG_MI.mat,7eb982af294f5ecb1ebf7dc635a66ba28795835a64c167dcfc9678d2099388dd,551031,Lee2019_MI,Q15-E007,BROAD_EEGNET,20260925,0.9695211052894592,0.030478866770863533,1
s23_2_offline_train_t038,23,2,offline_train,2,session2/s23/sess02_subj23_EEG_MI.mat,7eb982af294f5ecb1ebf7dc635a66ba28795835a64c167dcfc9678d2099388dd,561898,Lee2019_MI,Q15-E007,BROAD_EEGNET,20260925,0.08118024468421936,0.918819785118103,2
s23_2_offline_train_t039,23,2,offline_train,1,session2/s23/sess02_subj23_EEG_MI.mat,7eb982af294f5ecb1ebf7dc635a66ba28795835a64c167dcfc9678d2099388dd,573414,Lee2019_MI,Q15-E007,BROAD_EEGNET,20260925,0.4069949686527252,0.5930050611495972,2
s23_2_offline_train_t040,23,2,offline_train,1,session2/s23/sess02_subj23_EEG_MI.mat,7eb982af294f5ecb1ebf7dc635a66ba28795835a64c167dcfc9678d2099388dd,584014,Lee2019_MI,Q15-E007,BROAD_EEGNET,20260925,0.7823828458786011,0.21761716902256012,1
s23_2_offline_train_t041,23,2,offline_train,1,session2/s23/sess02_subj23_EEG_MI.mat,7eb982af294f5ecb1ebf7dc635a66ba28795835a64c167dcfc9678d2099388dd,594964,Lee2019_MI,Q15-E007,BROAD_EEGNET,20260925,0.7069075107574463,0.2930924594402313,1
s23_2_offline_train_t042,23,2,offline_train,1,session2/s23/sess02_subj23_EEG_MI.mat,7eb982af294f5ecb1ebf7dc635a66ba28795835a64c167dcfc9678d2099388dd,605930,Lee2019_MI,Q15-E007,BROAD_EEGNET,20260925,0.33988597989082336,0.660114049911499,2
s23_2_offline_train_t043,23,2,offline_train,2,session2/s23/sess02_subj23_EEG_MI.mat,7eb982af294f5ecb1ebf7dc635a66ba28795835a64c167dcfc9678d2099388dd,617263,Lee2019_MI,Q15-E007,BROAD_EEGNET,20260925,0.34234410524368286,0.6576558947563171,2
s23_2_offline_train_t044,23,2,offline_train,1,session2/s23/sess02_subj23_EEG_MI.mat,7eb982af294f5ecb1ebf7dc635a66ba28795835a64c167dcfc9678d2099388dd,628579,Lee2019_MI,Q15-E007,BROAD_EEGNET,20260925,0.7555080056190491,0.24449196457862854,1
s23_2_offline_train_t045,23,2,offline_train,2,session2/s23/sess02_subj23_EEG_MI.mat,7eb982af294f5ecb1ebf7dc635a66ba28795835a64c167dcfc9678d2099388dd,639363,Lee2019_MI,Q15-E007,BROAD_EEGNET,20260925,0.5395035743713379,0.4604964256286621,1
s23_2_offline_train_t046,23,2,offline_train,1,session2/s23/sess02_subj23_EEG_MI.mat,7eb982af294f5ecb1ebf7dc635a66ba28795835a64c167dcfc9678d2099388dd,650413,Lee2019_MI,Q15-E007,BROAD_EEGNET,20260925,0.5741285085678101,0.42587152123451233,1
s23_2_offline_train_t047,23,2,offline_train,1,session2/s23/sess02_subj23_EEG_MI.mat,7eb982af294f5ecb1ebf7dc635a66ba28795835a64c167dcfc9678d2099388dd,661379,Lee2019_MI,Q15-E007,BROAD_EEGNET,20260925,0.40382957458496094,0.5961704254150391,2
s23_2_offline_train_t048,23,2,offline_train,1,session2/s23/sess02_subj23_EEG_MI.mat,7eb982af294f5ecb1ebf7dc635a66ba28795835a64c167dcfc9678d2099388dd,672612,Lee2019_MI,Q15-E007,BROAD_EEGNET,20260925,0.3140234649181366,0.685976505279541,2
s23_2_offline_train_t049,23,2,offline_train,2,session2/s23/sess02_subj23_EEG_MI.mat,7eb982af294f5ecb1ebf7dc635a66ba28795835a64c167dcfc9678d2099388dd,683845,Lee2019_MI,Q15-E007,BROAD_EEGNET,20260925,0.48437365889549255,0.5156263709068298,2
s23_2_offline_train_t050,23,2,offline_train,1,session2/s23/sess02_subj23_EEG_MI.mat,7eb982af294f5ecb1ebf7dc635a66ba28795835a64c167dcfc9678d2099388dd,750544,Lee2019_MI,Q15-E007,BROAD_EEGNET,20260925,0.5270426273345947,0.4729573130607605,1
s23_2_offline_train_t051,23,2,offline_train,1,session2/s23/sess02_subj23_EEG_MI.mat,7eb982af294f5ecb1ebf7dc635a66ba28795835a64c167dcfc9678d2099388dd,761411,Lee2019_MI,Q15-E007,BROAD_EEGNET,20260925,0.7346197962760925,0.26538020372390747,1
s23_2_offline_train_t052,23,2,offline_train,1,session2/s23/sess02_subj23_EEG_MI.mat,7eb982af294f5ecb1ebf7dc635a66ba28795835a64c167dcfc9678d2099388dd,772644,Lee2019_MI,Q15-E007,BROAD_EEGNET,20260925,0.4042802155017853,0.5957198143005371,2
s23_2_offline_train_t053,23,2,offline_train,1,session2/s23/sess02_subj23_EEG_MI.mat,7eb982af294f5ecb1ebf7dc635a66ba28795835a64c167dcfc9678d2099388dd,783877,Lee2019_MI,Q15-E007,BROAD_EEGNET,20260925,0.45358702540397644,0.546413004398346,2
s23_2_offline_train_t054,23,2,offline_train,2,session2/s23/sess02_subj23_EEG_MI.mat,7eb982af294f5ecb1ebf7dc635a66ba28795835a64c167dcfc9678d2099388dd,794560,Lee2019_MI,Q15-E007,BROAD_EEGNET,20260925,0.11646365374326706,0.8835363984107971,2
s23_2_offline_train_t055,23,2,offline_train,1,session2/s23/sess02_subj23_EEG_MI.mat,7eb982af294f5ecb1ebf7dc635a66ba28795835a64c167dcfc9678d2099388dd,805243,Lee2019_MI,Q15-E007,BROAD_EEGNET,20260925,0.7069495320320129,0.29305049777030945,1
s23_2_offline_train_t056,23,2,offline_train,1,session2/s23/sess02_subj23_EEG_MI.mat,7eb982af294f5ecb1ebf7dc635a66ba28795835a64c167dcfc9678d2099388dd,816293,Lee2019_MI,Q15-E007,BROAD_EEGNET,20260925,0.6605373620986938,0.33946263790130615,1
s23_2_offline_train_t057,23,2,offline_train,2,session2/s23/sess02_subj23_EEG_MI.mat,7eb982af294f5ecb1ebf7dc635a66ba28795835a64c167dcfc9678d2099388dd,827809,Lee2019_MI,Q15-E007,BROAD_EEGNET,20260925,0.4161110818386078,0.5838888883590698,2
s23_2_offline_train_t058,23,2,offline_train,2,session2/s23/sess02_subj23_EEG_MI.mat,7eb982af294f5ecb1ebf7dc635a66ba28795835a64c167dcfc9678d2099388dd,838676,Lee2019_MI,Q15-E007,BROAD_EEGNET,20260925,0.4328828454017639,0.5671170949935913,2
s23_2_offline_train_t059,23,2,offline_train,1,session2/s23/sess02_subj23_EEG_MI.mat,7eb982af294f5ecb1ebf7dc635a66ba28795835a64c167dcfc9678d2099388dd,849826,Lee2019_MI,Q15-E007,BROAD_EEGNET,20260925,0.7779911756515503,0.2220088690519333,1
s23_2_offline_train_t060,23,2,offline_train,1,session2/s23/sess02_subj23_EEG_MI.mat,7eb982af294f5ecb1ebf7dc635a66ba28795835a64c167dcfc9678d2099388dd,860592,Lee2019_MI,Q15-E007,BROAD_EEGNET,20260925,0.4692365825176239,0.5307633876800537,2
s23_2_offline_train_t061,23,2,offline_train,2,session2/s23/sess02_subj23_EEG_MI.mat,7eb982af294f5ecb1ebf7dc635a66ba28795835a64c167dcfc9678d2099388dd,871925,Lee2019_MI,Q15-E007,BROAD_EEGNET,20260925,0.3536112308502197,0.6463887691497803,2
s23_2_offline_train_t062,23,2,offline_train,2,session2/s23/sess02_subj23_EEG_MI.mat,7eb982af294f5ecb1ebf7dc635a66ba28795835a64c167dcfc9678d2099388dd,882708,Lee2019_MI,Q15-E007,BROAD_EEGNET,20260925,0.2583427429199219,0.7416572570800781,2
s23_2_offline_train_t063,23,2,offline_train,1,session2/s23/sess02_subj23_EEG_MI.mat,7eb982af294f5ecb1ebf7dc635a66ba28795835a64c167dcfc9678d2099388dd,893758,Lee2019_MI,Q15-E007,BROAD_EEGNET,20260925,0.5009489059448242,0.4990510642528534,1
s23_2_offline_train_t064,23,2,offline_train,2,session2/s23/sess02_subj23_EEG_MI.mat,7eb982af294f5ecb1ebf7dc635a66ba28795835a64c167dcfc9678d2099388dd,904991,Lee2019_MI,Q15-E007,BROAD_EEGNET,20260925,0.25284692645072937,0.7471530437469482,2
s23_2_offline_train_t065,23,2,offline_train,2,session2/s23/sess02_subj23_EEG_MI.mat,7eb982af294f5ecb1ebf7dc635a66ba28795835a64c167dcfc9678d2099388dd,916424,Lee2019_MI,Q15-E007,BROAD_EEGNET,20260925,0.20535795390605927,0.7946420907974243,2
s23_2_offline_train_t066,23,2,offline_train,2,session2/s23/sess02_subj23_EEG_MI.mat,7eb982af294f5ecb1ebf7dc635a66ba28795835a64c167dcfc9678d2099388dd,927941,Lee2019_MI,Q15-E007,BROAD_EEGNET,20260925,0.08999375998973846,0.9100062847137451,2
s23_2_offline_train_t067,23,2,offline_train,2,session2/s23/sess02_subj23_EEG_MI.mat,7eb982af294f5ecb1ebf7dc635a66ba28795835a64c167dcfc9678d2099388dd,939074,Lee2019_MI,Q15-E007,BROAD_EEGNET,20260925,0.31895920634269714,0.6810408234596252,2
s23_2_offline_train_t068,23,2,offline_train,1,session2/s23/sess02_subj23_EEG_MI.mat,7eb982af294f5ecb1ebf7dc635a66ba28795835a64c167dcfc9678d2099388dd,949757,Lee2019_MI,Q15-E007,BROAD_EEGNET,20260925,0.372512549161911,0.6274874806404114,2
s23_2_offline_train_t069,23,2,offline_train,1,session2/s23/sess02_subj23_EEG_MI.mat,7eb982af294f5ecb1ebf7dc635a66ba28795835a64c167dcfc9678d2099388dd,960440,Lee2019_MI,Q15-E007,BROAD_EEGNET,20260925,0.37795060873031616,0.6220493316650391,2
s23_2_offline_train_t070,23,2,offline_train,2,session2/s23/sess02_subj23_EEG_MI.mat,7eb982af294f5ecb1ebf7dc635a66ba28795835a64c167dcfc9678d2099388dd,971223,Lee2019_MI,Q15-E007,BROAD_EEGNET,20260925,0.2886348068714142,0.7113652229309082,2
s23_2_offline_train_t071,23,2,offline_train,1,session2/s23/sess02_subj23_EEG_MI.mat,7eb982af294f5ecb1ebf7dc635a66ba28795835a64c167dcfc9678d2099388dd,982640,Lee2019_MI,Q15-E007,BROAD_EEGNET,20260925,0.539244532585144,0.46075543761253357,1
s23_2_offline_train_t072,23,2,offline_train,2,session2/s23/sess02_subj23_EEG_MI.mat,7eb982af294f5ecb1ebf7dc635a66ba28795835a64c167dcfc9678d2099388dd,993406,Lee2019_MI,Q15-E007,BROAD_EEGNET,20260925,0.1197449192404747,0.8802550435066223,2
s23_2_offline_train_t073,23,2,offline_train,2,session2/s23/sess02_subj23_EEG_MI.mat,7eb982af294f5ecb1ebf7dc635a66ba28795835a64c167dcfc9678d2099388dd,1004739,Lee2019_MI,Q15-E007,BROAD_EEGNET,20260925,0.5596325993537903,0.4403674006462097,1
s23_2_offline_train_t074,23,2,offline_train,2,session2/s23/sess02_subj23_EEG_MI.mat,7eb982af294f5ecb1ebf7dc635a66ba28795835a64c167dcfc9678d2099388dd,1015523,Lee2019_MI,Q15-E007,BROAD_EEGNET,20260925,0.422904908657074,0.577095091342926,2
s23_2_offline_train_t075,23,2,offline_train,1,session2/s23/sess02_subj23_EEG_MI.mat,7eb982af294f5ecb1ebf7dc635a66ba28795835a64c167dcfc9678d2099388dd,1027039,Lee2019_MI,Q15-E007,BROAD_EEGNET,20260925,0.5838189125061035,0.4161810576915741,1
s23_2_offline_train_t076,23,2,offline_train,2,session2/s23/sess02_subj23_EEG_MI.mat,7eb982af294f5ecb1ebf7dc635a66ba28795835a64c167dcfc9678d2099388dd,1037905,Lee2019_MI,Q15-E007,BROAD_EEGNET,20260925,0.28998857736587524,0.7100114226341248,2
s23_2_offline_train_t077,23,2,offline_train,1,session2/s23/sess02_subj23_EEG_MI.mat,7eb982af294f5ecb1ebf7dc635a66ba28795835a64c167dcfc9678d2099388dd,1048672,Lee2019_MI,Q15-E007,BROAD_EEGNET,20260925,0.3195396959781647,0.6804602742195129,2
s23_2_offline_train_t078,23,2,offline_train,1,session2/s23/sess02_subj23_EEG_MI.mat,7eb982af294f5ecb1ebf7dc635a66ba28795835a64c167dcfc9678d2099388dd,1059455,Lee2019_MI,Q15-E007,BROAD_EEGNET,20260925,0.3439445495605469,0.6560553908348083,2
s23_2_offline_train_t079,23,2,offline_train,2,session2/s23/sess02_subj23_EEG_MI.mat,7eb982af294f5ecb1ebf7dc635a66ba28795835a64c167dcfc9678d2099388dd,1070588,Lee2019_MI,Q15-E007,BROAD_EEGNET,20260925,0.5012111067771912,0.4987889230251312,1
s23_2_offline_train_t080,23,2,offline_train,2,session2/s23/sess02_subj23_EEG_MI.mat,7eb982af294f5ecb1ebf7dc635a66ba28795835a64c167dcfc9678d2099388dd,1081655,Lee2019_MI,Q15-E007,BROAD_EEGNET,20260925,0.3678894340991974,0.632110595703125,2
s23_2_offline_train_t081,23,2,offline_train,2,session2/s23/sess02_subj23_EEG_MI.mat,7eb982af294f5ecb1ebf7dc635a66ba28795835a64c167dcfc9678d2099388dd,1092521,Lee2019_MI,Q15-E007,BROAD_EEGNET,20260925,0.5041727423667908,0.49582719802856445,1
s23_2_offline_train_t082,23,2,offline_train,1,session2/s23/sess02_subj23_EEG_MI.mat,7eb982af294f5ecb1ebf7dc635a66ba28795835a64c167dcfc9678d2099388dd,1103938,Lee2019_MI,Q15-E007,BROAD_EEGNET,20260925,0.8486613035202026,0.15133865177631378,1
s23_2_offline_train_t083,23,2,offline_train,2,session2/s23/sess02_subj23_EEG_MI.mat,7eb982af294f5ecb1ebf7dc635a66ba28795835a64c167dcfc9678d2099388dd,1115087,Lee2019_MI,Q15-E007,BROAD_EEGNET,20260925,0.14370279014110565,0.8562972545623779,2
s23_2_offline_train_t084,23,2,offline_train,2,session2/s23/sess02_subj23_EEG_MI.mat,7eb982af294f5ecb1ebf7dc635a66ba28795835a64c167dcfc9678d2099388dd,1126220,Lee2019_MI,Q15-E007,BROAD_EEGNET,20260925,0.14737169444561005,0.8526282906532288,2
s23_2_offline_train_t085,23,2,offline_train,1,session2/s23/sess02_subj23_EEG_MI.mat,7eb982af294f5ecb1ebf7dc635a66ba28795835a64c167dcfc9678d2099388dd,1137654,Lee2019_MI,Q15-E007,BROAD_EEGNET,20260925,0.8051833510398865,0.19481658935546875,1
s23_2_offline_train_t086,23,2,offline_train,2,session2/s23/sess02_subj23_EEG_MI.mat,7eb982af294f5ecb1ebf7dc635a66ba28795835a64c167dcfc9678d2099388dd,1148520,Lee2019_MI,Q15-E007,BROAD_EEGNET,20260925,0.3304702639579773,0.6695297360420227,2
s23_2_offline_train_t087,23,2,offline_train,1,session2/s23/sess02_subj23_EEG_MI.mat,7eb982af294f5ecb1ebf7dc635a66ba28795835a64c167dcfc9678d2099388dd,1159853,Lee2019_MI,Q15-E007,BROAD_EEGNET,20260925,0.5222842693328857,0.47771570086479187,1
s23_2_offline_train_t088,23,2,offline_train,2,session2/s23/sess02_subj23_EEG_MI.mat,7eb982af294f5ecb1ebf7dc635a66ba28795835a64c167dcfc9678d2099388dd,1171186,Lee2019_MI,Q15-E007,BROAD_EEGNET,20260925,0.5718860626220703,0.4281138777732849,1
s23_2_offline_train_t089,23,2,offline_train,2,session2/s23/sess02_subj23_EEG_MI.mat,7eb982af294f5ecb1ebf7dc635a66ba28795835a64c167dcfc9678d2099388dd,1182136,Lee2019_MI,Q15-E007,BROAD_EEGNET,20260925,0.9403111338615417,0.05968886986374855,1
s23_2_offline_train_t090,23,2,offline_train,2,session2/s23/sess02_subj23_EEG_MI.mat,7eb982af294f5ecb1ebf7dc635a66ba28795835a64c167dcfc9678d2099388dd,1193286,Lee2019_MI,Q15-E007,BROAD_EEGNET,20260925,0.305593878030777,0.6944061517715454,2
s23_2_offline_train_t091,23,2,offline_train,2,session2/s23/sess02_subj23_EEG_MI.mat,7eb982af294f5ecb1ebf7dc635a66ba28795835a64c167dcfc9678d2099388dd,1203869,Lee2019_MI,Q15-E007,BROAD_EEGNET,20260925,0.3199528753757477,0.6800470948219299,2
s23_2_offline_train_t092,23,2,offline_train,2,session2/s23/sess02_subj23_EEG_MI.mat,7eb982af294f5ecb1ebf7dc635a66ba28795835a64c167dcfc9678d2099388dd,1214469,Lee2019_MI,Q15-E007,BROAD_EEGNET,20260925,0.054336633533239365,0.945663332939148,2
s23_2_offline_train_t093,23,2,offline_train,1,session2/s23/sess02_subj23_EEG_MI.mat,7eb982af294f5ecb1ebf7dc635a66ba28795835a64c167dcfc9678d2099388dd,1225519,Lee2019_MI,Q15-E007,BROAD_EEGNET,20260925,0.7284607291221619,0.27153927087783813,1
s23_2_offline_train_t094,23,2,offline_train,2,session2/s23/sess02_subj23_EEG_MI.mat,7eb982af294f5ecb1ebf7dc635a66ba28795835a64c167dcfc9678d2099388dd,1236852,Lee2019_MI,Q15-E007,BROAD_EEGNET,20260925,0.5561947822570801,0.44380518794059753,1
s23_2_offline_train_t095,23,2,offline_train,1,session2/s23/sess02_subj23_EEG_MI.mat,7eb982af294f5ecb1ebf7dc635a66ba28795835a64c167dcfc9678d2099388dd,1248368,Lee2019_MI,Q15-E007,BROAD_EEGNET,20260925,0.8991027474403381,0.10089724510908127,1
s23_2_offline_train_t096,23,2,offline_train,1,session2/s23/sess02_subj23_EEG_MI.mat,7eb982af294f5ecb1ebf7dc635a66ba28795835a64c167dcfc9678d2099388dd,1259051,Lee2019_MI,Q15-E007,BROAD_EEGNET,20260925,0.7578636407852173,0.24213628470897675,1
s23_2_offline_train_t097,23,2,offline_train,2,session2/s23/sess02_subj23_EEG_MI.mat,7eb982af294f5ecb1ebf7dc635a66ba28795835a64c167dcfc9678d2099388dd,1270185,Lee2019_MI,Q15-E007,BROAD_EEGNET,20260925,0.36030107736587524,0.6396989822387695,2
s23_2_offline_train_t098,23,2,offline_train,1,session2/s23/sess02_subj23_EEG_MI.mat,7eb982af294f5ecb1ebf7dc635a66ba28795835a64c167dcfc9678d2099388dd,1281234,Lee2019_MI,Q15-E007,BROAD_EEGNET,20260925,0.6788113117218018,0.32118862867355347,1
s23_2_offline_train_t099,23,2,offline_train,2,session2/s23/sess02_subj23_EEG_MI.mat,7eb982af294f5ecb1ebf7dc635a66ba28795835a64c167dcfc9678d2099388dd,1291834,Lee2019_MI,Q15-E007,BROAD_EEGNET,20260925,0.8478591442108154,0.15214087069034576,1
s23_2_offline_train_t100,23,2,offline_train,2,session2/s23/sess02_subj23_EEG_MI.mat,7eb982af294f5ecb1ebf7dc635a66ba28795835a64c167dcfc9678d2099388dd,1302700,Lee2019_MI,Q15-E007,BROAD_EEGNET,20260925,0.16313053667545319,0.836869478225708,2
s23_1_offline_train_t001,23,1,offline_train,1,session1/s23/sess01_subj23_EEG_MI.mat,4caeee5093a8313d1ebd6a1f3a0cb7b7596a6037ef136aa6c7de0a74c5fa3364,184778,Lee2019_MI,Q15-E007,BROAD_EEGNET,20260926,0.6159518957138062,0.3840481638908386,1
s23_1_offline_train_t002,23,1,offline_train,1,session1/s23/sess01_subj23_EEG_MI.mat,4caeee5093a8313d1ebd6a1f3a0cb7b7596a6037ef136aa6c7de0a74c5fa3364,195645,Lee2019_MI,Q15-E007,BROAD_EEGNET,20260926,0.7108057737350464,0.2891941964626312,1
s23_1_offline_train_t003,23,1,offline_train,1,session1/s23/sess01_subj23_EEG_MI.mat,4caeee5093a8313d1ebd6a1f3a0cb7b7596a6037ef136aa6c7de0a74c5fa3364,206512,Lee2019_MI,Q15-E007,BROAD_EEGNET,20260926,0.9475139379501343,0.05248602107167244,1
s23_1_offline_train_t004,23,1,offline_train,2,session1/s23/sess01_subj23_EEG_MI.mat,4caeee5093a8313d1ebd6a1f3a0cb7b7596a6037ef136aa6c7de0a74c5fa3364,217378,Lee2019_MI,Q15-E007,BROAD_EEGNET,20260926,0.4554584324359894,0.5445415377616882,2
s23_1_offline_train_t005,23,1,offline_train,2,session1/s23/sess01_subj23_EEG_MI.mat,4caeee5093a8313d1ebd6a1f3a0cb7b7596a6037ef136aa6c7de0a74c5fa3364,228428,Lee2019_MI,Q15-E007,BROAD_EEGNET,20260926,0.6285298466682434,0.371470183134079,1
s23_1_offline_train_t006,23,1,offline_train,1,session1/s23/sess01_subj23_EEG_MI.mat,4caeee5093a8313d1ebd6a1f3a0cb7b7596a6037ef136aa6c7de0a74c5fa3364,239678,Lee2019_MI,Q15-E007,BROAD_EEGNET,20260926,0.798346757888794,0.20165324211120605,1
s23_1_offline_train_t007,23,1,offline_train,1,session1/s23/sess01_subj23_EEG_MI.mat,4caeee5093a8313d1ebd6a1f3a0cb7b7596a6037ef136aa6c7de0a74c5fa3364,250261,Lee2019_MI,Q15-E007,BROAD_EEGNET,20260926,0.8990986943244934,0.10090133547782898,1
s23_1_offline_train_t008,23,1,offline_train,2,session1/s23/sess01_subj23_EEG_MI.mat,4caeee5093a8313d1ebd6a1f3a0cb7b7596a6037ef136aa6c7de0a74c5fa3364,261677,Lee2019_MI,Q15-E007,BROAD_EEGNET,20260926,0.40258294343948364,0.5974170565605164,2
s23_1_offline_train_t009,23,1,offline_train,2,session1/s23/sess01_subj23_EEG_MI.mat,4caeee5093a8313d1ebd6a1f3a0cb7b7596a6037ef136aa6c7de0a74c5fa3364,272827,Lee2019_MI,Q15-E007,BROAD_EEGNET,20260926,0.3804666996002197,0.6195332407951355,2
s23_1_offline_train_t010,23,1,offline_train,1,session1/s23/sess01_subj23_EEG_MI.mat,4caeee5093a8313d1ebd6a1f3a0cb7b7596a6037ef136aa6c7de0a74c5fa3364,284243,Lee2019_MI,Q15-E007,BROAD_EEGNET,20260926,0.8339722156524658,0.1660277396440506,1
s23_1_offline_train_t011,23,1,offline_train,2,session1/s23/sess01_subj23_EEG_MI.mat,4caeee5093a8313d1ebd6a1f3a0cb7b7596a6037ef136aa6c7de0a74c5fa3364,295110,Lee2019_MI,Q15-E007,BROAD_EEGNET,20260926,0.2683026194572449,0.7316974401473999,2
s23_1_offline_train_t012,23,1,offline_train,2,session1/s23/sess01_subj23_EEG_MI.mat,4caeee5093a8313d1ebd6a1f3a0cb7b7596a6037ef136aa6c7de0a74c5fa3364,306076,Lee2019_MI,Q15-E007,BROAD_EEGNET,20260926,0.5360583662986755,0.4639416038990021,1
s23_1_offline_train_t013,23,1,offline_train,1,session1/s23/sess01_subj23_EEG_MI.mat,4caeee5093a8313d1ebd6a1f3a0cb7b7596a6037ef136aa6c7de0a74c5fa3364,316659,Lee2019_MI,Q15-E007,BROAD_EEGNET,20260926,0.7499354481697083,0.25006452202796936,1
s23_1_offline_train_t014,23,1,offline_train,2,session1/s23/sess01_subj23_EEG_MI.mat,4caeee5093a8313d1ebd6a1f3a0cb7b7596a6037ef136aa6c7de0a74c5fa3364,327443,Lee2019_MI,Q15-E007,BROAD_EEGNET,20260926,0.7501683831214905,0.24983160197734833,1
s23_1_offline_train_t015,23,1,offline_train,1,session1/s23/sess01_subj23_EEG_MI.mat,4caeee5093a8313d1ebd6a1f3a0cb7b7596a6037ef136aa6c7de0a74c5fa3364,338676,Lee2019_MI,Q15-E007,BROAD_EEGNET,20260926,0.8816350698471069,0.11836490035057068,1
s23_1_offline_train_t016,23,1,offline_train,1,session1/s23/sess01_subj23_EEG_MI.mat,4caeee5093a8313d1ebd6a1f3a0cb7b7596a6037ef136aa6c7de0a74c5fa3364,349542,Lee2019_MI,Q15-E007,BROAD_EEGNET,20260926,0.658704936504364,0.341295063495636,1
s23_1_offline_train_t017,23,1,offline_train,2,session1/s23/sess01_subj23_EEG_MI.mat,4caeee5093a8313d1ebd6a1f3a0cb7b7596a6037ef136aa6c7de0a74c5fa3364,360975,Lee2019_MI,Q15-E007,BROAD_EEGNET,20260926,0.15862825512886047,0.8413717746734619,2
s23_1_offline_train_t018,23,1,offline_train,2,session1/s23/sess01_subj23_EEG_MI.mat,4caeee5093a8313d1ebd6a1f3a0cb7b7596a6037ef136aa6c7de0a74c5fa3364,371642,Lee2019_MI,Q15-E007,BROAD_EEGNET,20260926,0.882763147354126,0.11723681539297104,1
s23_1_offline_train_t019,23,1,offline_train,2,session1/s23/sess01_subj23_EEG_MI.mat,4caeee5093a8313d1ebd6a1f3a0cb7b7596a6037ef136aa6c7de0a74c5fa3364,383158,Lee2019_MI,Q15-E007,BROAD_EEGNET,20260926,0.26726916432380676,0.7327308654785156,2
s23_1_offline_train_t020,23,1,offline_train,1,session1/s23/sess01_subj23_EEG_MI.mat,4caeee5093a8313d1ebd6a1f3a0cb7b7596a6037ef136aa6c7de0a74c5fa3364,394225,Lee2019_MI,Q15-E007,BROAD_EEGNET,20260926,0.7407361268997192,0.2592638432979584,1
s23_1_offline_train_t021,23,1,offline_train,2,session1/s23/sess01_subj23_EEG_MI.mat,4caeee5093a8313d1ebd6a1f3a0cb7b7596a6037ef136aa6c7de0a74c5fa3364,405458,Lee2019_MI,Q15-E007,BROAD_EEGNET,20260926,0.14402316510677338,0.8559768199920654,2
s23_1_offline_train_t022,23,1,offline_train,2,session1/s23/sess01_subj23_EEG_MI.mat,4caeee5093a8313d1ebd6a1f3a0cb7b7596a6037ef136aa6c7de0a74c5fa3364,416974,Lee2019_MI,Q15-E007,BROAD_EEGNET,20260926,0.3297072649002075,0.6702927350997925,2
s23_1_offline_train_t023,23,1,offline_train,1,session1/s23/sess01_subj23_EEG_MI.mat,4caeee5093a8313d1ebd6a1f3a0cb7b7596a6037ef136aa6c7de0a74c5fa3364,427841,Lee2019_MI,Q15-E007,BROAD_EEGNET,20260926,0.9051523208618164,0.09484764188528061,1
s23_1_offline_train_t024,23,1,offline_train,2,session1/s23/sess01_subj23_EEG_MI.mat,4caeee5093a8313d1ebd6a1f3a0cb7b7596a6037ef136aa6c7de0a74c5fa3364,438807,Lee2019_MI,Q15-E007,BROAD_EEGNET,20260926,0.21243491768836975,0.7875651121139526,2
s23_1_offline_train_t025,23,1,offline_train,1,session1/s23/sess01_subj23_EEG_MI.mat,4caeee5093a8313d1ebd6a1f3a0cb7b7596a6037ef136aa6c7de0a74c5fa3364,449857,Lee2019_MI,Q15-E007,BROAD_EEGNET,20260926,0.8303356766700745,0.16966436803340912,1
s23_1_offline_train_t026,23,1,offline_train,1,session1/s23/sess01_subj23_EEG_MI.mat,4caeee5093a8313d1ebd6a1f3a0cb7b7596a6037ef136aa6c7de0a74c5fa3364,461190,Lee2019_MI,Q15-E007,BROAD_EEGNET,20260926,0.6574797630310059,0.34252020716667175,1
s23_1_offline_train_t027,23,1,offline_train,1,session1/s23/sess01_subj23_EEG_MI.mat,4caeee5093a8313d1ebd6a1f3a0cb7b7596a6037ef136aa6c7de0a74c5fa3364,472523,Lee2019_MI,Q15-E007,BROAD_EEGNET,20260926,0.7965865135192871,0.2034134715795517,1
s23_1_offline_train_t028,23,1,offline_train,2,session1/s23/sess01_subj23_EEG_MI.mat,4caeee5093a8313d1ebd6a1f3a0cb7b7596a6037ef136aa6c7de0a74c5fa3364,483190,Lee2019_MI,Q15-E007,BROAD_EEGNET,20260926,0.6305503249168396,0.369449645280838,1
s23_1_offline_train_t029,23,1,offline_train,1,session1/s23/sess01_subj23_EEG_MI.mat,4caeee5093a8313d1ebd6a1f3a0cb7b7596a6037ef136aa6c7de0a74c5fa3364,493873,Lee2019_MI,Q15-E007,BROAD_EEGNET,20260926,0.8522597551345825,0.1477402150630951,1
s23_1_offline_train_t030,23,1,offline_train,2,session1/s23/sess01_subj23_EEG_MI.mat,4caeee5093a8313d1ebd6a1f3a0cb7b7596a6037ef136aa6c7de0a74c5fa3364,504739,Lee2019_MI,Q15-E007,BROAD_EEGNET,20260926,0.1193581372499466,0.8806418776512146,2
s23_1_offline_train_t031,23,1,offline_train,1,session1/s23/sess01_subj23_EEG_MI.mat,4caeee5093a8313d1ebd6a1f3a0cb7b7596a6037ef136aa6c7de0a74c5fa3364,515339,Lee2019_MI,Q15-E007,BROAD_EEGNET,20260926,0.9522916674613953,0.047708265483379364,1
s23_1_offline_train_t032,23,1,offline_train,1,session1/s23/sess01_subj23_EEG_MI.mat,4caeee5093a8313d1ebd6a1f3a0cb7b7596a6037ef136aa6c7de0a74c5fa3364,526389,Lee2019_MI,Q15-E007,BROAD_EEGNET,20260926,0.8027620911598206,0.19723789393901825,1
s23_1_offline_train_t033,23,1,offline_train,2,session1/s23/sess01_subj23_EEG_MI.mat,4caeee5093a8313d1ebd6a1f3a0cb7b7596a6037ef136aa6c7de0a74c5fa3364,537255,Lee2019_MI,Q15-E007,BROAD_EEGNET,20260926,0.5288781523704529,0.4711218476295471,1
s23_1_offline_train_t034,23,1,offline_train,1,session1/s23/sess01_subj23_EEG_MI.mat,4caeee5093a8313d1ebd6a1f3a0cb7b7596a6037ef136aa6c7de0a74c5fa3364,548022,Lee2019_MI,Q15-E007,BROAD_EEGNET,20260926,0.5106330513954163,0.4893670082092285,1
s23_1_offline_train_t035,23,1,offline_train,1,session1/s23/sess01_subj23_EEG_MI.mat,4caeee5093a8313d1ebd6a1f3a0cb7b7596a6037ef136aa6c7de0a74c5fa3364,558804,Lee2019_MI,Q15-E007,BROAD_EEGNET,20260926,0.6779306530952454,0.322069376707077,1
s23_1_offline_train_t036,23,1,offline_train,1,session1/s23/sess01_subj23_EEG_MI.mat,4caeee5093a8313d1ebd6a1f3a0cb7b7596a6037ef136aa6c7de0a74c5fa3364,570221,Lee2019_MI,Q15-E007,BROAD_EEGNET,20260926,0.7904348373413086,0.2095651924610138,1
s23_1_offline_train_t037,23,1,offline_train,2,session1/s23/sess01_subj23_EEG_MI.mat,4caeee5093a8313d1ebd6a1f3a0cb7b7596a6037ef136aa6c7de0a74c5fa3364,581454,Lee2019_MI,Q15-E007,BROAD_EEGNET,20260926,0.41766300797462463,0.582336962223053,2
s23_1_offline_train_t038,23,1,offline_train,1,session1/s23/sess01_subj23_EEG_MI.mat,4caeee5093a8313d1ebd6a1f3a0cb7b7596a6037ef136aa6c7de0a74c5fa3364,592521,Lee2019_MI,Q15-E007,BROAD_EEGNET,20260926,0.9282688498497009,0.0717310905456543,1
s23_1_offline_train_t039,23,1,offline_train,1,session1/s23/sess01_subj23_EEG_MI.mat,4caeee5093a8313d1ebd6a1f3a0cb7b7596a6037ef136aa6c7de0a74c5fa3364,604037,Lee2019_MI,Q15-E007,BROAD_EEGNET,20260926,0.9294891357421875,0.07051081210374832,1
s23_1_offline_train_t040,23,1,offline_train,1,session1/s23/sess01_subj23_EEG_MI.mat,4caeee5093a8313d1ebd6a1f3a0cb7b7596a6037ef136aa6c7de0a74c5fa3364,614703,Lee2019_MI,Q15-E007,BROAD_EEGNET,20260926,0.8987944722175598,0.1012054979801178,1
s23_1_offline_train_t041,23,1,offline_train,2,session1/s23/sess01_subj23_EEG_MI.mat,4caeee5093a8313d1ebd6a1f3a0cb7b7596a6037ef136aa6c7de0a74c5fa3364,626037,Lee2019_MI,Q15-E007,BROAD_EEGNET,20260926,0.3215595483779907,0.6784404516220093,2
s23_1_offline_train_t042,23,1,offline_train,2,session1/s23/sess01_subj23_EEG_MI.mat,4caeee5093a8313d1ebd6a1f3a0cb7b7596a6037ef136aa6c7de0a74c5fa3364,637370,Lee2019_MI,Q15-E007,BROAD_EEGNET,20260926,0.13830332458019257,0.861696720123291,2
s23_1_offline_train_t043,23,1,offline_train,2,session1/s23/sess01_subj23_EEG_MI.mat,4caeee5093a8313d1ebd6a1f3a0cb7b7596a6037ef136aa6c7de0a74c5fa3364,648520,Lee2019_MI,Q15-E007,BROAD_EEGNET,20260926,0.3665035367012024,0.6334964632987976,2
s23_1_offline_train_t044,23,1,offline_train,1,session1/s23/sess01_subj23_EEG_MI.mat,4caeee5093a8313d1ebd6a1f3a0cb7b7596a6037ef136aa6c7de0a74c5fa3364,659286,Lee2019_MI,Q15-E007,BROAD_EEGNET,20260926,0.7453380227088928,0.2546619772911072,1
s23_1_offline_train_t045,23,1,offline_train,2,session1/s23/sess01_subj23_EEG_MI.mat,4caeee5093a8313d1ebd6a1f3a0cb7b7596a6037ef136aa6c7de0a74c5fa3364,670435,Lee2019_MI,Q15-E007,BROAD_EEGNET,20260926,0.4865124225616455,0.5134875774383545,2
s23_1_offline_train_t046,23,1,offline_train,2,session1/s23/sess01_subj23_EEG_MI.mat,4caeee5093a8313d1ebd6a1f3a0cb7b7596a6037ef136aa6c7de0a74c5fa3364,681302,Lee2019_MI,Q15-E007,BROAD_EEGNET,20260926,0.5082293748855591,0.4917706251144409,1
s23_1_offline_train_t047,23,1,offline_train,2,session1/s23/sess01_subj23_EEG_MI.mat,4caeee5093a8313d1ebd6a1f3a0cb7b7596a6037ef136aa6c7de0a74c5fa3364,691985,Lee2019_MI,Q15-E007,BROAD_EEGNET,20260926,0.437612920999527,0.5623871088027954,2
s23_1_offline_train_t048,23,1,offline_train,1,session1/s23/sess01_subj23_EEG_MI.mat,4caeee5093a8313d1ebd6a1f3a0cb7b7596a6037ef136aa6c7de0a74c5fa3364,702752,Lee2019_MI,Q15-E007,BROAD_EEGNET,20260926,0.8688111305236816,0.13118888437747955,1
s23_1_offline_train_t049,23,1,offline_train,2,session1/s23/sess01_subj23_EEG_MI.mat,4caeee5093a8313d1ebd6a1f3a0cb7b7596a6037ef136aa6c7de0a74c5fa3364,714185,Lee2019_MI,Q15-E007,BROAD_EEGNET,20260926,0.3264750838279724,0.6735249161720276,2
s23_1_offline_train_t050,23,1,offline_train,1,session1/s23/sess01_subj23_EEG_MI.mat,4caeee5093a8313d1ebd6a1f3a0cb7b7596a6037ef136aa6c7de0a74c5fa3364,762101,Lee2019_MI,Q15-E007,BROAD_EEGNET,20260926,0.4695383310317993,0.5304616689682007,2
s23_1_offline_train_t051,23,1,offline_train,2,session1/s23/sess01_subj23_EEG_MI.mat,4caeee5093a8313d1ebd6a1f3a0cb7b7596a6037ef136aa6c7de0a74c5fa3364,772884,Lee2019_MI,Q15-E007,BROAD_EEGNET,20260926,0.23033156991004944,0.769668459892273,2
s23_1_offline_train_t052,23,1,offline_train,2,session1/s23/sess01_subj23_EEG_MI.mat,4caeee5093a8313d1ebd6a1f3a0cb7b7596a6037ef136aa6c7de0a74c5fa3364,783467,Lee2019_MI,Q15-E007,BROAD_EEGNET,20260926,0.6486937999725342,0.3513062000274658,1
s23_1_offline_train_t053,23,1,offline_train,2,session1/s23/sess01_subj23_EEG_MI.mat,4caeee5093a8313d1ebd6a1f3a0cb7b7596a6037ef136aa6c7de0a74c5fa3364,794433,Lee2019_MI,Q15-E007,BROAD_EEGNET,20260926,0.3742768466472626,0.6257231831550598,2
s23_1_offline_train_t054,23,1,offline_train,2,session1/s23/sess01_subj23_EEG_MI.mat,4caeee5093a8313d1ebd6a1f3a0cb7b7596a6037ef136aa6c7de0a74c5fa3364,805017,Lee2019_MI,Q15-E007,BROAD_EEGNET,20260926,0.2371916025876999,0.7628083229064941,2
s23_1_offline_train_t055,23,1,offline_train,1,session1/s23/sess01_subj23_EEG_MI.mat,4caeee5093a8313d1ebd6a1f3a0cb7b7596a6037ef136aa6c7de0a74c5fa3364,816450,Lee2019_MI,Q15-E007,BROAD_EEGNET,20260926,0.816621720790863,0.18337824940681458,1
s23_1_offline_train_t056,23,1,offline_train,1,session1/s23/sess01_subj23_EEG_MI.mat,4caeee5093a8313d1ebd6a1f3a0cb7b7596a6037ef136aa6c7de0a74c5fa3364,827216,Lee2019_MI,Q15-E007,BROAD_EEGNET,20260926,0.7645838260650635,0.23541614413261414,1
s23_1_offline_train_t057,23,1,offline_train,1,session1/s23/sess01_subj23_EEG_MI.mat,4caeee5093a8313d1ebd6a1f3a0cb7b7596a6037ef136aa6c7de0a74c5fa3364,837899,Lee2019_MI,Q15-E007,BROAD_EEGNET,20260926,0.5042239427566528,0.49577608704566956,1
s23_1_offline_train_t058,23,1,offline_train,2,session1/s23/sess01_subj23_EEG_MI.mat,4caeee5093a8313d1ebd6a1f3a0cb7b7596a6037ef136aa6c7de0a74c5fa3364,848766,Lee2019_MI,Q15-E007,BROAD_EEGNET,20260926,0.4664512872695923,0.5335487127304077,2
s23_1_offline_train_t059,23,1,offline_train,1,session1/s23/sess01_subj23_EEG_MI.mat,4caeee5093a8313d1ebd6a1f3a0cb7b7596a6037ef136aa6c7de0a74c5fa3364,859816,Lee2019_MI,Q15-E007,BROAD_EEGNET,20260926,0.8886404633522034,0.11135949939489365,1
s23_1_offline_train_t060,23,1,offline_train,1,session1/s23/sess01_subj23_EEG_MI.mat,4caeee5093a8313d1ebd6a1f3a0cb7b7596a6037ef136aa6c7de0a74c5fa3364,870499,Lee2019_MI,Q15-E007,BROAD_EEGNET,20260926,0.9025018811225891,0.09749814122915268,1
s23_1_offline_train_t061,23,1,offline_train,1,session1/s23/sess01_subj23_EEG_MI.mat,4caeee5093a8313d1ebd6a1f3a0cb7b7596a6037ef136aa6c7de0a74c5fa3364,882015,Lee2019_MI,Q15-E007,BROAD_EEGNET,20260926,0.7789228558540344,0.2210771143436432,1
s23_1_offline_train_t062,23,1,offline_train,2,session1/s23/sess01_subj23_EEG_MI.mat,4caeee5093a8313d1ebd6a1f3a0cb7b7596a6037ef136aa6c7de0a74c5fa3364,892882,Lee2019_MI,Q15-E007,BROAD_EEGNET,20260926,0.3133944571018219,0.6866055727005005,2
s23_1_offline_train_t063,23,1,offline_train,1,session1/s23/sess01_subj23_EEG_MI.mat,4caeee5093a8313d1ebd6a1f3a0cb7b7596a6037ef136aa6c7de0a74c5fa3364,903748,Lee2019_MI,Q15-E007,BROAD_EEGNET,20260926,0.9440364837646484,0.055963531136512756,1
s23_1_offline_train_t064,23,1,offline_train,1,session1/s23/sess01_subj23_EEG_MI.mat,4caeee5093a8313d1ebd6a1f3a0cb7b7596a6037ef136aa6c7de0a74c5fa3364,914330,Lee2019_MI,Q15-E007,BROAD_EEGNET,20260926,0.6986423134803772,0.3013576865196228,1
s23_1_offline_train_t065,23,1,offline_train,1,session1/s23/sess01_subj23_EEG_MI.mat,4caeee5093a8313d1ebd6a1f3a0cb7b7596a6037ef136aa6c7de0a74c5fa3364,925198,Lee2019_MI,Q15-E007,BROAD_EEGNET,20260926,0.7440347671508789,0.25596529245376587,1
s23_1_offline_train_t066,23,1,offline_train,2,session1/s23/sess01_subj23_EEG_MI.mat,4caeee5093a8313d1ebd6a1f3a0cb7b7596a6037ef136aa6c7de0a74c5fa3364,935798,Lee2019_MI,Q15-E007,BROAD_EEGNET,20260926,0.16102515161037445,0.8389748334884644,2
s23_1_offline_train_t067,23,1,offline_train,2,session1/s23/sess01_subj23_EEG_MI.mat,4caeee5093a8313d1ebd6a1f3a0cb7b7596a6037ef136aa6c7de0a74c5fa3364,946847,Lee2019_MI,Q15-E007,BROAD_EEGNET,20260926,0.6079120635986328,0.3920879065990448,1
s23_1_offline_train_t068,23,1,offline_train,2,session1/s23/sess01_subj23_EEG_MI.mat,4caeee5093a8313d1ebd6a1f3a0cb7b7596a6037ef136aa6c7de0a74c5fa3364,958180,Lee2019_MI,Q15-E007,BROAD_EEGNET,20260926,0.23030602931976318,0.7696939706802368,2
s23_1_offline_train_t069,23,1,offline_train,1,session1/s23/sess01_subj23_EEG_MI.mat,4caeee5093a8313d1ebd6a1f3a0cb7b7596a6037ef136aa6c7de0a74c5fa3364,969313,Lee2019_MI,Q15-E007,BROAD_EEGNET,20260926,0.7971709966659546,0.2028290331363678,1
s23_1_offline_train_t070,23,1,offline_train,2,session1/s23/sess01_subj23_EEG_MI.mat,4caeee5093a8313d1ebd6a1f3a0cb7b7596a6037ef136aa6c7de0a74c5fa3364,979997,Lee2019_MI,Q15-E007,BROAD_EEGNET,20260926,0.5582862496376038,0.44171372056007385,1
s23_1_offline_train_t071,23,1,offline_train,2,session1/s23/sess01_subj23_EEG_MI.mat,4caeee5093a8313d1ebd6a1f3a0cb7b7596a6037ef136aa6c7de0a74c5fa3364,990596,Lee2019_MI,Q15-E007,BROAD_EEGNET,20260926,0.18644656240940094,0.8135534524917603,2
s23_1_offline_train_t072,23,1,offline_train,2,session1/s23/sess01_subj23_EEG_MI.mat,4caeee5093a8313d1ebd6a1f3a0cb7b7596a6037ef136aa6c7de0a74c5fa3364,1001912,Lee2019_MI,Q15-E007,BROAD_EEGNET,20260926,0.29449599981307983,0.7055040001869202,2
s23_1_offline_train_t073,23,1,offline_train,2,session1/s23/sess01_subj23_EEG_MI.mat,4caeee5093a8313d1ebd6a1f3a0cb7b7596a6037ef136aa6c7de0a74c5fa3364,1013346,Lee2019_MI,Q15-E007,BROAD_EEGNET,20260926,0.3113635182380676,0.6886364817619324,2
s23_1_offline_train_t074,23,1,offline_train,1,session1/s23/sess01_subj23_EEG_MI.mat,4caeee5093a8313d1ebd6a1f3a0cb7b7596a6037ef136aa6c7de0a74c5fa3364,1024396,Lee2019_MI,Q15-E007,BROAD_EEGNET,20260926,0.8966739177703857,0.10332604497671127,1
s23_1_offline_train_t075,23,1,offline_train,1,session1/s23/sess01_subj23_EEG_MI.mat,4caeee5093a8313d1ebd6a1f3a0cb7b7596a6037ef136aa6c7de0a74c5fa3364,1035079,Lee2019_MI,Q15-E007,BROAD_EEGNET,20260926,0.7627582550048828,0.2372417002916336,1
s23_1_offline_train_t076,23,1,offline_train,1,session1/s23/sess01_subj23_EEG_MI.mat,4caeee5093a8313d1ebd6a1f3a0cb7b7596a6037ef136aa6c7de0a74c5fa3364,1046412,Lee2019_MI,Q15-E007,BROAD_EEGNET,20260926,0.8260082006454468,0.17399181425571442,1
s23_1_offline_train_t077,23,1,offline_train,2,session1/s23/sess01_subj23_EEG_MI.mat,4caeee5093a8313d1ebd6a1f3a0cb7b7596a6037ef136aa6c7de0a74c5fa3364,1057279,Lee2019_MI,Q15-E007,BROAD_EEGNET,20260926,0.49938657879829407,0.5006134510040283,2
s23_1_offline_train_t078,23,1,offline_train,1,session1/s23/sess01_subj23_EEG_MI.mat,4caeee5093a8313d1ebd6a1f3a0cb7b7596a6037ef136aa6c7de0a74c5fa3364,1068145,Lee2019_MI,Q15-E007,BROAD_EEGNET,20260926,0.3568543791770935,0.6431456208229065,2
s23_1_offline_train_t079,23,1,offline_train,1,session1/s23/sess01_subj23_EEG_MI.mat,4caeee5093a8313d1ebd6a1f3a0cb7b7596a6037ef136aa6c7de0a74c5fa3364,1079478,Lee2019_MI,Q15-E007,BROAD_EEGNET,20260926,0.7638382911682129,0.2361617386341095,1
s23_1_offline_train_t080,23,1,offline_train,1,session1/s23/sess01_subj23_EEG_MI.mat,4caeee5093a8313d1ebd6a1f3a0cb7b7596a6037ef136aa6c7de0a74c5fa3364,1090061,Lee2019_MI,Q15-E007,BROAD_EEGNET,20260926,0.7915289402008057,0.20847108960151672,1
s23_1_offline_train_t081,23,1,offline_train,2,session1/s23/sess01_subj23_EEG_MI.mat,4caeee5093a8313d1ebd6a1f3a0cb7b7596a6037ef136aa6c7de0a74c5fa3364,1100644,Lee2019_MI,Q15-E007,BROAD_EEGNET,20260926,0.3290313482284546,0.6709686517715454,2
s23_1_offline_train_t082,23,1,offline_train,1,session1/s23/sess01_subj23_EEG_MI.mat,4caeee5093a8313d1ebd6a1f3a0cb7b7596a6037ef136aa6c7de0a74c5fa3364,1111894,Lee2019_MI,Q15-E007,BROAD_EEGNET,20260926,0.518436074256897,0.4815639555454254,1
s23_1_offline_train_t083,23,1,offline_train,2,session1/s23/sess01_subj23_EEG_MI.mat,4caeee5093a8313d1ebd6a1f3a0cb7b7596a6037ef136aa6c7de0a74c5fa3364,1123027,Lee2019_MI,Q15-E007,BROAD_EEGNET,20260926,0.6284155249595642,0.3715845048427582,1
s23_1_offline_train_t084,23,1,offline_train,1,session1/s23/sess01_subj23_EEG_MI.mat,4caeee5093a8313d1ebd6a1f3a0cb7b7596a6037ef136aa6c7de0a74c5fa3364,1134077,Lee2019_MI,Q15-E007,BROAD_EEGNET,20260926,0.7426425218582153,0.25735750794410706,1
s23_1_offline_train_t085,23,1,offline_train,2,session1/s23/sess01_subj23_EEG_MI.mat,4caeee5093a8313d1ebd6a1f3a0cb7b7596a6037ef136aa6c7de0a74c5fa3364,1145327,Lee2019_MI,Q15-E007,BROAD_EEGNET,20260926,0.8344099521636963,0.16559003293514252,1
s23_1_offline_train_t086,23,1,offline_train,2,session1/s23/sess01_subj23_EEG_MI.mat,4caeee5093a8313d1ebd6a1f3a0cb7b7596a6037ef136aa6c7de0a74c5fa3364,1156560,Lee2019_MI,Q15-E007,BROAD_EEGNET,20260926,0.06482379138469696,0.9351761937141418,2
s23_1_offline_train_t087,23,1,offline_train,1,session1/s23/sess01_subj23_EEG_MI.mat,4caeee5093a8313d1ebd6a1f3a0cb7b7596a6037ef136aa6c7de0a74c5fa3364,1167893,Lee2019_MI,Q15-E007,BROAD_EEGNET,20260926,0.825646162033081,0.17435383796691895,1
s23_1_offline_train_t088,23,1,offline_train,2,session1/s23/sess01_subj23_EEG_MI.mat,4caeee5093a8313d1ebd6a1f3a0cb7b7596a6037ef136aa6c7de0a74c5fa3364,1178760,Lee2019_MI,Q15-E007,BROAD_EEGNET,20260926,0.2672249376773834,0.7327750325202942,2
s23_1_offline_train_t089,23,1,offline_train,2,session1/s23/sess01_subj23_EEG_MI.mat,4caeee5093a8313d1ebd6a1f3a0cb7b7596a6037ef136aa6c7de0a74c5fa3364,1189993,Lee2019_MI,Q15-E007,BROAD_EEGNET,20260926,0.3670007586479187,0.6329992413520813,2
s23_1_offline_train_t090,23,1,offline_train,2,session1/s23/sess01_subj23_EEG_MI.mat,4caeee5093a8313d1ebd6a1f3a0cb7b7596a6037ef136aa6c7de0a74c5fa3364,1201142,Lee2019_MI,Q15-E007,BROAD_EEGNET,20260926,0.955271303653717,0.04472866281867027,1
s23_1_offline_train_t091,23,1,offline_train,1,session1/s23/sess01_subj23_EEG_MI.mat,4caeee5093a8313d1ebd6a1f3a0cb7b7596a6037ef136aa6c7de0a74c5fa3364,1212109,Lee2019_MI,Q15-E007,BROAD_EEGNET,20260926,0.586199939250946,0.41380003094673157,1
s23_1_offline_train_t092,23,1,offline_train,1,session1/s23/sess01_subj23_EEG_MI.mat,4caeee5093a8313d1ebd6a1f3a0cb7b7596a6037ef136aa6c7de0a74c5fa3364,1222692,Lee2019_MI,Q15-E007,BROAD_EEGNET,20260926,0.7628336548805237,0.23716633021831512,1
s23_1_offline_train_t093,23,1,offline_train,2,session1/s23/sess01_subj23_EEG_MI.mat,4caeee5093a8313d1ebd6a1f3a0cb7b7596a6037ef136aa6c7de0a74c5fa3364,1234025,Lee2019_MI,Q15-E007,BROAD_EEGNET,20260926,0.20070016384124756,0.7992998361587524,2
s23_1_offline_train_t094,23,1,offline_train,1,session1/s23/sess01_subj23_EEG_MI.mat,4caeee5093a8313d1ebd6a1f3a0cb7b7596a6037ef136aa6c7de0a74c5fa3364,1244891,Lee2019_MI,Q15-E007,BROAD_EEGNET,20260926,0.30457019805908203,0.695429801940918,2
s23_1_offline_train_t095,23,1,offline_train,2,session1/s23/sess01_subj23_EEG_MI.mat,4caeee5093a8313d1ebd6a1f3a0cb7b7596a6037ef136aa6c7de0a74c5fa3364,1256041,Lee2019_MI,Q15-E007,BROAD_EEGNET,20260926,0.5420141220092773,0.45798587799072266,1
s23_1_offline_train_t096,23,1,offline_train,2,session1/s23/sess01_subj23_EEG_MI.mat,4caeee5093a8313d1ebd6a1f3a0cb7b7596a6037ef136aa6c7de0a74c5fa3364,1267358,Lee2019_MI,Q15-E007,BROAD_EEGNET,20260926,0.8561733961105347,0.14382658898830414,1
s23_1_offline_train_t097,23,1,offline_train,1,session1/s23/sess01_subj23_EEG_MI.mat,4caeee5093a8313d1ebd6a1f3a0cb7b7596a6037ef136aa6c7de0a74c5fa3364,1278041,Lee2019_MI,Q15-E007,BROAD_EEGNET,20260926,0.9606391787528992,0.03936078026890755,1
s23_1_offline_train_t098,23,1,offline_train,1,session1/s23/sess01_subj23_EEG_MI.mat,4caeee5093a8313d1ebd6a1f3a0cb7b7596a6037ef136aa6c7de0a74c5fa3364,1288724,Lee2019_MI,Q15-E007,BROAD_EEGNET,20260926,0.7395877838134766,0.26041221618652344,1
s23_1_offline_train_t099,23,1,offline_train,2,session1/s23/sess01_subj23_EEG_MI.mat,4caeee5093a8313d1ebd6a1f3a0cb7b7596a6037ef136aa6c7de0a74c5fa3364,1299874,Lee2019_MI,Q15-E007,BROAD_EEGNET,20260926,0.7314810752868652,0.26851892471313477,1
s23_1_offline_train_t100,23,1,offline_train,2,session1/s23/sess01_subj23_EEG_MI.mat,4caeee5093a8313d1ebd6a1f3a0cb7b7596a6037ef136aa6c7de0a74c5fa3364,1310923,Lee2019_MI,Q15-E007,BROAD_EEGNET,20260926,0.8700151443481445,0.12998485565185547,1
s23_2_offline_train_t001,23,2,offline_train,1,session2/s23/sess02_subj23_EEG_MI.mat,7eb982af294f5ecb1ebf7dc635a66ba28795835a64c167dcfc9678d2099388dd,150456,Lee2019_MI,Q15-E007,BROAD_EEGNET,20260926,0.63451087474823,0.36548909544944763,1
s23_2_offline_train_t002,23,2,offline_train,2,session2/s23/sess02_subj23_EEG_MI.mat,7eb982af294f5ecb1ebf7dc635a66ba28795835a64c167dcfc9678d2099388dd,161872,Lee2019_MI,Q15-E007,BROAD_EEGNET,20260926,0.14875735342502594,0.8512426614761353,2
s23_2_offline_train_t003,23,2,offline_train,1,session2/s23/sess02_subj23_EEG_MI.mat,7eb982af294f5ecb1ebf7dc635a66ba28795835a64c167dcfc9678d2099388dd,172555,Lee2019_MI,Q15-E007,BROAD_EEGNET,20260926,0.7865962982177734,0.21340374648571014,1
s23_2_offline_train_t004,23,2,offline_train,1,session2/s23/sess02_subj23_EEG_MI.mat,7eb982af294f5ecb1ebf7dc635a66ba28795835a64c167dcfc9678d2099388dd,183988,Lee2019_MI,Q15-E007,BROAD_EEGNET,20260926,0.7589592933654785,0.2410406619310379,1
s23_2_offline_train_t005,23,2,offline_train,2,session2/s23/sess02_subj23_EEG_MI.mat,7eb982af294f5ecb1ebf7dc635a66ba28795835a64c167dcfc9678d2099388dd,195121,Lee2019_MI,Q15-E007,BROAD_EEGNET,20260926,0.2205529659986496,0.779447078704834,2
s23_2_offline_train_t006,23,2,offline_train,2,session2/s23/sess02_subj23_EEG_MI.mat,7eb982af294f5ecb1ebf7dc635a66ba28795835a64c167dcfc9678d2099388dd,205805,Lee2019_MI,Q15-E007,BROAD_EEGNET,20260926,0.12647418677806854,0.8735257983207703,2
s23_2_offline_train_t007,23,2,offline_train,1,session2/s23/sess02_subj23_EEG_MI.mat,7eb982af294f5ecb1ebf7dc635a66ba28795835a64c167dcfc9678d2099388dd,216671,Lee2019_MI,Q15-E007,BROAD_EEGNET,20260926,0.888335108757019,0.11166491359472275,1
s23_2_offline_train_t008,23,2,offline_train,2,session2/s23/sess02_subj23_EEG_MI.mat,7eb982af294f5ecb1ebf7dc635a66ba28795835a64c167dcfc9678d2099388dd,227721,Lee2019_MI,Q15-E007,BROAD_EEGNET,20260926,0.41680148243904114,0.5831984877586365,2
s23_2_offline_train_t009,23,2,offline_train,1,session2/s23/sess02_subj23_EEG_MI.mat,7eb982af294f5ecb1ebf7dc635a66ba28795835a64c167dcfc9678d2099388dd,239237,Lee2019_MI,Q15-E007,BROAD_EEGNET,20260926,0.6089560389518738,0.3910439610481262,1
s23_2_offline_train_t010,23,2,offline_train,1,session2/s23/sess02_subj23_EEG_MI.mat,7eb982af294f5ecb1ebf7dc635a66ba28795835a64c167dcfc9678d2099388dd,250754,Lee2019_MI,Q15-E007,BROAD_EEGNET,20260926,0.5328607559204102,0.4671393036842346,1
s23_2_offline_train_t011,23,2,offline_train,2,session2/s23/sess02_subj23_EEG_MI.mat,7eb982af294f5ecb1ebf7dc635a66ba28795835a64c167dcfc9678d2099388dd,261437,Lee2019_MI,Q15-E007,BROAD_EEGNET,20260926,0.3101598918437958,0.6898401379585266,2
s23_2_offline_train_t012,23,2,offline_train,2,session2/s23/sess02_subj23_EEG_MI.mat,7eb982af294f5ecb1ebf7dc635a66ba28795835a64c167dcfc9678d2099388dd,272953,Lee2019_MI,Q15-E007,BROAD_EEGNET,20260926,0.18403401970863342,0.8159659504890442,2
s23_2_offline_train_t013,23,2,offline_train,1,session2/s23/sess02_subj23_EEG_MI.mat,7eb982af294f5ecb1ebf7dc635a66ba28795835a64c167dcfc9678d2099388dd,284470,Lee2019_MI,Q15-E007,BROAD_EEGNET,20260926,0.7443356513977051,0.2556643486022949,1
s23_2_offline_train_t014,23,2,offline_train,1,session2/s23/sess02_subj23_EEG_MI.mat,7eb982af294f5ecb1ebf7dc635a66ba28795835a64c167dcfc9678d2099388dd,295519,Lee2019_MI,Q15-E007,BROAD_EEGNET,20260926,0.748927652835846,0.25107237696647644,1
s23_2_offline_train_t015,23,2,offline_train,2,session2/s23/sess02_subj23_EEG_MI.mat,7eb982af294f5ecb1ebf7dc635a66ba28795835a64c167dcfc9678d2099388dd,306853,Lee2019_MI,Q15-E007,BROAD_EEGNET,20260926,0.39218804240226746,0.6078119874000549,2
s23_2_offline_train_t016,23,2,offline_train,1,session2/s23/sess02_subj23_EEG_MI.mat,7eb982af294f5ecb1ebf7dc635a66ba28795835a64c167dcfc9678d2099388dd,317536,Lee2019_MI,Q15-E007,BROAD_EEGNET,20260926,0.6772148013114929,0.32278522849082947,1
s23_2_offline_train_t017,23,2,offline_train,1,session2/s23/sess02_subj23_EEG_MI.mat,7eb982af294f5ecb1ebf7dc635a66ba28795835a64c167dcfc9678d2099388dd,328502,Lee2019_MI,Q15-E007,BROAD_EEGNET,20260926,0.9044034481048584,0.09559648483991623,1
s23_2_offline_train_t018,23,2,offline_train,1,session2/s23/sess02_subj23_EEG_MI.mat,7eb982af294f5ecb1ebf7dc635a66ba28795835a64c167dcfc9678d2099388dd,340019,Lee2019_MI,Q15-E007,BROAD_EEGNET,20260926,0.45456987619400024,0.5454301834106445,2
s23_2_offline_train_t019,23,2,offline_train,1,session2/s23/sess02_subj23_EEG_MI.mat,7eb982af294f5ecb1ebf7dc635a66ba28795835a64c167dcfc9678d2099388dd,351352,Lee2019_MI,Q15-E007,BROAD_EEGNET,20260926,0.25694507360458374,0.7430548667907715,2
s23_2_offline_train_t020,23,2,offline_train,2,session2/s23/sess02_subj23_EEG_MI.mat,7eb982af294f5ecb1ebf7dc635a66ba28795835a64c167dcfc9678d2099388dd,362868,Lee2019_MI,Q15-E007,BROAD_EEGNET,20260926,0.42588064074516296,0.5741193294525146,2
s23_2_offline_train_t021,23,2,offline_train,2,session2/s23/sess02_subj23_EEG_MI.mat,7eb982af294f5ecb1ebf7dc635a66ba28795835a64c167dcfc9678d2099388dd,374101,Lee2019_MI,Q15-E007,BROAD_EEGNET,20260926,0.28593021631240845,0.7140698432922363,2
s23_2_offline_train_t022,23,2,offline_train,1,session2/s23/sess02_subj23_EEG_MI.mat,7eb982af294f5ecb1ebf7dc635a66ba28795835a64c167dcfc9678d2099388dd,384685,Lee2019_MI,Q15-E007,BROAD_EEGNET,20260926,0.2855302095413208,0.7144697308540344,2
s23_2_offline_train_t023,23,2,offline_train,2,session2/s23/sess02_subj23_EEG_MI.mat,7eb982af294f5ecb1ebf7dc635a66ba28795835a64c167dcfc9678d2099388dd,396118,Lee2019_MI,Q15-E007,BROAD_EEGNET,20260926,0.35295262932777405,0.6470473408699036,2
s23_2_offline_train_t024,23,2,offline_train,2,session2/s23/sess02_subj23_EEG_MI.mat,7eb982af294f5ecb1ebf7dc635a66ba28795835a64c167dcfc9678d2099388dd,407634,Lee2019_MI,Q15-E007,BROAD_EEGNET,20260926,0.47965070605278015,0.5203492641448975,2
s23_2_offline_train_t025,23,2,offline_train,2,session2/s23/sess02_subj23_EEG_MI.mat,7eb982af294f5ecb1ebf7dc635a66ba28795835a64c167dcfc9678d2099388dd,418867,Lee2019_MI,Q15-E007,BROAD_EEGNET,20260926,0.440386027097702,0.5596140027046204,2
s23_2_offline_train_t026,23,2,offline_train,1,session2/s23/sess02_subj23_EEG_MI.mat,7eb982af294f5ecb1ebf7dc635a66ba28795835a64c167dcfc9678d2099388dd,430200,Lee2019_MI,Q15-E007,BROAD_EEGNET,20260926,0.7185187935829163,0.28148117661476135,1
s23_2_offline_train_t027,23,2,offline_train,2,session2/s23/sess02_subj23_EEG_MI.mat,7eb982af294f5ecb1ebf7dc635a66ba28795835a64c167dcfc9678d2099388dd,441533,Lee2019_MI,Q15-E007,BROAD_EEGNET,20260926,0.06307585537433624,0.936924159526825,2
s23_2_offline_train_t028,23,2,offline_train,1,session2/s23/sess02_subj23_EEG_MI.mat,7eb982af294f5ecb1ebf7dc635a66ba28795835a64c167dcfc9678d2099388dd,452483,Lee2019_MI,Q15-E007,BROAD_EEGNET,20260926,0.6366257667541504,0.363374263048172,1
s23_2_offline_train_t029,23,2,offline_train,1,session2/s23/sess02_subj23_EEG_MI.mat,7eb982af294f5ecb1ebf7dc635a66ba28795835a64c167dcfc9678d2099388dd,463733,Lee2019_MI,Q15-E007,BROAD_EEGNET,20260926,0.5829151272773743,0.41708484292030334,1
s23_2_offline_train_t030,23,2,offline_train,2,session2/s23/sess02_subj23_EEG_MI.mat,7eb982af294f5ecb1ebf7dc635a66ba28795835a64c167dcfc9678d2099388dd,474500,Lee2019_MI,Q15-E007,BROAD_EEGNET,20260926,0.4786641299724579,0.5213358998298645,2
s23_2_offline_train_t031,23,2,offline_train,1,session2/s23/sess02_subj23_EEG_MI.mat,7eb982af294f5ecb1ebf7dc635a66ba28795835a64c167dcfc9678d2099388dd,485749,Lee2019_MI,Q15-E007,BROAD_EEGNET,20260926,0.7498600482940674,0.2501399517059326,1
s23_2_offline_train_t032,23,2,offline_train,2,session2/s23/sess02_subj23_EEG_MI.mat,7eb982af294f5ecb1ebf7dc635a66ba28795835a64c167dcfc9678d2099388dd,496332,Lee2019_MI,Q15-E007,BROAD_EEGNET,20260926,0.2872432470321655,0.7127567529678345,2
s23_2_offline_train_t033,23,2,offline_train,1,session2/s23/sess02_subj23_EEG_MI.mat,7eb982af294f5ecb1ebf7dc635a66ba28795835a64c167dcfc9678d2099388dd,507199,Lee2019_MI,Q15-E007,BROAD_EEGNET,20260926,0.6756662130355835,0.3243338167667389,1
s23_2_offline_train_t034,23,2,offline_train,2,session2/s23/sess02_subj23_EEG_MI.mat,7eb982af294f5ecb1ebf7dc635a66ba28795835a64c167dcfc9678d2099388dd,517782,Lee2019_MI,Q15-E007,BROAD_EEGNET,20260926,0.4859967827796936,0.5140031576156616,2
s23_2_offline_train_t035,23,2,offline_train,2,session2/s23/sess02_subj23_EEG_MI.mat,7eb982af294f5ecb1ebf7dc635a66ba28795835a64c167dcfc9678d2099388dd,528465,Lee2019_MI,Q15-E007,BROAD_EEGNET,20260926,0.1486789733171463,0.8513209819793701,2
s23_2_offline_train_t036,23,2,offline_train,1,session2/s23/sess02_subj23_EEG_MI.mat,7eb982af294f5ecb1ebf7dc635a66ba28795835a64c167dcfc9678d2099388dd,539798,Lee2019_MI,Q15-E007,BROAD_EEGNET,20260926,0.7939409613609314,0.2060590237379074,1
s23_2_offline_train_t037,23,2,offline_train,1,session2/s23/sess02_subj23_EEG_MI.mat,7eb982af294f5ecb1ebf7dc635a66ba28795835a64c167dcfc9678d2099388dd,551031,Lee2019_MI,Q15-E007,BROAD_EEGNET,20260926,0.9553236365318298,0.04467633366584778,1
s23_2_offline_train_t038,23,2,offline_train,2,session2/s23/sess02_subj23_EEG_MI.mat,7eb982af294f5ecb1ebf7dc635a66ba28795835a64c167dcfc9678d2099388dd,561898,Lee2019_MI,Q15-E007,BROAD_EEGNET,20260926,0.07864953577518463,0.9213504791259766,2
s23_2_offline_train_t039,23,2,offline_train,1,session2/s23/sess02_subj23_EEG_MI.mat,7eb982af294f5ecb1ebf7dc635a66ba28795835a64c167dcfc9678d2099388dd,573414,Lee2019_MI,Q15-E007,BROAD_EEGNET,20260926,0.7442913055419922,0.2557087540626526,1
s23_2_offline_train_t040,23,2,offline_train,1,session2/s23/sess02_subj23_EEG_MI.mat,7eb982af294f5ecb1ebf7dc635a66ba28795835a64c167dcfc9678d2099388dd,584014,Lee2019_MI,Q15-E007,BROAD_EEGNET,20260926,0.6723088622093201,0.32769113779067993,1
s23_2_offline_train_t041,23,2,offline_train,1,session2/s23/sess02_subj23_EEG_MI.mat,7eb982af294f5ecb1ebf7dc635a66ba28795835a64c167dcfc9678d2099388dd,594964,Lee2019_MI,Q15-E007,BROAD_EEGNET,20260926,0.5443507432937622,0.4556492269039154,1
s23_2_offline_train_t042,23,2,offline_train,1,session2/s23/sess02_subj23_EEG_MI.mat,7eb982af294f5ecb1ebf7dc635a66ba28795835a64c167dcfc9678d2099388dd,605930,Lee2019_MI,Q15-E007,BROAD_EEGNET,20260926,0.3358105719089508,0.6641894578933716,2
s23_2_offline_train_t043,23,2,offline_train,2,session2/s23/sess02_subj23_EEG_MI.mat,7eb982af294f5ecb1ebf7dc635a66ba28795835a64c167dcfc9678d2099388dd,617263,Lee2019_MI,Q15-E007,BROAD_EEGNET,20260926,0.5916589498519897,0.40834107995033264,1
s23_2_offline_train_t044,23,2,offline_train,1,session2/s23/sess02_subj23_EEG_MI.mat,7eb982af294f5ecb1ebf7dc635a66ba28795835a64c167dcfc9678d2099388dd,628579,Lee2019_MI,Q15-E007,BROAD_EEGNET,20260926,0.7618070840835571,0.23819297552108765,1
s23_2_offline_train_t045,23,2,offline_train,2,session2/s23/sess02_subj23_EEG_MI.mat,7eb982af294f5ecb1ebf7dc635a66ba28795835a64c167dcfc9678d2099388dd,639363,Lee2019_MI,Q15-E007,BROAD_EEGNET,20260926,0.4986301362514496,0.501369833946228,2
s23_2_offline_train_t046,23,2,offline_train,1,session2/s23/sess02_subj23_EEG_MI.mat,7eb982af294f5ecb1ebf7dc635a66ba28795835a64c167dcfc9678d2099388dd,650413,Lee2019_MI,Q15-E007,BROAD_EEGNET,20260926,0.7439287900924683,0.2560712397098541,1
s23_2_offline_train_t047,23,2,offline_train,1,session2/s23/sess02_subj23_EEG_MI.mat,7eb982af294f5ecb1ebf7dc635a66ba28795835a64c167dcfc9678d2099388dd,661379,Lee2019_MI,Q15-E007,BROAD_EEGNET,20260926,0.41437646746635437,0.5856235027313232,2
s23_2_offline_train_t048,23,2,offline_train,1,session2/s23/sess02_subj23_EEG_MI.mat,7eb982af294f5ecb1ebf7dc635a66ba28795835a64c167dcfc9678d2099388dd,672612,Lee2019_MI,Q15-E007,BROAD_EEGNET,20260926,0.592962384223938,0.407037615776062,1
s23_2_offline_train_t049,23,2,offline_train,2,session2/s23/sess02_subj23_EEG_MI.mat,7eb982af294f5ecb1ebf7dc635a66ba28795835a64c167dcfc9678d2099388dd,683845,Lee2019_MI,Q15-E007,BROAD_EEGNET,20260926,0.23005488514900208,0.7699450850486755,2
s23_2_offline_train_t050,23,2,offline_train,1,session2/s23/sess02_subj23_EEG_MI.mat,7eb982af294f5ecb1ebf7dc635a66ba28795835a64c167dcfc9678d2099388dd,750544,Lee2019_MI,Q15-E007,BROAD_EEGNET,20260926,0.38585537672042847,0.6141446828842163,2
s23_2_offline_train_t051,23,2,offline_train,1,session2/s23/sess02_subj23_EEG_MI.mat,7eb982af294f5ecb1ebf7dc635a66ba28795835a64c167dcfc9678d2099388dd,761411,Lee2019_MI,Q15-E007,BROAD_EEGNET,20260926,0.6836516261100769,0.3163483142852783,1
s23_2_offline_train_t052,23,2,offline_train,1,session2/s23/sess02_subj23_EEG_MI.mat,7eb982af294f5ecb1ebf7dc635a66ba28795835a64c167dcfc9678d2099388dd,772644,Lee2019_MI,Q15-E007,BROAD_EEGNET,20260926,0.2687279284000397,0.7312721014022827,2
s23_2_offline_train_t053,23,2,offline_train,1,session2/s23/sess02_subj23_EEG_MI.mat,7eb982af294f5ecb1ebf7dc635a66ba28795835a64c167dcfc9678d2099388dd,783877,Lee2019_MI,Q15-E007,BROAD_EEGNET,20260926,0.43446776270866394,0.5655322074890137,2
s23_2_offline_train_t054,23,2,offline_train,2,session2/s23/sess02_subj23_EEG_MI.mat,7eb982af294f5ecb1ebf7dc635a66ba28795835a64c167dcfc9678d2099388dd,794560,Lee2019_MI,Q15-E007,BROAD_EEGNET,20260926,0.10552481561899185,0.8944751620292664,2
s23_2_offline_train_t055,23,2,offline_train,1,session2/s23/sess02_subj23_EEG_MI.mat,7eb982af294f5ecb1ebf7dc635a66ba28795835a64c167dcfc9678d2099388dd,805243,Lee2019_MI,Q15-E007,BROAD_EEGNET,20260926,0.6260420680046082,0.3739579916000366,1
s23_2_offline_train_t056,23,2,offline_train,1,session2/s23/sess02_subj23_EEG_MI.mat,7eb982af294f5ecb1ebf7dc635a66ba28795835a64c167dcfc9678d2099388dd,816293,Lee2019_MI,Q15-E007,BROAD_EEGNET,20260926,0.5740630030632019,0.4259369969367981,1
s23_2_offline_train_t057,23,2,offline_train,2,session2/s23/sess02_subj23_EEG_MI.mat,7eb982af294f5ecb1ebf7dc635a66ba28795835a64c167dcfc9678d2099388dd,827809,Lee2019_MI,Q15-E007,BROAD_EEGNET,20260926,0.43227943778038025,0.5677205920219421,2
s23_2_offline_train_t058,23,2,offline_train,2,session2/s23/sess02_subj23_EEG_MI.mat,7eb982af294f5ecb1ebf7dc635a66ba28795835a64c167dcfc9678d2099388dd,838676,Lee2019_MI,Q15-E007,BROAD_EEGNET,20260926,0.27499818801879883,0.725001871585846,2
s23_2_offline_train_t059,23,2,offline_train,1,session2/s23/sess02_subj23_EEG_MI.mat,7eb982af294f5ecb1ebf7dc635a66ba28795835a64c167dcfc9678d2099388dd,849826,Lee2019_MI,Q15-E007,BROAD_EEGNET,20260926,0.6977449655532837,0.3022550046443939,1
s23_2_offline_train_t060,23,2,offline_train,1,session2/s23/sess02_subj23_EEG_MI.mat,7eb982af294f5ecb1ebf7dc635a66ba28795835a64c167dcfc9678d2099388dd,860592,Lee2019_MI,Q15-E007,BROAD_EEGNET,20260926,0.5119142532348633,0.4880857765674591,1
s23_2_offline_train_t061,23,2,offline_train,2,session2/s23/sess02_subj23_EEG_MI.mat,7eb982af294f5ecb1ebf7dc635a66ba28795835a64c167dcfc9678d2099388dd,871925,Lee2019_MI,Q15-E007,BROAD_EEGNET,20260926,0.40921348333358765,0.5907865762710571,2
s23_2_offline_train_t062,23,2,offline_train,2,session2/s23/sess02_subj23_EEG_MI.mat,7eb982af294f5ecb1ebf7dc635a66ba28795835a64c167dcfc9678d2099388dd,882708,Lee2019_MI,Q15-E007,BROAD_EEGNET,20260926,0.1775912195444107,0.8224087357521057,2
s23_2_offline_train_t063,23,2,offline_train,1,session2/s23/sess02_subj23_EEG_MI.mat,7eb982af294f5ecb1ebf7dc635a66ba28795835a64c167dcfc9678d2099388dd,893758,Lee2019_MI,Q15-E007,BROAD_EEGNET,20260926,0.723796546459198,0.276203453540802,1
s23_2_offline_train_t064,23,2,offline_train,2,session2/s23/sess02_subj23_EEG_MI.mat,7eb982af294f5ecb1ebf7dc635a66ba28795835a64c167dcfc9678d2099388dd,904991,Lee2019_MI,Q15-E007,BROAD_EEGNET,20260926,0.3444368243217468,0.6555631756782532,2
s23_2_offline_train_t065,23,2,offline_train,2,session2/s23/sess02_subj23_EEG_MI.mat,7eb982af294f5ecb1ebf7dc635a66ba28795835a64c167dcfc9678d2099388dd,916424,Lee2019_MI,Q15-E007,BROAD_EEGNET,20260926,0.24313639104366302,0.756863534450531,2
s23_2_offline_train_t066,23,2,offline_train,2,session2/s23/sess02_subj23_EEG_MI.mat,7eb982af294f5ecb1ebf7dc635a66ba28795835a64c167dcfc9678d2099388dd,927941,Lee2019_MI,Q15-E007,BROAD_EEGNET,20260926,0.3821481168270111,0.6178518533706665,2
s23_2_offline_train_t067,23,2,offline_train,2,session2/s23/sess02_subj23_EEG_MI.mat,7eb982af294f5ecb1ebf7dc635a66ba28795835a64c167dcfc9678d2099388dd,939074,Lee2019_MI,Q15-E007,BROAD_EEGNET,20260926,0.22176681458950043,0.7782331705093384,2
s23_2_offline_train_t068,23,2,offline_train,1,session2/s23/sess02_subj23_EEG_MI.mat,7eb982af294f5ecb1ebf7dc635a66ba28795835a64c167dcfc9678d2099388dd,949757,Lee2019_MI,Q15-E007,BROAD_EEGNET,20260926,0.5596113204956055,0.44038867950439453,1
s23_2_offline_train_t069,23,2,offline_train,1,session2/s23/sess02_subj23_EEG_MI.mat,7eb982af294f5ecb1ebf7dc635a66ba28795835a64c167dcfc9678d2099388dd,960440,Lee2019_MI,Q15-E007,BROAD_EEGNET,20260926,0.501937210559845,0.49806278944015503,1
s23_2_offline_train_t070,23,2,offline_train,2,session2/s23/sess02_subj23_EEG_MI.mat,7eb982af294f5ecb1ebf7dc635a66ba28795835a64c167dcfc9678d2099388dd,971223,Lee2019_MI,Q15-E007,BROAD_EEGNET,20260926,0.21828630566596985,0.7817137241363525,2
s23_2_offline_train_t071,23,2,offline_train,1,session2/s23/sess02_subj23_EEG_MI.mat,7eb982af294f5ecb1ebf7dc635a66ba28795835a64c167dcfc9678d2099388dd,982640,Lee2019_MI,Q15-E007,BROAD_EEGNET,20260926,0.6855519413948059,0.3144480586051941,1
s23_2_offline_train_t072,23,2,offline_train,2,session2/s23/sess02_subj23_EEG_MI.mat,7eb982af294f5ecb1ebf7dc635a66ba28795835a64c167dcfc9678d2099388dd,993406,Lee2019_MI,Q15-E007,BROAD_EEGNET,20260926,0.04352990910410881,0.9564700722694397,2
s23_2_offline_train_t073,23,2,offline_train,2,session2/s23/sess02_subj23_EEG_MI.mat,7eb982af294f5ecb1ebf7dc635a66ba28795835a64c167dcfc9678d2099388dd,1004739,Lee2019_MI,Q15-E007,BROAD_EEGNET,20260926,0.6055128574371338,0.3944871425628662,1
s23_2_offline_train_t074,23,2,offline_train,2,session2/s23/sess02_subj23_EEG_MI.mat,7eb982af294f5ecb1ebf7dc635a66ba28795835a64c167dcfc9678d2099388dd,1015523,Lee2019_MI,Q15-E007,BROAD_EEGNET,20260926,0.33762285113334656,0.6623771786689758,2
s23_2_offline_train_t075,23,2,offline_train,1,session2/s23/sess02_subj23_EEG_MI.mat,7eb982af294f5ecb1ebf7dc635a66ba28795835a64c167dcfc9678d2099388dd,1027039,Lee2019_MI,Q15-E007,BROAD_EEGNET,20260926,0.3875889182090759,0.6124110221862793,2
s23_2_offline_train_t076,23,2,offline_train,2,session2/s23/sess02_subj23_EEG_MI.mat,7eb982af294f5ecb1ebf7dc635a66ba28795835a64c167dcfc9678d2099388dd,1037905,Lee2019_MI,Q15-E007,BROAD_EEGNET,20260926,0.36117610335350037,0.6388238668441772,2
s23_2_offline_train_t077,23,2,offline_train,1,session2/s23/sess02_subj23_EEG_MI.mat,7eb982af294f5ecb1ebf7dc635a66ba28795835a64c167dcfc9678d2099388dd,1048672,Lee2019_MI,Q15-E007,BROAD_EEGNET,20260926,0.5388568043708801,0.4611431658267975,1
s23_2_offline_train_t078,23,2,offline_train,1,session2/s23/sess02_subj23_EEG_MI.mat,7eb982af294f5ecb1ebf7dc635a66ba28795835a64c167dcfc9678d2099388dd,1059455,Lee2019_MI,Q15-E007,BROAD_EEGNET,20260926,0.36191993951797485,0.6380801200866699,2
s23_2_offline_train_t079,23,2,offline_train,2,session2/s23/sess02_subj23_EEG_MI.mat,7eb982af294f5ecb1ebf7dc635a66ba28795835a64c167dcfc9678d2099388dd,1070588,Lee2019_MI,Q15-E007,BROAD_EEGNET,20260926,0.5088828206062317,0.4911171793937683,1
s23_2_offline_train_t080,23,2,offline_train,2,session2/s23/sess02_subj23_EEG_MI.mat,7eb982af294f5ecb1ebf7dc635a66ba28795835a64c167dcfc9678d2099388dd,1081655,Lee2019_MI,Q15-E007,BROAD_EEGNET,20260926,0.4468345046043396,0.5531654953956604,2
s23_2_offline_train_t081,23,2,offline_train,2,session2/s23/sess02_subj23_EEG_MI.mat,7eb982af294f5ecb1ebf7dc635a66ba28795835a64c167dcfc9678d2099388dd,1092521,Lee2019_MI,Q15-E007,BROAD_EEGNET,20260926,0.6156629323959351,0.38433706760406494,1
s23_2_offline_train_t082,23,2,offline_train,1,session2/s23/sess02_subj23_EEG_MI.mat,7eb982af294f5ecb1ebf7dc635a66ba28795835a64c167dcfc9678d2099388dd,1103938,Lee2019_MI,Q15-E007,BROAD_EEGNET,20260926,0.7788777947425842,0.22112223505973816,1
s23_2_offline_train_t083,23,2,offline_train,2,session2/s23/sess02_subj23_EEG_MI.mat,7eb982af294f5ecb1ebf7dc635a66ba28795835a64c167dcfc9678d2099388dd,1115087,Lee2019_MI,Q15-E007,BROAD_EEGNET,20260926,0.3048214316368103,0.6951785683631897,2
s23_2_offline_train_t084,23,2,offline_train,2,session2/s23/sess02_subj23_EEG_MI.mat,7eb982af294f5ecb1ebf7dc635a66ba28795835a64c167dcfc9678d2099388dd,1126220,Lee2019_MI,Q15-E007,BROAD_EEGNET,20260926,0.18861988186836243,0.81138014793396,2
s23_2_offline_train_t085,23,2,offline_train,1,session2/s23/sess02_subj23_EEG_MI.mat,7eb982af294f5ecb1ebf7dc635a66ba28795835a64c167dcfc9678d2099388dd,1137654,Lee2019_MI,Q15-E007,BROAD_EEGNET,20260926,0.8429816961288452,0.1570182889699936,1
s23_2_offline_train_t086,23,2,offline_train,2,session2/s23/sess02_subj23_EEG_MI.mat,7eb982af294f5ecb1ebf7dc635a66ba28795835a64c167dcfc9678d2099388dd,1148520,Lee2019_MI,Q15-E007,BROAD_EEGNET,20260926,0.42130544781684875,0.5786945223808289,2
s23_2_offline_train_t087,23,2,offline_train,1,session2/s23/sess02_subj23_EEG_MI.mat,7eb982af294f5ecb1ebf7dc635a66ba28795835a64c167dcfc9678d2099388dd,1159853,Lee2019_MI,Q15-E007,BROAD_EEGNET,20260926,0.7023330330848694,0.2976669371128082,1
s23_2_offline_train_t088,23,2,offline_train,2,session2/s23/sess02_subj23_EEG_MI.mat,7eb982af294f5ecb1ebf7dc635a66ba28795835a64c167dcfc9678d2099388dd,1171186,Lee2019_MI,Q15-E007,BROAD_EEGNET,20260926,0.49383747577667236,0.5061625242233276,2
s23_2_offline_train_t089,23,2,offline_train,2,session2/s23/sess02_subj23_EEG_MI.mat,7eb982af294f5ecb1ebf7dc635a66ba28795835a64c167dcfc9678d2099388dd,1182136,Lee2019_MI,Q15-E007,BROAD_EEGNET,20260926,0.9596928358078003,0.040307167917490005,1
s23_2_offline_train_t090,23,2,offline_train,2,session2/s23/sess02_subj23_EEG_MI.mat,7eb982af294f5ecb1ebf7dc635a66ba28795835a64c167dcfc9678d2099388dd,1193286,Lee2019_MI,Q15-E007,BROAD_EEGNET,20260926,0.37035641074180603,0.6296435594558716,2
s23_2_offline_train_t091,23,2,offline_train,2,session2/s23/sess02_subj23_EEG_MI.mat,7eb982af294f5ecb1ebf7dc635a66ba28795835a64c167dcfc9678d2099388dd,1203869,Lee2019_MI,Q15-E007,BROAD_EEGNET,20260926,0.2301977425813675,0.7698022723197937,2
s23_2_offline_train_t092,23,2,offline_train,2,session2/s23/sess02_subj23_EEG_MI.mat,7eb982af294f5ecb1ebf7dc635a66ba28795835a64c167dcfc9678d2099388dd,1214469,Lee2019_MI,Q15-E007,BROAD_EEGNET,20260926,0.10545413196086884,0.89454585313797,2
s23_2_offline_train_t093,23,2,offline_train,1,session2/s23/sess02_subj23_EEG_MI.mat,7eb982af294f5ecb1ebf7dc635a66ba28795835a64c167dcfc9678d2099388dd,1225519,Lee2019_MI,Q15-E007,BROAD_EEGNET,20260926,0.7636280059814453,0.2363719344139099,1
s23_2_offline_train_t094,23,2,offline_train,2,session2/s23/sess02_subj23_EEG_MI.mat,7eb982af294f5ecb1ebf7dc635a66ba28795835a64c167dcfc9678d2099388dd,1236852,Lee2019_MI,Q15-E007,BROAD_EEGNET,20260926,0.17800450325012207,0.8219954967498779,2
s23_2_offline_train_t095,23,2,offline_train,1,session2/s23/sess02_subj23_EEG_MI.mat,7eb982af294f5ecb1ebf7dc635a66ba28795835a64c167dcfc9678d2099388dd,1248368,Lee2019_MI,Q15-E007,BROAD_EEGNET,20260926,0.889535665512085,0.11046425998210907,1
s23_2_offline_train_t096,23,2,offline_train,1,session2/s23/sess02_subj23_EEG_MI.mat,7eb982af294f5ecb1ebf7dc635a66ba28795835a64c167dcfc9678d2099388dd,1259051,Lee2019_MI,Q15-E007,BROAD_EEGNET,20260926,0.5895125269889832,0.41048741340637207,1
s23_2_offline_train_t097,23,2,offline_train,2,session2/s23/sess02_subj23_EEG_MI.mat,7eb982af294f5ecb1ebf7dc635a66ba28795835a64c167dcfc9678d2099388dd,1270185,Lee2019_MI,Q15-E007,BROAD_EEGNET,20260926,0.4906160831451416,0.5093838572502136,2
s23_2_offline_train_t098,23,2,offline_train,1,session2/s23/sess02_subj23_EEG_MI.mat,7eb982af294f5ecb1ebf7dc635a66ba28795835a64c167dcfc9678d2099388dd,1281234,Lee2019_MI,Q15-E007,BROAD_EEGNET,20260926,0.6857008337974548,0.31429916620254517,1
s23_2_offline_train_t099,23,2,offline_train,2,session2/s23/sess02_subj23_EEG_MI.mat,7eb982af294f5ecb1ebf7dc635a66ba28795835a64c167dcfc9678d2099388dd,1291834,Lee2019_MI,Q15-E007,BROAD_EEGNET,20260926,0.5614495873451233,0.4385504126548767,1
s23_2_offline_train_t100,23,2,offline_train,2,session2/s23/sess02_subj23_EEG_MI.mat,7eb982af294f5ecb1ebf7dc635a66ba28795835a64c167dcfc9678d2099388dd,1302700,Lee2019_MI,Q15-E007,BROAD_EEGNET,20260926,0.31515637040138245,0.6848436594009399,2
s23_1_offline_train_t001,23,1,offline_train,1,session1/s23/sess01_subj23_EEG_MI.mat,4caeee5093a8313d1ebd6a1f3a0cb7b7596a6037ef136aa6c7de0a74c5fa3364,184778,Lee2019_MI,Q15-E007,MU_BETA_SHARED,20260924,0.6473134756088257,0.3526865541934967,1
s23_1_offline_train_t002,23,1,offline_train,1,session1/s23/sess01_subj23_EEG_MI.mat,4caeee5093a8313d1ebd6a1f3a0cb7b7596a6037ef136aa6c7de0a74c5fa3364,195645,Lee2019_MI,Q15-E007,MU_BETA_SHARED,20260924,0.8959537744522095,0.10404624044895172,1
s23_1_offline_train_t003,23,1,offline_train,1,session1/s23/sess01_subj23_EEG_MI.mat,4caeee5093a8313d1ebd6a1f3a0cb7b7596a6037ef136aa6c7de0a74c5fa3364,206512,Lee2019_MI,Q15-E007,MU_BETA_SHARED,20260924,0.8637985587120056,0.1362013965845108,1
s23_1_offline_train_t004,23,1,offline_train,2,session1/s23/sess01_subj23_EEG_MI.mat,4caeee5093a8313d1ebd6a1f3a0cb7b7596a6037ef136aa6c7de0a74c5fa3364,217378,Lee2019_MI,Q15-E007,MU_BETA_SHARED,20260924,0.5535551309585571,0.44644486904144287,1
s23_1_offline_train_t005,23,1,offline_train,2,session1/s23/sess01_subj23_EEG_MI.mat,4caeee5093a8313d1ebd6a1f3a0cb7b7596a6037ef136aa6c7de0a74c5fa3364,228428,Lee2019_MI,Q15-E007,MU_BETA_SHARED,20260924,0.31198301911354065,0.6880170106887817,2
s23_1_offline_train_t006,23,1,offline_train,1,session1/s23/sess01_subj23_EEG_MI.mat,4caeee5093a8313d1ebd6a1f3a0cb7b7596a6037ef136aa6c7de0a74c5fa3364,239678,Lee2019_MI,Q15-E007,MU_BETA_SHARED,20260924,0.8318844437599182,0.1681155115365982,1
s23_1_offline_train_t007,23,1,offline_train,1,session1/s23/sess01_subj23_EEG_MI.mat,4caeee5093a8313d1ebd6a1f3a0cb7b7596a6037ef136aa6c7de0a74c5fa3364,250261,Lee2019_MI,Q15-E007,MU_BETA_SHARED,20260924,0.9326989054679871,0.06730107963085175,1
s23_1_offline_train_t008,23,1,offline_train,2,session1/s23/sess01_subj23_EEG_MI.mat,4caeee5093a8313d1ebd6a1f3a0cb7b7596a6037ef136aa6c7de0a74c5fa3364,261677,Lee2019_MI,Q15-E007,MU_BETA_SHARED,20260924,0.6773670315742493,0.3226330280303955,1
s23_1_offline_train_t009,23,1,offline_train,2,session1/s23/sess01_subj23_EEG_MI.mat,4caeee5093a8313d1ebd6a1f3a0cb7b7596a6037ef136aa6c7de0a74c5fa3364,272827,Lee2019_MI,Q15-E007,MU_BETA_SHARED,20260924,0.7169235348701477,0.2830764949321747,1
s23_1_offline_train_t010,23,1,offline_train,1,session1/s23/sess01_subj23_EEG_MI.mat,4caeee5093a8313d1ebd6a1f3a0cb7b7596a6037ef136aa6c7de0a74c5fa3364,284243,Lee2019_MI,Q15-E007,MU_BETA_SHARED,20260924,0.9034999012947083,0.09650008380413055,1
s23_1_offline_train_t011,23,1,offline_train,2,session1/s23/sess01_subj23_EEG_MI.mat,4caeee5093a8313d1ebd6a1f3a0cb7b7596a6037ef136aa6c7de0a74c5fa3364,295110,Lee2019_MI,Q15-E007,MU_BETA_SHARED,20260924,0.19114278256893158,0.8088572025299072,2
s23_1_offline_train_t012,23,1,offline_train,2,session1/s23/sess01_subj23_EEG_MI.mat,4caeee5093a8313d1ebd6a1f3a0cb7b7596a6037ef136aa6c7de0a74c5fa3364,306076,Lee2019_MI,Q15-E007,MU_BETA_SHARED,20260924,0.37206393480300903,0.627936065196991,2
s23_1_offline_train_t013,23,1,offline_train,1,session1/s23/sess01_subj23_EEG_MI.mat,4caeee5093a8313d1ebd6a1f3a0cb7b7596a6037ef136aa6c7de0a74c5fa3364,316659,Lee2019_MI,Q15-E007,MU_BETA_SHARED,20260924,0.8749918341636658,0.12500815093517303,1
s23_1_offline_train_t014,23,1,offline_train,2,session1/s23/sess01_subj23_EEG_MI.mat,4caeee5093a8313d1ebd6a1f3a0cb7b7596a6037ef136aa6c7de0a74c5fa3364,327443,Lee2019_MI,Q15-E007,MU_BETA_SHARED,20260924,0.5624099969863892,0.43758997321128845,1
s23_1_offline_train_t015,23,1,offline_train,1,session1/s23/sess01_subj23_EEG_MI.mat,4caeee5093a8313d1ebd6a1f3a0cb7b7596a6037ef136aa6c7de0a74c5fa3364,338676,Lee2019_MI,Q15-E007,MU_BETA_SHARED,20260924,0.8588645458221436,0.14113549888134003,1
s23_1_offline_train_t016,23,1,offline_train,1,session1/s23/sess01_subj23_EEG_MI.mat,4caeee5093a8313d1ebd6a1f3a0cb7b7596a6037ef136aa6c7de0a74c5fa3364,349542,Lee2019_MI,Q15-E007,MU_BETA_SHARED,20260924,0.7788177132606506,0.22118234634399414,1
s23_1_offline_train_t017,23,1,offline_train,2,session1/s23/sess01_subj23_EEG_MI.mat,4caeee5093a8313d1ebd6a1f3a0cb7b7596a6037ef136aa6c7de0a74c5fa3364,360975,Lee2019_MI,Q15-E007,MU_BETA_SHARED,20260924,0.08996354043483734,0.9100365042686462,2
s23_1_offline_train_t018,23,1,offline_train,2,session1/s23/sess01_subj23_EEG_MI.mat,4caeee5093a8313d1ebd6a1f3a0cb7b7596a6037ef136aa6c7de0a74c5fa3364,371642,Lee2019_MI,Q15-E007,MU_BETA_SHARED,20260924,0.9295861721038818,0.07041382789611816,1
s23_1_offline_train_t019,23,1,offline_train,2,session1/s23/sess01_subj23_EEG_MI.mat,4caeee5093a8313d1ebd6a1f3a0cb7b7596a6037ef136aa6c7de0a74c5fa3364,383158,Lee2019_MI,Q15-E007,MU_BETA_SHARED,20260924,0.3356438875198364,0.6643561124801636,2
s23_1_offline_train_t020,23,1,offline_train,1,session1/s23/sess01_subj23_EEG_MI.mat,4caeee5093a8313d1ebd6a1f3a0cb7b7596a6037ef136aa6c7de0a74c5fa3364,394225,Lee2019_MI,Q15-E007,MU_BETA_SHARED,20260924,0.8162892460823059,0.1837107092142105,1
s23_1_offline_train_t021,23,1,offline_train,2,session1/s23/sess01_subj23_EEG_MI.mat,4caeee5093a8313d1ebd6a1f3a0cb7b7596a6037ef136aa6c7de0a74c5fa3364,405458,Lee2019_MI,Q15-E007,MU_BETA_SHARED,20260924,0.12070928514003754,0.8792906999588013,2
s23_1_offline_train_t022,23,1,offline_train,2,session1/s23/sess01_subj23_EEG_MI.mat,4caeee5093a8313d1ebd6a1f3a0cb7b7596a6037ef136aa6c7de0a74c5fa3364,416974,Lee2019_MI,Q15-E007,MU_BETA_SHARED,20260924,0.26269689202308655,0.7373030781745911,2
s23_1_offline_train_t023,23,1,offline_train,1,session1/s23/sess01_subj23_EEG_MI.mat,4caeee5093a8313d1ebd6a1f3a0cb7b7596a6037ef136aa6c7de0a74c5fa3364,427841,Lee2019_MI,Q15-E007,MU_BETA_SHARED,20260924,0.8532390594482422,0.14676088094711304,1
s23_1_offline_train_t024,23,1,offline_train,2,session1/s23/sess01_subj23_EEG_MI.mat,4caeee5093a8313d1ebd6a1f3a0cb7b7596a6037ef136aa6c7de0a74c5fa3364,438807,Lee2019_MI,Q15-E007,MU_BETA_SHARED,20260924,0.5342743992805481,0.4657256305217743,1
s23_1_offline_train_t025,23,1,offline_train,1,session1/s23/sess01_subj23_EEG_MI.mat,4caeee5093a8313d1ebd6a1f3a0cb7b7596a6037ef136aa6c7de0a74c5fa3364,449857,Lee2019_MI,Q15-E007,MU_BETA_SHARED,20260924,0.8260630369186401,0.17393694818019867,1
s23_1_offline_train_t026,23,1,offline_train,1,session1/s23/sess01_subj23_EEG_MI.mat,4caeee5093a8313d1ebd6a1f3a0cb7b7596a6037ef136aa6c7de0a74c5fa3364,461190,Lee2019_MI,Q15-E007,MU_BETA_SHARED,20260924,0.9150233268737793,0.08497664332389832,1
s23_1_offline_train_t027,23,1,offline_train,1,session1/s23/sess01_subj23_EEG_MI.mat,4caeee5093a8313d1ebd6a1f3a0cb7b7596a6037ef136aa6c7de0a74c5fa3364,472523,Lee2019_MI,Q15-E007,MU_BETA_SHARED,20260924,0.8168541789054871,0.18314586579799652,1
s23_1_offline_train_t028,23,1,offline_train,2,session1/s23/sess01_subj23_EEG_MI.mat,4caeee5093a8313d1ebd6a1f3a0cb7b7596a6037ef136aa6c7de0a74c5fa3364,483190,Lee2019_MI,Q15-E007,MU_BETA_SHARED,20260924,0.48966577649116516,0.5103341937065125,2
s23_1_offline_train_t029,23,1,offline_train,1,session1/s23/sess01_subj23_EEG_MI.mat,4caeee5093a8313d1ebd6a1f3a0cb7b7596a6037ef136aa6c7de0a74c5fa3364,493873,Lee2019_MI,Q15-E007,MU_BETA_SHARED,20260924,0.5881626009941101,0.4118373990058899,1
s23_1_offline_train_t030,23,1,offline_train,2,session1/s23/sess01_subj23_EEG_MI.mat,4caeee5093a8313d1ebd6a1f3a0cb7b7596a6037ef136aa6c7de0a74c5fa3364,504739,Lee2019_MI,Q15-E007,MU_BETA_SHARED,20260924,0.12542034685611725,0.874579668045044,2
s23_1_offline_train_t031,23,1,offline_train,1,session1/s23/sess01_subj23_EEG_MI.mat,4caeee5093a8313d1ebd6a1f3a0cb7b7596a6037ef136aa6c7de0a74c5fa3364,515339,Lee2019_MI,Q15-E007,MU_BETA_SHARED,20260924,0.9731403589248657,0.02685965783894062,1
s23_1_offline_train_t032,23,1,offline_train,1,session1/s23/sess01_subj23_EEG_MI.mat,4caeee5093a8313d1ebd6a1f3a0cb7b7596a6037ef136aa6c7de0a74c5fa3364,526389,Lee2019_MI,Q15-E007,MU_BETA_SHARED,20260924,0.8690004944801331,0.13099946081638336,1
s23_1_offline_train_t033,23,1,offline_train,2,session1/s23/sess01_subj23_EEG_MI.mat,4caeee5093a8313d1ebd6a1f3a0cb7b7596a6037ef136aa6c7de0a74c5fa3364,537255,Lee2019_MI,Q15-E007,MU_BETA_SHARED,20260924,0.5192687511444092,0.4807312488555908,1
s23_1_offline_train_t034,23,1,offline_train,1,session1/s23/sess01_subj23_EEG_MI.mat,4caeee5093a8313d1ebd6a1f3a0cb7b7596a6037ef136aa6c7de0a74c5fa3364,548022,Lee2019_MI,Q15-E007,MU_BETA_SHARED,20260924,0.5488803386688232,0.45111966133117676,1
s23_1_offline_train_t035,23,1,offline_train,1,session1/s23/sess01_subj23_EEG_MI.mat,4caeee5093a8313d1ebd6a1f3a0cb7b7596a6037ef136aa6c7de0a74c5fa3364,558804,Lee2019_MI,Q15-E007,MU_BETA_SHARED,20260924,0.8142618536949158,0.18573810160160065,1
s23_1_offline_train_t036,23,1,offline_train,1,session1/s23/sess01_subj23_EEG_MI.mat,4caeee5093a8313d1ebd6a1f3a0cb7b7596a6037ef136aa6c7de0a74c5fa3364,570221,Lee2019_MI,Q15-E007,MU_BETA_SHARED,20260924,0.8472389578819275,0.15276102721691132,1
s23_1_offline_train_t037,23,1,offline_train,2,session1/s23/sess01_subj23_EEG_MI.mat,4caeee5093a8313d1ebd6a1f3a0cb7b7596a6037ef136aa6c7de0a74c5fa3364,581454,Lee2019_MI,Q15-E007,MU_BETA_SHARED,20260924,0.6393371820449829,0.3606628179550171,1
s23_1_offline_train_t038,23,1,offline_train,1,session1/s23/sess01_subj23_EEG_MI.mat,4caeee5093a8313d1ebd6a1f3a0cb7b7596a6037ef136aa6c7de0a74c5fa3364,592521,Lee2019_MI,Q15-E007,MU_BETA_SHARED,20260924,0.9536925554275513,0.04630747437477112,1
s23_1_offline_train_t039,23,1,offline_train,1,session1/s23/sess01_subj23_EEG_MI.mat,4caeee5093a8313d1ebd6a1f3a0cb7b7596a6037ef136aa6c7de0a74c5fa3364,604037,Lee2019_MI,Q15-E007,MU_BETA_SHARED,20260924,0.9688282608985901,0.03117179311811924,1
s23_1_offline_train_t040,23,1,offline_train,1,session1/s23/sess01_subj23_EEG_MI.mat,4caeee5093a8313d1ebd6a1f3a0cb7b7596a6037ef136aa6c7de0a74c5fa3364,614703,Lee2019_MI,Q15-E007,MU_BETA_SHARED,20260924,0.8907191753387451,0.10928082466125488,1
s23_1_offline_train_t041,23,1,offline_train,2,session1/s23/sess01_subj23_EEG_MI.mat,4caeee5093a8313d1ebd6a1f3a0cb7b7596a6037ef136aa6c7de0a74c5fa3364,626037,Lee2019_MI,Q15-E007,MU_BETA_SHARED,20260924,0.3209167718887329,0.6790832281112671,2
s23_1_offline_train_t042,23,1,offline_train,2,session1/s23/sess01_subj23_EEG_MI.mat,4caeee5093a8313d1ebd6a1f3a0cb7b7596a6037ef136aa6c7de0a74c5fa3364,637370,Lee2019_MI,Q15-E007,MU_BETA_SHARED,20260924,0.13390035927295685,0.8660996556282043,2
s23_1_offline_train_t043,23,1,offline_train,2,session1/s23/sess01_subj23_EEG_MI.mat,4caeee5093a8313d1ebd6a1f3a0cb7b7596a6037ef136aa6c7de0a74c5fa3364,648520,Lee2019_MI,Q15-E007,MU_BETA_SHARED,20260924,0.24519191682338715,0.7548080682754517,2
s23_1_offline_train_t044,23,1,offline_train,1,session1/s23/sess01_subj23_EEG_MI.mat,4caeee5093a8313d1ebd6a1f3a0cb7b7596a6037ef136aa6c7de0a74c5fa3364,659286,Lee2019_MI,Q15-E007,MU_BETA_SHARED,20260924,0.9472929835319519,0.05270706117153168,1
s23_1_offline_train_t045,23,1,offline_train,2,session1/s23/sess01_subj23_EEG_MI.mat,4caeee5093a8313d1ebd6a1f3a0cb7b7596a6037ef136aa6c7de0a74c5fa3364,670435,Lee2019_MI,Q15-E007,MU_BETA_SHARED,20260924,0.539237916469574,0.4607621431350708,1
s23_1_offline_train_t046,23,1,offline_train,2,session1/s23/sess01_subj23_EEG_MI.mat,4caeee5093a8313d1ebd6a1f3a0cb7b7596a6037ef136aa6c7de0a74c5fa3364,681302,Lee2019_MI,Q15-E007,MU_BETA_SHARED,20260924,0.43899083137512207,0.5610091686248779,2
s23_1_offline_train_t047,23,1,offline_train,2,session1/s23/sess01_subj23_EEG_MI.mat,4caeee5093a8313d1ebd6a1f3a0cb7b7596a6037ef136aa6c7de0a74c5fa3364,691985,Lee2019_MI,Q15-E007,MU_BETA_SHARED,20260924,0.1336168497800827,0.8663831949234009,2
s23_1_offline_train_t048,23,1,offline_train,1,session1/s23/sess01_subj23_EEG_MI.mat,4caeee5093a8313d1ebd6a1f3a0cb7b7596a6037ef136aa6c7de0a74c5fa3364,702752,Lee2019_MI,Q15-E007,MU_BETA_SHARED,20260924,0.5570606589317322,0.44293931126594543,1
s23_1_offline_train_t049,23,1,offline_train,2,session1/s23/sess01_subj23_EEG_MI.mat,4caeee5093a8313d1ebd6a1f3a0cb7b7596a6037ef136aa6c7de0a74c5fa3364,714185,Lee2019_MI,Q15-E007,MU_BETA_SHARED,20260924,0.22318732738494873,0.7768126726150513,2
s23_1_offline_train_t050,23,1,offline_train,1,session1/s23/sess01_subj23_EEG_MI.mat,4caeee5093a8313d1ebd6a1f3a0cb7b7596a6037ef136aa6c7de0a74c5fa3364,762101,Lee2019_MI,Q15-E007,MU_BETA_SHARED,20260924,0.4218844175338745,0.5781156420707703,2
s23_1_offline_train_t051,23,1,offline_train,2,session1/s23/sess01_subj23_EEG_MI.mat,4caeee5093a8313d1ebd6a1f3a0cb7b7596a6037ef136aa6c7de0a74c5fa3364,772884,Lee2019_MI,Q15-E007,MU_BETA_SHARED,20260924,0.23979833722114563,0.7602016925811768,2
s23_1_offline_train_t052,23,1,offline_train,2,session1/s23/sess01_subj23_EEG_MI.mat,4caeee5093a8313d1ebd6a1f3a0cb7b7596a6037ef136aa6c7de0a74c5fa3364,783467,Lee2019_MI,Q15-E007,MU_BETA_SHARED,20260924,0.5569714903831482,0.4430285394191742,1
s23_1_offline_train_t053,23,1,offline_train,2,session1/s23/sess01_subj23_EEG_MI.mat,4caeee5093a8313d1ebd6a1f3a0cb7b7596a6037ef136aa6c7de0a74c5fa3364,794433,Lee2019_MI,Q15-E007,MU_BETA_SHARED,20260924,0.3805140554904938,0.6194859743118286,2
s23_1_offline_train_t054,23,1,offline_train,2,session1/s23/sess01_subj23_EEG_MI.mat,4caeee5093a8313d1ebd6a1f3a0cb7b7596a6037ef136aa6c7de0a74c5fa3364,805017,Lee2019_MI,Q15-E007,MU_BETA_SHARED,20260924,0.10474217683076859,0.895257830619812,2
s23_1_offline_train_t055,23,1,offline_train,1,session1/s23/sess01_subj23_EEG_MI.mat,4caeee5093a8313d1ebd6a1f3a0cb7b7596a6037ef136aa6c7de0a74c5fa3364,816450,Lee2019_MI,Q15-E007,MU_BETA_SHARED,20260924,0.6863483190536499,0.3136516809463501,1
s23_1_offline_train_t056,23,1,offline_train,1,session1/s23/sess01_subj23_EEG_MI.mat,4caeee5093a8313d1ebd6a1f3a0cb7b7596a6037ef136aa6c7de0a74c5fa3364,827216,Lee2019_MI,Q15-E007,MU_BETA_SHARED,20260924,0.9602714776992798,0.039728496223688126,1
s23_1_offline_train_t057,23,1,offline_train,1,session1/s23/sess01_subj23_EEG_MI.mat,4caeee5093a8313d1ebd6a1f3a0cb7b7596a6037ef136aa6c7de0a74c5fa3364,837899,Lee2019_MI,Q15-E007,MU_BETA_SHARED,20260924,0.49011412262916565,0.5098859071731567,2
s23_1_offline_train_t058,23,1,offline_train,2,session1/s23/sess01_subj23_EEG_MI.mat,4caeee5093a8313d1ebd6a1f3a0cb7b7596a6037ef136aa6c7de0a74c5fa3364,848766,Lee2019_MI,Q15-E007,MU_BETA_SHARED,20260924,0.6936475038528442,0.3063524663448334,1
s23_1_offline_train_t059,23,1,offline_train,1,session1/s23/sess01_subj23_EEG_MI.mat,4caeee5093a8313d1ebd6a1f3a0cb7b7596a6037ef136aa6c7de0a74c5fa3364,859816,Lee2019_MI,Q15-E007,MU_BETA_SHARED,20260924,0.7994118928909302,0.20058809220790863,1
s23_1_offline_train_t060,23,1,offline_train,1,session1/s23/sess01_subj23_EEG_MI.mat,4caeee5093a8313d1ebd6a1f3a0cb7b7596a6037ef136aa6c7de0a74c5fa3364,870499,Lee2019_MI,Q15-E007,MU_BETA_SHARED,20260924,0.9020649790763855,0.09793498367071152,1
s23_1_offline_train_t061,23,1,offline_train,1,session1/s23/sess01_subj23_EEG_MI.mat,4caeee5093a8313d1ebd6a1f3a0cb7b7596a6037ef136aa6c7de0a74c5fa3364,882015,Lee2019_MI,Q15-E007,MU_BETA_SHARED,20260924,0.9013115763664246,0.09868838638067245,1
s23_1_offline_train_t062,23,1,offline_train,2,session1/s23/sess01_subj23_EEG_MI.mat,4caeee5093a8313d1ebd6a1f3a0cb7b7596a6037ef136aa6c7de0a74c5fa3364,892882,Lee2019_MI,Q15-E007,MU_BETA_SHARED,20260924,0.3482048511505127,0.6517951488494873,2
s23_1_offline_train_t063,23,1,offline_train,1,session1/s23/sess01_subj23_EEG_MI.mat,4caeee5093a8313d1ebd6a1f3a0cb7b7596a6037ef136aa6c7de0a74c5fa3364,903748,Lee2019_MI,Q15-E007,MU_BETA_SHARED,20260924,0.8473039865493774,0.15269598364830017,1
s23_1_offline_train_t064,23,1,offline_train,1,session1/s23/sess01_subj23_EEG_MI.mat,4caeee5093a8313d1ebd6a1f3a0cb7b7596a6037ef136aa6c7de0a74c5fa3364,914330,Lee2019_MI,Q15-E007,MU_BETA_SHARED,20260924,0.9009915590286255,0.0990084558725357,1
s23_1_offline_train_t065,23,1,offline_train,1,session1/s23/sess01_subj23_EEG_MI.mat,4caeee5093a8313d1ebd6a1f3a0cb7b7596a6037ef136aa6c7de0a74c5fa3364,925198,Lee2019_MI,Q15-E007,MU_BETA_SHARED,20260924,0.6558752059936523,0.34412479400634766,1
s23_1_offline_train_t066,23,1,offline_train,2,session1/s23/sess01_subj23_EEG_MI.mat,4caeee5093a8313d1ebd6a1f3a0cb7b7596a6037ef136aa6c7de0a74c5fa3364,935798,Lee2019_MI,Q15-E007,MU_BETA_SHARED,20260924,0.19805531203746796,0.8019447326660156,2
s23_1_offline_train_t067,23,1,offline_train,2,session1/s23/sess01_subj23_EEG_MI.mat,4caeee5093a8313d1ebd6a1f3a0cb7b7596a6037ef136aa6c7de0a74c5fa3364,946847,Lee2019_MI,Q15-E007,MU_BETA_SHARED,20260924,0.8577613830566406,0.142238587141037,1
s23_1_offline_train_t068,23,1,offline_train,2,session1/s23/sess01_subj23_EEG_MI.mat,4caeee5093a8313d1ebd6a1f3a0cb7b7596a6037ef136aa6c7de0a74c5fa3364,958180,Lee2019_MI,Q15-E007,MU_BETA_SHARED,20260924,0.42469921708106995,0.5753008127212524,2
s23_1_offline_train_t069,23,1,offline_train,1,session1/s23/sess01_subj23_EEG_MI.mat,4caeee5093a8313d1ebd6a1f3a0cb7b7596a6037ef136aa6c7de0a74c5fa3364,969313,Lee2019_MI,Q15-E007,MU_BETA_SHARED,20260924,0.8493954539299011,0.15060460567474365,1
s23_1_offline_train_t070,23,1,offline_train,2,session1/s23/sess01_subj23_EEG_MI.mat,4caeee5093a8313d1ebd6a1f3a0cb7b7596a6037ef136aa6c7de0a74c5fa3364,979997,Lee2019_MI,Q15-E007,MU_BETA_SHARED,20260924,0.4227369427680969,0.5772630572319031,2
s23_1_offline_train_t071,23,1,offline_train,2,session1/s23/sess01_subj23_EEG_MI.mat,4caeee5093a8313d1ebd6a1f3a0cb7b7596a6037ef136aa6c7de0a74c5fa3364,990596,Lee2019_MI,Q15-E007,MU_BETA_SHARED,20260924,0.20145545899868011,0.7985445261001587,2
s23_1_offline_train_t072,23,1,offline_train,2,session1/s23/sess01_subj23_EEG_MI.mat,4caeee5093a8313d1ebd6a1f3a0cb7b7596a6037ef136aa6c7de0a74c5fa3364,1001912,Lee2019_MI,Q15-E007,MU_BETA_SHARED,20260924,0.3445325195789337,0.6554675102233887,2
s23_1_offline_train_t073,23,1,offline_train,2,session1/s23/sess01_subj23_EEG_MI.mat,4caeee5093a8313d1ebd6a1f3a0cb7b7596a6037ef136aa6c7de0a74c5fa3364,1013346,Lee2019_MI,Q15-E007,MU_BETA_SHARED,20260924,0.5366585850715637,0.4633414149284363,1
s23_1_offline_train_t074,23,1,offline_train,1,session1/s23/sess01_subj23_EEG_MI.mat,4caeee5093a8313d1ebd6a1f3a0cb7b7596a6037ef136aa6c7de0a74c5fa3364,1024396,Lee2019_MI,Q15-E007,MU_BETA_SHARED,20260924,0.6261132955551147,0.37388673424720764,1
s23_1_offline_train_t075,23,1,offline_train,1,session1/s23/sess01_subj23_EEG_MI.mat,4caeee5093a8313d1ebd6a1f3a0cb7b7596a6037ef136aa6c7de0a74c5fa3364,1035079,Lee2019_MI,Q15-E007,MU_BETA_SHARED,20260924,0.7708317637443542,0.22916826605796814,1
s23_1_offline_train_t076,23,1,offline_train,1,session1/s23/sess01_subj23_EEG_MI.mat,4caeee5093a8313d1ebd6a1f3a0cb7b7596a6037ef136aa6c7de0a74c5fa3364,1046412,Lee2019_MI,Q15-E007,MU_BETA_SHARED,20260924,0.8703053593635559,0.12969465553760529,1
s23_1_offline_train_t077,23,1,offline_train,2,session1/s23/sess01_subj23_EEG_MI.mat,4caeee5093a8313d1ebd6a1f3a0cb7b7596a6037ef136aa6c7de0a74c5fa3364,1057279,Lee2019_MI,Q15-E007,MU_BETA_SHARED,20260924,0.8437803983688354,0.15621961653232574,1
s23_1_offline_train_t078,23,1,offline_train,1,session1/s23/sess01_subj23_EEG_MI.mat,4caeee5093a8313d1ebd6a1f3a0cb7b7596a6037ef136aa6c7de0a74c5fa3364,1068145,Lee2019_MI,Q15-E007,MU_BETA_SHARED,20260924,0.20910079777240753,0.7908991575241089,2
s23_1_offline_train_t079,23,1,offline_train,1,session1/s23/sess01_subj23_EEG_MI.mat,4caeee5093a8313d1ebd6a1f3a0cb7b7596a6037ef136aa6c7de0a74c5fa3364,1079478,Lee2019_MI,Q15-E007,MU_BETA_SHARED,20260924,0.8992137908935547,0.10078620910644531,1
s23_1_offline_train_t080,23,1,offline_train,1,session1/s23/sess01_subj23_EEG_MI.mat,4caeee5093a8313d1ebd6a1f3a0cb7b7596a6037ef136aa6c7de0a74c5fa3364,1090061,Lee2019_MI,Q15-E007,MU_BETA_SHARED,20260924,0.964944064617157,0.035055890679359436,1
s23_1_offline_train_t081,23,1,offline_train,2,session1/s23/sess01_subj23_EEG_MI.mat,4caeee5093a8313d1ebd6a1f3a0cb7b7596a6037ef136aa6c7de0a74c5fa3364,1100644,Lee2019_MI,Q15-E007,MU_BETA_SHARED,20260924,0.19699476659297943,0.8030052781105042,2
s23_1_offline_train_t082,23,1,offline_train,1,session1/s23/sess01_subj23_EEG_MI.mat,4caeee5093a8313d1ebd6a1f3a0cb7b7596a6037ef136aa6c7de0a74c5fa3364,1111894,Lee2019_MI,Q15-E007,MU_BETA_SHARED,20260924,0.6912626624107361,0.30873727798461914,1
s23_1_offline_train_t083,23,1,offline_train,2,session1/s23/sess01_subj23_EEG_MI.mat,4caeee5093a8313d1ebd6a1f3a0cb7b7596a6037ef136aa6c7de0a74c5fa3364,1123027,Lee2019_MI,Q15-E007,MU_BETA_SHARED,20260924,0.5111560821533203,0.4888439178466797,1
s23_1_offline_train_t084,23,1,offline_train,1,session1/s23/sess01_subj23_EEG_MI.mat,4caeee5093a8313d1ebd6a1f3a0cb7b7596a6037ef136aa6c7de0a74c5fa3364,1134077,Lee2019_MI,Q15-E007,MU_BETA_SHARED,20260924,0.7003162503242493,0.29968369007110596,1
s23_1_offline_train_t085,23,1,offline_train,2,session1/s23/sess01_subj23_EEG_MI.mat,4caeee5093a8313d1ebd6a1f3a0cb7b7596a6037ef136aa6c7de0a74c5fa3364,1145327,Lee2019_MI,Q15-E007,MU_BETA_SHARED,20260924,0.8374855518341064,0.16251443326473236,1
s23_1_offline_train_t086,23,1,offline_train,2,session1/s23/sess01_subj23_EEG_MI.mat,4caeee5093a8313d1ebd6a1f3a0cb7b7596a6037ef136aa6c7de0a74c5fa3364,1156560,Lee2019_MI,Q15-E007,MU_BETA_SHARED,20260924,0.0187543798238039,0.9812456369400024,2
s23_1_offline_train_t087,23,1,offline_train,1,session1/s23/sess01_subj23_EEG_MI.mat,4caeee5093a8313d1ebd6a1f3a0cb7b7596a6037ef136aa6c7de0a74c5fa3364,1167893,Lee2019_MI,Q15-E007,MU_BETA_SHARED,20260924,0.7773470878601074,0.22265292704105377,1
s23_1_offline_train_t088,23,1,offline_train,2,session1/s23/sess01_subj23_EEG_MI.mat,4caeee5093a8313d1ebd6a1f3a0cb7b7596a6037ef136aa6c7de0a74c5fa3364,1178760,Lee2019_MI,Q15-E007,MU_BETA_SHARED,20260924,0.41275882720947266,0.5872411131858826,2
s23_1_offline_train_t089,23,1,offline_train,2,session1/s23/sess01_subj23_EEG_MI.mat,4caeee5093a8313d1ebd6a1f3a0cb7b7596a6037ef136aa6c7de0a74c5fa3364,1189993,Lee2019_MI,Q15-E007,MU_BETA_SHARED,20260924,0.1404380053281784,0.8595619797706604,2
s23_1_offline_train_t090,23,1,offline_train,2,session1/s23/sess01_subj23_EEG_MI.mat,4caeee5093a8313d1ebd6a1f3a0cb7b7596a6037ef136aa6c7de0a74c5fa3364,1201142,Lee2019_MI,Q15-E007,MU_BETA_SHARED,20260924,0.7961852550506592,0.20381475985050201,1
s23_1_offline_train_t091,23,1,offline_train,1,session1/s23/sess01_subj23_EEG_MI.mat,4caeee5093a8313d1ebd6a1f3a0cb7b7596a6037ef136aa6c7de0a74c5fa3364,1212109,Lee2019_MI,Q15-E007,MU_BETA_SHARED,20260924,0.7200550436973572,0.2799450159072876,1
s23_1_offline_train_t092,23,1,offline_train,1,session1/s23/sess01_subj23_EEG_MI.mat,4caeee5093a8313d1ebd6a1f3a0cb7b7596a6037ef136aa6c7de0a74c5fa3364,1222692,Lee2019_MI,Q15-E007,MU_BETA_SHARED,20260924,0.7616532444953918,0.23834674060344696,1
s23_1_offline_train_t093,23,1,offline_train,2,session1/s23/sess01_subj23_EEG_MI.mat,4caeee5093a8313d1ebd6a1f3a0cb7b7596a6037ef136aa6c7de0a74c5fa3364,1234025,Lee2019_MI,Q15-E007,MU_BETA_SHARED,20260924,0.19033598899841309,0.8096640110015869,2
s23_1_offline_train_t094,23,1,offline_train,1,session1/s23/sess01_subj23_EEG_MI.mat,4caeee5093a8313d1ebd6a1f3a0cb7b7596a6037ef136aa6c7de0a74c5fa3364,1244891,Lee2019_MI,Q15-E007,MU_BETA_SHARED,20260924,0.7364919781684875,0.2635080814361572,1
s23_1_offline_train_t095,23,1,offline_train,2,session1/s23/sess01_subj23_EEG_MI.mat,4caeee5093a8313d1ebd6a1f3a0cb7b7596a6037ef136aa6c7de0a74c5fa3364,1256041,Lee2019_MI,Q15-E007,MU_BETA_SHARED,20260924,0.8832947611808777,0.11670520901679993,1
s23_1_offline_train_t096,23,1,offline_train,2,session1/s23/sess01_subj23_EEG_MI.mat,4caeee5093a8313d1ebd6a1f3a0cb7b7596a6037ef136aa6c7de0a74c5fa3364,1267358,Lee2019_MI,Q15-E007,MU_BETA_SHARED,20260924,0.8385046720504761,0.16149532794952393,1
s23_1_offline_train_t097,23,1,offline_train,1,session1/s23/sess01_subj23_EEG_MI.mat,4caeee5093a8313d1ebd6a1f3a0cb7b7596a6037ef136aa6c7de0a74c5fa3364,1278041,Lee2019_MI,Q15-E007,MU_BETA_SHARED,20260924,0.9796850085258484,0.020314931869506836,1
s23_1_offline_train_t098,23,1,offline_train,1,session1/s23/sess01_subj23_EEG_MI.mat,4caeee5093a8313d1ebd6a1f3a0cb7b7596a6037ef136aa6c7de0a74c5fa3364,1288724,Lee2019_MI,Q15-E007,MU_BETA_SHARED,20260924,0.8435600996017456,0.15643994510173798,1
s23_1_offline_train_t099,23,1,offline_train,2,session1/s23/sess01_subj23_EEG_MI.mat,4caeee5093a8313d1ebd6a1f3a0cb7b7596a6037ef136aa6c7de0a74c5fa3364,1299874,Lee2019_MI,Q15-E007,MU_BETA_SHARED,20260924,0.9002068638801575,0.09979316592216492,1
s23_1_offline_train_t100,23,1,offline_train,2,session1/s23/sess01_subj23_EEG_MI.mat,4caeee5093a8313d1ebd6a1f3a0cb7b7596a6037ef136aa6c7de0a74c5fa3364,1310923,Lee2019_MI,Q15-E007,MU_BETA_SHARED,20260924,0.9742944240570068,0.025705579668283463,1
s23_2_offline_train_t001,23,2,offline_train,1,session2/s23/sess02_subj23_EEG_MI.mat,7eb982af294f5ecb1ebf7dc635a66ba28795835a64c167dcfc9678d2099388dd,150456,Lee2019_MI,Q15-E007,MU_BETA_SHARED,20260924,0.7235715389251709,0.2764284908771515,1
s23_2_offline_train_t002,23,2,offline_train,2,session2/s23/sess02_subj23_EEG_MI.mat,7eb982af294f5ecb1ebf7dc635a66ba28795835a64c167dcfc9678d2099388dd,161872,Lee2019_MI,Q15-E007,MU_BETA_SHARED,20260924,0.45545196533203125,0.5445480346679688,2
s23_2_offline_train_t003,23,2,offline_train,1,session2/s23/sess02_subj23_EEG_MI.mat,7eb982af294f5ecb1ebf7dc635a66ba28795835a64c167dcfc9678d2099388dd,172555,Lee2019_MI,Q15-E007,MU_BETA_SHARED,20260924,0.6258656978607178,0.3741343021392822,1
s23_2_offline_train_t004,23,2,offline_train,1,session2/s23/sess02_subj23_EEG_MI.mat,7eb982af294f5ecb1ebf7dc635a66ba28795835a64c167dcfc9678d2099388dd,183988,Lee2019_MI,Q15-E007,MU_BETA_SHARED,20260924,0.48064249753952026,0.5193575024604797,2
s23_2_offline_train_t005,23,2,offline_train,2,session2/s23/sess02_subj23_EEG_MI.mat,7eb982af294f5ecb1ebf7dc635a66ba28795835a64c167dcfc9678d2099388dd,195121,Lee2019_MI,Q15-E007,MU_BETA_SHARED,20260924,0.3229176104068756,0.6770824193954468,2
s23_2_offline_train_t006,23,2,offline_train,2,session2/s23/sess02_subj23_EEG_MI.mat,7eb982af294f5ecb1ebf7dc635a66ba28795835a64c167dcfc9678d2099388dd,205805,Lee2019_MI,Q15-E007,MU_BETA_SHARED,20260924,0.44811832904815674,0.5518816709518433,2
s23_2_offline_train_t007,23,2,offline_train,1,session2/s23/sess02_subj23_EEG_MI.mat,7eb982af294f5ecb1ebf7dc635a66ba28795835a64c167dcfc9678d2099388dd,216671,Lee2019_MI,Q15-E007,MU_BETA_SHARED,20260924,0.9389711022377014,0.061028894037008286,1
s23_2_offline_train_t008,23,2,offline_train,2,session2/s23/sess02_subj23_EEG_MI.mat,7eb982af294f5ecb1ebf7dc635a66ba28795835a64c167dcfc9678d2099388dd,227721,Lee2019_MI,Q15-E007,MU_BETA_SHARED,20260924,0.40585023164749146,0.5941497683525085,2
s23_2_offline_train_t009,23,2,offline_train,1,session2/s23/sess02_subj23_EEG_MI.mat,7eb982af294f5ecb1ebf7dc635a66ba28795835a64c167dcfc9678d2099388dd,239237,Lee2019_MI,Q15-E007,MU_BETA_SHARED,20260924,0.34090617299079895,0.6590937972068787,2
s23_2_offline_train_t010,23,2,offline_train,1,session2/s23/sess02_subj23_EEG_MI.mat,7eb982af294f5ecb1ebf7dc635a66ba28795835a64c167dcfc9678d2099388dd,250754,Lee2019_MI,Q15-E007,MU_BETA_SHARED,20260924,0.6026862859725952,0.39731377363204956,1
s23_2_offline_train_t011,23,2,offline_train,2,session2/s23/sess02_subj23_EEG_MI.mat,7eb982af294f5ecb1ebf7dc635a66ba28795835a64c167dcfc9678d2099388dd,261437,Lee2019_MI,Q15-E007,MU_BETA_SHARED,20260924,0.16759461164474487,0.8324053883552551,2
s23_2_offline_train_t012,23,2,offline_train,2,session2/s23/sess02_subj23_EEG_MI.mat,7eb982af294f5ecb1ebf7dc635a66ba28795835a64c167dcfc9678d2099388dd,272953,Lee2019_MI,Q15-E007,MU_BETA_SHARED,20260924,0.33828282356262207,0.6617171764373779,2
s23_2_offline_train_t013,23,2,offline_train,1,session2/s23/sess02_subj23_EEG_MI.mat,7eb982af294f5ecb1ebf7dc635a66ba28795835a64c167dcfc9678d2099388dd,284470,Lee2019_MI,Q15-E007,MU_BETA_SHARED,20260924,0.6561970710754395,0.3438029885292053,1
s23_2_offline_train_t014,23,2,offline_train,1,session2/s23/sess02_subj23_EEG_MI.mat,7eb982af294f5ecb1ebf7dc635a66ba28795835a64c167dcfc9678d2099388dd,295519,Lee2019_MI,Q15-E007,MU_BETA_SHARED,20260924,0.6981656551361084,0.3018344044685364,1
s23_2_offline_train_t015,23,2,offline_train,2,session2/s23/sess02_subj23_EEG_MI.mat,7eb982af294f5ecb1ebf7dc635a66ba28795835a64c167dcfc9678d2099388dd,306853,Lee2019_MI,Q15-E007,MU_BETA_SHARED,20260924,0.3497086763381958,0.6502912640571594,2
s23_2_offline_train_t016,23,2,offline_train,1,session2/s23/sess02_subj23_EEG_MI.mat,7eb982af294f5ecb1ebf7dc635a66ba28795835a64c167dcfc9678d2099388dd,317536,Lee2019_MI,Q15-E007,MU_BETA_SHARED,20260924,0.7303208708763123,0.26967915892601013,1
s23_2_offline_train_t017,23,2,offline_train,1,session2/s23/sess02_subj23_EEG_MI.mat,7eb982af294f5ecb1ebf7dc635a66ba28795835a64c167dcfc9678d2099388dd,328502,Lee2019_MI,Q15-E007,MU_BETA_SHARED,20260924,0.7665393352508545,0.2334606796503067,1
s23_2_offline_train_t018,23,2,offline_train,1,session2/s23/sess02_subj23_EEG_MI.mat,7eb982af294f5ecb1ebf7dc635a66ba28795835a64c167dcfc9678d2099388dd,340019,Lee2019_MI,Q15-E007,MU_BETA_SHARED,20260924,0.35912835597991943,0.6408717036247253,2
s23_2_offline_train_t019,23,2,offline_train,1,session2/s23/sess02_subj23_EEG_MI.mat,7eb982af294f5ecb1ebf7dc635a66ba28795835a64c167dcfc9678d2099388dd,351352,Lee2019_MI,Q15-E007,MU_BETA_SHARED,20260924,0.32202449440956116,0.6779754757881165,2
s23_2_offline_train_t020,23,2,offline_train,2,session2/s23/sess02_subj23_EEG_MI.mat,7eb982af294f5ecb1ebf7dc635a66ba28795835a64c167dcfc9678d2099388dd,362868,Lee2019_MI,Q15-E007,MU_BETA_SHARED,20260924,0.6590791344642639,0.3409208059310913,1
s23_2_offline_train_t021,23,2,offline_train,2,session2/s23/sess02_subj23_EEG_MI.mat,7eb982af294f5ecb1ebf7dc635a66ba28795835a64c167dcfc9678d2099388dd,374101,Lee2019_MI,Q15-E007,MU_BETA_SHARED,20260924,0.15117095410823822,0.8488290309906006,2
s23_2_offline_train_t022,23,2,offline_train,1,session2/s23/sess02_subj23_EEG_MI.mat,7eb982af294f5ecb1ebf7dc635a66ba28795835a64c167dcfc9678d2099388dd,384685,Lee2019_MI,Q15-E007,MU_BETA_SHARED,20260924,0.5367157459259033,0.46328428387641907,1
s23_2_offline_train_t023,23,2,offline_train,2,session2/s23/sess02_subj23_EEG_MI.mat,7eb982af294f5ecb1ebf7dc635a66ba28795835a64c167dcfc9678d2099388dd,396118,Lee2019_MI,Q15-E007,MU_BETA_SHARED,20260924,0.33592191338539124,0.6640781164169312,2
s23_2_offline_train_t024,23,2,offline_train,2,session2/s23/sess02_subj23_EEG_MI.mat,7eb982af294f5ecb1ebf7dc635a66ba28795835a64c167dcfc9678d2099388dd,407634,Lee2019_MI,Q15-E007,MU_BETA_SHARED,20260924,0.3738293945789337,0.6261705756187439,2
s23_2_offline_train_t025,23,2,offline_train,2,session2/s23/sess02_subj23_EEG_MI.mat,7eb982af294f5ecb1ebf7dc635a66ba28795835a64c167dcfc9678d2099388dd,418867,Lee2019_MI,Q15-E007,MU_BETA_SHARED,20260924,0.4844069480895996,0.5155930519104004,2
s23_2_offline_train_t026,23,2,offline_train,1,session2/s23/sess02_subj23_EEG_MI.mat,7eb982af294f5ecb1ebf7dc635a66ba28795835a64c167dcfc9678d2099388dd,430200,Lee2019_MI,Q15-E007,MU_BETA_SHARED,20260924,0.42224881052970886,0.5777512192726135,2
s23_2_offline_train_t027,23,2,offline_train,2,session2/s23/sess02_subj23_EEG_MI.mat,7eb982af294f5ecb1ebf7dc635a66ba28795835a64c167dcfc9678d2099388dd,441533,Lee2019_MI,Q15-E007,MU_BETA_SHARED,20260924,0.03243343532085419,0.9675666093826294,2
s23_2_offline_train_t028,23,2,offline_train,1,session2/s23/sess02_subj23_EEG_MI.mat,7eb982af294f5ecb1ebf7dc635a66ba28795835a64c167dcfc9678d2099388dd,452483,Lee2019_MI,Q15-E007,MU_BETA_SHARED,20260924,0.681905210018158,0.3180948495864868,1
s23_2_offline_train_t029,23,2,offline_train,1,session2/s23/sess02_subj23_EEG_MI.mat,7eb982af294f5ecb1ebf7dc635a66ba28795835a64c167dcfc9678d2099388dd,463733,Lee2019_MI,Q15-E007,MU_BETA_SHARED,20260924,0.6868186593055725,0.3131813108921051,1
s23_2_offline_train_t030,23,2,offline_train,2,session2/s23/sess02_subj23_EEG_MI.mat,7eb982af294f5ecb1ebf7dc635a66ba28795835a64c167dcfc9678d2099388dd,474500,Lee2019_MI,Q15-E007,MU_BETA_SHARED,20260924,0.534216046333313,0.4657839238643646,1
s23_2_offline_train_t031,23,2,offline_train,1,session2/s23/sess02_subj23_EEG_MI.mat,7eb982af294f5ecb1ebf7dc635a66ba28795835a64c167dcfc9678d2099388dd,485749,Lee2019_MI,Q15-E007,MU_BETA_SHARED,20260924,0.9096196293830872,0.09038036316633224,1
s23_2_offline_train_t032,23,2,offline_train,2,session2/s23/sess02_subj23_EEG_MI.mat,7eb982af294f5ecb1ebf7dc635a66ba28795835a64c167dcfc9678d2099388dd,496332,Lee2019_MI,Q15-E007,MU_BETA_SHARED,20260924,0.0921713262796402,0.9078287482261658,2
s23_2_offline_train_t033,23,2,offline_train,1,session2/s23/sess02_subj23_EEG_MI.mat,7eb982af294f5ecb1ebf7dc635a66ba28795835a64c167dcfc9678d2099388dd,507199,Lee2019_MI,Q15-E007,MU_BETA_SHARED,20260924,0.5215214490890503,0.4784785807132721,1
s23_2_offline_train_t034,23,2,offline_train,2,session2/s23/sess02_subj23_EEG_MI.mat,7eb982af294f5ecb1ebf7dc635a66ba28795835a64c167dcfc9678d2099388dd,517782,Lee2019_MI,Q15-E007,MU_BETA_SHARED,20260924,0.44635823369026184,0.5536417961120605,2
s23_2_offline_train_t035,23,2,offline_train,2,session2/s23/sess02_subj23_EEG_MI.mat,7eb982af294f5ecb1ebf7dc635a66ba28795835a64c167dcfc9678d2099388dd,528465,Lee2019_MI,Q15-E007,MU_BETA_SHARED,20260924,0.08981896936893463,0.9101810455322266,2
s23_2_offline_train_t036,23,2,offline_train,1,session2/s23/sess02_subj23_EEG_MI.mat,7eb982af294f5ecb1ebf7dc635a66ba28795835a64c167dcfc9678d2099388dd,539798,Lee2019_MI,Q15-E007,MU_BETA_SHARED,20260924,0.6379277110099792,0.362072229385376,1
s23_2_offline_train_t037,23,2,offline_train,1,session2/s23/sess02_subj23_EEG_MI.mat,7eb982af294f5ecb1ebf7dc635a66ba28795835a64c167dcfc9678d2099388dd,551031,Lee2019_MI,Q15-E007,MU_BETA_SHARED,20260924,0.9720289707183838,0.027970999479293823,1
s23_2_offline_train_t038,23,2,offline_train,2,session2/s23/sess02_subj23_EEG_MI.mat,7eb982af294f5ecb1ebf7dc635a66ba28795835a64c167dcfc9678d2099388dd,561898,Lee2019_MI,Q15-E007,MU_BETA_SHARED,20260924,0.05800841003656387,0.9419915676116943,2
s23_2_offline_train_t039,23,2,offline_train,1,session2/s23/sess02_subj23_EEG_MI.mat,7eb982af294f5ecb1ebf7dc635a66ba28795835a64c167dcfc9678d2099388dd,573414,Lee2019_MI,Q15-E007,MU_BETA_SHARED,20260924,0.6139923334121704,0.3860076069831848,1
s23_2_offline_train_t040,23,2,offline_train,1,session2/s23/sess02_subj23_EEG_MI.mat,7eb982af294f5ecb1ebf7dc635a66ba28795835a64c167dcfc9678d2099388dd,584014,Lee2019_MI,Q15-E007,MU_BETA_SHARED,20260924,0.2994205951690674,0.7005794048309326,2
s23_2_offline_train_t041,23,2,offline_train,1,session2/s23/sess02_subj23_EEG_MI.mat,7eb982af294f5ecb1ebf7dc635a66ba28795835a64c167dcfc9678d2099388dd,594964,Lee2019_MI,Q15-E007,MU_BETA_SHARED,20260924,0.6654327511787415,0.33456727862358093,1
s23_2_offline_train_t042,23,2,offline_train,1,session2/s23/sess02_subj23_EEG_MI.mat,7eb982af294f5ecb1ebf7dc635a66ba28795835a64c167dcfc9678d2099388dd,605930,Lee2019_MI,Q15-E007,MU_BETA_SHARED,20260924,0.2382708340883255,0.7617291808128357,2
s23_2_offline_train_t043,23,2,offline_train,2,session2/s23/sess02_subj23_EEG_MI.mat,7eb982af294f5ecb1ebf7dc635a66ba28795835a64c167dcfc9678d2099388dd,617263,Lee2019_MI,Q15-E007,MU_BETA_SHARED,20260924,0.48380163311958313,0.5161983370780945,2
s23_2_offline_train_t044,23,2,offline_train,1,session2/s23/sess02_subj23_EEG_MI.mat,7eb982af294f5ecb1ebf7dc635a66ba28795835a64c167dcfc9678d2099388dd,628579,Lee2019_MI,Q15-E007,MU_BETA_SHARED,20260924,0.4250854253768921,0.5749145746231079,2
s23_2_offline_train_t045,23,2,offline_train,2,session2/s23/sess02_subj23_EEG_MI.mat,7eb982af294f5ecb1ebf7dc635a66ba28795835a64c167dcfc9678d2099388dd,639363,Lee2019_MI,Q15-E007,MU_BETA_SHARED,20260924,0.27659672498703003,0.7234033346176147,2
s23_2_offline_train_t046,23,2,offline_train,1,session2/s23/sess02_subj23_EEG_MI.mat,7eb982af294f5ecb1ebf7dc635a66ba28795835a64c167dcfc9678d2099388dd,650413,Lee2019_MI,Q15-E007,MU_BETA_SHARED,20260924,0.545833945274353,0.454166054725647,1
s23_2_offline_train_t047,23,2,offline_train,1,session2/s23/sess02_subj23_EEG_MI.mat,7eb982af294f5ecb1ebf7dc635a66ba28795835a64c167dcfc9678d2099388dd,661379,Lee2019_MI,Q15-E007,MU_BETA_SHARED,20260924,0.4380108118057251,0.5619891881942749,2
s23_2_offline_train_t048,23,2,offline_train,1,session2/s23/sess02_subj23_EEG_MI.mat,7eb982af294f5ecb1ebf7dc635a66ba28795835a64c167dcfc9678d2099388dd,672612,Lee2019_MI,Q15-E007,MU_BETA_SHARED,20260924,0.36708030104637146,0.6329196691513062,2
s23_2_offline_train_t049,23,2,offline_train,2,session2/s23/sess02_subj23_EEG_MI.mat,7eb982af294f5ecb1ebf7dc635a66ba28795835a64c167dcfc9678d2099388dd,683845,Lee2019_MI,Q15-E007,MU_BETA_SHARED,20260924,0.2128022015094757,0.7871977686882019,2
s23_2_offline_train_t050,23,2,offline_train,1,session2/s23/sess02_subj23_EEG_MI.mat,7eb982af294f5ecb1ebf7dc635a66ba28795835a64c167dcfc9678d2099388dd,750544,Lee2019_MI,Q15-E007,MU_BETA_SHARED,20260924,0.5857744216918945,0.41422557830810547,1
s23_2_offline_train_t051,23,2,offline_train,1,session2/s23/sess02_subj23_EEG_MI.mat,7eb982af294f5ecb1ebf7dc635a66ba28795835a64c167dcfc9678d2099388dd,761411,Lee2019_MI,Q15-E007,MU_BETA_SHARED,20260924,0.5841196775436401,0.41588035225868225,1
s23_2_offline_train_t052,23,2,offline_train,1,session2/s23/sess02_subj23_EEG_MI.mat,7eb982af294f5ecb1ebf7dc635a66ba28795835a64c167dcfc9678d2099388dd,772644,Lee2019_MI,Q15-E007,MU_BETA_SHARED,20260924,0.08483627438545227,0.9151637554168701,2
s23_2_offline_train_t053,23,2,offline_train,1,session2/s23/sess02_subj23_EEG_MI.mat,7eb982af294f5ecb1ebf7dc635a66ba28795835a64c167dcfc9678d2099388dd,783877,Lee2019_MI,Q15-E007,MU_BETA_SHARED,20260924,0.6949115991592407,0.3050883710384369,1
s23_2_offline_train_t054,23,2,offline_train,2,session2/s23/sess02_subj23_EEG_MI.mat,7eb982af294f5ecb1ebf7dc635a66ba28795835a64c167dcfc9678d2099388dd,794560,Lee2019_MI,Q15-E007,MU_BETA_SHARED,20260924,0.043238937854766846,0.9567610025405884,2
s23_2_offline_train_t055,23,2,offline_train,1,session2/s23/sess02_subj23_EEG_MI.mat,7eb982af294f5ecb1ebf7dc635a66ba28795835a64c167dcfc9678d2099388dd,805243,Lee2019_MI,Q15-E007,MU_BETA_SHARED,20260924,0.7721683979034424,0.2278316169977188,1
s23_2_offline_train_t056,23,2,offline_train,1,session2/s23/sess02_subj23_EEG_MI.mat,7eb982af294f5ecb1ebf7dc635a66ba28795835a64c167dcfc9678d2099388dd,816293,Lee2019_MI,Q15-E007,MU_BETA_SHARED,20260924,0.23558460175991058,0.7644153833389282,2
s23_2_offline_train_t057,23,2,offline_train,2,session2/s23/sess02_subj23_EEG_MI.mat,7eb982af294f5ecb1ebf7dc635a66ba28795835a64c167dcfc9678d2099388dd,827809,Lee2019_MI,Q15-E007,MU_BETA_SHARED,20260924,0.21772107481956482,0.7822788953781128,2
s23_2_offline_train_t058,23,2,offline_train,2,session2/s23/sess02_subj23_EEG_MI.mat,7eb982af294f5ecb1ebf7dc635a66ba28795835a64c167dcfc9678d2099388dd,838676,Lee2019_MI,Q15-E007,MU_BETA_SHARED,20260924,0.07436350733041763,0.9256365299224854,2
s23_2_offline_train_t059,23,2,offline_train,1,session2/s23/sess02_subj23_EEG_MI.mat,7eb982af294f5ecb1ebf7dc635a66ba28795835a64c167dcfc9678d2099388dd,849826,Lee2019_MI,Q15-E007,MU_BETA_SHARED,20260924,0.41595155000686646,0.5840485095977783,2
s23_2_offline_train_t060,23,2,offline_train,1,session2/s23/sess02_subj23_EEG_MI.mat,7eb982af294f5ecb1ebf7dc635a66ba28795835a64c167dcfc9678d2099388dd,860592,Lee2019_MI,Q15-E007,MU_BETA_SHARED,20260924,0.5742717385292053,0.4257282018661499,1
s23_2_offline_train_t061,23,2,offline_train,2,session2/s23/sess02_subj23_EEG_MI.mat,7eb982af294f5ecb1ebf7dc635a66ba28795835a64c167dcfc9678d2099388dd,871925,Lee2019_MI,Q15-E007,MU_BETA_SHARED,20260924,0.3466269075870514,0.653373122215271,2
s23_2_offline_train_t062,23,2,offline_train,2,session2/s23/sess02_subj23_EEG_MI.mat,7eb982af294f5ecb1ebf7dc635a66ba28795835a64c167dcfc9678d2099388dd,882708,Lee2019_MI,Q15-E007,MU_BETA_SHARED,20260924,0.1414598673582077,0.8585401773452759,2
s23_2_offline_train_t063,23,2,offline_train,1,session2/s23/sess02_subj23_EEG_MI.mat,7eb982af294f5ecb1ebf7dc635a66ba28795835a64c167dcfc9678d2099388dd,893758,Lee2019_MI,Q15-E007,MU_BETA_SHARED,20260924,0.4762754738330841,0.5237245559692383,2
s23_2_offline_train_t064,23,2,offline_train,2,session2/s23/sess02_subj23_EEG_MI.mat,7eb982af294f5ecb1ebf7dc635a66ba28795835a64c167dcfc9678d2099388dd,904991,Lee2019_MI,Q15-E007,MU_BETA_SHARED,20260924,0.2910550832748413,0.7089449167251587,2
s23_2_offline_train_t065,23,2,offline_train,2,session2/s23/sess02_subj23_EEG_MI.mat,7eb982af294f5ecb1ebf7dc635a66ba28795835a64c167dcfc9678d2099388dd,916424,Lee2019_MI,Q15-E007,MU_BETA_SHARED,20260924,0.07512059062719345,0.9248793721199036,2
s23_2_offline_train_t066,23,2,offline_train,2,session2/s23/sess02_subj23_EEG_MI.mat,7eb982af294f5ecb1ebf7dc635a66ba28795835a64c167dcfc9678d2099388dd,927941,Lee2019_MI,Q15-E007,MU_BETA_SHARED,20260924,0.04896692559123039,0.9510330557823181,2
s23_2_offline_train_t067,23,2,offline_train,2,session2/s23/sess02_subj23_EEG_MI.mat,7eb982af294f5ecb1ebf7dc635a66ba28795835a64c167dcfc9678d2099388dd,939074,Lee2019_MI,Q15-E007,MU_BETA_SHARED,20260924,0.19865863025188446,0.8013413548469543,2
s23_2_offline_train_t068,23,2,offline_train,1,session2/s23/sess02_subj23_EEG_MI.mat,7eb982af294f5ecb1ebf7dc635a66ba28795835a64c167dcfc9678d2099388dd,949757,Lee2019_MI,Q15-E007,MU_BETA_SHARED,20260924,0.3600330054759979,0.6399669647216797,2
s23_2_offline_train_t069,23,2,offline_train,1,session2/s23/sess02_subj23_EEG_MI.mat,7eb982af294f5ecb1ebf7dc635a66ba28795835a64c167dcfc9678d2099388dd,960440,Lee2019_MI,Q15-E007,MU_BETA_SHARED,20260924,0.30524998903274536,0.6947500109672546,2
s23_2_offline_train_t070,23,2,offline_train,2,session2/s23/sess02_subj23_EEG_MI.mat,7eb982af294f5ecb1ebf7dc635a66ba28795835a64c167dcfc9678d2099388dd,971223,Lee2019_MI,Q15-E007,MU_BETA_SHARED,20260924,0.17245791852474213,0.8275420665740967,2
s23_2_offline_train_t071,23,2,offline_train,1,session2/s23/sess02_subj23_EEG_MI.mat,7eb982af294f5ecb1ebf7dc635a66ba28795835a64c167dcfc9678d2099388dd,982640,Lee2019_MI,Q15-E007,MU_BETA_SHARED,20260924,0.31021058559417725,0.6897894144058228,2
s23_2_offline_train_t072,23,2,offline_train,2,session2/s23/sess02_subj23_EEG_MI.mat,7eb982af294f5ecb1ebf7dc635a66ba28795835a64c167dcfc9678d2099388dd,993406,Lee2019_MI,Q15-E007,MU_BETA_SHARED,20260924,0.1164805218577385,0.8835194110870361,2
s23_2_offline_train_t073,23,2,offline_train,2,session2/s23/sess02_subj23_EEG_MI.mat,7eb982af294f5ecb1ebf7dc635a66ba28795835a64c167dcfc9678d2099388dd,1004739,Lee2019_MI,Q15-E007,MU_BETA_SHARED,20260924,0.3923373818397522,0.6076626777648926,2
s23_2_offline_train_t074,23,2,offline_train,2,session2/s23/sess02_subj23_EEG_MI.mat,7eb982af294f5ecb1ebf7dc635a66ba28795835a64c167dcfc9678d2099388dd,1015523,Lee2019_MI,Q15-E007,MU_BETA_SHARED,20260924,0.5136862397193909,0.48631376028060913,1
s23_2_offline_train_t075,23,2,offline_train,1,session2/s23/sess02_subj23_EEG_MI.mat,7eb982af294f5ecb1ebf7dc635a66ba28795835a64c167dcfc9678d2099388dd,1027039,Lee2019_MI,Q15-E007,MU_BETA_SHARED,20260924,0.31780335307121277,0.6821966767311096,2
s23_2_offline_train_t076,23,2,offline_train,2,session2/s23/sess02_subj23_EEG_MI.mat,7eb982af294f5ecb1ebf7dc635a66ba28795835a64c167dcfc9678d2099388dd,1037905,Lee2019_MI,Q15-E007,MU_BETA_SHARED,20260924,0.4598939120769501,0.5401060581207275,2
s23_2_offline_train_t077,23,2,offline_train,1,session2/s23/sess02_subj23_EEG_MI.mat,7eb982af294f5ecb1ebf7dc635a66ba28795835a64c167dcfc9678d2099388dd,1048672,Lee2019_MI,Q15-E007,MU_BETA_SHARED,20260924,0.630288302898407,0.369711697101593,1
s23_2_offline_train_t078,23,2,offline_train,1,session2/s23/sess02_subj23_EEG_MI.mat,7eb982af294f5ecb1ebf7dc635a66ba28795835a64c167dcfc9678d2099388dd,1059455,Lee2019_MI,Q15-E007,MU_BETA_SHARED,20260924,0.253714919090271,0.746285080909729,2
s23_2_offline_train_t079,23,2,offline_train,2,session2/s23/sess02_subj23_EEG_MI.mat,7eb982af294f5ecb1ebf7dc635a66ba28795835a64c167dcfc9678d2099388dd,1070588,Lee2019_MI,Q15-E007,MU_BETA_SHARED,20260924,0.3328903615474701,0.6671096086502075,2
s23_2_offline_train_t080,23,2,offline_train,2,session2/s23/sess02_subj23_EEG_MI.mat,7eb982af294f5ecb1ebf7dc635a66ba28795835a64c167dcfc9678d2099388dd,1081655,Lee2019_MI,Q15-E007,MU_BETA_SHARED,20260924,0.5213095545768738,0.47869041562080383,1
s23_2_offline_train_t081,23,2,offline_train,2,session2/s23/sess02_subj23_EEG_MI.mat,7eb982af294f5ecb1ebf7dc635a66ba28795835a64c167dcfc9678d2099388dd,1092521,Lee2019_MI,Q15-E007,MU_BETA_SHARED,20260924,0.5913783311843872,0.4086216688156128,1
s23_2_offline_train_t082,23,2,offline_train,1,session2/s23/sess02_subj23_EEG_MI.mat,7eb982af294f5ecb1ebf7dc635a66ba28795835a64c167dcfc9678d2099388dd,1103938,Lee2019_MI,Q15-E007,MU_BETA_SHARED,20260924,0.816567063331604,0.18343296647071838,1
s23_2_offline_train_t083,23,2,offline_train,2,session2/s23/sess02_subj23_EEG_MI.mat,7eb982af294f5ecb1ebf7dc635a66ba28795835a64c167dcfc9678d2099388dd,1115087,Lee2019_MI,Q15-E007,MU_BETA_SHARED,20260924,0.033763788640499115,0.9662362337112427,2
s23_2_offline_train_t084,23,2,offline_train,2,session2/s23/sess02_subj23_EEG_MI.mat,7eb982af294f5ecb1ebf7dc635a66ba28795835a64c167dcfc9678d2099388dd,1126220,Lee2019_MI,Q15-E007,MU_BETA_SHARED,20260924,0.05271662771701813,0.9472833275794983,2
s23_2_offline_train_t085,23,2,offline_train,1,session2/s23/sess02_subj23_EEG_MI.mat,7eb982af294f5ecb1ebf7dc635a66ba28795835a64c167dcfc9678d2099388dd,1137654,Lee2019_MI,Q15-E007,MU_BETA_SHARED,20260924,0.8630461096763611,0.13695383071899414,1
s23_2_offline_train_t086,23,2,offline_train,2,session2/s23/sess02_subj23_EEG_MI.mat,7eb982af294f5ecb1ebf7dc635a66ba28795835a64c167dcfc9678d2099388dd,1148520,Lee2019_MI,Q15-E007,MU_BETA_SHARED,20260924,0.5942414999008179,0.40575847029685974,1
s23_2_offline_train_t087,23,2,offline_train,1,session2/s23/sess02_subj23_EEG_MI.mat,7eb982af294f5ecb1ebf7dc635a66ba28795835a64c167dcfc9678d2099388dd,1159853,Lee2019_MI,Q15-E007,MU_BETA_SHARED,20260924,0.3781444728374481,0.6218555569648743,2
s23_2_offline_train_t088,23,2,offline_train,2,session2/s23/sess02_subj23_EEG_MI.mat,7eb982af294f5ecb1ebf7dc635a66ba28795835a64c167dcfc9678d2099388dd,1171186,Lee2019_MI,Q15-E007,MU_BETA_SHARED,20260924,0.580670177936554,0.41932979226112366,1
s23_2_offline_train_t089,23,2,offline_train,2,session2/s23/sess02_subj23_EEG_MI.mat,7eb982af294f5ecb1ebf7dc635a66ba28795835a64c167dcfc9678d2099388dd,1182136,Lee2019_MI,Q15-E007,MU_BETA_SHARED,20260924,0.9619710445404053,0.03802889958024025,1
s23_2_offline_train_t090,23,2,offline_train,2,session2/s23/sess02_subj23_EEG_MI.mat,7eb982af294f5ecb1ebf7dc635a66ba28795835a64c167dcfc9678d2099388dd,1193286,Lee2019_MI,Q15-E007,MU_BETA_SHARED,20260924,0.31510984897613525,0.6848901510238647,2
s23_2_offline_train_t091,23,2,offline_train,2,session2/s23/sess02_subj23_EEG_MI.mat,7eb982af294f5ecb1ebf7dc635a66ba28795835a64c167dcfc9678d2099388dd,1203869,Lee2019_MI,Q15-E007,MU_BETA_SHARED,20260924,0.14686346054077148,0.8531364798545837,2
s23_2_offline_train_t092,23,2,offline_train,2,session2/s23/sess02_subj23_EEG_MI.mat,7eb982af294f5ecb1ebf7dc635a66ba28795835a64c167dcfc9678d2099388dd,1214469,Lee2019_MI,Q15-E007,MU_BETA_SHARED,20260924,0.015895647928118706,0.9841043949127197,2
s23_2_offline_train_t093,23,2,offline_train,1,session2/s23/sess02_subj23_EEG_MI.mat,7eb982af294f5ecb1ebf7dc635a66ba28795835a64c167dcfc9678d2099388dd,1225519,Lee2019_MI,Q15-E007,MU_BETA_SHARED,20260924,0.5342839956283569,0.4657159745693207,1
s23_2_offline_train_t094,23,2,offline_train,2,session2/s23/sess02_subj23_EEG_MI.mat,7eb982af294f5ecb1ebf7dc635a66ba28795835a64c167dcfc9678d2099388dd,1236852,Lee2019_MI,Q15-E007,MU_BETA_SHARED,20260924,0.39897751808166504,0.601022481918335,2
s23_2_offline_train_t095,23,2,offline_train,1,session2/s23/sess02_subj23_EEG_MI.mat,7eb982af294f5ecb1ebf7dc635a66ba28795835a64c167dcfc9678d2099388dd,1248368,Lee2019_MI,Q15-E007,MU_BETA_SHARED,20260924,0.8978471159934998,0.10215289145708084,1
s23_2_offline_train_t096,23,2,offline_train,1,session2/s23/sess02_subj23_EEG_MI.mat,7eb982af294f5ecb1ebf7dc635a66ba28795835a64c167dcfc9678d2099388dd,1259051,Lee2019_MI,Q15-E007,MU_BETA_SHARED,20260924,0.8642845153808594,0.13571549952030182,1
s23_2_offline_train_t097,23,2,offline_train,2,session2/s23/sess02_subj23_EEG_MI.mat,7eb982af294f5ecb1ebf7dc635a66ba28795835a64c167dcfc9678d2099388dd,1270185,Lee2019_MI,Q15-E007,MU_BETA_SHARED,20260924,0.17838549613952637,0.8216145634651184,2
s23_2_offline_train_t098,23,2,offline_train,1,session2/s23/sess02_subj23_EEG_MI.mat,7eb982af294f5ecb1ebf7dc635a66ba28795835a64c167dcfc9678d2099388dd,1281234,Lee2019_MI,Q15-E007,MU_BETA_SHARED,20260924,0.7270603775978088,0.27293962240219116,1
s23_2_offline_train_t099,23,2,offline_train,2,session2/s23/sess02_subj23_EEG_MI.mat,7eb982af294f5ecb1ebf7dc635a66ba28795835a64c167dcfc9678d2099388dd,1291834,Lee2019_MI,Q15-E007,MU_BETA_SHARED,20260924,0.36764460802078247,0.6323553919792175,2
s23_2_offline_train_t100,23,2,offline_train,2,session2/s23/sess02_subj23_EEG_MI.mat,7eb982af294f5ecb1ebf7dc635a66ba28795835a64c167dcfc9678d2099388dd,1302700,Lee2019_MI,Q15-E007,MU_BETA_SHARED,20260924,0.0659298375248909,0.9340702295303345,2
s23_1_offline_train_t001,23,1,offline_train,1,session1/s23/sess01_subj23_EEG_MI.mat,4caeee5093a8313d1ebd6a1f3a0cb7b7596a6037ef136aa6c7de0a74c5fa3364,184778,Lee2019_MI,Q15-E007,MU_BETA_SHARED,20260925,0.6905433535575867,0.30945664644241333,1
s23_1_offline_train_t002,23,1,offline_train,1,session1/s23/sess01_subj23_EEG_MI.mat,4caeee5093a8313d1ebd6a1f3a0cb7b7596a6037ef136aa6c7de0a74c5fa3364,195645,Lee2019_MI,Q15-E007,MU_BETA_SHARED,20260925,0.7841160297393799,0.21588395535945892,1
s23_1_offline_train_t003,23,1,offline_train,1,session1/s23/sess01_subj23_EEG_MI.mat,4caeee5093a8313d1ebd6a1f3a0cb7b7596a6037ef136aa6c7de0a74c5fa3364,206512,Lee2019_MI,Q15-E007,MU_BETA_SHARED,20260925,0.919045627117157,0.080954410135746,1
s23_1_offline_train_t004,23,1,offline_train,2,session1/s23/sess01_subj23_EEG_MI.mat,4caeee5093a8313d1ebd6a1f3a0cb7b7596a6037ef136aa6c7de0a74c5fa3364,217378,Lee2019_MI,Q15-E007,MU_BETA_SHARED,20260925,0.4117213785648346,0.588278591632843,2
s23_1_offline_train_t005,23,1,offline_train,2,session1/s23/sess01_subj23_EEG_MI.mat,4caeee5093a8313d1ebd6a1f3a0cb7b7596a6037ef136aa6c7de0a74c5fa3364,228428,Lee2019_MI,Q15-E007,MU_BETA_SHARED,20260925,0.3227634131908417,0.6772365570068359,2
s23_1_offline_train_t006,23,1,offline_train,1,session1/s23/sess01_subj23_EEG_MI.mat,4caeee5093a8313d1ebd6a1f3a0cb7b7596a6037ef136aa6c7de0a74c5fa3364,239678,Lee2019_MI,Q15-E007,MU_BETA_SHARED,20260925,0.8951976299285889,0.10480237752199173,1
s23_1_offline_train_t007,23,1,offline_train,1,session1/s23/sess01_subj23_EEG_MI.mat,4caeee5093a8313d1ebd6a1f3a0cb7b7596a6037ef136aa6c7de0a74c5fa3364,250261,Lee2019_MI,Q15-E007,MU_BETA_SHARED,20260925,0.7834150195121765,0.21658502519130707,1
s23_1_offline_train_t008,23,1,offline_train,2,session1/s23/sess01_subj23_EEG_MI.mat,4caeee5093a8313d1ebd6a1f3a0cb7b7596a6037ef136aa6c7de0a74c5fa3364,261677,Lee2019_MI,Q15-E007,MU_BETA_SHARED,20260925,0.24811848998069763,0.75188148021698,2
s23_1_offline_train_t009,23,1,offline_train,2,session1/s23/sess01_subj23_EEG_MI.mat,4caeee5093a8313d1ebd6a1f3a0cb7b7596a6037ef136aa6c7de0a74c5fa3364,272827,Lee2019_MI,Q15-E007,MU_BETA_SHARED,20260925,0.7202768921852112,0.2797231078147888,1
s23_1_offline_train_t010,23,1,offline_train,1,session1/s23/sess01_subj23_EEG_MI.mat,4caeee5093a8313d1ebd6a1f3a0cb7b7596a6037ef136aa6c7de0a74c5fa3364,284243,Lee2019_MI,Q15-E007,MU_BETA_SHARED,20260925,0.9509381055831909,0.04906196892261505,1
s23_1_offline_train_t011,23,1,offline_train,2,session1/s23/sess01_subj23_EEG_MI.mat,4caeee5093a8313d1ebd6a1f3a0cb7b7596a6037ef136aa6c7de0a74c5fa3364,295110,Lee2019_MI,Q15-E007,MU_BETA_SHARED,20260925,0.08786536008119583,0.9121346473693848,2
s23_1_offline_train_t012,23,1,offline_train,2,session1/s23/sess01_subj23_EEG_MI.mat,4caeee5093a8313d1ebd6a1f3a0cb7b7596a6037ef136aa6c7de0a74c5fa3364,306076,Lee2019_MI,Q15-E007,MU_BETA_SHARED,20260925,0.5990982055664062,0.400901734828949,1
s23_1_offline_train_t013,23,1,offline_train,1,session1/s23/sess01_subj23_EEG_MI.mat,4caeee5093a8313d1ebd6a1f3a0cb7b7596a6037ef136aa6c7de0a74c5fa3364,316659,Lee2019_MI,Q15-E007,MU_BETA_SHARED,20260925,0.9328924417495728,0.06710757315158844,1
s23_1_offline_train_t014,23,1,offline_train,2,session1/s23/sess01_subj23_EEG_MI.mat,4caeee5093a8313d1ebd6a1f3a0cb7b7596a6037ef136aa6c7de0a74c5fa3364,327443,Lee2019_MI,Q15-E007,MU_BETA_SHARED,20260925,0.7307952642440796,0.2692047357559204,1
s23_1_offline_train_t015,23,1,offline_train,1,session1/s23/sess01_subj23_EEG_MI.mat,4caeee5093a8313d1ebd6a1f3a0cb7b7596a6037ef136aa6c7de0a74c5fa3364,338676,Lee2019_MI,Q15-E007,MU_BETA_SHARED,20260925,0.9158403873443604,0.08415964245796204,1
s23_1_offline_train_t016,23,1,offline_train,1,session1/s23/sess01_subj23_EEG_MI.mat,4caeee5093a8313d1ebd6a1f3a0cb7b7596a6037ef136aa6c7de0a74c5fa3364,349542,Lee2019_MI,Q15-E007,MU_BETA_SHARED,20260925,0.6675964593887329,0.3324035406112671,1
s23_1_offline_train_t017,23,1,offline_train,2,session1/s23/sess01_subj23_EEG_MI.mat,4caeee5093a8313d1ebd6a1f3a0cb7b7596a6037ef136aa6c7de0a74c5fa3364,360975,Lee2019_MI,Q15-E007,MU_BETA_SHARED,20260925,0.21997082233428955,0.7800291180610657,2
s23_1_offline_train_t018,23,1,offline_train,2,session1/s23/sess01_subj23_EEG_MI.mat,4caeee5093a8313d1ebd6a1f3a0cb7b7596a6037ef136aa6c7de0a74c5fa3364,371642,Lee2019_MI,Q15-E007,MU_BETA_SHARED,20260925,0.9142588376998901,0.08574119955301285,1
s23_1_offline_train_t019,23,1,offline_train,2,session1/s23/sess01_subj23_EEG_MI.mat,4caeee5093a8313d1ebd6a1f3a0cb7b7596a6037ef136aa6c7de0a74c5fa3364,383158,Lee2019_MI,Q15-E007,MU_BETA_SHARED,20260925,0.3555813729763031,0.6444186568260193,2
s23_1_offline_train_t020,23,1,offline_train,1,session1/s23/sess01_subj23_EEG_MI.mat,4caeee5093a8313d1ebd6a1f3a0cb7b7596a6037ef136aa6c7de0a74c5fa3364,394225,Lee2019_MI,Q15-E007,MU_BETA_SHARED,20260925,0.8753461241722107,0.12465392798185349,1
s23_1_offline_train_t021,23,1,offline_train,2,session1/s23/sess01_subj23_EEG_MI.mat,4caeee5093a8313d1ebd6a1f3a0cb7b7596a6037ef136aa6c7de0a74c5fa3364,405458,Lee2019_MI,Q15-E007,MU_BETA_SHARED,20260925,0.20854520797729492,0.7914547920227051,2
s23_1_offline_train_t022,23,1,offline_train,2,session1/s23/sess01_subj23_EEG_MI.mat,4caeee5093a8313d1ebd6a1f3a0cb7b7596a6037ef136aa6c7de0a74c5fa3364,416974,Lee2019_MI,Q15-E007,MU_BETA_SHARED,20260925,0.29889702796936035,0.7011029720306396,2
s23_1_offline_train_t023,23,1,offline_train,1,session1/s23/sess01_subj23_EEG_MI.mat,4caeee5093a8313d1ebd6a1f3a0cb7b7596a6037ef136aa6c7de0a74c5fa3364,427841,Lee2019_MI,Q15-E007,MU_BETA_SHARED,20260925,0.9388689398765564,0.06113102659583092,1
s23_1_offline_train_t024,23,1,offline_train,2,session1/s23/sess01_subj23_EEG_MI.mat,4caeee5093a8313d1ebd6a1f3a0cb7b7596a6037ef136aa6c7de0a74c5fa3364,438807,Lee2019_MI,Q15-E007,MU_BETA_SHARED,20260925,0.4021027684211731,0.5978972315788269,2
s23_1_offline_train_t025,23,1,offline_train,1,session1/s23/sess01_subj23_EEG_MI.mat,4caeee5093a8313d1ebd6a1f3a0cb7b7596a6037ef136aa6c7de0a74c5fa3364,449857,Lee2019_MI,Q15-E007,MU_BETA_SHARED,20260925,0.9280673861503601,0.07193265855312347,1
s23_1_offline_train_t026,23,1,offline_train,1,session1/s23/sess01_subj23_EEG_MI.mat,4caeee5093a8313d1ebd6a1f3a0cb7b7596a6037ef136aa6c7de0a74c5fa3364,461190,Lee2019_MI,Q15-E007,MU_BETA_SHARED,20260925,0.7270135879516602,0.27298638224601746,1
s23_1_offline_train_t027,23,1,offline_train,1,session1/s23/sess01_subj23_EEG_MI.mat,4caeee5093a8313d1ebd6a1f3a0cb7b7596a6037ef136aa6c7de0a74c5fa3364,472523,Lee2019_MI,Q15-E007,MU_BETA_SHARED,20260925,0.8131396770477295,0.1868603676557541,1
s23_1_offline_train_t028,23,1,offline_train,2,session1/s23/sess01_subj23_EEG_MI.mat,4caeee5093a8313d1ebd6a1f3a0cb7b7596a6037ef136aa6c7de0a74c5fa3364,483190,Lee2019_MI,Q15-E007,MU_BETA_SHARED,20260925,0.3535996675491333,0.6464002728462219,2
s23_1_offline_train_t029,23,1,offline_train,1,session1/s23/sess01_subj23_EEG_MI.mat,4caeee5093a8313d1ebd6a1f3a0cb7b7596a6037ef136aa6c7de0a74c5fa3364,493873,Lee2019_MI,Q15-E007,MU_BETA_SHARED,20260925,0.4500375986099243,0.5499624609947205,2
s23_1_offline_train_t030,23,1,offline_train,2,session1/s23/sess01_subj23_EEG_MI.mat,4caeee5093a8313d1ebd6a1f3a0cb7b7596a6037ef136aa6c7de0a74c5fa3364,504739,Lee2019_MI,Q15-E007,MU_BETA_SHARED,20260925,0.04950408637523651,0.9504958987236023,2
s23_1_offline_train_t031,23,1,offline_train,1,session1/s23/sess01_subj23_EEG_MI.mat,4caeee5093a8313d1ebd6a1f3a0cb7b7596a6037ef136aa6c7de0a74c5fa3364,515339,Lee2019_MI,Q15-E007,MU_BETA_SHARED,20260925,0.9696758985519409,0.030324045568704605,1
s23_1_offline_train_t032,23,1,offline_train,1,session1/s23/sess01_subj23_EEG_MI.mat,4caeee5093a8313d1ebd6a1f3a0cb7b7596a6037ef136aa6c7de0a74c5fa3364,526389,Lee2019_MI,Q15-E007,MU_BETA_SHARED,20260925,0.6548612713813782,0.3451387286186218,1
s23_1_offline_train_t033,23,1,offline_train,2,session1/s23/sess01_subj23_EEG_MI.mat,4caeee5093a8313d1ebd6a1f3a0cb7b7596a6037ef136aa6c7de0a74c5fa3364,537255,Lee2019_MI,Q15-E007,MU_BETA_SHARED,20260925,0.4022747278213501,0.5977252721786499,2
s23_1_offline_train_t034,23,1,offline_train,1,session1/s23/sess01_subj23_EEG_MI.mat,4caeee5093a8313d1ebd6a1f3a0cb7b7596a6037ef136aa6c7de0a74c5fa3364,548022,Lee2019_MI,Q15-E007,MU_BETA_SHARED,20260925,0.4128968417644501,0.5871031284332275,2
s23_1_offline_train_t035,23,1,offline_train,1,session1/s23/sess01_subj23_EEG_MI.mat,4caeee5093a8313d1ebd6a1f3a0cb7b7596a6037ef136aa6c7de0a74c5fa3364,558804,Lee2019_MI,Q15-E007,MU_BETA_SHARED,20260925,0.9124676585197449,0.08753234148025513,1
s23_1_offline_train_t036,23,1,offline_train,1,session1/s23/sess01_subj23_EEG_MI.mat,4caeee5093a8313d1ebd6a1f3a0cb7b7596a6037ef136aa6c7de0a74c5fa3364,570221,Lee2019_MI,Q15-E007,MU_BETA_SHARED,20260925,0.6973523497581482,0.3026476800441742,1
s23_1_offline_train_t037,23,1,offline_train,2,session1/s23/sess01_subj23_EEG_MI.mat,4caeee5093a8313d1ebd6a1f3a0cb7b7596a6037ef136aa6c7de0a74c5fa3364,581454,Lee2019_MI,Q15-E007,MU_BETA_SHARED,20260925,0.5297003388404846,0.4702996611595154,1
s23_1_offline_train_t038,23,1,offline_train,1,session1/s23/sess01_subj23_EEG_MI.mat,4caeee5093a8313d1ebd6a1f3a0cb7b7596a6037ef136aa6c7de0a74c5fa3364,592521,Lee2019_MI,Q15-E007,MU_BETA_SHARED,20260925,0.9584795236587524,0.04152043163776398,1
s23_1_offline_train_t039,23,1,offline_train,1,session1/s23/sess01_subj23_EEG_MI.mat,4caeee5093a8313d1ebd6a1f3a0cb7b7596a6037ef136aa6c7de0a74c5fa3364,604037,Lee2019_MI,Q15-E007,MU_BETA_SHARED,20260925,0.9364402294158936,0.06355974078178406,1
s23_1_offline_train_t040,23,1,offline_train,1,session1/s23/sess01_subj23_EEG_MI.mat,4caeee5093a8313d1ebd6a1f3a0cb7b7596a6037ef136aa6c7de0a74c5fa3364,614703,Lee2019_MI,Q15-E007,MU_BETA_SHARED,20260925,0.8324021100997925,0.16759786009788513,1
s23_1_offline_train_t041,23,1,offline_train,2,session1/s23/sess01_subj23_EEG_MI.mat,4caeee5093a8313d1ebd6a1f3a0cb7b7596a6037ef136aa6c7de0a74c5fa3364,626037,Lee2019_MI,Q15-E007,MU_BETA_SHARED,20260925,0.2384391874074936,0.76156085729599,2
s23_1_offline_train_t042,23,1,offline_train,2,session1/s23/sess01_subj23_EEG_MI.mat,4caeee5093a8313d1ebd6a1f3a0cb7b7596a6037ef136aa6c7de0a74c5fa3364,637370,Lee2019_MI,Q15-E007,MU_BETA_SHARED,20260925,0.14871618151664734,0.851283848285675,2
s23_1_offline_train_t043,23,1,offline_train,2,session1/s23/sess01_subj23_EEG_MI.mat,4caeee5093a8313d1ebd6a1f3a0cb7b7596a6037ef136aa6c7de0a74c5fa3364,648520,Lee2019_MI,Q15-E007,MU_BETA_SHARED,20260925,0.3641304075717926,0.6358696222305298,2
s23_1_offline_train_t044,23,1,offline_train,1,session1/s23/sess01_subj23_EEG_MI.mat,4caeee5093a8313d1ebd6a1f3a0cb7b7596a6037ef136aa6c7de0a74c5fa3364,659286,Lee2019_MI,Q15-E007,MU_BETA_SHARED,20260925,0.9026604890823364,0.09733957052230835,1
s23_1_offline_train_t045,23,1,offline_train,2,session1/s23/sess01_subj23_EEG_MI.mat,4caeee5093a8313d1ebd6a1f3a0cb7b7596a6037ef136aa6c7de0a74c5fa3364,670435,Lee2019_MI,Q15-E007,MU_BETA_SHARED,20260925,0.664481520652771,0.335518479347229,1
s23_1_offline_train_t046,23,1,offline_train,2,session1/s23/sess01_subj23_EEG_MI.mat,4caeee5093a8313d1ebd6a1f3a0cb7b7596a6037ef136aa6c7de0a74c5fa3364,681302,Lee2019_MI,Q15-E007,MU_BETA_SHARED,20260925,0.2669720947742462,0.7330278754234314,2
s23_1_offline_train_t047,23,1,offline_train,2,session1/s23/sess01_subj23_EEG_MI.mat,4caeee5093a8313d1ebd6a1f3a0cb7b7596a6037ef136aa6c7de0a74c5fa3364,691985,Lee2019_MI,Q15-E007,MU_BETA_SHARED,20260925,0.0990104228258133,0.9009895920753479,2
s23_1_offline_train_t048,23,1,offline_train,1,session1/s23/sess01_subj23_EEG_MI.mat,4caeee5093a8313d1ebd6a1f3a0cb7b7596a6037ef136aa6c7de0a74c5fa3364,702752,Lee2019_MI,Q15-E007,MU_BETA_SHARED,20260925,0.9092336893081665,0.09076637029647827,1
s23_1_offline_train_t049,23,1,offline_train,2,session1/s23/sess01_subj23_EEG_MI.mat,4caeee5093a8313d1ebd6a1f3a0cb7b7596a6037ef136aa6c7de0a74c5fa3364,714185,Lee2019_MI,Q15-E007,MU_BETA_SHARED,20260925,0.17941220104694366,0.8205878138542175,2
s23_1_offline_train_t050,23,1,offline_train,1,session1/s23/sess01_subj23_EEG_MI.mat,4caeee5093a8313d1ebd6a1f3a0cb7b7596a6037ef136aa6c7de0a74c5fa3364,762101,Lee2019_MI,Q15-E007,MU_BETA_SHARED,20260925,0.4184173345565796,0.5815826654434204,2
s23_1_offline_train_t051,23,1,offline_train,2,session1/s23/sess01_subj23_EEG_MI.mat,4caeee5093a8313d1ebd6a1f3a0cb7b7596a6037ef136aa6c7de0a74c5fa3364,772884,Lee2019_MI,Q15-E007,MU_BETA_SHARED,20260925,0.48469504714012146,0.5153049230575562,2
s23_1_offline_train_t052,23,1,offline_train,2,session1/s23/sess01_subj23_EEG_MI.mat,4caeee5093a8313d1ebd6a1f3a0cb7b7596a6037ef136aa6c7de0a74c5fa3364,783467,Lee2019_MI,Q15-E007,MU_BETA_SHARED,20260925,0.49897274374961853,0.5010272264480591,2
s23_1_offline_train_t053,23,1,offline_train,2,session1/s23/sess01_subj23_EEG_MI.mat,4caeee5093a8313d1ebd6a1f3a0cb7b7596a6037ef136aa6c7de0a74c5fa3364,794433,Lee2019_MI,Q15-E007,MU_BETA_SHARED,20260925,0.44412314891815186,0.5558767914772034,2
s23_1_offline_train_t054,23,1,offline_train,2,session1/s23/sess01_subj23_EEG_MI.mat,4caeee5093a8313d1ebd6a1f3a0cb7b7596a6037ef136aa6c7de0a74c5fa3364,805017,Lee2019_MI,Q15-E007,MU_BETA_SHARED,20260925,0.18747396767139435,0.8125260472297668,2
s23_1_offline_train_t055,23,1,offline_train,1,session1/s23/sess01_subj23_EEG_MI.mat,4caeee5093a8313d1ebd6a1f3a0cb7b7596a6037ef136aa6c7de0a74c5fa3364,816450,Lee2019_MI,Q15-E007,MU_BETA_SHARED,20260925,0.8155983686447144,0.18440164625644684,1
s23_1_offline_train_t056,23,1,offline_train,1,session1/s23/sess01_subj23_EEG_MI.mat,4caeee5093a8313d1ebd6a1f3a0cb7b7596a6037ef136aa6c7de0a74c5fa3364,827216,Lee2019_MI,Q15-E007,MU_BETA_SHARED,20260925,0.9328100681304932,0.06718996912240982,1
s23_1_offline_train_t057,23,1,offline_train,1,session1/s23/sess01_subj23_EEG_MI.mat,4caeee5093a8313d1ebd6a1f3a0cb7b7596a6037ef136aa6c7de0a74c5fa3364,837899,Lee2019_MI,Q15-E007,MU_BETA_SHARED,20260925,0.5095316171646118,0.4904683530330658,1
s23_1_offline_train_t058,23,1,offline_train,2,session1/s23/sess01_subj23_EEG_MI.mat,4caeee5093a8313d1ebd6a1f3a0cb7b7596a6037ef136aa6c7de0a74c5fa3364,848766,Lee2019_MI,Q15-E007,MU_BETA_SHARED,20260925,0.692823588848114,0.3071763813495636,1
s23_1_offline_train_t059,23,1,offline_train,1,session1/s23/sess01_subj23_EEG_MI.mat,4caeee5093a8313d1ebd6a1f3a0cb7b7596a6037ef136aa6c7de0a74c5fa3364,859816,Lee2019_MI,Q15-E007,MU_BETA_SHARED,20260925,0.9103648662567139,0.08963518589735031,1
s23_1_offline_train_t060,23,1,offline_train,1,session1/s23/sess01_subj23_EEG_MI.mat,4caeee5093a8313d1ebd6a1f3a0cb7b7596a6037ef136aa6c7de0a74c5fa3364,870499,Lee2019_MI,Q15-E007,MU_BETA_SHARED,20260925,0.921011209487915,0.07898875325918198,1
s23_1_offline_train_t061,23,1,offline_train,1,session1/s23/sess01_subj23_EEG_MI.mat,4caeee5093a8313d1ebd6a1f3a0cb7b7596a6037ef136aa6c7de0a74c5fa3364,882015,Lee2019_MI,Q15-E007,MU_BETA_SHARED,20260925,0.7953048348426819,0.2046951800584793,1
s23_1_offline_train_t062,23,1,offline_train,2,session1/s23/sess01_subj23_EEG_MI.mat,4caeee5093a8313d1ebd6a1f3a0cb7b7596a6037ef136aa6c7de0a74c5fa3364,892882,Lee2019_MI,Q15-E007,MU_BETA_SHARED,20260925,0.2623045742511749,0.7376954555511475,2
s23_1_offline_train_t063,23,1,offline_train,1,session1/s23/sess01_subj23_EEG_MI.mat,4caeee5093a8313d1ebd6a1f3a0cb7b7596a6037ef136aa6c7de0a74c5fa3364,903748,Lee2019_MI,Q15-E007,MU_BETA_SHARED,20260925,0.6345327496528625,0.36546722054481506,1
s23_1_offline_train_t064,23,1,offline_train,1,session1/s23/sess01_subj23_EEG_MI.mat,4caeee5093a8313d1ebd6a1f3a0cb7b7596a6037ef136aa6c7de0a74c5fa3364,914330,Lee2019_MI,Q15-E007,MU_BETA_SHARED,20260925,0.8417601585388184,0.15823988616466522,1
s23_1_offline_train_t065,23,1,offline_train,1,session1/s23/sess01_subj23_EEG_MI.mat,4caeee5093a8313d1ebd6a1f3a0cb7b7596a6037ef136aa6c7de0a74c5fa3364,925198,Lee2019_MI,Q15-E007,MU_BETA_SHARED,20260925,0.7611145377159119,0.23888543248176575,1
s23_1_offline_train_t066,23,1,offline_train,2,session1/s23/sess01_subj23_EEG_MI.mat,4caeee5093a8313d1ebd6a1f3a0cb7b7596a6037ef136aa6c7de0a74c5fa3364,935798,Lee2019_MI,Q15-E007,MU_BETA_SHARED,20260925,0.15065567195415497,0.8493443131446838,2
s23_1_offline_train_t067,23,1,offline_train,2,session1/s23/sess01_subj23_EEG_MI.mat,4caeee5093a8313d1ebd6a1f3a0cb7b7596a6037ef136aa6c7de0a74c5fa3364,946847,Lee2019_MI,Q15-E007,MU_BETA_SHARED,20260925,0.8717065453529358,0.1282934993505478,1
s23_1_offline_train_t068,23,1,offline_train,2,session1/s23/sess01_subj23_EEG_MI.mat,4caeee5093a8313d1ebd6a1f3a0cb7b7596a6037ef136aa6c7de0a74c5fa3364,958180,Lee2019_MI,Q15-E007,MU_BETA_SHARED,20260925,0.29664909839630127,0.7033509612083435,2
s23_1_offline_train_t069,23,1,offline_train,1,session1/s23/sess01_subj23_EEG_MI.mat,4caeee5093a8313d1ebd6a1f3a0cb7b7596a6037ef136aa6c7de0a74c5fa3364,969313,Lee2019_MI,Q15-E007,MU_BETA_SHARED,20260925,0.7333899140357971,0.2666100859642029,1
s23_1_offline_train_t070,23,1,offline_train,2,session1/s23/sess01_subj23_EEG_MI.mat,4caeee5093a8313d1ebd6a1f3a0cb7b7596a6037ef136aa6c7de0a74c5fa3364,979997,Lee2019_MI,Q15-E007,MU_BETA_SHARED,20260925,0.6527395844459534,0.347260445356369,1
s23_1_offline_train_t071,23,1,offline_train,2,session1/s23/sess01_subj23_EEG_MI.mat,4caeee5093a8313d1ebd6a1f3a0cb7b7596a6037ef136aa6c7de0a74c5fa3364,990596,Lee2019_MI,Q15-E007,MU_BETA_SHARED,20260925,0.34328362345695496,0.6567164063453674,2
s23_1_offline_train_t072,23,1,offline_train,2,session1/s23/sess01_subj23_EEG_MI.mat,4caeee5093a8313d1ebd6a1f3a0cb7b7596a6037ef136aa6c7de0a74c5fa3364,1001912,Lee2019_MI,Q15-E007,MU_BETA_SHARED,20260925,0.4109196066856384,0.5890803337097168,2
s23_1_offline_train_t073,23,1,offline_train,2,session1/s23/sess01_subj23_EEG_MI.mat,4caeee5093a8313d1ebd6a1f3a0cb7b7596a6037ef136aa6c7de0a74c5fa3364,1013346,Lee2019_MI,Q15-E007,MU_BETA_SHARED,20260925,0.6039790511131287,0.39602091908454895,1
s23_1_offline_train_t074,23,1,offline_train,1,session1/s23/sess01_subj23_EEG_MI.mat,4caeee5093a8313d1ebd6a1f3a0cb7b7596a6037ef136aa6c7de0a74c5fa3364,1024396,Lee2019_MI,Q15-E007,MU_BETA_SHARED,20260925,0.7151439785957336,0.28485605120658875,1
s23_1_offline_train_t075,23,1,offline_train,1,session1/s23/sess01_subj23_EEG_MI.mat,4caeee5093a8313d1ebd6a1f3a0cb7b7596a6037ef136aa6c7de0a74c5fa3364,1035079,Lee2019_MI,Q15-E007,MU_BETA_SHARED,20260925,0.559384822845459,0.440615177154541,1
s23_1_offline_train_t076,23,1,offline_train,1,session1/s23/sess01_subj23_EEG_MI.mat,4caeee5093a8313d1ebd6a1f3a0cb7b7596a6037ef136aa6c7de0a74c5fa3364,1046412,Lee2019_MI,Q15-E007,MU_BETA_SHARED,20260925,0.6876050233840942,0.3123949468135834,1
s23_1_offline_train_t077,23,1,offline_train,2,session1/s23/sess01_subj23_EEG_MI.mat,4caeee5093a8313d1ebd6a1f3a0cb7b7596a6037ef136aa6c7de0a74c5fa3364,1057279,Lee2019_MI,Q15-E007,MU_BETA_SHARED,20260925,0.7877436876296997,0.21225625276565552,1
s23_1_offline_train_t078,23,1,offline_train,1,session1/s23/sess01_subj23_EEG_MI.mat,4caeee5093a8313d1ebd6a1f3a0cb7b7596a6037ef136aa6c7de0a74c5fa3364,1068145,Lee2019_MI,Q15-E007,MU_BETA_SHARED,20260925,0.30134838819503784,0.6986516118049622,2
s23_1_offline_train_t079,23,1,offline_train,1,session1/s23/sess01_subj23_EEG_MI.mat,4caeee5093a8313d1ebd6a1f3a0cb7b7596a6037ef136aa6c7de0a74c5fa3364,1079478,Lee2019_MI,Q15-E007,MU_BETA_SHARED,20260925,0.7807407379150391,0.21925926208496094,1
s23_1_offline_train_t080,23,1,offline_train,1,session1/s23/sess01_subj23_EEG_MI.mat,4caeee5093a8313d1ebd6a1f3a0cb7b7596a6037ef136aa6c7de0a74c5fa3364,1090061,Lee2019_MI,Q15-E007,MU_BETA_SHARED,20260925,0.8277876377105713,0.1722123920917511,1
s23_1_offline_train_t081,23,1,offline_train,2,session1/s23/sess01_subj23_EEG_MI.mat,4caeee5093a8313d1ebd6a1f3a0cb7b7596a6037ef136aa6c7de0a74c5fa3364,1100644,Lee2019_MI,Q15-E007,MU_BETA_SHARED,20260925,0.43367451429367065,0.5663254857063293,2
s23_1_offline_train_t082,23,1,offline_train,1,session1/s23/sess01_subj23_EEG_MI.mat,4caeee5093a8313d1ebd6a1f3a0cb7b7596a6037ef136aa6c7de0a74c5fa3364,1111894,Lee2019_MI,Q15-E007,MU_BETA_SHARED,20260925,0.6539932489395142,0.34600669145584106,1
s23_1_offline_train_t083,23,1,offline_train,2,session1/s23/sess01_subj23_EEG_MI.mat,4caeee5093a8313d1ebd6a1f3a0cb7b7596a6037ef136aa6c7de0a74c5fa3364,1123027,Lee2019_MI,Q15-E007,MU_BETA_SHARED,20260925,0.697500467300415,0.30249953269958496,1
s23_1_offline_train_t084,23,1,offline_train,1,session1/s23/sess01_subj23_EEG_MI.mat,4caeee5093a8313d1ebd6a1f3a0cb7b7596a6037ef136aa6c7de0a74c5fa3364,1134077,Lee2019_MI,Q15-E007,MU_BETA_SHARED,20260925,0.8584750890731812,0.14152494072914124,1
s23_1_offline_train_t085,23,1,offline_train,2,session1/s23/sess01_subj23_EEG_MI.mat,4caeee5093a8313d1ebd6a1f3a0cb7b7596a6037ef136aa6c7de0a74c5fa3364,1145327,Lee2019_MI,Q15-E007,MU_BETA_SHARED,20260925,0.6855175495147705,0.31448251008987427,1
s23_1_offline_train_t086,23,1,offline_train,2,session1/s23/sess01_subj23_EEG_MI.mat,4caeee5093a8313d1ebd6a1f3a0cb7b7596a6037ef136aa6c7de0a74c5fa3364,1156560,Lee2019_MI,Q15-E007,MU_BETA_SHARED,20260925,0.023513788357377052,0.9764861464500427,2
s23_1_offline_train_t087,23,1,offline_train,1,session1/s23/sess01_subj23_EEG_MI.mat,4caeee5093a8313d1ebd6a1f3a0cb7b7596a6037ef136aa6c7de0a74c5fa3364,1167893,Lee2019_MI,Q15-E007,MU_BETA_SHARED,20260925,0.9583403468132019,0.041659608483314514,1
s23_1_offline_train_t088,23,1,offline_train,2,session1/s23/sess01_subj23_EEG_MI.mat,4caeee5093a8313d1ebd6a1f3a0cb7b7596a6037ef136aa6c7de0a74c5fa3364,1178760,Lee2019_MI,Q15-E007,MU_BETA_SHARED,20260925,0.16526949405670166,0.8347305655479431,2
s23_1_offline_train_t089,23,1,offline_train,2,session1/s23/sess01_subj23_EEG_MI.mat,4caeee5093a8313d1ebd6a1f3a0cb7b7596a6037ef136aa6c7de0a74c5fa3364,1189993,Lee2019_MI,Q15-E007,MU_BETA_SHARED,20260925,0.2076665461063385,0.7923334836959839,2
s23_1_offline_train_t090,23,1,offline_train,2,session1/s23/sess01_subj23_EEG_MI.mat,4caeee5093a8313d1ebd6a1f3a0cb7b7596a6037ef136aa6c7de0a74c5fa3364,1201142,Lee2019_MI,Q15-E007,MU_BETA_SHARED,20260925,0.9642302989959717,0.03576963394880295,1
s23_1_offline_train_t091,23,1,offline_train,1,session1/s23/sess01_subj23_EEG_MI.mat,4caeee5093a8313d1ebd6a1f3a0cb7b7596a6037ef136aa6c7de0a74c5fa3364,1212109,Lee2019_MI,Q15-E007,MU_BETA_SHARED,20260925,0.7532880306243896,0.24671192467212677,1
s23_1_offline_train_t092,23,1,offline_train,1,session1/s23/sess01_subj23_EEG_MI.mat,4caeee5093a8313d1ebd6a1f3a0cb7b7596a6037ef136aa6c7de0a74c5fa3364,1222692,Lee2019_MI,Q15-E007,MU_BETA_SHARED,20260925,0.7411244511604309,0.2588755190372467,1
s23_1_offline_train_t093,23,1,offline_train,2,session1/s23/sess01_subj23_EEG_MI.mat,4caeee5093a8313d1ebd6a1f3a0cb7b7596a6037ef136aa6c7de0a74c5fa3364,1234025,Lee2019_MI,Q15-E007,MU_BETA_SHARED,20260925,0.13862532377243042,0.8613747358322144,2
s23_1_offline_train_t094,23,1,offline_train,1,session1/s23/sess01_subj23_EEG_MI.mat,4caeee5093a8313d1ebd6a1f3a0cb7b7596a6037ef136aa6c7de0a74c5fa3364,1244891,Lee2019_MI,Q15-E007,MU_BETA_SHARED,20260925,0.4407581686973572,0.559241771697998,2
s23_1_offline_train_t095,23,1,offline_train,2,session1/s23/sess01_subj23_EEG_MI.mat,4caeee5093a8313d1ebd6a1f3a0cb7b7596a6037ef136aa6c7de0a74c5fa3364,1256041,Lee2019_MI,Q15-E007,MU_BETA_SHARED,20260925,0.5586274862289429,0.4413725435733795,1
s23_1_offline_train_t096,23,1,offline_train,2,session1/s23/sess01_subj23_EEG_MI.mat,4caeee5093a8313d1ebd6a1f3a0cb7b7596a6037ef136aa6c7de0a74c5fa3364,1267358,Lee2019_MI,Q15-E007,MU_BETA_SHARED,20260925,0.7782919406890869,0.2217080146074295,1
s23_1_offline_train_t097,23,1,offline_train,1,session1/s23/sess01_subj23_EEG_MI.mat,4caeee5093a8313d1ebd6a1f3a0cb7b7596a6037ef136aa6c7de0a74c5fa3364,1278041,Lee2019_MI,Q15-E007,MU_BETA_SHARED,20260925,0.991270899772644,0.008729103952646255,1
s23_1_offline_train_t098,23,1,offline_train,1,session1/s23/sess01_subj23_EEG_MI.mat,4caeee5093a8313d1ebd6a1f3a0cb7b7596a6037ef136aa6c7de0a74c5fa3364,1288724,Lee2019_MI,Q15-E007,MU_BETA_SHARED,20260925,0.8405203819274902,0.15947957336902618,1
s23_1_offline_train_t099,23,1,offline_train,2,session1/s23/sess01_subj23_EEG_MI.mat,4caeee5093a8313d1ebd6a1f3a0cb7b7596a6037ef136aa6c7de0a74c5fa3364,1299874,Lee2019_MI,Q15-E007,MU_BETA_SHARED,20260925,0.9364197254180908,0.0635802373290062,1
s23_1_offline_train_t100,23,1,offline_train,2,session1/s23/sess01_subj23_EEG_MI.mat,4caeee5093a8313d1ebd6a1f3a0cb7b7596a6037ef136aa6c7de0a74c5fa3364,1310923,Lee2019_MI,Q15-E007,MU_BETA_SHARED,20260925,0.7404204607009888,0.25957947969436646,1
s23_2_offline_train_t001,23,2,offline_train,1,session2/s23/sess02_subj23_EEG_MI.mat,7eb982af294f5ecb1ebf7dc635a66ba28795835a64c167dcfc9678d2099388dd,150456,Lee2019_MI,Q15-E007,MU_BETA_SHARED,20260925,0.7588056921958923,0.24119435250759125,1
s23_2_offline_train_t002,23,2,offline_train,2,session2/s23/sess02_subj23_EEG_MI.mat,7eb982af294f5ecb1ebf7dc635a66ba28795835a64c167dcfc9678d2099388dd,161872,Lee2019_MI,Q15-E007,MU_BETA_SHARED,20260925,0.3680572807788849,0.6319427490234375,2
s23_2_offline_train_t003,23,2,offline_train,1,session2/s23/sess02_subj23_EEG_MI.mat,7eb982af294f5ecb1ebf7dc635a66ba28795835a64c167dcfc9678d2099388dd,172555,Lee2019_MI,Q15-E007,MU_BETA_SHARED,20260925,0.6392218470573425,0.3607781231403351,1
s23_2_offline_train_t004,23,2,offline_train,1,session2/s23/sess02_subj23_EEG_MI.mat,7eb982af294f5ecb1ebf7dc635a66ba28795835a64c167dcfc9678d2099388dd,183988,Lee2019_MI,Q15-E007,MU_BETA_SHARED,20260925,0.4914143681526184,0.5085856318473816,2
s23_2_offline_train_t005,23,2,offline_train,2,session2/s23/sess02_subj23_EEG_MI.mat,7eb982af294f5ecb1ebf7dc635a66ba28795835a64c167dcfc9678d2099388dd,195121,Lee2019_MI,Q15-E007,MU_BETA_SHARED,20260925,0.3622228503227234,0.6377772092819214,2
s23_2_offline_train_t006,23,2,offline_train,2,session2/s23/sess02_subj23_EEG_MI.mat,7eb982af294f5ecb1ebf7dc635a66ba28795835a64c167dcfc9678d2099388dd,205805,Lee2019_MI,Q15-E007,MU_BETA_SHARED,20260925,0.1602596789598465,0.8397403359413147,2
s23_2_offline_train_t007,23,2,offline_train,1,session2/s23/sess02_subj23_EEG_MI.mat,7eb982af294f5ecb1ebf7dc635a66ba28795835a64c167dcfc9678d2099388dd,216671,Lee2019_MI,Q15-E007,MU_BETA_SHARED,20260925,0.9033253192901611,0.09667463600635529,1
s23_2_offline_train_t008,23,2,offline_train,2,session2/s23/sess02_subj23_EEG_MI.mat,7eb982af294f5ecb1ebf7dc635a66ba28795835a64c167dcfc9678d2099388dd,227721,Lee2019_MI,Q15-E007,MU_BETA_SHARED,20260925,0.5175665020942688,0.4824334681034088,1
s23_2_offline_train_t009,23,2,offline_train,1,session2/s23/sess02_subj23_EEG_MI.mat,7eb982af294f5ecb1ebf7dc635a66ba28795835a64c167dcfc9678d2099388dd,239237,Lee2019_MI,Q15-E007,MU_BETA_SHARED,20260925,0.32675406336784363,0.673245906829834,2
s23_2_offline_train_t010,23,2,offline_train,1,session2/s23/sess02_subj23_EEG_MI.mat,7eb982af294f5ecb1ebf7dc635a66ba28795835a64c167dcfc9678d2099388dd,250754,Lee2019_MI,Q15-E007,MU_BETA_SHARED,20260925,0.8029431700706482,0.1970568150281906,1
s23_2_offline_train_t011,23,2,offline_train,2,session2/s23/sess02_subj23_EEG_MI.mat,7eb982af294f5ecb1ebf7dc635a66ba28795835a64c167dcfc9678d2099388dd,261437,Lee2019_MI,Q15-E007,MU_BETA_SHARED,20260925,0.18130068480968475,0.8186993598937988,2
s23_2_offline_train_t012,23,2,offline_train,2,session2/s23/sess02_subj23_EEG_MI.mat,7eb982af294f5ecb1ebf7dc635a66ba28795835a64c167dcfc9678d2099388dd,272953,Lee2019_MI,Q15-E007,MU_BETA_SHARED,20260925,0.33231914043426514,0.6676809191703796,2
s23_2_offline_train_t013,23,2,offline_train,1,session2/s23/sess02_subj23_EEG_MI.mat,7eb982af294f5ecb1ebf7dc635a66ba28795835a64c167dcfc9678d2099388dd,284470,Lee2019_MI,Q15-E007,MU_BETA_SHARED,20260925,0.7685438990592957,0.23145614564418793,1
s23_2_offline_train_t014,23,2,offline_train,1,session2/s23/sess02_subj23_EEG_MI.mat,7eb982af294f5ecb1ebf7dc635a66ba28795835a64c167dcfc9678d2099388dd,295519,Lee2019_MI,Q15-E007,MU_BETA_SHARED,20260925,0.510130763053894,0.48986920714378357,1
s23_2_offline_train_t015,23,2,offline_train,2,session2/s23/sess02_subj23_EEG_MI.mat,7eb982af294f5ecb1ebf7dc635a66ba28795835a64c167dcfc9678d2099388dd,306853,Lee2019_MI,Q15-E007,MU_BETA_SHARED,20260925,0.42535921931266785,0.5746407508850098,2
s23_2_offline_train_t016,23,2,offline_train,1,session2/s23/sess02_subj23_EEG_MI.mat,7eb982af294f5ecb1ebf7dc635a66ba28795835a64c167dcfc9678d2099388dd,317536,Lee2019_MI,Q15-E007,MU_BETA_SHARED,20260925,0.6172088384628296,0.3827911615371704,1
s23_2_offline_train_t017,23,2,offline_train,1,session2/s23/sess02_subj23_EEG_MI.mat,7eb982af294f5ecb1ebf7dc635a66ba28795835a64c167dcfc9678d2099388dd,328502,Lee2019_MI,Q15-E007,MU_BETA_SHARED,20260925,0.8429818749427795,0.15701808035373688,1
s23_2_offline_train_t018,23,2,offline_train,1,session2/s23/sess02_subj23_EEG_MI.mat,7eb982af294f5ecb1ebf7dc635a66ba28795835a64c167dcfc9678d2099388dd,340019,Lee2019_MI,Q15-E007,MU_BETA_SHARED,20260925,0.340651273727417,0.659348726272583,2
s23_2_offline_train_t019,23,2,offline_train,1,session2/s23/sess02_subj23_EEG_MI.mat,7eb982af294f5ecb1ebf7dc635a66ba28795835a64c167dcfc9678d2099388dd,351352,Lee2019_MI,Q15-E007,MU_BETA_SHARED,20260925,0.12940767407417297,0.8705922961235046,2
s23_2_offline_train_t020,23,2,offline_train,2,session2/s23/sess02_subj23_EEG_MI.mat,7eb982af294f5ecb1ebf7dc635a66ba28795835a64c167dcfc9678d2099388dd,362868,Lee2019_MI,Q15-E007,MU_BETA_SHARED,20260925,0.6933420300483704,0.30665791034698486,1
s23_2_offline_train_t021,23,2,offline_train,2,session2/s23/sess02_subj23_EEG_MI.mat,7eb982af294f5ecb1ebf7dc635a66ba28795835a64c167dcfc9678d2099388dd,374101,Lee2019_MI,Q15-E007,MU_BETA_SHARED,20260925,0.1656659096479416,0.834334135055542,2
s23_2_offline_train_t022,23,2,offline_train,1,session2/s23/sess02_subj23_EEG_MI.mat,7eb982af294f5ecb1ebf7dc635a66ba28795835a64c167dcfc9678d2099388dd,384685,Lee2019_MI,Q15-E007,MU_BETA_SHARED,20260925,0.6000369787216187,0.3999630808830261,1
s23_2_offline_train_t023,23,2,offline_train,2,session2/s23/sess02_subj23_EEG_MI.mat,7eb982af294f5ecb1ebf7dc635a66ba28795835a64c167dcfc9678d2099388dd,396118,Lee2019_MI,Q15-E007,MU_BETA_SHARED,20260925,0.32218292355537415,0.6778171062469482,2
s23_2_offline_train_t024,23,2,offline_train,2,session2/s23/sess02_subj23_EEG_MI.mat,7eb982af294f5ecb1ebf7dc635a66ba28795835a64c167dcfc9678d2099388dd,407634,Lee2019_MI,Q15-E007,MU_BETA_SHARED,20260925,0.41864579916000366,0.5813542604446411,2
s23_2_offline_train_t025,23,2,offline_train,2,session2/s23/sess02_subj23_EEG_MI.mat,7eb982af294f5ecb1ebf7dc635a66ba28795835a64c167dcfc9678d2099388dd,418867,Lee2019_MI,Q15-E007,MU_BETA_SHARED,20260925,0.3041497468948364,0.6958501935005188,2
s23_2_offline_train_t026,23,2,offline_train,1,session2/s23/sess02_subj23_EEG_MI.mat,7eb982af294f5ecb1ebf7dc635a66ba28795835a64c167dcfc9678d2099388dd,430200,Lee2019_MI,Q15-E007,MU_BETA_SHARED,20260925,0.7232937812805176,0.2767062485218048,1
s23_2_offline_train_t027,23,2,offline_train,2,session2/s23/sess02_subj23_EEG_MI.mat,7eb982af294f5ecb1ebf7dc635a66ba28795835a64c167dcfc9678d2099388dd,441533,Lee2019_MI,Q15-E007,MU_BETA_SHARED,20260925,0.10379847884178162,0.8962015509605408,2
s23_2_offline_train_t028,23,2,offline_train,1,session2/s23/sess02_subj23_EEG_MI.mat,7eb982af294f5ecb1ebf7dc635a66ba28795835a64c167dcfc9678d2099388dd,452483,Lee2019_MI,Q15-E007,MU_BETA_SHARED,20260925,0.835385262966156,0.164614737033844,1
s23_2_offline_train_t029,23,2,offline_train,1,session2/s23/sess02_subj23_EEG_MI.mat,7eb982af294f5ecb1ebf7dc635a66ba28795835a64c167dcfc9678d2099388dd,463733,Lee2019_MI,Q15-E007,MU_BETA_SHARED,20260925,0.638351321220398,0.3616486191749573,1
s23_2_offline_train_t030,23,2,offline_train,2,session2/s23/sess02_subj23_EEG_MI.mat,7eb982af294f5ecb1ebf7dc635a66ba28795835a64c167dcfc9678d2099388dd,474500,Lee2019_MI,Q15-E007,MU_BETA_SHARED,20260925,0.7047954201698303,0.29520460963249207,1
s23_2_offline_train_t031,23,2,offline_train,1,session2/s23/sess02_subj23_EEG_MI.mat,7eb982af294f5ecb1ebf7dc635a66ba28795835a64c167dcfc9678d2099388dd,485749,Lee2019_MI,Q15-E007,MU_BETA_SHARED,20260925,0.8991338014602661,0.10086626559495926,1
s23_2_offline_train_t032,23,2,offline_train,2,session2/s23/sess02_subj23_EEG_MI.mat,7eb982af294f5ecb1ebf7dc635a66ba28795835a64c167dcfc9678d2099388dd,496332,Lee2019_MI,Q15-E007,MU_BETA_SHARED,20260925,0.27630141377449036,0.7236985564231873,2
s23_2_offline_train_t033,23,2,offline_train,1,session2/s23/sess02_subj23_EEG_MI.mat,7eb982af294f5ecb1ebf7dc635a66ba28795835a64c167dcfc9678d2099388dd,507199,Lee2019_MI,Q15-E007,MU_BETA_SHARED,20260925,0.7162086367607117,0.28379133343696594,1
s23_2_offline_train_t034,23,2,offline_train,2,session2/s23/sess02_subj23_EEG_MI.mat,7eb982af294f5ecb1ebf7dc635a66ba28795835a64c167dcfc9678d2099388dd,517782,Lee2019_MI,Q15-E007,MU_BETA_SHARED,20260925,0.5734686255455017,0.4265313744544983,1
s23_2_offline_train_t035,23,2,offline_train,2,session2/s23/sess02_subj23_EEG_MI.mat,7eb982af294f5ecb1ebf7dc635a66ba28795835a64c167dcfc9678d2099388dd,528465,Lee2019_MI,Q15-E007,MU_BETA_SHARED,20260925,0.1148199811577797,0.8851800560951233,2
s23_2_offline_train_t036,23,2,offline_train,1,session2/s23/sess02_subj23_EEG_MI.mat,7eb982af294f5ecb1ebf7dc635a66ba28795835a64c167dcfc9678d2099388dd,539798,Lee2019_MI,Q15-E007,MU_BETA_SHARED,20260925,0.8792134523391724,0.12078654021024704,1
s23_2_offline_train_t037,23,2,offline_train,1,session2/s23/sess02_subj23_EEG_MI.mat,7eb982af294f5ecb1ebf7dc635a66ba28795835a64c167dcfc9678d2099388dd,551031,Lee2019_MI,Q15-E007,MU_BETA_SHARED,20260925,0.982682466506958,0.01731756515800953,1
s23_2_offline_train_t038,23,2,offline_train,2,session2/s23/sess02_subj23_EEG_MI.mat,7eb982af294f5ecb1ebf7dc635a66ba28795835a64c167dcfc9678d2099388dd,561898,Lee2019_MI,Q15-E007,MU_BETA_SHARED,20260925,0.03972361609339714,0.9602764248847961,2
s23_2_offline_train_t039,23,2,offline_train,1,session2/s23/sess02_subj23_EEG_MI.mat,7eb982af294f5ecb1ebf7dc635a66ba28795835a64c167dcfc9678d2099388dd,573414,Lee2019_MI,Q15-E007,MU_BETA_SHARED,20260925,0.40412020683288574,0.595879852771759,2
s23_2_offline_train_t040,23,2,offline_train,1,session2/s23/sess02_subj23_EEG_MI.mat,7eb982af294f5ecb1ebf7dc635a66ba28795835a64c167dcfc9678d2099388dd,584014,Lee2019_MI,Q15-E007,MU_BETA_SHARED,20260925,0.5860965251922607,0.41390347480773926,1
s23_2_offline_train_t041,23,2,offline_train,1,session2/s23/sess02_subj23_EEG_MI.mat,7eb982af294f5ecb1ebf7dc635a66ba28795835a64c167dcfc9678d2099388dd,594964,Lee2019_MI,Q15-E007,MU_BETA_SHARED,20260925,0.5465450882911682,0.4534548819065094,1
s23_2_offline_train_t042,23,2,offline_train,1,session2/s23/sess02_subj23_EEG_MI.mat,7eb982af294f5ecb1ebf7dc635a66ba28795835a64c167dcfc9678d2099388dd,605930,Lee2019_MI,Q15-E007,MU_BETA_SHARED,20260925,0.30517610907554626,0.6948238611221313,2
s23_2_offline_train_t043,23,2,offline_train,2,session2/s23/sess02_subj23_EEG_MI.mat,7eb982af294f5ecb1ebf7dc635a66ba28795835a64c167dcfc9678d2099388dd,617263,Lee2019_MI,Q15-E007,MU_BETA_SHARED,20260925,0.42397648096084595,0.5760235786437988,2
s23_2_offline_train_t044,23,2,offline_train,1,session2/s23/sess02_subj23_EEG_MI.mat,7eb982af294f5ecb1ebf7dc635a66ba28795835a64c167dcfc9678d2099388dd,628579,Lee2019_MI,Q15-E007,MU_BETA_SHARED,20260925,0.7643380165100098,0.235662043094635,1
s23_2_offline_train_t045,23,2,offline_train,2,session2/s23/sess02_subj23_EEG_MI.mat,7eb982af294f5ecb1ebf7dc635a66ba28795835a64c167dcfc9678d2099388dd,639363,Lee2019_MI,Q15-E007,MU_BETA_SHARED,20260925,0.4768313467502594,0.5231686234474182,2
s23_2_offline_train_t046,23,2,offline_train,1,session2/s23/sess02_subj23_EEG_MI.mat,7eb982af294f5ecb1ebf7dc635a66ba28795835a64c167dcfc9678d2099388dd,650413,Lee2019_MI,Q15-E007,MU_BETA_SHARED,20260925,0.6213487982749939,0.3786512017250061,1
s23_2_offline_train_t047,23,2,offline_train,1,session2/s23/sess02_subj23_EEG_MI.mat,7eb982af294f5ecb1ebf7dc635a66ba28795835a64c167dcfc9678d2099388dd,661379,Lee2019_MI,Q15-E007,MU_BETA_SHARED,20260925,0.24068498611450195,0.7593149542808533,2
s23_2_offline_train_t048,23,2,offline_train,1,session2/s23/sess02_subj23_EEG_MI.mat,7eb982af294f5ecb1ebf7dc635a66ba28795835a64c167dcfc9678d2099388dd,672612,Lee2019_MI,Q15-E007,MU_BETA_SHARED,20260925,0.21661649644374847,0.7833834886550903,2
s23_2_offline_train_t049,23,2,offline_train,2,session2/s23/sess02_subj23_EEG_MI.mat,7eb982af294f5ecb1ebf7dc635a66ba28795835a64c167dcfc9678d2099388dd,683845,Lee2019_MI,Q15-E007,MU_BETA_SHARED,20260925,0.1778258979320526,0.8221741318702698,2
s23_2_offline_train_t050,23,2,offline_train,1,session2/s23/sess02_subj23_EEG_MI.mat,7eb982af294f5ecb1ebf7dc635a66ba28795835a64c167dcfc9678d2099388dd,750544,Lee2019_MI,Q15-E007,MU_BETA_SHARED,20260925,0.6322707533836365,0.3677292764186859,1
s23_2_offline_train_t051,23,2,offline_train,1,session2/s23/sess02_subj23_EEG_MI.mat,7eb982af294f5ecb1ebf7dc635a66ba28795835a64c167dcfc9678d2099388dd,761411,Lee2019_MI,Q15-E007,MU_BETA_SHARED,20260925,0.8170860409736633,0.18291398882865906,1
s23_2_offline_train_t052,23,2,offline_train,1,session2/s23/sess02_subj23_EEG_MI.mat,7eb982af294f5ecb1ebf7dc635a66ba28795835a64c167dcfc9678d2099388dd,772644,Lee2019_MI,Q15-E007,MU_BETA_SHARED,20260925,0.4651423394680023,0.5348576307296753,2
s23_2_offline_train_t053,23,2,offline_train,1,session2/s23/sess02_subj23_EEG_MI.mat,7eb982af294f5ecb1ebf7dc635a66ba28795835a64c167dcfc9678d2099388dd,783877,Lee2019_MI,Q15-E007,MU_BETA_SHARED,20260925,0.696651816368103,0.303348183631897,1
s23_2_offline_train_t054,23,2,offline_train,2,session2/s23/sess02_subj23_EEG_MI.mat,7eb982af294f5ecb1ebf7dc635a66ba28795835a64c167dcfc9678d2099388dd,794560,Lee2019_MI,Q15-E007,MU_BETA_SHARED,20260925,0.04331430792808533,0.9566857218742371,2
s23_2_offline_train_t055,23,2,offline_train,1,session2/s23/sess02_subj23_EEG_MI.mat,7eb982af294f5ecb1ebf7dc635a66ba28795835a64c167dcfc9678d2099388dd,805243,Lee2019_MI,Q15-E007,MU_BETA_SHARED,20260925,0.7376799583435059,0.26232007145881653,1
s23_2_offline_train_t056,23,2,offline_train,1,session2/s23/sess02_subj23_EEG_MI.mat,7eb982af294f5ecb1ebf7dc635a66ba28795835a64c167dcfc9678d2099388dd,816293,Lee2019_MI,Q15-E007,MU_BETA_SHARED,20260925,0.24689900875091553,0.7531009912490845,2
s23_2_offline_train_t057,23,2,offline_train,2,session2/s23/sess02_subj23_EEG_MI.mat,7eb982af294f5ecb1ebf7dc635a66ba28795835a64c167dcfc9678d2099388dd,827809,Lee2019_MI,Q15-E007,MU_BETA_SHARED,20260925,0.484725683927536,0.5152742862701416,2
s23_2_offline_train_t058,23,2,offline_train,2,session2/s23/sess02_subj23_EEG_MI.mat,7eb982af294f5ecb1ebf7dc635a66ba28795835a64c167dcfc9678d2099388dd,838676,Lee2019_MI,Q15-E007,MU_BETA_SHARED,20260925,0.1595320999622345,0.8404678702354431,2
s23_2_offline_train_t059,23,2,offline_train,1,session2/s23/sess02_subj23_EEG_MI.mat,7eb982af294f5ecb1ebf7dc635a66ba28795835a64c167dcfc9678d2099388dd,849826,Lee2019_MI,Q15-E007,MU_BETA_SHARED,20260925,0.6337148547172546,0.366285115480423,1
s23_2_offline_train_t060,23,2,offline_train,1,session2/s23/sess02_subj23_EEG_MI.mat,7eb982af294f5ecb1ebf7dc635a66ba28795835a64c167dcfc9678d2099388dd,860592,Lee2019_MI,Q15-E007,MU_BETA_SHARED,20260925,0.5721974968910217,0.42780250310897827,1
s23_2_offline_train_t061,23,2,offline_train,2,session2/s23/sess02_subj23_EEG_MI.mat,7eb982af294f5ecb1ebf7dc635a66ba28795835a64c167dcfc9678d2099388dd,871925,Lee2019_MI,Q15-E007,MU_BETA_SHARED,20260925,0.45000094175338745,0.5499990582466125,2
s23_2_offline_train_t062,23,2,offline_train,2,session2/s23/sess02_subj23_EEG_MI.mat,7eb982af294f5ecb1ebf7dc635a66ba28795835a64c167dcfc9678d2099388dd,882708,Lee2019_MI,Q15-E007,MU_BETA_SHARED,20260925,0.08124099671840668,0.9187590479850769,2
s23_2_offline_train_t063,23,2,offline_train,1,session2/s23/sess02_subj23_EEG_MI.mat,7eb982af294f5ecb1ebf7dc635a66ba28795835a64c167dcfc9678d2099388dd,893758,Lee2019_MI,Q15-E007,MU_BETA_SHARED,20260925,0.3975944221019745,0.6024056077003479,2
s23_2_offline_train_t064,23,2,offline_train,2,session2/s23/sess02_subj23_EEG_MI.mat,7eb982af294f5ecb1ebf7dc635a66ba28795835a64c167dcfc9678d2099388dd,904991,Lee2019_MI,Q15-E007,MU_BETA_SHARED,20260925,0.455609530210495,0.5443904399871826,2
s23_2_offline_train_t065,23,2,offline_train,2,session2/s23/sess02_subj23_EEG_MI.mat,7eb982af294f5ecb1ebf7dc635a66ba28795835a64c167dcfc9678d2099388dd,916424,Lee2019_MI,Q15-E007,MU_BETA_SHARED,20260925,0.15108126401901245,0.8489187955856323,2
s23_2_offline_train_t066,23,2,offline_train,2,session2/s23/sess02_subj23_EEG_MI.mat,7eb982af294f5ecb1ebf7dc635a66ba28795835a64c167dcfc9678d2099388dd,927941,Lee2019_MI,Q15-E007,MU_BETA_SHARED,20260925,0.043286509811878204,0.9567134380340576,2
s23_2_offline_train_t067,23,2,offline_train,2,session2/s23/sess02_subj23_EEG_MI.mat,7eb982af294f5ecb1ebf7dc635a66ba28795835a64c167dcfc9678d2099388dd,939074,Lee2019_MI,Q15-E007,MU_BETA_SHARED,20260925,0.3212117552757263,0.6787882447242737,2
s23_2_offline_train_t068,23,2,offline_train,1,session2/s23/sess02_subj23_EEG_MI.mat,7eb982af294f5ecb1ebf7dc635a66ba28795835a64c167dcfc9678d2099388dd,949757,Lee2019_MI,Q15-E007,MU_BETA_SHARED,20260925,0.1989487260580063,0.8010512590408325,2
s23_2_offline_train_t069,23,2,offline_train,1,session2/s23/sess02_subj23_EEG_MI.mat,7eb982af294f5ecb1ebf7dc635a66ba28795835a64c167dcfc9678d2099388dd,960440,Lee2019_MI,Q15-E007,MU_BETA_SHARED,20260925,0.5370421409606934,0.46295782923698425,1
s23_2_offline_train_t070,23,2,offline_train,2,session2/s23/sess02_subj23_EEG_MI.mat,7eb982af294f5ecb1ebf7dc635a66ba28795835a64c167dcfc9678d2099388dd,971223,Lee2019_MI,Q15-E007,MU_BETA_SHARED,20260925,0.186843603849411,0.8131564259529114,2
s23_2_offline_train_t071,23,2,offline_train,1,session2/s23/sess02_subj23_EEG_MI.mat,7eb982af294f5ecb1ebf7dc635a66ba28795835a64c167dcfc9678d2099388dd,982640,Lee2019_MI,Q15-E007,MU_BETA_SHARED,20260925,0.6044251322746277,0.3955748677253723,1
s23_2_offline_train_t072,23,2,offline_train,2,session2/s23/sess02_subj23_EEG_MI.mat,7eb982af294f5ecb1ebf7dc635a66ba28795835a64c167dcfc9678d2099388dd,993406,Lee2019_MI,Q15-E007,MU_BETA_SHARED,20260925,0.09343592822551727,0.9065641164779663,2
s23_2_offline_train_t073,23,2,offline_train,2,session2/s23/sess02_subj23_EEG_MI.mat,7eb982af294f5ecb1ebf7dc635a66ba28795835a64c167dcfc9678d2099388dd,1004739,Lee2019_MI,Q15-E007,MU_BETA_SHARED,20260925,0.5460993051528931,0.45390069484710693,1
s23_2_offline_train_t074,23,2,offline_train,2,session2/s23/sess02_subj23_EEG_MI.mat,7eb982af294f5ecb1ebf7dc635a66ba28795835a64c167dcfc9678d2099388dd,1015523,Lee2019_MI,Q15-E007,MU_BETA_SHARED,20260925,0.3269449770450592,0.6730550527572632,2
s23_2_offline_train_t075,23,2,offline_train,1,session2/s23/sess02_subj23_EEG_MI.mat,7eb982af294f5ecb1ebf7dc635a66ba28795835a64c167dcfc9678d2099388dd,1027039,Lee2019_MI,Q15-E007,MU_BETA_SHARED,20260925,0.6626412868499756,0.3373587131500244,1
s23_2_offline_train_t076,23,2,offline_train,2,session2/s23/sess02_subj23_EEG_MI.mat,7eb982af294f5ecb1ebf7dc635a66ba28795835a64c167dcfc9678d2099388dd,1037905,Lee2019_MI,Q15-E007,MU_BETA_SHARED,20260925,0.40757718682289124,0.5924227833747864,2
s23_2_offline_train_t077,23,2,offline_train,1,session2/s23/sess02_subj23_EEG_MI.mat,7eb982af294f5ecb1ebf7dc635a66ba28795835a64c167dcfc9678d2099388dd,1048672,Lee2019_MI,Q15-E007,MU_BETA_SHARED,20260925,0.3385813534259796,0.6614186763763428,2
s23_2_offline_train_t078,23,2,offline_train,1,session2/s23/sess02_subj23_EEG_MI.mat,7eb982af294f5ecb1ebf7dc635a66ba28795835a64c167dcfc9678d2099388dd,1059455,Lee2019_MI,Q15-E007,MU_BETA_SHARED,20260925,0.1317443549633026,0.868255615234375,2
s23_2_offline_train_t079,23,2,offline_train,2,session2/s23/sess02_subj23_EEG_MI.mat,7eb982af294f5ecb1ebf7dc635a66ba28795835a64c167dcfc9678d2099388dd,1070588,Lee2019_MI,Q15-E007,MU_BETA_SHARED,20260925,0.6203410625457764,0.37965890765190125,1
s23_2_offline_train_t080,23,2,offline_train,2,session2/s23/sess02_subj23_EEG_MI.mat,7eb982af294f5ecb1ebf7dc635a66ba28795835a64c167dcfc9678d2099388dd,1081655,Lee2019_MI,Q15-E007,MU_BETA_SHARED,20260925,0.3794989287853241,0.6205011010169983,2
s23_2_offline_train_t081,23,2,offline_train,2,session2/s23/sess02_subj23_EEG_MI.mat,7eb982af294f5ecb1ebf7dc635a66ba28795835a64c167dcfc9678d2099388dd,1092521,Lee2019_MI,Q15-E007,MU_BETA_SHARED,20260925,0.5276122689247131,0.47238773107528687,1
s23_2_offline_train_t082,23,2,offline_train,1,session2/s23/sess02_subj23_EEG_MI.mat,7eb982af294f5ecb1ebf7dc635a66ba28795835a64c167dcfc9678d2099388dd,1103938,Lee2019_MI,Q15-E007,MU_BETA_SHARED,20260925,0.8226802349090576,0.17731973528862,1
s23_2_offline_train_t083,23,2,offline_train,2,session2/s23/sess02_subj23_EEG_MI.mat,7eb982af294f5ecb1ebf7dc635a66ba28795835a64c167dcfc9678d2099388dd,1115087,Lee2019_MI,Q15-E007,MU_BETA_SHARED,20260925,0.07138963788747787,0.9286103248596191,2
s23_2_offline_train_t084,23,2,offline_train,2,session2/s23/sess02_subj23_EEG_MI.mat,7eb982af294f5ecb1ebf7dc635a66ba28795835a64c167dcfc9678d2099388dd,1126220,Lee2019_MI,Q15-E007,MU_BETA_SHARED,20260925,0.08655520528554916,0.9134448766708374,2
s23_2_offline_train_t085,23,2,offline_train,1,session2/s23/sess02_subj23_EEG_MI.mat,7eb982af294f5ecb1ebf7dc635a66ba28795835a64c167dcfc9678d2099388dd,1137654,Lee2019_MI,Q15-E007,MU_BETA_SHARED,20260925,0.9335125088691711,0.06648749113082886,1
s23_2_offline_train_t086,23,2,offline_train,2,session2/s23/sess02_subj23_EEG_MI.mat,7eb982af294f5ecb1ebf7dc635a66ba28795835a64c167dcfc9678d2099388dd,1148520,Lee2019_MI,Q15-E007,MU_BETA_SHARED,20260925,0.32107657194137573,0.6789234280586243,2
s23_2_offline_train_t087,23,2,offline_train,1,session2/s23/sess02_subj23_EEG_MI.mat,7eb982af294f5ecb1ebf7dc635a66ba28795835a64c167dcfc9678d2099388dd,1159853,Lee2019_MI,Q15-E007,MU_BETA_SHARED,20260925,0.39992624521255493,0.6000736951828003,2
s23_2_offline_train_t088,23,2,offline_train,2,session2/s23/sess02_subj23_EEG_MI.mat,7eb982af294f5ecb1ebf7dc635a66ba28795835a64c167dcfc9678d2099388dd,1171186,Lee2019_MI,Q15-E007,MU_BETA_SHARED,20260925,0.5030521750450134,0.49694785475730896,1
s23_2_offline_train_t089,23,2,offline_train,2,session2/s23/sess02_subj23_EEG_MI.mat,7eb982af294f5ecb1ebf7dc635a66ba28795835a64c167dcfc9678d2099388dd,1182136,Lee2019_MI,Q15-E007,MU_BETA_SHARED,20260925,0.9649333953857422,0.0350666418671608,1
s23_2_offline_train_t090,23,2,offline_train,2,session2/s23/sess02_subj23_EEG_MI.mat,7eb982af294f5ecb1ebf7dc635a66ba28795835a64c167dcfc9678d2099388dd,1193286,Lee2019_MI,Q15-E007,MU_BETA_SHARED,20260925,0.1800970733165741,0.8199028968811035,2
s23_2_offline_train_t091,23,2,offline_train,2,session2/s23/sess02_subj23_EEG_MI.mat,7eb982af294f5ecb1ebf7dc635a66ba28795835a64c167dcfc9678d2099388dd,1203869,Lee2019_MI,Q15-E007,MU_BETA_SHARED,20260925,0.1600724160671234,0.839927613735199,2
s23_2_offline_train_t092,23,2,offline_train,2,session2/s23/sess02_subj23_EEG_MI.mat,7eb982af294f5ecb1ebf7dc635a66ba28795835a64c167dcfc9678d2099388dd,1214469,Lee2019_MI,Q15-E007,MU_BETA_SHARED,20260925,0.01740534044802189,0.9825946688652039,2
s23_2_offline_train_t093,23,2,offline_train,1,session2/s23/sess02_subj23_EEG_MI.mat,7eb982af294f5ecb1ebf7dc635a66ba28795835a64c167dcfc9678d2099388dd,1225519,Lee2019_MI,Q15-E007,MU_BETA_SHARED,20260925,0.6504713892936707,0.34952861070632935,1
s23_2_offline_train_t094,23,2,offline_train,2,session2/s23/sess02_subj23_EEG_MI.mat,7eb982af294f5ecb1ebf7dc635a66ba28795835a64c167dcfc9678d2099388dd,1236852,Lee2019_MI,Q15-E007,MU_BETA_SHARED,20260925,0.5006563663482666,0.4993435740470886,1
s23_2_offline_train_t095,23,2,offline_train,1,session2/s23/sess02_subj23_EEG_MI.mat,7eb982af294f5ecb1ebf7dc635a66ba28795835a64c167dcfc9678d2099388dd,1248368,Lee2019_MI,Q15-E007,MU_BETA_SHARED,20260925,0.9320813417434692,0.06791869550943375,1
s23_2_offline_train_t096,23,2,offline_train,1,session2/s23/sess02_subj23_EEG_MI.mat,7eb982af294f5ecb1ebf7dc635a66ba28795835a64c167dcfc9678d2099388dd,1259051,Lee2019_MI,Q15-E007,MU_BETA_SHARED,20260925,0.8248652815818787,0.17513464391231537,1
s23_2_offline_train_t097,23,2,offline_train,2,session2/s23/sess02_subj23_EEG_MI.mat,7eb982af294f5ecb1ebf7dc635a66ba28795835a64c167dcfc9678d2099388dd,1270185,Lee2019_MI,Q15-E007,MU_BETA_SHARED,20260925,0.4324934780597687,0.5675065517425537,2
s23_2_offline_train_t098,23,2,offline_train,1,session2/s23/sess02_subj23_EEG_MI.mat,7eb982af294f5ecb1ebf7dc635a66ba28795835a64c167dcfc9678d2099388dd,1281234,Lee2019_MI,Q15-E007,MU_BETA_SHARED,20260925,0.7902703881263733,0.20972958207130432,1
s23_2_offline_train_t099,23,2,offline_train,2,session2/s23/sess02_subj23_EEG_MI.mat,7eb982af294f5ecb1ebf7dc635a66ba28795835a64c167dcfc9678d2099388dd,1291834,Lee2019_MI,Q15-E007,MU_BETA_SHARED,20260925,0.8579521179199219,0.14204783737659454,1
s23_2_offline_train_t100,23,2,offline_train,2,session2/s23/sess02_subj23_EEG_MI.mat,7eb982af294f5ecb1ebf7dc635a66ba28795835a64c167dcfc9678d2099388dd,1302700,Lee2019_MI,Q15-E007,MU_BETA_SHARED,20260925,0.042592667043209076,0.9574073553085327,2
s23_1_offline_train_t001,23,1,offline_train,1,session1/s23/sess01_subj23_EEG_MI.mat,4caeee5093a8313d1ebd6a1f3a0cb7b7596a6037ef136aa6c7de0a74c5fa3364,184778,Lee2019_MI,Q15-E007,MU_BETA_SHARED,20260926,0.6612248420715332,0.3387751877307892,1
s23_1_offline_train_t002,23,1,offline_train,1,session1/s23/sess01_subj23_EEG_MI.mat,4caeee5093a8313d1ebd6a1f3a0cb7b7596a6037ef136aa6c7de0a74c5fa3364,195645,Lee2019_MI,Q15-E007,MU_BETA_SHARED,20260926,0.5722219347953796,0.42777806520462036,1
s23_1_offline_train_t003,23,1,offline_train,1,session1/s23/sess01_subj23_EEG_MI.mat,4caeee5093a8313d1ebd6a1f3a0cb7b7596a6037ef136aa6c7de0a74c5fa3364,206512,Lee2019_MI,Q15-E007,MU_BETA_SHARED,20260926,0.7625020742416382,0.23749791085720062,1
s23_1_offline_train_t004,23,1,offline_train,2,session1/s23/sess01_subj23_EEG_MI.mat,4caeee5093a8313d1ebd6a1f3a0cb7b7596a6037ef136aa6c7de0a74c5fa3364,217378,Lee2019_MI,Q15-E007,MU_BETA_SHARED,20260926,0.4049687683582306,0.595031201839447,2
s23_1_offline_train_t005,23,1,offline_train,2,session1/s23/sess01_subj23_EEG_MI.mat,4caeee5093a8313d1ebd6a1f3a0cb7b7596a6037ef136aa6c7de0a74c5fa3364,228428,Lee2019_MI,Q15-E007,MU_BETA_SHARED,20260926,0.5310758352279663,0.4689241945743561,1
s23_1_offline_train_t006,23,1,offline_train,1,session1/s23/sess01_subj23_EEG_MI.mat,4caeee5093a8313d1ebd6a1f3a0cb7b7596a6037ef136aa6c7de0a74c5fa3364,239678,Lee2019_MI,Q15-E007,MU_BETA_SHARED,20260926,0.7239900231361389,0.2760099768638611,1
s23_1_offline_train_t007,23,1,offline_train,1,session1/s23/sess01_subj23_EEG_MI.mat,4caeee5093a8313d1ebd6a1f3a0cb7b7596a6037ef136aa6c7de0a74c5fa3364,250261,Lee2019_MI,Q15-E007,MU_BETA_SHARED,20260926,0.8474599123001099,0.15254010260105133,1
s23_1_offline_train_t008,23,1,offline_train,2,session1/s23/sess01_subj23_EEG_MI.mat,4caeee5093a8313d1ebd6a1f3a0cb7b7596a6037ef136aa6c7de0a74c5fa3364,261677,Lee2019_MI,Q15-E007,MU_BETA_SHARED,20260926,0.32512354850769043,0.6748764514923096,2
s23_1_offline_train_t009,23,1,offline_train,2,session1/s23/sess01_subj23_EEG_MI.mat,4caeee5093a8313d1ebd6a1f3a0cb7b7596a6037ef136aa6c7de0a74c5fa3364,272827,Lee2019_MI,Q15-E007,MU_BETA_SHARED,20260926,0.5623895525932312,0.4376105070114136,1
s23_1_offline_train_t010,23,1,offline_train,1,session1/s23/sess01_subj23_EEG_MI.mat,4caeee5093a8313d1ebd6a1f3a0cb7b7596a6037ef136aa6c7de0a74c5fa3364,284243,Lee2019_MI,Q15-E007,MU_BETA_SHARED,20260926,0.9143383502960205,0.08566168695688248,1
s23_1_offline_train_t011,23,1,offline_train,2,session1/s23/sess01_subj23_EEG_MI.mat,4caeee5093a8313d1ebd6a1f3a0cb7b7596a6037ef136aa6c7de0a74c5fa3364,295110,Lee2019_MI,Q15-E007,MU_BETA_SHARED,20260926,0.2772274315357208,0.7227725386619568,2
s23_1_offline_train_t012,23,1,offline_train,2,session1/s23/sess01_subj23_EEG_MI.mat,4caeee5093a8313d1ebd6a1f3a0cb7b7596a6037ef136aa6c7de0a74c5fa3364,306076,Lee2019_MI,Q15-E007,MU_BETA_SHARED,20260926,0.2642970681190491,0.7357028722763062,2
s23_1_offline_train_t013,23,1,offline_train,1,session1/s23/sess01_subj23_EEG_MI.mat,4caeee5093a8313d1ebd6a1f3a0cb7b7596a6037ef136aa6c7de0a74c5fa3364,316659,Lee2019_MI,Q15-E007,MU_BETA_SHARED,20260926,0.7353640198707581,0.26463595032691956,1
s23_1_offline_train_t014,23,1,offline_train,2,session1/s23/sess01_subj23_EEG_MI.mat,4caeee5093a8313d1ebd6a1f3a0cb7b7596a6037ef136aa6c7de0a74c5fa3364,327443,Lee2019_MI,Q15-E007,MU_BETA_SHARED,20260926,0.6121896505355835,0.3878103792667389,1
s23_1_offline_train_t015,23,1,offline_train,1,session1/s23/sess01_subj23_EEG_MI.mat,4caeee5093a8313d1ebd6a1f3a0cb7b7596a6037ef136aa6c7de0a74c5fa3364,338676,Lee2019_MI,Q15-E007,MU_BETA_SHARED,20260926,0.8655633330345154,0.13443662226200104,1
s23_1_offline_train_t016,23,1,offline_train,1,session1/s23/sess01_subj23_EEG_MI.mat,4caeee5093a8313d1ebd6a1f3a0cb7b7596a6037ef136aa6c7de0a74c5fa3364,349542,Lee2019_MI,Q15-E007,MU_BETA_SHARED,20260926,0.77482008934021,0.22517989575862885,1
s23_1_offline_train_t017,23,1,offline_train,2,session1/s23/sess01_subj23_EEG_MI.mat,4caeee5093a8313d1ebd6a1f3a0cb7b7596a6037ef136aa6c7de0a74c5fa3364,360975,Lee2019_MI,Q15-E007,MU_BETA_SHARED,20260926,0.20741423964500427,0.7925857305526733,2
s23_1_offline_train_t018,23,1,offline_train,2,session1/s23/sess01_subj23_EEG_MI.mat,4caeee5093a8313d1ebd6a1f3a0cb7b7596a6037ef136aa6c7de0a74c5fa3364,371642,Lee2019_MI,Q15-E007,MU_BETA_SHARED,20260926,0.9090788960456848,0.09092115610837936,1
s23_1_offline_train_t019,23,1,offline_train,2,session1/s23/sess01_subj23_EEG_MI.mat,4caeee5093a8313d1ebd6a1f3a0cb7b7596a6037ef136aa6c7de0a74c5fa3364,383158,Lee2019_MI,Q15-E007,MU_BETA_SHARED,20260926,0.5923923850059509,0.4076075851917267,1
s23_1_offline_train_t020,23,1,offline_train,1,session1/s23/sess01_subj23_EEG_MI.mat,4caeee5093a8313d1ebd6a1f3a0cb7b7596a6037ef136aa6c7de0a74c5fa3364,394225,Lee2019_MI,Q15-E007,MU_BETA_SHARED,20260926,0.7995972037315369,0.20040278136730194,1
s23_1_offline_train_t021,23,1,offline_train,2,session1/s23/sess01_subj23_EEG_MI.mat,4caeee5093a8313d1ebd6a1f3a0cb7b7596a6037ef136aa6c7de0a74c5fa3364,405458,Lee2019_MI,Q15-E007,MU_BETA_SHARED,20260926,0.2915354371070862,0.7084645628929138,2
s23_1_offline_train_t022,23,1,offline_train,2,session1/s23/sess01_subj23_EEG_MI.mat,4caeee5093a8313d1ebd6a1f3a0cb7b7596a6037ef136aa6c7de0a74c5fa3364,416974,Lee2019_MI,Q15-E007,MU_BETA_SHARED,20260926,0.2465752810239792,0.7534247040748596,2
s23_1_offline_train_t023,23,1,offline_train,1,session1/s23/sess01_subj23_EEG_MI.mat,4caeee5093a8313d1ebd6a1f3a0cb7b7596a6037ef136aa6c7de0a74c5fa3364,427841,Lee2019_MI,Q15-E007,MU_BETA_SHARED,20260926,0.8652764558792114,0.13472355902194977,1
s23_1_offline_train_t024,23,1,offline_train,2,session1/s23/sess01_subj23_EEG_MI.mat,4caeee5093a8313d1ebd6a1f3a0cb7b7596a6037ef136aa6c7de0a74c5fa3364,438807,Lee2019_MI,Q15-E007,MU_BETA_SHARED,20260926,0.3343055844306946,0.6656943559646606,2
s23_1_offline_train_t025,23,1,offline_train,1,session1/s23/sess01_subj23_EEG_MI.mat,4caeee5093a8313d1ebd6a1f3a0cb7b7596a6037ef136aa6c7de0a74c5fa3364,449857,Lee2019_MI,Q15-E007,MU_BETA_SHARED,20260926,0.8771217465400696,0.12287827581167221,1
s23_1_offline_train_t026,23,1,offline_train,1,session1/s23/sess01_subj23_EEG_MI.mat,4caeee5093a8313d1ebd6a1f3a0cb7b7596a6037ef136aa6c7de0a74c5fa3364,461190,Lee2019_MI,Q15-E007,MU_BETA_SHARED,20260926,0.8516852855682373,0.1483147293329239,1
s23_1_offline_train_t027,23,1,offline_train,1,session1/s23/sess01_subj23_EEG_MI.mat,4caeee5093a8313d1ebd6a1f3a0cb7b7596a6037ef136aa6c7de0a74c5fa3364,472523,Lee2019_MI,Q15-E007,MU_BETA_SHARED,20260926,0.8127806782722473,0.18721932172775269,1
s23_1_offline_train_t028,23,1,offline_train,2,session1/s23/sess01_subj23_EEG_MI.mat,4caeee5093a8313d1ebd6a1f3a0cb7b7596a6037ef136aa6c7de0a74c5fa3364,483190,Lee2019_MI,Q15-E007,MU_BETA_SHARED,20260926,0.3508455753326416,0.6491544246673584,2
s23_1_offline_train_t029,23,1,offline_train,1,session1/s23/sess01_subj23_EEG_MI.mat,4caeee5093a8313d1ebd6a1f3a0cb7b7596a6037ef136aa6c7de0a74c5fa3364,493873,Lee2019_MI,Q15-E007,MU_BETA_SHARED,20260926,0.43245750665664673,0.5675424933433533,2
s23_1_offline_train_t030,23,1,offline_train,2,session1/s23/sess01_subj23_EEG_MI.mat,4caeee5093a8313d1ebd6a1f3a0cb7b7596a6037ef136aa6c7de0a74c5fa3364,504739,Lee2019_MI,Q15-E007,MU_BETA_SHARED,20260926,0.038185879588127136,0.9618141055107117,2
s23_1_offline_train_t031,23,1,offline_train,1,session1/s23/sess01_subj23_EEG_MI.mat,4caeee5093a8313d1ebd6a1f3a0cb7b7596a6037ef136aa6c7de0a74c5fa3364,515339,Lee2019_MI,Q15-E007,MU_BETA_SHARED,20260926,0.9733408689498901,0.02665911614894867,1
s23_1_offline_train_t032,23,1,offline_train,1,session1/s23/sess01_subj23_EEG_MI.mat,4caeee5093a8313d1ebd6a1f3a0cb7b7596a6037ef136aa6c7de0a74c5fa3364,526389,Lee2019_MI,Q15-E007,MU_BETA_SHARED,20260926,0.8781000375747681,0.12189995497465134,1
s23_1_offline_train_t033,23,1,offline_train,2,session1/s23/sess01_subj23_EEG_MI.mat,4caeee5093a8313d1ebd6a1f3a0cb7b7596a6037ef136aa6c7de0a74c5fa3364,537255,Lee2019_MI,Q15-E007,MU_BETA_SHARED,20260926,0.7600248456001282,0.23997510969638824,1
s23_1_offline_train_t034,23,1,offline_train,1,session1/s23/sess01_subj23_EEG_MI.mat,4caeee5093a8313d1ebd6a1f3a0cb7b7596a6037ef136aa6c7de0a74c5fa3364,548022,Lee2019_MI,Q15-E007,MU_BETA_SHARED,20260926,0.577698290348053,0.4223017394542694,1
s23_1_offline_train_t035,23,1,offline_train,1,session1/s23/sess01_subj23_EEG_MI.mat,4caeee5093a8313d1ebd6a1f3a0cb7b7596a6037ef136aa6c7de0a74c5fa3364,558804,Lee2019_MI,Q15-E007,MU_BETA_SHARED,20260926,0.6261444091796875,0.3738555908203125,1
s23_1_offline_train_t036,23,1,offline_train,1,session1/s23/sess01_subj23_EEG_MI.mat,4caeee5093a8313d1ebd6a1f3a0cb7b7596a6037ef136aa6c7de0a74c5fa3364,570221,Lee2019_MI,Q15-E007,MU_BETA_SHARED,20260926,0.800742506980896,0.19925746321678162,1
s23_1_offline_train_t037,23,1,offline_train,2,session1/s23/sess01_subj23_EEG_MI.mat,4caeee5093a8313d1ebd6a1f3a0cb7b7596a6037ef136aa6c7de0a74c5fa3364,581454,Lee2019_MI,Q15-E007,MU_BETA_SHARED,20260926,0.5401724576950073,0.4598275423049927,1
s23_1_offline_train_t038,23,1,offline_train,1,session1/s23/sess01_subj23_EEG_MI.mat,4caeee5093a8313d1ebd6a1f3a0cb7b7596a6037ef136aa6c7de0a74c5fa3364,592521,Lee2019_MI,Q15-E007,MU_BETA_SHARED,20260926,0.9576337337493896,0.042366236448287964,1
s23_1_offline_train_t039,23,1,offline_train,1,session1/s23/sess01_subj23_EEG_MI.mat,4caeee5093a8313d1ebd6a1f3a0cb7b7596a6037ef136aa6c7de0a74c5fa3364,604037,Lee2019_MI,Q15-E007,MU_BETA_SHARED,20260926,0.9592801928520203,0.04071976616978645,1
s23_1_offline_train_t040,23,1,offline_train,1,session1/s23/sess01_subj23_EEG_MI.mat,4caeee5093a8313d1ebd6a1f3a0cb7b7596a6037ef136aa6c7de0a74c5fa3364,614703,Lee2019_MI,Q15-E007,MU_BETA_SHARED,20260926,0.6551873683929443,0.34481266140937805,1
s23_1_offline_train_t041,23,1,offline_train,2,session1/s23/sess01_subj23_EEG_MI.mat,4caeee5093a8313d1ebd6a1f3a0cb7b7596a6037ef136aa6c7de0a74c5fa3364,626037,Lee2019_MI,Q15-E007,MU_BETA_SHARED,20260926,0.447523832321167,0.552476167678833,2
s23_1_offline_train_t042,23,1,offline_train,2,session1/s23/sess01_subj23_EEG_MI.mat,4caeee5093a8313d1ebd6a1f3a0cb7b7596a6037ef136aa6c7de0a74c5fa3364,637370,Lee2019_MI,Q15-E007,MU_BETA_SHARED,20260926,0.0863228365778923,0.9136771559715271,2
s23_1_offline_train_t043,23,1,offline_train,2,session1/s23/sess01_subj23_EEG_MI.mat,4caeee5093a8313d1ebd6a1f3a0cb7b7596a6037ef136aa6c7de0a74c5fa3364,648520,Lee2019_MI,Q15-E007,MU_BETA_SHARED,20260926,0.3348971903324127,0.6651028394699097,2
s23_1_offline_train_t044,23,1,offline_train,1,session1/s23/sess01_subj23_EEG_MI.mat,4caeee5093a8313d1ebd6a1f3a0cb7b7596a6037ef136aa6c7de0a74c5fa3364,659286,Lee2019_MI,Q15-E007,MU_BETA_SHARED,20260926,0.8034060001373291,0.1965939700603485,1
s23_1_offline_train_t045,23,1,offline_train,2,session1/s23/sess01_subj23_EEG_MI.mat,4caeee5093a8313d1ebd6a1f3a0cb7b7596a6037ef136aa6c7de0a74c5fa3364,670435,Lee2019_MI,Q15-E007,MU_BETA_SHARED,20260926,0.5579662322998047,0.4420338273048401,1
s23_1_offline_train_t046,23,1,offline_train,2,session1/s23/sess01_subj23_EEG_MI.mat,4caeee5093a8313d1ebd6a1f3a0cb7b7596a6037ef136aa6c7de0a74c5fa3364,681302,Lee2019_MI,Q15-E007,MU_BETA_SHARED,20260926,0.2320309430360794,0.767969012260437,2
s23_1_offline_train_t047,23,1,offline_train,2,session1/s23/sess01_subj23_EEG_MI.mat,4caeee5093a8313d1ebd6a1f3a0cb7b7596a6037ef136aa6c7de0a74c5fa3364,691985,Lee2019_MI,Q15-E007,MU_BETA_SHARED,20260926,0.09719850867986679,0.902801513671875,2
s23_1_offline_train_t048,23,1,offline_train,1,session1/s23/sess01_subj23_EEG_MI.mat,4caeee5093a8313d1ebd6a1f3a0cb7b7596a6037ef136aa6c7de0a74c5fa3364,702752,Lee2019_MI,Q15-E007,MU_BETA_SHARED,20260926,0.8070024251937866,0.19299758970737457,1
s23_1_offline_train_t049,23,1,offline_train,2,session1/s23/sess01_subj23_EEG_MI.mat,4caeee5093a8313d1ebd6a1f3a0cb7b7596a6037ef136aa6c7de0a74c5fa3364,714185,Lee2019_MI,Q15-E007,MU_BETA_SHARED,20260926,0.18379254639148712,0.8162074685096741,2
s23_1_offline_train_t050,23,1,offline_train,1,session1/s23/sess01_subj23_EEG_MI.mat,4caeee5093a8313d1ebd6a1f3a0cb7b7596a6037ef136aa6c7de0a74c5fa3364,762101,Lee2019_MI,Q15-E007,MU_BETA_SHARED,20260926,0.3551699221134186,0.644830048084259,2
s23_1_offline_train_t051,23,1,offline_train,2,session1/s23/sess01_subj23_EEG_MI.mat,4caeee5093a8313d1ebd6a1f3a0cb7b7596a6037ef136aa6c7de0a74c5fa3364,772884,Lee2019_MI,Q15-E007,MU_BETA_SHARED,20260926,0.27422836422920227,0.7257716655731201,2
s23_1_offline_train_t052,23,1,offline_train,2,session1/s23/sess01_subj23_EEG_MI.mat,4caeee5093a8313d1ebd6a1f3a0cb7b7596a6037ef136aa6c7de0a74c5fa3364,783467,Lee2019_MI,Q15-E007,MU_BETA_SHARED,20260926,0.7464268803596497,0.25357314944267273,1
s23_1_offline_train_t053,23,1,offline_train,2,session1/s23/sess01_subj23_EEG_MI.mat,4caeee5093a8313d1ebd6a1f3a0cb7b7596a6037ef136aa6c7de0a74c5fa3364,794433,Lee2019_MI,Q15-E007,MU_BETA_SHARED,20260926,0.5001307129859924,0.49986934661865234,1
s23_1_offline_train_t054,23,1,offline_train,2,session1/s23/sess01_subj23_EEG_MI.mat,4caeee5093a8313d1ebd6a1f3a0cb7b7596a6037ef136aa6c7de0a74c5fa3364,805017,Lee2019_MI,Q15-E007,MU_BETA_SHARED,20260926,0.13633029162883759,0.8636696934700012,2
s23_1_offline_train_t055,23,1,offline_train,1,session1/s23/sess01_subj23_EEG_MI.mat,4caeee5093a8313d1ebd6a1f3a0cb7b7596a6037ef136aa6c7de0a74c5fa3364,816450,Lee2019_MI,Q15-E007,MU_BETA_SHARED,20260926,0.7868145108222961,0.21318550407886505,1
s23_1_offline_train_t056,23,1,offline_train,1,session1/s23/sess01_subj23_EEG_MI.mat,4caeee5093a8313d1ebd6a1f3a0cb7b7596a6037ef136aa6c7de0a74c5fa3364,827216,Lee2019_MI,Q15-E007,MU_BETA_SHARED,20260926,0.7060685157775879,0.2939315140247345,1
s23_1_offline_train_t057,23,1,offline_train,1,session1/s23/sess01_subj23_EEG_MI.mat,4caeee5093a8313d1ebd6a1f3a0cb7b7596a6037ef136aa6c7de0a74c5fa3364,837899,Lee2019_MI,Q15-E007,MU_BETA_SHARED,20260926,0.461308091878891,0.5386919379234314,2
s23_1_offline_train_t058,23,1,offline_train,2,session1/s23/sess01_subj23_EEG_MI.mat,4caeee5093a8313d1ebd6a1f3a0cb7b7596a6037ef136aa6c7de0a74c5fa3364,848766,Lee2019_MI,Q15-E007,MU_BETA_SHARED,20260926,0.598768413066864,0.4012315273284912,1
s23_1_offline_train_t059,23,1,offline_train,1,session1/s23/sess01_subj23_EEG_MI.mat,4caeee5093a8313d1ebd6a1f3a0cb7b7596a6037ef136aa6c7de0a74c5fa3364,859816,Lee2019_MI,Q15-E007,MU_BETA_SHARED,20260926,0.6975778937339783,0.30242210626602173,1
s23_1_offline_train_t060,23,1,offline_train,1,session1/s23/sess01_subj23_EEG_MI.mat,4caeee5093a8313d1ebd6a1f3a0cb7b7596a6037ef136aa6c7de0a74c5fa3364,870499,Lee2019_MI,Q15-E007,MU_BETA_SHARED,20260926,0.8885691165924072,0.1114308089017868,1
s23_1_offline_train_t061,23,1,offline_train,1,session1/s23/sess01_subj23_EEG_MI.mat,4caeee5093a8313d1ebd6a1f3a0cb7b7596a6037ef136aa6c7de0a74c5fa3364,882015,Lee2019_MI,Q15-E007,MU_BETA_SHARED,20260926,0.8768055438995361,0.12319443374872208,1
s23_1_offline_train_t062,23,1,offline_train,2,session1/s23/sess01_subj23_EEG_MI.mat,4caeee5093a8313d1ebd6a1f3a0cb7b7596a6037ef136aa6c7de0a74c5fa3364,892882,Lee2019_MI,Q15-E007,MU_BETA_SHARED,20260926,0.34332403540611267,0.6566759347915649,2
s23_1_offline_train_t063,23,1,offline_train,1,session1/s23/sess01_subj23_EEG_MI.mat,4caeee5093a8313d1ebd6a1f3a0cb7b7596a6037ef136aa6c7de0a74c5fa3364,903748,Lee2019_MI,Q15-E007,MU_BETA_SHARED,20260926,0.8835054636001587,0.1164945587515831,1
s23_1_offline_train_t064,23,1,offline_train,1,session1/s23/sess01_subj23_EEG_MI.mat,4caeee5093a8313d1ebd6a1f3a0cb7b7596a6037ef136aa6c7de0a74c5fa3364,914330,Lee2019_MI,Q15-E007,MU_BETA_SHARED,20260926,0.812012255191803,0.1879877746105194,1
s23_1_offline_train_t065,23,1,offline_train,1,session1/s23/sess01_subj23_EEG_MI.mat,4caeee5093a8313d1ebd6a1f3a0cb7b7596a6037ef136aa6c7de0a74c5fa3364,925198,Lee2019_MI,Q15-E007,MU_BETA_SHARED,20260926,0.8031249046325684,0.19687509536743164,1
s23_1_offline_train_t066,23,1,offline_train,2,session1/s23/sess01_subj23_EEG_MI.mat,4caeee5093a8313d1ebd6a1f3a0cb7b7596a6037ef136aa6c7de0a74c5fa3364,935798,Lee2019_MI,Q15-E007,MU_BETA_SHARED,20260926,0.09361886978149414,0.9063811302185059,2
s23_1_offline_train_t067,23,1,offline_train,2,session1/s23/sess01_subj23_EEG_MI.mat,4caeee5093a8313d1ebd6a1f3a0cb7b7596a6037ef136aa6c7de0a74c5fa3364,946847,Lee2019_MI,Q15-E007,MU_BETA_SHARED,20260926,0.8274434208869934,0.1725565642118454,1
s23_1_offline_train_t068,23,1,offline_train,2,session1/s23/sess01_subj23_EEG_MI.mat,4caeee5093a8313d1ebd6a1f3a0cb7b7596a6037ef136aa6c7de0a74c5fa3364,958180,Lee2019_MI,Q15-E007,MU_BETA_SHARED,20260926,0.34259408712387085,0.6574059128761292,2
s23_1_offline_train_t069,23,1,offline_train,1,session1/s23/sess01_subj23_EEG_MI.mat,4caeee5093a8313d1ebd6a1f3a0cb7b7596a6037ef136aa6c7de0a74c5fa3364,969313,Lee2019_MI,Q15-E007,MU_BETA_SHARED,20260926,0.8709338307380676,0.12906618416309357,1
s23_1_offline_train_t070,23,1,offline_train,2,session1/s23/sess01_subj23_EEG_MI.mat,4caeee5093a8313d1ebd6a1f3a0cb7b7596a6037ef136aa6c7de0a74c5fa3364,979997,Lee2019_MI,Q15-E007,MU_BETA_SHARED,20260926,0.5258169174194336,0.47418302297592163,1
s23_1_offline_train_t071,23,1,offline_train,2,session1/s23/sess01_subj23_EEG_MI.mat,4caeee5093a8313d1ebd6a1f3a0cb7b7596a6037ef136aa6c7de0a74c5fa3364,990596,Lee2019_MI,Q15-E007,MU_BETA_SHARED,20260926,0.2939069867134094,0.7060930132865906,2
s23_1_offline_train_t072,23,1,offline_train,2,session1/s23/sess01_subj23_EEG_MI.mat,4caeee5093a8313d1ebd6a1f3a0cb7b7596a6037ef136aa6c7de0a74c5fa3364,1001912,Lee2019_MI,Q15-E007,MU_BETA_SHARED,20260926,0.1714601218700409,0.8285398483276367,2
s23_1_offline_train_t073,23,1,offline_train,2,session1/s23/sess01_subj23_EEG_MI.mat,4caeee5093a8313d1ebd6a1f3a0cb7b7596a6037ef136aa6c7de0a74c5fa3364,1013346,Lee2019_MI,Q15-E007,MU_BETA_SHARED,20260926,0.4396904408931732,0.5603095293045044,2
s23_1_offline_train_t074,23,1,offline_train,1,session1/s23/sess01_subj23_EEG_MI.mat,4caeee5093a8313d1ebd6a1f3a0cb7b7596a6037ef136aa6c7de0a74c5fa3364,1024396,Lee2019_MI,Q15-E007,MU_BETA_SHARED,20260926,0.5419290661811829,0.45807087421417236,1
s23_1_offline_train_t075,23,1,offline_train,1,session1/s23/sess01_subj23_EEG_MI.mat,4caeee5093a8313d1ebd6a1f3a0cb7b7596a6037ef136aa6c7de0a74c5fa3364,1035079,Lee2019_MI,Q15-E007,MU_BETA_SHARED,20260926,0.6563270688056946,0.34367290139198303,1
s23_1_offline_train_t076,23,1,offline_train,1,session1/s23/sess01_subj23_EEG_MI.mat,4caeee5093a8313d1ebd6a1f3a0cb7b7596a6037ef136aa6c7de0a74c5fa3364,1046412,Lee2019_MI,Q15-E007,MU_BETA_SHARED,20260926,0.7022464871406555,0.2977535128593445,1
s23_1_offline_train_t077,23,1,offline_train,2,session1/s23/sess01_subj23_EEG_MI.mat,4caeee5093a8313d1ebd6a1f3a0cb7b7596a6037ef136aa6c7de0a74c5fa3364,1057279,Lee2019_MI,Q15-E007,MU_BETA_SHARED,20260926,0.71709144115448,0.2829085886478424,1
s23_1_offline_train_t078,23,1,offline_train,1,session1/s23/sess01_subj23_EEG_MI.mat,4caeee5093a8313d1ebd6a1f3a0cb7b7596a6037ef136aa6c7de0a74c5fa3364,1068145,Lee2019_MI,Q15-E007,MU_BETA_SHARED,20260926,0.7392532229423523,0.2607468068599701,1
s23_1_offline_train_t079,23,1,offline_train,1,session1/s23/sess01_subj23_EEG_MI.mat,4caeee5093a8313d1ebd6a1f3a0cb7b7596a6037ef136aa6c7de0a74c5fa3364,1079478,Lee2019_MI,Q15-E007,MU_BETA_SHARED,20260926,0.7170134782791138,0.28298652172088623,1
s23_1_offline_train_t080,23,1,offline_train,1,session1/s23/sess01_subj23_EEG_MI.mat,4caeee5093a8313d1ebd6a1f3a0cb7b7596a6037ef136aa6c7de0a74c5fa3364,1090061,Lee2019_MI,Q15-E007,MU_BETA_SHARED,20260926,0.8748614192008972,0.1251385509967804,1
s23_1_offline_train_t081,23,1,offline_train,2,session1/s23/sess01_subj23_EEG_MI.mat,4caeee5093a8313d1ebd6a1f3a0cb7b7596a6037ef136aa6c7de0a74c5fa3364,1100644,Lee2019_MI,Q15-E007,MU_BETA_SHARED,20260926,0.3749481439590454,0.6250518560409546,2
s23_1_offline_train_t082,23,1,offline_train,1,session1/s23/sess01_subj23_EEG_MI.mat,4caeee5093a8313d1ebd6a1f3a0cb7b7596a6037ef136aa6c7de0a74c5fa3364,1111894,Lee2019_MI,Q15-E007,MU_BETA_SHARED,20260926,0.7781141996383667,0.22188575565814972,1
s23_1_offline_train_t083,23,1,offline_train,2,session1/s23/sess01_subj23_EEG_MI.mat,4caeee5093a8313d1ebd6a1f3a0cb7b7596a6037ef136aa6c7de0a74c5fa3364,1123027,Lee2019_MI,Q15-E007,MU_BETA_SHARED,20260926,0.6054431796073914,0.39455685019493103,1
s23_1_offline_train_t084,23,1,offline_train,1,session1/s23/sess01_subj23_EEG_MI.mat,4caeee5093a8313d1ebd6a1f3a0cb7b7596a6037ef136aa6c7de0a74c5fa3364,1134077,Lee2019_MI,Q15-E007,MU_BETA_SHARED,20260926,0.43327346444129944,0.566726565361023,2
s23_1_offline_train_t085,23,1,offline_train,2,session1/s23/sess01_subj23_EEG_MI.mat,4caeee5093a8313d1ebd6a1f3a0cb7b7596a6037ef136aa6c7de0a74c5fa3364,1145327,Lee2019_MI,Q15-E007,MU_BETA_SHARED,20260926,0.7349702715873718,0.26502978801727295,1
s23_1_offline_train_t086,23,1,offline_train,2,session1/s23/sess01_subj23_EEG_MI.mat,4caeee5093a8313d1ebd6a1f3a0cb7b7596a6037ef136aa6c7de0a74c5fa3364,1156560,Lee2019_MI,Q15-E007,MU_BETA_SHARED,20260926,0.04429052397608757,0.9557094573974609,2
s23_1_offline_train_t087,23,1,offline_train,1,session1/s23/sess01_subj23_EEG_MI.mat,4caeee5093a8313d1ebd6a1f3a0cb7b7596a6037ef136aa6c7de0a74c5fa3364,1167893,Lee2019_MI,Q15-E007,MU_BETA_SHARED,20260926,0.9264653325080872,0.07353471964597702,1
s23_1_offline_train_t088,23,1,offline_train,2,session1/s23/sess01_subj23_EEG_MI.mat,4caeee5093a8313d1ebd6a1f3a0cb7b7596a6037ef136aa6c7de0a74c5fa3364,1178760,Lee2019_MI,Q15-E007,MU_BETA_SHARED,20260926,0.09686767309904099,0.9031323194503784,2
s23_1_offline_train_t089,23,1,offline_train,2,session1/s23/sess01_subj23_EEG_MI.mat,4caeee5093a8313d1ebd6a1f3a0cb7b7596a6037ef136aa6c7de0a74c5fa3364,1189993,Lee2019_MI,Q15-E007,MU_BETA_SHARED,20260926,0.11624091863632202,0.8837591409683228,2
s23_1_offline_train_t090,23,1,offline_train,2,session1/s23/sess01_subj23_EEG_MI.mat,4caeee5093a8313d1ebd6a1f3a0cb7b7596a6037ef136aa6c7de0a74c5fa3364,1201142,Lee2019_MI,Q15-E007,MU_BETA_SHARED,20260926,0.9774482846260071,0.022551655769348145,1
s23_1_offline_train_t091,23,1,offline_train,1,session1/s23/sess01_subj23_EEG_MI.mat,4caeee5093a8313d1ebd6a1f3a0cb7b7596a6037ef136aa6c7de0a74c5fa3364,1212109,Lee2019_MI,Q15-E007,MU_BETA_SHARED,20260926,0.6315059065818787,0.36849409341812134,1
s23_1_offline_train_t092,23,1,offline_train,1,session1/s23/sess01_subj23_EEG_MI.mat,4caeee5093a8313d1ebd6a1f3a0cb7b7596a6037ef136aa6c7de0a74c5fa3364,1222692,Lee2019_MI,Q15-E007,MU_BETA_SHARED,20260926,0.628358006477356,0.37164196372032166,1
s23_1_offline_train_t093,23,1,offline_train,2,session1/s23/sess01_subj23_EEG_MI.mat,4caeee5093a8313d1ebd6a1f3a0cb7b7596a6037ef136aa6c7de0a74c5fa3364,1234025,Lee2019_MI,Q15-E007,MU_BETA_SHARED,20260926,0.08248530328273773,0.9175146222114563,2
s23_1_offline_train_t094,23,1,offline_train,1,session1/s23/sess01_subj23_EEG_MI.mat,4caeee5093a8313d1ebd6a1f3a0cb7b7596a6037ef136aa6c7de0a74c5fa3364,1244891,Lee2019_MI,Q15-E007,MU_BETA_SHARED,20260926,0.5834771394729614,0.4165228009223938,1
s23_1_offline_train_t095,23,1,offline_train,2,session1/s23/sess01_subj23_EEG_MI.mat,4caeee5093a8313d1ebd6a1f3a0cb7b7596a6037ef136aa6c7de0a74c5fa3364,1256041,Lee2019_MI,Q15-E007,MU_BETA_SHARED,20260926,0.7531012296676636,0.2468988001346588,1
s23_1_offline_train_t096,23,1,offline_train,2,session1/s23/sess01_subj23_EEG_MI.mat,4caeee5093a8313d1ebd6a1f3a0cb7b7596a6037ef136aa6c7de0a74c5fa3364,1267358,Lee2019_MI,Q15-E007,MU_BETA_SHARED,20260926,0.789476752281189,0.21052326261997223,1
s23_1_offline_train_t097,23,1,offline_train,1,session1/s23/sess01_subj23_EEG_MI.mat,4caeee5093a8313d1ebd6a1f3a0cb7b7596a6037ef136aa6c7de0a74c5fa3364,1278041,Lee2019_MI,Q15-E007,MU_BETA_SHARED,20260926,0.9912723898887634,0.008727640844881535,1
s23_1_offline_train_t098,23,1,offline_train,1,session1/s23/sess01_subj23_EEG_MI.mat,4caeee5093a8313d1ebd6a1f3a0cb7b7596a6037ef136aa6c7de0a74c5fa3364,1288724,Lee2019_MI,Q15-E007,MU_BETA_SHARED,20260926,0.7584006190299988,0.24159933626651764,1
s23_1_offline_train_t099,23,1,offline_train,2,session1/s23/sess01_subj23_EEG_MI.mat,4caeee5093a8313d1ebd6a1f3a0cb7b7596a6037ef136aa6c7de0a74c5fa3364,1299874,Lee2019_MI,Q15-E007,MU_BETA_SHARED,20260926,0.7521026134490967,0.24789735674858093,1
s23_1_offline_train_t100,23,1,offline_train,2,session1/s23/sess01_subj23_EEG_MI.mat,4caeee5093a8313d1ebd6a1f3a0cb7b7596a6037ef136aa6c7de0a74c5fa3364,1310923,Lee2019_MI,Q15-E007,MU_BETA_SHARED,20260926,0.9035466313362122,0.09645334631204605,1
s23_2_offline_train_t001,23,2,offline_train,1,session2/s23/sess02_subj23_EEG_MI.mat,7eb982af294f5ecb1ebf7dc635a66ba28795835a64c167dcfc9678d2099388dd,150456,Lee2019_MI,Q15-E007,MU_BETA_SHARED,20260926,0.6089693903923035,0.3910306692123413,1
s23_2_offline_train_t002,23,2,offline_train,2,session2/s23/sess02_subj23_EEG_MI.mat,7eb982af294f5ecb1ebf7dc635a66ba28795835a64c167dcfc9678d2099388dd,161872,Lee2019_MI,Q15-E007,MU_BETA_SHARED,20260926,0.23572978377342224,0.7642701864242554,2
s23_2_offline_train_t003,23,2,offline_train,1,session2/s23/sess02_subj23_EEG_MI.mat,7eb982af294f5ecb1ebf7dc635a66ba28795835a64c167dcfc9678d2099388dd,172555,Lee2019_MI,Q15-E007,MU_BETA_SHARED,20260926,0.5984145998954773,0.4015853703022003,1
s23_2_offline_train_t004,23,2,offline_train,1,session2/s23/sess02_subj23_EEG_MI.mat,7eb982af294f5ecb1ebf7dc635a66ba28795835a64c167dcfc9678d2099388dd,183988,Lee2019_MI,Q15-E007,MU_BETA_SHARED,20260926,0.6388931274414062,0.36110687255859375,1
s23_2_offline_train_t005,23,2,offline_train,2,session2/s23/sess02_subj23_EEG_MI.mat,7eb982af294f5ecb1ebf7dc635a66ba28795835a64c167dcfc9678d2099388dd,195121,Lee2019_MI,Q15-E007,MU_BETA_SHARED,20260926,0.18328039348125458,0.8167195916175842,2
s23_2_offline_train_t006,23,2,offline_train,2,session2/s23/sess02_subj23_EEG_MI.mat,7eb982af294f5ecb1ebf7dc635a66ba28795835a64c167dcfc9678d2099388dd,205805,Lee2019_MI,Q15-E007,MU_BETA_SHARED,20260926,0.23521098494529724,0.7647889852523804,2
s23_2_offline_train_t007,23,2,offline_train,1,session2/s23/sess02_subj23_EEG_MI.mat,7eb982af294f5ecb1ebf7dc635a66ba28795835a64c167dcfc9678d2099388dd,216671,Lee2019_MI,Q15-E007,MU_BETA_SHARED,20260926,0.9612414240837097,0.038758520036935806,1
s23_2_offline_train_t008,23,2,offline_train,2,session2/s23/sess02_subj23_EEG_MI.mat,7eb982af294f5ecb1ebf7dc635a66ba28795835a64c167dcfc9678d2099388dd,227721,Lee2019_MI,Q15-E007,MU_BETA_SHARED,20260926,0.5160132646560669,0.4839867055416107,1
s23_2_offline_train_t009,23,2,offline_train,1,session2/s23/sess02_subj23_EEG_MI.mat,7eb982af294f5ecb1ebf7dc635a66ba28795835a64c167dcfc9678d2099388dd,239237,Lee2019_MI,Q15-E007,MU_BETA_SHARED,20260926,0.6460692286491394,0.35393083095550537,1
s23_2_offline_train_t010,23,2,offline_train,1,session2/s23/sess02_subj23_EEG_MI.mat,7eb982af294f5ecb1ebf7dc635a66ba28795835a64c167dcfc9678d2099388dd,250754,Lee2019_MI,Q15-E007,MU_BETA_SHARED,20260926,0.6562118530273438,0.34378814697265625,1
s23_2_offline_train_t011,23,2,offline_train,2,session2/s23/sess02_subj23_EEG_MI.mat,7eb982af294f5ecb1ebf7dc635a66ba28795835a64c167dcfc9678d2099388dd,261437,Lee2019_MI,Q15-E007,MU_BETA_SHARED,20260926,0.3219602704048157,0.6780397295951843,2
s23_2_offline_train_t012,23,2,offline_train,2,session2/s23/sess02_subj23_EEG_MI.mat,7eb982af294f5ecb1ebf7dc635a66ba28795835a64c167dcfc9678d2099388dd,272953,Lee2019_MI,Q15-E007,MU_BETA_SHARED,20260926,0.0976487398147583,0.9023512005805969,2
s23_2_offline_train_t013,23,2,offline_train,1,session2/s23/sess02_subj23_EEG_MI.mat,7eb982af294f5ecb1ebf7dc635a66ba28795835a64c167dcfc9678d2099388dd,284470,Lee2019_MI,Q15-E007,MU_BETA_SHARED,20260926,0.7155872583389282,0.28441280126571655,1
s23_2_offline_train_t014,23,2,offline_train,1,session2/s23/sess02_subj23_EEG_MI.mat,7eb982af294f5ecb1ebf7dc635a66ba28795835a64c167dcfc9678d2099388dd,295519,Lee2019_MI,Q15-E007,MU_BETA_SHARED,20260926,0.7029209733009338,0.29707908630371094,1
s23_2_offline_train_t015,23,2,offline_train,2,session2/s23/sess02_subj23_EEG_MI.mat,7eb982af294f5ecb1ebf7dc635a66ba28795835a64c167dcfc9678d2099388dd,306853,Lee2019_MI,Q15-E007,MU_BETA_SHARED,20260926,0.320225328207016,0.6797747015953064,2
s23_2_offline_train_t016,23,2,offline_train,1,session2/s23/sess02_subj23_EEG_MI.mat,7eb982af294f5ecb1ebf7dc635a66ba28795835a64c167dcfc9678d2099388dd,317536,Lee2019_MI,Q15-E007,MU_BETA_SHARED,20260926,0.7122272253036499,0.2877727448940277,1
s23_2_offline_train_t017,23,2,offline_train,1,session2/s23/sess02_subj23_EEG_MI.mat,7eb982af294f5ecb1ebf7dc635a66ba28795835a64c167dcfc9678d2099388dd,328502,Lee2019_MI,Q15-E007,MU_BETA_SHARED,20260926,0.7792672514915466,0.22073277831077576,1
s23_2_offline_train_t018,23,2,offline_train,1,session2/s23/sess02_subj23_EEG_MI.mat,7eb982af294f5ecb1ebf7dc635a66ba28795835a64c167dcfc9678d2099388dd,340019,Lee2019_MI,Q15-E007,MU_BETA_SHARED,20260926,0.5224179625511169,0.47758203744888306,1
s23_2_offline_train_t019,23,2,offline_train,1,session2/s23/sess02_subj23_EEG_MI.mat,7eb982af294f5ecb1ebf7dc635a66ba28795835a64c167dcfc9678d2099388dd,351352,Lee2019_MI,Q15-E007,MU_BETA_SHARED,20260926,0.5899642109870911,0.41003578901290894,1
s23_2_offline_train_t020,23,2,offline_train,2,session2/s23/sess02_subj23_EEG_MI.mat,7eb982af294f5ecb1ebf7dc635a66ba28795835a64c167dcfc9678d2099388dd,362868,Lee2019_MI,Q15-E007,MU_BETA_SHARED,20260926,0.7256121039390564,0.2743878960609436,1
s23_2_offline_train_t021,23,2,offline_train,2,session2/s23/sess02_subj23_EEG_MI.mat,7eb982af294f5ecb1ebf7dc635a66ba28795835a64c167dcfc9678d2099388dd,374101,Lee2019_MI,Q15-E007,MU_BETA_SHARED,20260926,0.2949148714542389,0.7050851583480835,2
s23_2_offline_train_t022,23,2,offline_train,1,session2/s23/sess02_subj23_EEG_MI.mat,7eb982af294f5ecb1ebf7dc635a66ba28795835a64c167dcfc9678d2099388dd,384685,Lee2019_MI,Q15-E007,MU_BETA_SHARED,20260926,0.46381229162216187,0.5361877679824829,2
s23_2_offline_train_t023,23,2,offline_train,2,session2/s23/sess02_subj23_EEG_MI.mat,7eb982af294f5ecb1ebf7dc635a66ba28795835a64c167dcfc9678d2099388dd,396118,Lee2019_MI,Q15-E007,MU_BETA_SHARED,20260926,0.30213358998298645,0.6978664398193359,2
s23_2_offline_train_t024,23,2,offline_train,2,session2/s23/sess02_subj23_EEG_MI.mat,7eb982af294f5ecb1ebf7dc635a66ba28795835a64c167dcfc9678d2099388dd,407634,Lee2019_MI,Q15-E007,MU_BETA_SHARED,20260926,0.48718273639678955,0.5128172636032104,2
s23_2_offline_train_t025,23,2,offline_train,2,session2/s23/sess02_subj23_EEG_MI.mat,7eb982af294f5ecb1ebf7dc635a66ba28795835a64c167dcfc9678d2099388dd,418867,Lee2019_MI,Q15-E007,MU_BETA_SHARED,20260926,0.497527152299881,0.5024728178977966,2
s23_2_offline_train_t026,23,2,offline_train,1,session2/s23/sess02_subj23_EEG_MI.mat,7eb982af294f5ecb1ebf7dc635a66ba28795835a64c167dcfc9678d2099388dd,430200,Lee2019_MI,Q15-E007,MU_BETA_SHARED,20260926,0.7051804065704346,0.2948196232318878,1
s23_2_offline_train_t027,23,2,offline_train,2,session2/s23/sess02_subj23_EEG_MI.mat,7eb982af294f5ecb1ebf7dc635a66ba28795835a64c167dcfc9678d2099388dd,441533,Lee2019_MI,Q15-E007,MU_BETA_SHARED,20260926,0.06192594766616821,0.9380740523338318,2
s23_2_offline_train_t028,23,2,offline_train,1,session2/s23/sess02_subj23_EEG_MI.mat,7eb982af294f5ecb1ebf7dc635a66ba28795835a64c167dcfc9678d2099388dd,452483,Lee2019_MI,Q15-E007,MU_BETA_SHARED,20260926,0.7392919063568115,0.2607080936431885,1
s23_2_offline_train_t029,23,2,offline_train,1,session2/s23/sess02_subj23_EEG_MI.mat,7eb982af294f5ecb1ebf7dc635a66ba28795835a64c167dcfc9678d2099388dd,463733,Lee2019_MI,Q15-E007,MU_BETA_SHARED,20260926,0.6814688444137573,0.31853118538856506,1
s23_2_offline_train_t030,23,2,offline_train,2,session2/s23/sess02_subj23_EEG_MI.mat,7eb982af294f5ecb1ebf7dc635a66ba28795835a64c167dcfc9678d2099388dd,474500,Lee2019_MI,Q15-E007,MU_BETA_SHARED,20260926,0.7078031301498413,0.2921968400478363,1
s23_2_offline_train_t031,23,2,offline_train,1,session2/s23/sess02_subj23_EEG_MI.mat,7eb982af294f5ecb1ebf7dc635a66ba28795835a64c167dcfc9678d2099388dd,485749,Lee2019_MI,Q15-E007,MU_BETA_SHARED,20260926,0.8615317344665527,0.13846826553344727,1
s23_2_offline_train_t032,23,2,offline_train,2,session2/s23/sess02_subj23_EEG_MI.mat,7eb982af294f5ecb1ebf7dc635a66ba28795835a64c167dcfc9678d2099388dd,496332,Lee2019_MI,Q15-E007,MU_BETA_SHARED,20260926,0.14520394802093506,0.8547960519790649,2
s23_2_offline_train_t033,23,2,offline_train,1,session2/s23/sess02_subj23_EEG_MI.mat,7eb982af294f5ecb1ebf7dc635a66ba28795835a64c167dcfc9678d2099388dd,507199,Lee2019_MI,Q15-E007,MU_BETA_SHARED,20260926,0.7296951413154602,0.2703048586845398,1
s23_2_offline_train_t034,23,2,offline_train,2,session2/s23/sess02_subj23_EEG_MI.mat,7eb982af294f5ecb1ebf7dc635a66ba28795835a64c167dcfc9678d2099388dd,517782,Lee2019_MI,Q15-E007,MU_BETA_SHARED,20260926,0.5649531483650208,0.43504685163497925,1
s23_2_offline_train_t035,23,2,offline_train,2,session2/s23/sess02_subj23_EEG_MI.mat,7eb982af294f5ecb1ebf7dc635a66ba28795835a64c167dcfc9678d2099388dd,528465,Lee2019_MI,Q15-E007,MU_BETA_SHARED,20260926,0.1614433079957962,0.8385566473007202,2
s23_2_offline_train_t036,23,2,offline_train,1,session2/s23/sess02_subj23_EEG_MI.mat,7eb982af294f5ecb1ebf7dc635a66ba28795835a64c167dcfc9678d2099388dd,539798,Lee2019_MI,Q15-E007,MU_BETA_SHARED,20260926,0.8390183448791504,0.16098162531852722,1
s23_2_offline_train_t037,23,2,offline_train,1,session2/s23/sess02_subj23_EEG_MI.mat,7eb982af294f5ecb1ebf7dc635a66ba28795835a64c167dcfc9678d2099388dd,551031,Lee2019_MI,Q15-E007,MU_BETA_SHARED,20260926,0.9693082571029663,0.030691681429743767,1
s23_2_offline_train_t038,23,2,offline_train,2,session2/s23/sess02_subj23_EEG_MI.mat,7eb982af294f5ecb1ebf7dc635a66ba28795835a64c167dcfc9678d2099388dd,561898,Lee2019_MI,Q15-E007,MU_BETA_SHARED,20260926,0.04224530607461929,0.9577547311782837,2
s23_2_offline_train_t039,23,2,offline_train,1,session2/s23/sess02_subj23_EEG_MI.mat,7eb982af294f5ecb1ebf7dc635a66ba28795835a64c167dcfc9678d2099388dd,573414,Lee2019_MI,Q15-E007,MU_BETA_SHARED,20260926,0.5846651196479797,0.41533491015434265,1
s23_2_offline_train_t040,23,2,offline_train,1,session2/s23/sess02_subj23_EEG_MI.mat,7eb982af294f5ecb1ebf7dc635a66ba28795835a64c167dcfc9678d2099388dd,584014,Lee2019_MI,Q15-E007,MU_BETA_SHARED,20260926,0.7606424689292908,0.23935751616954803,1
s23_2_offline_train_t041,23,2,offline_train,1,session2/s23/sess02_subj23_EEG_MI.mat,7eb982af294f5ecb1ebf7dc635a66ba28795835a64c167dcfc9678d2099388dd,594964,Lee2019_MI,Q15-E007,MU_BETA_SHARED,20260926,0.8227173686027527,0.1772826611995697,1
s23_2_offline_train_t042,23,2,offline_train,1,session2/s23/sess02_subj23_EEG_MI.mat,7eb982af294f5ecb1ebf7dc635a66ba28795835a64c167dcfc9678d2099388dd,605930,Lee2019_MI,Q15-E007,MU_BETA_SHARED,20260926,0.2623642385005951,0.7376357913017273,2
s23_2_offline_train_t043,23,2,offline_train,2,session2/s23/sess02_subj23_EEG_MI.mat,7eb982af294f5ecb1ebf7dc635a66ba28795835a64c167dcfc9678d2099388dd,617263,Lee2019_MI,Q15-E007,MU_BETA_SHARED,20260926,0.5157951712608337,0.48420485854148865,1
s23_2_offline_train_t044,23,2,offline_train,1,session2/s23/sess02_subj23_EEG_MI.mat,7eb982af294f5ecb1ebf7dc635a66ba28795835a64c167dcfc9678d2099388dd,628579,Lee2019_MI,Q15-E007,MU_BETA_SHARED,20260926,0.8236224055290222,0.17637760937213898,1
s23_2_offline_train_t045,23,2,offline_train,2,session2/s23/sess02_subj23_EEG_MI.mat,7eb982af294f5ecb1ebf7dc635a66ba28795835a64c167dcfc9678d2099388dd,639363,Lee2019_MI,Q15-E007,MU_BETA_SHARED,20260926,0.5764322280883789,0.4235678017139435,1
s23_2_offline_train_t046,23,2,offline_train,1,session2/s23/sess02_subj23_EEG_MI.mat,7eb982af294f5ecb1ebf7dc635a66ba28795835a64c167dcfc9678d2099388dd,650413,Lee2019_MI,Q15-E007,MU_BETA_SHARED,20260926,0.7463732361793518,0.2536267638206482,1
s23_2_offline_train_t047,23,2,offline_train,1,session2/s23/sess02_subj23_EEG_MI.mat,7eb982af294f5ecb1ebf7dc635a66ba28795835a64c167dcfc9678d2099388dd,661379,Lee2019_MI,Q15-E007,MU_BETA_SHARED,20260926,0.43496397137641907,0.5650360584259033,2
s23_2_offline_train_t048,23,2,offline_train,1,session2/s23/sess02_subj23_EEG_MI.mat,7eb982af294f5ecb1ebf7dc635a66ba28795835a64c167dcfc9678d2099388dd,672612,Lee2019_MI,Q15-E007,MU_BETA_SHARED,20260926,0.31535041332244873,0.6846495866775513,2
s23_2_offline_train_t049,23,2,offline_train,2,session2/s23/sess02_subj23_EEG_MI.mat,7eb982af294f5ecb1ebf7dc635a66ba28795835a64c167dcfc9678d2099388dd,683845,Lee2019_MI,Q15-E007,MU_BETA_SHARED,20260926,0.20345382392406464,0.796546220779419,2
s23_2_offline_train_t050,23,2,offline_train,1,session2/s23/sess02_subj23_EEG_MI.mat,7eb982af294f5ecb1ebf7dc635a66ba28795835a64c167dcfc9678d2099388dd,750544,Lee2019_MI,Q15-E007,MU_BETA_SHARED,20260926,0.7230867743492126,0.2769131660461426,1
s23_2_offline_train_t051,23,2,offline_train,1,session2/s23/sess02_subj23_EEG_MI.mat,7eb982af294f5ecb1ebf7dc635a66ba28795835a64c167dcfc9678d2099388dd,761411,Lee2019_MI,Q15-E007,MU_BETA_SHARED,20260926,0.6187008023262024,0.38129922747612,1
s23_2_offline_train_t052,23,2,offline_train,1,session2/s23/sess02_subj23_EEG_MI.mat,7eb982af294f5ecb1ebf7dc635a66ba28795835a64c167dcfc9678d2099388dd,772644,Lee2019_MI,Q15-E007,MU_BETA_SHARED,20260926,0.24567928910255432,0.7543207406997681,2
s23_2_offline_train_t053,23,2,offline_train,1,session2/s23/sess02_subj23_EEG_MI.mat,7eb982af294f5ecb1ebf7dc635a66ba28795835a64c167dcfc9678d2099388dd,783877,Lee2019_MI,Q15-E007,MU_BETA_SHARED,20260926,0.7943529486656189,0.2056470364332199,1
s23_2_offline_train_t054,23,2,offline_train,2,session2/s23/sess02_subj23_EEG_MI.mat,7eb982af294f5ecb1ebf7dc635a66ba28795835a64c167dcfc9678d2099388dd,794560,Lee2019_MI,Q15-E007,MU_BETA_SHARED,20260926,0.07081738114356995,0.9291826486587524,2
s23_2_offline_train_t055,23,2,offline_train,1,session2/s23/sess02_subj23_EEG_MI.mat,7eb982af294f5ecb1ebf7dc635a66ba28795835a64c167dcfc9678d2099388dd,805243,Lee2019_MI,Q15-E007,MU_BETA_SHARED,20260926,0.48863884806632996,0.5113611221313477,2
s23_2_offline_train_t056,23,2,offline_train,1,session2/s23/sess02_subj23_EEG_MI.mat,7eb982af294f5ecb1ebf7dc635a66ba28795835a64c167dcfc9678d2099388dd,816293,Lee2019_MI,Q15-E007,MU_BETA_SHARED,20260926,0.6674107313156128,0.332589328289032,1
s23_2_offline_train_t057,23,2,offline_train,2,session2/s23/sess02_subj23_EEG_MI.mat,7eb982af294f5ecb1ebf7dc635a66ba28795835a64c167dcfc9678d2099388dd,827809,Lee2019_MI,Q15-E007,MU_BETA_SHARED,20260926,0.4178086519241333,0.5821913480758667,2
s23_2_offline_train_t058,23,2,offline_train,2,session2/s23/sess02_subj23_EEG_MI.mat,7eb982af294f5ecb1ebf7dc635a66ba28795835a64c167dcfc9678d2099388dd,838676,Lee2019_MI,Q15-E007,MU_BETA_SHARED,20260926,0.3139719069004059,0.6860280632972717,2
s23_2_offline_train_t059,23,2,offline_train,1,session2/s23/sess02_subj23_EEG_MI.mat,7eb982af294f5ecb1ebf7dc635a66ba28795835a64c167dcfc9678d2099388dd,849826,Lee2019_MI,Q15-E007,MU_BETA_SHARED,20260926,0.46241286396980286,0.5375871658325195,2
s23_2_offline_train_t060,23,2,offline_train,1,session2/s23/sess02_subj23_EEG_MI.mat,7eb982af294f5ecb1ebf7dc635a66ba28795835a64c167dcfc9678d2099388dd,860592,Lee2019_MI,Q15-E007,MU_BETA_SHARED,20260926,0.5152549743652344,0.48474499583244324,1
s23_2_offline_train_t061,23,2,offline_train,2,session2/s23/sess02_subj23_EEG_MI.mat,7eb982af294f5ecb1ebf7dc635a66ba28795835a64c167dcfc9678d2099388dd,871925,Lee2019_MI,Q15-E007,MU_BETA_SHARED,20260926,0.47140949964523315,0.5285904407501221,2
s23_2_offline_train_t062,23,2,offline_train,2,session2/s23/sess02_subj23_EEG_MI.mat,7eb982af294f5ecb1ebf7dc635a66ba28795835a64c167dcfc9678d2099388dd,882708,Lee2019_MI,Q15-E007,MU_BETA_SHARED,20260926,0.12028314918279648,0.8797168731689453,2
s23_2_offline_train_t063,23,2,offline_train,1,session2/s23/sess02_subj23_EEG_MI.mat,7eb982af294f5ecb1ebf7dc635a66ba28795835a64c167dcfc9678d2099388dd,893758,Lee2019_MI,Q15-E007,MU_BETA_SHARED,20260926,0.517853319644928,0.48214662075042725,1
s23_2_offline_train_t064,23,2,offline_train,2,session2/s23/sess02_subj23_EEG_MI.mat,7eb982af294f5ecb1ebf7dc635a66ba28795835a64c167dcfc9678d2099388dd,904991,Lee2019_MI,Q15-E007,MU_BETA_SHARED,20260926,0.6179962158203125,0.3820037543773651,1
s23_2_offline_train_t065,23,2,offline_train,2,session2/s23/sess02_subj23_EEG_MI.mat,7eb982af294f5ecb1ebf7dc635a66ba28795835a64c167dcfc9678d2099388dd,916424,Lee2019_MI,Q15-E007,MU_BETA_SHARED,20260926,0.09549257904291153,0.9045073986053467,2
s23_2_offline_train_t066,23,2,offline_train,2,session2/s23/sess02_subj23_EEG_MI.mat,7eb982af294f5ecb1ebf7dc635a66ba28795835a64c167dcfc9678d2099388dd,927941,Lee2019_MI,Q15-E007,MU_BETA_SHARED,20260926,0.1069721207022667,0.8930278420448303,2
s23_2_offline_train_t067,23,2,offline_train,2,session2/s23/sess02_subj23_EEG_MI.mat,7eb982af294f5ecb1ebf7dc635a66ba28795835a64c167dcfc9678d2099388dd,939074,Lee2019_MI,Q15-E007,MU_BETA_SHARED,20260926,0.41437143087387085,0.5856285691261292,2
s23_2_offline_train_t068,23,2,offline_train,1,session2/s23/sess02_subj23_EEG_MI.mat,7eb982af294f5ecb1ebf7dc635a66ba28795835a64c167dcfc9678d2099388dd,949757,Lee2019_MI,Q15-E007,MU_BETA_SHARED,20260926,0.5816285610198975,0.41837140917778015,1
s23_2_offline_train_t069,23,2,offline_train,1,session2/s23/sess02_subj23_EEG_MI.mat,7eb982af294f5ecb1ebf7dc635a66ba28795835a64c167dcfc9678d2099388dd,960440,Lee2019_MI,Q15-E007,MU_BETA_SHARED,20260926,0.8863930702209473,0.11360691487789154,1
s23_2_offline_train_t070,23,2,offline_train,2,session2/s23/sess02_subj23_EEG_MI.mat,7eb982af294f5ecb1ebf7dc635a66ba28795835a64c167dcfc9678d2099388dd,971223,Lee2019_MI,Q15-E007,MU_BETA_SHARED,20260926,0.2740064561367035,0.7259935736656189,2
s23_2_offline_train_t071,23,2,offline_train,1,session2/s23/sess02_subj23_EEG_MI.mat,7eb982af294f5ecb1ebf7dc635a66ba28795835a64c167dcfc9678d2099388dd,982640,Lee2019_MI,Q15-E007,MU_BETA_SHARED,20260926,0.5429493188858032,0.4570506513118744,1
s23_2_offline_train_t072,23,2,offline_train,2,session2/s23/sess02_subj23_EEG_MI.mat,7eb982af294f5ecb1ebf7dc635a66ba28795835a64c167dcfc9678d2099388dd,993406,Lee2019_MI,Q15-E007,MU_BETA_SHARED,20260926,0.05105503275990486,0.9489449858665466,2
s23_2_offline_train_t073,23,2,offline_train,2,session2/s23/sess02_subj23_EEG_MI.mat,7eb982af294f5ecb1ebf7dc635a66ba28795835a64c167dcfc9678d2099388dd,1004739,Lee2019_MI,Q15-E007,MU_BETA_SHARED,20260926,0.5776143670082092,0.4223856031894684,1
s23_2_offline_train_t074,23,2,offline_train,2,session2/s23/sess02_subj23_EEG_MI.mat,7eb982af294f5ecb1ebf7dc635a66ba28795835a64c167dcfc9678d2099388dd,1015523,Lee2019_MI,Q15-E007,MU_BETA_SHARED,20260926,0.6790544986724854,0.32094553112983704,1
s23_2_offline_train_t075,23,2,offline_train,1,session2/s23/sess02_subj23_EEG_MI.mat,7eb982af294f5ecb1ebf7dc635a66ba28795835a64c167dcfc9678d2099388dd,1027039,Lee2019_MI,Q15-E007,MU_BETA_SHARED,20260926,0.4536285102367401,0.5463715195655823,2
s23_2_offline_train_t076,23,2,offline_train,2,session2/s23/sess02_subj23_EEG_MI.mat,7eb982af294f5ecb1ebf7dc635a66ba28795835a64c167dcfc9678d2099388dd,1037905,Lee2019_MI,Q15-E007,MU_BETA_SHARED,20260926,0.525319516658783,0.47468048334121704,1
s23_2_offline_train_t077,23,2,offline_train,1,session2/s23/sess02_subj23_EEG_MI.mat,7eb982af294f5ecb1ebf7dc635a66ba28795835a64c167dcfc9678d2099388dd,1048672,Lee2019_MI,Q15-E007,MU_BETA_SHARED,20260926,0.4745536148548126,0.525446355342865,2
s23_2_offline_train_t078,23,2,offline_train,1,session2/s23/sess02_subj23_EEG_MI.mat,7eb982af294f5ecb1ebf7dc635a66ba28795835a64c167dcfc9678d2099388dd,1059455,Lee2019_MI,Q15-E007,MU_BETA_SHARED,20260926,0.22574368119239807,0.7742562890052795,2
s23_2_offline_train_t079,23,2,offline_train,2,session2/s23/sess02_subj23_EEG_MI.mat,7eb982af294f5ecb1ebf7dc635a66ba28795835a64c167dcfc9678d2099388dd,1070588,Lee2019_MI,Q15-E007,MU_BETA_SHARED,20260926,0.4209481477737427,0.5790518522262573,2
s23_2_offline_train_t080,23,2,offline_train,2,session2/s23/sess02_subj23_EEG_MI.mat,7eb982af294f5ecb1ebf7dc635a66ba28795835a64c167dcfc9678d2099388dd,1081655,Lee2019_MI,Q15-E007,MU_BETA_SHARED,20260926,0.6151614785194397,0.3848384916782379,1
s23_2_offline_train_t081,23,2,offline_train,2,session2/s23/sess02_subj23_EEG_MI.mat,7eb982af294f5ecb1ebf7dc635a66ba28795835a64c167dcfc9678d2099388dd,1092521,Lee2019_MI,Q15-E007,MU_BETA_SHARED,20260926,0.7370147705078125,0.2629851996898651,1
s23_2_offline_train_t082,23,2,offline_train,1,session2/s23/sess02_subj23_EEG_MI.mat,7eb982af294f5ecb1ebf7dc635a66ba28795835a64c167dcfc9678d2099388dd,1103938,Lee2019_MI,Q15-E007,MU_BETA_SHARED,20260926,0.8210391402244568,0.1789608746767044,1
s23_2_offline_train_t083,23,2,offline_train,2,session2/s23/sess02_subj23_EEG_MI.mat,7eb982af294f5ecb1ebf7dc635a66ba28795835a64c167dcfc9678d2099388dd,1115087,Lee2019_MI,Q15-E007,MU_BETA_SHARED,20260926,0.31980249285697937,0.680197536945343,2
s23_2_offline_train_t084,23,2,offline_train,2,session2/s23/sess02_subj23_EEG_MI.mat,7eb982af294f5ecb1ebf7dc635a66ba28795835a64c167dcfc9678d2099388dd,1126220,Lee2019_MI,Q15-E007,MU_BETA_SHARED,20260926,0.0886513739824295,0.9113486409187317,2
s23_2_offline_train_t085,23,2,offline_train,1,session2/s23/sess02_subj23_EEG_MI.mat,7eb982af294f5ecb1ebf7dc635a66ba28795835a64c167dcfc9678d2099388dd,1137654,Lee2019_MI,Q15-E007,MU_BETA_SHARED,20260926,0.9744354486465454,0.02556455507874489,1
s23_2_offline_train_t086,23,2,offline_train,2,session2/s23/sess02_subj23_EEG_MI.mat,7eb982af294f5ecb1ebf7dc635a66ba28795835a64c167dcfc9678d2099388dd,1148520,Lee2019_MI,Q15-E007,MU_BETA_SHARED,20260926,0.45989489555358887,0.5401051044464111,2
s23_2_offline_train_t087,23,2,offline_train,1,session2/s23/sess02_subj23_EEG_MI.mat,7eb982af294f5ecb1ebf7dc635a66ba28795835a64c167dcfc9678d2099388dd,1159853,Lee2019_MI,Q15-E007,MU_BETA_SHARED,20260926,0.6960087418556213,0.3039912283420563,1
s23_2_offline_train_t088,23,2,offline_train,2,session2/s23/sess02_subj23_EEG_MI.mat,7eb982af294f5ecb1ebf7dc635a66ba28795835a64c167dcfc9678d2099388dd,1171186,Lee2019_MI,Q15-E007,MU_BETA_SHARED,20260926,0.43756064772605896,0.5624393224716187,2
s23_2_offline_train_t089,23,2,offline_train,2,session2/s23/sess02_subj23_EEG_MI.mat,7eb982af294f5ecb1ebf7dc635a66ba28795835a64c167dcfc9678d2099388dd,1182136,Lee2019_MI,Q15-E007,MU_BETA_SHARED,20260926,0.9685119986534119,0.03148803859949112,1
s23_2_offline_train_t090,23,2,offline_train,2,session2/s23/sess02_subj23_EEG_MI.mat,7eb982af294f5ecb1ebf7dc635a66ba28795835a64c167dcfc9678d2099388dd,1193286,Lee2019_MI,Q15-E007,MU_BETA_SHARED,20260926,0.40931981801986694,0.5906801819801331,2
s23_2_offline_train_t091,23,2,offline_train,2,session2/s23/sess02_subj23_EEG_MI.mat,7eb982af294f5ecb1ebf7dc635a66ba28795835a64c167dcfc9678d2099388dd,1203869,Lee2019_MI,Q15-E007,MU_BETA_SHARED,20260926,0.16037791967391968,0.8396220803260803,2
s23_2_offline_train_t092,23,2,offline_train,2,session2/s23/sess02_subj23_EEG_MI.mat,7eb982af294f5ecb1ebf7dc635a66ba28795835a64c167dcfc9678d2099388dd,1214469,Lee2019_MI,Q15-E007,MU_BETA_SHARED,20260926,0.0326487272977829,0.9673512578010559,2
s23_2_offline_train_t093,23,2,offline_train,1,session2/s23/sess02_subj23_EEG_MI.mat,7eb982af294f5ecb1ebf7dc635a66ba28795835a64c167dcfc9678d2099388dd,1225519,Lee2019_MI,Q15-E007,MU_BETA_SHARED,20260926,0.6881420016288757,0.31185799837112427,1
s23_2_offline_train_t094,23,2,offline_train,2,session2/s23/sess02_subj23_EEG_MI.mat,7eb982af294f5ecb1ebf7dc635a66ba28795835a64c167dcfc9678d2099388dd,1236852,Lee2019_MI,Q15-E007,MU_BETA_SHARED,20260926,0.23521049320697784,0.7647894620895386,2
s23_2_offline_train_t095,23,2,offline_train,1,session2/s23/sess02_subj23_EEG_MI.mat,7eb982af294f5ecb1ebf7dc635a66ba28795835a64c167dcfc9678d2099388dd,1248368,Lee2019_MI,Q15-E007,MU_BETA_SHARED,20260926,0.9792547821998596,0.020745156332850456,1
s23_2_offline_train_t096,23,2,offline_train,1,session2/s23/sess02_subj23_EEG_MI.mat,7eb982af294f5ecb1ebf7dc635a66ba28795835a64c167dcfc9678d2099388dd,1259051,Lee2019_MI,Q15-E007,MU_BETA_SHARED,20260926,0.6006945967674255,0.39930540323257446,1
s23_2_offline_train_t097,23,2,offline_train,2,session2/s23/sess02_subj23_EEG_MI.mat,7eb982af294f5ecb1ebf7dc635a66ba28795835a64c167dcfc9678d2099388dd,1270185,Lee2019_MI,Q15-E007,MU_BETA_SHARED,20260926,0.6420170664787292,0.35798293352127075,1
s23_2_offline_train_t098,23,2,offline_train,1,session2/s23/sess02_subj23_EEG_MI.mat,7eb982af294f5ecb1ebf7dc635a66ba28795835a64c167dcfc9678d2099388dd,1281234,Lee2019_MI,Q15-E007,MU_BETA_SHARED,20260926,0.6766269207000732,0.32337307929992676,1
s23_2_offline_train_t099,23,2,offline_train,2,session2/s23/sess02_subj23_EEG_MI.mat,7eb982af294f5ecb1ebf7dc635a66ba28795835a64c167dcfc9678d2099388dd,1291834,Lee2019_MI,Q15-E007,MU_BETA_SHARED,20260926,0.819083034992218,0.1809169203042984,1
s23_2_offline_train_t100,23,2,offline_train,2,session2/s23/sess02_subj23_EEG_MI.mat,7eb982af294f5ecb1ebf7dc635a66ba28795835a64c167dcfc9678d2099388dd,1302700,Lee2019_MI,Q15-E007,MU_BETA_SHARED,20260926,0.14621059596538544,0.8537893891334534,2
s23_1_offline_train_t001,23,1,offline_train,1,session1/s23/sess01_subj23_EEG_MI.mat,4caeee5093a8313d1ebd6a1f3a0cb7b7596a6037ef136aa6c7de0a74c5fa3364,184778,Lee2019_MI,Q15-E007,CSP4_LDA,deterministic,0.6650506649261151,0.3349493350738849,1
s23_1_offline_train_t002,23,1,offline_train,1,session1/s23/sess01_subj23_EEG_MI.mat,4caeee5093a8313d1ebd6a1f3a0cb7b7596a6037ef136aa6c7de0a74c5fa3364,195645,Lee2019_MI,Q15-E007,CSP4_LDA,deterministic,0.7014607515941682,0.29853924840583185,1
s23_1_offline_train_t003,23,1,offline_train,1,session1/s23/sess01_subj23_EEG_MI.mat,4caeee5093a8313d1ebd6a1f3a0cb7b7596a6037ef136aa6c7de0a74c5fa3364,206512,Lee2019_MI,Q15-E007,CSP4_LDA,deterministic,0.5458831392132669,0.4541168607867331,1
s23_1_offline_train_t004,23,1,offline_train,2,session1/s23/sess01_subj23_EEG_MI.mat,4caeee5093a8313d1ebd6a1f3a0cb7b7596a6037ef136aa6c7de0a74c5fa3364,217378,Lee2019_MI,Q15-E007,CSP4_LDA,deterministic,0.6152880542181458,0.3847119457818542,1
s23_1_offline_train_t005,23,1,offline_train,2,session1/s23/sess01_subj23_EEG_MI.mat,4caeee5093a8313d1ebd6a1f3a0cb7b7596a6037ef136aa6c7de0a74c5fa3364,228428,Lee2019_MI,Q15-E007,CSP4_LDA,deterministic,0.6955466432780217,0.30445335672197826,1
s23_1_offline_train_t006,23,1,offline_train,1,session1/s23/sess01_subj23_EEG_MI.mat,4caeee5093a8313d1ebd6a1f3a0cb7b7596a6037ef136aa6c7de0a74c5fa3364,239678,Lee2019_MI,Q15-E007,CSP4_LDA,deterministic,0.7481915919838801,0.2518084080161199,1
s23_1_offline_train_t007,23,1,offline_train,1,session1/s23/sess01_subj23_EEG_MI.mat,4caeee5093a8313d1ebd6a1f3a0cb7b7596a6037ef136aa6c7de0a74c5fa3364,250261,Lee2019_MI,Q15-E007,CSP4_LDA,deterministic,0.7299112486968914,0.2700887513031086,1
s23_1_offline_train_t008,23,1,offline_train,2,session1/s23/sess01_subj23_EEG_MI.mat,4caeee5093a8313d1ebd6a1f3a0cb7b7596a6037ef136aa6c7de0a74c5fa3364,261677,Lee2019_MI,Q15-E007,CSP4_LDA,deterministic,0.566780218324259,0.4332197816757411,1
s23_1_offline_train_t009,23,1,offline_train,2,session1/s23/sess01_subj23_EEG_MI.mat,4caeee5093a8313d1ebd6a1f3a0cb7b7596a6037ef136aa6c7de0a74c5fa3364,272827,Lee2019_MI,Q15-E007,CSP4_LDA,deterministic,0.618510329444372,0.381489670555628,1
s23_1_offline_train_t010,23,1,offline_train,1,session1/s23/sess01_subj23_EEG_MI.mat,4caeee5093a8313d1ebd6a1f3a0cb7b7596a6037ef136aa6c7de0a74c5fa3364,284243,Lee2019_MI,Q15-E007,CSP4_LDA,deterministic,0.5967890680349648,0.40321093196503516,1
s23_1_offline_train_t011,23,1,offline_train,2,session1/s23/sess01_subj23_EEG_MI.mat,4caeee5093a8313d1ebd6a1f3a0cb7b7596a6037ef136aa6c7de0a74c5fa3364,295110,Lee2019_MI,Q15-E007,CSP4_LDA,deterministic,0.5432804939681457,0.45671950603185435,1
s23_1_offline_train_t012,23,1,offline_train,2,session1/s23/sess01_subj23_EEG_MI.mat,4caeee5093a8313d1ebd6a1f3a0cb7b7596a6037ef136aa6c7de0a74c5fa3364,306076,Lee2019_MI,Q15-E007,CSP4_LDA,deterministic,0.720288264957272,0.27971173504272795,1
s23_1_offline_train_t013,23,1,offline_train,1,session1/s23/sess01_subj23_EEG_MI.mat,4caeee5093a8313d1ebd6a1f3a0cb7b7596a6037ef136aa6c7de0a74c5fa3364,316659,Lee2019_MI,Q15-E007,CSP4_LDA,deterministic,0.6206068839191718,0.37939311608082815,1
s23_1_offline_train_t014,23,1,offline_train,2,session1/s23/sess01_subj23_EEG_MI.mat,4caeee5093a8313d1ebd6a1f3a0cb7b7596a6037ef136aa6c7de0a74c5fa3364,327443,Lee2019_MI,Q15-E007,CSP4_LDA,deterministic,0.6941903496075779,0.3058096503924221,1
s23_1_offline_train_t015,23,1,offline_train,1,session1/s23/sess01_subj23_EEG_MI.mat,4caeee5093a8313d1ebd6a1f3a0cb7b7596a6037ef136aa6c7de0a74c5fa3364,338676,Lee2019_MI,Q15-E007,CSP4_LDA,deterministic,0.6343754540790155,0.3656245459209845,1
s23_1_offline_train_t016,23,1,offline_train,1,session1/s23/sess01_subj23_EEG_MI.mat,4caeee5093a8313d1ebd6a1f3a0cb7b7596a6037ef136aa6c7de0a74c5fa3364,349542,Lee2019_MI,Q15-E007,CSP4_LDA,deterministic,0.5155828591670224,0.48441714083297766,1
s23_1_offline_train_t017,23,1,offline_train,2,session1/s23/sess01_subj23_EEG_MI.mat,4caeee5093a8313d1ebd6a1f3a0cb7b7596a6037ef136aa6c7de0a74c5fa3364,360975,Lee2019_MI,Q15-E007,CSP4_LDA,deterministic,0.5268459794166911,0.47315402058330897,1
s23_1_offline_train_t018,23,1,offline_train,2,session1/s23/sess01_subj23_EEG_MI.mat,4caeee5093a8313d1ebd6a1f3a0cb7b7596a6037ef136aa6c7de0a74c5fa3364,371642,Lee2019_MI,Q15-E007,CSP4_LDA,deterministic,0.5927091125354045,0.4072908874645955,1
s23_1_offline_train_t019,23,1,offline_train,2,session1/s23/sess01_subj23_EEG_MI.mat,4caeee5093a8313d1ebd6a1f3a0cb7b7596a6037ef136aa6c7de0a74c5fa3364,383158,Lee2019_MI,Q15-E007,CSP4_LDA,deterministic,0.5692827224212482,0.43071727757875183,1
s23_1_offline_train_t020,23,1,offline_train,1,session1/s23/sess01_subj23_EEG_MI.mat,4caeee5093a8313d1ebd6a1f3a0cb7b7596a6037ef136aa6c7de0a74c5fa3364,394225,Lee2019_MI,Q15-E007,CSP4_LDA,deterministic,0.7419104568628733,0.25808954313712673,1
s23_1_offline_train_t021,23,1,offline_train,2,session1/s23/sess01_subj23_EEG_MI.mat,4caeee5093a8313d1ebd6a1f3a0cb7b7596a6037ef136aa6c7de0a74c5fa3364,405458,Lee2019_MI,Q15-E007,CSP4_LDA,deterministic,0.7049506250767255,0.2950493749232745,1
s23_1_offline_train_t022,23,1,offline_train,2,session1/s23/sess01_subj23_EEG_MI.mat,4caeee5093a8313d1ebd6a1f3a0cb7b7596a6037ef136aa6c7de0a74c5fa3364,416974,Lee2019_MI,Q15-E007,CSP4_LDA,deterministic,0.5545989525442352,0.4454010474557648,1
s23_1_offline_train_t023,23,1,offline_train,1,session1/s23/sess01_subj23_EEG_MI.mat,4caeee5093a8313d1ebd6a1f3a0cb7b7596a6037ef136aa6c7de0a74c5fa3364,427841,Lee2019_MI,Q15-E007,CSP4_LDA,deterministic,0.7556756379818397,0.2443243620181603,1
s23_1_offline_train_t024,23,1,offline_train,2,session1/s23/sess01_subj23_EEG_MI.mat,4caeee5093a8313d1ebd6a1f3a0cb7b7596a6037ef136aa6c7de0a74c5fa3364,438807,Lee2019_MI,Q15-E007,CSP4_LDA,deterministic,0.5669607616752421,0.43303923832475794,1
s23_1_offline_train_t025,23,1,offline_train,1,session1/s23/sess01_subj23_EEG_MI.mat,4caeee5093a8313d1ebd6a1f3a0cb7b7596a6037ef136aa6c7de0a74c5fa3364,449857,Lee2019_MI,Q15-E007,CSP4_LDA,deterministic,0.6747362791887386,0.3252637208112614,1
s23_1_offline_train_t026,23,1,offline_train,1,session1/s23/sess01_subj23_EEG_MI.mat,4caeee5093a8313d1ebd6a1f3a0cb7b7596a6037ef136aa6c7de0a74c5fa3364,461190,Lee2019_MI,Q15-E007,CSP4_LDA,deterministic,0.6347180862954114,0.3652819137045887,1
s23_1_offline_train_t027,23,1,offline_train,1,session1/s23/sess01_subj23_EEG_MI.mat,4caeee5093a8313d1ebd6a1f3a0cb7b7596a6037ef136aa6c7de0a74c5fa3364,472523,Lee2019_MI,Q15-E007,CSP4_LDA,deterministic,0.6635196338240044,0.3364803661759957,1
s23_1_offline_train_t028,23,1,offline_train,2,session1/s23/sess01_subj23_EEG_MI.mat,4caeee5093a8313d1ebd6a1f3a0cb7b7596a6037ef136aa6c7de0a74c5fa3364,483190,Lee2019_MI,Q15-E007,CSP4_LDA,deterministic,0.6098482714682187,0.39015172853178126,1
s23_1_offline_train_t029,23,1,offline_train,1,session1/s23/sess01_subj23_EEG_MI.mat,4caeee5093a8313d1ebd6a1f3a0cb7b7596a6037ef136aa6c7de0a74c5fa3364,493873,Lee2019_MI,Q15-E007,CSP4_LDA,deterministic,0.5195774945464617,0.4804225054535382,1
s23_1_offline_train_t030,23,1,offline_train,2,session1/s23/sess01_subj23_EEG_MI.mat,4caeee5093a8313d1ebd6a1f3a0cb7b7596a6037ef136aa6c7de0a74c5fa3364,504739,Lee2019_MI,Q15-E007,CSP4_LDA,deterministic,0.5343447149086483,0.4656552850913517,1
s23_1_offline_train_t031,23,1,offline_train,1,session1/s23/sess01_subj23_EEG_MI.mat,4caeee5093a8313d1ebd6a1f3a0cb7b7596a6037ef136aa6c7de0a74c5fa3364,515339,Lee2019_MI,Q15-E007,CSP4_LDA,deterministic,0.6319455106117844,0.36805448938821556,1
s23_1_offline_train_t032,23,1,offline_train,1,session1/s23/sess01_subj23_EEG_MI.mat,4caeee5093a8313d1ebd6a1f3a0cb7b7596a6037ef136aa6c7de0a74c5fa3364,526389,Lee2019_MI,Q15-E007,CSP4_LDA,deterministic,0.7136869052135811,0.28631309478641886,1
s23_1_offline_train_t033,23,1,offline_train,2,session1/s23/sess01_subj23_EEG_MI.mat,4caeee5093a8313d1ebd6a1f3a0cb7b7596a6037ef136aa6c7de0a74c5fa3364,537255,Lee2019_MI,Q15-E007,CSP4_LDA,deterministic,0.7275095490745958,0.27249045092540425,1
s23_1_offline_train_t034,23,1,offline_train,1,session1/s23/sess01_subj23_EEG_MI.mat,4caeee5093a8313d1ebd6a1f3a0cb7b7596a6037ef136aa6c7de0a74c5fa3364,548022,Lee2019_MI,Q15-E007,CSP4_LDA,deterministic,0.5105229715906624,0.4894770284093376,1
s23_1_offline_train_t035,23,1,offline_train,1,session1/s23/sess01_subj23_EEG_MI.mat,4caeee5093a8313d1ebd6a1f3a0cb7b7596a6037ef136aa6c7de0a74c5fa3364,558804,Lee2019_MI,Q15-E007,CSP4_LDA,deterministic,0.6056656952394397,0.3943343047605603,1
s23_1_offline_train_t036,23,1,offline_train,1,session1/s23/sess01_subj23_EEG_MI.mat,4caeee5093a8313d1ebd6a1f3a0cb7b7596a6037ef136aa6c7de0a74c5fa3364,570221,Lee2019_MI,Q15-E007,CSP4_LDA,deterministic,0.7466170047573479,0.2533829952426521,1
s23_1_offline_train_t037,23,1,offline_train,2,session1/s23/sess01_subj23_EEG_MI.mat,4caeee5093a8313d1ebd6a1f3a0cb7b7596a6037ef136aa6c7de0a74c5fa3364,581454,Lee2019_MI,Q15-E007,CSP4_LDA,deterministic,0.5458719638498096,0.4541280361501904,1
s23_1_offline_train_t038,23,1,offline_train,1,session1/s23/sess01_subj23_EEG_MI.mat,4caeee5093a8313d1ebd6a1f3a0cb7b7596a6037ef136aa6c7de0a74c5fa3364,592521,Lee2019_MI,Q15-E007,CSP4_LDA,deterministic,0.6671939044196366,0.33280609558036345,1
s23_1_offline_train_t039,23,1,offline_train,1,session1/s23/sess01_subj23_EEG_MI.mat,4caeee5093a8313d1ebd6a1f3a0cb7b7596a6037ef136aa6c7de0a74c5fa3364,604037,Lee2019_MI,Q15-E007,CSP4_LDA,deterministic,0.6081372214823473,0.39186277851765267,1
s23_1_offline_train_t040,23,1,offline_train,1,session1/s23/sess01_subj23_EEG_MI.mat,4caeee5093a8313d1ebd6a1f3a0cb7b7596a6037ef136aa6c7de0a74c5fa3364,614703,Lee2019_MI,Q15-E007,CSP4_LDA,deterministic,0.7176627766296647,0.2823372233703353,1
s23_1_offline_train_t041,23,1,offline_train,2,session1/s23/sess01_subj23_EEG_MI.mat,4caeee5093a8313d1ebd6a1f3a0cb7b7596a6037ef136aa6c7de0a74c5fa3364,626037,Lee2019_MI,Q15-E007,CSP4_LDA,deterministic,0.6041679858644815,0.3958320141355185,1
s23_1_offline_train_t042,23,1,offline_train,2,session1/s23/sess01_subj23_EEG_MI.mat,4caeee5093a8313d1ebd6a1f3a0cb7b7596a6037ef136aa6c7de0a74c5fa3364,637370,Lee2019_MI,Q15-E007,CSP4_LDA,deterministic,0.4409790457584768,0.5590209542415232,2
s23_1_offline_train_t043,23,1,offline_train,2,session1/s23/sess01_subj23_EEG_MI.mat,4caeee5093a8313d1ebd6a1f3a0cb7b7596a6037ef136aa6c7de0a74c5fa3364,648520,Lee2019_MI,Q15-E007,CSP4_LDA,deterministic,0.5047288412527982,0.4952711587472019,1
s23_1_offline_train_t044,23,1,offline_train,1,session1/s23/sess01_subj23_EEG_MI.mat,4caeee5093a8313d1ebd6a1f3a0cb7b7596a6037ef136aa6c7de0a74c5fa3364,659286,Lee2019_MI,Q15-E007,CSP4_LDA,deterministic,0.5853834732912326,0.4146165267087673,1
s23_1_offline_train_t045,23,1,offline_train,2,session1/s23/sess01_subj23_EEG_MI.mat,4caeee5093a8313d1ebd6a1f3a0cb7b7596a6037ef136aa6c7de0a74c5fa3364,670435,Lee2019_MI,Q15-E007,CSP4_LDA,deterministic,0.5220765166427095,0.4779234833572905,1
s23_1_offline_train_t046,23,1,offline_train,2,session1/s23/sess01_subj23_EEG_MI.mat,4caeee5093a8313d1ebd6a1f3a0cb7b7596a6037ef136aa6c7de0a74c5fa3364,681302,Lee2019_MI,Q15-E007,CSP4_LDA,deterministic,0.49760075775643464,0.5023992422435654,2
s23_1_offline_train_t047,23,1,offline_train,2,session1/s23/sess01_subj23_EEG_MI.mat,4caeee5093a8313d1ebd6a1f3a0cb7b7596a6037ef136aa6c7de0a74c5fa3364,691985,Lee2019_MI,Q15-E007,CSP4_LDA,deterministic,0.4771965978197208,0.5228034021802792,2
s23_1_offline_train_t048,23,1,offline_train,1,session1/s23/sess01_subj23_EEG_MI.mat,4caeee5093a8313d1ebd6a1f3a0cb7b7596a6037ef136aa6c7de0a74c5fa3364,702752,Lee2019_MI,Q15-E007,CSP4_LDA,deterministic,0.5334050387232236,0.4665949612767764,1
s23_1_offline_train_t049,23,1,offline_train,2,session1/s23/sess01_subj23_EEG_MI.mat,4caeee5093a8313d1ebd6a1f3a0cb7b7596a6037ef136aa6c7de0a74c5fa3364,714185,Lee2019_MI,Q15-E007,CSP4_LDA,deterministic,0.6613854693309409,0.33861453066905917,1
s23_1_offline_train_t050,23,1,offline_train,1,session1/s23/sess01_subj23_EEG_MI.mat,4caeee5093a8313d1ebd6a1f3a0cb7b7596a6037ef136aa6c7de0a74c5fa3364,762101,Lee2019_MI,Q15-E007,CSP4_LDA,deterministic,0.6060745799457663,0.3939254200542337,1
s23_1_offline_train_t051,23,1,offline_train,2,session1/s23/sess01_subj23_EEG_MI.mat,4caeee5093a8313d1ebd6a1f3a0cb7b7596a6037ef136aa6c7de0a74c5fa3364,772884,Lee2019_MI,Q15-E007,CSP4_LDA,deterministic,0.5570037173857493,0.4429962826142507,1
s23_1_offline_train_t052,23,1,offline_train,2,session1/s23/sess01_subj23_EEG_MI.mat,4caeee5093a8313d1ebd6a1f3a0cb7b7596a6037ef136aa6c7de0a74c5fa3364,783467,Lee2019_MI,Q15-E007,CSP4_LDA,deterministic,0.5617456620997394,0.4382543379002605,1
s23_1_offline_train_t053,23,1,offline_train,2,session1/s23/sess01_subj23_EEG_MI.mat,4caeee5093a8313d1ebd6a1f3a0cb7b7596a6037ef136aa6c7de0a74c5fa3364,794433,Lee2019_MI,Q15-E007,CSP4_LDA,deterministic,0.6840055992278699,0.31599440077213015,1
s23_1_offline_train_t054,23,1,offline_train,2,session1/s23/sess01_subj23_EEG_MI.mat,4caeee5093a8313d1ebd6a1f3a0cb7b7596a6037ef136aa6c7de0a74c5fa3364,805017,Lee2019_MI,Q15-E007,CSP4_LDA,deterministic,0.5353518864602622,0.4646481135397378,1
s23_1_offline_train_t055,23,1,offline_train,1,session1/s23/sess01_subj23_EEG_MI.mat,4caeee5093a8313d1ebd6a1f3a0cb7b7596a6037ef136aa6c7de0a74c5fa3364,816450,Lee2019_MI,Q15-E007,CSP4_LDA,deterministic,0.6963864039083668,0.3036135960916332,1
s23_1_offline_train_t056,23,1,offline_train,1,session1/s23/sess01_subj23_EEG_MI.mat,4caeee5093a8313d1ebd6a1f3a0cb7b7596a6037ef136aa6c7de0a74c5fa3364,827216,Lee2019_MI,Q15-E007,CSP4_LDA,deterministic,0.6496667462235126,0.35033325377648733,1
s23_1_offline_train_t057,23,1,offline_train,1,session1/s23/sess01_subj23_EEG_MI.mat,4caeee5093a8313d1ebd6a1f3a0cb7b7596a6037ef136aa6c7de0a74c5fa3364,837899,Lee2019_MI,Q15-E007,CSP4_LDA,deterministic,0.6275107523153306,0.3724892476846694,1
s23_1_offline_train_t058,23,1,offline_train,2,session1/s23/sess01_subj23_EEG_MI.mat,4caeee5093a8313d1ebd6a1f3a0cb7b7596a6037ef136aa6c7de0a74c5fa3364,848766,Lee2019_MI,Q15-E007,CSP4_LDA,deterministic,0.6043097765031629,0.39569022349683713,1
s23_1_offline_train_t059,23,1,offline_train,1,session1/s23/sess01_subj23_EEG_MI.mat,4caeee5093a8313d1ebd6a1f3a0cb7b7596a6037ef136aa6c7de0a74c5fa3364,859816,Lee2019_MI,Q15-E007,CSP4_LDA,deterministic,0.4895771259438313,0.5104228740561687,2
s23_1_offline_train_t060,23,1,offline_train,1,session1/s23/sess01_subj23_EEG_MI.mat,4caeee5093a8313d1ebd6a1f3a0cb7b7596a6037ef136aa6c7de0a74c5fa3364,870499,Lee2019_MI,Q15-E007,CSP4_LDA,deterministic,0.6916098559994015,0.3083901440005985,1
s23_1_offline_train_t061,23,1,offline_train,1,session1/s23/sess01_subj23_EEG_MI.mat,4caeee5093a8313d1ebd6a1f3a0cb7b7596a6037ef136aa6c7de0a74c5fa3364,882015,Lee2019_MI,Q15-E007,CSP4_LDA,deterministic,0.7335376677515189,0.2664623322484811,1
s23_1_offline_train_t062,23,1,offline_train,2,session1/s23/sess01_subj23_EEG_MI.mat,4caeee5093a8313d1ebd6a1f3a0cb7b7596a6037ef136aa6c7de0a74c5fa3364,892882,Lee2019_MI,Q15-E007,CSP4_LDA,deterministic,0.5779410567608179,0.42205894323918214,1
s23_1_offline_train_t063,23,1,offline_train,1,session1/s23/sess01_subj23_EEG_MI.mat,4caeee5093a8313d1ebd6a1f3a0cb7b7596a6037ef136aa6c7de0a74c5fa3364,903748,Lee2019_MI,Q15-E007,CSP4_LDA,deterministic,0.6337624355166633,0.3662375644833367,1
s23_1_offline_train_t064,23,1,offline_train,1,session1/s23/sess01_subj23_EEG_MI.mat,4caeee5093a8313d1ebd6a1f3a0cb7b7596a6037ef136aa6c7de0a74c5fa3364,914330,Lee2019_MI,Q15-E007,CSP4_LDA,deterministic,0.7376538946591632,0.2623461053408368,1
s23_1_offline_train_t065,23,1,offline_train,1,session1/s23/sess01_subj23_EEG_MI.mat,4caeee5093a8313d1ebd6a1f3a0cb7b7596a6037ef136aa6c7de0a74c5fa3364,925198,Lee2019_MI,Q15-E007,CSP4_LDA,deterministic,0.6568633716681748,0.34313662833182523,1
s23_1_offline_train_t066,23,1,offline_train,2,session1/s23/sess01_subj23_EEG_MI.mat,4caeee5093a8313d1ebd6a1f3a0cb7b7596a6037ef136aa6c7de0a74c5fa3364,935798,Lee2019_MI,Q15-E007,CSP4_LDA,deterministic,0.5234702233006567,0.47652977669934327,1
s23_1_offline_train_t067,23,1,offline_train,2,session1/s23/sess01_subj23_EEG_MI.mat,4caeee5093a8313d1ebd6a1f3a0cb7b7596a6037ef136aa6c7de0a74c5fa3364,946847,Lee2019_MI,Q15-E007,CSP4_LDA,deterministic,0.6319525640621764,0.36804743593782363,1
s23_1_offline_train_t068,23,1,offline_train,2,session1/s23/sess01_subj23_EEG_MI.mat,4caeee5093a8313d1ebd6a1f3a0cb7b7596a6037ef136aa6c7de0a74c5fa3364,958180,Lee2019_MI,Q15-E007,CSP4_LDA,deterministic,0.5543996829999587,0.4456003170000413,1
s23_1_offline_train_t069,23,1,offline_train,1,session1/s23/sess01_subj23_EEG_MI.mat,4caeee5093a8313d1ebd6a1f3a0cb7b7596a6037ef136aa6c7de0a74c5fa3364,969313,Lee2019_MI,Q15-E007,CSP4_LDA,deterministic,0.6474522070010507,0.3525477929989493,1
s23_1_offline_train_t070,23,1,offline_train,2,session1/s23/sess01_subj23_EEG_MI.mat,4caeee5093a8313d1ebd6a1f3a0cb7b7596a6037ef136aa6c7de0a74c5fa3364,979997,Lee2019_MI,Q15-E007,CSP4_LDA,deterministic,0.583100415988694,0.416899584011306,1
s23_1_offline_train_t071,23,1,offline_train,2,session1/s23/sess01_subj23_EEG_MI.mat,4caeee5093a8313d1ebd6a1f3a0cb7b7596a6037ef136aa6c7de0a74c5fa3364,990596,Lee2019_MI,Q15-E007,CSP4_LDA,deterministic,0.5352001863201776,0.4647998136798223,1
s23_1_offline_train_t072,23,1,offline_train,2,session1/s23/sess01_subj23_EEG_MI.mat,4caeee5093a8313d1ebd6a1f3a0cb7b7596a6037ef136aa6c7de0a74c5fa3364,1001912,Lee2019_MI,Q15-E007,CSP4_LDA,deterministic,0.5561006964194015,0.4438993035805984,1
s23_1_offline_train_t073,23,1,offline_train,2,session1/s23/sess01_subj23_EEG_MI.mat,4caeee5093a8313d1ebd6a1f3a0cb7b7596a6037ef136aa6c7de0a74c5fa3364,1013346,Lee2019_MI,Q15-E007,CSP4_LDA,deterministic,0.6890005273235347,0.31099947267646527,1
s23_1_offline_train_t074,23,1,offline_train,1,session1/s23/sess01_subj23_EEG_MI.mat,4caeee5093a8313d1ebd6a1f3a0cb7b7596a6037ef136aa6c7de0a74c5fa3364,1024396,Lee2019_MI,Q15-E007,CSP4_LDA,deterministic,0.5866558229420218,0.41334417705797827,1
s23_1_offline_train_t075,23,1,offline_train,1,session1/s23/sess01_subj23_EEG_MI.mat,4caeee5093a8313d1ebd6a1f3a0cb7b7596a6037ef136aa6c7de0a74c5fa3364,1035079,Lee2019_MI,Q15-E007,CSP4_LDA,deterministic,0.7131041246831265,0.2868958753168736,1
s23_1_offline_train_t076,23,1,offline_train,1,session1/s23/sess01_subj23_EEG_MI.mat,4caeee5093a8313d1ebd6a1f3a0cb7b7596a6037ef136aa6c7de0a74c5fa3364,1046412,Lee2019_MI,Q15-E007,CSP4_LDA,deterministic,0.7829776454294703,0.21702235457052968,1
s23_1_offline_train_t077,23,1,offline_train,2,session1/s23/sess01_subj23_EEG_MI.mat,4caeee5093a8313d1ebd6a1f3a0cb7b7596a6037ef136aa6c7de0a74c5fa3364,1057279,Lee2019_MI,Q15-E007,CSP4_LDA,deterministic,0.7670596076532645,0.23294039234673544,1
s23_1_offline_train_t078,23,1,offline_train,1,session1/s23/sess01_subj23_EEG_MI.mat,4caeee5093a8313d1ebd6a1f3a0cb7b7596a6037ef136aa6c7de0a74c5fa3364,1068145,Lee2019_MI,Q15-E007,CSP4_LDA,deterministic,0.7896187928781506,0.2103812071218494,1
s23_1_offline_train_t079,23,1,offline_train,1,session1/s23/sess01_subj23_EEG_MI.mat,4caeee5093a8313d1ebd6a1f3a0cb7b7596a6037ef136aa6c7de0a74c5fa3364,1079478,Lee2019_MI,Q15-E007,CSP4_LDA,deterministic,0.7388643589579098,0.26113564104209014,1
s23_1_offline_train_t080,23,1,offline_train,1,session1/s23/sess01_subj23_EEG_MI.mat,4caeee5093a8313d1ebd6a1f3a0cb7b7596a6037ef136aa6c7de0a74c5fa3364,1090061,Lee2019_MI,Q15-E007,CSP4_LDA,deterministic,0.668213967247046,0.331786032752954,1
s23_1_offline_train_t081,23,1,offline_train,2,session1/s23/sess01_subj23_EEG_MI.mat,4caeee5093a8313d1ebd6a1f3a0cb7b7596a6037ef136aa6c7de0a74c5fa3364,1100644,Lee2019_MI,Q15-E007,CSP4_LDA,deterministic,0.625326596725519,0.3746734032744809,1
s23_1_offline_train_t082,23,1,offline_train,1,session1/s23/sess01_subj23_EEG_MI.mat,4caeee5093a8313d1ebd6a1f3a0cb7b7596a6037ef136aa6c7de0a74c5fa3364,1111894,Lee2019_MI,Q15-E007,CSP4_LDA,deterministic,0.5284833778148433,0.47151662218515666,1
s23_1_offline_train_t083,23,1,offline_train,2,session1/s23/sess01_subj23_EEG_MI.mat,4caeee5093a8313d1ebd6a1f3a0cb7b7596a6037ef136aa6c7de0a74c5fa3364,1123027,Lee2019_MI,Q15-E007,CSP4_LDA,deterministic,0.5332073619703277,0.46679263802967236,1
s23_1_offline_train_t084,23,1,offline_train,1,session1/s23/sess01_subj23_EEG_MI.mat,4caeee5093a8313d1ebd6a1f3a0cb7b7596a6037ef136aa6c7de0a74c5fa3364,1134077,Lee2019_MI,Q15-E007,CSP4_LDA,deterministic,0.6421551031438641,0.3578448968561358,1
s23_1_offline_train_t085,23,1,offline_train,2,session1/s23/sess01_subj23_EEG_MI.mat,4caeee5093a8313d1ebd6a1f3a0cb7b7596a6037ef136aa6c7de0a74c5fa3364,1145327,Lee2019_MI,Q15-E007,CSP4_LDA,deterministic,0.6649188087259305,0.33508119127406955,1
s23_1_offline_train_t086,23,1,offline_train,2,session1/s23/sess01_subj23_EEG_MI.mat,4caeee5093a8313d1ebd6a1f3a0cb7b7596a6037ef136aa6c7de0a74c5fa3364,1156560,Lee2019_MI,Q15-E007,CSP4_LDA,deterministic,0.4144677941493301,0.5855322058506699,2
s23_1_offline_train_t087,23,1,offline_train,1,session1/s23/sess01_subj23_EEG_MI.mat,4caeee5093a8313d1ebd6a1f3a0cb7b7596a6037ef136aa6c7de0a74c5fa3364,1167893,Lee2019_MI,Q15-E007,CSP4_LDA,deterministic,0.6538869553700485,0.3461130446299515,1
s23_1_offline_train_t088,23,1,offline_train,2,session1/s23/sess01_subj23_EEG_MI.mat,4caeee5093a8313d1ebd6a1f3a0cb7b7596a6037ef136aa6c7de0a74c5fa3364,1178760,Lee2019_MI,Q15-E007,CSP4_LDA,deterministic,0.5631668396031964,0.4368331603968036,1
s23_1_offline_train_t089,23,1,offline_train,2,session1/s23/sess01_subj23_EEG_MI.mat,4caeee5093a8313d1ebd6a1f3a0cb7b7596a6037ef136aa6c7de0a74c5fa3364,1189993,Lee2019_MI,Q15-E007,CSP4_LDA,deterministic,0.47271619753877203,0.527283802461228,2
s23_1_offline_train_t090,23,1,offline_train,2,session1/s23/sess01_subj23_EEG_MI.mat,4caeee5093a8313d1ebd6a1f3a0cb7b7596a6037ef136aa6c7de0a74c5fa3364,1201142,Lee2019_MI,Q15-E007,CSP4_LDA,deterministic,0.576198449911597,0.42380155008840303,1
s23_1_offline_train_t091,23,1,offline_train,1,session1/s23/sess01_subj23_EEG_MI.mat,4caeee5093a8313d1ebd6a1f3a0cb7b7596a6037ef136aa6c7de0a74c5fa3364,1212109,Lee2019_MI,Q15-E007,CSP4_LDA,deterministic,0.6324701568003153,0.3675298431996847,1
s23_1_offline_train_t092,23,1,offline_train,1,session1/s23/sess01_subj23_EEG_MI.mat,4caeee5093a8313d1ebd6a1f3a0cb7b7596a6037ef136aa6c7de0a74c5fa3364,1222692,Lee2019_MI,Q15-E007,CSP4_LDA,deterministic,0.5544641179911343,0.4455358820088657,1
s23_1_offline_train_t093,23,1,offline_train,2,session1/s23/sess01_subj23_EEG_MI.mat,4caeee5093a8313d1ebd6a1f3a0cb7b7596a6037ef136aa6c7de0a74c5fa3364,1234025,Lee2019_MI,Q15-E007,CSP4_LDA,deterministic,0.4445519005751102,0.5554480994248898,2
s23_1_offline_train_t094,23,1,offline_train,1,session1/s23/sess01_subj23_EEG_MI.mat,4caeee5093a8313d1ebd6a1f3a0cb7b7596a6037ef136aa6c7de0a74c5fa3364,1244891,Lee2019_MI,Q15-E007,CSP4_LDA,deterministic,0.631050799439448,0.368949200560552,1
s23_1_offline_train_t095,23,1,offline_train,2,session1/s23/sess01_subj23_EEG_MI.mat,4caeee5093a8313d1ebd6a1f3a0cb7b7596a6037ef136aa6c7de0a74c5fa3364,1256041,Lee2019_MI,Q15-E007,CSP4_LDA,deterministic,0.7193562780153263,0.2806437219846737,1
s23_1_offline_train_t096,23,1,offline_train,2,session1/s23/sess01_subj23_EEG_MI.mat,4caeee5093a8313d1ebd6a1f3a0cb7b7596a6037ef136aa6c7de0a74c5fa3364,1267358,Lee2019_MI,Q15-E007,CSP4_LDA,deterministic,0.7171821682637183,0.2828178317362818,1
s23_1_offline_train_t097,23,1,offline_train,1,session1/s23/sess01_subj23_EEG_MI.mat,4caeee5093a8313d1ebd6a1f3a0cb7b7596a6037ef136aa6c7de0a74c5fa3364,1278041,Lee2019_MI,Q15-E007,CSP4_LDA,deterministic,0.5923242715267688,0.4076757284732312,1
s23_1_offline_train_t098,23,1,offline_train,1,session1/s23/sess01_subj23_EEG_MI.mat,4caeee5093a8313d1ebd6a1f3a0cb7b7596a6037ef136aa6c7de0a74c5fa3364,1288724,Lee2019_MI,Q15-E007,CSP4_LDA,deterministic,0.568302627426286,0.431697372573714,1
s23_1_offline_train_t099,23,1,offline_train,2,session1/s23/sess01_subj23_EEG_MI.mat,4caeee5093a8313d1ebd6a1f3a0cb7b7596a6037ef136aa6c7de0a74c5fa3364,1299874,Lee2019_MI,Q15-E007,CSP4_LDA,deterministic,0.6479423624779574,0.3520576375220426,1
s23_1_offline_train_t100,23,1,offline_train,2,session1/s23/sess01_subj23_EEG_MI.mat,4caeee5093a8313d1ebd6a1f3a0cb7b7596a6037ef136aa6c7de0a74c5fa3364,1310923,Lee2019_MI,Q15-E007,CSP4_LDA,deterministic,0.7906186970126001,0.20938130298739982,1
s23_2_offline_train_t001,23,2,offline_train,1,session2/s23/sess02_subj23_EEG_MI.mat,7eb982af294f5ecb1ebf7dc635a66ba28795835a64c167dcfc9678d2099388dd,150456,Lee2019_MI,Q15-E007,CSP4_LDA,deterministic,0.4917231028932736,0.5082768971067264,2
s23_2_offline_train_t002,23,2,offline_train,2,session2/s23/sess02_subj23_EEG_MI.mat,7eb982af294f5ecb1ebf7dc635a66ba28795835a64c167dcfc9678d2099388dd,161872,Lee2019_MI,Q15-E007,CSP4_LDA,deterministic,0.4239943166731872,0.5760056833268128,2
s23_2_offline_train_t003,23,2,offline_train,1,session2/s23/sess02_subj23_EEG_MI.mat,7eb982af294f5ecb1ebf7dc635a66ba28795835a64c167dcfc9678d2099388dd,172555,Lee2019_MI,Q15-E007,CSP4_LDA,deterministic,0.5357084061115716,0.46429159388842844,1
s23_2_offline_train_t004,23,2,offline_train,1,session2/s23/sess02_subj23_EEG_MI.mat,7eb982af294f5ecb1ebf7dc635a66ba28795835a64c167dcfc9678d2099388dd,183988,Lee2019_MI,Q15-E007,CSP4_LDA,deterministic,0.5968129270298381,0.40318707297016193,1
s23_2_offline_train_t005,23,2,offline_train,2,session2/s23/sess02_subj23_EEG_MI.mat,7eb982af294f5ecb1ebf7dc635a66ba28795835a64c167dcfc9678d2099388dd,195121,Lee2019_MI,Q15-E007,CSP4_LDA,deterministic,0.5410971440912213,0.45890285590877866,1
s23_2_offline_train_t006,23,2,offline_train,2,session2/s23/sess02_subj23_EEG_MI.mat,7eb982af294f5ecb1ebf7dc635a66ba28795835a64c167dcfc9678d2099388dd,205805,Lee2019_MI,Q15-E007,CSP4_LDA,deterministic,0.4435895785960239,0.5564104214039761,2
s23_2_offline_train_t007,23,2,offline_train,1,session2/s23/sess02_subj23_EEG_MI.mat,7eb982af294f5ecb1ebf7dc635a66ba28795835a64c167dcfc9678d2099388dd,216671,Lee2019_MI,Q15-E007,CSP4_LDA,deterministic,0.6156876035762084,0.38431239642379156,1
s23_2_offline_train_t008,23,2,offline_train,2,session2/s23/sess02_subj23_EEG_MI.mat,7eb982af294f5ecb1ebf7dc635a66ba28795835a64c167dcfc9678d2099388dd,227721,Lee2019_MI,Q15-E007,CSP4_LDA,deterministic,0.6128149251692601,0.38718507483074,1
s23_2_offline_train_t009,23,2,offline_train,1,session2/s23/sess02_subj23_EEG_MI.mat,7eb982af294f5ecb1ebf7dc635a66ba28795835a64c167dcfc9678d2099388dd,239237,Lee2019_MI,Q15-E007,CSP4_LDA,deterministic,0.5471107022847048,0.4528892977152951,1
s23_2_offline_train_t010,23,2,offline_train,1,session2/s23/sess02_subj23_EEG_MI.mat,7eb982af294f5ecb1ebf7dc635a66ba28795835a64c167dcfc9678d2099388dd,250754,Lee2019_MI,Q15-E007,CSP4_LDA,deterministic,0.5046219075936634,0.49537809240633657,1
s23_2_offline_train_t011,23,2,offline_train,2,session2/s23/sess02_subj23_EEG_MI.mat,7eb982af294f5ecb1ebf7dc635a66ba28795835a64c167dcfc9678d2099388dd,261437,Lee2019_MI,Q15-E007,CSP4_LDA,deterministic,0.5444933974780487,0.4555066025219513,1
s23_2_offline_train_t012,23,2,offline_train,2,session2/s23/sess02_subj23_EEG_MI.mat,7eb982af294f5ecb1ebf7dc635a66ba28795835a64c167dcfc9678d2099388dd,272953,Lee2019_MI,Q15-E007,CSP4_LDA,deterministic,0.4985359861451576,0.5014640138548424,2
s23_2_offline_train_t013,23,2,offline_train,1,session2/s23/sess02_subj23_EEG_MI.mat,7eb982af294f5ecb1ebf7dc635a66ba28795835a64c167dcfc9678d2099388dd,284470,Lee2019_MI,Q15-E007,CSP4_LDA,deterministic,0.6400088822931993,0.3599911177068007,1
s23_2_offline_train_t014,23,2,offline_train,1,session2/s23/sess02_subj23_EEG_MI.mat,7eb982af294f5ecb1ebf7dc635a66ba28795835a64c167dcfc9678d2099388dd,295519,Lee2019_MI,Q15-E007,CSP4_LDA,deterministic,0.6362007938408835,0.36379920615911654,1
s23_2_offline_train_t015,23,2,offline_train,2,session2/s23/sess02_subj23_EEG_MI.mat,7eb982af294f5ecb1ebf7dc635a66ba28795835a64c167dcfc9678d2099388dd,306853,Lee2019_MI,Q15-E007,CSP4_LDA,deterministic,0.5768689972889214,0.4231310027110787,1
s23_2_offline_train_t016,23,2,offline_train,1,session2/s23/sess02_subj23_EEG_MI.mat,7eb982af294f5ecb1ebf7dc635a66ba28795835a64c167dcfc9678d2099388dd,317536,Lee2019_MI,Q15-E007,CSP4_LDA,deterministic,0.5815144951556506,0.4184855048443494,1
s23_2_offline_train_t017,23,2,offline_train,1,session2/s23/sess02_subj23_EEG_MI.mat,7eb982af294f5ecb1ebf7dc635a66ba28795835a64c167dcfc9678d2099388dd,328502,Lee2019_MI,Q15-E007,CSP4_LDA,deterministic,0.4986312824720821,0.5013687175279179,2
s23_2_offline_train_t018,23,2,offline_train,1,session2/s23/sess02_subj23_EEG_MI.mat,7eb982af294f5ecb1ebf7dc635a66ba28795835a64c167dcfc9678d2099388dd,340019,Lee2019_MI,Q15-E007,CSP4_LDA,deterministic,0.5338218540575207,0.4661781459424793,1
s23_2_offline_train_t019,23,2,offline_train,1,session2/s23/sess02_subj23_EEG_MI.mat,7eb982af294f5ecb1ebf7dc635a66ba28795835a64c167dcfc9678d2099388dd,351352,Lee2019_MI,Q15-E007,CSP4_LDA,deterministic,0.6767118693482098,0.3232881306517902,1
s23_2_offline_train_t020,23,2,offline_train,2,session2/s23/sess02_subj23_EEG_MI.mat,7eb982af294f5ecb1ebf7dc635a66ba28795835a64c167dcfc9678d2099388dd,362868,Lee2019_MI,Q15-E007,CSP4_LDA,deterministic,0.6377485803744043,0.36225141962559565,1
s23_2_offline_train_t021,23,2,offline_train,2,session2/s23/sess02_subj23_EEG_MI.mat,7eb982af294f5ecb1ebf7dc635a66ba28795835a64c167dcfc9678d2099388dd,374101,Lee2019_MI,Q15-E007,CSP4_LDA,deterministic,0.49032739177551565,0.5096726082244843,2
s23_2_offline_train_t022,23,2,offline_train,1,session2/s23/sess02_subj23_EEG_MI.mat,7eb982af294f5ecb1ebf7dc635a66ba28795835a64c167dcfc9678d2099388dd,384685,Lee2019_MI,Q15-E007,CSP4_LDA,deterministic,0.5375618931552766,0.46243810684472336,1
s23_2_offline_train_t023,23,2,offline_train,2,session2/s23/sess02_subj23_EEG_MI.mat,7eb982af294f5ecb1ebf7dc635a66ba28795835a64c167dcfc9678d2099388dd,396118,Lee2019_MI,Q15-E007,CSP4_LDA,deterministic,0.5945261837238172,0.4054738162761828,1
s23_2_offline_train_t024,23,2,offline_train,2,session2/s23/sess02_subj23_EEG_MI.mat,7eb982af294f5ecb1ebf7dc635a66ba28795835a64c167dcfc9678d2099388dd,407634,Lee2019_MI,Q15-E007,CSP4_LDA,deterministic,0.48469638311041285,0.5153036168895871,2
s23_2_offline_train_t025,23,2,offline_train,2,session2/s23/sess02_subj23_EEG_MI.mat,7eb982af294f5ecb1ebf7dc635a66ba28795835a64c167dcfc9678d2099388dd,418867,Lee2019_MI,Q15-E007,CSP4_LDA,deterministic,0.5273025774119668,0.4726974225880331,1
s23_2_offline_train_t026,23,2,offline_train,1,session2/s23/sess02_subj23_EEG_MI.mat,7eb982af294f5ecb1ebf7dc635a66ba28795835a64c167dcfc9678d2099388dd,430200,Lee2019_MI,Q15-E007,CSP4_LDA,deterministic,0.54345124514159,0.4565487548584099,1
s23_2_offline_train_t027,23,2,offline_train,2,session2/s23/sess02_subj23_EEG_MI.mat,7eb982af294f5ecb1ebf7dc635a66ba28795835a64c167dcfc9678d2099388dd,441533,Lee2019_MI,Q15-E007,CSP4_LDA,deterministic,0.39960646185889537,0.6003935381411046,2
s23_2_offline_train_t028,23,2,offline_train,1,session2/s23/sess02_subj23_EEG_MI.mat,7eb982af294f5ecb1ebf7dc635a66ba28795835a64c167dcfc9678d2099388dd,452483,Lee2019_MI,Q15-E007,CSP4_LDA,deterministic,0.4646680358674957,0.5353319641325043,2
s23_2_offline_train_t029,23,2,offline_train,1,session2/s23/sess02_subj23_EEG_MI.mat,7eb982af294f5ecb1ebf7dc635a66ba28795835a64c167dcfc9678d2099388dd,463733,Lee2019_MI,Q15-E007,CSP4_LDA,deterministic,0.5898264116319484,0.4101735883680516,1
s23_2_offline_train_t030,23,2,offline_train,2,session2/s23/sess02_subj23_EEG_MI.mat,7eb982af294f5ecb1ebf7dc635a66ba28795835a64c167dcfc9678d2099388dd,474500,Lee2019_MI,Q15-E007,CSP4_LDA,deterministic,0.6768691620116154,0.3231308379883846,1
s23_2_offline_train_t031,23,2,offline_train,1,session2/s23/sess02_subj23_EEG_MI.mat,7eb982af294f5ecb1ebf7dc635a66ba28795835a64c167dcfc9678d2099388dd,485749,Lee2019_MI,Q15-E007,CSP4_LDA,deterministic,0.4808630966317301,0.5191369033682699,2
s23_2_offline_train_t032,23,2,offline_train,2,session2/s23/sess02_subj23_EEG_MI.mat,7eb982af294f5ecb1ebf7dc635a66ba28795835a64c167dcfc9678d2099388dd,496332,Lee2019_MI,Q15-E007,CSP4_LDA,deterministic,0.39346693390646015,0.6065330660935399,2
s23_2_offline_train_t033,23,2,offline_train,1,session2/s23/sess02_subj23_EEG_MI.mat,7eb982af294f5ecb1ebf7dc635a66ba28795835a64c167dcfc9678d2099388dd,507199,Lee2019_MI,Q15-E007,CSP4_LDA,deterministic,0.46905175830772616,0.5309482416922738,2
s23_2_offline_train_t034,23,2,offline_train,2,session2/s23/sess02_subj23_EEG_MI.mat,7eb982af294f5ecb1ebf7dc635a66ba28795835a64c167dcfc9678d2099388dd,517782,Lee2019_MI,Q15-E007,CSP4_LDA,deterministic,0.6003102518403766,0.39968974815962344,1
s23_2_offline_train_t035,23,2,offline_train,2,session2/s23/sess02_subj23_EEG_MI.mat,7eb982af294f5ecb1ebf7dc635a66ba28795835a64c167dcfc9678d2099388dd,528465,Lee2019_MI,Q15-E007,CSP4_LDA,deterministic,0.5288187681339641,0.4711812318660359,1
s23_2_offline_train_t036,23,2,offline_train,1,session2/s23/sess02_subj23_EEG_MI.mat,7eb982af294f5ecb1ebf7dc635a66ba28795835a64c167dcfc9678d2099388dd,539798,Lee2019_MI,Q15-E007,CSP4_LDA,deterministic,0.566429298434752,0.433570701565248,1
s23_2_offline_train_t037,23,2,offline_train,1,session2/s23/sess02_subj23_EEG_MI.mat,7eb982af294f5ecb1ebf7dc635a66ba28795835a64c167dcfc9678d2099388dd,551031,Lee2019_MI,Q15-E007,CSP4_LDA,deterministic,0.4852394658751039,0.5147605341248961,2
s23_2_offline_train_t038,23,2,offline_train,2,session2/s23/sess02_subj23_EEG_MI.mat,7eb982af294f5ecb1ebf7dc635a66ba28795835a64c167dcfc9678d2099388dd,561898,Lee2019_MI,Q15-E007,CSP4_LDA,deterministic,0.43078290038616496,0.569217099613835,2
s23_2_offline_train_t039,23,2,offline_train,1,session2/s23/sess02_subj23_EEG_MI.mat,7eb982af294f5ecb1ebf7dc635a66ba28795835a64c167dcfc9678d2099388dd,573414,Lee2019_MI,Q15-E007,CSP4_LDA,deterministic,0.6649568928166741,0.33504310718332586,1
s23_2_offline_train_t040,23,2,offline_train,1,session2/s23/sess02_subj23_EEG_MI.mat,7eb982af294f5ecb1ebf7dc635a66ba28795835a64c167dcfc9678d2099388dd,584014,Lee2019_MI,Q15-E007,CSP4_LDA,deterministic,0.6369579411491472,0.36304205885085283,1
s23_2_offline_train_t041,23,2,offline_train,1,session2/s23/sess02_subj23_EEG_MI.mat,7eb982af294f5ecb1ebf7dc635a66ba28795835a64c167dcfc9678d2099388dd,594964,Lee2019_MI,Q15-E007,CSP4_LDA,deterministic,0.5864387505748181,0.4135612494251819,1
s23_2_offline_train_t042,23,2,offline_train,1,session2/s23/sess02_subj23_EEG_MI.mat,7eb982af294f5ecb1ebf7dc635a66ba28795835a64c167dcfc9678d2099388dd,605930,Lee2019_MI,Q15-E007,CSP4_LDA,deterministic,0.5855067918262133,0.4144932081737867,1
s23_2_offline_train_t043,23,2,offline_train,2,session2/s23/sess02_subj23_EEG_MI.mat,7eb982af294f5ecb1ebf7dc635a66ba28795835a64c167dcfc9678d2099388dd,617263,Lee2019_MI,Q15-E007,CSP4_LDA,deterministic,0.6048628235873932,0.39513717641260676,1
s23_2_offline_train_t044,23,2,offline_train,1,session2/s23/sess02_subj23_EEG_MI.mat,7eb982af294f5ecb1ebf7dc635a66ba28795835a64c167dcfc9678d2099388dd,628579,Lee2019_MI,Q15-E007,CSP4_LDA,deterministic,0.4791515076791891,0.5208484923208109,2
s23_2_offline_train_t045,23,2,offline_train,2,session2/s23/sess02_subj23_EEG_MI.mat,7eb982af294f5ecb1ebf7dc635a66ba28795835a64c167dcfc9678d2099388dd,639363,Lee2019_MI,Q15-E007,CSP4_LDA,deterministic,0.6443714471573345,0.35562855284266554,1
s23_2_offline_train_t046,23,2,offline_train,1,session2/s23/sess02_subj23_EEG_MI.mat,7eb982af294f5ecb1ebf7dc635a66ba28795835a64c167dcfc9678d2099388dd,650413,Lee2019_MI,Q15-E007,CSP4_LDA,deterministic,0.5772399096299419,0.42276009037005813,1
s23_2_offline_train_t047,23,2,offline_train,1,session2/s23/sess02_subj23_EEG_MI.mat,7eb982af294f5ecb1ebf7dc635a66ba28795835a64c167dcfc9678d2099388dd,661379,Lee2019_MI,Q15-E007,CSP4_LDA,deterministic,0.7004886316190728,0.2995113683809272,1
s23_2_offline_train_t048,23,2,offline_train,1,session2/s23/sess02_subj23_EEG_MI.mat,7eb982af294f5ecb1ebf7dc635a66ba28795835a64c167dcfc9678d2099388dd,672612,Lee2019_MI,Q15-E007,CSP4_LDA,deterministic,0.5321645060284429,0.4678354939715571,1
s23_2_offline_train_t049,23,2,offline_train,2,session2/s23/sess02_subj23_EEG_MI.mat,7eb982af294f5ecb1ebf7dc635a66ba28795835a64c167dcfc9678d2099388dd,683845,Lee2019_MI,Q15-E007,CSP4_LDA,deterministic,0.5845006106061041,0.41549938939389586,1
s23_2_offline_train_t050,23,2,offline_train,1,session2/s23/sess02_subj23_EEG_MI.mat,7eb982af294f5ecb1ebf7dc635a66ba28795835a64c167dcfc9678d2099388dd,750544,Lee2019_MI,Q15-E007,CSP4_LDA,deterministic,0.5678485519134173,0.43215144808658273,1
s23_2_offline_train_t051,23,2,offline_train,1,session2/s23/sess02_subj23_EEG_MI.mat,7eb982af294f5ecb1ebf7dc635a66ba28795835a64c167dcfc9678d2099388dd,761411,Lee2019_MI,Q15-E007,CSP4_LDA,deterministic,0.5153749194051005,0.48462508059489956,1
s23_2_offline_train_t052,23,2,offline_train,1,session2/s23/sess02_subj23_EEG_MI.mat,7eb982af294f5ecb1ebf7dc635a66ba28795835a64c167dcfc9678d2099388dd,772644,Lee2019_MI,Q15-E007,CSP4_LDA,deterministic,0.5143638545233193,0.4856361454766806,1
s23_2_offline_train_t053,23,2,offline_train,1,session2/s23/sess02_subj23_EEG_MI.mat,7eb982af294f5ecb1ebf7dc635a66ba28795835a64c167dcfc9678d2099388dd,783877,Lee2019_MI,Q15-E007,CSP4_LDA,deterministic,0.590678217177111,0.40932178282288906,1
s23_2_offline_train_t054,23,2,offline_train,2,session2/s23/sess02_subj23_EEG_MI.mat,7eb982af294f5ecb1ebf7dc635a66ba28795835a64c167dcfc9678d2099388dd,794560,Lee2019_MI,Q15-E007,CSP4_LDA,deterministic,0.476442196651263,0.523557803348737,2
s23_2_offline_train_t055,23,2,offline_train,1,session2/s23/sess02_subj23_EEG_MI.mat,7eb982af294f5ecb1ebf7dc635a66ba28795835a64c167dcfc9678d2099388dd,805243,Lee2019_MI,Q15-E007,CSP4_LDA,deterministic,0.5035998456962387,0.4964001543037613,1
s23_2_offline_train_t056,23,2,offline_train,1,session2/s23/sess02_subj23_EEG_MI.mat,7eb982af294f5ecb1ebf7dc635a66ba28795835a64c167dcfc9678d2099388dd,816293,Lee2019_MI,Q15-E007,CSP4_LDA,deterministic,0.6367081338604127,0.3632918661395873,1
s23_2_offline_train_t057,23,2,offline_train,2,session2/s23/sess02_subj23_EEG_MI.mat,7eb982af294f5ecb1ebf7dc635a66ba28795835a64c167dcfc9678d2099388dd,827809,Lee2019_MI,Q15-E007,CSP4_LDA,deterministic,0.5820226642660722,0.4179773357339278,1
s23_2_offline_train_t058,23,2,offline_train,2,session2/s23/sess02_subj23_EEG_MI.mat,7eb982af294f5ecb1ebf7dc635a66ba28795835a64c167dcfc9678d2099388dd,838676,Lee2019_MI,Q15-E007,CSP4_LDA,deterministic,0.6025392156747914,0.3974607843252086,1
s23_2_offline_train_t059,23,2,offline_train,1,session2/s23/sess02_subj23_EEG_MI.mat,7eb982af294f5ecb1ebf7dc635a66ba28795835a64c167dcfc9678d2099388dd,849826,Lee2019_MI,Q15-E007,CSP4_LDA,deterministic,0.5988216645396176,0.40117833546038245,1
s23_2_offline_train_t060,23,2,offline_train,1,session2/s23/sess02_subj23_EEG_MI.mat,7eb982af294f5ecb1ebf7dc635a66ba28795835a64c167dcfc9678d2099388dd,860592,Lee2019_MI,Q15-E007,CSP4_LDA,deterministic,0.5791274632397921,0.42087253676020786,1
s23_2_offline_train_t061,23,2,offline_train,2,session2/s23/sess02_subj23_EEG_MI.mat,7eb982af294f5ecb1ebf7dc635a66ba28795835a64c167dcfc9678d2099388dd,871925,Lee2019_MI,Q15-E007,CSP4_LDA,deterministic,0.6981416420838423,0.30185835791615767,1
s23_2_offline_train_t062,23,2,offline_train,2,session2/s23/sess02_subj23_EEG_MI.mat,7eb982af294f5ecb1ebf7dc635a66ba28795835a64c167dcfc9678d2099388dd,882708,Lee2019_MI,Q15-E007,CSP4_LDA,deterministic,0.5643321007740725,0.43566789922592747,1
s23_2_offline_train_t063,23,2,offline_train,1,session2/s23/sess02_subj23_EEG_MI.mat,7eb982af294f5ecb1ebf7dc635a66ba28795835a64c167dcfc9678d2099388dd,893758,Lee2019_MI,Q15-E007,CSP4_LDA,deterministic,0.6915194142514771,0.3084805857485229,1
s23_2_offline_train_t064,23,2,offline_train,2,session2/s23/sess02_subj23_EEG_MI.mat,7eb982af294f5ecb1ebf7dc635a66ba28795835a64c167dcfc9678d2099388dd,904991,Lee2019_MI,Q15-E007,CSP4_LDA,deterministic,0.464931544678137,0.535068455321863,2
s23_2_offline_train_t065,23,2,offline_train,2,session2/s23/sess02_subj23_EEG_MI.mat,7eb982af294f5ecb1ebf7dc635a66ba28795835a64c167dcfc9678d2099388dd,916424,Lee2019_MI,Q15-E007,CSP4_LDA,deterministic,0.5854258091971263,0.41457419080287367,1
s23_2_offline_train_t066,23,2,offline_train,2,session2/s23/sess02_subj23_EEG_MI.mat,7eb982af294f5ecb1ebf7dc635a66ba28795835a64c167dcfc9678d2099388dd,927941,Lee2019_MI,Q15-E007,CSP4_LDA,deterministic,0.4388231048553167,0.5611768951446833,2
s23_2_offline_train_t067,23,2,offline_train,2,session2/s23/sess02_subj23_EEG_MI.mat,7eb982af294f5ecb1ebf7dc635a66ba28795835a64c167dcfc9678d2099388dd,939074,Lee2019_MI,Q15-E007,CSP4_LDA,deterministic,0.5496372800224523,0.4503627199775478,1
s23_2_offline_train_t068,23,2,offline_train,1,session2/s23/sess02_subj23_EEG_MI.mat,7eb982af294f5ecb1ebf7dc635a66ba28795835a64c167dcfc9678d2099388dd,949757,Lee2019_MI,Q15-E007,CSP4_LDA,deterministic,0.6546468550329009,0.3453531449670991,1
s23_2_offline_train_t069,23,2,offline_train,1,session2/s23/sess02_subj23_EEG_MI.mat,7eb982af294f5ecb1ebf7dc635a66ba28795835a64c167dcfc9678d2099388dd,960440,Lee2019_MI,Q15-E007,CSP4_LDA,deterministic,0.7344481681639188,0.2655518318360813,1
s23_2_offline_train_t070,23,2,offline_train,2,session2/s23/sess02_subj23_EEG_MI.mat,7eb982af294f5ecb1ebf7dc635a66ba28795835a64c167dcfc9678d2099388dd,971223,Lee2019_MI,Q15-E007,CSP4_LDA,deterministic,0.5100659776956831,0.4899340223043169,1
s23_2_offline_train_t071,23,2,offline_train,1,session2/s23/sess02_subj23_EEG_MI.mat,7eb982af294f5ecb1ebf7dc635a66ba28795835a64c167dcfc9678d2099388dd,982640,Lee2019_MI,Q15-E007,CSP4_LDA,deterministic,0.6547924189117196,0.3452075810882805,1
s23_2_offline_train_t072,23,2,offline_train,2,session2/s23/sess02_subj23_EEG_MI.mat,7eb982af294f5ecb1ebf7dc635a66ba28795835a64c167dcfc9678d2099388dd,993406,Lee2019_MI,Q15-E007,CSP4_LDA,deterministic,0.407647280719442,0.592352719280558,2
s23_2_offline_train_t073,23,2,offline_train,2,session2/s23/sess02_subj23_EEG_MI.mat,7eb982af294f5ecb1ebf7dc635a66ba28795835a64c167dcfc9678d2099388dd,1004739,Lee2019_MI,Q15-E007,CSP4_LDA,deterministic,0.5182196282457727,0.4817803717542273,1
s23_2_offline_train_t074,23,2,offline_train,2,session2/s23/sess02_subj23_EEG_MI.mat,7eb982af294f5ecb1ebf7dc635a66ba28795835a64c167dcfc9678d2099388dd,1015523,Lee2019_MI,Q15-E007,CSP4_LDA,deterministic,0.519339067162581,0.480660932837419,1
s23_2_offline_train_t075,23,2,offline_train,1,session2/s23/sess02_subj23_EEG_MI.mat,7eb982af294f5ecb1ebf7dc635a66ba28795835a64c167dcfc9678d2099388dd,1027039,Lee2019_MI,Q15-E007,CSP4_LDA,deterministic,0.5442701992573868,0.45572980074261316,1
s23_2_offline_train_t076,23,2,offline_train,2,session2/s23/sess02_subj23_EEG_MI.mat,7eb982af294f5ecb1ebf7dc635a66ba28795835a64c167dcfc9678d2099388dd,1037905,Lee2019_MI,Q15-E007,CSP4_LDA,deterministic,0.6404274113943944,0.35957258860560565,1
s23_2_offline_train_t077,23,2,offline_train,1,session2/s23/sess02_subj23_EEG_MI.mat,7eb982af294f5ecb1ebf7dc635a66ba28795835a64c167dcfc9678d2099388dd,1048672,Lee2019_MI,Q15-E007,CSP4_LDA,deterministic,0.48788831658298626,0.5121116834170137,2
s23_2_offline_train_t078,23,2,offline_train,1,session2/s23/sess02_subj23_EEG_MI.mat,7eb982af294f5ecb1ebf7dc635a66ba28795835a64c167dcfc9678d2099388dd,1059455,Lee2019_MI,Q15-E007,CSP4_LDA,deterministic,0.6397076509147589,0.3602923490852411,1
s23_2_offline_train_t079,23,2,offline_train,2,session2/s23/sess02_subj23_EEG_MI.mat,7eb982af294f5ecb1ebf7dc635a66ba28795835a64c167dcfc9678d2099388dd,1070588,Lee2019_MI,Q15-E007,CSP4_LDA,deterministic,0.5649731580533659,0.43502684194663405,1
s23_2_offline_train_t080,23,2,offline_train,2,session2/s23/sess02_subj23_EEG_MI.mat,7eb982af294f5ecb1ebf7dc635a66ba28795835a64c167dcfc9678d2099388dd,1081655,Lee2019_MI,Q15-E007,CSP4_LDA,deterministic,0.484846154783543,0.515153845216457,2
s23_2_offline_train_t081,23,2,offline_train,2,session2/s23/sess02_subj23_EEG_MI.mat,7eb982af294f5ecb1ebf7dc635a66ba28795835a64c167dcfc9678d2099388dd,1092521,Lee2019_MI,Q15-E007,CSP4_LDA,deterministic,0.5336029095954317,0.46639709040456834,1
s23_2_offline_train_t082,23,2,offline_train,1,session2/s23/sess02_subj23_EEG_MI.mat,7eb982af294f5ecb1ebf7dc635a66ba28795835a64c167dcfc9678d2099388dd,1103938,Lee2019_MI,Q15-E007,CSP4_LDA,deterministic,0.551136932979226,0.448863067020774,1
s23_2_offline_train_t083,23,2,offline_train,2,session2/s23/sess02_subj23_EEG_MI.mat,7eb982af294f5ecb1ebf7dc635a66ba28795835a64c167dcfc9678d2099388dd,1115087,Lee2019_MI,Q15-E007,CSP4_LDA,deterministic,0.5321609283530264,0.46783907164697364,1
s23_2_offline_train_t084,23,2,offline_train,2,session2/s23/sess02_subj23_EEG_MI.mat,7eb982af294f5ecb1ebf7dc635a66ba28795835a64c167dcfc9678d2099388dd,1126220,Lee2019_MI,Q15-E007,CSP4_LDA,deterministic,0.5046010491185129,0.49539895088148717,1
s23_2_offline_train_t085,23,2,offline_train,1,session2/s23/sess02_subj23_EEG_MI.mat,7eb982af294f5ecb1ebf7dc635a66ba28795835a64c167dcfc9678d2099388dd,1137654,Lee2019_MI,Q15-E007,CSP4_LDA,deterministic,0.6384100885480187,0.36158991145198127,1
s23_2_offline_train_t086,23,2,offline_train,2,session2/s23/sess02_subj23_EEG_MI.mat,7eb982af294f5ecb1ebf7dc635a66ba28795835a64c167dcfc9678d2099388dd,1148520,Lee2019_MI,Q15-E007,CSP4_LDA,deterministic,0.6536311230043748,0.3463688769956252,1
s23_2_offline_train_t087,23,2,offline_train,1,session2/s23/sess02_subj23_EEG_MI.mat,7eb982af294f5ecb1ebf7dc635a66ba28795835a64c167dcfc9678d2099388dd,1159853,Lee2019_MI,Q15-E007,CSP4_LDA,deterministic,0.4659652971293554,0.5340347028706446,2
s23_2_offline_train_t088,23,2,offline_train,2,session2/s23/sess02_subj23_EEG_MI.mat,7eb982af294f5ecb1ebf7dc635a66ba28795835a64c167dcfc9678d2099388dd,1171186,Lee2019_MI,Q15-E007,CSP4_LDA,deterministic,0.6729313373082217,0.3270686626917783,1
s23_2_offline_train_t089,23,2,offline_train,2,session2/s23/sess02_subj23_EEG_MI.mat,7eb982af294f5ecb1ebf7dc635a66ba28795835a64c167dcfc9678d2099388dd,1182136,Lee2019_MI,Q15-E007,CSP4_LDA,deterministic,0.5827112884844553,0.4172887115155447,1
s23_2_offline_train_t090,23,2,offline_train,2,session2/s23/sess02_subj23_EEG_MI.mat,7eb982af294f5ecb1ebf7dc635a66ba28795835a64c167dcfc9678d2099388dd,1193286,Lee2019_MI,Q15-E007,CSP4_LDA,deterministic,0.5655219806734137,0.4344780193265862,1
s23_2_offline_train_t091,23,2,offline_train,2,session2/s23/sess02_subj23_EEG_MI.mat,7eb982af294f5ecb1ebf7dc635a66ba28795835a64c167dcfc9678d2099388dd,1203869,Lee2019_MI,Q15-E007,CSP4_LDA,deterministic,0.5470095467758327,0.45299045322416737,1
s23_2_offline_train_t092,23,2,offline_train,2,session2/s23/sess02_subj23_EEG_MI.mat,7eb982af294f5ecb1ebf7dc635a66ba28795835a64c167dcfc9678d2099388dd,1214469,Lee2019_MI,Q15-E007,CSP4_LDA,deterministic,0.40256271632367246,0.5974372836763275,2
s23_2_offline_train_t093,23,2,offline_train,1,session2/s23/sess02_subj23_EEG_MI.mat,7eb982af294f5ecb1ebf7dc635a66ba28795835a64c167dcfc9678d2099388dd,1225519,Lee2019_MI,Q15-E007,CSP4_LDA,deterministic,0.6016983354981749,0.3983016645018251,1
s23_2_offline_train_t094,23,2,offline_train,2,session2/s23/sess02_subj23_EEG_MI.mat,7eb982af294f5ecb1ebf7dc635a66ba28795835a64c167dcfc9678d2099388dd,1236852,Lee2019_MI,Q15-E007,CSP4_LDA,deterministic,0.47226649401990906,0.5277335059800909,2
s23_2_offline_train_t095,23,2,offline_train,1,session2/s23/sess02_subj23_EEG_MI.mat,7eb982af294f5ecb1ebf7dc635a66ba28795835a64c167dcfc9678d2099388dd,1248368,Lee2019_MI,Q15-E007,CSP4_LDA,deterministic,0.5285265334798954,0.47147346652010463,1
s23_2_offline_train_t096,23,2,offline_train,1,session2/s23/sess02_subj23_EEG_MI.mat,7eb982af294f5ecb1ebf7dc635a66ba28795835a64c167dcfc9678d2099388dd,1259051,Lee2019_MI,Q15-E007,CSP4_LDA,deterministic,0.4606154458237134,0.5393845541762866,2
s23_2_offline_train_t097,23,2,offline_train,2,session2/s23/sess02_subj23_EEG_MI.mat,7eb982af294f5ecb1ebf7dc635a66ba28795835a64c167dcfc9678d2099388dd,1270185,Lee2019_MI,Q15-E007,CSP4_LDA,deterministic,0.4296171189524104,0.5703828810475896,2
s23_2_offline_train_t098,23,2,offline_train,1,session2/s23/sess02_subj23_EEG_MI.mat,7eb982af294f5ecb1ebf7dc635a66ba28795835a64c167dcfc9678d2099388dd,1281234,Lee2019_MI,Q15-E007,CSP4_LDA,deterministic,0.6812846026337156,0.31871539736628435,1
s23_2_offline_train_t099,23,2,offline_train,2,session2/s23/sess02_subj23_EEG_MI.mat,7eb982af294f5ecb1ebf7dc635a66ba28795835a64c167dcfc9678d2099388dd,1291834,Lee2019_MI,Q15-E007,CSP4_LDA,deterministic,0.5434703534222154,0.45652964657778466,1
s23_2_offline_train_t100,23,2,offline_train,2,session2/s23/sess02_subj23_EEG_MI.mat,7eb982af294f5ecb1ebf7dc635a66ba28795835a64c167dcfc9678d2099388dd,1302700,Lee2019_MI,Q15-E007,CSP4_LDA,deterministic,0.5567053813309663,0.44329461866903375,1
