sample_id,subject,session,run,trial,label,event_sample,artifact_flagged,experiment_id,condition,fold,subset_id,train_subjects,source_session,seed,selected_epochs,y_true,y_pred,p_class_1,p_class_2,p_class_3,p_class_4
s07_0train_r0_t01,7,0train,0,1,1,250,False,Q13-E005,Q9_SHARED_SOURCE_SESSION_T,loso_s7,all,1|2|3|4|5|6|8|9,0train,20260924,20,1,2,0.1039313,0.4483077,0.19308953,0.2546715
s07_0train_r0_t02,7,0train,0,2,2,2253,False,Q13-E005,Q9_SHARED_SOURCE_SESSION_T,loso_s7,all,1|2|3|4|5|6|8|9,0train,20260924,20,2,2,0.08655688,0.5412014,0.20066498,0.17157672
s07_0train_r0_t03,7,0train,0,3,2,4171,False,Q13-E005,Q9_SHARED_SOURCE_SESSION_T,loso_s7,all,1|2|3|4|5|6|8|9,0train,20260924,20,2,4,0.17839926,0.25796366,0.08481968,0.47881746
s07_0train_r0_t04,7,0train,0,4,1,6123,False,Q13-E005,Q9_SHARED_SOURCE_SESSION_T,loso_s7,all,1|2|3|4|5|6|8|9,0train,20260924,20,1,4,0.20174119,0.23121168,0.18705074,0.3799964
s07_0train_r0_t05,7,0train,0,5,2,8131,False,Q13-E005,Q9_SHARED_SOURCE_SESSION_T,loso_s7,all,1|2|3|4|5|6|8|9,0train,20260924,20,2,2,0.11883067,0.5169481,0.12765548,0.23656574
s07_0train_r0_t06,7,0train,0,6,1,10242,False,Q13-E005,Q9_SHARED_SOURCE_SESSION_T,loso_s7,all,1|2|3|4|5|6|8|9,0train,20260924,20,1,2,0.21761087,0.33125988,0.16539045,0.28573886
s07_0train_r0_t07,7,0train,0,7,2,12159,False,Q13-E005,Q9_SHARED_SOURCE_SESSION_T,loso_s7,all,1|2|3|4|5|6|8|9,0train,20260924,20,2,2,0.18295899,0.4699238,0.07585766,0.27125952
s07_0train_r0_t08,7,0train,0,8,3,14209,False,Q13-E005,Q9_SHARED_SOURCE_SESSION_T,loso_s7,all,1|2|3|4|5|6|8|9,0train,20260924,20,3,2,0.20598872,0.3693469,0.155352,0.26931244
s07_0train_r0_t09,7,0train,0,9,2,16140,False,Q13-E005,Q9_SHARED_SOURCE_SESSION_T,loso_s7,all,1|2|3|4|5|6|8|9,0train,20260924,20,2,2,0.112315394,0.5687183,0.10247039,0.21649596
s07_0train_r0_t10,7,0train,0,10,4,18138,False,Q13-E005,Q9_SHARED_SOURCE_SESSION_T,loso_s7,all,1|2|3|4|5|6|8|9,0train,20260924,20,4,2,0.1411308,0.5014148,0.042834997,0.31461945
s07_0train_r0_t11,7,0train,0,11,1,20044,False,Q13-E005,Q9_SHARED_SOURCE_SESSION_T,loso_s7,all,1|2|3|4|5|6|8|9,0train,20260924,20,1,4,0.16801403,0.24025683,0.1012978,0.4904313
s07_0train_r0_t12,7,0train,0,12,3,21939,False,Q13-E005,Q9_SHARED_SOURCE_SESSION_T,loso_s7,all,1|2|3|4|5|6|8|9,0train,20260924,20,3,4,0.24182472,0.2311649,0.21457623,0.31243417
s07_0train_r0_t13,7,0train,0,13,2,23911,False,Q13-E005,Q9_SHARED_SOURCE_SESSION_T,loso_s7,all,1|2|3|4|5|6|8|9,0train,20260924,20,2,2,0.23630859,0.35093668,0.19565608,0.21709873
s07_0train_r0_t14,7,0train,0,14,1,25855,False,Q13-E005,Q9_SHARED_SOURCE_SESSION_T,loso_s7,all,1|2|3|4|5|6|8|9,0train,20260924,20,1,4,0.214809,0.21274258,0.11436765,0.45808077
s07_0train_r0_t15,7,0train,0,15,4,27822,False,Q13-E005,Q9_SHARED_SOURCE_SESSION_T,loso_s7,all,1|2|3|4|5|6|8|9,0train,20260924,20,4,4,0.06940605,0.1389653,0.17888598,0.6127426
s07_0train_r0_t16,7,0train,0,16,4,29942,False,Q13-E005,Q9_SHARED_SOURCE_SESSION_T,loso_s7,all,1|2|3|4|5|6|8|9,0train,20260924,20,4,4,0.2705349,0.2050846,0.1471457,0.3772348
s07_0train_r0_t17,7,0train,0,17,4,31950,False,Q13-E005,Q9_SHARED_SOURCE_SESSION_T,loso_s7,all,1|2|3|4|5|6|8|9,0train,20260924,20,4,4,0.16000113,0.36439145,0.10547733,0.37013006
s07_0train_r0_t18,7,0train,0,18,4,34016,False,Q13-E005,Q9_SHARED_SOURCE_SESSION_T,loso_s7,all,1|2|3|4|5|6|8|9,0train,20260924,20,4,2,0.08508393,0.5065997,0.08465639,0.32365993
s07_0train_r0_t19,7,0train,0,19,4,36052,False,Q13-E005,Q9_SHARED_SOURCE_SESSION_T,loso_s7,all,1|2|3|4|5|6|8|9,0train,20260924,20,4,4,0.15063433,0.20905992,0.1031197,0.53718597
s07_0train_r0_t20,7,0train,0,20,1,38118,False,Q13-E005,Q9_SHARED_SOURCE_SESSION_T,loso_s7,all,1|2|3|4|5|6|8|9,0train,20260924,20,1,2,0.16190396,0.32797864,0.18765143,0.32246596
s07_0train_r0_t21,7,0train,0,21,3,40188,False,Q13-E005,Q9_SHARED_SOURCE_SESSION_T,loso_s7,all,1|2|3|4|5|6|8|9,0train,20260924,20,3,4,0.22458991,0.26034537,0.1515638,0.36350092
s07_0train_r0_t22,7,0train,0,22,2,42268,False,Q13-E005,Q9_SHARED_SOURCE_SESSION_T,loso_s7,all,1|2|3|4|5|6|8|9,0train,20260924,20,2,2,0.13032575,0.50045943,0.1532145,0.21600032
s07_0train_r0_t23,7,0train,0,23,1,44180,False,Q13-E005,Q9_SHARED_SOURCE_SESSION_T,loso_s7,all,1|2|3|4|5|6|8|9,0train,20260924,20,1,2,0.14617391,0.5114452,0.15626101,0.18611988
s07_0train_r0_t24,7,0train,0,24,1,46211,False,Q13-E005,Q9_SHARED_SOURCE_SESSION_T,loso_s7,all,1|2|3|4|5|6|8|9,0train,20260924,20,1,1,0.37946925,0.19474074,0.15212394,0.27366605
s07_0train_r0_t25,7,0train,0,25,3,48164,False,Q13-E005,Q9_SHARED_SOURCE_SESSION_T,loso_s7,all,1|2|3|4|5|6|8|9,0train,20260924,20,3,4,0.26811725,0.16058771,0.25351876,0.31777626
s07_0train_r0_t26,7,0train,0,26,4,50125,False,Q13-E005,Q9_SHARED_SOURCE_SESSION_T,loso_s7,all,1|2|3|4|5|6|8|9,0train,20260924,20,4,2,0.2284796,0.40694705,0.052203823,0.3123696
s07_0train_r0_t27,7,0train,0,27,1,52229,False,Q13-E005,Q9_SHARED_SOURCE_SESSION_T,loso_s7,all,1|2|3|4|5|6|8|9,0train,20260924,20,1,4,0.23573637,0.21429054,0.20701852,0.3429546
s07_0train_r0_t28,7,0train,0,28,3,54233,False,Q13-E005,Q9_SHARED_SOURCE_SESSION_T,loso_s7,all,1|2|3|4|5|6|8|9,0train,20260924,20,3,2,0.22334957,0.28968883,0.26394895,0.22301264
s07_0train_r0_t29,7,0train,0,29,3,56208,False,Q13-E005,Q9_SHARED_SOURCE_SESSION_T,loso_s7,all,1|2|3|4|5|6|8|9,0train,20260924,20,3,2,0.17229003,0.35316843,0.16772802,0.3068135
s07_0train_r0_t30,7,0train,0,30,3,58234,True,Q13-E005,Q9_SHARED_SOURCE_SESSION_T,loso_s7,all,1|2|3|4|5|6|8|9,0train,20260924,20,3,4,0.07946579,0.2067683,0.18485214,0.52891374
s07_0train_r0_t31,7,0train,0,31,1,60305,False,Q13-E005,Q9_SHARED_SOURCE_SESSION_T,loso_s7,all,1|2|3|4|5|6|8|9,0train,20260924,20,1,1,0.27939957,0.27036092,0.19252741,0.2577121
s07_0train_r0_t32,7,0train,0,32,2,62412,False,Q13-E005,Q9_SHARED_SOURCE_SESSION_T,loso_s7,all,1|2|3|4|5|6|8|9,0train,20260924,20,2,4,0.29536626,0.15740383,0.19124281,0.3559871
s07_0train_r0_t33,7,0train,0,33,1,64504,False,Q13-E005,Q9_SHARED_SOURCE_SESSION_T,loso_s7,all,1|2|3|4|5|6|8|9,0train,20260924,20,1,1,0.6810558,0.07520946,0.10278186,0.14095281
s07_0train_r0_t34,7,0train,0,34,2,66595,False,Q13-E005,Q9_SHARED_SOURCE_SESSION_T,loso_s7,all,1|2|3|4|5|6|8|9,0train,20260924,20,2,2,0.13760996,0.46009034,0.13543524,0.26686445
s07_0train_r0_t35,7,0train,0,35,2,68638,False,Q13-E005,Q9_SHARED_SOURCE_SESSION_T,loso_s7,all,1|2|3|4|5|6|8|9,0train,20260924,20,2,2,0.22551118,0.3907783,0.11997149,0.26373905
s07_0train_r0_t36,7,0train,0,36,1,70702,False,Q13-E005,Q9_SHARED_SOURCE_SESSION_T,loso_s7,all,1|2|3|4|5|6|8|9,0train,20260924,20,1,2,0.16019136,0.3842187,0.1661182,0.28947178
s07_0train_r0_t37,7,0train,0,37,2,72722,True,Q13-E005,Q9_SHARED_SOURCE_SESSION_T,loso_s7,all,1|2|3|4|5|6|8|9,0train,20260924,20,2,2,0.17203213,0.3535425,0.1371289,0.33729652
s07_0train_r0_t38,7,0train,0,38,3,74694,False,Q13-E005,Q9_SHARED_SOURCE_SESSION_T,loso_s7,all,1|2|3|4|5|6|8|9,0train,20260924,20,3,1,0.34196147,0.19463502,0.28308547,0.18031807
s07_0train_r0_t39,7,0train,0,39,2,76657,False,Q13-E005,Q9_SHARED_SOURCE_SESSION_T,loso_s7,all,1|2|3|4|5|6|8|9,0train,20260924,20,2,2,0.11440248,0.41117126,0.13153613,0.34289014
s07_0train_r0_t40,7,0train,0,40,3,78582,False,Q13-E005,Q9_SHARED_SOURCE_SESSION_T,loso_s7,all,1|2|3|4|5|6|8|9,0train,20260924,20,3,4,0.30570716,0.09214163,0.21524206,0.3869092
s07_0train_r0_t41,7,0train,0,41,3,80663,False,Q13-E005,Q9_SHARED_SOURCE_SESSION_T,loso_s7,all,1|2|3|4|5|6|8|9,0train,20260924,20,3,2,0.17025541,0.36400795,0.22470365,0.24103299
s07_0train_r0_t42,7,0train,0,42,4,82641,False,Q13-E005,Q9_SHARED_SOURCE_SESSION_T,loso_s7,all,1|2|3|4|5|6|8|9,0train,20260924,20,4,4,0.15620701,0.13408904,0.16804287,0.5416611
s07_0train_r0_t43,7,0train,0,43,3,84631,False,Q13-E005,Q9_SHARED_SOURCE_SESSION_T,loso_s7,all,1|2|3|4|5|6|8|9,0train,20260924,20,3,4,0.09123082,0.20233923,0.16530475,0.54112524
s07_0train_r0_t44,7,0train,0,44,3,86750,True,Q13-E005,Q9_SHARED_SOURCE_SESSION_T,loso_s7,all,1|2|3|4|5|6|8|9,0train,20260924,20,3,1,0.3665074,0.1477169,0.16222134,0.32355434
s07_0train_r0_t45,7,0train,0,45,4,88656,False,Q13-E005,Q9_SHARED_SOURCE_SESSION_T,loso_s7,all,1|2|3|4|5|6|8|9,0train,20260924,20,4,4,0.12299773,0.23996976,0.14195187,0.4950806
s07_0train_r0_t46,7,0train,0,46,4,90584,False,Q13-E005,Q9_SHARED_SOURCE_SESSION_T,loso_s7,all,1|2|3|4|5|6|8|9,0train,20260924,20,4,4,0.10283691,0.19489028,0.10061343,0.60165936
s07_0train_r0_t47,7,0train,0,47,4,92698,False,Q13-E005,Q9_SHARED_SOURCE_SESSION_T,loso_s7,all,1|2|3|4|5|6|8|9,0train,20260924,20,4,4,0.09681121,0.22588931,0.079994455,0.59730506
s07_0train_r0_t48,7,0train,0,48,4,94757,False,Q13-E005,Q9_SHARED_SOURCE_SESSION_T,loso_s7,all,1|2|3|4|5|6|8|9,0train,20260924,20,4,4,0.13741492,0.3559065,0.105565414,0.40111315
s07_0train_r1_t01,7,0train,1,1,4,250,False,Q13-E005,Q9_SHARED_SOURCE_SESSION_T,loso_s7,all,1|2|3|4|5|6|8|9,0train,20260924,20,4,2,0.17072697,0.47758126,0.16407165,0.18762006
s07_0train_r1_t02,7,0train,1,2,3,2253,False,Q13-E005,Q9_SHARED_SOURCE_SESSION_T,loso_s7,all,1|2|3|4|5|6|8|9,0train,20260924,20,3,2,0.12264402,0.38438323,0.18496428,0.30800852
s07_0train_r1_t03,7,0train,1,3,2,4171,False,Q13-E005,Q9_SHARED_SOURCE_SESSION_T,loso_s7,all,1|2|3|4|5|6|8|9,0train,20260924,20,2,2,0.15173534,0.40905717,0.14437,0.2948375
s07_0train_r1_t04,7,0train,1,4,1,6123,False,Q13-E005,Q9_SHARED_SOURCE_SESSION_T,loso_s7,all,1|2|3|4|5|6|8|9,0train,20260924,20,1,2,0.09247283,0.41051266,0.11767645,0.37933803
s07_0train_r1_t05,7,0train,1,5,1,8131,False,Q13-E005,Q9_SHARED_SOURCE_SESSION_T,loso_s7,all,1|2|3|4|5|6|8|9,0train,20260924,20,1,4,0.12589762,0.3308737,0.14999694,0.39323172
s07_0train_r1_t06,7,0train,1,6,2,10242,False,Q13-E005,Q9_SHARED_SOURCE_SESSION_T,loso_s7,all,1|2|3|4|5|6|8|9,0train,20260924,20,2,4,0.15464994,0.27435023,0.19964156,0.37135822
s07_0train_r1_t07,7,0train,1,7,3,12159,True,Q13-E005,Q9_SHARED_SOURCE_SESSION_T,loso_s7,all,1|2|3|4|5|6|8|9,0train,20260924,20,3,2,0.20940743,0.40473628,0.15511279,0.23074347
s07_0train_r1_t08,7,0train,1,8,4,14209,False,Q13-E005,Q9_SHARED_SOURCE_SESSION_T,loso_s7,all,1|2|3|4|5|6|8|9,0train,20260924,20,4,2,0.21739513,0.44136906,0.035193462,0.30604237
s07_0train_r1_t09,7,0train,1,9,2,16140,False,Q13-E005,Q9_SHARED_SOURCE_SESSION_T,loso_s7,all,1|2|3|4|5|6|8|9,0train,20260924,20,2,4,0.13329624,0.34455857,0.16736877,0.35477644
s07_0train_r1_t10,7,0train,1,10,3,18138,False,Q13-E005,Q9_SHARED_SOURCE_SESSION_T,loso_s7,all,1|2|3|4|5|6|8|9,0train,20260924,20,3,2,0.12912983,0.36000785,0.15234056,0.35852173
s07_0train_r1_t11,7,0train,1,11,1,20044,False,Q13-E005,Q9_SHARED_SOURCE_SESSION_T,loso_s7,all,1|2|3|4|5|6|8|9,0train,20260924,20,1,4,0.17017196,0.22211292,0.23610888,0.37160617
s07_0train_r1_t12,7,0train,1,12,1,21939,False,Q13-E005,Q9_SHARED_SOURCE_SESSION_T,loso_s7,all,1|2|3|4|5|6|8|9,0train,20260924,20,1,4,0.20233826,0.2771917,0.22721665,0.2932534
s07_0train_r1_t13,7,0train,1,13,1,23911,False,Q13-E005,Q9_SHARED_SOURCE_SESSION_T,loso_s7,all,1|2|3|4|5|6|8|9,0train,20260924,20,1,4,0.25146294,0.23418047,0.20710352,0.30725306
s07_0train_r1_t14,7,0train,1,14,4,25855,False,Q13-E005,Q9_SHARED_SOURCE_SESSION_T,loso_s7,all,1|2|3|4|5|6|8|9,0train,20260924,20,4,4,0.09439583,0.34308982,0.15505365,0.40746075
s07_0train_r1_t15,7,0train,1,15,2,27822,False,Q13-E005,Q9_SHARED_SOURCE_SESSION_T,loso_s7,all,1|2|3|4|5|6|8|9,0train,20260924,20,2,2,0.08821299,0.4800072,0.22634783,0.20543198
s07_0train_r1_t16,7,0train,1,16,2,29942,False,Q13-E005,Q9_SHARED_SOURCE_SESSION_T,loso_s7,all,1|2|3|4|5|6|8|9,0train,20260924,20,2,4,0.20840263,0.31795606,0.12833767,0.34530368
s07_0train_r1_t17,7,0train,1,17,1,31950,False,Q13-E005,Q9_SHARED_SOURCE_SESSION_T,loso_s7,all,1|2|3|4|5|6|8|9,0train,20260924,20,1,4,0.22607425,0.30633733,0.10746505,0.36012334
s07_0train_r1_t18,7,0train,1,18,1,34016,True,Q13-E005,Q9_SHARED_SOURCE_SESSION_T,loso_s7,all,1|2|3|4|5|6|8|9,0train,20260924,20,1,4,0.27505407,0.16161673,0.18546645,0.3778627
s07_0train_r1_t19,7,0train,1,19,3,36052,False,Q13-E005,Q9_SHARED_SOURCE_SESSION_T,loso_s7,all,1|2|3|4|5|6|8|9,0train,20260924,20,3,4,0.10514037,0.22070903,0.26848122,0.40566936
s07_0train_r1_t20,7,0train,1,20,1,38118,False,Q13-E005,Q9_SHARED_SOURCE_SESSION_T,loso_s7,all,1|2|3|4|5|6|8|9,0train,20260924,20,1,2,0.2330505,0.31821987,0.21291165,0.235818
s07_0train_r1_t21,7,0train,1,21,2,40188,False,Q13-E005,Q9_SHARED_SOURCE_SESSION_T,loso_s7,all,1|2|3|4|5|6|8|9,0train,20260924,20,2,4,0.10927949,0.25274703,0.16678229,0.47119117
s07_0train_r1_t22,7,0train,1,22,4,42268,False,Q13-E005,Q9_SHARED_SOURCE_SESSION_T,loso_s7,all,1|2|3|4|5|6|8|9,0train,20260924,20,4,4,0.14482285,0.069401145,0.070829414,0.7149466
s07_0train_r1_t23,7,0train,1,23,4,44180,False,Q13-E005,Q9_SHARED_SOURCE_SESSION_T,loso_s7,all,1|2|3|4|5|6|8|9,0train,20260924,20,4,2,0.14673245,0.46170372,0.10265924,0.2889045
s07_0train_r1_t24,7,0train,1,24,3,46211,False,Q13-E005,Q9_SHARED_SOURCE_SESSION_T,loso_s7,all,1|2|3|4|5|6|8|9,0train,20260924,20,3,4,0.19456309,0.19327942,0.112697616,0.49945986
s07_0train_r1_t25,7,0train,1,25,1,48164,False,Q13-E005,Q9_SHARED_SOURCE_SESSION_T,loso_s7,all,1|2|3|4|5|6|8|9,0train,20260924,20,1,1,0.3012631,0.2690288,0.1332712,0.29643685
s07_0train_r1_t26,7,0train,1,26,4,50125,False,Q13-E005,Q9_SHARED_SOURCE_SESSION_T,loso_s7,all,1|2|3|4|5|6|8|9,0train,20260924,20,4,4,0.10215808,0.29018354,0.1829659,0.42469242
s07_0train_r1_t27,7,0train,1,27,4,52229,False,Q13-E005,Q9_SHARED_SOURCE_SESSION_T,loso_s7,all,1|2|3|4|5|6|8|9,0train,20260924,20,4,2,0.15910095,0.40486005,0.07202445,0.3640145
s07_0train_r1_t28,7,0train,1,28,2,54233,False,Q13-E005,Q9_SHARED_SOURCE_SESSION_T,loso_s7,all,1|2|3|4|5|6|8|9,0train,20260924,20,2,2,0.15379931,0.4635554,0.13340655,0.24923865
s07_0train_r1_t29,7,0train,1,29,4,56208,False,Q13-E005,Q9_SHARED_SOURCE_SESSION_T,loso_s7,all,1|2|3|4|5|6|8|9,0train,20260924,20,4,4,0.33269373,0.042819653,0.03506241,0.5894242
s07_0train_r1_t30,7,0train,1,30,4,58234,False,Q13-E005,Q9_SHARED_SOURCE_SESSION_T,loso_s7,all,1|2|3|4|5|6|8|9,0train,20260924,20,4,4,0.07572231,0.4219806,0.04587358,0.45642352
s07_0train_r1_t31,7,0train,1,31,2,60305,False,Q13-E005,Q9_SHARED_SOURCE_SESSION_T,loso_s7,all,1|2|3|4|5|6|8|9,0train,20260924,20,2,1,0.35394964,0.28808352,0.13087456,0.22709224
s07_0train_r1_t32,7,0train,1,32,1,62412,False,Q13-E005,Q9_SHARED_SOURCE_SESSION_T,loso_s7,all,1|2|3|4|5|6|8|9,0train,20260924,20,1,2,0.26096374,0.30621988,0.15759721,0.27521917
s07_0train_r1_t33,7,0train,1,33,2,64504,True,Q13-E005,Q9_SHARED_SOURCE_SESSION_T,loso_s7,all,1|2|3|4|5|6|8|9,0train,20260924,20,2,2,0.22802636,0.50451,0.08979687,0.17766671
s07_0train_r1_t34,7,0train,1,34,3,66595,False,Q13-E005,Q9_SHARED_SOURCE_SESSION_T,loso_s7,all,1|2|3|4|5|6|8|9,0train,20260924,20,3,2,0.24629849,0.38841844,0.17272764,0.19255543
s07_0train_r1_t35,7,0train,1,35,3,68638,False,Q13-E005,Q9_SHARED_SOURCE_SESSION_T,loso_s7,all,1|2|3|4|5|6|8|9,0train,20260924,20,3,1,0.5006501,0.15799901,0.08906492,0.25228596
s07_0train_r1_t36,7,0train,1,36,3,70702,True,Q13-E005,Q9_SHARED_SOURCE_SESSION_T,loso_s7,all,1|2|3|4|5|6|8|9,0train,20260924,20,3,2,0.20784833,0.35130298,0.17611848,0.2647302
s07_0train_r1_t37,7,0train,1,37,4,72722,False,Q13-E005,Q9_SHARED_SOURCE_SESSION_T,loso_s7,all,1|2|3|4|5|6|8|9,0train,20260924,20,4,2,0.16615467,0.4277841,0.05048447,0.35557684
s07_0train_r1_t38,7,0train,1,38,3,74694,False,Q13-E005,Q9_SHARED_SOURCE_SESSION_T,loso_s7,all,1|2|3|4|5|6|8|9,0train,20260924,20,3,2,0.09750899,0.39095697,0.20617458,0.30535948
s07_0train_r1_t39,7,0train,1,39,1,76657,False,Q13-E005,Q9_SHARED_SOURCE_SESSION_T,loso_s7,all,1|2|3|4|5|6|8|9,0train,20260924,20,1,2,0.16659942,0.3653433,0.16341102,0.3046463
s07_0train_r1_t40,7,0train,1,40,4,78582,False,Q13-E005,Q9_SHARED_SOURCE_SESSION_T,loso_s7,all,1|2|3|4|5|6|8|9,0train,20260924,20,4,4,0.07606891,0.097955614,0.07478364,0.75119185
s07_0train_r1_t41,7,0train,1,41,2,80663,False,Q13-E005,Q9_SHARED_SOURCE_SESSION_T,loso_s7,all,1|2|3|4|5|6|8|9,0train,20260924,20,2,4,0.2165527,0.30218428,0.11043113,0.3708319
s07_0train_r1_t42,7,0train,1,42,3,82641,False,Q13-E005,Q9_SHARED_SOURCE_SESSION_T,loso_s7,all,1|2|3|4|5|6|8|9,0train,20260924,20,3,4,0.27135068,0.06888128,0.16964395,0.49012402
s07_0train_r1_t43,7,0train,1,43,2,84631,False,Q13-E005,Q9_SHARED_SOURCE_SESSION_T,loso_s7,all,1|2|3|4|5|6|8|9,0train,20260924,20,2,2,0.13653742,0.5319717,0.11207772,0.21941316
s07_0train_r1_t44,7,0train,1,44,3,86750,False,Q13-E005,Q9_SHARED_SOURCE_SESSION_T,loso_s7,all,1|2|3|4|5|6|8|9,0train,20260924,20,3,2,0.15578611,0.47259423,0.13824181,0.23337793
s07_0train_r1_t45,7,0train,1,45,4,88656,False,Q13-E005,Q9_SHARED_SOURCE_SESSION_T,loso_s7,all,1|2|3|4|5|6|8|9,0train,20260924,20,4,4,0.16364731,0.13474466,0.08967961,0.61192846
s07_0train_r1_t46,7,0train,1,46,2,90584,False,Q13-E005,Q9_SHARED_SOURCE_SESSION_T,loso_s7,all,1|2|3|4|5|6|8|9,0train,20260924,20,2,2,0.16433851,0.48435992,0.13364027,0.21766132
s07_0train_r1_t47,7,0train,1,47,3,92698,False,Q13-E005,Q9_SHARED_SOURCE_SESSION_T,loso_s7,all,1|2|3|4|5|6|8|9,0train,20260924,20,3,4,0.17927887,0.22511223,0.21592045,0.37968847
s07_0train_r1_t48,7,0train,1,48,1,94757,False,Q13-E005,Q9_SHARED_SOURCE_SESSION_T,loso_s7,all,1|2|3|4|5|6|8|9,0train,20260924,20,1,2,0.1412615,0.38296756,0.1906956,0.28507534
s07_0train_r2_t01,7,0train,2,1,1,250,False,Q13-E005,Q9_SHARED_SOURCE_SESSION_T,loso_s7,all,1|2|3|4|5|6|8|9,0train,20260924,20,1,2,0.12512559,0.45469925,0.11174887,0.30842626
s07_0train_r2_t02,7,0train,2,2,1,2253,False,Q13-E005,Q9_SHARED_SOURCE_SESSION_T,loso_s7,all,1|2|3|4|5|6|8|9,0train,20260924,20,1,2,0.23770086,0.27209863,0.2325367,0.2576638
s07_0train_r2_t03,7,0train,2,3,4,4171,False,Q13-E005,Q9_SHARED_SOURCE_SESSION_T,loso_s7,all,1|2|3|4|5|6|8|9,0train,20260924,20,4,2,0.17246181,0.3874631,0.11905359,0.3210215
s07_0train_r2_t04,7,0train,2,4,2,6123,False,Q13-E005,Q9_SHARED_SOURCE_SESSION_T,loso_s7,all,1|2|3|4|5|6|8|9,0train,20260924,20,2,2,0.21681778,0.5012415,0.0653029,0.21663786
s07_0train_r2_t05,7,0train,2,5,1,8131,False,Q13-E005,Q9_SHARED_SOURCE_SESSION_T,loso_s7,all,1|2|3|4|5|6|8|9,0train,20260924,20,1,2,0.059949636,0.48927185,0.16085438,0.2899241
s07_0train_r2_t06,7,0train,2,6,3,10242,False,Q13-E005,Q9_SHARED_SOURCE_SESSION_T,loso_s7,all,1|2|3|4|5|6|8|9,0train,20260924,20,3,4,0.053773608,0.28152853,0.20939943,0.45529845
s07_0train_r2_t07,7,0train,2,7,1,12159,False,Q13-E005,Q9_SHARED_SOURCE_SESSION_T,loso_s7,all,1|2|3|4|5|6|8|9,0train,20260924,20,1,2,0.1540312,0.3803252,0.19613856,0.269505
s07_0train_r2_t08,7,0train,2,8,3,14209,False,Q13-E005,Q9_SHARED_SOURCE_SESSION_T,loso_s7,all,1|2|3|4|5|6|8|9,0train,20260924,20,3,4,0.26810542,0.29621524,0.1336526,0.30202672
s07_0train_r2_t09,7,0train,2,9,2,16140,False,Q13-E005,Q9_SHARED_SOURCE_SESSION_T,loso_s7,all,1|2|3|4|5|6|8|9,0train,20260924,20,2,4,0.16206993,0.22467433,0.16073252,0.4525232
s07_0train_r2_t10,7,0train,2,10,4,18138,False,Q13-E005,Q9_SHARED_SOURCE_SESSION_T,loso_s7,all,1|2|3|4|5|6|8|9,0train,20260924,20,4,4,0.15995367,0.19726321,0.08701641,0.5557667
s07_0train_r2_t11,7,0train,2,11,1,20044,True,Q13-E005,Q9_SHARED_SOURCE_SESSION_T,loso_s7,all,1|2|3|4|5|6|8|9,0train,20260924,20,1,4,0.15614088,0.26386315,0.20757233,0.37242368
s07_0train_r2_t12,7,0train,2,12,3,21939,False,Q13-E005,Q9_SHARED_SOURCE_SESSION_T,loso_s7,all,1|2|3|4|5|6|8|9,0train,20260924,20,3,2,0.21139923,0.37380716,0.19118612,0.22360742
s07_0train_r2_t13,7,0train,2,13,3,23911,False,Q13-E005,Q9_SHARED_SOURCE_SESSION_T,loso_s7,all,1|2|3|4|5|6|8|9,0train,20260924,20,3,2,0.21721868,0.4109534,0.10728499,0.26454294
s07_0train_r2_t14,7,0train,2,14,1,25855,True,Q13-E005,Q9_SHARED_SOURCE_SESSION_T,loso_s7,all,1|2|3|4|5|6|8|9,0train,20260924,20,1,4,0.20304097,0.25404656,0.22782545,0.31508702
s07_0train_r2_t15,7,0train,2,15,3,27822,True,Q13-E005,Q9_SHARED_SOURCE_SESSION_T,loso_s7,all,1|2|3|4|5|6|8|9,0train,20260924,20,3,1,0.48454434,0.20947015,0.07696432,0.2290212
s07_0train_r2_t16,7,0train,2,16,2,29942,False,Q13-E005,Q9_SHARED_SOURCE_SESSION_T,loso_s7,all,1|2|3|4|5|6|8|9,0train,20260924,20,2,1,0.41079587,0.18193315,0.15777177,0.24949923
s07_0train_r2_t17,7,0train,2,17,4,31950,False,Q13-E005,Q9_SHARED_SOURCE_SESSION_T,loso_s7,all,1|2|3|4|5|6|8|9,0train,20260924,20,4,4,0.2107797,0.19938004,0.17253606,0.41730425
s07_0train_r2_t18,7,0train,2,18,4,34016,False,Q13-E005,Q9_SHARED_SOURCE_SESSION_T,loso_s7,all,1|2|3|4|5|6|8|9,0train,20260924,20,4,2,0.10061164,0.48296803,0.11648486,0.2999355
s07_0train_r2_t19,7,0train,2,19,4,36052,False,Q13-E005,Q9_SHARED_SOURCE_SESSION_T,loso_s7,all,1|2|3|4|5|6|8|9,0train,20260924,20,4,4,0.054508854,0.2536056,0.07557655,0.616309
s07_0train_r2_t20,7,0train,2,20,3,38118,False,Q13-E005,Q9_SHARED_SOURCE_SESSION_T,loso_s7,all,1|2|3|4|5|6|8|9,0train,20260924,20,3,2,0.116277955,0.4299911,0.17830744,0.2754235
s07_0train_r2_t21,7,0train,2,21,1,40188,False,Q13-E005,Q9_SHARED_SOURCE_SESSION_T,loso_s7,all,1|2|3|4|5|6|8|9,0train,20260924,20,1,4,0.22482215,0.22506401,0.1700685,0.38004532
s07_0train_r2_t22,7,0train,2,22,4,42268,False,Q13-E005,Q9_SHARED_SOURCE_SESSION_T,loso_s7,all,1|2|3|4|5|6|8|9,0train,20260924,20,4,2,0.07707393,0.47813058,0.090475634,0.35431978
s07_0train_r2_t23,7,0train,2,23,2,44180,False,Q13-E005,Q9_SHARED_SOURCE_SESSION_T,loso_s7,all,1|2|3|4|5|6|8|9,0train,20260924,20,2,4,0.060108956,0.41375193,0.09808871,0.4280504
s07_0train_r2_t24,7,0train,2,24,4,46211,False,Q13-E005,Q9_SHARED_SOURCE_SESSION_T,loso_s7,all,1|2|3|4|5|6|8|9,0train,20260924,20,4,4,0.29080588,0.16322084,0.02252701,0.5234463
s07_0train_r2_t25,7,0train,2,25,2,48164,False,Q13-E005,Q9_SHARED_SOURCE_SESSION_T,loso_s7,all,1|2|3|4|5|6|8|9,0train,20260924,20,2,2,0.13699621,0.4572205,0.12866361,0.2771197
s07_0train_r2_t26,7,0train,2,26,1,50125,False,Q13-E005,Q9_SHARED_SOURCE_SESSION_T,loso_s7,all,1|2|3|4|5|6|8|9,0train,20260924,20,1,4,0.22418608,0.24171157,0.23994131,0.29416108
s07_0train_r2_t27,7,0train,2,27,3,52229,False,Q13-E005,Q9_SHARED_SOURCE_SESSION_T,loso_s7,all,1|2|3|4|5|6|8|9,0train,20260924,20,3,4,0.23800391,0.30319908,0.107728876,0.3510681
s07_0train_r2_t28,7,0train,2,28,2,54233,False,Q13-E005,Q9_SHARED_SOURCE_SESSION_T,loso_s7,all,1|2|3|4|5|6|8|9,0train,20260924,20,2,4,0.20925629,0.28575224,0.08367541,0.42131603
s07_0train_r2_t29,7,0train,2,29,1,56208,False,Q13-E005,Q9_SHARED_SOURCE_SESSION_T,loso_s7,all,1|2|3|4|5|6|8|9,0train,20260924,20,1,1,0.359826,0.35761812,0.12366735,0.15888844
s07_0train_r2_t30,7,0train,2,30,3,58234,False,Q13-E005,Q9_SHARED_SOURCE_SESSION_T,loso_s7,all,1|2|3|4|5|6|8|9,0train,20260924,20,3,2,0.23523055,0.30311447,0.28282884,0.17882618
s07_0train_r2_t31,7,0train,2,31,3,60305,False,Q13-E005,Q9_SHARED_SOURCE_SESSION_T,loso_s7,all,1|2|3|4|5|6|8|9,0train,20260924,20,3,2,0.063289665,0.6107334,0.08375038,0.24222653
s07_0train_r2_t32,7,0train,2,32,1,62412,False,Q13-E005,Q9_SHARED_SOURCE_SESSION_T,loso_s7,all,1|2|3|4|5|6|8|9,0train,20260924,20,1,4,0.15268463,0.2877738,0.17588939,0.3836522
s07_0train_r2_t33,7,0train,2,33,3,64504,False,Q13-E005,Q9_SHARED_SOURCE_SESSION_T,loso_s7,all,1|2|3|4|5|6|8|9,0train,20260924,20,3,2,0.10381507,0.46263224,0.13308007,0.30047262
s07_0train_r2_t34,7,0train,2,34,4,66595,False,Q13-E005,Q9_SHARED_SOURCE_SESSION_T,loso_s7,all,1|2|3|4|5|6|8|9,0train,20260924,20,4,4,0.24398427,0.12837541,0.07615511,0.5514852
s07_0train_r2_t35,7,0train,2,35,4,68638,False,Q13-E005,Q9_SHARED_SOURCE_SESSION_T,loso_s7,all,1|2|3|4|5|6|8|9,0train,20260924,20,4,4,0.28280875,0.089965604,0.09368338,0.5335423
s07_0train_r2_t36,7,0train,2,36,2,70702,False,Q13-E005,Q9_SHARED_SOURCE_SESSION_T,loso_s7,all,1|2|3|4|5|6|8|9,0train,20260924,20,2,2,0.22830845,0.3853826,0.14128949,0.24501947
s07_0train_r2_t37,7,0train,2,37,1,72722,False,Q13-E005,Q9_SHARED_SOURCE_SESSION_T,loso_s7,all,1|2|3|4|5|6|8|9,0train,20260924,20,1,2,0.18273415,0.4192939,0.09099079,0.30698112
s07_0train_r2_t38,7,0train,2,38,2,74694,True,Q13-E005,Q9_SHARED_SOURCE_SESSION_T,loso_s7,all,1|2|3|4|5|6|8|9,0train,20260924,20,2,2,0.05380778,0.4984235,0.05984906,0.38791963
s07_0train_r2_t39,7,0train,2,39,4,76657,False,Q13-E005,Q9_SHARED_SOURCE_SESSION_T,loso_s7,all,1|2|3|4|5|6|8|9,0train,20260924,20,4,4,0.0150921205,0.029598137,0.008429349,0.94688034
s07_0train_r2_t40,7,0train,2,40,2,78582,False,Q13-E005,Q9_SHARED_SOURCE_SESSION_T,loso_s7,all,1|2|3|4|5|6|8|9,0train,20260924,20,2,4,0.1673165,0.269977,0.20662259,0.3560839
s07_0train_r2_t41,7,0train,2,41,4,80663,False,Q13-E005,Q9_SHARED_SOURCE_SESSION_T,loso_s7,all,1|2|3|4|5|6|8|9,0train,20260924,20,4,4,0.19203833,0.25655386,0.029876405,0.5215314
s07_0train_r2_t42,7,0train,2,42,3,82641,False,Q13-E005,Q9_SHARED_SOURCE_SESSION_T,loso_s7,all,1|2|3|4|5|6|8|9,0train,20260924,20,3,3,0.24067515,0.22161277,0.27261066,0.26510143
s07_0train_r2_t43,7,0train,2,43,2,84631,False,Q13-E005,Q9_SHARED_SOURCE_SESSION_T,loso_s7,all,1|2|3|4|5|6|8|9,0train,20260924,20,2,2,0.121923804,0.6706285,0.047086846,0.16036087
s07_0train_r2_t44,7,0train,2,44,2,86750,False,Q13-E005,Q9_SHARED_SOURCE_SESSION_T,loso_s7,all,1|2|3|4|5|6|8|9,0train,20260924,20,2,4,0.071329184,0.22385707,0.06921977,0.63559395
s07_0train_r2_t45,7,0train,2,45,2,88656,False,Q13-E005,Q9_SHARED_SOURCE_SESSION_T,loso_s7,all,1|2|3|4|5|6|8|9,0train,20260924,20,2,4,0.35231876,0.15425241,0.0976921,0.39573672
s07_0train_r2_t46,7,0train,2,46,3,90584,False,Q13-E005,Q9_SHARED_SOURCE_SESSION_T,loso_s7,all,1|2|3|4|5|6|8|9,0train,20260924,20,3,4,0.2074271,0.24885084,0.23571324,0.3080088
s07_0train_r2_t47,7,0train,2,47,4,92698,False,Q13-E005,Q9_SHARED_SOURCE_SESSION_T,loso_s7,all,1|2|3|4|5|6|8|9,0train,20260924,20,4,4,0.1449668,0.14911185,0.08183486,0.6240865
s07_0train_r2_t48,7,0train,2,48,1,94757,False,Q13-E005,Q9_SHARED_SOURCE_SESSION_T,loso_s7,all,1|2|3|4|5|6|8|9,0train,20260924,20,1,4,0.17782398,0.27042365,0.20147964,0.3502727
s07_0train_r3_t01,7,0train,3,1,2,250,False,Q13-E005,Q9_SHARED_SOURCE_SESSION_T,loso_s7,all,1|2|3|4|5|6|8|9,0train,20260924,20,2,2,0.27477726,0.2850893,0.20379296,0.23634048
s07_0train_r3_t02,7,0train,3,2,4,2253,True,Q13-E005,Q9_SHARED_SOURCE_SESSION_T,loso_s7,all,1|2|3|4|5|6|8|9,0train,20260924,20,4,4,0.11395038,0.31423575,0.080196485,0.49161738
s07_0train_r3_t03,7,0train,3,3,1,4171,False,Q13-E005,Q9_SHARED_SOURCE_SESSION_T,loso_s7,all,1|2|3|4|5|6|8|9,0train,20260924,20,1,2,0.27265167,0.3240191,0.14728758,0.25604165
s07_0train_r3_t04,7,0train,3,4,3,6123,False,Q13-E005,Q9_SHARED_SOURCE_SESSION_T,loso_s7,all,1|2|3|4|5|6|8|9,0train,20260924,20,3,2,0.113336794,0.42527875,0.038953424,0.4224311
s07_0train_r3_t05,7,0train,3,5,3,8131,False,Q13-E005,Q9_SHARED_SOURCE_SESSION_T,loso_s7,all,1|2|3|4|5|6|8|9,0train,20260924,20,3,4,0.13036853,0.2684995,0.13067812,0.47045386
s07_0train_r3_t06,7,0train,3,6,4,10242,False,Q13-E005,Q9_SHARED_SOURCE_SESSION_T,loso_s7,all,1|2|3|4|5|6|8|9,0train,20260924,20,4,2,0.15491073,0.43679875,0.08969044,0.31860015
s07_0train_r3_t07,7,0train,3,7,1,12159,False,Q13-E005,Q9_SHARED_SOURCE_SESSION_T,loso_s7,all,1|2|3|4|5|6|8|9,0train,20260924,20,1,2,0.20212165,0.37627098,0.12106867,0.30053866
s07_0train_r3_t08,7,0train,3,8,1,14209,False,Q13-E005,Q9_SHARED_SOURCE_SESSION_T,loso_s7,all,1|2|3|4|5|6|8|9,0train,20260924,20,1,2,0.2939423,0.38740417,0.07671113,0.24194244
s07_0train_r3_t09,7,0train,3,9,3,16140,False,Q13-E005,Q9_SHARED_SOURCE_SESSION_T,loso_s7,all,1|2|3|4|5|6|8|9,0train,20260924,20,3,2,0.2105314,0.3631393,0.17002085,0.2563084
s07_0train_r3_t10,7,0train,3,10,2,18138,False,Q13-E005,Q9_SHARED_SOURCE_SESSION_T,loso_s7,all,1|2|3|4|5|6|8|9,0train,20260924,20,2,4,0.3018854,0.29843855,0.09436262,0.30531344
s07_0train_r3_t11,7,0train,3,11,4,20044,False,Q13-E005,Q9_SHARED_SOURCE_SESSION_T,loso_s7,all,1|2|3|4|5|6|8|9,0train,20260924,20,4,1,0.37828004,0.16503261,0.10881513,0.34787226
s07_0train_r3_t12,7,0train,3,12,4,21939,False,Q13-E005,Q9_SHARED_SOURCE_SESSION_T,loso_s7,all,1|2|3|4|5|6|8|9,0train,20260924,20,4,4,0.18572444,0.3542213,0.082967974,0.3770863
s07_0train_r3_t13,7,0train,3,13,4,23911,False,Q13-E005,Q9_SHARED_SOURCE_SESSION_T,loso_s7,all,1|2|3|4|5|6|8|9,0train,20260924,20,4,1,0.39247707,0.18918735,0.10245383,0.31588173
s07_0train_r3_t14,7,0train,3,14,2,25855,False,Q13-E005,Q9_SHARED_SOURCE_SESSION_T,loso_s7,all,1|2|3|4|5|6|8|9,0train,20260924,20,2,2,0.18018892,0.3751364,0.08856842,0.3561063
s07_0train_r3_t15,7,0train,3,15,1,27822,False,Q13-E005,Q9_SHARED_SOURCE_SESSION_T,loso_s7,all,1|2|3|4|5|6|8|9,0train,20260924,20,1,2,0.17650098,0.4498346,0.069968134,0.30369636
s07_0train_r3_t16,7,0train,3,16,3,29942,False,Q13-E005,Q9_SHARED_SOURCE_SESSION_T,loso_s7,all,1|2|3|4|5|6|8|9,0train,20260924,20,3,4,0.15434729,0.29695845,0.20597294,0.34272134
s07_0train_r3_t17,7,0train,3,17,2,31950,True,Q13-E005,Q9_SHARED_SOURCE_SESSION_T,loso_s7,all,1|2|3|4|5|6|8|9,0train,20260924,20,2,4,0.17863807,0.27197856,0.16317773,0.38620564
s07_0train_r3_t18,7,0train,3,18,4,34016,False,Q13-E005,Q9_SHARED_SOURCE_SESSION_T,loso_s7,all,1|2|3|4|5|6|8|9,0train,20260924,20,4,2,0.2436171,0.32873055,0.1456868,0.28196558
s07_0train_r3_t19,7,0train,3,19,1,36052,False,Q13-E005,Q9_SHARED_SOURCE_SESSION_T,loso_s7,all,1|2|3|4|5|6|8|9,0train,20260924,20,1,2,0.23993324,0.41851017,0.10638645,0.23517013
s07_0train_r3_t20,7,0train,3,20,4,38118,False,Q13-E005,Q9_SHARED_SOURCE_SESSION_T,loso_s7,all,1|2|3|4|5|6|8|9,0train,20260924,20,4,4,0.06404734,0.061936557,0.018318066,0.8556981
s07_0train_r3_t21,7,0train,3,21,3,40188,False,Q13-E005,Q9_SHARED_SOURCE_SESSION_T,loso_s7,all,1|2|3|4|5|6|8|9,0train,20260924,20,3,2,0.18647894,0.49896166,0.08960732,0.22495209
s07_0train_r3_t22,7,0train,3,22,2,42268,False,Q13-E005,Q9_SHARED_SOURCE_SESSION_T,loso_s7,all,1|2|3|4|5|6|8|9,0train,20260924,20,2,2,0.11088352,0.4339717,0.08430924,0.37083554
s07_0train_r3_t23,7,0train,3,23,4,44180,False,Q13-E005,Q9_SHARED_SOURCE_SESSION_T,loso_s7,all,1|2|3|4|5|6|8|9,0train,20260924,20,4,4,0.16854858,0.19056837,0.058705423,0.5821776
s07_0train_r3_t24,7,0train,3,24,4,46211,False,Q13-E005,Q9_SHARED_SOURCE_SESSION_T,loso_s7,all,1|2|3|4|5|6|8|9,0train,20260924,20,4,2,0.20023187,0.48141775,0.1322687,0.1860817
s07_0train_r3_t25,7,0train,3,25,1,48164,False,Q13-E005,Q9_SHARED_SOURCE_SESSION_T,loso_s7,all,1|2|3|4|5|6|8|9,0train,20260924,20,1,4,0.15356252,0.32590675,0.106261425,0.41426927
s07_0train_r3_t26,7,0train,3,26,2,50125,True,Q13-E005,Q9_SHARED_SOURCE_SESSION_T,loso_s7,all,1|2|3|4|5|6|8|9,0train,20260924,20,2,2,0.13803357,0.38740498,0.09815847,0.37640297
s07_0train_r3_t27,7,0train,3,27,2,52229,False,Q13-E005,Q9_SHARED_SOURCE_SESSION_T,loso_s7,all,1|2|3|4|5|6|8|9,0train,20260924,20,2,2,0.1537282,0.46269524,0.13689965,0.24667695
s07_0train_r3_t28,7,0train,3,28,3,54233,False,Q13-E005,Q9_SHARED_SOURCE_SESSION_T,loso_s7,all,1|2|3|4|5|6|8|9,0train,20260924,20,3,2,0.1658947,0.4153477,0.18253107,0.23622651
s07_0train_r3_t29,7,0train,3,29,4,56208,False,Q13-E005,Q9_SHARED_SOURCE_SESSION_T,loso_s7,all,1|2|3|4|5|6|8|9,0train,20260924,20,4,4,0.16191956,0.2819358,0.15763074,0.39851385
s07_0train_r3_t30,7,0train,3,30,2,58234,False,Q13-E005,Q9_SHARED_SOURCE_SESSION_T,loso_s7,all,1|2|3|4|5|6|8|9,0train,20260924,20,2,2,0.12188011,0.45641768,0.15507334,0.26662883
s07_0train_r3_t31,7,0train,3,31,1,60305,False,Q13-E005,Q9_SHARED_SOURCE_SESSION_T,loso_s7,all,1|2|3|4|5|6|8|9,0train,20260924,20,1,2,0.16791219,0.52708703,0.104646675,0.20035405
s07_0train_r3_t32,7,0train,3,32,1,62412,False,Q13-E005,Q9_SHARED_SOURCE_SESSION_T,loso_s7,all,1|2|3|4|5|6|8|9,0train,20260924,20,1,1,0.47653455,0.08174775,0.16647552,0.27524218
s07_0train_r3_t33,7,0train,3,33,4,64504,False,Q13-E005,Q9_SHARED_SOURCE_SESSION_T,loso_s7,all,1|2|3|4|5|6|8|9,0train,20260924,20,4,2,0.073057964,0.4639323,0.097139224,0.36587054
s07_0train_r3_t34,7,0train,3,34,2,66595,False,Q13-E005,Q9_SHARED_SOURCE_SESSION_T,loso_s7,all,1|2|3|4|5|6|8|9,0train,20260924,20,2,2,0.08826314,0.4979492,0.14917812,0.26460955
s07_0train_r3_t35,7,0train,3,35,1,68638,False,Q13-E005,Q9_SHARED_SOURCE_SESSION_T,loso_s7,all,1|2|3|4|5|6|8|9,0train,20260924,20,1,4,0.1351264,0.31240454,0.17944907,0.37302
s07_0train_r3_t36,7,0train,3,36,3,70702,False,Q13-E005,Q9_SHARED_SOURCE_SESSION_T,loso_s7,all,1|2|3|4|5|6|8|9,0train,20260924,20,3,2,0.14975302,0.40784514,0.17501953,0.2673823
s07_0train_r3_t37,7,0train,3,37,2,72722,False,Q13-E005,Q9_SHARED_SOURCE_SESSION_T,loso_s7,all,1|2|3|4|5|6|8|9,0train,20260924,20,2,4,0.112585515,0.26058435,0.08773801,0.5390921
s07_0train_r3_t38,7,0train,3,38,2,74694,False,Q13-E005,Q9_SHARED_SOURCE_SESSION_T,loso_s7,all,1|2|3|4|5|6|8|9,0train,20260924,20,2,2,0.13408716,0.5400534,0.063511044,0.26234838
s07_0train_r3_t39,7,0train,3,39,3,76657,False,Q13-E005,Q9_SHARED_SOURCE_SESSION_T,loso_s7,all,1|2|3|4|5|6|8|9,0train,20260924,20,3,2,0.20253587,0.47187135,0.14994253,0.17565031
s07_0train_r3_t40,7,0train,3,40,1,78582,False,Q13-E005,Q9_SHARED_SOURCE_SESSION_T,loso_s7,all,1|2|3|4|5|6|8|9,0train,20260924,20,1,4,0.15969811,0.24907044,0.15969978,0.43153164
s07_0train_r3_t41,7,0train,3,41,4,80663,False,Q13-E005,Q9_SHARED_SOURCE_SESSION_T,loso_s7,all,1|2|3|4|5|6|8|9,0train,20260924,20,4,4,0.09451368,0.29751655,0.17237668,0.43559307
s07_0train_r3_t42,7,0train,3,42,3,82641,False,Q13-E005,Q9_SHARED_SOURCE_SESSION_T,loso_s7,all,1|2|3|4|5|6|8|9,0train,20260924,20,3,2,0.19201356,0.32310668,0.217834,0.2670457
s07_0train_r3_t43,7,0train,3,43,3,84631,False,Q13-E005,Q9_SHARED_SOURCE_SESSION_T,loso_s7,all,1|2|3|4|5|6|8|9,0train,20260924,20,3,2,0.24905163,0.31534407,0.15059146,0.28501287
s07_0train_r3_t44,7,0train,3,44,3,86750,False,Q13-E005,Q9_SHARED_SOURCE_SESSION_T,loso_s7,all,1|2|3|4|5|6|8|9,0train,20260924,20,3,2,0.30517283,0.37457705,0.11959941,0.20065063
s07_0train_r3_t45,7,0train,3,45,3,88656,False,Q13-E005,Q9_SHARED_SOURCE_SESSION_T,loso_s7,all,1|2|3|4|5|6|8|9,0train,20260924,20,3,2,0.14527212,0.38394138,0.10495094,0.36583552
s07_0train_r3_t46,7,0train,3,46,1,90584,True,Q13-E005,Q9_SHARED_SOURCE_SESSION_T,loso_s7,all,1|2|3|4|5|6|8|9,0train,20260924,20,1,2,0.13905631,0.43290058,0.18277429,0.2452688
s07_0train_r3_t47,7,0train,3,47,2,92698,False,Q13-E005,Q9_SHARED_SOURCE_SESSION_T,loso_s7,all,1|2|3|4|5|6|8|9,0train,20260924,20,2,4,0.1917641,0.24796787,0.21037705,0.34989098
s07_0train_r3_t48,7,0train,3,48,1,94757,False,Q13-E005,Q9_SHARED_SOURCE_SESSION_T,loso_s7,all,1|2|3|4|5|6|8|9,0train,20260924,20,1,4,0.25354874,0.2672635,0.15465231,0.3245354
s07_0train_r4_t01,7,0train,4,1,2,250,False,Q13-E005,Q9_SHARED_SOURCE_SESSION_T,loso_s7,all,1|2|3|4|5|6|8|9,0train,20260924,20,2,2,0.20606269,0.29094326,0.21535043,0.28764358
s07_0train_r4_t02,7,0train,4,2,1,2253,False,Q13-E005,Q9_SHARED_SOURCE_SESSION_T,loso_s7,all,1|2|3|4|5|6|8|9,0train,20260924,20,1,4,0.18949085,0.30868894,0.14552352,0.35629666
s07_0train_r4_t03,7,0train,4,3,1,4171,True,Q13-E005,Q9_SHARED_SOURCE_SESSION_T,loso_s7,all,1|2|3|4|5|6|8|9,0train,20260924,20,1,1,0.4187777,0.1549475,0.10025933,0.32601553
s07_0train_r4_t04,7,0train,4,4,3,6123,False,Q13-E005,Q9_SHARED_SOURCE_SESSION_T,loso_s7,all,1|2|3|4|5|6|8|9,0train,20260924,20,3,2,0.08460143,0.41061148,0.2160128,0.28877425
s07_0train_r4_t05,7,0train,4,5,3,8131,False,Q13-E005,Q9_SHARED_SOURCE_SESSION_T,loso_s7,all,1|2|3|4|5|6|8|9,0train,20260924,20,3,2,0.19882731,0.36870807,0.10264567,0.32981893
s07_0train_r4_t06,7,0train,4,6,2,10242,False,Q13-E005,Q9_SHARED_SOURCE_SESSION_T,loso_s7,all,1|2|3|4|5|6|8|9,0train,20260924,20,2,4,0.18278047,0.32832322,0.1605724,0.32832387
s07_0train_r4_t07,7,0train,4,7,3,12159,False,Q13-E005,Q9_SHARED_SOURCE_SESSION_T,loso_s7,all,1|2|3|4|5|6|8|9,0train,20260924,20,3,4,0.21238682,0.24921565,0.15779424,0.38060337
s07_0train_r4_t08,7,0train,4,8,4,14209,False,Q13-E005,Q9_SHARED_SOURCE_SESSION_T,loso_s7,all,1|2|3|4|5|6|8|9,0train,20260924,20,4,4,0.15516351,0.35029513,0.074695505,0.4198458
s07_0train_r4_t09,7,0train,4,9,1,16140,False,Q13-E005,Q9_SHARED_SOURCE_SESSION_T,loso_s7,all,1|2|3|4|5|6|8|9,0train,20260924,20,1,1,0.28467238,0.2122489,0.2497642,0.25331455
s07_0train_r4_t10,7,0train,4,10,4,18138,False,Q13-E005,Q9_SHARED_SOURCE_SESSION_T,loso_s7,all,1|2|3|4|5|6|8|9,0train,20260924,20,4,4,0.21877144,0.30197805,0.05230755,0.42694297
s07_0train_r4_t11,7,0train,4,11,1,20044,False,Q13-E005,Q9_SHARED_SOURCE_SESSION_T,loso_s7,all,1|2|3|4|5|6|8|9,0train,20260924,20,1,2,0.1231381,0.39036915,0.12046335,0.36602938
s07_0train_r4_t12,7,0train,4,12,1,21939,False,Q13-E005,Q9_SHARED_SOURCE_SESSION_T,loso_s7,all,1|2|3|4|5|6|8|9,0train,20260924,20,1,4,0.1295412,0.26677778,0.10953129,0.49414968
s07_0train_r4_t13,7,0train,4,13,2,23911,False,Q13-E005,Q9_SHARED_SOURCE_SESSION_T,loso_s7,all,1|2|3|4|5|6|8|9,0train,20260924,20,2,2,0.16536577,0.44746917,0.116574794,0.2705903
s07_0train_r4_t14,7,0train,4,14,4,25855,False,Q13-E005,Q9_SHARED_SOURCE_SESSION_T,loso_s7,all,1|2|3|4|5|6|8|9,0train,20260924,20,4,4,0.18581603,0.28054392,0.2180639,0.31557617
s07_0train_r4_t15,7,0train,4,15,3,27822,False,Q13-E005,Q9_SHARED_SOURCE_SESSION_T,loso_s7,all,1|2|3|4|5|6|8|9,0train,20260924,20,3,4,0.2401144,0.19175082,0.22315153,0.34498325
s07_0train_r4_t16,7,0train,4,16,2,29942,False,Q13-E005,Q9_SHARED_SOURCE_SESSION_T,loso_s7,all,1|2|3|4|5|6|8|9,0train,20260924,20,2,4,0.13113302,0.3138068,0.1657326,0.38932753
s07_0train_r4_t17,7,0train,4,17,4,31950,False,Q13-E005,Q9_SHARED_SOURCE_SESSION_T,loso_s7,all,1|2|3|4|5|6|8|9,0train,20260924,20,4,4,0.18553476,0.23292835,0.09688636,0.4846506
s07_0train_r4_t18,7,0train,4,18,3,34016,False,Q13-E005,Q9_SHARED_SOURCE_SESSION_T,loso_s7,all,1|2|3|4|5|6|8|9,0train,20260924,20,3,4,0.18885174,0.15585634,0.11963558,0.5356564
s07_0train_r4_t19,7,0train,4,19,4,36052,False,Q13-E005,Q9_SHARED_SOURCE_SESSION_T,loso_s7,all,1|2|3|4|5|6|8|9,0train,20260924,20,4,4,0.336912,0.19537811,0.11701115,0.35069877
s07_0train_r4_t20,7,0train,4,20,3,38118,False,Q13-E005,Q9_SHARED_SOURCE_SESSION_T,loso_s7,all,1|2|3|4|5|6|8|9,0train,20260924,20,3,4,0.2740207,0.18115392,0.11404342,0.430782
s07_0train_r4_t21,7,0train,4,21,4,40188,False,Q13-E005,Q9_SHARED_SOURCE_SESSION_T,loso_s7,all,1|2|3|4|5|6|8|9,0train,20260924,20,4,4,0.082776785,0.23962194,0.17610855,0.50149274
s07_0train_r4_t22,7,0train,4,22,2,42268,False,Q13-E005,Q9_SHARED_SOURCE_SESSION_T,loso_s7,all,1|2|3|4|5|6|8|9,0train,20260924,20,2,4,0.19407499,0.30685246,0.16142727,0.33764523
s07_0train_r4_t23,7,0train,4,23,2,44180,False,Q13-E005,Q9_SHARED_SOURCE_SESSION_T,loso_s7,all,1|2|3|4|5|6|8|9,0train,20260924,20,2,4,0.19209404,0.23333731,0.0875049,0.4870638
s07_0train_r4_t24,7,0train,4,24,4,46211,False,Q13-E005,Q9_SHARED_SOURCE_SESSION_T,loso_s7,all,1|2|3|4|5|6|8|9,0train,20260924,20,4,2,0.28168136,0.3660918,0.14268,0.20954691
s07_0train_r4_t25,7,0train,4,25,1,48164,False,Q13-E005,Q9_SHARED_SOURCE_SESSION_T,loso_s7,all,1|2|3|4|5|6|8|9,0train,20260924,20,1,2,0.16477406,0.35716438,0.16817057,0.30989096
s07_0train_r4_t26,7,0train,4,26,2,50125,False,Q13-E005,Q9_SHARED_SOURCE_SESSION_T,loso_s7,all,1|2|3|4|5|6|8|9,0train,20260924,20,2,2,0.123284124,0.41574162,0.15632908,0.30464518
s07_0train_r4_t27,7,0train,4,27,2,52229,True,Q13-E005,Q9_SHARED_SOURCE_SESSION_T,loso_s7,all,1|2|3|4|5|6|8|9,0train,20260924,20,2,2,0.23248985,0.32585958,0.12391067,0.31773996
s07_0train_r4_t28,7,0train,4,28,2,54233,False,Q13-E005,Q9_SHARED_SOURCE_SESSION_T,loso_s7,all,1|2|3|4|5|6|8|9,0train,20260924,20,2,2,0.23569001,0.2752552,0.24759573,0.24145912
s07_0train_r4_t29,7,0train,4,29,3,56208,False,Q13-E005,Q9_SHARED_SOURCE_SESSION_T,loso_s7,all,1|2|3|4|5|6|8|9,0train,20260924,20,3,4,0.36510205,0.09812108,0.123804264,0.41297266
s07_0train_r4_t30,7,0train,4,30,4,58234,False,Q13-E005,Q9_SHARED_SOURCE_SESSION_T,loso_s7,all,1|2|3|4|5|6|8|9,0train,20260924,20,4,4,0.20279719,0.1003905,0.103252836,0.59355944
s07_0train_r4_t31,7,0train,4,31,1,60305,False,Q13-E005,Q9_SHARED_SOURCE_SESSION_T,loso_s7,all,1|2|3|4|5|6|8|9,0train,20260924,20,1,4,0.1601627,0.2953038,0.19593267,0.34860078
s07_0train_r4_t32,7,0train,4,32,4,62412,False,Q13-E005,Q9_SHARED_SOURCE_SESSION_T,loso_s7,all,1|2|3|4|5|6|8|9,0train,20260924,20,4,4,0.11625623,0.24304868,0.1744183,0.46627676
s07_0train_r4_t33,7,0train,4,33,1,64504,False,Q13-E005,Q9_SHARED_SOURCE_SESSION_T,loso_s7,all,1|2|3|4|5|6|8|9,0train,20260924,20,1,1,0.47794175,0.16331998,0.11816308,0.24057524
s07_0train_r4_t34,7,0train,4,34,3,66595,False,Q13-E005,Q9_SHARED_SOURCE_SESSION_T,loso_s7,all,1|2|3|4|5|6|8|9,0train,20260924,20,3,4,0.09045654,0.31556055,0.20736675,0.3866161
s07_0train_r4_t35,7,0train,4,35,1,68638,False,Q13-E005,Q9_SHARED_SOURCE_SESSION_T,loso_s7,all,1|2|3|4|5|6|8|9,0train,20260924,20,1,2,0.23758419,0.38925323,0.17270744,0.20045516
s07_0train_r4_t36,7,0train,4,36,4,70702,False,Q13-E005,Q9_SHARED_SOURCE_SESSION_T,loso_s7,all,1|2|3|4|5|6|8|9,0train,20260924,20,4,4,0.123224914,0.13670488,0.1379629,0.6021073
s07_0train_r4_t37,7,0train,4,37,1,72722,False,Q13-E005,Q9_SHARED_SOURCE_SESSION_T,loso_s7,all,1|2|3|4|5|6|8|9,0train,20260924,20,1,2,0.2330123,0.33368215,0.1629072,0.27039826
s07_0train_r4_t38,7,0train,4,38,3,74694,False,Q13-E005,Q9_SHARED_SOURCE_SESSION_T,loso_s7,all,1|2|3|4|5|6|8|9,0train,20260924,20,3,4,0.23305799,0.31710592,0.071013354,0.37882277
s07_0train_r4_t39,7,0train,4,39,1,76657,False,Q13-E005,Q9_SHARED_SOURCE_SESSION_T,loso_s7,all,1|2|3|4|5|6|8|9,0train,20260924,20,1,2,0.15497014,0.5584905,0.11136477,0.17517464
s07_0train_r4_t40,7,0train,4,40,2,78582,False,Q13-E005,Q9_SHARED_SOURCE_SESSION_T,loso_s7,all,1|2|3|4|5|6|8|9,0train,20260924,20,2,2,0.1794939,0.39576107,0.1535815,0.27116352
s07_0train_r4_t41,7,0train,4,41,3,80663,False,Q13-E005,Q9_SHARED_SOURCE_SESSION_T,loso_s7,all,1|2|3|4|5|6|8|9,0train,20260924,20,3,2,0.25999513,0.3141595,0.15799591,0.2678494
s07_0train_r4_t42,7,0train,4,42,3,82641,False,Q13-E005,Q9_SHARED_SOURCE_SESSION_T,loso_s7,all,1|2|3|4|5|6|8|9,0train,20260924,20,3,2,0.1376536,0.3774992,0.17096213,0.3138851
s07_0train_r4_t43,7,0train,4,43,4,84631,False,Q13-E005,Q9_SHARED_SOURCE_SESSION_T,loso_s7,all,1|2|3|4|5|6|8|9,0train,20260924,20,4,2,0.08146253,0.73418635,0.05535649,0.12899463
s07_0train_r4_t44,7,0train,4,44,1,86750,False,Q13-E005,Q9_SHARED_SOURCE_SESSION_T,loso_s7,all,1|2|3|4|5|6|8|9,0train,20260924,20,1,2,0.22606151,0.34138975,0.09305315,0.33949557
s07_0train_r4_t45,7,0train,4,45,2,88656,False,Q13-E005,Q9_SHARED_SOURCE_SESSION_T,loso_s7,all,1|2|3|4|5|6|8|9,0train,20260924,20,2,2,0.08905831,0.4970292,0.098019786,0.3158928
s07_0train_r4_t46,7,0train,4,46,4,90584,False,Q13-E005,Q9_SHARED_SOURCE_SESSION_T,loso_s7,all,1|2|3|4|5|6|8|9,0train,20260924,20,4,4,0.18962395,0.32963467,0.13665733,0.34408402
s07_0train_r4_t47,7,0train,4,47,2,92698,False,Q13-E005,Q9_SHARED_SOURCE_SESSION_T,loso_s7,all,1|2|3|4|5|6|8|9,0train,20260924,20,2,2,0.17094533,0.33973077,0.1885176,0.3008063
s07_0train_r4_t48,7,0train,4,48,3,94757,False,Q13-E005,Q9_SHARED_SOURCE_SESSION_T,loso_s7,all,1|2|3|4|5|6|8|9,0train,20260924,20,3,4,0.24186964,0.21233478,0.16851377,0.37728179
s07_0train_r5_t01,7,0train,5,1,3,250,False,Q13-E005,Q9_SHARED_SOURCE_SESSION_T,loso_s7,all,1|2|3|4|5|6|8|9,0train,20260924,20,3,2,0.23281918,0.40366626,0.19610935,0.1674052
s07_0train_r5_t02,7,0train,5,2,1,2253,False,Q13-E005,Q9_SHARED_SOURCE_SESSION_T,loso_s7,all,1|2|3|4|5|6|8|9,0train,20260924,20,1,2,0.2900686,0.42498615,0.1752903,0.10965495
s07_0train_r5_t03,7,0train,5,3,4,4171,False,Q13-E005,Q9_SHARED_SOURCE_SESSION_T,loso_s7,all,1|2|3|4|5|6|8|9,0train,20260924,20,4,2,0.14873315,0.42226923,0.118711144,0.31028646
s07_0train_r5_t04,7,0train,5,4,2,6123,False,Q13-E005,Q9_SHARED_SOURCE_SESSION_T,loso_s7,all,1|2|3|4|5|6|8|9,0train,20260924,20,2,2,0.17301309,0.46541673,0.17184332,0.18972677
s07_0train_r5_t05,7,0train,5,5,4,8131,False,Q13-E005,Q9_SHARED_SOURCE_SESSION_T,loso_s7,all,1|2|3|4|5|6|8|9,0train,20260924,20,4,2,0.2546556,0.40681025,0.04662552,0.29190862
s07_0train_r5_t06,7,0train,5,6,1,10242,False,Q13-E005,Q9_SHARED_SOURCE_SESSION_T,loso_s7,all,1|2|3|4|5|6|8|9,0train,20260924,20,1,2,0.15205948,0.38003004,0.15788388,0.31002662
s07_0train_r5_t07,7,0train,5,7,1,12159,False,Q13-E005,Q9_SHARED_SOURCE_SESSION_T,loso_s7,all,1|2|3|4|5|6|8|9,0train,20260924,20,1,2,0.20226808,0.43296474,0.16677773,0.19798943
s07_0train_r5_t08,7,0train,5,8,3,14209,False,Q13-E005,Q9_SHARED_SOURCE_SESSION_T,loso_s7,all,1|2|3|4|5|6|8|9,0train,20260924,20,3,2,0.18033235,0.45158637,0.18084463,0.18723667
s07_0train_r5_t09,7,0train,5,9,3,16140,False,Q13-E005,Q9_SHARED_SOURCE_SESSION_T,loso_s7,all,1|2|3|4|5|6|8|9,0train,20260924,20,3,2,0.19690563,0.47594625,0.1538377,0.1733104
s07_0train_r5_t10,7,0train,5,10,2,18138,False,Q13-E005,Q9_SHARED_SOURCE_SESSION_T,loso_s7,all,1|2|3|4|5|6|8|9,0train,20260924,20,2,2,0.26599014,0.34633607,0.09222688,0.2954469
s07_0train_r5_t11,7,0train,5,11,4,20044,False,Q13-E005,Q9_SHARED_SOURCE_SESSION_T,loso_s7,all,1|2|3|4|5|6|8|9,0train,20260924,20,4,4,0.27097663,0.12074297,0.17041884,0.43786156
s07_0train_r5_t12,7,0train,5,12,2,21939,False,Q13-E005,Q9_SHARED_SOURCE_SESSION_T,loso_s7,all,1|2|3|4|5|6|8|9,0train,20260924,20,2,2,0.17446285,0.457789,0.14191304,0.22583516
s07_0train_r5_t13,7,0train,5,13,2,23911,False,Q13-E005,Q9_SHARED_SOURCE_SESSION_T,loso_s7,all,1|2|3|4|5|6|8|9,0train,20260924,20,2,2,0.11696524,0.4499105,0.09225145,0.34087282
s07_0train_r5_t14,7,0train,5,14,1,25855,False,Q13-E005,Q9_SHARED_SOURCE_SESSION_T,loso_s7,all,1|2|3|4|5|6|8|9,0train,20260924,20,1,4,0.20059705,0.23551385,0.23439085,0.32949832
s07_0train_r5_t15,7,0train,5,15,2,27822,False,Q13-E005,Q9_SHARED_SOURCE_SESSION_T,loso_s7,all,1|2|3|4|5|6|8|9,0train,20260924,20,2,4,0.19620825,0.32872286,0.09853796,0.37653092
s07_0train_r5_t16,7,0train,5,16,4,29942,False,Q13-E005,Q9_SHARED_SOURCE_SESSION_T,loso_s7,all,1|2|3|4|5|6|8|9,0train,20260924,20,4,4,0.29109034,0.25450963,0.15478206,0.29961798
s07_0train_r5_t17,7,0train,5,17,4,31950,False,Q13-E005,Q9_SHARED_SOURCE_SESSION_T,loso_s7,all,1|2|3|4|5|6|8|9,0train,20260924,20,4,4,0.23277813,0.30134135,0.12720086,0.3386797
s07_0train_r5_t18,7,0train,5,18,2,34016,False,Q13-E005,Q9_SHARED_SOURCE_SESSION_T,loso_s7,all,1|2|3|4|5|6|8|9,0train,20260924,20,2,2,0.06578641,0.55455077,0.10809681,0.27156597
s07_0train_r5_t19,7,0train,5,19,2,36052,False,Q13-E005,Q9_SHARED_SOURCE_SESSION_T,loso_s7,all,1|2|3|4|5|6|8|9,0train,20260924,20,2,2,0.19105905,0.45905757,0.16116314,0.18872024
s07_0train_r5_t20,7,0train,5,20,2,38118,False,Q13-E005,Q9_SHARED_SOURCE_SESSION_T,loso_s7,all,1|2|3|4|5|6|8|9,0train,20260924,20,2,4,0.19372405,0.28998312,0.077645,0.43864784
s07_0train_r5_t21,7,0train,5,21,2,40188,False,Q13-E005,Q9_SHARED_SOURCE_SESSION_T,loso_s7,all,1|2|3|4|5|6|8|9,0train,20260924,20,2,2,0.09283009,0.53398305,0.09614596,0.27704084
s07_0train_r5_t22,7,0train,5,22,4,42268,False,Q13-E005,Q9_SHARED_SOURCE_SESSION_T,loso_s7,all,1|2|3|4|5|6|8|9,0train,20260924,20,4,4,0.13021086,0.07255108,0.15136649,0.6458715
s07_0train_r5_t23,7,0train,5,23,4,44180,False,Q13-E005,Q9_SHARED_SOURCE_SESSION_T,loso_s7,all,1|2|3|4|5|6|8|9,0train,20260924,20,4,1,0.4199143,0.2293848,0.08490932,0.26579168
s07_0train_r5_t24,7,0train,5,24,3,46211,False,Q13-E005,Q9_SHARED_SOURCE_SESSION_T,loso_s7,all,1|2|3|4|5|6|8|9,0train,20260924,20,3,4,0.15228741,0.30170375,0.21089019,0.33511862
s07_0train_r5_t25,7,0train,5,25,4,48164,False,Q13-E005,Q9_SHARED_SOURCE_SESSION_T,loso_s7,all,1|2|3|4|5|6|8|9,0train,20260924,20,4,2,0.33147573,0.34704417,0.07892302,0.2425571
s07_0train_r5_t26,7,0train,5,26,1,50125,False,Q13-E005,Q9_SHARED_SOURCE_SESSION_T,loso_s7,all,1|2|3|4|5|6|8|9,0train,20260924,20,1,2,0.09396183,0.5218003,0.14550214,0.23873578
s07_0train_r5_t27,7,0train,5,27,2,52229,False,Q13-E005,Q9_SHARED_SOURCE_SESSION_T,loso_s7,all,1|2|3|4|5|6|8|9,0train,20260924,20,2,4,0.17731927,0.2731811,0.22686332,0.32263634
s07_0train_r5_t28,7,0train,5,28,3,54233,False,Q13-E005,Q9_SHARED_SOURCE_SESSION_T,loso_s7,all,1|2|3|4|5|6|8|9,0train,20260924,20,3,1,0.30760783,0.3035552,0.18847506,0.20036192
s07_0train_r5_t29,7,0train,5,29,2,56208,False,Q13-E005,Q9_SHARED_SOURCE_SESSION_T,loso_s7,all,1|2|3|4|5|6|8|9,0train,20260924,20,2,4,0.236803,0.24230836,0.23793127,0.28295743
s07_0train_r5_t30,7,0train,5,30,1,58234,False,Q13-E005,Q9_SHARED_SOURCE_SESSION_T,loso_s7,all,1|2|3|4|5|6|8|9,0train,20260924,20,1,2,0.076832786,0.53701895,0.056435056,0.32971323
s07_0train_r5_t31,7,0train,5,31,4,60305,False,Q13-E005,Q9_SHARED_SOURCE_SESSION_T,loso_s7,all,1|2|3|4|5|6|8|9,0train,20260924,20,4,4,0.06916548,0.1861078,0.09082912,0.6538976
s07_0train_r5_t32,7,0train,5,32,1,62412,False,Q13-E005,Q9_SHARED_SOURCE_SESSION_T,loso_s7,all,1|2|3|4|5|6|8|9,0train,20260924,20,1,4,0.11677974,0.37906012,0.100745544,0.4034146
s07_0train_r5_t33,7,0train,5,33,4,64504,False,Q13-E005,Q9_SHARED_SOURCE_SESSION_T,loso_s7,all,1|2|3|4|5|6|8|9,0train,20260924,20,4,2,0.16868207,0.35417837,0.12574804,0.35139152
s07_0train_r5_t34,7,0train,5,34,1,66595,False,Q13-E005,Q9_SHARED_SOURCE_SESSION_T,loso_s7,all,1|2|3|4|5|6|8|9,0train,20260924,20,1,2,0.23169039,0.31594115,0.14130121,0.31106722
s07_0train_r5_t35,7,0train,5,35,1,68638,False,Q13-E005,Q9_SHARED_SOURCE_SESSION_T,loso_s7,all,1|2|3|4|5|6|8|9,0train,20260924,20,1,2,0.10666513,0.4751887,0.07615688,0.34198925
s07_0train_r5_t36,7,0train,5,36,1,70702,False,Q13-E005,Q9_SHARED_SOURCE_SESSION_T,loso_s7,all,1|2|3|4|5|6|8|9,0train,20260924,20,1,2,0.21511076,0.43691173,0.15047711,0.19750041
s07_0train_r5_t37,7,0train,5,37,1,72722,False,Q13-E005,Q9_SHARED_SOURCE_SESSION_T,loso_s7,all,1|2|3|4|5|6|8|9,0train,20260924,20,1,2,0.17138131,0.37501344,0.11392479,0.33968052
s07_0train_r5_t38,7,0train,5,38,3,74694,False,Q13-E005,Q9_SHARED_SOURCE_SESSION_T,loso_s7,all,1|2|3|4|5|6|8|9,0train,20260924,20,3,2,0.22218743,0.33593553,0.17097858,0.27089846
s07_0train_r5_t39,7,0train,5,39,3,76657,False,Q13-E005,Q9_SHARED_SOURCE_SESSION_T,loso_s7,all,1|2|3|4|5|6|8|9,0train,20260924,20,3,1,0.3195826,0.24298671,0.1925261,0.24490453
s07_0train_r5_t40,7,0train,5,40,4,78582,False,Q13-E005,Q9_SHARED_SOURCE_SESSION_T,loso_s7,all,1|2|3|4|5|6|8|9,0train,20260924,20,4,4,0.19807196,0.25768125,0.12206777,0.42217895
s07_0train_r5_t41,7,0train,5,41,2,80663,False,Q13-E005,Q9_SHARED_SOURCE_SESSION_T,loso_s7,all,1|2|3|4|5|6|8|9,0train,20260924,20,2,4,0.16220996,0.089180015,0.21856655,0.5300435
s07_0train_r5_t42,7,0train,5,42,3,82641,False,Q13-E005,Q9_SHARED_SOURCE_SESSION_T,loso_s7,all,1|2|3|4|5|6|8|9,0train,20260924,20,3,2,0.21737075,0.3145531,0.18210332,0.28597283
s07_0train_r5_t43,7,0train,5,43,3,84631,False,Q13-E005,Q9_SHARED_SOURCE_SESSION_T,loso_s7,all,1|2|3|4|5|6|8|9,0train,20260924,20,3,2,0.08693805,0.6984677,0.061245702,0.1533486
s07_0train_r5_t44,7,0train,5,44,3,86750,False,Q13-E005,Q9_SHARED_SOURCE_SESSION_T,loso_s7,all,1|2|3|4|5|6|8|9,0train,20260924,20,3,2,0.27617428,0.40206084,0.095373794,0.22639114
s07_0train_r5_t45,7,0train,5,45,4,88656,False,Q13-E005,Q9_SHARED_SOURCE_SESSION_T,loso_s7,all,1|2|3|4|5|6|8|9,0train,20260924,20,4,4,0.2978299,0.13657074,0.060796384,0.504803
s07_0train_r5_t46,7,0train,5,46,3,90584,False,Q13-E005,Q9_SHARED_SOURCE_SESSION_T,loso_s7,all,1|2|3|4|5|6|8|9,0train,20260924,20,3,4,0.25562063,0.25801846,0.086809166,0.39955175
s07_0train_r5_t47,7,0train,5,47,1,92698,False,Q13-E005,Q9_SHARED_SOURCE_SESSION_T,loso_s7,all,1|2|3|4|5|6|8|9,0train,20260924,20,1,2,0.186373,0.36621508,0.088380866,0.35903105
s07_0train_r5_t48,7,0train,5,48,3,94757,False,Q13-E005,Q9_SHARED_SOURCE_SESSION_T,loso_s7,all,1|2|3|4|5|6|8|9,0train,20260924,20,3,2,0.18868709,0.38829252,0.1441712,0.2788492
s07_1test_r0_t01,7,1test,0,1,1,250,False,Q13-E005,Q9_SHARED_SOURCE_SESSION_T,loso_s7,all,1|2|3|4|5|6|8|9,0train,20260924,20,1,2,0.082513675,0.6380795,0.10701583,0.17239098
s07_1test_r0_t02,7,1test,0,2,2,2253,False,Q13-E005,Q9_SHARED_SOURCE_SESSION_T,loso_s7,all,1|2|3|4|5|6|8|9,0train,20260924,20,2,2,0.115817554,0.51609504,0.19119516,0.17689224
s07_1test_r0_t03,7,1test,0,3,2,4171,False,Q13-E005,Q9_SHARED_SOURCE_SESSION_T,loso_s7,all,1|2|3|4|5|6|8|9,0train,20260924,20,2,2,0.10672915,0.5533219,0.036728457,0.30322045
s07_1test_r0_t04,7,1test,0,4,1,6123,False,Q13-E005,Q9_SHARED_SOURCE_SESSION_T,loso_s7,all,1|2|3|4|5|6|8|9,0train,20260924,20,1,4,0.21866508,0.23763981,0.15391289,0.38978216
s07_1test_r0_t05,7,1test,0,5,2,8131,False,Q13-E005,Q9_SHARED_SOURCE_SESSION_T,loso_s7,all,1|2|3|4|5|6|8|9,0train,20260924,20,2,4,0.30094814,0.18429221,0.12651312,0.3882465
s07_1test_r0_t06,7,1test,0,6,1,10242,False,Q13-E005,Q9_SHARED_SOURCE_SESSION_T,loso_s7,all,1|2|3|4|5|6|8|9,0train,20260924,20,1,1,0.53515637,0.118370846,0.06953705,0.2769357
s07_1test_r0_t07,7,1test,0,7,2,12159,False,Q13-E005,Q9_SHARED_SOURCE_SESSION_T,loso_s7,all,1|2|3|4|5|6|8|9,0train,20260924,20,2,2,0.18739912,0.44799846,0.09206005,0.27254236
s07_1test_r0_t08,7,1test,0,8,3,14209,False,Q13-E005,Q9_SHARED_SOURCE_SESSION_T,loso_s7,all,1|2|3|4|5|6|8|9,0train,20260924,20,3,2,0.07966162,0.5248385,0.14745113,0.24804881
s07_1test_r0_t09,7,1test,0,9,2,16140,False,Q13-E005,Q9_SHARED_SOURCE_SESSION_T,loso_s7,all,1|2|3|4|5|6|8|9,0train,20260924,20,2,2,0.15909371,0.4543424,0.13352722,0.25303668
s07_1test_r0_t10,7,1test,0,10,4,18138,True,Q13-E005,Q9_SHARED_SOURCE_SESSION_T,loso_s7,all,1|2|3|4|5|6|8|9,0train,20260924,20,4,2,0.1671135,0.3455839,0.15778236,0.32952023
s07_1test_r0_t11,7,1test,0,11,1,20044,False,Q13-E005,Q9_SHARED_SOURCE_SESSION_T,loso_s7,all,1|2|3|4|5|6|8|9,0train,20260924,20,1,2,0.15128525,0.5932591,0.072090074,0.18336557
s07_1test_r0_t12,7,1test,0,12,3,21939,False,Q13-E005,Q9_SHARED_SOURCE_SESSION_T,loso_s7,all,1|2|3|4|5|6|8|9,0train,20260924,20,3,2,0.25941586,0.29894048,0.20192407,0.23971963
s07_1test_r0_t13,7,1test,0,13,2,23911,False,Q13-E005,Q9_SHARED_SOURCE_SESSION_T,loso_s7,all,1|2|3|4|5|6|8|9,0train,20260924,20,2,1,0.4640474,0.15046111,0.10858671,0.27690476
s07_1test_r0_t14,7,1test,0,14,1,25855,False,Q13-E005,Q9_SHARED_SOURCE_SESSION_T,loso_s7,all,1|2|3|4|5|6|8|9,0train,20260924,20,1,2,0.09399729,0.45533916,0.045838818,0.4048247
s07_1test_r0_t15,7,1test,0,15,4,27822,False,Q13-E005,Q9_SHARED_SOURCE_SESSION_T,loso_s7,all,1|2|3|4|5|6|8|9,0train,20260924,20,4,4,0.21106632,0.08866359,0.06904755,0.6312225
s07_1test_r0_t16,7,1test,0,16,4,29942,False,Q13-E005,Q9_SHARED_SOURCE_SESSION_T,loso_s7,all,1|2|3|4|5|6|8|9,0train,20260924,20,4,4,0.056483954,0.058349077,0.069257595,0.81590945
s07_1test_r0_t17,7,1test,0,17,4,31950,False,Q13-E005,Q9_SHARED_SOURCE_SESSION_T,loso_s7,all,1|2|3|4|5|6|8|9,0train,20260924,20,4,4,0.07774118,0.2815533,0.1440129,0.49669263
s07_1test_r0_t18,7,1test,0,18,4,34016,False,Q13-E005,Q9_SHARED_SOURCE_SESSION_T,loso_s7,all,1|2|3|4|5|6|8|9,0train,20260924,20,4,4,0.24298726,0.22126213,0.05829681,0.47745383
s07_1test_r0_t19,7,1test,0,19,4,36052,False,Q13-E005,Q9_SHARED_SOURCE_SESSION_T,loso_s7,all,1|2|3|4|5|6|8|9,0train,20260924,20,4,4,0.19679281,0.32391375,0.06336562,0.4159277
s07_1test_r0_t20,7,1test,0,20,1,38118,False,Q13-E005,Q9_SHARED_SOURCE_SESSION_T,loso_s7,all,1|2|3|4|5|6|8|9,0train,20260924,20,1,2,0.065391116,0.54352546,0.08055955,0.31052384
s07_1test_r0_t21,7,1test,0,21,3,40188,False,Q13-E005,Q9_SHARED_SOURCE_SESSION_T,loso_s7,all,1|2|3|4|5|6|8|9,0train,20260924,20,3,4,0.19071037,0.25756824,0.19869122,0.35303015
s07_1test_r0_t22,7,1test,0,22,2,42268,False,Q13-E005,Q9_SHARED_SOURCE_SESSION_T,loso_s7,all,1|2|3|4|5|6|8|9,0train,20260924,20,2,2,0.16169645,0.41803938,0.11501539,0.3052488
s07_1test_r0_t23,7,1test,0,23,1,44180,False,Q13-E005,Q9_SHARED_SOURCE_SESSION_T,loso_s7,all,1|2|3|4|5|6|8|9,0train,20260924,20,1,2,0.27630514,0.31292695,0.1167028,0.29406503
s07_1test_r0_t24,7,1test,0,24,1,46211,False,Q13-E005,Q9_SHARED_SOURCE_SESSION_T,loso_s7,all,1|2|3|4|5|6|8|9,0train,20260924,20,1,2,0.21830946,0.45044473,0.08057506,0.25067076
s07_1test_r0_t25,7,1test,0,25,3,48164,False,Q13-E005,Q9_SHARED_SOURCE_SESSION_T,loso_s7,all,1|2|3|4|5|6|8|9,0train,20260924,20,3,1,0.46624783,0.21216702,0.105405636,0.21617958
s07_1test_r0_t26,7,1test,0,26,4,50125,False,Q13-E005,Q9_SHARED_SOURCE_SESSION_T,loso_s7,all,1|2|3|4|5|6|8|9,0train,20260924,20,4,2,0.17951928,0.36424598,0.1254892,0.33074558
s07_1test_r0_t27,7,1test,0,27,1,52229,False,Q13-E005,Q9_SHARED_SOURCE_SESSION_T,loso_s7,all,1|2|3|4|5|6|8|9,0train,20260924,20,1,4,0.14153768,0.25563017,0.1410223,0.46180987
s07_1test_r0_t28,7,1test,0,28,3,54233,False,Q13-E005,Q9_SHARED_SOURCE_SESSION_T,loso_s7,all,1|2|3|4|5|6|8|9,0train,20260924,20,3,1,0.39281476,0.14166911,0.13555776,0.32995838
s07_1test_r0_t29,7,1test,0,29,3,56208,False,Q13-E005,Q9_SHARED_SOURCE_SESSION_T,loso_s7,all,1|2|3|4|5|6|8|9,0train,20260924,20,3,2,0.17451644,0.42471173,0.13010526,0.27066654
s07_1test_r0_t30,7,1test,0,30,3,58234,False,Q13-E005,Q9_SHARED_SOURCE_SESSION_T,loso_s7,all,1|2|3|4|5|6|8|9,0train,20260924,20,3,2,0.06219931,0.52022356,0.09163908,0.32593805
s07_1test_r0_t31,7,1test,0,31,1,60305,False,Q13-E005,Q9_SHARED_SOURCE_SESSION_T,loso_s7,all,1|2|3|4|5|6|8|9,0train,20260924,20,1,4,0.14604492,0.25121987,0.082543716,0.5201915
s07_1test_r0_t32,7,1test,0,32,2,62412,False,Q13-E005,Q9_SHARED_SOURCE_SESSION_T,loso_s7,all,1|2|3|4|5|6|8|9,0train,20260924,20,2,1,0.8799394,0.01236204,0.036635812,0.07106287
s07_1test_r0_t33,7,1test,0,33,1,64504,False,Q13-E005,Q9_SHARED_SOURCE_SESSION_T,loso_s7,all,1|2|3|4|5|6|8|9,0train,20260924,20,1,4,0.22210878,0.33540612,0.07057105,0.37191403
s07_1test_r0_t34,7,1test,0,34,2,66595,False,Q13-E005,Q9_SHARED_SOURCE_SESSION_T,loso_s7,all,1|2|3|4|5|6|8|9,0train,20260924,20,2,2,0.0691941,0.61691403,0.09738428,0.21650757
s07_1test_r0_t35,7,1test,0,35,2,68638,False,Q13-E005,Q9_SHARED_SOURCE_SESSION_T,loso_s7,all,1|2|3|4|5|6|8|9,0train,20260924,20,2,2,0.062638365,0.73281866,0.04574261,0.15880038
s07_1test_r0_t36,7,1test,0,36,1,70702,False,Q13-E005,Q9_SHARED_SOURCE_SESSION_T,loso_s7,all,1|2|3|4|5|6|8|9,0train,20260924,20,1,1,0.5814767,0.12019152,0.12848952,0.16984229
s07_1test_r0_t37,7,1test,0,37,2,72722,False,Q13-E005,Q9_SHARED_SOURCE_SESSION_T,loso_s7,all,1|2|3|4|5|6|8|9,0train,20260924,20,2,4,0.12497159,0.34796003,0.12466258,0.40240574
s07_1test_r0_t38,7,1test,0,38,3,74694,False,Q13-E005,Q9_SHARED_SOURCE_SESSION_T,loso_s7,all,1|2|3|4|5|6|8|9,0train,20260924,20,3,2,0.20134783,0.36248067,0.14122413,0.29494736
s07_1test_r0_t39,7,1test,0,39,2,76657,False,Q13-E005,Q9_SHARED_SOURCE_SESSION_T,loso_s7,all,1|2|3|4|5|6|8|9,0train,20260924,20,2,4,0.13830037,0.37810364,0.052106988,0.43148905
s07_1test_r0_t40,7,1test,0,40,3,78582,False,Q13-E005,Q9_SHARED_SOURCE_SESSION_T,loso_s7,all,1|2|3|4|5|6|8|9,0train,20260924,20,3,4,0.26025882,0.24281761,0.16617797,0.33074564
s07_1test_r0_t41,7,1test,0,41,3,80663,False,Q13-E005,Q9_SHARED_SOURCE_SESSION_T,loso_s7,all,1|2|3|4|5|6|8|9,0train,20260924,20,3,2,0.117165215,0.5042322,0.2489494,0.12965322
s07_1test_r0_t42,7,1test,0,42,4,82641,False,Q13-E005,Q9_SHARED_SOURCE_SESSION_T,loso_s7,all,1|2|3|4|5|6|8|9,0train,20260924,20,4,4,0.13263147,0.30204424,0.07482309,0.49050122
s07_1test_r0_t43,7,1test,0,43,3,84631,False,Q13-E005,Q9_SHARED_SOURCE_SESSION_T,loso_s7,all,1|2|3|4|5|6|8|9,0train,20260924,20,3,1,0.41969422,0.12756972,0.25173062,0.20100549
s07_1test_r0_t44,7,1test,0,44,3,86750,False,Q13-E005,Q9_SHARED_SOURCE_SESSION_T,loso_s7,all,1|2|3|4|5|6|8|9,0train,20260924,20,3,2,0.21074498,0.4639978,0.09867379,0.22658338
s07_1test_r0_t45,7,1test,0,45,4,88656,False,Q13-E005,Q9_SHARED_SOURCE_SESSION_T,loso_s7,all,1|2|3|4|5|6|8|9,0train,20260924,20,4,1,0.52888864,0.26920623,0.023263767,0.17864133
s07_1test_r0_t46,7,1test,0,46,4,90584,False,Q13-E005,Q9_SHARED_SOURCE_SESSION_T,loso_s7,all,1|2|3|4|5|6|8|9,0train,20260924,20,4,4,0.014494655,0.15835476,0.06355296,0.76359767
s07_1test_r0_t47,7,1test,0,47,4,92698,False,Q13-E005,Q9_SHARED_SOURCE_SESSION_T,loso_s7,all,1|2|3|4|5|6|8|9,0train,20260924,20,4,4,0.058645856,0.123918645,0.015900487,0.801535
s07_1test_r0_t48,7,1test,0,48,4,94757,False,Q13-E005,Q9_SHARED_SOURCE_SESSION_T,loso_s7,all,1|2|3|4|5|6|8|9,0train,20260924,20,4,4,0.036824208,0.32642567,0.026457015,0.6102931
s07_1test_r1_t01,7,1test,1,1,4,250,True,Q13-E005,Q9_SHARED_SOURCE_SESSION_T,loso_s7,all,1|2|3|4|5|6|8|9,0train,20260924,20,4,4,0.20522046,0.29792944,0.15167409,0.345176
s07_1test_r1_t02,7,1test,1,2,3,2253,False,Q13-E005,Q9_SHARED_SOURCE_SESSION_T,loso_s7,all,1|2|3|4|5|6|8|9,0train,20260924,20,3,2,0.13927747,0.5324022,0.15644805,0.17187229
s07_1test_r1_t03,7,1test,1,3,2,4171,False,Q13-E005,Q9_SHARED_SOURCE_SESSION_T,loso_s7,all,1|2|3|4|5|6|8|9,0train,20260924,20,2,4,0.18136477,0.34702122,0.11043843,0.36117557
s07_1test_r1_t04,7,1test,1,4,1,6123,False,Q13-E005,Q9_SHARED_SOURCE_SESSION_T,loso_s7,all,1|2|3|4|5|6|8|9,0train,20260924,20,1,1,0.43683696,0.15264405,0.15737224,0.25314683
s07_1test_r1_t05,7,1test,1,5,1,8131,False,Q13-E005,Q9_SHARED_SOURCE_SESSION_T,loso_s7,all,1|2|3|4|5|6|8|9,0train,20260924,20,1,2,0.08641124,0.73328817,0.04565006,0.13465047
s07_1test_r1_t06,7,1test,1,6,2,10242,False,Q13-E005,Q9_SHARED_SOURCE_SESSION_T,loso_s7,all,1|2|3|4|5|6|8|9,0train,20260924,20,2,2,0.18373275,0.39721045,0.0784178,0.34063897
s07_1test_r1_t07,7,1test,1,7,3,12159,False,Q13-E005,Q9_SHARED_SOURCE_SESSION_T,loso_s7,all,1|2|3|4|5|6|8|9,0train,20260924,20,3,1,0.3256435,0.22195143,0.19973329,0.25267184
s07_1test_r1_t08,7,1test,1,8,4,14209,False,Q13-E005,Q9_SHARED_SOURCE_SESSION_T,loso_s7,all,1|2|3|4|5|6|8|9,0train,20260924,20,4,4,0.06890424,0.19387679,0.040434293,0.6967847
s07_1test_r1_t09,7,1test,1,9,2,16140,False,Q13-E005,Q9_SHARED_SOURCE_SESSION_T,loso_s7,all,1|2|3|4|5|6|8|9,0train,20260924,20,2,4,0.20053545,0.19410655,0.15273716,0.45262086
s07_1test_r1_t10,7,1test,1,10,3,18138,False,Q13-E005,Q9_SHARED_SOURCE_SESSION_T,loso_s7,all,1|2|3|4|5|6|8|9,0train,20260924,20,3,1,0.35455048,0.29268727,0.15101774,0.20174451
s07_1test_r1_t11,7,1test,1,11,1,20044,False,Q13-E005,Q9_SHARED_SOURCE_SESSION_T,loso_s7,all,1|2|3|4|5|6|8|9,0train,20260924,20,1,1,0.34126642,0.26019493,0.14857894,0.2499597
s07_1test_r1_t12,7,1test,1,12,1,21939,False,Q13-E005,Q9_SHARED_SOURCE_SESSION_T,loso_s7,all,1|2|3|4|5|6|8|9,0train,20260924,20,1,1,0.29697463,0.27637684,0.15784213,0.26880646
s07_1test_r1_t13,7,1test,1,13,1,23911,False,Q13-E005,Q9_SHARED_SOURCE_SESSION_T,loso_s7,all,1|2|3|4|5|6|8|9,0train,20260924,20,1,4,0.2262472,0.19688798,0.15018673,0.42667803
s07_1test_r1_t14,7,1test,1,14,4,25855,False,Q13-E005,Q9_SHARED_SOURCE_SESSION_T,loso_s7,all,1|2|3|4|5|6|8|9,0train,20260924,20,4,4,0.055215582,0.38414964,0.055502277,0.5051325
s07_1test_r1_t15,7,1test,1,15,2,27822,False,Q13-E005,Q9_SHARED_SOURCE_SESSION_T,loso_s7,all,1|2|3|4|5|6|8|9,0train,20260924,20,2,2,0.09414356,0.44523397,0.1129245,0.347698
s07_1test_r1_t16,7,1test,1,16,2,29942,False,Q13-E005,Q9_SHARED_SOURCE_SESSION_T,loso_s7,all,1|2|3|4|5|6|8|9,0train,20260924,20,2,4,0.2443393,0.23698767,0.073933035,0.44473997
s07_1test_r1_t17,7,1test,1,17,1,31950,False,Q13-E005,Q9_SHARED_SOURCE_SESSION_T,loso_s7,all,1|2|3|4|5|6|8|9,0train,20260924,20,1,4,0.040878825,0.4023116,0.13063735,0.42617223
s07_1test_r1_t18,7,1test,1,18,1,34016,False,Q13-E005,Q9_SHARED_SOURCE_SESSION_T,loso_s7,all,1|2|3|4|5|6|8|9,0train,20260924,20,1,4,0.2848023,0.22923896,0.18616085,0.2997979
s07_1test_r1_t19,7,1test,1,19,3,36052,False,Q13-E005,Q9_SHARED_SOURCE_SESSION_T,loso_s7,all,1|2|3|4|5|6|8|9,0train,20260924,20,3,4,0.2467642,0.020095354,0.15507187,0.57806855
s07_1test_r1_t20,7,1test,1,20,1,38118,False,Q13-E005,Q9_SHARED_SOURCE_SESSION_T,loso_s7,all,1|2|3|4|5|6|8|9,0train,20260924,20,1,2,0.17988251,0.36638254,0.16564088,0.28809404
s07_1test_r1_t21,7,1test,1,21,2,40188,False,Q13-E005,Q9_SHARED_SOURCE_SESSION_T,loso_s7,all,1|2|3|4|5|6|8|9,0train,20260924,20,2,2,0.06698556,0.59495497,0.11021235,0.2278471
s07_1test_r1_t22,7,1test,1,22,4,42268,False,Q13-E005,Q9_SHARED_SOURCE_SESSION_T,loso_s7,all,1|2|3|4|5|6|8|9,0train,20260924,20,4,4,0.16135676,0.010090273,0.16933995,0.659213
s07_1test_r1_t23,7,1test,1,23,4,44180,False,Q13-E005,Q9_SHARED_SOURCE_SESSION_T,loso_s7,all,1|2|3|4|5|6|8|9,0train,20260924,20,4,4,0.38341525,0.11521709,0.08226927,0.41909838
s07_1test_r1_t24,7,1test,1,24,3,46211,False,Q13-E005,Q9_SHARED_SOURCE_SESSION_T,loso_s7,all,1|2|3|4|5|6|8|9,0train,20260924,20,3,2,0.2787892,0.47274876,0.1027396,0.14572242
s07_1test_r1_t25,7,1test,1,25,1,48164,False,Q13-E005,Q9_SHARED_SOURCE_SESSION_T,loso_s7,all,1|2|3|4|5|6|8|9,0train,20260924,20,1,4,0.12569304,0.3173061,0.051491547,0.50550926
s07_1test_r1_t26,7,1test,1,26,4,50125,False,Q13-E005,Q9_SHARED_SOURCE_SESSION_T,loso_s7,all,1|2|3|4|5|6|8|9,0train,20260924,20,4,4,0.035706397,0.46274567,0.024594583,0.4769533
s07_1test_r1_t27,7,1test,1,27,4,52229,False,Q13-E005,Q9_SHARED_SOURCE_SESSION_T,loso_s7,all,1|2|3|4|5|6|8|9,0train,20260924,20,4,1,0.3387184,0.27509132,0.09314368,0.29304665
s07_1test_r1_t28,7,1test,1,28,2,54233,False,Q13-E005,Q9_SHARED_SOURCE_SESSION_T,loso_s7,all,1|2|3|4|5|6|8|9,0train,20260924,20,2,1,0.4886828,0.22484843,0.08547104,0.20099773
s07_1test_r1_t29,7,1test,1,29,4,56208,False,Q13-E005,Q9_SHARED_SOURCE_SESSION_T,loso_s7,all,1|2|3|4|5|6|8|9,0train,20260924,20,4,4,0.14480057,0.05786502,0.09218706,0.7051474
s07_1test_r1_t30,7,1test,1,30,4,58234,False,Q13-E005,Q9_SHARED_SOURCE_SESSION_T,loso_s7,all,1|2|3|4|5|6|8|9,0train,20260924,20,4,2,0.17090455,0.45333344,0.078015804,0.2977462
s07_1test_r1_t31,7,1test,1,31,2,60305,False,Q13-E005,Q9_SHARED_SOURCE_SESSION_T,loso_s7,all,1|2|3|4|5|6|8|9,0train,20260924,20,2,2,0.18475491,0.46092996,0.09118411,0.2631311
s07_1test_r1_t32,7,1test,1,32,1,62412,False,Q13-E005,Q9_SHARED_SOURCE_SESSION_T,loso_s7,all,1|2|3|4|5|6|8|9,0train,20260924,20,1,4,0.122606516,0.17946847,0.16907662,0.5288484
s07_1test_r1_t33,7,1test,1,33,2,64504,False,Q13-E005,Q9_SHARED_SOURCE_SESSION_T,loso_s7,all,1|2|3|4|5|6|8|9,0train,20260924,20,2,1,0.65686834,0.16800387,0.074952856,0.100174926
s07_1test_r1_t34,7,1test,1,34,3,66595,False,Q13-E005,Q9_SHARED_SOURCE_SESSION_T,loso_s7,all,1|2|3|4|5|6|8|9,0train,20260924,20,3,2,0.1824337,0.3557069,0.19029725,0.27156222
s07_1test_r1_t35,7,1test,1,35,3,68638,False,Q13-E005,Q9_SHARED_SOURCE_SESSION_T,loso_s7,all,1|2|3|4|5|6|8|9,0train,20260924,20,3,4,0.07832488,0.29200816,0.2063779,0.42328903
s07_1test_r1_t36,7,1test,1,36,3,70702,False,Q13-E005,Q9_SHARED_SOURCE_SESSION_T,loso_s7,all,1|2|3|4|5|6|8|9,0train,20260924,20,3,4,0.29371044,0.13685285,0.2073721,0.36206463
s07_1test_r1_t37,7,1test,1,37,4,72722,True,Q13-E005,Q9_SHARED_SOURCE_SESSION_T,loso_s7,all,1|2|3|4|5|6|8|9,0train,20260924,20,4,4,0.021749992,0.11484504,0.06134854,0.80205643
s07_1test_r1_t38,7,1test,1,38,3,74694,False,Q13-E005,Q9_SHARED_SOURCE_SESSION_T,loso_s7,all,1|2|3|4|5|6|8|9,0train,20260924,20,3,4,0.24569574,0.19814496,0.11874226,0.4374171
s07_1test_r1_t39,7,1test,1,39,1,76657,False,Q13-E005,Q9_SHARED_SOURCE_SESSION_T,loso_s7,all,1|2|3|4|5|6|8|9,0train,20260924,20,1,1,0.5254522,0.2684084,0.08922357,0.11691589
s07_1test_r1_t40,7,1test,1,40,4,78582,False,Q13-E005,Q9_SHARED_SOURCE_SESSION_T,loso_s7,all,1|2|3|4|5|6|8|9,0train,20260924,20,4,4,0.0073176627,0.015230135,0.011342009,0.9661103
s07_1test_r1_t41,7,1test,1,41,2,80663,False,Q13-E005,Q9_SHARED_SOURCE_SESSION_T,loso_s7,all,1|2|3|4|5|6|8|9,0train,20260924,20,2,2,0.079192616,0.53478134,0.06866158,0.31736448
s07_1test_r1_t42,7,1test,1,42,3,82641,False,Q13-E005,Q9_SHARED_SOURCE_SESSION_T,loso_s7,all,1|2|3|4|5|6|8|9,0train,20260924,20,3,2,0.09987694,0.4393031,0.14064416,0.32017577
s07_1test_r1_t43,7,1test,1,43,2,84631,False,Q13-E005,Q9_SHARED_SOURCE_SESSION_T,loso_s7,all,1|2|3|4|5|6|8|9,0train,20260924,20,2,2,0.10173002,0.3993377,0.11972519,0.37920707
s07_1test_r1_t44,7,1test,1,44,3,86750,False,Q13-E005,Q9_SHARED_SOURCE_SESSION_T,loso_s7,all,1|2|3|4|5|6|8|9,0train,20260924,20,3,1,0.42436132,0.27544537,0.09794024,0.20225304
s07_1test_r1_t45,7,1test,1,45,4,88656,True,Q13-E005,Q9_SHARED_SOURCE_SESSION_T,loso_s7,all,1|2|3|4|5|6|8|9,0train,20260924,20,4,1,0.37551418,0.2119918,0.05603113,0.35646296
s07_1test_r1_t46,7,1test,1,46,2,90584,False,Q13-E005,Q9_SHARED_SOURCE_SESSION_T,loso_s7,all,1|2|3|4|5|6|8|9,0train,20260924,20,2,2,0.12303521,0.39403486,0.20277672,0.28015324
s07_1test_r1_t47,7,1test,1,47,3,92698,False,Q13-E005,Q9_SHARED_SOURCE_SESSION_T,loso_s7,all,1|2|3|4|5|6|8|9,0train,20260924,20,3,4,0.19661514,0.073063076,0.2468142,0.48350757
s07_1test_r1_t48,7,1test,1,48,1,94757,False,Q13-E005,Q9_SHARED_SOURCE_SESSION_T,loso_s7,all,1|2|3|4|5|6|8|9,0train,20260924,20,1,4,0.34225383,0.087509766,0.112725876,0.45751047
s07_1test_r2_t01,7,1test,2,1,1,250,False,Q13-E005,Q9_SHARED_SOURCE_SESSION_T,loso_s7,all,1|2|3|4|5|6|8|9,0train,20260924,20,1,2,0.18195947,0.3888718,0.112302005,0.3168668
s07_1test_r2_t02,7,1test,2,2,1,2253,False,Q13-E005,Q9_SHARED_SOURCE_SESSION_T,loso_s7,all,1|2|3|4|5|6|8|9,0train,20260924,20,1,2,0.112894095,0.38921177,0.15937535,0.33851886
s07_1test_r2_t03,7,1test,2,3,4,4171,False,Q13-E005,Q9_SHARED_SOURCE_SESSION_T,loso_s7,all,1|2|3|4|5|6|8|9,0train,20260924,20,4,4,0.2337639,0.27883375,0.077666275,0.40973604
s07_1test_r2_t04,7,1test,2,4,2,6123,False,Q13-E005,Q9_SHARED_SOURCE_SESSION_T,loso_s7,all,1|2|3|4|5|6|8|9,0train,20260924,20,2,4,0.12403989,0.31817535,0.09724813,0.4605366
s07_1test_r2_t05,7,1test,2,5,1,8131,False,Q13-E005,Q9_SHARED_SOURCE_SESSION_T,loso_s7,all,1|2|3|4|5|6|8|9,0train,20260924,20,1,4,0.013025507,0.12590769,0.026864069,0.8342027
s07_1test_r2_t06,7,1test,2,6,3,10242,False,Q13-E005,Q9_SHARED_SOURCE_SESSION_T,loso_s7,all,1|2|3|4|5|6|8|9,0train,20260924,20,3,2,0.17714472,0.49441367,0.16123727,0.16720423
s07_1test_r2_t07,7,1test,2,7,1,12159,False,Q13-E005,Q9_SHARED_SOURCE_SESSION_T,loso_s7,all,1|2|3|4|5|6|8|9,0train,20260924,20,1,2,0.24671243,0.4594825,0.033246696,0.26055837
s07_1test_r2_t08,7,1test,2,8,3,14209,False,Q13-E005,Q9_SHARED_SOURCE_SESSION_T,loso_s7,all,1|2|3|4|5|6|8|9,0train,20260924,20,3,4,0.11503948,0.34497598,0.18019447,0.35979003
s07_1test_r2_t09,7,1test,2,9,2,16140,False,Q13-E005,Q9_SHARED_SOURCE_SESSION_T,loso_s7,all,1|2|3|4|5|6|8|9,0train,20260924,20,2,2,0.09773459,0.6014249,0.019722734,0.2811178
s07_1test_r2_t10,7,1test,2,10,4,18138,False,Q13-E005,Q9_SHARED_SOURCE_SESSION_T,loso_s7,all,1|2|3|4|5|6|8|9,0train,20260924,20,4,4,0.12533775,0.20777,0.033553265,0.6333389
s07_1test_r2_t11,7,1test,2,11,1,20044,False,Q13-E005,Q9_SHARED_SOURCE_SESSION_T,loso_s7,all,1|2|3|4|5|6|8|9,0train,20260924,20,1,4,0.18284403,0.1082563,0.06961918,0.6392805
s07_1test_r2_t12,7,1test,2,12,3,21939,False,Q13-E005,Q9_SHARED_SOURCE_SESSION_T,loso_s7,all,1|2|3|4|5|6|8|9,0train,20260924,20,3,2,0.08691479,0.45540044,0.15033212,0.30735266
s07_1test_r2_t13,7,1test,2,13,3,23911,False,Q13-E005,Q9_SHARED_SOURCE_SESSION_T,loso_s7,all,1|2|3|4|5|6|8|9,0train,20260924,20,3,1,0.38999698,0.34393126,0.13879578,0.12727602
s07_1test_r2_t14,7,1test,2,14,1,25855,False,Q13-E005,Q9_SHARED_SOURCE_SESSION_T,loso_s7,all,1|2|3|4|5|6|8|9,0train,20260924,20,1,2,0.13418463,0.469902,0.037948944,0.35796437
s07_1test_r2_t15,7,1test,2,15,3,27822,False,Q13-E005,Q9_SHARED_SOURCE_SESSION_T,loso_s7,all,1|2|3|4|5|6|8|9,0train,20260924,20,3,4,0.32107422,0.12332036,0.06046119,0.4951442
s07_1test_r2_t16,7,1test,2,16,2,29942,False,Q13-E005,Q9_SHARED_SOURCE_SESSION_T,loso_s7,all,1|2|3|4|5|6|8|9,0train,20260924,20,2,2,0.11370662,0.59743136,0.07659215,0.2122699
s07_1test_r2_t17,7,1test,2,17,4,31950,False,Q13-E005,Q9_SHARED_SOURCE_SESSION_T,loso_s7,all,1|2|3|4|5|6|8|9,0train,20260924,20,4,4,0.30843696,0.3073517,0.06782835,0.31638303
s07_1test_r2_t18,7,1test,2,18,4,34016,False,Q13-E005,Q9_SHARED_SOURCE_SESSION_T,loso_s7,all,1|2|3|4|5|6|8|9,0train,20260924,20,4,4,0.04577343,0.4379451,0.04453705,0.47174445
s07_1test_r2_t19,7,1test,2,19,4,36052,False,Q13-E005,Q9_SHARED_SOURCE_SESSION_T,loso_s7,all,1|2|3|4|5|6|8|9,0train,20260924,20,4,4,0.23297727,0.14259383,0.13174482,0.49268404
s07_1test_r2_t20,7,1test,2,20,3,38118,False,Q13-E005,Q9_SHARED_SOURCE_SESSION_T,loso_s7,all,1|2|3|4|5|6|8|9,0train,20260924,20,3,2,0.31184506,0.40520105,0.078141764,0.20481212
s07_1test_r2_t21,7,1test,2,21,1,40188,False,Q13-E005,Q9_SHARED_SOURCE_SESSION_T,loso_s7,all,1|2|3|4|5|6|8|9,0train,20260924,20,1,2,0.22294566,0.4264587,0.061595634,0.28900003
s07_1test_r2_t22,7,1test,2,22,4,42268,False,Q13-E005,Q9_SHARED_SOURCE_SESSION_T,loso_s7,all,1|2|3|4|5|6|8|9,0train,20260924,20,4,4,0.29485393,0.15524714,0.20598412,0.34391484
s07_1test_r2_t23,7,1test,2,23,2,44180,False,Q13-E005,Q9_SHARED_SOURCE_SESSION_T,loso_s7,all,1|2|3|4|5|6|8|9,0train,20260924,20,2,4,0.21938144,0.22503667,0.07125356,0.48432836
s07_1test_r2_t24,7,1test,2,24,4,46211,False,Q13-E005,Q9_SHARED_SOURCE_SESSION_T,loso_s7,all,1|2|3|4|5|6|8|9,0train,20260924,20,4,4,0.01567012,0.43063673,0.02263353,0.5310596
s07_1test_r2_t25,7,1test,2,25,2,48164,False,Q13-E005,Q9_SHARED_SOURCE_SESSION_T,loso_s7,all,1|2|3|4|5|6|8|9,0train,20260924,20,2,4,0.123391345,0.28728178,0.1531983,0.43612853
s07_1test_r2_t26,7,1test,2,26,1,50125,False,Q13-E005,Q9_SHARED_SOURCE_SESSION_T,loso_s7,all,1|2|3|4|5|6|8|9,0train,20260924,20,1,4,0.27056116,0.1859037,0.09220099,0.45133412
s07_1test_r2_t27,7,1test,2,27,3,52229,False,Q13-E005,Q9_SHARED_SOURCE_SESSION_T,loso_s7,all,1|2|3|4|5|6|8|9,0train,20260924,20,3,2,0.120586865,0.6057838,0.111199096,0.16243021
s07_1test_r2_t28,7,1test,2,28,2,54233,False,Q13-E005,Q9_SHARED_SOURCE_SESSION_T,loso_s7,all,1|2|3|4|5|6|8|9,0train,20260924,20,2,2,0.077975184,0.51747817,0.035259724,0.36928692
s07_1test_r2_t29,7,1test,2,29,1,56208,False,Q13-E005,Q9_SHARED_SOURCE_SESSION_T,loso_s7,all,1|2|3|4|5|6|8|9,0train,20260924,20,1,1,0.36247137,0.23747689,0.108609684,0.29144204
s07_1test_r2_t30,7,1test,2,30,3,58234,False,Q13-E005,Q9_SHARED_SOURCE_SESSION_T,loso_s7,all,1|2|3|4|5|6|8|9,0train,20260924,20,3,4,0.09865325,0.40285408,0.0805076,0.41798505
s07_1test_r2_t31,7,1test,2,31,3,60305,False,Q13-E005,Q9_SHARED_SOURCE_SESSION_T,loso_s7,all,1|2|3|4|5|6|8|9,0train,20260924,20,3,2,0.05941731,0.45988244,0.117214814,0.3634854
s07_1test_r2_t32,7,1test,2,32,1,62412,False,Q13-E005,Q9_SHARED_SOURCE_SESSION_T,loso_s7,all,1|2|3|4|5|6|8|9,0train,20260924,20,1,2,0.21778977,0.49678093,0.054588713,0.23084056
s07_1test_r2_t33,7,1test,2,33,3,64504,False,Q13-E005,Q9_SHARED_SOURCE_SESSION_T,loso_s7,all,1|2|3|4|5|6|8|9,0train,20260924,20,3,2,0.26414603,0.54491246,0.08439054,0.10655102
s07_1test_r2_t34,7,1test,2,34,4,66595,False,Q13-E005,Q9_SHARED_SOURCE_SESSION_T,loso_s7,all,1|2|3|4|5|6|8|9,0train,20260924,20,4,4,0.20992199,0.11831447,0.07886804,0.5928955
s07_1test_r2_t35,7,1test,2,35,4,68638,True,Q13-E005,Q9_SHARED_SOURCE_SESSION_T,loso_s7,all,1|2|3|4|5|6|8|9,0train,20260924,20,4,4,0.03127385,0.25283703,0.04573485,0.6701543
s07_1test_r2_t36,7,1test,2,36,2,70702,False,Q13-E005,Q9_SHARED_SOURCE_SESSION_T,loso_s7,all,1|2|3|4|5|6|8|9,0train,20260924,20,2,2,0.16225882,0.37972918,0.10831397,0.34969804
s07_1test_r2_t37,7,1test,2,37,1,72722,False,Q13-E005,Q9_SHARED_SOURCE_SESSION_T,loso_s7,all,1|2|3|4|5|6|8|9,0train,20260924,20,1,4,0.21044628,0.14475031,0.1677765,0.47702685
s07_1test_r2_t38,7,1test,2,38,2,74694,False,Q13-E005,Q9_SHARED_SOURCE_SESSION_T,loso_s7,all,1|2|3|4|5|6|8|9,0train,20260924,20,2,2,0.19563144,0.33096644,0.2361665,0.23723559
s07_1test_r2_t39,7,1test,2,39,4,76657,False,Q13-E005,Q9_SHARED_SOURCE_SESSION_T,loso_s7,all,1|2|3|4|5|6|8|9,0train,20260924,20,4,4,0.022221714,0.08833443,0.009581835,0.879862
s07_1test_r2_t40,7,1test,2,40,2,78582,False,Q13-E005,Q9_SHARED_SOURCE_SESSION_T,loso_s7,all,1|2|3|4|5|6|8|9,0train,20260924,20,2,2,0.12756734,0.5842692,0.052673493,0.23548993
s07_1test_r2_t41,7,1test,2,41,4,80663,False,Q13-E005,Q9_SHARED_SOURCE_SESSION_T,loso_s7,all,1|2|3|4|5|6|8|9,0train,20260924,20,4,4,0.1348323,0.38647392,0.06921858,0.4094752
s07_1test_r2_t42,7,1test,2,42,3,82641,False,Q13-E005,Q9_SHARED_SOURCE_SESSION_T,loso_s7,all,1|2|3|4|5|6|8|9,0train,20260924,20,3,2,0.27809456,0.3851441,0.11969373,0.21706755
s07_1test_r2_t43,7,1test,2,43,2,84631,False,Q13-E005,Q9_SHARED_SOURCE_SESSION_T,loso_s7,all,1|2|3|4|5|6|8|9,0train,20260924,20,2,1,0.6189014,0.057488646,0.103528395,0.22008157
s07_1test_r2_t44,7,1test,2,44,2,86750,False,Q13-E005,Q9_SHARED_SOURCE_SESSION_T,loso_s7,all,1|2|3|4|5|6|8|9,0train,20260924,20,2,2,0.22765754,0.5560012,0.08412957,0.13221169
s07_1test_r2_t45,7,1test,2,45,2,88656,False,Q13-E005,Q9_SHARED_SOURCE_SESSION_T,loso_s7,all,1|2|3|4|5|6|8|9,0train,20260924,20,2,2,0.26217863,0.45678946,0.07348851,0.20754339
s07_1test_r2_t46,7,1test,2,46,3,90584,False,Q13-E005,Q9_SHARED_SOURCE_SESSION_T,loso_s7,all,1|2|3|4|5|6|8|9,0train,20260924,20,3,2,0.29610363,0.3256785,0.062830955,0.31538686
s07_1test_r2_t47,7,1test,2,47,4,92698,False,Q13-E005,Q9_SHARED_SOURCE_SESSION_T,loso_s7,all,1|2|3|4|5|6|8|9,0train,20260924,20,4,4,0.039096534,0.049204253,0.047401108,0.8642981
s07_1test_r2_t48,7,1test,2,48,1,94757,False,Q13-E005,Q9_SHARED_SOURCE_SESSION_T,loso_s7,all,1|2|3|4|5|6|8|9,0train,20260924,20,1,2,0.107971154,0.43652222,0.08909746,0.36640915
s07_1test_r3_t01,7,1test,3,1,2,250,True,Q13-E005,Q9_SHARED_SOURCE_SESSION_T,loso_s7,all,1|2|3|4|5|6|8|9,0train,20260924,20,2,4,0.23455374,0.13300309,0.13973294,0.4927102
s07_1test_r3_t02,7,1test,3,2,4,2253,False,Q13-E005,Q9_SHARED_SOURCE_SESSION_T,loso_s7,all,1|2|3|4|5|6|8|9,0train,20260924,20,4,4,0.12309179,0.1450339,0.06096468,0.6709096
s07_1test_r3_t03,7,1test,3,3,1,4171,False,Q13-E005,Q9_SHARED_SOURCE_SESSION_T,loso_s7,all,1|2|3|4|5|6|8|9,0train,20260924,20,1,4,0.09642208,0.34735858,0.14270444,0.4135149
s07_1test_r3_t04,7,1test,3,4,3,6123,False,Q13-E005,Q9_SHARED_SOURCE_SESSION_T,loso_s7,all,1|2|3|4|5|6|8|9,0train,20260924,20,3,1,0.5129998,0.119453445,0.10650798,0.2610388
s07_1test_r3_t05,7,1test,3,5,3,8131,False,Q13-E005,Q9_SHARED_SOURCE_SESSION_T,loso_s7,all,1|2|3|4|5|6|8|9,0train,20260924,20,3,2,0.20274054,0.52377224,0.122264765,0.15122247
s07_1test_r3_t06,7,1test,3,6,4,10242,False,Q13-E005,Q9_SHARED_SOURCE_SESSION_T,loso_s7,all,1|2|3|4|5|6|8|9,0train,20260924,20,4,4,0.045870602,0.08489759,0.053855572,0.8153762
s07_1test_r3_t07,7,1test,3,7,1,12159,False,Q13-E005,Q9_SHARED_SOURCE_SESSION_T,loso_s7,all,1|2|3|4|5|6|8|9,0train,20260924,20,1,1,0.40461776,0.19159447,0.1826869,0.2211009
s07_1test_r3_t08,7,1test,3,8,1,14209,True,Q13-E005,Q9_SHARED_SOURCE_SESSION_T,loso_s7,all,1|2|3|4|5|6|8|9,0train,20260924,20,1,1,0.38335025,0.26366755,0.072115965,0.28086627
s07_1test_r3_t09,7,1test,3,9,3,16140,False,Q13-E005,Q9_SHARED_SOURCE_SESSION_T,loso_s7,all,1|2|3|4|5|6|8|9,0train,20260924,20,3,2,0.23305902,0.35378748,0.20737813,0.20577541
s07_1test_r3_t10,7,1test,3,10,2,18138,False,Q13-E005,Q9_SHARED_SOURCE_SESSION_T,loso_s7,all,1|2|3|4|5|6|8|9,0train,20260924,20,2,2,0.16487086,0.46168044,0.17963007,0.1938187
s07_1test_r3_t11,7,1test,3,11,4,20044,False,Q13-E005,Q9_SHARED_SOURCE_SESSION_T,loso_s7,all,1|2|3|4|5|6|8|9,0train,20260924,20,4,4,0.04621329,0.24447651,0.043699056,0.6656112
s07_1test_r3_t12,7,1test,3,12,4,21939,False,Q13-E005,Q9_SHARED_SOURCE_SESSION_T,loso_s7,all,1|2|3|4|5|6|8|9,0train,20260924,20,4,2,0.006931294,0.5308476,0.005385376,0.4568357
s07_1test_r3_t13,7,1test,3,13,4,23911,False,Q13-E005,Q9_SHARED_SOURCE_SESSION_T,loso_s7,all,1|2|3|4|5|6|8|9,0train,20260924,20,4,4,0.21738958,0.078395426,0.21334967,0.49086535
s07_1test_r3_t14,7,1test,3,14,2,25855,False,Q13-E005,Q9_SHARED_SOURCE_SESSION_T,loso_s7,all,1|2|3|4|5|6|8|9,0train,20260924,20,2,4,0.22295918,0.27369058,0.09868582,0.40466443
s07_1test_r3_t15,7,1test,3,15,1,27822,False,Q13-E005,Q9_SHARED_SOURCE_SESSION_T,loso_s7,all,1|2|3|4|5|6|8|9,0train,20260924,20,1,4,0.17137213,0.36192077,0.06333092,0.4033762
s07_1test_r3_t16,7,1test,3,16,3,29942,False,Q13-E005,Q9_SHARED_SOURCE_SESSION_T,loso_s7,all,1|2|3|4|5|6|8|9,0train,20260924,20,3,2,0.27114874,0.33265582,0.2212169,0.17497852
s07_1test_r3_t17,7,1test,3,17,2,31950,False,Q13-E005,Q9_SHARED_SOURCE_SESSION_T,loso_s7,all,1|2|3|4|5|6|8|9,0train,20260924,20,2,2,0.031239774,0.71665025,0.07645861,0.17565142
s07_1test_r3_t18,7,1test,3,18,4,34016,False,Q13-E005,Q9_SHARED_SOURCE_SESSION_T,loso_s7,all,1|2|3|4|5|6|8|9,0train,20260924,20,4,2,0.052686382,0.43491647,0.22282661,0.28957057
s07_1test_r3_t19,7,1test,3,19,1,36052,False,Q13-E005,Q9_SHARED_SOURCE_SESSION_T,loso_s7,all,1|2|3|4|5|6|8|9,0train,20260924,20,1,4,0.105687425,0.38942072,0.08375189,0.42114
s07_1test_r3_t20,7,1test,3,20,4,38118,False,Q13-E005,Q9_SHARED_SOURCE_SESSION_T,loso_s7,all,1|2|3|4|5|6|8|9,0train,20260924,20,4,2,0.16725942,0.3673184,0.15438218,0.31103998
s07_1test_r3_t21,7,1test,3,21,3,40188,False,Q13-E005,Q9_SHARED_SOURCE_SESSION_T,loso_s7,all,1|2|3|4|5|6|8|9,0train,20260924,20,3,1,0.28421903,0.2420001,0.20463464,0.26914623
s07_1test_r3_t22,7,1test,3,22,2,42268,True,Q13-E005,Q9_SHARED_SOURCE_SESSION_T,loso_s7,all,1|2|3|4|5|6|8|9,0train,20260924,20,2,2,0.10704875,0.6173875,0.089267224,0.18629648
s07_1test_r3_t23,7,1test,3,23,4,44180,False,Q13-E005,Q9_SHARED_SOURCE_SESSION_T,loso_s7,all,1|2|3|4|5|6|8|9,0train,20260924,20,4,4,0.29917514,0.099996634,0.21180421,0.389024
s07_1test_r3_t24,7,1test,3,24,4,46211,False,Q13-E005,Q9_SHARED_SOURCE_SESSION_T,loso_s7,all,1|2|3|4|5|6|8|9,0train,20260924,20,4,4,0.1186877,0.37424004,0.06745693,0.43961534
s07_1test_r3_t25,7,1test,3,25,1,48164,False,Q13-E005,Q9_SHARED_SOURCE_SESSION_T,loso_s7,all,1|2|3|4|5|6|8|9,0train,20260924,20,1,2,0.15817724,0.4116868,0.16197035,0.26816553
s07_1test_r3_t26,7,1test,3,26,2,50125,False,Q13-E005,Q9_SHARED_SOURCE_SESSION_T,loso_s7,all,1|2|3|4|5|6|8|9,0train,20260924,20,2,2,0.18146607,0.45090348,0.12347304,0.2441575
s07_1test_r3_t27,7,1test,3,27,2,52229,False,Q13-E005,Q9_SHARED_SOURCE_SESSION_T,loso_s7,all,1|2|3|4|5|6|8|9,0train,20260924,20,2,1,0.94178236,0.0090573,0.030929847,0.018230472
s07_1test_r3_t28,7,1test,3,28,3,54233,False,Q13-E005,Q9_SHARED_SOURCE_SESSION_T,loso_s7,all,1|2|3|4|5|6|8|9,0train,20260924,20,3,4,0.3048454,0.21068822,0.17312475,0.31134167
s07_1test_r3_t29,7,1test,3,29,4,56208,False,Q13-E005,Q9_SHARED_SOURCE_SESSION_T,loso_s7,all,1|2|3|4|5|6|8|9,0train,20260924,20,4,4,0.047760095,0.14783907,0.02009598,0.78430486
s07_1test_r3_t30,7,1test,3,30,2,58234,False,Q13-E005,Q9_SHARED_SOURCE_SESSION_T,loso_s7,all,1|2|3|4|5|6|8|9,0train,20260924,20,2,4,0.038615186,0.23238559,0.054663975,0.67433524
s07_1test_r3_t31,7,1test,3,31,1,60305,False,Q13-E005,Q9_SHARED_SOURCE_SESSION_T,loso_s7,all,1|2|3|4|5|6|8|9,0train,20260924,20,1,4,0.24182151,0.088041976,0.124095716,0.5460408
s07_1test_r3_t32,7,1test,3,32,1,62412,False,Q13-E005,Q9_SHARED_SOURCE_SESSION_T,loso_s7,all,1|2|3|4|5|6|8|9,0train,20260924,20,1,4,0.18424356,0.16273193,0.1247597,0.52826476
s07_1test_r3_t33,7,1test,3,33,4,64504,False,Q13-E005,Q9_SHARED_SOURCE_SESSION_T,loso_s7,all,1|2|3|4|5|6|8|9,0train,20260924,20,4,4,0.24702118,0.046277065,0.07654476,0.630157
s07_1test_r3_t34,7,1test,3,34,2,66595,False,Q13-E005,Q9_SHARED_SOURCE_SESSION_T,loso_s7,all,1|2|3|4|5|6|8|9,0train,20260924,20,2,2,0.31203052,0.35424092,0.052778974,0.28094956
s07_1test_r3_t35,7,1test,3,35,1,68638,False,Q13-E005,Q9_SHARED_SOURCE_SESSION_T,loso_s7,all,1|2|3|4|5|6|8|9,0train,20260924,20,1,1,0.44647813,0.079877675,0.06716442,0.40647984
s07_1test_r3_t36,7,1test,3,36,3,70702,False,Q13-E005,Q9_SHARED_SOURCE_SESSION_T,loso_s7,all,1|2|3|4|5|6|8|9,0train,20260924,20,3,2,0.0281929,0.56209415,0.013577539,0.39613536
s07_1test_r3_t37,7,1test,3,37,2,72722,False,Q13-E005,Q9_SHARED_SOURCE_SESSION_T,loso_s7,all,1|2|3|4|5|6|8|9,0train,20260924,20,2,4,0.22836426,0.21699291,0.06760735,0.4870355
s07_1test_r3_t38,7,1test,3,38,2,74694,False,Q13-E005,Q9_SHARED_SOURCE_SESSION_T,loso_s7,all,1|2|3|4|5|6|8|9,0train,20260924,20,2,2,0.15263648,0.45933276,0.052967675,0.33506307
s07_1test_r3_t39,7,1test,3,39,3,76657,False,Q13-E005,Q9_SHARED_SOURCE_SESSION_T,loso_s7,all,1|2|3|4|5|6|8|9,0train,20260924,20,3,4,0.21287902,0.27835554,0.10709744,0.40166807
s07_1test_r3_t40,7,1test,3,40,1,78582,False,Q13-E005,Q9_SHARED_SOURCE_SESSION_T,loso_s7,all,1|2|3|4|5|6|8|9,0train,20260924,20,1,4,0.2605924,0.1620259,0.10699011,0.4703916
s07_1test_r3_t41,7,1test,3,41,4,80663,False,Q13-E005,Q9_SHARED_SOURCE_SESSION_T,loso_s7,all,1|2|3|4|5|6|8|9,0train,20260924,20,4,2,0.08717557,0.5307304,0.15477334,0.22732069
s07_1test_r3_t42,7,1test,3,42,3,82641,False,Q13-E005,Q9_SHARED_SOURCE_SESSION_T,loso_s7,all,1|2|3|4|5|6|8|9,0train,20260924,20,3,4,0.17447183,0.26405787,0.12929562,0.43217462
s07_1test_r3_t43,7,1test,3,43,3,84631,False,Q13-E005,Q9_SHARED_SOURCE_SESSION_T,loso_s7,all,1|2|3|4|5|6|8|9,0train,20260924,20,3,2,0.14450285,0.41441754,0.13609587,0.30498376
s07_1test_r3_t44,7,1test,3,44,3,86750,False,Q13-E005,Q9_SHARED_SOURCE_SESSION_T,loso_s7,all,1|2|3|4|5|6|8|9,0train,20260924,20,3,2,0.119715385,0.40568647,0.14150286,0.33309534
s07_1test_r3_t45,7,1test,3,45,3,88656,False,Q13-E005,Q9_SHARED_SOURCE_SESSION_T,loso_s7,all,1|2|3|4|5|6|8|9,0train,20260924,20,3,4,0.11002355,0.20540951,0.16701482,0.5175521
s07_1test_r3_t46,7,1test,3,46,1,90584,False,Q13-E005,Q9_SHARED_SOURCE_SESSION_T,loso_s7,all,1|2|3|4|5|6|8|9,0train,20260924,20,1,4,0.10906879,0.22401856,0.053729385,0.61318326
s07_1test_r3_t47,7,1test,3,47,2,92698,False,Q13-E005,Q9_SHARED_SOURCE_SESSION_T,loso_s7,all,1|2|3|4|5|6|8|9,0train,20260924,20,2,4,0.16282621,0.36884975,0.077838674,0.39048532
s07_1test_r3_t48,7,1test,3,48,1,94757,False,Q13-E005,Q9_SHARED_SOURCE_SESSION_T,loso_s7,all,1|2|3|4|5|6|8|9,0train,20260924,20,1,2,0.07462367,0.6593654,0.033256926,0.23275407
s07_1test_r4_t01,7,1test,4,1,2,250,False,Q13-E005,Q9_SHARED_SOURCE_SESSION_T,loso_s7,all,1|2|3|4|5|6|8|9,0train,20260924,20,2,1,0.3986024,0.16794075,0.22489816,0.20855871
s07_1test_r4_t02,7,1test,4,2,1,2253,False,Q13-E005,Q9_SHARED_SOURCE_SESSION_T,loso_s7,all,1|2|3|4|5|6|8|9,0train,20260924,20,1,2,0.1794994,0.49038655,0.12448987,0.20562418
s07_1test_r4_t03,7,1test,4,3,1,4171,False,Q13-E005,Q9_SHARED_SOURCE_SESSION_T,loso_s7,all,1|2|3|4|5|6|8|9,0train,20260924,20,1,2,0.31321216,0.3372739,0.04513094,0.304383
s07_1test_r4_t04,7,1test,4,4,3,6123,False,Q13-E005,Q9_SHARED_SOURCE_SESSION_T,loso_s7,all,1|2|3|4|5|6|8|9,0train,20260924,20,3,2,0.16404283,0.4641215,0.1664898,0.20534581
s07_1test_r4_t05,7,1test,4,5,3,8131,False,Q13-E005,Q9_SHARED_SOURCE_SESSION_T,loso_s7,all,1|2|3|4|5|6|8|9,0train,20260924,20,3,2,0.10974928,0.4314786,0.12700064,0.33177155
s07_1test_r4_t06,7,1test,4,6,2,10242,False,Q13-E005,Q9_SHARED_SOURCE_SESSION_T,loso_s7,all,1|2|3|4|5|6|8|9,0train,20260924,20,2,1,0.60832053,0.10605471,0.0993832,0.18624157
s07_1test_r4_t07,7,1test,4,7,3,12159,False,Q13-E005,Q9_SHARED_SOURCE_SESSION_T,loso_s7,all,1|2|3|4|5|6|8|9,0train,20260924,20,3,2,0.1595742,0.375854,0.15002155,0.31455025
s07_1test_r4_t08,7,1test,4,8,4,14209,False,Q13-E005,Q9_SHARED_SOURCE_SESSION_T,loso_s7,all,1|2|3|4|5|6|8|9,0train,20260924,20,4,2,0.22610663,0.35407215,0.06669645,0.3531247
s07_1test_r4_t09,7,1test,4,9,1,16140,False,Q13-E005,Q9_SHARED_SOURCE_SESSION_T,loso_s7,all,1|2|3|4|5|6|8|9,0train,20260924,20,1,2,0.2171324,0.40447518,0.14920856,0.22918382
s07_1test_r4_t10,7,1test,4,10,4,18138,False,Q13-E005,Q9_SHARED_SOURCE_SESSION_T,loso_s7,all,1|2|3|4|5|6|8|9,0train,20260924,20,4,2,0.20599921,0.46133742,0.17166324,0.16100012
s07_1test_r4_t11,7,1test,4,11,1,20044,False,Q13-E005,Q9_SHARED_SOURCE_SESSION_T,loso_s7,all,1|2|3|4|5|6|8|9,0train,20260924,20,1,4,0.12141162,0.323204,0.11086672,0.4445177
s07_1test_r4_t12,7,1test,4,12,1,21939,False,Q13-E005,Q9_SHARED_SOURCE_SESSION_T,loso_s7,all,1|2|3|4|5|6|8|9,0train,20260924,20,1,1,0.3488213,0.09149888,0.2522629,0.30741692
s07_1test_r4_t13,7,1test,4,13,2,23911,False,Q13-E005,Q9_SHARED_SOURCE_SESSION_T,loso_s7,all,1|2|3|4|5|6|8|9,0train,20260924,20,2,4,0.111037605,0.33278042,0.1433667,0.41281527
s07_1test_r4_t14,7,1test,4,14,4,25855,True,Q13-E005,Q9_SHARED_SOURCE_SESSION_T,loso_s7,all,1|2|3|4|5|6|8|9,0train,20260924,20,4,4,0.10204736,0.022723092,0.06920034,0.80602914
s07_1test_r4_t15,7,1test,4,15,3,27822,False,Q13-E005,Q9_SHARED_SOURCE_SESSION_T,loso_s7,all,1|2|3|4|5|6|8|9,0train,20260924,20,3,4,0.22889277,0.11311865,0.21812992,0.43985868
s07_1test_r4_t16,7,1test,4,16,2,29942,False,Q13-E005,Q9_SHARED_SOURCE_SESSION_T,loso_s7,all,1|2|3|4|5|6|8|9,0train,20260924,20,2,4,0.28119168,0.14372545,0.1401752,0.43490767
s07_1test_r4_t17,7,1test,4,17,4,31950,False,Q13-E005,Q9_SHARED_SOURCE_SESSION_T,loso_s7,all,1|2|3|4|5|6|8|9,0train,20260924,20,4,4,0.07969783,0.3211712,0.099065,0.500066
s07_1test_r4_t18,7,1test,4,18,3,34016,False,Q13-E005,Q9_SHARED_SOURCE_SESSION_T,loso_s7,all,1|2|3|4|5|6|8|9,0train,20260924,20,3,4,0.25372022,0.14986771,0.2143495,0.3820626
s07_1test_r4_t19,7,1test,4,19,4,36052,False,Q13-E005,Q9_SHARED_SOURCE_SESSION_T,loso_s7,all,1|2|3|4|5|6|8|9,0train,20260924,20,4,2,0.092432536,0.48529243,0.09906466,0.32321036
s07_1test_r4_t20,7,1test,4,20,3,38118,False,Q13-E005,Q9_SHARED_SOURCE_SESSION_T,loso_s7,all,1|2|3|4|5|6|8|9,0train,20260924,20,3,2,0.20690176,0.49868038,0.10249405,0.19192381
s07_1test_r4_t21,7,1test,4,21,4,40188,False,Q13-E005,Q9_SHARED_SOURCE_SESSION_T,loso_s7,all,1|2|3|4|5|6|8|9,0train,20260924,20,4,1,0.30560216,0.28365874,0.15005416,0.260685
s07_1test_r4_t22,7,1test,4,22,2,42268,False,Q13-E005,Q9_SHARED_SOURCE_SESSION_T,loso_s7,all,1|2|3|4|5|6|8|9,0train,20260924,20,2,4,0.27489626,0.2728246,0.14327613,0.30900303
s07_1test_r4_t23,7,1test,4,23,2,44180,False,Q13-E005,Q9_SHARED_SOURCE_SESSION_T,loso_s7,all,1|2|3|4|5|6|8|9,0train,20260924,20,2,2,0.13740593,0.51088804,0.088337645,0.26336837
s07_1test_r4_t24,7,1test,4,24,4,46211,False,Q13-E005,Q9_SHARED_SOURCE_SESSION_T,loso_s7,all,1|2|3|4|5|6|8|9,0train,20260924,20,4,1,0.3598244,0.19552976,0.10905607,0.3355898
s07_1test_r4_t25,7,1test,4,25,1,48164,False,Q13-E005,Q9_SHARED_SOURCE_SESSION_T,loso_s7,all,1|2|3|4|5|6|8|9,0train,20260924,20,1,4,0.27702793,0.27896535,0.09666228,0.34734443
s07_1test_r4_t26,7,1test,4,26,2,50125,True,Q13-E005,Q9_SHARED_SOURCE_SESSION_T,loso_s7,all,1|2|3|4|5|6|8|9,0train,20260924,20,2,2,0.22164807,0.43525162,0.1371064,0.20599388
s07_1test_r4_t27,7,1test,4,27,2,52229,False,Q13-E005,Q9_SHARED_SOURCE_SESSION_T,loso_s7,all,1|2|3|4|5|6|8|9,0train,20260924,20,2,2,0.24817275,0.39031297,0.10748099,0.25403333
s07_1test_r4_t28,7,1test,4,28,2,54233,False,Q13-E005,Q9_SHARED_SOURCE_SESSION_T,loso_s7,all,1|2|3|4|5|6|8|9,0train,20260924,20,2,2,0.22269477,0.40549457,0.14969958,0.22211109
s07_1test_r4_t29,7,1test,4,29,3,56208,False,Q13-E005,Q9_SHARED_SOURCE_SESSION_T,loso_s7,all,1|2|3|4|5|6|8|9,0train,20260924,20,3,2,0.1209218,0.5623506,0.15020835,0.16651924
s07_1test_r4_t30,7,1test,4,30,4,58234,False,Q13-E005,Q9_SHARED_SOURCE_SESSION_T,loso_s7,all,1|2|3|4|5|6|8|9,0train,20260924,20,4,4,0.1298055,0.109698944,0.041928753,0.71856683
s07_1test_r4_t31,7,1test,4,31,1,60305,False,Q13-E005,Q9_SHARED_SOURCE_SESSION_T,loso_s7,all,1|2|3|4|5|6|8|9,0train,20260924,20,1,4,0.19661482,0.24129403,0.21214247,0.34994867
s07_1test_r4_t32,7,1test,4,32,4,62412,False,Q13-E005,Q9_SHARED_SOURCE_SESSION_T,loso_s7,all,1|2|3|4|5|6|8|9,0train,20260924,20,4,4,0.26167405,0.12311838,0.10605035,0.50915724
s07_1test_r4_t33,7,1test,4,33,1,64504,False,Q13-E005,Q9_SHARED_SOURCE_SESSION_T,loso_s7,all,1|2|3|4|5|6|8|9,0train,20260924,20,1,4,0.16464287,0.1977948,0.27366263,0.36389977
s07_1test_r4_t34,7,1test,4,34,3,66595,False,Q13-E005,Q9_SHARED_SOURCE_SESSION_T,loso_s7,all,1|2|3|4|5|6|8|9,0train,20260924,20,3,2,0.22886777,0.392459,0.16032481,0.2183484
s07_1test_r4_t35,7,1test,4,35,1,68638,False,Q13-E005,Q9_SHARED_SOURCE_SESSION_T,loso_s7,all,1|2|3|4|5|6|8|9,0train,20260924,20,1,4,0.28208295,0.24994369,0.15076426,0.31720912
s07_1test_r4_t36,7,1test,4,36,4,70702,False,Q13-E005,Q9_SHARED_SOURCE_SESSION_T,loso_s7,all,1|2|3|4|5|6|8|9,0train,20260924,20,4,4,0.2565731,0.20844772,0.08984053,0.44513866
s07_1test_r4_t37,7,1test,4,37,1,72722,False,Q13-E005,Q9_SHARED_SOURCE_SESSION_T,loso_s7,all,1|2|3|4|5|6|8|9,0train,20260924,20,1,4,0.12959938,0.36804536,0.114130855,0.38822442
s07_1test_r4_t38,7,1test,4,38,3,74694,False,Q13-E005,Q9_SHARED_SOURCE_SESSION_T,loso_s7,all,1|2|3|4|5|6|8|9,0train,20260924,20,3,4,0.20393819,0.07826144,0.07351905,0.6442813
s07_1test_r4_t39,7,1test,4,39,1,76657,False,Q13-E005,Q9_SHARED_SOURCE_SESSION_T,loso_s7,all,1|2|3|4|5|6|8|9,0train,20260924,20,1,4,0.13950352,0.3204737,0.07114714,0.4688756
s07_1test_r4_t40,7,1test,4,40,2,78582,False,Q13-E005,Q9_SHARED_SOURCE_SESSION_T,loso_s7,all,1|2|3|4|5|6|8|9,0train,20260924,20,2,2,0.08956657,0.6141301,0.03884917,0.25745416
s07_1test_r4_t41,7,1test,4,41,3,80663,False,Q13-E005,Q9_SHARED_SOURCE_SESSION_T,loso_s7,all,1|2|3|4|5|6|8|9,0train,20260924,20,3,2,0.17631274,0.32090718,0.19788043,0.30489963
s07_1test_r4_t42,7,1test,4,42,3,82641,False,Q13-E005,Q9_SHARED_SOURCE_SESSION_T,loso_s7,all,1|2|3|4|5|6|8|9,0train,20260924,20,3,1,0.29910764,0.24906442,0.18750845,0.26431948
s07_1test_r4_t43,7,1test,4,43,4,84631,False,Q13-E005,Q9_SHARED_SOURCE_SESSION_T,loso_s7,all,1|2|3|4|5|6|8|9,0train,20260924,20,4,4,0.1956033,0.13154176,0.18565585,0.48719913
s07_1test_r4_t44,7,1test,4,44,1,86750,False,Q13-E005,Q9_SHARED_SOURCE_SESSION_T,loso_s7,all,1|2|3|4|5|6|8|9,0train,20260924,20,1,4,0.2531972,0.27059925,0.09284863,0.38335493
s07_1test_r4_t45,7,1test,4,45,2,88656,False,Q13-E005,Q9_SHARED_SOURCE_SESSION_T,loso_s7,all,1|2|3|4|5|6|8|9,0train,20260924,20,2,2,0.15007268,0.6040134,0.107341945,0.13857198
s07_1test_r4_t46,7,1test,4,46,4,90584,False,Q13-E005,Q9_SHARED_SOURCE_SESSION_T,loso_s7,all,1|2|3|4|5|6|8|9,0train,20260924,20,4,1,0.37762257,0.19742838,0.2067419,0.21820714
s07_1test_r4_t47,7,1test,4,47,2,92698,False,Q13-E005,Q9_SHARED_SOURCE_SESSION_T,loso_s7,all,1|2|3|4|5|6|8|9,0train,20260924,20,2,2,0.20228074,0.36654297,0.1460805,0.2850958
s07_1test_r4_t48,7,1test,4,48,3,94757,False,Q13-E005,Q9_SHARED_SOURCE_SESSION_T,loso_s7,all,1|2|3|4|5|6|8|9,0train,20260924,20,3,4,0.17255868,0.30780026,0.15463543,0.36500558
s07_1test_r5_t01,7,1test,5,1,3,250,True,Q13-E005,Q9_SHARED_SOURCE_SESSION_T,loso_s7,all,1|2|3|4|5|6|8|9,0train,20260924,20,3,2,0.10995254,0.5048713,0.2392861,0.14589004
s07_1test_r5_t02,7,1test,5,2,1,2253,False,Q13-E005,Q9_SHARED_SOURCE_SESSION_T,loso_s7,all,1|2|3|4|5|6|8|9,0train,20260924,20,1,4,0.08809534,0.32229337,0.1866441,0.40296718
s07_1test_r5_t03,7,1test,5,3,4,4171,False,Q13-E005,Q9_SHARED_SOURCE_SESSION_T,loso_s7,all,1|2|3|4|5|6|8|9,0train,20260924,20,4,2,0.16278969,0.4189975,0.14770448,0.27050835
s07_1test_r5_t04,7,1test,5,4,2,6123,False,Q13-E005,Q9_SHARED_SOURCE_SESSION_T,loso_s7,all,1|2|3|4|5|6|8|9,0train,20260924,20,2,2,0.07918647,0.67071176,0.07844197,0.17165977
s07_1test_r5_t05,7,1test,5,5,4,8131,False,Q13-E005,Q9_SHARED_SOURCE_SESSION_T,loso_s7,all,1|2|3|4|5|6|8|9,0train,20260924,20,4,4,0.10659744,0.32513103,0.11058697,0.4576846
s07_1test_r5_t06,7,1test,5,6,1,10242,False,Q13-E005,Q9_SHARED_SOURCE_SESSION_T,loso_s7,all,1|2|3|4|5|6|8|9,0train,20260924,20,1,2,0.14681184,0.53822535,0.05527068,0.25969213
s07_1test_r5_t07,7,1test,5,7,1,12159,False,Q13-E005,Q9_SHARED_SOURCE_SESSION_T,loso_s7,all,1|2|3|4|5|6|8|9,0train,20260924,20,1,2,0.045176636,0.6362258,0.07039079,0.24820676
s07_1test_r5_t08,7,1test,5,8,3,14209,False,Q13-E005,Q9_SHARED_SOURCE_SESSION_T,loso_s7,all,1|2|3|4|5|6|8|9,0train,20260924,20,3,2,0.11107208,0.60053355,0.16049443,0.12789993
s07_1test_r5_t09,7,1test,5,9,3,16140,False,Q13-E005,Q9_SHARED_SOURCE_SESSION_T,loso_s7,all,1|2|3|4|5|6|8|9,0train,20260924,20,3,4,0.15100141,0.39794236,0.047544368,0.40351188
s07_1test_r5_t10,7,1test,5,10,2,18138,False,Q13-E005,Q9_SHARED_SOURCE_SESSION_T,loso_s7,all,1|2|3|4|5|6|8|9,0train,20260924,20,2,2,0.11332406,0.45073265,0.22050217,0.21544117
s07_1test_r5_t11,7,1test,5,11,4,20044,False,Q13-E005,Q9_SHARED_SOURCE_SESSION_T,loso_s7,all,1|2|3|4|5|6|8|9,0train,20260924,20,4,4,0.050174713,0.1940261,0.04767477,0.7081244
s07_1test_r5_t12,7,1test,5,12,2,21939,False,Q13-E005,Q9_SHARED_SOURCE_SESSION_T,loso_s7,all,1|2|3|4|5|6|8|9,0train,20260924,20,2,4,0.13456307,0.26537383,0.081907004,0.5181561
s07_1test_r5_t13,7,1test,5,13,2,23911,False,Q13-E005,Q9_SHARED_SOURCE_SESSION_T,loso_s7,all,1|2|3|4|5|6|8|9,0train,20260924,20,2,2,0.090133995,0.6228624,0.13409722,0.15290637
s07_1test_r5_t14,7,1test,5,14,1,25855,False,Q13-E005,Q9_SHARED_SOURCE_SESSION_T,loso_s7,all,1|2|3|4|5|6|8|9,0train,20260924,20,1,2,0.08063086,0.64768946,0.082969666,0.18870997
s07_1test_r5_t15,7,1test,5,15,2,27822,False,Q13-E005,Q9_SHARED_SOURCE_SESSION_T,loso_s7,all,1|2|3|4|5|6|8|9,0train,20260924,20,2,2,0.17358023,0.45565647,0.08271488,0.28804842
s07_1test_r5_t16,7,1test,5,16,4,29942,False,Q13-E005,Q9_SHARED_SOURCE_SESSION_T,loso_s7,all,1|2|3|4|5|6|8|9,0train,20260924,20,4,4,0.15711215,0.15789646,0.11886913,0.5661223
s07_1test_r5_t17,7,1test,5,17,4,31950,False,Q13-E005,Q9_SHARED_SOURCE_SESSION_T,loso_s7,all,1|2|3|4|5|6|8|9,0train,20260924,20,4,4,0.19805793,0.27652752,0.13300686,0.39240763
s07_1test_r5_t18,7,1test,5,18,2,34016,False,Q13-E005,Q9_SHARED_SOURCE_SESSION_T,loso_s7,all,1|2|3|4|5|6|8|9,0train,20260924,20,2,2,0.20607284,0.34826732,0.13639545,0.3092644
s07_1test_r5_t19,7,1test,5,19,2,36052,False,Q13-E005,Q9_SHARED_SOURCE_SESSION_T,loso_s7,all,1|2|3|4|5|6|8|9,0train,20260924,20,2,2,0.21378241,0.3415875,0.11169176,0.33293828
s07_1test_r5_t20,7,1test,5,20,2,38118,False,Q13-E005,Q9_SHARED_SOURCE_SESSION_T,loso_s7,all,1|2|3|4|5|6|8|9,0train,20260924,20,2,2,0.17765835,0.41337055,0.17017035,0.2388007
s07_1test_r5_t21,7,1test,5,21,2,40188,False,Q13-E005,Q9_SHARED_SOURCE_SESSION_T,loso_s7,all,1|2|3|4|5|6|8|9,0train,20260924,20,2,2,0.22664234,0.30898282,0.18403162,0.28034323
s07_1test_r5_t22,7,1test,5,22,4,42268,False,Q13-E005,Q9_SHARED_SOURCE_SESSION_T,loso_s7,all,1|2|3|4|5|6|8|9,0train,20260924,20,4,4,0.10014132,0.17441174,0.03781129,0.68763566
s07_1test_r5_t23,7,1test,5,23,4,44180,False,Q13-E005,Q9_SHARED_SOURCE_SESSION_T,loso_s7,all,1|2|3|4|5|6|8|9,0train,20260924,20,4,4,0.05618981,0.19562718,0.0067875776,0.7413954
s07_1test_r5_t24,7,1test,5,24,3,46211,False,Q13-E005,Q9_SHARED_SOURCE_SESSION_T,loso_s7,all,1|2|3|4|5|6|8|9,0train,20260924,20,3,1,0.39076453,0.26312536,0.21229969,0.13381039
s07_1test_r5_t25,7,1test,5,25,4,48164,False,Q13-E005,Q9_SHARED_SOURCE_SESSION_T,loso_s7,all,1|2|3|4|5|6|8|9,0train,20260924,20,4,4,0.124459624,0.30625507,0.1808709,0.38841435
s07_1test_r5_t26,7,1test,5,26,1,50125,False,Q13-E005,Q9_SHARED_SOURCE_SESSION_T,loso_s7,all,1|2|3|4|5|6|8|9,0train,20260924,20,1,1,0.6029668,0.1130238,0.08580082,0.19820862
s07_1test_r5_t27,7,1test,5,27,2,52229,False,Q13-E005,Q9_SHARED_SOURCE_SESSION_T,loso_s7,all,1|2|3|4|5|6|8|9,0train,20260924,20,2,4,0.09119811,0.12815422,0.16413897,0.61650866
s07_1test_r5_t28,7,1test,5,28,3,54233,False,Q13-E005,Q9_SHARED_SOURCE_SESSION_T,loso_s7,all,1|2|3|4|5|6|8|9,0train,20260924,20,3,4,0.1667166,0.2989346,0.117126524,0.4172222
s07_1test_r5_t29,7,1test,5,29,2,56208,False,Q13-E005,Q9_SHARED_SOURCE_SESSION_T,loso_s7,all,1|2|3|4|5|6|8|9,0train,20260924,20,2,2,0.08623171,0.59563154,0.063064285,0.2550725
s07_1test_r5_t30,7,1test,5,30,1,58234,False,Q13-E005,Q9_SHARED_SOURCE_SESSION_T,loso_s7,all,1|2|3|4|5|6|8|9,0train,20260924,20,1,1,0.7744125,0.027214436,0.11599404,0.08237905
s07_1test_r5_t31,7,1test,5,31,4,60305,False,Q13-E005,Q9_SHARED_SOURCE_SESSION_T,loso_s7,all,1|2|3|4|5|6|8|9,0train,20260924,20,4,1,0.34672907,0.2868277,0.04290478,0.32353848
s07_1test_r5_t32,7,1test,5,32,1,62412,False,Q13-E005,Q9_SHARED_SOURCE_SESSION_T,loso_s7,all,1|2|3|4|5|6|8|9,0train,20260924,20,1,1,0.47964033,0.17052539,0.09617937,0.25365496
s07_1test_r5_t33,7,1test,5,33,4,64504,False,Q13-E005,Q9_SHARED_SOURCE_SESSION_T,loso_s7,all,1|2|3|4|5|6|8|9,0train,20260924,20,4,2,0.15512094,0.33505556,0.17549978,0.33432373
s07_1test_r5_t34,7,1test,5,34,1,66595,False,Q13-E005,Q9_SHARED_SOURCE_SESSION_T,loso_s7,all,1|2|3|4|5|6|8|9,0train,20260924,20,1,2,0.09071754,0.542255,0.13225663,0.23477082
s07_1test_r5_t35,7,1test,5,35,1,68638,False,Q13-E005,Q9_SHARED_SOURCE_SESSION_T,loso_s7,all,1|2|3|4|5|6|8|9,0train,20260924,20,1,2,0.059988752,0.67436695,0.01185036,0.25379395
s07_1test_r5_t36,7,1test,5,36,1,70702,False,Q13-E005,Q9_SHARED_SOURCE_SESSION_T,loso_s7,all,1|2|3|4|5|6|8|9,0train,20260924,20,1,2,0.2721935,0.27946755,0.19688295,0.251456
s07_1test_r5_t37,7,1test,5,37,1,72722,False,Q13-E005,Q9_SHARED_SOURCE_SESSION_T,loso_s7,all,1|2|3|4|5|6|8|9,0train,20260924,20,1,2,0.08697756,0.6694599,0.026055459,0.21750715
s07_1test_r5_t38,7,1test,5,38,3,74694,False,Q13-E005,Q9_SHARED_SOURCE_SESSION_T,loso_s7,all,1|2|3|4|5|6|8|9,0train,20260924,20,3,2,0.06505476,0.514174,0.092134744,0.32863653
s07_1test_r5_t39,7,1test,5,39,3,76657,False,Q13-E005,Q9_SHARED_SOURCE_SESSION_T,loso_s7,all,1|2|3|4|5|6|8|9,0train,20260924,20,3,4,0.12401503,0.28575894,0.03343052,0.55679554
s07_1test_r5_t40,7,1test,5,40,4,78582,False,Q13-E005,Q9_SHARED_SOURCE_SESSION_T,loso_s7,all,1|2|3|4|5|6|8|9,0train,20260924,20,4,4,0.008647548,0.31766337,0.09652657,0.5771625
s07_1test_r5_t41,7,1test,5,41,2,80663,False,Q13-E005,Q9_SHARED_SOURCE_SESSION_T,loso_s7,all,1|2|3|4|5|6|8|9,0train,20260924,20,2,2,0.17151748,0.40109766,0.07395578,0.35342914
s07_1test_r5_t42,7,1test,5,42,3,82641,False,Q13-E005,Q9_SHARED_SOURCE_SESSION_T,loso_s7,all,1|2|3|4|5|6|8|9,0train,20260924,20,3,2,0.09887164,0.526222,0.048765533,0.32614085
s07_1test_r5_t43,7,1test,5,43,3,84631,False,Q13-E005,Q9_SHARED_SOURCE_SESSION_T,loso_s7,all,1|2|3|4|5|6|8|9,0train,20260924,20,3,2,0.25703532,0.4722021,0.08334854,0.18741402
s07_1test_r5_t44,7,1test,5,44,3,86750,False,Q13-E005,Q9_SHARED_SOURCE_SESSION_T,loso_s7,all,1|2|3|4|5|6|8|9,0train,20260924,20,3,4,0.13324563,0.27651224,0.06104653,0.52919567
s07_1test_r5_t45,7,1test,5,45,4,88656,False,Q13-E005,Q9_SHARED_SOURCE_SESSION_T,loso_s7,all,1|2|3|4|5|6|8|9,0train,20260924,20,4,2,0.041679643,0.6486605,0.12215159,0.18750827
s07_1test_r5_t46,7,1test,5,46,3,90584,False,Q13-E005,Q9_SHARED_SOURCE_SESSION_T,loso_s7,all,1|2|3|4|5|6|8|9,0train,20260924,20,3,4,0.13259226,0.335893,0.12328376,0.408231
s07_1test_r5_t47,7,1test,5,47,1,92698,False,Q13-E005,Q9_SHARED_SOURCE_SESSION_T,loso_s7,all,1|2|3|4|5|6|8|9,0train,20260924,20,1,4,0.17044179,0.2522763,0.07381079,0.5034711
s07_1test_r5_t48,7,1test,5,48,3,94757,False,Q13-E005,Q9_SHARED_SOURCE_SESSION_T,loso_s7,all,1|2|3|4|5|6|8|9,0train,20260924,20,3,4,0.19974793,0.13220124,0.0831027,0.5849481
