sample_id,subject,session,run,label,file_id,raw_sha256,cue_sample_native,dataset,experiment_id,model,seed,p_left,p_right,predicted_label
s34_1_retained_1_t001,34,1,retained_labeled_MI,1,s34.mat,8fd506677c43ffdbe7f3cbbb5ed22b9426ab3eb1275595202d88c508df6e240a,1023,Cho2017,Q15-E006,BROAD_EEGNET,20260924,3.150604904124019e-15,1.0,2
s34_1_retained_1_t002,34,1,retained_labeled_MI,1,s34.mat,8fd506677c43ffdbe7f3cbbb5ed22b9426ab3eb1275595202d88c508df6e240a,4607,Cho2017,Q15-E006,BROAD_EEGNET,20260924,5.7514538270853066e-11,1.0,2
s34_1_retained_1_t003,34,1,retained_labeled_MI,1,s34.mat,8fd506677c43ffdbe7f3cbbb5ed22b9426ab3eb1275595202d88c508df6e240a,8191,Cho2017,Q15-E006,BROAD_EEGNET,20260924,5.6525634867243824e-11,1.0,2
s34_1_retained_1_t004,34,1,retained_labeled_MI,1,s34.mat,8fd506677c43ffdbe7f3cbbb5ed22b9426ab3eb1275595202d88c508df6e240a,11775,Cho2017,Q15-E006,BROAD_EEGNET,20260924,5.284148295249709e-14,1.0,2
s34_1_retained_1_t005,34,1,retained_labeled_MI,1,s34.mat,8fd506677c43ffdbe7f3cbbb5ed22b9426ab3eb1275595202d88c508df6e240a,15359,Cho2017,Q15-E006,BROAD_EEGNET,20260924,4.1012782503457856e-07,0.9999996423721313,2
s34_1_retained_1_t006,34,1,retained_labeled_MI,1,s34.mat,8fd506677c43ffdbe7f3cbbb5ed22b9426ab3eb1275595202d88c508df6e240a,18943,Cho2017,Q15-E006,BROAD_EEGNET,20260924,1.5075730377608898e-12,1.0,2
s34_1_retained_1_t007,34,1,retained_labeled_MI,1,s34.mat,8fd506677c43ffdbe7f3cbbb5ed22b9426ab3eb1275595202d88c508df6e240a,22527,Cho2017,Q15-E006,BROAD_EEGNET,20260924,2.541044636927836e-07,0.9999997615814209,2
s34_1_retained_1_t008,34,1,retained_labeled_MI,1,s34.mat,8fd506677c43ffdbe7f3cbbb5ed22b9426ab3eb1275595202d88c508df6e240a,26111,Cho2017,Q15-E006,BROAD_EEGNET,20260924,8.848973352379385e-38,1.0,2
s34_1_retained_1_t009,34,1,retained_labeled_MI,1,s34.mat,8fd506677c43ffdbe7f3cbbb5ed22b9426ab3eb1275595202d88c508df6e240a,29695,Cho2017,Q15-E006,BROAD_EEGNET,20260924,8.224430725757396e-15,1.0,2
s34_1_retained_1_t010,34,1,retained_labeled_MI,1,s34.mat,8fd506677c43ffdbe7f3cbbb5ed22b9426ab3eb1275595202d88c508df6e240a,33279,Cho2017,Q15-E006,BROAD_EEGNET,20260924,3.313969819320351e-15,1.0,2
s34_1_retained_1_t011,34,1,retained_labeled_MI,1,s34.mat,8fd506677c43ffdbe7f3cbbb5ed22b9426ab3eb1275595202d88c508df6e240a,36863,Cho2017,Q15-E006,BROAD_EEGNET,20260924,2.4058528606818452e-12,1.0,2
s34_1_retained_1_t012,34,1,retained_labeled_MI,1,s34.mat,8fd506677c43ffdbe7f3cbbb5ed22b9426ab3eb1275595202d88c508df6e240a,40447,Cho2017,Q15-E006,BROAD_EEGNET,20260924,2.0723415443295106e-16,1.0,2
s34_1_retained_1_t013,34,1,retained_labeled_MI,1,s34.mat,8fd506677c43ffdbe7f3cbbb5ed22b9426ab3eb1275595202d88c508df6e240a,44031,Cho2017,Q15-E006,BROAD_EEGNET,20260924,2.789538348577092e-13,1.0,2
s34_1_retained_1_t014,34,1,retained_labeled_MI,1,s34.mat,8fd506677c43ffdbe7f3cbbb5ed22b9426ab3eb1275595202d88c508df6e240a,47615,Cho2017,Q15-E006,BROAD_EEGNET,20260924,0.3633061647415161,0.6366938352584839,2
s34_1_retained_1_t015,34,1,retained_labeled_MI,1,s34.mat,8fd506677c43ffdbe7f3cbbb5ed22b9426ab3eb1275595202d88c508df6e240a,51199,Cho2017,Q15-E006,BROAD_EEGNET,20260924,2.4429156529566292e-15,1.0,2
s34_1_retained_1_t016,34,1,retained_labeled_MI,1,s34.mat,8fd506677c43ffdbe7f3cbbb5ed22b9426ab3eb1275595202d88c508df6e240a,54783,Cho2017,Q15-E006,BROAD_EEGNET,20260924,6.765066861262885e-18,1.0,2
s34_1_retained_1_t017,34,1,retained_labeled_MI,1,s34.mat,8fd506677c43ffdbe7f3cbbb5ed22b9426ab3eb1275595202d88c508df6e240a,58367,Cho2017,Q15-E006,BROAD_EEGNET,20260924,1.06577569036512e-20,1.0,2
s34_1_retained_1_t018,34,1,retained_labeled_MI,1,s34.mat,8fd506677c43ffdbe7f3cbbb5ed22b9426ab3eb1275595202d88c508df6e240a,61951,Cho2017,Q15-E006,BROAD_EEGNET,20260924,1.897360237369009e-25,1.0,2
s34_1_retained_1_t019,34,1,retained_labeled_MI,1,s34.mat,8fd506677c43ffdbe7f3cbbb5ed22b9426ab3eb1275595202d88c508df6e240a,65535,Cho2017,Q15-E006,BROAD_EEGNET,20260924,2.2115013813273077e-13,1.0,2
s34_1_retained_1_t020,34,1,retained_labeled_MI,1,s34.mat,8fd506677c43ffdbe7f3cbbb5ed22b9426ab3eb1275595202d88c508df6e240a,69119,Cho2017,Q15-E006,BROAD_EEGNET,20260924,6.634550995491818e-17,1.0,2
s34_1_retained_1_t021,34,1,retained_labeled_MI,1,s34.mat,8fd506677c43ffdbe7f3cbbb5ed22b9426ab3eb1275595202d88c508df6e240a,72703,Cho2017,Q15-E006,BROAD_EEGNET,20260924,3.936446591978893e-05,0.9999606609344482,2
s34_1_retained_1_t022,34,1,retained_labeled_MI,1,s34.mat,8fd506677c43ffdbe7f3cbbb5ed22b9426ab3eb1275595202d88c508df6e240a,76287,Cho2017,Q15-E006,BROAD_EEGNET,20260924,9.22044332178569e-17,1.0,2
s34_1_retained_1_t023,34,1,retained_labeled_MI,1,s34.mat,8fd506677c43ffdbe7f3cbbb5ed22b9426ab3eb1275595202d88c508df6e240a,79871,Cho2017,Q15-E006,BROAD_EEGNET,20260924,0.0001251404610229656,0.9998748302459717,2
s34_1_retained_1_t024,34,1,retained_labeled_MI,1,s34.mat,8fd506677c43ffdbe7f3cbbb5ed22b9426ab3eb1275595202d88c508df6e240a,83455,Cho2017,Q15-E006,BROAD_EEGNET,20260924,4.616359585758308e-29,1.0,2
s34_1_retained_1_t025,34,1,retained_labeled_MI,1,s34.mat,8fd506677c43ffdbe7f3cbbb5ed22b9426ab3eb1275595202d88c508df6e240a,87039,Cho2017,Q15-E006,BROAD_EEGNET,20260924,2.0993502491961635e-09,1.0,2
s34_1_retained_1_t026,34,1,retained_labeled_MI,1,s34.mat,8fd506677c43ffdbe7f3cbbb5ed22b9426ab3eb1275595202d88c508df6e240a,90623,Cho2017,Q15-E006,BROAD_EEGNET,20260924,1.498245212790128e-12,1.0,2
s34_1_retained_1_t027,34,1,retained_labeled_MI,1,s34.mat,8fd506677c43ffdbe7f3cbbb5ed22b9426ab3eb1275595202d88c508df6e240a,94207,Cho2017,Q15-E006,BROAD_EEGNET,20260924,2.2500873386732678e-10,1.0,2
s34_1_retained_1_t028,34,1,retained_labeled_MI,1,s34.mat,8fd506677c43ffdbe7f3cbbb5ed22b9426ab3eb1275595202d88c508df6e240a,97791,Cho2017,Q15-E006,BROAD_EEGNET,20260924,1.7283226748486893e-19,1.0,2
s34_1_retained_1_t029,34,1,retained_labeled_MI,1,s34.mat,8fd506677c43ffdbe7f3cbbb5ed22b9426ab3eb1275595202d88c508df6e240a,101375,Cho2017,Q15-E006,BROAD_EEGNET,20260924,4.0957246817165116e-13,1.0,2
s34_1_retained_1_t030,34,1,retained_labeled_MI,1,s34.mat,8fd506677c43ffdbe7f3cbbb5ed22b9426ab3eb1275595202d88c508df6e240a,104959,Cho2017,Q15-E006,BROAD_EEGNET,20260924,3.5407639042972505e-09,1.0,2
s34_1_retained_1_t031,34,1,retained_labeled_MI,1,s34.mat,8fd506677c43ffdbe7f3cbbb5ed22b9426ab3eb1275595202d88c508df6e240a,108543,Cho2017,Q15-E006,BROAD_EEGNET,20260924,1.5073421913724163e-28,1.0,2
s34_1_retained_1_t032,34,1,retained_labeled_MI,1,s34.mat,8fd506677c43ffdbe7f3cbbb5ed22b9426ab3eb1275595202d88c508df6e240a,112127,Cho2017,Q15-E006,BROAD_EEGNET,20260924,3.746515597757849e-10,1.0,2
s34_1_retained_1_t033,34,1,retained_labeled_MI,1,s34.mat,8fd506677c43ffdbe7f3cbbb5ed22b9426ab3eb1275595202d88c508df6e240a,115711,Cho2017,Q15-E006,BROAD_EEGNET,20260924,0.013740530237555504,0.9862594604492188,2
s34_1_retained_1_t034,34,1,retained_labeled_MI,1,s34.mat,8fd506677c43ffdbe7f3cbbb5ed22b9426ab3eb1275595202d88c508df6e240a,119295,Cho2017,Q15-E006,BROAD_EEGNET,20260924,1.1366633545853433e-12,1.0,2
s34_1_retained_1_t035,34,1,retained_labeled_MI,1,s34.mat,8fd506677c43ffdbe7f3cbbb5ed22b9426ab3eb1275595202d88c508df6e240a,122879,Cho2017,Q15-E006,BROAD_EEGNET,20260924,0.0,1.0,2
s34_1_retained_1_t036,34,1,retained_labeled_MI,1,s34.mat,8fd506677c43ffdbe7f3cbbb5ed22b9426ab3eb1275595202d88c508df6e240a,126463,Cho2017,Q15-E006,BROAD_EEGNET,20260924,9.136786824125446e-19,1.0,2
s34_1_retained_1_t037,34,1,retained_labeled_MI,1,s34.mat,8fd506677c43ffdbe7f3cbbb5ed22b9426ab3eb1275595202d88c508df6e240a,130047,Cho2017,Q15-E006,BROAD_EEGNET,20260924,8.306456911189031e-11,1.0,2
s34_1_retained_1_t038,34,1,retained_labeled_MI,1,s34.mat,8fd506677c43ffdbe7f3cbbb5ed22b9426ab3eb1275595202d88c508df6e240a,133631,Cho2017,Q15-E006,BROAD_EEGNET,20260924,5.302630296660782e-12,1.0,2
s34_1_retained_1_t039,34,1,retained_labeled_MI,1,s34.mat,8fd506677c43ffdbe7f3cbbb5ed22b9426ab3eb1275595202d88c508df6e240a,137215,Cho2017,Q15-E006,BROAD_EEGNET,20260924,1.0075422166004175e-17,1.0,2
s34_1_retained_1_t040,34,1,retained_labeled_MI,1,s34.mat,8fd506677c43ffdbe7f3cbbb5ed22b9426ab3eb1275595202d88c508df6e240a,140799,Cho2017,Q15-E006,BROAD_EEGNET,20260924,5.175360263111053e-31,1.0,2
s34_1_retained_1_t041,34,1,retained_labeled_MI,1,s34.mat,8fd506677c43ffdbe7f3cbbb5ed22b9426ab3eb1275595202d88c508df6e240a,144383,Cho2017,Q15-E006,BROAD_EEGNET,20260924,1.1005814315456774e-11,1.0,2
s34_1_retained_1_t042,34,1,retained_labeled_MI,1,s34.mat,8fd506677c43ffdbe7f3cbbb5ed22b9426ab3eb1275595202d88c508df6e240a,147967,Cho2017,Q15-E006,BROAD_EEGNET,20260924,1.3760348472094348e-23,1.0,2
s34_1_retained_1_t043,34,1,retained_labeled_MI,1,s34.mat,8fd506677c43ffdbe7f3cbbb5ed22b9426ab3eb1275595202d88c508df6e240a,151551,Cho2017,Q15-E006,BROAD_EEGNET,20260924,3.511915964201501e-13,1.0,2
s34_1_retained_1_t044,34,1,retained_labeled_MI,1,s34.mat,8fd506677c43ffdbe7f3cbbb5ed22b9426ab3eb1275595202d88c508df6e240a,155135,Cho2017,Q15-E006,BROAD_EEGNET,20260924,1.049642039951948e-10,1.0,2
s34_1_retained_1_t045,34,1,retained_labeled_MI,1,s34.mat,8fd506677c43ffdbe7f3cbbb5ed22b9426ab3eb1275595202d88c508df6e240a,158719,Cho2017,Q15-E006,BROAD_EEGNET,20260924,6.557999768119771e-06,0.9999934434890747,2
s34_1_retained_1_t046,34,1,retained_labeled_MI,1,s34.mat,8fd506677c43ffdbe7f3cbbb5ed22b9426ab3eb1275595202d88c508df6e240a,162303,Cho2017,Q15-E006,BROAD_EEGNET,20260924,2.5263092950922328e-08,1.0,2
s34_1_retained_1_t047,34,1,retained_labeled_MI,1,s34.mat,8fd506677c43ffdbe7f3cbbb5ed22b9426ab3eb1275595202d88c508df6e240a,165887,Cho2017,Q15-E006,BROAD_EEGNET,20260924,3.6735348096783582e-09,1.0,2
s34_1_retained_1_t048,34,1,retained_labeled_MI,1,s34.mat,8fd506677c43ffdbe7f3cbbb5ed22b9426ab3eb1275595202d88c508df6e240a,169471,Cho2017,Q15-E006,BROAD_EEGNET,20260924,0.40851321816444397,0.5914867520332336,2
s34_1_retained_1_t049,34,1,retained_labeled_MI,1,s34.mat,8fd506677c43ffdbe7f3cbbb5ed22b9426ab3eb1275595202d88c508df6e240a,173055,Cho2017,Q15-E006,BROAD_EEGNET,20260924,1.1349486786851621e-14,1.0,2
s34_1_retained_1_t050,34,1,retained_labeled_MI,1,s34.mat,8fd506677c43ffdbe7f3cbbb5ed22b9426ab3eb1275595202d88c508df6e240a,176639,Cho2017,Q15-E006,BROAD_EEGNET,20260924,0.763690173625946,0.23630988597869873,1
s34_1_retained_1_t051,34,1,retained_labeled_MI,1,s34.mat,8fd506677c43ffdbe7f3cbbb5ed22b9426ab3eb1275595202d88c508df6e240a,180223,Cho2017,Q15-E006,BROAD_EEGNET,20260924,6.787618054692347e-15,1.0,2
s34_1_retained_1_t052,34,1,retained_labeled_MI,1,s34.mat,8fd506677c43ffdbe7f3cbbb5ed22b9426ab3eb1275595202d88c508df6e240a,183807,Cho2017,Q15-E006,BROAD_EEGNET,20260924,1.1611775789788226e-06,0.9999988079071045,2
s34_1_retained_1_t053,34,1,retained_labeled_MI,1,s34.mat,8fd506677c43ffdbe7f3cbbb5ed22b9426ab3eb1275595202d88c508df6e240a,187391,Cho2017,Q15-E006,BROAD_EEGNET,20260924,5.159959278550687e-18,1.0,2
s34_1_retained_1_t054,34,1,retained_labeled_MI,1,s34.mat,8fd506677c43ffdbe7f3cbbb5ed22b9426ab3eb1275595202d88c508df6e240a,190975,Cho2017,Q15-E006,BROAD_EEGNET,20260924,1.2956770945038443e-07,0.9999998807907104,2
s34_1_retained_1_t055,34,1,retained_labeled_MI,1,s34.mat,8fd506677c43ffdbe7f3cbbb5ed22b9426ab3eb1275595202d88c508df6e240a,194559,Cho2017,Q15-E006,BROAD_EEGNET,20260924,3.2667382975453246e-30,1.0,2
s34_1_retained_1_t056,34,1,retained_labeled_MI,1,s34.mat,8fd506677c43ffdbe7f3cbbb5ed22b9426ab3eb1275595202d88c508df6e240a,198143,Cho2017,Q15-E006,BROAD_EEGNET,20260924,4.164375008025578e-13,1.0,2
s34_1_retained_1_t057,34,1,retained_labeled_MI,1,s34.mat,8fd506677c43ffdbe7f3cbbb5ed22b9426ab3eb1275595202d88c508df6e240a,201727,Cho2017,Q15-E006,BROAD_EEGNET,20260924,8.22633783315041e-09,1.0,2
s34_1_retained_1_t058,34,1,retained_labeled_MI,1,s34.mat,8fd506677c43ffdbe7f3cbbb5ed22b9426ab3eb1275595202d88c508df6e240a,205311,Cho2017,Q15-E006,BROAD_EEGNET,20260924,1.0128767616301992e-11,1.0,2
s34_1_retained_1_t059,34,1,retained_labeled_MI,1,s34.mat,8fd506677c43ffdbe7f3cbbb5ed22b9426ab3eb1275595202d88c508df6e240a,208895,Cho2017,Q15-E006,BROAD_EEGNET,20260924,6.60835459908257e-18,1.0,2
s34_1_retained_1_t060,34,1,retained_labeled_MI,1,s34.mat,8fd506677c43ffdbe7f3cbbb5ed22b9426ab3eb1275595202d88c508df6e240a,212479,Cho2017,Q15-E006,BROAD_EEGNET,20260924,2.0755114640835792e-11,1.0,2
s34_1_retained_1_t061,34,1,retained_labeled_MI,1,s34.mat,8fd506677c43ffdbe7f3cbbb5ed22b9426ab3eb1275595202d88c508df6e240a,216063,Cho2017,Q15-E006,BROAD_EEGNET,20260924,0.0022106426768004894,0.9977893829345703,2
s34_1_retained_1_t062,34,1,retained_labeled_MI,1,s34.mat,8fd506677c43ffdbe7f3cbbb5ed22b9426ab3eb1275595202d88c508df6e240a,219647,Cho2017,Q15-E006,BROAD_EEGNET,20260924,0.9972792267799377,0.002720787189900875,1
s34_1_retained_1_t063,34,1,retained_labeled_MI,1,s34.mat,8fd506677c43ffdbe7f3cbbb5ed22b9426ab3eb1275595202d88c508df6e240a,223231,Cho2017,Q15-E006,BROAD_EEGNET,20260924,0.9991024732589722,0.000897605437785387,1
s34_1_retained_1_t064,34,1,retained_labeled_MI,1,s34.mat,8fd506677c43ffdbe7f3cbbb5ed22b9426ab3eb1275595202d88c508df6e240a,226815,Cho2017,Q15-E006,BROAD_EEGNET,20260924,1.5653475182730858e-09,1.0,2
s34_1_retained_1_t065,34,1,retained_labeled_MI,1,s34.mat,8fd506677c43ffdbe7f3cbbb5ed22b9426ab3eb1275595202d88c508df6e240a,230399,Cho2017,Q15-E006,BROAD_EEGNET,20260924,2.8390269261467822e-14,1.0,2
s34_1_retained_1_t066,34,1,retained_labeled_MI,1,s34.mat,8fd506677c43ffdbe7f3cbbb5ed22b9426ab3eb1275595202d88c508df6e240a,233983,Cho2017,Q15-E006,BROAD_EEGNET,20260924,2.977572702289599e-11,1.0,2
s34_1_retained_1_t067,34,1,retained_labeled_MI,1,s34.mat,8fd506677c43ffdbe7f3cbbb5ed22b9426ab3eb1275595202d88c508df6e240a,237567,Cho2017,Q15-E006,BROAD_EEGNET,20260924,5.70025093793447e-09,1.0,2
s34_1_retained_1_t068,34,1,retained_labeled_MI,1,s34.mat,8fd506677c43ffdbe7f3cbbb5ed22b9426ab3eb1275595202d88c508df6e240a,241151,Cho2017,Q15-E006,BROAD_EEGNET,20260924,3.692964822832323e-10,1.0,2
s34_1_retained_1_t069,34,1,retained_labeled_MI,1,s34.mat,8fd506677c43ffdbe7f3cbbb5ed22b9426ab3eb1275595202d88c508df6e240a,244735,Cho2017,Q15-E006,BROAD_EEGNET,20260924,5.814621317767887e-07,0.9999994039535522,2
s34_1_retained_1_t070,34,1,retained_labeled_MI,1,s34.mat,8fd506677c43ffdbe7f3cbbb5ed22b9426ab3eb1275595202d88c508df6e240a,248319,Cho2017,Q15-E006,BROAD_EEGNET,20260924,4.001330822234195e-08,1.0,2
s34_1_retained_1_t071,34,1,retained_labeled_MI,1,s34.mat,8fd506677c43ffdbe7f3cbbb5ed22b9426ab3eb1275595202d88c508df6e240a,251903,Cho2017,Q15-E006,BROAD_EEGNET,20260924,5.127727822023089e-15,1.0,2
s34_1_retained_1_t072,34,1,retained_labeled_MI,1,s34.mat,8fd506677c43ffdbe7f3cbbb5ed22b9426ab3eb1275595202d88c508df6e240a,255487,Cho2017,Q15-E006,BROAD_EEGNET,20260924,5.017393839709336e-16,1.0,2
s34_1_retained_1_t073,34,1,retained_labeled_MI,1,s34.mat,8fd506677c43ffdbe7f3cbbb5ed22b9426ab3eb1275595202d88c508df6e240a,259071,Cho2017,Q15-E006,BROAD_EEGNET,20260924,4.794558413484529e-12,1.0,2
s34_1_retained_1_t074,34,1,retained_labeled_MI,1,s34.mat,8fd506677c43ffdbe7f3cbbb5ed22b9426ab3eb1275595202d88c508df6e240a,262655,Cho2017,Q15-E006,BROAD_EEGNET,20260924,5.8915953712879165e-12,1.0,2
s34_1_retained_1_t075,34,1,retained_labeled_MI,1,s34.mat,8fd506677c43ffdbe7f3cbbb5ed22b9426ab3eb1275595202d88c508df6e240a,266239,Cho2017,Q15-E006,BROAD_EEGNET,20260924,1.3251915504300257e-19,1.0,2
s34_1_retained_1_t076,34,1,retained_labeled_MI,1,s34.mat,8fd506677c43ffdbe7f3cbbb5ed22b9426ab3eb1275595202d88c508df6e240a,269823,Cho2017,Q15-E006,BROAD_EEGNET,20260924,3.546998747505376e-15,1.0,2
s34_1_retained_1_t077,34,1,retained_labeled_MI,1,s34.mat,8fd506677c43ffdbe7f3cbbb5ed22b9426ab3eb1275595202d88c508df6e240a,273407,Cho2017,Q15-E006,BROAD_EEGNET,20260924,1.8394489090396547e-16,1.0,2
s34_1_retained_1_t078,34,1,retained_labeled_MI,1,s34.mat,8fd506677c43ffdbe7f3cbbb5ed22b9426ab3eb1275595202d88c508df6e240a,276991,Cho2017,Q15-E006,BROAD_EEGNET,20260924,1.0117705073753314e-07,0.9999998807907104,2
s34_1_retained_1_t079,34,1,retained_labeled_MI,1,s34.mat,8fd506677c43ffdbe7f3cbbb5ed22b9426ab3eb1275595202d88c508df6e240a,280575,Cho2017,Q15-E006,BROAD_EEGNET,20260924,5.918428589010358e-14,1.0,2
s34_1_retained_1_t080,34,1,retained_labeled_MI,1,s34.mat,8fd506677c43ffdbe7f3cbbb5ed22b9426ab3eb1275595202d88c508df6e240a,284159,Cho2017,Q15-E006,BROAD_EEGNET,20260924,4.847117551776137e-08,1.0,2
s34_1_retained_1_t081,34,1,retained_labeled_MI,1,s34.mat,8fd506677c43ffdbe7f3cbbb5ed22b9426ab3eb1275595202d88c508df6e240a,287743,Cho2017,Q15-E006,BROAD_EEGNET,20260924,0.99973064661026,0.0002692944835871458,1
s34_1_retained_1_t082,34,1,retained_labeled_MI,1,s34.mat,8fd506677c43ffdbe7f3cbbb5ed22b9426ab3eb1275595202d88c508df6e240a,291327,Cho2017,Q15-E006,BROAD_EEGNET,20260924,1.70287205492059e-06,0.9999983310699463,2
s34_1_retained_1_t083,34,1,retained_labeled_MI,1,s34.mat,8fd506677c43ffdbe7f3cbbb5ed22b9426ab3eb1275595202d88c508df6e240a,294911,Cho2017,Q15-E006,BROAD_EEGNET,20260924,1.7198727164657868e-10,1.0,2
s34_1_retained_1_t084,34,1,retained_labeled_MI,1,s34.mat,8fd506677c43ffdbe7f3cbbb5ed22b9426ab3eb1275595202d88c508df6e240a,298495,Cho2017,Q15-E006,BROAD_EEGNET,20260924,3.540875505594261e-22,1.0,2
s34_1_retained_1_t085,34,1,retained_labeled_MI,1,s34.mat,8fd506677c43ffdbe7f3cbbb5ed22b9426ab3eb1275595202d88c508df6e240a,302079,Cho2017,Q15-E006,BROAD_EEGNET,20260924,4.4219578398951853e-07,0.9999995231628418,2
s34_1_retained_1_t086,34,1,retained_labeled_MI,1,s34.mat,8fd506677c43ffdbe7f3cbbb5ed22b9426ab3eb1275595202d88c508df6e240a,305663,Cho2017,Q15-E006,BROAD_EEGNET,20260924,1.058791834589179e-12,1.0,2
s34_1_retained_1_t087,34,1,retained_labeled_MI,1,s34.mat,8fd506677c43ffdbe7f3cbbb5ed22b9426ab3eb1275595202d88c508df6e240a,309247,Cho2017,Q15-E006,BROAD_EEGNET,20260924,1.1930707073323776e-12,1.0,2
s34_1_retained_1_t088,34,1,retained_labeled_MI,1,s34.mat,8fd506677c43ffdbe7f3cbbb5ed22b9426ab3eb1275595202d88c508df6e240a,312831,Cho2017,Q15-E006,BROAD_EEGNET,20260924,1.1324097215492657e-07,0.9999998807907104,2
s34_1_retained_1_t089,34,1,retained_labeled_MI,1,s34.mat,8fd506677c43ffdbe7f3cbbb5ed22b9426ab3eb1275595202d88c508df6e240a,316415,Cho2017,Q15-E006,BROAD_EEGNET,20260924,1.1281725735328945e-20,1.0,2
s34_1_retained_1_t090,34,1,retained_labeled_MI,1,s34.mat,8fd506677c43ffdbe7f3cbbb5ed22b9426ab3eb1275595202d88c508df6e240a,319999,Cho2017,Q15-E006,BROAD_EEGNET,20260924,1.401298464324817e-45,1.0,2
s34_1_retained_1_t091,34,1,retained_labeled_MI,1,s34.mat,8fd506677c43ffdbe7f3cbbb5ed22b9426ab3eb1275595202d88c508df6e240a,323583,Cho2017,Q15-E006,BROAD_EEGNET,20260924,8.435464636904506e-18,1.0,2
s34_1_retained_1_t092,34,1,retained_labeled_MI,1,s34.mat,8fd506677c43ffdbe7f3cbbb5ed22b9426ab3eb1275595202d88c508df6e240a,327167,Cho2017,Q15-E006,BROAD_EEGNET,20260924,1.5582986290230139e-10,1.0,2
s34_1_retained_1_t093,34,1,retained_labeled_MI,1,s34.mat,8fd506677c43ffdbe7f3cbbb5ed22b9426ab3eb1275595202d88c508df6e240a,330751,Cho2017,Q15-E006,BROAD_EEGNET,20260924,7.321845907348745e-10,1.0,2
s34_1_retained_1_t094,34,1,retained_labeled_MI,1,s34.mat,8fd506677c43ffdbe7f3cbbb5ed22b9426ab3eb1275595202d88c508df6e240a,334335,Cho2017,Q15-E006,BROAD_EEGNET,20260924,0.00021841420675627887,0.9997815489768982,2
s34_1_retained_1_t095,34,1,retained_labeled_MI,1,s34.mat,8fd506677c43ffdbe7f3cbbb5ed22b9426ab3eb1275595202d88c508df6e240a,337919,Cho2017,Q15-E006,BROAD_EEGNET,20260924,1.122865578295773e-09,1.0,2
s34_1_retained_1_t096,34,1,retained_labeled_MI,1,s34.mat,8fd506677c43ffdbe7f3cbbb5ed22b9426ab3eb1275595202d88c508df6e240a,341503,Cho2017,Q15-E006,BROAD_EEGNET,20260924,5.082893996684411e-31,1.0,2
s34_1_retained_1_t097,34,1,retained_labeled_MI,1,s34.mat,8fd506677c43ffdbe7f3cbbb5ed22b9426ab3eb1275595202d88c508df6e240a,345087,Cho2017,Q15-E006,BROAD_EEGNET,20260924,1.7869212854016493e-22,1.0,2
s34_1_retained_1_t098,34,1,retained_labeled_MI,1,s34.mat,8fd506677c43ffdbe7f3cbbb5ed22b9426ab3eb1275595202d88c508df6e240a,348671,Cho2017,Q15-E006,BROAD_EEGNET,20260924,6.637068629546048e-21,1.0,2
s34_1_retained_1_t099,34,1,retained_labeled_MI,1,s34.mat,8fd506677c43ffdbe7f3cbbb5ed22b9426ab3eb1275595202d88c508df6e240a,352255,Cho2017,Q15-E006,BROAD_EEGNET,20260924,6.164739552172449e-11,1.0,2
s34_1_retained_1_t100,34,1,retained_labeled_MI,1,s34.mat,8fd506677c43ffdbe7f3cbbb5ed22b9426ab3eb1275595202d88c508df6e240a,355839,Cho2017,Q15-E006,BROAD_EEGNET,20260924,2.8442251331917134e-10,1.0,2
s34_1_retained_2_t001,34,1,retained_labeled_MI,2,s34.mat,8fd506677c43ffdbe7f3cbbb5ed22b9426ab3eb1275595202d88c508df6e240a,1023,Cho2017,Q15-E006,BROAD_EEGNET,20260924,9.208260510432803e-14,1.0,2
s34_1_retained_2_t002,34,1,retained_labeled_MI,2,s34.mat,8fd506677c43ffdbe7f3cbbb5ed22b9426ab3eb1275595202d88c508df6e240a,4607,Cho2017,Q15-E006,BROAD_EEGNET,20260924,1.2883598268093044e-12,1.0,2
s34_1_retained_2_t003,34,1,retained_labeled_MI,2,s34.mat,8fd506677c43ffdbe7f3cbbb5ed22b9426ab3eb1275595202d88c508df6e240a,8191,Cho2017,Q15-E006,BROAD_EEGNET,20260924,5.644873200057361e-14,1.0,2
s34_1_retained_2_t004,34,1,retained_labeled_MI,2,s34.mat,8fd506677c43ffdbe7f3cbbb5ed22b9426ab3eb1275595202d88c508df6e240a,11775,Cho2017,Q15-E006,BROAD_EEGNET,20260924,1.1209783640256706e-20,1.0,2
s34_1_retained_2_t005,34,1,retained_labeled_MI,2,s34.mat,8fd506677c43ffdbe7f3cbbb5ed22b9426ab3eb1275595202d88c508df6e240a,15359,Cho2017,Q15-E006,BROAD_EEGNET,20260924,2.448775376251433e-06,0.9999974966049194,2
s34_1_retained_2_t006,34,1,retained_labeled_MI,2,s34.mat,8fd506677c43ffdbe7f3cbbb5ed22b9426ab3eb1275595202d88c508df6e240a,18943,Cho2017,Q15-E006,BROAD_EEGNET,20260924,1.896109424448071e-24,1.0,2
s34_1_retained_2_t007,34,1,retained_labeled_MI,2,s34.mat,8fd506677c43ffdbe7f3cbbb5ed22b9426ab3eb1275595202d88c508df6e240a,22527,Cho2017,Q15-E006,BROAD_EEGNET,20260924,2.868930503201265e-16,1.0,2
s34_1_retained_2_t008,34,1,retained_labeled_MI,2,s34.mat,8fd506677c43ffdbe7f3cbbb5ed22b9426ab3eb1275595202d88c508df6e240a,26111,Cho2017,Q15-E006,BROAD_EEGNET,20260924,6.900094454438152e-20,1.0,2
s34_1_retained_2_t009,34,1,retained_labeled_MI,2,s34.mat,8fd506677c43ffdbe7f3cbbb5ed22b9426ab3eb1275595202d88c508df6e240a,29695,Cho2017,Q15-E006,BROAD_EEGNET,20260924,2.592081784769107e-07,0.9999997615814209,2
s34_1_retained_2_t010,34,1,retained_labeled_MI,2,s34.mat,8fd506677c43ffdbe7f3cbbb5ed22b9426ab3eb1275595202d88c508df6e240a,33279,Cho2017,Q15-E006,BROAD_EEGNET,20260924,1.6815581571897805e-44,1.0,2
s34_1_retained_2_t011,34,1,retained_labeled_MI,2,s34.mat,8fd506677c43ffdbe7f3cbbb5ed22b9426ab3eb1275595202d88c508df6e240a,36863,Cho2017,Q15-E006,BROAD_EEGNET,20260924,1.8167787339508834e-15,1.0,2
s34_1_retained_2_t012,34,1,retained_labeled_MI,2,s34.mat,8fd506677c43ffdbe7f3cbbb5ed22b9426ab3eb1275595202d88c508df6e240a,40447,Cho2017,Q15-E006,BROAD_EEGNET,20260924,1.830188059599307e-17,1.0,2
s34_1_retained_2_t013,34,1,retained_labeled_MI,2,s34.mat,8fd506677c43ffdbe7f3cbbb5ed22b9426ab3eb1275595202d88c508df6e240a,44031,Cho2017,Q15-E006,BROAD_EEGNET,20260924,0.04357845336198807,0.9564215540885925,2
s34_1_retained_2_t014,34,1,retained_labeled_MI,2,s34.mat,8fd506677c43ffdbe7f3cbbb5ed22b9426ab3eb1275595202d88c508df6e240a,47615,Cho2017,Q15-E006,BROAD_EEGNET,20260924,3.2797161988102024e-20,1.0,2
s34_1_retained_2_t015,34,1,retained_labeled_MI,2,s34.mat,8fd506677c43ffdbe7f3cbbb5ed22b9426ab3eb1275595202d88c508df6e240a,51199,Cho2017,Q15-E006,BROAD_EEGNET,20260924,2.5213461540829485e-08,1.0,2
s34_1_retained_2_t016,34,1,retained_labeled_MI,2,s34.mat,8fd506677c43ffdbe7f3cbbb5ed22b9426ab3eb1275595202d88c508df6e240a,54783,Cho2017,Q15-E006,BROAD_EEGNET,20260924,1.5750211135312497e-09,1.0,2
s34_1_retained_2_t017,34,1,retained_labeled_MI,2,s34.mat,8fd506677c43ffdbe7f3cbbb5ed22b9426ab3eb1275595202d88c508df6e240a,58367,Cho2017,Q15-E006,BROAD_EEGNET,20260924,1.7305210042728447e-10,1.0,2
s34_1_retained_2_t018,34,1,retained_labeled_MI,2,s34.mat,8fd506677c43ffdbe7f3cbbb5ed22b9426ab3eb1275595202d88c508df6e240a,61951,Cho2017,Q15-E006,BROAD_EEGNET,20260924,0.9933955073356628,0.006604483816772699,1
s34_1_retained_2_t019,34,1,retained_labeled_MI,2,s34.mat,8fd506677c43ffdbe7f3cbbb5ed22b9426ab3eb1275595202d88c508df6e240a,65535,Cho2017,Q15-E006,BROAD_EEGNET,20260924,5.645692340294772e-07,0.9999994039535522,2
s34_1_retained_2_t020,34,1,retained_labeled_MI,2,s34.mat,8fd506677c43ffdbe7f3cbbb5ed22b9426ab3eb1275595202d88c508df6e240a,69119,Cho2017,Q15-E006,BROAD_EEGNET,20260924,4.2753931764379156e-17,1.0,2
s34_1_retained_2_t021,34,1,retained_labeled_MI,2,s34.mat,8fd506677c43ffdbe7f3cbbb5ed22b9426ab3eb1275595202d88c508df6e240a,72703,Cho2017,Q15-E006,BROAD_EEGNET,20260924,2.1719582729562426e-11,1.0,2
s34_1_retained_2_t022,34,1,retained_labeled_MI,2,s34.mat,8fd506677c43ffdbe7f3cbbb5ed22b9426ab3eb1275595202d88c508df6e240a,76287,Cho2017,Q15-E006,BROAD_EEGNET,20260924,5.399675392887942e-18,1.0,2
s34_1_retained_2_t023,34,1,retained_labeled_MI,2,s34.mat,8fd506677c43ffdbe7f3cbbb5ed22b9426ab3eb1275595202d88c508df6e240a,79871,Cho2017,Q15-E006,BROAD_EEGNET,20260924,1.6772259189536989e-19,1.0,2
s34_1_retained_2_t024,34,1,retained_labeled_MI,2,s34.mat,8fd506677c43ffdbe7f3cbbb5ed22b9426ab3eb1275595202d88c508df6e240a,83455,Cho2017,Q15-E006,BROAD_EEGNET,20260924,6.595419502696768e-15,1.0,2
s34_1_retained_2_t025,34,1,retained_labeled_MI,2,s34.mat,8fd506677c43ffdbe7f3cbbb5ed22b9426ab3eb1275595202d88c508df6e240a,87039,Cho2017,Q15-E006,BROAD_EEGNET,20260924,1.3691525344028399e-11,1.0,2
s34_1_retained_2_t026,34,1,retained_labeled_MI,2,s34.mat,8fd506677c43ffdbe7f3cbbb5ed22b9426ab3eb1275595202d88c508df6e240a,90623,Cho2017,Q15-E006,BROAD_EEGNET,20260924,2.690782139325165e-07,0.9999997615814209,2
s34_1_retained_2_t027,34,1,retained_labeled_MI,2,s34.mat,8fd506677c43ffdbe7f3cbbb5ed22b9426ab3eb1275595202d88c508df6e240a,94207,Cho2017,Q15-E006,BROAD_EEGNET,20260924,0.27305710315704346,0.7269428968429565,2
s34_1_retained_2_t028,34,1,retained_labeled_MI,2,s34.mat,8fd506677c43ffdbe7f3cbbb5ed22b9426ab3eb1275595202d88c508df6e240a,97791,Cho2017,Q15-E006,BROAD_EEGNET,20260924,9.005422546993352e-14,1.0,2
s34_1_retained_2_t029,34,1,retained_labeled_MI,2,s34.mat,8fd506677c43ffdbe7f3cbbb5ed22b9426ab3eb1275595202d88c508df6e240a,101375,Cho2017,Q15-E006,BROAD_EEGNET,20260924,5.316291120367289e-16,1.0,2
s34_1_retained_2_t030,34,1,retained_labeled_MI,2,s34.mat,8fd506677c43ffdbe7f3cbbb5ed22b9426ab3eb1275595202d88c508df6e240a,104959,Cho2017,Q15-E006,BROAD_EEGNET,20260924,6.691044846389776e-19,1.0,2
s34_1_retained_2_t031,34,1,retained_labeled_MI,2,s34.mat,8fd506677c43ffdbe7f3cbbb5ed22b9426ab3eb1275595202d88c508df6e240a,108543,Cho2017,Q15-E006,BROAD_EEGNET,20260924,9.351088730658128e-15,1.0,2
s34_1_retained_2_t032,34,1,retained_labeled_MI,2,s34.mat,8fd506677c43ffdbe7f3cbbb5ed22b9426ab3eb1275595202d88c508df6e240a,112127,Cho2017,Q15-E006,BROAD_EEGNET,20260924,5.986797863011262e-11,1.0,2
s34_1_retained_2_t033,34,1,retained_labeled_MI,2,s34.mat,8fd506677c43ffdbe7f3cbbb5ed22b9426ab3eb1275595202d88c508df6e240a,115711,Cho2017,Q15-E006,BROAD_EEGNET,20260924,0.03647598251700401,0.9635240435600281,2
s34_1_retained_2_t034,34,1,retained_labeled_MI,2,s34.mat,8fd506677c43ffdbe7f3cbbb5ed22b9426ab3eb1275595202d88c508df6e240a,119295,Cho2017,Q15-E006,BROAD_EEGNET,20260924,2.993983966997904e-12,1.0,2
s34_1_retained_2_t035,34,1,retained_labeled_MI,2,s34.mat,8fd506677c43ffdbe7f3cbbb5ed22b9426ab3eb1275595202d88c508df6e240a,122879,Cho2017,Q15-E006,BROAD_EEGNET,20260924,1.2973802804641665e-12,1.0,2
s34_1_retained_2_t036,34,1,retained_labeled_MI,2,s34.mat,8fd506677c43ffdbe7f3cbbb5ed22b9426ab3eb1275595202d88c508df6e240a,126463,Cho2017,Q15-E006,BROAD_EEGNET,20260924,1.4370760137438765e-10,1.0,2
s34_1_retained_2_t037,34,1,retained_labeled_MI,2,s34.mat,8fd506677c43ffdbe7f3cbbb5ed22b9426ab3eb1275595202d88c508df6e240a,130047,Cho2017,Q15-E006,BROAD_EEGNET,20260924,7.71586705639038e-09,1.0,2
s34_1_retained_2_t038,34,1,retained_labeled_MI,2,s34.mat,8fd506677c43ffdbe7f3cbbb5ed22b9426ab3eb1275595202d88c508df6e240a,133631,Cho2017,Q15-E006,BROAD_EEGNET,20260924,1.0608219781715889e-05,0.99998939037323,2
s34_1_retained_2_t039,34,1,retained_labeled_MI,2,s34.mat,8fd506677c43ffdbe7f3cbbb5ed22b9426ab3eb1275595202d88c508df6e240a,137215,Cho2017,Q15-E006,BROAD_EEGNET,20260924,2.5154321705254622e-20,1.0,2
s34_1_retained_2_t040,34,1,retained_labeled_MI,2,s34.mat,8fd506677c43ffdbe7f3cbbb5ed22b9426ab3eb1275595202d88c508df6e240a,140799,Cho2017,Q15-E006,BROAD_EEGNET,20260924,3.417166242108119e-18,1.0,2
s34_1_retained_2_t041,34,1,retained_labeled_MI,2,s34.mat,8fd506677c43ffdbe7f3cbbb5ed22b9426ab3eb1275595202d88c508df6e240a,144383,Cho2017,Q15-E006,BROAD_EEGNET,20260924,6.59384168360394e-13,1.0,2
s34_1_retained_2_t042,34,1,retained_labeled_MI,2,s34.mat,8fd506677c43ffdbe7f3cbbb5ed22b9426ab3eb1275595202d88c508df6e240a,147967,Cho2017,Q15-E006,BROAD_EEGNET,20260924,4.02283475221853e-15,1.0,2
s34_1_retained_2_t043,34,1,retained_labeled_MI,2,s34.mat,8fd506677c43ffdbe7f3cbbb5ed22b9426ab3eb1275595202d88c508df6e240a,151551,Cho2017,Q15-E006,BROAD_EEGNET,20260924,2.754231565038623e-10,1.0,2
s34_1_retained_2_t044,34,1,retained_labeled_MI,2,s34.mat,8fd506677c43ffdbe7f3cbbb5ed22b9426ab3eb1275595202d88c508df6e240a,155135,Cho2017,Q15-E006,BROAD_EEGNET,20260924,2.232801295335438e-15,1.0,2
s34_1_retained_2_t045,34,1,retained_labeled_MI,2,s34.mat,8fd506677c43ffdbe7f3cbbb5ed22b9426ab3eb1275595202d88c508df6e240a,158719,Cho2017,Q15-E006,BROAD_EEGNET,20260924,0.31739383935928345,0.6826061606407166,2
s34_1_retained_2_t046,34,1,retained_labeled_MI,2,s34.mat,8fd506677c43ffdbe7f3cbbb5ed22b9426ab3eb1275595202d88c508df6e240a,162303,Cho2017,Q15-E006,BROAD_EEGNET,20260924,2.404982478765305e-05,0.9999759197235107,2
s34_1_retained_2_t047,34,1,retained_labeled_MI,2,s34.mat,8fd506677c43ffdbe7f3cbbb5ed22b9426ab3eb1275595202d88c508df6e240a,165887,Cho2017,Q15-E006,BROAD_EEGNET,20260924,1.1846936192466684e-13,1.0,2
s34_1_retained_2_t048,34,1,retained_labeled_MI,2,s34.mat,8fd506677c43ffdbe7f3cbbb5ed22b9426ab3eb1275595202d88c508df6e240a,169471,Cho2017,Q15-E006,BROAD_EEGNET,20260924,8.417147729679331e-13,1.0,2
s34_1_retained_2_t049,34,1,retained_labeled_MI,2,s34.mat,8fd506677c43ffdbe7f3cbbb5ed22b9426ab3eb1275595202d88c508df6e240a,173055,Cho2017,Q15-E006,BROAD_EEGNET,20260924,4.452522552045313e-12,1.0,2
s34_1_retained_2_t050,34,1,retained_labeled_MI,2,s34.mat,8fd506677c43ffdbe7f3cbbb5ed22b9426ab3eb1275595202d88c508df6e240a,176639,Cho2017,Q15-E006,BROAD_EEGNET,20260924,3.0912125208735e-14,1.0,2
s34_1_retained_2_t051,34,1,retained_labeled_MI,2,s34.mat,8fd506677c43ffdbe7f3cbbb5ed22b9426ab3eb1275595202d88c508df6e240a,180223,Cho2017,Q15-E006,BROAD_EEGNET,20260924,9.115661558922739e-10,1.0,2
s34_1_retained_2_t052,34,1,retained_labeled_MI,2,s34.mat,8fd506677c43ffdbe7f3cbbb5ed22b9426ab3eb1275595202d88c508df6e240a,183807,Cho2017,Q15-E006,BROAD_EEGNET,20260924,3.491363767116245e-25,1.0,2
s34_1_retained_2_t053,34,1,retained_labeled_MI,2,s34.mat,8fd506677c43ffdbe7f3cbbb5ed22b9426ab3eb1275595202d88c508df6e240a,187391,Cho2017,Q15-E006,BROAD_EEGNET,20260924,0.999596893787384,0.00040313071804121137,1
s34_1_retained_2_t054,34,1,retained_labeled_MI,2,s34.mat,8fd506677c43ffdbe7f3cbbb5ed22b9426ab3eb1275595202d88c508df6e240a,190975,Cho2017,Q15-E006,BROAD_EEGNET,20260924,1.6375752238673158e-06,0.9999983310699463,2
s34_1_retained_2_t055,34,1,retained_labeled_MI,2,s34.mat,8fd506677c43ffdbe7f3cbbb5ed22b9426ab3eb1275595202d88c508df6e240a,194559,Cho2017,Q15-E006,BROAD_EEGNET,20260924,2.870406722809652e-17,1.0,2
s34_1_retained_2_t056,34,1,retained_labeled_MI,2,s34.mat,8fd506677c43ffdbe7f3cbbb5ed22b9426ab3eb1275595202d88c508df6e240a,198143,Cho2017,Q15-E006,BROAD_EEGNET,20260924,0.00020677231077570468,0.9997932314872742,2
s34_1_retained_2_t057,34,1,retained_labeled_MI,2,s34.mat,8fd506677c43ffdbe7f3cbbb5ed22b9426ab3eb1275595202d88c508df6e240a,201727,Cho2017,Q15-E006,BROAD_EEGNET,20260924,1.6889471591103515e-22,1.0,2
s34_1_retained_2_t058,34,1,retained_labeled_MI,2,s34.mat,8fd506677c43ffdbe7f3cbbb5ed22b9426ab3eb1275595202d88c508df6e240a,205311,Cho2017,Q15-E006,BROAD_EEGNET,20260924,5.018493216477071e-13,1.0,2
s34_1_retained_2_t059,34,1,retained_labeled_MI,2,s34.mat,8fd506677c43ffdbe7f3cbbb5ed22b9426ab3eb1275595202d88c508df6e240a,208895,Cho2017,Q15-E006,BROAD_EEGNET,20260924,3.35398340212123e-07,0.9999996423721313,2
s34_1_retained_2_t060,34,1,retained_labeled_MI,2,s34.mat,8fd506677c43ffdbe7f3cbbb5ed22b9426ab3eb1275595202d88c508df6e240a,212479,Cho2017,Q15-E006,BROAD_EEGNET,20260924,0.13906314969062805,0.8609368801116943,2
s34_1_retained_2_t061,34,1,retained_labeled_MI,2,s34.mat,8fd506677c43ffdbe7f3cbbb5ed22b9426ab3eb1275595202d88c508df6e240a,216063,Cho2017,Q15-E006,BROAD_EEGNET,20260924,0.008060420863330364,0.9919396042823792,2
s34_1_retained_2_t062,34,1,retained_labeled_MI,2,s34.mat,8fd506677c43ffdbe7f3cbbb5ed22b9426ab3eb1275595202d88c508df6e240a,219647,Cho2017,Q15-E006,BROAD_EEGNET,20260924,1.462002414476856e-14,1.0,2
s34_1_retained_2_t063,34,1,retained_labeled_MI,2,s34.mat,8fd506677c43ffdbe7f3cbbb5ed22b9426ab3eb1275595202d88c508df6e240a,223231,Cho2017,Q15-E006,BROAD_EEGNET,20260924,2.7208503587495024e-18,1.0,2
s34_1_retained_2_t064,34,1,retained_labeled_MI,2,s34.mat,8fd506677c43ffdbe7f3cbbb5ed22b9426ab3eb1275595202d88c508df6e240a,226815,Cho2017,Q15-E006,BROAD_EEGNET,20260924,1.1683243883453542e-06,0.9999988079071045,2
s34_1_retained_2_t065,34,1,retained_labeled_MI,2,s34.mat,8fd506677c43ffdbe7f3cbbb5ed22b9426ab3eb1275595202d88c508df6e240a,230399,Cho2017,Q15-E006,BROAD_EEGNET,20260924,5.663095419851643e-15,1.0,2
s34_1_retained_2_t066,34,1,retained_labeled_MI,2,s34.mat,8fd506677c43ffdbe7f3cbbb5ed22b9426ab3eb1275595202d88c508df6e240a,233983,Cho2017,Q15-E006,BROAD_EEGNET,20260924,0.12427764385938644,0.8757222890853882,2
s34_1_retained_2_t067,34,1,retained_labeled_MI,2,s34.mat,8fd506677c43ffdbe7f3cbbb5ed22b9426ab3eb1275595202d88c508df6e240a,237567,Cho2017,Q15-E006,BROAD_EEGNET,20260924,2.0755510157788315e-11,1.0,2
s34_1_retained_2_t068,34,1,retained_labeled_MI,2,s34.mat,8fd506677c43ffdbe7f3cbbb5ed22b9426ab3eb1275595202d88c508df6e240a,241151,Cho2017,Q15-E006,BROAD_EEGNET,20260924,7.947088126458723e-11,1.0,2
s34_1_retained_2_t069,34,1,retained_labeled_MI,2,s34.mat,8fd506677c43ffdbe7f3cbbb5ed22b9426ab3eb1275595202d88c508df6e240a,244735,Cho2017,Q15-E006,BROAD_EEGNET,20260924,6.220225259312429e-07,0.9999994039535522,2
s34_1_retained_2_t070,34,1,retained_labeled_MI,2,s34.mat,8fd506677c43ffdbe7f3cbbb5ed22b9426ab3eb1275595202d88c508df6e240a,248319,Cho2017,Q15-E006,BROAD_EEGNET,20260924,1.786612350366136e-17,1.0,2
s34_1_retained_2_t071,34,1,retained_labeled_MI,2,s34.mat,8fd506677c43ffdbe7f3cbbb5ed22b9426ab3eb1275595202d88c508df6e240a,251903,Cho2017,Q15-E006,BROAD_EEGNET,20260924,1.1206602756885786e-08,1.0,2
s34_1_retained_2_t072,34,1,retained_labeled_MI,2,s34.mat,8fd506677c43ffdbe7f3cbbb5ed22b9426ab3eb1275595202d88c508df6e240a,255487,Cho2017,Q15-E006,BROAD_EEGNET,20260924,7.686626304348465e-06,0.9999923706054688,2
s34_1_retained_2_t073,34,1,retained_labeled_MI,2,s34.mat,8fd506677c43ffdbe7f3cbbb5ed22b9426ab3eb1275595202d88c508df6e240a,259071,Cho2017,Q15-E006,BROAD_EEGNET,20260924,1.7469355311008396e-19,1.0,2
s34_1_retained_2_t074,34,1,retained_labeled_MI,2,s34.mat,8fd506677c43ffdbe7f3cbbb5ed22b9426ab3eb1275595202d88c508df6e240a,262655,Cho2017,Q15-E006,BROAD_EEGNET,20260924,3.2499000777834464e-13,1.0,2
s34_1_retained_2_t075,34,1,retained_labeled_MI,2,s34.mat,8fd506677c43ffdbe7f3cbbb5ed22b9426ab3eb1275595202d88c508df6e240a,266239,Cho2017,Q15-E006,BROAD_EEGNET,20260924,1.4142795379257223e-08,1.0,2
s34_1_retained_2_t076,34,1,retained_labeled_MI,2,s34.mat,8fd506677c43ffdbe7f3cbbb5ed22b9426ab3eb1275595202d88c508df6e240a,269823,Cho2017,Q15-E006,BROAD_EEGNET,20260924,1.2777857292289624e-15,1.0,2
s34_1_retained_2_t077,34,1,retained_labeled_MI,2,s34.mat,8fd506677c43ffdbe7f3cbbb5ed22b9426ab3eb1275595202d88c508df6e240a,273407,Cho2017,Q15-E006,BROAD_EEGNET,20260924,3.1789150745618628e-15,1.0,2
s34_1_retained_2_t078,34,1,retained_labeled_MI,2,s34.mat,8fd506677c43ffdbe7f3cbbb5ed22b9426ab3eb1275595202d88c508df6e240a,276991,Cho2017,Q15-E006,BROAD_EEGNET,20260924,2.307626121253074e-16,1.0,2
s34_1_retained_2_t079,34,1,retained_labeled_MI,2,s34.mat,8fd506677c43ffdbe7f3cbbb5ed22b9426ab3eb1275595202d88c508df6e240a,280575,Cho2017,Q15-E006,BROAD_EEGNET,20260924,6.161865684362056e-09,1.0,2
s34_1_retained_2_t080,34,1,retained_labeled_MI,2,s34.mat,8fd506677c43ffdbe7f3cbbb5ed22b9426ab3eb1275595202d88c508df6e240a,284159,Cho2017,Q15-E006,BROAD_EEGNET,20260924,3.2629384665284436e-16,1.0,2
s34_1_retained_2_t081,34,1,retained_labeled_MI,2,s34.mat,8fd506677c43ffdbe7f3cbbb5ed22b9426ab3eb1275595202d88c508df6e240a,287743,Cho2017,Q15-E006,BROAD_EEGNET,20260924,0.0004696171381510794,0.9995304346084595,2
s34_1_retained_2_t082,34,1,retained_labeled_MI,2,s34.mat,8fd506677c43ffdbe7f3cbbb5ed22b9426ab3eb1275595202d88c508df6e240a,291327,Cho2017,Q15-E006,BROAD_EEGNET,20260924,7.929421008689985e-14,1.0,2
s34_1_retained_2_t083,34,1,retained_labeled_MI,2,s34.mat,8fd506677c43ffdbe7f3cbbb5ed22b9426ab3eb1275595202d88c508df6e240a,294911,Cho2017,Q15-E006,BROAD_EEGNET,20260924,2.6163920794839657e-29,1.0,2
s34_1_retained_2_t084,34,1,retained_labeled_MI,2,s34.mat,8fd506677c43ffdbe7f3cbbb5ed22b9426ab3eb1275595202d88c508df6e240a,298495,Cho2017,Q15-E006,BROAD_EEGNET,20260924,8.081529152478839e-14,1.0,2
s34_1_retained_2_t085,34,1,retained_labeled_MI,2,s34.mat,8fd506677c43ffdbe7f3cbbb5ed22b9426ab3eb1275595202d88c508df6e240a,302079,Cho2017,Q15-E006,BROAD_EEGNET,20260924,1.2242706301630634e-18,1.0,2
s34_1_retained_2_t086,34,1,retained_labeled_MI,2,s34.mat,8fd506677c43ffdbe7f3cbbb5ed22b9426ab3eb1275595202d88c508df6e240a,305663,Cho2017,Q15-E006,BROAD_EEGNET,20260924,2.6193846312242344e-24,1.0,2
s34_1_retained_2_t087,34,1,retained_labeled_MI,2,s34.mat,8fd506677c43ffdbe7f3cbbb5ed22b9426ab3eb1275595202d88c508df6e240a,309247,Cho2017,Q15-E006,BROAD_EEGNET,20260924,1.4091412227617423e-13,1.0,2
s34_1_retained_2_t088,34,1,retained_labeled_MI,2,s34.mat,8fd506677c43ffdbe7f3cbbb5ed22b9426ab3eb1275595202d88c508df6e240a,312831,Cho2017,Q15-E006,BROAD_EEGNET,20260924,1.3534720053704845e-23,1.0,2
s34_1_retained_2_t089,34,1,retained_labeled_MI,2,s34.mat,8fd506677c43ffdbe7f3cbbb5ed22b9426ab3eb1275595202d88c508df6e240a,316415,Cho2017,Q15-E006,BROAD_EEGNET,20260924,3.04294337403817e-19,1.0,2
s34_1_retained_2_t090,34,1,retained_labeled_MI,2,s34.mat,8fd506677c43ffdbe7f3cbbb5ed22b9426ab3eb1275595202d88c508df6e240a,319999,Cho2017,Q15-E006,BROAD_EEGNET,20260924,2.6545953274643465e-14,1.0,2
s34_1_retained_2_t091,34,1,retained_labeled_MI,2,s34.mat,8fd506677c43ffdbe7f3cbbb5ed22b9426ab3eb1275595202d88c508df6e240a,323583,Cho2017,Q15-E006,BROAD_EEGNET,20260924,4.84895736008184e-07,0.9999995231628418,2
s34_1_retained_2_t092,34,1,retained_labeled_MI,2,s34.mat,8fd506677c43ffdbe7f3cbbb5ed22b9426ab3eb1275595202d88c508df6e240a,327167,Cho2017,Q15-E006,BROAD_EEGNET,20260924,3.224036691715667e-17,1.0,2
s34_1_retained_2_t093,34,1,retained_labeled_MI,2,s34.mat,8fd506677c43ffdbe7f3cbbb5ed22b9426ab3eb1275595202d88c508df6e240a,330751,Cho2017,Q15-E006,BROAD_EEGNET,20260924,2.1710945216114885e-13,1.0,2
s34_1_retained_2_t094,34,1,retained_labeled_MI,2,s34.mat,8fd506677c43ffdbe7f3cbbb5ed22b9426ab3eb1275595202d88c508df6e240a,334335,Cho2017,Q15-E006,BROAD_EEGNET,20260924,2.2978099457893197e-12,1.0,2
s34_1_retained_2_t095,34,1,retained_labeled_MI,2,s34.mat,8fd506677c43ffdbe7f3cbbb5ed22b9426ab3eb1275595202d88c508df6e240a,337919,Cho2017,Q15-E006,BROAD_EEGNET,20260924,3.6660022708529547e-17,1.0,2
s34_1_retained_2_t096,34,1,retained_labeled_MI,2,s34.mat,8fd506677c43ffdbe7f3cbbb5ed22b9426ab3eb1275595202d88c508df6e240a,341503,Cho2017,Q15-E006,BROAD_EEGNET,20260924,1.0659747529118135e-09,1.0,2
s34_1_retained_2_t097,34,1,retained_labeled_MI,2,s34.mat,8fd506677c43ffdbe7f3cbbb5ed22b9426ab3eb1275595202d88c508df6e240a,345087,Cho2017,Q15-E006,BROAD_EEGNET,20260924,1.1965438405717177e-12,1.0,2
s34_1_retained_2_t098,34,1,retained_labeled_MI,2,s34.mat,8fd506677c43ffdbe7f3cbbb5ed22b9426ab3eb1275595202d88c508df6e240a,348671,Cho2017,Q15-E006,BROAD_EEGNET,20260924,3.340146292885038e-07,0.9999996423721313,2
s34_1_retained_2_t099,34,1,retained_labeled_MI,2,s34.mat,8fd506677c43ffdbe7f3cbbb5ed22b9426ab3eb1275595202d88c508df6e240a,352255,Cho2017,Q15-E006,BROAD_EEGNET,20260924,4.666622146487498e-07,0.9999995231628418,2
s34_1_retained_2_t100,34,1,retained_labeled_MI,2,s34.mat,8fd506677c43ffdbe7f3cbbb5ed22b9426ab3eb1275595202d88c508df6e240a,355839,Cho2017,Q15-E006,BROAD_EEGNET,20260924,0.0032374956645071507,0.9967625141143799,2
s34_1_retained_1_t001,34,1,retained_labeled_MI,1,s34.mat,8fd506677c43ffdbe7f3cbbb5ed22b9426ab3eb1275595202d88c508df6e240a,1023,Cho2017,Q15-E006,BROAD_EEGNET,20260925,0.9924984574317932,0.007501508574932814,1
s34_1_retained_1_t002,34,1,retained_labeled_MI,1,s34.mat,8fd506677c43ffdbe7f3cbbb5ed22b9426ab3eb1275595202d88c508df6e240a,4607,Cho2017,Q15-E006,BROAD_EEGNET,20260925,0.00413505407050252,0.995864987373352,2
s34_1_retained_1_t003,34,1,retained_labeled_MI,1,s34.mat,8fd506677c43ffdbe7f3cbbb5ed22b9426ab3eb1275595202d88c508df6e240a,8191,Cho2017,Q15-E006,BROAD_EEGNET,20260925,0.6236955523490906,0.3763044476509094,1
s34_1_retained_1_t004,34,1,retained_labeled_MI,1,s34.mat,8fd506677c43ffdbe7f3cbbb5ed22b9426ab3eb1275595202d88c508df6e240a,11775,Cho2017,Q15-E006,BROAD_EEGNET,20260925,0.015226490795612335,0.9847735166549683,2
s34_1_retained_1_t005,34,1,retained_labeled_MI,1,s34.mat,8fd506677c43ffdbe7f3cbbb5ed22b9426ab3eb1275595202d88c508df6e240a,15359,Cho2017,Q15-E006,BROAD_EEGNET,20260925,0.9746119379997253,0.025388073176145554,1
s34_1_retained_1_t006,34,1,retained_labeled_MI,1,s34.mat,8fd506677c43ffdbe7f3cbbb5ed22b9426ab3eb1275595202d88c508df6e240a,18943,Cho2017,Q15-E006,BROAD_EEGNET,20260925,0.9832931756973267,0.01670685224235058,1
s34_1_retained_1_t007,34,1,retained_labeled_MI,1,s34.mat,8fd506677c43ffdbe7f3cbbb5ed22b9426ab3eb1275595202d88c508df6e240a,22527,Cho2017,Q15-E006,BROAD_EEGNET,20260925,0.9997877478599548,0.00021231104619801044,1
s34_1_retained_1_t008,34,1,retained_labeled_MI,1,s34.mat,8fd506677c43ffdbe7f3cbbb5ed22b9426ab3eb1275595202d88c508df6e240a,26111,Cho2017,Q15-E006,BROAD_EEGNET,20260925,1.601728032922036e-18,1.0,2
s34_1_retained_1_t009,34,1,retained_labeled_MI,1,s34.mat,8fd506677c43ffdbe7f3cbbb5ed22b9426ab3eb1275595202d88c508df6e240a,29695,Cho2017,Q15-E006,BROAD_EEGNET,20260925,2.1822478402100387e-07,0.9999997615814209,2
s34_1_retained_1_t010,34,1,retained_labeled_MI,1,s34.mat,8fd506677c43ffdbe7f3cbbb5ed22b9426ab3eb1275595202d88c508df6e240a,33279,Cho2017,Q15-E006,BROAD_EEGNET,20260925,8.634444981225897e-08,0.9999998807907104,2
s34_1_retained_1_t011,34,1,retained_labeled_MI,1,s34.mat,8fd506677c43ffdbe7f3cbbb5ed22b9426ab3eb1275595202d88c508df6e240a,36863,Cho2017,Q15-E006,BROAD_EEGNET,20260925,0.00016387122741434723,0.9998360872268677,2
s34_1_retained_1_t012,34,1,retained_labeled_MI,1,s34.mat,8fd506677c43ffdbe7f3cbbb5ed22b9426ab3eb1275595202d88c508df6e240a,40447,Cho2017,Q15-E006,BROAD_EEGNET,20260925,1.074457566647112e-14,1.0,2
s34_1_retained_1_t013,34,1,retained_labeled_MI,1,s34.mat,8fd506677c43ffdbe7f3cbbb5ed22b9426ab3eb1275595202d88c508df6e240a,44031,Cho2017,Q15-E006,BROAD_EEGNET,20260925,0.9914605617523193,0.008539494127035141,1
s34_1_retained_1_t014,34,1,retained_labeled_MI,1,s34.mat,8fd506677c43ffdbe7f3cbbb5ed22b9426ab3eb1275595202d88c508df6e240a,47615,Cho2017,Q15-E006,BROAD_EEGNET,20260925,0.9999947547912598,5.247802619123831e-06,1
s34_1_retained_1_t015,34,1,retained_labeled_MI,1,s34.mat,8fd506677c43ffdbe7f3cbbb5ed22b9426ab3eb1275595202d88c508df6e240a,51199,Cho2017,Q15-E006,BROAD_EEGNET,20260925,1.1492576012173273e-19,1.0,2
s34_1_retained_1_t016,34,1,retained_labeled_MI,1,s34.mat,8fd506677c43ffdbe7f3cbbb5ed22b9426ab3eb1275595202d88c508df6e240a,54783,Cho2017,Q15-E006,BROAD_EEGNET,20260925,5.743793849433132e-07,0.9999994039535522,2
s34_1_retained_1_t017,34,1,retained_labeled_MI,1,s34.mat,8fd506677c43ffdbe7f3cbbb5ed22b9426ab3eb1275595202d88c508df6e240a,58367,Cho2017,Q15-E006,BROAD_EEGNET,20260925,3.331588528139714e-15,1.0,2
s34_1_retained_1_t018,34,1,retained_labeled_MI,1,s34.mat,8fd506677c43ffdbe7f3cbbb5ed22b9426ab3eb1275595202d88c508df6e240a,61951,Cho2017,Q15-E006,BROAD_EEGNET,20260925,2.2456568846470528e-30,1.0,2
s34_1_retained_1_t019,34,1,retained_labeled_MI,1,s34.mat,8fd506677c43ffdbe7f3cbbb5ed22b9426ab3eb1275595202d88c508df6e240a,65535,Cho2017,Q15-E006,BROAD_EEGNET,20260925,1.5891333532636054e-05,0.9999841451644897,2
s34_1_retained_1_t020,34,1,retained_labeled_MI,1,s34.mat,8fd506677c43ffdbe7f3cbbb5ed22b9426ab3eb1275595202d88c508df6e240a,69119,Cho2017,Q15-E006,BROAD_EEGNET,20260925,1.3468893968887619e-12,1.0,2
s34_1_retained_1_t021,34,1,retained_labeled_MI,1,s34.mat,8fd506677c43ffdbe7f3cbbb5ed22b9426ab3eb1275595202d88c508df6e240a,72703,Cho2017,Q15-E006,BROAD_EEGNET,20260925,0.9982200264930725,0.0017799183260649443,1
s34_1_retained_1_t022,34,1,retained_labeled_MI,1,s34.mat,8fd506677c43ffdbe7f3cbbb5ed22b9426ab3eb1275595202d88c508df6e240a,76287,Cho2017,Q15-E006,BROAD_EEGNET,20260925,0.14145265519618988,0.8585472702980042,2
s34_1_retained_1_t023,34,1,retained_labeled_MI,1,s34.mat,8fd506677c43ffdbe7f3cbbb5ed22b9426ab3eb1275595202d88c508df6e240a,79871,Cho2017,Q15-E006,BROAD_EEGNET,20260925,0.9999837875366211,1.6155348930624314e-05,1
s34_1_retained_1_t024,34,1,retained_labeled_MI,1,s34.mat,8fd506677c43ffdbe7f3cbbb5ed22b9426ab3eb1275595202d88c508df6e240a,83455,Cho2017,Q15-E006,BROAD_EEGNET,20260925,2.189528836016308e-10,1.0,2
s34_1_retained_1_t025,34,1,retained_labeled_MI,1,s34.mat,8fd506677c43ffdbe7f3cbbb5ed22b9426ab3eb1275595202d88c508df6e240a,87039,Cho2017,Q15-E006,BROAD_EEGNET,20260925,0.07285591214895248,0.9271441102027893,2
s34_1_retained_1_t026,34,1,retained_labeled_MI,1,s34.mat,8fd506677c43ffdbe7f3cbbb5ed22b9426ab3eb1275595202d88c508df6e240a,90623,Cho2017,Q15-E006,BROAD_EEGNET,20260925,0.9996191263198853,0.0003808739420492202,1
s34_1_retained_1_t027,34,1,retained_labeled_MI,1,s34.mat,8fd506677c43ffdbe7f3cbbb5ed22b9426ab3eb1275595202d88c508df6e240a,94207,Cho2017,Q15-E006,BROAD_EEGNET,20260925,4.2701603319983406e-07,0.9999995231628418,2
s34_1_retained_1_t028,34,1,retained_labeled_MI,1,s34.mat,8fd506677c43ffdbe7f3cbbb5ed22b9426ab3eb1275595202d88c508df6e240a,97791,Cho2017,Q15-E006,BROAD_EEGNET,20260925,5.207239084370485e-10,1.0,2
s34_1_retained_1_t029,34,1,retained_labeled_MI,1,s34.mat,8fd506677c43ffdbe7f3cbbb5ed22b9426ab3eb1275595202d88c508df6e240a,101375,Cho2017,Q15-E006,BROAD_EEGNET,20260925,8.794346917362361e-10,1.0,2
s34_1_retained_1_t030,34,1,retained_labeled_MI,1,s34.mat,8fd506677c43ffdbe7f3cbbb5ed22b9426ab3eb1275595202d88c508df6e240a,104959,Cho2017,Q15-E006,BROAD_EEGNET,20260925,0.9999997615814209,2.184156926432479e-07,1
s34_1_retained_1_t031,34,1,retained_labeled_MI,1,s34.mat,8fd506677c43ffdbe7f3cbbb5ed22b9426ab3eb1275595202d88c508df6e240a,108543,Cho2017,Q15-E006,BROAD_EEGNET,20260925,0.0037046365905553102,0.9962953925132751,2
s34_1_retained_1_t032,34,1,retained_labeled_MI,1,s34.mat,8fd506677c43ffdbe7f3cbbb5ed22b9426ab3eb1275595202d88c508df6e240a,112127,Cho2017,Q15-E006,BROAD_EEGNET,20260925,2.4280595312120568e-08,1.0,2
s34_1_retained_1_t033,34,1,retained_labeled_MI,1,s34.mat,8fd506677c43ffdbe7f3cbbb5ed22b9426ab3eb1275595202d88c508df6e240a,115711,Cho2017,Q15-E006,BROAD_EEGNET,20260925,0.9999947547912598,5.203310593060451e-06,1
s34_1_retained_1_t034,34,1,retained_labeled_MI,1,s34.mat,8fd506677c43ffdbe7f3cbbb5ed22b9426ab3eb1275595202d88c508df6e240a,119295,Cho2017,Q15-E006,BROAD_EEGNET,20260925,5.251029620012559e-07,0.9999995231628418,2
s34_1_retained_1_t035,34,1,retained_labeled_MI,1,s34.mat,8fd506677c43ffdbe7f3cbbb5ed22b9426ab3eb1275595202d88c508df6e240a,122879,Cho2017,Q15-E006,BROAD_EEGNET,20260925,2.576910479376557e-36,1.0,2
s34_1_retained_1_t036,34,1,retained_labeled_MI,1,s34.mat,8fd506677c43ffdbe7f3cbbb5ed22b9426ab3eb1275595202d88c508df6e240a,126463,Cho2017,Q15-E006,BROAD_EEGNET,20260925,2.903739965490204e-12,1.0,2
s34_1_retained_1_t037,34,1,retained_labeled_MI,1,s34.mat,8fd506677c43ffdbe7f3cbbb5ed22b9426ab3eb1275595202d88c508df6e240a,130047,Cho2017,Q15-E006,BROAD_EEGNET,20260925,0.31057989597320557,0.6894201636314392,2
s34_1_retained_1_t038,34,1,retained_labeled_MI,1,s34.mat,8fd506677c43ffdbe7f3cbbb5ed22b9426ab3eb1275595202d88c508df6e240a,133631,Cho2017,Q15-E006,BROAD_EEGNET,20260925,0.735767662525177,0.2642323076725006,1
s34_1_retained_1_t039,34,1,retained_labeled_MI,1,s34.mat,8fd506677c43ffdbe7f3cbbb5ed22b9426ab3eb1275595202d88c508df6e240a,137215,Cho2017,Q15-E006,BROAD_EEGNET,20260925,7.280023717919689e-15,1.0,2
s34_1_retained_1_t040,34,1,retained_labeled_MI,1,s34.mat,8fd506677c43ffdbe7f3cbbb5ed22b9426ab3eb1275595202d88c508df6e240a,140799,Cho2017,Q15-E006,BROAD_EEGNET,20260925,1.5968035391450235e-27,1.0,2
s34_1_retained_1_t041,34,1,retained_labeled_MI,1,s34.mat,8fd506677c43ffdbe7f3cbbb5ed22b9426ab3eb1275595202d88c508df6e240a,144383,Cho2017,Q15-E006,BROAD_EEGNET,20260925,0.9856036901473999,0.014396334066987038,1
s34_1_retained_1_t042,34,1,retained_labeled_MI,1,s34.mat,8fd506677c43ffdbe7f3cbbb5ed22b9426ab3eb1275595202d88c508df6e240a,147967,Cho2017,Q15-E006,BROAD_EEGNET,20260925,3.4895404925215073e-17,1.0,2
s34_1_retained_1_t043,34,1,retained_labeled_MI,1,s34.mat,8fd506677c43ffdbe7f3cbbb5ed22b9426ab3eb1275595202d88c508df6e240a,151551,Cho2017,Q15-E006,BROAD_EEGNET,20260925,0.0014224539045244455,0.9985775947570801,2
s34_1_retained_1_t044,34,1,retained_labeled_MI,1,s34.mat,8fd506677c43ffdbe7f3cbbb5ed22b9426ab3eb1275595202d88c508df6e240a,155135,Cho2017,Q15-E006,BROAD_EEGNET,20260925,0.02036800980567932,0.9796319603919983,2
s34_1_retained_1_t045,34,1,retained_labeled_MI,1,s34.mat,8fd506677c43ffdbe7f3cbbb5ed22b9426ab3eb1275595202d88c508df6e240a,158719,Cho2017,Q15-E006,BROAD_EEGNET,20260925,0.9733123183250427,0.026687704026699066,1
s34_1_retained_1_t046,34,1,retained_labeled_MI,1,s34.mat,8fd506677c43ffdbe7f3cbbb5ed22b9426ab3eb1275595202d88c508df6e240a,162303,Cho2017,Q15-E006,BROAD_EEGNET,20260925,2.6191370459846238e-15,1.0,2
s34_1_retained_1_t047,34,1,retained_labeled_MI,1,s34.mat,8fd506677c43ffdbe7f3cbbb5ed22b9426ab3eb1275595202d88c508df6e240a,165887,Cho2017,Q15-E006,BROAD_EEGNET,20260925,0.03984075412154198,0.9601592421531677,2
s34_1_retained_1_t048,34,1,retained_labeled_MI,1,s34.mat,8fd506677c43ffdbe7f3cbbb5ed22b9426ab3eb1275595202d88c508df6e240a,169471,Cho2017,Q15-E006,BROAD_EEGNET,20260925,0.9968059062957764,0.0031940811313688755,1
s34_1_retained_1_t049,34,1,retained_labeled_MI,1,s34.mat,8fd506677c43ffdbe7f3cbbb5ed22b9426ab3eb1275595202d88c508df6e240a,173055,Cho2017,Q15-E006,BROAD_EEGNET,20260925,7.831534276192542e-06,0.9999921321868896,2
s34_1_retained_1_t050,34,1,retained_labeled_MI,1,s34.mat,8fd506677c43ffdbe7f3cbbb5ed22b9426ab3eb1275595202d88c508df6e240a,176639,Cho2017,Q15-E006,BROAD_EEGNET,20260925,3.3745587302291824e-07,0.9999996423721313,2
s34_1_retained_1_t051,34,1,retained_labeled_MI,1,s34.mat,8fd506677c43ffdbe7f3cbbb5ed22b9426ab3eb1275595202d88c508df6e240a,180223,Cho2017,Q15-E006,BROAD_EEGNET,20260925,0.0004234757798258215,0.9995765089988708,2
s34_1_retained_1_t052,34,1,retained_labeled_MI,1,s34.mat,8fd506677c43ffdbe7f3cbbb5ed22b9426ab3eb1275595202d88c508df6e240a,183807,Cho2017,Q15-E006,BROAD_EEGNET,20260925,0.9999696016311646,3.0341620004037395e-05,1
s34_1_retained_1_t053,34,1,retained_labeled_MI,1,s34.mat,8fd506677c43ffdbe7f3cbbb5ed22b9426ab3eb1275595202d88c508df6e240a,187391,Cho2017,Q15-E006,BROAD_EEGNET,20260925,2.310008738112823e-12,1.0,2
s34_1_retained_1_t054,34,1,retained_labeled_MI,1,s34.mat,8fd506677c43ffdbe7f3cbbb5ed22b9426ab3eb1275595202d88c508df6e240a,190975,Cho2017,Q15-E006,BROAD_EEGNET,20260925,0.9999995231628418,4.989362878404791e-07,1
s34_1_retained_1_t055,34,1,retained_labeled_MI,1,s34.mat,8fd506677c43ffdbe7f3cbbb5ed22b9426ab3eb1275595202d88c508df6e240a,194559,Cho2017,Q15-E006,BROAD_EEGNET,20260925,7.920258909034054e-22,1.0,2
s34_1_retained_1_t056,34,1,retained_labeled_MI,1,s34.mat,8fd506677c43ffdbe7f3cbbb5ed22b9426ab3eb1275595202d88c508df6e240a,198143,Cho2017,Q15-E006,BROAD_EEGNET,20260925,2.4502937873149833e-11,1.0,2
s34_1_retained_1_t057,34,1,retained_labeled_MI,1,s34.mat,8fd506677c43ffdbe7f3cbbb5ed22b9426ab3eb1275595202d88c508df6e240a,201727,Cho2017,Q15-E006,BROAD_EEGNET,20260925,0.003621448064222932,0.9963786005973816,2
s34_1_retained_1_t058,34,1,retained_labeled_MI,1,s34.mat,8fd506677c43ffdbe7f3cbbb5ed22b9426ab3eb1275595202d88c508df6e240a,205311,Cho2017,Q15-E006,BROAD_EEGNET,20260925,2.673657295559906e-09,1.0,2
s34_1_retained_1_t059,34,1,retained_labeled_MI,1,s34.mat,8fd506677c43ffdbe7f3cbbb5ed22b9426ab3eb1275595202d88c508df6e240a,208895,Cho2017,Q15-E006,BROAD_EEGNET,20260925,9.885043304735941e-12,1.0,2
s34_1_retained_1_t060,34,1,retained_labeled_MI,1,s34.mat,8fd506677c43ffdbe7f3cbbb5ed22b9426ab3eb1275595202d88c508df6e240a,212479,Cho2017,Q15-E006,BROAD_EEGNET,20260925,0.9999997615814209,2.72200708195669e-07,1
s34_1_retained_1_t061,34,1,retained_labeled_MI,1,s34.mat,8fd506677c43ffdbe7f3cbbb5ed22b9426ab3eb1275595202d88c508df6e240a,216063,Cho2017,Q15-E006,BROAD_EEGNET,20260925,1.0,5.884587750415449e-08,1
s34_1_retained_1_t062,34,1,retained_labeled_MI,1,s34.mat,8fd506677c43ffdbe7f3cbbb5ed22b9426ab3eb1275595202d88c508df6e240a,219647,Cho2017,Q15-E006,BROAD_EEGNET,20260925,1.0,8.88580760350071e-16,1
s34_1_retained_1_t063,34,1,retained_labeled_MI,1,s34.mat,8fd506677c43ffdbe7f3cbbb5ed22b9426ab3eb1275595202d88c508df6e240a,223231,Cho2017,Q15-E006,BROAD_EEGNET,20260925,1.0,1.2088973866617174e-15,1
s34_1_retained_1_t064,34,1,retained_labeled_MI,1,s34.mat,8fd506677c43ffdbe7f3cbbb5ed22b9426ab3eb1275595202d88c508df6e240a,226815,Cho2017,Q15-E006,BROAD_EEGNET,20260925,1.0,8.467582190974099e-09,1
s34_1_retained_1_t065,34,1,retained_labeled_MI,1,s34.mat,8fd506677c43ffdbe7f3cbbb5ed22b9426ab3eb1275595202d88c508df6e240a,230399,Cho2017,Q15-E006,BROAD_EEGNET,20260925,0.9999980926513672,1.9104315924778348e-06,1
s34_1_retained_1_t066,34,1,retained_labeled_MI,1,s34.mat,8fd506677c43ffdbe7f3cbbb5ed22b9426ab3eb1275595202d88c508df6e240a,233983,Cho2017,Q15-E006,BROAD_EEGNET,20260925,0.007933721877634525,0.9920662641525269,2
s34_1_retained_1_t067,34,1,retained_labeled_MI,1,s34.mat,8fd506677c43ffdbe7f3cbbb5ed22b9426ab3eb1275595202d88c508df6e240a,237567,Cho2017,Q15-E006,BROAD_EEGNET,20260925,0.999345600605011,0.0006543363560922444,1
s34_1_retained_1_t068,34,1,retained_labeled_MI,1,s34.mat,8fd506677c43ffdbe7f3cbbb5ed22b9426ab3eb1275595202d88c508df6e240a,241151,Cho2017,Q15-E006,BROAD_EEGNET,20260925,0.0023759931791573763,0.9976239800453186,2
s34_1_retained_1_t069,34,1,retained_labeled_MI,1,s34.mat,8fd506677c43ffdbe7f3cbbb5ed22b9426ab3eb1275595202d88c508df6e240a,244735,Cho2017,Q15-E006,BROAD_EEGNET,20260925,1.0,3.088592048783312e-09,1
s34_1_retained_1_t070,34,1,retained_labeled_MI,1,s34.mat,8fd506677c43ffdbe7f3cbbb5ed22b9426ab3eb1275595202d88c508df6e240a,248319,Cho2017,Q15-E006,BROAD_EEGNET,20260925,1.0,1.3475434657017615e-10,1
s34_1_retained_1_t071,34,1,retained_labeled_MI,1,s34.mat,8fd506677c43ffdbe7f3cbbb5ed22b9426ab3eb1275595202d88c508df6e240a,251903,Cho2017,Q15-E006,BROAD_EEGNET,20260925,1.6630636423542455e-07,0.9999998807907104,2
s34_1_retained_1_t072,34,1,retained_labeled_MI,1,s34.mat,8fd506677c43ffdbe7f3cbbb5ed22b9426ab3eb1275595202d88c508df6e240a,255487,Cho2017,Q15-E006,BROAD_EEGNET,20260925,0.0034331094939261675,0.996566891670227,2
s34_1_retained_1_t073,34,1,retained_labeled_MI,1,s34.mat,8fd506677c43ffdbe7f3cbbb5ed22b9426ab3eb1275595202d88c508df6e240a,259071,Cho2017,Q15-E006,BROAD_EEGNET,20260925,0.9997184872627258,0.00028145493706688285,1
s34_1_retained_1_t074,34,1,retained_labeled_MI,1,s34.mat,8fd506677c43ffdbe7f3cbbb5ed22b9426ab3eb1275595202d88c508df6e240a,262655,Cho2017,Q15-E006,BROAD_EEGNET,20260925,0.02280702069401741,0.9771929979324341,2
s34_1_retained_1_t075,34,1,retained_labeled_MI,1,s34.mat,8fd506677c43ffdbe7f3cbbb5ed22b9426ab3eb1275595202d88c508df6e240a,266239,Cho2017,Q15-E006,BROAD_EEGNET,20260925,0.00030610733665525913,0.9996938705444336,2
s34_1_retained_1_t076,34,1,retained_labeled_MI,1,s34.mat,8fd506677c43ffdbe7f3cbbb5ed22b9426ab3eb1275595202d88c508df6e240a,269823,Cho2017,Q15-E006,BROAD_EEGNET,20260925,7.608201846309726e-10,1.0,2
s34_1_retained_1_t077,34,1,retained_labeled_MI,1,s34.mat,8fd506677c43ffdbe7f3cbbb5ed22b9426ab3eb1275595202d88c508df6e240a,273407,Cho2017,Q15-E006,BROAD_EEGNET,20260925,1.7895696047005166e-13,1.0,2
s34_1_retained_1_t078,34,1,retained_labeled_MI,1,s34.mat,8fd506677c43ffdbe7f3cbbb5ed22b9426ab3eb1275595202d88c508df6e240a,276991,Cho2017,Q15-E006,BROAD_EEGNET,20260925,0.9553704261779785,0.0446295328438282,1
s34_1_retained_1_t079,34,1,retained_labeled_MI,1,s34.mat,8fd506677c43ffdbe7f3cbbb5ed22b9426ab3eb1275595202d88c508df6e240a,280575,Cho2017,Q15-E006,BROAD_EEGNET,20260925,7.70678451611495e-11,1.0,2
s34_1_retained_1_t080,34,1,retained_labeled_MI,1,s34.mat,8fd506677c43ffdbe7f3cbbb5ed22b9426ab3eb1275595202d88c508df6e240a,284159,Cho2017,Q15-E006,BROAD_EEGNET,20260925,1.0330677421366632e-13,1.0,2
s34_1_retained_1_t081,34,1,retained_labeled_MI,1,s34.mat,8fd506677c43ffdbe7f3cbbb5ed22b9426ab3eb1275595202d88c508df6e240a,287743,Cho2017,Q15-E006,BROAD_EEGNET,20260925,1.0,1.0160539249559229e-15,1
s34_1_retained_1_t082,34,1,retained_labeled_MI,1,s34.mat,8fd506677c43ffdbe7f3cbbb5ed22b9426ab3eb1275595202d88c508df6e240a,291327,Cho2017,Q15-E006,BROAD_EEGNET,20260925,0.9405244588851929,0.05947551131248474,1
s34_1_retained_1_t083,34,1,retained_labeled_MI,1,s34.mat,8fd506677c43ffdbe7f3cbbb5ed22b9426ab3eb1275595202d88c508df6e240a,294911,Cho2017,Q15-E006,BROAD_EEGNET,20260925,0.9999361038208008,6.394172669388354e-05,1
s34_1_retained_1_t084,34,1,retained_labeled_MI,1,s34.mat,8fd506677c43ffdbe7f3cbbb5ed22b9426ab3eb1275595202d88c508df6e240a,298495,Cho2017,Q15-E006,BROAD_EEGNET,20260925,2.7210437445294293e-21,1.0,2
s34_1_retained_1_t085,34,1,retained_labeled_MI,1,s34.mat,8fd506677c43ffdbe7f3cbbb5ed22b9426ab3eb1275595202d88c508df6e240a,302079,Cho2017,Q15-E006,BROAD_EEGNET,20260925,0.00012094567500753328,0.999879002571106,2
s34_1_retained_1_t086,34,1,retained_labeled_MI,1,s34.mat,8fd506677c43ffdbe7f3cbbb5ed22b9426ab3eb1275595202d88c508df6e240a,305663,Cho2017,Q15-E006,BROAD_EEGNET,20260925,1.0189592225540167e-11,1.0,2
s34_1_retained_1_t087,34,1,retained_labeled_MI,1,s34.mat,8fd506677c43ffdbe7f3cbbb5ed22b9426ab3eb1275595202d88c508df6e240a,309247,Cho2017,Q15-E006,BROAD_EEGNET,20260925,0.29961588978767395,0.7003840804100037,2
s34_1_retained_1_t088,34,1,retained_labeled_MI,1,s34.mat,8fd506677c43ffdbe7f3cbbb5ed22b9426ab3eb1275595202d88c508df6e240a,312831,Cho2017,Q15-E006,BROAD_EEGNET,20260925,0.003756967606022954,0.9962430000305176,2
s34_1_retained_1_t089,34,1,retained_labeled_MI,1,s34.mat,8fd506677c43ffdbe7f3cbbb5ed22b9426ab3eb1275595202d88c508df6e240a,316415,Cho2017,Q15-E006,BROAD_EEGNET,20260925,1.8353672203375027e-05,0.9999816417694092,2
s34_1_retained_1_t090,34,1,retained_labeled_MI,1,s34.mat,8fd506677c43ffdbe7f3cbbb5ed22b9426ab3eb1275595202d88c508df6e240a,319999,Cho2017,Q15-E006,BROAD_EEGNET,20260925,1.0343416961771113e-20,1.0,2
s34_1_retained_1_t091,34,1,retained_labeled_MI,1,s34.mat,8fd506677c43ffdbe7f3cbbb5ed22b9426ab3eb1275595202d88c508df6e240a,323583,Cho2017,Q15-E006,BROAD_EEGNET,20260925,1.1477387237227715e-13,1.0,2
s34_1_retained_1_t092,34,1,retained_labeled_MI,1,s34.mat,8fd506677c43ffdbe7f3cbbb5ed22b9426ab3eb1275595202d88c508df6e240a,327167,Cho2017,Q15-E006,BROAD_EEGNET,20260925,4.718333723729984e-09,1.0,2
s34_1_retained_1_t093,34,1,retained_labeled_MI,1,s34.mat,8fd506677c43ffdbe7f3cbbb5ed22b9426ab3eb1275595202d88c508df6e240a,330751,Cho2017,Q15-E006,BROAD_EEGNET,20260925,0.273456871509552,0.726543128490448,2
s34_1_retained_1_t094,34,1,retained_labeled_MI,1,s34.mat,8fd506677c43ffdbe7f3cbbb5ed22b9426ab3eb1275595202d88c508df6e240a,334335,Cho2017,Q15-E006,BROAD_EEGNET,20260925,0.9777874946594238,0.022212505340576172,1
s34_1_retained_1_t095,34,1,retained_labeled_MI,1,s34.mat,8fd506677c43ffdbe7f3cbbb5ed22b9426ab3eb1275595202d88c508df6e240a,337919,Cho2017,Q15-E006,BROAD_EEGNET,20260925,0.001953263534232974,0.9980467557907104,2
s34_1_retained_1_t096,34,1,retained_labeled_MI,1,s34.mat,8fd506677c43ffdbe7f3cbbb5ed22b9426ab3eb1275595202d88c508df6e240a,341503,Cho2017,Q15-E006,BROAD_EEGNET,20260925,3.461846737076138e-15,1.0,2
s34_1_retained_1_t097,34,1,retained_labeled_MI,1,s34.mat,8fd506677c43ffdbe7f3cbbb5ed22b9426ab3eb1275595202d88c508df6e240a,345087,Cho2017,Q15-E006,BROAD_EEGNET,20260925,0.9692492485046387,0.03075072169303894,1
s34_1_retained_1_t098,34,1,retained_labeled_MI,1,s34.mat,8fd506677c43ffdbe7f3cbbb5ed22b9426ab3eb1275595202d88c508df6e240a,348671,Cho2017,Q15-E006,BROAD_EEGNET,20260925,2.782153847580293e-12,1.0,2
s34_1_retained_1_t099,34,1,retained_labeled_MI,1,s34.mat,8fd506677c43ffdbe7f3cbbb5ed22b9426ab3eb1275595202d88c508df6e240a,352255,Cho2017,Q15-E006,BROAD_EEGNET,20260925,0.0015536198625341058,0.9984464049339294,2
s34_1_retained_1_t100,34,1,retained_labeled_MI,1,s34.mat,8fd506677c43ffdbe7f3cbbb5ed22b9426ab3eb1275595202d88c508df6e240a,355839,Cho2017,Q15-E006,BROAD_EEGNET,20260925,0.0004497021727729589,0.9995502829551697,2
s34_1_retained_2_t001,34,1,retained_labeled_MI,2,s34.mat,8fd506677c43ffdbe7f3cbbb5ed22b9426ab3eb1275595202d88c508df6e240a,1023,Cho2017,Q15-E006,BROAD_EEGNET,20260925,0.0005548944463953376,0.9994451403617859,2
s34_1_retained_2_t002,34,1,retained_labeled_MI,2,s34.mat,8fd506677c43ffdbe7f3cbbb5ed22b9426ab3eb1275595202d88c508df6e240a,4607,Cho2017,Q15-E006,BROAD_EEGNET,20260925,1.1499213542265352e-05,0.9999885559082031,2
s34_1_retained_2_t003,34,1,retained_labeled_MI,2,s34.mat,8fd506677c43ffdbe7f3cbbb5ed22b9426ab3eb1275595202d88c508df6e240a,8191,Cho2017,Q15-E006,BROAD_EEGNET,20260925,0.9389504790306091,0.061049576848745346,1
s34_1_retained_2_t004,34,1,retained_labeled_MI,2,s34.mat,8fd506677c43ffdbe7f3cbbb5ed22b9426ab3eb1275595202d88c508df6e240a,11775,Cho2017,Q15-E006,BROAD_EEGNET,20260925,0.010971534065902233,0.9890284538269043,2
s34_1_retained_2_t005,34,1,retained_labeled_MI,2,s34.mat,8fd506677c43ffdbe7f3cbbb5ed22b9426ab3eb1275595202d88c508df6e240a,15359,Cho2017,Q15-E006,BROAD_EEGNET,20260925,0.9955600500106812,0.004439972341060638,1
s34_1_retained_2_t006,34,1,retained_labeled_MI,2,s34.mat,8fd506677c43ffdbe7f3cbbb5ed22b9426ab3eb1275595202d88c508df6e240a,18943,Cho2017,Q15-E006,BROAD_EEGNET,20260925,1.7512832002764056e-22,1.0,2
s34_1_retained_2_t007,34,1,retained_labeled_MI,2,s34.mat,8fd506677c43ffdbe7f3cbbb5ed22b9426ab3eb1275595202d88c508df6e240a,22527,Cho2017,Q15-E006,BROAD_EEGNET,20260925,0.8954256176948547,0.10457440465688705,1
s34_1_retained_2_t008,34,1,retained_labeled_MI,2,s34.mat,8fd506677c43ffdbe7f3cbbb5ed22b9426ab3eb1275595202d88c508df6e240a,26111,Cho2017,Q15-E006,BROAD_EEGNET,20260925,4.0587459807284176e-05,0.9999594688415527,2
s34_1_retained_2_t009,34,1,retained_labeled_MI,2,s34.mat,8fd506677c43ffdbe7f3cbbb5ed22b9426ab3eb1275595202d88c508df6e240a,29695,Cho2017,Q15-E006,BROAD_EEGNET,20260925,0.6861354112625122,0.3138646185398102,1
s34_1_retained_2_t010,34,1,retained_labeled_MI,2,s34.mat,8fd506677c43ffdbe7f3cbbb5ed22b9426ab3eb1275595202d88c508df6e240a,33279,Cho2017,Q15-E006,BROAD_EEGNET,20260925,4.714411446595799e-24,1.0,2
s34_1_retained_2_t011,34,1,retained_labeled_MI,2,s34.mat,8fd506677c43ffdbe7f3cbbb5ed22b9426ab3eb1275595202d88c508df6e240a,36863,Cho2017,Q15-E006,BROAD_EEGNET,20260925,0.9529395699501038,0.047060370445251465,1
s34_1_retained_2_t012,34,1,retained_labeled_MI,2,s34.mat,8fd506677c43ffdbe7f3cbbb5ed22b9426ab3eb1275595202d88c508df6e240a,40447,Cho2017,Q15-E006,BROAD_EEGNET,20260925,1.1164922542809645e-14,1.0,2
s34_1_retained_2_t013,34,1,retained_labeled_MI,2,s34.mat,8fd506677c43ffdbe7f3cbbb5ed22b9426ab3eb1275595202d88c508df6e240a,44031,Cho2017,Q15-E006,BROAD_EEGNET,20260925,1.0,4.429518557502732e-11,1
s34_1_retained_2_t014,34,1,retained_labeled_MI,2,s34.mat,8fd506677c43ffdbe7f3cbbb5ed22b9426ab3eb1275595202d88c508df6e240a,47615,Cho2017,Q15-E006,BROAD_EEGNET,20260925,2.3983012841302664e-13,1.0,2
s34_1_retained_2_t015,34,1,retained_labeled_MI,2,s34.mat,8fd506677c43ffdbe7f3cbbb5ed22b9426ab3eb1275595202d88c508df6e240a,51199,Cho2017,Q15-E006,BROAD_EEGNET,20260925,0.9984838366508484,0.0015162311028689146,1
s34_1_retained_2_t016,34,1,retained_labeled_MI,2,s34.mat,8fd506677c43ffdbe7f3cbbb5ed22b9426ab3eb1275595202d88c508df6e240a,54783,Cho2017,Q15-E006,BROAD_EEGNET,20260925,1.0,3.7408318109832805e-10,1
s34_1_retained_2_t017,34,1,retained_labeled_MI,2,s34.mat,8fd506677c43ffdbe7f3cbbb5ed22b9426ab3eb1275595202d88c508df6e240a,58367,Cho2017,Q15-E006,BROAD_EEGNET,20260925,0.000587661110330373,0.9994122982025146,2
s34_1_retained_2_t018,34,1,retained_labeled_MI,2,s34.mat,8fd506677c43ffdbe7f3cbbb5ed22b9426ab3eb1275595202d88c508df6e240a,61951,Cho2017,Q15-E006,BROAD_EEGNET,20260925,1.0,5.906795374985296e-16,1
s34_1_retained_2_t019,34,1,retained_labeled_MI,2,s34.mat,8fd506677c43ffdbe7f3cbbb5ed22b9426ab3eb1275595202d88c508df6e240a,65535,Cho2017,Q15-E006,BROAD_EEGNET,20260925,4.0797758060762135e-07,0.9999996423721313,2
s34_1_retained_2_t020,34,1,retained_labeled_MI,2,s34.mat,8fd506677c43ffdbe7f3cbbb5ed22b9426ab3eb1275595202d88c508df6e240a,69119,Cho2017,Q15-E006,BROAD_EEGNET,20260925,0.041659846901893616,0.9583401083946228,2
s34_1_retained_2_t021,34,1,retained_labeled_MI,2,s34.mat,8fd506677c43ffdbe7f3cbbb5ed22b9426ab3eb1275595202d88c508df6e240a,72703,Cho2017,Q15-E006,BROAD_EEGNET,20260925,7.29017992853187e-05,0.9999270439147949,2
s34_1_retained_2_t022,34,1,retained_labeled_MI,2,s34.mat,8fd506677c43ffdbe7f3cbbb5ed22b9426ab3eb1275595202d88c508df6e240a,76287,Cho2017,Q15-E006,BROAD_EEGNET,20260925,1.2591128226852044e-12,1.0,2
s34_1_retained_2_t023,34,1,retained_labeled_MI,2,s34.mat,8fd506677c43ffdbe7f3cbbb5ed22b9426ab3eb1275595202d88c508df6e240a,79871,Cho2017,Q15-E006,BROAD_EEGNET,20260925,0.34527459740638733,0.6547254323959351,2
s34_1_retained_2_t024,34,1,retained_labeled_MI,2,s34.mat,8fd506677c43ffdbe7f3cbbb5ed22b9426ab3eb1275595202d88c508df6e240a,83455,Cho2017,Q15-E006,BROAD_EEGNET,20260925,0.0007619431125931442,0.9992380142211914,2
s34_1_retained_2_t025,34,1,retained_labeled_MI,2,s34.mat,8fd506677c43ffdbe7f3cbbb5ed22b9426ab3eb1275595202d88c508df6e240a,87039,Cho2017,Q15-E006,BROAD_EEGNET,20260925,7.414683830028052e-14,1.0,2
s34_1_retained_2_t026,34,1,retained_labeled_MI,2,s34.mat,8fd506677c43ffdbe7f3cbbb5ed22b9426ab3eb1275595202d88c508df6e240a,90623,Cho2017,Q15-E006,BROAD_EEGNET,20260925,0.9942120909690857,0.005787852685898542,1
s34_1_retained_2_t027,34,1,retained_labeled_MI,2,s34.mat,8fd506677c43ffdbe7f3cbbb5ed22b9426ab3eb1275595202d88c508df6e240a,94207,Cho2017,Q15-E006,BROAD_EEGNET,20260925,0.9999951124191284,4.927529971610056e-06,1
s34_1_retained_2_t028,34,1,retained_labeled_MI,2,s34.mat,8fd506677c43ffdbe7f3cbbb5ed22b9426ab3eb1275595202d88c508df6e240a,97791,Cho2017,Q15-E006,BROAD_EEGNET,20260925,6.010394254228295e-17,1.0,2
s34_1_retained_2_t029,34,1,retained_labeled_MI,2,s34.mat,8fd506677c43ffdbe7f3cbbb5ed22b9426ab3eb1275595202d88c508df6e240a,101375,Cho2017,Q15-E006,BROAD_EEGNET,20260925,2.2363576135830954e-05,0.9999775886535645,2
s34_1_retained_2_t030,34,1,retained_labeled_MI,2,s34.mat,8fd506677c43ffdbe7f3cbbb5ed22b9426ab3eb1275595202d88c508df6e240a,104959,Cho2017,Q15-E006,BROAD_EEGNET,20260925,1.6106469727817513e-13,1.0,2
s34_1_retained_2_t031,34,1,retained_labeled_MI,2,s34.mat,8fd506677c43ffdbe7f3cbbb5ed22b9426ab3eb1275595202d88c508df6e240a,108543,Cho2017,Q15-E006,BROAD_EEGNET,20260925,3.5374247886466037e-07,0.9999996423721313,2
s34_1_retained_2_t032,34,1,retained_labeled_MI,2,s34.mat,8fd506677c43ffdbe7f3cbbb5ed22b9426ab3eb1275595202d88c508df6e240a,112127,Cho2017,Q15-E006,BROAD_EEGNET,20260925,2.415501285213395e-06,0.999997615814209,2
s34_1_retained_2_t033,34,1,retained_labeled_MI,2,s34.mat,8fd506677c43ffdbe7f3cbbb5ed22b9426ab3eb1275595202d88c508df6e240a,115711,Cho2017,Q15-E006,BROAD_EEGNET,20260925,0.0002912703494075686,0.9997087121009827,2
s34_1_retained_2_t034,34,1,retained_labeled_MI,2,s34.mat,8fd506677c43ffdbe7f3cbbb5ed22b9426ab3eb1275595202d88c508df6e240a,119295,Cho2017,Q15-E006,BROAD_EEGNET,20260925,8.774153625878967e-11,1.0,2
s34_1_retained_2_t035,34,1,retained_labeled_MI,2,s34.mat,8fd506677c43ffdbe7f3cbbb5ed22b9426ab3eb1275595202d88c508df6e240a,122879,Cho2017,Q15-E006,BROAD_EEGNET,20260925,1.0,2.1809238442971335e-12,1
s34_1_retained_2_t036,34,1,retained_labeled_MI,2,s34.mat,8fd506677c43ffdbe7f3cbbb5ed22b9426ab3eb1275595202d88c508df6e240a,126463,Cho2017,Q15-E006,BROAD_EEGNET,20260925,1.9885061419699923e-07,0.9999997615814209,2
s34_1_retained_2_t037,34,1,retained_labeled_MI,2,s34.mat,8fd506677c43ffdbe7f3cbbb5ed22b9426ab3eb1275595202d88c508df6e240a,130047,Cho2017,Q15-E006,BROAD_EEGNET,20260925,8.357262798464049e-11,1.0,2
s34_1_retained_2_t038,34,1,retained_labeled_MI,2,s34.mat,8fd506677c43ffdbe7f3cbbb5ed22b9426ab3eb1275595202d88c508df6e240a,133631,Cho2017,Q15-E006,BROAD_EEGNET,20260925,0.6338780522346497,0.36612197756767273,1
s34_1_retained_2_t039,34,1,retained_labeled_MI,2,s34.mat,8fd506677c43ffdbe7f3cbbb5ed22b9426ab3eb1275595202d88c508df6e240a,137215,Cho2017,Q15-E006,BROAD_EEGNET,20260925,1.3317220556288614e-14,1.0,2
s34_1_retained_2_t040,34,1,retained_labeled_MI,2,s34.mat,8fd506677c43ffdbe7f3cbbb5ed22b9426ab3eb1275595202d88c508df6e240a,140799,Cho2017,Q15-E006,BROAD_EEGNET,20260925,2.3843921326260897e-07,0.9999997615814209,2
s34_1_retained_2_t041,34,1,retained_labeled_MI,2,s34.mat,8fd506677c43ffdbe7f3cbbb5ed22b9426ab3eb1275595202d88c508df6e240a,144383,Cho2017,Q15-E006,BROAD_EEGNET,20260925,7.160039967857301e-05,0.99992835521698,2
s34_1_retained_2_t042,34,1,retained_labeled_MI,2,s34.mat,8fd506677c43ffdbe7f3cbbb5ed22b9426ab3eb1275595202d88c508df6e240a,147967,Cho2017,Q15-E006,BROAD_EEGNET,20260925,4.6469003791571595e-06,0.9999953508377075,2
s34_1_retained_2_t043,34,1,retained_labeled_MI,2,s34.mat,8fd506677c43ffdbe7f3cbbb5ed22b9426ab3eb1275595202d88c508df6e240a,151551,Cho2017,Q15-E006,BROAD_EEGNET,20260925,0.008081343956291676,0.9919186234474182,2
s34_1_retained_2_t044,34,1,retained_labeled_MI,2,s34.mat,8fd506677c43ffdbe7f3cbbb5ed22b9426ab3eb1275595202d88c508df6e240a,155135,Cho2017,Q15-E006,BROAD_EEGNET,20260925,0.9771543145179749,0.022845664992928505,1
s34_1_retained_2_t045,34,1,retained_labeled_MI,2,s34.mat,8fd506677c43ffdbe7f3cbbb5ed22b9426ab3eb1275595202d88c508df6e240a,158719,Cho2017,Q15-E006,BROAD_EEGNET,20260925,0.9999450445175171,5.48996904399246e-05,1
s34_1_retained_2_t046,34,1,retained_labeled_MI,2,s34.mat,8fd506677c43ffdbe7f3cbbb5ed22b9426ab3eb1275595202d88c508df6e240a,162303,Cho2017,Q15-E006,BROAD_EEGNET,20260925,0.17735059559345245,0.8226494193077087,2
s34_1_retained_2_t047,34,1,retained_labeled_MI,2,s34.mat,8fd506677c43ffdbe7f3cbbb5ed22b9426ab3eb1275595202d88c508df6e240a,165887,Cho2017,Q15-E006,BROAD_EEGNET,20260925,1.6970931028481573e-05,0.9999830722808838,2
s34_1_retained_2_t048,34,1,retained_labeled_MI,2,s34.mat,8fd506677c43ffdbe7f3cbbb5ed22b9426ab3eb1275595202d88c508df6e240a,169471,Cho2017,Q15-E006,BROAD_EEGNET,20260925,0.007933788932859898,0.9920661449432373,2
s34_1_retained_2_t049,34,1,retained_labeled_MI,2,s34.mat,8fd506677c43ffdbe7f3cbbb5ed22b9426ab3eb1275595202d88c508df6e240a,173055,Cho2017,Q15-E006,BROAD_EEGNET,20260925,0.9770582914352417,0.022941766306757927,1
s34_1_retained_2_t050,34,1,retained_labeled_MI,2,s34.mat,8fd506677c43ffdbe7f3cbbb5ed22b9426ab3eb1275595202d88c508df6e240a,176639,Cho2017,Q15-E006,BROAD_EEGNET,20260925,4.767484540479927e-07,0.9999995231628418,2
s34_1_retained_2_t051,34,1,retained_labeled_MI,2,s34.mat,8fd506677c43ffdbe7f3cbbb5ed22b9426ab3eb1275595202d88c508df6e240a,180223,Cho2017,Q15-E006,BROAD_EEGNET,20260925,2.0979154214728624e-05,0.9999790191650391,2
s34_1_retained_2_t052,34,1,retained_labeled_MI,2,s34.mat,8fd506677c43ffdbe7f3cbbb5ed22b9426ab3eb1275595202d88c508df6e240a,183807,Cho2017,Q15-E006,BROAD_EEGNET,20260925,1.0003082669401965e-24,1.0,2
s34_1_retained_2_t053,34,1,retained_labeled_MI,2,s34.mat,8fd506677c43ffdbe7f3cbbb5ed22b9426ab3eb1275595202d88c508df6e240a,187391,Cho2017,Q15-E006,BROAD_EEGNET,20260925,0.9999984502792358,1.5421170473928214e-06,1
s34_1_retained_2_t054,34,1,retained_labeled_MI,2,s34.mat,8fd506677c43ffdbe7f3cbbb5ed22b9426ab3eb1275595202d88c508df6e240a,190975,Cho2017,Q15-E006,BROAD_EEGNET,20260925,0.002143365563824773,0.9978566765785217,2
s34_1_retained_2_t055,34,1,retained_labeled_MI,2,s34.mat,8fd506677c43ffdbe7f3cbbb5ed22b9426ab3eb1275595202d88c508df6e240a,194559,Cho2017,Q15-E006,BROAD_EEGNET,20260925,4.549889314592846e-14,1.0,2
s34_1_retained_2_t056,34,1,retained_labeled_MI,2,s34.mat,8fd506677c43ffdbe7f3cbbb5ed22b9426ab3eb1275595202d88c508df6e240a,198143,Cho2017,Q15-E006,BROAD_EEGNET,20260925,7.406896475004032e-05,0.999925971031189,2
s34_1_retained_2_t057,34,1,retained_labeled_MI,2,s34.mat,8fd506677c43ffdbe7f3cbbb5ed22b9426ab3eb1275595202d88c508df6e240a,201727,Cho2017,Q15-E006,BROAD_EEGNET,20260925,6.136953777168067e-20,1.0,2
s34_1_retained_2_t058,34,1,retained_labeled_MI,2,s34.mat,8fd506677c43ffdbe7f3cbbb5ed22b9426ab3eb1275595202d88c508df6e240a,205311,Cho2017,Q15-E006,BROAD_EEGNET,20260925,0.5441430807113647,0.45585691928863525,1
s34_1_retained_2_t059,34,1,retained_labeled_MI,2,s34.mat,8fd506677c43ffdbe7f3cbbb5ed22b9426ab3eb1275595202d88c508df6e240a,208895,Cho2017,Q15-E006,BROAD_EEGNET,20260925,0.9978444576263428,0.0021555896382778883,1
s34_1_retained_2_t060,34,1,retained_labeled_MI,2,s34.mat,8fd506677c43ffdbe7f3cbbb5ed22b9426ab3eb1275595202d88c508df6e240a,212479,Cho2017,Q15-E006,BROAD_EEGNET,20260925,0.1818280816078186,0.8181719183921814,2
s34_1_retained_2_t061,34,1,retained_labeled_MI,2,s34.mat,8fd506677c43ffdbe7f3cbbb5ed22b9426ab3eb1275595202d88c508df6e240a,216063,Cho2017,Q15-E006,BROAD_EEGNET,20260925,0.7945793867111206,0.20542067289352417,1
s34_1_retained_2_t062,34,1,retained_labeled_MI,2,s34.mat,8fd506677c43ffdbe7f3cbbb5ed22b9426ab3eb1275595202d88c508df6e240a,219647,Cho2017,Q15-E006,BROAD_EEGNET,20260925,1.0,8.907217817080441e-17,1
s34_1_retained_2_t063,34,1,retained_labeled_MI,2,s34.mat,8fd506677c43ffdbe7f3cbbb5ed22b9426ab3eb1275595202d88c508df6e240a,223231,Cho2017,Q15-E006,BROAD_EEGNET,20260925,0.0005067407037131488,0.9994932413101196,2
s34_1_retained_2_t064,34,1,retained_labeled_MI,2,s34.mat,8fd506677c43ffdbe7f3cbbb5ed22b9426ab3eb1275595202d88c508df6e240a,226815,Cho2017,Q15-E006,BROAD_EEGNET,20260925,0.9999711513519287,2.890372161346022e-05,1
s34_1_retained_2_t065,34,1,retained_labeled_MI,2,s34.mat,8fd506677c43ffdbe7f3cbbb5ed22b9426ab3eb1275595202d88c508df6e240a,230399,Cho2017,Q15-E006,BROAD_EEGNET,20260925,7.668805483262986e-05,0.9999233484268188,2
s34_1_retained_2_t066,34,1,retained_labeled_MI,2,s34.mat,8fd506677c43ffdbe7f3cbbb5ed22b9426ab3eb1275595202d88c508df6e240a,233983,Cho2017,Q15-E006,BROAD_EEGNET,20260925,1.0,4.278105495049032e-15,1
s34_1_retained_2_t067,34,1,retained_labeled_MI,2,s34.mat,8fd506677c43ffdbe7f3cbbb5ed22b9426ab3eb1275595202d88c508df6e240a,237567,Cho2017,Q15-E006,BROAD_EEGNET,20260925,1.5687579013601294e-09,1.0,2
s34_1_retained_2_t068,34,1,retained_labeled_MI,2,s34.mat,8fd506677c43ffdbe7f3cbbb5ed22b9426ab3eb1275595202d88c508df6e240a,241151,Cho2017,Q15-E006,BROAD_EEGNET,20260925,1.3902563296142034e-06,0.9999985694885254,2
s34_1_retained_2_t069,34,1,retained_labeled_MI,2,s34.mat,8fd506677c43ffdbe7f3cbbb5ed22b9426ab3eb1275595202d88c508df6e240a,244735,Cho2017,Q15-E006,BROAD_EEGNET,20260925,0.01868344098329544,0.9813165664672852,2
s34_1_retained_2_t070,34,1,retained_labeled_MI,2,s34.mat,8fd506677c43ffdbe7f3cbbb5ed22b9426ab3eb1275595202d88c508df6e240a,248319,Cho2017,Q15-E006,BROAD_EEGNET,20260925,1.4645629562437534e-06,0.9999985694885254,2
s34_1_retained_2_t071,34,1,retained_labeled_MI,2,s34.mat,8fd506677c43ffdbe7f3cbbb5ed22b9426ab3eb1275595202d88c508df6e240a,251903,Cho2017,Q15-E006,BROAD_EEGNET,20260925,5.045902526035206e-06,0.9999949932098389,2
s34_1_retained_2_t072,34,1,retained_labeled_MI,2,s34.mat,8fd506677c43ffdbe7f3cbbb5ed22b9426ab3eb1275595202d88c508df6e240a,255487,Cho2017,Q15-E006,BROAD_EEGNET,20260925,0.9998683929443359,0.0001315490808337927,1
s34_1_retained_2_t073,34,1,retained_labeled_MI,2,s34.mat,8fd506677c43ffdbe7f3cbbb5ed22b9426ab3eb1275595202d88c508df6e240a,259071,Cho2017,Q15-E006,BROAD_EEGNET,20260925,0.031736280769109726,0.9682637453079224,2
s34_1_retained_2_t074,34,1,retained_labeled_MI,2,s34.mat,8fd506677c43ffdbe7f3cbbb5ed22b9426ab3eb1275595202d88c508df6e240a,262655,Cho2017,Q15-E006,BROAD_EEGNET,20260925,0.019554395228624344,0.9804455637931824,2
s34_1_retained_2_t075,34,1,retained_labeled_MI,2,s34.mat,8fd506677c43ffdbe7f3cbbb5ed22b9426ab3eb1275595202d88c508df6e240a,266239,Cho2017,Q15-E006,BROAD_EEGNET,20260925,0.004941517487168312,0.995058536529541,2
s34_1_retained_2_t076,34,1,retained_labeled_MI,2,s34.mat,8fd506677c43ffdbe7f3cbbb5ed22b9426ab3eb1275595202d88c508df6e240a,269823,Cho2017,Q15-E006,BROAD_EEGNET,20260925,0.001319146598689258,0.9986808896064758,2
s34_1_retained_2_t077,34,1,retained_labeled_MI,2,s34.mat,8fd506677c43ffdbe7f3cbbb5ed22b9426ab3eb1275595202d88c508df6e240a,273407,Cho2017,Q15-E006,BROAD_EEGNET,20260925,4.235336853366384e-14,1.0,2
s34_1_retained_2_t078,34,1,retained_labeled_MI,2,s34.mat,8fd506677c43ffdbe7f3cbbb5ed22b9426ab3eb1275595202d88c508df6e240a,276991,Cho2017,Q15-E006,BROAD_EEGNET,20260925,0.2894968092441559,0.7105031609535217,2
s34_1_retained_2_t079,34,1,retained_labeled_MI,2,s34.mat,8fd506677c43ffdbe7f3cbbb5ed22b9426ab3eb1275595202d88c508df6e240a,280575,Cho2017,Q15-E006,BROAD_EEGNET,20260925,2.5841750961319576e-10,1.0,2
s34_1_retained_2_t080,34,1,retained_labeled_MI,2,s34.mat,8fd506677c43ffdbe7f3cbbb5ed22b9426ab3eb1275595202d88c508df6e240a,284159,Cho2017,Q15-E006,BROAD_EEGNET,20260925,3.467242768936951e-13,1.0,2
s34_1_retained_2_t081,34,1,retained_labeled_MI,2,s34.mat,8fd506677c43ffdbe7f3cbbb5ed22b9426ab3eb1275595202d88c508df6e240a,287743,Cho2017,Q15-E006,BROAD_EEGNET,20260925,1.0,1.0186711500367873e-12,1
s34_1_retained_2_t082,34,1,retained_labeled_MI,2,s34.mat,8fd506677c43ffdbe7f3cbbb5ed22b9426ab3eb1275595202d88c508df6e240a,291327,Cho2017,Q15-E006,BROAD_EEGNET,20260925,0.00020208761270623654,0.9997978806495667,2
s34_1_retained_2_t083,34,1,retained_labeled_MI,2,s34.mat,8fd506677c43ffdbe7f3cbbb5ed22b9426ab3eb1275595202d88c508df6e240a,294911,Cho2017,Q15-E006,BROAD_EEGNET,20260925,1.1374604582670145e-06,0.9999988079071045,2
s34_1_retained_2_t084,34,1,retained_labeled_MI,2,s34.mat,8fd506677c43ffdbe7f3cbbb5ed22b9426ab3eb1275595202d88c508df6e240a,298495,Cho2017,Q15-E006,BROAD_EEGNET,20260925,4.3418681193799213e-13,1.0,2
s34_1_retained_2_t085,34,1,retained_labeled_MI,2,s34.mat,8fd506677c43ffdbe7f3cbbb5ed22b9426ab3eb1275595202d88c508df6e240a,302079,Cho2017,Q15-E006,BROAD_EEGNET,20260925,2.860697132022897e-19,1.0,2
s34_1_retained_2_t086,34,1,retained_labeled_MI,2,s34.mat,8fd506677c43ffdbe7f3cbbb5ed22b9426ab3eb1275595202d88c508df6e240a,305663,Cho2017,Q15-E006,BROAD_EEGNET,20260925,7.171677531350729e-13,1.0,2
s34_1_retained_2_t087,34,1,retained_labeled_MI,2,s34.mat,8fd506677c43ffdbe7f3cbbb5ed22b9426ab3eb1275595202d88c508df6e240a,309247,Cho2017,Q15-E006,BROAD_EEGNET,20260925,2.4646217511303803e-08,1.0,2
s34_1_retained_2_t088,34,1,retained_labeled_MI,2,s34.mat,8fd506677c43ffdbe7f3cbbb5ed22b9426ab3eb1275595202d88c508df6e240a,312831,Cho2017,Q15-E006,BROAD_EEGNET,20260925,7.08720191908152e-14,1.0,2
s34_1_retained_2_t089,34,1,retained_labeled_MI,2,s34.mat,8fd506677c43ffdbe7f3cbbb5ed22b9426ab3eb1275595202d88c508df6e240a,316415,Cho2017,Q15-E006,BROAD_EEGNET,20260925,0.00687797088176012,0.9931220412254333,2
s34_1_retained_2_t090,34,1,retained_labeled_MI,2,s34.mat,8fd506677c43ffdbe7f3cbbb5ed22b9426ab3eb1275595202d88c508df6e240a,319999,Cho2017,Q15-E006,BROAD_EEGNET,20260925,0.0001380494941258803,0.9998619556427002,2
s34_1_retained_2_t091,34,1,retained_labeled_MI,2,s34.mat,8fd506677c43ffdbe7f3cbbb5ed22b9426ab3eb1275595202d88c508df6e240a,323583,Cho2017,Q15-E006,BROAD_EEGNET,20260925,0.2438884675502777,0.7561115026473999,2
s34_1_retained_2_t092,34,1,retained_labeled_MI,2,s34.mat,8fd506677c43ffdbe7f3cbbb5ed22b9426ab3eb1275595202d88c508df6e240a,327167,Cho2017,Q15-E006,BROAD_EEGNET,20260925,1.1895009409745248e-16,1.0,2
s34_1_retained_2_t093,34,1,retained_labeled_MI,2,s34.mat,8fd506677c43ffdbe7f3cbbb5ed22b9426ab3eb1275595202d88c508df6e240a,330751,Cho2017,Q15-E006,BROAD_EEGNET,20260925,4.912470170231886e-13,1.0,2
s34_1_retained_2_t094,34,1,retained_labeled_MI,2,s34.mat,8fd506677c43ffdbe7f3cbbb5ed22b9426ab3eb1275595202d88c508df6e240a,334335,Cho2017,Q15-E006,BROAD_EEGNET,20260925,1.7659814943726815e-07,0.9999998807907104,2
s34_1_retained_2_t095,34,1,retained_labeled_MI,2,s34.mat,8fd506677c43ffdbe7f3cbbb5ed22b9426ab3eb1275595202d88c508df6e240a,337919,Cho2017,Q15-E006,BROAD_EEGNET,20260925,1.169117887192238e-16,1.0,2
s34_1_retained_2_t096,34,1,retained_labeled_MI,2,s34.mat,8fd506677c43ffdbe7f3cbbb5ed22b9426ab3eb1275595202d88c508df6e240a,341503,Cho2017,Q15-E006,BROAD_EEGNET,20260925,0.00047902093501761556,0.999521017074585,2
s34_1_retained_2_t097,34,1,retained_labeled_MI,2,s34.mat,8fd506677c43ffdbe7f3cbbb5ed22b9426ab3eb1275595202d88c508df6e240a,345087,Cho2017,Q15-E006,BROAD_EEGNET,20260925,2.158123812989743e-08,1.0,2
s34_1_retained_2_t098,34,1,retained_labeled_MI,2,s34.mat,8fd506677c43ffdbe7f3cbbb5ed22b9426ab3eb1275595202d88c508df6e240a,348671,Cho2017,Q15-E006,BROAD_EEGNET,20260925,0.004002108238637447,0.9959979057312012,2
s34_1_retained_2_t099,34,1,retained_labeled_MI,2,s34.mat,8fd506677c43ffdbe7f3cbbb5ed22b9426ab3eb1275595202d88c508df6e240a,352255,Cho2017,Q15-E006,BROAD_EEGNET,20260925,0.9999990463256836,9.037477184392628e-07,1
s34_1_retained_2_t100,34,1,retained_labeled_MI,2,s34.mat,8fd506677c43ffdbe7f3cbbb5ed22b9426ab3eb1275595202d88c508df6e240a,355839,Cho2017,Q15-E006,BROAD_EEGNET,20260925,0.9317355751991272,0.0682644173502922,1
s34_1_retained_1_t001,34,1,retained_labeled_MI,1,s34.mat,8fd506677c43ffdbe7f3cbbb5ed22b9426ab3eb1275595202d88c508df6e240a,1023,Cho2017,Q15-E006,BROAD_EEGNET,20260926,1.0,3.0264939859803164e-11,1
s34_1_retained_1_t002,34,1,retained_labeled_MI,1,s34.mat,8fd506677c43ffdbe7f3cbbb5ed22b9426ab3eb1275595202d88c508df6e240a,4607,Cho2017,Q15-E006,BROAD_EEGNET,20260926,1.0,1.7746899436121844e-11,1
s34_1_retained_1_t003,34,1,retained_labeled_MI,1,s34.mat,8fd506677c43ffdbe7f3cbbb5ed22b9426ab3eb1275595202d88c508df6e240a,8191,Cho2017,Q15-E006,BROAD_EEGNET,20260926,1.0,2.915674554062892e-18,1
s34_1_retained_1_t004,34,1,retained_labeled_MI,1,s34.mat,8fd506677c43ffdbe7f3cbbb5ed22b9426ab3eb1275595202d88c508df6e240a,11775,Cho2017,Q15-E006,BROAD_EEGNET,20260926,0.9783927202224731,0.02160731516778469,1
s34_1_retained_1_t005,34,1,retained_labeled_MI,1,s34.mat,8fd506677c43ffdbe7f3cbbb5ed22b9426ab3eb1275595202d88c508df6e240a,15359,Cho2017,Q15-E006,BROAD_EEGNET,20260926,1.0,4.793609746747999e-15,1
s34_1_retained_1_t006,34,1,retained_labeled_MI,1,s34.mat,8fd506677c43ffdbe7f3cbbb5ed22b9426ab3eb1275595202d88c508df6e240a,18943,Cho2017,Q15-E006,BROAD_EEGNET,20260926,0.9999936819076538,6.35179776509176e-06,1
s34_1_retained_1_t007,34,1,retained_labeled_MI,1,s34.mat,8fd506677c43ffdbe7f3cbbb5ed22b9426ab3eb1275595202d88c508df6e240a,22527,Cho2017,Q15-E006,BROAD_EEGNET,20260926,1.0,1.0494301465117353e-17,1
s34_1_retained_1_t008,34,1,retained_labeled_MI,1,s34.mat,8fd506677c43ffdbe7f3cbbb5ed22b9426ab3eb1275595202d88c508df6e240a,26111,Cho2017,Q15-E006,BROAD_EEGNET,20260926,1.0,5.262543872897041e-14,1
s34_1_retained_1_t009,34,1,retained_labeled_MI,1,s34.mat,8fd506677c43ffdbe7f3cbbb5ed22b9426ab3eb1275595202d88c508df6e240a,29695,Cho2017,Q15-E006,BROAD_EEGNET,20260926,0.0001979160588234663,0.9998020529747009,2
s34_1_retained_1_t010,34,1,retained_labeled_MI,1,s34.mat,8fd506677c43ffdbe7f3cbbb5ed22b9426ab3eb1275595202d88c508df6e240a,33279,Cho2017,Q15-E006,BROAD_EEGNET,20260926,0.9999710321426392,2.895337820518762e-05,1
s34_1_retained_1_t011,34,1,retained_labeled_MI,1,s34.mat,8fd506677c43ffdbe7f3cbbb5ed22b9426ab3eb1275595202d88c508df6e240a,36863,Cho2017,Q15-E006,BROAD_EEGNET,20260926,0.9999991655349731,8.336114660778549e-07,1
s34_1_retained_1_t012,34,1,retained_labeled_MI,1,s34.mat,8fd506677c43ffdbe7f3cbbb5ed22b9426ab3eb1275595202d88c508df6e240a,40447,Cho2017,Q15-E006,BROAD_EEGNET,20260926,0.9988346695899963,0.0011652989778667688,1
s34_1_retained_1_t013,34,1,retained_labeled_MI,1,s34.mat,8fd506677c43ffdbe7f3cbbb5ed22b9426ab3eb1275595202d88c508df6e240a,44031,Cho2017,Q15-E006,BROAD_EEGNET,20260926,1.0,1.3418432489944405e-23,1
s34_1_retained_1_t014,34,1,retained_labeled_MI,1,s34.mat,8fd506677c43ffdbe7f3cbbb5ed22b9426ab3eb1275595202d88c508df6e240a,47615,Cho2017,Q15-E006,BROAD_EEGNET,20260926,1.0,4.217020867024841e-15,1
s34_1_retained_1_t015,34,1,retained_labeled_MI,1,s34.mat,8fd506677c43ffdbe7f3cbbb5ed22b9426ab3eb1275595202d88c508df6e240a,51199,Cho2017,Q15-E006,BROAD_EEGNET,20260926,0.9999752044677734,2.4834274881868623e-05,1
s34_1_retained_1_t016,34,1,retained_labeled_MI,1,s34.mat,8fd506677c43ffdbe7f3cbbb5ed22b9426ab3eb1275595202d88c508df6e240a,54783,Cho2017,Q15-E006,BROAD_EEGNET,20260926,1.0,4.504584705244952e-09,1
s34_1_retained_1_t017,34,1,retained_labeled_MI,1,s34.mat,8fd506677c43ffdbe7f3cbbb5ed22b9426ab3eb1275595202d88c508df6e240a,58367,Cho2017,Q15-E006,BROAD_EEGNET,20260926,0.9999973773956299,2.639513240865199e-06,1
s34_1_retained_1_t018,34,1,retained_labeled_MI,1,s34.mat,8fd506677c43ffdbe7f3cbbb5ed22b9426ab3eb1275595202d88c508df6e240a,61951,Cho2017,Q15-E006,BROAD_EEGNET,20260926,0.0017563875298947096,0.9982435703277588,2
s34_1_retained_1_t019,34,1,retained_labeled_MI,1,s34.mat,8fd506677c43ffdbe7f3cbbb5ed22b9426ab3eb1275595202d88c508df6e240a,65535,Cho2017,Q15-E006,BROAD_EEGNET,20260926,1.0,3.1087694640774544e-09,1
s34_1_retained_1_t020,34,1,retained_labeled_MI,1,s34.mat,8fd506677c43ffdbe7f3cbbb5ed22b9426ab3eb1275595202d88c508df6e240a,69119,Cho2017,Q15-E006,BROAD_EEGNET,20260926,0.9909380674362183,0.009061889722943306,1
s34_1_retained_1_t021,34,1,retained_labeled_MI,1,s34.mat,8fd506677c43ffdbe7f3cbbb5ed22b9426ab3eb1275595202d88c508df6e240a,72703,Cho2017,Q15-E006,BROAD_EEGNET,20260926,1.0,5.4679521327427594e-11,1
s34_1_retained_1_t022,34,1,retained_labeled_MI,1,s34.mat,8fd506677c43ffdbe7f3cbbb5ed22b9426ab3eb1275595202d88c508df6e240a,76287,Cho2017,Q15-E006,BROAD_EEGNET,20260926,0.9999984502792358,1.5263400428011664e-06,1
s34_1_retained_1_t023,34,1,retained_labeled_MI,1,s34.mat,8fd506677c43ffdbe7f3cbbb5ed22b9426ab3eb1275595202d88c508df6e240a,79871,Cho2017,Q15-E006,BROAD_EEGNET,20260926,1.0,6.1841891607627986e-09,1
s34_1_retained_1_t024,34,1,retained_labeled_MI,1,s34.mat,8fd506677c43ffdbe7f3cbbb5ed22b9426ab3eb1275595202d88c508df6e240a,83455,Cho2017,Q15-E006,BROAD_EEGNET,20260926,0.30092597007751465,0.6990740299224854,2
s34_1_retained_1_t025,34,1,retained_labeled_MI,1,s34.mat,8fd506677c43ffdbe7f3cbbb5ed22b9426ab3eb1275595202d88c508df6e240a,87039,Cho2017,Q15-E006,BROAD_EEGNET,20260926,1.0,1.5195834174308587e-11,1
s34_1_retained_1_t026,34,1,retained_labeled_MI,1,s34.mat,8fd506677c43ffdbe7f3cbbb5ed22b9426ab3eb1275595202d88c508df6e240a,90623,Cho2017,Q15-E006,BROAD_EEGNET,20260926,1.0,4.019340138494698e-10,1
s34_1_retained_1_t027,34,1,retained_labeled_MI,1,s34.mat,8fd506677c43ffdbe7f3cbbb5ed22b9426ab3eb1275595202d88c508df6e240a,94207,Cho2017,Q15-E006,BROAD_EEGNET,20260926,1.0,8.187486244537467e-09,1
s34_1_retained_1_t028,34,1,retained_labeled_MI,1,s34.mat,8fd506677c43ffdbe7f3cbbb5ed22b9426ab3eb1275595202d88c508df6e240a,97791,Cho2017,Q15-E006,BROAD_EEGNET,20260926,0.6393041014671326,0.36069586873054504,1
s34_1_retained_1_t029,34,1,retained_labeled_MI,1,s34.mat,8fd506677c43ffdbe7f3cbbb5ed22b9426ab3eb1275595202d88c508df6e240a,101375,Cho2017,Q15-E006,BROAD_EEGNET,20260926,1.0,4.148812404736191e-09,1
s34_1_retained_1_t030,34,1,retained_labeled_MI,1,s34.mat,8fd506677c43ffdbe7f3cbbb5ed22b9426ab3eb1275595202d88c508df6e240a,104959,Cho2017,Q15-E006,BROAD_EEGNET,20260926,1.0,5.901916867549761e-13,1
s34_1_retained_1_t031,34,1,retained_labeled_MI,1,s34.mat,8fd506677c43ffdbe7f3cbbb5ed22b9426ab3eb1275595202d88c508df6e240a,108543,Cho2017,Q15-E006,BROAD_EEGNET,20260926,0.9999997615814209,1.8048353922495153e-07,1
s34_1_retained_1_t032,34,1,retained_labeled_MI,1,s34.mat,8fd506677c43ffdbe7f3cbbb5ed22b9426ab3eb1275595202d88c508df6e240a,112127,Cho2017,Q15-E006,BROAD_EEGNET,20260926,1.0,1.8651547320502893e-12,1
s34_1_retained_1_t033,34,1,retained_labeled_MI,1,s34.mat,8fd506677c43ffdbe7f3cbbb5ed22b9426ab3eb1275595202d88c508df6e240a,115711,Cho2017,Q15-E006,BROAD_EEGNET,20260926,1.0,2.0879577878522257e-16,1
s34_1_retained_1_t034,34,1,retained_labeled_MI,1,s34.mat,8fd506677c43ffdbe7f3cbbb5ed22b9426ab3eb1275595202d88c508df6e240a,119295,Cho2017,Q15-E006,BROAD_EEGNET,20260926,1.0,4.9153899700504766e-11,1
s34_1_retained_1_t035,34,1,retained_labeled_MI,1,s34.mat,8fd506677c43ffdbe7f3cbbb5ed22b9426ab3eb1275595202d88c508df6e240a,122879,Cho2017,Q15-E006,BROAD_EEGNET,20260926,1.1125227687077887e-19,1.0,2
s34_1_retained_1_t036,34,1,retained_labeled_MI,1,s34.mat,8fd506677c43ffdbe7f3cbbb5ed22b9426ab3eb1275595202d88c508df6e240a,126463,Cho2017,Q15-E006,BROAD_EEGNET,20260926,1.0,1.8154868233755117e-11,1
s34_1_retained_1_t037,34,1,retained_labeled_MI,1,s34.mat,8fd506677c43ffdbe7f3cbbb5ed22b9426ab3eb1275595202d88c508df6e240a,130047,Cho2017,Q15-E006,BROAD_EEGNET,20260926,1.0,3.5475558601838486e-10,1
s34_1_retained_1_t038,34,1,retained_labeled_MI,1,s34.mat,8fd506677c43ffdbe7f3cbbb5ed22b9426ab3eb1275595202d88c508df6e240a,133631,Cho2017,Q15-E006,BROAD_EEGNET,20260926,0.022110622376203537,0.977889358997345,2
s34_1_retained_1_t039,34,1,retained_labeled_MI,1,s34.mat,8fd506677c43ffdbe7f3cbbb5ed22b9426ab3eb1275595202d88c508df6e240a,137215,Cho2017,Q15-E006,BROAD_EEGNET,20260926,0.9987397789955139,0.0012602114584296942,1
s34_1_retained_1_t040,34,1,retained_labeled_MI,1,s34.mat,8fd506677c43ffdbe7f3cbbb5ed22b9426ab3eb1275595202d88c508df6e240a,140799,Cho2017,Q15-E006,BROAD_EEGNET,20260926,2.575189000708633e-06,0.9999973773956299,2
s34_1_retained_1_t041,34,1,retained_labeled_MI,1,s34.mat,8fd506677c43ffdbe7f3cbbb5ed22b9426ab3eb1275595202d88c508df6e240a,144383,Cho2017,Q15-E006,BROAD_EEGNET,20260926,1.0,4.931634478566593e-08,1
s34_1_retained_1_t042,34,1,retained_labeled_MI,1,s34.mat,8fd506677c43ffdbe7f3cbbb5ed22b9426ab3eb1275595202d88c508df6e240a,147967,Cho2017,Q15-E006,BROAD_EEGNET,20260926,0.0011149303754791617,0.9988850951194763,2
s34_1_retained_1_t043,34,1,retained_labeled_MI,1,s34.mat,8fd506677c43ffdbe7f3cbbb5ed22b9426ab3eb1275595202d88c508df6e240a,151551,Cho2017,Q15-E006,BROAD_EEGNET,20260926,0.8374325037002563,0.16256752610206604,1
s34_1_retained_1_t044,34,1,retained_labeled_MI,1,s34.mat,8fd506677c43ffdbe7f3cbbb5ed22b9426ab3eb1275595202d88c508df6e240a,155135,Cho2017,Q15-E006,BROAD_EEGNET,20260926,1.0,8.651886498900474e-12,1
s34_1_retained_1_t045,34,1,retained_labeled_MI,1,s34.mat,8fd506677c43ffdbe7f3cbbb5ed22b9426ab3eb1275595202d88c508df6e240a,158719,Cho2017,Q15-E006,BROAD_EEGNET,20260926,1.0,7.896346770897011e-12,1
s34_1_retained_1_t046,34,1,retained_labeled_MI,1,s34.mat,8fd506677c43ffdbe7f3cbbb5ed22b9426ab3eb1275595202d88c508df6e240a,162303,Cho2017,Q15-E006,BROAD_EEGNET,20260926,1.0,2.0935809509625702e-12,1
s34_1_retained_1_t047,34,1,retained_labeled_MI,1,s34.mat,8fd506677c43ffdbe7f3cbbb5ed22b9426ab3eb1275595202d88c508df6e240a,165887,Cho2017,Q15-E006,BROAD_EEGNET,20260926,1.0,4.684348070028987e-13,1
s34_1_retained_1_t048,34,1,retained_labeled_MI,1,s34.mat,8fd506677c43ffdbe7f3cbbb5ed22b9426ab3eb1275595202d88c508df6e240a,169471,Cho2017,Q15-E006,BROAD_EEGNET,20260926,1.0,7.390903167259211e-11,1
s34_1_retained_1_t049,34,1,retained_labeled_MI,1,s34.mat,8fd506677c43ffdbe7f3cbbb5ed22b9426ab3eb1275595202d88c508df6e240a,173055,Cho2017,Q15-E006,BROAD_EEGNET,20260926,1.0,3.2493614465778364e-09,1
s34_1_retained_1_t050,34,1,retained_labeled_MI,1,s34.mat,8fd506677c43ffdbe7f3cbbb5ed22b9426ab3eb1275595202d88c508df6e240a,176639,Cho2017,Q15-E006,BROAD_EEGNET,20260926,1.0,2.3271503857836504e-19,1
s34_1_retained_1_t051,34,1,retained_labeled_MI,1,s34.mat,8fd506677c43ffdbe7f3cbbb5ed22b9426ab3eb1275595202d88c508df6e240a,180223,Cho2017,Q15-E006,BROAD_EEGNET,20260926,0.9999696016311646,3.041291347471997e-05,1
s34_1_retained_1_t052,34,1,retained_labeled_MI,1,s34.mat,8fd506677c43ffdbe7f3cbbb5ed22b9426ab3eb1275595202d88c508df6e240a,183807,Cho2017,Q15-E006,BROAD_EEGNET,20260926,1.0,6.629179410272412e-12,1
s34_1_retained_1_t053,34,1,retained_labeled_MI,1,s34.mat,8fd506677c43ffdbe7f3cbbb5ed22b9426ab3eb1275595202d88c508df6e240a,187391,Cho2017,Q15-E006,BROAD_EEGNET,20260926,0.9996592998504639,0.0003406991600058973,1
s34_1_retained_1_t054,34,1,retained_labeled_MI,1,s34.mat,8fd506677c43ffdbe7f3cbbb5ed22b9426ab3eb1275595202d88c508df6e240a,190975,Cho2017,Q15-E006,BROAD_EEGNET,20260926,1.0,7.020396850659916e-12,1
s34_1_retained_1_t055,34,1,retained_labeled_MI,1,s34.mat,8fd506677c43ffdbe7f3cbbb5ed22b9426ab3eb1275595202d88c508df6e240a,194559,Cho2017,Q15-E006,BROAD_EEGNET,20260926,1.3683185784429952e-07,0.9999998807907104,2
s34_1_retained_1_t056,34,1,retained_labeled_MI,1,s34.mat,8fd506677c43ffdbe7f3cbbb5ed22b9426ab3eb1275595202d88c508df6e240a,198143,Cho2017,Q15-E006,BROAD_EEGNET,20260926,1.0,3.0828561925488884e-11,1
s34_1_retained_1_t057,34,1,retained_labeled_MI,1,s34.mat,8fd506677c43ffdbe7f3cbbb5ed22b9426ab3eb1275595202d88c508df6e240a,201727,Cho2017,Q15-E006,BROAD_EEGNET,20260926,1.0,7.439346718946666e-14,1
s34_1_retained_1_t058,34,1,retained_labeled_MI,1,s34.mat,8fd506677c43ffdbe7f3cbbb5ed22b9426ab3eb1275595202d88c508df6e240a,205311,Cho2017,Q15-E006,BROAD_EEGNET,20260926,0.9888675808906555,0.011132454499602318,1
s34_1_retained_1_t059,34,1,retained_labeled_MI,1,s34.mat,8fd506677c43ffdbe7f3cbbb5ed22b9426ab3eb1275595202d88c508df6e240a,208895,Cho2017,Q15-E006,BROAD_EEGNET,20260926,1.3936232612365984e-08,1.0,2
s34_1_retained_1_t060,34,1,retained_labeled_MI,1,s34.mat,8fd506677c43ffdbe7f3cbbb5ed22b9426ab3eb1275595202d88c508df6e240a,212479,Cho2017,Q15-E006,BROAD_EEGNET,20260926,1.0,8.069971726726733e-15,1
s34_1_retained_1_t061,34,1,retained_labeled_MI,1,s34.mat,8fd506677c43ffdbe7f3cbbb5ed22b9426ab3eb1275595202d88c508df6e240a,216063,Cho2017,Q15-E006,BROAD_EEGNET,20260926,0.9995455145835876,0.0004544660041574389,1
s34_1_retained_1_t062,34,1,retained_labeled_MI,1,s34.mat,8fd506677c43ffdbe7f3cbbb5ed22b9426ab3eb1275595202d88c508df6e240a,219647,Cho2017,Q15-E006,BROAD_EEGNET,20260926,1.0,5.404007734802576e-16,1
s34_1_retained_1_t063,34,1,retained_labeled_MI,1,s34.mat,8fd506677c43ffdbe7f3cbbb5ed22b9426ab3eb1275595202d88c508df6e240a,223231,Cho2017,Q15-E006,BROAD_EEGNET,20260926,1.0,3.0531420457018545e-18,1
s34_1_retained_1_t064,34,1,retained_labeled_MI,1,s34.mat,8fd506677c43ffdbe7f3cbbb5ed22b9426ab3eb1275595202d88c508df6e240a,226815,Cho2017,Q15-E006,BROAD_EEGNET,20260926,1.0,5.334471531170948e-09,1
s34_1_retained_1_t065,34,1,retained_labeled_MI,1,s34.mat,8fd506677c43ffdbe7f3cbbb5ed22b9426ab3eb1275595202d88c508df6e240a,230399,Cho2017,Q15-E006,BROAD_EEGNET,20260926,1.0,5.651283885299563e-10,1
s34_1_retained_1_t066,34,1,retained_labeled_MI,1,s34.mat,8fd506677c43ffdbe7f3cbbb5ed22b9426ab3eb1275595202d88c508df6e240a,233983,Cho2017,Q15-E006,BROAD_EEGNET,20260926,0.9998817443847656,0.00011823378008557484,1
s34_1_retained_1_t067,34,1,retained_labeled_MI,1,s34.mat,8fd506677c43ffdbe7f3cbbb5ed22b9426ab3eb1275595202d88c508df6e240a,237567,Cho2017,Q15-E006,BROAD_EEGNET,20260926,0.9999998807907104,1.2810326666112815e-07,1
s34_1_retained_1_t068,34,1,retained_labeled_MI,1,s34.mat,8fd506677c43ffdbe7f3cbbb5ed22b9426ab3eb1275595202d88c508df6e240a,241151,Cho2017,Q15-E006,BROAD_EEGNET,20260926,0.9999985694885254,1.412386723131931e-06,1
s34_1_retained_1_t069,34,1,retained_labeled_MI,1,s34.mat,8fd506677c43ffdbe7f3cbbb5ed22b9426ab3eb1275595202d88c508df6e240a,244735,Cho2017,Q15-E006,BROAD_EEGNET,20260926,1.0,1.735718607340933e-16,1
s34_1_retained_1_t070,34,1,retained_labeled_MI,1,s34.mat,8fd506677c43ffdbe7f3cbbb5ed22b9426ab3eb1275595202d88c508df6e240a,248319,Cho2017,Q15-E006,BROAD_EEGNET,20260926,0.9997935891151428,0.00020645948825404048,1
s34_1_retained_1_t071,34,1,retained_labeled_MI,1,s34.mat,8fd506677c43ffdbe7f3cbbb5ed22b9426ab3eb1275595202d88c508df6e240a,251903,Cho2017,Q15-E006,BROAD_EEGNET,20260926,0.09631288796663284,0.9036871790885925,2
s34_1_retained_1_t072,34,1,retained_labeled_MI,1,s34.mat,8fd506677c43ffdbe7f3cbbb5ed22b9426ab3eb1275595202d88c508df6e240a,255487,Cho2017,Q15-E006,BROAD_EEGNET,20260926,0.9979740977287292,0.002025902969762683,1
s34_1_retained_1_t073,34,1,retained_labeled_MI,1,s34.mat,8fd506677c43ffdbe7f3cbbb5ed22b9426ab3eb1275595202d88c508df6e240a,259071,Cho2017,Q15-E006,BROAD_EEGNET,20260926,0.998771607875824,0.001228360109962523,1
s34_1_retained_1_t074,34,1,retained_labeled_MI,1,s34.mat,8fd506677c43ffdbe7f3cbbb5ed22b9426ab3eb1275595202d88c508df6e240a,262655,Cho2017,Q15-E006,BROAD_EEGNET,20260926,0.9999830722808838,1.6938623957685195e-05,1
s34_1_retained_1_t075,34,1,retained_labeled_MI,1,s34.mat,8fd506677c43ffdbe7f3cbbb5ed22b9426ab3eb1275595202d88c508df6e240a,266239,Cho2017,Q15-E006,BROAD_EEGNET,20260926,0.9476540684700012,0.052345968782901764,1
s34_1_retained_1_t076,34,1,retained_labeled_MI,1,s34.mat,8fd506677c43ffdbe7f3cbbb5ed22b9426ab3eb1275595202d88c508df6e240a,269823,Cho2017,Q15-E006,BROAD_EEGNET,20260926,0.999901533126831,9.846782631939277e-05,1
s34_1_retained_1_t077,34,1,retained_labeled_MI,1,s34.mat,8fd506677c43ffdbe7f3cbbb5ed22b9426ab3eb1275595202d88c508df6e240a,273407,Cho2017,Q15-E006,BROAD_EEGNET,20260926,0.830264151096344,0.1697358340024948,1
s34_1_retained_1_t078,34,1,retained_labeled_MI,1,s34.mat,8fd506677c43ffdbe7f3cbbb5ed22b9426ab3eb1275595202d88c508df6e240a,276991,Cho2017,Q15-E006,BROAD_EEGNET,20260926,1.0,6.20688361818722e-11,1
s34_1_retained_1_t079,34,1,retained_labeled_MI,1,s34.mat,8fd506677c43ffdbe7f3cbbb5ed22b9426ab3eb1275595202d88c508df6e240a,280575,Cho2017,Q15-E006,BROAD_EEGNET,20260926,0.30329757928848267,0.6967024207115173,2
s34_1_retained_1_t080,34,1,retained_labeled_MI,1,s34.mat,8fd506677c43ffdbe7f3cbbb5ed22b9426ab3eb1275595202d88c508df6e240a,284159,Cho2017,Q15-E006,BROAD_EEGNET,20260926,2.098731965816114e-05,0.9999790191650391,2
s34_1_retained_1_t081,34,1,retained_labeled_MI,1,s34.mat,8fd506677c43ffdbe7f3cbbb5ed22b9426ab3eb1275595202d88c508df6e240a,287743,Cho2017,Q15-E006,BROAD_EEGNET,20260926,1.0,2.730044697945099e-23,1
s34_1_retained_1_t082,34,1,retained_labeled_MI,1,s34.mat,8fd506677c43ffdbe7f3cbbb5ed22b9426ab3eb1275595202d88c508df6e240a,291327,Cho2017,Q15-E006,BROAD_EEGNET,20260926,1.0,1.2717892516889151e-08,1
s34_1_retained_1_t083,34,1,retained_labeled_MI,1,s34.mat,8fd506677c43ffdbe7f3cbbb5ed22b9426ab3eb1275595202d88c508df6e240a,294911,Cho2017,Q15-E006,BROAD_EEGNET,20260926,1.0,3.4367388934697374e-09,1
s34_1_retained_1_t084,34,1,retained_labeled_MI,1,s34.mat,8fd506677c43ffdbe7f3cbbb5ed22b9426ab3eb1275595202d88c508df6e240a,298495,Cho2017,Q15-E006,BROAD_EEGNET,20260926,0.0005438937805593014,0.9994561076164246,2
s34_1_retained_1_t085,34,1,retained_labeled_MI,1,s34.mat,8fd506677c43ffdbe7f3cbbb5ed22b9426ab3eb1275595202d88c508df6e240a,302079,Cho2017,Q15-E006,BROAD_EEGNET,20260926,0.9999947547912598,5.24602182849776e-06,1
s34_1_retained_1_t086,34,1,retained_labeled_MI,1,s34.mat,8fd506677c43ffdbe7f3cbbb5ed22b9426ab3eb1275595202d88c508df6e240a,305663,Cho2017,Q15-E006,BROAD_EEGNET,20260926,0.9995007514953613,0.0004992482718080282,1
s34_1_retained_1_t087,34,1,retained_labeled_MI,1,s34.mat,8fd506677c43ffdbe7f3cbbb5ed22b9426ab3eb1275595202d88c508df6e240a,309247,Cho2017,Q15-E006,BROAD_EEGNET,20260926,0.9999966621398926,3.3817025268945144e-06,1
s34_1_retained_1_t088,34,1,retained_labeled_MI,1,s34.mat,8fd506677c43ffdbe7f3cbbb5ed22b9426ab3eb1275595202d88c508df6e240a,312831,Cho2017,Q15-E006,BROAD_EEGNET,20260926,0.9999994039535522,5.97341511365812e-07,1
s34_1_retained_1_t089,34,1,retained_labeled_MI,1,s34.mat,8fd506677c43ffdbe7f3cbbb5ed22b9426ab3eb1275595202d88c508df6e240a,316415,Cho2017,Q15-E006,BROAD_EEGNET,20260926,0.008296685293316841,0.9917033314704895,2
s34_1_retained_1_t090,34,1,retained_labeled_MI,1,s34.mat,8fd506677c43ffdbe7f3cbbb5ed22b9426ab3eb1275595202d88c508df6e240a,319999,Cho2017,Q15-E006,BROAD_EEGNET,20260926,1.015556852273505e-17,1.0,2
s34_1_retained_1_t091,34,1,retained_labeled_MI,1,s34.mat,8fd506677c43ffdbe7f3cbbb5ed22b9426ab3eb1275595202d88c508df6e240a,323583,Cho2017,Q15-E006,BROAD_EEGNET,20260926,0.9981721639633179,0.0018278533825650811,1
s34_1_retained_1_t092,34,1,retained_labeled_MI,1,s34.mat,8fd506677c43ffdbe7f3cbbb5ed22b9426ab3eb1275595202d88c508df6e240a,327167,Cho2017,Q15-E006,BROAD_EEGNET,20260926,1.0,4.655293928124138e-09,1
s34_1_retained_1_t093,34,1,retained_labeled_MI,1,s34.mat,8fd506677c43ffdbe7f3cbbb5ed22b9426ab3eb1275595202d88c508df6e240a,330751,Cho2017,Q15-E006,BROAD_EEGNET,20260926,1.0,3.8534134389527664e-18,1
s34_1_retained_1_t094,34,1,retained_labeled_MI,1,s34.mat,8fd506677c43ffdbe7f3cbbb5ed22b9426ab3eb1275595202d88c508df6e240a,334335,Cho2017,Q15-E006,BROAD_EEGNET,20260926,1.0,5.834473529309214e-12,1
s34_1_retained_1_t095,34,1,retained_labeled_MI,1,s34.mat,8fd506677c43ffdbe7f3cbbb5ed22b9426ab3eb1275595202d88c508df6e240a,337919,Cho2017,Q15-E006,BROAD_EEGNET,20260926,0.9325409531593323,0.06745900213718414,1
s34_1_retained_1_t096,34,1,retained_labeled_MI,1,s34.mat,8fd506677c43ffdbe7f3cbbb5ed22b9426ab3eb1275595202d88c508df6e240a,341503,Cho2017,Q15-E006,BROAD_EEGNET,20260926,0.9999998807907104,1.1186255477468876e-07,1
s34_1_retained_1_t097,34,1,retained_labeled_MI,1,s34.mat,8fd506677c43ffdbe7f3cbbb5ed22b9426ab3eb1275595202d88c508df6e240a,345087,Cho2017,Q15-E006,BROAD_EEGNET,20260926,1.0,2.7843451988474044e-09,1
s34_1_retained_1_t098,34,1,retained_labeled_MI,1,s34.mat,8fd506677c43ffdbe7f3cbbb5ed22b9426ab3eb1275595202d88c508df6e240a,348671,Cho2017,Q15-E006,BROAD_EEGNET,20260926,8.851436916756938e-08,0.9999998807907104,2
s34_1_retained_1_t099,34,1,retained_labeled_MI,1,s34.mat,8fd506677c43ffdbe7f3cbbb5ed22b9426ab3eb1275595202d88c508df6e240a,352255,Cho2017,Q15-E006,BROAD_EEGNET,20260926,0.999972939491272,2.703780228330288e-05,1
s34_1_retained_1_t100,34,1,retained_labeled_MI,1,s34.mat,8fd506677c43ffdbe7f3cbbb5ed22b9426ab3eb1275595202d88c508df6e240a,355839,Cho2017,Q15-E006,BROAD_EEGNET,20260926,0.9991520643234253,0.0008479115203954279,1
s34_1_retained_2_t001,34,1,retained_labeled_MI,2,s34.mat,8fd506677c43ffdbe7f3cbbb5ed22b9426ab3eb1275595202d88c508df6e240a,1023,Cho2017,Q15-E006,BROAD_EEGNET,20260926,0.9999997615814209,2.775844905045233e-07,1
s34_1_retained_2_t002,34,1,retained_labeled_MI,2,s34.mat,8fd506677c43ffdbe7f3cbbb5ed22b9426ab3eb1275595202d88c508df6e240a,4607,Cho2017,Q15-E006,BROAD_EEGNET,20260926,0.997066080570221,0.002933979732915759,1
s34_1_retained_2_t003,34,1,retained_labeled_MI,2,s34.mat,8fd506677c43ffdbe7f3cbbb5ed22b9426ab3eb1275595202d88c508df6e240a,8191,Cho2017,Q15-E006,BROAD_EEGNET,20260926,1.0,2.370827445474788e-08,1
s34_1_retained_2_t004,34,1,retained_labeled_MI,2,s34.mat,8fd506677c43ffdbe7f3cbbb5ed22b9426ab3eb1275595202d88c508df6e240a,11775,Cho2017,Q15-E006,BROAD_EEGNET,20260926,0.9999850988388062,1.49065190271358e-05,1
s34_1_retained_2_t005,34,1,retained_labeled_MI,2,s34.mat,8fd506677c43ffdbe7f3cbbb5ed22b9426ab3eb1275595202d88c508df6e240a,15359,Cho2017,Q15-E006,BROAD_EEGNET,20260926,1.0,1.662370463723431e-13,1
s34_1_retained_2_t006,34,1,retained_labeled_MI,2,s34.mat,8fd506677c43ffdbe7f3cbbb5ed22b9426ab3eb1275595202d88c508df6e240a,18943,Cho2017,Q15-E006,BROAD_EEGNET,20260926,0.9999916553497314,8.29516829981003e-06,1
s34_1_retained_2_t007,34,1,retained_labeled_MI,2,s34.mat,8fd506677c43ffdbe7f3cbbb5ed22b9426ab3eb1275595202d88c508df6e240a,22527,Cho2017,Q15-E006,BROAD_EEGNET,20260926,1.0,6.288636722473484e-09,1
s34_1_retained_2_t008,34,1,retained_labeled_MI,2,s34.mat,8fd506677c43ffdbe7f3cbbb5ed22b9426ab3eb1275595202d88c508df6e240a,26111,Cho2017,Q15-E006,BROAD_EEGNET,20260926,1.0,2.1505330849436177e-09,1
s34_1_retained_2_t009,34,1,retained_labeled_MI,2,s34.mat,8fd506677c43ffdbe7f3cbbb5ed22b9426ab3eb1275595202d88c508df6e240a,29695,Cho2017,Q15-E006,BROAD_EEGNET,20260926,1.0,2.9236066900750757e-09,1
s34_1_retained_2_t010,34,1,retained_labeled_MI,2,s34.mat,8fd506677c43ffdbe7f3cbbb5ed22b9426ab3eb1275595202d88c508df6e240a,33279,Cho2017,Q15-E006,BROAD_EEGNET,20260926,1.747608243014842e-12,1.0,2
s34_1_retained_2_t011,34,1,retained_labeled_MI,2,s34.mat,8fd506677c43ffdbe7f3cbbb5ed22b9426ab3eb1275595202d88c508df6e240a,36863,Cho2017,Q15-E006,BROAD_EEGNET,20260926,1.0,8.649739777526927e-20,1
s34_1_retained_2_t012,34,1,retained_labeled_MI,2,s34.mat,8fd506677c43ffdbe7f3cbbb5ed22b9426ab3eb1275595202d88c508df6e240a,40447,Cho2017,Q15-E006,BROAD_EEGNET,20260926,0.001430450240150094,0.9985694885253906,2
s34_1_retained_2_t013,34,1,retained_labeled_MI,2,s34.mat,8fd506677c43ffdbe7f3cbbb5ed22b9426ab3eb1275595202d88c508df6e240a,44031,Cho2017,Q15-E006,BROAD_EEGNET,20260926,1.0,9.540695530631653e-21,1
s34_1_retained_2_t014,34,1,retained_labeled_MI,2,s34.mat,8fd506677c43ffdbe7f3cbbb5ed22b9426ab3eb1275595202d88c508df6e240a,47615,Cho2017,Q15-E006,BROAD_EEGNET,20260926,0.9569395780563354,0.04306046664714813,1
s34_1_retained_2_t015,34,1,retained_labeled_MI,2,s34.mat,8fd506677c43ffdbe7f3cbbb5ed22b9426ab3eb1275595202d88c508df6e240a,51199,Cho2017,Q15-E006,BROAD_EEGNET,20260926,1.0,3.8799168322611877e-08,1
s34_1_retained_2_t016,34,1,retained_labeled_MI,2,s34.mat,8fd506677c43ffdbe7f3cbbb5ed22b9426ab3eb1275595202d88c508df6e240a,54783,Cho2017,Q15-E006,BROAD_EEGNET,20260926,1.0,1.4346051504038896e-22,1
s34_1_retained_2_t017,34,1,retained_labeled_MI,2,s34.mat,8fd506677c43ffdbe7f3cbbb5ed22b9426ab3eb1275595202d88c508df6e240a,58367,Cho2017,Q15-E006,BROAD_EEGNET,20260926,1.0,1.3939183141076228e-08,1
s34_1_retained_2_t018,34,1,retained_labeled_MI,2,s34.mat,8fd506677c43ffdbe7f3cbbb5ed22b9426ab3eb1275595202d88c508df6e240a,61951,Cho2017,Q15-E006,BROAD_EEGNET,20260926,1.0,2.668528600066109e-19,1
s34_1_retained_2_t019,34,1,retained_labeled_MI,2,s34.mat,8fd506677c43ffdbe7f3cbbb5ed22b9426ab3eb1275595202d88c508df6e240a,65535,Cho2017,Q15-E006,BROAD_EEGNET,20260926,1.0,2.8543209462661423e-11,1
s34_1_retained_2_t020,34,1,retained_labeled_MI,2,s34.mat,8fd506677c43ffdbe7f3cbbb5ed22b9426ab3eb1275595202d88c508df6e240a,69119,Cho2017,Q15-E006,BROAD_EEGNET,20260926,0.9999514818191528,4.847079253522679e-05,1
s34_1_retained_2_t021,34,1,retained_labeled_MI,2,s34.mat,8fd506677c43ffdbe7f3cbbb5ed22b9426ab3eb1275595202d88c508df6e240a,72703,Cho2017,Q15-E006,BROAD_EEGNET,20260926,1.0,3.82700869692304e-14,1
s34_1_retained_2_t022,34,1,retained_labeled_MI,2,s34.mat,8fd506677c43ffdbe7f3cbbb5ed22b9426ab3eb1275595202d88c508df6e240a,76287,Cho2017,Q15-E006,BROAD_EEGNET,20260926,0.9999997615814209,2.3145653926803789e-07,1
s34_1_retained_2_t023,34,1,retained_labeled_MI,2,s34.mat,8fd506677c43ffdbe7f3cbbb5ed22b9426ab3eb1275595202d88c508df6e240a,79871,Cho2017,Q15-E006,BROAD_EEGNET,20260926,0.9999769926071167,2.2960852220421657e-05,1
s34_1_retained_2_t024,34,1,retained_labeled_MI,2,s34.mat,8fd506677c43ffdbe7f3cbbb5ed22b9426ab3eb1275595202d88c508df6e240a,83455,Cho2017,Q15-E006,BROAD_EEGNET,20260926,1.0,5.285277770994412e-10,1
s34_1_retained_2_t025,34,1,retained_labeled_MI,2,s34.mat,8fd506677c43ffdbe7f3cbbb5ed22b9426ab3eb1275595202d88c508df6e240a,87039,Cho2017,Q15-E006,BROAD_EEGNET,20260926,0.0011098947143182158,0.9988901019096375,2
s34_1_retained_2_t026,34,1,retained_labeled_MI,2,s34.mat,8fd506677c43ffdbe7f3cbbb5ed22b9426ab3eb1275595202d88c508df6e240a,90623,Cho2017,Q15-E006,BROAD_EEGNET,20260926,1.0,2.394391282467545e-11,1
s34_1_retained_2_t027,34,1,retained_labeled_MI,2,s34.mat,8fd506677c43ffdbe7f3cbbb5ed22b9426ab3eb1275595202d88c508df6e240a,94207,Cho2017,Q15-E006,BROAD_EEGNET,20260926,1.0,3.101529836789522e-18,1
s34_1_retained_2_t028,34,1,retained_labeled_MI,2,s34.mat,8fd506677c43ffdbe7f3cbbb5ed22b9426ab3eb1275595202d88c508df6e240a,97791,Cho2017,Q15-E006,BROAD_EEGNET,20260926,0.9999992847442627,6.935053420420445e-07,1
s34_1_retained_2_t029,34,1,retained_labeled_MI,2,s34.mat,8fd506677c43ffdbe7f3cbbb5ed22b9426ab3eb1275595202d88c508df6e240a,101375,Cho2017,Q15-E006,BROAD_EEGNET,20260926,0.9988756775856018,0.0011242603650316596,1
s34_1_retained_2_t030,34,1,retained_labeled_MI,2,s34.mat,8fd506677c43ffdbe7f3cbbb5ed22b9426ab3eb1275595202d88c508df6e240a,104959,Cho2017,Q15-E006,BROAD_EEGNET,20260926,0.9999783039093018,2.17115375562571e-05,1
s34_1_retained_2_t031,34,1,retained_labeled_MI,2,s34.mat,8fd506677c43ffdbe7f3cbbb5ed22b9426ab3eb1275595202d88c508df6e240a,108543,Cho2017,Q15-E006,BROAD_EEGNET,20260926,1.0,6.499078358812582e-11,1
s34_1_retained_2_t032,34,1,retained_labeled_MI,2,s34.mat,8fd506677c43ffdbe7f3cbbb5ed22b9426ab3eb1275595202d88c508df6e240a,112127,Cho2017,Q15-E006,BROAD_EEGNET,20260926,1.0,3.5401505945470424e-12,1
s34_1_retained_2_t033,34,1,retained_labeled_MI,2,s34.mat,8fd506677c43ffdbe7f3cbbb5ed22b9426ab3eb1275595202d88c508df6e240a,115711,Cho2017,Q15-E006,BROAD_EEGNET,20260926,1.0,3.150915898763324e-31,1
s34_1_retained_2_t034,34,1,retained_labeled_MI,2,s34.mat,8fd506677c43ffdbe7f3cbbb5ed22b9426ab3eb1275595202d88c508df6e240a,119295,Cho2017,Q15-E006,BROAD_EEGNET,20260926,1.0,1.5785056977344648e-14,1
s34_1_retained_2_t035,34,1,retained_labeled_MI,2,s34.mat,8fd506677c43ffdbe7f3cbbb5ed22b9426ab3eb1275595202d88c508df6e240a,122879,Cho2017,Q15-E006,BROAD_EEGNET,20260926,1.0,5.3320420995151e-12,1
s34_1_retained_2_t036,34,1,retained_labeled_MI,2,s34.mat,8fd506677c43ffdbe7f3cbbb5ed22b9426ab3eb1275595202d88c508df6e240a,126463,Cho2017,Q15-E006,BROAD_EEGNET,20260926,1.0,1.2682178468888473e-17,1
s34_1_retained_2_t037,34,1,retained_labeled_MI,2,s34.mat,8fd506677c43ffdbe7f3cbbb5ed22b9426ab3eb1275595202d88c508df6e240a,130047,Cho2017,Q15-E006,BROAD_EEGNET,20260926,0.9997972846031189,0.00020275544375181198,1
s34_1_retained_2_t038,34,1,retained_labeled_MI,2,s34.mat,8fd506677c43ffdbe7f3cbbb5ed22b9426ab3eb1275595202d88c508df6e240a,133631,Cho2017,Q15-E006,BROAD_EEGNET,20260926,1.0,8.670520898479417e-12,1
s34_1_retained_2_t039,34,1,retained_labeled_MI,2,s34.mat,8fd506677c43ffdbe7f3cbbb5ed22b9426ab3eb1275595202d88c508df6e240a,137215,Cho2017,Q15-E006,BROAD_EEGNET,20260926,0.9998558759689331,0.00014404817193280905,1
s34_1_retained_2_t040,34,1,retained_labeled_MI,2,s34.mat,8fd506677c43ffdbe7f3cbbb5ed22b9426ab3eb1275595202d88c508df6e240a,140799,Cho2017,Q15-E006,BROAD_EEGNET,20260926,0.9999829530715942,1.703688030829653e-05,1
s34_1_retained_2_t041,34,1,retained_labeled_MI,2,s34.mat,8fd506677c43ffdbe7f3cbbb5ed22b9426ab3eb1275595202d88c508df6e240a,144383,Cho2017,Q15-E006,BROAD_EEGNET,20260926,0.9999853372573853,1.4632513739343267e-05,1
s34_1_retained_2_t042,34,1,retained_labeled_MI,2,s34.mat,8fd506677c43ffdbe7f3cbbb5ed22b9426ab3eb1275595202d88c508df6e240a,147967,Cho2017,Q15-E006,BROAD_EEGNET,20260926,1.0,9.570396572130581e-15,1
s34_1_retained_2_t043,34,1,retained_labeled_MI,2,s34.mat,8fd506677c43ffdbe7f3cbbb5ed22b9426ab3eb1275595202d88c508df6e240a,151551,Cho2017,Q15-E006,BROAD_EEGNET,20260926,1.0,3.730502129428714e-09,1
s34_1_retained_2_t044,34,1,retained_labeled_MI,2,s34.mat,8fd506677c43ffdbe7f3cbbb5ed22b9426ab3eb1275595202d88c508df6e240a,155135,Cho2017,Q15-E006,BROAD_EEGNET,20260926,0.9999758005142212,2.4157816369552165e-05,1
s34_1_retained_2_t045,34,1,retained_labeled_MI,2,s34.mat,8fd506677c43ffdbe7f3cbbb5ed22b9426ab3eb1275595202d88c508df6e240a,158719,Cho2017,Q15-E006,BROAD_EEGNET,20260926,1.0,1.610989432437491e-15,1
s34_1_retained_2_t046,34,1,retained_labeled_MI,2,s34.mat,8fd506677c43ffdbe7f3cbbb5ed22b9426ab3eb1275595202d88c508df6e240a,162303,Cho2017,Q15-E006,BROAD_EEGNET,20260926,1.0,1.5571212721998684e-11,1
s34_1_retained_2_t047,34,1,retained_labeled_MI,2,s34.mat,8fd506677c43ffdbe7f3cbbb5ed22b9426ab3eb1275595202d88c508df6e240a,165887,Cho2017,Q15-E006,BROAD_EEGNET,20260926,1.0,1.1320664024261351e-11,1
s34_1_retained_2_t048,34,1,retained_labeled_MI,2,s34.mat,8fd506677c43ffdbe7f3cbbb5ed22b9426ab3eb1275595202d88c508df6e240a,169471,Cho2017,Q15-E006,BROAD_EEGNET,20260926,0.9999998807907104,1.2326162845965882e-07,1
s34_1_retained_2_t049,34,1,retained_labeled_MI,2,s34.mat,8fd506677c43ffdbe7f3cbbb5ed22b9426ab3eb1275595202d88c508df6e240a,173055,Cho2017,Q15-E006,BROAD_EEGNET,20260926,1.0,1.5848126366790893e-08,1
s34_1_retained_2_t050,34,1,retained_labeled_MI,2,s34.mat,8fd506677c43ffdbe7f3cbbb5ed22b9426ab3eb1275595202d88c508df6e240a,176639,Cho2017,Q15-E006,BROAD_EEGNET,20260926,0.9998316764831543,0.00016829257947392762,1
s34_1_retained_2_t051,34,1,retained_labeled_MI,2,s34.mat,8fd506677c43ffdbe7f3cbbb5ed22b9426ab3eb1275595202d88c508df6e240a,180223,Cho2017,Q15-E006,BROAD_EEGNET,20260926,1.0,4.2507547481918095e-10,1
s34_1_retained_2_t052,34,1,retained_labeled_MI,2,s34.mat,8fd506677c43ffdbe7f3cbbb5ed22b9426ab3eb1275595202d88c508df6e240a,183807,Cho2017,Q15-E006,BROAD_EEGNET,20260926,0.042041122913360596,0.9579588174819946,2
s34_1_retained_2_t053,34,1,retained_labeled_MI,2,s34.mat,8fd506677c43ffdbe7f3cbbb5ed22b9426ab3eb1275595202d88c508df6e240a,187391,Cho2017,Q15-E006,BROAD_EEGNET,20260926,1.0,4.982705788852859e-21,1
s34_1_retained_2_t054,34,1,retained_labeled_MI,2,s34.mat,8fd506677c43ffdbe7f3cbbb5ed22b9426ab3eb1275595202d88c508df6e240a,190975,Cho2017,Q15-E006,BROAD_EEGNET,20260926,0.9999998807907104,6.269943497727581e-08,1
s34_1_retained_2_t055,34,1,retained_labeled_MI,2,s34.mat,8fd506677c43ffdbe7f3cbbb5ed22b9426ab3eb1275595202d88c508df6e240a,194559,Cho2017,Q15-E006,BROAD_EEGNET,20260926,0.894207239151001,0.10579275339841843,1
s34_1_retained_2_t056,34,1,retained_labeled_MI,2,s34.mat,8fd506677c43ffdbe7f3cbbb5ed22b9426ab3eb1275595202d88c508df6e240a,198143,Cho2017,Q15-E006,BROAD_EEGNET,20260926,1.0,3.1350447818280155e-14,1
s34_1_retained_2_t057,34,1,retained_labeled_MI,2,s34.mat,8fd506677c43ffdbe7f3cbbb5ed22b9426ab3eb1275595202d88c508df6e240a,201727,Cho2017,Q15-E006,BROAD_EEGNET,20260926,4.517191314334923e-07,0.9999995231628418,2
s34_1_retained_2_t058,34,1,retained_labeled_MI,2,s34.mat,8fd506677c43ffdbe7f3cbbb5ed22b9426ab3eb1275595202d88c508df6e240a,205311,Cho2017,Q15-E006,BROAD_EEGNET,20260926,0.9999998807907104,1.0455473642423385e-07,1
s34_1_retained_2_t059,34,1,retained_labeled_MI,2,s34.mat,8fd506677c43ffdbe7f3cbbb5ed22b9426ab3eb1275595202d88c508df6e240a,208895,Cho2017,Q15-E006,BROAD_EEGNET,20260926,0.9999923706054688,7.65179720474407e-06,1
s34_1_retained_2_t060,34,1,retained_labeled_MI,2,s34.mat,8fd506677c43ffdbe7f3cbbb5ed22b9426ab3eb1275595202d88c508df6e240a,212479,Cho2017,Q15-E006,BROAD_EEGNET,20260926,1.0,6.795831309665398e-15,1
s34_1_retained_2_t061,34,1,retained_labeled_MI,2,s34.mat,8fd506677c43ffdbe7f3cbbb5ed22b9426ab3eb1275595202d88c508df6e240a,216063,Cho2017,Q15-E006,BROAD_EEGNET,20260926,1.0,4.152591159822805e-08,1
s34_1_retained_2_t062,34,1,retained_labeled_MI,2,s34.mat,8fd506677c43ffdbe7f3cbbb5ed22b9426ab3eb1275595202d88c508df6e240a,219647,Cho2017,Q15-E006,BROAD_EEGNET,20260926,0.9999626874923706,3.730349271791056e-05,1
s34_1_retained_2_t063,34,1,retained_labeled_MI,2,s34.mat,8fd506677c43ffdbe7f3cbbb5ed22b9426ab3eb1275595202d88c508df6e240a,223231,Cho2017,Q15-E006,BROAD_EEGNET,20260926,0.8487218618392944,0.15127815306186676,1
s34_1_retained_2_t064,34,1,retained_labeled_MI,2,s34.mat,8fd506677c43ffdbe7f3cbbb5ed22b9426ab3eb1275595202d88c508df6e240a,226815,Cho2017,Q15-E006,BROAD_EEGNET,20260926,1.0,1.9320208952643136e-13,1
s34_1_retained_2_t065,34,1,retained_labeled_MI,2,s34.mat,8fd506677c43ffdbe7f3cbbb5ed22b9426ab3eb1275595202d88c508df6e240a,230399,Cho2017,Q15-E006,BROAD_EEGNET,20260926,0.9999713897705078,2.855484126484953e-05,1
s34_1_retained_2_t066,34,1,retained_labeled_MI,2,s34.mat,8fd506677c43ffdbe7f3cbbb5ed22b9426ab3eb1275595202d88c508df6e240a,233983,Cho2017,Q15-E006,BROAD_EEGNET,20260926,1.0,1.3356750736904024e-14,1
s34_1_retained_2_t067,34,1,retained_labeled_MI,2,s34.mat,8fd506677c43ffdbe7f3cbbb5ed22b9426ab3eb1275595202d88c508df6e240a,237567,Cho2017,Q15-E006,BROAD_EEGNET,20260926,0.9999996423721313,3.8457238815681194e-07,1
s34_1_retained_2_t068,34,1,retained_labeled_MI,2,s34.mat,8fd506677c43ffdbe7f3cbbb5ed22b9426ab3eb1275595202d88c508df6e240a,241151,Cho2017,Q15-E006,BROAD_EEGNET,20260926,0.999996542930603,3.4987751860171556e-06,1
s34_1_retained_2_t069,34,1,retained_labeled_MI,2,s34.mat,8fd506677c43ffdbe7f3cbbb5ed22b9426ab3eb1275595202d88c508df6e240a,244735,Cho2017,Q15-E006,BROAD_EEGNET,20260926,0.9999364614486694,6.349482282530516e-05,1
s34_1_retained_2_t070,34,1,retained_labeled_MI,2,s34.mat,8fd506677c43ffdbe7f3cbbb5ed22b9426ab3eb1275595202d88c508df6e240a,248319,Cho2017,Q15-E006,BROAD_EEGNET,20260926,1.0,3.8663933572781126e-14,1
s34_1_retained_2_t071,34,1,retained_labeled_MI,2,s34.mat,8fd506677c43ffdbe7f3cbbb5ed22b9426ab3eb1275595202d88c508df6e240a,251903,Cho2017,Q15-E006,BROAD_EEGNET,20260926,0.9888362288475037,0.011163756251335144,1
s34_1_retained_2_t072,34,1,retained_labeled_MI,2,s34.mat,8fd506677c43ffdbe7f3cbbb5ed22b9426ab3eb1275595202d88c508df6e240a,255487,Cho2017,Q15-E006,BROAD_EEGNET,20260926,1.0,1.2402992044871497e-12,1
s34_1_retained_2_t073,34,1,retained_labeled_MI,2,s34.mat,8fd506677c43ffdbe7f3cbbb5ed22b9426ab3eb1275595202d88c508df6e240a,259071,Cho2017,Q15-E006,BROAD_EEGNET,20260926,1.0,1.5756857624227294e-12,1
s34_1_retained_2_t074,34,1,retained_labeled_MI,2,s34.mat,8fd506677c43ffdbe7f3cbbb5ed22b9426ab3eb1275595202d88c508df6e240a,262655,Cho2017,Q15-E006,BROAD_EEGNET,20260926,0.9864107966423035,0.013589172624051571,1
s34_1_retained_2_t075,34,1,retained_labeled_MI,2,s34.mat,8fd506677c43ffdbe7f3cbbb5ed22b9426ab3eb1275595202d88c508df6e240a,266239,Cho2017,Q15-E006,BROAD_EEGNET,20260926,1.0,1.3014073605455167e-16,1
s34_1_retained_2_t076,34,1,retained_labeled_MI,2,s34.mat,8fd506677c43ffdbe7f3cbbb5ed22b9426ab3eb1275595202d88c508df6e240a,269823,Cho2017,Q15-E006,BROAD_EEGNET,20260926,0.9493653178215027,0.05063469707965851,1
s34_1_retained_2_t077,34,1,retained_labeled_MI,2,s34.mat,8fd506677c43ffdbe7f3cbbb5ed22b9426ab3eb1275595202d88c508df6e240a,273407,Cho2017,Q15-E006,BROAD_EEGNET,20260926,0.27493155002593994,0.7250685095787048,2
s34_1_retained_2_t078,34,1,retained_labeled_MI,2,s34.mat,8fd506677c43ffdbe7f3cbbb5ed22b9426ab3eb1275595202d88c508df6e240a,276991,Cho2017,Q15-E006,BROAD_EEGNET,20260926,0.820809006690979,0.17919102311134338,1
s34_1_retained_2_t079,34,1,retained_labeled_MI,2,s34.mat,8fd506677c43ffdbe7f3cbbb5ed22b9426ab3eb1275595202d88c508df6e240a,280575,Cho2017,Q15-E006,BROAD_EEGNET,20260926,1.0,2.1527027258211665e-14,1
s34_1_retained_2_t080,34,1,retained_labeled_MI,2,s34.mat,8fd506677c43ffdbe7f3cbbb5ed22b9426ab3eb1275595202d88c508df6e240a,284159,Cho2017,Q15-E006,BROAD_EEGNET,20260926,0.9414195418357849,0.0585804358124733,1
s34_1_retained_2_t081,34,1,retained_labeled_MI,2,s34.mat,8fd506677c43ffdbe7f3cbbb5ed22b9426ab3eb1275595202d88c508df6e240a,287743,Cho2017,Q15-E006,BROAD_EEGNET,20260926,1.0,3.1923428761164484e-15,1
s34_1_retained_2_t082,34,1,retained_labeled_MI,2,s34.mat,8fd506677c43ffdbe7f3cbbb5ed22b9426ab3eb1275595202d88c508df6e240a,291327,Cho2017,Q15-E006,BROAD_EEGNET,20260926,0.9999971389770508,2.8269237191125285e-06,1
s34_1_retained_2_t083,34,1,retained_labeled_MI,2,s34.mat,8fd506677c43ffdbe7f3cbbb5ed22b9426ab3eb1275595202d88c508df6e240a,294911,Cho2017,Q15-E006,BROAD_EEGNET,20260926,0.19437828660011292,0.8056217432022095,2
s34_1_retained_2_t084,34,1,retained_labeled_MI,2,s34.mat,8fd506677c43ffdbe7f3cbbb5ed22b9426ab3eb1275595202d88c508df6e240a,298495,Cho2017,Q15-E006,BROAD_EEGNET,20260926,0.9992832541465759,0.0007167198928073049,1
s34_1_retained_2_t085,34,1,retained_labeled_MI,2,s34.mat,8fd506677c43ffdbe7f3cbbb5ed22b9426ab3eb1275595202d88c508df6e240a,302079,Cho2017,Q15-E006,BROAD_EEGNET,20260926,0.00014112929056864232,0.9998588562011719,2
s34_1_retained_2_t086,34,1,retained_labeled_MI,2,s34.mat,8fd506677c43ffdbe7f3cbbb5ed22b9426ab3eb1275595202d88c508df6e240a,305663,Cho2017,Q15-E006,BROAD_EEGNET,20260926,0.0007205649744719267,0.9992794394493103,2
s34_1_retained_2_t087,34,1,retained_labeled_MI,2,s34.mat,8fd506677c43ffdbe7f3cbbb5ed22b9426ab3eb1275595202d88c508df6e240a,309247,Cho2017,Q15-E006,BROAD_EEGNET,20260926,1.0,1.3515268015851234e-08,1
s34_1_retained_2_t088,34,1,retained_labeled_MI,2,s34.mat,8fd506677c43ffdbe7f3cbbb5ed22b9426ab3eb1275595202d88c508df6e240a,312831,Cho2017,Q15-E006,BROAD_EEGNET,20260926,0.0001621932751731947,0.9998377561569214,2
s34_1_retained_2_t089,34,1,retained_labeled_MI,2,s34.mat,8fd506677c43ffdbe7f3cbbb5ed22b9426ab3eb1275595202d88c508df6e240a,316415,Cho2017,Q15-E006,BROAD_EEGNET,20260926,0.13587002456188202,0.8641299605369568,2
s34_1_retained_2_t090,34,1,retained_labeled_MI,2,s34.mat,8fd506677c43ffdbe7f3cbbb5ed22b9426ab3eb1275595202d88c508df6e240a,319999,Cho2017,Q15-E006,BROAD_EEGNET,20260926,1.0,7.324308270995061e-09,1
s34_1_retained_2_t091,34,1,retained_labeled_MI,2,s34.mat,8fd506677c43ffdbe7f3cbbb5ed22b9426ab3eb1275595202d88c508df6e240a,323583,Cho2017,Q15-E006,BROAD_EEGNET,20260926,0.9999985694885254,1.4702781072628568e-06,1
s34_1_retained_2_t092,34,1,retained_labeled_MI,2,s34.mat,8fd506677c43ffdbe7f3cbbb5ed22b9426ab3eb1275595202d88c508df6e240a,327167,Cho2017,Q15-E006,BROAD_EEGNET,20260926,0.9934189915657043,0.006580968853086233,1
s34_1_retained_2_t093,34,1,retained_labeled_MI,2,s34.mat,8fd506677c43ffdbe7f3cbbb5ed22b9426ab3eb1275595202d88c508df6e240a,330751,Cho2017,Q15-E006,BROAD_EEGNET,20260926,0.9999997615814209,2.553828153395443e-07,1
s34_1_retained_2_t094,34,1,retained_labeled_MI,2,s34.mat,8fd506677c43ffdbe7f3cbbb5ed22b9426ab3eb1275595202d88c508df6e240a,334335,Cho2017,Q15-E006,BROAD_EEGNET,20260926,0.9999929666519165,7.021319106570445e-06,1
s34_1_retained_2_t095,34,1,retained_labeled_MI,2,s34.mat,8fd506677c43ffdbe7f3cbbb5ed22b9426ab3eb1275595202d88c508df6e240a,337919,Cho2017,Q15-E006,BROAD_EEGNET,20260926,6.308221145445714e-08,0.9999998807907104,2
s34_1_retained_2_t096,34,1,retained_labeled_MI,2,s34.mat,8fd506677c43ffdbe7f3cbbb5ed22b9426ab3eb1275595202d88c508df6e240a,341503,Cho2017,Q15-E006,BROAD_EEGNET,20260926,0.9999991655349731,8.899393151295953e-07,1
s34_1_retained_2_t097,34,1,retained_labeled_MI,2,s34.mat,8fd506677c43ffdbe7f3cbbb5ed22b9426ab3eb1275595202d88c508df6e240a,345087,Cho2017,Q15-E006,BROAD_EEGNET,20260926,0.9999997615814209,2.727409196268127e-07,1
s34_1_retained_2_t098,34,1,retained_labeled_MI,2,s34.mat,8fd506677c43ffdbe7f3cbbb5ed22b9426ab3eb1275595202d88c508df6e240a,348671,Cho2017,Q15-E006,BROAD_EEGNET,20260926,1.0,1.1335513083743365e-10,1
s34_1_retained_2_t099,34,1,retained_labeled_MI,2,s34.mat,8fd506677c43ffdbe7f3cbbb5ed22b9426ab3eb1275595202d88c508df6e240a,352255,Cho2017,Q15-E006,BROAD_EEGNET,20260926,0.9999992847442627,7.2949700324898e-07,1
s34_1_retained_2_t100,34,1,retained_labeled_MI,2,s34.mat,8fd506677c43ffdbe7f3cbbb5ed22b9426ab3eb1275595202d88c508df6e240a,355839,Cho2017,Q15-E006,BROAD_EEGNET,20260926,1.0,1.2891097078693292e-08,1
s34_1_retained_1_t001,34,1,retained_labeled_MI,1,s34.mat,8fd506677c43ffdbe7f3cbbb5ed22b9426ab3eb1275595202d88c508df6e240a,1023,Cho2017,Q15-E006,MU_BETA_SHARED,20260924,2.287309092130485e-10,1.0,2
s34_1_retained_1_t002,34,1,retained_labeled_MI,1,s34.mat,8fd506677c43ffdbe7f3cbbb5ed22b9426ab3eb1275595202d88c508df6e240a,4607,Cho2017,Q15-E006,MU_BETA_SHARED,20260924,6.275615010292723e-12,1.0,2
s34_1_retained_1_t003,34,1,retained_labeled_MI,1,s34.mat,8fd506677c43ffdbe7f3cbbb5ed22b9426ab3eb1275595202d88c508df6e240a,8191,Cho2017,Q15-E006,MU_BETA_SHARED,20260924,1.2510742311126331e-23,1.0,2
s34_1_retained_1_t004,34,1,retained_labeled_MI,1,s34.mat,8fd506677c43ffdbe7f3cbbb5ed22b9426ab3eb1275595202d88c508df6e240a,11775,Cho2017,Q15-E006,MU_BETA_SHARED,20260924,3.8828082946365733e-17,1.0,2
s34_1_retained_1_t005,34,1,retained_labeled_MI,1,s34.mat,8fd506677c43ffdbe7f3cbbb5ed22b9426ab3eb1275595202d88c508df6e240a,15359,Cho2017,Q15-E006,MU_BETA_SHARED,20260924,4.436132572394058e-10,1.0,2
s34_1_retained_1_t006,34,1,retained_labeled_MI,1,s34.mat,8fd506677c43ffdbe7f3cbbb5ed22b9426ab3eb1275595202d88c508df6e240a,18943,Cho2017,Q15-E006,MU_BETA_SHARED,20260924,1.9238407338685115e-15,1.0,2
s34_1_retained_1_t007,34,1,retained_labeled_MI,1,s34.mat,8fd506677c43ffdbe7f3cbbb5ed22b9426ab3eb1275595202d88c508df6e240a,22527,Cho2017,Q15-E006,MU_BETA_SHARED,20260924,1.7917876621168557e-15,1.0,2
s34_1_retained_1_t008,34,1,retained_labeled_MI,1,s34.mat,8fd506677c43ffdbe7f3cbbb5ed22b9426ab3eb1275595202d88c508df6e240a,26111,Cho2017,Q15-E006,MU_BETA_SHARED,20260924,1.5656417392859373e-37,1.0,2
s34_1_retained_1_t009,34,1,retained_labeled_MI,1,s34.mat,8fd506677c43ffdbe7f3cbbb5ed22b9426ab3eb1275595202d88c508df6e240a,29695,Cho2017,Q15-E006,MU_BETA_SHARED,20260924,1.9340482366028883e-21,1.0,2
s34_1_retained_1_t010,34,1,retained_labeled_MI,1,s34.mat,8fd506677c43ffdbe7f3cbbb5ed22b9426ab3eb1275595202d88c508df6e240a,33279,Cho2017,Q15-E006,MU_BETA_SHARED,20260924,3.877241203677969e-18,1.0,2
s34_1_retained_1_t011,34,1,retained_labeled_MI,1,s34.mat,8fd506677c43ffdbe7f3cbbb5ed22b9426ab3eb1275595202d88c508df6e240a,36863,Cho2017,Q15-E006,MU_BETA_SHARED,20260924,4.2770142625030844e-14,1.0,2
s34_1_retained_1_t012,34,1,retained_labeled_MI,1,s34.mat,8fd506677c43ffdbe7f3cbbb5ed22b9426ab3eb1275595202d88c508df6e240a,40447,Cho2017,Q15-E006,MU_BETA_SHARED,20260924,3.1209964317357613e-24,1.0,2
s34_1_retained_1_t013,34,1,retained_labeled_MI,1,s34.mat,8fd506677c43ffdbe7f3cbbb5ed22b9426ab3eb1275595202d88c508df6e240a,44031,Cho2017,Q15-E006,MU_BETA_SHARED,20260924,1.3367981868938518e-19,1.0,2
s34_1_retained_1_t014,34,1,retained_labeled_MI,1,s34.mat,8fd506677c43ffdbe7f3cbbb5ed22b9426ab3eb1275595202d88c508df6e240a,47615,Cho2017,Q15-E006,MU_BETA_SHARED,20260924,1.1996339685516055e-11,1.0,2
s34_1_retained_1_t015,34,1,retained_labeled_MI,1,s34.mat,8fd506677c43ffdbe7f3cbbb5ed22b9426ab3eb1275595202d88c508df6e240a,51199,Cho2017,Q15-E006,MU_BETA_SHARED,20260924,1.35956471766724e-20,1.0,2
s34_1_retained_1_t016,34,1,retained_labeled_MI,1,s34.mat,8fd506677c43ffdbe7f3cbbb5ed22b9426ab3eb1275595202d88c508df6e240a,54783,Cho2017,Q15-E006,MU_BETA_SHARED,20260924,4.725035653404186e-16,1.0,2
s34_1_retained_1_t017,34,1,retained_labeled_MI,1,s34.mat,8fd506677c43ffdbe7f3cbbb5ed22b9426ab3eb1275595202d88c508df6e240a,58367,Cho2017,Q15-E006,MU_BETA_SHARED,20260924,7.563359357371494e-30,1.0,2
s34_1_retained_1_t018,34,1,retained_labeled_MI,1,s34.mat,8fd506677c43ffdbe7f3cbbb5ed22b9426ab3eb1275595202d88c508df6e240a,61951,Cho2017,Q15-E006,MU_BETA_SHARED,20260924,4.264445975118639e-25,1.0,2
s34_1_retained_1_t019,34,1,retained_labeled_MI,1,s34.mat,8fd506677c43ffdbe7f3cbbb5ed22b9426ab3eb1275595202d88c508df6e240a,65535,Cho2017,Q15-E006,MU_BETA_SHARED,20260924,6.7696326914490245e-19,1.0,2
s34_1_retained_1_t020,34,1,retained_labeled_MI,1,s34.mat,8fd506677c43ffdbe7f3cbbb5ed22b9426ab3eb1275595202d88c508df6e240a,69119,Cho2017,Q15-E006,MU_BETA_SHARED,20260924,7.759797869972204e-18,1.0,2
s34_1_retained_1_t021,34,1,retained_labeled_MI,1,s34.mat,8fd506677c43ffdbe7f3cbbb5ed22b9426ab3eb1275595202d88c508df6e240a,72703,Cho2017,Q15-E006,MU_BETA_SHARED,20260924,4.826249977440966e-08,1.0,2
s34_1_retained_1_t022,34,1,retained_labeled_MI,1,s34.mat,8fd506677c43ffdbe7f3cbbb5ed22b9426ab3eb1275595202d88c508df6e240a,76287,Cho2017,Q15-E006,MU_BETA_SHARED,20260924,3.102294896667468e-13,1.0,2
s34_1_retained_1_t023,34,1,retained_labeled_MI,1,s34.mat,8fd506677c43ffdbe7f3cbbb5ed22b9426ab3eb1275595202d88c508df6e240a,79871,Cho2017,Q15-E006,MU_BETA_SHARED,20260924,4.7680408232775306e-11,1.0,2
s34_1_retained_1_t024,34,1,retained_labeled_MI,1,s34.mat,8fd506677c43ffdbe7f3cbbb5ed22b9426ab3eb1275595202d88c508df6e240a,83455,Cho2017,Q15-E006,MU_BETA_SHARED,20260924,2.0004351220648394e-27,1.0,2
s34_1_retained_1_t025,34,1,retained_labeled_MI,1,s34.mat,8fd506677c43ffdbe7f3cbbb5ed22b9426ab3eb1275595202d88c508df6e240a,87039,Cho2017,Q15-E006,MU_BETA_SHARED,20260924,2.043997869768136e-17,1.0,2
s34_1_retained_1_t026,34,1,retained_labeled_MI,1,s34.mat,8fd506677c43ffdbe7f3cbbb5ed22b9426ab3eb1275595202d88c508df6e240a,90623,Cho2017,Q15-E006,MU_BETA_SHARED,20260924,4.792946638534912e-13,1.0,2
s34_1_retained_1_t027,34,1,retained_labeled_MI,1,s34.mat,8fd506677c43ffdbe7f3cbbb5ed22b9426ab3eb1275595202d88c508df6e240a,94207,Cho2017,Q15-E006,MU_BETA_SHARED,20260924,1.4498921507843932e-10,1.0,2
s34_1_retained_1_t028,34,1,retained_labeled_MI,1,s34.mat,8fd506677c43ffdbe7f3cbbb5ed22b9426ab3eb1275595202d88c508df6e240a,97791,Cho2017,Q15-E006,MU_BETA_SHARED,20260924,6.747366347209596e-24,1.0,2
s34_1_retained_1_t029,34,1,retained_labeled_MI,1,s34.mat,8fd506677c43ffdbe7f3cbbb5ed22b9426ab3eb1275595202d88c508df6e240a,101375,Cho2017,Q15-E006,MU_BETA_SHARED,20260924,2.5205968327910843e-15,1.0,2
s34_1_retained_1_t030,34,1,retained_labeled_MI,1,s34.mat,8fd506677c43ffdbe7f3cbbb5ed22b9426ab3eb1275595202d88c508df6e240a,104959,Cho2017,Q15-E006,MU_BETA_SHARED,20260924,8.166300892760363e-18,1.0,2
s34_1_retained_1_t031,34,1,retained_labeled_MI,1,s34.mat,8fd506677c43ffdbe7f3cbbb5ed22b9426ab3eb1275595202d88c508df6e240a,108543,Cho2017,Q15-E006,MU_BETA_SHARED,20260924,1.6490532758976626e-24,1.0,2
s34_1_retained_1_t032,34,1,retained_labeled_MI,1,s34.mat,8fd506677c43ffdbe7f3cbbb5ed22b9426ab3eb1275595202d88c508df6e240a,112127,Cho2017,Q15-E006,MU_BETA_SHARED,20260924,2.9394175982133675e-10,1.0,2
s34_1_retained_1_t033,34,1,retained_labeled_MI,1,s34.mat,8fd506677c43ffdbe7f3cbbb5ed22b9426ab3eb1275595202d88c508df6e240a,115711,Cho2017,Q15-E006,MU_BETA_SHARED,20260924,1.938436042792091e-07,0.9999997615814209,2
s34_1_retained_1_t034,34,1,retained_labeled_MI,1,s34.mat,8fd506677c43ffdbe7f3cbbb5ed22b9426ab3eb1275595202d88c508df6e240a,119295,Cho2017,Q15-E006,MU_BETA_SHARED,20260924,3.521544560407437e-15,1.0,2
s34_1_retained_1_t035,34,1,retained_labeled_MI,1,s34.mat,8fd506677c43ffdbe7f3cbbb5ed22b9426ab3eb1275595202d88c508df6e240a,122879,Cho2017,Q15-E006,MU_BETA_SHARED,20260924,2.6567904221381726e-39,1.0,2
s34_1_retained_1_t036,34,1,retained_labeled_MI,1,s34.mat,8fd506677c43ffdbe7f3cbbb5ed22b9426ab3eb1275595202d88c508df6e240a,126463,Cho2017,Q15-E006,MU_BETA_SHARED,20260924,1.332286356899869e-21,1.0,2
s34_1_retained_1_t037,34,1,retained_labeled_MI,1,s34.mat,8fd506677c43ffdbe7f3cbbb5ed22b9426ab3eb1275595202d88c508df6e240a,130047,Cho2017,Q15-E006,MU_BETA_SHARED,20260924,2.683692073872834e-16,1.0,2
s34_1_retained_1_t038,34,1,retained_labeled_MI,1,s34.mat,8fd506677c43ffdbe7f3cbbb5ed22b9426ab3eb1275595202d88c508df6e240a,133631,Cho2017,Q15-E006,MU_BETA_SHARED,20260924,3.054683995181978e-23,1.0,2
s34_1_retained_1_t039,34,1,retained_labeled_MI,1,s34.mat,8fd506677c43ffdbe7f3cbbb5ed22b9426ab3eb1275595202d88c508df6e240a,137215,Cho2017,Q15-E006,MU_BETA_SHARED,20260924,1.3915821407589757e-21,1.0,2
s34_1_retained_1_t040,34,1,retained_labeled_MI,1,s34.mat,8fd506677c43ffdbe7f3cbbb5ed22b9426ab3eb1275595202d88c508df6e240a,140799,Cho2017,Q15-E006,MU_BETA_SHARED,20260924,5.992486956683757e-26,1.0,2
s34_1_retained_1_t041,34,1,retained_labeled_MI,1,s34.mat,8fd506677c43ffdbe7f3cbbb5ed22b9426ab3eb1275595202d88c508df6e240a,144383,Cho2017,Q15-E006,MU_BETA_SHARED,20260924,6.315296336737792e-17,1.0,2
s34_1_retained_1_t042,34,1,retained_labeled_MI,1,s34.mat,8fd506677c43ffdbe7f3cbbb5ed22b9426ab3eb1275595202d88c508df6e240a,147967,Cho2017,Q15-E006,MU_BETA_SHARED,20260924,2.4489955431443832e-33,1.0,2
s34_1_retained_1_t043,34,1,retained_labeled_MI,1,s34.mat,8fd506677c43ffdbe7f3cbbb5ed22b9426ab3eb1275595202d88c508df6e240a,151551,Cho2017,Q15-E006,MU_BETA_SHARED,20260924,2.6084494807177006e-14,1.0,2
s34_1_retained_1_t044,34,1,retained_labeled_MI,1,s34.mat,8fd506677c43ffdbe7f3cbbb5ed22b9426ab3eb1275595202d88c508df6e240a,155135,Cho2017,Q15-E006,MU_BETA_SHARED,20260924,8.513890287220605e-11,1.0,2
s34_1_retained_1_t045,34,1,retained_labeled_MI,1,s34.mat,8fd506677c43ffdbe7f3cbbb5ed22b9426ab3eb1275595202d88c508df6e240a,158719,Cho2017,Q15-E006,MU_BETA_SHARED,20260924,1.1078238770778626e-08,1.0,2
s34_1_retained_1_t046,34,1,retained_labeled_MI,1,s34.mat,8fd506677c43ffdbe7f3cbbb5ed22b9426ab3eb1275595202d88c508df6e240a,162303,Cho2017,Q15-E006,MU_BETA_SHARED,20260924,3.235215914609846e-14,1.0,2
s34_1_retained_1_t047,34,1,retained_labeled_MI,1,s34.mat,8fd506677c43ffdbe7f3cbbb5ed22b9426ab3eb1275595202d88c508df6e240a,165887,Cho2017,Q15-E006,MU_BETA_SHARED,20260924,2.012749411584025e-10,1.0,2
s34_1_retained_1_t048,34,1,retained_labeled_MI,1,s34.mat,8fd506677c43ffdbe7f3cbbb5ed22b9426ab3eb1275595202d88c508df6e240a,169471,Cho2017,Q15-E006,MU_BETA_SHARED,20260924,1.0183777201420457e-16,1.0,2
s34_1_retained_1_t049,34,1,retained_labeled_MI,1,s34.mat,8fd506677c43ffdbe7f3cbbb5ed22b9426ab3eb1275595202d88c508df6e240a,173055,Cho2017,Q15-E006,MU_BETA_SHARED,20260924,1.7662354177203822e-17,1.0,2
s34_1_retained_1_t050,34,1,retained_labeled_MI,1,s34.mat,8fd506677c43ffdbe7f3cbbb5ed22b9426ab3eb1275595202d88c508df6e240a,176639,Cho2017,Q15-E006,MU_BETA_SHARED,20260924,3.107980148797651e-07,0.9999996423721313,2
s34_1_retained_1_t051,34,1,retained_labeled_MI,1,s34.mat,8fd506677c43ffdbe7f3cbbb5ed22b9426ab3eb1275595202d88c508df6e240a,180223,Cho2017,Q15-E006,MU_BETA_SHARED,20260924,2.798971720629345e-13,1.0,2
s34_1_retained_1_t052,34,1,retained_labeled_MI,1,s34.mat,8fd506677c43ffdbe7f3cbbb5ed22b9426ab3eb1275595202d88c508df6e240a,183807,Cho2017,Q15-E006,MU_BETA_SHARED,20260924,4.431869113117224e-18,1.0,2
s34_1_retained_1_t053,34,1,retained_labeled_MI,1,s34.mat,8fd506677c43ffdbe7f3cbbb5ed22b9426ab3eb1275595202d88c508df6e240a,187391,Cho2017,Q15-E006,MU_BETA_SHARED,20260924,2.7700776218366377e-22,1.0,2
s34_1_retained_1_t054,34,1,retained_labeled_MI,1,s34.mat,8fd506677c43ffdbe7f3cbbb5ed22b9426ab3eb1275595202d88c508df6e240a,190975,Cho2017,Q15-E006,MU_BETA_SHARED,20260924,8.571221684472831e-16,1.0,2
s34_1_retained_1_t055,34,1,retained_labeled_MI,1,s34.mat,8fd506677c43ffdbe7f3cbbb5ed22b9426ab3eb1275595202d88c508df6e240a,194559,Cho2017,Q15-E006,MU_BETA_SHARED,20260924,1.1683096926158632e-33,1.0,2
s34_1_retained_1_t056,34,1,retained_labeled_MI,1,s34.mat,8fd506677c43ffdbe7f3cbbb5ed22b9426ab3eb1275595202d88c508df6e240a,198143,Cho2017,Q15-E006,MU_BETA_SHARED,20260924,3.116099833257535e-21,1.0,2
s34_1_retained_1_t057,34,1,retained_labeled_MI,1,s34.mat,8fd506677c43ffdbe7f3cbbb5ed22b9426ab3eb1275595202d88c508df6e240a,201727,Cho2017,Q15-E006,MU_BETA_SHARED,20260924,2.222940693628875e-17,1.0,2
s34_1_retained_1_t058,34,1,retained_labeled_MI,1,s34.mat,8fd506677c43ffdbe7f3cbbb5ed22b9426ab3eb1275595202d88c508df6e240a,205311,Cho2017,Q15-E006,MU_BETA_SHARED,20260924,1.0315760371860858e-19,1.0,2
s34_1_retained_1_t059,34,1,retained_labeled_MI,1,s34.mat,8fd506677c43ffdbe7f3cbbb5ed22b9426ab3eb1275595202d88c508df6e240a,208895,Cho2017,Q15-E006,MU_BETA_SHARED,20260924,6.764975268781503e-22,1.0,2
s34_1_retained_1_t060,34,1,retained_labeled_MI,1,s34.mat,8fd506677c43ffdbe7f3cbbb5ed22b9426ab3eb1275595202d88c508df6e240a,212479,Cho2017,Q15-E006,MU_BETA_SHARED,20260924,4.717336764270552e-12,1.0,2
s34_1_retained_1_t061,34,1,retained_labeled_MI,1,s34.mat,8fd506677c43ffdbe7f3cbbb5ed22b9426ab3eb1275595202d88c508df6e240a,216063,Cho2017,Q15-E006,MU_BETA_SHARED,20260924,4.380508178482051e-16,1.0,2
s34_1_retained_1_t062,34,1,retained_labeled_MI,1,s34.mat,8fd506677c43ffdbe7f3cbbb5ed22b9426ab3eb1275595202d88c508df6e240a,219647,Cho2017,Q15-E006,MU_BETA_SHARED,20260924,2.679295221241773e-07,0.9999997615814209,2
s34_1_retained_1_t063,34,1,retained_labeled_MI,1,s34.mat,8fd506677c43ffdbe7f3cbbb5ed22b9426ab3eb1275595202d88c508df6e240a,223231,Cho2017,Q15-E006,MU_BETA_SHARED,20260924,2.5781652368550567e-09,1.0,2
s34_1_retained_1_t064,34,1,retained_labeled_MI,1,s34.mat,8fd506677c43ffdbe7f3cbbb5ed22b9426ab3eb1275595202d88c508df6e240a,226815,Cho2017,Q15-E006,MU_BETA_SHARED,20260924,5.616119114898455e-12,1.0,2
s34_1_retained_1_t065,34,1,retained_labeled_MI,1,s34.mat,8fd506677c43ffdbe7f3cbbb5ed22b9426ab3eb1275595202d88c508df6e240a,230399,Cho2017,Q15-E006,MU_BETA_SHARED,20260924,8.876671447143308e-21,1.0,2
s34_1_retained_1_t066,34,1,retained_labeled_MI,1,s34.mat,8fd506677c43ffdbe7f3cbbb5ed22b9426ab3eb1275595202d88c508df6e240a,233983,Cho2017,Q15-E006,MU_BETA_SHARED,20260924,4.298254463335411e-17,1.0,2
s34_1_retained_1_t067,34,1,retained_labeled_MI,1,s34.mat,8fd506677c43ffdbe7f3cbbb5ed22b9426ab3eb1275595202d88c508df6e240a,237567,Cho2017,Q15-E006,MU_BETA_SHARED,20260924,1.365203739986387e-12,1.0,2
s34_1_retained_1_t068,34,1,retained_labeled_MI,1,s34.mat,8fd506677c43ffdbe7f3cbbb5ed22b9426ab3eb1275595202d88c508df6e240a,241151,Cho2017,Q15-E006,MU_BETA_SHARED,20260924,3.8215341959299933e-16,1.0,2
s34_1_retained_1_t069,34,1,retained_labeled_MI,1,s34.mat,8fd506677c43ffdbe7f3cbbb5ed22b9426ab3eb1275595202d88c508df6e240a,244735,Cho2017,Q15-E006,MU_BETA_SHARED,20260924,7.550225201991001e-12,1.0,2
s34_1_retained_1_t070,34,1,retained_labeled_MI,1,s34.mat,8fd506677c43ffdbe7f3cbbb5ed22b9426ab3eb1275595202d88c508df6e240a,248319,Cho2017,Q15-E006,MU_BETA_SHARED,20260924,2.2321750588139603e-19,1.0,2
s34_1_retained_1_t071,34,1,retained_labeled_MI,1,s34.mat,8fd506677c43ffdbe7f3cbbb5ed22b9426ab3eb1275595202d88c508df6e240a,251903,Cho2017,Q15-E006,MU_BETA_SHARED,20260924,3.072247527299859e-16,1.0,2
s34_1_retained_1_t072,34,1,retained_labeled_MI,1,s34.mat,8fd506677c43ffdbe7f3cbbb5ed22b9426ab3eb1275595202d88c508df6e240a,255487,Cho2017,Q15-E006,MU_BETA_SHARED,20260924,8.866552217130171e-21,1.0,2
s34_1_retained_1_t073,34,1,retained_labeled_MI,1,s34.mat,8fd506677c43ffdbe7f3cbbb5ed22b9426ab3eb1275595202d88c508df6e240a,259071,Cho2017,Q15-E006,MU_BETA_SHARED,20260924,2.3735833939874903e-19,1.0,2
s34_1_retained_1_t074,34,1,retained_labeled_MI,1,s34.mat,8fd506677c43ffdbe7f3cbbb5ed22b9426ab3eb1275595202d88c508df6e240a,262655,Cho2017,Q15-E006,MU_BETA_SHARED,20260924,1.1358332894020884e-12,1.0,2
s34_1_retained_1_t075,34,1,retained_labeled_MI,1,s34.mat,8fd506677c43ffdbe7f3cbbb5ed22b9426ab3eb1275595202d88c508df6e240a,266239,Cho2017,Q15-E006,MU_BETA_SHARED,20260924,8.138017581861373e-29,1.0,2
s34_1_retained_1_t076,34,1,retained_labeled_MI,1,s34.mat,8fd506677c43ffdbe7f3cbbb5ed22b9426ab3eb1275595202d88c508df6e240a,269823,Cho2017,Q15-E006,MU_BETA_SHARED,20260924,3.302741869759867e-20,1.0,2
s34_1_retained_1_t077,34,1,retained_labeled_MI,1,s34.mat,8fd506677c43ffdbe7f3cbbb5ed22b9426ab3eb1275595202d88c508df6e240a,273407,Cho2017,Q15-E006,MU_BETA_SHARED,20260924,7.259278541218865e-23,1.0,2
s34_1_retained_1_t078,34,1,retained_labeled_MI,1,s34.mat,8fd506677c43ffdbe7f3cbbb5ed22b9426ab3eb1275595202d88c508df6e240a,276991,Cho2017,Q15-E006,MU_BETA_SHARED,20260924,1.3193056247473578e-07,0.9999998807907104,2
s34_1_retained_1_t079,34,1,retained_labeled_MI,1,s34.mat,8fd506677c43ffdbe7f3cbbb5ed22b9426ab3eb1275595202d88c508df6e240a,280575,Cho2017,Q15-E006,MU_BETA_SHARED,20260924,7.172445609825797e-20,1.0,2
s34_1_retained_1_t080,34,1,retained_labeled_MI,1,s34.mat,8fd506677c43ffdbe7f3cbbb5ed22b9426ab3eb1275595202d88c508df6e240a,284159,Cho2017,Q15-E006,MU_BETA_SHARED,20260924,2.373242119317609e-13,1.0,2
s34_1_retained_1_t081,34,1,retained_labeled_MI,1,s34.mat,8fd506677c43ffdbe7f3cbbb5ed22b9426ab3eb1275595202d88c508df6e240a,287743,Cho2017,Q15-E006,MU_BETA_SHARED,20260924,0.00862679909914732,0.9913731217384338,2
s34_1_retained_1_t082,34,1,retained_labeled_MI,1,s34.mat,8fd506677c43ffdbe7f3cbbb5ed22b9426ab3eb1275595202d88c508df6e240a,291327,Cho2017,Q15-E006,MU_BETA_SHARED,20260924,4.1251581144041705e-12,1.0,2
s34_1_retained_1_t083,34,1,retained_labeled_MI,1,s34.mat,8fd506677c43ffdbe7f3cbbb5ed22b9426ab3eb1275595202d88c508df6e240a,294911,Cho2017,Q15-E006,MU_BETA_SHARED,20260924,3.417825037202969e-14,1.0,2
s34_1_retained_1_t084,34,1,retained_labeled_MI,1,s34.mat,8fd506677c43ffdbe7f3cbbb5ed22b9426ab3eb1275595202d88c508df6e240a,298495,Cho2017,Q15-E006,MU_BETA_SHARED,20260924,5.483186028365405e-31,1.0,2
s34_1_retained_1_t085,34,1,retained_labeled_MI,1,s34.mat,8fd506677c43ffdbe7f3cbbb5ed22b9426ab3eb1275595202d88c508df6e240a,302079,Cho2017,Q15-E006,MU_BETA_SHARED,20260924,5.1256104381783e-17,1.0,2
s34_1_retained_1_t086,34,1,retained_labeled_MI,1,s34.mat,8fd506677c43ffdbe7f3cbbb5ed22b9426ab3eb1275595202d88c508df6e240a,305663,Cho2017,Q15-E006,MU_BETA_SHARED,20260924,2.6642932677126725e-22,1.0,2
s34_1_retained_1_t087,34,1,retained_labeled_MI,1,s34.mat,8fd506677c43ffdbe7f3cbbb5ed22b9426ab3eb1275595202d88c508df6e240a,309247,Cho2017,Q15-E006,MU_BETA_SHARED,20260924,1.6102146619885493e-16,1.0,2
s34_1_retained_1_t088,34,1,retained_labeled_MI,1,s34.mat,8fd506677c43ffdbe7f3cbbb5ed22b9426ab3eb1275595202d88c508df6e240a,312831,Cho2017,Q15-E006,MU_BETA_SHARED,20260924,4.2563396383810126e-12,1.0,2
s34_1_retained_1_t089,34,1,retained_labeled_MI,1,s34.mat,8fd506677c43ffdbe7f3cbbb5ed22b9426ab3eb1275595202d88c508df6e240a,316415,Cho2017,Q15-E006,MU_BETA_SHARED,20260924,1.711332956896343e-24,1.0,2
s34_1_retained_1_t090,34,1,retained_labeled_MI,1,s34.mat,8fd506677c43ffdbe7f3cbbb5ed22b9426ab3eb1275595202d88c508df6e240a,319999,Cho2017,Q15-E006,MU_BETA_SHARED,20260924,5.418212317855342e-30,1.0,2
s34_1_retained_1_t091,34,1,retained_labeled_MI,1,s34.mat,8fd506677c43ffdbe7f3cbbb5ed22b9426ab3eb1275595202d88c508df6e240a,323583,Cho2017,Q15-E006,MU_BETA_SHARED,20260924,8.121482684697533e-23,1.0,2
s34_1_retained_1_t092,34,1,retained_labeled_MI,1,s34.mat,8fd506677c43ffdbe7f3cbbb5ed22b9426ab3eb1275595202d88c508df6e240a,327167,Cho2017,Q15-E006,MU_BETA_SHARED,20260924,6.614644185984125e-15,1.0,2
s34_1_retained_1_t093,34,1,retained_labeled_MI,1,s34.mat,8fd506677c43ffdbe7f3cbbb5ed22b9426ab3eb1275595202d88c508df6e240a,330751,Cho2017,Q15-E006,MU_BETA_SHARED,20260924,1.0340245104600854e-08,1.0,2
s34_1_retained_1_t094,34,1,retained_labeled_MI,1,s34.mat,8fd506677c43ffdbe7f3cbbb5ed22b9426ab3eb1275595202d88c508df6e240a,334335,Cho2017,Q15-E006,MU_BETA_SHARED,20260924,1.766214448691854e-18,1.0,2
s34_1_retained_1_t095,34,1,retained_labeled_MI,1,s34.mat,8fd506677c43ffdbe7f3cbbb5ed22b9426ab3eb1275595202d88c508df6e240a,337919,Cho2017,Q15-E006,MU_BETA_SHARED,20260924,4.408339605898107e-14,1.0,2
s34_1_retained_1_t096,34,1,retained_labeled_MI,1,s34.mat,8fd506677c43ffdbe7f3cbbb5ed22b9426ab3eb1275595202d88c508df6e240a,341503,Cho2017,Q15-E006,MU_BETA_SHARED,20260924,2.489789269030348e-28,1.0,2
s34_1_retained_1_t097,34,1,retained_labeled_MI,1,s34.mat,8fd506677c43ffdbe7f3cbbb5ed22b9426ab3eb1275595202d88c508df6e240a,345087,Cho2017,Q15-E006,MU_BETA_SHARED,20260924,2.8371055504905485e-10,1.0,2
s34_1_retained_1_t098,34,1,retained_labeled_MI,1,s34.mat,8fd506677c43ffdbe7f3cbbb5ed22b9426ab3eb1275595202d88c508df6e240a,348671,Cho2017,Q15-E006,MU_BETA_SHARED,20260924,7.315923768410863e-26,1.0,2
s34_1_retained_1_t099,34,1,retained_labeled_MI,1,s34.mat,8fd506677c43ffdbe7f3cbbb5ed22b9426ab3eb1275595202d88c508df6e240a,352255,Cho2017,Q15-E006,MU_BETA_SHARED,20260924,2.3612979722031045e-14,1.0,2
s34_1_retained_1_t100,34,1,retained_labeled_MI,1,s34.mat,8fd506677c43ffdbe7f3cbbb5ed22b9426ab3eb1275595202d88c508df6e240a,355839,Cho2017,Q15-E006,MU_BETA_SHARED,20260924,1.0218857617128692e-20,1.0,2
s34_1_retained_2_t001,34,1,retained_labeled_MI,2,s34.mat,8fd506677c43ffdbe7f3cbbb5ed22b9426ab3eb1275595202d88c508df6e240a,1023,Cho2017,Q15-E006,MU_BETA_SHARED,20260924,1.0434828999136836e-12,1.0,2
s34_1_retained_2_t002,34,1,retained_labeled_MI,2,s34.mat,8fd506677c43ffdbe7f3cbbb5ed22b9426ab3eb1275595202d88c508df6e240a,4607,Cho2017,Q15-E006,MU_BETA_SHARED,20260924,1.0963835650582053e-17,1.0,2
s34_1_retained_2_t003,34,1,retained_labeled_MI,2,s34.mat,8fd506677c43ffdbe7f3cbbb5ed22b9426ab3eb1275595202d88c508df6e240a,8191,Cho2017,Q15-E006,MU_BETA_SHARED,20260924,7.074037348897162e-17,1.0,2
s34_1_retained_2_t004,34,1,retained_labeled_MI,2,s34.mat,8fd506677c43ffdbe7f3cbbb5ed22b9426ab3eb1275595202d88c508df6e240a,11775,Cho2017,Q15-E006,MU_BETA_SHARED,20260924,6.592147708915594e-23,1.0,2
s34_1_retained_2_t005,34,1,retained_labeled_MI,2,s34.mat,8fd506677c43ffdbe7f3cbbb5ed22b9426ab3eb1275595202d88c508df6e240a,15359,Cho2017,Q15-E006,MU_BETA_SHARED,20260924,1.0942994066454048e-08,1.0,2
s34_1_retained_2_t006,34,1,retained_labeled_MI,2,s34.mat,8fd506677c43ffdbe7f3cbbb5ed22b9426ab3eb1275595202d88c508df6e240a,18943,Cho2017,Q15-E006,MU_BETA_SHARED,20260924,2.2093789150640206e-26,1.0,2
s34_1_retained_2_t007,34,1,retained_labeled_MI,2,s34.mat,8fd506677c43ffdbe7f3cbbb5ed22b9426ab3eb1275595202d88c508df6e240a,22527,Cho2017,Q15-E006,MU_BETA_SHARED,20260924,2.0173905213027865e-08,1.0,2
s34_1_retained_2_t008,34,1,retained_labeled_MI,2,s34.mat,8fd506677c43ffdbe7f3cbbb5ed22b9426ab3eb1275595202d88c508df6e240a,26111,Cho2017,Q15-E006,MU_BETA_SHARED,20260924,1.0872963731108927e-23,1.0,2
s34_1_retained_2_t009,34,1,retained_labeled_MI,2,s34.mat,8fd506677c43ffdbe7f3cbbb5ed22b9426ab3eb1275595202d88c508df6e240a,29695,Cho2017,Q15-E006,MU_BETA_SHARED,20260924,3.112959371816249e-16,1.0,2
s34_1_retained_2_t010,34,1,retained_labeled_MI,2,s34.mat,8fd506677c43ffdbe7f3cbbb5ed22b9426ab3eb1275595202d88c508df6e240a,33279,Cho2017,Q15-E006,MU_BETA_SHARED,20260924,4.486313085474475e-40,1.0,2
s34_1_retained_2_t011,34,1,retained_labeled_MI,2,s34.mat,8fd506677c43ffdbe7f3cbbb5ed22b9426ab3eb1275595202d88c508df6e240a,36863,Cho2017,Q15-E006,MU_BETA_SHARED,20260924,2.4459848344893578e-14,1.0,2
s34_1_retained_2_t012,34,1,retained_labeled_MI,2,s34.mat,8fd506677c43ffdbe7f3cbbb5ed22b9426ab3eb1275595202d88c508df6e240a,40447,Cho2017,Q15-E006,MU_BETA_SHARED,20260924,1.115486540298954e-16,1.0,2
s34_1_retained_2_t013,34,1,retained_labeled_MI,2,s34.mat,8fd506677c43ffdbe7f3cbbb5ed22b9426ab3eb1275595202d88c508df6e240a,44031,Cho2017,Q15-E006,MU_BETA_SHARED,20260924,3.283615569671383e-06,0.9999966621398926,2
s34_1_retained_2_t014,34,1,retained_labeled_MI,2,s34.mat,8fd506677c43ffdbe7f3cbbb5ed22b9426ab3eb1275595202d88c508df6e240a,47615,Cho2017,Q15-E006,MU_BETA_SHARED,20260924,1.7566998036959628e-18,1.0,2
s34_1_retained_2_t015,34,1,retained_labeled_MI,2,s34.mat,8fd506677c43ffdbe7f3cbbb5ed22b9426ab3eb1275595202d88c508df6e240a,51199,Cho2017,Q15-E006,MU_BETA_SHARED,20260924,1.7634049775949734e-09,1.0,2
s34_1_retained_2_t016,34,1,retained_labeled_MI,2,s34.mat,8fd506677c43ffdbe7f3cbbb5ed22b9426ab3eb1275595202d88c508df6e240a,54783,Cho2017,Q15-E006,MU_BETA_SHARED,20260924,1.309460027389131e-12,1.0,2
s34_1_retained_2_t017,34,1,retained_labeled_MI,2,s34.mat,8fd506677c43ffdbe7f3cbbb5ed22b9426ab3eb1275595202d88c508df6e240a,58367,Cho2017,Q15-E006,MU_BETA_SHARED,20260924,1.585809256262824e-13,1.0,2
s34_1_retained_2_t018,34,1,retained_labeled_MI,2,s34.mat,8fd506677c43ffdbe7f3cbbb5ed22b9426ab3eb1275595202d88c508df6e240a,61951,Cho2017,Q15-E006,MU_BETA_SHARED,20260924,0.9371693134307861,0.06283075362443924,1
s34_1_retained_2_t019,34,1,retained_labeled_MI,2,s34.mat,8fd506677c43ffdbe7f3cbbb5ed22b9426ab3eb1275595202d88c508df6e240a,65535,Cho2017,Q15-E006,MU_BETA_SHARED,20260924,0.000608233327511698,0.9993917942047119,2
s34_1_retained_2_t020,34,1,retained_labeled_MI,2,s34.mat,8fd506677c43ffdbe7f3cbbb5ed22b9426ab3eb1275595202d88c508df6e240a,69119,Cho2017,Q15-E006,MU_BETA_SHARED,20260924,3.3802379840498775e-13,1.0,2
s34_1_retained_2_t021,34,1,retained_labeled_MI,2,s34.mat,8fd506677c43ffdbe7f3cbbb5ed22b9426ab3eb1275595202d88c508df6e240a,72703,Cho2017,Q15-E006,MU_BETA_SHARED,20260924,2.4485353925136565e-20,1.0,2
s34_1_retained_2_t022,34,1,retained_labeled_MI,2,s34.mat,8fd506677c43ffdbe7f3cbbb5ed22b9426ab3eb1275595202d88c508df6e240a,76287,Cho2017,Q15-E006,MU_BETA_SHARED,20260924,3.486284272879135e-15,1.0,2
s34_1_retained_2_t023,34,1,retained_labeled_MI,2,s34.mat,8fd506677c43ffdbe7f3cbbb5ed22b9426ab3eb1275595202d88c508df6e240a,79871,Cho2017,Q15-E006,MU_BETA_SHARED,20260924,1.4183975122200707e-18,1.0,2
s34_1_retained_2_t024,34,1,retained_labeled_MI,2,s34.mat,8fd506677c43ffdbe7f3cbbb5ed22b9426ab3eb1275595202d88c508df6e240a,83455,Cho2017,Q15-E006,MU_BETA_SHARED,20260924,2.347994176271997e-15,1.0,2
s34_1_retained_2_t025,34,1,retained_labeled_MI,2,s34.mat,8fd506677c43ffdbe7f3cbbb5ed22b9426ab3eb1275595202d88c508df6e240a,87039,Cho2017,Q15-E006,MU_BETA_SHARED,20260924,1.1672296972280866e-14,1.0,2
s34_1_retained_2_t026,34,1,retained_labeled_MI,2,s34.mat,8fd506677c43ffdbe7f3cbbb5ed22b9426ab3eb1275595202d88c508df6e240a,90623,Cho2017,Q15-E006,MU_BETA_SHARED,20260924,1.8559802403717712e-13,1.0,2
s34_1_retained_2_t027,34,1,retained_labeled_MI,2,s34.mat,8fd506677c43ffdbe7f3cbbb5ed22b9426ab3eb1275595202d88c508df6e240a,94207,Cho2017,Q15-E006,MU_BETA_SHARED,20260924,1.3388367747779739e-08,1.0,2
s34_1_retained_2_t028,34,1,retained_labeled_MI,2,s34.mat,8fd506677c43ffdbe7f3cbbb5ed22b9426ab3eb1275595202d88c508df6e240a,97791,Cho2017,Q15-E006,MU_BETA_SHARED,20260924,2.7359420622303792e-18,1.0,2
s34_1_retained_2_t029,34,1,retained_labeled_MI,2,s34.mat,8fd506677c43ffdbe7f3cbbb5ed22b9426ab3eb1275595202d88c508df6e240a,101375,Cho2017,Q15-E006,MU_BETA_SHARED,20260924,5.665577332266216e-16,1.0,2
s34_1_retained_2_t030,34,1,retained_labeled_MI,2,s34.mat,8fd506677c43ffdbe7f3cbbb5ed22b9426ab3eb1275595202d88c508df6e240a,104959,Cho2017,Q15-E006,MU_BETA_SHARED,20260924,5.113833371489015e-17,1.0,2
s34_1_retained_2_t031,34,1,retained_labeled_MI,2,s34.mat,8fd506677c43ffdbe7f3cbbb5ed22b9426ab3eb1275595202d88c508df6e240a,108543,Cho2017,Q15-E006,MU_BETA_SHARED,20260924,2.0042853783389233e-19,1.0,2
s34_1_retained_2_t032,34,1,retained_labeled_MI,2,s34.mat,8fd506677c43ffdbe7f3cbbb5ed22b9426ab3eb1275595202d88c508df6e240a,112127,Cho2017,Q15-E006,MU_BETA_SHARED,20260924,5.1360871901795415e-15,1.0,2
s34_1_retained_2_t033,34,1,retained_labeled_MI,2,s34.mat,8fd506677c43ffdbe7f3cbbb5ed22b9426ab3eb1275595202d88c508df6e240a,115711,Cho2017,Q15-E006,MU_BETA_SHARED,20260924,2.894376621043193e-06,0.9999971389770508,2
s34_1_retained_2_t034,34,1,retained_labeled_MI,2,s34.mat,8fd506677c43ffdbe7f3cbbb5ed22b9426ab3eb1275595202d88c508df6e240a,119295,Cho2017,Q15-E006,MU_BETA_SHARED,20260924,1.6597248296339717e-17,1.0,2
s34_1_retained_2_t035,34,1,retained_labeled_MI,2,s34.mat,8fd506677c43ffdbe7f3cbbb5ed22b9426ab3eb1275595202d88c508df6e240a,122879,Cho2017,Q15-E006,MU_BETA_SHARED,20260924,7.301039812022089e-25,1.0,2
s34_1_retained_2_t036,34,1,retained_labeled_MI,2,s34.mat,8fd506677c43ffdbe7f3cbbb5ed22b9426ab3eb1275595202d88c508df6e240a,126463,Cho2017,Q15-E006,MU_BETA_SHARED,20260924,8.842619969584575e-10,1.0,2
s34_1_retained_2_t037,34,1,retained_labeled_MI,2,s34.mat,8fd506677c43ffdbe7f3cbbb5ed22b9426ab3eb1275595202d88c508df6e240a,130047,Cho2017,Q15-E006,MU_BETA_SHARED,20260924,8.525230483773914e-19,1.0,2
s34_1_retained_2_t038,34,1,retained_labeled_MI,2,s34.mat,8fd506677c43ffdbe7f3cbbb5ed22b9426ab3eb1275595202d88c508df6e240a,133631,Cho2017,Q15-E006,MU_BETA_SHARED,20260924,7.563185985153854e-15,1.0,2
s34_1_retained_2_t039,34,1,retained_labeled_MI,2,s34.mat,8fd506677c43ffdbe7f3cbbb5ed22b9426ab3eb1275595202d88c508df6e240a,137215,Cho2017,Q15-E006,MU_BETA_SHARED,20260924,2.280033144116864e-19,1.0,2
s34_1_retained_2_t040,34,1,retained_labeled_MI,2,s34.mat,8fd506677c43ffdbe7f3cbbb5ed22b9426ab3eb1275595202d88c508df6e240a,140799,Cho2017,Q15-E006,MU_BETA_SHARED,20260924,1.8859476561819064e-14,1.0,2
s34_1_retained_2_t041,34,1,retained_labeled_MI,2,s34.mat,8fd506677c43ffdbe7f3cbbb5ed22b9426ab3eb1275595202d88c508df6e240a,144383,Cho2017,Q15-E006,MU_BETA_SHARED,20260924,9.636813170601265e-23,1.0,2
s34_1_retained_2_t042,34,1,retained_labeled_MI,2,s34.mat,8fd506677c43ffdbe7f3cbbb5ed22b9426ab3eb1275595202d88c508df6e240a,147967,Cho2017,Q15-E006,MU_BETA_SHARED,20260924,4.2477200455003495e-19,1.0,2
s34_1_retained_2_t043,34,1,retained_labeled_MI,2,s34.mat,8fd506677c43ffdbe7f3cbbb5ed22b9426ab3eb1275595202d88c508df6e240a,151551,Cho2017,Q15-E006,MU_BETA_SHARED,20260924,1.564774243338618e-13,1.0,2
s34_1_retained_2_t044,34,1,retained_labeled_MI,2,s34.mat,8fd506677c43ffdbe7f3cbbb5ed22b9426ab3eb1275595202d88c508df6e240a,155135,Cho2017,Q15-E006,MU_BETA_SHARED,20260924,1.8354048749585905e-12,1.0,2
s34_1_retained_2_t045,34,1,retained_labeled_MI,2,s34.mat,8fd506677c43ffdbe7f3cbbb5ed22b9426ab3eb1275595202d88c508df6e240a,158719,Cho2017,Q15-E006,MU_BETA_SHARED,20260924,3.4394361155471544e-19,1.0,2
s34_1_retained_2_t046,34,1,retained_labeled_MI,2,s34.mat,8fd506677c43ffdbe7f3cbbb5ed22b9426ab3eb1275595202d88c508df6e240a,162303,Cho2017,Q15-E006,MU_BETA_SHARED,20260924,1.2954625233326834e-14,1.0,2
s34_1_retained_2_t047,34,1,retained_labeled_MI,2,s34.mat,8fd506677c43ffdbe7f3cbbb5ed22b9426ab3eb1275595202d88c508df6e240a,165887,Cho2017,Q15-E006,MU_BETA_SHARED,20260924,3.1070084656123487e-13,1.0,2
s34_1_retained_2_t048,34,1,retained_labeled_MI,2,s34.mat,8fd506677c43ffdbe7f3cbbb5ed22b9426ab3eb1275595202d88c508df6e240a,169471,Cho2017,Q15-E006,MU_BETA_SHARED,20260924,1.0238009998704205e-21,1.0,2
s34_1_retained_2_t049,34,1,retained_labeled_MI,2,s34.mat,8fd506677c43ffdbe7f3cbbb5ed22b9426ab3eb1275595202d88c508df6e240a,173055,Cho2017,Q15-E006,MU_BETA_SHARED,20260924,1.30497252222051e-15,1.0,2
s34_1_retained_2_t050,34,1,retained_labeled_MI,2,s34.mat,8fd506677c43ffdbe7f3cbbb5ed22b9426ab3eb1275595202d88c508df6e240a,176639,Cho2017,Q15-E006,MU_BETA_SHARED,20260924,4.701407735514976e-17,1.0,2
s34_1_retained_2_t051,34,1,retained_labeled_MI,2,s34.mat,8fd506677c43ffdbe7f3cbbb5ed22b9426ab3eb1275595202d88c508df6e240a,180223,Cho2017,Q15-E006,MU_BETA_SHARED,20260924,4.379403740692456e-13,1.0,2
s34_1_retained_2_t052,34,1,retained_labeled_MI,2,s34.mat,8fd506677c43ffdbe7f3cbbb5ed22b9426ab3eb1275595202d88c508df6e240a,183807,Cho2017,Q15-E006,MU_BETA_SHARED,20260924,2.800155888833889e-29,1.0,2
s34_1_retained_2_t053,34,1,retained_labeled_MI,2,s34.mat,8fd506677c43ffdbe7f3cbbb5ed22b9426ab3eb1275595202d88c508df6e240a,187391,Cho2017,Q15-E006,MU_BETA_SHARED,20260924,0.9329659938812256,0.0670340433716774,1
s34_1_retained_2_t054,34,1,retained_labeled_MI,2,s34.mat,8fd506677c43ffdbe7f3cbbb5ed22b9426ab3eb1275595202d88c508df6e240a,190975,Cho2017,Q15-E006,MU_BETA_SHARED,20260924,1.6150239479095774e-10,1.0,2
s34_1_retained_2_t055,34,1,retained_labeled_MI,2,s34.mat,8fd506677c43ffdbe7f3cbbb5ed22b9426ab3eb1275595202d88c508df6e240a,194559,Cho2017,Q15-E006,MU_BETA_SHARED,20260924,1.2632780325759186e-25,1.0,2
s34_1_retained_2_t056,34,1,retained_labeled_MI,2,s34.mat,8fd506677c43ffdbe7f3cbbb5ed22b9426ab3eb1275595202d88c508df6e240a,198143,Cho2017,Q15-E006,MU_BETA_SHARED,20260924,2.277739696615773e-14,1.0,2
s34_1_retained_2_t057,34,1,retained_labeled_MI,2,s34.mat,8fd506677c43ffdbe7f3cbbb5ed22b9426ab3eb1275595202d88c508df6e240a,201727,Cho2017,Q15-E006,MU_BETA_SHARED,20260924,3.800781145161411e-27,1.0,2
s34_1_retained_2_t058,34,1,retained_labeled_MI,2,s34.mat,8fd506677c43ffdbe7f3cbbb5ed22b9426ab3eb1275595202d88c508df6e240a,205311,Cho2017,Q15-E006,MU_BETA_SHARED,20260924,8.851552459944259e-20,1.0,2
s34_1_retained_2_t059,34,1,retained_labeled_MI,2,s34.mat,8fd506677c43ffdbe7f3cbbb5ed22b9426ab3eb1275595202d88c508df6e240a,208895,Cho2017,Q15-E006,MU_BETA_SHARED,20260924,5.2209453198807517e-17,1.0,2
s34_1_retained_2_t060,34,1,retained_labeled_MI,2,s34.mat,8fd506677c43ffdbe7f3cbbb5ed22b9426ab3eb1275595202d88c508df6e240a,212479,Cho2017,Q15-E006,MU_BETA_SHARED,20260924,2.3293219702244863e-15,1.0,2
s34_1_retained_2_t061,34,1,retained_labeled_MI,2,s34.mat,8fd506677c43ffdbe7f3cbbb5ed22b9426ab3eb1275595202d88c508df6e240a,216063,Cho2017,Q15-E006,MU_BETA_SHARED,20260924,2.0880008605363848e-13,1.0,2
s34_1_retained_2_t062,34,1,retained_labeled_MI,2,s34.mat,8fd506677c43ffdbe7f3cbbb5ed22b9426ab3eb1275595202d88c508df6e240a,219647,Cho2017,Q15-E006,MU_BETA_SHARED,20260924,3.56596980460242e-20,1.0,2
s34_1_retained_2_t063,34,1,retained_labeled_MI,2,s34.mat,8fd506677c43ffdbe7f3cbbb5ed22b9426ab3eb1275595202d88c508df6e240a,223231,Cho2017,Q15-E006,MU_BETA_SHARED,20260924,5.880322284593197e-20,1.0,2
s34_1_retained_2_t064,34,1,retained_labeled_MI,2,s34.mat,8fd506677c43ffdbe7f3cbbb5ed22b9426ab3eb1275595202d88c508df6e240a,226815,Cho2017,Q15-E006,MU_BETA_SHARED,20260924,9.752126813337633e-14,1.0,2
s34_1_retained_2_t065,34,1,retained_labeled_MI,2,s34.mat,8fd506677c43ffdbe7f3cbbb5ed22b9426ab3eb1275595202d88c508df6e240a,230399,Cho2017,Q15-E006,MU_BETA_SHARED,20260924,1.1407241682038041e-17,1.0,2
s34_1_retained_2_t066,34,1,retained_labeled_MI,2,s34.mat,8fd506677c43ffdbe7f3cbbb5ed22b9426ab3eb1275595202d88c508df6e240a,233983,Cho2017,Q15-E006,MU_BETA_SHARED,20260924,1.1582230285966943e-07,0.9999998807907104,2
s34_1_retained_2_t067,34,1,retained_labeled_MI,2,s34.mat,8fd506677c43ffdbe7f3cbbb5ed22b9426ab3eb1275595202d88c508df6e240a,237567,Cho2017,Q15-E006,MU_BETA_SHARED,20260924,9.889181623907249e-18,1.0,2
s34_1_retained_2_t068,34,1,retained_labeled_MI,2,s34.mat,8fd506677c43ffdbe7f3cbbb5ed22b9426ab3eb1275595202d88c508df6e240a,241151,Cho2017,Q15-E006,MU_BETA_SHARED,20260924,1.285252814763522e-19,1.0,2
s34_1_retained_2_t069,34,1,retained_labeled_MI,2,s34.mat,8fd506677c43ffdbe7f3cbbb5ed22b9426ab3eb1275595202d88c508df6e240a,244735,Cho2017,Q15-E006,MU_BETA_SHARED,20260924,1.176514940158524e-13,1.0,2
s34_1_retained_2_t070,34,1,retained_labeled_MI,2,s34.mat,8fd506677c43ffdbe7f3cbbb5ed22b9426ab3eb1275595202d88c508df6e240a,248319,Cho2017,Q15-E006,MU_BETA_SHARED,20260924,5.832730500556541e-22,1.0,2
s34_1_retained_2_t071,34,1,retained_labeled_MI,2,s34.mat,8fd506677c43ffdbe7f3cbbb5ed22b9426ab3eb1275595202d88c508df6e240a,251903,Cho2017,Q15-E006,MU_BETA_SHARED,20260924,5.3379192774268634e-21,1.0,2
s34_1_retained_2_t072,34,1,retained_labeled_MI,2,s34.mat,8fd506677c43ffdbe7f3cbbb5ed22b9426ab3eb1275595202d88c508df6e240a,255487,Cho2017,Q15-E006,MU_BETA_SHARED,20260924,5.822975023168919e-13,1.0,2
s34_1_retained_2_t073,34,1,retained_labeled_MI,2,s34.mat,8fd506677c43ffdbe7f3cbbb5ed22b9426ab3eb1275595202d88c508df6e240a,259071,Cho2017,Q15-E006,MU_BETA_SHARED,20260924,2.241809128010789e-19,1.0,2
s34_1_retained_2_t074,34,1,retained_labeled_MI,2,s34.mat,8fd506677c43ffdbe7f3cbbb5ed22b9426ab3eb1275595202d88c508df6e240a,262655,Cho2017,Q15-E006,MU_BETA_SHARED,20260924,1.5126424228017429e-27,1.0,2
s34_1_retained_2_t075,34,1,retained_labeled_MI,2,s34.mat,8fd506677c43ffdbe7f3cbbb5ed22b9426ab3eb1275595202d88c508df6e240a,266239,Cho2017,Q15-E006,MU_BETA_SHARED,20260924,1.1072814540269427e-11,1.0,2
s34_1_retained_2_t076,34,1,retained_labeled_MI,2,s34.mat,8fd506677c43ffdbe7f3cbbb5ed22b9426ab3eb1275595202d88c508df6e240a,269823,Cho2017,Q15-E006,MU_BETA_SHARED,20260924,4.490994825249657e-17,1.0,2
s34_1_retained_2_t077,34,1,retained_labeled_MI,2,s34.mat,8fd506677c43ffdbe7f3cbbb5ed22b9426ab3eb1275595202d88c508df6e240a,273407,Cho2017,Q15-E006,MU_BETA_SHARED,20260924,1.8707012664192363e-13,1.0,2
s34_1_retained_2_t078,34,1,retained_labeled_MI,2,s34.mat,8fd506677c43ffdbe7f3cbbb5ed22b9426ab3eb1275595202d88c508df6e240a,276991,Cho2017,Q15-E006,MU_BETA_SHARED,20260924,3.453658387580753e-21,1.0,2
s34_1_retained_2_t079,34,1,retained_labeled_MI,2,s34.mat,8fd506677c43ffdbe7f3cbbb5ed22b9426ab3eb1275595202d88c508df6e240a,280575,Cho2017,Q15-E006,MU_BETA_SHARED,20260924,4.58766759390411e-13,1.0,2
s34_1_retained_2_t080,34,1,retained_labeled_MI,2,s34.mat,8fd506677c43ffdbe7f3cbbb5ed22b9426ab3eb1275595202d88c508df6e240a,284159,Cho2017,Q15-E006,MU_BETA_SHARED,20260924,1.4515458446899442e-19,1.0,2
s34_1_retained_2_t081,34,1,retained_labeled_MI,2,s34.mat,8fd506677c43ffdbe7f3cbbb5ed22b9426ab3eb1275595202d88c508df6e240a,287743,Cho2017,Q15-E006,MU_BETA_SHARED,20260924,8.994084055302665e-06,0.9999910593032837,2
s34_1_retained_2_t082,34,1,retained_labeled_MI,2,s34.mat,8fd506677c43ffdbe7f3cbbb5ed22b9426ab3eb1275595202d88c508df6e240a,291327,Cho2017,Q15-E006,MU_BETA_SHARED,20260924,3.634976380437316e-17,1.0,2
s34_1_retained_2_t083,34,1,retained_labeled_MI,2,s34.mat,8fd506677c43ffdbe7f3cbbb5ed22b9426ab3eb1275595202d88c508df6e240a,294911,Cho2017,Q15-E006,MU_BETA_SHARED,20260924,1.8548336386370734e-28,1.0,2
s34_1_retained_2_t084,34,1,retained_labeled_MI,2,s34.mat,8fd506677c43ffdbe7f3cbbb5ed22b9426ab3eb1275595202d88c508df6e240a,298495,Cho2017,Q15-E006,MU_BETA_SHARED,20260924,4.401269065620685e-20,1.0,2
s34_1_retained_2_t085,34,1,retained_labeled_MI,2,s34.mat,8fd506677c43ffdbe7f3cbbb5ed22b9426ab3eb1275595202d88c508df6e240a,302079,Cho2017,Q15-E006,MU_BETA_SHARED,20260924,3.163509723639932e-26,1.0,2
s34_1_retained_2_t086,34,1,retained_labeled_MI,2,s34.mat,8fd506677c43ffdbe7f3cbbb5ed22b9426ab3eb1275595202d88c508df6e240a,305663,Cho2017,Q15-E006,MU_BETA_SHARED,20260924,3.597342545871063e-26,1.0,2
s34_1_retained_2_t087,34,1,retained_labeled_MI,2,s34.mat,8fd506677c43ffdbe7f3cbbb5ed22b9426ab3eb1275595202d88c508df6e240a,309247,Cho2017,Q15-E006,MU_BETA_SHARED,20260924,0.0005791937001049519,0.9994208812713623,2
s34_1_retained_2_t088,34,1,retained_labeled_MI,2,s34.mat,8fd506677c43ffdbe7f3cbbb5ed22b9426ab3eb1275595202d88c508df6e240a,312831,Cho2017,Q15-E006,MU_BETA_SHARED,20260924,2.6138251339946893e-24,1.0,2
s34_1_retained_2_t089,34,1,retained_labeled_MI,2,s34.mat,8fd506677c43ffdbe7f3cbbb5ed22b9426ab3eb1275595202d88c508df6e240a,316415,Cho2017,Q15-E006,MU_BETA_SHARED,20260924,2.1922578346901444e-21,1.0,2
s34_1_retained_2_t090,34,1,retained_labeled_MI,2,s34.mat,8fd506677c43ffdbe7f3cbbb5ed22b9426ab3eb1275595202d88c508df6e240a,319999,Cho2017,Q15-E006,MU_BETA_SHARED,20260924,1.409613279620019e-22,1.0,2
s34_1_retained_2_t091,34,1,retained_labeled_MI,2,s34.mat,8fd506677c43ffdbe7f3cbbb5ed22b9426ab3eb1275595202d88c508df6e240a,323583,Cho2017,Q15-E006,MU_BETA_SHARED,20260924,4.8409466065217795e-15,1.0,2
s34_1_retained_2_t092,34,1,retained_labeled_MI,2,s34.mat,8fd506677c43ffdbe7f3cbbb5ed22b9426ab3eb1275595202d88c508df6e240a,327167,Cho2017,Q15-E006,MU_BETA_SHARED,20260924,6.029733736949785e-16,1.0,2
s34_1_retained_2_t093,34,1,retained_labeled_MI,2,s34.mat,8fd506677c43ffdbe7f3cbbb5ed22b9426ab3eb1275595202d88c508df6e240a,330751,Cho2017,Q15-E006,MU_BETA_SHARED,20260924,4.1011081238884015e-18,1.0,2
s34_1_retained_2_t094,34,1,retained_labeled_MI,2,s34.mat,8fd506677c43ffdbe7f3cbbb5ed22b9426ab3eb1275595202d88c508df6e240a,334335,Cho2017,Q15-E006,MU_BETA_SHARED,20260924,2.0689601019831944e-13,1.0,2
s34_1_retained_2_t095,34,1,retained_labeled_MI,2,s34.mat,8fd506677c43ffdbe7f3cbbb5ed22b9426ab3eb1275595202d88c508df6e240a,337919,Cho2017,Q15-E006,MU_BETA_SHARED,20260924,3.5664966980538806e-22,1.0,2
s34_1_retained_2_t096,34,1,retained_labeled_MI,2,s34.mat,8fd506677c43ffdbe7f3cbbb5ed22b9426ab3eb1275595202d88c508df6e240a,341503,Cho2017,Q15-E006,MU_BETA_SHARED,20260924,8.113513534789679e-18,1.0,2
s34_1_retained_2_t097,34,1,retained_labeled_MI,2,s34.mat,8fd506677c43ffdbe7f3cbbb5ed22b9426ab3eb1275595202d88c508df6e240a,345087,Cho2017,Q15-E006,MU_BETA_SHARED,20260924,3.3107291214085066e-11,1.0,2
s34_1_retained_2_t098,34,1,retained_labeled_MI,2,s34.mat,8fd506677c43ffdbe7f3cbbb5ed22b9426ab3eb1275595202d88c508df6e240a,348671,Cho2017,Q15-E006,MU_BETA_SHARED,20260924,0.00011531123163877055,0.9998847246170044,2
s34_1_retained_2_t099,34,1,retained_labeled_MI,2,s34.mat,8fd506677c43ffdbe7f3cbbb5ed22b9426ab3eb1275595202d88c508df6e240a,352255,Cho2017,Q15-E006,MU_BETA_SHARED,20260924,4.053440964278584e-16,1.0,2
s34_1_retained_2_t100,34,1,retained_labeled_MI,2,s34.mat,8fd506677c43ffdbe7f3cbbb5ed22b9426ab3eb1275595202d88c508df6e240a,355839,Cho2017,Q15-E006,MU_BETA_SHARED,20260924,1.1555371770555212e-08,1.0,2
s34_1_retained_1_t001,34,1,retained_labeled_MI,1,s34.mat,8fd506677c43ffdbe7f3cbbb5ed22b9426ab3eb1275595202d88c508df6e240a,1023,Cho2017,Q15-E006,MU_BETA_SHARED,20260925,0.6615578532218933,0.3384421765804291,1
s34_1_retained_1_t002,34,1,retained_labeled_MI,1,s34.mat,8fd506677c43ffdbe7f3cbbb5ed22b9426ab3eb1275595202d88c508df6e240a,4607,Cho2017,Q15-E006,MU_BETA_SHARED,20260925,0.992970883846283,0.007029073312878609,1
s34_1_retained_1_t003,34,1,retained_labeled_MI,1,s34.mat,8fd506677c43ffdbe7f3cbbb5ed22b9426ab3eb1275595202d88c508df6e240a,8191,Cho2017,Q15-E006,MU_BETA_SHARED,20260925,1.0,2.2685766154495468e-08,1
s34_1_retained_1_t004,34,1,retained_labeled_MI,1,s34.mat,8fd506677c43ffdbe7f3cbbb5ed22b9426ab3eb1275595202d88c508df6e240a,11775,Cho2017,Q15-E006,MU_BETA_SHARED,20260925,0.08465700596570969,0.9153430461883545,2
s34_1_retained_1_t005,34,1,retained_labeled_MI,1,s34.mat,8fd506677c43ffdbe7f3cbbb5ed22b9426ab3eb1275595202d88c508df6e240a,15359,Cho2017,Q15-E006,MU_BETA_SHARED,20260925,1.0,3.0100171912615555e-19,1
s34_1_retained_1_t006,34,1,retained_labeled_MI,1,s34.mat,8fd506677c43ffdbe7f3cbbb5ed22b9426ab3eb1275595202d88c508df6e240a,18943,Cho2017,Q15-E006,MU_BETA_SHARED,20260925,0.9999996423721313,4.087533227448148e-07,1
s34_1_retained_1_t007,34,1,retained_labeled_MI,1,s34.mat,8fd506677c43ffdbe7f3cbbb5ed22b9426ab3eb1275595202d88c508df6e240a,22527,Cho2017,Q15-E006,MU_BETA_SHARED,20260925,1.0,6.932494942685219e-12,1
s34_1_retained_1_t008,34,1,retained_labeled_MI,1,s34.mat,8fd506677c43ffdbe7f3cbbb5ed22b9426ab3eb1275595202d88c508df6e240a,26111,Cho2017,Q15-E006,MU_BETA_SHARED,20260925,8.018244989216328e-05,0.9999197721481323,2
s34_1_retained_1_t009,34,1,retained_labeled_MI,1,s34.mat,8fd506677c43ffdbe7f3cbbb5ed22b9426ab3eb1275595202d88c508df6e240a,29695,Cho2017,Q15-E006,MU_BETA_SHARED,20260925,1.639666186029412e-13,1.0,2
s34_1_retained_1_t010,34,1,retained_labeled_MI,1,s34.mat,8fd506677c43ffdbe7f3cbbb5ed22b9426ab3eb1275595202d88c508df6e240a,33279,Cho2017,Q15-E006,MU_BETA_SHARED,20260925,5.033030242573844e-11,1.0,2
s34_1_retained_1_t011,34,1,retained_labeled_MI,1,s34.mat,8fd506677c43ffdbe7f3cbbb5ed22b9426ab3eb1275595202d88c508df6e240a,36863,Cho2017,Q15-E006,MU_BETA_SHARED,20260925,1.0,2.3076646930159095e-13,1
s34_1_retained_1_t012,34,1,retained_labeled_MI,1,s34.mat,8fd506677c43ffdbe7f3cbbb5ed22b9426ab3eb1275595202d88c508df6e240a,40447,Cho2017,Q15-E006,MU_BETA_SHARED,20260925,6.707690403118249e-09,1.0,2
s34_1_retained_1_t013,34,1,retained_labeled_MI,1,s34.mat,8fd506677c43ffdbe7f3cbbb5ed22b9426ab3eb1275595202d88c508df6e240a,44031,Cho2017,Q15-E006,MU_BETA_SHARED,20260925,1.0,2.2630799703427006e-15,1
s34_1_retained_1_t014,34,1,retained_labeled_MI,1,s34.mat,8fd506677c43ffdbe7f3cbbb5ed22b9426ab3eb1275595202d88c508df6e240a,47615,Cho2017,Q15-E006,MU_BETA_SHARED,20260925,0.9999184608459473,8.153277303790674e-05,1
s34_1_retained_1_t015,34,1,retained_labeled_MI,1,s34.mat,8fd506677c43ffdbe7f3cbbb5ed22b9426ab3eb1275595202d88c508df6e240a,51199,Cho2017,Q15-E006,MU_BETA_SHARED,20260925,2.6421518782833245e-19,1.0,2
s34_1_retained_1_t016,34,1,retained_labeled_MI,1,s34.mat,8fd506677c43ffdbe7f3cbbb5ed22b9426ab3eb1275595202d88c508df6e240a,54783,Cho2017,Q15-E006,MU_BETA_SHARED,20260925,0.5078009366989136,0.4921991229057312,1
s34_1_retained_1_t017,34,1,retained_labeled_MI,1,s34.mat,8fd506677c43ffdbe7f3cbbb5ed22b9426ab3eb1275595202d88c508df6e240a,58367,Cho2017,Q15-E006,MU_BETA_SHARED,20260925,0.005894090980291367,0.9941059350967407,2
s34_1_retained_1_t018,34,1,retained_labeled_MI,1,s34.mat,8fd506677c43ffdbe7f3cbbb5ed22b9426ab3eb1275595202d88c508df6e240a,61951,Cho2017,Q15-E006,MU_BETA_SHARED,20260925,5.84361779079055e-23,1.0,2
s34_1_retained_1_t019,34,1,retained_labeled_MI,1,s34.mat,8fd506677c43ffdbe7f3cbbb5ed22b9426ab3eb1275595202d88c508df6e240a,65535,Cho2017,Q15-E006,MU_BETA_SHARED,20260925,0.09497956186532974,0.9050204157829285,2
s34_1_retained_1_t020,34,1,retained_labeled_MI,1,s34.mat,8fd506677c43ffdbe7f3cbbb5ed22b9426ab3eb1275595202d88c508df6e240a,69119,Cho2017,Q15-E006,MU_BETA_SHARED,20260925,6.187972030602396e-05,0.9999381303787231,2
s34_1_retained_1_t021,34,1,retained_labeled_MI,1,s34.mat,8fd506677c43ffdbe7f3cbbb5ed22b9426ab3eb1275595202d88c508df6e240a,72703,Cho2017,Q15-E006,MU_BETA_SHARED,20260925,0.9999628067016602,3.724803900695406e-05,1
s34_1_retained_1_t022,34,1,retained_labeled_MI,1,s34.mat,8fd506677c43ffdbe7f3cbbb5ed22b9426ab3eb1275595202d88c508df6e240a,76287,Cho2017,Q15-E006,MU_BETA_SHARED,20260925,0.8584764003753662,0.1415235996246338,1
s34_1_retained_1_t023,34,1,retained_labeled_MI,1,s34.mat,8fd506677c43ffdbe7f3cbbb5ed22b9426ab3eb1275595202d88c508df6e240a,79871,Cho2017,Q15-E006,MU_BETA_SHARED,20260925,1.0,9.862854533082555e-09,1
s34_1_retained_1_t024,34,1,retained_labeled_MI,1,s34.mat,8fd506677c43ffdbe7f3cbbb5ed22b9426ab3eb1275595202d88c508df6e240a,83455,Cho2017,Q15-E006,MU_BETA_SHARED,20260925,2.3088667148840614e-05,0.9999768733978271,2
s34_1_retained_1_t025,34,1,retained_labeled_MI,1,s34.mat,8fd506677c43ffdbe7f3cbbb5ed22b9426ab3eb1275595202d88c508df6e240a,87039,Cho2017,Q15-E006,MU_BETA_SHARED,20260925,0.9982445240020752,0.0017554998630657792,1
s34_1_retained_1_t026,34,1,retained_labeled_MI,1,s34.mat,8fd506677c43ffdbe7f3cbbb5ed22b9426ab3eb1275595202d88c508df6e240a,90623,Cho2017,Q15-E006,MU_BETA_SHARED,20260925,1.0,9.390007882359441e-09,1
s34_1_retained_1_t027,34,1,retained_labeled_MI,1,s34.mat,8fd506677c43ffdbe7f3cbbb5ed22b9426ab3eb1275595202d88c508df6e240a,94207,Cho2017,Q15-E006,MU_BETA_SHARED,20260925,0.9217049479484558,0.0782950147986412,1
s34_1_retained_1_t028,34,1,retained_labeled_MI,1,s34.mat,8fd506677c43ffdbe7f3cbbb5ed22b9426ab3eb1275595202d88c508df6e240a,97791,Cho2017,Q15-E006,MU_BETA_SHARED,20260925,1.3359931216871956e-11,1.0,2
s34_1_retained_1_t029,34,1,retained_labeled_MI,1,s34.mat,8fd506677c43ffdbe7f3cbbb5ed22b9426ab3eb1275595202d88c508df6e240a,101375,Cho2017,Q15-E006,MU_BETA_SHARED,20260925,1.0252904081298198e-09,1.0,2
s34_1_retained_1_t030,34,1,retained_labeled_MI,1,s34.mat,8fd506677c43ffdbe7f3cbbb5ed22b9426ab3eb1275595202d88c508df6e240a,104959,Cho2017,Q15-E006,MU_BETA_SHARED,20260925,0.00015840644482523203,0.999841570854187,2
s34_1_retained_1_t031,34,1,retained_labeled_MI,1,s34.mat,8fd506677c43ffdbe7f3cbbb5ed22b9426ab3eb1275595202d88c508df6e240a,108543,Cho2017,Q15-E006,MU_BETA_SHARED,20260925,0.3601054847240448,0.6398945450782776,2
s34_1_retained_1_t032,34,1,retained_labeled_MI,1,s34.mat,8fd506677c43ffdbe7f3cbbb5ed22b9426ab3eb1275595202d88c508df6e240a,112127,Cho2017,Q15-E006,MU_BETA_SHARED,20260925,0.9999796152114868,2.0382594811962917e-05,1
s34_1_retained_1_t033,34,1,retained_labeled_MI,1,s34.mat,8fd506677c43ffdbe7f3cbbb5ed22b9426ab3eb1275595202d88c508df6e240a,115711,Cho2017,Q15-E006,MU_BETA_SHARED,20260925,0.9999890327453613,1.1014883966709021e-05,1
s34_1_retained_1_t034,34,1,retained_labeled_MI,1,s34.mat,8fd506677c43ffdbe7f3cbbb5ed22b9426ab3eb1275595202d88c508df6e240a,119295,Cho2017,Q15-E006,MU_BETA_SHARED,20260925,1.0,7.005695686688031e-16,1
s34_1_retained_1_t035,34,1,retained_labeled_MI,1,s34.mat,8fd506677c43ffdbe7f3cbbb5ed22b9426ab3eb1275595202d88c508df6e240a,122879,Cho2017,Q15-E006,MU_BETA_SHARED,20260925,1.94419715302961e-21,1.0,2
s34_1_retained_1_t036,34,1,retained_labeled_MI,1,s34.mat,8fd506677c43ffdbe7f3cbbb5ed22b9426ab3eb1275595202d88c508df6e240a,126463,Cho2017,Q15-E006,MU_BETA_SHARED,20260925,0.001435866579413414,0.9985641837120056,2
s34_1_retained_1_t037,34,1,retained_labeled_MI,1,s34.mat,8fd506677c43ffdbe7f3cbbb5ed22b9426ab3eb1275595202d88c508df6e240a,130047,Cho2017,Q15-E006,MU_BETA_SHARED,20260925,1.0,6.17120395583759e-13,1
s34_1_retained_1_t038,34,1,retained_labeled_MI,1,s34.mat,8fd506677c43ffdbe7f3cbbb5ed22b9426ab3eb1275595202d88c508df6e240a,133631,Cho2017,Q15-E006,MU_BETA_SHARED,20260925,0.8255516886711121,0.17444834113121033,1
s34_1_retained_1_t039,34,1,retained_labeled_MI,1,s34.mat,8fd506677c43ffdbe7f3cbbb5ed22b9426ab3eb1275595202d88c508df6e240a,137215,Cho2017,Q15-E006,MU_BETA_SHARED,20260925,1.2966196663910523e-05,0.999987006187439,2
s34_1_retained_1_t040,34,1,retained_labeled_MI,1,s34.mat,8fd506677c43ffdbe7f3cbbb5ed22b9426ab3eb1275595202d88c508df6e240a,140799,Cho2017,Q15-E006,MU_BETA_SHARED,20260925,5.40615494316054e-30,1.0,2
s34_1_retained_1_t041,34,1,retained_labeled_MI,1,s34.mat,8fd506677c43ffdbe7f3cbbb5ed22b9426ab3eb1275595202d88c508df6e240a,144383,Cho2017,Q15-E006,MU_BETA_SHARED,20260925,1.0,1.3105170282301515e-08,1
s34_1_retained_1_t042,34,1,retained_labeled_MI,1,s34.mat,8fd506677c43ffdbe7f3cbbb5ed22b9426ab3eb1275595202d88c508df6e240a,147967,Cho2017,Q15-E006,MU_BETA_SHARED,20260925,5.915054009748497e-14,1.0,2
s34_1_retained_1_t043,34,1,retained_labeled_MI,1,s34.mat,8fd506677c43ffdbe7f3cbbb5ed22b9426ab3eb1275595202d88c508df6e240a,151551,Cho2017,Q15-E006,MU_BETA_SHARED,20260925,1.2129907369067949e-14,1.0,2
s34_1_retained_1_t044,34,1,retained_labeled_MI,1,s34.mat,8fd506677c43ffdbe7f3cbbb5ed22b9426ab3eb1275595202d88c508df6e240a,155135,Cho2017,Q15-E006,MU_BETA_SHARED,20260925,0.9970717430114746,0.0029282979667186737,1
s34_1_retained_1_t045,34,1,retained_labeled_MI,1,s34.mat,8fd506677c43ffdbe7f3cbbb5ed22b9426ab3eb1275595202d88c508df6e240a,158719,Cho2017,Q15-E006,MU_BETA_SHARED,20260925,1.0,1.5254345519627151e-15,1
s34_1_retained_1_t046,34,1,retained_labeled_MI,1,s34.mat,8fd506677c43ffdbe7f3cbbb5ed22b9426ab3eb1275595202d88c508df6e240a,162303,Cho2017,Q15-E006,MU_BETA_SHARED,20260925,3.274861228419468e-05,0.9999672174453735,2
s34_1_retained_1_t047,34,1,retained_labeled_MI,1,s34.mat,8fd506677c43ffdbe7f3cbbb5ed22b9426ab3eb1275595202d88c508df6e240a,165887,Cho2017,Q15-E006,MU_BETA_SHARED,20260925,5.994078833282401e-07,0.9999994039535522,2
s34_1_retained_1_t048,34,1,retained_labeled_MI,1,s34.mat,8fd506677c43ffdbe7f3cbbb5ed22b9426ab3eb1275595202d88c508df6e240a,169471,Cho2017,Q15-E006,MU_BETA_SHARED,20260925,0.9999547004699707,4.529572470346466e-05,1
s34_1_retained_1_t049,34,1,retained_labeled_MI,1,s34.mat,8fd506677c43ffdbe7f3cbbb5ed22b9426ab3eb1275595202d88c508df6e240a,173055,Cho2017,Q15-E006,MU_BETA_SHARED,20260925,0.9471076130867004,0.05289239063858986,1
s34_1_retained_1_t050,34,1,retained_labeled_MI,1,s34.mat,8fd506677c43ffdbe7f3cbbb5ed22b9426ab3eb1275595202d88c508df6e240a,176639,Cho2017,Q15-E006,MU_BETA_SHARED,20260925,0.9912277460098267,0.008772172965109348,1
s34_1_retained_1_t051,34,1,retained_labeled_MI,1,s34.mat,8fd506677c43ffdbe7f3cbbb5ed22b9426ab3eb1275595202d88c508df6e240a,180223,Cho2017,Q15-E006,MU_BETA_SHARED,20260925,0.9999769926071167,2.2991198420641012e-05,1
s34_1_retained_1_t052,34,1,retained_labeled_MI,1,s34.mat,8fd506677c43ffdbe7f3cbbb5ed22b9426ab3eb1275595202d88c508df6e240a,183807,Cho2017,Q15-E006,MU_BETA_SHARED,20260925,1.0,5.369641912412213e-19,1
s34_1_retained_1_t053,34,1,retained_labeled_MI,1,s34.mat,8fd506677c43ffdbe7f3cbbb5ed22b9426ab3eb1275595202d88c508df6e240a,187391,Cho2017,Q15-E006,MU_BETA_SHARED,20260925,5.901031840949145e-08,1.0,2
s34_1_retained_1_t054,34,1,retained_labeled_MI,1,s34.mat,8fd506677c43ffdbe7f3cbbb5ed22b9426ab3eb1275595202d88c508df6e240a,190975,Cho2017,Q15-E006,MU_BETA_SHARED,20260925,1.0,8.384692939955585e-11,1
s34_1_retained_1_t055,34,1,retained_labeled_MI,1,s34.mat,8fd506677c43ffdbe7f3cbbb5ed22b9426ab3eb1275595202d88c508df6e240a,194559,Cho2017,Q15-E006,MU_BETA_SHARED,20260925,2.8508460733181155e-21,1.0,2
s34_1_retained_1_t056,34,1,retained_labeled_MI,1,s34.mat,8fd506677c43ffdbe7f3cbbb5ed22b9426ab3eb1275595202d88c508df6e240a,198143,Cho2017,Q15-E006,MU_BETA_SHARED,20260925,1.256146853201301e-10,1.0,2
s34_1_retained_1_t057,34,1,retained_labeled_MI,1,s34.mat,8fd506677c43ffdbe7f3cbbb5ed22b9426ab3eb1275595202d88c508df6e240a,201727,Cho2017,Q15-E006,MU_BETA_SHARED,20260925,0.9998026490211487,0.0001973558246390894,1
s34_1_retained_1_t058,34,1,retained_labeled_MI,1,s34.mat,8fd506677c43ffdbe7f3cbbb5ed22b9426ab3eb1275595202d88c508df6e240a,205311,Cho2017,Q15-E006,MU_BETA_SHARED,20260925,1.1078576790168881e-05,0.9999889135360718,2
s34_1_retained_1_t059,34,1,retained_labeled_MI,1,s34.mat,8fd506677c43ffdbe7f3cbbb5ed22b9426ab3eb1275595202d88c508df6e240a,208895,Cho2017,Q15-E006,MU_BETA_SHARED,20260925,5.66244523270143e-07,0.9999994039535522,2
s34_1_retained_1_t060,34,1,retained_labeled_MI,1,s34.mat,8fd506677c43ffdbe7f3cbbb5ed22b9426ab3eb1275595202d88c508df6e240a,212479,Cho2017,Q15-E006,MU_BETA_SHARED,20260925,0.9993979930877686,0.0006019744323566556,1
s34_1_retained_1_t061,34,1,retained_labeled_MI,1,s34.mat,8fd506677c43ffdbe7f3cbbb5ed22b9426ab3eb1275595202d88c508df6e240a,216063,Cho2017,Q15-E006,MU_BETA_SHARED,20260925,1.0,5.879370945649498e-08,1
s34_1_retained_1_t062,34,1,retained_labeled_MI,1,s34.mat,8fd506677c43ffdbe7f3cbbb5ed22b9426ab3eb1275595202d88c508df6e240a,219647,Cho2017,Q15-E006,MU_BETA_SHARED,20260925,1.0,9.334011911166771e-16,1
s34_1_retained_1_t063,34,1,retained_labeled_MI,1,s34.mat,8fd506677c43ffdbe7f3cbbb5ed22b9426ab3eb1275595202d88c508df6e240a,223231,Cho2017,Q15-E006,MU_BETA_SHARED,20260925,1.0,2.1766632940511954e-09,1
s34_1_retained_1_t064,34,1,retained_labeled_MI,1,s34.mat,8fd506677c43ffdbe7f3cbbb5ed22b9426ab3eb1275595202d88c508df6e240a,226815,Cho2017,Q15-E006,MU_BETA_SHARED,20260925,1.0,5.750891950151438e-12,1
s34_1_retained_1_t065,34,1,retained_labeled_MI,1,s34.mat,8fd506677c43ffdbe7f3cbbb5ed22b9426ab3eb1275595202d88c508df6e240a,230399,Cho2017,Q15-E006,MU_BETA_SHARED,20260925,0.09810835123062134,0.9018916487693787,2
s34_1_retained_1_t066,34,1,retained_labeled_MI,1,s34.mat,8fd506677c43ffdbe7f3cbbb5ed22b9426ab3eb1275595202d88c508df6e240a,233983,Cho2017,Q15-E006,MU_BETA_SHARED,20260925,0.05373890697956085,0.9462610483169556,2
s34_1_retained_1_t067,34,1,retained_labeled_MI,1,s34.mat,8fd506677c43ffdbe7f3cbbb5ed22b9426ab3eb1275595202d88c508df6e240a,237567,Cho2017,Q15-E006,MU_BETA_SHARED,20260925,0.9999992847442627,7.656444154235942e-07,1
s34_1_retained_1_t068,34,1,retained_labeled_MI,1,s34.mat,8fd506677c43ffdbe7f3cbbb5ed22b9426ab3eb1275595202d88c508df6e240a,241151,Cho2017,Q15-E006,MU_BETA_SHARED,20260925,0.7829320430755615,0.21706795692443848,1
s34_1_retained_1_t069,34,1,retained_labeled_MI,1,s34.mat,8fd506677c43ffdbe7f3cbbb5ed22b9426ab3eb1275595202d88c508df6e240a,244735,Cho2017,Q15-E006,MU_BETA_SHARED,20260925,1.0,4.639934303440896e-08,1
s34_1_retained_1_t070,34,1,retained_labeled_MI,1,s34.mat,8fd506677c43ffdbe7f3cbbb5ed22b9426ab3eb1275595202d88c508df6e240a,248319,Cho2017,Q15-E006,MU_BETA_SHARED,20260925,0.9999996423721313,3.11266063590665e-07,1
s34_1_retained_1_t071,34,1,retained_labeled_MI,1,s34.mat,8fd506677c43ffdbe7f3cbbb5ed22b9426ab3eb1275595202d88c508df6e240a,251903,Cho2017,Q15-E006,MU_BETA_SHARED,20260925,9.557738849252928e-07,0.9999990463256836,2
s34_1_retained_1_t072,34,1,retained_labeled_MI,1,s34.mat,8fd506677c43ffdbe7f3cbbb5ed22b9426ab3eb1275595202d88c508df6e240a,255487,Cho2017,Q15-E006,MU_BETA_SHARED,20260925,1.275447402804275e-06,0.9999986886978149,2
s34_1_retained_1_t073,34,1,retained_labeled_MI,1,s34.mat,8fd506677c43ffdbe7f3cbbb5ed22b9426ab3eb1275595202d88c508df6e240a,259071,Cho2017,Q15-E006,MU_BETA_SHARED,20260925,0.4013444185256958,0.598655641078949,2
s34_1_retained_1_t074,34,1,retained_labeled_MI,1,s34.mat,8fd506677c43ffdbe7f3cbbb5ed22b9426ab3eb1275595202d88c508df6e240a,262655,Cho2017,Q15-E006,MU_BETA_SHARED,20260925,0.9999755620956421,2.4382319679716602e-05,1
s34_1_retained_1_t075,34,1,retained_labeled_MI,1,s34.mat,8fd506677c43ffdbe7f3cbbb5ed22b9426ab3eb1275595202d88c508df6e240a,266239,Cho2017,Q15-E006,MU_BETA_SHARED,20260925,9.448827354222034e-13,1.0,2
s34_1_retained_1_t076,34,1,retained_labeled_MI,1,s34.mat,8fd506677c43ffdbe7f3cbbb5ed22b9426ab3eb1275595202d88c508df6e240a,269823,Cho2017,Q15-E006,MU_BETA_SHARED,20260925,7.529030505694277e-19,1.0,2
s34_1_retained_1_t077,34,1,retained_labeled_MI,1,s34.mat,8fd506677c43ffdbe7f3cbbb5ed22b9426ab3eb1275595202d88c508df6e240a,273407,Cho2017,Q15-E006,MU_BETA_SHARED,20260925,9.249362614791728e-14,1.0,2
s34_1_retained_1_t078,34,1,retained_labeled_MI,1,s34.mat,8fd506677c43ffdbe7f3cbbb5ed22b9426ab3eb1275595202d88c508df6e240a,276991,Cho2017,Q15-E006,MU_BETA_SHARED,20260925,1.0,5.355614497888628e-13,1
s34_1_retained_1_t079,34,1,retained_labeled_MI,1,s34.mat,8fd506677c43ffdbe7f3cbbb5ed22b9426ab3eb1275595202d88c508df6e240a,280575,Cho2017,Q15-E006,MU_BETA_SHARED,20260925,3.5486937122186646e-05,0.9999644756317139,2
s34_1_retained_1_t080,34,1,retained_labeled_MI,1,s34.mat,8fd506677c43ffdbe7f3cbbb5ed22b9426ab3eb1275595202d88c508df6e240a,284159,Cho2017,Q15-E006,MU_BETA_SHARED,20260925,2.1381889261195494e-17,1.0,2
s34_1_retained_1_t081,34,1,retained_labeled_MI,1,s34.mat,8fd506677c43ffdbe7f3cbbb5ed22b9426ab3eb1275595202d88c508df6e240a,287743,Cho2017,Q15-E006,MU_BETA_SHARED,20260925,1.0,1.6529493702607811e-12,1
s34_1_retained_1_t082,34,1,retained_labeled_MI,1,s34.mat,8fd506677c43ffdbe7f3cbbb5ed22b9426ab3eb1275595202d88c508df6e240a,291327,Cho2017,Q15-E006,MU_BETA_SHARED,20260925,0.3974553942680359,0.6025446057319641,2
s34_1_retained_1_t083,34,1,retained_labeled_MI,1,s34.mat,8fd506677c43ffdbe7f3cbbb5ed22b9426ab3eb1275595202d88c508df6e240a,294911,Cho2017,Q15-E006,MU_BETA_SHARED,20260925,0.25766146183013916,0.7423385381698608,2
s34_1_retained_1_t084,34,1,retained_labeled_MI,1,s34.mat,8fd506677c43ffdbe7f3cbbb5ed22b9426ab3eb1275595202d88c508df6e240a,298495,Cho2017,Q15-E006,MU_BETA_SHARED,20260925,4.365319343834733e-20,1.0,2
s34_1_retained_1_t085,34,1,retained_labeled_MI,1,s34.mat,8fd506677c43ffdbe7f3cbbb5ed22b9426ab3eb1275595202d88c508df6e240a,302079,Cho2017,Q15-E006,MU_BETA_SHARED,20260925,0.9979155659675598,0.0020844521932303905,1
s34_1_retained_1_t086,34,1,retained_labeled_MI,1,s34.mat,8fd506677c43ffdbe7f3cbbb5ed22b9426ab3eb1275595202d88c508df6e240a,305663,Cho2017,Q15-E006,MU_BETA_SHARED,20260925,2.687033202164457e-06,0.9999972581863403,2
s34_1_retained_1_t087,34,1,retained_labeled_MI,1,s34.mat,8fd506677c43ffdbe7f3cbbb5ed22b9426ab3eb1275595202d88c508df6e240a,309247,Cho2017,Q15-E006,MU_BETA_SHARED,20260925,1.0,2.565899437367847e-10,1
s34_1_retained_1_t088,34,1,retained_labeled_MI,1,s34.mat,8fd506677c43ffdbe7f3cbbb5ed22b9426ab3eb1275595202d88c508df6e240a,312831,Cho2017,Q15-E006,MU_BETA_SHARED,20260925,1.0,2.120885962066165e-17,1
s34_1_retained_1_t089,34,1,retained_labeled_MI,1,s34.mat,8fd506677c43ffdbe7f3cbbb5ed22b9426ab3eb1275595202d88c508df6e240a,316415,Cho2017,Q15-E006,MU_BETA_SHARED,20260925,0.9934064149856567,0.006593590602278709,1
s34_1_retained_1_t090,34,1,retained_labeled_MI,1,s34.mat,8fd506677c43ffdbe7f3cbbb5ed22b9426ab3eb1275595202d88c508df6e240a,319999,Cho2017,Q15-E006,MU_BETA_SHARED,20260925,4.6422161151822985e-20,1.0,2
s34_1_retained_1_t091,34,1,retained_labeled_MI,1,s34.mat,8fd506677c43ffdbe7f3cbbb5ed22b9426ab3eb1275595202d88c508df6e240a,323583,Cho2017,Q15-E006,MU_BETA_SHARED,20260925,5.976273254049147e-09,1.0,2
s34_1_retained_1_t092,34,1,retained_labeled_MI,1,s34.mat,8fd506677c43ffdbe7f3cbbb5ed22b9426ab3eb1275595202d88c508df6e240a,327167,Cho2017,Q15-E006,MU_BETA_SHARED,20260925,0.11975597590208054,0.8802440762519836,2
s34_1_retained_1_t093,34,1,retained_labeled_MI,1,s34.mat,8fd506677c43ffdbe7f3cbbb5ed22b9426ab3eb1275595202d88c508df6e240a,330751,Cho2017,Q15-E006,MU_BETA_SHARED,20260925,1.0,1.3404998201350266e-20,1
s34_1_retained_1_t094,34,1,retained_labeled_MI,1,s34.mat,8fd506677c43ffdbe7f3cbbb5ed22b9426ab3eb1275595202d88c508df6e240a,334335,Cho2017,Q15-E006,MU_BETA_SHARED,20260925,0.05942901223897934,0.9405709505081177,2
s34_1_retained_1_t095,34,1,retained_labeled_MI,1,s34.mat,8fd506677c43ffdbe7f3cbbb5ed22b9426ab3eb1275595202d88c508df6e240a,337919,Cho2017,Q15-E006,MU_BETA_SHARED,20260925,0.9999569654464722,4.299231295590289e-05,1
s34_1_retained_1_t096,34,1,retained_labeled_MI,1,s34.mat,8fd506677c43ffdbe7f3cbbb5ed22b9426ab3eb1275595202d88c508df6e240a,341503,Cho2017,Q15-E006,MU_BETA_SHARED,20260925,4.267216354575387e-12,1.0,2
s34_1_retained_1_t097,34,1,retained_labeled_MI,1,s34.mat,8fd506677c43ffdbe7f3cbbb5ed22b9426ab3eb1275595202d88c508df6e240a,345087,Cho2017,Q15-E006,MU_BETA_SHARED,20260925,1.0,1.4010188321893164e-16,1
s34_1_retained_1_t098,34,1,retained_labeled_MI,1,s34.mat,8fd506677c43ffdbe7f3cbbb5ed22b9426ab3eb1275595202d88c508df6e240a,348671,Cho2017,Q15-E006,MU_BETA_SHARED,20260925,4.6079062787640623e-10,1.0,2
s34_1_retained_1_t099,34,1,retained_labeled_MI,1,s34.mat,8fd506677c43ffdbe7f3cbbb5ed22b9426ab3eb1275595202d88c508df6e240a,352255,Cho2017,Q15-E006,MU_BETA_SHARED,20260925,1.0,1.7298583897783215e-13,1
s34_1_retained_1_t100,34,1,retained_labeled_MI,1,s34.mat,8fd506677c43ffdbe7f3cbbb5ed22b9426ab3eb1275595202d88c508df6e240a,355839,Cho2017,Q15-E006,MU_BETA_SHARED,20260925,0.20828309655189514,0.7917169332504272,2
s34_1_retained_2_t001,34,1,retained_labeled_MI,2,s34.mat,8fd506677c43ffdbe7f3cbbb5ed22b9426ab3eb1275595202d88c508df6e240a,1023,Cho2017,Q15-E006,MU_BETA_SHARED,20260925,1.0,1.429000651143042e-08,1
s34_1_retained_2_t002,34,1,retained_labeled_MI,2,s34.mat,8fd506677c43ffdbe7f3cbbb5ed22b9426ab3eb1275595202d88c508df6e240a,4607,Cho2017,Q15-E006,MU_BETA_SHARED,20260925,2.6843338316040466e-11,1.0,2
s34_1_retained_2_t003,34,1,retained_labeled_MI,2,s34.mat,8fd506677c43ffdbe7f3cbbb5ed22b9426ab3eb1275595202d88c508df6e240a,8191,Cho2017,Q15-E006,MU_BETA_SHARED,20260925,0.9999871253967285,1.2871220860688481e-05,1
s34_1_retained_2_t004,34,1,retained_labeled_MI,2,s34.mat,8fd506677c43ffdbe7f3cbbb5ed22b9426ab3eb1275595202d88c508df6e240a,11775,Cho2017,Q15-E006,MU_BETA_SHARED,20260925,0.41591891646385193,0.5840811133384705,2
s34_1_retained_2_t005,34,1,retained_labeled_MI,2,s34.mat,8fd506677c43ffdbe7f3cbbb5ed22b9426ab3eb1275595202d88c508df6e240a,15359,Cho2017,Q15-E006,MU_BETA_SHARED,20260925,1.0,5.450994766675876e-09,1
s34_1_retained_2_t006,34,1,retained_labeled_MI,2,s34.mat,8fd506677c43ffdbe7f3cbbb5ed22b9426ab3eb1275595202d88c508df6e240a,18943,Cho2017,Q15-E006,MU_BETA_SHARED,20260925,5.26205665954578e-16,1.0,2
s34_1_retained_2_t007,34,1,retained_labeled_MI,2,s34.mat,8fd506677c43ffdbe7f3cbbb5ed22b9426ab3eb1275595202d88c508df6e240a,22527,Cho2017,Q15-E006,MU_BETA_SHARED,20260925,0.999984860420227,1.5141459698497783e-05,1
s34_1_retained_2_t008,34,1,retained_labeled_MI,2,s34.mat,8fd506677c43ffdbe7f3cbbb5ed22b9426ab3eb1275595202d88c508df6e240a,26111,Cho2017,Q15-E006,MU_BETA_SHARED,20260925,3.0193834987812807e-08,1.0,2
s34_1_retained_2_t009,34,1,retained_labeled_MI,2,s34.mat,8fd506677c43ffdbe7f3cbbb5ed22b9426ab3eb1275595202d88c508df6e240a,29695,Cho2017,Q15-E006,MU_BETA_SHARED,20260925,1.0779961456819365e-07,0.9999998807907104,2
s34_1_retained_2_t010,34,1,retained_labeled_MI,2,s34.mat,8fd506677c43ffdbe7f3cbbb5ed22b9426ab3eb1275595202d88c508df6e240a,33279,Cho2017,Q15-E006,MU_BETA_SHARED,20260925,1.77247881154781e-17,1.0,2
s34_1_retained_2_t011,34,1,retained_labeled_MI,2,s34.mat,8fd506677c43ffdbe7f3cbbb5ed22b9426ab3eb1275595202d88c508df6e240a,36863,Cho2017,Q15-E006,MU_BETA_SHARED,20260925,1.0,3.2419678053230427e-10,1
s34_1_retained_2_t012,34,1,retained_labeled_MI,2,s34.mat,8fd506677c43ffdbe7f3cbbb5ed22b9426ab3eb1275595202d88c508df6e240a,40447,Cho2017,Q15-E006,MU_BETA_SHARED,20260925,4.8809192776388954e-06,0.9999951124191284,2
s34_1_retained_2_t013,34,1,retained_labeled_MI,2,s34.mat,8fd506677c43ffdbe7f3cbbb5ed22b9426ab3eb1275595202d88c508df6e240a,44031,Cho2017,Q15-E006,MU_BETA_SHARED,20260925,1.0,1.4734487935319507e-11,1
s34_1_retained_2_t014,34,1,retained_labeled_MI,2,s34.mat,8fd506677c43ffdbe7f3cbbb5ed22b9426ab3eb1275595202d88c508df6e240a,47615,Cho2017,Q15-E006,MU_BETA_SHARED,20260925,1.600229822783239e-13,1.0,2
s34_1_retained_2_t015,34,1,retained_labeled_MI,2,s34.mat,8fd506677c43ffdbe7f3cbbb5ed22b9426ab3eb1275595202d88c508df6e240a,51199,Cho2017,Q15-E006,MU_BETA_SHARED,20260925,1.0,1.1542378211798054e-15,1
s34_1_retained_2_t016,34,1,retained_labeled_MI,2,s34.mat,8fd506677c43ffdbe7f3cbbb5ed22b9426ab3eb1275595202d88c508df6e240a,54783,Cho2017,Q15-E006,MU_BETA_SHARED,20260925,1.0,4.9626375767873795e-28,1
s34_1_retained_2_t017,34,1,retained_labeled_MI,2,s34.mat,8fd506677c43ffdbe7f3cbbb5ed22b9426ab3eb1275595202d88c508df6e240a,58367,Cho2017,Q15-E006,MU_BETA_SHARED,20260925,2.6785892615066587e-08,1.0,2
s34_1_retained_2_t018,34,1,retained_labeled_MI,2,s34.mat,8fd506677c43ffdbe7f3cbbb5ed22b9426ab3eb1275595202d88c508df6e240a,61951,Cho2017,Q15-E006,MU_BETA_SHARED,20260925,1.0,9.999560242954807e-20,1
s34_1_retained_2_t019,34,1,retained_labeled_MI,2,s34.mat,8fd506677c43ffdbe7f3cbbb5ed22b9426ab3eb1275595202d88c508df6e240a,65535,Cho2017,Q15-E006,MU_BETA_SHARED,20260925,0.9999847412109375,1.528300708741881e-05,1
s34_1_retained_2_t020,34,1,retained_labeled_MI,2,s34.mat,8fd506677c43ffdbe7f3cbbb5ed22b9426ab3eb1275595202d88c508df6e240a,69119,Cho2017,Q15-E006,MU_BETA_SHARED,20260925,1.0,5.660266329807814e-15,1
s34_1_retained_2_t021,34,1,retained_labeled_MI,2,s34.mat,8fd506677c43ffdbe7f3cbbb5ed22b9426ab3eb1275595202d88c508df6e240a,72703,Cho2017,Q15-E006,MU_BETA_SHARED,20260925,0.00021543401817325503,0.999784529209137,2
s34_1_retained_2_t022,34,1,retained_labeled_MI,2,s34.mat,8fd506677c43ffdbe7f3cbbb5ed22b9426ab3eb1275595202d88c508df6e240a,76287,Cho2017,Q15-E006,MU_BETA_SHARED,20260925,8.065188922046218e-06,0.9999918937683105,2
s34_1_retained_2_t023,34,1,retained_labeled_MI,2,s34.mat,8fd506677c43ffdbe7f3cbbb5ed22b9426ab3eb1275595202d88c508df6e240a,79871,Cho2017,Q15-E006,MU_BETA_SHARED,20260925,0.9494685530662537,0.05053139477968216,1
s34_1_retained_2_t024,34,1,retained_labeled_MI,2,s34.mat,8fd506677c43ffdbe7f3cbbb5ed22b9426ab3eb1275595202d88c508df6e240a,83455,Cho2017,Q15-E006,MU_BETA_SHARED,20260925,0.00011061159602832049,0.9998893737792969,2
s34_1_retained_2_t025,34,1,retained_labeled_MI,2,s34.mat,8fd506677c43ffdbe7f3cbbb5ed22b9426ab3eb1275595202d88c508df6e240a,87039,Cho2017,Q15-E006,MU_BETA_SHARED,20260925,0.21908989548683167,0.780910074710846,2
s34_1_retained_2_t026,34,1,retained_labeled_MI,2,s34.mat,8fd506677c43ffdbe7f3cbbb5ed22b9426ab3eb1275595202d88c508df6e240a,90623,Cho2017,Q15-E006,MU_BETA_SHARED,20260925,1.0,4.689242397160065e-11,1
s34_1_retained_2_t027,34,1,retained_labeled_MI,2,s34.mat,8fd506677c43ffdbe7f3cbbb5ed22b9426ab3eb1275595202d88c508df6e240a,94207,Cho2017,Q15-E006,MU_BETA_SHARED,20260925,1.0,7.607355203921158e-19,1
s34_1_retained_2_t028,34,1,retained_labeled_MI,2,s34.mat,8fd506677c43ffdbe7f3cbbb5ed22b9426ab3eb1275595202d88c508df6e240a,97791,Cho2017,Q15-E006,MU_BETA_SHARED,20260925,0.00010190175089519471,0.9998980760574341,2
s34_1_retained_2_t029,34,1,retained_labeled_MI,2,s34.mat,8fd506677c43ffdbe7f3cbbb5ed22b9426ab3eb1275595202d88c508df6e240a,101375,Cho2017,Q15-E006,MU_BETA_SHARED,20260925,0.30213505029678345,0.6978649497032166,2
s34_1_retained_2_t030,34,1,retained_labeled_MI,2,s34.mat,8fd506677c43ffdbe7f3cbbb5ed22b9426ab3eb1275595202d88c508df6e240a,104959,Cho2017,Q15-E006,MU_BETA_SHARED,20260925,0.9999984502792358,1.6031535778893158e-06,1
s34_1_retained_2_t031,34,1,retained_labeled_MI,2,s34.mat,8fd506677c43ffdbe7f3cbbb5ed22b9426ab3eb1275595202d88c508df6e240a,108543,Cho2017,Q15-E006,MU_BETA_SHARED,20260925,0.009616888128221035,0.9903830885887146,2
s34_1_retained_2_t032,34,1,retained_labeled_MI,2,s34.mat,8fd506677c43ffdbe7f3cbbb5ed22b9426ab3eb1275595202d88c508df6e240a,112127,Cho2017,Q15-E006,MU_BETA_SHARED,20260925,0.03657639026641846,0.9634235501289368,2
s34_1_retained_2_t033,34,1,retained_labeled_MI,2,s34.mat,8fd506677c43ffdbe7f3cbbb5ed22b9426ab3eb1275595202d88c508df6e240a,115711,Cho2017,Q15-E006,MU_BETA_SHARED,20260925,0.9999806880950928,1.9281553250038996e-05,1
s34_1_retained_2_t034,34,1,retained_labeled_MI,2,s34.mat,8fd506677c43ffdbe7f3cbbb5ed22b9426ab3eb1275595202d88c508df6e240a,119295,Cho2017,Q15-E006,MU_BETA_SHARED,20260925,0.9999707937240601,2.9203672966104932e-05,1
s34_1_retained_2_t035,34,1,retained_labeled_MI,2,s34.mat,8fd506677c43ffdbe7f3cbbb5ed22b9426ab3eb1275595202d88c508df6e240a,122879,Cho2017,Q15-E006,MU_BETA_SHARED,20260925,0.9999926090240479,7.38436483516125e-06,1
s34_1_retained_2_t036,34,1,retained_labeled_MI,2,s34.mat,8fd506677c43ffdbe7f3cbbb5ed22b9426ab3eb1275595202d88c508df6e240a,126463,Cho2017,Q15-E006,MU_BETA_SHARED,20260925,0.9584155678749084,0.041584428399801254,1
s34_1_retained_2_t037,34,1,retained_labeled_MI,2,s34.mat,8fd506677c43ffdbe7f3cbbb5ed22b9426ab3eb1275595202d88c508df6e240a,130047,Cho2017,Q15-E006,MU_BETA_SHARED,20260925,5.317138396243593e-10,1.0,2
s34_1_retained_2_t038,34,1,retained_labeled_MI,2,s34.mat,8fd506677c43ffdbe7f3cbbb5ed22b9426ab3eb1275595202d88c508df6e240a,133631,Cho2017,Q15-E006,MU_BETA_SHARED,20260925,0.9999983310699463,1.725574406918895e-06,1
s34_1_retained_2_t039,34,1,retained_labeled_MI,2,s34.mat,8fd506677c43ffdbe7f3cbbb5ed22b9426ab3eb1275595202d88c508df6e240a,137215,Cho2017,Q15-E006,MU_BETA_SHARED,20260925,1.3872627005473426e-13,1.0,2
s34_1_retained_2_t040,34,1,retained_labeled_MI,2,s34.mat,8fd506677c43ffdbe7f3cbbb5ed22b9426ab3eb1275595202d88c508df6e240a,140799,Cho2017,Q15-E006,MU_BETA_SHARED,20260925,1.0,2.779079223691472e-11,1
s34_1_retained_2_t041,34,1,retained_labeled_MI,2,s34.mat,8fd506677c43ffdbe7f3cbbb5ed22b9426ab3eb1275595202d88c508df6e240a,144383,Cho2017,Q15-E006,MU_BETA_SHARED,20260925,8.98915963887248e-09,1.0,2
s34_1_retained_2_t042,34,1,retained_labeled_MI,2,s34.mat,8fd506677c43ffdbe7f3cbbb5ed22b9426ab3eb1275595202d88c508df6e240a,147967,Cho2017,Q15-E006,MU_BETA_SHARED,20260925,0.999935507774353,6.446446059271693e-05,1
s34_1_retained_2_t043,34,1,retained_labeled_MI,2,s34.mat,8fd506677c43ffdbe7f3cbbb5ed22b9426ab3eb1275595202d88c508df6e240a,151551,Cho2017,Q15-E006,MU_BETA_SHARED,20260925,7.930061838123947e-05,0.9999207258224487,2
s34_1_retained_2_t044,34,1,retained_labeled_MI,2,s34.mat,8fd506677c43ffdbe7f3cbbb5ed22b9426ab3eb1275595202d88c508df6e240a,155135,Cho2017,Q15-E006,MU_BETA_SHARED,20260925,0.9999998807907104,1.0078817069825163e-07,1
s34_1_retained_2_t045,34,1,retained_labeled_MI,2,s34.mat,8fd506677c43ffdbe7f3cbbb5ed22b9426ab3eb1275595202d88c508df6e240a,158719,Cho2017,Q15-E006,MU_BETA_SHARED,20260925,1.0,4.056450054329419e-12,1
s34_1_retained_2_t046,34,1,retained_labeled_MI,2,s34.mat,8fd506677c43ffdbe7f3cbbb5ed22b9426ab3eb1275595202d88c508df6e240a,162303,Cho2017,Q15-E006,MU_BETA_SHARED,20260925,1.0,5.271904787718107e-11,1
s34_1_retained_2_t047,34,1,retained_labeled_MI,2,s34.mat,8fd506677c43ffdbe7f3cbbb5ed22b9426ab3eb1275595202d88c508df6e240a,165887,Cho2017,Q15-E006,MU_BETA_SHARED,20260925,0.9468140006065369,0.053186021745204926,1
s34_1_retained_2_t048,34,1,retained_labeled_MI,2,s34.mat,8fd506677c43ffdbe7f3cbbb5ed22b9426ab3eb1275595202d88c508df6e240a,169471,Cho2017,Q15-E006,MU_BETA_SHARED,20260925,0.0004850474069826305,0.9995149374008179,2
s34_1_retained_2_t049,34,1,retained_labeled_MI,2,s34.mat,8fd506677c43ffdbe7f3cbbb5ed22b9426ab3eb1275595202d88c508df6e240a,173055,Cho2017,Q15-E006,MU_BETA_SHARED,20260925,1.0,7.787435628598825e-18,1
s34_1_retained_2_t050,34,1,retained_labeled_MI,2,s34.mat,8fd506677c43ffdbe7f3cbbb5ed22b9426ab3eb1275595202d88c508df6e240a,176639,Cho2017,Q15-E006,MU_BETA_SHARED,20260925,9.047454341271077e-07,0.9999990463256836,2
s34_1_retained_2_t051,34,1,retained_labeled_MI,2,s34.mat,8fd506677c43ffdbe7f3cbbb5ed22b9426ab3eb1275595202d88c508df6e240a,180223,Cho2017,Q15-E006,MU_BETA_SHARED,20260925,0.00015440637071151286,0.9998456239700317,2
s34_1_retained_2_t052,34,1,retained_labeled_MI,2,s34.mat,8fd506677c43ffdbe7f3cbbb5ed22b9426ab3eb1275595202d88c508df6e240a,183807,Cho2017,Q15-E006,MU_BETA_SHARED,20260925,8.329997528724674e-27,1.0,2
s34_1_retained_2_t053,34,1,retained_labeled_MI,2,s34.mat,8fd506677c43ffdbe7f3cbbb5ed22b9426ab3eb1275595202d88c508df6e240a,187391,Cho2017,Q15-E006,MU_BETA_SHARED,20260925,1.0,8.501485747302696e-20,1
s34_1_retained_2_t054,34,1,retained_labeled_MI,2,s34.mat,8fd506677c43ffdbe7f3cbbb5ed22b9426ab3eb1275595202d88c508df6e240a,190975,Cho2017,Q15-E006,MU_BETA_SHARED,20260925,0.8821675777435303,0.11783242225646973,1
s34_1_retained_2_t055,34,1,retained_labeled_MI,2,s34.mat,8fd506677c43ffdbe7f3cbbb5ed22b9426ab3eb1275595202d88c508df6e240a,194559,Cho2017,Q15-E006,MU_BETA_SHARED,20260925,3.6614620124864737e-31,1.0,2
s34_1_retained_2_t056,34,1,retained_labeled_MI,2,s34.mat,8fd506677c43ffdbe7f3cbbb5ed22b9426ab3eb1275595202d88c508df6e240a,198143,Cho2017,Q15-E006,MU_BETA_SHARED,20260925,1.0,3.1195799277128344e-09,1
s34_1_retained_2_t057,34,1,retained_labeled_MI,2,s34.mat,8fd506677c43ffdbe7f3cbbb5ed22b9426ab3eb1275595202d88c508df6e240a,201727,Cho2017,Q15-E006,MU_BETA_SHARED,20260925,1.0598539457188836e-17,1.0,2
s34_1_retained_2_t058,34,1,retained_labeled_MI,2,s34.mat,8fd506677c43ffdbe7f3cbbb5ed22b9426ab3eb1275595202d88c508df6e240a,205311,Cho2017,Q15-E006,MU_BETA_SHARED,20260925,0.9988247752189636,0.0011751999845728278,1
s34_1_retained_2_t059,34,1,retained_labeled_MI,2,s34.mat,8fd506677c43ffdbe7f3cbbb5ed22b9426ab3eb1275595202d88c508df6e240a,208895,Cho2017,Q15-E006,MU_BETA_SHARED,20260925,1.0,1.1753507758258864e-17,1
s34_1_retained_2_t060,34,1,retained_labeled_MI,2,s34.mat,8fd506677c43ffdbe7f3cbbb5ed22b9426ab3eb1275595202d88c508df6e240a,212479,Cho2017,Q15-E006,MU_BETA_SHARED,20260925,1.0,3.4123995296120313e-10,1
s34_1_retained_2_t061,34,1,retained_labeled_MI,2,s34.mat,8fd506677c43ffdbe7f3cbbb5ed22b9426ab3eb1275595202d88c508df6e240a,216063,Cho2017,Q15-E006,MU_BETA_SHARED,20260925,0.0007893874426372349,0.9992105960845947,2
s34_1_retained_2_t062,34,1,retained_labeled_MI,2,s34.mat,8fd506677c43ffdbe7f3cbbb5ed22b9426ab3eb1275595202d88c508df6e240a,219647,Cho2017,Q15-E006,MU_BETA_SHARED,20260925,1.0,2.6601637361216667e-19,1
s34_1_retained_2_t063,34,1,retained_labeled_MI,2,s34.mat,8fd506677c43ffdbe7f3cbbb5ed22b9426ab3eb1275595202d88c508df6e240a,223231,Cho2017,Q15-E006,MU_BETA_SHARED,20260925,1.1074647773057222e-05,0.9999889135360718,2
s34_1_retained_2_t064,34,1,retained_labeled_MI,2,s34.mat,8fd506677c43ffdbe7f3cbbb5ed22b9426ab3eb1275595202d88c508df6e240a,226815,Cho2017,Q15-E006,MU_BETA_SHARED,20260925,2.7519650757312775e-05,0.9999724626541138,2
s34_1_retained_2_t065,34,1,retained_labeled_MI,2,s34.mat,8fd506677c43ffdbe7f3cbbb5ed22b9426ab3eb1275595202d88c508df6e240a,230399,Cho2017,Q15-E006,MU_BETA_SHARED,20260925,6.581473280675709e-05,0.999934196472168,2
s34_1_retained_2_t066,34,1,retained_labeled_MI,2,s34.mat,8fd506677c43ffdbe7f3cbbb5ed22b9426ab3eb1275595202d88c508df6e240a,233983,Cho2017,Q15-E006,MU_BETA_SHARED,20260925,1.0,1.3368902797978263e-26,1
s34_1_retained_2_t067,34,1,retained_labeled_MI,2,s34.mat,8fd506677c43ffdbe7f3cbbb5ed22b9426ab3eb1275595202d88c508df6e240a,237567,Cho2017,Q15-E006,MU_BETA_SHARED,20260925,0.0017356532625854015,0.9982643723487854,2
s34_1_retained_2_t068,34,1,retained_labeled_MI,2,s34.mat,8fd506677c43ffdbe7f3cbbb5ed22b9426ab3eb1275595202d88c508df6e240a,241151,Cho2017,Q15-E006,MU_BETA_SHARED,20260925,0.9805793166160583,0.019420627504587173,1
s34_1_retained_2_t069,34,1,retained_labeled_MI,2,s34.mat,8fd506677c43ffdbe7f3cbbb5ed22b9426ab3eb1275595202d88c508df6e240a,244735,Cho2017,Q15-E006,MU_BETA_SHARED,20260925,0.10808644443750381,0.8919135332107544,2
s34_1_retained_2_t070,34,1,retained_labeled_MI,2,s34.mat,8fd506677c43ffdbe7f3cbbb5ed22b9426ab3eb1275595202d88c508df6e240a,248319,Cho2017,Q15-E006,MU_BETA_SHARED,20260925,0.9998395442962646,0.00016041452181525528,1
s34_1_retained_2_t071,34,1,retained_labeled_MI,2,s34.mat,8fd506677c43ffdbe7f3cbbb5ed22b9426ab3eb1275595202d88c508df6e240a,251903,Cho2017,Q15-E006,MU_BETA_SHARED,20260925,6.839426802685011e-09,1.0,2
s34_1_retained_2_t072,34,1,retained_labeled_MI,2,s34.mat,8fd506677c43ffdbe7f3cbbb5ed22b9426ab3eb1275595202d88c508df6e240a,255487,Cho2017,Q15-E006,MU_BETA_SHARED,20260925,1.0,3.742555421126781e-08,1
s34_1_retained_2_t073,34,1,retained_labeled_MI,2,s34.mat,8fd506677c43ffdbe7f3cbbb5ed22b9426ab3eb1275595202d88c508df6e240a,259071,Cho2017,Q15-E006,MU_BETA_SHARED,20260925,0.0012429463677108288,0.998757004737854,2
s34_1_retained_2_t074,34,1,retained_labeled_MI,2,s34.mat,8fd506677c43ffdbe7f3cbbb5ed22b9426ab3eb1275595202d88c508df6e240a,262655,Cho2017,Q15-E006,MU_BETA_SHARED,20260925,0.22193275392055511,0.7780672311782837,2
s34_1_retained_2_t075,34,1,retained_labeled_MI,2,s34.mat,8fd506677c43ffdbe7f3cbbb5ed22b9426ab3eb1275595202d88c508df6e240a,266239,Cho2017,Q15-E006,MU_BETA_SHARED,20260925,1.164926732855065e-08,1.0,2
s34_1_retained_2_t076,34,1,retained_labeled_MI,2,s34.mat,8fd506677c43ffdbe7f3cbbb5ed22b9426ab3eb1275595202d88c508df6e240a,269823,Cho2017,Q15-E006,MU_BETA_SHARED,20260925,0.0012527890503406525,0.9987472295761108,2
s34_1_retained_2_t077,34,1,retained_labeled_MI,2,s34.mat,8fd506677c43ffdbe7f3cbbb5ed22b9426ab3eb1275595202d88c508df6e240a,273407,Cho2017,Q15-E006,MU_BETA_SHARED,20260925,1.080700862132744e-08,1.0,2
s34_1_retained_2_t078,34,1,retained_labeled_MI,2,s34.mat,8fd506677c43ffdbe7f3cbbb5ed22b9426ab3eb1275595202d88c508df6e240a,276991,Cho2017,Q15-E006,MU_BETA_SHARED,20260925,0.07950065284967422,0.920499324798584,2
s34_1_retained_2_t079,34,1,retained_labeled_MI,2,s34.mat,8fd506677c43ffdbe7f3cbbb5ed22b9426ab3eb1275595202d88c508df6e240a,280575,Cho2017,Q15-E006,MU_BETA_SHARED,20260925,0.2287590652704239,0.7712409496307373,2
s34_1_retained_2_t080,34,1,retained_labeled_MI,2,s34.mat,8fd506677c43ffdbe7f3cbbb5ed22b9426ab3eb1275595202d88c508df6e240a,284159,Cho2017,Q15-E006,MU_BETA_SHARED,20260925,0.0004638732934836298,0.9995361566543579,2
s34_1_retained_2_t081,34,1,retained_labeled_MI,2,s34.mat,8fd506677c43ffdbe7f3cbbb5ed22b9426ab3eb1275595202d88c508df6e240a,287743,Cho2017,Q15-E006,MU_BETA_SHARED,20260925,1.0,1.393385741845575e-17,1
s34_1_retained_2_t082,34,1,retained_labeled_MI,2,s34.mat,8fd506677c43ffdbe7f3cbbb5ed22b9426ab3eb1275595202d88c508df6e240a,291327,Cho2017,Q15-E006,MU_BETA_SHARED,20260925,0.001556013012304902,0.9984440207481384,2
s34_1_retained_2_t083,34,1,retained_labeled_MI,2,s34.mat,8fd506677c43ffdbe7f3cbbb5ed22b9426ab3eb1275595202d88c508df6e240a,294911,Cho2017,Q15-E006,MU_BETA_SHARED,20260925,7.545497004990409e-10,1.0,2
s34_1_retained_2_t084,34,1,retained_labeled_MI,2,s34.mat,8fd506677c43ffdbe7f3cbbb5ed22b9426ab3eb1275595202d88c508df6e240a,298495,Cho2017,Q15-E006,MU_BETA_SHARED,20260925,2.3791710238407044e-16,1.0,2
s34_1_retained_2_t085,34,1,retained_labeled_MI,2,s34.mat,8fd506677c43ffdbe7f3cbbb5ed22b9426ab3eb1275595202d88c508df6e240a,302079,Cho2017,Q15-E006,MU_BETA_SHARED,20260925,5.303807641434884e-18,1.0,2
s34_1_retained_2_t086,34,1,retained_labeled_MI,2,s34.mat,8fd506677c43ffdbe7f3cbbb5ed22b9426ab3eb1275595202d88c508df6e240a,305663,Cho2017,Q15-E006,MU_BETA_SHARED,20260925,4.56280872640491e-07,0.9999995231628418,2
s34_1_retained_2_t087,34,1,retained_labeled_MI,2,s34.mat,8fd506677c43ffdbe7f3cbbb5ed22b9426ab3eb1275595202d88c508df6e240a,309247,Cho2017,Q15-E006,MU_BETA_SHARED,20260925,0.9999836683273315,1.6303994925692677e-05,1
s34_1_retained_2_t088,34,1,retained_labeled_MI,2,s34.mat,8fd506677c43ffdbe7f3cbbb5ed22b9426ab3eb1275595202d88c508df6e240a,312831,Cho2017,Q15-E006,MU_BETA_SHARED,20260925,7.746911619144203e-12,1.0,2
s34_1_retained_2_t089,34,1,retained_labeled_MI,2,s34.mat,8fd506677c43ffdbe7f3cbbb5ed22b9426ab3eb1275595202d88c508df6e240a,316415,Cho2017,Q15-E006,MU_BETA_SHARED,20260925,6.935146666364744e-05,0.9999306201934814,2
s34_1_retained_2_t090,34,1,retained_labeled_MI,2,s34.mat,8fd506677c43ffdbe7f3cbbb5ed22b9426ab3eb1275595202d88c508df6e240a,319999,Cho2017,Q15-E006,MU_BETA_SHARED,20260925,0.9928600192070007,0.007139918394386768,1
s34_1_retained_2_t091,34,1,retained_labeled_MI,2,s34.mat,8fd506677c43ffdbe7f3cbbb5ed22b9426ab3eb1275595202d88c508df6e240a,323583,Cho2017,Q15-E006,MU_BETA_SHARED,20260925,0.9909210205078125,0.0090790381655097,1
s34_1_retained_2_t092,34,1,retained_labeled_MI,2,s34.mat,8fd506677c43ffdbe7f3cbbb5ed22b9426ab3eb1275595202d88c508df6e240a,327167,Cho2017,Q15-E006,MU_BETA_SHARED,20260925,6.54383924825197e-09,1.0,2
s34_1_retained_2_t093,34,1,retained_labeled_MI,2,s34.mat,8fd506677c43ffdbe7f3cbbb5ed22b9426ab3eb1275595202d88c508df6e240a,330751,Cho2017,Q15-E006,MU_BETA_SHARED,20260925,2.507991848688107e-05,0.9999749660491943,2
s34_1_retained_2_t094,34,1,retained_labeled_MI,2,s34.mat,8fd506677c43ffdbe7f3cbbb5ed22b9426ab3eb1275595202d88c508df6e240a,334335,Cho2017,Q15-E006,MU_BETA_SHARED,20260925,0.7545927166938782,0.2454073280096054,1
s34_1_retained_2_t095,34,1,retained_labeled_MI,2,s34.mat,8fd506677c43ffdbe7f3cbbb5ed22b9426ab3eb1275595202d88c508df6e240a,337919,Cho2017,Q15-E006,MU_BETA_SHARED,20260925,1.8993501505592412e-19,1.0,2
s34_1_retained_2_t096,34,1,retained_labeled_MI,2,s34.mat,8fd506677c43ffdbe7f3cbbb5ed22b9426ab3eb1275595202d88c508df6e240a,341503,Cho2017,Q15-E006,MU_BETA_SHARED,20260925,0.9374660849571228,0.0625339224934578,1
s34_1_retained_2_t097,34,1,retained_labeled_MI,2,s34.mat,8fd506677c43ffdbe7f3cbbb5ed22b9426ab3eb1275595202d88c508df6e240a,345087,Cho2017,Q15-E006,MU_BETA_SHARED,20260925,0.9995899796485901,0.0004099969519302249,1
s34_1_retained_2_t098,34,1,retained_labeled_MI,2,s34.mat,8fd506677c43ffdbe7f3cbbb5ed22b9426ab3eb1275595202d88c508df6e240a,348671,Cho2017,Q15-E006,MU_BETA_SHARED,20260925,0.9999949932098389,5.034371952206129e-06,1
s34_1_retained_2_t099,34,1,retained_labeled_MI,2,s34.mat,8fd506677c43ffdbe7f3cbbb5ed22b9426ab3eb1275595202d88c508df6e240a,352255,Cho2017,Q15-E006,MU_BETA_SHARED,20260925,0.9999057054519653,9.427130135009065e-05,1
s34_1_retained_2_t100,34,1,retained_labeled_MI,2,s34.mat,8fd506677c43ffdbe7f3cbbb5ed22b9426ab3eb1275595202d88c508df6e240a,355839,Cho2017,Q15-E006,MU_BETA_SHARED,20260925,0.9999953508377075,4.6351365199370775e-06,1
s34_1_retained_1_t001,34,1,retained_labeled_MI,1,s34.mat,8fd506677c43ffdbe7f3cbbb5ed22b9426ab3eb1275595202d88c508df6e240a,1023,Cho2017,Q15-E006,MU_BETA_SHARED,20260926,1.0,1.5589921575909216e-09,1
s34_1_retained_1_t002,34,1,retained_labeled_MI,1,s34.mat,8fd506677c43ffdbe7f3cbbb5ed22b9426ab3eb1275595202d88c508df6e240a,4607,Cho2017,Q15-E006,MU_BETA_SHARED,20260926,1.0,2.2788303362386575e-14,1
s34_1_retained_1_t003,34,1,retained_labeled_MI,1,s34.mat,8fd506677c43ffdbe7f3cbbb5ed22b9426ab3eb1275595202d88c508df6e240a,8191,Cho2017,Q15-E006,MU_BETA_SHARED,20260926,1.0,1.202615784734462e-09,1
s34_1_retained_1_t004,34,1,retained_labeled_MI,1,s34.mat,8fd506677c43ffdbe7f3cbbb5ed22b9426ab3eb1275595202d88c508df6e240a,11775,Cho2017,Q15-E006,MU_BETA_SHARED,20260926,0.9687512516975403,0.03124876879155636,1
s34_1_retained_1_t005,34,1,retained_labeled_MI,1,s34.mat,8fd506677c43ffdbe7f3cbbb5ed22b9426ab3eb1275595202d88c508df6e240a,15359,Cho2017,Q15-E006,MU_BETA_SHARED,20260926,1.0,9.868477157465727e-21,1
s34_1_retained_1_t006,34,1,retained_labeled_MI,1,s34.mat,8fd506677c43ffdbe7f3cbbb5ed22b9426ab3eb1275595202d88c508df6e240a,18943,Cho2017,Q15-E006,MU_BETA_SHARED,20260926,0.8391067981719971,0.16089312732219696,1
s34_1_retained_1_t007,34,1,retained_labeled_MI,1,s34.mat,8fd506677c43ffdbe7f3cbbb5ed22b9426ab3eb1275595202d88c508df6e240a,22527,Cho2017,Q15-E006,MU_BETA_SHARED,20260926,1.0,2.550575419271728e-12,1
s34_1_retained_1_t008,34,1,retained_labeled_MI,1,s34.mat,8fd506677c43ffdbe7f3cbbb5ed22b9426ab3eb1275595202d88c508df6e240a,26111,Cho2017,Q15-E006,MU_BETA_SHARED,20260926,1.4385716408591418e-16,1.0,2
s34_1_retained_1_t009,34,1,retained_labeled_MI,1,s34.mat,8fd506677c43ffdbe7f3cbbb5ed22b9426ab3eb1275595202d88c508df6e240a,29695,Cho2017,Q15-E006,MU_BETA_SHARED,20260926,6.990919132476847e-07,0.9999992847442627,2
s34_1_retained_1_t010,34,1,retained_labeled_MI,1,s34.mat,8fd506677c43ffdbe7f3cbbb5ed22b9426ab3eb1275595202d88c508df6e240a,33279,Cho2017,Q15-E006,MU_BETA_SHARED,20260926,9.280573976866435e-06,0.999990701675415,2
s34_1_retained_1_t011,34,1,retained_labeled_MI,1,s34.mat,8fd506677c43ffdbe7f3cbbb5ed22b9426ab3eb1275595202d88c508df6e240a,36863,Cho2017,Q15-E006,MU_BETA_SHARED,20260926,1.0,2.5383974922021935e-09,1
s34_1_retained_1_t012,34,1,retained_labeled_MI,1,s34.mat,8fd506677c43ffdbe7f3cbbb5ed22b9426ab3eb1275595202d88c508df6e240a,40447,Cho2017,Q15-E006,MU_BETA_SHARED,20260926,0.9998297691345215,0.00017016661877278239,1
s34_1_retained_1_t013,34,1,retained_labeled_MI,1,s34.mat,8fd506677c43ffdbe7f3cbbb5ed22b9426ab3eb1275595202d88c508df6e240a,44031,Cho2017,Q15-E006,MU_BETA_SHARED,20260926,1.0,1.2636136581534174e-09,1
s34_1_retained_1_t014,34,1,retained_labeled_MI,1,s34.mat,8fd506677c43ffdbe7f3cbbb5ed22b9426ab3eb1275595202d88c508df6e240a,47615,Cho2017,Q15-E006,MU_BETA_SHARED,20260926,1.0,5.844748574013181e-10,1
s34_1_retained_1_t015,34,1,retained_labeled_MI,1,s34.mat,8fd506677c43ffdbe7f3cbbb5ed22b9426ab3eb1275595202d88c508df6e240a,51199,Cho2017,Q15-E006,MU_BETA_SHARED,20260926,0.9998459815979004,0.0001539710210636258,1
s34_1_retained_1_t016,34,1,retained_labeled_MI,1,s34.mat,8fd506677c43ffdbe7f3cbbb5ed22b9426ab3eb1275595202d88c508df6e240a,54783,Cho2017,Q15-E006,MU_BETA_SHARED,20260926,1.0,4.4130910731299267e-11,1
s34_1_retained_1_t017,34,1,retained_labeled_MI,1,s34.mat,8fd506677c43ffdbe7f3cbbb5ed22b9426ab3eb1275595202d88c508df6e240a,58367,Cho2017,Q15-E006,MU_BETA_SHARED,20260926,0.99997878074646,2.116772157023661e-05,1
s34_1_retained_1_t018,34,1,retained_labeled_MI,1,s34.mat,8fd506677c43ffdbe7f3cbbb5ed22b9426ab3eb1275595202d88c508df6e240a,61951,Cho2017,Q15-E006,MU_BETA_SHARED,20260926,1.3783730092977787e-15,1.0,2
s34_1_retained_1_t019,34,1,retained_labeled_MI,1,s34.mat,8fd506677c43ffdbe7f3cbbb5ed22b9426ab3eb1275595202d88c508df6e240a,65535,Cho2017,Q15-E006,MU_BETA_SHARED,20260926,0.7537428140640259,0.24625717103481293,1
s34_1_retained_1_t020,34,1,retained_labeled_MI,1,s34.mat,8fd506677c43ffdbe7f3cbbb5ed22b9426ab3eb1275595202d88c508df6e240a,69119,Cho2017,Q15-E006,MU_BETA_SHARED,20260926,0.0004560117668006569,0.9995439648628235,2
s34_1_retained_1_t021,34,1,retained_labeled_MI,1,s34.mat,8fd506677c43ffdbe7f3cbbb5ed22b9426ab3eb1275595202d88c508df6e240a,72703,Cho2017,Q15-E006,MU_BETA_SHARED,20260926,1.0,7.462181567108317e-11,1
s34_1_retained_1_t022,34,1,retained_labeled_MI,1,s34.mat,8fd506677c43ffdbe7f3cbbb5ed22b9426ab3eb1275595202d88c508df6e240a,76287,Cho2017,Q15-E006,MU_BETA_SHARED,20260926,0.9997256398200989,0.000274392165010795,1
s34_1_retained_1_t023,34,1,retained_labeled_MI,1,s34.mat,8fd506677c43ffdbe7f3cbbb5ed22b9426ab3eb1275595202d88c508df6e240a,79871,Cho2017,Q15-E006,MU_BETA_SHARED,20260926,0.9999490976333618,5.0911919970531017e-05,1
s34_1_retained_1_t024,34,1,retained_labeled_MI,1,s34.mat,8fd506677c43ffdbe7f3cbbb5ed22b9426ab3eb1275595202d88c508df6e240a,83455,Cho2017,Q15-E006,MU_BETA_SHARED,20260926,8.54962108054469e-12,1.0,2
s34_1_retained_1_t025,34,1,retained_labeled_MI,1,s34.mat,8fd506677c43ffdbe7f3cbbb5ed22b9426ab3eb1275595202d88c508df6e240a,87039,Cho2017,Q15-E006,MU_BETA_SHARED,20260926,0.9899917244911194,0.01000820193439722,1
s34_1_retained_1_t026,34,1,retained_labeled_MI,1,s34.mat,8fd506677c43ffdbe7f3cbbb5ed22b9426ab3eb1275595202d88c508df6e240a,90623,Cho2017,Q15-E006,MU_BETA_SHARED,20260926,0.988152801990509,0.011847173795104027,1
s34_1_retained_1_t027,34,1,retained_labeled_MI,1,s34.mat,8fd506677c43ffdbe7f3cbbb5ed22b9426ab3eb1275595202d88c508df6e240a,94207,Cho2017,Q15-E006,MU_BETA_SHARED,20260926,1.0,1.0431006266389286e-16,1
s34_1_retained_1_t028,34,1,retained_labeled_MI,1,s34.mat,8fd506677c43ffdbe7f3cbbb5ed22b9426ab3eb1275595202d88c508df6e240a,97791,Cho2017,Q15-E006,MU_BETA_SHARED,20260926,0.0017005604458972812,0.9982994198799133,2
s34_1_retained_1_t029,34,1,retained_labeled_MI,1,s34.mat,8fd506677c43ffdbe7f3cbbb5ed22b9426ab3eb1275595202d88c508df6e240a,101375,Cho2017,Q15-E006,MU_BETA_SHARED,20260926,0.9994935989379883,0.0005064312135800719,1
s34_1_retained_1_t030,34,1,retained_labeled_MI,1,s34.mat,8fd506677c43ffdbe7f3cbbb5ed22b9426ab3eb1275595202d88c508df6e240a,104959,Cho2017,Q15-E006,MU_BETA_SHARED,20260926,0.9996083378791809,0.00039167795330286026,1
s34_1_retained_1_t031,34,1,retained_labeled_MI,1,s34.mat,8fd506677c43ffdbe7f3cbbb5ed22b9426ab3eb1275595202d88c508df6e240a,108543,Cho2017,Q15-E006,MU_BETA_SHARED,20260926,0.9994534850120544,0.0005465188878588378,1
s34_1_retained_1_t032,34,1,retained_labeled_MI,1,s34.mat,8fd506677c43ffdbe7f3cbbb5ed22b9426ab3eb1275595202d88c508df6e240a,112127,Cho2017,Q15-E006,MU_BETA_SHARED,20260926,1.0,2.7825637627376665e-11,1
s34_1_retained_1_t033,34,1,retained_labeled_MI,1,s34.mat,8fd506677c43ffdbe7f3cbbb5ed22b9426ab3eb1275595202d88c508df6e240a,115711,Cho2017,Q15-E006,MU_BETA_SHARED,20260926,1.0,3.8468228939658624e-16,1
s34_1_retained_1_t034,34,1,retained_labeled_MI,1,s34.mat,8fd506677c43ffdbe7f3cbbb5ed22b9426ab3eb1275595202d88c508df6e240a,119295,Cho2017,Q15-E006,MU_BETA_SHARED,20260926,1.0,1.0034264391611813e-10,1
s34_1_retained_1_t035,34,1,retained_labeled_MI,1,s34.mat,8fd506677c43ffdbe7f3cbbb5ed22b9426ab3eb1275595202d88c508df6e240a,122879,Cho2017,Q15-E006,MU_BETA_SHARED,20260926,4.066722411160145e-27,1.0,2
s34_1_retained_1_t036,34,1,retained_labeled_MI,1,s34.mat,8fd506677c43ffdbe7f3cbbb5ed22b9426ab3eb1275595202d88c508df6e240a,126463,Cho2017,Q15-E006,MU_BETA_SHARED,20260926,0.9999877214431763,1.2231784239702392e-05,1
s34_1_retained_1_t037,34,1,retained_labeled_MI,1,s34.mat,8fd506677c43ffdbe7f3cbbb5ed22b9426ab3eb1275595202d88c508df6e240a,130047,Cho2017,Q15-E006,MU_BETA_SHARED,20260926,1.0,3.8686710085444886e-11,1
s34_1_retained_1_t038,34,1,retained_labeled_MI,1,s34.mat,8fd506677c43ffdbe7f3cbbb5ed22b9426ab3eb1275595202d88c508df6e240a,133631,Cho2017,Q15-E006,MU_BETA_SHARED,20260926,1.0498823338478402e-10,1.0,2
s34_1_retained_1_t039,34,1,retained_labeled_MI,1,s34.mat,8fd506677c43ffdbe7f3cbbb5ed22b9426ab3eb1275595202d88c508df6e240a,137215,Cho2017,Q15-E006,MU_BETA_SHARED,20260926,1.300230340062214e-10,1.0,2
s34_1_retained_1_t040,34,1,retained_labeled_MI,1,s34.mat,8fd506677c43ffdbe7f3cbbb5ed22b9426ab3eb1275595202d88c508df6e240a,140799,Cho2017,Q15-E006,MU_BETA_SHARED,20260926,3.918497137228258e-21,1.0,2
s34_1_retained_1_t041,34,1,retained_labeled_MI,1,s34.mat,8fd506677c43ffdbe7f3cbbb5ed22b9426ab3eb1275595202d88c508df6e240a,144383,Cho2017,Q15-E006,MU_BETA_SHARED,20260926,0.023047376424074173,0.9769526720046997,2
s34_1_retained_1_t042,34,1,retained_labeled_MI,1,s34.mat,8fd506677c43ffdbe7f3cbbb5ed22b9426ab3eb1275595202d88c508df6e240a,147967,Cho2017,Q15-E006,MU_BETA_SHARED,20260926,6.454570629062586e-14,1.0,2
s34_1_retained_1_t043,34,1,retained_labeled_MI,1,s34.mat,8fd506677c43ffdbe7f3cbbb5ed22b9426ab3eb1275595202d88c508df6e240a,151551,Cho2017,Q15-E006,MU_BETA_SHARED,20260926,0.016736751422286034,0.9832632541656494,2
s34_1_retained_1_t044,34,1,retained_labeled_MI,1,s34.mat,8fd506677c43ffdbe7f3cbbb5ed22b9426ab3eb1275595202d88c508df6e240a,155135,Cho2017,Q15-E006,MU_BETA_SHARED,20260926,1.0,1.1094354957424469e-15,1
s34_1_retained_1_t045,34,1,retained_labeled_MI,1,s34.mat,8fd506677c43ffdbe7f3cbbb5ed22b9426ab3eb1275595202d88c508df6e240a,158719,Cho2017,Q15-E006,MU_BETA_SHARED,20260926,0.9999823570251465,1.7651880625635386e-05,1
s34_1_retained_1_t046,34,1,retained_labeled_MI,1,s34.mat,8fd506677c43ffdbe7f3cbbb5ed22b9426ab3eb1275595202d88c508df6e240a,162303,Cho2017,Q15-E006,MU_BETA_SHARED,20260926,0.9999977350234985,2.2114156763564097e-06,1
s34_1_retained_1_t047,34,1,retained_labeled_MI,1,s34.mat,8fd506677c43ffdbe7f3cbbb5ed22b9426ab3eb1275595202d88c508df6e240a,165887,Cho2017,Q15-E006,MU_BETA_SHARED,20260926,1.0,5.485048141426723e-16,1
s34_1_retained_1_t048,34,1,retained_labeled_MI,1,s34.mat,8fd506677c43ffdbe7f3cbbb5ed22b9426ab3eb1275595202d88c508df6e240a,169471,Cho2017,Q15-E006,MU_BETA_SHARED,20260926,1.0,2.229124085317835e-08,1
s34_1_retained_1_t049,34,1,retained_labeled_MI,1,s34.mat,8fd506677c43ffdbe7f3cbbb5ed22b9426ab3eb1275595202d88c508df6e240a,173055,Cho2017,Q15-E006,MU_BETA_SHARED,20260926,1.0,7.248690037965633e-13,1
s34_1_retained_1_t050,34,1,retained_labeled_MI,1,s34.mat,8fd506677c43ffdbe7f3cbbb5ed22b9426ab3eb1275595202d88c508df6e240a,176639,Cho2017,Q15-E006,MU_BETA_SHARED,20260926,1.0,1.1977689673425829e-10,1
s34_1_retained_1_t051,34,1,retained_labeled_MI,1,s34.mat,8fd506677c43ffdbe7f3cbbb5ed22b9426ab3eb1275595202d88c508df6e240a,180223,Cho2017,Q15-E006,MU_BETA_SHARED,20260926,0.7876200675964355,0.21237994730472565,1
s34_1_retained_1_t052,34,1,retained_labeled_MI,1,s34.mat,8fd506677c43ffdbe7f3cbbb5ed22b9426ab3eb1275595202d88c508df6e240a,183807,Cho2017,Q15-E006,MU_BETA_SHARED,20260926,1.0,1.8210992436262785e-10,1
s34_1_retained_1_t053,34,1,retained_labeled_MI,1,s34.mat,8fd506677c43ffdbe7f3cbbb5ed22b9426ab3eb1275595202d88c508df6e240a,187391,Cho2017,Q15-E006,MU_BETA_SHARED,20260926,0.16172778606414795,0.8382721543312073,2
s34_1_retained_1_t054,34,1,retained_labeled_MI,1,s34.mat,8fd506677c43ffdbe7f3cbbb5ed22b9426ab3eb1275595202d88c508df6e240a,190975,Cho2017,Q15-E006,MU_BETA_SHARED,20260926,1.0,4.8122661411298395e-09,1
s34_1_retained_1_t055,34,1,retained_labeled_MI,1,s34.mat,8fd506677c43ffdbe7f3cbbb5ed22b9426ab3eb1275595202d88c508df6e240a,194559,Cho2017,Q15-E006,MU_BETA_SHARED,20260926,4.277291750496605e-14,1.0,2
s34_1_retained_1_t056,34,1,retained_labeled_MI,1,s34.mat,8fd506677c43ffdbe7f3cbbb5ed22b9426ab3eb1275595202d88c508df6e240a,198143,Cho2017,Q15-E006,MU_BETA_SHARED,20260926,0.9978263974189758,0.002173621440306306,1
s34_1_retained_1_t057,34,1,retained_labeled_MI,1,s34.mat,8fd506677c43ffdbe7f3cbbb5ed22b9426ab3eb1275595202d88c508df6e240a,201727,Cho2017,Q15-E006,MU_BETA_SHARED,20260926,0.9995397329330444,0.00046030987869016826,1
s34_1_retained_1_t058,34,1,retained_labeled_MI,1,s34.mat,8fd506677c43ffdbe7f3cbbb5ed22b9426ab3eb1275595202d88c508df6e240a,205311,Cho2017,Q15-E006,MU_BETA_SHARED,20260926,3.368118284274857e-10,1.0,2
s34_1_retained_1_t059,34,1,retained_labeled_MI,1,s34.mat,8fd506677c43ffdbe7f3cbbb5ed22b9426ab3eb1275595202d88c508df6e240a,208895,Cho2017,Q15-E006,MU_BETA_SHARED,20260926,2.6199989443601024e-13,1.0,2
s34_1_retained_1_t060,34,1,retained_labeled_MI,1,s34.mat,8fd506677c43ffdbe7f3cbbb5ed22b9426ab3eb1275595202d88c508df6e240a,212479,Cho2017,Q15-E006,MU_BETA_SHARED,20260926,0.9999454021453857,5.4614636610494927e-05,1
s34_1_retained_1_t061,34,1,retained_labeled_MI,1,s34.mat,8fd506677c43ffdbe7f3cbbb5ed22b9426ab3eb1275595202d88c508df6e240a,216063,Cho2017,Q15-E006,MU_BETA_SHARED,20260926,0.3636358082294464,0.636364221572876,2
s34_1_retained_1_t062,34,1,retained_labeled_MI,1,s34.mat,8fd506677c43ffdbe7f3cbbb5ed22b9426ab3eb1275595202d88c508df6e240a,219647,Cho2017,Q15-E006,MU_BETA_SHARED,20260926,1.0,1.9415670579549896e-20,1
s34_1_retained_1_t063,34,1,retained_labeled_MI,1,s34.mat,8fd506677c43ffdbe7f3cbbb5ed22b9426ab3eb1275595202d88c508df6e240a,223231,Cho2017,Q15-E006,MU_BETA_SHARED,20260926,1.0,5.3872099464928903e-17,1
s34_1_retained_1_t064,34,1,retained_labeled_MI,1,s34.mat,8fd506677c43ffdbe7f3cbbb5ed22b9426ab3eb1275595202d88c508df6e240a,226815,Cho2017,Q15-E006,MU_BETA_SHARED,20260926,1.0,1.719591580240376e-09,1
s34_1_retained_1_t065,34,1,retained_labeled_MI,1,s34.mat,8fd506677c43ffdbe7f3cbbb5ed22b9426ab3eb1275595202d88c508df6e240a,230399,Cho2017,Q15-E006,MU_BETA_SHARED,20260926,0.9995459914207458,0.00045403759577311575,1
s34_1_retained_1_t066,34,1,retained_labeled_MI,1,s34.mat,8fd506677c43ffdbe7f3cbbb5ed22b9426ab3eb1275595202d88c508df6e240a,233983,Cho2017,Q15-E006,MU_BETA_SHARED,20260926,1.0,5.29376265046011e-10,1
s34_1_retained_1_t067,34,1,retained_labeled_MI,1,s34.mat,8fd506677c43ffdbe7f3cbbb5ed22b9426ab3eb1275595202d88c508df6e240a,237567,Cho2017,Q15-E006,MU_BETA_SHARED,20260926,0.9997226595878601,0.0002773243759293109,1
s34_1_retained_1_t068,34,1,retained_labeled_MI,1,s34.mat,8fd506677c43ffdbe7f3cbbb5ed22b9426ab3eb1275595202d88c508df6e240a,241151,Cho2017,Q15-E006,MU_BETA_SHARED,20260926,0.2290087342262268,0.7709912061691284,2
s34_1_retained_1_t069,34,1,retained_labeled_MI,1,s34.mat,8fd506677c43ffdbe7f3cbbb5ed22b9426ab3eb1275595202d88c508df6e240a,244735,Cho2017,Q15-E006,MU_BETA_SHARED,20260926,0.9996063113212585,0.0003937525616493076,1
s34_1_retained_1_t070,34,1,retained_labeled_MI,1,s34.mat,8fd506677c43ffdbe7f3cbbb5ed22b9426ab3eb1275595202d88c508df6e240a,248319,Cho2017,Q15-E006,MU_BETA_SHARED,20260926,0.0010998767102137208,0.9989000558853149,2
s34_1_retained_1_t071,34,1,retained_labeled_MI,1,s34.mat,8fd506677c43ffdbe7f3cbbb5ed22b9426ab3eb1275595202d88c508df6e240a,251903,Cho2017,Q15-E006,MU_BETA_SHARED,20260926,1.2850301552014276e-11,1.0,2
s34_1_retained_1_t072,34,1,retained_labeled_MI,1,s34.mat,8fd506677c43ffdbe7f3cbbb5ed22b9426ab3eb1275595202d88c508df6e240a,255487,Cho2017,Q15-E006,MU_BETA_SHARED,20260926,1.288962181433817e-08,1.0,2
s34_1_retained_1_t073,34,1,retained_labeled_MI,1,s34.mat,8fd506677c43ffdbe7f3cbbb5ed22b9426ab3eb1275595202d88c508df6e240a,259071,Cho2017,Q15-E006,MU_BETA_SHARED,20260926,1.0,3.9094373960324447e-08,1
s34_1_retained_1_t074,34,1,retained_labeled_MI,1,s34.mat,8fd506677c43ffdbe7f3cbbb5ed22b9426ab3eb1275595202d88c508df6e240a,262655,Cho2017,Q15-E006,MU_BETA_SHARED,20260926,0.9348980188369751,0.06510202586650848,1
s34_1_retained_1_t075,34,1,retained_labeled_MI,1,s34.mat,8fd506677c43ffdbe7f3cbbb5ed22b9426ab3eb1275595202d88c508df6e240a,266239,Cho2017,Q15-E006,MU_BETA_SHARED,20260926,2.549181954236701e-05,0.9999744892120361,2
s34_1_retained_1_t076,34,1,retained_labeled_MI,1,s34.mat,8fd506677c43ffdbe7f3cbbb5ed22b9426ab3eb1275595202d88c508df6e240a,269823,Cho2017,Q15-E006,MU_BETA_SHARED,20260926,0.01149373035877943,0.9885063171386719,2
s34_1_retained_1_t077,34,1,retained_labeled_MI,1,s34.mat,8fd506677c43ffdbe7f3cbbb5ed22b9426ab3eb1275595202d88c508df6e240a,273407,Cho2017,Q15-E006,MU_BETA_SHARED,20260926,0.00010093320452142507,0.9998990297317505,2
s34_1_retained_1_t078,34,1,retained_labeled_MI,1,s34.mat,8fd506677c43ffdbe7f3cbbb5ed22b9426ab3eb1275595202d88c508df6e240a,276991,Cho2017,Q15-E006,MU_BETA_SHARED,20260926,1.0,4.3515480993002715e-22,1
s34_1_retained_1_t079,34,1,retained_labeled_MI,1,s34.mat,8fd506677c43ffdbe7f3cbbb5ed22b9426ab3eb1275595202d88c508df6e240a,280575,Cho2017,Q15-E006,MU_BETA_SHARED,20260926,0.9906050562858582,0.00939493253827095,1
s34_1_retained_1_t080,34,1,retained_labeled_MI,1,s34.mat,8fd506677c43ffdbe7f3cbbb5ed22b9426ab3eb1275595202d88c508df6e240a,284159,Cho2017,Q15-E006,MU_BETA_SHARED,20260926,5.960864440934799e-11,1.0,2
s34_1_retained_1_t081,34,1,retained_labeled_MI,1,s34.mat,8fd506677c43ffdbe7f3cbbb5ed22b9426ab3eb1275595202d88c508df6e240a,287743,Cho2017,Q15-E006,MU_BETA_SHARED,20260926,1.0,6.11680070092182e-22,1
s34_1_retained_1_t082,34,1,retained_labeled_MI,1,s34.mat,8fd506677c43ffdbe7f3cbbb5ed22b9426ab3eb1275595202d88c508df6e240a,291327,Cho2017,Q15-E006,MU_BETA_SHARED,20260926,0.9993537068367004,0.0006463147583417594,1
s34_1_retained_1_t083,34,1,retained_labeled_MI,1,s34.mat,8fd506677c43ffdbe7f3cbbb5ed22b9426ab3eb1275595202d88c508df6e240a,294911,Cho2017,Q15-E006,MU_BETA_SHARED,20260926,0.9990406632423401,0.0009593007853254676,1
s34_1_retained_1_t084,34,1,retained_labeled_MI,1,s34.mat,8fd506677c43ffdbe7f3cbbb5ed22b9426ab3eb1275595202d88c508df6e240a,298495,Cho2017,Q15-E006,MU_BETA_SHARED,20260926,7.941784729847967e-11,1.0,2
s34_1_retained_1_t085,34,1,retained_labeled_MI,1,s34.mat,8fd506677c43ffdbe7f3cbbb5ed22b9426ab3eb1275595202d88c508df6e240a,302079,Cho2017,Q15-E006,MU_BETA_SHARED,20260926,0.16926269233226776,0.8307373523712158,2
s34_1_retained_1_t086,34,1,retained_labeled_MI,1,s34.mat,8fd506677c43ffdbe7f3cbbb5ed22b9426ab3eb1275595202d88c508df6e240a,305663,Cho2017,Q15-E006,MU_BETA_SHARED,20260926,0.9558748006820679,0.044125210493803024,1
s34_1_retained_1_t087,34,1,retained_labeled_MI,1,s34.mat,8fd506677c43ffdbe7f3cbbb5ed22b9426ab3eb1275595202d88c508df6e240a,309247,Cho2017,Q15-E006,MU_BETA_SHARED,20260926,0.9996121525764465,0.0003878212592098862,1
s34_1_retained_1_t088,34,1,retained_labeled_MI,1,s34.mat,8fd506677c43ffdbe7f3cbbb5ed22b9426ab3eb1275595202d88c508df6e240a,312831,Cho2017,Q15-E006,MU_BETA_SHARED,20260926,1.0,5.611415266291918e-17,1
s34_1_retained_1_t089,34,1,retained_labeled_MI,1,s34.mat,8fd506677c43ffdbe7f3cbbb5ed22b9426ab3eb1275595202d88c508df6e240a,316415,Cho2017,Q15-E006,MU_BETA_SHARED,20260926,9.972636689781211e-06,0.9999899864196777,2
s34_1_retained_1_t090,34,1,retained_labeled_MI,1,s34.mat,8fd506677c43ffdbe7f3cbbb5ed22b9426ab3eb1275595202d88c508df6e240a,319999,Cho2017,Q15-E006,MU_BETA_SHARED,20260926,3.302556727982457e-14,1.0,2
s34_1_retained_1_t091,34,1,retained_labeled_MI,1,s34.mat,8fd506677c43ffdbe7f3cbbb5ed22b9426ab3eb1275595202d88c508df6e240a,323583,Cho2017,Q15-E006,MU_BETA_SHARED,20260926,3.979907341999933e-05,0.99996018409729,2
s34_1_retained_1_t092,34,1,retained_labeled_MI,1,s34.mat,8fd506677c43ffdbe7f3cbbb5ed22b9426ab3eb1275595202d88c508df6e240a,327167,Cho2017,Q15-E006,MU_BETA_SHARED,20260926,1.0,7.728917061911034e-09,1
s34_1_retained_1_t093,34,1,retained_labeled_MI,1,s34.mat,8fd506677c43ffdbe7f3cbbb5ed22b9426ab3eb1275595202d88c508df6e240a,330751,Cho2017,Q15-E006,MU_BETA_SHARED,20260926,1.0,4.488592196442436e-19,1
s34_1_retained_1_t094,34,1,retained_labeled_MI,1,s34.mat,8fd506677c43ffdbe7f3cbbb5ed22b9426ab3eb1275595202d88c508df6e240a,334335,Cho2017,Q15-E006,MU_BETA_SHARED,20260926,0.9999969005584717,3.1437305096915225e-06,1
s34_1_retained_1_t095,34,1,retained_labeled_MI,1,s34.mat,8fd506677c43ffdbe7f3cbbb5ed22b9426ab3eb1275595202d88c508df6e240a,337919,Cho2017,Q15-E006,MU_BETA_SHARED,20260926,0.9999990463256836,9.451379696656659e-07,1
s34_1_retained_1_t096,34,1,retained_labeled_MI,1,s34.mat,8fd506677c43ffdbe7f3cbbb5ed22b9426ab3eb1275595202d88c508df6e240a,341503,Cho2017,Q15-E006,MU_BETA_SHARED,20260926,0.9999991655349731,7.817034770596365e-07,1
s34_1_retained_1_t097,34,1,retained_labeled_MI,1,s34.mat,8fd506677c43ffdbe7f3cbbb5ed22b9426ab3eb1275595202d88c508df6e240a,345087,Cho2017,Q15-E006,MU_BETA_SHARED,20260926,1.0,1.0132294173603382e-13,1
s34_1_retained_1_t098,34,1,retained_labeled_MI,1,s34.mat,8fd506677c43ffdbe7f3cbbb5ed22b9426ab3eb1275595202d88c508df6e240a,348671,Cho2017,Q15-E006,MU_BETA_SHARED,20260926,2.6841094774817346e-18,1.0,2
s34_1_retained_1_t099,34,1,retained_labeled_MI,1,s34.mat,8fd506677c43ffdbe7f3cbbb5ed22b9426ab3eb1275595202d88c508df6e240a,352255,Cho2017,Q15-E006,MU_BETA_SHARED,20260926,1.0,2.0396452526938447e-08,1
s34_1_retained_1_t100,34,1,retained_labeled_MI,1,s34.mat,8fd506677c43ffdbe7f3cbbb5ed22b9426ab3eb1275595202d88c508df6e240a,355839,Cho2017,Q15-E006,MU_BETA_SHARED,20260926,0.046341873705387115,0.9536581635475159,2
s34_1_retained_2_t001,34,1,retained_labeled_MI,2,s34.mat,8fd506677c43ffdbe7f3cbbb5ed22b9426ab3eb1275595202d88c508df6e240a,1023,Cho2017,Q15-E006,MU_BETA_SHARED,20260926,0.005146529991179705,0.9948534369468689,2
s34_1_retained_2_t002,34,1,retained_labeled_MI,2,s34.mat,8fd506677c43ffdbe7f3cbbb5ed22b9426ab3eb1275595202d88c508df6e240a,4607,Cho2017,Q15-E006,MU_BETA_SHARED,20260926,3.081524084791454e-07,0.9999996423721313,2
s34_1_retained_2_t003,34,1,retained_labeled_MI,2,s34.mat,8fd506677c43ffdbe7f3cbbb5ed22b9426ab3eb1275595202d88c508df6e240a,8191,Cho2017,Q15-E006,MU_BETA_SHARED,20260926,0.9999997615814209,1.8208896790383733e-07,1
s34_1_retained_2_t004,34,1,retained_labeled_MI,2,s34.mat,8fd506677c43ffdbe7f3cbbb5ed22b9426ab3eb1275595202d88c508df6e240a,11775,Cho2017,Q15-E006,MU_BETA_SHARED,20260926,0.0021176279988139868,0.9978823065757751,2
s34_1_retained_2_t005,34,1,retained_labeled_MI,2,s34.mat,8fd506677c43ffdbe7f3cbbb5ed22b9426ab3eb1275595202d88c508df6e240a,15359,Cho2017,Q15-E006,MU_BETA_SHARED,20260926,1.0,3.193437825019452e-16,1
s34_1_retained_2_t006,34,1,retained_labeled_MI,2,s34.mat,8fd506677c43ffdbe7f3cbbb5ed22b9426ab3eb1275595202d88c508df6e240a,18943,Cho2017,Q15-E006,MU_BETA_SHARED,20260926,4.4323740439722314e-05,0.9999556541442871,2
s34_1_retained_2_t007,34,1,retained_labeled_MI,2,s34.mat,8fd506677c43ffdbe7f3cbbb5ed22b9426ab3eb1275595202d88c508df6e240a,22527,Cho2017,Q15-E006,MU_BETA_SHARED,20260926,1.0,7.074807319845666e-13,1
s34_1_retained_2_t008,34,1,retained_labeled_MI,2,s34.mat,8fd506677c43ffdbe7f3cbbb5ed22b9426ab3eb1275595202d88c508df6e240a,26111,Cho2017,Q15-E006,MU_BETA_SHARED,20260926,2.3106913431547582e-06,0.9999977350234985,2
s34_1_retained_2_t009,34,1,retained_labeled_MI,2,s34.mat,8fd506677c43ffdbe7f3cbbb5ed22b9426ab3eb1275595202d88c508df6e240a,29695,Cho2017,Q15-E006,MU_BETA_SHARED,20260926,0.9726467132568359,0.027353348210453987,1
s34_1_retained_2_t010,34,1,retained_labeled_MI,2,s34.mat,8fd506677c43ffdbe7f3cbbb5ed22b9426ab3eb1275595202d88c508df6e240a,33279,Cho2017,Q15-E006,MU_BETA_SHARED,20260926,2.687691361788958e-21,1.0,2
s34_1_retained_2_t011,34,1,retained_labeled_MI,2,s34.mat,8fd506677c43ffdbe7f3cbbb5ed22b9426ab3eb1275595202d88c508df6e240a,36863,Cho2017,Q15-E006,MU_BETA_SHARED,20260926,1.0,6.467412716482102e-10,1
s34_1_retained_2_t012,34,1,retained_labeled_MI,2,s34.mat,8fd506677c43ffdbe7f3cbbb5ed22b9426ab3eb1275595202d88c508df6e240a,40447,Cho2017,Q15-E006,MU_BETA_SHARED,20260926,0.00020866352133452892,0.9997913241386414,2
s34_1_retained_2_t013,34,1,retained_labeled_MI,2,s34.mat,8fd506677c43ffdbe7f3cbbb5ed22b9426ab3eb1275595202d88c508df6e240a,44031,Cho2017,Q15-E006,MU_BETA_SHARED,20260926,1.0,7.644692629227057e-23,1
s34_1_retained_2_t014,34,1,retained_labeled_MI,2,s34.mat,8fd506677c43ffdbe7f3cbbb5ed22b9426ab3eb1275595202d88c508df6e240a,47615,Cho2017,Q15-E006,MU_BETA_SHARED,20260926,0.005237253848463297,0.9947627186775208,2
s34_1_retained_2_t015,34,1,retained_labeled_MI,2,s34.mat,8fd506677c43ffdbe7f3cbbb5ed22b9426ab3eb1275595202d88c508df6e240a,51199,Cho2017,Q15-E006,MU_BETA_SHARED,20260926,1.0,7.248330624945454e-13,1
s34_1_retained_2_t016,34,1,retained_labeled_MI,2,s34.mat,8fd506677c43ffdbe7f3cbbb5ed22b9426ab3eb1275595202d88c508df6e240a,54783,Cho2017,Q15-E006,MU_BETA_SHARED,20260926,1.0,3.424903327666422e-19,1
s34_1_retained_2_t017,34,1,retained_labeled_MI,2,s34.mat,8fd506677c43ffdbe7f3cbbb5ed22b9426ab3eb1275595202d88c508df6e240a,58367,Cho2017,Q15-E006,MU_BETA_SHARED,20260926,3.9581736928084865e-06,0.9999960660934448,2
s34_1_retained_2_t018,34,1,retained_labeled_MI,2,s34.mat,8fd506677c43ffdbe7f3cbbb5ed22b9426ab3eb1275595202d88c508df6e240a,61951,Cho2017,Q15-E006,MU_BETA_SHARED,20260926,1.0,1.1854524618777079e-29,1
s34_1_retained_2_t019,34,1,retained_labeled_MI,2,s34.mat,8fd506677c43ffdbe7f3cbbb5ed22b9426ab3eb1275595202d88c508df6e240a,65535,Cho2017,Q15-E006,MU_BETA_SHARED,20260926,1.0,3.212545829518325e-17,1
s34_1_retained_2_t020,34,1,retained_labeled_MI,2,s34.mat,8fd506677c43ffdbe7f3cbbb5ed22b9426ab3eb1275595202d88c508df6e240a,69119,Cho2017,Q15-E006,MU_BETA_SHARED,20260926,0.9999992847442627,6.650924433415639e-07,1
s34_1_retained_2_t021,34,1,retained_labeled_MI,2,s34.mat,8fd506677c43ffdbe7f3cbbb5ed22b9426ab3eb1275595202d88c508df6e240a,72703,Cho2017,Q15-E006,MU_BETA_SHARED,20260926,0.9999971389770508,2.8749843750119908e-06,1
s34_1_retained_2_t022,34,1,retained_labeled_MI,2,s34.mat,8fd506677c43ffdbe7f3cbbb5ed22b9426ab3eb1275595202d88c508df6e240a,76287,Cho2017,Q15-E006,MU_BETA_SHARED,20260926,0.06400913000106812,0.9359908103942871,2
s34_1_retained_2_t023,34,1,retained_labeled_MI,2,s34.mat,8fd506677c43ffdbe7f3cbbb5ed22b9426ab3eb1275595202d88c508df6e240a,79871,Cho2017,Q15-E006,MU_BETA_SHARED,20260926,0.999997615814209,2.414181835774798e-06,1
s34_1_retained_2_t024,34,1,retained_labeled_MI,2,s34.mat,8fd506677c43ffdbe7f3cbbb5ed22b9426ab3eb1275595202d88c508df6e240a,83455,Cho2017,Q15-E006,MU_BETA_SHARED,20260926,0.24837170541286469,0.7516283392906189,2
s34_1_retained_2_t025,34,1,retained_labeled_MI,2,s34.mat,8fd506677c43ffdbe7f3cbbb5ed22b9426ab3eb1275595202d88c508df6e240a,87039,Cho2017,Q15-E006,MU_BETA_SHARED,20260926,0.010642641223967075,0.9893574118614197,2
s34_1_retained_2_t026,34,1,retained_labeled_MI,2,s34.mat,8fd506677c43ffdbe7f3cbbb5ed22b9426ab3eb1275595202d88c508df6e240a,90623,Cho2017,Q15-E006,MU_BETA_SHARED,20260926,0.9999996423721313,3.5717067703444627e-07,1
s34_1_retained_2_t027,34,1,retained_labeled_MI,2,s34.mat,8fd506677c43ffdbe7f3cbbb5ed22b9426ab3eb1275595202d88c508df6e240a,94207,Cho2017,Q15-E006,MU_BETA_SHARED,20260926,1.0,1.0831728289312434e-16,1
s34_1_retained_2_t028,34,1,retained_labeled_MI,2,s34.mat,8fd506677c43ffdbe7f3cbbb5ed22b9426ab3eb1275595202d88c508df6e240a,97791,Cho2017,Q15-E006,MU_BETA_SHARED,20260926,1.0,1.514581918751372e-20,1
s34_1_retained_2_t029,34,1,retained_labeled_MI,2,s34.mat,8fd506677c43ffdbe7f3cbbb5ed22b9426ab3eb1275595202d88c508df6e240a,101375,Cho2017,Q15-E006,MU_BETA_SHARED,20260926,1.3479325389198493e-06,0.9999986886978149,2
s34_1_retained_2_t030,34,1,retained_labeled_MI,2,s34.mat,8fd506677c43ffdbe7f3cbbb5ed22b9426ab3eb1275595202d88c508df6e240a,104959,Cho2017,Q15-E006,MU_BETA_SHARED,20260926,1.0,7.214574176917064e-18,1
s34_1_retained_2_t031,34,1,retained_labeled_MI,2,s34.mat,8fd506677c43ffdbe7f3cbbb5ed22b9426ab3eb1275595202d88c508df6e240a,108543,Cho2017,Q15-E006,MU_BETA_SHARED,20260926,0.6927242279052734,0.3072757422924042,1
s34_1_retained_2_t032,34,1,retained_labeled_MI,2,s34.mat,8fd506677c43ffdbe7f3cbbb5ed22b9426ab3eb1275595202d88c508df6e240a,112127,Cho2017,Q15-E006,MU_BETA_SHARED,20260926,0.9999972581863403,2.800458787532989e-06,1
s34_1_retained_2_t033,34,1,retained_labeled_MI,2,s34.mat,8fd506677c43ffdbe7f3cbbb5ed22b9426ab3eb1275595202d88c508df6e240a,115711,Cho2017,Q15-E006,MU_BETA_SHARED,20260926,1.0,1.0642833693587887e-30,1
s34_1_retained_2_t034,34,1,retained_labeled_MI,2,s34.mat,8fd506677c43ffdbe7f3cbbb5ed22b9426ab3eb1275595202d88c508df6e240a,119295,Cho2017,Q15-E006,MU_BETA_SHARED,20260926,1.0,1.194970121118355e-12,1
s34_1_retained_2_t035,34,1,retained_labeled_MI,2,s34.mat,8fd506677c43ffdbe7f3cbbb5ed22b9426ab3eb1275595202d88c508df6e240a,122879,Cho2017,Q15-E006,MU_BETA_SHARED,20260926,0.9999995231628418,4.717224726391578e-07,1
s34_1_retained_2_t036,34,1,retained_labeled_MI,2,s34.mat,8fd506677c43ffdbe7f3cbbb5ed22b9426ab3eb1275595202d88c508df6e240a,126463,Cho2017,Q15-E006,MU_BETA_SHARED,20260926,1.0,4.2381401894241375e-33,1
s34_1_retained_2_t037,34,1,retained_labeled_MI,2,s34.mat,8fd506677c43ffdbe7f3cbbb5ed22b9426ab3eb1275595202d88c508df6e240a,130047,Cho2017,Q15-E006,MU_BETA_SHARED,20260926,0.9994731545448303,0.0005268342792987823,1
s34_1_retained_2_t038,34,1,retained_labeled_MI,2,s34.mat,8fd506677c43ffdbe7f3cbbb5ed22b9426ab3eb1275595202d88c508df6e240a,133631,Cho2017,Q15-E006,MU_BETA_SHARED,20260926,0.9974499344825745,0.002550076460465789,1
s34_1_retained_2_t039,34,1,retained_labeled_MI,2,s34.mat,8fd506677c43ffdbe7f3cbbb5ed22b9426ab3eb1275595202d88c508df6e240a,137215,Cho2017,Q15-E006,MU_BETA_SHARED,20260926,1.2383170542307198e-06,0.9999988079071045,2
s34_1_retained_2_t040,34,1,retained_labeled_MI,2,s34.mat,8fd506677c43ffdbe7f3cbbb5ed22b9426ab3eb1275595202d88c508df6e240a,140799,Cho2017,Q15-E006,MU_BETA_SHARED,20260926,0.0019856970757246017,0.9980143308639526,2
s34_1_retained_2_t041,34,1,retained_labeled_MI,2,s34.mat,8fd506677c43ffdbe7f3cbbb5ed22b9426ab3eb1275595202d88c508df6e240a,144383,Cho2017,Q15-E006,MU_BETA_SHARED,20260926,0.9808247685432434,0.019175199791789055,1
s34_1_retained_2_t042,34,1,retained_labeled_MI,2,s34.mat,8fd506677c43ffdbe7f3cbbb5ed22b9426ab3eb1275595202d88c508df6e240a,147967,Cho2017,Q15-E006,MU_BETA_SHARED,20260926,1.0,4.4615360017541406e-11,1
s34_1_retained_2_t043,34,1,retained_labeled_MI,2,s34.mat,8fd506677c43ffdbe7f3cbbb5ed22b9426ab3eb1275595202d88c508df6e240a,151551,Cho2017,Q15-E006,MU_BETA_SHARED,20260926,0.10495597124099731,0.8950440287590027,2
s34_1_retained_2_t044,34,1,retained_labeled_MI,2,s34.mat,8fd506677c43ffdbe7f3cbbb5ed22b9426ab3eb1275595202d88c508df6e240a,155135,Cho2017,Q15-E006,MU_BETA_SHARED,20260926,0.1157936081290245,0.8842064142227173,2
s34_1_retained_2_t045,34,1,retained_labeled_MI,2,s34.mat,8fd506677c43ffdbe7f3cbbb5ed22b9426ab3eb1275595202d88c508df6e240a,158719,Cho2017,Q15-E006,MU_BETA_SHARED,20260926,1.0,1.1678215686150573e-11,1
s34_1_retained_2_t046,34,1,retained_labeled_MI,2,s34.mat,8fd506677c43ffdbe7f3cbbb5ed22b9426ab3eb1275595202d88c508df6e240a,162303,Cho2017,Q15-E006,MU_BETA_SHARED,20260926,1.0,3.749996800171858e-14,1
s34_1_retained_2_t047,34,1,retained_labeled_MI,2,s34.mat,8fd506677c43ffdbe7f3cbbb5ed22b9426ab3eb1275595202d88c508df6e240a,165887,Cho2017,Q15-E006,MU_BETA_SHARED,20260926,1.0,1.2645340330408317e-10,1
s34_1_retained_2_t048,34,1,retained_labeled_MI,2,s34.mat,8fd506677c43ffdbe7f3cbbb5ed22b9426ab3eb1275595202d88c508df6e240a,169471,Cho2017,Q15-E006,MU_BETA_SHARED,20260926,0.9999488592147827,5.115135354571976e-05,1
s34_1_retained_2_t049,34,1,retained_labeled_MI,2,s34.mat,8fd506677c43ffdbe7f3cbbb5ed22b9426ab3eb1275595202d88c508df6e240a,173055,Cho2017,Q15-E006,MU_BETA_SHARED,20260926,1.0,3.09099810254856e-23,1
s34_1_retained_2_t050,34,1,retained_labeled_MI,2,s34.mat,8fd506677c43ffdbe7f3cbbb5ed22b9426ab3eb1275595202d88c508df6e240a,176639,Cho2017,Q15-E006,MU_BETA_SHARED,20260926,0.9988721013069153,0.0011279055615887046,1
s34_1_retained_2_t051,34,1,retained_labeled_MI,2,s34.mat,8fd506677c43ffdbe7f3cbbb5ed22b9426ab3eb1275595202d88c508df6e240a,180223,Cho2017,Q15-E006,MU_BETA_SHARED,20260926,0.9999798536300659,2.0151110220467672e-05,1
s34_1_retained_2_t052,34,1,retained_labeled_MI,2,s34.mat,8fd506677c43ffdbe7f3cbbb5ed22b9426ab3eb1275595202d88c508df6e240a,183807,Cho2017,Q15-E006,MU_BETA_SHARED,20260926,6.011154069251762e-16,1.0,2
s34_1_retained_2_t053,34,1,retained_labeled_MI,2,s34.mat,8fd506677c43ffdbe7f3cbbb5ed22b9426ab3eb1275595202d88c508df6e240a,187391,Cho2017,Q15-E006,MU_BETA_SHARED,20260926,1.0,1.0845172634734534e-22,1
s34_1_retained_2_t054,34,1,retained_labeled_MI,2,s34.mat,8fd506677c43ffdbe7f3cbbb5ed22b9426ab3eb1275595202d88c508df6e240a,190975,Cho2017,Q15-E006,MU_BETA_SHARED,20260926,1.0,6.30726471051446e-10,1
s34_1_retained_2_t055,34,1,retained_labeled_MI,2,s34.mat,8fd506677c43ffdbe7f3cbbb5ed22b9426ab3eb1275595202d88c508df6e240a,194559,Cho2017,Q15-E006,MU_BETA_SHARED,20260926,2.0869767025644137e-10,1.0,2
s34_1_retained_2_t056,34,1,retained_labeled_MI,2,s34.mat,8fd506677c43ffdbe7f3cbbb5ed22b9426ab3eb1275595202d88c508df6e240a,198143,Cho2017,Q15-E006,MU_BETA_SHARED,20260926,1.0,7.376477900722378e-12,1
s34_1_retained_2_t057,34,1,retained_labeled_MI,2,s34.mat,8fd506677c43ffdbe7f3cbbb5ed22b9426ab3eb1275595202d88c508df6e240a,201727,Cho2017,Q15-E006,MU_BETA_SHARED,20260926,8.955218565396411e-14,1.0,2
s34_1_retained_2_t058,34,1,retained_labeled_MI,2,s34.mat,8fd506677c43ffdbe7f3cbbb5ed22b9426ab3eb1275595202d88c508df6e240a,205311,Cho2017,Q15-E006,MU_BETA_SHARED,20260926,0.9999821186065674,1.7901045794133097e-05,1
s34_1_retained_2_t059,34,1,retained_labeled_MI,2,s34.mat,8fd506677c43ffdbe7f3cbbb5ed22b9426ab3eb1275595202d88c508df6e240a,208895,Cho2017,Q15-E006,MU_BETA_SHARED,20260926,1.0,4.39630554183168e-11,1
s34_1_retained_2_t060,34,1,retained_labeled_MI,2,s34.mat,8fd506677c43ffdbe7f3cbbb5ed22b9426ab3eb1275595202d88c508df6e240a,212479,Cho2017,Q15-E006,MU_BETA_SHARED,20260926,1.0,1.812851119220582e-10,1
s34_1_retained_2_t061,34,1,retained_labeled_MI,2,s34.mat,8fd506677c43ffdbe7f3cbbb5ed22b9426ab3eb1275595202d88c508df6e240a,216063,Cho2017,Q15-E006,MU_BETA_SHARED,20260926,0.9999964237213135,3.609348823374603e-06,1
s34_1_retained_2_t062,34,1,retained_labeled_MI,2,s34.mat,8fd506677c43ffdbe7f3cbbb5ed22b9426ab3eb1275595202d88c508df6e240a,219647,Cho2017,Q15-E006,MU_BETA_SHARED,20260926,0.9987140893936157,0.0012859783601015806,1
s34_1_retained_2_t063,34,1,retained_labeled_MI,2,s34.mat,8fd506677c43ffdbe7f3cbbb5ed22b9426ab3eb1275595202d88c508df6e240a,223231,Cho2017,Q15-E006,MU_BETA_SHARED,20260926,0.9999979734420776,2.0273328118491918e-06,1
s34_1_retained_2_t064,34,1,retained_labeled_MI,2,s34.mat,8fd506677c43ffdbe7f3cbbb5ed22b9426ab3eb1275595202d88c508df6e240a,226815,Cho2017,Q15-E006,MU_BETA_SHARED,20260926,1.0,4.943373488330849e-10,1
s34_1_retained_2_t065,34,1,retained_labeled_MI,2,s34.mat,8fd506677c43ffdbe7f3cbbb5ed22b9426ab3eb1275595202d88c508df6e240a,230399,Cho2017,Q15-E006,MU_BETA_SHARED,20260926,0.9998835325241089,0.00011640439333859831,1
s34_1_retained_2_t066,34,1,retained_labeled_MI,2,s34.mat,8fd506677c43ffdbe7f3cbbb5ed22b9426ab3eb1275595202d88c508df6e240a,233983,Cho2017,Q15-E006,MU_BETA_SHARED,20260926,1.0,2.3131760482139678e-18,1
s34_1_retained_2_t067,34,1,retained_labeled_MI,2,s34.mat,8fd506677c43ffdbe7f3cbbb5ed22b9426ab3eb1275595202d88c508df6e240a,237567,Cho2017,Q15-E006,MU_BETA_SHARED,20260926,0.9021015167236328,0.09789847582578659,1
s34_1_retained_2_t068,34,1,retained_labeled_MI,2,s34.mat,8fd506677c43ffdbe7f3cbbb5ed22b9426ab3eb1275595202d88c508df6e240a,241151,Cho2017,Q15-E006,MU_BETA_SHARED,20260926,0.05964338034391403,0.9403566122055054,2
s34_1_retained_2_t069,34,1,retained_labeled_MI,2,s34.mat,8fd506677c43ffdbe7f3cbbb5ed22b9426ab3eb1275595202d88c508df6e240a,244735,Cho2017,Q15-E006,MU_BETA_SHARED,20260926,0.8688747882843018,0.13112525641918182,1
s34_1_retained_2_t070,34,1,retained_labeled_MI,2,s34.mat,8fd506677c43ffdbe7f3cbbb5ed22b9426ab3eb1275595202d88c508df6e240a,248319,Cho2017,Q15-E006,MU_BETA_SHARED,20260926,0.9999985694885254,1.3916716170569998e-06,1
s34_1_retained_2_t071,34,1,retained_labeled_MI,2,s34.mat,8fd506677c43ffdbe7f3cbbb5ed22b9426ab3eb1275595202d88c508df6e240a,251903,Cho2017,Q15-E006,MU_BETA_SHARED,20260926,0.9998754262924194,0.00012454797979444265,1
s34_1_retained_2_t072,34,1,retained_labeled_MI,2,s34.mat,8fd506677c43ffdbe7f3cbbb5ed22b9426ab3eb1275595202d88c508df6e240a,255487,Cho2017,Q15-E006,MU_BETA_SHARED,20260926,1.0,1.4470900172591783e-11,1
s34_1_retained_2_t073,34,1,retained_labeled_MI,2,s34.mat,8fd506677c43ffdbe7f3cbbb5ed22b9426ab3eb1275595202d88c508df6e240a,259071,Cho2017,Q15-E006,MU_BETA_SHARED,20260926,1.0,7.645978294945621e-11,1
s34_1_retained_2_t074,34,1,retained_labeled_MI,2,s34.mat,8fd506677c43ffdbe7f3cbbb5ed22b9426ab3eb1275595202d88c508df6e240a,262655,Cho2017,Q15-E006,MU_BETA_SHARED,20260926,0.9999942779541016,5.779411367257126e-06,1
s34_1_retained_2_t075,34,1,retained_labeled_MI,2,s34.mat,8fd506677c43ffdbe7f3cbbb5ed22b9426ab3eb1275595202d88c508df6e240a,266239,Cho2017,Q15-E006,MU_BETA_SHARED,20260926,0.029449738562107086,0.9705502986907959,2
s34_1_retained_2_t076,34,1,retained_labeled_MI,2,s34.mat,8fd506677c43ffdbe7f3cbbb5ed22b9426ab3eb1275595202d88c508df6e240a,269823,Cho2017,Q15-E006,MU_BETA_SHARED,20260926,0.5908777713775635,0.4091222584247589,1
s34_1_retained_2_t077,34,1,retained_labeled_MI,2,s34.mat,8fd506677c43ffdbe7f3cbbb5ed22b9426ab3eb1275595202d88c508df6e240a,273407,Cho2017,Q15-E006,MU_BETA_SHARED,20260926,0.9999188184738159,8.120463462546468e-05,1
s34_1_retained_2_t078,34,1,retained_labeled_MI,2,s34.mat,8fd506677c43ffdbe7f3cbbb5ed22b9426ab3eb1275595202d88c508df6e240a,276991,Cho2017,Q15-E006,MU_BETA_SHARED,20260926,0.9056366682052612,0.09436333924531937,1
s34_1_retained_2_t079,34,1,retained_labeled_MI,2,s34.mat,8fd506677c43ffdbe7f3cbbb5ed22b9426ab3eb1275595202d88c508df6e240a,280575,Cho2017,Q15-E006,MU_BETA_SHARED,20260926,1.0,2.7186731780182322e-17,1
s34_1_retained_2_t080,34,1,retained_labeled_MI,2,s34.mat,8fd506677c43ffdbe7f3cbbb5ed22b9426ab3eb1275595202d88c508df6e240a,284159,Cho2017,Q15-E006,MU_BETA_SHARED,20260926,0.9784538745880127,0.021546071395277977,1
s34_1_retained_2_t081,34,1,retained_labeled_MI,2,s34.mat,8fd506677c43ffdbe7f3cbbb5ed22b9426ab3eb1275595202d88c508df6e240a,287743,Cho2017,Q15-E006,MU_BETA_SHARED,20260926,1.0,2.478792421651855e-16,1
s34_1_retained_2_t082,34,1,retained_labeled_MI,2,s34.mat,8fd506677c43ffdbe7f3cbbb5ed22b9426ab3eb1275595202d88c508df6e240a,291327,Cho2017,Q15-E006,MU_BETA_SHARED,20260926,0.006003325339406729,0.9939966201782227,2
s34_1_retained_2_t083,34,1,retained_labeled_MI,2,s34.mat,8fd506677c43ffdbe7f3cbbb5ed22b9426ab3eb1275595202d88c508df6e240a,294911,Cho2017,Q15-E006,MU_BETA_SHARED,20260926,0.0902508795261383,0.9097490906715393,2
s34_1_retained_2_t084,34,1,retained_labeled_MI,2,s34.mat,8fd506677c43ffdbe7f3cbbb5ed22b9426ab3eb1275595202d88c508df6e240a,298495,Cho2017,Q15-E006,MU_BETA_SHARED,20260926,6.037229050015469e-11,1.0,2
s34_1_retained_2_t085,34,1,retained_labeled_MI,2,s34.mat,8fd506677c43ffdbe7f3cbbb5ed22b9426ab3eb1275595202d88c508df6e240a,302079,Cho2017,Q15-E006,MU_BETA_SHARED,20260926,9.771661923612247e-17,1.0,2
s34_1_retained_2_t086,34,1,retained_labeled_MI,2,s34.mat,8fd506677c43ffdbe7f3cbbb5ed22b9426ab3eb1275595202d88c508df6e240a,305663,Cho2017,Q15-E006,MU_BETA_SHARED,20260926,2.979517188528291e-10,1.0,2
s34_1_retained_2_t087,34,1,retained_labeled_MI,2,s34.mat,8fd506677c43ffdbe7f3cbbb5ed22b9426ab3eb1275595202d88c508df6e240a,309247,Cho2017,Q15-E006,MU_BETA_SHARED,20260926,8.823234338706243e-07,0.9999991655349731,2
s34_1_retained_2_t088,34,1,retained_labeled_MI,2,s34.mat,8fd506677c43ffdbe7f3cbbb5ed22b9426ab3eb1275595202d88c508df6e240a,312831,Cho2017,Q15-E006,MU_BETA_SHARED,20260926,0.002292721765115857,0.9977072477340698,2
s34_1_retained_2_t089,34,1,retained_labeled_MI,2,s34.mat,8fd506677c43ffdbe7f3cbbb5ed22b9426ab3eb1275595202d88c508df6e240a,316415,Cho2017,Q15-E006,MU_BETA_SHARED,20260926,5.558854224936829e-17,1.0,2
s34_1_retained_2_t090,34,1,retained_labeled_MI,2,s34.mat,8fd506677c43ffdbe7f3cbbb5ed22b9426ab3eb1275595202d88c508df6e240a,319999,Cho2017,Q15-E006,MU_BETA_SHARED,20260926,0.12419479340314865,0.8758052587509155,2
s34_1_retained_2_t091,34,1,retained_labeled_MI,2,s34.mat,8fd506677c43ffdbe7f3cbbb5ed22b9426ab3eb1275595202d88c508df6e240a,323583,Cho2017,Q15-E006,MU_BETA_SHARED,20260926,1.0,1.8363925491371447e-08,1
s34_1_retained_2_t092,34,1,retained_labeled_MI,2,s34.mat,8fd506677c43ffdbe7f3cbbb5ed22b9426ab3eb1275595202d88c508df6e240a,327167,Cho2017,Q15-E006,MU_BETA_SHARED,20260926,0.0022312221117317677,0.997768759727478,2
s34_1_retained_2_t093,34,1,retained_labeled_MI,2,s34.mat,8fd506677c43ffdbe7f3cbbb5ed22b9426ab3eb1275595202d88c508df6e240a,330751,Cho2017,Q15-E006,MU_BETA_SHARED,20260926,0.787352979183197,0.2126469910144806,1
s34_1_retained_2_t094,34,1,retained_labeled_MI,2,s34.mat,8fd506677c43ffdbe7f3cbbb5ed22b9426ab3eb1275595202d88c508df6e240a,334335,Cho2017,Q15-E006,MU_BETA_SHARED,20260926,0.9999949932098389,4.989004537492292e-06,1
s34_1_retained_2_t095,34,1,retained_labeled_MI,2,s34.mat,8fd506677c43ffdbe7f3cbbb5ed22b9426ab3eb1275595202d88c508df6e240a,337919,Cho2017,Q15-E006,MU_BETA_SHARED,20260926,7.09979358362034e-05,0.9999289512634277,2
s34_1_retained_2_t096,34,1,retained_labeled_MI,2,s34.mat,8fd506677c43ffdbe7f3cbbb5ed22b9426ab3eb1275595202d88c508df6e240a,341503,Cho2017,Q15-E006,MU_BETA_SHARED,20260926,1.0,1.6582679673859957e-11,1
s34_1_retained_2_t097,34,1,retained_labeled_MI,2,s34.mat,8fd506677c43ffdbe7f3cbbb5ed22b9426ab3eb1275595202d88c508df6e240a,345087,Cho2017,Q15-E006,MU_BETA_SHARED,20260926,0.9999992847442627,7.575519020974752e-07,1
s34_1_retained_2_t098,34,1,retained_labeled_MI,2,s34.mat,8fd506677c43ffdbe7f3cbbb5ed22b9426ab3eb1275595202d88c508df6e240a,348671,Cho2017,Q15-E006,MU_BETA_SHARED,20260926,1.0,1.7430119847450243e-11,1
s34_1_retained_2_t099,34,1,retained_labeled_MI,2,s34.mat,8fd506677c43ffdbe7f3cbbb5ed22b9426ab3eb1275595202d88c508df6e240a,352255,Cho2017,Q15-E006,MU_BETA_SHARED,20260926,0.6964857578277588,0.3035142421722412,1
s34_1_retained_2_t100,34,1,retained_labeled_MI,2,s34.mat,8fd506677c43ffdbe7f3cbbb5ed22b9426ab3eb1275595202d88c508df6e240a,355839,Cho2017,Q15-E006,MU_BETA_SHARED,20260926,0.9393233060836792,0.060676686465740204,1
s34_1_retained_1_t001,34,1,retained_labeled_MI,1,s34.mat,8fd506677c43ffdbe7f3cbbb5ed22b9426ab3eb1275595202d88c508df6e240a,1023,Cho2017,Q15-E006,CSP4_LDA,deterministic,0.6249579758299483,0.3750420241700517,1
s34_1_retained_1_t002,34,1,retained_labeled_MI,1,s34.mat,8fd506677c43ffdbe7f3cbbb5ed22b9426ab3eb1275595202d88c508df6e240a,4607,Cho2017,Q15-E006,CSP4_LDA,deterministic,0.8018064889603107,0.19819351103968927,1
s34_1_retained_1_t003,34,1,retained_labeled_MI,1,s34.mat,8fd506677c43ffdbe7f3cbbb5ed22b9426ab3eb1275595202d88c508df6e240a,8191,Cho2017,Q15-E006,CSP4_LDA,deterministic,0.6357706330235174,0.36422936697648256,1
s34_1_retained_1_t004,34,1,retained_labeled_MI,1,s34.mat,8fd506677c43ffdbe7f3cbbb5ed22b9426ab3eb1275595202d88c508df6e240a,11775,Cho2017,Q15-E006,CSP4_LDA,deterministic,0.587685642785551,0.41231435721444903,1
s34_1_retained_1_t005,34,1,retained_labeled_MI,1,s34.mat,8fd506677c43ffdbe7f3cbbb5ed22b9426ab3eb1275595202d88c508df6e240a,15359,Cho2017,Q15-E006,CSP4_LDA,deterministic,0.6256259263277284,0.37437407367227155,1
s34_1_retained_1_t006,34,1,retained_labeled_MI,1,s34.mat,8fd506677c43ffdbe7f3cbbb5ed22b9426ab3eb1275595202d88c508df6e240a,18943,Cho2017,Q15-E006,CSP4_LDA,deterministic,0.6696456216947401,0.33035437830525993,1
s34_1_retained_1_t007,34,1,retained_labeled_MI,1,s34.mat,8fd506677c43ffdbe7f3cbbb5ed22b9426ab3eb1275595202d88c508df6e240a,22527,Cho2017,Q15-E006,CSP4_LDA,deterministic,0.673469845364123,0.32653015463587703,1
s34_1_retained_1_t008,34,1,retained_labeled_MI,1,s34.mat,8fd506677c43ffdbe7f3cbbb5ed22b9426ab3eb1275595202d88c508df6e240a,26111,Cho2017,Q15-E006,CSP4_LDA,deterministic,0.386219140773882,0.613780859226118,2
s34_1_retained_1_t009,34,1,retained_labeled_MI,1,s34.mat,8fd506677c43ffdbe7f3cbbb5ed22b9426ab3eb1275595202d88c508df6e240a,29695,Cho2017,Q15-E006,CSP4_LDA,deterministic,0.6727907737524592,0.3272092262475408,1
s34_1_retained_1_t010,34,1,retained_labeled_MI,1,s34.mat,8fd506677c43ffdbe7f3cbbb5ed22b9426ab3eb1275595202d88c508df6e240a,33279,Cho2017,Q15-E006,CSP4_LDA,deterministic,0.6953143227606671,0.304685677239333,1
s34_1_retained_1_t011,34,1,retained_labeled_MI,1,s34.mat,8fd506677c43ffdbe7f3cbbb5ed22b9426ab3eb1275595202d88c508df6e240a,36863,Cho2017,Q15-E006,CSP4_LDA,deterministic,0.6915992008447955,0.30840079915520446,1
s34_1_retained_1_t012,34,1,retained_labeled_MI,1,s34.mat,8fd506677c43ffdbe7f3cbbb5ed22b9426ab3eb1275595202d88c508df6e240a,40447,Cho2017,Q15-E006,CSP4_LDA,deterministic,0.642729810891935,0.35727018910806496,1
s34_1_retained_1_t013,34,1,retained_labeled_MI,1,s34.mat,8fd506677c43ffdbe7f3cbbb5ed22b9426ab3eb1275595202d88c508df6e240a,44031,Cho2017,Q15-E006,CSP4_LDA,deterministic,0.6815527165413454,0.3184472834586546,1
s34_1_retained_1_t014,34,1,retained_labeled_MI,1,s34.mat,8fd506677c43ffdbe7f3cbbb5ed22b9426ab3eb1275595202d88c508df6e240a,47615,Cho2017,Q15-E006,CSP4_LDA,deterministic,0.672427342954163,0.3275726570458371,1
s34_1_retained_1_t015,34,1,retained_labeled_MI,1,s34.mat,8fd506677c43ffdbe7f3cbbb5ed22b9426ab3eb1275595202d88c508df6e240a,51199,Cho2017,Q15-E006,CSP4_LDA,deterministic,0.6722022569334914,0.32779774306650855,1
s34_1_retained_1_t016,34,1,retained_labeled_MI,1,s34.mat,8fd506677c43ffdbe7f3cbbb5ed22b9426ab3eb1275595202d88c508df6e240a,54783,Cho2017,Q15-E006,CSP4_LDA,deterministic,0.7216291602393945,0.2783708397606055,1
s34_1_retained_1_t017,34,1,retained_labeled_MI,1,s34.mat,8fd506677c43ffdbe7f3cbbb5ed22b9426ab3eb1275595202d88c508df6e240a,58367,Cho2017,Q15-E006,CSP4_LDA,deterministic,0.6056810286472949,0.3943189713527051,1
s34_1_retained_1_t018,34,1,retained_labeled_MI,1,s34.mat,8fd506677c43ffdbe7f3cbbb5ed22b9426ab3eb1275595202d88c508df6e240a,61951,Cho2017,Q15-E006,CSP4_LDA,deterministic,0.5668467786362588,0.43315322136374124,1
s34_1_retained_1_t019,34,1,retained_labeled_MI,1,s34.mat,8fd506677c43ffdbe7f3cbbb5ed22b9426ab3eb1275595202d88c508df6e240a,65535,Cho2017,Q15-E006,CSP4_LDA,deterministic,0.6632813121727982,0.3367186878272018,1
s34_1_retained_1_t020,34,1,retained_labeled_MI,1,s34.mat,8fd506677c43ffdbe7f3cbbb5ed22b9426ab3eb1275595202d88c508df6e240a,69119,Cho2017,Q15-E006,CSP4_LDA,deterministic,0.6390449515148615,0.36095504848513854,1
s34_1_retained_1_t021,34,1,retained_labeled_MI,1,s34.mat,8fd506677c43ffdbe7f3cbbb5ed22b9426ab3eb1275595202d88c508df6e240a,72703,Cho2017,Q15-E006,CSP4_LDA,deterministic,0.673496403059667,0.32650359694033304,1
s34_1_retained_1_t022,34,1,retained_labeled_MI,1,s34.mat,8fd506677c43ffdbe7f3cbbb5ed22b9426ab3eb1275595202d88c508df6e240a,76287,Cho2017,Q15-E006,CSP4_LDA,deterministic,0.6457726272663948,0.3542273727336051,1
s34_1_retained_1_t023,34,1,retained_labeled_MI,1,s34.mat,8fd506677c43ffdbe7f3cbbb5ed22b9426ab3eb1275595202d88c508df6e240a,79871,Cho2017,Q15-E006,CSP4_LDA,deterministic,0.6772070163484515,0.3227929836515485,1
s34_1_retained_1_t024,34,1,retained_labeled_MI,1,s34.mat,8fd506677c43ffdbe7f3cbbb5ed22b9426ab3eb1275595202d88c508df6e240a,83455,Cho2017,Q15-E006,CSP4_LDA,deterministic,0.3945279432360025,0.6054720567639975,2
s34_1_retained_1_t025,34,1,retained_labeled_MI,1,s34.mat,8fd506677c43ffdbe7f3cbbb5ed22b9426ab3eb1275595202d88c508df6e240a,87039,Cho2017,Q15-E006,CSP4_LDA,deterministic,0.7501858847115997,0.24981411528840028,1
s34_1_retained_1_t026,34,1,retained_labeled_MI,1,s34.mat,8fd506677c43ffdbe7f3cbbb5ed22b9426ab3eb1275595202d88c508df6e240a,90623,Cho2017,Q15-E006,CSP4_LDA,deterministic,0.4705709360846775,0.5294290639153225,2
s34_1_retained_1_t027,34,1,retained_labeled_MI,1,s34.mat,8fd506677c43ffdbe7f3cbbb5ed22b9426ab3eb1275595202d88c508df6e240a,94207,Cho2017,Q15-E006,CSP4_LDA,deterministic,0.6317379844187674,0.36826201558123267,1
s34_1_retained_1_t028,34,1,retained_labeled_MI,1,s34.mat,8fd506677c43ffdbe7f3cbbb5ed22b9426ab3eb1275595202d88c508df6e240a,97791,Cho2017,Q15-E006,CSP4_LDA,deterministic,0.6615852239700559,0.3384147760299441,1
s34_1_retained_1_t029,34,1,retained_labeled_MI,1,s34.mat,8fd506677c43ffdbe7f3cbbb5ed22b9426ab3eb1275595202d88c508df6e240a,101375,Cho2017,Q15-E006,CSP4_LDA,deterministic,0.737668247960414,0.26233175203958603,1
s34_1_retained_1_t030,34,1,retained_labeled_MI,1,s34.mat,8fd506677c43ffdbe7f3cbbb5ed22b9426ab3eb1275595202d88c508df6e240a,104959,Cho2017,Q15-E006,CSP4_LDA,deterministic,0.6207327855089684,0.37926721449103157,1
s34_1_retained_1_t031,34,1,retained_labeled_MI,1,s34.mat,8fd506677c43ffdbe7f3cbbb5ed22b9426ab3eb1275595202d88c508df6e240a,108543,Cho2017,Q15-E006,CSP4_LDA,deterministic,0.6942587702485252,0.3057412297514748,1
s34_1_retained_1_t032,34,1,retained_labeled_MI,1,s34.mat,8fd506677c43ffdbe7f3cbbb5ed22b9426ab3eb1275595202d88c508df6e240a,112127,Cho2017,Q15-E006,CSP4_LDA,deterministic,0.7169645038682277,0.28303549613177226,1
s34_1_retained_1_t033,34,1,retained_labeled_MI,1,s34.mat,8fd506677c43ffdbe7f3cbbb5ed22b9426ab3eb1275595202d88c508df6e240a,115711,Cho2017,Q15-E006,CSP4_LDA,deterministic,0.5810377984184314,0.41896220158156855,1
s34_1_retained_1_t034,34,1,retained_labeled_MI,1,s34.mat,8fd506677c43ffdbe7f3cbbb5ed22b9426ab3eb1275595202d88c508df6e240a,119295,Cho2017,Q15-E006,CSP4_LDA,deterministic,0.667881394396944,0.33211860560305595,1
s34_1_retained_1_t035,34,1,retained_labeled_MI,1,s34.mat,8fd506677c43ffdbe7f3cbbb5ed22b9426ab3eb1275595202d88c508df6e240a,122879,Cho2017,Q15-E006,CSP4_LDA,deterministic,0.48681176468165177,0.5131882353183482,2
s34_1_retained_1_t036,34,1,retained_labeled_MI,1,s34.mat,8fd506677c43ffdbe7f3cbbb5ed22b9426ab3eb1275595202d88c508df6e240a,126463,Cho2017,Q15-E006,CSP4_LDA,deterministic,0.6707750004538262,0.32922499954617374,1
s34_1_retained_1_t037,34,1,retained_labeled_MI,1,s34.mat,8fd506677c43ffdbe7f3cbbb5ed22b9426ab3eb1275595202d88c508df6e240a,130047,Cho2017,Q15-E006,CSP4_LDA,deterministic,0.5966211707330333,0.4033788292669666,1
s34_1_retained_1_t038,34,1,retained_labeled_MI,1,s34.mat,8fd506677c43ffdbe7f3cbbb5ed22b9426ab3eb1275595202d88c508df6e240a,133631,Cho2017,Q15-E006,CSP4_LDA,deterministic,0.6041041926264922,0.3958958073735078,1
s34_1_retained_1_t039,34,1,retained_labeled_MI,1,s34.mat,8fd506677c43ffdbe7f3cbbb5ed22b9426ab3eb1275595202d88c508df6e240a,137215,Cho2017,Q15-E006,CSP4_LDA,deterministic,0.6770177758946095,0.32298222410539046,1
s34_1_retained_1_t040,34,1,retained_labeled_MI,1,s34.mat,8fd506677c43ffdbe7f3cbbb5ed22b9426ab3eb1275595202d88c508df6e240a,140799,Cho2017,Q15-E006,CSP4_LDA,deterministic,0.5704181682366511,0.4295818317633489,1
s34_1_retained_1_t041,34,1,retained_labeled_MI,1,s34.mat,8fd506677c43ffdbe7f3cbbb5ed22b9426ab3eb1275595202d88c508df6e240a,144383,Cho2017,Q15-E006,CSP4_LDA,deterministic,0.6526356063853306,0.3473643936146694,1
s34_1_retained_1_t042,34,1,retained_labeled_MI,1,s34.mat,8fd506677c43ffdbe7f3cbbb5ed22b9426ab3eb1275595202d88c508df6e240a,147967,Cho2017,Q15-E006,CSP4_LDA,deterministic,0.6769945885156387,0.32300541148436135,1
s34_1_retained_1_t043,34,1,retained_labeled_MI,1,s34.mat,8fd506677c43ffdbe7f3cbbb5ed22b9426ab3eb1275595202d88c508df6e240a,151551,Cho2017,Q15-E006,CSP4_LDA,deterministic,0.7173679946077272,0.2826320053922728,1
s34_1_retained_1_t044,34,1,retained_labeled_MI,1,s34.mat,8fd506677c43ffdbe7f3cbbb5ed22b9426ab3eb1275595202d88c508df6e240a,155135,Cho2017,Q15-E006,CSP4_LDA,deterministic,0.5254448491962499,0.4745551508037501,1
s34_1_retained_1_t045,34,1,retained_labeled_MI,1,s34.mat,8fd506677c43ffdbe7f3cbbb5ed22b9426ab3eb1275595202d88c508df6e240a,158719,Cho2017,Q15-E006,CSP4_LDA,deterministic,0.7875558882400273,0.21244411175997263,1
s34_1_retained_1_t046,34,1,retained_labeled_MI,1,s34.mat,8fd506677c43ffdbe7f3cbbb5ed22b9426ab3eb1275595202d88c508df6e240a,162303,Cho2017,Q15-E006,CSP4_LDA,deterministic,0.6794202324503549,0.3205797675496452,1
s34_1_retained_1_t047,34,1,retained_labeled_MI,1,s34.mat,8fd506677c43ffdbe7f3cbbb5ed22b9426ab3eb1275595202d88c508df6e240a,165887,Cho2017,Q15-E006,CSP4_LDA,deterministic,0.6364140992891067,0.36358590071089325,1
s34_1_retained_1_t048,34,1,retained_labeled_MI,1,s34.mat,8fd506677c43ffdbe7f3cbbb5ed22b9426ab3eb1275595202d88c508df6e240a,169471,Cho2017,Q15-E006,CSP4_LDA,deterministic,0.661954880505729,0.33804511949427096,1
s34_1_retained_1_t049,34,1,retained_labeled_MI,1,s34.mat,8fd506677c43ffdbe7f3cbbb5ed22b9426ab3eb1275595202d88c508df6e240a,173055,Cho2017,Q15-E006,CSP4_LDA,deterministic,0.6953454471960174,0.30465455280398257,1
s34_1_retained_1_t050,34,1,retained_labeled_MI,1,s34.mat,8fd506677c43ffdbe7f3cbbb5ed22b9426ab3eb1275595202d88c508df6e240a,176639,Cho2017,Q15-E006,CSP4_LDA,deterministic,0.6409965976763073,0.35900340232369266,1
s34_1_retained_1_t051,34,1,retained_labeled_MI,1,s34.mat,8fd506677c43ffdbe7f3cbbb5ed22b9426ab3eb1275595202d88c508df6e240a,180223,Cho2017,Q15-E006,CSP4_LDA,deterministic,0.6772325765401233,0.3227674234598767,1
s34_1_retained_1_t052,34,1,retained_labeled_MI,1,s34.mat,8fd506677c43ffdbe7f3cbbb5ed22b9426ab3eb1275595202d88c508df6e240a,183807,Cho2017,Q15-E006,CSP4_LDA,deterministic,0.7692989592095707,0.2307010407904293,1
s34_1_retained_1_t053,34,1,retained_labeled_MI,1,s34.mat,8fd506677c43ffdbe7f3cbbb5ed22b9426ab3eb1275595202d88c508df6e240a,187391,Cho2017,Q15-E006,CSP4_LDA,deterministic,0.7003389819842233,0.2996610180157767,1
s34_1_retained_1_t054,34,1,retained_labeled_MI,1,s34.mat,8fd506677c43ffdbe7f3cbbb5ed22b9426ab3eb1275595202d88c508df6e240a,190975,Cho2017,Q15-E006,CSP4_LDA,deterministic,0.6760439232037774,0.32395607679622257,1
s34_1_retained_1_t055,34,1,retained_labeled_MI,1,s34.mat,8fd506677c43ffdbe7f3cbbb5ed22b9426ab3eb1275595202d88c508df6e240a,194559,Cho2017,Q15-E006,CSP4_LDA,deterministic,0.5419738855851827,0.45802611441481733,1
s34_1_retained_1_t056,34,1,retained_labeled_MI,1,s34.mat,8fd506677c43ffdbe7f3cbbb5ed22b9426ab3eb1275595202d88c508df6e240a,198143,Cho2017,Q15-E006,CSP4_LDA,deterministic,0.5708023297392172,0.4291976702607828,1
s34_1_retained_1_t057,34,1,retained_labeled_MI,1,s34.mat,8fd506677c43ffdbe7f3cbbb5ed22b9426ab3eb1275595202d88c508df6e240a,201727,Cho2017,Q15-E006,CSP4_LDA,deterministic,0.6338732156415086,0.3661267843584915,1
s34_1_retained_1_t058,34,1,retained_labeled_MI,1,s34.mat,8fd506677c43ffdbe7f3cbbb5ed22b9426ab3eb1275595202d88c508df6e240a,205311,Cho2017,Q15-E006,CSP4_LDA,deterministic,0.6110014921742408,0.38899850782575923,1
s34_1_retained_1_t059,34,1,retained_labeled_MI,1,s34.mat,8fd506677c43ffdbe7f3cbbb5ed22b9426ab3eb1275595202d88c508df6e240a,208895,Cho2017,Q15-E006,CSP4_LDA,deterministic,0.5783873556222298,0.42161264437777024,1
s34_1_retained_1_t060,34,1,retained_labeled_MI,1,s34.mat,8fd506677c43ffdbe7f3cbbb5ed22b9426ab3eb1275595202d88c508df6e240a,212479,Cho2017,Q15-E006,CSP4_LDA,deterministic,0.6543962648032962,0.3456037351967038,1
s34_1_retained_1_t061,34,1,retained_labeled_MI,1,s34.mat,8fd506677c43ffdbe7f3cbbb5ed22b9426ab3eb1275595202d88c508df6e240a,216063,Cho2017,Q15-E006,CSP4_LDA,deterministic,0.691733023776936,0.308266976223064,1
s34_1_retained_1_t062,34,1,retained_labeled_MI,1,s34.mat,8fd506677c43ffdbe7f3cbbb5ed22b9426ab3eb1275595202d88c508df6e240a,219647,Cho2017,Q15-E006,CSP4_LDA,deterministic,0.6712068647071188,0.3287931352928812,1
s34_1_retained_1_t063,34,1,retained_labeled_MI,1,s34.mat,8fd506677c43ffdbe7f3cbbb5ed22b9426ab3eb1275595202d88c508df6e240a,223231,Cho2017,Q15-E006,CSP4_LDA,deterministic,0.746587664802706,0.253412335197294,1
s34_1_retained_1_t064,34,1,retained_labeled_MI,1,s34.mat,8fd506677c43ffdbe7f3cbbb5ed22b9426ab3eb1275595202d88c508df6e240a,226815,Cho2017,Q15-E006,CSP4_LDA,deterministic,0.7624718556681526,0.2375281443318474,1
s34_1_retained_1_t065,34,1,retained_labeled_MI,1,s34.mat,8fd506677c43ffdbe7f3cbbb5ed22b9426ab3eb1275595202d88c508df6e240a,230399,Cho2017,Q15-E006,CSP4_LDA,deterministic,0.7323328487855474,0.26766715121445256,1
s34_1_retained_1_t066,34,1,retained_labeled_MI,1,s34.mat,8fd506677c43ffdbe7f3cbbb5ed22b9426ab3eb1275595202d88c508df6e240a,233983,Cho2017,Q15-E006,CSP4_LDA,deterministic,0.6762741729170468,0.32372582708295317,1
s34_1_retained_1_t067,34,1,retained_labeled_MI,1,s34.mat,8fd506677c43ffdbe7f3cbbb5ed22b9426ab3eb1275595202d88c508df6e240a,237567,Cho2017,Q15-E006,CSP4_LDA,deterministic,0.8253010738383444,0.17469892616165567,1
s34_1_retained_1_t068,34,1,retained_labeled_MI,1,s34.mat,8fd506677c43ffdbe7f3cbbb5ed22b9426ab3eb1275595202d88c508df6e240a,241151,Cho2017,Q15-E006,CSP4_LDA,deterministic,0.6915627706652739,0.30843722933472606,1
s34_1_retained_1_t069,34,1,retained_labeled_MI,1,s34.mat,8fd506677c43ffdbe7f3cbbb5ed22b9426ab3eb1275595202d88c508df6e240a,244735,Cho2017,Q15-E006,CSP4_LDA,deterministic,0.7573165949296532,0.2426834050703468,1
s34_1_retained_1_t070,34,1,retained_labeled_MI,1,s34.mat,8fd506677c43ffdbe7f3cbbb5ed22b9426ab3eb1275595202d88c508df6e240a,248319,Cho2017,Q15-E006,CSP4_LDA,deterministic,0.6516562439008764,0.3483437560991236,1
s34_1_retained_1_t071,34,1,retained_labeled_MI,1,s34.mat,8fd506677c43ffdbe7f3cbbb5ed22b9426ab3eb1275595202d88c508df6e240a,251903,Cho2017,Q15-E006,CSP4_LDA,deterministic,0.7227271157546141,0.2772728842453859,1
s34_1_retained_1_t072,34,1,retained_labeled_MI,1,s34.mat,8fd506677c43ffdbe7f3cbbb5ed22b9426ab3eb1275595202d88c508df6e240a,255487,Cho2017,Q15-E006,CSP4_LDA,deterministic,0.5677247417304057,0.4322752582695944,1
s34_1_retained_1_t073,34,1,retained_labeled_MI,1,s34.mat,8fd506677c43ffdbe7f3cbbb5ed22b9426ab3eb1275595202d88c508df6e240a,259071,Cho2017,Q15-E006,CSP4_LDA,deterministic,0.72438246810328,0.27561753189672,1
s34_1_retained_1_t074,34,1,retained_labeled_MI,1,s34.mat,8fd506677c43ffdbe7f3cbbb5ed22b9426ab3eb1275595202d88c508df6e240a,262655,Cho2017,Q15-E006,CSP4_LDA,deterministic,0.671524685847697,0.328475314152303,1
s34_1_retained_1_t075,34,1,retained_labeled_MI,1,s34.mat,8fd506677c43ffdbe7f3cbbb5ed22b9426ab3eb1275595202d88c508df6e240a,266239,Cho2017,Q15-E006,CSP4_LDA,deterministic,0.6515058017988447,0.3484941982011554,1
s34_1_retained_1_t076,34,1,retained_labeled_MI,1,s34.mat,8fd506677c43ffdbe7f3cbbb5ed22b9426ab3eb1275595202d88c508df6e240a,269823,Cho2017,Q15-E006,CSP4_LDA,deterministic,0.7160589974382872,0.28394100256171284,1
s34_1_retained_1_t077,34,1,retained_labeled_MI,1,s34.mat,8fd506677c43ffdbe7f3cbbb5ed22b9426ab3eb1275595202d88c508df6e240a,273407,Cho2017,Q15-E006,CSP4_LDA,deterministic,0.6103595210396774,0.3896404789603226,1
s34_1_retained_1_t078,34,1,retained_labeled_MI,1,s34.mat,8fd506677c43ffdbe7f3cbbb5ed22b9426ab3eb1275595202d88c508df6e240a,276991,Cho2017,Q15-E006,CSP4_LDA,deterministic,0.7076352499127181,0.2923647500872819,1
s34_1_retained_1_t079,34,1,retained_labeled_MI,1,s34.mat,8fd506677c43ffdbe7f3cbbb5ed22b9426ab3eb1275595202d88c508df6e240a,280575,Cho2017,Q15-E006,CSP4_LDA,deterministic,0.6989733095629966,0.3010266904370034,1
s34_1_retained_1_t080,34,1,retained_labeled_MI,1,s34.mat,8fd506677c43ffdbe7f3cbbb5ed22b9426ab3eb1275595202d88c508df6e240a,284159,Cho2017,Q15-E006,CSP4_LDA,deterministic,0.6446902026504172,0.3553097973495828,1
s34_1_retained_1_t081,34,1,retained_labeled_MI,1,s34.mat,8fd506677c43ffdbe7f3cbbb5ed22b9426ab3eb1275595202d88c508df6e240a,287743,Cho2017,Q15-E006,CSP4_LDA,deterministic,0.6644517650879417,0.3355482349120583,1
s34_1_retained_1_t082,34,1,retained_labeled_MI,1,s34.mat,8fd506677c43ffdbe7f3cbbb5ed22b9426ab3eb1275595202d88c508df6e240a,291327,Cho2017,Q15-E006,CSP4_LDA,deterministic,0.6451877227704057,0.35481227722959424,1
s34_1_retained_1_t083,34,1,retained_labeled_MI,1,s34.mat,8fd506677c43ffdbe7f3cbbb5ed22b9426ab3eb1275595202d88c508df6e240a,294911,Cho2017,Q15-E006,CSP4_LDA,deterministic,0.5752198504334984,0.4247801495665015,1
s34_1_retained_1_t084,34,1,retained_labeled_MI,1,s34.mat,8fd506677c43ffdbe7f3cbbb5ed22b9426ab3eb1275595202d88c508df6e240a,298495,Cho2017,Q15-E006,CSP4_LDA,deterministic,0.6030500762169587,0.3969499237830413,1
s34_1_retained_1_t085,34,1,retained_labeled_MI,1,s34.mat,8fd506677c43ffdbe7f3cbbb5ed22b9426ab3eb1275595202d88c508df6e240a,302079,Cho2017,Q15-E006,CSP4_LDA,deterministic,0.6383791076261135,0.3616208923738865,1
s34_1_retained_1_t086,34,1,retained_labeled_MI,1,s34.mat,8fd506677c43ffdbe7f3cbbb5ed22b9426ab3eb1275595202d88c508df6e240a,305663,Cho2017,Q15-E006,CSP4_LDA,deterministic,0.5073756527285487,0.49262434727145127,1
s34_1_retained_1_t087,34,1,retained_labeled_MI,1,s34.mat,8fd506677c43ffdbe7f3cbbb5ed22b9426ab3eb1275595202d88c508df6e240a,309247,Cho2017,Q15-E006,CSP4_LDA,deterministic,0.7262677673704827,0.2737322326295173,1
s34_1_retained_1_t088,34,1,retained_labeled_MI,1,s34.mat,8fd506677c43ffdbe7f3cbbb5ed22b9426ab3eb1275595202d88c508df6e240a,312831,Cho2017,Q15-E006,CSP4_LDA,deterministic,0.6581384214314496,0.3418615785685503,1
s34_1_retained_1_t089,34,1,retained_labeled_MI,1,s34.mat,8fd506677c43ffdbe7f3cbbb5ed22b9426ab3eb1275595202d88c508df6e240a,316415,Cho2017,Q15-E006,CSP4_LDA,deterministic,0.5503167259976462,0.44968327400235375,1
s34_1_retained_1_t090,34,1,retained_labeled_MI,1,s34.mat,8fd506677c43ffdbe7f3cbbb5ed22b9426ab3eb1275595202d88c508df6e240a,319999,Cho2017,Q15-E006,CSP4_LDA,deterministic,0.368218846822312,0.631781153177688,2
s34_1_retained_1_t091,34,1,retained_labeled_MI,1,s34.mat,8fd506677c43ffdbe7f3cbbb5ed22b9426ab3eb1275595202d88c508df6e240a,323583,Cho2017,Q15-E006,CSP4_LDA,deterministic,0.527713350186147,0.47228664981385304,1
s34_1_retained_1_t092,34,1,retained_labeled_MI,1,s34.mat,8fd506677c43ffdbe7f3cbbb5ed22b9426ab3eb1275595202d88c508df6e240a,327167,Cho2017,Q15-E006,CSP4_LDA,deterministic,0.6746509294108574,0.32534907058914264,1
s34_1_retained_1_t093,34,1,retained_labeled_MI,1,s34.mat,8fd506677c43ffdbe7f3cbbb5ed22b9426ab3eb1275595202d88c508df6e240a,330751,Cho2017,Q15-E006,CSP4_LDA,deterministic,0.5856400341476086,0.41435996585239143,1
s34_1_retained_1_t094,34,1,retained_labeled_MI,1,s34.mat,8fd506677c43ffdbe7f3cbbb5ed22b9426ab3eb1275595202d88c508df6e240a,334335,Cho2017,Q15-E006,CSP4_LDA,deterministic,0.6217890258678747,0.3782109741321253,1
s34_1_retained_1_t095,34,1,retained_labeled_MI,1,s34.mat,8fd506677c43ffdbe7f3cbbb5ed22b9426ab3eb1275595202d88c508df6e240a,337919,Cho2017,Q15-E006,CSP4_LDA,deterministic,0.6567367706482685,0.3432632293517315,1
s34_1_retained_1_t096,34,1,retained_labeled_MI,1,s34.mat,8fd506677c43ffdbe7f3cbbb5ed22b9426ab3eb1275595202d88c508df6e240a,341503,Cho2017,Q15-E006,CSP4_LDA,deterministic,0.6046598531464236,0.3953401468535765,1
s34_1_retained_1_t097,34,1,retained_labeled_MI,1,s34.mat,8fd506677c43ffdbe7f3cbbb5ed22b9426ab3eb1275595202d88c508df6e240a,345087,Cho2017,Q15-E006,CSP4_LDA,deterministic,0.557453994195241,0.442546005804759,1
s34_1_retained_1_t098,34,1,retained_labeled_MI,1,s34.mat,8fd506677c43ffdbe7f3cbbb5ed22b9426ab3eb1275595202d88c508df6e240a,348671,Cho2017,Q15-E006,CSP4_LDA,deterministic,0.630608523950362,0.369391476049638,1
s34_1_retained_1_t099,34,1,retained_labeled_MI,1,s34.mat,8fd506677c43ffdbe7f3cbbb5ed22b9426ab3eb1275595202d88c508df6e240a,352255,Cho2017,Q15-E006,CSP4_LDA,deterministic,0.6357668878295406,0.36423311217045934,1
s34_1_retained_1_t100,34,1,retained_labeled_MI,1,s34.mat,8fd506677c43ffdbe7f3cbbb5ed22b9426ab3eb1275595202d88c508df6e240a,355839,Cho2017,Q15-E006,CSP4_LDA,deterministic,0.7066250191798722,0.29337498082012775,1
s34_1_retained_2_t001,34,1,retained_labeled_MI,2,s34.mat,8fd506677c43ffdbe7f3cbbb5ed22b9426ab3eb1275595202d88c508df6e240a,1023,Cho2017,Q15-E006,CSP4_LDA,deterministic,0.6440260436324978,0.3559739563675022,1
s34_1_retained_2_t002,34,1,retained_labeled_MI,2,s34.mat,8fd506677c43ffdbe7f3cbbb5ed22b9426ab3eb1275595202d88c508df6e240a,4607,Cho2017,Q15-E006,CSP4_LDA,deterministic,0.6360080713759301,0.3639919286240699,1
s34_1_retained_2_t003,34,1,retained_labeled_MI,2,s34.mat,8fd506677c43ffdbe7f3cbbb5ed22b9426ab3eb1275595202d88c508df6e240a,8191,Cho2017,Q15-E006,CSP4_LDA,deterministic,0.6575883074819966,0.34241169251800335,1
s34_1_retained_2_t004,34,1,retained_labeled_MI,2,s34.mat,8fd506677c43ffdbe7f3cbbb5ed22b9426ab3eb1275595202d88c508df6e240a,11775,Cho2017,Q15-E006,CSP4_LDA,deterministic,0.602482007210945,0.397517992789055,1
s34_1_retained_2_t005,34,1,retained_labeled_MI,2,s34.mat,8fd506677c43ffdbe7f3cbbb5ed22b9426ab3eb1275595202d88c508df6e240a,15359,Cho2017,Q15-E006,CSP4_LDA,deterministic,0.7023980853931953,0.2976019146068047,1
s34_1_retained_2_t006,34,1,retained_labeled_MI,2,s34.mat,8fd506677c43ffdbe7f3cbbb5ed22b9426ab3eb1275595202d88c508df6e240a,18943,Cho2017,Q15-E006,CSP4_LDA,deterministic,0.5645317584858429,0.4354682415141571,1
s34_1_retained_2_t007,34,1,retained_labeled_MI,2,s34.mat,8fd506677c43ffdbe7f3cbbb5ed22b9426ab3eb1275595202d88c508df6e240a,22527,Cho2017,Q15-E006,CSP4_LDA,deterministic,0.6021418304789312,0.3978581695210687,1
s34_1_retained_2_t008,34,1,retained_labeled_MI,2,s34.mat,8fd506677c43ffdbe7f3cbbb5ed22b9426ab3eb1275595202d88c508df6e240a,26111,Cho2017,Q15-E006,CSP4_LDA,deterministic,0.6782224418821913,0.3217775581178087,1
s34_1_retained_2_t009,34,1,retained_labeled_MI,2,s34.mat,8fd506677c43ffdbe7f3cbbb5ed22b9426ab3eb1275595202d88c508df6e240a,29695,Cho2017,Q15-E006,CSP4_LDA,deterministic,0.7229402258486086,0.27705977415139144,1
s34_1_retained_2_t010,34,1,retained_labeled_MI,2,s34.mat,8fd506677c43ffdbe7f3cbbb5ed22b9426ab3eb1275595202d88c508df6e240a,33279,Cho2017,Q15-E006,CSP4_LDA,deterministic,0.5596733429476792,0.4403266570523207,1
s34_1_retained_2_t011,34,1,retained_labeled_MI,2,s34.mat,8fd506677c43ffdbe7f3cbbb5ed22b9426ab3eb1275595202d88c508df6e240a,36863,Cho2017,Q15-E006,CSP4_LDA,deterministic,0.5928191324098964,0.40718086759010363,1
s34_1_retained_2_t012,34,1,retained_labeled_MI,2,s34.mat,8fd506677c43ffdbe7f3cbbb5ed22b9426ab3eb1275595202d88c508df6e240a,40447,Cho2017,Q15-E006,CSP4_LDA,deterministic,0.7058005133229334,0.29419948667706664,1
s34_1_retained_2_t013,34,1,retained_labeled_MI,2,s34.mat,8fd506677c43ffdbe7f3cbbb5ed22b9426ab3eb1275595202d88c508df6e240a,44031,Cho2017,Q15-E006,CSP4_LDA,deterministic,0.7367009258763528,0.26329907412364717,1
s34_1_retained_2_t014,34,1,retained_labeled_MI,2,s34.mat,8fd506677c43ffdbe7f3cbbb5ed22b9426ab3eb1275595202d88c508df6e240a,47615,Cho2017,Q15-E006,CSP4_LDA,deterministic,0.6398377858456008,0.3601622141543992,1
s34_1_retained_2_t015,34,1,retained_labeled_MI,2,s34.mat,8fd506677c43ffdbe7f3cbbb5ed22b9426ab3eb1275595202d88c508df6e240a,51199,Cho2017,Q15-E006,CSP4_LDA,deterministic,0.5916087198003064,0.4083912801996936,1
s34_1_retained_2_t016,34,1,retained_labeled_MI,2,s34.mat,8fd506677c43ffdbe7f3cbbb5ed22b9426ab3eb1275595202d88c508df6e240a,54783,Cho2017,Q15-E006,CSP4_LDA,deterministic,0.5845895537750658,0.4154104462249342,1
s34_1_retained_2_t017,34,1,retained_labeled_MI,2,s34.mat,8fd506677c43ffdbe7f3cbbb5ed22b9426ab3eb1275595202d88c508df6e240a,58367,Cho2017,Q15-E006,CSP4_LDA,deterministic,0.610730603687202,0.389269396312798,1
s34_1_retained_2_t018,34,1,retained_labeled_MI,2,s34.mat,8fd506677c43ffdbe7f3cbbb5ed22b9426ab3eb1275595202d88c508df6e240a,61951,Cho2017,Q15-E006,CSP4_LDA,deterministic,0.6688808522402736,0.33111914775972645,1
s34_1_retained_2_t019,34,1,retained_labeled_MI,2,s34.mat,8fd506677c43ffdbe7f3cbbb5ed22b9426ab3eb1275595202d88c508df6e240a,65535,Cho2017,Q15-E006,CSP4_LDA,deterministic,0.6749653464142972,0.3250346535857028,1
s34_1_retained_2_t020,34,1,retained_labeled_MI,2,s34.mat,8fd506677c43ffdbe7f3cbbb5ed22b9426ab3eb1275595202d88c508df6e240a,69119,Cho2017,Q15-E006,CSP4_LDA,deterministic,0.6894312893628822,0.3105687106371178,1
s34_1_retained_2_t021,34,1,retained_labeled_MI,2,s34.mat,8fd506677c43ffdbe7f3cbbb5ed22b9426ab3eb1275595202d88c508df6e240a,72703,Cho2017,Q15-E006,CSP4_LDA,deterministic,0.6372548389357853,0.3627451610642148,1
s34_1_retained_2_t022,34,1,retained_labeled_MI,2,s34.mat,8fd506677c43ffdbe7f3cbbb5ed22b9426ab3eb1275595202d88c508df6e240a,76287,Cho2017,Q15-E006,CSP4_LDA,deterministic,0.6064138605374778,0.39358613946252213,1
s34_1_retained_2_t023,34,1,retained_labeled_MI,2,s34.mat,8fd506677c43ffdbe7f3cbbb5ed22b9426ab3eb1275595202d88c508df6e240a,79871,Cho2017,Q15-E006,CSP4_LDA,deterministic,0.6518250580025258,0.3481749419974743,1
s34_1_retained_2_t024,34,1,retained_labeled_MI,2,s34.mat,8fd506677c43ffdbe7f3cbbb5ed22b9426ab3eb1275595202d88c508df6e240a,83455,Cho2017,Q15-E006,CSP4_LDA,deterministic,0.6210311841241527,0.3789688158758473,1
s34_1_retained_2_t025,34,1,retained_labeled_MI,2,s34.mat,8fd506677c43ffdbe7f3cbbb5ed22b9426ab3eb1275595202d88c508df6e240a,87039,Cho2017,Q15-E006,CSP4_LDA,deterministic,0.7019917585130597,0.29800824148694033,1
s34_1_retained_2_t026,34,1,retained_labeled_MI,2,s34.mat,8fd506677c43ffdbe7f3cbbb5ed22b9426ab3eb1275595202d88c508df6e240a,90623,Cho2017,Q15-E006,CSP4_LDA,deterministic,0.5332469189348227,0.4667530810651773,1
s34_1_retained_2_t027,34,1,retained_labeled_MI,2,s34.mat,8fd506677c43ffdbe7f3cbbb5ed22b9426ab3eb1275595202d88c508df6e240a,94207,Cho2017,Q15-E006,CSP4_LDA,deterministic,0.5597492878555896,0.4402507121444104,1
s34_1_retained_2_t028,34,1,retained_labeled_MI,2,s34.mat,8fd506677c43ffdbe7f3cbbb5ed22b9426ab3eb1275595202d88c508df6e240a,97791,Cho2017,Q15-E006,CSP4_LDA,deterministic,0.6607531362926801,0.33924686370731993,1
s34_1_retained_2_t029,34,1,retained_labeled_MI,2,s34.mat,8fd506677c43ffdbe7f3cbbb5ed22b9426ab3eb1275595202d88c508df6e240a,101375,Cho2017,Q15-E006,CSP4_LDA,deterministic,0.6821389875796745,0.3178610124203255,1
s34_1_retained_2_t030,34,1,retained_labeled_MI,2,s34.mat,8fd506677c43ffdbe7f3cbbb5ed22b9426ab3eb1275595202d88c508df6e240a,104959,Cho2017,Q15-E006,CSP4_LDA,deterministic,0.6498762467103172,0.35012375328968276,1
s34_1_retained_2_t031,34,1,retained_labeled_MI,2,s34.mat,8fd506677c43ffdbe7f3cbbb5ed22b9426ab3eb1275595202d88c508df6e240a,108543,Cho2017,Q15-E006,CSP4_LDA,deterministic,0.6258231781574506,0.3741768218425494,1
s34_1_retained_2_t032,34,1,retained_labeled_MI,2,s34.mat,8fd506677c43ffdbe7f3cbbb5ed22b9426ab3eb1275595202d88c508df6e240a,112127,Cho2017,Q15-E006,CSP4_LDA,deterministic,0.617519380604647,0.38248061939535305,1
s34_1_retained_2_t033,34,1,retained_labeled_MI,2,s34.mat,8fd506677c43ffdbe7f3cbbb5ed22b9426ab3eb1275595202d88c508df6e240a,115711,Cho2017,Q15-E006,CSP4_LDA,deterministic,0.5773257532607224,0.42267424673927756,1
s34_1_retained_2_t034,34,1,retained_labeled_MI,2,s34.mat,8fd506677c43ffdbe7f3cbbb5ed22b9426ab3eb1275595202d88c508df6e240a,119295,Cho2017,Q15-E006,CSP4_LDA,deterministic,0.6242171271819639,0.3757828728180362,1
s34_1_retained_2_t035,34,1,retained_labeled_MI,2,s34.mat,8fd506677c43ffdbe7f3cbbb5ed22b9426ab3eb1275595202d88c508df6e240a,122879,Cho2017,Q15-E006,CSP4_LDA,deterministic,0.6556485333462119,0.3443514666537881,1
s34_1_retained_2_t036,34,1,retained_labeled_MI,2,s34.mat,8fd506677c43ffdbe7f3cbbb5ed22b9426ab3eb1275595202d88c508df6e240a,126463,Cho2017,Q15-E006,CSP4_LDA,deterministic,0.5473914306433916,0.45260856935660837,1
s34_1_retained_2_t037,34,1,retained_labeled_MI,2,s34.mat,8fd506677c43ffdbe7f3cbbb5ed22b9426ab3eb1275595202d88c508df6e240a,130047,Cho2017,Q15-E006,CSP4_LDA,deterministic,0.6768652628775942,0.3231347371224058,1
s34_1_retained_2_t038,34,1,retained_labeled_MI,2,s34.mat,8fd506677c43ffdbe7f3cbbb5ed22b9426ab3eb1275595202d88c508df6e240a,133631,Cho2017,Q15-E006,CSP4_LDA,deterministic,0.6825491714514526,0.31745082854854745,1
s34_1_retained_2_t039,34,1,retained_labeled_MI,2,s34.mat,8fd506677c43ffdbe7f3cbbb5ed22b9426ab3eb1275595202d88c508df6e240a,137215,Cho2017,Q15-E006,CSP4_LDA,deterministic,0.5319217256069512,0.46807827439304883,1
s34_1_retained_2_t040,34,1,retained_labeled_MI,2,s34.mat,8fd506677c43ffdbe7f3cbbb5ed22b9426ab3eb1275595202d88c508df6e240a,140799,Cho2017,Q15-E006,CSP4_LDA,deterministic,0.5444295572924589,0.45557044270754105,1
s34_1_retained_2_t041,34,1,retained_labeled_MI,2,s34.mat,8fd506677c43ffdbe7f3cbbb5ed22b9426ab3eb1275595202d88c508df6e240a,144383,Cho2017,Q15-E006,CSP4_LDA,deterministic,0.5748873260243024,0.4251126739756976,1
s34_1_retained_2_t042,34,1,retained_labeled_MI,2,s34.mat,8fd506677c43ffdbe7f3cbbb5ed22b9426ab3eb1275595202d88c508df6e240a,147967,Cho2017,Q15-E006,CSP4_LDA,deterministic,0.6510112145867839,0.3489887854132161,1
s34_1_retained_2_t043,34,1,retained_labeled_MI,2,s34.mat,8fd506677c43ffdbe7f3cbbb5ed22b9426ab3eb1275595202d88c508df6e240a,151551,Cho2017,Q15-E006,CSP4_LDA,deterministic,0.6703991770824751,0.3296008229175249,1
s34_1_retained_2_t044,34,1,retained_labeled_MI,2,s34.mat,8fd506677c43ffdbe7f3cbbb5ed22b9426ab3eb1275595202d88c508df6e240a,155135,Cho2017,Q15-E006,CSP4_LDA,deterministic,0.7024871342827093,0.2975128657172908,1
s34_1_retained_2_t045,34,1,retained_labeled_MI,2,s34.mat,8fd506677c43ffdbe7f3cbbb5ed22b9426ab3eb1275595202d88c508df6e240a,158719,Cho2017,Q15-E006,CSP4_LDA,deterministic,0.6300959956955478,0.36990400430445225,1
s34_1_retained_2_t046,34,1,retained_labeled_MI,2,s34.mat,8fd506677c43ffdbe7f3cbbb5ed22b9426ab3eb1275595202d88c508df6e240a,162303,Cho2017,Q15-E006,CSP4_LDA,deterministic,0.7255936907422187,0.27440630925778126,1
s34_1_retained_2_t047,34,1,retained_labeled_MI,2,s34.mat,8fd506677c43ffdbe7f3cbbb5ed22b9426ab3eb1275595202d88c508df6e240a,165887,Cho2017,Q15-E006,CSP4_LDA,deterministic,0.8178954298873982,0.1821045701126019,1
s34_1_retained_2_t048,34,1,retained_labeled_MI,2,s34.mat,8fd506677c43ffdbe7f3cbbb5ed22b9426ab3eb1275595202d88c508df6e240a,169471,Cho2017,Q15-E006,CSP4_LDA,deterministic,0.736230600895091,0.26376939910490904,1
s34_1_retained_2_t049,34,1,retained_labeled_MI,2,s34.mat,8fd506677c43ffdbe7f3cbbb5ed22b9426ab3eb1275595202d88c508df6e240a,173055,Cho2017,Q15-E006,CSP4_LDA,deterministic,0.7323530235201172,0.26764697647988284,1
s34_1_retained_2_t050,34,1,retained_labeled_MI,2,s34.mat,8fd506677c43ffdbe7f3cbbb5ed22b9426ab3eb1275595202d88c508df6e240a,176639,Cho2017,Q15-E006,CSP4_LDA,deterministic,0.7124637399882048,0.2875362600117952,1
s34_1_retained_2_t051,34,1,retained_labeled_MI,2,s34.mat,8fd506677c43ffdbe7f3cbbb5ed22b9426ab3eb1275595202d88c508df6e240a,180223,Cho2017,Q15-E006,CSP4_LDA,deterministic,0.6129180605025089,0.38708193949749115,1
s34_1_retained_2_t052,34,1,retained_labeled_MI,2,s34.mat,8fd506677c43ffdbe7f3cbbb5ed22b9426ab3eb1275595202d88c508df6e240a,183807,Cho2017,Q15-E006,CSP4_LDA,deterministic,0.5877147382938682,0.4122852617061318,1
s34_1_retained_2_t053,34,1,retained_labeled_MI,2,s34.mat,8fd506677c43ffdbe7f3cbbb5ed22b9426ab3eb1275595202d88c508df6e240a,187391,Cho2017,Q15-E006,CSP4_LDA,deterministic,0.6750335824629741,0.3249664175370259,1
s34_1_retained_2_t054,34,1,retained_labeled_MI,2,s34.mat,8fd506677c43ffdbe7f3cbbb5ed22b9426ab3eb1275595202d88c508df6e240a,190975,Cho2017,Q15-E006,CSP4_LDA,deterministic,0.5976940770489685,0.4023059229510315,1
s34_1_retained_2_t055,34,1,retained_labeled_MI,2,s34.mat,8fd506677c43ffdbe7f3cbbb5ed22b9426ab3eb1275595202d88c508df6e240a,194559,Cho2017,Q15-E006,CSP4_LDA,deterministic,0.6315643757772202,0.3684356242227797,1
s34_1_retained_2_t056,34,1,retained_labeled_MI,2,s34.mat,8fd506677c43ffdbe7f3cbbb5ed22b9426ab3eb1275595202d88c508df6e240a,198143,Cho2017,Q15-E006,CSP4_LDA,deterministic,0.6305010571410373,0.3694989428589627,1
s34_1_retained_2_t057,34,1,retained_labeled_MI,2,s34.mat,8fd506677c43ffdbe7f3cbbb5ed22b9426ab3eb1275595202d88c508df6e240a,201727,Cho2017,Q15-E006,CSP4_LDA,deterministic,0.6524882466261119,0.3475117533738881,1
s34_1_retained_2_t058,34,1,retained_labeled_MI,2,s34.mat,8fd506677c43ffdbe7f3cbbb5ed22b9426ab3eb1275595202d88c508df6e240a,205311,Cho2017,Q15-E006,CSP4_LDA,deterministic,0.6946484808143739,0.3053515191856261,1
s34_1_retained_2_t059,34,1,retained_labeled_MI,2,s34.mat,8fd506677c43ffdbe7f3cbbb5ed22b9426ab3eb1275595202d88c508df6e240a,208895,Cho2017,Q15-E006,CSP4_LDA,deterministic,0.6392524559088839,0.3607475440911161,1
s34_1_retained_2_t060,34,1,retained_labeled_MI,2,s34.mat,8fd506677c43ffdbe7f3cbbb5ed22b9426ab3eb1275595202d88c508df6e240a,212479,Cho2017,Q15-E006,CSP4_LDA,deterministic,0.683134642527975,0.31686535747202504,1
s34_1_retained_2_t061,34,1,retained_labeled_MI,2,s34.mat,8fd506677c43ffdbe7f3cbbb5ed22b9426ab3eb1275595202d88c508df6e240a,216063,Cho2017,Q15-E006,CSP4_LDA,deterministic,0.6635118115232073,0.33648818847679274,1
s34_1_retained_2_t062,34,1,retained_labeled_MI,2,s34.mat,8fd506677c43ffdbe7f3cbbb5ed22b9426ab3eb1275595202d88c508df6e240a,219647,Cho2017,Q15-E006,CSP4_LDA,deterministic,0.6401407020191084,0.35985929798089156,1
s34_1_retained_2_t063,34,1,retained_labeled_MI,2,s34.mat,8fd506677c43ffdbe7f3cbbb5ed22b9426ab3eb1275595202d88c508df6e240a,223231,Cho2017,Q15-E006,CSP4_LDA,deterministic,0.6429043841619291,0.357095615838071,1
s34_1_retained_2_t064,34,1,retained_labeled_MI,2,s34.mat,8fd506677c43ffdbe7f3cbbb5ed22b9426ab3eb1275595202d88c508df6e240a,226815,Cho2017,Q15-E006,CSP4_LDA,deterministic,0.7088215942520162,0.29117840574798387,1
s34_1_retained_2_t065,34,1,retained_labeled_MI,2,s34.mat,8fd506677c43ffdbe7f3cbbb5ed22b9426ab3eb1275595202d88c508df6e240a,230399,Cho2017,Q15-E006,CSP4_LDA,deterministic,0.7098267967656571,0.2901732032343429,1
s34_1_retained_2_t066,34,1,retained_labeled_MI,2,s34.mat,8fd506677c43ffdbe7f3cbbb5ed22b9426ab3eb1275595202d88c508df6e240a,233983,Cho2017,Q15-E006,CSP4_LDA,deterministic,0.7287601218903873,0.2712398781096127,1
s34_1_retained_2_t067,34,1,retained_labeled_MI,2,s34.mat,8fd506677c43ffdbe7f3cbbb5ed22b9426ab3eb1275595202d88c508df6e240a,237567,Cho2017,Q15-E006,CSP4_LDA,deterministic,0.6820011679879548,0.31799883201204515,1
s34_1_retained_2_t068,34,1,retained_labeled_MI,2,s34.mat,8fd506677c43ffdbe7f3cbbb5ed22b9426ab3eb1275595202d88c508df6e240a,241151,Cho2017,Q15-E006,CSP4_LDA,deterministic,0.5341196501745946,0.46588034982540544,1
s34_1_retained_2_t069,34,1,retained_labeled_MI,2,s34.mat,8fd506677c43ffdbe7f3cbbb5ed22b9426ab3eb1275595202d88c508df6e240a,244735,Cho2017,Q15-E006,CSP4_LDA,deterministic,0.7108110449805412,0.2891889550194589,1
s34_1_retained_2_t070,34,1,retained_labeled_MI,2,s34.mat,8fd506677c43ffdbe7f3cbbb5ed22b9426ab3eb1275595202d88c508df6e240a,248319,Cho2017,Q15-E006,CSP4_LDA,deterministic,0.6562060941527728,0.3437939058472272,1
s34_1_retained_2_t071,34,1,retained_labeled_MI,2,s34.mat,8fd506677c43ffdbe7f3cbbb5ed22b9426ab3eb1275595202d88c508df6e240a,251903,Cho2017,Q15-E006,CSP4_LDA,deterministic,0.7389755553016817,0.26102444469831826,1
s34_1_retained_2_t072,34,1,retained_labeled_MI,2,s34.mat,8fd506677c43ffdbe7f3cbbb5ed22b9426ab3eb1275595202d88c508df6e240a,255487,Cho2017,Q15-E006,CSP4_LDA,deterministic,0.664648628328481,0.33535137167151896,1
s34_1_retained_2_t073,34,1,retained_labeled_MI,2,s34.mat,8fd506677c43ffdbe7f3cbbb5ed22b9426ab3eb1275595202d88c508df6e240a,259071,Cho2017,Q15-E006,CSP4_LDA,deterministic,0.7286818054494064,0.27131819455059364,1
s34_1_retained_2_t074,34,1,retained_labeled_MI,2,s34.mat,8fd506677c43ffdbe7f3cbbb5ed22b9426ab3eb1275595202d88c508df6e240a,262655,Cho2017,Q15-E006,CSP4_LDA,deterministic,0.6398338816290343,0.3601661183709657,1
s34_1_retained_2_t075,34,1,retained_labeled_MI,2,s34.mat,8fd506677c43ffdbe7f3cbbb5ed22b9426ab3eb1275595202d88c508df6e240a,266239,Cho2017,Q15-E006,CSP4_LDA,deterministic,0.6841588156228995,0.31584118437710046,1
s34_1_retained_2_t076,34,1,retained_labeled_MI,2,s34.mat,8fd506677c43ffdbe7f3cbbb5ed22b9426ab3eb1275595202d88c508df6e240a,269823,Cho2017,Q15-E006,CSP4_LDA,deterministic,0.6607440331067111,0.3392559668932889,1
s34_1_retained_2_t077,34,1,retained_labeled_MI,2,s34.mat,8fd506677c43ffdbe7f3cbbb5ed22b9426ab3eb1275595202d88c508df6e240a,273407,Cho2017,Q15-E006,CSP4_LDA,deterministic,0.6921403749681103,0.30785962503188974,1
s34_1_retained_2_t078,34,1,retained_labeled_MI,2,s34.mat,8fd506677c43ffdbe7f3cbbb5ed22b9426ab3eb1275595202d88c508df6e240a,276991,Cho2017,Q15-E006,CSP4_LDA,deterministic,0.6219054156092856,0.37809458439071447,1
s34_1_retained_2_t079,34,1,retained_labeled_MI,2,s34.mat,8fd506677c43ffdbe7f3cbbb5ed22b9426ab3eb1275595202d88c508df6e240a,280575,Cho2017,Q15-E006,CSP4_LDA,deterministic,0.6349190050340794,0.36508099496592056,1
s34_1_retained_2_t080,34,1,retained_labeled_MI,2,s34.mat,8fd506677c43ffdbe7f3cbbb5ed22b9426ab3eb1275595202d88c508df6e240a,284159,Cho2017,Q15-E006,CSP4_LDA,deterministic,0.6845003226069393,0.3154996773930608,1
s34_1_retained_2_t081,34,1,retained_labeled_MI,2,s34.mat,8fd506677c43ffdbe7f3cbbb5ed22b9426ab3eb1275595202d88c508df6e240a,287743,Cho2017,Q15-E006,CSP4_LDA,deterministic,0.6653790963041344,0.3346209036958656,1
s34_1_retained_2_t082,34,1,retained_labeled_MI,2,s34.mat,8fd506677c43ffdbe7f3cbbb5ed22b9426ab3eb1275595202d88c508df6e240a,291327,Cho2017,Q15-E006,CSP4_LDA,deterministic,0.7169357298851302,0.28306427011486984,1
s34_1_retained_2_t083,34,1,retained_labeled_MI,2,s34.mat,8fd506677c43ffdbe7f3cbbb5ed22b9426ab3eb1275595202d88c508df6e240a,294911,Cho2017,Q15-E006,CSP4_LDA,deterministic,0.588092061427131,0.411907938572869,1
s34_1_retained_2_t084,34,1,retained_labeled_MI,2,s34.mat,8fd506677c43ffdbe7f3cbbb5ed22b9426ab3eb1275595202d88c508df6e240a,298495,Cho2017,Q15-E006,CSP4_LDA,deterministic,0.6682414129035351,0.3317585870964649,1
s34_1_retained_2_t085,34,1,retained_labeled_MI,2,s34.mat,8fd506677c43ffdbe7f3cbbb5ed22b9426ab3eb1275595202d88c508df6e240a,302079,Cho2017,Q15-E006,CSP4_LDA,deterministic,0.6952408359481641,0.3047591640518359,1
s34_1_retained_2_t086,34,1,retained_labeled_MI,2,s34.mat,8fd506677c43ffdbe7f3cbbb5ed22b9426ab3eb1275595202d88c508df6e240a,305663,Cho2017,Q15-E006,CSP4_LDA,deterministic,0.6390963186672298,0.3609036813327701,1
s34_1_retained_2_t087,34,1,retained_labeled_MI,2,s34.mat,8fd506677c43ffdbe7f3cbbb5ed22b9426ab3eb1275595202d88c508df6e240a,309247,Cho2017,Q15-E006,CSP4_LDA,deterministic,0.6617755158214338,0.33822448417856615,1
s34_1_retained_2_t088,34,1,retained_labeled_MI,2,s34.mat,8fd506677c43ffdbe7f3cbbb5ed22b9426ab3eb1275595202d88c508df6e240a,312831,Cho2017,Q15-E006,CSP4_LDA,deterministic,0.6538993881043966,0.34610061189560337,1
s34_1_retained_2_t089,34,1,retained_labeled_MI,2,s34.mat,8fd506677c43ffdbe7f3cbbb5ed22b9426ab3eb1275595202d88c508df6e240a,316415,Cho2017,Q15-E006,CSP4_LDA,deterministic,0.617143978903044,0.3828560210969561,1
s34_1_retained_2_t090,34,1,retained_labeled_MI,2,s34.mat,8fd506677c43ffdbe7f3cbbb5ed22b9426ab3eb1275595202d88c508df6e240a,319999,Cho2017,Q15-E006,CSP4_LDA,deterministic,0.600234404505402,0.399765595494598,1
s34_1_retained_2_t091,34,1,retained_labeled_MI,2,s34.mat,8fd506677c43ffdbe7f3cbbb5ed22b9426ab3eb1275595202d88c508df6e240a,323583,Cho2017,Q15-E006,CSP4_LDA,deterministic,0.6066114899903478,0.39338851000965225,1
s34_1_retained_2_t092,34,1,retained_labeled_MI,2,s34.mat,8fd506677c43ffdbe7f3cbbb5ed22b9426ab3eb1275595202d88c508df6e240a,327167,Cho2017,Q15-E006,CSP4_LDA,deterministic,0.7019870152441385,0.29801298475586147,1
s34_1_retained_2_t093,34,1,retained_labeled_MI,2,s34.mat,8fd506677c43ffdbe7f3cbbb5ed22b9426ab3eb1275595202d88c508df6e240a,330751,Cho2017,Q15-E006,CSP4_LDA,deterministic,0.7129137710472191,0.28708622895278085,1
s34_1_retained_2_t094,34,1,retained_labeled_MI,2,s34.mat,8fd506677c43ffdbe7f3cbbb5ed22b9426ab3eb1275595202d88c508df6e240a,334335,Cho2017,Q15-E006,CSP4_LDA,deterministic,0.6351069272254428,0.36489307277455724,1
s34_1_retained_2_t095,34,1,retained_labeled_MI,2,s34.mat,8fd506677c43ffdbe7f3cbbb5ed22b9426ab3eb1275595202d88c508df6e240a,337919,Cho2017,Q15-E006,CSP4_LDA,deterministic,0.5251869624066923,0.4748130375933078,1
s34_1_retained_2_t096,34,1,retained_labeled_MI,2,s34.mat,8fd506677c43ffdbe7f3cbbb5ed22b9426ab3eb1275595202d88c508df6e240a,341503,Cho2017,Q15-E006,CSP4_LDA,deterministic,0.5560828197788709,0.44391718022112914,1
s34_1_retained_2_t097,34,1,retained_labeled_MI,2,s34.mat,8fd506677c43ffdbe7f3cbbb5ed22b9426ab3eb1275595202d88c508df6e240a,345087,Cho2017,Q15-E006,CSP4_LDA,deterministic,0.5926245984029637,0.40737540159703634,1
s34_1_retained_2_t098,34,1,retained_labeled_MI,2,s34.mat,8fd506677c43ffdbe7f3cbbb5ed22b9426ab3eb1275595202d88c508df6e240a,348671,Cho2017,Q15-E006,CSP4_LDA,deterministic,0.7600918907606781,0.2399081092393219,1
s34_1_retained_2_t099,34,1,retained_labeled_MI,2,s34.mat,8fd506677c43ffdbe7f3cbbb5ed22b9426ab3eb1275595202d88c508df6e240a,352255,Cho2017,Q15-E006,CSP4_LDA,deterministic,0.6691230438208224,0.3308769561791775,1
s34_1_retained_2_t100,34,1,retained_labeled_MI,2,s34.mat,8fd506677c43ffdbe7f3cbbb5ed22b9426ab3eb1275595202d88c508df6e240a,355839,Cho2017,Q15-E006,CSP4_LDA,deterministic,0.735301613764398,0.264698386235602,1
