sample_id,subject,session,run,trial,label,event_sample,artifact_flagged,experiment_id,condition,fold,subset_id,train_subjects,source_session,seed,selected_epochs,y_true,y_pred,p_class_1,p_class_2,p_class_3,p_class_4
s05_0train_r0_t01,5,0train,0,1,1,250,True,Q13-E005,Q9_SHARED_SOURCE_SESSION_T,loso_s5,all,1|2|3|4|6|7|8|9,0train,20260925,20,1,1,0.51573515,0.3623399,0.10570634,0.016218545
s05_0train_r0_t02,5,0train,0,2,2,2253,False,Q13-E005,Q9_SHARED_SOURCE_SESSION_T,loso_s5,all,1|2|3|4|6|7|8|9,0train,20260925,20,2,1,0.5603949,0.3353972,0.08862918,0.015578777
s05_0train_r0_t03,5,0train,0,3,2,4171,False,Q13-E005,Q9_SHARED_SOURCE_SESSION_T,loso_s5,all,1|2|3|4|6|7|8|9,0train,20260925,20,2,1,0.47341564,0.40620396,0.099823356,0.02055705
s05_0train_r0_t04,5,0train,0,4,1,6123,False,Q13-E005,Q9_SHARED_SOURCE_SESSION_T,loso_s5,all,1|2|3|4|6|7|8|9,0train,20260925,20,1,1,0.51788616,0.33851948,0.11922676,0.024367588
s05_0train_r0_t05,5,0train,0,5,2,8131,False,Q13-E005,Q9_SHARED_SOURCE_SESSION_T,loso_s5,all,1|2|3|4|6|7|8|9,0train,20260925,20,2,1,0.49430245,0.3742392,0.103800274,0.027658103
s05_0train_r0_t06,5,0train,0,6,1,10242,False,Q13-E005,Q9_SHARED_SOURCE_SESSION_T,loso_s5,all,1|2|3|4|6|7|8|9,0train,20260925,20,1,1,0.48752588,0.39631486,0.097752474,0.018406842
s05_0train_r0_t07,5,0train,0,7,2,12159,True,Q13-E005,Q9_SHARED_SOURCE_SESSION_T,loso_s5,all,1|2|3|4|6|7|8|9,0train,20260925,20,2,1,0.4636544,0.3696785,0.13484505,0.031822022
s05_0train_r0_t08,5,0train,0,8,3,14209,False,Q13-E005,Q9_SHARED_SOURCE_SESSION_T,loso_s5,all,1|2|3|4|6|7|8|9,0train,20260925,20,3,1,0.5430392,0.32374945,0.11077814,0.022433173
s05_0train_r0_t09,5,0train,0,9,2,16140,False,Q13-E005,Q9_SHARED_SOURCE_SESSION_T,loso_s5,all,1|2|3|4|6|7|8|9,0train,20260925,20,2,1,0.4772049,0.4057504,0.09556585,0.02147884
s05_0train_r0_t10,5,0train,0,10,4,18138,False,Q13-E005,Q9_SHARED_SOURCE_SESSION_T,loso_s5,all,1|2|3|4|6|7|8|9,0train,20260925,20,4,1,0.49904713,0.37289125,0.10692561,0.021136068
s05_0train_r0_t11,5,0train,0,11,1,20044,False,Q13-E005,Q9_SHARED_SOURCE_SESSION_T,loso_s5,all,1|2|3|4|6|7|8|9,0train,20260925,20,1,1,0.4792419,0.40025285,0.10396917,0.016536163
s05_0train_r0_t12,5,0train,0,12,3,21939,True,Q13-E005,Q9_SHARED_SOURCE_SESSION_T,loso_s5,all,1|2|3|4|6|7|8|9,0train,20260925,20,3,1,0.57263356,0.29859823,0.115344785,0.013423318
s05_0train_r0_t13,5,0train,0,13,2,23911,False,Q13-E005,Q9_SHARED_SOURCE_SESSION_T,loso_s5,all,1|2|3|4|6|7|8|9,0train,20260925,20,2,1,0.6449649,0.22280648,0.11269615,0.0195325
s05_0train_r0_t14,5,0train,0,14,1,25855,False,Q13-E005,Q9_SHARED_SOURCE_SESSION_T,loso_s5,all,1|2|3|4|6|7|8|9,0train,20260925,20,1,1,0.51087064,0.35272294,0.10873973,0.027666675
s05_0train_r0_t15,5,0train,0,15,4,27822,True,Q13-E005,Q9_SHARED_SOURCE_SESSION_T,loso_s5,all,1|2|3|4|6|7|8|9,0train,20260925,20,4,1,0.54806536,0.29531607,0.13625431,0.020364275
s05_0train_r0_t16,5,0train,0,16,4,29942,False,Q13-E005,Q9_SHARED_SOURCE_SESSION_T,loso_s5,all,1|2|3|4|6|7|8|9,0train,20260925,20,4,1,0.64429265,0.23034675,0.10886609,0.016494531
s05_0train_r0_t17,5,0train,0,17,4,31950,False,Q13-E005,Q9_SHARED_SOURCE_SESSION_T,loso_s5,all,1|2|3|4|6|7|8|9,0train,20260925,20,4,1,0.6617044,0.13416636,0.15704238,0.047086917
s05_0train_r0_t18,5,0train,0,18,4,34016,False,Q13-E005,Q9_SHARED_SOURCE_SESSION_T,loso_s5,all,1|2|3|4|6|7|8|9,0train,20260925,20,4,1,0.5279447,0.33302754,0.11382052,0.025207233
s05_0train_r0_t19,5,0train,0,19,4,36052,False,Q13-E005,Q9_SHARED_SOURCE_SESSION_T,loso_s5,all,1|2|3|4|6|7|8|9,0train,20260925,20,4,1,0.678984,0.21562174,0.09250386,0.012890351
s05_0train_r0_t20,5,0train,0,20,1,38118,False,Q13-E005,Q9_SHARED_SOURCE_SESSION_T,loso_s5,all,1|2|3|4|6|7|8|9,0train,20260925,20,1,1,0.48529038,0.3350283,0.15889424,0.02078712
s05_0train_r0_t21,5,0train,0,21,3,40188,False,Q13-E005,Q9_SHARED_SOURCE_SESSION_T,loso_s5,all,1|2|3|4|6|7|8|9,0train,20260925,20,3,1,0.5139184,0.32357615,0.13877663,0.023728732
s05_0train_r0_t22,5,0train,0,22,2,42268,False,Q13-E005,Q9_SHARED_SOURCE_SESSION_T,loso_s5,all,1|2|3|4|6|7|8|9,0train,20260925,20,2,1,0.5265038,0.34249648,0.10787906,0.023120617
s05_0train_r0_t23,5,0train,0,23,1,44180,False,Q13-E005,Q9_SHARED_SOURCE_SESSION_T,loso_s5,all,1|2|3|4|6|7|8|9,0train,20260925,20,1,1,0.7420373,0.16869868,0.07459465,0.014669308
s05_0train_r0_t24,5,0train,0,24,1,46211,True,Q13-E005,Q9_SHARED_SOURCE_SESSION_T,loso_s5,all,1|2|3|4|6|7|8|9,0train,20260925,20,1,1,0.511783,0.28622842,0.17125541,0.030733159
s05_0train_r0_t25,5,0train,0,25,3,48164,False,Q13-E005,Q9_SHARED_SOURCE_SESSION_T,loso_s5,all,1|2|3|4|6|7|8|9,0train,20260925,20,3,1,0.5193296,0.37379777,0.087126665,0.019745927
s05_0train_r0_t26,5,0train,0,26,4,50125,False,Q13-E005,Q9_SHARED_SOURCE_SESSION_T,loso_s5,all,1|2|3|4|6|7|8|9,0train,20260925,20,4,1,0.6153597,0.24082115,0.12434618,0.019472942
s05_0train_r0_t27,5,0train,0,27,1,52229,False,Q13-E005,Q9_SHARED_SOURCE_SESSION_T,loso_s5,all,1|2|3|4|6|7|8|9,0train,20260925,20,1,1,0.48808265,0.3721971,0.120043896,0.01967627
s05_0train_r0_t28,5,0train,0,28,3,54233,False,Q13-E005,Q9_SHARED_SOURCE_SESSION_T,loso_s5,all,1|2|3|4|6|7|8|9,0train,20260925,20,3,1,0.5399627,0.26014182,0.17380407,0.026091374
s05_0train_r0_t29,5,0train,0,29,3,56208,True,Q13-E005,Q9_SHARED_SOURCE_SESSION_T,loso_s5,all,1|2|3|4|6|7|8|9,0train,20260925,20,3,1,0.5674046,0.28017178,0.12774295,0.024680637
s05_0train_r0_t30,5,0train,0,30,3,58234,False,Q13-E005,Q9_SHARED_SOURCE_SESSION_T,loso_s5,all,1|2|3|4|6|7|8|9,0train,20260925,20,3,1,0.52913153,0.29659992,0.14139752,0.032870993
s05_0train_r0_t31,5,0train,0,31,1,60305,False,Q13-E005,Q9_SHARED_SOURCE_SESSION_T,loso_s5,all,1|2|3|4|6|7|8|9,0train,20260925,20,1,1,0.6368761,0.23282897,0.10760073,0.022694172
s05_0train_r0_t32,5,0train,0,32,2,62412,False,Q13-E005,Q9_SHARED_SOURCE_SESSION_T,loso_s5,all,1|2|3|4|6|7|8|9,0train,20260925,20,2,1,0.48465228,0.3889137,0.10626271,0.020171382
s05_0train_r0_t33,5,0train,0,33,1,64504,False,Q13-E005,Q9_SHARED_SOURCE_SESSION_T,loso_s5,all,1|2|3|4|6|7|8|9,0train,20260925,20,1,1,0.5406689,0.35651052,0.084106885,0.018713672
s05_0train_r0_t34,5,0train,0,34,2,66595,True,Q13-E005,Q9_SHARED_SOURCE_SESSION_T,loso_s5,all,1|2|3|4|6|7|8|9,0train,20260925,20,2,1,0.4846503,0.22918797,0.19886313,0.087298594
s05_0train_r0_t35,5,0train,0,35,2,68638,False,Q13-E005,Q9_SHARED_SOURCE_SESSION_T,loso_s5,all,1|2|3|4|6|7|8|9,0train,20260925,20,2,2,0.41730604,0.42129824,0.1361989,0.025196867
s05_0train_r0_t36,5,0train,0,36,1,70702,False,Q13-E005,Q9_SHARED_SOURCE_SESSION_T,loso_s5,all,1|2|3|4|6|7|8|9,0train,20260925,20,1,1,0.5526338,0.34767142,0.0875875,0.012107231
s05_0train_r0_t37,5,0train,0,37,2,72722,False,Q13-E005,Q9_SHARED_SOURCE_SESSION_T,loso_s5,all,1|2|3|4|6|7|8|9,0train,20260925,20,2,1,0.50663906,0.38380435,0.091907784,0.017648846
s05_0train_r0_t38,5,0train,0,38,3,74694,False,Q13-E005,Q9_SHARED_SOURCE_SESSION_T,loso_s5,all,1|2|3|4|6|7|8|9,0train,20260925,20,3,1,0.43849283,0.40456563,0.14107981,0.015861759
s05_0train_r0_t39,5,0train,0,39,2,76657,False,Q13-E005,Q9_SHARED_SOURCE_SESSION_T,loso_s5,all,1|2|3|4|6|7|8|9,0train,20260925,20,2,2,0.3913074,0.4678362,0.110771015,0.03008536
s05_0train_r0_t40,5,0train,0,40,3,78582,False,Q13-E005,Q9_SHARED_SOURCE_SESSION_T,loso_s5,all,1|2|3|4|6|7|8|9,0train,20260925,20,3,1,0.6018017,0.24039581,0.14011693,0.01768556
s05_0train_r0_t41,5,0train,0,41,3,80663,False,Q13-E005,Q9_SHARED_SOURCE_SESSION_T,loso_s5,all,1|2|3|4|6|7|8|9,0train,20260925,20,3,1,0.50936383,0.36509094,0.102892846,0.022652352
s05_0train_r0_t42,5,0train,0,42,4,82641,False,Q13-E005,Q9_SHARED_SOURCE_SESSION_T,loso_s5,all,1|2|3|4|6|7|8|9,0train,20260925,20,4,2,0.43353125,0.4389598,0.106247395,0.021261532
s05_0train_r0_t43,5,0train,0,43,3,84631,False,Q13-E005,Q9_SHARED_SOURCE_SESSION_T,loso_s5,all,1|2|3|4|6|7|8|9,0train,20260925,20,3,1,0.43590364,0.41403833,0.12784834,0.022209683
s05_0train_r0_t44,5,0train,0,44,3,86750,False,Q13-E005,Q9_SHARED_SOURCE_SESSION_T,loso_s5,all,1|2|3|4|6|7|8|9,0train,20260925,20,3,1,0.5530491,0.32961276,0.100554325,0.016783882
s05_0train_r0_t45,5,0train,0,45,4,88656,False,Q13-E005,Q9_SHARED_SOURCE_SESSION_T,loso_s5,all,1|2|3|4|6|7|8|9,0train,20260925,20,4,1,0.48564014,0.36271197,0.12581086,0.02583699
s05_0train_r0_t46,5,0train,0,46,4,90584,False,Q13-E005,Q9_SHARED_SOURCE_SESSION_T,loso_s5,all,1|2|3|4|6|7|8|9,0train,20260925,20,4,2,0.413628,0.42125368,0.13625903,0.02885928
s05_0train_r0_t47,5,0train,0,47,4,92698,False,Q13-E005,Q9_SHARED_SOURCE_SESSION_T,loso_s5,all,1|2|3|4|6|7|8|9,0train,20260925,20,4,1,0.4271024,0.37865528,0.15706311,0.037179176
s05_0train_r0_t48,5,0train,0,48,4,94757,False,Q13-E005,Q9_SHARED_SOURCE_SESSION_T,loso_s5,all,1|2|3|4|6|7|8|9,0train,20260925,20,4,1,0.47130078,0.41542497,0.091615856,0.021658383
s05_0train_r1_t01,5,0train,1,1,4,250,False,Q13-E005,Q9_SHARED_SOURCE_SESSION_T,loso_s5,all,1|2|3|4|6|7|8|9,0train,20260925,20,4,1,0.8349765,0.03486818,0.11502835,0.01512697
s05_0train_r1_t02,5,0train,1,2,3,2253,False,Q13-E005,Q9_SHARED_SOURCE_SESSION_T,loso_s5,all,1|2|3|4|6|7|8|9,0train,20260925,20,3,1,0.54181254,0.35178435,0.089006074,0.017397063
s05_0train_r1_t03,5,0train,1,3,2,4171,False,Q13-E005,Q9_SHARED_SOURCE_SESSION_T,loso_s5,all,1|2|3|4|6|7|8|9,0train,20260925,20,2,1,0.59632653,0.25920844,0.12095548,0.023509525
s05_0train_r1_t04,5,0train,1,4,1,6123,False,Q13-E005,Q9_SHARED_SOURCE_SESSION_T,loso_s5,all,1|2|3|4|6|7|8|9,0train,20260925,20,1,1,0.61823016,0.24941842,0.10708428,0.025267135
s05_0train_r1_t05,5,0train,1,5,1,8131,False,Q13-E005,Q9_SHARED_SOURCE_SESSION_T,loso_s5,all,1|2|3|4|6|7|8|9,0train,20260925,20,1,2,0.4194741,0.42428508,0.129665,0.02657578
s05_0train_r1_t06,5,0train,1,6,2,10242,False,Q13-E005,Q9_SHARED_SOURCE_SESSION_T,loso_s5,all,1|2|3|4|6|7|8|9,0train,20260925,20,2,1,0.6494011,0.1967686,0.12781237,0.026017874
s05_0train_r1_t07,5,0train,1,7,3,12159,False,Q13-E005,Q9_SHARED_SOURCE_SESSION_T,loso_s5,all,1|2|3|4|6|7|8|9,0train,20260925,20,3,1,0.45761374,0.40469286,0.11788051,0.019812874
s05_0train_r1_t08,5,0train,1,8,4,14209,False,Q13-E005,Q9_SHARED_SOURCE_SESSION_T,loso_s5,all,1|2|3|4|6|7|8|9,0train,20260925,20,4,1,0.43855134,0.3889931,0.14398529,0.028470263
s05_0train_r1_t09,5,0train,1,9,2,16140,False,Q13-E005,Q9_SHARED_SOURCE_SESSION_T,loso_s5,all,1|2|3|4|6|7|8|9,0train,20260925,20,2,2,0.4169095,0.4678495,0.10022012,0.015020837
s05_0train_r1_t10,5,0train,1,10,3,18138,True,Q13-E005,Q9_SHARED_SOURCE_SESSION_T,loso_s5,all,1|2|3|4|6|7|8|9,0train,20260925,20,3,2,0.37476048,0.42315215,0.15411343,0.04797393
s05_0train_r1_t11,5,0train,1,11,1,20044,False,Q13-E005,Q9_SHARED_SOURCE_SESSION_T,loso_s5,all,1|2|3|4|6|7|8|9,0train,20260925,20,1,1,0.451805,0.43006945,0.094963126,0.023162447
s05_0train_r1_t12,5,0train,1,12,1,21939,False,Q13-E005,Q9_SHARED_SOURCE_SESSION_T,loso_s5,all,1|2|3|4|6|7|8|9,0train,20260925,20,1,1,0.5511532,0.32159716,0.10508254,0.022167055
s05_0train_r1_t13,5,0train,1,13,1,23911,False,Q13-E005,Q9_SHARED_SOURCE_SESSION_T,loso_s5,all,1|2|3|4|6|7|8|9,0train,20260925,20,1,1,0.63499945,0.2515717,0.090799846,0.022629043
s05_0train_r1_t14,5,0train,1,14,4,25855,False,Q13-E005,Q9_SHARED_SOURCE_SESSION_T,loso_s5,all,1|2|3|4|6|7|8|9,0train,20260925,20,4,1,0.5732933,0.30340227,0.102754176,0.02055027
s05_0train_r1_t15,5,0train,1,15,2,27822,False,Q13-E005,Q9_SHARED_SOURCE_SESSION_T,loso_s5,all,1|2|3|4|6|7|8|9,0train,20260925,20,2,1,0.55406916,0.3479491,0.08238872,0.015593107
s05_0train_r1_t16,5,0train,1,16,2,29942,False,Q13-E005,Q9_SHARED_SOURCE_SESSION_T,loso_s5,all,1|2|3|4|6|7|8|9,0train,20260925,20,2,1,0.5934731,0.30047324,0.09431929,0.011734398
s05_0train_r1_t17,5,0train,1,17,1,31950,False,Q13-E005,Q9_SHARED_SOURCE_SESSION_T,loso_s5,all,1|2|3|4|6|7|8|9,0train,20260925,20,1,1,0.43295997,0.428584,0.108732626,0.029723428
s05_0train_r1_t18,5,0train,1,18,1,34016,False,Q13-E005,Q9_SHARED_SOURCE_SESSION_T,loso_s5,all,1|2|3|4|6|7|8|9,0train,20260925,20,1,1,0.5326791,0.33368757,0.10757697,0.026056346
s05_0train_r1_t19,5,0train,1,19,3,36052,False,Q13-E005,Q9_SHARED_SOURCE_SESSION_T,loso_s5,all,1|2|3|4|6|7|8|9,0train,20260925,20,3,1,0.5468217,0.30647272,0.1268133,0.01989225
s05_0train_r1_t20,5,0train,1,20,1,38118,True,Q13-E005,Q9_SHARED_SOURCE_SESSION_T,loso_s5,all,1|2|3|4|6|7|8|9,0train,20260925,20,1,1,0.6570157,0.2600157,0.068315364,0.0146532245
s05_0train_r1_t21,5,0train,1,21,2,40188,False,Q13-E005,Q9_SHARED_SOURCE_SESSION_T,loso_s5,all,1|2|3|4|6|7|8|9,0train,20260925,20,2,1,0.54617065,0.3431836,0.09446601,0.016179658
s05_0train_r1_t22,5,0train,1,22,4,42268,False,Q13-E005,Q9_SHARED_SOURCE_SESSION_T,loso_s5,all,1|2|3|4|6|7|8|9,0train,20260925,20,4,1,0.4999385,0.37307876,0.10407685,0.022905873
s05_0train_r1_t23,5,0train,1,23,4,44180,False,Q13-E005,Q9_SHARED_SOURCE_SESSION_T,loso_s5,all,1|2|3|4|6|7|8|9,0train,20260925,20,4,1,0.5440457,0.32201776,0.108730815,0.025205735
s05_0train_r1_t24,5,0train,1,24,3,46211,False,Q13-E005,Q9_SHARED_SOURCE_SESSION_T,loso_s5,all,1|2|3|4|6|7|8|9,0train,20260925,20,3,1,0.62039816,0.24392417,0.10987929,0.025798371
s05_0train_r1_t25,5,0train,1,25,1,48164,False,Q13-E005,Q9_SHARED_SOURCE_SESSION_T,loso_s5,all,1|2|3|4|6|7|8|9,0train,20260925,20,1,1,0.6051536,0.2544084,0.11748286,0.022955138
s05_0train_r1_t26,5,0train,1,26,4,50125,False,Q13-E005,Q9_SHARED_SOURCE_SESSION_T,loso_s5,all,1|2|3|4|6|7|8|9,0train,20260925,20,4,1,0.5404595,0.32750648,0.108640924,0.023393104
s05_0train_r1_t27,5,0train,1,27,4,52229,False,Q13-E005,Q9_SHARED_SOURCE_SESSION_T,loso_s5,all,1|2|3|4|6|7|8|9,0train,20260925,20,4,1,0.44352007,0.42961392,0.10947175,0.017394274
s05_0train_r1_t28,5,0train,1,28,2,54233,False,Q13-E005,Q9_SHARED_SOURCE_SESSION_T,loso_s5,all,1|2|3|4|6|7|8|9,0train,20260925,20,2,1,0.4925927,0.40423355,0.087207586,0.015966201
s05_0train_r1_t29,5,0train,1,29,4,56208,False,Q13-E005,Q9_SHARED_SOURCE_SESSION_T,loso_s5,all,1|2|3|4|6|7|8|9,0train,20260925,20,4,1,0.55591846,0.28540862,0.12352953,0.03514346
s05_0train_r1_t30,5,0train,1,30,4,58234,False,Q13-E005,Q9_SHARED_SOURCE_SESSION_T,loso_s5,all,1|2|3|4|6|7|8|9,0train,20260925,20,4,1,0.5271595,0.349874,0.09335953,0.029606918
s05_0train_r1_t31,5,0train,1,31,2,60305,False,Q13-E005,Q9_SHARED_SOURCE_SESSION_T,loso_s5,all,1|2|3|4|6|7|8|9,0train,20260925,20,2,2,0.4176178,0.46614596,0.09845604,0.017780224
s05_0train_r1_t32,5,0train,1,32,1,62412,False,Q13-E005,Q9_SHARED_SOURCE_SESSION_T,loso_s5,all,1|2|3|4|6|7|8|9,0train,20260925,20,1,1,0.575068,0.2974915,0.115635164,0.011805318
s05_0train_r1_t33,5,0train,1,33,2,64504,False,Q13-E005,Q9_SHARED_SOURCE_SESSION_T,loso_s5,all,1|2|3|4|6|7|8|9,0train,20260925,20,2,1,0.64587605,0.19529766,0.13538119,0.023445038
s05_0train_r1_t34,5,0train,1,34,3,66595,False,Q13-E005,Q9_SHARED_SOURCE_SESSION_T,loso_s5,all,1|2|3|4|6|7|8|9,0train,20260925,20,3,1,0.4744472,0.40293643,0.10236263,0.020253748
s05_0train_r1_t35,5,0train,1,35,3,68638,False,Q13-E005,Q9_SHARED_SOURCE_SESSION_T,loso_s5,all,1|2|3|4|6|7|8|9,0train,20260925,20,3,1,0.52365506,0.3871353,0.078440614,0.010769014
s05_0train_r1_t36,5,0train,1,36,3,70702,False,Q13-E005,Q9_SHARED_SOURCE_SESSION_T,loso_s5,all,1|2|3|4|6|7|8|9,0train,20260925,20,3,1,0.5156022,0.37062666,0.09715702,0.016614076
s05_0train_r1_t37,5,0train,1,37,4,72722,False,Q13-E005,Q9_SHARED_SOURCE_SESSION_T,loso_s5,all,1|2|3|4|6|7|8|9,0train,20260925,20,4,2,0.35144758,0.49585155,0.12464179,0.028059183
s05_0train_r1_t38,5,0train,1,38,3,74694,False,Q13-E005,Q9_SHARED_SOURCE_SESSION_T,loso_s5,all,1|2|3|4|6|7|8|9,0train,20260925,20,3,1,0.5410759,0.33538043,0.10654998,0.016993718
s05_0train_r1_t39,5,0train,1,39,1,76657,False,Q13-E005,Q9_SHARED_SOURCE_SESSION_T,loso_s5,all,1|2|3|4|6|7|8|9,0train,20260925,20,1,1,0.6525021,0.27979833,0.057898838,0.009800739
s05_0train_r1_t40,5,0train,1,40,4,78582,False,Q13-E005,Q9_SHARED_SOURCE_SESSION_T,loso_s5,all,1|2|3|4|6|7|8|9,0train,20260925,20,4,1,0.42584464,0.40103424,0.14658748,0.026533607
s05_0train_r1_t41,5,0train,1,41,2,80663,False,Q13-E005,Q9_SHARED_SOURCE_SESSION_T,loso_s5,all,1|2|3|4|6|7|8|9,0train,20260925,20,2,1,0.5799576,0.1872895,0.20865287,0.0241
s05_0train_r1_t42,5,0train,1,42,3,82641,False,Q13-E005,Q9_SHARED_SOURCE_SESSION_T,loso_s5,all,1|2|3|4|6|7|8|9,0train,20260925,20,3,1,0.5054072,0.3564572,0.118589886,0.01954569
s05_0train_r1_t43,5,0train,1,43,2,84631,False,Q13-E005,Q9_SHARED_SOURCE_SESSION_T,loso_s5,all,1|2|3|4|6|7|8|9,0train,20260925,20,2,1,0.5749362,0.2637912,0.13956076,0.021711836
s05_0train_r1_t44,5,0train,1,44,3,86750,False,Q13-E005,Q9_SHARED_SOURCE_SESSION_T,loso_s5,all,1|2|3|4|6|7|8|9,0train,20260925,20,3,1,0.4780988,0.35166538,0.13689075,0.03334507
s05_0train_r1_t45,5,0train,1,45,4,88656,False,Q13-E005,Q9_SHARED_SOURCE_SESSION_T,loso_s5,all,1|2|3|4|6|7|8|9,0train,20260925,20,4,1,0.56540036,0.30821225,0.104752846,0.021634568
s05_0train_r1_t46,5,0train,1,46,2,90584,False,Q13-E005,Q9_SHARED_SOURCE_SESSION_T,loso_s5,all,1|2|3|4|6|7|8|9,0train,20260925,20,2,2,0.4188182,0.46904746,0.09839098,0.013743421
s05_0train_r1_t47,5,0train,1,47,3,92698,False,Q13-E005,Q9_SHARED_SOURCE_SESSION_T,loso_s5,all,1|2|3|4|6|7|8|9,0train,20260925,20,3,2,0.35738254,0.510216,0.11244882,0.019952627
s05_0train_r1_t48,5,0train,1,48,1,94757,False,Q13-E005,Q9_SHARED_SOURCE_SESSION_T,loso_s5,all,1|2|3|4|6|7|8|9,0train,20260925,20,1,1,0.41871274,0.39731023,0.14927225,0.03470479
s05_0train_r2_t01,5,0train,2,1,1,250,False,Q13-E005,Q9_SHARED_SOURCE_SESSION_T,loso_s5,all,1|2|3|4|6|7|8|9,0train,20260925,20,1,2,0.3605148,0.5097213,0.1072332,0.022530772
s05_0train_r2_t02,5,0train,2,2,1,2253,False,Q13-E005,Q9_SHARED_SOURCE_SESSION_T,loso_s5,all,1|2|3|4|6|7|8|9,0train,20260925,20,1,1,0.48632973,0.40421262,0.09454293,0.014914654
s05_0train_r2_t03,5,0train,2,3,4,4171,False,Q13-E005,Q9_SHARED_SOURCE_SESSION_T,loso_s5,all,1|2|3|4|6|7|8|9,0train,20260925,20,4,1,0.46742952,0.4134157,0.09816226,0.020992424
s05_0train_r2_t04,5,0train,2,4,2,6123,False,Q13-E005,Q9_SHARED_SOURCE_SESSION_T,loso_s5,all,1|2|3|4|6|7|8|9,0train,20260925,20,2,1,0.5681173,0.2941923,0.12135142,0.016338972
s05_0train_r2_t05,5,0train,2,5,1,8131,False,Q13-E005,Q9_SHARED_SOURCE_SESSION_T,loso_s5,all,1|2|3|4|6|7|8|9,0train,20260925,20,1,1,0.56131583,0.28790146,0.1278841,0.022898637
s05_0train_r2_t06,5,0train,2,6,3,10242,False,Q13-E005,Q9_SHARED_SOURCE_SESSION_T,loso_s5,all,1|2|3|4|6|7|8|9,0train,20260925,20,3,1,0.48469743,0.4040967,0.09698189,0.014223883
s05_0train_r2_t07,5,0train,2,7,1,12159,False,Q13-E005,Q9_SHARED_SOURCE_SESSION_T,loso_s5,all,1|2|3|4|6|7|8|9,0train,20260925,20,1,2,0.37071663,0.45536062,0.14205864,0.03186416
s05_0train_r2_t08,5,0train,2,8,3,14209,False,Q13-E005,Q9_SHARED_SOURCE_SESSION_T,loso_s5,all,1|2|3|4|6|7|8|9,0train,20260925,20,3,1,0.43689018,0.42059258,0.11539466,0.02712264
s05_0train_r2_t09,5,0train,2,9,2,16140,False,Q13-E005,Q9_SHARED_SOURCE_SESSION_T,loso_s5,all,1|2|3|4|6|7|8|9,0train,20260925,20,2,1,0.5607695,0.32772827,0.09345936,0.018042859
s05_0train_r2_t10,5,0train,2,10,4,18138,False,Q13-E005,Q9_SHARED_SOURCE_SESSION_T,loso_s5,all,1|2|3|4|6|7|8|9,0train,20260925,20,4,1,0.42535266,0.350028,0.18801464,0.036604624
s05_0train_r2_t11,5,0train,2,11,1,20044,False,Q13-E005,Q9_SHARED_SOURCE_SESSION_T,loso_s5,all,1|2|3|4|6|7|8|9,0train,20260925,20,1,1,0.54462576,0.32305104,0.11159213,0.020731026
s05_0train_r2_t12,5,0train,2,12,3,21939,False,Q13-E005,Q9_SHARED_SOURCE_SESSION_T,loso_s5,all,1|2|3|4|6|7|8|9,0train,20260925,20,3,1,0.69333726,0.098659806,0.19119608,0.016806789
s05_0train_r2_t13,5,0train,2,13,3,23911,False,Q13-E005,Q9_SHARED_SOURCE_SESSION_T,loso_s5,all,1|2|3|4|6|7|8|9,0train,20260925,20,3,1,0.59686637,0.2509629,0.13770077,0.014469943
s05_0train_r2_t14,5,0train,2,14,1,25855,False,Q13-E005,Q9_SHARED_SOURCE_SESSION_T,loso_s5,all,1|2|3|4|6|7|8|9,0train,20260925,20,1,1,0.60215336,0.2921178,0.08806223,0.017666651
s05_0train_r2_t15,5,0train,2,15,3,27822,False,Q13-E005,Q9_SHARED_SOURCE_SESSION_T,loso_s5,all,1|2|3|4|6|7|8|9,0train,20260925,20,3,1,0.62412465,0.2641013,0.09794185,0.013832205
s05_0train_r2_t16,5,0train,2,16,2,29942,False,Q13-E005,Q9_SHARED_SOURCE_SESSION_T,loso_s5,all,1|2|3|4|6|7|8|9,0train,20260925,20,2,1,0.62930495,0.21080318,0.1344467,0.025445176
s05_0train_r2_t17,5,0train,2,17,4,31950,False,Q13-E005,Q9_SHARED_SOURCE_SESSION_T,loso_s5,all,1|2|3|4|6|7|8|9,0train,20260925,20,4,1,0.5957063,0.25914174,0.1197748,0.025377197
s05_0train_r2_t18,5,0train,2,18,4,34016,False,Q13-E005,Q9_SHARED_SOURCE_SESSION_T,loso_s5,all,1|2|3|4|6|7|8|9,0train,20260925,20,4,1,0.47406968,0.40070227,0.10412933,0.021098757
s05_0train_r2_t19,5,0train,2,19,4,36052,False,Q13-E005,Q9_SHARED_SOURCE_SESSION_T,loso_s5,all,1|2|3|4|6|7|8|9,0train,20260925,20,4,1,0.49044037,0.29958418,0.16438727,0.04558816
s05_0train_r2_t20,5,0train,2,20,3,38118,False,Q13-E005,Q9_SHARED_SOURCE_SESSION_T,loso_s5,all,1|2|3|4|6|7|8|9,0train,20260925,20,3,1,0.6514504,0.22068886,0.10779737,0.020063367
s05_0train_r2_t21,5,0train,2,21,1,40188,False,Q13-E005,Q9_SHARED_SOURCE_SESSION_T,loso_s5,all,1|2|3|4|6|7|8|9,0train,20260925,20,1,1,0.5345093,0.3642065,0.08723286,0.014051298
s05_0train_r2_t22,5,0train,2,22,4,42268,False,Q13-E005,Q9_SHARED_SOURCE_SESSION_T,loso_s5,all,1|2|3|4|6|7|8|9,0train,20260925,20,4,2,0.29398328,0.5727533,0.10424002,0.029023385
s05_0train_r2_t23,5,0train,2,23,2,44180,False,Q13-E005,Q9_SHARED_SOURCE_SESSION_T,loso_s5,all,1|2|3|4|6|7|8|9,0train,20260925,20,2,1,0.7709421,0.13957219,0.076999,0.012486672
s05_0train_r2_t24,5,0train,2,24,4,46211,False,Q13-E005,Q9_SHARED_SOURCE_SESSION_T,loso_s5,all,1|2|3|4|6|7|8|9,0train,20260925,20,4,1,0.62240005,0.26040736,0.10237957,0.014812997
s05_0train_r2_t25,5,0train,2,25,2,48164,False,Q13-E005,Q9_SHARED_SOURCE_SESSION_T,loso_s5,all,1|2|3|4|6|7|8|9,0train,20260925,20,2,1,0.5205028,0.3694395,0.08991222,0.020145461
s05_0train_r2_t26,5,0train,2,26,1,50125,False,Q13-E005,Q9_SHARED_SOURCE_SESSION_T,loso_s5,all,1|2|3|4|6|7|8|9,0train,20260925,20,1,1,0.5544918,0.3376207,0.09245737,0.015430081
s05_0train_r2_t27,5,0train,2,27,3,52229,False,Q13-E005,Q9_SHARED_SOURCE_SESSION_T,loso_s5,all,1|2|3|4|6|7|8|9,0train,20260925,20,3,1,0.4995057,0.37740362,0.10639577,0.016694954
s05_0train_r2_t28,5,0train,2,28,2,54233,False,Q13-E005,Q9_SHARED_SOURCE_SESSION_T,loso_s5,all,1|2|3|4|6|7|8|9,0train,20260925,20,2,2,0.24046327,0.6006084,0.12263824,0.03629009
s05_0train_r2_t29,5,0train,2,29,1,56208,False,Q13-E005,Q9_SHARED_SOURCE_SESSION_T,loso_s5,all,1|2|3|4|6|7|8|9,0train,20260925,20,1,2,0.42285898,0.44762218,0.11046339,0.019055365
s05_0train_r2_t30,5,0train,2,30,3,58234,False,Q13-E005,Q9_SHARED_SOURCE_SESSION_T,loso_s5,all,1|2|3|4|6|7|8|9,0train,20260925,20,3,1,0.4314634,0.42294183,0.119988136,0.025606565
s05_0train_r2_t31,5,0train,2,31,3,60305,False,Q13-E005,Q9_SHARED_SOURCE_SESSION_T,loso_s5,all,1|2|3|4|6|7|8|9,0train,20260925,20,3,2,0.3144038,0.475215,0.18259327,0.027787952
s05_0train_r2_t32,5,0train,2,32,1,62412,False,Q13-E005,Q9_SHARED_SOURCE_SESSION_T,loso_s5,all,1|2|3|4|6|7|8|9,0train,20260925,20,1,1,0.5651927,0.3023537,0.11590523,0.016548423
s05_0train_r2_t33,5,0train,2,33,3,64504,False,Q13-E005,Q9_SHARED_SOURCE_SESSION_T,loso_s5,all,1|2|3|4|6|7|8|9,0train,20260925,20,3,1,0.636703,0.26824918,0.08548848,0.00955932
s05_0train_r2_t34,5,0train,2,34,4,66595,False,Q13-E005,Q9_SHARED_SOURCE_SESSION_T,loso_s5,all,1|2|3|4|6|7|8|9,0train,20260925,20,4,1,0.45477867,0.42838383,0.096905746,0.019931776
s05_0train_r2_t35,5,0train,2,35,4,68638,False,Q13-E005,Q9_SHARED_SOURCE_SESSION_T,loso_s5,all,1|2|3|4|6|7|8|9,0train,20260925,20,4,1,0.6877781,0.21579508,0.080790736,0.015636077
s05_0train_r2_t36,5,0train,2,36,2,70702,False,Q13-E005,Q9_SHARED_SOURCE_SESSION_T,loso_s5,all,1|2|3|4|6|7|8|9,0train,20260925,20,2,1,0.46233475,0.39007387,0.13018812,0.01740331
s05_0train_r2_t37,5,0train,2,37,1,72722,False,Q13-E005,Q9_SHARED_SOURCE_SESSION_T,loso_s5,all,1|2|3|4|6|7|8|9,0train,20260925,20,1,2,0.44582528,0.44784153,0.086105675,0.02022753
s05_0train_r2_t38,5,0train,2,38,2,74694,False,Q13-E005,Q9_SHARED_SOURCE_SESSION_T,loso_s5,all,1|2|3|4|6|7|8|9,0train,20260925,20,2,1,0.5077075,0.37346587,0.10219532,0.016631352
s05_0train_r2_t39,5,0train,2,39,4,76657,False,Q13-E005,Q9_SHARED_SOURCE_SESSION_T,loso_s5,all,1|2|3|4|6|7|8|9,0train,20260925,20,4,1,0.58383125,0.26528788,0.13372658,0.017154314
s05_0train_r2_t40,5,0train,2,40,2,78582,True,Q13-E005,Q9_SHARED_SOURCE_SESSION_T,loso_s5,all,1|2|3|4|6|7|8|9,0train,20260925,20,2,1,0.6060765,0.26885194,0.10532433,0.019747306
s05_0train_r2_t41,5,0train,2,41,4,80663,False,Q13-E005,Q9_SHARED_SOURCE_SESSION_T,loso_s5,all,1|2|3|4|6|7|8|9,0train,20260925,20,4,1,0.6253962,0.25318757,0.100728825,0.020687412
s05_0train_r2_t42,5,0train,2,42,3,82641,False,Q13-E005,Q9_SHARED_SOURCE_SESSION_T,loso_s5,all,1|2|3|4|6|7|8|9,0train,20260925,20,3,2,0.39808005,0.4744733,0.10309984,0.024346873
s05_0train_r2_t43,5,0train,2,43,2,84631,False,Q13-E005,Q9_SHARED_SOURCE_SESSION_T,loso_s5,all,1|2|3|4|6|7|8|9,0train,20260925,20,2,1,0.50478774,0.34029576,0.13376865,0.02114779
s05_0train_r2_t44,5,0train,2,44,2,86750,False,Q13-E005,Q9_SHARED_SOURCE_SESSION_T,loso_s5,all,1|2|3|4|6|7|8|9,0train,20260925,20,2,1,0.5711358,0.3228547,0.08881221,0.017197203
s05_0train_r2_t45,5,0train,2,45,2,88656,False,Q13-E005,Q9_SHARED_SOURCE_SESSION_T,loso_s5,all,1|2|3|4|6|7|8|9,0train,20260925,20,2,1,0.58764,0.2888062,0.10599029,0.017563492
s05_0train_r2_t46,5,0train,2,46,3,90584,False,Q13-E005,Q9_SHARED_SOURCE_SESSION_T,loso_s5,all,1|2|3|4|6|7|8|9,0train,20260925,20,3,1,0.5317811,0.30857956,0.13804817,0.021591173
s05_0train_r2_t47,5,0train,2,47,4,92698,False,Q13-E005,Q9_SHARED_SOURCE_SESSION_T,loso_s5,all,1|2|3|4|6|7|8|9,0train,20260925,20,4,1,0.4806946,0.41615412,0.086264074,0.016887205
s05_0train_r2_t48,5,0train,2,48,1,94757,True,Q13-E005,Q9_SHARED_SOURCE_SESSION_T,loso_s5,all,1|2|3|4|6|7|8|9,0train,20260925,20,1,1,0.5635237,0.35074314,0.077756815,0.007976361
s05_0train_r3_t01,5,0train,3,1,2,250,True,Q13-E005,Q9_SHARED_SOURCE_SESSION_T,loso_s5,all,1|2|3|4|6|7|8|9,0train,20260925,20,2,1,0.5122146,0.3649958,0.10662451,0.01616511
s05_0train_r3_t02,5,0train,3,2,4,2253,True,Q13-E005,Q9_SHARED_SOURCE_SESSION_T,loso_s5,all,1|2|3|4|6|7|8|9,0train,20260925,20,4,2,0.35615364,0.49543017,0.12868468,0.019731408
s05_0train_r3_t03,5,0train,3,3,1,4171,True,Q13-E005,Q9_SHARED_SOURCE_SESSION_T,loso_s5,all,1|2|3|4|6|7|8|9,0train,20260925,20,1,1,0.53502595,0.30634093,0.13247432,0.026158806
s05_0train_r3_t04,5,0train,3,4,3,6123,False,Q13-E005,Q9_SHARED_SOURCE_SESSION_T,loso_s5,all,1|2|3|4|6|7|8|9,0train,20260925,20,3,1,0.52715504,0.34921223,0.10388712,0.019745559
s05_0train_r3_t05,5,0train,3,5,3,8131,False,Q13-E005,Q9_SHARED_SOURCE_SESSION_T,loso_s5,all,1|2|3|4|6|7|8|9,0train,20260925,20,3,1,0.43945026,0.43846533,0.099710025,0.0223744
s05_0train_r3_t06,5,0train,3,6,4,10242,False,Q13-E005,Q9_SHARED_SOURCE_SESSION_T,loso_s5,all,1|2|3|4|6|7|8|9,0train,20260925,20,4,1,0.59881246,0.2345898,0.14757387,0.019023903
s05_0train_r3_t07,5,0train,3,7,1,12159,False,Q13-E005,Q9_SHARED_SOURCE_SESSION_T,loso_s5,all,1|2|3|4|6|7|8|9,0train,20260925,20,1,1,0.4304463,0.42094064,0.12385266,0.024760386
s05_0train_r3_t08,5,0train,3,8,1,14209,False,Q13-E005,Q9_SHARED_SOURCE_SESSION_T,loso_s5,all,1|2|3|4|6|7|8|9,0train,20260925,20,1,1,0.50606537,0.39073503,0.084629655,0.018569931
s05_0train_r3_t09,5,0train,3,9,3,16140,False,Q13-E005,Q9_SHARED_SOURCE_SESSION_T,loso_s5,all,1|2|3|4|6|7|8|9,0train,20260925,20,3,1,0.49255183,0.38466963,0.1006302,0.02214832
s05_0train_r3_t10,5,0train,3,10,2,18138,False,Q13-E005,Q9_SHARED_SOURCE_SESSION_T,loso_s5,all,1|2|3|4|6|7|8|9,0train,20260925,20,2,1,0.4359155,0.43550628,0.10582642,0.022751817
s05_0train_r3_t11,5,0train,3,11,4,20044,False,Q13-E005,Q9_SHARED_SOURCE_SESSION_T,loso_s5,all,1|2|3|4|6|7|8|9,0train,20260925,20,4,2,0.36723778,0.4823177,0.12372011,0.026724454
s05_0train_r3_t12,5,0train,3,12,4,21939,False,Q13-E005,Q9_SHARED_SOURCE_SESSION_T,loso_s5,all,1|2|3|4|6|7|8|9,0train,20260925,20,4,1,0.6842588,0.1665169,0.12057515,0.028649107
s05_0train_r3_t13,5,0train,3,13,4,23911,False,Q13-E005,Q9_SHARED_SOURCE_SESSION_T,loso_s5,all,1|2|3|4|6|7|8|9,0train,20260925,20,4,1,0.6779431,0.11536238,0.1821273,0.02456717
s05_0train_r3_t14,5,0train,3,14,2,25855,False,Q13-E005,Q9_SHARED_SOURCE_SESSION_T,loso_s5,all,1|2|3|4|6|7|8|9,0train,20260925,20,2,2,0.40606588,0.47302628,0.09788509,0.023022853
s05_0train_r3_t15,5,0train,3,15,1,27822,False,Q13-E005,Q9_SHARED_SOURCE_SESSION_T,loso_s5,all,1|2|3|4|6|7|8|9,0train,20260925,20,1,1,0.43984622,0.43169862,0.10401597,0.024439164
s05_0train_r3_t16,5,0train,3,16,3,29942,False,Q13-E005,Q9_SHARED_SOURCE_SESSION_T,loso_s5,all,1|2|3|4|6|7|8|9,0train,20260925,20,3,1,0.5338734,0.33408225,0.115490794,0.016553627
s05_0train_r3_t17,5,0train,3,17,2,31950,False,Q13-E005,Q9_SHARED_SOURCE_SESSION_T,loso_s5,all,1|2|3|4|6|7|8|9,0train,20260925,20,2,1,0.5168348,0.31784043,0.13255565,0.03276906
s05_0train_r3_t18,5,0train,3,18,4,34016,True,Q13-E005,Q9_SHARED_SOURCE_SESSION_T,loso_s5,all,1|2|3|4|6|7|8|9,0train,20260925,20,4,1,0.56849,0.23418505,0.15308367,0.04424125
s05_0train_r3_t19,5,0train,3,19,1,36052,False,Q13-E005,Q9_SHARED_SOURCE_SESSION_T,loso_s5,all,1|2|3|4|6|7|8|9,0train,20260925,20,1,1,0.57552046,0.3098809,0.099174485,0.015424138
s05_0train_r3_t20,5,0train,3,20,4,38118,True,Q13-E005,Q9_SHARED_SOURCE_SESSION_T,loso_s5,all,1|2|3|4|6|7|8|9,0train,20260925,20,4,1,0.44795707,0.4059518,0.11332835,0.0327628
s05_0train_r3_t21,5,0train,3,21,3,40188,False,Q13-E005,Q9_SHARED_SOURCE_SESSION_T,loso_s5,all,1|2|3|4|6|7|8|9,0train,20260925,20,3,1,0.526712,0.35086086,0.1068191,0.015608081
s05_0train_r3_t22,5,0train,3,22,2,42268,False,Q13-E005,Q9_SHARED_SOURCE_SESSION_T,loso_s5,all,1|2|3|4|6|7|8|9,0train,20260925,20,2,1,0.7528631,0.118829355,0.11364964,0.014657862
s05_0train_r3_t23,5,0train,3,23,4,44180,False,Q13-E005,Q9_SHARED_SOURCE_SESSION_T,loso_s5,all,1|2|3|4|6|7|8|9,0train,20260925,20,4,1,0.56698775,0.24098676,0.16392966,0.02809581
s05_0train_r3_t24,5,0train,3,24,4,46211,False,Q13-E005,Q9_SHARED_SOURCE_SESSION_T,loso_s5,all,1|2|3|4|6|7|8|9,0train,20260925,20,4,2,0.39921412,0.46263567,0.1144644,0.023685873
s05_0train_r3_t25,5,0train,3,25,1,48164,False,Q13-E005,Q9_SHARED_SOURCE_SESSION_T,loso_s5,all,1|2|3|4|6|7|8|9,0train,20260925,20,1,1,0.519097,0.35519975,0.10635913,0.01934418
s05_0train_r3_t26,5,0train,3,26,2,50125,False,Q13-E005,Q9_SHARED_SOURCE_SESSION_T,loso_s5,all,1|2|3|4|6|7|8|9,0train,20260925,20,2,2,0.3747519,0.48140848,0.12272484,0.02111476
s05_0train_r3_t27,5,0train,3,27,2,52229,False,Q13-E005,Q9_SHARED_SOURCE_SESSION_T,loso_s5,all,1|2|3|4|6|7|8|9,0train,20260925,20,2,1,0.4593539,0.42018622,0.10008952,0.020370336
s05_0train_r3_t28,5,0train,3,28,3,54233,False,Q13-E005,Q9_SHARED_SOURCE_SESSION_T,loso_s5,all,1|2|3|4|6|7|8|9,0train,20260925,20,3,2,0.41629145,0.41871056,0.13871244,0.026285516
s05_0train_r3_t29,5,0train,3,29,4,56208,False,Q13-E005,Q9_SHARED_SOURCE_SESSION_T,loso_s5,all,1|2|3|4|6|7|8|9,0train,20260925,20,4,1,0.5072593,0.34319317,0.12556584,0.023981612
s05_0train_r3_t30,5,0train,3,30,2,58234,True,Q13-E005,Q9_SHARED_SOURCE_SESSION_T,loso_s5,all,1|2|3|4|6|7|8|9,0train,20260925,20,2,1,0.5071255,0.35694334,0.11732512,0.01860606
s05_0train_r3_t31,5,0train,3,31,1,60305,True,Q13-E005,Q9_SHARED_SOURCE_SESSION_T,loso_s5,all,1|2|3|4|6|7|8|9,0train,20260925,20,1,1,0.47573784,0.3900057,0.115335576,0.018920835
s05_0train_r3_t32,5,0train,3,32,1,62412,False,Q13-E005,Q9_SHARED_SOURCE_SESSION_T,loso_s5,all,1|2|3|4|6|7|8|9,0train,20260925,20,1,1,0.55133325,0.33680388,0.09257867,0.019284213
s05_0train_r3_t33,5,0train,3,33,4,64504,False,Q13-E005,Q9_SHARED_SOURCE_SESSION_T,loso_s5,all,1|2|3|4|6|7|8|9,0train,20260925,20,4,1,0.47537985,0.4071151,0.09414702,0.023358058
s05_0train_r3_t34,5,0train,3,34,2,66595,False,Q13-E005,Q9_SHARED_SOURCE_SESSION_T,loso_s5,all,1|2|3|4|6|7|8|9,0train,20260925,20,2,1,0.6184763,0.2573502,0.10417671,0.019996794
s05_0train_r3_t35,5,0train,3,35,1,68638,False,Q13-E005,Q9_SHARED_SOURCE_SESSION_T,loso_s5,all,1|2|3|4|6|7|8|9,0train,20260925,20,1,1,0.76251054,0.15235981,0.074338615,0.010790967
s05_0train_r3_t36,5,0train,3,36,3,70702,False,Q13-E005,Q9_SHARED_SOURCE_SESSION_T,loso_s5,all,1|2|3|4|6|7|8|9,0train,20260925,20,3,1,0.5527812,0.28745675,0.13273613,0.027025865
s05_0train_r3_t37,5,0train,3,37,2,72722,False,Q13-E005,Q9_SHARED_SOURCE_SESSION_T,loso_s5,all,1|2|3|4|6|7|8|9,0train,20260925,20,2,1,0.68079424,0.22816284,0.0798873,0.0111555625
s05_0train_r3_t38,5,0train,3,38,2,74694,False,Q13-E005,Q9_SHARED_SOURCE_SESSION_T,loso_s5,all,1|2|3|4|6|7|8|9,0train,20260925,20,2,1,0.6011759,0.2790968,0.1006293,0.01909793
s05_0train_r3_t39,5,0train,3,39,3,76657,False,Q13-E005,Q9_SHARED_SOURCE_SESSION_T,loso_s5,all,1|2|3|4|6|7|8|9,0train,20260925,20,3,1,0.45597875,0.3636842,0.15261549,0.027721526
s05_0train_r3_t40,5,0train,3,40,1,78582,False,Q13-E005,Q9_SHARED_SOURCE_SESSION_T,loso_s5,all,1|2|3|4|6|7|8|9,0train,20260925,20,1,1,0.48426518,0.35253868,0.12659541,0.036600724
s05_0train_r3_t41,5,0train,3,41,4,80663,False,Q13-E005,Q9_SHARED_SOURCE_SESSION_T,loso_s5,all,1|2|3|4|6|7|8|9,0train,20260925,20,4,1,0.51541185,0.3197503,0.12604699,0.038790848
s05_0train_r3_t42,5,0train,3,42,3,82641,False,Q13-E005,Q9_SHARED_SOURCE_SESSION_T,loso_s5,all,1|2|3|4|6|7|8|9,0train,20260925,20,3,1,0.4922097,0.38211733,0.10748891,0.018184096
s05_0train_r3_t43,5,0train,3,43,3,84631,False,Q13-E005,Q9_SHARED_SOURCE_SESSION_T,loso_s5,all,1|2|3|4|6|7|8|9,0train,20260925,20,3,1,0.6801907,0.23363045,0.07461004,0.0115687875
s05_0train_r3_t44,5,0train,3,44,3,86750,False,Q13-E005,Q9_SHARED_SOURCE_SESSION_T,loso_s5,all,1|2|3|4|6|7|8|9,0train,20260925,20,3,1,0.51996934,0.30734673,0.14230216,0.030381816
s05_0train_r3_t45,5,0train,3,45,3,88656,False,Q13-E005,Q9_SHARED_SOURCE_SESSION_T,loso_s5,all,1|2|3|4|6|7|8|9,0train,20260925,20,3,1,0.5404989,0.30844072,0.12762558,0.023434775
s05_0train_r3_t46,5,0train,3,46,1,90584,False,Q13-E005,Q9_SHARED_SOURCE_SESSION_T,loso_s5,all,1|2|3|4|6|7|8|9,0train,20260925,20,1,1,0.52019686,0.35662872,0.10146719,0.021707272
s05_0train_r3_t47,5,0train,3,47,2,92698,False,Q13-E005,Q9_SHARED_SOURCE_SESSION_T,loso_s5,all,1|2|3|4|6|7|8|9,0train,20260925,20,2,2,0.40769225,0.47336954,0.10071258,0.018225655
s05_0train_r3_t48,5,0train,3,48,1,94757,False,Q13-E005,Q9_SHARED_SOURCE_SESSION_T,loso_s5,all,1|2|3|4|6|7|8|9,0train,20260925,20,1,1,0.50554913,0.34789315,0.12539682,0.021160932
s05_0train_r4_t01,5,0train,4,1,2,250,True,Q13-E005,Q9_SHARED_SOURCE_SESSION_T,loso_s5,all,1|2|3|4|6|7|8|9,0train,20260925,20,2,1,0.7263134,0.16843876,0.09523161,0.010016258
s05_0train_r4_t02,5,0train,4,2,1,2253,True,Q13-E005,Q9_SHARED_SOURCE_SESSION_T,loso_s5,all,1|2|3|4|6|7|8|9,0train,20260925,20,1,1,0.5427866,0.365021,0.08377205,0.008420379
s05_0train_r4_t03,5,0train,4,3,1,4171,True,Q13-E005,Q9_SHARED_SOURCE_SESSION_T,loso_s5,all,1|2|3|4|6|7|8|9,0train,20260925,20,1,1,0.6570984,0.26959917,0.066790834,0.006511584
s05_0train_r4_t04,5,0train,4,4,3,6123,False,Q13-E005,Q9_SHARED_SOURCE_SESSION_T,loso_s5,all,1|2|3|4|6|7|8|9,0train,20260925,20,3,1,0.5481178,0.33278948,0.10779027,0.011302446
s05_0train_r4_t05,5,0train,4,5,3,8131,False,Q13-E005,Q9_SHARED_SOURCE_SESSION_T,loso_s5,all,1|2|3|4|6|7|8|9,0train,20260925,20,3,1,0.598539,0.2743932,0.109995246,0.017072568
s05_0train_r4_t06,5,0train,4,6,2,10242,False,Q13-E005,Q9_SHARED_SOURCE_SESSION_T,loso_s5,all,1|2|3|4|6|7|8|9,0train,20260925,20,2,1,0.5456888,0.3323913,0.10262567,0.019294271
s05_0train_r4_t07,5,0train,4,7,3,12159,False,Q13-E005,Q9_SHARED_SOURCE_SESSION_T,loso_s5,all,1|2|3|4|6|7|8|9,0train,20260925,20,3,2,0.4222134,0.46180478,0.10001247,0.015969288
s05_0train_r4_t08,5,0train,4,8,4,14209,False,Q13-E005,Q9_SHARED_SOURCE_SESSION_T,loso_s5,all,1|2|3|4|6|7|8|9,0train,20260925,20,4,1,0.58898914,0.31585798,0.0849642,0.010188705
s05_0train_r4_t09,5,0train,4,9,1,16140,False,Q13-E005,Q9_SHARED_SOURCE_SESSION_T,loso_s5,all,1|2|3|4|6|7|8|9,0train,20260925,20,1,2,0.35935336,0.5129528,0.11186763,0.015826197
s05_0train_r4_t10,5,0train,4,10,4,18138,False,Q13-E005,Q9_SHARED_SOURCE_SESSION_T,loso_s5,all,1|2|3|4|6|7|8|9,0train,20260925,20,4,1,0.55917555,0.27617863,0.13755164,0.027094198
s05_0train_r4_t11,5,0train,4,11,1,20044,True,Q13-E005,Q9_SHARED_SOURCE_SESSION_T,loso_s5,all,1|2|3|4|6|7|8|9,0train,20260925,20,1,1,0.47189015,0.43854827,0.07765209,0.011909467
s05_0train_r4_t12,5,0train,4,12,1,21939,False,Q13-E005,Q9_SHARED_SOURCE_SESSION_T,loso_s5,all,1|2|3|4|6|7|8|9,0train,20260925,20,1,1,0.5267191,0.3479668,0.10823535,0.017078739
s05_0train_r4_t13,5,0train,4,13,2,23911,False,Q13-E005,Q9_SHARED_SOURCE_SESSION_T,loso_s5,all,1|2|3|4|6|7|8|9,0train,20260925,20,2,1,0.51106733,0.35568053,0.11553711,0.017715085
s05_0train_r4_t14,5,0train,4,14,4,25855,False,Q13-E005,Q9_SHARED_SOURCE_SESSION_T,loso_s5,all,1|2|3|4|6|7|8|9,0train,20260925,20,4,1,0.6027342,0.24875057,0.13143772,0.017077517
s05_0train_r4_t15,5,0train,4,15,3,27822,False,Q13-E005,Q9_SHARED_SOURCE_SESSION_T,loso_s5,all,1|2|3|4|6|7|8|9,0train,20260925,20,3,1,0.5380634,0.34054065,0.10912006,0.012275911
s05_0train_r4_t16,5,0train,4,16,2,29942,False,Q13-E005,Q9_SHARED_SOURCE_SESSION_T,loso_s5,all,1|2|3|4|6|7|8|9,0train,20260925,20,2,1,0.576043,0.32330915,0.08550561,0.015142166
s05_0train_r4_t17,5,0train,4,17,4,31950,False,Q13-E005,Q9_SHARED_SOURCE_SESSION_T,loso_s5,all,1|2|3|4|6|7|8|9,0train,20260925,20,4,1,0.5592448,0.30179542,0.11739752,0.021562267
s05_0train_r4_t18,5,0train,4,18,3,34016,False,Q13-E005,Q9_SHARED_SOURCE_SESSION_T,loso_s5,all,1|2|3|4|6|7|8|9,0train,20260925,20,3,1,0.5032001,0.39386192,0.08866917,0.014268809
s05_0train_r4_t19,5,0train,4,19,4,36052,False,Q13-E005,Q9_SHARED_SOURCE_SESSION_T,loso_s5,all,1|2|3|4|6|7|8|9,0train,20260925,20,4,1,0.6360349,0.22787495,0.122609586,0.0134805525
s05_0train_r4_t20,5,0train,4,20,3,38118,False,Q13-E005,Q9_SHARED_SOURCE_SESSION_T,loso_s5,all,1|2|3|4|6|7|8|9,0train,20260925,20,3,1,0.59077424,0.2984866,0.09110486,0.019634305
s05_0train_r4_t21,5,0train,4,21,4,40188,False,Q13-E005,Q9_SHARED_SOURCE_SESSION_T,loso_s5,all,1|2|3|4|6|7|8|9,0train,20260925,20,4,1,0.5329146,0.26740512,0.1616782,0.038002163
s05_0train_r4_t22,5,0train,4,22,2,42268,False,Q13-E005,Q9_SHARED_SOURCE_SESSION_T,loso_s5,all,1|2|3|4|6|7|8|9,0train,20260925,20,2,1,0.6553057,0.24222767,0.08656893,0.015897734
s05_0train_r4_t23,5,0train,4,23,2,44180,False,Q13-E005,Q9_SHARED_SOURCE_SESSION_T,loso_s5,all,1|2|3|4|6|7|8|9,0train,20260925,20,2,2,0.39901206,0.48770335,0.09689537,0.016389212
s05_0train_r4_t24,5,0train,4,24,4,46211,False,Q13-E005,Q9_SHARED_SOURCE_SESSION_T,loso_s5,all,1|2|3|4|6|7|8|9,0train,20260925,20,4,1,0.47647157,0.416674,0.08786085,0.018993666
s05_0train_r4_t25,5,0train,4,25,1,48164,False,Q13-E005,Q9_SHARED_SOURCE_SESSION_T,loso_s5,all,1|2|3|4|6|7|8|9,0train,20260925,20,1,1,0.50411415,0.41571555,0.069292195,0.010878113
s05_0train_r4_t26,5,0train,4,26,2,50125,False,Q13-E005,Q9_SHARED_SOURCE_SESSION_T,loso_s5,all,1|2|3|4|6|7|8|9,0train,20260925,20,2,2,0.4140437,0.46449912,0.10394062,0.017516548
s05_0train_r4_t27,5,0train,4,27,2,52229,False,Q13-E005,Q9_SHARED_SOURCE_SESSION_T,loso_s5,all,1|2|3|4|6|7|8|9,0train,20260925,20,2,1,0.4731335,0.40337566,0.106908776,0.016582051
s05_0train_r4_t28,5,0train,4,28,2,54233,False,Q13-E005,Q9_SHARED_SOURCE_SESSION_T,loso_s5,all,1|2|3|4|6|7|8|9,0train,20260925,20,2,1,0.6813339,0.24443686,0.06694431,0.0072848983
s05_0train_r4_t29,5,0train,4,29,3,56208,True,Q13-E005,Q9_SHARED_SOURCE_SESSION_T,loso_s5,all,1|2|3|4|6|7|8|9,0train,20260925,20,3,1,0.48741964,0.40390846,0.09048806,0.018183827
s05_0train_r4_t30,5,0train,4,30,4,58234,False,Q13-E005,Q9_SHARED_SOURCE_SESSION_T,loso_s5,all,1|2|3|4|6|7|8|9,0train,20260925,20,4,1,0.6101699,0.27799854,0.09398168,0.017849853
s05_0train_r4_t31,5,0train,4,31,1,60305,False,Q13-E005,Q9_SHARED_SOURCE_SESSION_T,loso_s5,all,1|2|3|4|6|7|8|9,0train,20260925,20,1,1,0.60082096,0.297613,0.090078585,0.01148752
s05_0train_r4_t32,5,0train,4,32,4,62412,True,Q13-E005,Q9_SHARED_SOURCE_SESSION_T,loso_s5,all,1|2|3|4|6|7|8|9,0train,20260925,20,4,1,0.39956233,0.37984,0.18310116,0.03749646
s05_0train_r4_t33,5,0train,4,33,1,64504,False,Q13-E005,Q9_SHARED_SOURCE_SESSION_T,loso_s5,all,1|2|3|4|6|7|8|9,0train,20260925,20,1,1,0.5056366,0.32405272,0.14594266,0.024368055
s05_0train_r4_t34,5,0train,4,34,3,66595,False,Q13-E005,Q9_SHARED_SOURCE_SESSION_T,loso_s5,all,1|2|3|4|6|7|8|9,0train,20260925,20,3,2,0.3692804,0.52469134,0.088873275,0.017154986
s05_0train_r4_t35,5,0train,4,35,1,68638,False,Q13-E005,Q9_SHARED_SOURCE_SESSION_T,loso_s5,all,1|2|3|4|6|7|8|9,0train,20260925,20,1,1,0.63579124,0.23525366,0.11504909,0.013905961
s05_0train_r4_t36,5,0train,4,36,4,70702,False,Q13-E005,Q9_SHARED_SOURCE_SESSION_T,loso_s5,all,1|2|3|4|6|7|8|9,0train,20260925,20,4,1,0.61653715,0.26017863,0.09981116,0.023473091
s05_0train_r4_t37,5,0train,4,37,1,72722,False,Q13-E005,Q9_SHARED_SOURCE_SESSION_T,loso_s5,all,1|2|3|4|6|7|8|9,0train,20260925,20,1,2,0.40308827,0.4748564,0.100306794,0.021748474
s05_0train_r4_t38,5,0train,4,38,3,74694,False,Q13-E005,Q9_SHARED_SOURCE_SESSION_T,loso_s5,all,1|2|3|4|6|7|8|9,0train,20260925,20,3,1,0.5629554,0.32281741,0.097601496,0.0166257
s05_0train_r4_t39,5,0train,4,39,1,76657,False,Q13-E005,Q9_SHARED_SOURCE_SESSION_T,loso_s5,all,1|2|3|4|6|7|8|9,0train,20260925,20,1,1,0.5209148,0.36195645,0.0991018,0.018026965
s05_0train_r4_t40,5,0train,4,40,2,78582,False,Q13-E005,Q9_SHARED_SOURCE_SESSION_T,loso_s5,all,1|2|3|4|6|7|8|9,0train,20260925,20,2,2,0.44146404,0.45719397,0.083768636,0.017573392
s05_0train_r4_t41,5,0train,4,41,3,80663,False,Q13-E005,Q9_SHARED_SOURCE_SESSION_T,loso_s5,all,1|2|3|4|6|7|8|9,0train,20260925,20,3,1,0.8289874,0.068630844,0.08787652,0.014505173
s05_0train_r4_t42,5,0train,4,42,3,82641,False,Q13-E005,Q9_SHARED_SOURCE_SESSION_T,loso_s5,all,1|2|3|4|6|7|8|9,0train,20260925,20,3,1,0.44903103,0.41494006,0.1121937,0.023835216
s05_0train_r4_t43,5,0train,4,43,4,84631,False,Q13-E005,Q9_SHARED_SOURCE_SESSION_T,loso_s5,all,1|2|3|4|6|7|8|9,0train,20260925,20,4,1,0.5665446,0.29980808,0.11279459,0.020852717
s05_0train_r4_t44,5,0train,4,44,1,86750,False,Q13-E005,Q9_SHARED_SOURCE_SESSION_T,loso_s5,all,1|2|3|4|6|7|8|9,0train,20260925,20,1,1,0.5734294,0.28035405,0.12146195,0.024754584
s05_0train_r4_t45,5,0train,4,45,2,88656,False,Q13-E005,Q9_SHARED_SOURCE_SESSION_T,loso_s5,all,1|2|3|4|6|7|8|9,0train,20260925,20,2,1,0.5288572,0.3367288,0.10820905,0.02620494
s05_0train_r4_t46,5,0train,4,46,4,90584,False,Q13-E005,Q9_SHARED_SOURCE_SESSION_T,loso_s5,all,1|2|3|4|6|7|8|9,0train,20260925,20,4,1,0.8978633,0.021023944,0.07233568,0.008776969
s05_0train_r4_t47,5,0train,4,47,2,92698,False,Q13-E005,Q9_SHARED_SOURCE_SESSION_T,loso_s5,all,1|2|3|4|6|7|8|9,0train,20260925,20,2,1,0.47476137,0.4034237,0.104098305,0.01771662
s05_0train_r4_t48,5,0train,4,48,3,94757,False,Q13-E005,Q9_SHARED_SOURCE_SESSION_T,loso_s5,all,1|2|3|4|6|7|8|9,0train,20260925,20,3,1,0.48905888,0.37855244,0.109111756,0.023276916
s05_0train_r5_t01,5,0train,5,1,3,250,True,Q13-E005,Q9_SHARED_SOURCE_SESSION_T,loso_s5,all,1|2|3|4|6|7|8|9,0train,20260925,20,3,1,0.49945545,0.40322763,0.08520687,0.012110048
s05_0train_r5_t02,5,0train,5,2,1,2253,False,Q13-E005,Q9_SHARED_SOURCE_SESSION_T,loso_s5,all,1|2|3|4|6|7|8|9,0train,20260925,20,1,1,0.46192393,0.3539922,0.15207401,0.032009874
s05_0train_r5_t03,5,0train,5,3,4,4171,False,Q13-E005,Q9_SHARED_SOURCE_SESSION_T,loso_s5,all,1|2|3|4|6|7|8|9,0train,20260925,20,4,2,0.43564457,0.44036454,0.104919285,0.01907165
s05_0train_r5_t04,5,0train,5,4,2,6123,False,Q13-E005,Q9_SHARED_SOURCE_SESSION_T,loso_s5,all,1|2|3|4|6|7|8|9,0train,20260925,20,2,1,0.7661584,0.17052813,0.05668452,0.0066289357
s05_0train_r5_t05,5,0train,5,5,4,8131,False,Q13-E005,Q9_SHARED_SOURCE_SESSION_T,loso_s5,all,1|2|3|4|6|7|8|9,0train,20260925,20,4,1,0.5892941,0.2802066,0.102831155,0.027668111
s05_0train_r5_t06,5,0train,5,6,1,10242,False,Q13-E005,Q9_SHARED_SOURCE_SESSION_T,loso_s5,all,1|2|3|4|6|7|8|9,0train,20260925,20,1,1,0.53794944,0.3543,0.091020964,0.016729621
s05_0train_r5_t07,5,0train,5,7,1,12159,False,Q13-E005,Q9_SHARED_SOURCE_SESSION_T,loso_s5,all,1|2|3|4|6|7|8|9,0train,20260925,20,1,1,0.47023147,0.37147692,0.1347383,0.02355336
s05_0train_r5_t08,5,0train,5,8,3,14209,False,Q13-E005,Q9_SHARED_SOURCE_SESSION_T,loso_s5,all,1|2|3|4|6|7|8|9,0train,20260925,20,3,1,0.4640072,0.41856712,0.09796727,0.019458352
s05_0train_r5_t09,5,0train,5,9,3,16140,False,Q13-E005,Q9_SHARED_SOURCE_SESSION_T,loso_s5,all,1|2|3|4|6|7|8|9,0train,20260925,20,3,1,0.62219656,0.1993105,0.15928139,0.019211622
s05_0train_r5_t10,5,0train,5,10,2,18138,False,Q13-E005,Q9_SHARED_SOURCE_SESSION_T,loso_s5,all,1|2|3|4|6|7|8|9,0train,20260925,20,2,2,0.40806797,0.47333255,0.09698004,0.02161939
s05_0train_r5_t11,5,0train,5,11,4,20044,False,Q13-E005,Q9_SHARED_SOURCE_SESSION_T,loso_s5,all,1|2|3|4|6|7|8|9,0train,20260925,20,4,1,0.542017,0.33108428,0.11293239,0.013966345
s05_0train_r5_t12,5,0train,5,12,2,21939,False,Q13-E005,Q9_SHARED_SOURCE_SESSION_T,loso_s5,all,1|2|3|4|6|7|8|9,0train,20260925,20,2,1,0.49834374,0.39917162,0.09213362,0.010350954
s05_0train_r5_t13,5,0train,5,13,2,23911,False,Q13-E005,Q9_SHARED_SOURCE_SESSION_T,loso_s5,all,1|2|3|4|6|7|8|9,0train,20260925,20,2,1,0.5991208,0.30958387,0.079816304,0.011479093
s05_0train_r5_t14,5,0train,5,14,1,25855,False,Q13-E005,Q9_SHARED_SOURCE_SESSION_T,loso_s5,all,1|2|3|4|6|7|8|9,0train,20260925,20,1,1,0.6099485,0.2928877,0.08464117,0.012522607
s05_0train_r5_t15,5,0train,5,15,2,27822,False,Q13-E005,Q9_SHARED_SOURCE_SESSION_T,loso_s5,all,1|2|3|4|6|7|8|9,0train,20260925,20,2,1,0.62663794,0.28546825,0.07651604,0.011377829
s05_0train_r5_t16,5,0train,5,16,4,29942,False,Q13-E005,Q9_SHARED_SOURCE_SESSION_T,loso_s5,all,1|2|3|4|6|7|8|9,0train,20260925,20,4,1,0.45763734,0.44173247,0.08363038,0.016999844
s05_0train_r5_t17,5,0train,5,17,4,31950,False,Q13-E005,Q9_SHARED_SOURCE_SESSION_T,loso_s5,all,1|2|3|4|6|7|8|9,0train,20260925,20,4,2,0.3414772,0.48654008,0.14170498,0.030277787
s05_0train_r5_t18,5,0train,5,18,2,34016,False,Q13-E005,Q9_SHARED_SOURCE_SESSION_T,loso_s5,all,1|2|3|4|6|7|8|9,0train,20260925,20,2,1,0.5793709,0.27587968,0.12710169,0.017647756
s05_0train_r5_t19,5,0train,5,19,2,36052,False,Q13-E005,Q9_SHARED_SOURCE_SESSION_T,loso_s5,all,1|2|3|4|6|7|8|9,0train,20260925,20,2,1,0.5864787,0.23899643,0.15032749,0.024197334
s05_0train_r5_t20,5,0train,5,20,2,38118,False,Q13-E005,Q9_SHARED_SOURCE_SESSION_T,loso_s5,all,1|2|3|4|6|7|8|9,0train,20260925,20,2,1,0.4721159,0.39395115,0.10891164,0.025021395
s05_0train_r5_t21,5,0train,5,21,2,40188,False,Q13-E005,Q9_SHARED_SOURCE_SESSION_T,loso_s5,all,1|2|3|4|6|7|8|9,0train,20260925,20,2,1,0.5367336,0.34338877,0.09941237,0.020465244
s05_0train_r5_t22,5,0train,5,22,4,42268,False,Q13-E005,Q9_SHARED_SOURCE_SESSION_T,loso_s5,all,1|2|3|4|6|7|8|9,0train,20260925,20,4,2,0.38671714,0.5052922,0.091185756,0.01680495
s05_0train_r5_t23,5,0train,5,23,4,44180,False,Q13-E005,Q9_SHARED_SOURCE_SESSION_T,loso_s5,all,1|2|3|4|6|7|8|9,0train,20260925,20,4,1,0.5408475,0.20155619,0.23499517,0.022601182
s05_0train_r5_t24,5,0train,5,24,3,46211,False,Q13-E005,Q9_SHARED_SOURCE_SESSION_T,loso_s5,all,1|2|3|4|6|7|8|9,0train,20260925,20,3,2,0.3458557,0.5310863,0.102330886,0.020727074
s05_0train_r5_t25,5,0train,5,25,4,48164,False,Q13-E005,Q9_SHARED_SOURCE_SESSION_T,loso_s5,all,1|2|3|4|6|7|8|9,0train,20260925,20,4,1,0.61475295,0.24543023,0.11765694,0.022159897
s05_0train_r5_t26,5,0train,5,26,1,50125,False,Q13-E005,Q9_SHARED_SOURCE_SESSION_T,loso_s5,all,1|2|3|4|6|7|8|9,0train,20260925,20,1,1,0.41953582,0.38475713,0.16590442,0.029802606
s05_0train_r5_t27,5,0train,5,27,2,52229,False,Q13-E005,Q9_SHARED_SOURCE_SESSION_T,loso_s5,all,1|2|3|4|6|7|8|9,0train,20260925,20,2,1,0.45797834,0.39794558,0.12766488,0.016411154
s05_0train_r5_t28,5,0train,5,28,3,54233,True,Q13-E005,Q9_SHARED_SOURCE_SESSION_T,loso_s5,all,1|2|3|4|6|7|8|9,0train,20260925,20,3,1,0.6833736,0.14856185,0.13955528,0.028509336
s05_0train_r5_t29,5,0train,5,29,2,56208,False,Q13-E005,Q9_SHARED_SOURCE_SESSION_T,loso_s5,all,1|2|3|4|6|7|8|9,0train,20260925,20,2,1,0.6314846,0.22013898,0.12444128,0.023935154
s05_0train_r5_t30,5,0train,5,30,1,58234,False,Q13-E005,Q9_SHARED_SOURCE_SESSION_T,loso_s5,all,1|2|3|4|6|7|8|9,0train,20260925,20,1,1,0.47652787,0.38561603,0.11364755,0.024208495
s05_0train_r5_t31,5,0train,5,31,4,60305,False,Q13-E005,Q9_SHARED_SOURCE_SESSION_T,loso_s5,all,1|2|3|4|6|7|8|9,0train,20260925,20,4,2,0.16649774,0.6856195,0.1263971,0.021485655
s05_0train_r5_t32,5,0train,5,32,1,62412,False,Q13-E005,Q9_SHARED_SOURCE_SESSION_T,loso_s5,all,1|2|3|4|6|7|8|9,0train,20260925,20,1,1,0.57824355,0.3504039,0.06325527,0.008097338
s05_0train_r5_t33,5,0train,5,33,4,64504,False,Q13-E005,Q9_SHARED_SOURCE_SESSION_T,loso_s5,all,1|2|3|4|6|7|8|9,0train,20260925,20,4,1,0.693351,0.15527049,0.12789254,0.023486078
s05_0train_r5_t34,5,0train,5,34,1,66595,False,Q13-E005,Q9_SHARED_SOURCE_SESSION_T,loso_s5,all,1|2|3|4|6|7|8|9,0train,20260925,20,1,1,0.6945077,0.19403265,0.10043986,0.011019777
s05_0train_r5_t35,5,0train,5,35,1,68638,False,Q13-E005,Q9_SHARED_SOURCE_SESSION_T,loso_s5,all,1|2|3|4|6|7|8|9,0train,20260925,20,1,1,0.54490924,0.34970033,0.09275829,0.012632139
s05_0train_r5_t36,5,0train,5,36,1,70702,False,Q13-E005,Q9_SHARED_SOURCE_SESSION_T,loso_s5,all,1|2|3|4|6|7|8|9,0train,20260925,20,1,1,0.51678747,0.35100585,0.11120526,0.021001467
s05_0train_r5_t37,5,0train,5,37,1,72722,False,Q13-E005,Q9_SHARED_SOURCE_SESSION_T,loso_s5,all,1|2|3|4|6|7|8|9,0train,20260925,20,1,1,0.44849896,0.39028674,0.14001411,0.021200141
s05_0train_r5_t38,5,0train,5,38,3,74694,False,Q13-E005,Q9_SHARED_SOURCE_SESSION_T,loso_s5,all,1|2|3|4|6|7|8|9,0train,20260925,20,3,1,0.5407528,0.3491964,0.09384606,0.016204672
s05_0train_r5_t39,5,0train,5,39,3,76657,False,Q13-E005,Q9_SHARED_SOURCE_SESSION_T,loso_s5,all,1|2|3|4|6|7|8|9,0train,20260925,20,3,1,0.58190835,0.30647483,0.094984144,0.016632672
s05_0train_r5_t40,5,0train,5,40,4,78582,False,Q13-E005,Q9_SHARED_SOURCE_SESSION_T,loso_s5,all,1|2|3|4|6|7|8|9,0train,20260925,20,4,2,0.37075523,0.4998066,0.105662316,0.023775788
s05_0train_r5_t41,5,0train,5,41,2,80663,False,Q13-E005,Q9_SHARED_SOURCE_SESSION_T,loso_s5,all,1|2|3|4|6|7|8|9,0train,20260925,20,2,1,0.6753919,0.22851944,0.08138218,0.014706462
s05_0train_r5_t42,5,0train,5,42,3,82641,False,Q13-E005,Q9_SHARED_SOURCE_SESSION_T,loso_s5,all,1|2|3|4|6|7|8|9,0train,20260925,20,3,1,0.7344601,0.039332055,0.20459378,0.02161406
s05_0train_r5_t43,5,0train,5,43,3,84631,False,Q13-E005,Q9_SHARED_SOURCE_SESSION_T,loso_s5,all,1|2|3|4|6|7|8|9,0train,20260925,20,3,1,0.6876355,0.1543292,0.13532133,0.022713978
s05_0train_r5_t44,5,0train,5,44,3,86750,False,Q13-E005,Q9_SHARED_SOURCE_SESSION_T,loso_s5,all,1|2|3|4|6|7|8|9,0train,20260925,20,3,1,0.45784113,0.4547066,0.07642513,0.011027161
s05_0train_r5_t45,5,0train,5,45,4,88656,False,Q13-E005,Q9_SHARED_SOURCE_SESSION_T,loso_s5,all,1|2|3|4|6|7|8|9,0train,20260925,20,4,1,0.5847923,0.31263545,0.09230391,0.010268383
s05_0train_r5_t46,5,0train,5,46,3,90584,False,Q13-E005,Q9_SHARED_SOURCE_SESSION_T,loso_s5,all,1|2|3|4|6|7|8|9,0train,20260925,20,3,1,0.5403989,0.34527123,0.0966284,0.017701466
s05_0train_r5_t47,5,0train,5,47,1,92698,False,Q13-E005,Q9_SHARED_SOURCE_SESSION_T,loso_s5,all,1|2|3|4|6|7|8|9,0train,20260925,20,1,1,0.48748314,0.36519113,0.12043122,0.02689445
s05_0train_r5_t48,5,0train,5,48,3,94757,False,Q13-E005,Q9_SHARED_SOURCE_SESSION_T,loso_s5,all,1|2|3|4|6|7|8|9,0train,20260925,20,3,2,0.34024662,0.49569765,0.13382709,0.030228622
s05_1test_r0_t01,5,1test,0,1,1,250,False,Q13-E005,Q9_SHARED_SOURCE_SESSION_T,loso_s5,all,1|2|3|4|6|7|8|9,0train,20260925,20,1,1,0.53780335,0.36844367,0.0827486,0.011004349
s05_1test_r0_t02,5,1test,0,2,2,2253,False,Q13-E005,Q9_SHARED_SOURCE_SESSION_T,loso_s5,all,1|2|3|4|6|7|8|9,0train,20260925,20,2,1,0.6225239,0.273027,0.09147189,0.012977178
s05_1test_r0_t03,5,1test,0,3,2,4171,False,Q13-E005,Q9_SHARED_SOURCE_SESSION_T,loso_s5,all,1|2|3|4|6|7|8|9,0train,20260925,20,2,1,0.6807949,0.17353827,0.12307895,0.02258784
s05_1test_r0_t04,5,1test,0,4,1,6123,False,Q13-E005,Q9_SHARED_SOURCE_SESSION_T,loso_s5,all,1|2|3|4|6|7|8|9,0train,20260925,20,1,1,0.49607298,0.3979904,0.090903096,0.015033453
s05_1test_r0_t05,5,1test,0,5,2,8131,True,Q13-E005,Q9_SHARED_SOURCE_SESSION_T,loso_s5,all,1|2|3|4|6|7|8|9,0train,20260925,20,2,2,0.29350457,0.5156317,0.15192124,0.0389425
s05_1test_r0_t06,5,1test,0,6,1,10242,False,Q13-E005,Q9_SHARED_SOURCE_SESSION_T,loso_s5,all,1|2|3|4|6|7|8|9,0train,20260925,20,1,1,0.56925994,0.3294145,0.089415275,0.011910326
s05_1test_r0_t07,5,1test,0,7,2,12159,True,Q13-E005,Q9_SHARED_SOURCE_SESSION_T,loso_s5,all,1|2|3|4|6|7|8|9,0train,20260925,20,2,1,0.60357016,0.29867578,0.08396266,0.013791419
s05_1test_r0_t08,5,1test,0,8,3,14209,False,Q13-E005,Q9_SHARED_SOURCE_SESSION_T,loso_s5,all,1|2|3|4|6|7|8|9,0train,20260925,20,3,1,0.6025687,0.24952136,0.12479086,0.023119126
s05_1test_r0_t09,5,1test,0,9,2,16140,False,Q13-E005,Q9_SHARED_SOURCE_SESSION_T,loso_s5,all,1|2|3|4|6|7|8|9,0train,20260925,20,2,1,0.6534916,0.2481634,0.08286174,0.015483236
s05_1test_r0_t10,5,1test,0,10,4,18138,False,Q13-E005,Q9_SHARED_SOURCE_SESSION_T,loso_s5,all,1|2|3|4|6|7|8|9,0train,20260925,20,4,1,0.6903762,0.17824525,0.11287431,0.018504232
s05_1test_r0_t11,5,1test,0,11,1,20044,False,Q13-E005,Q9_SHARED_SOURCE_SESSION_T,loso_s5,all,1|2|3|4|6|7|8|9,0train,20260925,20,1,1,0.58730245,0.3035709,0.0932753,0.015851364
s05_1test_r0_t12,5,1test,0,12,3,21939,False,Q13-E005,Q9_SHARED_SOURCE_SESSION_T,loso_s5,all,1|2|3|4|6|7|8|9,0train,20260925,20,3,1,0.6693872,0.22984721,0.091516174,0.009249372
s05_1test_r0_t13,5,1test,0,13,2,23911,False,Q13-E005,Q9_SHARED_SOURCE_SESSION_T,loso_s5,all,1|2|3|4|6|7|8|9,0train,20260925,20,2,1,0.5582451,0.3579207,0.07490012,0.008934017
s05_1test_r0_t14,5,1test,0,14,1,25855,True,Q13-E005,Q9_SHARED_SOURCE_SESSION_T,loso_s5,all,1|2|3|4|6|7|8|9,0train,20260925,20,1,1,0.5238962,0.36175954,0.09767252,0.016671764
s05_1test_r0_t15,5,1test,0,15,4,27822,True,Q13-E005,Q9_SHARED_SOURCE_SESSION_T,loso_s5,all,1|2|3|4|6|7|8|9,0train,20260925,20,4,1,0.608206,0.28123838,0.09357322,0.016982479
s05_1test_r0_t16,5,1test,0,16,4,29942,False,Q13-E005,Q9_SHARED_SOURCE_SESSION_T,loso_s5,all,1|2|3|4|6|7|8|9,0train,20260925,20,4,1,0.6037364,0.2976615,0.086197935,0.0124041615
s05_1test_r0_t17,5,1test,0,17,4,31950,False,Q13-E005,Q9_SHARED_SOURCE_SESSION_T,loso_s5,all,1|2|3|4|6|7|8|9,0train,20260925,20,4,1,0.463108,0.3904056,0.11934111,0.027145317
s05_1test_r0_t18,5,1test,0,18,4,34016,True,Q13-E005,Q9_SHARED_SOURCE_SESSION_T,loso_s5,all,1|2|3|4|6|7|8|9,0train,20260925,20,4,1,0.4899228,0.4077934,0.09103327,0.011250517
s05_1test_r0_t19,5,1test,0,19,4,36052,False,Q13-E005,Q9_SHARED_SOURCE_SESSION_T,loso_s5,all,1|2|3|4|6|7|8|9,0train,20260925,20,4,1,0.48491013,0.40388262,0.095312186,0.015895016
s05_1test_r0_t20,5,1test,0,20,1,38118,False,Q13-E005,Q9_SHARED_SOURCE_SESSION_T,loso_s5,all,1|2|3|4|6|7|8|9,0train,20260925,20,1,1,0.60007477,0.20979135,0.16312581,0.027008072
s05_1test_r0_t21,5,1test,0,21,3,40188,False,Q13-E005,Q9_SHARED_SOURCE_SESSION_T,loso_s5,all,1|2|3|4|6|7|8|9,0train,20260925,20,3,2,0.38940245,0.46697167,0.1267928,0.016833106
s05_1test_r0_t22,5,1test,0,22,2,42268,True,Q13-E005,Q9_SHARED_SOURCE_SESSION_T,loso_s5,all,1|2|3|4|6|7|8|9,0train,20260925,20,2,1,0.53180194,0.31643075,0.121821105,0.02994617
s05_1test_r0_t23,5,1test,0,23,1,44180,False,Q13-E005,Q9_SHARED_SOURCE_SESSION_T,loso_s5,all,1|2|3|4|6|7|8|9,0train,20260925,20,1,1,0.5486554,0.31624076,0.1042335,0.030870352
s05_1test_r0_t24,5,1test,0,24,1,46211,False,Q13-E005,Q9_SHARED_SOURCE_SESSION_T,loso_s5,all,1|2|3|4|6|7|8|9,0train,20260925,20,1,1,0.5872005,0.3100995,0.084541805,0.018158134
s05_1test_r0_t25,5,1test,0,25,3,48164,False,Q13-E005,Q9_SHARED_SOURCE_SESSION_T,loso_s5,all,1|2|3|4|6|7|8|9,0train,20260925,20,3,1,0.42098442,0.40510502,0.1543554,0.01955523
s05_1test_r0_t26,5,1test,0,26,4,50125,False,Q13-E005,Q9_SHARED_SOURCE_SESSION_T,loso_s5,all,1|2|3|4|6|7|8|9,0train,20260925,20,4,2,0.38943848,0.4610404,0.12502928,0.024491813
s05_1test_r0_t27,5,1test,0,27,1,52229,False,Q13-E005,Q9_SHARED_SOURCE_SESSION_T,loso_s5,all,1|2|3|4|6|7|8|9,0train,20260925,20,1,1,0.47418088,0.40421918,0.098382875,0.023217099
s05_1test_r0_t28,5,1test,0,28,3,54233,False,Q13-E005,Q9_SHARED_SOURCE_SESSION_T,loso_s5,all,1|2|3|4|6|7|8|9,0train,20260925,20,3,1,0.48280698,0.302227,0.17840344,0.036562588
s05_1test_r0_t29,5,1test,0,29,3,56208,False,Q13-E005,Q9_SHARED_SOURCE_SESSION_T,loso_s5,all,1|2|3|4|6|7|8|9,0train,20260925,20,3,1,0.6083135,0.2886511,0.08712175,0.015913589
s05_1test_r0_t30,5,1test,0,30,3,58234,False,Q13-E005,Q9_SHARED_SOURCE_SESSION_T,loso_s5,all,1|2|3|4|6|7|8|9,0train,20260925,20,3,1,0.69726914,0.18228447,0.09744855,0.02299785
s05_1test_r0_t31,5,1test,0,31,1,60305,False,Q13-E005,Q9_SHARED_SOURCE_SESSION_T,loso_s5,all,1|2|3|4|6|7|8|9,0train,20260925,20,1,1,0.6303635,0.2969652,0.06284394,0.0098273335
s05_1test_r0_t32,5,1test,0,32,2,62412,False,Q13-E005,Q9_SHARED_SOURCE_SESSION_T,loso_s5,all,1|2|3|4|6|7|8|9,0train,20260925,20,2,2,0.4295854,0.46054813,0.08991881,0.01994772
s05_1test_r0_t33,5,1test,0,33,1,64504,False,Q13-E005,Q9_SHARED_SOURCE_SESSION_T,loso_s5,all,1|2|3|4|6|7|8|9,0train,20260925,20,1,1,0.48102105,0.40846553,0.09247857,0.018034829
s05_1test_r0_t34,5,1test,0,34,2,66595,False,Q13-E005,Q9_SHARED_SOURCE_SESSION_T,loso_s5,all,1|2|3|4|6|7|8|9,0train,20260925,20,2,1,0.5452642,0.3381304,0.10118015,0.015425286
s05_1test_r0_t35,5,1test,0,35,2,68638,False,Q13-E005,Q9_SHARED_SOURCE_SESSION_T,loso_s5,all,1|2|3|4|6|7|8|9,0train,20260925,20,2,1,0.6856715,0.20124906,0.09682194,0.016257526
s05_1test_r0_t36,5,1test,0,36,1,70702,False,Q13-E005,Q9_SHARED_SOURCE_SESSION_T,loso_s5,all,1|2|3|4|6|7|8|9,0train,20260925,20,1,1,0.70387155,0.2075338,0.07455758,0.014037077
s05_1test_r0_t37,5,1test,0,37,2,72722,False,Q13-E005,Q9_SHARED_SOURCE_SESSION_T,loso_s5,all,1|2|3|4|6|7|8|9,0train,20260925,20,2,1,0.4611995,0.39560932,0.11992753,0.023263713
s05_1test_r0_t38,5,1test,0,38,3,74694,False,Q13-E005,Q9_SHARED_SOURCE_SESSION_T,loso_s5,all,1|2|3|4|6|7|8|9,0train,20260925,20,3,1,0.646678,0.20436612,0.13077113,0.018184775
s05_1test_r0_t39,5,1test,0,39,2,76657,False,Q13-E005,Q9_SHARED_SOURCE_SESSION_T,loso_s5,all,1|2|3|4|6|7|8|9,0train,20260925,20,2,2,0.38130665,0.50148386,0.096760124,0.020449389
s05_1test_r0_t40,5,1test,0,40,3,78582,False,Q13-E005,Q9_SHARED_SOURCE_SESSION_T,loso_s5,all,1|2|3|4|6|7|8|9,0train,20260925,20,3,1,0.59059924,0.23651093,0.14027536,0.032614462
s05_1test_r0_t41,5,1test,0,41,3,80663,False,Q13-E005,Q9_SHARED_SOURCE_SESSION_T,loso_s5,all,1|2|3|4|6|7|8|9,0train,20260925,20,3,1,0.64184,0.20857632,0.12762357,0.021960126
s05_1test_r0_t42,5,1test,0,42,4,82641,False,Q13-E005,Q9_SHARED_SOURCE_SESSION_T,loso_s5,all,1|2|3|4|6|7|8|9,0train,20260925,20,4,2,0.43281865,0.45668468,0.09608958,0.014407048
s05_1test_r0_t43,5,1test,0,43,3,84631,False,Q13-E005,Q9_SHARED_SOURCE_SESSION_T,loso_s5,all,1|2|3|4|6|7|8|9,0train,20260925,20,3,1,0.54094297,0.3155982,0.120262206,0.023196608
s05_1test_r0_t44,5,1test,0,44,3,86750,False,Q13-E005,Q9_SHARED_SOURCE_SESSION_T,loso_s5,all,1|2|3|4|6|7|8|9,0train,20260925,20,3,1,0.7260166,0.2004057,0.064386785,0.009190943
s05_1test_r0_t45,5,1test,0,45,4,88656,False,Q13-E005,Q9_SHARED_SOURCE_SESSION_T,loso_s5,all,1|2|3|4|6|7|8|9,0train,20260925,20,4,1,0.5756987,0.33898315,0.07429968,0.011018488
s05_1test_r0_t46,5,1test,0,46,4,90584,False,Q13-E005,Q9_SHARED_SOURCE_SESSION_T,loso_s5,all,1|2|3|4|6|7|8|9,0train,20260925,20,4,1,0.5274058,0.32189423,0.11390692,0.036793027
s05_1test_r0_t47,5,1test,0,47,4,92698,False,Q13-E005,Q9_SHARED_SOURCE_SESSION_T,loso_s5,all,1|2|3|4|6|7|8|9,0train,20260925,20,4,1,0.48819876,0.3982163,0.100752376,0.012832495
s05_1test_r0_t48,5,1test,0,48,4,94757,False,Q13-E005,Q9_SHARED_SOURCE_SESSION_T,loso_s5,all,1|2|3|4|6|7|8|9,0train,20260925,20,4,1,0.6256279,0.22386107,0.12835878,0.022152232
s05_1test_r1_t01,5,1test,1,1,4,250,False,Q13-E005,Q9_SHARED_SOURCE_SESSION_T,loso_s5,all,1|2|3|4|6|7|8|9,0train,20260925,20,4,1,0.5747609,0.34148306,0.07359416,0.010161899
s05_1test_r1_t02,5,1test,1,2,3,2253,False,Q13-E005,Q9_SHARED_SOURCE_SESSION_T,loso_s5,all,1|2|3|4|6|7|8|9,0train,20260925,20,3,1,0.61615074,0.29179752,0.08226088,0.0097908145
s05_1test_r1_t03,5,1test,1,3,2,4171,True,Q13-E005,Q9_SHARED_SOURCE_SESSION_T,loso_s5,all,1|2|3|4|6|7|8|9,0train,20260925,20,2,1,0.73860544,0.18650407,0.06744898,0.00744151
s05_1test_r1_t04,5,1test,1,4,1,6123,False,Q13-E005,Q9_SHARED_SOURCE_SESSION_T,loso_s5,all,1|2|3|4|6|7|8|9,0train,20260925,20,1,1,0.4489117,0.44767776,0.094176896,0.009233618
s05_1test_r1_t05,5,1test,1,5,1,8131,False,Q13-E005,Q9_SHARED_SOURCE_SESSION_T,loso_s5,all,1|2|3|4|6|7|8|9,0train,20260925,20,1,1,0.5823856,0.30597806,0.094081976,0.017554294
s05_1test_r1_t06,5,1test,1,6,2,10242,False,Q13-E005,Q9_SHARED_SOURCE_SESSION_T,loso_s5,all,1|2|3|4|6|7|8|9,0train,20260925,20,2,1,0.630902,0.28919113,0.06920936,0.010697543
s05_1test_r1_t07,5,1test,1,7,3,12159,False,Q13-E005,Q9_SHARED_SOURCE_SESSION_T,loso_s5,all,1|2|3|4|6|7|8|9,0train,20260925,20,3,1,0.7627954,0.14208394,0.0835024,0.011618285
s05_1test_r1_t08,5,1test,1,8,4,14209,False,Q13-E005,Q9_SHARED_SOURCE_SESSION_T,loso_s5,all,1|2|3|4|6|7|8|9,0train,20260925,20,4,1,0.651813,0.24620384,0.09095204,0.011031173
s05_1test_r1_t09,5,1test,1,9,2,16140,False,Q13-E005,Q9_SHARED_SOURCE_SESSION_T,loso_s5,all,1|2|3|4|6|7|8|9,0train,20260925,20,2,1,0.70018154,0.22575374,0.063182615,0.010882106
s05_1test_r1_t10,5,1test,1,10,3,18138,False,Q13-E005,Q9_SHARED_SOURCE_SESSION_T,loso_s5,all,1|2|3|4|6|7|8|9,0train,20260925,20,3,1,0.60218674,0.24426788,0.13315158,0.020393824
s05_1test_r1_t11,5,1test,1,11,1,20044,False,Q13-E005,Q9_SHARED_SOURCE_SESSION_T,loso_s5,all,1|2|3|4|6|7|8|9,0train,20260925,20,1,1,0.64968646,0.28347307,0.05902321,0.007817233
s05_1test_r1_t12,5,1test,1,12,1,21939,False,Q13-E005,Q9_SHARED_SOURCE_SESSION_T,loso_s5,all,1|2|3|4|6|7|8|9,0train,20260925,20,1,1,0.54091394,0.3746321,0.072615474,0.011838455
s05_1test_r1_t13,5,1test,1,13,1,23911,False,Q13-E005,Q9_SHARED_SOURCE_SESSION_T,loso_s5,all,1|2|3|4|6|7|8|9,0train,20260925,20,1,1,0.6922764,0.22358182,0.074645765,0.009496047
s05_1test_r1_t14,5,1test,1,14,4,25855,False,Q13-E005,Q9_SHARED_SOURCE_SESSION_T,loso_s5,all,1|2|3|4|6|7|8|9,0train,20260925,20,4,1,0.48147467,0.4130412,0.093639635,0.011844558
s05_1test_r1_t15,5,1test,1,15,2,27822,False,Q13-E005,Q9_SHARED_SOURCE_SESSION_T,loso_s5,all,1|2|3|4|6|7|8|9,0train,20260925,20,2,1,0.5538588,0.32978734,0.10352029,0.012833515
s05_1test_r1_t16,5,1test,1,16,2,29942,False,Q13-E005,Q9_SHARED_SOURCE_SESSION_T,loso_s5,all,1|2|3|4|6|7|8|9,0train,20260925,20,2,1,0.67125416,0.20380023,0.10455358,0.020392047
s05_1test_r1_t17,5,1test,1,17,1,31950,False,Q13-E005,Q9_SHARED_SOURCE_SESSION_T,loso_s5,all,1|2|3|4|6|7|8|9,0train,20260925,20,1,2,0.30272305,0.5180697,0.14952932,0.02967799
s05_1test_r1_t18,5,1test,1,18,1,34016,False,Q13-E005,Q9_SHARED_SOURCE_SESSION_T,loso_s5,all,1|2|3|4|6|7|8|9,0train,20260925,20,1,1,0.48368093,0.32970944,0.17447233,0.012137295
s05_1test_r1_t19,5,1test,1,19,3,36052,False,Q13-E005,Q9_SHARED_SOURCE_SESSION_T,loso_s5,all,1|2|3|4|6|7|8|9,0train,20260925,20,3,2,0.39658168,0.4723082,0.10938963,0.02172049
s05_1test_r1_t20,5,1test,1,20,1,38118,False,Q13-E005,Q9_SHARED_SOURCE_SESSION_T,loso_s5,all,1|2|3|4|6|7|8|9,0train,20260925,20,1,1,0.65083706,0.23556648,0.10052549,0.013071036
s05_1test_r1_t21,5,1test,1,21,2,40188,False,Q13-E005,Q9_SHARED_SOURCE_SESSION_T,loso_s5,all,1|2|3|4|6|7|8|9,0train,20260925,20,2,1,0.5954048,0.296687,0.09021339,0.017694775
s05_1test_r1_t22,5,1test,1,22,4,42268,False,Q13-E005,Q9_SHARED_SOURCE_SESSION_T,loso_s5,all,1|2|3|4|6|7|8|9,0train,20260925,20,4,1,0.70488465,0.18633623,0.096651,0.01212814
s05_1test_r1_t23,5,1test,1,23,4,44180,False,Q13-E005,Q9_SHARED_SOURCE_SESSION_T,loso_s5,all,1|2|3|4|6|7|8|9,0train,20260925,20,4,1,0.7172811,0.19615677,0.069069125,0.017493056
s05_1test_r1_t24,5,1test,1,24,3,46211,False,Q13-E005,Q9_SHARED_SOURCE_SESSION_T,loso_s5,all,1|2|3|4|6|7|8|9,0train,20260925,20,3,1,0.4973939,0.40485853,0.08368824,0.014059369
s05_1test_r1_t25,5,1test,1,25,1,48164,True,Q13-E005,Q9_SHARED_SOURCE_SESSION_T,loso_s5,all,1|2|3|4|6|7|8|9,0train,20260925,20,1,1,0.5642091,0.33709455,0.08360423,0.015092075
s05_1test_r1_t26,5,1test,1,26,4,50125,False,Q13-E005,Q9_SHARED_SOURCE_SESSION_T,loso_s5,all,1|2|3|4|6|7|8|9,0train,20260925,20,4,1,0.6276699,0.28622833,0.06974594,0.016355846
s05_1test_r1_t27,5,1test,1,27,4,52229,False,Q13-E005,Q9_SHARED_SOURCE_SESSION_T,loso_s5,all,1|2|3|4|6|7|8|9,0train,20260925,20,4,1,0.6018776,0.28080988,0.10124342,0.016069045
s05_1test_r1_t28,5,1test,1,28,2,54233,False,Q13-E005,Q9_SHARED_SOURCE_SESSION_T,loso_s5,all,1|2|3|4|6|7|8|9,0train,20260925,20,2,1,0.58887964,0.31268144,0.08755775,0.010881121
s05_1test_r1_t29,5,1test,1,29,4,56208,False,Q13-E005,Q9_SHARED_SOURCE_SESSION_T,loso_s5,all,1|2|3|4|6|7|8|9,0train,20260925,20,4,1,0.6317602,0.2739968,0.08338333,0.010859693
s05_1test_r1_t30,5,1test,1,30,4,58234,False,Q13-E005,Q9_SHARED_SOURCE_SESSION_T,loso_s5,all,1|2|3|4|6|7|8|9,0train,20260925,20,4,1,0.46555063,0.41323566,0.100832015,0.020381695
s05_1test_r1_t31,5,1test,1,31,2,60305,True,Q13-E005,Q9_SHARED_SOURCE_SESSION_T,loso_s5,all,1|2|3|4|6|7|8|9,0train,20260925,20,2,1,0.5744214,0.33491963,0.07757948,0.013079476
s05_1test_r1_t32,5,1test,1,32,1,62412,False,Q13-E005,Q9_SHARED_SOURCE_SESSION_T,loso_s5,all,1|2|3|4|6|7|8|9,0train,20260925,20,1,1,0.73723656,0.19772774,0.054518435,0.010517279
s05_1test_r1_t33,5,1test,1,33,2,64504,False,Q13-E005,Q9_SHARED_SOURCE_SESSION_T,loso_s5,all,1|2|3|4|6|7|8|9,0train,20260925,20,2,1,0.6501662,0.26518923,0.07447523,0.010169373
s05_1test_r1_t34,5,1test,1,34,3,66595,False,Q13-E005,Q9_SHARED_SOURCE_SESSION_T,loso_s5,all,1|2|3|4|6|7|8|9,0train,20260925,20,3,1,0.5946314,0.3026214,0.0883254,0.0144217955
s05_1test_r1_t35,5,1test,1,35,3,68638,False,Q13-E005,Q9_SHARED_SOURCE_SESSION_T,loso_s5,all,1|2|3|4|6|7|8|9,0train,20260925,20,3,1,0.6644113,0.22994234,0.094191514,0.011454822
s05_1test_r1_t36,5,1test,1,36,3,70702,False,Q13-E005,Q9_SHARED_SOURCE_SESSION_T,loso_s5,all,1|2|3|4|6|7|8|9,0train,20260925,20,3,1,0.59804183,0.31485024,0.07711681,0.009991097
s05_1test_r1_t37,5,1test,1,37,4,72722,False,Q13-E005,Q9_SHARED_SOURCE_SESSION_T,loso_s5,all,1|2|3|4|6|7|8|9,0train,20260925,20,4,2,0.2435725,0.5690122,0.1419991,0.04541616
s05_1test_r1_t38,5,1test,1,38,3,74694,False,Q13-E005,Q9_SHARED_SOURCE_SESSION_T,loso_s5,all,1|2|3|4|6|7|8|9,0train,20260925,20,3,1,0.6258287,0.24643935,0.112387404,0.01534455
s05_1test_r1_t39,5,1test,1,39,1,76657,False,Q13-E005,Q9_SHARED_SOURCE_SESSION_T,loso_s5,all,1|2|3|4|6|7|8|9,0train,20260925,20,1,1,0.63547546,0.25885317,0.09543879,0.01023264
s05_1test_r1_t40,5,1test,1,40,4,78582,False,Q13-E005,Q9_SHARED_SOURCE_SESSION_T,loso_s5,all,1|2|3|4|6|7|8|9,0train,20260925,20,4,1,0.56195056,0.33639547,0.08377905,0.017874891
s05_1test_r1_t41,5,1test,1,41,2,80663,False,Q13-E005,Q9_SHARED_SOURCE_SESSION_T,loso_s5,all,1|2|3|4|6|7|8|9,0train,20260925,20,2,1,0.5085973,0.37104663,0.10008719,0.020268822
s05_1test_r1_t42,5,1test,1,42,3,82641,False,Q13-E005,Q9_SHARED_SOURCE_SESSION_T,loso_s5,all,1|2|3|4|6|7|8|9,0train,20260925,20,3,1,0.6660496,0.2353353,0.084269814,0.014345268
s05_1test_r1_t43,5,1test,1,43,2,84631,False,Q13-E005,Q9_SHARED_SOURCE_SESSION_T,loso_s5,all,1|2|3|4|6|7|8|9,0train,20260925,20,2,1,0.58454984,0.31379646,0.08535711,0.016296564
s05_1test_r1_t44,5,1test,1,44,3,86750,False,Q13-E005,Q9_SHARED_SOURCE_SESSION_T,loso_s5,all,1|2|3|4|6|7|8|9,0train,20260925,20,3,1,0.55511254,0.32607177,0.09797553,0.02084014
s05_1test_r1_t45,5,1test,1,45,4,88656,False,Q13-E005,Q9_SHARED_SOURCE_SESSION_T,loso_s5,all,1|2|3|4|6|7|8|9,0train,20260925,20,4,1,0.45177028,0.43826148,0.09316346,0.016804771
s05_1test_r1_t46,5,1test,1,46,2,90584,False,Q13-E005,Q9_SHARED_SOURCE_SESSION_T,loso_s5,all,1|2|3|4|6|7|8|9,0train,20260925,20,2,1,0.6004573,0.30314818,0.08506317,0.01133129
s05_1test_r1_t47,5,1test,1,47,3,92698,False,Q13-E005,Q9_SHARED_SOURCE_SESSION_T,loso_s5,all,1|2|3|4|6|7|8|9,0train,20260925,20,3,1,0.69023347,0.16911405,0.122413814,0.018238643
s05_1test_r1_t48,5,1test,1,48,1,94757,False,Q13-E005,Q9_SHARED_SOURCE_SESSION_T,loso_s5,all,1|2|3|4|6|7|8|9,0train,20260925,20,1,1,0.36767274,0.28334427,0.29031327,0.058669724
s05_1test_r2_t01,5,1test,2,1,1,250,False,Q13-E005,Q9_SHARED_SOURCE_SESSION_T,loso_s5,all,1|2|3|4|6|7|8|9,0train,20260925,20,1,1,0.60385823,0.30552736,0.08339314,0.007221301
s05_1test_r2_t02,5,1test,2,2,1,2253,False,Q13-E005,Q9_SHARED_SOURCE_SESSION_T,loso_s5,all,1|2|3|4|6|7|8|9,0train,20260925,20,1,1,0.64621335,0.2754332,0.07134147,0.0070119402
s05_1test_r2_t03,5,1test,2,3,4,4171,False,Q13-E005,Q9_SHARED_SOURCE_SESSION_T,loso_s5,all,1|2|3|4|6|7|8|9,0train,20260925,20,4,1,0.60101426,0.31605807,0.07575895,0.00716874
s05_1test_r2_t04,5,1test,2,4,2,6123,False,Q13-E005,Q9_SHARED_SOURCE_SESSION_T,loso_s5,all,1|2|3|4|6|7|8|9,0train,20260925,20,2,1,0.78234714,0.14936744,0.060486358,0.0077990745
s05_1test_r2_t05,5,1test,2,5,1,8131,False,Q13-E005,Q9_SHARED_SOURCE_SESSION_T,loso_s5,all,1|2|3|4|6|7|8|9,0train,20260925,20,1,1,0.6323591,0.29685208,0.061361823,0.009427043
s05_1test_r2_t06,5,1test,2,6,3,10242,False,Q13-E005,Q9_SHARED_SOURCE_SESSION_T,loso_s5,all,1|2|3|4|6|7|8|9,0train,20260925,20,3,1,0.6641168,0.27519953,0.05303215,0.0076515223
s05_1test_r2_t07,5,1test,2,7,1,12159,False,Q13-E005,Q9_SHARED_SOURCE_SESSION_T,loso_s5,all,1|2|3|4|6|7|8|9,0train,20260925,20,1,1,0.5223669,0.38487193,0.0850012,0.007759993
s05_1test_r2_t08,5,1test,2,8,3,14209,False,Q13-E005,Q9_SHARED_SOURCE_SESSION_T,loso_s5,all,1|2|3|4|6|7|8|9,0train,20260925,20,3,1,0.62455994,0.24989647,0.10748957,0.018054048
s05_1test_r2_t09,5,1test,2,9,2,16140,False,Q13-E005,Q9_SHARED_SOURCE_SESSION_T,loso_s5,all,1|2|3|4|6|7|8|9,0train,20260925,20,2,1,0.642995,0.2839158,0.06652168,0.0065674707
s05_1test_r2_t10,5,1test,2,10,4,18138,False,Q13-E005,Q9_SHARED_SOURCE_SESSION_T,loso_s5,all,1|2|3|4|6|7|8|9,0train,20260925,20,4,1,0.7383043,0.15515181,0.09720212,0.009341732
s05_1test_r2_t11,5,1test,2,11,1,20044,False,Q13-E005,Q9_SHARED_SOURCE_SESSION_T,loso_s5,all,1|2|3|4|6|7|8|9,0train,20260925,20,1,1,0.5325616,0.37236387,0.086231194,0.008843315
s05_1test_r2_t12,5,1test,2,12,3,21939,False,Q13-E005,Q9_SHARED_SOURCE_SESSION_T,loso_s5,all,1|2|3|4|6|7|8|9,0train,20260925,20,3,1,0.661229,0.24286728,0.08765597,0.008247654
s05_1test_r2_t13,5,1test,2,13,3,23911,False,Q13-E005,Q9_SHARED_SOURCE_SESSION_T,loso_s5,all,1|2|3|4|6|7|8|9,0train,20260925,20,3,1,0.5169273,0.34138015,0.118662566,0.023030024
s05_1test_r2_t14,5,1test,2,14,1,25855,False,Q13-E005,Q9_SHARED_SOURCE_SESSION_T,loso_s5,all,1|2|3|4|6|7|8|9,0train,20260925,20,1,1,0.51541454,0.3739308,0.09390365,0.016750967
s05_1test_r2_t15,5,1test,2,15,3,27822,False,Q13-E005,Q9_SHARED_SOURCE_SESSION_T,loso_s5,all,1|2|3|4|6|7|8|9,0train,20260925,20,3,1,0.5978988,0.24646822,0.1413047,0.014328296
s05_1test_r2_t16,5,1test,2,16,2,29942,False,Q13-E005,Q9_SHARED_SOURCE_SESSION_T,loso_s5,all,1|2|3|4|6|7|8|9,0train,20260925,20,2,1,0.6467377,0.25542986,0.08622706,0.011605396
s05_1test_r2_t17,5,1test,2,17,4,31950,False,Q13-E005,Q9_SHARED_SOURCE_SESSION_T,loso_s5,all,1|2|3|4|6|7|8|9,0train,20260925,20,4,2,0.39908352,0.50243026,0.0868171,0.011669112
s05_1test_r2_t18,5,1test,2,18,4,34016,False,Q13-E005,Q9_SHARED_SOURCE_SESSION_T,loso_s5,all,1|2|3|4|6|7|8|9,0train,20260925,20,4,1,0.6274037,0.27720803,0.08371894,0.011669373
s05_1test_r2_t19,5,1test,2,19,4,36052,False,Q13-E005,Q9_SHARED_SOURCE_SESSION_T,loso_s5,all,1|2|3|4|6|7|8|9,0train,20260925,20,4,1,0.61920965,0.27766275,0.092119016,0.011008612
s05_1test_r2_t20,5,1test,2,20,3,38118,False,Q13-E005,Q9_SHARED_SOURCE_SESSION_T,loso_s5,all,1|2|3|4|6|7|8|9,0train,20260925,20,3,1,0.64098346,0.22890608,0.11145714,0.018653294
s05_1test_r2_t21,5,1test,2,21,1,40188,False,Q13-E005,Q9_SHARED_SOURCE_SESSION_T,loso_s5,all,1|2|3|4|6|7|8|9,0train,20260925,20,1,2,0.31443793,0.57592374,0.09795625,0.011682091
s05_1test_r2_t22,5,1test,2,22,4,42268,False,Q13-E005,Q9_SHARED_SOURCE_SESSION_T,loso_s5,all,1|2|3|4|6|7|8|9,0train,20260925,20,4,1,0.7702696,0.1346372,0.08637695,0.008716249
s05_1test_r2_t23,5,1test,2,23,2,44180,False,Q13-E005,Q9_SHARED_SOURCE_SESSION_T,loso_s5,all,1|2|3|4|6|7|8|9,0train,20260925,20,2,2,0.4016127,0.4065899,0.14828889,0.043508485
s05_1test_r2_t24,5,1test,2,24,4,46211,False,Q13-E005,Q9_SHARED_SOURCE_SESSION_T,loso_s5,all,1|2|3|4|6|7|8|9,0train,20260925,20,4,1,0.5548708,0.34939215,0.08068679,0.01505032
s05_1test_r2_t25,5,1test,2,25,2,48164,False,Q13-E005,Q9_SHARED_SOURCE_SESSION_T,loso_s5,all,1|2|3|4|6|7|8|9,0train,20260925,20,2,2,0.3701071,0.5201877,0.09144896,0.018256214
s05_1test_r2_t26,5,1test,2,26,1,50125,False,Q13-E005,Q9_SHARED_SOURCE_SESSION_T,loso_s5,all,1|2|3|4|6|7|8|9,0train,20260925,20,1,1,0.60706127,0.28793007,0.09146909,0.013539626
s05_1test_r2_t27,5,1test,2,27,3,52229,False,Q13-E005,Q9_SHARED_SOURCE_SESSION_T,loso_s5,all,1|2|3|4|6|7|8|9,0train,20260925,20,3,1,0.5112776,0.3712486,0.10551471,0.011959043
s05_1test_r2_t28,5,1test,2,28,2,54233,True,Q13-E005,Q9_SHARED_SOURCE_SESSION_T,loso_s5,all,1|2|3|4|6|7|8|9,0train,20260925,20,2,1,0.46017155,0.38515943,0.13317625,0.021492748
s05_1test_r2_t29,5,1test,2,29,1,56208,False,Q13-E005,Q9_SHARED_SOURCE_SESSION_T,loso_s5,all,1|2|3|4|6|7|8|9,0train,20260925,20,1,1,0.64883864,0.24348196,0.09157023,0.01610917
s05_1test_r2_t30,5,1test,2,30,3,58234,False,Q13-E005,Q9_SHARED_SOURCE_SESSION_T,loso_s5,all,1|2|3|4|6|7|8|9,0train,20260925,20,3,1,0.60649663,0.26521584,0.112051986,0.016235583
s05_1test_r2_t31,5,1test,2,31,3,60305,False,Q13-E005,Q9_SHARED_SOURCE_SESSION_T,loso_s5,all,1|2|3|4|6|7|8|9,0train,20260925,20,3,1,0.6564579,0.25190875,0.08474696,0.0068863253
s05_1test_r2_t32,5,1test,2,32,1,62412,False,Q13-E005,Q9_SHARED_SOURCE_SESSION_T,loso_s5,all,1|2|3|4|6|7|8|9,0train,20260925,20,1,1,0.5904922,0.25589955,0.13586195,0.017746277
s05_1test_r2_t33,5,1test,2,33,3,64504,False,Q13-E005,Q9_SHARED_SOURCE_SESSION_T,loso_s5,all,1|2|3|4|6|7|8|9,0train,20260925,20,3,1,0.69380677,0.18543966,0.10578632,0.014967239
s05_1test_r2_t34,5,1test,2,34,4,66595,False,Q13-E005,Q9_SHARED_SOURCE_SESSION_T,loso_s5,all,1|2|3|4|6|7|8|9,0train,20260925,20,4,1,0.4928428,0.35264203,0.13275863,0.02175662
s05_1test_r2_t35,5,1test,2,35,4,68638,False,Q13-E005,Q9_SHARED_SOURCE_SESSION_T,loso_s5,all,1|2|3|4|6|7|8|9,0train,20260925,20,4,1,0.59975374,0.26366276,0.11560933,0.020974247
s05_1test_r2_t36,5,1test,2,36,2,70702,False,Q13-E005,Q9_SHARED_SOURCE_SESSION_T,loso_s5,all,1|2|3|4|6|7|8|9,0train,20260925,20,2,1,0.51829314,0.3697971,0.093717076,0.018192664
s05_1test_r2_t37,5,1test,2,37,1,72722,False,Q13-E005,Q9_SHARED_SOURCE_SESSION_T,loso_s5,all,1|2|3|4|6|7|8|9,0train,20260925,20,1,1,0.62492424,0.24883632,0.1084985,0.01774092
s05_1test_r2_t38,5,1test,2,38,2,74694,False,Q13-E005,Q9_SHARED_SOURCE_SESSION_T,loso_s5,all,1|2|3|4|6|7|8|9,0train,20260925,20,2,1,0.6604004,0.25011402,0.081410185,0.008075406
s05_1test_r2_t39,5,1test,2,39,4,76657,False,Q13-E005,Q9_SHARED_SOURCE_SESSION_T,loso_s5,all,1|2|3|4|6|7|8|9,0train,20260925,20,4,1,0.6693177,0.18524046,0.11578584,0.029655987
s05_1test_r2_t40,5,1test,2,40,2,78582,False,Q13-E005,Q9_SHARED_SOURCE_SESSION_T,loso_s5,all,1|2|3|4|6|7|8|9,0train,20260925,20,2,1,0.71827483,0.21607658,0.05742197,0.008226669
s05_1test_r2_t41,5,1test,2,41,4,80663,False,Q13-E005,Q9_SHARED_SOURCE_SESSION_T,loso_s5,all,1|2|3|4|6|7|8|9,0train,20260925,20,4,1,0.62081945,0.23244482,0.12235787,0.024377888
s05_1test_r2_t42,5,1test,2,42,3,82641,False,Q13-E005,Q9_SHARED_SOURCE_SESSION_T,loso_s5,all,1|2|3|4|6|7|8|9,0train,20260925,20,3,2,0.41126934,0.46163228,0.11041741,0.016680941
s05_1test_r2_t43,5,1test,2,43,2,84631,False,Q13-E005,Q9_SHARED_SOURCE_SESSION_T,loso_s5,all,1|2|3|4|6|7|8|9,0train,20260925,20,2,1,0.6009971,0.24763566,0.1323021,0.019065151
s05_1test_r2_t44,5,1test,2,44,2,86750,False,Q13-E005,Q9_SHARED_SOURCE_SESSION_T,loso_s5,all,1|2|3|4|6|7|8|9,0train,20260925,20,2,1,0.6175256,0.26948822,0.09109034,0.021895869
s05_1test_r2_t45,5,1test,2,45,2,88656,False,Q13-E005,Q9_SHARED_SOURCE_SESSION_T,loso_s5,all,1|2|3|4|6|7|8|9,0train,20260925,20,2,1,0.5746852,0.31481034,0.09464856,0.01585588
s05_1test_r2_t46,5,1test,2,46,3,90584,False,Q13-E005,Q9_SHARED_SOURCE_SESSION_T,loso_s5,all,1|2|3|4|6|7|8|9,0train,20260925,20,3,1,0.6139789,0.26668194,0.09544328,0.023895832
s05_1test_r2_t47,5,1test,2,47,4,92698,False,Q13-E005,Q9_SHARED_SOURCE_SESSION_T,loso_s5,all,1|2|3|4|6|7|8|9,0train,20260925,20,4,1,0.50052303,0.3430206,0.12724105,0.029215317
s05_1test_r2_t48,5,1test,2,48,1,94757,False,Q13-E005,Q9_SHARED_SOURCE_SESSION_T,loso_s5,all,1|2|3|4|6|7|8|9,0train,20260925,20,1,1,0.646399,0.23582223,0.10111345,0.01666531
s05_1test_r3_t01,5,1test,3,1,2,250,False,Q13-E005,Q9_SHARED_SOURCE_SESSION_T,loso_s5,all,1|2|3|4|6|7|8|9,0train,20260925,20,2,1,0.71247476,0.20336577,0.07363767,0.010521729
s05_1test_r3_t02,5,1test,3,2,4,2253,False,Q13-E005,Q9_SHARED_SOURCE_SESSION_T,loso_s5,all,1|2|3|4|6|7|8|9,0train,20260925,20,4,1,0.8424855,0.08148067,0.067900315,0.008133519
s05_1test_r3_t03,5,1test,3,3,1,4171,False,Q13-E005,Q9_SHARED_SOURCE_SESSION_T,loso_s5,all,1|2|3|4|6|7|8|9,0train,20260925,20,1,1,0.46157476,0.3869765,0.1305596,0.02088906
s05_1test_r3_t04,5,1test,3,4,3,6123,False,Q13-E005,Q9_SHARED_SOURCE_SESSION_T,loso_s5,all,1|2|3|4|6|7|8|9,0train,20260925,20,3,1,0.7345514,0.19267517,0.06824796,0.00452539
s05_1test_r3_t05,5,1test,3,5,3,8131,False,Q13-E005,Q9_SHARED_SOURCE_SESSION_T,loso_s5,all,1|2|3|4|6|7|8|9,0train,20260925,20,3,1,0.57591707,0.2834409,0.12750222,0.013139845
s05_1test_r3_t06,5,1test,3,6,4,10242,False,Q13-E005,Q9_SHARED_SOURCE_SESSION_T,loso_s5,all,1|2|3|4|6|7|8|9,0train,20260925,20,4,1,0.50522316,0.36785284,0.11205537,0.014868627
s05_1test_r3_t07,5,1test,3,7,1,12159,False,Q13-E005,Q9_SHARED_SOURCE_SESSION_T,loso_s5,all,1|2|3|4|6|7|8|9,0train,20260925,20,1,1,0.69003534,0.22123377,0.077672854,0.011057989
s05_1test_r3_t08,5,1test,3,8,1,14209,False,Q13-E005,Q9_SHARED_SOURCE_SESSION_T,loso_s5,all,1|2|3|4|6|7|8|9,0train,20260925,20,1,1,0.7421525,0.12098784,0.120388344,0.016471239
s05_1test_r3_t09,5,1test,3,9,3,16140,False,Q13-E005,Q9_SHARED_SOURCE_SESSION_T,loso_s5,all,1|2|3|4|6|7|8|9,0train,20260925,20,3,1,0.6002526,0.27896693,0.10658283,0.014197587
s05_1test_r3_t10,5,1test,3,10,2,18138,False,Q13-E005,Q9_SHARED_SOURCE_SESSION_T,loso_s5,all,1|2|3|4|6|7|8|9,0train,20260925,20,2,1,0.6121456,0.28065568,0.09624874,0.010949944
s05_1test_r3_t11,5,1test,3,11,4,20044,False,Q13-E005,Q9_SHARED_SOURCE_SESSION_T,loso_s5,all,1|2|3|4|6|7|8|9,0train,20260925,20,4,1,0.6113137,0.24009621,0.12593837,0.022651738
s05_1test_r3_t12,5,1test,3,12,4,21939,False,Q13-E005,Q9_SHARED_SOURCE_SESSION_T,loso_s5,all,1|2|3|4|6|7|8|9,0train,20260925,20,4,1,0.49019167,0.38267767,0.10759491,0.019535802
s05_1test_r3_t13,5,1test,3,13,4,23911,False,Q13-E005,Q9_SHARED_SOURCE_SESSION_T,loso_s5,all,1|2|3|4|6|7|8|9,0train,20260925,20,4,1,0.4796705,0.39582926,0.10925319,0.015247065
s05_1test_r3_t14,5,1test,3,14,2,25855,False,Q13-E005,Q9_SHARED_SOURCE_SESSION_T,loso_s5,all,1|2|3|4|6|7|8|9,0train,20260925,20,2,1,0.61242,0.27646038,0.09888265,0.012236916
s05_1test_r3_t15,5,1test,3,15,1,27822,False,Q13-E005,Q9_SHARED_SOURCE_SESSION_T,loso_s5,all,1|2|3|4|6|7|8|9,0train,20260925,20,1,1,0.43035418,0.35896602,0.19782372,0.012856125
s05_1test_r3_t16,5,1test,3,16,3,29942,False,Q13-E005,Q9_SHARED_SOURCE_SESSION_T,loso_s5,all,1|2|3|4|6|7|8|9,0train,20260925,20,3,1,0.5109807,0.40492436,0.07276507,0.011329815
s05_1test_r3_t17,5,1test,3,17,2,31950,False,Q13-E005,Q9_SHARED_SOURCE_SESSION_T,loso_s5,all,1|2|3|4|6|7|8|9,0train,20260925,20,2,1,0.5761667,0.33171678,0.077383116,0.014733435
s05_1test_r3_t18,5,1test,3,18,4,34016,False,Q13-E005,Q9_SHARED_SOURCE_SESSION_T,loso_s5,all,1|2|3|4|6|7|8|9,0train,20260925,20,4,1,0.87096834,0.023839783,0.08668883,0.018503007
s05_1test_r3_t19,5,1test,3,19,1,36052,False,Q13-E005,Q9_SHARED_SOURCE_SESSION_T,loso_s5,all,1|2|3|4|6|7|8|9,0train,20260925,20,1,1,0.6486557,0.26621747,0.076318406,0.008808475
s05_1test_r3_t20,5,1test,3,20,4,38118,False,Q13-E005,Q9_SHARED_SOURCE_SESSION_T,loso_s5,all,1|2|3|4|6|7|8|9,0train,20260925,20,4,1,0.44049644,0.42741588,0.10965336,0.022434367
s05_1test_r3_t21,5,1test,3,21,3,40188,False,Q13-E005,Q9_SHARED_SOURCE_SESSION_T,loso_s5,all,1|2|3|4|6|7|8|9,0train,20260925,20,3,1,0.4916202,0.36188167,0.12934406,0.017154088
s05_1test_r3_t22,5,1test,3,22,2,42268,False,Q13-E005,Q9_SHARED_SOURCE_SESSION_T,loso_s5,all,1|2|3|4|6|7|8|9,0train,20260925,20,2,2,0.42105967,0.46345398,0.100132175,0.015354184
s05_1test_r3_t23,5,1test,3,23,4,44180,False,Q13-E005,Q9_SHARED_SOURCE_SESSION_T,loso_s5,all,1|2|3|4|6|7|8|9,0train,20260925,20,4,1,0.72434485,0.08842162,0.16590257,0.021330986
s05_1test_r3_t24,5,1test,3,24,4,46211,False,Q13-E005,Q9_SHARED_SOURCE_SESSION_T,loso_s5,all,1|2|3|4|6|7|8|9,0train,20260925,20,4,2,0.35255924,0.509783,0.121565945,0.016091783
s05_1test_r3_t25,5,1test,3,25,1,48164,False,Q13-E005,Q9_SHARED_SOURCE_SESSION_T,loso_s5,all,1|2|3|4|6|7|8|9,0train,20260925,20,1,1,0.6077013,0.28671938,0.092773736,0.012805626
s05_1test_r3_t26,5,1test,3,26,2,50125,False,Q13-E005,Q9_SHARED_SOURCE_SESSION_T,loso_s5,all,1|2|3|4|6|7|8|9,0train,20260925,20,2,1,0.58385843,0.2981934,0.099884026,0.018064093
s05_1test_r3_t27,5,1test,3,27,2,52229,False,Q13-E005,Q9_SHARED_SOURCE_SESSION_T,loso_s5,all,1|2|3|4|6|7|8|9,0train,20260925,20,2,1,0.5402658,0.33475462,0.10417863,0.020800915
s05_1test_r3_t28,5,1test,3,28,3,54233,False,Q13-E005,Q9_SHARED_SOURCE_SESSION_T,loso_s5,all,1|2|3|4|6|7|8|9,0train,20260925,20,3,1,0.5863864,0.27548566,0.10757962,0.030548312
s05_1test_r3_t29,5,1test,3,29,4,56208,False,Q13-E005,Q9_SHARED_SOURCE_SESSION_T,loso_s5,all,1|2|3|4|6|7|8|9,0train,20260925,20,4,1,0.42855227,0.41814417,0.1362138,0.017089775
s05_1test_r3_t30,5,1test,3,30,2,58234,False,Q13-E005,Q9_SHARED_SOURCE_SESSION_T,loso_s5,all,1|2|3|4|6|7|8|9,0train,20260925,20,2,1,0.54591507,0.3219289,0.11564253,0.0165135
s05_1test_r3_t31,5,1test,3,31,1,60305,False,Q13-E005,Q9_SHARED_SOURCE_SESSION_T,loso_s5,all,1|2|3|4|6|7|8|9,0train,20260925,20,1,1,0.6506256,0.27404985,0.06834917,0.0069753253
s05_1test_r3_t32,5,1test,3,32,1,62412,False,Q13-E005,Q9_SHARED_SOURCE_SESSION_T,loso_s5,all,1|2|3|4|6|7|8|9,0train,20260925,20,1,1,0.6593964,0.21898109,0.108129576,0.013492975
s05_1test_r3_t33,5,1test,3,33,4,64504,False,Q13-E005,Q9_SHARED_SOURCE_SESSION_T,loso_s5,all,1|2|3|4|6|7|8|9,0train,20260925,20,4,1,0.52830917,0.33744052,0.107531466,0.026718803
s05_1test_r3_t34,5,1test,3,34,2,66595,False,Q13-E005,Q9_SHARED_SOURCE_SESSION_T,loso_s5,all,1|2|3|4|6|7|8|9,0train,20260925,20,2,1,0.76062924,0.15382752,0.076896325,0.008646923
s05_1test_r3_t35,5,1test,3,35,1,68638,False,Q13-E005,Q9_SHARED_SOURCE_SESSION_T,loso_s5,all,1|2|3|4|6|7|8|9,0train,20260925,20,1,1,0.6338151,0.2677689,0.08560575,0.012810274
s05_1test_r3_t36,5,1test,3,36,3,70702,False,Q13-E005,Q9_SHARED_SOURCE_SESSION_T,loso_s5,all,1|2|3|4|6|7|8|9,0train,20260925,20,3,1,0.61424357,0.2544488,0.118280694,0.013026946
s05_1test_r3_t37,5,1test,3,37,2,72722,False,Q13-E005,Q9_SHARED_SOURCE_SESSION_T,loso_s5,all,1|2|3|4|6|7|8|9,0train,20260925,20,2,1,0.6410244,0.24513465,0.096646175,0.017194785
s05_1test_r3_t38,5,1test,3,38,2,74694,False,Q13-E005,Q9_SHARED_SOURCE_SESSION_T,loso_s5,all,1|2|3|4|6|7|8|9,0train,20260925,20,2,1,0.81969136,0.10566328,0.06377744,0.010867899
s05_1test_r3_t39,5,1test,3,39,3,76657,False,Q13-E005,Q9_SHARED_SOURCE_SESSION_T,loso_s5,all,1|2|3|4|6|7|8|9,0train,20260925,20,3,1,0.69097024,0.22023001,0.07700227,0.011797473
s05_1test_r3_t40,5,1test,3,40,1,78582,False,Q13-E005,Q9_SHARED_SOURCE_SESSION_T,loso_s5,all,1|2|3|4|6|7|8|9,0train,20260925,20,1,1,0.5622345,0.29032788,0.12915055,0.018287
s05_1test_r3_t41,5,1test,3,41,4,80663,False,Q13-E005,Q9_SHARED_SOURCE_SESSION_T,loso_s5,all,1|2|3|4|6|7|8|9,0train,20260925,20,4,1,0.78922087,0.111949906,0.08461199,0.014217237
s05_1test_r3_t42,5,1test,3,42,3,82641,False,Q13-E005,Q9_SHARED_SOURCE_SESSION_T,loso_s5,all,1|2|3|4|6|7|8|9,0train,20260925,20,3,1,0.5486799,0.334955,0.10191823,0.0144469
s05_1test_r3_t43,5,1test,3,43,3,84631,False,Q13-E005,Q9_SHARED_SOURCE_SESSION_T,loso_s5,all,1|2|3|4|6|7|8|9,0train,20260925,20,3,1,0.6371868,0.24969116,0.102881834,0.010240236
s05_1test_r3_t44,5,1test,3,44,3,86750,False,Q13-E005,Q9_SHARED_SOURCE_SESSION_T,loso_s5,all,1|2|3|4|6|7|8|9,0train,20260925,20,3,1,0.5918779,0.28373042,0.103925385,0.020466352
s05_1test_r3_t45,5,1test,3,45,3,88656,False,Q13-E005,Q9_SHARED_SOURCE_SESSION_T,loso_s5,all,1|2|3|4|6|7|8|9,0train,20260925,20,3,1,0.5273517,0.34673882,0.111115195,0.014794276
s05_1test_r3_t46,5,1test,3,46,1,90584,False,Q13-E005,Q9_SHARED_SOURCE_SESSION_T,loso_s5,all,1|2|3|4|6|7|8|9,0train,20260925,20,1,1,0.50639915,0.3987293,0.084047,0.010824596
s05_1test_r3_t47,5,1test,3,47,2,92698,False,Q13-E005,Q9_SHARED_SOURCE_SESSION_T,loso_s5,all,1|2|3|4|6|7|8|9,0train,20260925,20,2,1,0.5766117,0.30557123,0.096397154,0.021419924
s05_1test_r3_t48,5,1test,3,48,1,94757,False,Q13-E005,Q9_SHARED_SOURCE_SESSION_T,loso_s5,all,1|2|3|4|6|7|8|9,0train,20260925,20,1,1,0.6461933,0.21962295,0.11394721,0.020236485
s05_1test_r4_t01,5,1test,4,1,2,250,True,Q13-E005,Q9_SHARED_SOURCE_SESSION_T,loso_s5,all,1|2|3|4|6|7|8|9,0train,20260925,20,2,1,0.55759174,0.33635932,0.088045195,0.01800376
s05_1test_r4_t02,5,1test,4,2,1,2253,False,Q13-E005,Q9_SHARED_SOURCE_SESSION_T,loso_s5,all,1|2|3|4|6|7|8|9,0train,20260925,20,1,1,0.534014,0.38317546,0.07252956,0.010281032
s05_1test_r4_t03,5,1test,4,3,1,4171,False,Q13-E005,Q9_SHARED_SOURCE_SESSION_T,loso_s5,all,1|2|3|4|6|7|8|9,0train,20260925,20,1,1,0.589668,0.31051707,0.083599396,0.016215594
s05_1test_r4_t04,5,1test,4,4,3,6123,False,Q13-E005,Q9_SHARED_SOURCE_SESSION_T,loso_s5,all,1|2|3|4|6|7|8|9,0train,20260925,20,3,1,0.4914058,0.3801944,0.10502309,0.023376686
s05_1test_r4_t05,5,1test,4,5,3,8131,False,Q13-E005,Q9_SHARED_SOURCE_SESSION_T,loso_s5,all,1|2|3|4|6|7|8|9,0train,20260925,20,3,1,0.44799617,0.39013156,0.14311634,0.01875593
s05_1test_r4_t06,5,1test,4,6,2,10242,False,Q13-E005,Q9_SHARED_SOURCE_SESSION_T,loso_s5,all,1|2|3|4|6|7|8|9,0train,20260925,20,2,1,0.6208496,0.2274557,0.1309734,0.020721242
s05_1test_r4_t07,5,1test,4,7,3,12159,False,Q13-E005,Q9_SHARED_SOURCE_SESSION_T,loso_s5,all,1|2|3|4|6|7|8|9,0train,20260925,20,3,1,0.64171356,0.27231795,0.07375178,0.012216723
s05_1test_r4_t08,5,1test,4,8,4,14209,False,Q13-E005,Q9_SHARED_SOURCE_SESSION_T,loso_s5,all,1|2|3|4|6|7|8|9,0train,20260925,20,4,1,0.6045421,0.29959893,0.083121404,0.012737551
s05_1test_r4_t09,5,1test,4,9,1,16140,False,Q13-E005,Q9_SHARED_SOURCE_SESSION_T,loso_s5,all,1|2|3|4|6|7|8|9,0train,20260925,20,1,1,0.5015653,0.37210444,0.10311293,0.023217326
s05_1test_r4_t10,5,1test,4,10,4,18138,False,Q13-E005,Q9_SHARED_SOURCE_SESSION_T,loso_s5,all,1|2|3|4|6|7|8|9,0train,20260925,20,4,2,0.37991476,0.45722985,0.1400466,0.022808786
s05_1test_r4_t11,5,1test,4,11,1,20044,False,Q13-E005,Q9_SHARED_SOURCE_SESSION_T,loso_s5,all,1|2|3|4|6|7|8|9,0train,20260925,20,1,1,0.4993181,0.37310365,0.107056715,0.020521533
s05_1test_r4_t12,5,1test,4,12,1,21939,False,Q13-E005,Q9_SHARED_SOURCE_SESSION_T,loso_s5,all,1|2|3|4|6|7|8|9,0train,20260925,20,1,1,0.7200292,0.18875018,0.07306621,0.018154375
s05_1test_r4_t13,5,1test,4,13,2,23911,False,Q13-E005,Q9_SHARED_SOURCE_SESSION_T,loso_s5,all,1|2|3|4|6|7|8|9,0train,20260925,20,2,1,0.6020043,0.291921,0.09272699,0.013347727
s05_1test_r4_t14,5,1test,4,14,4,25855,False,Q13-E005,Q9_SHARED_SOURCE_SESSION_T,loso_s5,all,1|2|3|4|6|7|8|9,0train,20260925,20,4,1,0.73543364,0.12755136,0.108265586,0.028749447
s05_1test_r4_t15,5,1test,4,15,3,27822,False,Q13-E005,Q9_SHARED_SOURCE_SESSION_T,loso_s5,all,1|2|3|4|6|7|8|9,0train,20260925,20,3,1,0.49650347,0.38883266,0.100185096,0.014478762
s05_1test_r4_t16,5,1test,4,16,2,29942,False,Q13-E005,Q9_SHARED_SOURCE_SESSION_T,loso_s5,all,1|2|3|4|6|7|8|9,0train,20260925,20,2,1,0.54123175,0.3446052,0.09650995,0.017653162
s05_1test_r4_t17,5,1test,4,17,4,31950,True,Q13-E005,Q9_SHARED_SOURCE_SESSION_T,loso_s5,all,1|2|3|4|6|7|8|9,0train,20260925,20,4,1,0.4636461,0.4000801,0.111617975,0.024655823
s05_1test_r4_t18,5,1test,4,18,3,34016,False,Q13-E005,Q9_SHARED_SOURCE_SESSION_T,loso_s5,all,1|2|3|4|6|7|8|9,0train,20260925,20,3,1,0.51398355,0.3116801,0.14761193,0.026724368
s05_1test_r4_t19,5,1test,4,19,4,36052,False,Q13-E005,Q9_SHARED_SOURCE_SESSION_T,loso_s5,all,1|2|3|4|6|7|8|9,0train,20260925,20,4,1,0.5752603,0.27303693,0.12864801,0.023054764
s05_1test_r4_t20,5,1test,4,20,3,38118,False,Q13-E005,Q9_SHARED_SOURCE_SESSION_T,loso_s5,all,1|2|3|4|6|7|8|9,0train,20260925,20,3,1,0.51123875,0.36582386,0.098571904,0.024365455
s05_1test_r4_t21,5,1test,4,21,4,40188,False,Q13-E005,Q9_SHARED_SOURCE_SESSION_T,loso_s5,all,1|2|3|4|6|7|8|9,0train,20260925,20,4,1,0.54928565,0.28267488,0.13349149,0.03454796
s05_1test_r4_t22,5,1test,4,22,2,42268,False,Q13-E005,Q9_SHARED_SOURCE_SESSION_T,loso_s5,all,1|2|3|4|6|7|8|9,0train,20260925,20,2,1,0.51524055,0.3804976,0.08322943,0.021032391
s05_1test_r4_t23,5,1test,4,23,2,44180,False,Q13-E005,Q9_SHARED_SOURCE_SESSION_T,loso_s5,all,1|2|3|4|6|7|8|9,0train,20260925,20,2,2,0.41709965,0.45872676,0.103610136,0.02056346
s05_1test_r4_t24,5,1test,4,24,4,46211,False,Q13-E005,Q9_SHARED_SOURCE_SESSION_T,loso_s5,all,1|2|3|4|6|7|8|9,0train,20260925,20,4,1,0.5420082,0.37803558,0.06727028,0.0126859415
s05_1test_r4_t25,5,1test,4,25,1,48164,False,Q13-E005,Q9_SHARED_SOURCE_SESSION_T,loso_s5,all,1|2|3|4|6|7|8|9,0train,20260925,20,1,1,0.5247272,0.3222974,0.12536402,0.02761137
s05_1test_r4_t26,5,1test,4,26,2,50125,False,Q13-E005,Q9_SHARED_SOURCE_SESSION_T,loso_s5,all,1|2|3|4|6|7|8|9,0train,20260925,20,2,1,0.52039593,0.33726305,0.11913799,0.023203064
s05_1test_r4_t27,5,1test,4,27,2,52229,False,Q13-E005,Q9_SHARED_SOURCE_SESSION_T,loso_s5,all,1|2|3|4|6|7|8|9,0train,20260925,20,2,1,0.43862984,0.4318815,0.10874651,0.020742167
s05_1test_r4_t28,5,1test,4,28,2,54233,False,Q13-E005,Q9_SHARED_SOURCE_SESSION_T,loso_s5,all,1|2|3|4|6|7|8|9,0train,20260925,20,2,1,0.48182544,0.37561497,0.12305183,0.01950782
s05_1test_r4_t29,5,1test,4,29,3,56208,False,Q13-E005,Q9_SHARED_SOURCE_SESSION_T,loso_s5,all,1|2|3|4|6|7|8|9,0train,20260925,20,3,1,0.44709018,0.42408428,0.10627419,0.022551354
s05_1test_r4_t30,5,1test,4,30,4,58234,False,Q13-E005,Q9_SHARED_SOURCE_SESSION_T,loso_s5,all,1|2|3|4|6|7|8|9,0train,20260925,20,4,1,0.62247014,0.25243583,0.102730915,0.022363089
s05_1test_r4_t31,5,1test,4,31,1,60305,False,Q13-E005,Q9_SHARED_SOURCE_SESSION_T,loso_s5,all,1|2|3|4|6|7|8|9,0train,20260925,20,1,1,0.6438632,0.16540729,0.16085957,0.029869968
s05_1test_r4_t32,5,1test,4,32,4,62412,False,Q13-E005,Q9_SHARED_SOURCE_SESSION_T,loso_s5,all,1|2|3|4|6|7|8|9,0train,20260925,20,4,1,0.49044377,0.34396556,0.14403445,0.021556282
s05_1test_r4_t33,5,1test,4,33,1,64504,False,Q13-E005,Q9_SHARED_SOURCE_SESSION_T,loso_s5,all,1|2|3|4|6|7|8|9,0train,20260925,20,1,1,0.5042436,0.3611572,0.11102945,0.023569789
s05_1test_r4_t34,5,1test,4,34,3,66595,False,Q13-E005,Q9_SHARED_SOURCE_SESSION_T,loso_s5,all,1|2|3|4|6|7|8|9,0train,20260925,20,3,1,0.5736601,0.29324067,0.116254635,0.016844677
s05_1test_r4_t35,5,1test,4,35,1,68638,False,Q13-E005,Q9_SHARED_SOURCE_SESSION_T,loso_s5,all,1|2|3|4|6|7|8|9,0train,20260925,20,1,2,0.2587026,0.52801406,0.16573544,0.047547933
s05_1test_r4_t36,5,1test,4,36,4,70702,False,Q13-E005,Q9_SHARED_SOURCE_SESSION_T,loso_s5,all,1|2|3|4|6|7|8|9,0train,20260925,20,4,1,0.43607277,0.4221979,0.115964346,0.025764924
s05_1test_r4_t37,5,1test,4,37,1,72722,False,Q13-E005,Q9_SHARED_SOURCE_SESSION_T,loso_s5,all,1|2|3|4|6|7|8|9,0train,20260925,20,1,1,0.6036019,0.25106606,0.11454368,0.030788368
s05_1test_r4_t38,5,1test,4,38,3,74694,False,Q13-E005,Q9_SHARED_SOURCE_SESSION_T,loso_s5,all,1|2|3|4|6|7|8|9,0train,20260925,20,3,1,0.50538284,0.38222477,0.09295276,0.019439666
s05_1test_r4_t39,5,1test,4,39,1,76657,False,Q13-E005,Q9_SHARED_SOURCE_SESSION_T,loso_s5,all,1|2|3|4|6|7|8|9,0train,20260925,20,1,1,0.5199147,0.34110498,0.12159458,0.017385801
s05_1test_r4_t40,5,1test,4,40,2,78582,False,Q13-E005,Q9_SHARED_SOURCE_SESSION_T,loso_s5,all,1|2|3|4|6|7|8|9,0train,20260925,20,2,1,0.6026508,0.30258316,0.077493735,0.017272336
s05_1test_r4_t41,5,1test,4,41,3,80663,False,Q13-E005,Q9_SHARED_SOURCE_SESSION_T,loso_s5,all,1|2|3|4|6|7|8|9,0train,20260925,20,3,1,0.58462054,0.308605,0.08848053,0.018293956
s05_1test_r4_t42,5,1test,4,42,3,82641,False,Q13-E005,Q9_SHARED_SOURCE_SESSION_T,loso_s5,all,1|2|3|4|6|7|8|9,0train,20260925,20,3,1,0.54649204,0.24372676,0.18155572,0.028225455
s05_1test_r4_t43,5,1test,4,43,4,84631,False,Q13-E005,Q9_SHARED_SOURCE_SESSION_T,loso_s5,all,1|2|3|4|6|7|8|9,0train,20260925,20,4,1,0.45661473,0.38295883,0.14044283,0.019983593
s05_1test_r4_t44,5,1test,4,44,1,86750,False,Q13-E005,Q9_SHARED_SOURCE_SESSION_T,loso_s5,all,1|2|3|4|6|7|8|9,0train,20260925,20,1,1,0.46714044,0.38721606,0.11963332,0.026010202
s05_1test_r4_t45,5,1test,4,45,2,88656,False,Q13-E005,Q9_SHARED_SOURCE_SESSION_T,loso_s5,all,1|2|3|4|6|7|8|9,0train,20260925,20,2,1,0.47010574,0.40726218,0.10940487,0.013227248
s05_1test_r4_t46,5,1test,4,46,4,90584,False,Q13-E005,Q9_SHARED_SOURCE_SESSION_T,loso_s5,all,1|2|3|4|6|7|8|9,0train,20260925,20,4,1,0.6684537,0.24500151,0.077148564,0.009396272
s05_1test_r4_t47,5,1test,4,47,2,92698,False,Q13-E005,Q9_SHARED_SOURCE_SESSION_T,loso_s5,all,1|2|3|4|6|7|8|9,0train,20260925,20,2,1,0.5357262,0.32736897,0.115705036,0.021199817
s05_1test_r4_t48,5,1test,4,48,3,94757,False,Q13-E005,Q9_SHARED_SOURCE_SESSION_T,loso_s5,all,1|2|3|4|6|7|8|9,0train,20260925,20,3,2,0.27240044,0.4022351,0.25472283,0.07064167
s05_1test_r5_t01,5,1test,5,1,3,250,False,Q13-E005,Q9_SHARED_SOURCE_SESSION_T,loso_s5,all,1|2|3|4|6|7|8|9,0train,20260925,20,3,1,0.5261597,0.35143158,0.10224767,0.020161137
s05_1test_r5_t02,5,1test,5,2,1,2253,False,Q13-E005,Q9_SHARED_SOURCE_SESSION_T,loso_s5,all,1|2|3|4|6|7|8|9,0train,20260925,20,1,1,0.524032,0.3617912,0.09546242,0.018714348
s05_1test_r5_t03,5,1test,5,3,4,4171,False,Q13-E005,Q9_SHARED_SOURCE_SESSION_T,loso_s5,all,1|2|3|4|6|7|8|9,0train,20260925,20,4,1,0.60192955,0.24461842,0.13697329,0.016478704
s05_1test_r5_t04,5,1test,5,4,2,6123,False,Q13-E005,Q9_SHARED_SOURCE_SESSION_T,loso_s5,all,1|2|3|4|6|7|8|9,0train,20260925,20,2,1,0.4792901,0.38226998,0.1064104,0.032029502
s05_1test_r5_t05,5,1test,5,5,4,8131,False,Q13-E005,Q9_SHARED_SOURCE_SESSION_T,loso_s5,all,1|2|3|4|6|7|8|9,0train,20260925,20,4,2,0.41465586,0.47858182,0.08711646,0.019645857
s05_1test_r5_t06,5,1test,5,6,1,10242,False,Q13-E005,Q9_SHARED_SOURCE_SESSION_T,loso_s5,all,1|2|3|4|6|7|8|9,0train,20260925,20,1,1,0.54485554,0.35757548,0.08305215,0.014516762
s05_1test_r5_t07,5,1test,5,7,1,12159,False,Q13-E005,Q9_SHARED_SOURCE_SESSION_T,loso_s5,all,1|2|3|4|6|7|8|9,0train,20260925,20,1,1,0.48878846,0.40048736,0.087959014,0.022765214
s05_1test_r5_t08,5,1test,5,8,3,14209,False,Q13-E005,Q9_SHARED_SOURCE_SESSION_T,loso_s5,all,1|2|3|4|6|7|8|9,0train,20260925,20,3,1,0.5174898,0.33624184,0.122193135,0.024075225
s05_1test_r5_t09,5,1test,5,9,3,16140,False,Q13-E005,Q9_SHARED_SOURCE_SESSION_T,loso_s5,all,1|2|3|4|6|7|8|9,0train,20260925,20,3,1,0.5712566,0.32408327,0.08743817,0.017222013
s05_1test_r5_t10,5,1test,5,10,2,18138,False,Q13-E005,Q9_SHARED_SOURCE_SESSION_T,loso_s5,all,1|2|3|4|6|7|8|9,0train,20260925,20,2,1,0.6135337,0.2654833,0.10338085,0.017602224
s05_1test_r5_t11,5,1test,5,11,4,20044,False,Q13-E005,Q9_SHARED_SOURCE_SESSION_T,loso_s5,all,1|2|3|4|6|7|8|9,0train,20260925,20,4,1,0.73787475,0.14193,0.10061113,0.01958413
s05_1test_r5_t12,5,1test,5,12,2,21939,False,Q13-E005,Q9_SHARED_SOURCE_SESSION_T,loso_s5,all,1|2|3|4|6|7|8|9,0train,20260925,20,2,2,0.3881415,0.4814334,0.109158866,0.02126622
s05_1test_r5_t13,5,1test,5,13,2,23911,False,Q13-E005,Q9_SHARED_SOURCE_SESSION_T,loso_s5,all,1|2|3|4|6|7|8|9,0train,20260925,20,2,1,0.5672203,0.31403887,0.10085702,0.017883819
s05_1test_r5_t14,5,1test,5,14,1,25855,False,Q13-E005,Q9_SHARED_SOURCE_SESSION_T,loso_s5,all,1|2|3|4|6|7|8|9,0train,20260925,20,1,1,0.54135275,0.32499403,0.112061225,0.021592023
s05_1test_r5_t15,5,1test,5,15,2,27822,False,Q13-E005,Q9_SHARED_SOURCE_SESSION_T,loso_s5,all,1|2|3|4|6|7|8|9,0train,20260925,20,2,1,0.54344577,0.34606114,0.0905876,0.019905461
s05_1test_r5_t16,5,1test,5,16,4,29942,False,Q13-E005,Q9_SHARED_SOURCE_SESSION_T,loso_s5,all,1|2|3|4|6|7|8|9,0train,20260925,20,4,1,0.45641136,0.41498658,0.11147629,0.017125769
s05_1test_r5_t17,5,1test,5,17,4,31950,False,Q13-E005,Q9_SHARED_SOURCE_SESSION_T,loso_s5,all,1|2|3|4|6|7|8|9,0train,20260925,20,4,1,0.40233725,0.37437737,0.18600364,0.037281748
s05_1test_r5_t18,5,1test,5,18,2,34016,False,Q13-E005,Q9_SHARED_SOURCE_SESSION_T,loso_s5,all,1|2|3|4|6|7|8|9,0train,20260925,20,2,1,0.52948314,0.34557915,0.10570912,0.019228542
s05_1test_r5_t19,5,1test,5,19,2,36052,False,Q13-E005,Q9_SHARED_SOURCE_SESSION_T,loso_s5,all,1|2|3|4|6|7|8|9,0train,20260925,20,2,1,0.55455196,0.30624563,0.116575785,0.022626597
s05_1test_r5_t20,5,1test,5,20,2,38118,False,Q13-E005,Q9_SHARED_SOURCE_SESSION_T,loso_s5,all,1|2|3|4|6|7|8|9,0train,20260925,20,2,2,0.3226524,0.45878848,0.17959253,0.038966578
s05_1test_r5_t21,5,1test,5,21,2,40188,False,Q13-E005,Q9_SHARED_SOURCE_SESSION_T,loso_s5,all,1|2|3|4|6|7|8|9,0train,20260925,20,2,1,0.6136513,0.26728952,0.100358866,0.018700356
s05_1test_r5_t22,5,1test,5,22,4,42268,False,Q13-E005,Q9_SHARED_SOURCE_SESSION_T,loso_s5,all,1|2|3|4|6|7|8|9,0train,20260925,20,4,1,0.5183693,0.35210615,0.1025808,0.026943743
s05_1test_r5_t23,5,1test,5,23,4,44180,False,Q13-E005,Q9_SHARED_SOURCE_SESSION_T,loso_s5,all,1|2|3|4|6|7|8|9,0train,20260925,20,4,1,0.49157083,0.40277913,0.087129496,0.01852052
s05_1test_r5_t24,5,1test,5,24,3,46211,False,Q13-E005,Q9_SHARED_SOURCE_SESSION_T,loso_s5,all,1|2|3|4|6|7|8|9,0train,20260925,20,3,1,0.62223756,0.22982909,0.12153784,0.0263955
s05_1test_r5_t25,5,1test,5,25,4,48164,False,Q13-E005,Q9_SHARED_SOURCE_SESSION_T,loso_s5,all,1|2|3|4|6|7|8|9,0train,20260925,20,4,1,0.6285902,0.2573992,0.092724055,0.021286584
s05_1test_r5_t26,5,1test,5,26,1,50125,False,Q13-E005,Q9_SHARED_SOURCE_SESSION_T,loso_s5,all,1|2|3|4|6|7|8|9,0train,20260925,20,1,1,0.55990523,0.28117356,0.12437928,0.034541965
s05_1test_r5_t27,5,1test,5,27,2,52229,False,Q13-E005,Q9_SHARED_SOURCE_SESSION_T,loso_s5,all,1|2|3|4|6|7|8|9,0train,20260925,20,2,1,0.595618,0.24251607,0.13732459,0.024541352
s05_1test_r5_t28,5,1test,5,28,3,54233,False,Q13-E005,Q9_SHARED_SOURCE_SESSION_T,loso_s5,all,1|2|3|4|6|7|8|9,0train,20260925,20,3,1,0.50569576,0.321354,0.15397109,0.018979106
s05_1test_r5_t29,5,1test,5,29,2,56208,False,Q13-E005,Q9_SHARED_SOURCE_SESSION_T,loso_s5,all,1|2|3|4|6|7|8|9,0train,20260925,20,2,1,0.6024199,0.28260252,0.09965763,0.015319941
s05_1test_r5_t30,5,1test,5,30,1,58234,False,Q13-E005,Q9_SHARED_SOURCE_SESSION_T,loso_s5,all,1|2|3|4|6|7|8|9,0train,20260925,20,1,1,0.7296118,0.14712565,0.10910176,0.0141608445
s05_1test_r5_t31,5,1test,5,31,4,60305,False,Q13-E005,Q9_SHARED_SOURCE_SESSION_T,loso_s5,all,1|2|3|4|6|7|8|9,0train,20260925,20,4,2,0.3097096,0.5068431,0.15937418,0.024073195
s05_1test_r5_t32,5,1test,5,32,1,62412,False,Q13-E005,Q9_SHARED_SOURCE_SESSION_T,loso_s5,all,1|2|3|4|6|7|8|9,0train,20260925,20,1,1,0.44614375,0.36749712,0.15258157,0.033777516
s05_1test_r5_t33,5,1test,5,33,4,64504,False,Q13-E005,Q9_SHARED_SOURCE_SESSION_T,loso_s5,all,1|2|3|4|6|7|8|9,0train,20260925,20,4,1,0.50325084,0.36921674,0.109328024,0.018204425
s05_1test_r5_t34,5,1test,5,34,1,66595,False,Q13-E005,Q9_SHARED_SOURCE_SESSION_T,loso_s5,all,1|2|3|4|6|7|8|9,0train,20260925,20,1,1,0.6097993,0.2752463,0.10120753,0.013746856
s05_1test_r5_t35,5,1test,5,35,1,68638,False,Q13-E005,Q9_SHARED_SOURCE_SESSION_T,loso_s5,all,1|2|3|4|6|7|8|9,0train,20260925,20,1,1,0.58956116,0.2978292,0.09301105,0.019598493
s05_1test_r5_t36,5,1test,5,36,1,70702,False,Q13-E005,Q9_SHARED_SOURCE_SESSION_T,loso_s5,all,1|2|3|4|6|7|8|9,0train,20260925,20,1,1,0.5535555,0.30661482,0.11425266,0.025577037
s05_1test_r5_t37,5,1test,5,37,1,72722,False,Q13-E005,Q9_SHARED_SOURCE_SESSION_T,loso_s5,all,1|2|3|4|6|7|8|9,0train,20260925,20,1,2,0.3571719,0.4323318,0.16328952,0.047206745
s05_1test_r5_t38,5,1test,5,38,3,74694,False,Q13-E005,Q9_SHARED_SOURCE_SESSION_T,loso_s5,all,1|2|3|4|6|7|8|9,0train,20260925,20,3,1,0.48477778,0.34257945,0.14264518,0.029997643
s05_1test_r5_t39,5,1test,5,39,3,76657,False,Q13-E005,Q9_SHARED_SOURCE_SESSION_T,loso_s5,all,1|2|3|4|6|7|8|9,0train,20260925,20,3,1,0.70346826,0.17820452,0.10601704,0.012310203
s05_1test_r5_t40,5,1test,5,40,4,78582,False,Q13-E005,Q9_SHARED_SOURCE_SESSION_T,loso_s5,all,1|2|3|4|6|7|8|9,0train,20260925,20,4,1,0.47960424,0.34083593,0.1549965,0.024563286
s05_1test_r5_t41,5,1test,5,41,2,80663,False,Q13-E005,Q9_SHARED_SOURCE_SESSION_T,loso_s5,all,1|2|3|4|6|7|8|9,0train,20260925,20,2,1,0.46575826,0.1324991,0.32996914,0.07177351
s05_1test_r5_t42,5,1test,5,42,3,82641,False,Q13-E005,Q9_SHARED_SOURCE_SESSION_T,loso_s5,all,1|2|3|4|6|7|8|9,0train,20260925,20,3,1,0.5086114,0.3330617,0.13396308,0.024363903
s05_1test_r5_t43,5,1test,5,43,3,84631,False,Q13-E005,Q9_SHARED_SOURCE_SESSION_T,loso_s5,all,1|2|3|4|6|7|8|9,0train,20260925,20,3,1,0.62318134,0.25307307,0.101641655,0.022104012
s05_1test_r5_t44,5,1test,5,44,3,86750,False,Q13-E005,Q9_SHARED_SOURCE_SESSION_T,loso_s5,all,1|2|3|4|6|7|8|9,0train,20260925,20,3,1,0.517747,0.3232788,0.13725558,0.021718653
s05_1test_r5_t45,5,1test,5,45,4,88656,False,Q13-E005,Q9_SHARED_SOURCE_SESSION_T,loso_s5,all,1|2|3|4|6|7|8|9,0train,20260925,20,4,1,0.60242105,0.23223715,0.13424402,0.03109777
s05_1test_r5_t46,5,1test,5,46,3,90584,False,Q13-E005,Q9_SHARED_SOURCE_SESSION_T,loso_s5,all,1|2|3|4|6|7|8|9,0train,20260925,20,3,1,0.56800616,0.33493194,0.083493,0.013568903
s05_1test_r5_t47,5,1test,5,47,1,92698,False,Q13-E005,Q9_SHARED_SOURCE_SESSION_T,loso_s5,all,1|2|3|4|6|7|8|9,0train,20260925,20,1,1,0.7490665,0.17336968,0.06906738,0.008496558
s05_1test_r5_t48,5,1test,5,48,3,94757,False,Q13-E005,Q9_SHARED_SOURCE_SESSION_T,loso_s5,all,1|2|3|4|6|7|8|9,0train,20260925,20,3,1,0.46518707,0.3137968,0.19233912,0.028676959
