sample_id,subject,session,run,trial,label,event_sample,artifact_flagged,experiment_id,condition,fold,subset_id,train_subjects,source_session,seed,selected_epochs,y_true,y_pred,p_class_1,p_class_2,p_class_3,p_class_4
s08_0train_r0_t01,8,0train,0,1,1,250,False,Q13-E005,Q9_SHARED_SOURCE_SESSION_E,loso_s8,all,1|2|3|4|5|6|7|9,1test,20260925,20,1,3,0.33749157,0.042941406,0.3543251,0.265242
s08_0train_r0_t02,8,0train,0,2,2,2253,False,Q13-E005,Q9_SHARED_SOURCE_SESSION_E,loso_s8,all,1|2|3|4|5|6|7|9,1test,20260925,20,2,2,0.1263397,0.74711365,0.08466597,0.04188067
s08_0train_r0_t03,8,0train,0,3,2,4171,True,Q13-E005,Q9_SHARED_SOURCE_SESSION_E,loso_s8,all,1|2|3|4|5|6|7|9,1test,20260925,20,2,2,0.00542512,0.84091717,0.12858737,0.025070278
s08_0train_r0_t04,8,0train,0,4,1,6123,False,Q13-E005,Q9_SHARED_SOURCE_SESSION_E,loso_s8,all,1|2|3|4|5|6|7|9,1test,20260925,20,1,3,0.0798262,0.13382831,0.47622564,0.3101198
s08_0train_r0_t05,8,0train,0,5,2,8131,True,Q13-E005,Q9_SHARED_SOURCE_SESSION_E,loso_s8,all,1|2|3|4|5|6|7|9,1test,20260925,20,2,2,0.011756139,0.48394033,0.31867617,0.1856274
s08_0train_r0_t06,8,0train,0,6,1,10242,False,Q13-E005,Q9_SHARED_SOURCE_SESSION_E,loso_s8,all,1|2|3|4|5|6|7|9,1test,20260925,20,1,3,0.014178384,0.06505236,0.52552474,0.39524448
s08_0train_r0_t07,8,0train,0,7,2,12159,False,Q13-E005,Q9_SHARED_SOURCE_SESSION_E,loso_s8,all,1|2|3|4|5|6|7|9,1test,20260925,20,2,2,0.0006586741,0.9472686,0.035795033,0.016277686
s08_0train_r0_t08,8,0train,0,8,3,14209,False,Q13-E005,Q9_SHARED_SOURCE_SESSION_E,loso_s8,all,1|2|3|4|5|6|7|9,1test,20260925,20,3,2,0.21417604,0.47110635,0.18081942,0.13389814
s08_0train_r0_t09,8,0train,0,9,2,16140,False,Q13-E005,Q9_SHARED_SOURCE_SESSION_E,loso_s8,all,1|2|3|4|5|6|7|9,1test,20260925,20,2,3,0.0020133373,0.2414179,0.71578294,0.04078586
s08_0train_r0_t10,8,0train,0,10,4,18138,False,Q13-E005,Q9_SHARED_SOURCE_SESSION_E,loso_s8,all,1|2|3|4|5|6|7|9,1test,20260925,20,4,2,0.004341207,0.34985012,0.34003317,0.3057755
s08_0train_r0_t11,8,0train,0,11,1,20044,False,Q13-E005,Q9_SHARED_SOURCE_SESSION_E,loso_s8,all,1|2|3|4|5|6|7|9,1test,20260925,20,1,2,0.11931327,0.35044414,0.2751593,0.2550833
s08_0train_r0_t12,8,0train,0,12,3,21939,True,Q13-E005,Q9_SHARED_SOURCE_SESSION_E,loso_s8,all,1|2|3|4|5|6|7|9,1test,20260925,20,3,3,0.012442693,0.119103074,0.6119884,0.25646576
s08_0train_r0_t13,8,0train,0,13,2,23911,False,Q13-E005,Q9_SHARED_SOURCE_SESSION_E,loso_s8,all,1|2|3|4|5|6|7|9,1test,20260925,20,2,2,0.05033958,0.84503317,0.025873203,0.07875403
s08_0train_r0_t14,8,0train,0,14,1,25855,False,Q13-E005,Q9_SHARED_SOURCE_SESSION_E,loso_s8,all,1|2|3|4|5|6|7|9,1test,20260925,20,1,1,0.4519408,0.06918066,0.20001243,0.27886614
s08_0train_r0_t15,8,0train,0,15,4,27822,False,Q13-E005,Q9_SHARED_SOURCE_SESSION_E,loso_s8,all,1|2|3|4|5|6|7|9,1test,20260925,20,4,3,0.0010470084,0.041859742,0.4989718,0.45812142
s08_0train_r0_t16,8,0train,0,16,4,29942,False,Q13-E005,Q9_SHARED_SOURCE_SESSION_E,loso_s8,all,1|2|3|4|5|6|7|9,1test,20260925,20,4,3,0.09173866,0.23791397,0.3449847,0.32536262
s08_0train_r0_t17,8,0train,0,17,4,31950,False,Q13-E005,Q9_SHARED_SOURCE_SESSION_E,loso_s8,all,1|2|3|4|5|6|7|9,1test,20260925,20,4,4,0.056595206,0.3470231,0.047777805,0.5486039
s08_0train_r0_t18,8,0train,0,18,4,34016,False,Q13-E005,Q9_SHARED_SOURCE_SESSION_E,loso_s8,all,1|2|3|4|5|6|7|9,1test,20260925,20,4,4,0.009889477,0.006268136,0.17632718,0.80751526
s08_0train_r0_t19,8,0train,0,19,4,36052,False,Q13-E005,Q9_SHARED_SOURCE_SESSION_E,loso_s8,all,1|2|3|4|5|6|7|9,1test,20260925,20,4,2,0.003867502,0.92069495,0.030174319,0.045263268
s08_0train_r0_t20,8,0train,0,20,1,38118,False,Q13-E005,Q9_SHARED_SOURCE_SESSION_E,loso_s8,all,1|2|3|4|5|6|7|9,1test,20260925,20,1,1,0.6857069,0.07514946,0.13897918,0.10016445
s08_0train_r0_t21,8,0train,0,21,3,40188,True,Q13-E005,Q9_SHARED_SOURCE_SESSION_E,loso_s8,all,1|2|3|4|5|6|7|9,1test,20260925,20,3,1,0.41843662,0.27210248,0.119172655,0.1902883
s08_0train_r0_t22,8,0train,0,22,2,42268,False,Q13-E005,Q9_SHARED_SOURCE_SESSION_E,loso_s8,all,1|2|3|4|5|6|7|9,1test,20260925,20,2,2,0.093646765,0.6507606,0.059106994,0.19648568
s08_0train_r0_t23,8,0train,0,23,1,44180,False,Q13-E005,Q9_SHARED_SOURCE_SESSION_E,loso_s8,all,1|2|3|4|5|6|7|9,1test,20260925,20,1,3,0.29294595,0.1549908,0.31744018,0.23462306
s08_0train_r0_t24,8,0train,0,24,1,46211,False,Q13-E005,Q9_SHARED_SOURCE_SESSION_E,loso_s8,all,1|2|3|4|5|6|7|9,1test,20260925,20,1,4,0.22160526,0.11796173,0.29529747,0.36513552
s08_0train_r0_t25,8,0train,0,25,3,48164,False,Q13-E005,Q9_SHARED_SOURCE_SESSION_E,loso_s8,all,1|2|3|4|5|6|7|9,1test,20260925,20,3,3,0.012069465,0.121120475,0.73165715,0.13515294
s08_0train_r0_t26,8,0train,0,26,4,50125,False,Q13-E005,Q9_SHARED_SOURCE_SESSION_E,loso_s8,all,1|2|3|4|5|6|7|9,1test,20260925,20,4,4,0.0010144375,0.31842068,0.035768725,0.64479613
s08_0train_r0_t27,8,0train,0,27,1,52229,False,Q13-E005,Q9_SHARED_SOURCE_SESSION_E,loso_s8,all,1|2|3|4|5|6|7|9,1test,20260925,20,1,1,0.3124772,0.30357018,0.23935203,0.14460061
s08_0train_r0_t28,8,0train,0,28,3,54233,False,Q13-E005,Q9_SHARED_SOURCE_SESSION_E,loso_s8,all,1|2|3|4|5|6|7|9,1test,20260925,20,3,2,0.050948404,0.544326,0.2852842,0.119441405
s08_0train_r0_t29,8,0train,0,29,3,56208,False,Q13-E005,Q9_SHARED_SOURCE_SESSION_E,loso_s8,all,1|2|3|4|5|6|7|9,1test,20260925,20,3,3,0.0018829231,0.34839514,0.37042797,0.27929392
s08_0train_r0_t30,8,0train,0,30,3,58234,False,Q13-E005,Q9_SHARED_SOURCE_SESSION_E,loso_s8,all,1|2|3|4|5|6|7|9,1test,20260925,20,3,4,0.02435483,0.09157417,0.3217681,0.5623028
s08_0train_r0_t31,8,0train,0,31,1,60305,False,Q13-E005,Q9_SHARED_SOURCE_SESSION_E,loso_s8,all,1|2|3|4|5|6|7|9,1test,20260925,20,1,1,0.5127955,0.07357382,0.17709869,0.23653196
s08_0train_r0_t32,8,0train,0,32,2,62412,True,Q13-E005,Q9_SHARED_SOURCE_SESSION_E,loso_s8,all,1|2|3|4|5|6|7|9,1test,20260925,20,2,2,0.0035989506,0.89313406,0.0732777,0.029989291
s08_0train_r0_t33,8,0train,0,33,1,64504,False,Q13-E005,Q9_SHARED_SOURCE_SESSION_E,loso_s8,all,1|2|3|4|5|6|7|9,1test,20260925,20,1,1,0.35857213,0.1590049,0.3170979,0.16532508
s08_0train_r0_t34,8,0train,0,34,2,66595,False,Q13-E005,Q9_SHARED_SOURCE_SESSION_E,loso_s8,all,1|2|3|4|5|6|7|9,1test,20260925,20,2,2,0.04011143,0.7108504,0.18366715,0.06537097
s08_0train_r0_t35,8,0train,0,35,2,68638,False,Q13-E005,Q9_SHARED_SOURCE_SESSION_E,loso_s8,all,1|2|3|4|5|6|7|9,1test,20260925,20,2,2,0.0031501139,0.9417091,0.018232608,0.036908187
s08_0train_r0_t36,8,0train,0,36,1,70702,False,Q13-E005,Q9_SHARED_SOURCE_SESSION_E,loso_s8,all,1|2|3|4|5|6|7|9,1test,20260925,20,1,4,0.1527416,0.31206846,0.19192855,0.34326145
s08_0train_r0_t37,8,0train,0,37,2,72722,False,Q13-E005,Q9_SHARED_SOURCE_SESSION_E,loso_s8,all,1|2|3|4|5|6|7|9,1test,20260925,20,2,2,0.020055352,0.93443227,0.017961899,0.027550446
s08_0train_r0_t38,8,0train,0,38,3,74694,False,Q13-E005,Q9_SHARED_SOURCE_SESSION_E,loso_s8,all,1|2|3|4|5|6|7|9,1test,20260925,20,3,3,0.030535966,0.25973758,0.48613143,0.22359504
s08_0train_r0_t39,8,0train,0,39,2,76657,False,Q13-E005,Q9_SHARED_SOURCE_SESSION_E,loso_s8,all,1|2|3|4|5|6|7|9,1test,20260925,20,2,2,0.0017408427,0.96746236,0.02062117,0.010175602
s08_0train_r0_t40,8,0train,0,40,3,78582,False,Q13-E005,Q9_SHARED_SOURCE_SESSION_E,loso_s8,all,1|2|3|4|5|6|7|9,1test,20260925,20,3,3,0.0039746985,0.41045442,0.45623258,0.12933826
s08_0train_r0_t41,8,0train,0,41,3,80663,False,Q13-E005,Q9_SHARED_SOURCE_SESSION_E,loso_s8,all,1|2|3|4|5|6|7|9,1test,20260925,20,3,3,0.005241404,0.07870572,0.59194523,0.32410768
s08_0train_r0_t42,8,0train,0,42,4,82641,False,Q13-E005,Q9_SHARED_SOURCE_SESSION_E,loso_s8,all,1|2|3|4|5|6|7|9,1test,20260925,20,4,3,0.0028859142,0.38302532,0.4858891,0.12819964
s08_0train_r0_t43,8,0train,0,43,3,84631,False,Q13-E005,Q9_SHARED_SOURCE_SESSION_E,loso_s8,all,1|2|3|4|5|6|7|9,1test,20260925,20,3,3,0.001642269,0.33067957,0.37934744,0.2883307
s08_0train_r0_t44,8,0train,0,44,3,86750,False,Q13-E005,Q9_SHARED_SOURCE_SESSION_E,loso_s8,all,1|2|3|4|5|6|7|9,1test,20260925,20,3,2,0.09348011,0.3670353,0.32877406,0.21071051
s08_0train_r0_t45,8,0train,0,45,4,88656,False,Q13-E005,Q9_SHARED_SOURCE_SESSION_E,loso_s8,all,1|2|3|4|5|6|7|9,1test,20260925,20,4,4,0.02568705,0.09637627,0.3043533,0.5735833
s08_0train_r0_t46,8,0train,0,46,4,90584,False,Q13-E005,Q9_SHARED_SOURCE_SESSION_E,loso_s8,all,1|2|3|4|5|6|7|9,1test,20260925,20,4,4,0.0029534558,0.26025176,0.20513879,0.531656
s08_0train_r0_t47,8,0train,0,47,4,92698,False,Q13-E005,Q9_SHARED_SOURCE_SESSION_E,loso_s8,all,1|2|3|4|5|6|7|9,1test,20260925,20,4,4,0.001506251,0.3595631,0.12508418,0.51384646
s08_0train_r0_t48,8,0train,0,48,4,94757,False,Q13-E005,Q9_SHARED_SOURCE_SESSION_E,loso_s8,all,1|2|3|4|5|6|7|9,1test,20260925,20,4,4,0.00053846196,0.24548653,0.31275526,0.44121978
s08_0train_r1_t01,8,0train,1,1,4,250,False,Q13-E005,Q9_SHARED_SOURCE_SESSION_E,loso_s8,all,1|2|3|4|5|6|7|9,1test,20260925,20,4,4,0.0009560234,0.018606614,0.024717439,0.95571995
s08_0train_r1_t02,8,0train,1,2,3,2253,False,Q13-E005,Q9_SHARED_SOURCE_SESSION_E,loso_s8,all,1|2|3|4|5|6|7|9,1test,20260925,20,3,3,0.06589173,0.28781274,0.53935075,0.106944755
s08_0train_r1_t03,8,0train,1,3,2,4171,False,Q13-E005,Q9_SHARED_SOURCE_SESSION_E,loso_s8,all,1|2|3|4|5|6|7|9,1test,20260925,20,2,2,0.0003959826,0.5286555,0.35263994,0.11830853
s08_0train_r1_t04,8,0train,1,4,1,6123,False,Q13-E005,Q9_SHARED_SOURCE_SESSION_E,loso_s8,all,1|2|3|4|5|6|7|9,1test,20260925,20,1,3,0.23386984,0.08239745,0.4438289,0.23990373
s08_0train_r1_t05,8,0train,1,5,1,8131,False,Q13-E005,Q9_SHARED_SOURCE_SESSION_E,loso_s8,all,1|2|3|4|5|6|7|9,1test,20260925,20,1,4,0.05741445,0.022368368,0.22739811,0.69281906
s08_0train_r1_t06,8,0train,1,6,2,10242,False,Q13-E005,Q9_SHARED_SOURCE_SESSION_E,loso_s8,all,1|2|3|4|5|6|7|9,1test,20260925,20,2,2,0.00011519316,0.5794,0.38519856,0.035286207
s08_0train_r1_t07,8,0train,1,7,3,12159,False,Q13-E005,Q9_SHARED_SOURCE_SESSION_E,loso_s8,all,1|2|3|4|5|6|7|9,1test,20260925,20,3,3,0.21428385,0.09635863,0.43878064,0.25057682
s08_0train_r1_t08,8,0train,1,8,4,14209,False,Q13-E005,Q9_SHARED_SOURCE_SESSION_E,loso_s8,all,1|2|3|4|5|6|7|9,1test,20260925,20,4,2,0.0036763637,0.5404446,0.077371545,0.37850744
s08_0train_r1_t09,8,0train,1,9,2,16140,False,Q13-E005,Q9_SHARED_SOURCE_SESSION_E,loso_s8,all,1|2|3|4|5|6|7|9,1test,20260925,20,2,2,0.0068781,0.95767385,0.023243051,0.012205055
s08_0train_r1_t10,8,0train,1,10,3,18138,False,Q13-E005,Q9_SHARED_SOURCE_SESSION_E,loso_s8,all,1|2|3|4|5|6|7|9,1test,20260925,20,3,3,0.10024616,0.26475394,0.3513729,0.28362703
s08_0train_r1_t11,8,0train,1,11,1,20044,False,Q13-E005,Q9_SHARED_SOURCE_SESSION_E,loso_s8,all,1|2|3|4|5|6|7|9,1test,20260925,20,1,4,0.2988889,0.24499796,0.1122584,0.34385473
s08_0train_r1_t12,8,0train,1,12,1,21939,True,Q13-E005,Q9_SHARED_SOURCE_SESSION_E,loso_s8,all,1|2|3|4|5|6|7|9,1test,20260925,20,1,4,0.25913835,0.27352807,0.17410497,0.29322863
s08_0train_r1_t13,8,0train,1,13,1,23911,False,Q13-E005,Q9_SHARED_SOURCE_SESSION_E,loso_s8,all,1|2|3|4|5|6|7|9,1test,20260925,20,1,4,0.37396884,0.059957232,0.1618782,0.4041958
s08_0train_r1_t14,8,0train,1,14,4,25855,False,Q13-E005,Q9_SHARED_SOURCE_SESSION_E,loso_s8,all,1|2|3|4|5|6|7|9,1test,20260925,20,4,2,0.00030869534,0.6052761,0.24397907,0.15043615
s08_0train_r1_t15,8,0train,1,15,2,27822,False,Q13-E005,Q9_SHARED_SOURCE_SESSION_E,loso_s8,all,1|2|3|4|5|6|7|9,1test,20260925,20,2,2,0.10830342,0.6382425,0.20396627,0.049487803
s08_0train_r1_t16,8,0train,1,16,2,29942,False,Q13-E005,Q9_SHARED_SOURCE_SESSION_E,loso_s8,all,1|2|3|4|5|6|7|9,1test,20260925,20,2,2,0.00065348565,0.9286089,0.034632076,0.03610557
s08_0train_r1_t17,8,0train,1,17,1,31950,True,Q13-E005,Q9_SHARED_SOURCE_SESSION_E,loso_s8,all,1|2|3|4|5|6|7|9,1test,20260925,20,1,3,0.1825146,0.07492184,0.42040253,0.32216108
s08_0train_r1_t18,8,0train,1,18,1,34016,False,Q13-E005,Q9_SHARED_SOURCE_SESSION_E,loso_s8,all,1|2|3|4|5|6|7|9,1test,20260925,20,1,1,0.38706154,0.025093367,0.36654553,0.22129956
s08_0train_r1_t19,8,0train,1,19,3,36052,False,Q13-E005,Q9_SHARED_SOURCE_SESSION_E,loso_s8,all,1|2|3|4|5|6|7|9,1test,20260925,20,3,2,0.27782622,0.5456409,0.11920293,0.057329927
s08_0train_r1_t20,8,0train,1,20,1,38118,False,Q13-E005,Q9_SHARED_SOURCE_SESSION_E,loso_s8,all,1|2|3|4|5|6|7|9,1test,20260925,20,1,4,0.0014881612,0.18850207,0.20363823,0.6063715
s08_0train_r1_t21,8,0train,1,21,2,40188,False,Q13-E005,Q9_SHARED_SOURCE_SESSION_E,loso_s8,all,1|2|3|4|5|6|7|9,1test,20260925,20,2,2,0.0035671932,0.9365516,0.014514553,0.04536669
s08_0train_r1_t22,8,0train,1,22,4,42268,False,Q13-E005,Q9_SHARED_SOURCE_SESSION_E,loso_s8,all,1|2|3|4|5|6|7|9,1test,20260925,20,4,3,9.262047e-05,0.056278203,0.82714504,0.11648418
s08_0train_r1_t23,8,0train,1,23,4,44180,False,Q13-E005,Q9_SHARED_SOURCE_SESSION_E,loso_s8,all,1|2|3|4|5|6|7|9,1test,20260925,20,4,4,0.074733704,0.27539667,0.0974552,0.5524145
s08_0train_r1_t24,8,0train,1,24,3,46211,False,Q13-E005,Q9_SHARED_SOURCE_SESSION_E,loso_s8,all,1|2|3|4|5|6|7|9,1test,20260925,20,3,2,0.07438498,0.45765284,0.23597775,0.23198439
s08_0train_r1_t25,8,0train,1,25,1,48164,False,Q13-E005,Q9_SHARED_SOURCE_SESSION_E,loso_s8,all,1|2|3|4|5|6|7|9,1test,20260925,20,1,4,0.37060115,0.099111915,0.09104723,0.43923968
s08_0train_r1_t26,8,0train,1,26,4,50125,False,Q13-E005,Q9_SHARED_SOURCE_SESSION_E,loso_s8,all,1|2|3|4|5|6|7|9,1test,20260925,20,4,4,0.01762194,0.13358846,0.2225806,0.626209
s08_0train_r1_t27,8,0train,1,27,4,52229,False,Q13-E005,Q9_SHARED_SOURCE_SESSION_E,loso_s8,all,1|2|3|4|5|6|7|9,1test,20260925,20,4,4,0.0051180166,0.06300973,0.057880804,0.8739915
s08_0train_r1_t28,8,0train,1,28,2,54233,False,Q13-E005,Q9_SHARED_SOURCE_SESSION_E,loso_s8,all,1|2|3|4|5|6|7|9,1test,20260925,20,2,2,0.016904365,0.562685,0.21614869,0.20426191
s08_0train_r1_t29,8,0train,1,29,4,56208,False,Q13-E005,Q9_SHARED_SOURCE_SESSION_E,loso_s8,all,1|2|3|4|5|6|7|9,1test,20260925,20,4,3,0.00033019693,0.030159676,0.6101049,0.3594052
s08_0train_r1_t30,8,0train,1,30,4,58234,False,Q13-E005,Q9_SHARED_SOURCE_SESSION_E,loso_s8,all,1|2|3|4|5|6|7|9,1test,20260925,20,4,4,0.009882012,0.17284916,0.31354657,0.5037222
s08_0train_r1_t31,8,0train,1,31,2,60305,False,Q13-E005,Q9_SHARED_SOURCE_SESSION_E,loso_s8,all,1|2|3|4|5|6|7|9,1test,20260925,20,2,2,0.0008008751,0.9111692,0.055032242,0.032997694
s08_0train_r1_t32,8,0train,1,32,1,62412,False,Q13-E005,Q9_SHARED_SOURCE_SESSION_E,loso_s8,all,1|2|3|4|5|6|7|9,1test,20260925,20,1,4,0.25396085,0.12666503,0.1650656,0.45430857
s08_0train_r1_t33,8,0train,1,33,2,64504,False,Q13-E005,Q9_SHARED_SOURCE_SESSION_E,loso_s8,all,1|2|3|4|5|6|7|9,1test,20260925,20,2,2,0.032573696,0.8614029,0.04261276,0.06341062
s08_0train_r1_t34,8,0train,1,34,3,66595,True,Q13-E005,Q9_SHARED_SOURCE_SESSION_E,loso_s8,all,1|2|3|4|5|6|7|9,1test,20260925,20,3,3,0.027518205,0.19724913,0.48590717,0.28932554
s08_0train_r1_t35,8,0train,1,35,3,68638,False,Q13-E005,Q9_SHARED_SOURCE_SESSION_E,loso_s8,all,1|2|3|4|5|6|7|9,1test,20260925,20,3,3,0.004754509,0.16830455,0.4665827,0.36035824
s08_0train_r1_t36,8,0train,1,36,3,70702,False,Q13-E005,Q9_SHARED_SOURCE_SESSION_E,loso_s8,all,1|2|3|4|5|6|7|9,1test,20260925,20,3,4,0.011986415,0.26933184,0.19564511,0.52303666
s08_0train_r1_t37,8,0train,1,37,4,72722,False,Q13-E005,Q9_SHARED_SOURCE_SESSION_E,loso_s8,all,1|2|3|4|5|6|7|9,1test,20260925,20,4,3,0.0028051245,0.17327984,0.69780046,0.12611456
s08_0train_r1_t38,8,0train,1,38,3,74694,False,Q13-E005,Q9_SHARED_SOURCE_SESSION_E,loso_s8,all,1|2|3|4|5|6|7|9,1test,20260925,20,3,3,0.024266513,0.3335536,0.43420026,0.20797959
s08_0train_r1_t39,8,0train,1,39,1,76657,False,Q13-E005,Q9_SHARED_SOURCE_SESSION_E,loso_s8,all,1|2|3|4|5|6|7|9,1test,20260925,20,1,1,0.4664072,0.30673757,0.14756726,0.07928799
s08_0train_r1_t40,8,0train,1,40,4,78582,False,Q13-E005,Q9_SHARED_SOURCE_SESSION_E,loso_s8,all,1|2|3|4|5|6|7|9,1test,20260925,20,4,4,0.0015996235,0.09530086,0.17156352,0.731536
s08_0train_r1_t41,8,0train,1,41,2,80663,False,Q13-E005,Q9_SHARED_SOURCE_SESSION_E,loso_s8,all,1|2|3|4|5|6|7|9,1test,20260925,20,2,2,0.0056769,0.8968679,0.079003856,0.018451348
s08_0train_r1_t42,8,0train,1,42,3,82641,False,Q13-E005,Q9_SHARED_SOURCE_SESSION_E,loso_s8,all,1|2|3|4|5|6|7|9,1test,20260925,20,3,4,0.053686105,0.1537519,0.38874695,0.40381503
s08_0train_r1_t43,8,0train,1,43,2,84631,False,Q13-E005,Q9_SHARED_SOURCE_SESSION_E,loso_s8,all,1|2|3|4|5|6|7|9,1test,20260925,20,2,2,0.0034219807,0.86004066,0.11452233,0.022015018
s08_0train_r1_t44,8,0train,1,44,3,86750,False,Q13-E005,Q9_SHARED_SOURCE_SESSION_E,loso_s8,all,1|2|3|4|5|6|7|9,1test,20260925,20,3,3,0.24009492,0.041319095,0.43817046,0.2804155
s08_0train_r1_t45,8,0train,1,45,4,88656,False,Q13-E005,Q9_SHARED_SOURCE_SESSION_E,loso_s8,all,1|2|3|4|5|6|7|9,1test,20260925,20,4,4,0.005467527,0.012483265,0.095134825,0.8869144
s08_0train_r1_t46,8,0train,1,46,2,90584,False,Q13-E005,Q9_SHARED_SOURCE_SESSION_E,loso_s8,all,1|2|3|4|5|6|7|9,1test,20260925,20,2,2,0.010413644,0.67356837,0.20692307,0.10909495
s08_0train_r1_t47,8,0train,1,47,3,92698,False,Q13-E005,Q9_SHARED_SOURCE_SESSION_E,loso_s8,all,1|2|3|4|5|6|7|9,1test,20260925,20,3,3,0.025172122,0.32905054,0.3895104,0.2562669
s08_0train_r1_t48,8,0train,1,48,1,94757,False,Q13-E005,Q9_SHARED_SOURCE_SESSION_E,loso_s8,all,1|2|3|4|5|6|7|9,1test,20260925,20,1,1,0.50114733,0.1798392,0.08246617,0.23654734
s08_0train_r2_t01,8,0train,2,1,1,250,False,Q13-E005,Q9_SHARED_SOURCE_SESSION_E,loso_s8,all,1|2|3|4|5|6|7|9,1test,20260925,20,1,2,0.2670956,0.40454158,0.19864707,0.12971579
s08_0train_r2_t02,8,0train,2,2,1,2253,False,Q13-E005,Q9_SHARED_SOURCE_SESSION_E,loso_s8,all,1|2|3|4|5|6|7|9,1test,20260925,20,1,1,0.41558164,0.02105527,0.23902735,0.32433572
s08_0train_r2_t03,8,0train,2,3,4,4171,False,Q13-E005,Q9_SHARED_SOURCE_SESSION_E,loso_s8,all,1|2|3|4|5|6|7|9,1test,20260925,20,4,4,0.00039660116,0.3165069,0.24734807,0.43574843
s08_0train_r2_t04,8,0train,2,4,2,6123,False,Q13-E005,Q9_SHARED_SOURCE_SESSION_E,loso_s8,all,1|2|3|4|5|6|7|9,1test,20260925,20,2,2,0.0053832186,0.89887315,0.084359296,0.011384401
s08_0train_r2_t05,8,0train,2,5,1,8131,False,Q13-E005,Q9_SHARED_SOURCE_SESSION_E,loso_s8,all,1|2|3|4|5|6|7|9,1test,20260925,20,1,1,0.63178355,0.028215433,0.0829884,0.25701258
s08_0train_r2_t06,8,0train,2,6,3,10242,False,Q13-E005,Q9_SHARED_SOURCE_SESSION_E,loso_s8,all,1|2|3|4|5|6|7|9,1test,20260925,20,3,3,0.20679782,0.10725187,0.4515874,0.23436293
s08_0train_r2_t07,8,0train,2,7,1,12159,False,Q13-E005,Q9_SHARED_SOURCE_SESSION_E,loso_s8,all,1|2|3|4|5|6|7|9,1test,20260925,20,1,1,0.3840188,0.19375448,0.14968298,0.2725438
s08_0train_r2_t08,8,0train,2,8,3,14209,True,Q13-E005,Q9_SHARED_SOURCE_SESSION_E,loso_s8,all,1|2|3|4|5|6|7|9,1test,20260925,20,3,2,0.0031366479,0.47599158,0.2767513,0.24412045
s08_0train_r2_t09,8,0train,2,9,2,16140,False,Q13-E005,Q9_SHARED_SOURCE_SESSION_E,loso_s8,all,1|2|3|4|5|6|7|9,1test,20260925,20,2,2,0.1962479,0.55644035,0.08740215,0.15990962
s08_0train_r2_t10,8,0train,2,10,4,18138,False,Q13-E005,Q9_SHARED_SOURCE_SESSION_E,loso_s8,all,1|2|3|4|5|6|7|9,1test,20260925,20,4,4,0.0002798222,0.2347975,0.21746133,0.54746133
s08_0train_r2_t11,8,0train,2,11,1,20044,False,Q13-E005,Q9_SHARED_SOURCE_SESSION_E,loso_s8,all,1|2|3|4|5|6|7|9,1test,20260925,20,1,4,0.14772117,0.20391154,0.31021225,0.338155
s08_0train_r2_t12,8,0train,2,12,3,21939,False,Q13-E005,Q9_SHARED_SOURCE_SESSION_E,loso_s8,all,1|2|3|4|5|6|7|9,1test,20260925,20,3,3,0.008379333,0.3784331,0.5179138,0.09527376
s08_0train_r2_t13,8,0train,2,13,3,23911,False,Q13-E005,Q9_SHARED_SOURCE_SESSION_E,loso_s8,all,1|2|3|4|5|6|7|9,1test,20260925,20,3,2,0.03176673,0.47389248,0.14549278,0.34884796
s08_0train_r2_t14,8,0train,2,14,1,25855,False,Q13-E005,Q9_SHARED_SOURCE_SESSION_E,loso_s8,all,1|2|3|4|5|6|7|9,1test,20260925,20,1,3,0.15689698,0.017970035,0.49927798,0.32585502
s08_0train_r2_t15,8,0train,2,15,3,27822,False,Q13-E005,Q9_SHARED_SOURCE_SESSION_E,loso_s8,all,1|2|3|4|5|6|7|9,1test,20260925,20,3,3,0.0078092953,0.41183928,0.51813865,0.06221276
s08_0train_r2_t16,8,0train,2,16,2,29942,False,Q13-E005,Q9_SHARED_SOURCE_SESSION_E,loso_s8,all,1|2|3|4|5|6|7|9,1test,20260925,20,2,2,0.0011966495,0.8924371,0.076487415,0.02987886
s08_0train_r2_t17,8,0train,2,17,4,31950,False,Q13-E005,Q9_SHARED_SOURCE_SESSION_E,loso_s8,all,1|2|3|4|5|6|7|9,1test,20260925,20,4,4,0.00091932324,0.028591692,0.02958716,0.9409019
s08_0train_r2_t18,8,0train,2,18,4,34016,False,Q13-E005,Q9_SHARED_SOURCE_SESSION_E,loso_s8,all,1|2|3|4|5|6|7|9,1test,20260925,20,4,4,0.0015653376,0.19430591,0.18516229,0.6189664
s08_0train_r2_t19,8,0train,2,19,4,36052,False,Q13-E005,Q9_SHARED_SOURCE_SESSION_E,loso_s8,all,1|2|3|4|5|6|7|9,1test,20260925,20,4,4,0.002449765,0.089630276,0.20742957,0.70049036
s08_0train_r2_t20,8,0train,2,20,3,38118,False,Q13-E005,Q9_SHARED_SOURCE_SESSION_E,loso_s8,all,1|2|3|4|5|6|7|9,1test,20260925,20,3,2,0.09486394,0.37884602,0.25664988,0.26964018
s08_0train_r2_t21,8,0train,2,21,1,40188,False,Q13-E005,Q9_SHARED_SOURCE_SESSION_E,loso_s8,all,1|2|3|4|5|6|7|9,1test,20260925,20,1,1,0.70605737,0.041784365,0.10764289,0.14451537
s08_0train_r2_t22,8,0train,2,22,4,42268,False,Q13-E005,Q9_SHARED_SOURCE_SESSION_E,loso_s8,all,1|2|3|4|5|6|7|9,1test,20260925,20,4,4,0.00626159,0.010426027,0.06304668,0.9202657
s08_0train_r2_t23,8,0train,2,23,2,44180,True,Q13-E005,Q9_SHARED_SOURCE_SESSION_E,loso_s8,all,1|2|3|4|5|6|7|9,1test,20260925,20,2,2,0.17677714,0.50411165,0.24793626,0.07117497
s08_0train_r2_t24,8,0train,2,24,4,46211,False,Q13-E005,Q9_SHARED_SOURCE_SESSION_E,loso_s8,all,1|2|3|4|5|6|7|9,1test,20260925,20,4,4,0.0022040433,0.074201666,0.17509446,0.7484998
s08_0train_r2_t25,8,0train,2,25,2,48164,False,Q13-E005,Q9_SHARED_SOURCE_SESSION_E,loso_s8,all,1|2|3|4|5|6|7|9,1test,20260925,20,2,2,0.004448591,0.5705163,0.4029358,0.022099325
s08_0train_r2_t26,8,0train,2,26,1,50125,True,Q13-E005,Q9_SHARED_SOURCE_SESSION_E,loso_s8,all,1|2|3|4|5|6|7|9,1test,20260925,20,1,4,0.13080974,0.1942491,0.269157,0.40578416
s08_0train_r2_t27,8,0train,2,27,3,52229,False,Q13-E005,Q9_SHARED_SOURCE_SESSION_E,loso_s8,all,1|2|3|4|5|6|7|9,1test,20260925,20,3,2,0.020468073,0.5686145,0.30181888,0.10909865
s08_0train_r2_t28,8,0train,2,28,2,54233,False,Q13-E005,Q9_SHARED_SOURCE_SESSION_E,loso_s8,all,1|2|3|4|5|6|7|9,1test,20260925,20,2,2,0.014733492,0.6125097,0.04378723,0.32896954
s08_0train_r2_t29,8,0train,2,29,1,56208,False,Q13-E005,Q9_SHARED_SOURCE_SESSION_E,loso_s8,all,1|2|3|4|5|6|7|9,1test,20260925,20,1,1,0.32461,0.131914,0.25874424,0.28473178
s08_0train_r2_t30,8,0train,2,30,3,58234,False,Q13-E005,Q9_SHARED_SOURCE_SESSION_E,loso_s8,all,1|2|3|4|5|6|7|9,1test,20260925,20,3,3,0.02026252,0.33756825,0.35652524,0.28564397
s08_0train_r2_t31,8,0train,2,31,3,60305,False,Q13-E005,Q9_SHARED_SOURCE_SESSION_E,loso_s8,all,1|2|3|4|5|6|7|9,1test,20260925,20,3,3,0.0004635352,0.37224978,0.40275982,0.22452688
s08_0train_r2_t32,8,0train,2,32,1,62412,False,Q13-E005,Q9_SHARED_SOURCE_SESSION_E,loso_s8,all,1|2|3|4|5|6|7|9,1test,20260925,20,1,3,0.12660033,0.09828986,0.56211716,0.21299264
s08_0train_r2_t33,8,0train,2,33,3,64504,False,Q13-E005,Q9_SHARED_SOURCE_SESSION_E,loso_s8,all,1|2|3|4|5|6|7|9,1test,20260925,20,3,2,0.0552762,0.64052296,0.17967308,0.124527775
s08_0train_r2_t34,8,0train,2,34,4,66595,False,Q13-E005,Q9_SHARED_SOURCE_SESSION_E,loso_s8,all,1|2|3|4|5|6|7|9,1test,20260925,20,4,4,0.102583885,0.15214032,0.08851583,0.6567599
s08_0train_r2_t35,8,0train,2,35,4,68638,False,Q13-E005,Q9_SHARED_SOURCE_SESSION_E,loso_s8,all,1|2|3|4|5|6|7|9,1test,20260925,20,4,3,0.29927784,0.011834628,0.5035275,0.18535998
s08_0train_r2_t36,8,0train,2,36,2,70702,False,Q13-E005,Q9_SHARED_SOURCE_SESSION_E,loso_s8,all,1|2|3|4|5|6|7|9,1test,20260925,20,2,2,0.009374892,0.52272296,0.37943715,0.08846495
s08_0train_r2_t37,8,0train,2,37,1,72722,True,Q13-E005,Q9_SHARED_SOURCE_SESSION_E,loso_s8,all,1|2|3|4|5|6|7|9,1test,20260925,20,1,1,0.44842243,0.27823746,0.17119081,0.10214931
s08_0train_r2_t38,8,0train,2,38,2,74694,False,Q13-E005,Q9_SHARED_SOURCE_SESSION_E,loso_s8,all,1|2|3|4|5|6|7|9,1test,20260925,20,2,2,0.0026689249,0.83981216,0.11322811,0.044290856
s08_0train_r2_t39,8,0train,2,39,4,76657,False,Q13-E005,Q9_SHARED_SOURCE_SESSION_E,loso_s8,all,1|2|3|4|5|6|7|9,1test,20260925,20,4,4,0.004038756,0.13195366,0.14404859,0.719959
s08_0train_r2_t40,8,0train,2,40,2,78582,False,Q13-E005,Q9_SHARED_SOURCE_SESSION_E,loso_s8,all,1|2|3|4|5|6|7|9,1test,20260925,20,2,4,0.03901473,0.34823632,0.0939528,0.5187961
s08_0train_r2_t41,8,0train,2,41,4,80663,False,Q13-E005,Q9_SHARED_SOURCE_SESSION_E,loso_s8,all,1|2|3|4|5|6|7|9,1test,20260925,20,4,3,0.0021545282,0.014298975,0.7463571,0.2371894
s08_0train_r2_t42,8,0train,2,42,3,82641,False,Q13-E005,Q9_SHARED_SOURCE_SESSION_E,loso_s8,all,1|2|3|4|5|6|7|9,1test,20260925,20,3,3,0.033105,0.19459185,0.4106453,0.36165783
s08_0train_r2_t43,8,0train,2,43,2,84631,False,Q13-E005,Q9_SHARED_SOURCE_SESSION_E,loso_s8,all,1|2|3|4|5|6|7|9,1test,20260925,20,2,2,0.020901827,0.77409565,0.09295672,0.11204586
s08_0train_r2_t44,8,0train,2,44,2,86750,False,Q13-E005,Q9_SHARED_SOURCE_SESSION_E,loso_s8,all,1|2|3|4|5|6|7|9,1test,20260925,20,2,2,0.0037584926,0.47713837,0.052376207,0.46672696
s08_0train_r2_t45,8,0train,2,45,2,88656,False,Q13-E005,Q9_SHARED_SOURCE_SESSION_E,loso_s8,all,1|2|3|4|5|6|7|9,1test,20260925,20,2,2,0.0009214416,0.82973105,0.10673824,0.062609285
s08_0train_r2_t46,8,0train,2,46,3,90584,True,Q13-E005,Q9_SHARED_SOURCE_SESSION_E,loso_s8,all,1|2|3|4|5|6|7|9,1test,20260925,20,3,3,0.13978688,0.13509783,0.50056905,0.22454625
s08_0train_r2_t47,8,0train,2,47,4,92698,False,Q13-E005,Q9_SHARED_SOURCE_SESSION_E,loso_s8,all,1|2|3|4|5|6|7|9,1test,20260925,20,4,2,0.016926892,0.43990102,0.302075,0.24109711
s08_0train_r2_t48,8,0train,2,48,1,94757,False,Q13-E005,Q9_SHARED_SOURCE_SESSION_E,loso_s8,all,1|2|3|4|5|6|7|9,1test,20260925,20,1,4,0.22781575,0.012619185,0.29483175,0.46473336
s08_0train_r3_t01,8,0train,3,1,2,250,False,Q13-E005,Q9_SHARED_SOURCE_SESSION_E,loso_s8,all,1|2|3|4|5|6|7|9,1test,20260925,20,2,2,0.13947055,0.5156957,0.2625951,0.082238704
s08_0train_r3_t02,8,0train,3,2,4,2253,False,Q13-E005,Q9_SHARED_SOURCE_SESSION_E,loso_s8,all,1|2|3|4|5|6|7|9,1test,20260925,20,4,4,0.0002550118,0.090050615,0.3330815,0.5766129
s08_0train_r3_t03,8,0train,3,3,1,4171,False,Q13-E005,Q9_SHARED_SOURCE_SESSION_E,loso_s8,all,1|2|3|4|5|6|7|9,1test,20260925,20,1,1,0.49370426,0.30850458,0.093409956,0.104381196
s08_0train_r3_t04,8,0train,3,4,3,6123,False,Q13-E005,Q9_SHARED_SOURCE_SESSION_E,loso_s8,all,1|2|3|4|5|6|7|9,1test,20260925,20,3,3,0.013519565,0.38971025,0.46678275,0.12998739
s08_0train_r3_t05,8,0train,3,5,3,8131,False,Q13-E005,Q9_SHARED_SOURCE_SESSION_E,loso_s8,all,1|2|3|4|5|6|7|9,1test,20260925,20,3,3,0.00015938492,0.4268318,0.5262016,0.04680723
s08_0train_r3_t06,8,0train,3,6,4,10242,False,Q13-E005,Q9_SHARED_SOURCE_SESSION_E,loso_s8,all,1|2|3|4|5|6|7|9,1test,20260925,20,4,2,0.009687287,0.57969856,0.16858275,0.24203141
s08_0train_r3_t07,8,0train,3,7,1,12159,False,Q13-E005,Q9_SHARED_SOURCE_SESSION_E,loso_s8,all,1|2|3|4|5|6|7|9,1test,20260925,20,1,1,0.74781567,0.023522794,0.03518542,0.19347608
s08_0train_r3_t08,8,0train,3,8,1,14209,False,Q13-E005,Q9_SHARED_SOURCE_SESSION_E,loso_s8,all,1|2|3|4|5|6|7|9,1test,20260925,20,1,3,0.025501754,0.15627886,0.5701659,0.24805355
s08_0train_r3_t09,8,0train,3,9,3,16140,False,Q13-E005,Q9_SHARED_SOURCE_SESSION_E,loso_s8,all,1|2|3|4|5|6|7|9,1test,20260925,20,3,2,0.018962955,0.6683387,0.21034256,0.1023557
s08_0train_r3_t10,8,0train,3,10,2,18138,False,Q13-E005,Q9_SHARED_SOURCE_SESSION_E,loso_s8,all,1|2|3|4|5|6|7|9,1test,20260925,20,2,2,0.0024925838,0.798592,0.10964794,0.08926748
s08_0train_r3_t11,8,0train,3,11,4,20044,False,Q13-E005,Q9_SHARED_SOURCE_SESSION_E,loso_s8,all,1|2|3|4|5|6|7|9,1test,20260925,20,4,4,0.039978765,0.36550498,0.022069313,0.572447
s08_0train_r3_t12,8,0train,3,12,4,21939,False,Q13-E005,Q9_SHARED_SOURCE_SESSION_E,loso_s8,all,1|2|3|4|5|6|7|9,1test,20260925,20,4,2,0.0013253486,0.6810902,0.28414825,0.033436242
s08_0train_r3_t13,8,0train,3,13,4,23911,False,Q13-E005,Q9_SHARED_SOURCE_SESSION_E,loso_s8,all,1|2|3|4|5|6|7|9,1test,20260925,20,4,4,0.011156216,0.4084353,0.03470524,0.5457033
s08_0train_r3_t14,8,0train,3,14,2,25855,False,Q13-E005,Q9_SHARED_SOURCE_SESSION_E,loso_s8,all,1|2|3|4|5|6|7|9,1test,20260925,20,2,2,0.0025733397,0.8550797,0.0935864,0.04876054
s08_0train_r3_t15,8,0train,3,15,1,27822,False,Q13-E005,Q9_SHARED_SOURCE_SESSION_E,loso_s8,all,1|2|3|4|5|6|7|9,1test,20260925,20,1,3,0.069666535,0.035473887,0.67469037,0.22016919
s08_0train_r3_t16,8,0train,3,16,3,29942,False,Q13-E005,Q9_SHARED_SOURCE_SESSION_E,loso_s8,all,1|2|3|4|5|6|7|9,1test,20260925,20,3,3,0.17554542,0.14530218,0.3878983,0.2912541
s08_0train_r3_t17,8,0train,3,17,2,31950,True,Q13-E005,Q9_SHARED_SOURCE_SESSION_E,loso_s8,all,1|2|3|4|5|6|7|9,1test,20260925,20,2,2,0.0035062006,0.56013733,0.19431716,0.24203931
s08_0train_r3_t18,8,0train,3,18,4,34016,False,Q13-E005,Q9_SHARED_SOURCE_SESSION_E,loso_s8,all,1|2|3|4|5|6|7|9,1test,20260925,20,4,4,0.008025081,0.034629,0.4361479,0.52119803
s08_0train_r3_t19,8,0train,3,19,1,36052,False,Q13-E005,Q9_SHARED_SOURCE_SESSION_E,loso_s8,all,1|2|3|4|5|6|7|9,1test,20260925,20,1,1,0.42750886,0.36939922,0.11675623,0.086335644
s08_0train_r3_t20,8,0train,3,20,4,38118,False,Q13-E005,Q9_SHARED_SOURCE_SESSION_E,loso_s8,all,1|2|3|4|5|6|7|9,1test,20260925,20,4,4,0.0015752495,0.072864056,0.056270808,0.8692899
s08_0train_r3_t21,8,0train,3,21,3,40188,True,Q13-E005,Q9_SHARED_SOURCE_SESSION_E,loso_s8,all,1|2|3|4|5|6|7|9,1test,20260925,20,3,2,0.009532366,0.79627293,0.14183713,0.052357636
s08_0train_r3_t22,8,0train,3,22,2,42268,False,Q13-E005,Q9_SHARED_SOURCE_SESSION_E,loso_s8,all,1|2|3|4|5|6|7|9,1test,20260925,20,2,2,0.0025957176,0.6682831,0.26051733,0.06860383
s08_0train_r3_t23,8,0train,3,23,4,44180,False,Q13-E005,Q9_SHARED_SOURCE_SESSION_E,loso_s8,all,1|2|3|4|5|6|7|9,1test,20260925,20,4,2,0.12235897,0.49043706,0.11496251,0.27224144
s08_0train_r3_t24,8,0train,3,24,4,46211,True,Q13-E005,Q9_SHARED_SOURCE_SESSION_E,loso_s8,all,1|2|3|4|5|6|7|9,1test,20260925,20,4,4,0.0013394331,0.20313928,0.21995963,0.57556164
s08_0train_r3_t25,8,0train,3,25,1,48164,False,Q13-E005,Q9_SHARED_SOURCE_SESSION_E,loso_s8,all,1|2|3|4|5|6|7|9,1test,20260925,20,1,1,0.4987372,0.03329217,0.17743802,0.2905326
s08_0train_r3_t26,8,0train,3,26,2,50125,False,Q13-E005,Q9_SHARED_SOURCE_SESSION_E,loso_s8,all,1|2|3|4|5|6|7|9,1test,20260925,20,2,2,0.023705984,0.7503359,0.07255176,0.15340637
s08_0train_r3_t27,8,0train,3,27,2,52229,False,Q13-E005,Q9_SHARED_SOURCE_SESSION_E,loso_s8,all,1|2|3|4|5|6|7|9,1test,20260925,20,2,2,0.007278214,0.47844103,0.2666212,0.24765953
s08_0train_r3_t28,8,0train,3,28,3,54233,False,Q13-E005,Q9_SHARED_SOURCE_SESSION_E,loso_s8,all,1|2|3|4|5|6|7|9,1test,20260925,20,3,2,0.029988736,0.53113157,0.28298327,0.15589644
s08_0train_r3_t29,8,0train,3,29,4,56208,False,Q13-E005,Q9_SHARED_SOURCE_SESSION_E,loso_s8,all,1|2|3|4|5|6|7|9,1test,20260925,20,4,2,0.016348252,0.8082153,0.013537194,0.16189927
s08_0train_r3_t30,8,0train,3,30,2,58234,False,Q13-E005,Q9_SHARED_SOURCE_SESSION_E,loso_s8,all,1|2|3|4|5|6|7|9,1test,20260925,20,2,2,0.0027516726,0.82704633,0.10090601,0.06929601
s08_0train_r3_t31,8,0train,3,31,1,60305,False,Q13-E005,Q9_SHARED_SOURCE_SESSION_E,loso_s8,all,1|2|3|4|5|6|7|9,1test,20260925,20,1,4,0.3158266,0.16964865,0.14594585,0.3685789
s08_0train_r3_t32,8,0train,3,32,1,62412,False,Q13-E005,Q9_SHARED_SOURCE_SESSION_E,loso_s8,all,1|2|3|4|5|6|7|9,1test,20260925,20,1,1,0.41991758,0.2476725,0.17956118,0.1528487
s08_0train_r3_t33,8,0train,3,33,4,64504,False,Q13-E005,Q9_SHARED_SOURCE_SESSION_E,loso_s8,all,1|2|3|4|5|6|7|9,1test,20260925,20,4,4,0.0020890106,0.2910072,0.035466056,0.6714378
s08_0train_r3_t34,8,0train,3,34,2,66595,False,Q13-E005,Q9_SHARED_SOURCE_SESSION_E,loso_s8,all,1|2|3|4|5|6|7|9,1test,20260925,20,2,2,0.0054648276,0.9057232,0.027739521,0.061072495
s08_0train_r3_t35,8,0train,3,35,1,68638,False,Q13-E005,Q9_SHARED_SOURCE_SESSION_E,loso_s8,all,1|2|3|4|5|6|7|9,1test,20260925,20,1,4,0.21594836,0.17309251,0.17827664,0.43268242
s08_0train_r3_t36,8,0train,3,36,3,70702,True,Q13-E005,Q9_SHARED_SOURCE_SESSION_E,loso_s8,all,1|2|3|4|5|6|7|9,1test,20260925,20,3,3,0.030535627,0.23350368,0.5910728,0.14488786
s08_0train_r3_t37,8,0train,3,37,2,72722,False,Q13-E005,Q9_SHARED_SOURCE_SESSION_E,loso_s8,all,1|2|3|4|5|6|7|9,1test,20260925,20,2,2,0.0037199846,0.84405375,0.06794068,0.084285595
s08_0train_r3_t38,8,0train,3,38,2,74694,False,Q13-E005,Q9_SHARED_SOURCE_SESSION_E,loso_s8,all,1|2|3|4|5|6|7|9,1test,20260925,20,2,2,0.12865748,0.66334826,0.11699299,0.09100125
s08_0train_r3_t39,8,0train,3,39,3,76657,False,Q13-E005,Q9_SHARED_SOURCE_SESSION_E,loso_s8,all,1|2|3|4|5|6|7|9,1test,20260925,20,3,2,0.029523,0.37937775,0.37810272,0.21299645
s08_0train_r3_t40,8,0train,3,40,1,78582,False,Q13-E005,Q9_SHARED_SOURCE_SESSION_E,loso_s8,all,1|2|3|4|5|6|7|9,1test,20260925,20,1,3,0.08109359,0.20571074,0.47159812,0.24159761
s08_0train_r3_t41,8,0train,3,41,4,80663,False,Q13-E005,Q9_SHARED_SOURCE_SESSION_E,loso_s8,all,1|2|3|4|5|6|7|9,1test,20260925,20,4,2,0.009435632,0.6817784,0.040742986,0.26804304
s08_0train_r3_t42,8,0train,3,42,3,82641,False,Q13-E005,Q9_SHARED_SOURCE_SESSION_E,loso_s8,all,1|2|3|4|5|6|7|9,1test,20260925,20,3,2,0.11589902,0.40559688,0.36506724,0.113436855
s08_0train_r3_t43,8,0train,3,43,3,84631,False,Q13-E005,Q9_SHARED_SOURCE_SESSION_E,loso_s8,all,1|2|3|4|5|6|7|9,1test,20260925,20,3,3,0.0053913672,0.31544706,0.3482851,0.33087644
s08_0train_r3_t44,8,0train,3,44,3,86750,False,Q13-E005,Q9_SHARED_SOURCE_SESSION_E,loso_s8,all,1|2|3|4|5|6|7|9,1test,20260925,20,3,3,0.002022244,0.1156938,0.44249478,0.43978918
s08_0train_r3_t45,8,0train,3,45,3,88656,False,Q13-E005,Q9_SHARED_SOURCE_SESSION_E,loso_s8,all,1|2|3|4|5|6|7|9,1test,20260925,20,3,4,0.0026904428,0.07521495,0.18458554,0.7375091
s08_0train_r3_t46,8,0train,3,46,1,90584,False,Q13-E005,Q9_SHARED_SOURCE_SESSION_E,loso_s8,all,1|2|3|4|5|6|7|9,1test,20260925,20,1,3,0.09506526,0.26540324,0.42308137,0.21645011
s08_0train_r3_t47,8,0train,3,47,2,92698,False,Q13-E005,Q9_SHARED_SOURCE_SESSION_E,loso_s8,all,1|2|3|4|5|6|7|9,1test,20260925,20,2,2,0.16000877,0.62942076,0.14965719,0.0609132
s08_0train_r3_t48,8,0train,3,48,1,94757,True,Q13-E005,Q9_SHARED_SOURCE_SESSION_E,loso_s8,all,1|2|3|4|5|6|7|9,1test,20260925,20,1,4,0.05634255,0.026780915,0.27526936,0.64160717
s08_0train_r4_t01,8,0train,4,1,2,250,False,Q13-E005,Q9_SHARED_SOURCE_SESSION_E,loso_s8,all,1|2|3|4|5|6|7|9,1test,20260925,20,2,2,0.01852727,0.4714532,0.14604624,0.3639733
s08_0train_r4_t02,8,0train,4,2,1,2253,False,Q13-E005,Q9_SHARED_SOURCE_SESSION_E,loso_s8,all,1|2|3|4|5|6|7|9,1test,20260925,20,1,4,0.20394689,0.043022126,0.37076285,0.38226813
s08_0train_r4_t03,8,0train,4,3,1,4171,False,Q13-E005,Q9_SHARED_SOURCE_SESSION_E,loso_s8,all,1|2|3|4|5|6|7|9,1test,20260925,20,1,4,0.17300735,0.030026084,0.36376762,0.43319893
s08_0train_r4_t04,8,0train,4,4,3,6123,False,Q13-E005,Q9_SHARED_SOURCE_SESSION_E,loso_s8,all,1|2|3|4|5|6|7|9,1test,20260925,20,3,3,0.0008577282,0.18292552,0.68163365,0.13458307
s08_0train_r4_t05,8,0train,4,5,3,8131,False,Q13-E005,Q9_SHARED_SOURCE_SESSION_E,loso_s8,all,1|2|3|4|5|6|7|9,1test,20260925,20,3,2,0.0004776043,0.64144576,0.23103002,0.12704667
s08_0train_r4_t06,8,0train,4,6,2,10242,False,Q13-E005,Q9_SHARED_SOURCE_SESSION_E,loso_s8,all,1|2|3|4|5|6|7|9,1test,20260925,20,2,3,0.024960427,0.13537177,0.5877718,0.251896
s08_0train_r4_t07,8,0train,4,7,3,12159,False,Q13-E005,Q9_SHARED_SOURCE_SESSION_E,loso_s8,all,1|2|3|4|5|6|7|9,1test,20260925,20,3,1,0.46058047,0.0065319086,0.22583486,0.30705276
s08_0train_r4_t08,8,0train,4,8,4,14209,False,Q13-E005,Q9_SHARED_SOURCE_SESSION_E,loso_s8,all,1|2|3|4|5|6|7|9,1test,20260925,20,4,4,0.000437001,0.25299224,0.3160684,0.4305024
s08_0train_r4_t09,8,0train,4,9,1,16140,False,Q13-E005,Q9_SHARED_SOURCE_SESSION_E,loso_s8,all,1|2|3|4|5|6|7|9,1test,20260925,20,1,3,0.13979857,0.3384941,0.3667182,0.15498915
s08_0train_r4_t10,8,0train,4,10,4,18138,False,Q13-E005,Q9_SHARED_SOURCE_SESSION_E,loso_s8,all,1|2|3|4|5|6|7|9,1test,20260925,20,4,4,0.0001705132,0.04189356,0.35641983,0.6015161
s08_0train_r4_t11,8,0train,4,11,1,20044,False,Q13-E005,Q9_SHARED_SOURCE_SESSION_E,loso_s8,all,1|2|3|4|5|6|7|9,1test,20260925,20,1,1,0.32829052,0.070103146,0.2944476,0.30715877
s08_0train_r4_t12,8,0train,4,12,1,21939,False,Q13-E005,Q9_SHARED_SOURCE_SESSION_E,loso_s8,all,1|2|3|4|5|6|7|9,1test,20260925,20,1,3,0.014057955,0.064449236,0.7005174,0.22097541
s08_0train_r4_t13,8,0train,4,13,2,23911,False,Q13-E005,Q9_SHARED_SOURCE_SESSION_E,loso_s8,all,1|2|3|4|5|6|7|9,1test,20260925,20,2,2,0.0013169355,0.489768,0.44223854,0.06667655
s08_0train_r4_t14,8,0train,4,14,4,25855,False,Q13-E005,Q9_SHARED_SOURCE_SESSION_E,loso_s8,all,1|2|3|4|5|6|7|9,1test,20260925,20,4,4,0.0013580997,0.08618636,0.05047765,0.8619778
s08_0train_r4_t15,8,0train,4,15,3,27822,True,Q13-E005,Q9_SHARED_SOURCE_SESSION_E,loso_s8,all,1|2|3|4|5|6|7|9,1test,20260925,20,3,3,0.017195616,0.23269835,0.5471243,0.20298171
s08_0train_r4_t16,8,0train,4,16,2,29942,False,Q13-E005,Q9_SHARED_SOURCE_SESSION_E,loso_s8,all,1|2|3|4|5|6|7|9,1test,20260925,20,2,2,0.12770386,0.6685831,0.070499964,0.13321306
s08_0train_r4_t17,8,0train,4,17,4,31950,False,Q13-E005,Q9_SHARED_SOURCE_SESSION_E,loso_s8,all,1|2|3|4|5|6|7|9,1test,20260925,20,4,4,0.1914868,0.01803222,0.10110532,0.68937564
s08_0train_r4_t18,8,0train,4,18,3,34016,False,Q13-E005,Q9_SHARED_SOURCE_SESSION_E,loso_s8,all,1|2|3|4|5|6|7|9,1test,20260925,20,3,4,0.047636315,0.31779763,0.25952232,0.37504372
s08_0train_r4_t19,8,0train,4,19,4,36052,False,Q13-E005,Q9_SHARED_SOURCE_SESSION_E,loso_s8,all,1|2|3|4|5|6|7|9,1test,20260925,20,4,2,0.0024887307,0.65298444,0.02613743,0.31838945
s08_0train_r4_t20,8,0train,4,20,3,38118,False,Q13-E005,Q9_SHARED_SOURCE_SESSION_E,loso_s8,all,1|2|3|4|5|6|7|9,1test,20260925,20,3,2,0.109336205,0.4308646,0.3168295,0.14296968
s08_0train_r4_t21,8,0train,4,21,4,40188,True,Q13-E005,Q9_SHARED_SOURCE_SESSION_E,loso_s8,all,1|2|3|4|5|6|7|9,1test,20260925,20,4,4,0.035423063,0.2189276,0.24035002,0.50529927
s08_0train_r4_t22,8,0train,4,22,2,42268,False,Q13-E005,Q9_SHARED_SOURCE_SESSION_E,loso_s8,all,1|2|3|4|5|6|7|9,1test,20260925,20,2,2,0.012913087,0.40616795,0.37577733,0.20514157
s08_0train_r4_t23,8,0train,4,23,2,44180,False,Q13-E005,Q9_SHARED_SOURCE_SESSION_E,loso_s8,all,1|2|3|4|5|6|7|9,1test,20260925,20,2,4,0.03660948,0.32865602,0.25173405,0.38300043
s08_0train_r4_t24,8,0train,4,24,4,46211,False,Q13-E005,Q9_SHARED_SOURCE_SESSION_E,loso_s8,all,1|2|3|4|5|6|7|9,1test,20260925,20,4,2,0.0032332619,0.46092397,0.10462623,0.4312166
s08_0train_r4_t25,8,0train,4,25,1,48164,False,Q13-E005,Q9_SHARED_SOURCE_SESSION_E,loso_s8,all,1|2|3|4|5|6|7|9,1test,20260925,20,1,2,0.058311503,0.55183953,0.26625967,0.12358923
s08_0train_r4_t26,8,0train,4,26,2,50125,False,Q13-E005,Q9_SHARED_SOURCE_SESSION_E,loso_s8,all,1|2|3|4|5|6|7|9,1test,20260925,20,2,2,9.3075e-05,0.46219116,0.45556307,0.08215265
s08_0train_r4_t27,8,0train,4,27,2,52229,False,Q13-E005,Q9_SHARED_SOURCE_SESSION_E,loso_s8,all,1|2|3|4|5|6|7|9,1test,20260925,20,2,2,0.0037226868,0.8172587,0.04535431,0.1336643
s08_0train_r4_t28,8,0train,4,28,2,54233,False,Q13-E005,Q9_SHARED_SOURCE_SESSION_E,loso_s8,all,1|2|3|4|5|6|7|9,1test,20260925,20,2,2,0.0060565346,0.7008188,0.19089074,0.10223389
s08_0train_r4_t29,8,0train,4,29,3,56208,False,Q13-E005,Q9_SHARED_SOURCE_SESSION_E,loso_s8,all,1|2|3|4|5|6|7|9,1test,20260925,20,3,3,0.001610957,0.21070984,0.48736012,0.30031905
s08_0train_r4_t30,8,0train,4,30,4,58234,False,Q13-E005,Q9_SHARED_SOURCE_SESSION_E,loso_s8,all,1|2|3|4|5|6|7|9,1test,20260925,20,4,2,0.0003404753,0.91784805,0.04090279,0.040908728
s08_0train_r4_t31,8,0train,4,31,1,60305,False,Q13-E005,Q9_SHARED_SOURCE_SESSION_E,loso_s8,all,1|2|3|4|5|6|7|9,1test,20260925,20,1,2,0.052592106,0.39229614,0.37313288,0.18197887
s08_0train_r4_t32,8,0train,4,32,4,62412,False,Q13-E005,Q9_SHARED_SOURCE_SESSION_E,loso_s8,all,1|2|3|4|5|6|7|9,1test,20260925,20,4,4,0.0062564416,0.060972117,0.1673922,0.7653792
s08_0train_r4_t33,8,0train,4,33,1,64504,True,Q13-E005,Q9_SHARED_SOURCE_SESSION_E,loso_s8,all,1|2|3|4|5|6|7|9,1test,20260925,20,1,4,0.12069737,0.3411831,0.14571379,0.39240572
s08_0train_r4_t34,8,0train,4,34,3,66595,False,Q13-E005,Q9_SHARED_SOURCE_SESSION_E,loso_s8,all,1|2|3|4|5|6|7|9,1test,20260925,20,3,2,0.112887226,0.4633738,0.29346937,0.13026959
s08_0train_r4_t35,8,0train,4,35,1,68638,False,Q13-E005,Q9_SHARED_SOURCE_SESSION_E,loso_s8,all,1|2|3|4|5|6|7|9,1test,20260925,20,1,3,0.026355391,0.11078893,0.50516295,0.3576927
s08_0train_r4_t36,8,0train,4,36,4,70702,False,Q13-E005,Q9_SHARED_SOURCE_SESSION_E,loso_s8,all,1|2|3|4|5|6|7|9,1test,20260925,20,4,4,0.006273826,0.07002568,0.34053284,0.5831677
s08_0train_r4_t37,8,0train,4,37,1,72722,False,Q13-E005,Q9_SHARED_SOURCE_SESSION_E,loso_s8,all,1|2|3|4|5|6|7|9,1test,20260925,20,1,2,0.302238,0.34540796,0.16973275,0.18262129
s08_0train_r4_t38,8,0train,4,38,3,74694,False,Q13-E005,Q9_SHARED_SOURCE_SESSION_E,loso_s8,all,1|2|3|4|5|6|7|9,1test,20260925,20,3,3,0.072132125,0.16318835,0.45895284,0.30572674
s08_0train_r4_t39,8,0train,4,39,1,76657,False,Q13-E005,Q9_SHARED_SOURCE_SESSION_E,loso_s8,all,1|2|3|4|5|6|7|9,1test,20260925,20,1,2,0.25894433,0.50809693,0.048247125,0.18471162
s08_0train_r4_t40,8,0train,4,40,2,78582,False,Q13-E005,Q9_SHARED_SOURCE_SESSION_E,loso_s8,all,1|2|3|4|5|6|7|9,1test,20260925,20,2,2,0.0007947592,0.92778724,0.04201817,0.02939979
s08_0train_r4_t41,8,0train,4,41,3,80663,False,Q13-E005,Q9_SHARED_SOURCE_SESSION_E,loso_s8,all,1|2|3|4|5|6|7|9,1test,20260925,20,3,3,0.13567683,0.19864863,0.57099634,0.094678216
s08_0train_r4_t42,8,0train,4,42,3,82641,False,Q13-E005,Q9_SHARED_SOURCE_SESSION_E,loso_s8,all,1|2|3|4|5|6|7|9,1test,20260925,20,3,4,0.00090179214,0.14471568,0.24072275,0.6136598
s08_0train_r4_t43,8,0train,4,43,4,84631,False,Q13-E005,Q9_SHARED_SOURCE_SESSION_E,loso_s8,all,1|2|3|4|5|6|7|9,1test,20260925,20,4,4,0.023461165,0.2504514,0.13994813,0.58613926
s08_0train_r4_t44,8,0train,4,44,1,86750,False,Q13-E005,Q9_SHARED_SOURCE_SESSION_E,loso_s8,all,1|2|3|4|5|6|7|9,1test,20260925,20,1,1,0.53943384,0.18478334,0.13000368,0.14577919
s08_0train_r4_t45,8,0train,4,45,2,88656,False,Q13-E005,Q9_SHARED_SOURCE_SESSION_E,loso_s8,all,1|2|3|4|5|6|7|9,1test,20260925,20,2,2,0.0073829056,0.68346125,0.23487373,0.07428204
s08_0train_r4_t46,8,0train,4,46,4,90584,False,Q13-E005,Q9_SHARED_SOURCE_SESSION_E,loso_s8,all,1|2|3|4|5|6|7|9,1test,20260925,20,4,4,0.0013732596,0.026678469,0.043203022,0.9287452
s08_0train_r4_t47,8,0train,4,47,2,92698,False,Q13-E005,Q9_SHARED_SOURCE_SESSION_E,loso_s8,all,1|2|3|4|5|6|7|9,1test,20260925,20,2,3,0.0053593437,0.22380583,0.4765081,0.29432666
s08_0train_r4_t48,8,0train,4,48,3,94757,False,Q13-E005,Q9_SHARED_SOURCE_SESSION_E,loso_s8,all,1|2|3|4|5|6|7|9,1test,20260925,20,3,2,0.06277413,0.82308173,0.06133464,0.052809518
s08_0train_r5_t01,8,0train,5,1,3,250,False,Q13-E005,Q9_SHARED_SOURCE_SESSION_E,loso_s8,all,1|2|3|4|5|6|7|9,1test,20260925,20,3,3,0.029344447,0.09661829,0.732798,0.14123924
s08_0train_r5_t02,8,0train,5,2,1,2253,False,Q13-E005,Q9_SHARED_SOURCE_SESSION_E,loso_s8,all,1|2|3|4|5|6|7|9,1test,20260925,20,1,4,0.33322987,0.0874337,0.13419873,0.44513768
s08_0train_r5_t03,8,0train,5,3,4,4171,False,Q13-E005,Q9_SHARED_SOURCE_SESSION_E,loso_s8,all,1|2|3|4|5|6|7|9,1test,20260925,20,4,4,0.008031745,0.33927876,0.05325444,0.5994351
s08_0train_r5_t04,8,0train,5,4,2,6123,False,Q13-E005,Q9_SHARED_SOURCE_SESSION_E,loso_s8,all,1|2|3|4|5|6|7|9,1test,20260925,20,2,2,0.0060941563,0.92383933,0.04747525,0.022591203
s08_0train_r5_t05,8,0train,5,5,4,8131,False,Q13-E005,Q9_SHARED_SOURCE_SESSION_E,loso_s8,all,1|2|3|4|5|6|7|9,1test,20260925,20,4,2,0.0055248826,0.5399097,0.21142,0.24314538
s08_0train_r5_t06,8,0train,5,6,1,10242,False,Q13-E005,Q9_SHARED_SOURCE_SESSION_E,loso_s8,all,1|2|3|4|5|6|7|9,1test,20260925,20,1,2,0.33474633,0.33934164,0.13980749,0.18610455
s08_0train_r5_t07,8,0train,5,7,1,12159,False,Q13-E005,Q9_SHARED_SOURCE_SESSION_E,loso_s8,all,1|2|3|4|5|6|7|9,1test,20260925,20,1,2,0.006341185,0.54278207,0.2203131,0.23056366
s08_0train_r5_t08,8,0train,5,8,3,14209,False,Q13-E005,Q9_SHARED_SOURCE_SESSION_E,loso_s8,all,1|2|3|4|5|6|7|9,1test,20260925,20,3,3,0.0011069243,0.25111893,0.37623242,0.37154177
s08_0train_r5_t09,8,0train,5,9,3,16140,False,Q13-E005,Q9_SHARED_SOURCE_SESSION_E,loso_s8,all,1|2|3|4|5|6|7|9,1test,20260925,20,3,2,0.00039552202,0.6086429,0.3510409,0.039920777
s08_0train_r5_t10,8,0train,5,10,2,18138,True,Q13-E005,Q9_SHARED_SOURCE_SESSION_E,loso_s8,all,1|2|3|4|5|6|7|9,1test,20260925,20,2,2,0.057665206,0.63698566,0.22267583,0.08267329
s08_0train_r5_t11,8,0train,5,11,4,20044,False,Q13-E005,Q9_SHARED_SOURCE_SESSION_E,loso_s8,all,1|2|3|4|5|6|7|9,1test,20260925,20,4,2,0.0010201012,0.4353534,0.1753231,0.3883034
s08_0train_r5_t12,8,0train,5,12,2,21939,False,Q13-E005,Q9_SHARED_SOURCE_SESSION_E,loso_s8,all,1|2|3|4|5|6|7|9,1test,20260925,20,2,2,0.19320744,0.5450037,0.15666181,0.105127
s08_0train_r5_t13,8,0train,5,13,2,23911,False,Q13-E005,Q9_SHARED_SOURCE_SESSION_E,loso_s8,all,1|2|3|4|5|6|7|9,1test,20260925,20,2,2,0.10284886,0.57844895,0.10972701,0.20897517
s08_0train_r5_t14,8,0train,5,14,1,25855,False,Q13-E005,Q9_SHARED_SOURCE_SESSION_E,loso_s8,all,1|2|3|4|5|6|7|9,1test,20260925,20,1,1,0.42623898,0.062193066,0.20946068,0.3021073
s08_0train_r5_t15,8,0train,5,15,2,27822,False,Q13-E005,Q9_SHARED_SOURCE_SESSION_E,loso_s8,all,1|2|3|4|5|6|7|9,1test,20260925,20,2,3,0.006452906,0.29779902,0.41756472,0.2781834
s08_0train_r5_t16,8,0train,5,16,4,29942,True,Q13-E005,Q9_SHARED_SOURCE_SESSION_E,loso_s8,all,1|2|3|4|5|6|7|9,1test,20260925,20,4,4,0.0028608213,0.13090044,0.24923372,0.617005
s08_0train_r5_t17,8,0train,5,17,4,31950,False,Q13-E005,Q9_SHARED_SOURCE_SESSION_E,loso_s8,all,1|2|3|4|5|6|7|9,1test,20260925,20,4,2,0.008702117,0.6941811,0.04585199,0.25126475
s08_0train_r5_t18,8,0train,5,18,2,34016,False,Q13-E005,Q9_SHARED_SOURCE_SESSION_E,loso_s8,all,1|2|3|4|5|6|7|9,1test,20260925,20,2,2,0.00047114986,0.9537343,0.03261905,0.013175591
s08_0train_r5_t19,8,0train,5,19,2,36052,False,Q13-E005,Q9_SHARED_SOURCE_SESSION_E,loso_s8,all,1|2|3|4|5|6|7|9,1test,20260925,20,2,4,0.0002089499,0.16115765,0.23796138,0.60067207
s08_0train_r5_t20,8,0train,5,20,2,38118,False,Q13-E005,Q9_SHARED_SOURCE_SESSION_E,loso_s8,all,1|2|3|4|5|6|7|9,1test,20260925,20,2,2,0.07746298,0.8660505,0.03920595,0.017280633
s08_0train_r5_t21,8,0train,5,21,2,40188,False,Q13-E005,Q9_SHARED_SOURCE_SESSION_E,loso_s8,all,1|2|3|4|5|6|7|9,1test,20260925,20,2,2,0.0577519,0.77421224,0.10976528,0.058270555
s08_0train_r5_t22,8,0train,5,22,4,42268,False,Q13-E005,Q9_SHARED_SOURCE_SESSION_E,loso_s8,all,1|2|3|4|5|6|7|9,1test,20260925,20,4,2,0.010550042,0.59439343,0.13006338,0.2649932
s08_0train_r5_t23,8,0train,5,23,4,44180,False,Q13-E005,Q9_SHARED_SOURCE_SESSION_E,loso_s8,all,1|2|3|4|5|6|7|9,1test,20260925,20,4,2,0.016932448,0.57067454,0.30526534,0.107127644
s08_0train_r5_t24,8,0train,5,24,3,46211,False,Q13-E005,Q9_SHARED_SOURCE_SESSION_E,loso_s8,all,1|2|3|4|5|6|7|9,1test,20260925,20,3,2,0.009632085,0.6851537,0.23140238,0.07381181
s08_0train_r5_t25,8,0train,5,25,4,48164,False,Q13-E005,Q9_SHARED_SOURCE_SESSION_E,loso_s8,all,1|2|3|4|5|6|7|9,1test,20260925,20,4,2,0.33366475,0.34133235,0.041258637,0.28374434
s08_0train_r5_t26,8,0train,5,26,1,50125,False,Q13-E005,Q9_SHARED_SOURCE_SESSION_E,loso_s8,all,1|2|3|4|5|6|7|9,1test,20260925,20,1,1,0.48644635,0.19461271,0.11984675,0.19909422
s08_0train_r5_t27,8,0train,5,27,2,52229,False,Q13-E005,Q9_SHARED_SOURCE_SESSION_E,loso_s8,all,1|2|3|4|5|6|7|9,1test,20260925,20,2,2,0.0019868722,0.6492227,0.28951004,0.059280373
s08_0train_r5_t28,8,0train,5,28,3,54233,False,Q13-E005,Q9_SHARED_SOURCE_SESSION_E,loso_s8,all,1|2|3|4|5|6|7|9,1test,20260925,20,3,3,0.037505314,0.09724346,0.688856,0.17639525
s08_0train_r5_t29,8,0train,5,29,2,56208,False,Q13-E005,Q9_SHARED_SOURCE_SESSION_E,loso_s8,all,1|2|3|4|5|6|7|9,1test,20260925,20,2,2,0.028590834,0.93537974,0.0101269055,0.025902528
s08_0train_r5_t30,8,0train,5,30,1,58234,False,Q13-E005,Q9_SHARED_SOURCE_SESSION_E,loso_s8,all,1|2|3|4|5|6|7|9,1test,20260925,20,1,4,0.09485089,0.19945982,0.29593962,0.40974966
s08_0train_r5_t31,8,0train,5,31,4,60305,False,Q13-E005,Q9_SHARED_SOURCE_SESSION_E,loso_s8,all,1|2|3|4|5|6|7|9,1test,20260925,20,4,2,0.013250608,0.7847571,0.031421877,0.17057039
s08_0train_r5_t32,8,0train,5,32,1,62412,False,Q13-E005,Q9_SHARED_SOURCE_SESSION_E,loso_s8,all,1|2|3|4|5|6|7|9,1test,20260925,20,1,1,0.4600983,0.23495516,0.13753432,0.16741224
s08_0train_r5_t33,8,0train,5,33,4,64504,False,Q13-E005,Q9_SHARED_SOURCE_SESSION_E,loso_s8,all,1|2|3|4|5|6|7|9,1test,20260925,20,4,3,0.0042466945,0.079819396,0.58088434,0.3350495
s08_0train_r5_t34,8,0train,5,34,1,66595,False,Q13-E005,Q9_SHARED_SOURCE_SESSION_E,loso_s8,all,1|2|3|4|5|6|7|9,1test,20260925,20,1,4,0.030703466,0.23908089,0.2596476,0.47056806
s08_0train_r5_t35,8,0train,5,35,1,68638,False,Q13-E005,Q9_SHARED_SOURCE_SESSION_E,loso_s8,all,1|2|3|4|5|6|7|9,1test,20260925,20,1,2,0.034220465,0.59072846,0.059767116,0.31528386
s08_0train_r5_t36,8,0train,5,36,1,70702,False,Q13-E005,Q9_SHARED_SOURCE_SESSION_E,loso_s8,all,1|2|3|4|5|6|7|9,1test,20260925,20,1,4,0.021037262,0.15343978,0.18547997,0.64004296
s08_0train_r5_t37,8,0train,5,37,1,72722,False,Q13-E005,Q9_SHARED_SOURCE_SESSION_E,loso_s8,all,1|2|3|4|5|6|7|9,1test,20260925,20,1,3,0.011452572,0.26534668,0.5827462,0.14045464
s08_0train_r5_t38,8,0train,5,38,3,74694,False,Q13-E005,Q9_SHARED_SOURCE_SESSION_E,loso_s8,all,1|2|3|4|5|6|7|9,1test,20260925,20,3,2,0.07454185,0.4608948,0.26364845,0.20091487
s08_0train_r5_t39,8,0train,5,39,3,76657,False,Q13-E005,Q9_SHARED_SOURCE_SESSION_E,loso_s8,all,1|2|3|4|5|6|7|9,1test,20260925,20,3,4,0.09581535,0.29451668,0.095685266,0.51398265
s08_0train_r5_t40,8,0train,5,40,4,78582,True,Q13-E005,Q9_SHARED_SOURCE_SESSION_E,loso_s8,all,1|2|3|4|5|6|7|9,1test,20260925,20,4,3,0.017617172,0.2315786,0.52292126,0.22788301
s08_0train_r5_t41,8,0train,5,41,2,80663,False,Q13-E005,Q9_SHARED_SOURCE_SESSION_E,loso_s8,all,1|2|3|4|5|6|7|9,1test,20260925,20,2,2,0.20103355,0.7084463,0.03759397,0.052926175
s08_0train_r5_t42,8,0train,5,42,3,82641,False,Q13-E005,Q9_SHARED_SOURCE_SESSION_E,loso_s8,all,1|2|3|4|5|6|7|9,1test,20260925,20,3,4,0.03458303,0.0654008,0.3112972,0.58871895
s08_0train_r5_t43,8,0train,5,43,3,84631,False,Q13-E005,Q9_SHARED_SOURCE_SESSION_E,loso_s8,all,1|2|3|4|5|6|7|9,1test,20260925,20,3,1,0.4234674,0.12337895,0.27411693,0.17903674
s08_0train_r5_t44,8,0train,5,44,3,86750,False,Q13-E005,Q9_SHARED_SOURCE_SESSION_E,loso_s8,all,1|2|3|4|5|6|7|9,1test,20260925,20,3,2,0.0015966406,0.41342992,0.24406852,0.34090492
s08_0train_r5_t45,8,0train,5,45,4,88656,False,Q13-E005,Q9_SHARED_SOURCE_SESSION_E,loso_s8,all,1|2|3|4|5|6|7|9,1test,20260925,20,4,4,0.0050473837,0.28537127,0.23693398,0.47264743
s08_0train_r5_t46,8,0train,5,46,3,90584,False,Q13-E005,Q9_SHARED_SOURCE_SESSION_E,loso_s8,all,1|2|3|4|5|6|7|9,1test,20260925,20,3,3,0.07910013,0.25713623,0.34510982,0.31865376
s08_0train_r5_t47,8,0train,5,47,1,92698,False,Q13-E005,Q9_SHARED_SOURCE_SESSION_E,loso_s8,all,1|2|3|4|5|6|7|9,1test,20260925,20,1,1,0.4499947,0.20593669,0.17521755,0.16885105
s08_0train_r5_t48,8,0train,5,48,3,94757,False,Q13-E005,Q9_SHARED_SOURCE_SESSION_E,loso_s8,all,1|2|3|4|5|6|7|9,1test,20260925,20,3,3,0.003871716,0.36697674,0.52418375,0.10496774
s08_1test_r0_t01,8,1test,0,1,1,250,False,Q13-E005,Q9_SHARED_SOURCE_SESSION_E,loso_s8,all,1|2|3|4|5|6|7|9,1test,20260925,20,1,1,0.5220896,0.19334005,0.1134221,0.1711483
s08_1test_r0_t02,8,1test,0,2,2,2253,False,Q13-E005,Q9_SHARED_SOURCE_SESSION_E,loso_s8,all,1|2|3|4|5|6|7|9,1test,20260925,20,2,2,0.1562589,0.7083151,0.07844006,0.056985926
s08_1test_r0_t03,8,1test,0,3,2,4171,False,Q13-E005,Q9_SHARED_SOURCE_SESSION_E,loso_s8,all,1|2|3|4|5|6|7|9,1test,20260925,20,2,2,0.06121311,0.6107899,0.23527256,0.09272438
s08_1test_r0_t04,8,1test,0,4,1,6123,False,Q13-E005,Q9_SHARED_SOURCE_SESSION_E,loso_s8,all,1|2|3|4|5|6|7|9,1test,20260925,20,1,1,0.4865616,0.016724864,0.21697329,0.27974027
s08_1test_r0_t05,8,1test,0,5,2,8131,False,Q13-E005,Q9_SHARED_SOURCE_SESSION_E,loso_s8,all,1|2|3|4|5|6|7|9,1test,20260925,20,2,2,0.0009487735,0.7833763,0.16510727,0.05056767
s08_1test_r0_t06,8,1test,0,6,1,10242,False,Q13-E005,Q9_SHARED_SOURCE_SESSION_E,loso_s8,all,1|2|3|4|5|6|7|9,1test,20260925,20,1,1,0.36947456,0.06945113,0.2843987,0.2766756
s08_1test_r0_t07,8,1test,0,7,2,12159,False,Q13-E005,Q9_SHARED_SOURCE_SESSION_E,loso_s8,all,1|2|3|4|5|6|7|9,1test,20260925,20,2,2,0.0027364749,0.6323979,0.33177316,0.03309247
s08_1test_r0_t08,8,1test,0,8,3,14209,False,Q13-E005,Q9_SHARED_SOURCE_SESSION_E,loso_s8,all,1|2|3|4|5|6|7|9,1test,20260925,20,3,3,0.13255206,0.21609513,0.5536829,0.09766991
s08_1test_r0_t09,8,1test,0,9,2,16140,False,Q13-E005,Q9_SHARED_SOURCE_SESSION_E,loso_s8,all,1|2|3|4|5|6|7|9,1test,20260925,20,2,2,0.0045671007,0.9582298,0.007107606,0.030095408
s08_1test_r0_t10,8,1test,0,10,4,18138,True,Q13-E005,Q9_SHARED_SOURCE_SESSION_E,loso_s8,all,1|2|3|4|5|6|7|9,1test,20260925,20,4,3,0.036708754,0.3034636,0.5098353,0.14999233
s08_1test_r0_t11,8,1test,0,11,1,20044,False,Q13-E005,Q9_SHARED_SOURCE_SESSION_E,loso_s8,all,1|2|3|4|5|6|7|9,1test,20260925,20,1,3,0.1216191,0.13591708,0.46837896,0.27408484
s08_1test_r0_t12,8,1test,0,12,3,21939,False,Q13-E005,Q9_SHARED_SOURCE_SESSION_E,loso_s8,all,1|2|3|4|5|6|7|9,1test,20260925,20,3,2,0.011179738,0.81800824,0.12182679,0.048985228
s08_1test_r0_t13,8,1test,0,13,2,23911,False,Q13-E005,Q9_SHARED_SOURCE_SESSION_E,loso_s8,all,1|2|3|4|5|6|7|9,1test,20260925,20,2,2,0.0814624,0.80855495,0.053198285,0.05678433
s08_1test_r0_t14,8,1test,0,14,1,25855,False,Q13-E005,Q9_SHARED_SOURCE_SESSION_E,loso_s8,all,1|2|3|4|5|6|7|9,1test,20260925,20,1,4,0.23510021,0.23948222,0.20959783,0.31581968
s08_1test_r0_t15,8,1test,0,15,4,27822,False,Q13-E005,Q9_SHARED_SOURCE_SESSION_E,loso_s8,all,1|2|3|4|5|6|7|9,1test,20260925,20,4,2,0.03209823,0.43726006,0.14284362,0.38779813
s08_1test_r0_t16,8,1test,0,16,4,29942,False,Q13-E005,Q9_SHARED_SOURCE_SESSION_E,loso_s8,all,1|2|3|4|5|6|7|9,1test,20260925,20,4,4,0.0082048485,0.045910023,0.31635934,0.6295257
s08_1test_r0_t17,8,1test,0,17,4,31950,False,Q13-E005,Q9_SHARED_SOURCE_SESSION_E,loso_s8,all,1|2|3|4|5|6|7|9,1test,20260925,20,4,2,0.051335834,0.35295588,0.24301848,0.35268983
s08_1test_r0_t18,8,1test,0,18,4,34016,False,Q13-E005,Q9_SHARED_SOURCE_SESSION_E,loso_s8,all,1|2|3|4|5|6|7|9,1test,20260925,20,4,4,0.00088822225,0.20947869,0.21503964,0.5745935
s08_1test_r0_t19,8,1test,0,19,4,36052,False,Q13-E005,Q9_SHARED_SOURCE_SESSION_E,loso_s8,all,1|2|3|4|5|6|7|9,1test,20260925,20,4,4,0.0012848189,0.041530702,0.06863907,0.8885454
s08_1test_r0_t20,8,1test,0,20,1,38118,True,Q13-E005,Q9_SHARED_SOURCE_SESSION_E,loso_s8,all,1|2|3|4|5|6|7|9,1test,20260925,20,1,1,0.4736944,0.22631605,0.15488295,0.1451066
s08_1test_r0_t21,8,1test,0,21,3,40188,False,Q13-E005,Q9_SHARED_SOURCE_SESSION_E,loso_s8,all,1|2|3|4|5|6|7|9,1test,20260925,20,3,2,0.18115099,0.50254726,0.16580486,0.15049689
s08_1test_r0_t22,8,1test,0,22,2,42268,False,Q13-E005,Q9_SHARED_SOURCE_SESSION_E,loso_s8,all,1|2|3|4|5|6|7|9,1test,20260925,20,2,2,0.040292278,0.60896647,0.28216988,0.06857144
s08_1test_r0_t23,8,1test,0,23,1,44180,False,Q13-E005,Q9_SHARED_SOURCE_SESSION_E,loso_s8,all,1|2|3|4|5|6|7|9,1test,20260925,20,1,3,0.2670623,0.2500278,0.3492803,0.13362959
s08_1test_r0_t24,8,1test,0,24,1,46211,False,Q13-E005,Q9_SHARED_SOURCE_SESSION_E,loso_s8,all,1|2|3|4|5|6|7|9,1test,20260925,20,1,3,0.101646185,0.1322919,0.6188861,0.14717583
s08_1test_r0_t25,8,1test,0,25,3,48164,False,Q13-E005,Q9_SHARED_SOURCE_SESSION_E,loso_s8,all,1|2|3|4|5|6|7|9,1test,20260925,20,3,2,0.016866578,0.54888684,0.20872563,0.22552095
s08_1test_r0_t26,8,1test,0,26,4,50125,False,Q13-E005,Q9_SHARED_SOURCE_SESSION_E,loso_s8,all,1|2|3|4|5|6|7|9,1test,20260925,20,4,4,0.03763533,0.39459035,0.034739356,0.533035
s08_1test_r0_t27,8,1test,0,27,1,52229,False,Q13-E005,Q9_SHARED_SOURCE_SESSION_E,loso_s8,all,1|2|3|4|5|6|7|9,1test,20260925,20,1,1,0.70762825,0.045274086,0.11627829,0.13081934
s08_1test_r0_t28,8,1test,0,28,3,54233,True,Q13-E005,Q9_SHARED_SOURCE_SESSION_E,loso_s8,all,1|2|3|4|5|6|7|9,1test,20260925,20,3,2,0.0041986885,0.5276592,0.16213842,0.30600375
s08_1test_r0_t29,8,1test,0,29,3,56208,False,Q13-E005,Q9_SHARED_SOURCE_SESSION_E,loso_s8,all,1|2|3|4|5|6|7|9,1test,20260925,20,3,3,0.0025323713,0.25314593,0.44470835,0.29961327
s08_1test_r0_t30,8,1test,0,30,3,58234,False,Q13-E005,Q9_SHARED_SOURCE_SESSION_E,loso_s8,all,1|2|3|4|5|6|7|9,1test,20260925,20,3,2,0.05947619,0.39371705,0.2918593,0.25494748
s08_1test_r0_t31,8,1test,0,31,1,60305,False,Q13-E005,Q9_SHARED_SOURCE_SESSION_E,loso_s8,all,1|2|3|4|5|6|7|9,1test,20260925,20,1,1,0.4690124,0.050023407,0.09853658,0.3824276
s08_1test_r0_t32,8,1test,0,32,2,62412,False,Q13-E005,Q9_SHARED_SOURCE_SESSION_E,loso_s8,all,1|2|3|4|5|6|7|9,1test,20260925,20,2,2,0.0017795414,0.72694665,0.19082227,0.080451496
s08_1test_r0_t33,8,1test,0,33,1,64504,False,Q13-E005,Q9_SHARED_SOURCE_SESSION_E,loso_s8,all,1|2|3|4|5|6|7|9,1test,20260925,20,1,3,0.35523945,0.05389497,0.36437437,0.22649115
s08_1test_r0_t34,8,1test,0,34,2,66595,False,Q13-E005,Q9_SHARED_SOURCE_SESSION_E,loso_s8,all,1|2|3|4|5|6|7|9,1test,20260925,20,2,2,0.030864911,0.88560814,0.040247466,0.04327947
s08_1test_r0_t35,8,1test,0,35,2,68638,False,Q13-E005,Q9_SHARED_SOURCE_SESSION_E,loso_s8,all,1|2|3|4|5|6|7|9,1test,20260925,20,2,2,0.022799637,0.6293912,0.0984965,0.24931262
s08_1test_r0_t36,8,1test,0,36,1,70702,False,Q13-E005,Q9_SHARED_SOURCE_SESSION_E,loso_s8,all,1|2|3|4|5|6|7|9,1test,20260925,20,1,4,0.24423404,0.058661513,0.318132,0.37897238
s08_1test_r0_t37,8,1test,0,37,2,72722,False,Q13-E005,Q9_SHARED_SOURCE_SESSION_E,loso_s8,all,1|2|3|4|5|6|7|9,1test,20260925,20,2,2,0.0045509352,0.5670641,0.19784053,0.23054446
s08_1test_r0_t38,8,1test,0,38,3,74694,False,Q13-E005,Q9_SHARED_SOURCE_SESSION_E,loso_s8,all,1|2|3|4|5|6|7|9,1test,20260925,20,3,2,0.20129445,0.3288897,0.32162288,0.14819302
s08_1test_r0_t39,8,1test,0,39,2,76657,False,Q13-E005,Q9_SHARED_SOURCE_SESSION_E,loso_s8,all,1|2|3|4|5|6|7|9,1test,20260925,20,2,2,0.019298771,0.5237852,0.29514238,0.16177368
s08_1test_r0_t40,8,1test,0,40,3,78582,False,Q13-E005,Q9_SHARED_SOURCE_SESSION_E,loso_s8,all,1|2|3|4|5|6|7|9,1test,20260925,20,3,3,0.007779769,0.107151404,0.5044883,0.38058048
s08_1test_r0_t41,8,1test,0,41,3,80663,False,Q13-E005,Q9_SHARED_SOURCE_SESSION_E,loso_s8,all,1|2|3|4|5|6|7|9,1test,20260925,20,3,4,0.007268551,0.06551568,0.2279403,0.6992755
s08_1test_r0_t42,8,1test,0,42,4,82641,False,Q13-E005,Q9_SHARED_SOURCE_SESSION_E,loso_s8,all,1|2|3|4|5|6|7|9,1test,20260925,20,4,4,0.0050900034,0.22020268,0.026817763,0.7478895
s08_1test_r0_t43,8,1test,0,43,3,84631,False,Q13-E005,Q9_SHARED_SOURCE_SESSION_E,loso_s8,all,1|2|3|4|5|6|7|9,1test,20260925,20,3,2,0.010293767,0.52429676,0.24549904,0.21991038
s08_1test_r0_t44,8,1test,0,44,3,86750,False,Q13-E005,Q9_SHARED_SOURCE_SESSION_E,loso_s8,all,1|2|3|4|5|6|7|9,1test,20260925,20,3,4,0.00012669011,0.28229582,0.12550394,0.59207356
s08_1test_r0_t45,8,1test,0,45,4,88656,False,Q13-E005,Q9_SHARED_SOURCE_SESSION_E,loso_s8,all,1|2|3|4|5|6|7|9,1test,20260925,20,4,2,0.024443148,0.57624537,0.054648,0.34466347
s08_1test_r0_t46,8,1test,0,46,4,90584,False,Q13-E005,Q9_SHARED_SOURCE_SESSION_E,loso_s8,all,1|2|3|4|5|6|7|9,1test,20260925,20,4,4,0.0082749035,0.3223843,0.008802761,0.6605381
s08_1test_r0_t47,8,1test,0,47,4,92698,False,Q13-E005,Q9_SHARED_SOURCE_SESSION_E,loso_s8,all,1|2|3|4|5|6|7|9,1test,20260925,20,4,4,0.033443578,0.25472856,0.043356452,0.6684714
s08_1test_r0_t48,8,1test,0,48,4,94757,False,Q13-E005,Q9_SHARED_SOURCE_SESSION_E,loso_s8,all,1|2|3|4|5|6|7|9,1test,20260925,20,4,4,0.013962181,0.149097,0.19968043,0.63726044
s08_1test_r1_t01,8,1test,1,1,4,250,False,Q13-E005,Q9_SHARED_SOURCE_SESSION_E,loso_s8,all,1|2|3|4|5|6|7|9,1test,20260925,20,4,4,0.0044697546,0.27724993,0.11303667,0.6052436
s08_1test_r1_t02,8,1test,1,2,3,2253,False,Q13-E005,Q9_SHARED_SOURCE_SESSION_E,loso_s8,all,1|2|3|4|5|6|7|9,1test,20260925,20,3,2,0.10797116,0.40062246,0.34764153,0.14376493
s08_1test_r1_t03,8,1test,1,3,2,4171,False,Q13-E005,Q9_SHARED_SOURCE_SESSION_E,loso_s8,all,1|2|3|4|5|6|7|9,1test,20260925,20,2,2,0.012087217,0.85095465,0.09803116,0.038926933
s08_1test_r1_t04,8,1test,1,4,1,6123,False,Q13-E005,Q9_SHARED_SOURCE_SESSION_E,loso_s8,all,1|2|3|4|5|6|7|9,1test,20260925,20,1,3,0.031866856,0.02407892,0.6520738,0.29198048
s08_1test_r1_t05,8,1test,1,5,1,8131,False,Q13-E005,Q9_SHARED_SOURCE_SESSION_E,loso_s8,all,1|2|3|4|5|6|7|9,1test,20260925,20,1,4,0.04272284,0.11174414,0.22194852,0.62358445
s08_1test_r1_t06,8,1test,1,6,2,10242,False,Q13-E005,Q9_SHARED_SOURCE_SESSION_E,loso_s8,all,1|2|3|4|5|6|7|9,1test,20260925,20,2,2,0.013137782,0.59619814,0.31083325,0.07983079
s08_1test_r1_t07,8,1test,1,7,3,12159,False,Q13-E005,Q9_SHARED_SOURCE_SESSION_E,loso_s8,all,1|2|3|4|5|6|7|9,1test,20260925,20,3,3,0.004394997,0.17271522,0.555669,0.26722074
s08_1test_r1_t08,8,1test,1,8,4,14209,False,Q13-E005,Q9_SHARED_SOURCE_SESSION_E,loso_s8,all,1|2|3|4|5|6|7|9,1test,20260925,20,4,2,0.005138201,0.4491404,0.25409895,0.2916224
s08_1test_r1_t09,8,1test,1,9,2,16140,False,Q13-E005,Q9_SHARED_SOURCE_SESSION_E,loso_s8,all,1|2|3|4|5|6|7|9,1test,20260925,20,2,3,0.33415437,0.18989119,0.34910387,0.12685058
s08_1test_r1_t10,8,1test,1,10,3,18138,False,Q13-E005,Q9_SHARED_SOURCE_SESSION_E,loso_s8,all,1|2|3|4|5|6|7|9,1test,20260925,20,3,3,0.08768452,0.126127,0.45138824,0.3348003
s08_1test_r1_t11,8,1test,1,11,1,20044,False,Q13-E005,Q9_SHARED_SOURCE_SESSION_E,loso_s8,all,1|2|3|4|5|6|7|9,1test,20260925,20,1,1,0.41126338,0.038372457,0.2960709,0.25429326
s08_1test_r1_t12,8,1test,1,12,1,21939,False,Q13-E005,Q9_SHARED_SOURCE_SESSION_E,loso_s8,all,1|2|3|4|5|6|7|9,1test,20260925,20,1,1,0.4268429,0.24159034,0.18208349,0.14948328
s08_1test_r1_t13,8,1test,1,13,1,23911,False,Q13-E005,Q9_SHARED_SOURCE_SESSION_E,loso_s8,all,1|2|3|4|5|6|7|9,1test,20260925,20,1,4,0.029841628,0.16750963,0.31310853,0.48954025
s08_1test_r1_t14,8,1test,1,14,4,25855,False,Q13-E005,Q9_SHARED_SOURCE_SESSION_E,loso_s8,all,1|2|3|4|5|6|7|9,1test,20260925,20,4,4,0.004139153,0.15249339,0.27170795,0.5716595
s08_1test_r1_t15,8,1test,1,15,2,27822,False,Q13-E005,Q9_SHARED_SOURCE_SESSION_E,loso_s8,all,1|2|3|4|5|6|7|9,1test,20260925,20,2,2,0.004623167,0.82390577,0.083887324,0.087583765
s08_1test_r1_t16,8,1test,1,16,2,29942,False,Q13-E005,Q9_SHARED_SOURCE_SESSION_E,loso_s8,all,1|2|3|4|5|6|7|9,1test,20260925,20,2,2,0.0006932218,0.91133726,0.051833227,0.03613631
s08_1test_r1_t17,8,1test,1,17,1,31950,False,Q13-E005,Q9_SHARED_SOURCE_SESSION_E,loso_s8,all,1|2|3|4|5|6|7|9,1test,20260925,20,1,3,0.01198528,0.116539896,0.8003166,0.07115828
s08_1test_r1_t18,8,1test,1,18,1,34016,False,Q13-E005,Q9_SHARED_SOURCE_SESSION_E,loso_s8,all,1|2|3|4|5|6|7|9,1test,20260925,20,1,3,0.17151293,0.053119656,0.49331167,0.28205577
s08_1test_r1_t19,8,1test,1,19,3,36052,True,Q13-E005,Q9_SHARED_SOURCE_SESSION_E,loso_s8,all,1|2|3|4|5|6|7|9,1test,20260925,20,3,3,0.0015806842,0.07383665,0.64471716,0.27986547
s08_1test_r1_t20,8,1test,1,20,1,38118,False,Q13-E005,Q9_SHARED_SOURCE_SESSION_E,loso_s8,all,1|2|3|4|5|6|7|9,1test,20260925,20,1,4,0.31802952,0.06683928,0.2734338,0.34169742
s08_1test_r1_t21,8,1test,1,21,2,40188,False,Q13-E005,Q9_SHARED_SOURCE_SESSION_E,loso_s8,all,1|2|3|4|5|6|7|9,1test,20260925,20,2,2,0.056854613,0.7346754,0.116405606,0.09206443
s08_1test_r1_t22,8,1test,1,22,4,42268,False,Q13-E005,Q9_SHARED_SOURCE_SESSION_E,loso_s8,all,1|2|3|4|5|6|7|9,1test,20260925,20,4,4,0.06025359,0.27983132,0.098459646,0.5614555
s08_1test_r1_t23,8,1test,1,23,4,44180,False,Q13-E005,Q9_SHARED_SOURCE_SESSION_E,loso_s8,all,1|2|3|4|5|6|7|9,1test,20260925,20,4,4,0.01187352,0.02386897,0.08994342,0.87431407
s08_1test_r1_t24,8,1test,1,24,3,46211,False,Q13-E005,Q9_SHARED_SOURCE_SESSION_E,loso_s8,all,1|2|3|4|5|6|7|9,1test,20260925,20,3,2,0.21845043,0.40509763,0.1795327,0.19691925
s08_1test_r1_t25,8,1test,1,25,1,48164,False,Q13-E005,Q9_SHARED_SOURCE_SESSION_E,loso_s8,all,1|2|3|4|5|6|7|9,1test,20260925,20,1,4,0.1998011,0.07246801,0.25808853,0.4696423
s08_1test_r1_t26,8,1test,1,26,4,50125,False,Q13-E005,Q9_SHARED_SOURCE_SESSION_E,loso_s8,all,1|2|3|4|5|6|7|9,1test,20260925,20,4,4,0.010385329,0.18007472,0.3136853,0.4958547
s08_1test_r1_t27,8,1test,1,27,4,52229,False,Q13-E005,Q9_SHARED_SOURCE_SESSION_E,loso_s8,all,1|2|3|4|5|6|7|9,1test,20260925,20,4,4,0.021836707,0.24267983,0.12662654,0.6088569
s08_1test_r1_t28,8,1test,1,28,2,54233,False,Q13-E005,Q9_SHARED_SOURCE_SESSION_E,loso_s8,all,1|2|3|4|5|6|7|9,1test,20260925,20,2,2,0.065061085,0.8115668,0.04205355,0.081318565
s08_1test_r1_t29,8,1test,1,29,4,56208,False,Q13-E005,Q9_SHARED_SOURCE_SESSION_E,loso_s8,all,1|2|3|4|5|6|7|9,1test,20260925,20,4,4,0.00021228571,0.052747212,0.031830624,0.9152099
s08_1test_r1_t30,8,1test,1,30,4,58234,False,Q13-E005,Q9_SHARED_SOURCE_SESSION_E,loso_s8,all,1|2|3|4|5|6|7|9,1test,20260925,20,4,4,0.06743314,0.054498095,0.35335875,0.52471
s08_1test_r1_t31,8,1test,1,31,2,60305,False,Q13-E005,Q9_SHARED_SOURCE_SESSION_E,loso_s8,all,1|2|3|4|5|6|7|9,1test,20260925,20,2,4,0.0034637563,0.32095966,0.113114774,0.56246185
s08_1test_r1_t32,8,1test,1,32,1,62412,False,Q13-E005,Q9_SHARED_SOURCE_SESSION_E,loso_s8,all,1|2|3|4|5|6|7|9,1test,20260925,20,1,3,0.17810793,0.20156989,0.3587969,0.26152524
s08_1test_r1_t33,8,1test,1,33,2,64504,False,Q13-E005,Q9_SHARED_SOURCE_SESSION_E,loso_s8,all,1|2|3|4|5|6|7|9,1test,20260925,20,2,2,0.0038799625,0.8104954,0.039180495,0.1464441
s08_1test_r1_t34,8,1test,1,34,3,66595,False,Q13-E005,Q9_SHARED_SOURCE_SESSION_E,loso_s8,all,1|2|3|4|5|6|7|9,1test,20260925,20,3,3,0.061302453,0.33673105,0.43571073,0.16625582
s08_1test_r1_t35,8,1test,1,35,3,68638,False,Q13-E005,Q9_SHARED_SOURCE_SESSION_E,loso_s8,all,1|2|3|4|5|6|7|9,1test,20260925,20,3,4,0.0008311318,0.009231491,0.38060662,0.6093308
s08_1test_r1_t36,8,1test,1,36,3,70702,False,Q13-E005,Q9_SHARED_SOURCE_SESSION_E,loso_s8,all,1|2|3|4|5|6|7|9,1test,20260925,20,3,2,0.0014281314,0.5441176,0.16351707,0.29093713
s08_1test_r1_t37,8,1test,1,37,4,72722,False,Q13-E005,Q9_SHARED_SOURCE_SESSION_E,loso_s8,all,1|2|3|4|5|6|7|9,1test,20260925,20,4,4,0.042052228,0.16919272,0.1191951,0.6695599
s08_1test_r1_t38,8,1test,1,38,3,74694,False,Q13-E005,Q9_SHARED_SOURCE_SESSION_E,loso_s8,all,1|2|3|4|5|6|7|9,1test,20260925,20,3,4,0.018584402,0.10682938,0.16704184,0.7075444
s08_1test_r1_t39,8,1test,1,39,1,76657,False,Q13-E005,Q9_SHARED_SOURCE_SESSION_E,loso_s8,all,1|2|3|4|5|6|7|9,1test,20260925,20,1,2,0.17342462,0.29095098,0.2529654,0.28265902
s08_1test_r1_t40,8,1test,1,40,4,78582,False,Q13-E005,Q9_SHARED_SOURCE_SESSION_E,loso_s8,all,1|2|3|4|5|6|7|9,1test,20260925,20,4,3,0.048616923,0.2643016,0.45557243,0.231509
s08_1test_r1_t41,8,1test,1,41,2,80663,False,Q13-E005,Q9_SHARED_SOURCE_SESSION_E,loso_s8,all,1|2|3|4|5|6|7|9,1test,20260925,20,2,2,0.16459665,0.72882473,0.05578106,0.050797522
s08_1test_r1_t42,8,1test,1,42,3,82641,False,Q13-E005,Q9_SHARED_SOURCE_SESSION_E,loso_s8,all,1|2|3|4|5|6|7|9,1test,20260925,20,3,3,0.0007489735,0.028542578,0.60265255,0.36805594
s08_1test_r1_t43,8,1test,1,43,2,84631,True,Q13-E005,Q9_SHARED_SOURCE_SESSION_E,loso_s8,all,1|2|3|4|5|6|7|9,1test,20260925,20,2,4,0.00056233414,0.27402934,0.26507884,0.46032947
s08_1test_r1_t44,8,1test,1,44,3,86750,False,Q13-E005,Q9_SHARED_SOURCE_SESSION_E,loso_s8,all,1|2|3|4|5|6|7|9,1test,20260925,20,3,2,0.0069832182,0.73802453,0.1080739,0.14691837
s08_1test_r1_t45,8,1test,1,45,4,88656,True,Q13-E005,Q9_SHARED_SOURCE_SESSION_E,loso_s8,all,1|2|3|4|5|6|7|9,1test,20260925,20,4,2,0.09158839,0.47456,0.1524449,0.2814067
s08_1test_r1_t46,8,1test,1,46,2,90584,False,Q13-E005,Q9_SHARED_SOURCE_SESSION_E,loso_s8,all,1|2|3|4|5|6|7|9,1test,20260925,20,2,2,0.03520014,0.42351782,0.25492004,0.28636202
s08_1test_r1_t47,8,1test,1,47,3,92698,False,Q13-E005,Q9_SHARED_SOURCE_SESSION_E,loso_s8,all,1|2|3|4|5|6|7|9,1test,20260925,20,3,3,0.0461094,0.25200507,0.3794915,0.3223941
s08_1test_r1_t48,8,1test,1,48,1,94757,False,Q13-E005,Q9_SHARED_SOURCE_SESSION_E,loso_s8,all,1|2|3|4|5|6|7|9,1test,20260925,20,1,2,0.19741069,0.27955925,0.2784159,0.24461414
s08_1test_r2_t01,8,1test,2,1,1,250,False,Q13-E005,Q9_SHARED_SOURCE_SESSION_E,loso_s8,all,1|2|3|4|5|6|7|9,1test,20260925,20,1,3,0.05866132,0.06377575,0.75405306,0.12350985
s08_1test_r2_t02,8,1test,2,2,1,2253,False,Q13-E005,Q9_SHARED_SOURCE_SESSION_E,loso_s8,all,1|2|3|4|5|6|7|9,1test,20260925,20,1,3,0.03528228,0.30919367,0.42825696,0.22726715
s08_1test_r2_t03,8,1test,2,3,4,4171,False,Q13-E005,Q9_SHARED_SOURCE_SESSION_E,loso_s8,all,1|2|3|4|5|6|7|9,1test,20260925,20,4,4,0.007557205,0.024863776,0.041043587,0.9265354
s08_1test_r2_t04,8,1test,2,4,2,6123,False,Q13-E005,Q9_SHARED_SOURCE_SESSION_E,loso_s8,all,1|2|3|4|5|6|7|9,1test,20260925,20,2,2,0.01393477,0.7918755,0.12026209,0.07392766
s08_1test_r2_t05,8,1test,2,5,1,8131,False,Q13-E005,Q9_SHARED_SOURCE_SESSION_E,loso_s8,all,1|2|3|4|5|6|7|9,1test,20260925,20,1,3,0.35907954,0.07986154,0.4635468,0.09751217
s08_1test_r2_t06,8,1test,2,6,3,10242,False,Q13-E005,Q9_SHARED_SOURCE_SESSION_E,loso_s8,all,1|2|3|4|5|6|7|9,1test,20260925,20,3,3,0.043777376,0.202041,0.44902673,0.30515492
s08_1test_r2_t07,8,1test,2,7,1,12159,False,Q13-E005,Q9_SHARED_SOURCE_SESSION_E,loso_s8,all,1|2|3|4|5|6|7|9,1test,20260925,20,1,3,0.028289746,0.048831448,0.6443938,0.27848497
s08_1test_r2_t08,8,1test,2,8,3,14209,False,Q13-E005,Q9_SHARED_SOURCE_SESSION_E,loso_s8,all,1|2|3|4|5|6|7|9,1test,20260925,20,3,3,0.0042677275,0.20014295,0.47613126,0.31945807
s08_1test_r2_t09,8,1test,2,9,2,16140,False,Q13-E005,Q9_SHARED_SOURCE_SESSION_E,loso_s8,all,1|2|3|4|5|6|7|9,1test,20260925,20,2,2,0.006723586,0.82898945,0.088942856,0.07534408
s08_1test_r2_t10,8,1test,2,10,4,18138,False,Q13-E005,Q9_SHARED_SOURCE_SESSION_E,loso_s8,all,1|2|3|4|5|6|7|9,1test,20260925,20,4,2,0.013352929,0.8450187,0.040794138,0.10083422
s08_1test_r2_t11,8,1test,2,11,1,20044,False,Q13-E005,Q9_SHARED_SOURCE_SESSION_E,loso_s8,all,1|2|3|4|5|6|7|9,1test,20260925,20,1,1,0.66113865,0.010973858,0.1828981,0.1449893
s08_1test_r2_t12,8,1test,2,12,3,21939,False,Q13-E005,Q9_SHARED_SOURCE_SESSION_E,loso_s8,all,1|2|3|4|5|6|7|9,1test,20260925,20,3,2,0.01719197,0.4429443,0.32541963,0.21444412
s08_1test_r2_t13,8,1test,2,13,3,23911,False,Q13-E005,Q9_SHARED_SOURCE_SESSION_E,loso_s8,all,1|2|3|4|5|6|7|9,1test,20260925,20,3,1,0.46074095,0.1258257,0.1680361,0.24539727
s08_1test_r2_t14,8,1test,2,14,1,25855,False,Q13-E005,Q9_SHARED_SOURCE_SESSION_E,loso_s8,all,1|2|3|4|5|6|7|9,1test,20260925,20,1,1,0.32760036,0.2034794,0.21783723,0.25108308
s08_1test_r2_t15,8,1test,2,15,3,27822,False,Q13-E005,Q9_SHARED_SOURCE_SESSION_E,loso_s8,all,1|2|3|4|5|6|7|9,1test,20260925,20,3,2,0.005319241,0.55725396,0.22347897,0.21394779
s08_1test_r2_t16,8,1test,2,16,2,29942,False,Q13-E005,Q9_SHARED_SOURCE_SESSION_E,loso_s8,all,1|2|3|4|5|6|7|9,1test,20260925,20,2,2,0.016389666,0.47562245,0.4249277,0.08306019
s08_1test_r2_t17,8,1test,2,17,4,31950,False,Q13-E005,Q9_SHARED_SOURCE_SESSION_E,loso_s8,all,1|2|3|4|5|6|7|9,1test,20260925,20,4,4,0.09582203,0.04759102,0.23810354,0.6184834
s08_1test_r2_t18,8,1test,2,18,4,34016,False,Q13-E005,Q9_SHARED_SOURCE_SESSION_E,loso_s8,all,1|2|3|4|5|6|7|9,1test,20260925,20,4,4,0.011448075,0.03596062,0.38371044,0.5688809
s08_1test_r2_t19,8,1test,2,19,4,36052,False,Q13-E005,Q9_SHARED_SOURCE_SESSION_E,loso_s8,all,1|2|3|4|5|6|7|9,1test,20260925,20,4,4,0.023278255,0.1650475,0.048098486,0.76357573
s08_1test_r2_t20,8,1test,2,20,3,38118,False,Q13-E005,Q9_SHARED_SOURCE_SESSION_E,loso_s8,all,1|2|3|4|5|6|7|9,1test,20260925,20,3,4,0.13052818,0.14127667,0.11021991,0.6179752
s08_1test_r2_t21,8,1test,2,21,1,40188,False,Q13-E005,Q9_SHARED_SOURCE_SESSION_E,loso_s8,all,1|2|3|4|5|6|7|9,1test,20260925,20,1,1,0.5343386,0.0074943593,0.2217873,0.2363797
s08_1test_r2_t22,8,1test,2,22,4,42268,False,Q13-E005,Q9_SHARED_SOURCE_SESSION_E,loso_s8,all,1|2|3|4|5|6|7|9,1test,20260925,20,4,4,0.034569703,0.08494853,0.103291,0.77719074
s08_1test_r2_t23,8,1test,2,23,2,44180,False,Q13-E005,Q9_SHARED_SOURCE_SESSION_E,loso_s8,all,1|2|3|4|5|6|7|9,1test,20260925,20,2,2,0.012204081,0.90995127,0.016377296,0.061467417
s08_1test_r2_t24,8,1test,2,24,4,46211,True,Q13-E005,Q9_SHARED_SOURCE_SESSION_E,loso_s8,all,1|2|3|4|5|6|7|9,1test,20260925,20,4,4,0.018510442,0.17680225,0.13356899,0.6711183
s08_1test_r2_t25,8,1test,2,25,2,48164,False,Q13-E005,Q9_SHARED_SOURCE_SESSION_E,loso_s8,all,1|2|3|4|5|6|7|9,1test,20260925,20,2,2,0.028038586,0.47821006,0.35055256,0.14319868
s08_1test_r2_t26,8,1test,2,26,1,50125,False,Q13-E005,Q9_SHARED_SOURCE_SESSION_E,loso_s8,all,1|2|3|4|5|6|7|9,1test,20260925,20,1,3,0.21218415,0.035983402,0.4020338,0.34979865
s08_1test_r2_t27,8,1test,2,27,3,52229,False,Q13-E005,Q9_SHARED_SOURCE_SESSION_E,loso_s8,all,1|2|3|4|5|6|7|9,1test,20260925,20,3,4,0.04878841,0.19595115,0.2925403,0.4627201
s08_1test_r2_t28,8,1test,2,28,2,54233,False,Q13-E005,Q9_SHARED_SOURCE_SESSION_E,loso_s8,all,1|2|3|4|5|6|7|9,1test,20260925,20,2,2,0.0061979997,0.9313684,0.025078045,0.037355505
s08_1test_r2_t29,8,1test,2,29,1,56208,False,Q13-E005,Q9_SHARED_SOURCE_SESSION_E,loso_s8,all,1|2|3|4|5|6|7|9,1test,20260925,20,1,2,0.10692981,0.3918111,0.15916072,0.3420984
s08_1test_r2_t30,8,1test,2,30,3,58234,False,Q13-E005,Q9_SHARED_SOURCE_SESSION_E,loso_s8,all,1|2|3|4|5|6|7|9,1test,20260925,20,3,2,0.016380394,0.5687377,0.15661408,0.25826782
s08_1test_r2_t31,8,1test,2,31,3,60305,False,Q13-E005,Q9_SHARED_SOURCE_SESSION_E,loso_s8,all,1|2|3|4|5|6|7|9,1test,20260925,20,3,4,0.019023888,0.13588254,0.36254817,0.4825453
s08_1test_r2_t32,8,1test,2,32,1,62412,False,Q13-E005,Q9_SHARED_SOURCE_SESSION_E,loso_s8,all,1|2|3|4|5|6|7|9,1test,20260925,20,1,4,0.21277705,0.07537627,0.18159635,0.5302503
s08_1test_r2_t33,8,1test,2,33,3,64504,False,Q13-E005,Q9_SHARED_SOURCE_SESSION_E,loso_s8,all,1|2|3|4|5|6|7|9,1test,20260925,20,3,3,0.045052115,0.18201412,0.5201509,0.25278288
s08_1test_r2_t34,8,1test,2,34,4,66595,False,Q13-E005,Q9_SHARED_SOURCE_SESSION_E,loso_s8,all,1|2|3|4|5|6|7|9,1test,20260925,20,4,4,0.00411232,0.017524704,0.12245647,0.85590655
s08_1test_r2_t35,8,1test,2,35,4,68638,False,Q13-E005,Q9_SHARED_SOURCE_SESSION_E,loso_s8,all,1|2|3|4|5|6|7|9,1test,20260925,20,4,4,0.050448883,0.109047875,0.12106372,0.71943945
s08_1test_r2_t36,8,1test,2,36,2,70702,False,Q13-E005,Q9_SHARED_SOURCE_SESSION_E,loso_s8,all,1|2|3|4|5|6|7|9,1test,20260925,20,2,2,0.08894181,0.5089446,0.15557735,0.24653624
s08_1test_r2_t37,8,1test,2,37,1,72722,False,Q13-E005,Q9_SHARED_SOURCE_SESSION_E,loso_s8,all,1|2|3|4|5|6|7|9,1test,20260925,20,1,1,0.3895701,0.2031921,0.28863636,0.1186014
s08_1test_r2_t38,8,1test,2,38,2,74694,False,Q13-E005,Q9_SHARED_SOURCE_SESSION_E,loso_s8,all,1|2|3|4|5|6|7|9,1test,20260925,20,2,2,0.040103562,0.6710823,0.20820491,0.08060926
s08_1test_r2_t39,8,1test,2,39,4,76657,False,Q13-E005,Q9_SHARED_SOURCE_SESSION_E,loso_s8,all,1|2|3|4|5|6|7|9,1test,20260925,20,4,4,0.006784577,0.056996062,0.0494411,0.88677824
s08_1test_r2_t40,8,1test,2,40,2,78582,False,Q13-E005,Q9_SHARED_SOURCE_SESSION_E,loso_s8,all,1|2|3|4|5|6|7|9,1test,20260925,20,2,4,0.0030492512,0.37329817,0.08358359,0.5400689
s08_1test_r2_t41,8,1test,2,41,4,80663,False,Q13-E005,Q9_SHARED_SOURCE_SESSION_E,loso_s8,all,1|2|3|4|5|6|7|9,1test,20260925,20,4,4,0.004971206,0.330412,0.058966678,0.6056501
s08_1test_r2_t42,8,1test,2,42,3,82641,False,Q13-E005,Q9_SHARED_SOURCE_SESSION_E,loso_s8,all,1|2|3|4|5|6|7|9,1test,20260925,20,3,3,0.0076953457,0.21090741,0.43674317,0.3446541
s08_1test_r2_t43,8,1test,2,43,2,84631,False,Q13-E005,Q9_SHARED_SOURCE_SESSION_E,loso_s8,all,1|2|3|4|5|6|7|9,1test,20260925,20,2,2,0.086510494,0.5947202,0.18802916,0.13074023
s08_1test_r2_t44,8,1test,2,44,2,86750,False,Q13-E005,Q9_SHARED_SOURCE_SESSION_E,loso_s8,all,1|2|3|4|5|6|7|9,1test,20260925,20,2,2,0.0065128542,0.9012012,0.042876437,0.049409546
s08_1test_r2_t45,8,1test,2,45,2,88656,False,Q13-E005,Q9_SHARED_SOURCE_SESSION_E,loso_s8,all,1|2|3|4|5|6|7|9,1test,20260925,20,2,2,0.013236415,0.76151603,0.019845672,0.20540188
s08_1test_r2_t46,8,1test,2,46,3,90584,False,Q13-E005,Q9_SHARED_SOURCE_SESSION_E,loso_s8,all,1|2|3|4|5|6|7|9,1test,20260925,20,3,3,0.20341337,0.28250998,0.3117211,0.2023556
s08_1test_r2_t47,8,1test,2,47,4,92698,False,Q13-E005,Q9_SHARED_SOURCE_SESSION_E,loso_s8,all,1|2|3|4|5|6|7|9,1test,20260925,20,4,2,0.0047480413,0.45400724,0.14571407,0.3955306
s08_1test_r2_t48,8,1test,2,48,1,94757,False,Q13-E005,Q9_SHARED_SOURCE_SESSION_E,loso_s8,all,1|2|3|4|5|6|7|9,1test,20260925,20,1,1,0.6770451,0.05684605,0.098571226,0.16753763
s08_1test_r3_t01,8,1test,3,1,2,250,False,Q13-E005,Q9_SHARED_SOURCE_SESSION_E,loso_s8,all,1|2|3|4|5|6|7|9,1test,20260925,20,2,1,0.39174265,0.3555013,0.19647363,0.05628235
s08_1test_r3_t02,8,1test,3,2,4,2253,True,Q13-E005,Q9_SHARED_SOURCE_SESSION_E,loso_s8,all,1|2|3|4|5|6|7|9,1test,20260925,20,4,4,0.012518004,0.38777623,0.17006932,0.42963642
s08_1test_r3_t03,8,1test,3,3,1,4171,False,Q13-E005,Q9_SHARED_SOURCE_SESSION_E,loso_s8,all,1|2|3|4|5|6|7|9,1test,20260925,20,1,2,0.05445561,0.609604,0.2356205,0.10031988
s08_1test_r3_t04,8,1test,3,4,3,6123,False,Q13-E005,Q9_SHARED_SOURCE_SESSION_E,loso_s8,all,1|2|3|4|5|6|7|9,1test,20260925,20,3,2,0.0807485,0.58206326,0.21622905,0.120959245
s08_1test_r3_t05,8,1test,3,5,3,8131,False,Q13-E005,Q9_SHARED_SOURCE_SESSION_E,loso_s8,all,1|2|3|4|5|6|7|9,1test,20260925,20,3,3,0.033910118,0.24860531,0.47393352,0.24355112
s08_1test_r3_t06,8,1test,3,6,4,10242,False,Q13-E005,Q9_SHARED_SOURCE_SESSION_E,loso_s8,all,1|2|3|4|5|6|7|9,1test,20260925,20,4,2,0.009179493,0.4735997,0.100675136,0.41654563
s08_1test_r3_t07,8,1test,3,7,1,12159,True,Q13-E005,Q9_SHARED_SOURCE_SESSION_E,loso_s8,all,1|2|3|4|5|6|7|9,1test,20260925,20,1,3,0.038396474,0.23940156,0.6282744,0.093927585
s08_1test_r3_t08,8,1test,3,8,1,14209,False,Q13-E005,Q9_SHARED_SOURCE_SESSION_E,loso_s8,all,1|2|3|4|5|6|7|9,1test,20260925,20,1,1,0.7348619,0.061285518,0.04750897,0.15634364
s08_1test_r3_t09,8,1test,3,9,3,16140,False,Q13-E005,Q9_SHARED_SOURCE_SESSION_E,loso_s8,all,1|2|3|4|5|6|7|9,1test,20260925,20,3,2,0.00073599414,0.46180207,0.38419878,0.15326317
s08_1test_r3_t10,8,1test,3,10,2,18138,False,Q13-E005,Q9_SHARED_SOURCE_SESSION_E,loso_s8,all,1|2|3|4|5|6|7|9,1test,20260925,20,2,2,0.10151939,0.6674122,0.13087611,0.10019235
s08_1test_r3_t11,8,1test,3,11,4,20044,False,Q13-E005,Q9_SHARED_SOURCE_SESSION_E,loso_s8,all,1|2|3|4|5|6|7|9,1test,20260925,20,4,3,0.0030746583,0.34532923,0.3880557,0.26354048
s08_1test_r3_t12,8,1test,3,12,4,21939,False,Q13-E005,Q9_SHARED_SOURCE_SESSION_E,loso_s8,all,1|2|3|4|5|6|7|9,1test,20260925,20,4,4,0.0060339933,0.44783002,0.047501456,0.49863455
s08_1test_r3_t13,8,1test,3,13,4,23911,False,Q13-E005,Q9_SHARED_SOURCE_SESSION_E,loso_s8,all,1|2|3|4|5|6|7|9,1test,20260925,20,4,2,0.0074235727,0.60378325,0.22353728,0.16525593
s08_1test_r3_t14,8,1test,3,14,2,25855,False,Q13-E005,Q9_SHARED_SOURCE_SESSION_E,loso_s8,all,1|2|3|4|5|6|7|9,1test,20260925,20,2,2,0.0091916565,0.79115015,0.14753024,0.052127894
s08_1test_r3_t15,8,1test,3,15,1,27822,False,Q13-E005,Q9_SHARED_SOURCE_SESSION_E,loso_s8,all,1|2|3|4|5|6|7|9,1test,20260925,20,1,4,0.26376098,0.09768336,0.30763274,0.33092293
s08_1test_r3_t16,8,1test,3,16,3,29942,False,Q13-E005,Q9_SHARED_SOURCE_SESSION_E,loso_s8,all,1|2|3|4|5|6|7|9,1test,20260925,20,3,2,0.1280362,0.49330726,0.2934119,0.085244626
s08_1test_r3_t17,8,1test,3,17,2,31950,False,Q13-E005,Q9_SHARED_SOURCE_SESSION_E,loso_s8,all,1|2|3|4|5|6|7|9,1test,20260925,20,2,2,0.00039766234,0.94932353,0.02605949,0.024219317
s08_1test_r3_t18,8,1test,3,18,4,34016,False,Q13-E005,Q9_SHARED_SOURCE_SESSION_E,loso_s8,all,1|2|3|4|5|6|7|9,1test,20260925,20,4,2,0.0096497005,0.41498166,0.23119386,0.3441748
s08_1test_r3_t19,8,1test,3,19,1,36052,False,Q13-E005,Q9_SHARED_SOURCE_SESSION_E,loso_s8,all,1|2|3|4|5|6|7|9,1test,20260925,20,1,1,0.7522962,0.029960252,0.108408466,0.10933512
s08_1test_r3_t20,8,1test,3,20,4,38118,False,Q13-E005,Q9_SHARED_SOURCE_SESSION_E,loso_s8,all,1|2|3|4|5|6|7|9,1test,20260925,20,4,2,0.0031905018,0.67450076,0.2122518,0.110056914
s08_1test_r3_t21,8,1test,3,21,3,40188,False,Q13-E005,Q9_SHARED_SOURCE_SESSION_E,loso_s8,all,1|2|3|4|5|6|7|9,1test,20260925,20,3,1,0.29666075,0.25586852,0.28965616,0.15781458
s08_1test_r3_t22,8,1test,3,22,2,42268,False,Q13-E005,Q9_SHARED_SOURCE_SESSION_E,loso_s8,all,1|2|3|4|5|6|7|9,1test,20260925,20,2,2,0.02663728,0.66397774,0.098560326,0.21082467
s08_1test_r3_t23,8,1test,3,23,4,44180,False,Q13-E005,Q9_SHARED_SOURCE_SESSION_E,loso_s8,all,1|2|3|4|5|6|7|9,1test,20260925,20,4,4,0.041755076,0.09718816,0.34705067,0.51400614
s08_1test_r3_t24,8,1test,3,24,4,46211,False,Q13-E005,Q9_SHARED_SOURCE_SESSION_E,loso_s8,all,1|2|3|4|5|6|7|9,1test,20260925,20,4,4,0.004000744,0.31830126,0.1598242,0.5178738
s08_1test_r3_t25,8,1test,3,25,1,48164,False,Q13-E005,Q9_SHARED_SOURCE_SESSION_E,loso_s8,all,1|2|3|4|5|6|7|9,1test,20260925,20,1,1,0.34489474,0.15737966,0.23518549,0.26254013
s08_1test_r3_t26,8,1test,3,26,2,50125,False,Q13-E005,Q9_SHARED_SOURCE_SESSION_E,loso_s8,all,1|2|3|4|5|6|7|9,1test,20260925,20,2,2,0.0054476988,0.7947458,0.16388905,0.03591752
s08_1test_r3_t27,8,1test,3,27,2,52229,False,Q13-E005,Q9_SHARED_SOURCE_SESSION_E,loso_s8,all,1|2|3|4|5|6|7|9,1test,20260925,20,2,2,0.04254343,0.5326048,0.34662822,0.07822349
s08_1test_r3_t28,8,1test,3,28,3,54233,False,Q13-E005,Q9_SHARED_SOURCE_SESSION_E,loso_s8,all,1|2|3|4|5|6|7|9,1test,20260925,20,3,3,0.1622719,0.34953016,0.36425856,0.12393938
s08_1test_r3_t29,8,1test,3,29,4,56208,False,Q13-E005,Q9_SHARED_SOURCE_SESSION_E,loso_s8,all,1|2|3|4|5|6|7|9,1test,20260925,20,4,2,0.0006440778,0.4249718,0.36814812,0.206236
s08_1test_r3_t30,8,1test,3,30,2,58234,False,Q13-E005,Q9_SHARED_SOURCE_SESSION_E,loso_s8,all,1|2|3|4|5|6|7|9,1test,20260925,20,2,2,0.007918478,0.83205557,0.094286025,0.06573993
s08_1test_r3_t31,8,1test,3,31,1,60305,True,Q13-E005,Q9_SHARED_SOURCE_SESSION_E,loso_s8,all,1|2|3|4|5|6|7|9,1test,20260925,20,1,2,0.060493376,0.6179361,0.23732883,0.08424168
s08_1test_r3_t32,8,1test,3,32,1,62412,False,Q13-E005,Q9_SHARED_SOURCE_SESSION_E,loso_s8,all,1|2|3|4|5|6|7|9,1test,20260925,20,1,4,0.22252536,0.14096786,0.050300702,0.5862061
s08_1test_r3_t33,8,1test,3,33,4,64504,False,Q13-E005,Q9_SHARED_SOURCE_SESSION_E,loso_s8,all,1|2|3|4|5|6|7|9,1test,20260925,20,4,2,0.0018543105,0.42422748,0.20158727,0.37233096
s08_1test_r3_t34,8,1test,3,34,2,66595,False,Q13-E005,Q9_SHARED_SOURCE_SESSION_E,loso_s8,all,1|2|3|4|5|6|7|9,1test,20260925,20,2,2,0.010301747,0.9055351,0.04713091,0.03703225
s08_1test_r3_t35,8,1test,3,35,1,68638,False,Q13-E005,Q9_SHARED_SOURCE_SESSION_E,loso_s8,all,1|2|3|4|5|6|7|9,1test,20260925,20,1,1,0.47731453,0.102518134,0.21047866,0.20968868
s08_1test_r3_t36,8,1test,3,36,3,70702,False,Q13-E005,Q9_SHARED_SOURCE_SESSION_E,loso_s8,all,1|2|3|4|5|6|7|9,1test,20260925,20,3,2,0.020971859,0.60423696,0.22831778,0.14647344
s08_1test_r3_t37,8,1test,3,37,2,72722,False,Q13-E005,Q9_SHARED_SOURCE_SESSION_E,loso_s8,all,1|2|3|4|5|6|7|9,1test,20260925,20,2,2,0.0036315653,0.90937006,0.057746433,0.029251933
s08_1test_r3_t38,8,1test,3,38,2,74694,False,Q13-E005,Q9_SHARED_SOURCE_SESSION_E,loso_s8,all,1|2|3|4|5|6|7|9,1test,20260925,20,2,2,0.030342842,0.67936784,0.08741164,0.20287767
s08_1test_r3_t39,8,1test,3,39,3,76657,False,Q13-E005,Q9_SHARED_SOURCE_SESSION_E,loso_s8,all,1|2|3|4|5|6|7|9,1test,20260925,20,3,3,0.10070404,0.19635148,0.6235903,0.07935424
s08_1test_r3_t40,8,1test,3,40,1,78582,False,Q13-E005,Q9_SHARED_SOURCE_SESSION_E,loso_s8,all,1|2|3|4|5|6|7|9,1test,20260925,20,1,3,0.026892213,0.012643621,0.76500154,0.19546264
s08_1test_r3_t41,8,1test,3,41,4,80663,False,Q13-E005,Q9_SHARED_SOURCE_SESSION_E,loso_s8,all,1|2|3|4|5|6|7|9,1test,20260925,20,4,2,0.055974104,0.6435946,0.0779448,0.22248647
s08_1test_r3_t42,8,1test,3,42,3,82641,False,Q13-E005,Q9_SHARED_SOURCE_SESSION_E,loso_s8,all,1|2|3|4|5|6|7|9,1test,20260925,20,3,3,0.053531766,0.23943977,0.52406406,0.18296438
s08_1test_r3_t43,8,1test,3,43,3,84631,False,Q13-E005,Q9_SHARED_SOURCE_SESSION_E,loso_s8,all,1|2|3|4|5|6|7|9,1test,20260925,20,3,2,0.036004398,0.4340671,0.33931243,0.19061612
s08_1test_r3_t44,8,1test,3,44,3,86750,False,Q13-E005,Q9_SHARED_SOURCE_SESSION_E,loso_s8,all,1|2|3|4|5|6|7|9,1test,20260925,20,3,3,0.037718795,0.28856745,0.36313716,0.31057653
s08_1test_r3_t45,8,1test,3,45,3,88656,False,Q13-E005,Q9_SHARED_SOURCE_SESSION_E,loso_s8,all,1|2|3|4|5|6|7|9,1test,20260925,20,3,4,0.019813554,0.102027066,0.35120943,0.52694994
s08_1test_r3_t46,8,1test,3,46,1,90584,False,Q13-E005,Q9_SHARED_SOURCE_SESSION_E,loso_s8,all,1|2|3|4|5|6|7|9,1test,20260925,20,1,4,0.22482008,0.06804372,0.31450844,0.39262775
s08_1test_r3_t47,8,1test,3,47,2,92698,False,Q13-E005,Q9_SHARED_SOURCE_SESSION_E,loso_s8,all,1|2|3|4|5|6|7|9,1test,20260925,20,2,2,0.0074640736,0.90934896,0.056915816,0.026271079
s08_1test_r3_t48,8,1test,3,48,1,94757,False,Q13-E005,Q9_SHARED_SOURCE_SESSION_E,loso_s8,all,1|2|3|4|5|6|7|9,1test,20260925,20,1,4,0.21317554,0.09935659,0.2902728,0.3971951
s08_1test_r4_t01,8,1test,4,1,2,250,False,Q13-E005,Q9_SHARED_SOURCE_SESSION_E,loso_s8,all,1|2|3|4|5|6|7|9,1test,20260925,20,2,2,0.0012973098,0.93419313,0.050668884,0.013840636
s08_1test_r4_t02,8,1test,4,2,1,2253,False,Q13-E005,Q9_SHARED_SOURCE_SESSION_E,loso_s8,all,1|2|3|4|5|6|7|9,1test,20260925,20,1,1,0.4079464,0.012741511,0.361308,0.21800403
s08_1test_r4_t03,8,1test,4,3,1,4171,False,Q13-E005,Q9_SHARED_SOURCE_SESSION_E,loso_s8,all,1|2|3|4|5|6|7|9,1test,20260925,20,1,3,0.041660216,0.11049255,0.5564457,0.29140154
s08_1test_r4_t04,8,1test,4,4,3,6123,False,Q13-E005,Q9_SHARED_SOURCE_SESSION_E,loso_s8,all,1|2|3|4|5|6|7|9,1test,20260925,20,3,3,0.02349361,0.43677697,0.47693232,0.06279709
s08_1test_r4_t05,8,1test,4,5,3,8131,False,Q13-E005,Q9_SHARED_SOURCE_SESSION_E,loso_s8,all,1|2|3|4|5|6|7|9,1test,20260925,20,3,3,0.0030021588,0.24572611,0.5116711,0.23960055
s08_1test_r4_t06,8,1test,4,6,2,10242,False,Q13-E005,Q9_SHARED_SOURCE_SESSION_E,loso_s8,all,1|2|3|4|5|6|7|9,1test,20260925,20,2,2,0.07380118,0.4339552,0.41084942,0.081394225
s08_1test_r4_t07,8,1test,4,7,3,12159,False,Q13-E005,Q9_SHARED_SOURCE_SESSION_E,loso_s8,all,1|2|3|4|5|6|7|9,1test,20260925,20,3,1,0.5945134,0.039742686,0.27081951,0.094924405
s08_1test_r4_t08,8,1test,4,8,4,14209,False,Q13-E005,Q9_SHARED_SOURCE_SESSION_E,loso_s8,all,1|2|3|4|5|6|7|9,1test,20260925,20,4,2,0.025328694,0.5836399,0.012711392,0.37831998
s08_1test_r4_t09,8,1test,4,9,1,16140,False,Q13-E005,Q9_SHARED_SOURCE_SESSION_E,loso_s8,all,1|2|3|4|5|6|7|9,1test,20260925,20,1,1,0.76342535,0.035566326,0.11643714,0.084571145
s08_1test_r4_t10,8,1test,4,10,4,18138,False,Q13-E005,Q9_SHARED_SOURCE_SESSION_E,loso_s8,all,1|2|3|4|5|6|7|9,1test,20260925,20,4,3,0.010247933,0.19306849,0.41826162,0.37842196
s08_1test_r4_t11,8,1test,4,11,1,20044,False,Q13-E005,Q9_SHARED_SOURCE_SESSION_E,loso_s8,all,1|2|3|4|5|6|7|9,1test,20260925,20,1,3,0.19432022,0.0662371,0.51753944,0.22190325
s08_1test_r4_t12,8,1test,4,12,1,21939,False,Q13-E005,Q9_SHARED_SOURCE_SESSION_E,loso_s8,all,1|2|3|4|5|6|7|9,1test,20260925,20,1,1,0.41191378,0.12511851,0.21226452,0.2507032
s08_1test_r4_t13,8,1test,4,13,2,23911,False,Q13-E005,Q9_SHARED_SOURCE_SESSION_E,loso_s8,all,1|2|3|4|5|6|7|9,1test,20260925,20,2,2,0.0024957228,0.8676452,0.054729383,0.075129725
s08_1test_r4_t14,8,1test,4,14,4,25855,False,Q13-E005,Q9_SHARED_SOURCE_SESSION_E,loso_s8,all,1|2|3|4|5|6|7|9,1test,20260925,20,4,4,0.0009154332,0.06296468,0.12551194,0.81060797
s08_1test_r4_t15,8,1test,4,15,3,27822,False,Q13-E005,Q9_SHARED_SOURCE_SESSION_E,loso_s8,all,1|2|3|4|5|6|7|9,1test,20260925,20,3,2,0.036373876,0.67680347,0.20145637,0.085366316
s08_1test_r4_t16,8,1test,4,16,2,29942,False,Q13-E005,Q9_SHARED_SOURCE_SESSION_E,loso_s8,all,1|2|3|4|5|6|7|9,1test,20260925,20,2,2,0.0062142,0.5315145,0.25963172,0.20263956
s08_1test_r4_t17,8,1test,4,17,4,31950,False,Q13-E005,Q9_SHARED_SOURCE_SESSION_E,loso_s8,all,1|2|3|4|5|6|7|9,1test,20260925,20,4,4,0.00090336386,0.046885505,0.13647415,0.81573695
s08_1test_r4_t18,8,1test,4,18,3,34016,False,Q13-E005,Q9_SHARED_SOURCE_SESSION_E,loso_s8,all,1|2|3|4|5|6|7|9,1test,20260925,20,3,3,0.006587672,0.19526248,0.5449058,0.25324404
s08_1test_r4_t19,8,1test,4,19,4,36052,False,Q13-E005,Q9_SHARED_SOURCE_SESSION_E,loso_s8,all,1|2|3|4|5|6|7|9,1test,20260925,20,4,4,0.05142315,0.16838658,0.08857119,0.6916191
s08_1test_r4_t20,8,1test,4,20,3,38118,False,Q13-E005,Q9_SHARED_SOURCE_SESSION_E,loso_s8,all,1|2|3|4|5|6|7|9,1test,20260925,20,3,3,0.030448815,0.38938707,0.4943441,0.08582004
s08_1test_r4_t21,8,1test,4,21,4,40188,False,Q13-E005,Q9_SHARED_SOURCE_SESSION_E,loso_s8,all,1|2|3|4|5|6|7|9,1test,20260925,20,4,2,0.017522955,0.5039308,0.02323501,0.4553112
s08_1test_r4_t22,8,1test,4,22,2,42268,False,Q13-E005,Q9_SHARED_SOURCE_SESSION_E,loso_s8,all,1|2|3|4|5|6|7|9,1test,20260925,20,2,2,0.0065053864,0.8375473,0.13484333,0.021103987
s08_1test_r4_t23,8,1test,4,23,2,44180,True,Q13-E005,Q9_SHARED_SOURCE_SESSION_E,loso_s8,all,1|2|3|4|5|6|7|9,1test,20260925,20,2,2,0.0063085193,0.6432554,0.14200805,0.208428
s08_1test_r4_t24,8,1test,4,24,4,46211,False,Q13-E005,Q9_SHARED_SOURCE_SESSION_E,loso_s8,all,1|2|3|4|5|6|7|9,1test,20260925,20,4,4,0.017683607,0.3506535,0.17133588,0.46032706
s08_1test_r4_t25,8,1test,4,25,1,48164,False,Q13-E005,Q9_SHARED_SOURCE_SESSION_E,loso_s8,all,1|2|3|4|5|6|7|9,1test,20260925,20,1,1,0.47962058,0.1637965,0.21518463,0.14139834
s08_1test_r4_t26,8,1test,4,26,2,50125,False,Q13-E005,Q9_SHARED_SOURCE_SESSION_E,loso_s8,all,1|2|3|4|5|6|7|9,1test,20260925,20,2,2,0.080448434,0.7812809,0.07405007,0.06422061
s08_1test_r4_t27,8,1test,4,27,2,52229,False,Q13-E005,Q9_SHARED_SOURCE_SESSION_E,loso_s8,all,1|2|3|4|5|6|7|9,1test,20260925,20,2,4,0.019093629,0.20019445,0.38030753,0.40040442
s08_1test_r4_t28,8,1test,4,28,2,54233,False,Q13-E005,Q9_SHARED_SOURCE_SESSION_E,loso_s8,all,1|2|3|4|5|6|7|9,1test,20260925,20,2,4,0.051535945,0.18296044,0.23355296,0.53195065
s08_1test_r4_t29,8,1test,4,29,3,56208,False,Q13-E005,Q9_SHARED_SOURCE_SESSION_E,loso_s8,all,1|2|3|4|5|6|7|9,1test,20260925,20,3,3,0.005602524,0.15956357,0.4585556,0.37627828
s08_1test_r4_t30,8,1test,4,30,4,58234,False,Q13-E005,Q9_SHARED_SOURCE_SESSION_E,loso_s8,all,1|2|3|4|5|6|7|9,1test,20260925,20,4,3,0.0020030874,0.17470606,0.47361445,0.3496765
s08_1test_r4_t31,8,1test,4,31,1,60305,False,Q13-E005,Q9_SHARED_SOURCE_SESSION_E,loso_s8,all,1|2|3|4|5|6|7|9,1test,20260925,20,1,1,0.7599862,0.02674084,0.13815837,0.07511453
s08_1test_r4_t32,8,1test,4,32,4,62412,False,Q13-E005,Q9_SHARED_SOURCE_SESSION_E,loso_s8,all,1|2|3|4|5|6|7|9,1test,20260925,20,4,4,0.05820629,0.06744515,0.013807609,0.8605409
s08_1test_r4_t33,8,1test,4,33,1,64504,False,Q13-E005,Q9_SHARED_SOURCE_SESSION_E,loso_s8,all,1|2|3|4|5|6|7|9,1test,20260925,20,1,3,0.08534088,0.15436448,0.4817356,0.27855912
s08_1test_r4_t34,8,1test,4,34,3,66595,False,Q13-E005,Q9_SHARED_SOURCE_SESSION_E,loso_s8,all,1|2|3|4|5|6|7|9,1test,20260925,20,3,3,0.008746745,0.32500038,0.48412794,0.18212491
s08_1test_r4_t35,8,1test,4,35,1,68638,False,Q13-E005,Q9_SHARED_SOURCE_SESSION_E,loso_s8,all,1|2|3|4|5|6|7|9,1test,20260925,20,1,2,0.19493675,0.3388164,0.20685178,0.259395
s08_1test_r4_t36,8,1test,4,36,4,70702,False,Q13-E005,Q9_SHARED_SOURCE_SESSION_E,loso_s8,all,1|2|3|4|5|6|7|9,1test,20260925,20,4,4,0.012679327,0.4025054,0.13877174,0.44604358
s08_1test_r4_t37,8,1test,4,37,1,72722,False,Q13-E005,Q9_SHARED_SOURCE_SESSION_E,loso_s8,all,1|2|3|4|5|6|7|9,1test,20260925,20,1,1,0.35315982,0.27957004,0.2545004,0.112769686
s08_1test_r4_t38,8,1test,4,38,3,74694,False,Q13-E005,Q9_SHARED_SOURCE_SESSION_E,loso_s8,all,1|2|3|4|5|6|7|9,1test,20260925,20,3,2,0.008912186,0.4934956,0.25616646,0.2414257
s08_1test_r4_t39,8,1test,4,39,1,76657,False,Q13-E005,Q9_SHARED_SOURCE_SESSION_E,loso_s8,all,1|2|3|4|5|6|7|9,1test,20260925,20,1,2,0.28338265,0.41904324,0.13174151,0.1658326
s08_1test_r4_t40,8,1test,4,40,2,78582,False,Q13-E005,Q9_SHARED_SOURCE_SESSION_E,loso_s8,all,1|2|3|4|5|6|7|9,1test,20260925,20,2,2,0.031640865,0.7436399,0.10478625,0.119933
s08_1test_r4_t41,8,1test,4,41,3,80663,False,Q13-E005,Q9_SHARED_SOURCE_SESSION_E,loso_s8,all,1|2|3|4|5|6|7|9,1test,20260925,20,3,3,0.021501886,0.32636446,0.48817235,0.16396134
s08_1test_r4_t42,8,1test,4,42,3,82641,False,Q13-E005,Q9_SHARED_SOURCE_SESSION_E,loso_s8,all,1|2|3|4|5|6|7|9,1test,20260925,20,3,3,0.0008261992,0.2215776,0.453398,0.32419816
s08_1test_r4_t43,8,1test,4,43,4,84631,False,Q13-E005,Q9_SHARED_SOURCE_SESSION_E,loso_s8,all,1|2|3|4|5|6|7|9,1test,20260925,20,4,2,0.015101332,0.62196654,0.16659975,0.1963323
s08_1test_r4_t44,8,1test,4,44,1,86750,False,Q13-E005,Q9_SHARED_SOURCE_SESSION_E,loso_s8,all,1|2|3|4|5|6|7|9,1test,20260925,20,1,1,0.48716614,0.12451211,0.104806595,0.2835152
s08_1test_r4_t45,8,1test,4,45,2,88656,False,Q13-E005,Q9_SHARED_SOURCE_SESSION_E,loso_s8,all,1|2|3|4|5|6|7|9,1test,20260925,20,2,2,0.0028658167,0.880394,0.083304815,0.033435307
s08_1test_r4_t46,8,1test,4,46,4,90584,False,Q13-E005,Q9_SHARED_SOURCE_SESSION_E,loso_s8,all,1|2|3|4|5|6|7|9,1test,20260925,20,4,4,0.051327854,0.36859018,0.03899465,0.5410873
s08_1test_r4_t47,8,1test,4,47,2,92698,False,Q13-E005,Q9_SHARED_SOURCE_SESSION_E,loso_s8,all,1|2|3|4|5|6|7|9,1test,20260925,20,2,2,0.02081301,0.42587724,0.38948315,0.16382663
s08_1test_r4_t48,8,1test,4,48,3,94757,False,Q13-E005,Q9_SHARED_SOURCE_SESSION_E,loso_s8,all,1|2|3|4|5|6|7|9,1test,20260925,20,3,1,0.38901106,0.06527574,0.37215877,0.17355447
s08_1test_r5_t01,8,1test,5,1,3,250,False,Q13-E005,Q9_SHARED_SOURCE_SESSION_E,loso_s8,all,1|2|3|4|5|6|7|9,1test,20260925,20,3,1,0.49403712,0.12355872,0.20312938,0.17927478
s08_1test_r5_t02,8,1test,5,2,1,2253,True,Q13-E005,Q9_SHARED_SOURCE_SESSION_E,loso_s8,all,1|2|3|4|5|6|7|9,1test,20260925,20,1,3,0.1064223,0.15286508,0.55052704,0.19018556
s08_1test_r5_t03,8,1test,5,3,4,4171,False,Q13-E005,Q9_SHARED_SOURCE_SESSION_E,loso_s8,all,1|2|3|4|5|6|7|9,1test,20260925,20,4,4,0.0009565573,0.009834947,0.14885807,0.8403504
s08_1test_r5_t04,8,1test,5,4,2,6123,False,Q13-E005,Q9_SHARED_SOURCE_SESSION_E,loso_s8,all,1|2|3|4|5|6|7|9,1test,20260925,20,2,2,0.05738874,0.79646015,0.06914245,0.07700863
s08_1test_r5_t05,8,1test,5,5,4,8131,False,Q13-E005,Q9_SHARED_SOURCE_SESSION_E,loso_s8,all,1|2|3|4|5|6|7|9,1test,20260925,20,4,4,0.009351331,0.042647254,0.04562561,0.90237576
s08_1test_r5_t06,8,1test,5,6,1,10242,False,Q13-E005,Q9_SHARED_SOURCE_SESSION_E,loso_s8,all,1|2|3|4|5|6|7|9,1test,20260925,20,1,1,0.4146273,0.04418378,0.3522144,0.18897453
s08_1test_r5_t07,8,1test,5,7,1,12159,True,Q13-E005,Q9_SHARED_SOURCE_SESSION_E,loso_s8,all,1|2|3|4|5|6|7|9,1test,20260925,20,1,1,0.6954098,0.014290807,0.0609211,0.22937825
s08_1test_r5_t08,8,1test,5,8,3,14209,False,Q13-E005,Q9_SHARED_SOURCE_SESSION_E,loso_s8,all,1|2|3|4|5|6|7|9,1test,20260925,20,3,3,0.0014788065,0.31760862,0.6276665,0.053246144
s08_1test_r5_t09,8,1test,5,9,3,16140,False,Q13-E005,Q9_SHARED_SOURCE_SESSION_E,loso_s8,all,1|2|3|4|5|6|7|9,1test,20260925,20,3,4,0.0003709658,0.24708451,0.3029869,0.4495576
s08_1test_r5_t10,8,1test,5,10,2,18138,False,Q13-E005,Q9_SHARED_SOURCE_SESSION_E,loso_s8,all,1|2|3|4|5|6|7|9,1test,20260925,20,2,2,0.045508306,0.5571032,0.25488007,0.14250837
s08_1test_r5_t11,8,1test,5,11,4,20044,False,Q13-E005,Q9_SHARED_SOURCE_SESSION_E,loso_s8,all,1|2|3|4|5|6|7|9,1test,20260925,20,4,4,0.0693933,0.064975895,0.19125365,0.67437714
s08_1test_r5_t12,8,1test,5,12,2,21939,True,Q13-E005,Q9_SHARED_SOURCE_SESSION_E,loso_s8,all,1|2|3|4|5|6|7|9,1test,20260925,20,2,3,0.026678424,0.37135875,0.4452847,0.15667808
s08_1test_r5_t13,8,1test,5,13,2,23911,False,Q13-E005,Q9_SHARED_SOURCE_SESSION_E,loso_s8,all,1|2|3|4|5|6|7|9,1test,20260925,20,2,3,0.028920842,0.22512178,0.5474013,0.19855607
s08_1test_r5_t14,8,1test,5,14,1,25855,False,Q13-E005,Q9_SHARED_SOURCE_SESSION_E,loso_s8,all,1|2|3|4|5|6|7|9,1test,20260925,20,1,1,0.6352153,0.02641608,0.053420637,0.28494802
s08_1test_r5_t15,8,1test,5,15,2,27822,False,Q13-E005,Q9_SHARED_SOURCE_SESSION_E,loso_s8,all,1|2|3|4|5|6|7|9,1test,20260925,20,2,2,0.0054886905,0.6375004,0.24529475,0.111716196
s08_1test_r5_t16,8,1test,5,16,4,29942,False,Q13-E005,Q9_SHARED_SOURCE_SESSION_E,loso_s8,all,1|2|3|4|5|6|7|9,1test,20260925,20,4,4,0.008254393,0.023324156,0.08100361,0.8874178
s08_1test_r5_t17,8,1test,5,17,4,31950,False,Q13-E005,Q9_SHARED_SOURCE_SESSION_E,loso_s8,all,1|2|3|4|5|6|7|9,1test,20260925,20,4,4,0.08493861,0.06267494,0.019236723,0.83314973
s08_1test_r5_t18,8,1test,5,18,2,34016,False,Q13-E005,Q9_SHARED_SOURCE_SESSION_E,loso_s8,all,1|2|3|4|5|6|7|9,1test,20260925,20,2,2,0.006315676,0.8703988,0.08736095,0.035924565
s08_1test_r5_t19,8,1test,5,19,2,36052,True,Q13-E005,Q9_SHARED_SOURCE_SESSION_E,loso_s8,all,1|2|3|4|5|6|7|9,1test,20260925,20,2,2,0.020669034,0.6332653,0.14288701,0.20317864
s08_1test_r5_t20,8,1test,5,20,2,38118,False,Q13-E005,Q9_SHARED_SOURCE_SESSION_E,loso_s8,all,1|2|3|4|5|6|7|9,1test,20260925,20,2,2,0.014060786,0.6401157,0.20120968,0.1446138
s08_1test_r5_t21,8,1test,5,21,2,40188,False,Q13-E005,Q9_SHARED_SOURCE_SESSION_E,loso_s8,all,1|2|3|4|5|6|7|9,1test,20260925,20,2,2,0.004132529,0.54250145,0.18797058,0.2653954
s08_1test_r5_t22,8,1test,5,22,4,42268,False,Q13-E005,Q9_SHARED_SOURCE_SESSION_E,loso_s8,all,1|2|3|4|5|6|7|9,1test,20260925,20,4,4,0.33066636,0.030660134,0.11945512,0.51921844
s08_1test_r5_t23,8,1test,5,23,4,44180,False,Q13-E005,Q9_SHARED_SOURCE_SESSION_E,loso_s8,all,1|2|3|4|5|6|7|9,1test,20260925,20,4,4,0.0060372725,0.068718605,0.36372346,0.5615207
s08_1test_r5_t24,8,1test,5,24,3,46211,False,Q13-E005,Q9_SHARED_SOURCE_SESSION_E,loso_s8,all,1|2|3|4|5|6|7|9,1test,20260925,20,3,2,0.034504127,0.42628074,0.295164,0.24405107
s08_1test_r5_t25,8,1test,5,25,4,48164,False,Q13-E005,Q9_SHARED_SOURCE_SESSION_E,loso_s8,all,1|2|3|4|5|6|7|9,1test,20260925,20,4,2,0.021695383,0.54081184,0.20599404,0.23149878
s08_1test_r5_t26,8,1test,5,26,1,50125,False,Q13-E005,Q9_SHARED_SOURCE_SESSION_E,loso_s8,all,1|2|3|4|5|6|7|9,1test,20260925,20,1,1,0.49137887,0.006211078,0.061189108,0.44122097
s08_1test_r5_t27,8,1test,5,27,2,52229,False,Q13-E005,Q9_SHARED_SOURCE_SESSION_E,loso_s8,all,1|2|3|4|5|6|7|9,1test,20260925,20,2,2,0.09930012,0.4688846,0.31026697,0.121548265
s08_1test_r5_t28,8,1test,5,28,3,54233,False,Q13-E005,Q9_SHARED_SOURCE_SESSION_E,loso_s8,all,1|2|3|4|5|6|7|9,1test,20260925,20,3,2,0.01341142,0.78090006,0.10464401,0.1010446
s08_1test_r5_t29,8,1test,5,29,2,56208,False,Q13-E005,Q9_SHARED_SOURCE_SESSION_E,loso_s8,all,1|2|3|4|5|6|7|9,1test,20260925,20,2,2,0.043529034,0.7075976,0.15821466,0.09065864
s08_1test_r5_t30,8,1test,5,30,1,58234,False,Q13-E005,Q9_SHARED_SOURCE_SESSION_E,loso_s8,all,1|2|3|4|5|6|7|9,1test,20260925,20,1,1,0.71862274,0.0114317695,0.1133374,0.15660815
s08_1test_r5_t31,8,1test,5,31,4,60305,False,Q13-E005,Q9_SHARED_SOURCE_SESSION_E,loso_s8,all,1|2|3|4|5|6|7|9,1test,20260925,20,4,4,0.0025847168,0.1831296,0.04817631,0.76610935
s08_1test_r5_t32,8,1test,5,32,1,62412,False,Q13-E005,Q9_SHARED_SOURCE_SESSION_E,loso_s8,all,1|2|3|4|5|6|7|9,1test,20260925,20,1,3,0.08195524,0.07200929,0.4984227,0.3476127
s08_1test_r5_t33,8,1test,5,33,4,64504,False,Q13-E005,Q9_SHARED_SOURCE_SESSION_E,loso_s8,all,1|2|3|4|5|6|7|9,1test,20260925,20,4,4,0.02202317,0.22677371,0.36423928,0.3869638
s08_1test_r5_t34,8,1test,5,34,1,66595,False,Q13-E005,Q9_SHARED_SOURCE_SESSION_E,loso_s8,all,1|2|3|4|5|6|7|9,1test,20260925,20,1,4,0.13709739,0.21563701,0.21461996,0.43264565
s08_1test_r5_t35,8,1test,5,35,1,68638,False,Q13-E005,Q9_SHARED_SOURCE_SESSION_E,loso_s8,all,1|2|3|4|5|6|7|9,1test,20260925,20,1,4,0.031235332,0.07688891,0.41132304,0.48055267
s08_1test_r5_t36,8,1test,5,36,1,70702,False,Q13-E005,Q9_SHARED_SOURCE_SESSION_E,loso_s8,all,1|2|3|4|5|6|7|9,1test,20260925,20,1,1,0.5266963,0.11689126,0.042262793,0.31414965
s08_1test_r5_t37,8,1test,5,37,1,72722,True,Q13-E005,Q9_SHARED_SOURCE_SESSION_E,loso_s8,all,1|2|3|4|5|6|7|9,1test,20260925,20,1,3,0.02640636,0.029732678,0.58856267,0.3552983
s08_1test_r5_t38,8,1test,5,38,3,74694,False,Q13-E005,Q9_SHARED_SOURCE_SESSION_E,loso_s8,all,1|2|3|4|5|6|7|9,1test,20260925,20,3,2,0.08271176,0.53391033,0.3029983,0.0803796
s08_1test_r5_t39,8,1test,5,39,3,76657,False,Q13-E005,Q9_SHARED_SOURCE_SESSION_E,loso_s8,all,1|2|3|4|5|6|7|9,1test,20260925,20,3,3,0.0027341153,0.2926877,0.40113613,0.30344206
s08_1test_r5_t40,8,1test,5,40,4,78582,False,Q13-E005,Q9_SHARED_SOURCE_SESSION_E,loso_s8,all,1|2|3|4|5|6|7|9,1test,20260925,20,4,4,0.024431389,0.08997415,0.2517522,0.63384223
s08_1test_r5_t41,8,1test,5,41,2,80663,False,Q13-E005,Q9_SHARED_SOURCE_SESSION_E,loso_s8,all,1|2|3|4|5|6|7|9,1test,20260925,20,2,2,0.026106786,0.78550243,0.15250872,0.035882074
s08_1test_r5_t42,8,1test,5,42,3,82641,False,Q13-E005,Q9_SHARED_SOURCE_SESSION_E,loso_s8,all,1|2|3|4|5|6|7|9,1test,20260925,20,3,2,0.11438844,0.34630892,0.201473,0.33782965
s08_1test_r5_t43,8,1test,5,43,3,84631,False,Q13-E005,Q9_SHARED_SOURCE_SESSION_E,loso_s8,all,1|2|3|4|5|6|7|9,1test,20260925,20,3,4,0.0004122372,0.12677489,0.26353356,0.60927933
s08_1test_r5_t44,8,1test,5,44,3,86750,False,Q13-E005,Q9_SHARED_SOURCE_SESSION_E,loso_s8,all,1|2|3|4|5|6|7|9,1test,20260925,20,3,3,0.0005162685,0.019671448,0.6771705,0.3026418
s08_1test_r5_t45,8,1test,5,45,4,88656,False,Q13-E005,Q9_SHARED_SOURCE_SESSION_E,loso_s8,all,1|2|3|4|5|6|7|9,1test,20260925,20,4,4,0.0726996,0.23486257,0.011152578,0.68128526
s08_1test_r5_t46,8,1test,5,46,3,90584,True,Q13-E005,Q9_SHARED_SOURCE_SESSION_E,loso_s8,all,1|2|3|4|5|6|7|9,1test,20260925,20,3,2,0.012908723,0.8023698,0.13583332,0.048888177
s08_1test_r5_t47,8,1test,5,47,1,92698,False,Q13-E005,Q9_SHARED_SOURCE_SESSION_E,loso_s8,all,1|2|3|4|5|6|7|9,1test,20260925,20,1,3,0.11456254,0.062335346,0.42964762,0.39345446
s08_1test_r5_t48,8,1test,5,48,3,94757,False,Q13-E005,Q9_SHARED_SOURCE_SESSION_E,loso_s8,all,1|2|3|4|5|6|7|9,1test,20260925,20,3,3,0.0036148352,0.033856567,0.68962353,0.27290505
