sample_id,subject,session,run,label,file_id,raw_sha256,cue_sample_native,dataset,experiment_id,model,seed,p_left,p_right,predicted_label
s43_1_offline_train_t001,43,1,offline_train,1,session1/s43/sess01_subj43_EEG_MI.mat,9eb5a1323741e92a7ee13296ce745a1bbe8d43c8fdb1dc75883f350b598e5142,296832,Lee2019_MI,Q15-E007,BROAD_EEGNET,20260924,0.4988180696964264,0.501181960105896,2
s43_1_offline_train_t002,43,1,offline_train,2,session1/s43/sess01_subj43_EEG_MI.mat,9eb5a1323741e92a7ee13296ce745a1bbe8d43c8fdb1dc75883f350b598e5142,308248,Lee2019_MI,Q15-E007,BROAD_EEGNET,20260924,0.5460608601570129,0.45393913984298706,1
s43_1_offline_train_t003,43,1,offline_train,1,session1/s43/sess01_subj43_EEG_MI.mat,9eb5a1323741e92a7ee13296ce745a1bbe8d43c8fdb1dc75883f350b598e5142,318931,Lee2019_MI,Q15-E007,BROAD_EEGNET,20260924,0.8130916357040405,0.18690834939479828,1
s43_1_offline_train_t004,43,1,offline_train,1,session1/s43/sess01_subj43_EEG_MI.mat,9eb5a1323741e92a7ee13296ce745a1bbe8d43c8fdb1dc75883f350b598e5142,330364,Lee2019_MI,Q15-E007,BROAD_EEGNET,20260924,0.5785103440284729,0.4214896261692047,1
s43_1_offline_train_t005,43,1,offline_train,2,session1/s43/sess01_subj43_EEG_MI.mat,9eb5a1323741e92a7ee13296ce745a1bbe8d43c8fdb1dc75883f350b598e5142,341497,Lee2019_MI,Q15-E007,BROAD_EEGNET,20260924,0.29853132367134094,0.7014686465263367,2
s43_1_offline_train_t006,43,1,offline_train,2,session1/s43/sess01_subj43_EEG_MI.mat,9eb5a1323741e92a7ee13296ce745a1bbe8d43c8fdb1dc75883f350b598e5142,352181,Lee2019_MI,Q15-E007,BROAD_EEGNET,20260924,0.7595363259315491,0.24046362936496735,1
s43_1_offline_train_t007,43,1,offline_train,1,session1/s43/sess01_subj43_EEG_MI.mat,9eb5a1323741e92a7ee13296ce745a1bbe8d43c8fdb1dc75883f350b598e5142,363047,Lee2019_MI,Q15-E007,BROAD_EEGNET,20260924,0.7009203433990479,0.29907965660095215,1
s43_1_offline_train_t008,43,1,offline_train,2,session1/s43/sess01_subj43_EEG_MI.mat,9eb5a1323741e92a7ee13296ce745a1bbe8d43c8fdb1dc75883f350b598e5142,374113,Lee2019_MI,Q15-E007,BROAD_EEGNET,20260924,0.38625264167785645,0.6137473583221436,2
s43_1_offline_train_t009,43,1,offline_train,1,session1/s43/sess01_subj43_EEG_MI.mat,9eb5a1323741e92a7ee13296ce745a1bbe8d43c8fdb1dc75883f350b598e5142,385630,Lee2019_MI,Q15-E007,BROAD_EEGNET,20260924,0.575592577457428,0.424407422542572,1
s43_1_offline_train_t010,43,1,offline_train,1,session1/s43/sess01_subj43_EEG_MI.mat,9eb5a1323741e92a7ee13296ce745a1bbe8d43c8fdb1dc75883f350b598e5142,397146,Lee2019_MI,Q15-E007,BROAD_EEGNET,20260924,0.6535825729370117,0.3464173972606659,1
s43_1_offline_train_t011,43,1,offline_train,2,session1/s43/sess01_subj43_EEG_MI.mat,9eb5a1323741e92a7ee13296ce745a1bbe8d43c8fdb1dc75883f350b598e5142,407813,Lee2019_MI,Q15-E007,BROAD_EEGNET,20260924,0.3889470398426056,0.611052930355072,2
s43_1_offline_train_t012,43,1,offline_train,2,session1/s43/sess01_subj43_EEG_MI.mat,9eb5a1323741e92a7ee13296ce745a1bbe8d43c8fdb1dc75883f350b598e5142,419346,Lee2019_MI,Q15-E007,BROAD_EEGNET,20260924,0.2671327590942383,0.7328672409057617,2
s43_1_offline_train_t013,43,1,offline_train,1,session1/s43/sess01_subj43_EEG_MI.mat,9eb5a1323741e92a7ee13296ce745a1bbe8d43c8fdb1dc75883f350b598e5142,430862,Lee2019_MI,Q15-E007,BROAD_EEGNET,20260924,0.4941396117210388,0.5058603882789612,2
s43_1_offline_train_t014,43,1,offline_train,1,session1/s43/sess01_subj43_EEG_MI.mat,9eb5a1323741e92a7ee13296ce745a1bbe8d43c8fdb1dc75883f350b598e5142,441912,Lee2019_MI,Q15-E007,BROAD_EEGNET,20260924,0.7555870413780212,0.24441295862197876,1
s43_1_offline_train_t015,43,1,offline_train,2,session1/s43/sess01_subj43_EEG_MI.mat,9eb5a1323741e92a7ee13296ce745a1bbe8d43c8fdb1dc75883f350b598e5142,453245,Lee2019_MI,Q15-E007,BROAD_EEGNET,20260924,0.5429325699806213,0.4570674002170563,1
s43_1_offline_train_t016,43,1,offline_train,1,session1/s43/sess01_subj43_EEG_MI.mat,9eb5a1323741e92a7ee13296ce745a1bbe8d43c8fdb1dc75883f350b598e5142,463911,Lee2019_MI,Q15-E007,BROAD_EEGNET,20260924,0.5877249240875244,0.4122750759124756,1
s43_1_offline_train_t017,43,1,offline_train,1,session1/s43/sess01_subj43_EEG_MI.mat,9eb5a1323741e92a7ee13296ce745a1bbe8d43c8fdb1dc75883f350b598e5142,474878,Lee2019_MI,Q15-E007,BROAD_EEGNET,20260924,0.6722992062568665,0.32770082354545593,1
s43_1_offline_train_t018,43,1,offline_train,1,session1/s43/sess01_subj43_EEG_MI.mat,9eb5a1323741e92a7ee13296ce745a1bbe8d43c8fdb1dc75883f350b598e5142,486394,Lee2019_MI,Q15-E007,BROAD_EEGNET,20260924,0.4524531364440918,0.5475468039512634,2
s43_1_offline_train_t019,43,1,offline_train,1,session1/s43/sess01_subj43_EEG_MI.mat,9eb5a1323741e92a7ee13296ce745a1bbe8d43c8fdb1dc75883f350b598e5142,497726,Lee2019_MI,Q15-E007,BROAD_EEGNET,20260924,0.6154438853263855,0.3845561146736145,1
s43_1_offline_train_t020,43,1,offline_train,2,session1/s43/sess01_subj43_EEG_MI.mat,9eb5a1323741e92a7ee13296ce745a1bbe8d43c8fdb1dc75883f350b598e5142,509244,Lee2019_MI,Q15-E007,BROAD_EEGNET,20260924,0.09401801973581314,0.9059820175170898,2
s43_1_offline_train_t021,43,1,offline_train,2,session1/s43/sess01_subj43_EEG_MI.mat,9eb5a1323741e92a7ee13296ce745a1bbe8d43c8fdb1dc75883f350b598e5142,520477,Lee2019_MI,Q15-E007,BROAD_EEGNET,20260924,0.5623688697814941,0.43763116002082825,1
s43_1_offline_train_t022,43,1,offline_train,1,session1/s43/sess01_subj43_EEG_MI.mat,9eb5a1323741e92a7ee13296ce745a1bbe8d43c8fdb1dc75883f350b598e5142,531077,Lee2019_MI,Q15-E007,BROAD_EEGNET,20260924,0.5199205875396729,0.48007944226264954,1
s43_1_offline_train_t023,43,1,offline_train,2,session1/s43/sess01_subj43_EEG_MI.mat,9eb5a1323741e92a7ee13296ce745a1bbe8d43c8fdb1dc75883f350b598e5142,542493,Lee2019_MI,Q15-E007,BROAD_EEGNET,20260924,0.464293509721756,0.5357064604759216,2
s43_1_offline_train_t024,43,1,offline_train,2,session1/s43/sess01_subj43_EEG_MI.mat,9eb5a1323741e92a7ee13296ce745a1bbe8d43c8fdb1dc75883f350b598e5142,554009,Lee2019_MI,Q15-E007,BROAD_EEGNET,20260924,0.3457331955432892,0.6542667746543884,2
s43_1_offline_train_t025,43,1,offline_train,2,session1/s43/sess01_subj43_EEG_MI.mat,9eb5a1323741e92a7ee13296ce745a1bbe8d43c8fdb1dc75883f350b598e5142,565242,Lee2019_MI,Q15-E007,BROAD_EEGNET,20260924,0.4383523464202881,0.5616476535797119,2
s43_1_offline_train_t026,43,1,offline_train,1,session1/s43/sess01_subj43_EEG_MI.mat,9eb5a1323741e92a7ee13296ce745a1bbe8d43c8fdb1dc75883f350b598e5142,576575,Lee2019_MI,Q15-E007,BROAD_EEGNET,20260924,0.9665339589118958,0.03346603363752365,1
s43_1_offline_train_t027,43,1,offline_train,2,session1/s43/sess01_subj43_EEG_MI.mat,9eb5a1323741e92a7ee13296ce745a1bbe8d43c8fdb1dc75883f350b598e5142,587909,Lee2019_MI,Q15-E007,BROAD_EEGNET,20260924,0.7482280731201172,0.2517718970775604,1
s43_1_offline_train_t028,43,1,offline_train,1,session1/s43/sess01_subj43_EEG_MI.mat,9eb5a1323741e92a7ee13296ce745a1bbe8d43c8fdb1dc75883f350b598e5142,598875,Lee2019_MI,Q15-E007,BROAD_EEGNET,20260924,0.5857236981391907,0.4142763316631317,1
s43_1_offline_train_t029,43,1,offline_train,1,session1/s43/sess01_subj43_EEG_MI.mat,9eb5a1323741e92a7ee13296ce745a1bbe8d43c8fdb1dc75883f350b598e5142,610107,Lee2019_MI,Q15-E007,BROAD_EEGNET,20260924,0.5090259909629822,0.4909740388393402,1
s43_1_offline_train_t030,43,1,offline_train,2,session1/s43/sess01_subj43_EEG_MI.mat,9eb5a1323741e92a7ee13296ce745a1bbe8d43c8fdb1dc75883f350b598e5142,620791,Lee2019_MI,Q15-E007,BROAD_EEGNET,20260924,0.30120840668678284,0.6987916231155396,2
s43_1_offline_train_t031,43,1,offline_train,1,session1/s43/sess01_subj43_EEG_MI.mat,9eb5a1323741e92a7ee13296ce745a1bbe8d43c8fdb1dc75883f350b598e5142,632024,Lee2019_MI,Q15-E007,BROAD_EEGNET,20260924,0.9329694509506226,0.06703051924705505,1
s43_1_offline_train_t032,43,1,offline_train,2,session1/s43/sess01_subj43_EEG_MI.mat,9eb5a1323741e92a7ee13296ce745a1bbe8d43c8fdb1dc75883f350b598e5142,642624,Lee2019_MI,Q15-E007,BROAD_EEGNET,20260924,0.10086490958929062,0.8991350531578064,2
s43_1_offline_train_t033,43,1,offline_train,1,session1/s43/sess01_subj43_EEG_MI.mat,9eb5a1323741e92a7ee13296ce745a1bbe8d43c8fdb1dc75883f350b598e5142,653490,Lee2019_MI,Q15-E007,BROAD_EEGNET,20260924,0.5850899815559387,0.41491007804870605,1
s43_1_offline_train_t034,43,1,offline_train,2,session1/s43/sess01_subj43_EEG_MI.mat,9eb5a1323741e92a7ee13296ce745a1bbe8d43c8fdb1dc75883f350b598e5142,664074,Lee2019_MI,Q15-E007,BROAD_EEGNET,20260924,0.4167850911617279,0.5832148790359497,2
s43_1_offline_train_t035,43,1,offline_train,2,session1/s43/sess01_subj43_EEG_MI.mat,9eb5a1323741e92a7ee13296ce745a1bbe8d43c8fdb1dc75883f350b598e5142,674757,Lee2019_MI,Q15-E007,BROAD_EEGNET,20260924,0.35087400674819946,0.6491259336471558,2
s43_1_offline_train_t036,43,1,offline_train,1,session1/s43/sess01_subj43_EEG_MI.mat,9eb5a1323741e92a7ee13296ce745a1bbe8d43c8fdb1dc75883f350b598e5142,686090,Lee2019_MI,Q15-E007,BROAD_EEGNET,20260924,0.7288685441017151,0.27113139629364014,1
s43_1_offline_train_t037,43,1,offline_train,1,session1/s43/sess01_subj43_EEG_MI.mat,9eb5a1323741e92a7ee13296ce745a1bbe8d43c8fdb1dc75883f350b598e5142,697323,Lee2019_MI,Q15-E007,BROAD_EEGNET,20260924,0.574395477771759,0.42560455203056335,1
s43_1_offline_train_t038,43,1,offline_train,2,session1/s43/sess01_subj43_EEG_MI.mat,9eb5a1323741e92a7ee13296ce745a1bbe8d43c8fdb1dc75883f350b598e5142,708189,Lee2019_MI,Q15-E007,BROAD_EEGNET,20260924,0.8545734882354736,0.14542646706104279,1
s43_1_offline_train_t039,43,1,offline_train,1,session1/s43/sess01_subj43_EEG_MI.mat,9eb5a1323741e92a7ee13296ce745a1bbe8d43c8fdb1dc75883f350b598e5142,719705,Lee2019_MI,Q15-E007,BROAD_EEGNET,20260924,0.7958475947380066,0.20415237545967102,1
s43_1_offline_train_t040,43,1,offline_train,1,session1/s43/sess01_subj43_EEG_MI.mat,9eb5a1323741e92a7ee13296ce745a1bbe8d43c8fdb1dc75883f350b598e5142,730289,Lee2019_MI,Q15-E007,BROAD_EEGNET,20260924,0.49586981534957886,0.5041301846504211,2
s43_1_offline_train_t041,43,1,offline_train,1,session1/s43/sess01_subj43_EEG_MI.mat,9eb5a1323741e92a7ee13296ce745a1bbe8d43c8fdb1dc75883f350b598e5142,741254,Lee2019_MI,Q15-E007,BROAD_EEGNET,20260924,0.3946090638637543,0.6053909659385681,2
s43_1_offline_train_t042,43,1,offline_train,1,session1/s43/sess01_subj43_EEG_MI.mat,9eb5a1323741e92a7ee13296ce745a1bbe8d43c8fdb1dc75883f350b598e5142,752205,Lee2019_MI,Q15-E007,BROAD_EEGNET,20260924,0.6733649969100952,0.3266350030899048,1
s43_1_offline_train_t043,43,1,offline_train,2,session1/s43/sess01_subj43_EEG_MI.mat,9eb5a1323741e92a7ee13296ce745a1bbe8d43c8fdb1dc75883f350b598e5142,763538,Lee2019_MI,Q15-E007,BROAD_EEGNET,20260924,0.6345663666725159,0.3654336929321289,1
s43_1_offline_train_t044,43,1,offline_train,1,session1/s43/sess01_subj43_EEG_MI.mat,9eb5a1323741e92a7ee13296ce745a1bbe8d43c8fdb1dc75883f350b598e5142,774871,Lee2019_MI,Q15-E007,BROAD_EEGNET,20260924,0.8428090810775757,0.15719087421894073,1
s43_1_offline_train_t045,43,1,offline_train,2,session1/s43/sess01_subj43_EEG_MI.mat,9eb5a1323741e92a7ee13296ce745a1bbe8d43c8fdb1dc75883f350b598e5142,785654,Lee2019_MI,Q15-E007,BROAD_EEGNET,20260924,0.6550542712211609,0.3449457585811615,1
s43_1_offline_train_t046,43,1,offline_train,1,session1/s43/sess01_subj43_EEG_MI.mat,9eb5a1323741e92a7ee13296ce745a1bbe8d43c8fdb1dc75883f350b598e5142,796704,Lee2019_MI,Q15-E007,BROAD_EEGNET,20260924,0.7950884103775024,0.20491161942481995,1
s43_1_offline_train_t047,43,1,offline_train,1,session1/s43/sess01_subj43_EEG_MI.mat,9eb5a1323741e92a7ee13296ce745a1bbe8d43c8fdb1dc75883f350b598e5142,807653,Lee2019_MI,Q15-E007,BROAD_EEGNET,20260924,0.7056827545166016,0.2943172752857208,1
s43_1_offline_train_t048,43,1,offline_train,1,session1/s43/sess01_subj43_EEG_MI.mat,9eb5a1323741e92a7ee13296ce745a1bbe8d43c8fdb1dc75883f350b598e5142,818803,Lee2019_MI,Q15-E007,BROAD_EEGNET,20260924,0.7660754919052124,0.2339244931936264,1
s43_1_offline_train_t049,43,1,offline_train,2,session1/s43/sess01_subj43_EEG_MI.mat,9eb5a1323741e92a7ee13296ce745a1bbe8d43c8fdb1dc75883f350b598e5142,830036,Lee2019_MI,Q15-E007,BROAD_EEGNET,20260924,0.6593635678291321,0.3406364619731903,1
s43_1_offline_train_t050,43,1,offline_train,1,session1/s43/sess01_subj43_EEG_MI.mat,9eb5a1323741e92a7ee13296ce745a1bbe8d43c8fdb1dc75883f350b598e5142,951534,Lee2019_MI,Q15-E007,BROAD_EEGNET,20260924,0.7553384304046631,0.24466156959533691,1
s43_1_offline_train_t051,43,1,offline_train,1,session1/s43/sess01_subj43_EEG_MI.mat,9eb5a1323741e92a7ee13296ce745a1bbe8d43c8fdb1dc75883f350b598e5142,962400,Lee2019_MI,Q15-E007,BROAD_EEGNET,20260924,0.3920072317123413,0.6079927682876587,2
s43_1_offline_train_t052,43,1,offline_train,1,session1/s43/sess01_subj43_EEG_MI.mat,9eb5a1323741e92a7ee13296ce745a1bbe8d43c8fdb1dc75883f350b598e5142,973633,Lee2019_MI,Q15-E007,BROAD_EEGNET,20260924,0.35736122727394104,0.6426387429237366,2
s43_1_offline_train_t053,43,1,offline_train,1,session1/s43/sess01_subj43_EEG_MI.mat,9eb5a1323741e92a7ee13296ce745a1bbe8d43c8fdb1dc75883f350b598e5142,984866,Lee2019_MI,Q15-E007,BROAD_EEGNET,20260924,0.40656498074531555,0.5934350490570068,2
s43_1_offline_train_t054,43,1,offline_train,2,session1/s43/sess01_subj43_EEG_MI.mat,9eb5a1323741e92a7ee13296ce745a1bbe8d43c8fdb1dc75883f350b598e5142,995549,Lee2019_MI,Q15-E007,BROAD_EEGNET,20260924,0.769739031791687,0.230260968208313,1
s43_1_offline_train_t055,43,1,offline_train,1,session1/s43/sess01_subj43_EEG_MI.mat,9eb5a1323741e92a7ee13296ce745a1bbe8d43c8fdb1dc75883f350b598e5142,1006232,Lee2019_MI,Q15-E007,BROAD_EEGNET,20260924,0.5666695833206177,0.43333038687705994,1
s43_1_offline_train_t056,43,1,offline_train,1,session1/s43/sess01_subj43_EEG_MI.mat,9eb5a1323741e92a7ee13296ce745a1bbe8d43c8fdb1dc75883f350b598e5142,1017282,Lee2019_MI,Q15-E007,BROAD_EEGNET,20260924,0.7574657201766968,0.24253429472446442,1
s43_1_offline_train_t057,43,1,offline_train,2,session1/s43/sess01_subj43_EEG_MI.mat,9eb5a1323741e92a7ee13296ce745a1bbe8d43c8fdb1dc75883f350b598e5142,1028797,Lee2019_MI,Q15-E007,BROAD_EEGNET,20260924,0.5257033705711365,0.4742966294288635,1
s43_1_offline_train_t058,43,1,offline_train,2,session1/s43/sess01_subj43_EEG_MI.mat,9eb5a1323741e92a7ee13296ce745a1bbe8d43c8fdb1dc75883f350b598e5142,1039665,Lee2019_MI,Q15-E007,BROAD_EEGNET,20260924,0.6460420489311218,0.3539579212665558,1
s43_1_offline_train_t059,43,1,offline_train,1,session1/s43/sess01_subj43_EEG_MI.mat,9eb5a1323741e92a7ee13296ce745a1bbe8d43c8fdb1dc75883f350b598e5142,1050814,Lee2019_MI,Q15-E007,BROAD_EEGNET,20260924,0.6469371914863586,0.35306280851364136,1
s43_1_offline_train_t060,43,1,offline_train,1,session1/s43/sess01_subj43_EEG_MI.mat,9eb5a1323741e92a7ee13296ce745a1bbe8d43c8fdb1dc75883f350b598e5142,1061581,Lee2019_MI,Q15-E007,BROAD_EEGNET,20260924,0.4662494659423828,0.5337505340576172,2
s43_1_offline_train_t061,43,1,offline_train,2,session1/s43/sess01_subj43_EEG_MI.mat,9eb5a1323741e92a7ee13296ce745a1bbe8d43c8fdb1dc75883f350b598e5142,1072914,Lee2019_MI,Q15-E007,BROAD_EEGNET,20260924,0.6367731094360352,0.3632269501686096,1
s43_1_offline_train_t062,43,1,offline_train,2,session1/s43/sess01_subj43_EEG_MI.mat,9eb5a1323741e92a7ee13296ce745a1bbe8d43c8fdb1dc75883f350b598e5142,1083697,Lee2019_MI,Q15-E007,BROAD_EEGNET,20260924,0.7429870367050171,0.2570129632949829,1
s43_1_offline_train_t063,43,1,offline_train,1,session1/s43/sess01_subj43_EEG_MI.mat,9eb5a1323741e92a7ee13296ce745a1bbe8d43c8fdb1dc75883f350b598e5142,1094747,Lee2019_MI,Q15-E007,BROAD_EEGNET,20260924,0.8259304165840149,0.17406952381134033,1
s43_1_offline_train_t064,43,1,offline_train,2,session1/s43/sess01_subj43_EEG_MI.mat,9eb5a1323741e92a7ee13296ce745a1bbe8d43c8fdb1dc75883f350b598e5142,1105980,Lee2019_MI,Q15-E007,BROAD_EEGNET,20260924,0.6510239839553833,0.3489760756492615,1
s43_1_offline_train_t065,43,1,offline_train,2,session1/s43/sess01_subj43_EEG_MI.mat,9eb5a1323741e92a7ee13296ce745a1bbe8d43c8fdb1dc75883f350b598e5142,1117413,Lee2019_MI,Q15-E007,BROAD_EEGNET,20260924,0.6866627931594849,0.31333717703819275,1
s43_1_offline_train_t066,43,1,offline_train,2,session1/s43/sess01_subj43_EEG_MI.mat,9eb5a1323741e92a7ee13296ce745a1bbe8d43c8fdb1dc75883f350b598e5142,1128929,Lee2019_MI,Q15-E007,BROAD_EEGNET,20260924,0.8080558776855469,0.1919441819190979,1
s43_1_offline_train_t067,43,1,offline_train,2,session1/s43/sess01_subj43_EEG_MI.mat,9eb5a1323741e92a7ee13296ce745a1bbe8d43c8fdb1dc75883f350b598e5142,1140078,Lee2019_MI,Q15-E007,BROAD_EEGNET,20260924,0.48688387870788574,0.5131161212921143,2
s43_1_offline_train_t068,43,1,offline_train,1,session1/s43/sess01_subj43_EEG_MI.mat,9eb5a1323741e92a7ee13296ce745a1bbe8d43c8fdb1dc75883f350b598e5142,1150746,Lee2019_MI,Q15-E007,BROAD_EEGNET,20260924,0.7519925236701965,0.24800747632980347,1
s43_1_offline_train_t069,43,1,offline_train,1,session1/s43/sess01_subj43_EEG_MI.mat,9eb5a1323741e92a7ee13296ce745a1bbe8d43c8fdb1dc75883f350b598e5142,1161428,Lee2019_MI,Q15-E007,BROAD_EEGNET,20260924,0.6620515584945679,0.33794841170310974,1
s43_1_offline_train_t070,43,1,offline_train,2,session1/s43/sess01_subj43_EEG_MI.mat,9eb5a1323741e92a7ee13296ce745a1bbe8d43c8fdb1dc75883f350b598e5142,1172212,Lee2019_MI,Q15-E007,BROAD_EEGNET,20260924,0.34119895100593567,0.6588010787963867,2
s43_1_offline_train_t071,43,1,offline_train,1,session1/s43/sess01_subj43_EEG_MI.mat,9eb5a1323741e92a7ee13296ce745a1bbe8d43c8fdb1dc75883f350b598e5142,1183627,Lee2019_MI,Q15-E007,BROAD_EEGNET,20260924,0.8974631428718567,0.10253677517175674,1
s43_1_offline_train_t072,43,1,offline_train,2,session1/s43/sess01_subj43_EEG_MI.mat,9eb5a1323741e92a7ee13296ce745a1bbe8d43c8fdb1dc75883f350b598e5142,1194411,Lee2019_MI,Q15-E007,BROAD_EEGNET,20260924,0.6710129380226135,0.3289870321750641,1
s43_1_offline_train_t073,43,1,offline_train,2,session1/s43/sess01_subj43_EEG_MI.mat,9eb5a1323741e92a7ee13296ce745a1bbe8d43c8fdb1dc75883f350b598e5142,1205727,Lee2019_MI,Q15-E007,BROAD_EEGNET,20260924,0.7705259919166565,0.2294739931821823,1
s43_1_offline_train_t074,43,1,offline_train,2,session1/s43/sess01_subj43_EEG_MI.mat,9eb5a1323741e92a7ee13296ce745a1bbe8d43c8fdb1dc75883f350b598e5142,1216511,Lee2019_MI,Q15-E007,BROAD_EEGNET,20260924,0.6393449306488037,0.3606550395488739,1
s43_1_offline_train_t075,43,1,offline_train,1,session1/s43/sess01_subj43_EEG_MI.mat,9eb5a1323741e92a7ee13296ce745a1bbe8d43c8fdb1dc75883f350b598e5142,1228027,Lee2019_MI,Q15-E007,BROAD_EEGNET,20260924,0.5098407864570618,0.490159273147583,1
s43_1_offline_train_t076,43,1,offline_train,2,session1/s43/sess01_subj43_EEG_MI.mat,9eb5a1323741e92a7ee13296ce745a1bbe8d43c8fdb1dc75883f350b598e5142,1238893,Lee2019_MI,Q15-E007,BROAD_EEGNET,20260924,0.6921543478965759,0.3078456521034241,1
s43_1_offline_train_t077,43,1,offline_train,1,session1/s43/sess01_subj43_EEG_MI.mat,9eb5a1323741e92a7ee13296ce745a1bbe8d43c8fdb1dc75883f350b598e5142,1249660,Lee2019_MI,Q15-E007,BROAD_EEGNET,20260924,0.635006308555603,0.364993691444397,1
s43_1_offline_train_t078,43,1,offline_train,1,session1/s43/sess01_subj43_EEG_MI.mat,9eb5a1323741e92a7ee13296ce745a1bbe8d43c8fdb1dc75883f350b598e5142,1260443,Lee2019_MI,Q15-E007,BROAD_EEGNET,20260924,0.2878319025039673,0.7121680974960327,2
s43_1_offline_train_t079,43,1,offline_train,2,session1/s43/sess01_subj43_EEG_MI.mat,9eb5a1323741e92a7ee13296ce745a1bbe8d43c8fdb1dc75883f350b598e5142,1271593,Lee2019_MI,Q15-E007,BROAD_EEGNET,20260924,0.6113247275352478,0.3886752128601074,1
s43_1_offline_train_t080,43,1,offline_train,2,session1/s43/sess01_subj43_EEG_MI.mat,9eb5a1323741e92a7ee13296ce745a1bbe8d43c8fdb1dc75883f350b598e5142,1282641,Lee2019_MI,Q15-E007,BROAD_EEGNET,20260924,0.8823949098587036,0.11760514229536057,1
s43_1_offline_train_t081,43,1,offline_train,2,session1/s43/sess01_subj43_EEG_MI.mat,9eb5a1323741e92a7ee13296ce745a1bbe8d43c8fdb1dc75883f350b598e5142,1293509,Lee2019_MI,Q15-E007,BROAD_EEGNET,20260924,0.5135231614112854,0.4864768385887146,1
s43_1_offline_train_t082,43,1,offline_train,1,session1/s43/sess01_subj43_EEG_MI.mat,9eb5a1323741e92a7ee13296ce745a1bbe8d43c8fdb1dc75883f350b598e5142,1304925,Lee2019_MI,Q15-E007,BROAD_EEGNET,20260924,0.37218019366264343,0.6278197765350342,2
s43_1_offline_train_t083,43,1,offline_train,2,session1/s43/sess01_subj43_EEG_MI.mat,9eb5a1323741e92a7ee13296ce745a1bbe8d43c8fdb1dc75883f350b598e5142,1316075,Lee2019_MI,Q15-E007,BROAD_EEGNET,20260924,0.22711172699928284,0.7728883028030396,2
s43_1_offline_train_t084,43,1,offline_train,2,session1/s43/sess01_subj43_EEG_MI.mat,9eb5a1323741e92a7ee13296ce745a1bbe8d43c8fdb1dc75883f350b598e5142,1327225,Lee2019_MI,Q15-E007,BROAD_EEGNET,20260924,0.3963886797428131,0.6036112904548645,2
s43_1_offline_train_t085,43,1,offline_train,1,session1/s43/sess01_subj43_EEG_MI.mat,9eb5a1323741e92a7ee13296ce745a1bbe8d43c8fdb1dc75883f350b598e5142,1338741,Lee2019_MI,Q15-E007,BROAD_EEGNET,20260924,0.4545558989048004,0.5454440712928772,2
s43_1_offline_train_t086,43,1,offline_train,2,session1/s43/sess01_subj43_EEG_MI.mat,9eb5a1323741e92a7ee13296ce745a1bbe8d43c8fdb1dc75883f350b598e5142,1349607,Lee2019_MI,Q15-E007,BROAD_EEGNET,20260924,0.41568946838378906,0.5843104720115662,2
s43_1_offline_train_t087,43,1,offline_train,1,session1/s43/sess01_subj43_EEG_MI.mat,9eb5a1323741e92a7ee13296ce745a1bbe8d43c8fdb1dc75883f350b598e5142,1360940,Lee2019_MI,Q15-E007,BROAD_EEGNET,20260924,0.5186769962310791,0.4813230037689209,1
s43_1_offline_train_t088,43,1,offline_train,2,session1/s43/sess01_subj43_EEG_MI.mat,9eb5a1323741e92a7ee13296ce745a1bbe8d43c8fdb1dc75883f350b598e5142,1372274,Lee2019_MI,Q15-E007,BROAD_EEGNET,20260924,0.3444996178150177,0.6555003523826599,2
s43_1_offline_train_t089,43,1,offline_train,2,session1/s43/sess01_subj43_EEG_MI.mat,9eb5a1323741e92a7ee13296ce745a1bbe8d43c8fdb1dc75883f350b598e5142,1383223,Lee2019_MI,Q15-E007,BROAD_EEGNET,20260924,0.5882242321968079,0.4117757976055145,1
s43_1_offline_train_t090,43,1,offline_train,2,session1/s43/sess01_subj43_EEG_MI.mat,9eb5a1323741e92a7ee13296ce745a1bbe8d43c8fdb1dc75883f350b598e5142,1394373,Lee2019_MI,Q15-E007,BROAD_EEGNET,20260924,0.6020216345787048,0.3979783356189728,1
s43_1_offline_train_t091,43,1,offline_train,2,session1/s43/sess01_subj43_EEG_MI.mat,9eb5a1323741e92a7ee13296ce745a1bbe8d43c8fdb1dc75883f350b598e5142,1404956,Lee2019_MI,Q15-E007,BROAD_EEGNET,20260924,0.378521591424942,0.6214783787727356,2
s43_1_offline_train_t092,43,1,offline_train,2,session1/s43/sess01_subj43_EEG_MI.mat,9eb5a1323741e92a7ee13296ce745a1bbe8d43c8fdb1dc75883f350b598e5142,1415539,Lee2019_MI,Q15-E007,BROAD_EEGNET,20260924,0.3183143436908722,0.6816856265068054,2
s43_1_offline_train_t093,43,1,offline_train,1,session1/s43/sess01_subj43_EEG_MI.mat,9eb5a1323741e92a7ee13296ce745a1bbe8d43c8fdb1dc75883f350b598e5142,1426605,Lee2019_MI,Q15-E007,BROAD_EEGNET,20260924,0.71915602684021,0.28084391355514526,1
s43_1_offline_train_t094,43,1,offline_train,2,session1/s43/sess01_subj43_EEG_MI.mat,9eb5a1323741e92a7ee13296ce745a1bbe8d43c8fdb1dc75883f350b598e5142,1437939,Lee2019_MI,Q15-E007,BROAD_EEGNET,20260924,0.2876853048801422,0.7123146653175354,2
s43_1_offline_train_t095,43,1,offline_train,1,session1/s43/sess01_subj43_EEG_MI.mat,9eb5a1323741e92a7ee13296ce745a1bbe8d43c8fdb1dc75883f350b598e5142,1449455,Lee2019_MI,Q15-E007,BROAD_EEGNET,20260924,0.4811222553253174,0.5188777446746826,2
s43_1_offline_train_t096,43,1,offline_train,1,session1/s43/sess01_subj43_EEG_MI.mat,9eb5a1323741e92a7ee13296ce745a1bbe8d43c8fdb1dc75883f350b598e5142,1460121,Lee2019_MI,Q15-E007,BROAD_EEGNET,20260924,0.7263584136962891,0.2736416161060333,1
s43_1_offline_train_t097,43,1,offline_train,2,session1/s43/sess01_subj43_EEG_MI.mat,9eb5a1323741e92a7ee13296ce745a1bbe8d43c8fdb1dc75883f350b598e5142,1471271,Lee2019_MI,Q15-E007,BROAD_EEGNET,20260924,0.6855284571647644,0.314471572637558,1
s43_1_offline_train_t098,43,1,offline_train,1,session1/s43/sess01_subj43_EEG_MI.mat,9eb5a1323741e92a7ee13296ce745a1bbe8d43c8fdb1dc75883f350b598e5142,1482320,Lee2019_MI,Q15-E007,BROAD_EEGNET,20260924,0.7924057245254517,0.2075943499803543,1
s43_1_offline_train_t099,43,1,offline_train,2,session1/s43/sess01_subj43_EEG_MI.mat,9eb5a1323741e92a7ee13296ce745a1bbe8d43c8fdb1dc75883f350b598e5142,1492921,Lee2019_MI,Q15-E007,BROAD_EEGNET,20260924,0.3880867660045624,0.6119132041931152,2
s43_1_offline_train_t100,43,1,offline_train,2,session1/s43/sess01_subj43_EEG_MI.mat,9eb5a1323741e92a7ee13296ce745a1bbe8d43c8fdb1dc75883f350b598e5142,1503787,Lee2019_MI,Q15-E007,BROAD_EEGNET,20260924,0.27878338098526,0.72121661901474,2
s43_2_offline_train_t001,43,2,offline_train,1,session2/s43/sess02_subj43_EEG_MI.mat,923325040004bc97b06cc2711b8f849429f9474fa9d3ef03c62c4291b94b6a06,148500,Lee2019_MI,Q15-E007,BROAD_EEGNET,20260924,0.3289378881454468,0.6710621118545532,2
s43_2_offline_train_t002,43,2,offline_train,2,session2/s43/sess02_subj43_EEG_MI.mat,923325040004bc97b06cc2711b8f849429f9474fa9d3ef03c62c4291b94b6a06,160035,Lee2019_MI,Q15-E007,BROAD_EEGNET,20260924,0.8013163805007935,0.19868363440036774,1
s43_2_offline_train_t003,43,2,offline_train,1,session2/s43/sess02_subj43_EEG_MI.mat,923325040004bc97b06cc2711b8f849429f9474fa9d3ef03c62c4291b94b6a06,170718,Lee2019_MI,Q15-E007,BROAD_EEGNET,20260924,0.6523064970970154,0.34769347310066223,1
s43_2_offline_train_t004,43,2,offline_train,1,session2/s43/sess02_subj43_EEG_MI.mat,923325040004bc97b06cc2711b8f849429f9474fa9d3ef03c62c4291b94b6a06,182234,Lee2019_MI,Q15-E007,BROAD_EEGNET,20260924,0.6748597621917725,0.32514020800590515,1
s43_2_offline_train_t005,43,2,offline_train,2,session2/s43/sess02_subj43_EEG_MI.mat,923325040004bc97b06cc2711b8f849429f9474fa9d3ef03c62c4291b94b6a06,193384,Lee2019_MI,Q15-E007,BROAD_EEGNET,20260924,0.674435019493103,0.325564980506897,1
s43_2_offline_train_t006,43,2,offline_train,2,session2/s43/sess02_subj43_EEG_MI.mat,923325040004bc97b06cc2711b8f849429f9474fa9d3ef03c62c4291b94b6a06,204067,Lee2019_MI,Q15-E007,BROAD_EEGNET,20260924,0.7901429533958435,0.20985709130764008,1
s43_2_offline_train_t007,43,2,offline_train,1,session2/s43/sess02_subj43_EEG_MI.mat,923325040004bc97b06cc2711b8f849429f9474fa9d3ef03c62c4291b94b6a06,214933,Lee2019_MI,Q15-E007,BROAD_EEGNET,20260924,0.6889424324035645,0.31105756759643555,1
s43_2_offline_train_t008,43,2,offline_train,2,session2/s43/sess02_subj43_EEG_MI.mat,923325040004bc97b06cc2711b8f849429f9474fa9d3ef03c62c4291b94b6a06,226067,Lee2019_MI,Q15-E007,BROAD_EEGNET,20260924,0.22673220932483673,0.7732677459716797,2
s43_2_offline_train_t009,43,2,offline_train,1,session2/s43/sess02_subj43_EEG_MI.mat,923325040004bc97b06cc2711b8f849429f9474fa9d3ef03c62c4291b94b6a06,237583,Lee2019_MI,Q15-E007,BROAD_EEGNET,20260924,0.8514397144317627,0.14856025576591492,1
s43_2_offline_train_t010,43,2,offline_train,1,session2/s43/sess02_subj43_EEG_MI.mat,923325040004bc97b06cc2711b8f849429f9474fa9d3ef03c62c4291b94b6a06,249100,Lee2019_MI,Q15-E007,BROAD_EEGNET,20260924,0.6115801930427551,0.3884198069572449,1
s43_2_offline_train_t011,43,2,offline_train,2,session2/s43/sess02_subj43_EEG_MI.mat,923325040004bc97b06cc2711b8f849429f9474fa9d3ef03c62c4291b94b6a06,259783,Lee2019_MI,Q15-E007,BROAD_EEGNET,20260924,0.6954354643821716,0.30456456542015076,1
s43_2_offline_train_t012,43,2,offline_train,2,session2/s43/sess02_subj43_EEG_MI.mat,923325040004bc97b06cc2711b8f849429f9474fa9d3ef03c62c4291b94b6a06,271299,Lee2019_MI,Q15-E007,BROAD_EEGNET,20260924,0.3087536096572876,0.6912463903427124,2
s43_2_offline_train_t013,43,2,offline_train,1,session2/s43/sess02_subj43_EEG_MI.mat,923325040004bc97b06cc2711b8f849429f9474fa9d3ef03c62c4291b94b6a06,282816,Lee2019_MI,Q15-E007,BROAD_EEGNET,20260924,0.7597507834434509,0.24024923145771027,1
s43_2_offline_train_t014,43,2,offline_train,1,session2/s43/sess02_subj43_EEG_MI.mat,923325040004bc97b06cc2711b8f849429f9474fa9d3ef03c62c4291b94b6a06,293865,Lee2019_MI,Q15-E007,BROAD_EEGNET,20260924,0.5615344643592834,0.43846556544303894,1
s43_2_offline_train_t015,43,2,offline_train,2,session2/s43/sess02_subj43_EEG_MI.mat,923325040004bc97b06cc2711b8f849429f9474fa9d3ef03c62c4291b94b6a06,305198,Lee2019_MI,Q15-E007,BROAD_EEGNET,20260924,0.2783585786819458,0.7216414213180542,2
s43_2_offline_train_t016,43,2,offline_train,1,session2/s43/sess02_subj43_EEG_MI.mat,923325040004bc97b06cc2711b8f849429f9474fa9d3ef03c62c4291b94b6a06,315881,Lee2019_MI,Q15-E007,BROAD_EEGNET,20260924,0.7982048988342285,0.20179510116577148,1
s43_2_offline_train_t017,43,2,offline_train,1,session2/s43/sess02_subj43_EEG_MI.mat,923325040004bc97b06cc2711b8f849429f9474fa9d3ef03c62c4291b94b6a06,326848,Lee2019_MI,Q15-E007,BROAD_EEGNET,20260924,0.63558429479599,0.3644157350063324,1
s43_2_offline_train_t018,43,2,offline_train,1,session2/s43/sess02_subj43_EEG_MI.mat,923325040004bc97b06cc2711b8f849429f9474fa9d3ef03c62c4291b94b6a06,338264,Lee2019_MI,Q15-E007,BROAD_EEGNET,20260924,0.8528698682785034,0.1471300721168518,1
s43_2_offline_train_t019,43,2,offline_train,1,session2/s43/sess02_subj43_EEG_MI.mat,923325040004bc97b06cc2711b8f849429f9474fa9d3ef03c62c4291b94b6a06,349597,Lee2019_MI,Q15-E007,BROAD_EEGNET,20260924,0.8039712905883789,0.19602876901626587,1
s43_2_offline_train_t020,43,2,offline_train,2,session2/s43/sess02_subj43_EEG_MI.mat,923325040004bc97b06cc2711b8f849429f9474fa9d3ef03c62c4291b94b6a06,361114,Lee2019_MI,Q15-E007,BROAD_EEGNET,20260924,0.5969266295433044,0.40307337045669556,1
s43_2_offline_train_t021,43,2,offline_train,2,session2/s43/sess02_subj43_EEG_MI.mat,923325040004bc97b06cc2711b8f849429f9474fa9d3ef03c62c4291b94b6a06,372346,Lee2019_MI,Q15-E007,BROAD_EEGNET,20260924,0.4285006821155548,0.5714992880821228,2
s43_2_offline_train_t022,43,2,offline_train,1,session2/s43/sess02_subj43_EEG_MI.mat,923325040004bc97b06cc2711b8f849429f9474fa9d3ef03c62c4291b94b6a06,382947,Lee2019_MI,Q15-E007,BROAD_EEGNET,20260924,0.7528073191642761,0.24719268083572388,1
s43_2_offline_train_t023,43,2,offline_train,2,session2/s43/sess02_subj43_EEG_MI.mat,923325040004bc97b06cc2711b8f849429f9474fa9d3ef03c62c4291b94b6a06,394362,Lee2019_MI,Q15-E007,BROAD_EEGNET,20260924,0.20737320184707642,0.7926267981529236,2
s43_2_offline_train_t024,43,2,offline_train,2,session2/s43/sess02_subj43_EEG_MI.mat,923325040004bc97b06cc2711b8f849429f9474fa9d3ef03c62c4291b94b6a06,405878,Lee2019_MI,Q15-E007,BROAD_EEGNET,20260924,0.18464455008506775,0.8153554201126099,2
s43_2_offline_train_t025,43,2,offline_train,2,session2/s43/sess02_subj43_EEG_MI.mat,923325040004bc97b06cc2711b8f849429f9474fa9d3ef03c62c4291b94b6a06,417129,Lee2019_MI,Q15-E007,BROAD_EEGNET,20260924,0.42647111415863037,0.5735288858413696,2
s43_2_offline_train_t026,43,2,offline_train,1,session2/s43/sess02_subj43_EEG_MI.mat,923325040004bc97b06cc2711b8f849429f9474fa9d3ef03c62c4291b94b6a06,428446,Lee2019_MI,Q15-E007,BROAD_EEGNET,20260924,0.7725340127944946,0.2274659425020218,1
s43_2_offline_train_t027,43,2,offline_train,2,session2/s43/sess02_subj43_EEG_MI.mat,923325040004bc97b06cc2711b8f849429f9474fa9d3ef03c62c4291b94b6a06,439695,Lee2019_MI,Q15-E007,BROAD_EEGNET,20260924,0.4747278094291687,0.5252721905708313,2
s43_2_offline_train_t028,43,2,offline_train,1,session2/s43/sess02_subj43_EEG_MI.mat,923325040004bc97b06cc2711b8f849429f9474fa9d3ef03c62c4291b94b6a06,450645,Lee2019_MI,Q15-E007,BROAD_EEGNET,20260924,0.6538028717041016,0.34619712829589844,1
s43_2_offline_train_t029,43,2,offline_train,1,session2/s43/sess02_subj43_EEG_MI.mat,923325040004bc97b06cc2711b8f849429f9474fa9d3ef03c62c4291b94b6a06,461895,Lee2019_MI,Q15-E007,BROAD_EEGNET,20260924,0.6690118908882141,0.3309881091117859,1
s43_2_offline_train_t030,43,2,offline_train,2,session2/s43/sess02_subj43_EEG_MI.mat,923325040004bc97b06cc2711b8f849429f9474fa9d3ef03c62c4291b94b6a06,472661,Lee2019_MI,Q15-E007,BROAD_EEGNET,20260924,0.08285541087388992,0.9171445965766907,2
s43_2_offline_train_t031,43,2,offline_train,1,session2/s43/sess02_subj43_EEG_MI.mat,923325040004bc97b06cc2711b8f849429f9474fa9d3ef03c62c4291b94b6a06,483895,Lee2019_MI,Q15-E007,BROAD_EEGNET,20260924,0.5485512614250183,0.4514487683773041,1
s43_2_offline_train_t032,43,2,offline_train,2,session2/s43/sess02_subj43_EEG_MI.mat,923325040004bc97b06cc2711b8f849429f9474fa9d3ef03c62c4291b94b6a06,494494,Lee2019_MI,Q15-E007,BROAD_EEGNET,20260924,0.23237916827201843,0.7676208019256592,2
s43_2_offline_train_t033,43,2,offline_train,1,session2/s43/sess02_subj43_EEG_MI.mat,923325040004bc97b06cc2711b8f849429f9474fa9d3ef03c62c4291b94b6a06,505361,Lee2019_MI,Q15-E007,BROAD_EEGNET,20260924,0.6461233496665955,0.35387668013572693,1
s43_2_offline_train_t034,43,2,offline_train,2,session2/s43/sess02_subj43_EEG_MI.mat,923325040004bc97b06cc2711b8f849429f9474fa9d3ef03c62c4291b94b6a06,515944,Lee2019_MI,Q15-E007,BROAD_EEGNET,20260924,0.5258435606956482,0.4741564095020294,1
s43_2_offline_train_t035,43,2,offline_train,2,session2/s43/sess02_subj43_EEG_MI.mat,923325040004bc97b06cc2711b8f849429f9474fa9d3ef03c62c4291b94b6a06,526627,Lee2019_MI,Q15-E007,BROAD_EEGNET,20260924,0.47404277324676514,0.5259572267532349,2
s43_2_offline_train_t036,43,2,offline_train,1,session2/s43/sess02_subj43_EEG_MI.mat,923325040004bc97b06cc2711b8f849429f9474fa9d3ef03c62c4291b94b6a06,537959,Lee2019_MI,Q15-E007,BROAD_EEGNET,20260924,0.6902974247932434,0.309702605009079,1
s43_2_offline_train_t037,43,2,offline_train,1,session2/s43/sess02_subj43_EEG_MI.mat,923325040004bc97b06cc2711b8f849429f9474fa9d3ef03c62c4291b94b6a06,549193,Lee2019_MI,Q15-E007,BROAD_EEGNET,20260924,0.8109974265098572,0.18900255858898163,1
s43_2_offline_train_t038,43,2,offline_train,2,session2/s43/sess02_subj43_EEG_MI.mat,923325040004bc97b06cc2711b8f849429f9474fa9d3ef03c62c4291b94b6a06,560060,Lee2019_MI,Q15-E007,BROAD_EEGNET,20260924,0.6853746175765991,0.31462541222572327,1
s43_2_offline_train_t039,43,2,offline_train,1,session2/s43/sess02_subj43_EEG_MI.mat,923325040004bc97b06cc2711b8f849429f9474fa9d3ef03c62c4291b94b6a06,571576,Lee2019_MI,Q15-E007,BROAD_EEGNET,20260924,0.7783648371696472,0.22163516283035278,1
s43_2_offline_train_t040,43,2,offline_train,1,session2/s43/sess02_subj43_EEG_MI.mat,923325040004bc97b06cc2711b8f849429f9474fa9d3ef03c62c4291b94b6a06,582159,Lee2019_MI,Q15-E007,BROAD_EEGNET,20260924,0.6396651268005371,0.36033493280410767,1
s43_2_offline_train_t041,43,2,offline_train,1,session2/s43/sess02_subj43_EEG_MI.mat,923325040004bc97b06cc2711b8f849429f9474fa9d3ef03c62c4291b94b6a06,593125,Lee2019_MI,Q15-E007,BROAD_EEGNET,20260924,0.6111758351325989,0.3888241648674011,1
s43_2_offline_train_t042,43,2,offline_train,1,session2/s43/sess02_subj43_EEG_MI.mat,923325040004bc97b06cc2711b8f849429f9474fa9d3ef03c62c4291b94b6a06,604092,Lee2019_MI,Q15-E007,BROAD_EEGNET,20260924,0.7252554297447205,0.27474460005760193,1
s43_2_offline_train_t043,43,2,offline_train,2,session2/s43/sess02_subj43_EEG_MI.mat,923325040004bc97b06cc2711b8f849429f9474fa9d3ef03c62c4291b94b6a06,615408,Lee2019_MI,Q15-E007,BROAD_EEGNET,20260924,0.6143590211868286,0.3856409788131714,1
s43_2_offline_train_t044,43,2,offline_train,1,session2/s43/sess02_subj43_EEG_MI.mat,923325040004bc97b06cc2711b8f849429f9474fa9d3ef03c62c4291b94b6a06,626741,Lee2019_MI,Q15-E007,BROAD_EEGNET,20260924,0.676654577255249,0.3233453929424286,1
s43_2_offline_train_t045,43,2,offline_train,2,session2/s43/sess02_subj43_EEG_MI.mat,923325040004bc97b06cc2711b8f849429f9474fa9d3ef03c62c4291b94b6a06,637524,Lee2019_MI,Q15-E007,BROAD_EEGNET,20260924,0.8840636610984802,0.11593633145093918,1
s43_2_offline_train_t046,43,2,offline_train,1,session2/s43/sess02_subj43_EEG_MI.mat,923325040004bc97b06cc2711b8f849429f9474fa9d3ef03c62c4291b94b6a06,648574,Lee2019_MI,Q15-E007,BROAD_EEGNET,20260924,0.8188338279724121,0.1811661273241043,1
s43_2_offline_train_t047,43,2,offline_train,1,session2/s43/sess02_subj43_EEG_MI.mat,923325040004bc97b06cc2711b8f849429f9474fa9d3ef03c62c4291b94b6a06,659541,Lee2019_MI,Q15-E007,BROAD_EEGNET,20260924,0.7445963025093079,0.25540366768836975,1
s43_2_offline_train_t048,43,2,offline_train,1,session2/s43/sess02_subj43_EEG_MI.mat,923325040004bc97b06cc2711b8f849429f9474fa9d3ef03c62c4291b94b6a06,670774,Lee2019_MI,Q15-E007,BROAD_EEGNET,20260924,0.7889036536216736,0.21109631657600403,1
s43_2_offline_train_t049,43,2,offline_train,2,session2/s43/sess02_subj43_EEG_MI.mat,923325040004bc97b06cc2711b8f849429f9474fa9d3ef03c62c4291b94b6a06,682007,Lee2019_MI,Q15-E007,BROAD_EEGNET,20260924,0.3329906165599823,0.6670093536376953,2
s43_2_offline_train_t050,43,2,offline_train,1,session2/s43/sess02_subj43_EEG_MI.mat,923325040004bc97b06cc2711b8f849429f9474fa9d3ef03c62c4291b94b6a06,706156,Lee2019_MI,Q15-E007,BROAD_EEGNET,20260924,0.7026837468147278,0.29731619358062744,1
s43_2_offline_train_t051,43,2,offline_train,1,session2/s43/sess02_subj43_EEG_MI.mat,923325040004bc97b06cc2711b8f849429f9474fa9d3ef03c62c4291b94b6a06,717023,Lee2019_MI,Q15-E007,BROAD_EEGNET,20260924,0.7863332033157349,0.21366678178310394,1
s43_2_offline_train_t052,43,2,offline_train,1,session2/s43/sess02_subj43_EEG_MI.mat,923325040004bc97b06cc2711b8f849429f9474fa9d3ef03c62c4291b94b6a06,728256,Lee2019_MI,Q15-E007,BROAD_EEGNET,20260924,0.6237679719924927,0.3762320578098297,1
s43_2_offline_train_t053,43,2,offline_train,1,session2/s43/sess02_subj43_EEG_MI.mat,923325040004bc97b06cc2711b8f849429f9474fa9d3ef03c62c4291b94b6a06,739506,Lee2019_MI,Q15-E007,BROAD_EEGNET,20260924,0.7042243480682373,0.2957755923271179,1
s43_2_offline_train_t054,43,2,offline_train,2,session2/s43/sess02_subj43_EEG_MI.mat,923325040004bc97b06cc2711b8f849429f9474fa9d3ef03c62c4291b94b6a06,750189,Lee2019_MI,Q15-E007,BROAD_EEGNET,20260924,0.6567494869232178,0.3432505130767822,1
s43_2_offline_train_t055,43,2,offline_train,1,session2/s43/sess02_subj43_EEG_MI.mat,923325040004bc97b06cc2711b8f849429f9474fa9d3ef03c62c4291b94b6a06,760855,Lee2019_MI,Q15-E007,BROAD_EEGNET,20260924,0.8494116067886353,0.15058840811252594,1
s43_2_offline_train_t056,43,2,offline_train,1,session2/s43/sess02_subj43_EEG_MI.mat,923325040004bc97b06cc2711b8f849429f9474fa9d3ef03c62c4291b94b6a06,771920,Lee2019_MI,Q15-E007,BROAD_EEGNET,20260924,0.5609528422355652,0.4390471875667572,1
s43_2_offline_train_t057,43,2,offline_train,2,session2/s43/sess02_subj43_EEG_MI.mat,923325040004bc97b06cc2711b8f849429f9474fa9d3ef03c62c4291b94b6a06,783438,Lee2019_MI,Q15-E007,BROAD_EEGNET,20260924,0.33753764629364014,0.6624622941017151,2
s43_2_offline_train_t058,43,2,offline_train,2,session2/s43/sess02_subj43_EEG_MI.mat,923325040004bc97b06cc2711b8f849429f9474fa9d3ef03c62c4291b94b6a06,794304,Lee2019_MI,Q15-E007,BROAD_EEGNET,20260924,0.5968429446220398,0.4031570553779602,1
s43_2_offline_train_t059,43,2,offline_train,1,session2/s43/sess02_subj43_EEG_MI.mat,923325040004bc97b06cc2711b8f849429f9474fa9d3ef03c62c4291b94b6a06,805437,Lee2019_MI,Q15-E007,BROAD_EEGNET,20260924,0.6814937591552734,0.31850627064704895,1
s43_2_offline_train_t060,43,2,offline_train,1,session2/s43/sess02_subj43_EEG_MI.mat,923325040004bc97b06cc2711b8f849429f9474fa9d3ef03c62c4291b94b6a06,816220,Lee2019_MI,Q15-E007,BROAD_EEGNET,20260924,0.8629409670829773,0.13705900311470032,1
s43_2_offline_train_t061,43,2,offline_train,2,session2/s43/sess02_subj43_EEG_MI.mat,923325040004bc97b06cc2711b8f849429f9474fa9d3ef03c62c4291b94b6a06,827553,Lee2019_MI,Q15-E007,BROAD_EEGNET,20260924,0.5761065483093262,0.42389345169067383,1
s43_2_offline_train_t062,43,2,offline_train,2,session2/s43/sess02_subj43_EEG_MI.mat,923325040004bc97b06cc2711b8f849429f9474fa9d3ef03c62c4291b94b6a06,838320,Lee2019_MI,Q15-E007,BROAD_EEGNET,20260924,0.5512118935585022,0.4487881362438202,1
s43_2_offline_train_t063,43,2,offline_train,1,session2/s43/sess02_subj43_EEG_MI.mat,923325040004bc97b06cc2711b8f849429f9474fa9d3ef03c62c4291b94b6a06,849369,Lee2019_MI,Q15-E007,BROAD_EEGNET,20260924,0.8854722380638123,0.11452781409025192,1
s43_2_offline_train_t064,43,2,offline_train,2,session2/s43/sess02_subj43_EEG_MI.mat,923325040004bc97b06cc2711b8f849429f9474fa9d3ef03c62c4291b94b6a06,860619,Lee2019_MI,Q15-E007,BROAD_EEGNET,20260924,0.6983557939529419,0.3016442060470581,1
s43_2_offline_train_t065,43,2,offline_train,2,session2/s43/sess02_subj43_EEG_MI.mat,923325040004bc97b06cc2711b8f849429f9474fa9d3ef03c62c4291b94b6a06,872036,Lee2019_MI,Q15-E007,BROAD_EEGNET,20260924,0.6569446921348572,0.3430553674697876,1
s43_2_offline_train_t066,43,2,offline_train,2,session2/s43/sess02_subj43_EEG_MI.mat,923325040004bc97b06cc2711b8f849429f9474fa9d3ef03c62c4291b94b6a06,883552,Lee2019_MI,Q15-E007,BROAD_EEGNET,20260924,0.5831066370010376,0.4168934226036072,1
s43_2_offline_train_t067,43,2,offline_train,2,session2/s43/sess02_subj43_EEG_MI.mat,923325040004bc97b06cc2711b8f849429f9474fa9d3ef03c62c4291b94b6a06,894702,Lee2019_MI,Q15-E007,BROAD_EEGNET,20260924,0.6169308423995972,0.38306915760040283,1
s43_2_offline_train_t068,43,2,offline_train,1,session2/s43/sess02_subj43_EEG_MI.mat,923325040004bc97b06cc2711b8f849429f9474fa9d3ef03c62c4291b94b6a06,905385,Lee2019_MI,Q15-E007,BROAD_EEGNET,20260924,0.40167900919914246,0.5983210206031799,2
s43_2_offline_train_t069,43,2,offline_train,1,session2/s43/sess02_subj43_EEG_MI.mat,923325040004bc97b06cc2711b8f849429f9474fa9d3ef03c62c4291b94b6a06,916069,Lee2019_MI,Q15-E007,BROAD_EEGNET,20260924,0.8360036611557007,0.16399629414081573,1
s43_2_offline_train_t070,43,2,offline_train,2,session2/s43/sess02_subj43_EEG_MI.mat,923325040004bc97b06cc2711b8f849429f9474fa9d3ef03c62c4291b94b6a06,926834,Lee2019_MI,Q15-E007,BROAD_EEGNET,20260924,0.44723889231681824,0.5527611374855042,2
s43_2_offline_train_t071,43,2,offline_train,1,session2/s43/sess02_subj43_EEG_MI.mat,923325040004bc97b06cc2711b8f849429f9474fa9d3ef03c62c4291b94b6a06,938268,Lee2019_MI,Q15-E007,BROAD_EEGNET,20260924,0.912543773651123,0.08745619654655457,1
s43_2_offline_train_t072,43,2,offline_train,2,session2/s43/sess02_subj43_EEG_MI.mat,923325040004bc97b06cc2711b8f849429f9474fa9d3ef03c62c4291b94b6a06,949034,Lee2019_MI,Q15-E007,BROAD_EEGNET,20260924,0.6044766902923584,0.3955233097076416,1
s43_2_offline_train_t073,43,2,offline_train,2,session2/s43/sess02_subj43_EEG_MI.mat,923325040004bc97b06cc2711b8f849429f9474fa9d3ef03c62c4291b94b6a06,960368,Lee2019_MI,Q15-E007,BROAD_EEGNET,20260924,0.5943523049354553,0.4056476950645447,1
s43_2_offline_train_t074,43,2,offline_train,2,session2/s43/sess02_subj43_EEG_MI.mat,923325040004bc97b06cc2711b8f849429f9474fa9d3ef03c62c4291b94b6a06,971134,Lee2019_MI,Q15-E007,BROAD_EEGNET,20260924,0.8786746263504028,0.12132544815540314,1
s43_2_offline_train_t075,43,2,offline_train,1,session2/s43/sess02_subj43_EEG_MI.mat,923325040004bc97b06cc2711b8f849429f9474fa9d3ef03c62c4291b94b6a06,982650,Lee2019_MI,Q15-E007,BROAD_EEGNET,20260924,0.6498211026191711,0.35017892718315125,1
s43_2_offline_train_t076,43,2,offline_train,2,session2/s43/sess02_subj43_EEG_MI.mat,923325040004bc97b06cc2711b8f849429f9474fa9d3ef03c62c4291b94b6a06,993517,Lee2019_MI,Q15-E007,BROAD_EEGNET,20260924,0.6688084602355957,0.3311915099620819,1
s43_2_offline_train_t077,43,2,offline_train,1,session2/s43/sess02_subj43_EEG_MI.mat,923325040004bc97b06cc2711b8f849429f9474fa9d3ef03c62c4291b94b6a06,1004300,Lee2019_MI,Q15-E007,BROAD_EEGNET,20260924,0.7935612201690674,0.20643876492977142,1
s43_2_offline_train_t078,43,2,offline_train,1,session2/s43/sess02_subj43_EEG_MI.mat,923325040004bc97b06cc2711b8f849429f9474fa9d3ef03c62c4291b94b6a06,1015067,Lee2019_MI,Q15-E007,BROAD_EEGNET,20260924,0.6423160433769226,0.3576838970184326,1
s43_2_offline_train_t079,43,2,offline_train,2,session2/s43/sess02_subj43_EEG_MI.mat,923325040004bc97b06cc2711b8f849429f9474fa9d3ef03c62c4291b94b6a06,1026216,Lee2019_MI,Q15-E007,BROAD_EEGNET,20260924,0.378307044506073,0.6216930150985718,2
s43_2_offline_train_t080,43,2,offline_train,2,session2/s43/sess02_subj43_EEG_MI.mat,923325040004bc97b06cc2711b8f849429f9474fa9d3ef03c62c4291b94b6a06,1037266,Lee2019_MI,Q15-E007,BROAD_EEGNET,20260924,0.6670944094657898,0.3329055905342102,1
s43_2_offline_train_t081,43,2,offline_train,2,session2/s43/sess02_subj43_EEG_MI.mat,923325040004bc97b06cc2711b8f849429f9474fa9d3ef03c62c4291b94b6a06,1048132,Lee2019_MI,Q15-E007,BROAD_EEGNET,20260924,0.8447132110595703,0.1552867293357849,1
s43_2_offline_train_t082,43,2,offline_train,1,session2/s43/sess02_subj43_EEG_MI.mat,923325040004bc97b06cc2711b8f849429f9474fa9d3ef03c62c4291b94b6a06,1059565,Lee2019_MI,Q15-E007,BROAD_EEGNET,20260924,0.7521104216575623,0.24788953363895416,1
s43_2_offline_train_t083,43,2,offline_train,2,session2/s43/sess02_subj43_EEG_MI.mat,923325040004bc97b06cc2711b8f849429f9474fa9d3ef03c62c4291b94b6a06,1070699,Lee2019_MI,Q15-E007,BROAD_EEGNET,20260924,0.16484935581684113,0.8351506590843201,2
s43_2_offline_train_t084,43,2,offline_train,2,session2/s43/sess02_subj43_EEG_MI.mat,923325040004bc97b06cc2711b8f849429f9474fa9d3ef03c62c4291b94b6a06,1081765,Lee2019_MI,Q15-E007,BROAD_EEGNET,20260924,0.8728702068328857,0.12712980806827545,1
s43_2_offline_train_t085,43,2,offline_train,1,session2/s43/sess02_subj43_EEG_MI.mat,923325040004bc97b06cc2711b8f849429f9474fa9d3ef03c62c4291b94b6a06,1093282,Lee2019_MI,Q15-E007,BROAD_EEGNET,20260924,0.7424356341362,0.2575643062591553,1
s43_2_offline_train_t086,43,2,offline_train,2,session2/s43/sess02_subj43_EEG_MI.mat,923325040004bc97b06cc2711b8f849429f9474fa9d3ef03c62c4291b94b6a06,1104148,Lee2019_MI,Q15-E007,BROAD_EEGNET,20260924,0.7600428462028503,0.23995718359947205,1
s43_2_offline_train_t087,43,2,offline_train,1,session2/s43/sess02_subj43_EEG_MI.mat,923325040004bc97b06cc2711b8f849429f9474fa9d3ef03c62c4291b94b6a06,1115464,Lee2019_MI,Q15-E007,BROAD_EEGNET,20260924,0.6583375334739685,0.3416624665260315,1
s43_2_offline_train_t088,43,2,offline_train,2,session2/s43/sess02_subj43_EEG_MI.mat,923325040004bc97b06cc2711b8f849429f9474fa9d3ef03c62c4291b94b6a06,1126797,Lee2019_MI,Q15-E007,BROAD_EEGNET,20260924,0.44730624556541443,0.552693784236908,2
s43_2_offline_train_t089,43,2,offline_train,2,session2/s43/sess02_subj43_EEG_MI.mat,923325040004bc97b06cc2711b8f849429f9474fa9d3ef03c62c4291b94b6a06,1137764,Lee2019_MI,Q15-E007,BROAD_EEGNET,20260924,0.8213496208190918,0.1786504089832306,1
s43_2_offline_train_t090,43,2,offline_train,2,session2/s43/sess02_subj43_EEG_MI.mat,923325040004bc97b06cc2711b8f849429f9474fa9d3ef03c62c4291b94b6a06,1148914,Lee2019_MI,Q15-E007,BROAD_EEGNET,20260924,0.6461256742477417,0.3538742959499359,1
s43_2_offline_train_t091,43,2,offline_train,2,session2/s43/sess02_subj43_EEG_MI.mat,923325040004bc97b06cc2711b8f849429f9474fa9d3ef03c62c4291b94b6a06,1159497,Lee2019_MI,Q15-E007,BROAD_EEGNET,20260924,0.6529654264450073,0.3470345139503479,1
s43_2_offline_train_t092,43,2,offline_train,2,session2/s43/sess02_subj43_EEG_MI.mat,923325040004bc97b06cc2711b8f849429f9474fa9d3ef03c62c4291b94b6a06,1170079,Lee2019_MI,Q15-E007,BROAD_EEGNET,20260924,0.43209308385849,0.56790691614151,2
s43_2_offline_train_t093,43,2,offline_train,1,session2/s43/sess02_subj43_EEG_MI.mat,923325040004bc97b06cc2711b8f849429f9474fa9d3ef03c62c4291b94b6a06,1181129,Lee2019_MI,Q15-E007,BROAD_EEGNET,20260924,0.6819407343864441,0.3180592656135559,1
s43_2_offline_train_t094,43,2,offline_train,2,session2/s43/sess02_subj43_EEG_MI.mat,923325040004bc97b06cc2711b8f849429f9474fa9d3ef03c62c4291b94b6a06,1192462,Lee2019_MI,Q15-E007,BROAD_EEGNET,20260924,0.39430198073387146,0.6056979894638062,2
s43_2_offline_train_t095,43,2,offline_train,1,session2/s43/sess02_subj43_EEG_MI.mat,923325040004bc97b06cc2711b8f849429f9474fa9d3ef03c62c4291b94b6a06,1203979,Lee2019_MI,Q15-E007,BROAD_EEGNET,20260924,0.6922566890716553,0.3077433407306671,1
s43_2_offline_train_t096,43,2,offline_train,1,session2/s43/sess02_subj43_EEG_MI.mat,923325040004bc97b06cc2711b8f849429f9474fa9d3ef03c62c4291b94b6a06,1214662,Lee2019_MI,Q15-E007,BROAD_EEGNET,20260924,0.6453570127487183,0.35464298725128174,1
s43_2_offline_train_t097,43,2,offline_train,2,session2/s43/sess02_subj43_EEG_MI.mat,923325040004bc97b06cc2711b8f849429f9474fa9d3ef03c62c4291b94b6a06,1225812,Lee2019_MI,Q15-E007,BROAD_EEGNET,20260924,0.5685927271842957,0.43140721321105957,1
s43_2_offline_train_t098,43,2,offline_train,1,session2/s43/sess02_subj43_EEG_MI.mat,923325040004bc97b06cc2711b8f849429f9474fa9d3ef03c62c4291b94b6a06,1236861,Lee2019_MI,Q15-E007,BROAD_EEGNET,20260924,0.8179581165313721,0.18204188346862793,1
s43_2_offline_train_t099,43,2,offline_train,2,session2/s43/sess02_subj43_EEG_MI.mat,923325040004bc97b06cc2711b8f849429f9474fa9d3ef03c62c4291b94b6a06,1247445,Lee2019_MI,Q15-E007,BROAD_EEGNET,20260924,0.5217892527580261,0.4782107472419739,1
s43_2_offline_train_t100,43,2,offline_train,2,session2/s43/sess02_subj43_EEG_MI.mat,923325040004bc97b06cc2711b8f849429f9474fa9d3ef03c62c4291b94b6a06,1258311,Lee2019_MI,Q15-E007,BROAD_EEGNET,20260924,0.4756740629673004,0.524325966835022,2
s43_1_offline_train_t001,43,1,offline_train,1,session1/s43/sess01_subj43_EEG_MI.mat,9eb5a1323741e92a7ee13296ce745a1bbe8d43c8fdb1dc75883f350b598e5142,296832,Lee2019_MI,Q15-E007,BROAD_EEGNET,20260925,0.8286635875701904,0.17133639752864838,1
s43_1_offline_train_t002,43,1,offline_train,2,session1/s43/sess01_subj43_EEG_MI.mat,9eb5a1323741e92a7ee13296ce745a1bbe8d43c8fdb1dc75883f350b598e5142,308248,Lee2019_MI,Q15-E007,BROAD_EEGNET,20260925,0.7036246061325073,0.29637545347213745,1
s43_1_offline_train_t003,43,1,offline_train,1,session1/s43/sess01_subj43_EEG_MI.mat,9eb5a1323741e92a7ee13296ce745a1bbe8d43c8fdb1dc75883f350b598e5142,318931,Lee2019_MI,Q15-E007,BROAD_EEGNET,20260925,0.8296568393707275,0.17034313082695007,1
s43_1_offline_train_t004,43,1,offline_train,1,session1/s43/sess01_subj43_EEG_MI.mat,9eb5a1323741e92a7ee13296ce745a1bbe8d43c8fdb1dc75883f350b598e5142,330364,Lee2019_MI,Q15-E007,BROAD_EEGNET,20260925,0.5290036797523499,0.47099629044532776,1
s43_1_offline_train_t005,43,1,offline_train,2,session1/s43/sess01_subj43_EEG_MI.mat,9eb5a1323741e92a7ee13296ce745a1bbe8d43c8fdb1dc75883f350b598e5142,341497,Lee2019_MI,Q15-E007,BROAD_EEGNET,20260925,0.49198880791664124,0.5080112218856812,2
s43_1_offline_train_t006,43,1,offline_train,2,session1/s43/sess01_subj43_EEG_MI.mat,9eb5a1323741e92a7ee13296ce745a1bbe8d43c8fdb1dc75883f350b598e5142,352181,Lee2019_MI,Q15-E007,BROAD_EEGNET,20260925,0.7501789331436157,0.24982109665870667,1
s43_1_offline_train_t007,43,1,offline_train,1,session1/s43/sess01_subj43_EEG_MI.mat,9eb5a1323741e92a7ee13296ce745a1bbe8d43c8fdb1dc75883f350b598e5142,363047,Lee2019_MI,Q15-E007,BROAD_EEGNET,20260925,0.774715006351471,0.22528500854969025,1
s43_1_offline_train_t008,43,1,offline_train,2,session1/s43/sess01_subj43_EEG_MI.mat,9eb5a1323741e92a7ee13296ce745a1bbe8d43c8fdb1dc75883f350b598e5142,374113,Lee2019_MI,Q15-E007,BROAD_EEGNET,20260925,0.40531277656555176,0.5946872234344482,2
s43_1_offline_train_t009,43,1,offline_train,1,session1/s43/sess01_subj43_EEG_MI.mat,9eb5a1323741e92a7ee13296ce745a1bbe8d43c8fdb1dc75883f350b598e5142,385630,Lee2019_MI,Q15-E007,BROAD_EEGNET,20260925,0.6368649005889893,0.36313509941101074,1
s43_1_offline_train_t010,43,1,offline_train,1,session1/s43/sess01_subj43_EEG_MI.mat,9eb5a1323741e92a7ee13296ce745a1bbe8d43c8fdb1dc75883f350b598e5142,397146,Lee2019_MI,Q15-E007,BROAD_EEGNET,20260925,0.8477032780647278,0.1522967368364334,1
s43_1_offline_train_t011,43,1,offline_train,2,session1/s43/sess01_subj43_EEG_MI.mat,9eb5a1323741e92a7ee13296ce745a1bbe8d43c8fdb1dc75883f350b598e5142,407813,Lee2019_MI,Q15-E007,BROAD_EEGNET,20260925,0.7160247564315796,0.2839753031730652,1
s43_1_offline_train_t012,43,1,offline_train,2,session1/s43/sess01_subj43_EEG_MI.mat,9eb5a1323741e92a7ee13296ce745a1bbe8d43c8fdb1dc75883f350b598e5142,419346,Lee2019_MI,Q15-E007,BROAD_EEGNET,20260925,0.4014478325843811,0.5985521674156189,2
s43_1_offline_train_t013,43,1,offline_train,1,session1/s43/sess01_subj43_EEG_MI.mat,9eb5a1323741e92a7ee13296ce745a1bbe8d43c8fdb1dc75883f350b598e5142,430862,Lee2019_MI,Q15-E007,BROAD_EEGNET,20260925,0.5378403067588806,0.462159663438797,1
s43_1_offline_train_t014,43,1,offline_train,1,session1/s43/sess01_subj43_EEG_MI.mat,9eb5a1323741e92a7ee13296ce745a1bbe8d43c8fdb1dc75883f350b598e5142,441912,Lee2019_MI,Q15-E007,BROAD_EEGNET,20260925,0.9241711497306824,0.07582889497280121,1
s43_1_offline_train_t015,43,1,offline_train,2,session1/s43/sess01_subj43_EEG_MI.mat,9eb5a1323741e92a7ee13296ce745a1bbe8d43c8fdb1dc75883f350b598e5142,453245,Lee2019_MI,Q15-E007,BROAD_EEGNET,20260925,0.8132724761962891,0.18672747910022736,1
s43_1_offline_train_t016,43,1,offline_train,1,session1/s43/sess01_subj43_EEG_MI.mat,9eb5a1323741e92a7ee13296ce745a1bbe8d43c8fdb1dc75883f350b598e5142,463911,Lee2019_MI,Q15-E007,BROAD_EEGNET,20260925,0.7314387559890747,0.2685612142086029,1
s43_1_offline_train_t017,43,1,offline_train,1,session1/s43/sess01_subj43_EEG_MI.mat,9eb5a1323741e92a7ee13296ce745a1bbe8d43c8fdb1dc75883f350b598e5142,474878,Lee2019_MI,Q15-E007,BROAD_EEGNET,20260925,0.8507379293441772,0.14926199615001678,1
s43_1_offline_train_t018,43,1,offline_train,1,session1/s43/sess01_subj43_EEG_MI.mat,9eb5a1323741e92a7ee13296ce745a1bbe8d43c8fdb1dc75883f350b598e5142,486394,Lee2019_MI,Q15-E007,BROAD_EEGNET,20260925,0.49181026220321655,0.5081897377967834,2
s43_1_offline_train_t019,43,1,offline_train,1,session1/s43/sess01_subj43_EEG_MI.mat,9eb5a1323741e92a7ee13296ce745a1bbe8d43c8fdb1dc75883f350b598e5142,497726,Lee2019_MI,Q15-E007,BROAD_EEGNET,20260925,0.776288628578186,0.22371140122413635,1
s43_1_offline_train_t020,43,1,offline_train,2,session1/s43/sess01_subj43_EEG_MI.mat,9eb5a1323741e92a7ee13296ce745a1bbe8d43c8fdb1dc75883f350b598e5142,509244,Lee2019_MI,Q15-E007,BROAD_EEGNET,20260925,0.2737182676792145,0.7262817621231079,2
s43_1_offline_train_t021,43,1,offline_train,2,session1/s43/sess01_subj43_EEG_MI.mat,9eb5a1323741e92a7ee13296ce745a1bbe8d43c8fdb1dc75883f350b598e5142,520477,Lee2019_MI,Q15-E007,BROAD_EEGNET,20260925,0.67755526304245,0.32244470715522766,1
s43_1_offline_train_t022,43,1,offline_train,1,session1/s43/sess01_subj43_EEG_MI.mat,9eb5a1323741e92a7ee13296ce745a1bbe8d43c8fdb1dc75883f350b598e5142,531077,Lee2019_MI,Q15-E007,BROAD_EEGNET,20260925,0.8454422354698181,0.15455779433250427,1
s43_1_offline_train_t023,43,1,offline_train,2,session1/s43/sess01_subj43_EEG_MI.mat,9eb5a1323741e92a7ee13296ce745a1bbe8d43c8fdb1dc75883f350b598e5142,542493,Lee2019_MI,Q15-E007,BROAD_EEGNET,20260925,0.5929424166679382,0.4070575535297394,1
s43_1_offline_train_t024,43,1,offline_train,2,session1/s43/sess01_subj43_EEG_MI.mat,9eb5a1323741e92a7ee13296ce745a1bbe8d43c8fdb1dc75883f350b598e5142,554009,Lee2019_MI,Q15-E007,BROAD_EEGNET,20260925,0.5329102277755737,0.4670897424221039,1
s43_1_offline_train_t025,43,1,offline_train,2,session1/s43/sess01_subj43_EEG_MI.mat,9eb5a1323741e92a7ee13296ce745a1bbe8d43c8fdb1dc75883f350b598e5142,565242,Lee2019_MI,Q15-E007,BROAD_EEGNET,20260925,0.4705238938331604,0.5294761657714844,2
s43_1_offline_train_t026,43,1,offline_train,1,session1/s43/sess01_subj43_EEG_MI.mat,9eb5a1323741e92a7ee13296ce745a1bbe8d43c8fdb1dc75883f350b598e5142,576575,Lee2019_MI,Q15-E007,BROAD_EEGNET,20260925,0.9613487720489502,0.03865121677517891,1
s43_1_offline_train_t027,43,1,offline_train,2,session1/s43/sess01_subj43_EEG_MI.mat,9eb5a1323741e92a7ee13296ce745a1bbe8d43c8fdb1dc75883f350b598e5142,587909,Lee2019_MI,Q15-E007,BROAD_EEGNET,20260925,0.9069973230361938,0.09300260245800018,1
s43_1_offline_train_t028,43,1,offline_train,1,session1/s43/sess01_subj43_EEG_MI.mat,9eb5a1323741e92a7ee13296ce745a1bbe8d43c8fdb1dc75883f350b598e5142,598875,Lee2019_MI,Q15-E007,BROAD_EEGNET,20260925,0.7853632569313049,0.21463672816753387,1
s43_1_offline_train_t029,43,1,offline_train,1,session1/s43/sess01_subj43_EEG_MI.mat,9eb5a1323741e92a7ee13296ce745a1bbe8d43c8fdb1dc75883f350b598e5142,610107,Lee2019_MI,Q15-E007,BROAD_EEGNET,20260925,0.5694735646247864,0.4305264353752136,1
s43_1_offline_train_t030,43,1,offline_train,2,session1/s43/sess01_subj43_EEG_MI.mat,9eb5a1323741e92a7ee13296ce745a1bbe8d43c8fdb1dc75883f350b598e5142,620791,Lee2019_MI,Q15-E007,BROAD_EEGNET,20260925,0.6558941602706909,0.34410586953163147,1
s43_1_offline_train_t031,43,1,offline_train,1,session1/s43/sess01_subj43_EEG_MI.mat,9eb5a1323741e92a7ee13296ce745a1bbe8d43c8fdb1dc75883f350b598e5142,632024,Lee2019_MI,Q15-E007,BROAD_EEGNET,20260925,0.9577397704124451,0.042260270565748215,1
s43_1_offline_train_t032,43,1,offline_train,2,session1/s43/sess01_subj43_EEG_MI.mat,9eb5a1323741e92a7ee13296ce745a1bbe8d43c8fdb1dc75883f350b598e5142,642624,Lee2019_MI,Q15-E007,BROAD_EEGNET,20260925,0.11506027728319168,0.8849396705627441,2
s43_1_offline_train_t033,43,1,offline_train,1,session1/s43/sess01_subj43_EEG_MI.mat,9eb5a1323741e92a7ee13296ce745a1bbe8d43c8fdb1dc75883f350b598e5142,653490,Lee2019_MI,Q15-E007,BROAD_EEGNET,20260925,0.628886878490448,0.3711130619049072,1
s43_1_offline_train_t034,43,1,offline_train,2,session1/s43/sess01_subj43_EEG_MI.mat,9eb5a1323741e92a7ee13296ce745a1bbe8d43c8fdb1dc75883f350b598e5142,664074,Lee2019_MI,Q15-E007,BROAD_EEGNET,20260925,0.487644761800766,0.5123552680015564,2
s43_1_offline_train_t035,43,1,offline_train,2,session1/s43/sess01_subj43_EEG_MI.mat,9eb5a1323741e92a7ee13296ce745a1bbe8d43c8fdb1dc75883f350b598e5142,674757,Lee2019_MI,Q15-E007,BROAD_EEGNET,20260925,0.5199153423309326,0.48008471727371216,1
s43_1_offline_train_t036,43,1,offline_train,1,session1/s43/sess01_subj43_EEG_MI.mat,9eb5a1323741e92a7ee13296ce745a1bbe8d43c8fdb1dc75883f350b598e5142,686090,Lee2019_MI,Q15-E007,BROAD_EEGNET,20260925,0.8238344788551331,0.17616553604602814,1
s43_1_offline_train_t037,43,1,offline_train,1,session1/s43/sess01_subj43_EEG_MI.mat,9eb5a1323741e92a7ee13296ce745a1bbe8d43c8fdb1dc75883f350b598e5142,697323,Lee2019_MI,Q15-E007,BROAD_EEGNET,20260925,0.5512150526046753,0.4487849771976471,1
s43_1_offline_train_t038,43,1,offline_train,2,session1/s43/sess01_subj43_EEG_MI.mat,9eb5a1323741e92a7ee13296ce745a1bbe8d43c8fdb1dc75883f350b598e5142,708189,Lee2019_MI,Q15-E007,BROAD_EEGNET,20260925,0.885879635810852,0.11412031203508377,1
s43_1_offline_train_t039,43,1,offline_train,1,session1/s43/sess01_subj43_EEG_MI.mat,9eb5a1323741e92a7ee13296ce745a1bbe8d43c8fdb1dc75883f350b598e5142,719705,Lee2019_MI,Q15-E007,BROAD_EEGNET,20260925,0.9320420622825623,0.06795794516801834,1
s43_1_offline_train_t040,43,1,offline_train,1,session1/s43/sess01_subj43_EEG_MI.mat,9eb5a1323741e92a7ee13296ce745a1bbe8d43c8fdb1dc75883f350b598e5142,730289,Lee2019_MI,Q15-E007,BROAD_EEGNET,20260925,0.7671427726745605,0.23285727202892303,1
s43_1_offline_train_t041,43,1,offline_train,1,session1/s43/sess01_subj43_EEG_MI.mat,9eb5a1323741e92a7ee13296ce745a1bbe8d43c8fdb1dc75883f350b598e5142,741254,Lee2019_MI,Q15-E007,BROAD_EEGNET,20260925,0.528872549533844,0.4711274206638336,1
s43_1_offline_train_t042,43,1,offline_train,1,session1/s43/sess01_subj43_EEG_MI.mat,9eb5a1323741e92a7ee13296ce745a1bbe8d43c8fdb1dc75883f350b598e5142,752205,Lee2019_MI,Q15-E007,BROAD_EEGNET,20260925,0.711913526058197,0.2880864441394806,1
s43_1_offline_train_t043,43,1,offline_train,2,session1/s43/sess01_subj43_EEG_MI.mat,9eb5a1323741e92a7ee13296ce745a1bbe8d43c8fdb1dc75883f350b598e5142,763538,Lee2019_MI,Q15-E007,BROAD_EEGNET,20260925,0.48989129066467285,0.5101087093353271,2
s43_1_offline_train_t044,43,1,offline_train,1,session1/s43/sess01_subj43_EEG_MI.mat,9eb5a1323741e92a7ee13296ce745a1bbe8d43c8fdb1dc75883f350b598e5142,774871,Lee2019_MI,Q15-E007,BROAD_EEGNET,20260925,0.9329478144645691,0.06705211102962494,1
s43_1_offline_train_t045,43,1,offline_train,2,session1/s43/sess01_subj43_EEG_MI.mat,9eb5a1323741e92a7ee13296ce745a1bbe8d43c8fdb1dc75883f350b598e5142,785654,Lee2019_MI,Q15-E007,BROAD_EEGNET,20260925,0.7236862778663635,0.2763136923313141,1
s43_1_offline_train_t046,43,1,offline_train,1,session1/s43/sess01_subj43_EEG_MI.mat,9eb5a1323741e92a7ee13296ce745a1bbe8d43c8fdb1dc75883f350b598e5142,796704,Lee2019_MI,Q15-E007,BROAD_EEGNET,20260925,0.8656851649284363,0.1343148648738861,1
s43_1_offline_train_t047,43,1,offline_train,1,session1/s43/sess01_subj43_EEG_MI.mat,9eb5a1323741e92a7ee13296ce745a1bbe8d43c8fdb1dc75883f350b598e5142,807653,Lee2019_MI,Q15-E007,BROAD_EEGNET,20260925,0.7138109803199768,0.2861889898777008,1
s43_1_offline_train_t048,43,1,offline_train,1,session1/s43/sess01_subj43_EEG_MI.mat,9eb5a1323741e92a7ee13296ce745a1bbe8d43c8fdb1dc75883f350b598e5142,818803,Lee2019_MI,Q15-E007,BROAD_EEGNET,20260925,0.8052173852920532,0.19478267431259155,1
s43_1_offline_train_t049,43,1,offline_train,2,session1/s43/sess01_subj43_EEG_MI.mat,9eb5a1323741e92a7ee13296ce745a1bbe8d43c8fdb1dc75883f350b598e5142,830036,Lee2019_MI,Q15-E007,BROAD_EEGNET,20260925,0.624620258808136,0.3753797709941864,1
s43_1_offline_train_t050,43,1,offline_train,1,session1/s43/sess01_subj43_EEG_MI.mat,9eb5a1323741e92a7ee13296ce745a1bbe8d43c8fdb1dc75883f350b598e5142,951534,Lee2019_MI,Q15-E007,BROAD_EEGNET,20260925,0.8136641979217529,0.18633581697940826,1
s43_1_offline_train_t051,43,1,offline_train,1,session1/s43/sess01_subj43_EEG_MI.mat,9eb5a1323741e92a7ee13296ce745a1bbe8d43c8fdb1dc75883f350b598e5142,962400,Lee2019_MI,Q15-E007,BROAD_EEGNET,20260925,0.6050282120704651,0.3949717879295349,1
s43_1_offline_train_t052,43,1,offline_train,1,session1/s43/sess01_subj43_EEG_MI.mat,9eb5a1323741e92a7ee13296ce745a1bbe8d43c8fdb1dc75883f350b598e5142,973633,Lee2019_MI,Q15-E007,BROAD_EEGNET,20260925,0.4075338840484619,0.5924661159515381,2
s43_1_offline_train_t053,43,1,offline_train,1,session1/s43/sess01_subj43_EEG_MI.mat,9eb5a1323741e92a7ee13296ce745a1bbe8d43c8fdb1dc75883f350b598e5142,984866,Lee2019_MI,Q15-E007,BROAD_EEGNET,20260925,0.5144345164299011,0.48556551337242126,1
s43_1_offline_train_t054,43,1,offline_train,2,session1/s43/sess01_subj43_EEG_MI.mat,9eb5a1323741e92a7ee13296ce745a1bbe8d43c8fdb1dc75883f350b598e5142,995549,Lee2019_MI,Q15-E007,BROAD_EEGNET,20260925,0.7457531690597534,0.25424686074256897,1
s43_1_offline_train_t055,43,1,offline_train,1,session1/s43/sess01_subj43_EEG_MI.mat,9eb5a1323741e92a7ee13296ce745a1bbe8d43c8fdb1dc75883f350b598e5142,1006232,Lee2019_MI,Q15-E007,BROAD_EEGNET,20260925,0.6690264940261841,0.3309735357761383,1
s43_1_offline_train_t056,43,1,offline_train,1,session1/s43/sess01_subj43_EEG_MI.mat,9eb5a1323741e92a7ee13296ce745a1bbe8d43c8fdb1dc75883f350b598e5142,1017282,Lee2019_MI,Q15-E007,BROAD_EEGNET,20260925,0.6110013723373413,0.3889986574649811,1
s43_1_offline_train_t057,43,1,offline_train,2,session1/s43/sess01_subj43_EEG_MI.mat,9eb5a1323741e92a7ee13296ce745a1bbe8d43c8fdb1dc75883f350b598e5142,1028797,Lee2019_MI,Q15-E007,BROAD_EEGNET,20260925,0.6784261465072632,0.3215738534927368,1
s43_1_offline_train_t058,43,1,offline_train,2,session1/s43/sess01_subj43_EEG_MI.mat,9eb5a1323741e92a7ee13296ce745a1bbe8d43c8fdb1dc75883f350b598e5142,1039665,Lee2019_MI,Q15-E007,BROAD_EEGNET,20260925,0.7018780708312988,0.29812198877334595,1
s43_1_offline_train_t059,43,1,offline_train,1,session1/s43/sess01_subj43_EEG_MI.mat,9eb5a1323741e92a7ee13296ce745a1bbe8d43c8fdb1dc75883f350b598e5142,1050814,Lee2019_MI,Q15-E007,BROAD_EEGNET,20260925,0.6652538776397705,0.3347461223602295,1
s43_1_offline_train_t060,43,1,offline_train,1,session1/s43/sess01_subj43_EEG_MI.mat,9eb5a1323741e92a7ee13296ce745a1bbe8d43c8fdb1dc75883f350b598e5142,1061581,Lee2019_MI,Q15-E007,BROAD_EEGNET,20260925,0.6616560816764832,0.3383439779281616,1
s43_1_offline_train_t061,43,1,offline_train,2,session1/s43/sess01_subj43_EEG_MI.mat,9eb5a1323741e92a7ee13296ce745a1bbe8d43c8fdb1dc75883f350b598e5142,1072914,Lee2019_MI,Q15-E007,BROAD_EEGNET,20260925,0.866413950920105,0.13358600437641144,1
s43_1_offline_train_t062,43,1,offline_train,2,session1/s43/sess01_subj43_EEG_MI.mat,9eb5a1323741e92a7ee13296ce745a1bbe8d43c8fdb1dc75883f350b598e5142,1083697,Lee2019_MI,Q15-E007,BROAD_EEGNET,20260925,0.6388368606567383,0.3611631691455841,1
s43_1_offline_train_t063,43,1,offline_train,1,session1/s43/sess01_subj43_EEG_MI.mat,9eb5a1323741e92a7ee13296ce745a1bbe8d43c8fdb1dc75883f350b598e5142,1094747,Lee2019_MI,Q15-E007,BROAD_EEGNET,20260925,0.7548463940620422,0.24515356123447418,1
s43_1_offline_train_t064,43,1,offline_train,2,session1/s43/sess01_subj43_EEG_MI.mat,9eb5a1323741e92a7ee13296ce745a1bbe8d43c8fdb1dc75883f350b598e5142,1105980,Lee2019_MI,Q15-E007,BROAD_EEGNET,20260925,0.7825448513031006,0.21745514869689941,1
s43_1_offline_train_t065,43,1,offline_train,2,session1/s43/sess01_subj43_EEG_MI.mat,9eb5a1323741e92a7ee13296ce745a1bbe8d43c8fdb1dc75883f350b598e5142,1117413,Lee2019_MI,Q15-E007,BROAD_EEGNET,20260925,0.7705539464950562,0.22944605350494385,1
s43_1_offline_train_t066,43,1,offline_train,2,session1/s43/sess01_subj43_EEG_MI.mat,9eb5a1323741e92a7ee13296ce745a1bbe8d43c8fdb1dc75883f350b598e5142,1128929,Lee2019_MI,Q15-E007,BROAD_EEGNET,20260925,0.8630231022834778,0.1369769126176834,1
s43_1_offline_train_t067,43,1,offline_train,2,session1/s43/sess01_subj43_EEG_MI.mat,9eb5a1323741e92a7ee13296ce745a1bbe8d43c8fdb1dc75883f350b598e5142,1140078,Lee2019_MI,Q15-E007,BROAD_EEGNET,20260925,0.6085000038146973,0.39149996638298035,1
s43_1_offline_train_t068,43,1,offline_train,1,session1/s43/sess01_subj43_EEG_MI.mat,9eb5a1323741e92a7ee13296ce745a1bbe8d43c8fdb1dc75883f350b598e5142,1150746,Lee2019_MI,Q15-E007,BROAD_EEGNET,20260925,0.689746081829071,0.31025391817092896,1
s43_1_offline_train_t069,43,1,offline_train,1,session1/s43/sess01_subj43_EEG_MI.mat,9eb5a1323741e92a7ee13296ce745a1bbe8d43c8fdb1dc75883f350b598e5142,1161428,Lee2019_MI,Q15-E007,BROAD_EEGNET,20260925,0.7998855710029602,0.2001144289970398,1
s43_1_offline_train_t070,43,1,offline_train,2,session1/s43/sess01_subj43_EEG_MI.mat,9eb5a1323741e92a7ee13296ce745a1bbe8d43c8fdb1dc75883f350b598e5142,1172212,Lee2019_MI,Q15-E007,BROAD_EEGNET,20260925,0.6882755160331726,0.3117244839668274,1
s43_1_offline_train_t071,43,1,offline_train,1,session1/s43/sess01_subj43_EEG_MI.mat,9eb5a1323741e92a7ee13296ce745a1bbe8d43c8fdb1dc75883f350b598e5142,1183627,Lee2019_MI,Q15-E007,BROAD_EEGNET,20260925,0.9119152426719666,0.08808480948209763,1
s43_1_offline_train_t072,43,1,offline_train,2,session1/s43/sess01_subj43_EEG_MI.mat,9eb5a1323741e92a7ee13296ce745a1bbe8d43c8fdb1dc75883f350b598e5142,1194411,Lee2019_MI,Q15-E007,BROAD_EEGNET,20260925,0.7764946818351746,0.22350528836250305,1
s43_1_offline_train_t073,43,1,offline_train,2,session1/s43/sess01_subj43_EEG_MI.mat,9eb5a1323741e92a7ee13296ce745a1bbe8d43c8fdb1dc75883f350b598e5142,1205727,Lee2019_MI,Q15-E007,BROAD_EEGNET,20260925,0.8403220176696777,0.15967798233032227,1
s43_1_offline_train_t074,43,1,offline_train,2,session1/s43/sess01_subj43_EEG_MI.mat,9eb5a1323741e92a7ee13296ce745a1bbe8d43c8fdb1dc75883f350b598e5142,1216511,Lee2019_MI,Q15-E007,BROAD_EEGNET,20260925,0.7286159992218018,0.27138394117355347,1
s43_1_offline_train_t075,43,1,offline_train,1,session1/s43/sess01_subj43_EEG_MI.mat,9eb5a1323741e92a7ee13296ce745a1bbe8d43c8fdb1dc75883f350b598e5142,1228027,Lee2019_MI,Q15-E007,BROAD_EEGNET,20260925,0.5860509276390076,0.41394907236099243,1
s43_1_offline_train_t076,43,1,offline_train,2,session1/s43/sess01_subj43_EEG_MI.mat,9eb5a1323741e92a7ee13296ce745a1bbe8d43c8fdb1dc75883f350b598e5142,1238893,Lee2019_MI,Q15-E007,BROAD_EEGNET,20260925,0.7119027376174927,0.28809720277786255,1
s43_1_offline_train_t077,43,1,offline_train,1,session1/s43/sess01_subj43_EEG_MI.mat,9eb5a1323741e92a7ee13296ce745a1bbe8d43c8fdb1dc75883f350b598e5142,1249660,Lee2019_MI,Q15-E007,BROAD_EEGNET,20260925,0.6404804587364197,0.35951951146125793,1
s43_1_offline_train_t078,43,1,offline_train,1,session1/s43/sess01_subj43_EEG_MI.mat,9eb5a1323741e92a7ee13296ce745a1bbe8d43c8fdb1dc75883f350b598e5142,1260443,Lee2019_MI,Q15-E007,BROAD_EEGNET,20260925,0.3935433328151703,0.6064566373825073,2
s43_1_offline_train_t079,43,1,offline_train,2,session1/s43/sess01_subj43_EEG_MI.mat,9eb5a1323741e92a7ee13296ce745a1bbe8d43c8fdb1dc75883f350b598e5142,1271593,Lee2019_MI,Q15-E007,BROAD_EEGNET,20260925,0.49789804220199585,0.5021019577980042,2
s43_1_offline_train_t080,43,1,offline_train,2,session1/s43/sess01_subj43_EEG_MI.mat,9eb5a1323741e92a7ee13296ce745a1bbe8d43c8fdb1dc75883f350b598e5142,1282641,Lee2019_MI,Q15-E007,BROAD_EEGNET,20260925,0.8880432844161987,0.11195672303438187,1
s43_1_offline_train_t081,43,1,offline_train,2,session1/s43/sess01_subj43_EEG_MI.mat,9eb5a1323741e92a7ee13296ce745a1bbe8d43c8fdb1dc75883f350b598e5142,1293509,Lee2019_MI,Q15-E007,BROAD_EEGNET,20260925,0.42381659150123596,0.5761833786964417,2
s43_1_offline_train_t082,43,1,offline_train,1,session1/s43/sess01_subj43_EEG_MI.mat,9eb5a1323741e92a7ee13296ce745a1bbe8d43c8fdb1dc75883f350b598e5142,1304925,Lee2019_MI,Q15-E007,BROAD_EEGNET,20260925,0.56200110912323,0.43799889087677,1
s43_1_offline_train_t083,43,1,offline_train,2,session1/s43/sess01_subj43_EEG_MI.mat,9eb5a1323741e92a7ee13296ce745a1bbe8d43c8fdb1dc75883f350b598e5142,1316075,Lee2019_MI,Q15-E007,BROAD_EEGNET,20260925,0.25878074765205383,0.7412192225456238,2
s43_1_offline_train_t084,43,1,offline_train,2,session1/s43/sess01_subj43_EEG_MI.mat,9eb5a1323741e92a7ee13296ce745a1bbe8d43c8fdb1dc75883f350b598e5142,1327225,Lee2019_MI,Q15-E007,BROAD_EEGNET,20260925,0.5902127027511597,0.4097873568534851,1
s43_1_offline_train_t085,43,1,offline_train,1,session1/s43/sess01_subj43_EEG_MI.mat,9eb5a1323741e92a7ee13296ce745a1bbe8d43c8fdb1dc75883f350b598e5142,1338741,Lee2019_MI,Q15-E007,BROAD_EEGNET,20260925,0.6145520210266113,0.38544797897338867,1
s43_1_offline_train_t086,43,1,offline_train,2,session1/s43/sess01_subj43_EEG_MI.mat,9eb5a1323741e92a7ee13296ce745a1bbe8d43c8fdb1dc75883f350b598e5142,1349607,Lee2019_MI,Q15-E007,BROAD_EEGNET,20260925,0.4167161285877228,0.5832839012145996,2
s43_1_offline_train_t087,43,1,offline_train,1,session1/s43/sess01_subj43_EEG_MI.mat,9eb5a1323741e92a7ee13296ce745a1bbe8d43c8fdb1dc75883f350b598e5142,1360940,Lee2019_MI,Q15-E007,BROAD_EEGNET,20260925,0.7014583945274353,0.2985415458679199,1
s43_1_offline_train_t088,43,1,offline_train,2,session1/s43/sess01_subj43_EEG_MI.mat,9eb5a1323741e92a7ee13296ce745a1bbe8d43c8fdb1dc75883f350b598e5142,1372274,Lee2019_MI,Q15-E007,BROAD_EEGNET,20260925,0.4117286205291748,0.5882713198661804,2
s43_1_offline_train_t089,43,1,offline_train,2,session1/s43/sess01_subj43_EEG_MI.mat,9eb5a1323741e92a7ee13296ce745a1bbe8d43c8fdb1dc75883f350b598e5142,1383223,Lee2019_MI,Q15-E007,BROAD_EEGNET,20260925,0.580040693283081,0.41995924711227417,1
s43_1_offline_train_t090,43,1,offline_train,2,session1/s43/sess01_subj43_EEG_MI.mat,9eb5a1323741e92a7ee13296ce745a1bbe8d43c8fdb1dc75883f350b598e5142,1394373,Lee2019_MI,Q15-E007,BROAD_EEGNET,20260925,0.6311407685279846,0.3688592314720154,1
s43_1_offline_train_t091,43,1,offline_train,2,session1/s43/sess01_subj43_EEG_MI.mat,9eb5a1323741e92a7ee13296ce745a1bbe8d43c8fdb1dc75883f350b598e5142,1404956,Lee2019_MI,Q15-E007,BROAD_EEGNET,20260925,0.4643561840057373,0.5356438755989075,2
s43_1_offline_train_t092,43,1,offline_train,2,session1/s43/sess01_subj43_EEG_MI.mat,9eb5a1323741e92a7ee13296ce745a1bbe8d43c8fdb1dc75883f350b598e5142,1415539,Lee2019_MI,Q15-E007,BROAD_EEGNET,20260925,0.35801514983177185,0.6419848203659058,2
s43_1_offline_train_t093,43,1,offline_train,1,session1/s43/sess01_subj43_EEG_MI.mat,9eb5a1323741e92a7ee13296ce745a1bbe8d43c8fdb1dc75883f350b598e5142,1426605,Lee2019_MI,Q15-E007,BROAD_EEGNET,20260925,0.8029379844665527,0.19706198573112488,1
s43_1_offline_train_t094,43,1,offline_train,2,session1/s43/sess01_subj43_EEG_MI.mat,9eb5a1323741e92a7ee13296ce745a1bbe8d43c8fdb1dc75883f350b598e5142,1437939,Lee2019_MI,Q15-E007,BROAD_EEGNET,20260925,0.5148051381111145,0.4851948618888855,1
s43_1_offline_train_t095,43,1,offline_train,1,session1/s43/sess01_subj43_EEG_MI.mat,9eb5a1323741e92a7ee13296ce745a1bbe8d43c8fdb1dc75883f350b598e5142,1449455,Lee2019_MI,Q15-E007,BROAD_EEGNET,20260925,0.7554531097412109,0.24454689025878906,1
s43_1_offline_train_t096,43,1,offline_train,1,session1/s43/sess01_subj43_EEG_MI.mat,9eb5a1323741e92a7ee13296ce745a1bbe8d43c8fdb1dc75883f350b598e5142,1460121,Lee2019_MI,Q15-E007,BROAD_EEGNET,20260925,0.8508417010307312,0.14915834367275238,1
s43_1_offline_train_t097,43,1,offline_train,2,session1/s43/sess01_subj43_EEG_MI.mat,9eb5a1323741e92a7ee13296ce745a1bbe8d43c8fdb1dc75883f350b598e5142,1471271,Lee2019_MI,Q15-E007,BROAD_EEGNET,20260925,0.7919082641601562,0.20809181034564972,1
s43_1_offline_train_t098,43,1,offline_train,1,session1/s43/sess01_subj43_EEG_MI.mat,9eb5a1323741e92a7ee13296ce745a1bbe8d43c8fdb1dc75883f350b598e5142,1482320,Lee2019_MI,Q15-E007,BROAD_EEGNET,20260925,0.668630838394165,0.3313691318035126,1
s43_1_offline_train_t099,43,1,offline_train,2,session1/s43/sess01_subj43_EEG_MI.mat,9eb5a1323741e92a7ee13296ce745a1bbe8d43c8fdb1dc75883f350b598e5142,1492921,Lee2019_MI,Q15-E007,BROAD_EEGNET,20260925,0.6154543161392212,0.3845457136631012,1
s43_1_offline_train_t100,43,1,offline_train,2,session1/s43/sess01_subj43_EEG_MI.mat,9eb5a1323741e92a7ee13296ce745a1bbe8d43c8fdb1dc75883f350b598e5142,1503787,Lee2019_MI,Q15-E007,BROAD_EEGNET,20260925,0.6204994916915894,0.37950047850608826,1
s43_2_offline_train_t001,43,2,offline_train,1,session2/s43/sess02_subj43_EEG_MI.mat,923325040004bc97b06cc2711b8f849429f9474fa9d3ef03c62c4291b94b6a06,148500,Lee2019_MI,Q15-E007,BROAD_EEGNET,20260925,0.5105630159378052,0.4894369840621948,1
s43_2_offline_train_t002,43,2,offline_train,2,session2/s43/sess02_subj43_EEG_MI.mat,923325040004bc97b06cc2711b8f849429f9474fa9d3ef03c62c4291b94b6a06,160035,Lee2019_MI,Q15-E007,BROAD_EEGNET,20260925,0.7688736319541931,0.23112642765045166,1
s43_2_offline_train_t003,43,2,offline_train,1,session2/s43/sess02_subj43_EEG_MI.mat,923325040004bc97b06cc2711b8f849429f9474fa9d3ef03c62c4291b94b6a06,170718,Lee2019_MI,Q15-E007,BROAD_EEGNET,20260925,0.6813971400260925,0.31860288977622986,1
s43_2_offline_train_t004,43,2,offline_train,1,session2/s43/sess02_subj43_EEG_MI.mat,923325040004bc97b06cc2711b8f849429f9474fa9d3ef03c62c4291b94b6a06,182234,Lee2019_MI,Q15-E007,BROAD_EEGNET,20260925,0.5943422913551331,0.40565764904022217,1
s43_2_offline_train_t005,43,2,offline_train,2,session2/s43/sess02_subj43_EEG_MI.mat,923325040004bc97b06cc2711b8f849429f9474fa9d3ef03c62c4291b94b6a06,193384,Lee2019_MI,Q15-E007,BROAD_EEGNET,20260925,0.6662417054176331,0.33375832438468933,1
s43_2_offline_train_t006,43,2,offline_train,2,session2/s43/sess02_subj43_EEG_MI.mat,923325040004bc97b06cc2711b8f849429f9474fa9d3ef03c62c4291b94b6a06,204067,Lee2019_MI,Q15-E007,BROAD_EEGNET,20260925,0.8423004150390625,0.1576995551586151,1
s43_2_offline_train_t007,43,2,offline_train,1,session2/s43/sess02_subj43_EEG_MI.mat,923325040004bc97b06cc2711b8f849429f9474fa9d3ef03c62c4291b94b6a06,214933,Lee2019_MI,Q15-E007,BROAD_EEGNET,20260925,0.6454443335533142,0.354555606842041,1
s43_2_offline_train_t008,43,2,offline_train,2,session2/s43/sess02_subj43_EEG_MI.mat,923325040004bc97b06cc2711b8f849429f9474fa9d3ef03c62c4291b94b6a06,226067,Lee2019_MI,Q15-E007,BROAD_EEGNET,20260925,0.4483194947242737,0.5516805052757263,2
s43_2_offline_train_t009,43,2,offline_train,1,session2/s43/sess02_subj43_EEG_MI.mat,923325040004bc97b06cc2711b8f849429f9474fa9d3ef03c62c4291b94b6a06,237583,Lee2019_MI,Q15-E007,BROAD_EEGNET,20260925,0.9264987707138062,0.07350122928619385,1
s43_2_offline_train_t010,43,2,offline_train,1,session2/s43/sess02_subj43_EEG_MI.mat,923325040004bc97b06cc2711b8f849429f9474fa9d3ef03c62c4291b94b6a06,249100,Lee2019_MI,Q15-E007,BROAD_EEGNET,20260925,0.6838517785072327,0.3161482512950897,1
s43_2_offline_train_t011,43,2,offline_train,2,session2/s43/sess02_subj43_EEG_MI.mat,923325040004bc97b06cc2711b8f849429f9474fa9d3ef03c62c4291b94b6a06,259783,Lee2019_MI,Q15-E007,BROAD_EEGNET,20260925,0.7335726022720337,0.2664273977279663,1
s43_2_offline_train_t012,43,2,offline_train,2,session2/s43/sess02_subj43_EEG_MI.mat,923325040004bc97b06cc2711b8f849429f9474fa9d3ef03c62c4291b94b6a06,271299,Lee2019_MI,Q15-E007,BROAD_EEGNET,20260925,0.5347421169281006,0.4652578830718994,1
s43_2_offline_train_t013,43,2,offline_train,1,session2/s43/sess02_subj43_EEG_MI.mat,923325040004bc97b06cc2711b8f849429f9474fa9d3ef03c62c4291b94b6a06,282816,Lee2019_MI,Q15-E007,BROAD_EEGNET,20260925,0.7708409428596497,0.22915905714035034,1
s43_2_offline_train_t014,43,2,offline_train,1,session2/s43/sess02_subj43_EEG_MI.mat,923325040004bc97b06cc2711b8f849429f9474fa9d3ef03c62c4291b94b6a06,293865,Lee2019_MI,Q15-E007,BROAD_EEGNET,20260925,0.6188874840736389,0.3811125159263611,1
s43_2_offline_train_t015,43,2,offline_train,2,session2/s43/sess02_subj43_EEG_MI.mat,923325040004bc97b06cc2711b8f849429f9474fa9d3ef03c62c4291b94b6a06,305198,Lee2019_MI,Q15-E007,BROAD_EEGNET,20260925,0.45933404564857483,0.5406659841537476,2
s43_2_offline_train_t016,43,2,offline_train,1,session2/s43/sess02_subj43_EEG_MI.mat,923325040004bc97b06cc2711b8f849429f9474fa9d3ef03c62c4291b94b6a06,315881,Lee2019_MI,Q15-E007,BROAD_EEGNET,20260925,0.6972379684448242,0.30276209115982056,1
s43_2_offline_train_t017,43,2,offline_train,1,session2/s43/sess02_subj43_EEG_MI.mat,923325040004bc97b06cc2711b8f849429f9474fa9d3ef03c62c4291b94b6a06,326848,Lee2019_MI,Q15-E007,BROAD_EEGNET,20260925,0.6140342354774475,0.3859657049179077,1
s43_2_offline_train_t018,43,2,offline_train,1,session2/s43/sess02_subj43_EEG_MI.mat,923325040004bc97b06cc2711b8f849429f9474fa9d3ef03c62c4291b94b6a06,338264,Lee2019_MI,Q15-E007,BROAD_EEGNET,20260925,0.8358728885650635,0.16412712633609772,1
s43_2_offline_train_t019,43,2,offline_train,1,session2/s43/sess02_subj43_EEG_MI.mat,923325040004bc97b06cc2711b8f849429f9474fa9d3ef03c62c4291b94b6a06,349597,Lee2019_MI,Q15-E007,BROAD_EEGNET,20260925,0.6912268996238708,0.30877313017845154,1
s43_2_offline_train_t020,43,2,offline_train,2,session2/s43/sess02_subj43_EEG_MI.mat,923325040004bc97b06cc2711b8f849429f9474fa9d3ef03c62c4291b94b6a06,361114,Lee2019_MI,Q15-E007,BROAD_EEGNET,20260925,0.5689594149589539,0.43104061484336853,1
s43_2_offline_train_t021,43,2,offline_train,2,session2/s43/sess02_subj43_EEG_MI.mat,923325040004bc97b06cc2711b8f849429f9474fa9d3ef03c62c4291b94b6a06,372346,Lee2019_MI,Q15-E007,BROAD_EEGNET,20260925,0.7136433720588684,0.2863566279411316,1
s43_2_offline_train_t022,43,2,offline_train,1,session2/s43/sess02_subj43_EEG_MI.mat,923325040004bc97b06cc2711b8f849429f9474fa9d3ef03c62c4291b94b6a06,382947,Lee2019_MI,Q15-E007,BROAD_EEGNET,20260925,0.7420370578765869,0.2579629123210907,1
s43_2_offline_train_t023,43,2,offline_train,2,session2/s43/sess02_subj43_EEG_MI.mat,923325040004bc97b06cc2711b8f849429f9474fa9d3ef03c62c4291b94b6a06,394362,Lee2019_MI,Q15-E007,BROAD_EEGNET,20260925,0.4116217792034149,0.5883781909942627,2
s43_2_offline_train_t024,43,2,offline_train,2,session2/s43/sess02_subj43_EEG_MI.mat,923325040004bc97b06cc2711b8f849429f9474fa9d3ef03c62c4291b94b6a06,405878,Lee2019_MI,Q15-E007,BROAD_EEGNET,20260925,0.5072847008705139,0.4927152991294861,1
s43_2_offline_train_t025,43,2,offline_train,2,session2/s43/sess02_subj43_EEG_MI.mat,923325040004bc97b06cc2711b8f849429f9474fa9d3ef03c62c4291b94b6a06,417129,Lee2019_MI,Q15-E007,BROAD_EEGNET,20260925,0.5193970203399658,0.48060300946235657,1
s43_2_offline_train_t026,43,2,offline_train,1,session2/s43/sess02_subj43_EEG_MI.mat,923325040004bc97b06cc2711b8f849429f9474fa9d3ef03c62c4291b94b6a06,428446,Lee2019_MI,Q15-E007,BROAD_EEGNET,20260925,0.6921744346618652,0.30782559514045715,1
s43_2_offline_train_t027,43,2,offline_train,2,session2/s43/sess02_subj43_EEG_MI.mat,923325040004bc97b06cc2711b8f849429f9474fa9d3ef03c62c4291b94b6a06,439695,Lee2019_MI,Q15-E007,BROAD_EEGNET,20260925,0.7112154960632324,0.28878453373908997,1
s43_2_offline_train_t028,43,2,offline_train,1,session2/s43/sess02_subj43_EEG_MI.mat,923325040004bc97b06cc2711b8f849429f9474fa9d3ef03c62c4291b94b6a06,450645,Lee2019_MI,Q15-E007,BROAD_EEGNET,20260925,0.630290687084198,0.3697092831134796,1
s43_2_offline_train_t029,43,2,offline_train,1,session2/s43/sess02_subj43_EEG_MI.mat,923325040004bc97b06cc2711b8f849429f9474fa9d3ef03c62c4291b94b6a06,461895,Lee2019_MI,Q15-E007,BROAD_EEGNET,20260925,0.67538982629776,0.3246101140975952,1
s43_2_offline_train_t030,43,2,offline_train,2,session2/s43/sess02_subj43_EEG_MI.mat,923325040004bc97b06cc2711b8f849429f9474fa9d3ef03c62c4291b94b6a06,472661,Lee2019_MI,Q15-E007,BROAD_EEGNET,20260925,0.08530129492282867,0.9146986603736877,2
s43_2_offline_train_t031,43,2,offline_train,1,session2/s43/sess02_subj43_EEG_MI.mat,923325040004bc97b06cc2711b8f849429f9474fa9d3ef03c62c4291b94b6a06,483895,Lee2019_MI,Q15-E007,BROAD_EEGNET,20260925,0.47181209921836853,0.5281879305839539,2
s43_2_offline_train_t032,43,2,offline_train,2,session2/s43/sess02_subj43_EEG_MI.mat,923325040004bc97b06cc2711b8f849429f9474fa9d3ef03c62c4291b94b6a06,494494,Lee2019_MI,Q15-E007,BROAD_EEGNET,20260925,0.4298824071884155,0.5701175928115845,2
s43_2_offline_train_t033,43,2,offline_train,1,session2/s43/sess02_subj43_EEG_MI.mat,923325040004bc97b06cc2711b8f849429f9474fa9d3ef03c62c4291b94b6a06,505361,Lee2019_MI,Q15-E007,BROAD_EEGNET,20260925,0.7348108291625977,0.26518914103507996,1
s43_2_offline_train_t034,43,2,offline_train,2,session2/s43/sess02_subj43_EEG_MI.mat,923325040004bc97b06cc2711b8f849429f9474fa9d3ef03c62c4291b94b6a06,515944,Lee2019_MI,Q15-E007,BROAD_EEGNET,20260925,0.6355434656143188,0.36445650458335876,1
s43_2_offline_train_t035,43,2,offline_train,2,session2/s43/sess02_subj43_EEG_MI.mat,923325040004bc97b06cc2711b8f849429f9474fa9d3ef03c62c4291b94b6a06,526627,Lee2019_MI,Q15-E007,BROAD_EEGNET,20260925,0.5932542681694031,0.40674570202827454,1
s43_2_offline_train_t036,43,2,offline_train,1,session2/s43/sess02_subj43_EEG_MI.mat,923325040004bc97b06cc2711b8f849429f9474fa9d3ef03c62c4291b94b6a06,537959,Lee2019_MI,Q15-E007,BROAD_EEGNET,20260925,0.7242018580436707,0.2757982015609741,1
s43_2_offline_train_t037,43,2,offline_train,1,session2/s43/sess02_subj43_EEG_MI.mat,923325040004bc97b06cc2711b8f849429f9474fa9d3ef03c62c4291b94b6a06,549193,Lee2019_MI,Q15-E007,BROAD_EEGNET,20260925,0.6183537244796753,0.3816462755203247,1
s43_2_offline_train_t038,43,2,offline_train,2,session2/s43/sess02_subj43_EEG_MI.mat,923325040004bc97b06cc2711b8f849429f9474fa9d3ef03c62c4291b94b6a06,560060,Lee2019_MI,Q15-E007,BROAD_EEGNET,20260925,0.6662845611572266,0.33371543884277344,1
s43_2_offline_train_t039,43,2,offline_train,1,session2/s43/sess02_subj43_EEG_MI.mat,923325040004bc97b06cc2711b8f849429f9474fa9d3ef03c62c4291b94b6a06,571576,Lee2019_MI,Q15-E007,BROAD_EEGNET,20260925,0.6331354379653931,0.36686453223228455,1
s43_2_offline_train_t040,43,2,offline_train,1,session2/s43/sess02_subj43_EEG_MI.mat,923325040004bc97b06cc2711b8f849429f9474fa9d3ef03c62c4291b94b6a06,582159,Lee2019_MI,Q15-E007,BROAD_EEGNET,20260925,0.6107234358787537,0.3892765939235687,1
s43_2_offline_train_t041,43,2,offline_train,1,session2/s43/sess02_subj43_EEG_MI.mat,923325040004bc97b06cc2711b8f849429f9474fa9d3ef03c62c4291b94b6a06,593125,Lee2019_MI,Q15-E007,BROAD_EEGNET,20260925,0.6429354548454285,0.35706448554992676,1
s43_2_offline_train_t042,43,2,offline_train,1,session2/s43/sess02_subj43_EEG_MI.mat,923325040004bc97b06cc2711b8f849429f9474fa9d3ef03c62c4291b94b6a06,604092,Lee2019_MI,Q15-E007,BROAD_EEGNET,20260925,0.8588754534721375,0.14112456142902374,1
s43_2_offline_train_t043,43,2,offline_train,2,session2/s43/sess02_subj43_EEG_MI.mat,923325040004bc97b06cc2711b8f849429f9474fa9d3ef03c62c4291b94b6a06,615408,Lee2019_MI,Q15-E007,BROAD_EEGNET,20260925,0.675443708896637,0.32455629110336304,1
s43_2_offline_train_t044,43,2,offline_train,1,session2/s43/sess02_subj43_EEG_MI.mat,923325040004bc97b06cc2711b8f849429f9474fa9d3ef03c62c4291b94b6a06,626741,Lee2019_MI,Q15-E007,BROAD_EEGNET,20260925,0.6564591526985168,0.34354084730148315,1
s43_2_offline_train_t045,43,2,offline_train,2,session2/s43/sess02_subj43_EEG_MI.mat,923325040004bc97b06cc2711b8f849429f9474fa9d3ef03c62c4291b94b6a06,637524,Lee2019_MI,Q15-E007,BROAD_EEGNET,20260925,0.8325245976448059,0.16747541725635529,1
s43_2_offline_train_t046,43,2,offline_train,1,session2/s43/sess02_subj43_EEG_MI.mat,923325040004bc97b06cc2711b8f849429f9474fa9d3ef03c62c4291b94b6a06,648574,Lee2019_MI,Q15-E007,BROAD_EEGNET,20260925,0.7978149652481079,0.2021850049495697,1
s43_2_offline_train_t047,43,2,offline_train,1,session2/s43/sess02_subj43_EEG_MI.mat,923325040004bc97b06cc2711b8f849429f9474fa9d3ef03c62c4291b94b6a06,659541,Lee2019_MI,Q15-E007,BROAD_EEGNET,20260925,0.7742670774459839,0.22573284804821014,1
s43_2_offline_train_t048,43,2,offline_train,1,session2/s43/sess02_subj43_EEG_MI.mat,923325040004bc97b06cc2711b8f849429f9474fa9d3ef03c62c4291b94b6a06,670774,Lee2019_MI,Q15-E007,BROAD_EEGNET,20260925,0.8528995513916016,0.1471005082130432,1
s43_2_offline_train_t049,43,2,offline_train,2,session2/s43/sess02_subj43_EEG_MI.mat,923325040004bc97b06cc2711b8f849429f9474fa9d3ef03c62c4291b94b6a06,682007,Lee2019_MI,Q15-E007,BROAD_EEGNET,20260925,0.41102489829063416,0.5889751315116882,2
s43_2_offline_train_t050,43,2,offline_train,1,session2/s43/sess02_subj43_EEG_MI.mat,923325040004bc97b06cc2711b8f849429f9474fa9d3ef03c62c4291b94b6a06,706156,Lee2019_MI,Q15-E007,BROAD_EEGNET,20260925,0.651875913143158,0.34812411665916443,1
s43_2_offline_train_t051,43,2,offline_train,1,session2/s43/sess02_subj43_EEG_MI.mat,923325040004bc97b06cc2711b8f849429f9474fa9d3ef03c62c4291b94b6a06,717023,Lee2019_MI,Q15-E007,BROAD_EEGNET,20260925,0.7561745047569275,0.2438254952430725,1
s43_2_offline_train_t052,43,2,offline_train,1,session2/s43/sess02_subj43_EEG_MI.mat,923325040004bc97b06cc2711b8f849429f9474fa9d3ef03c62c4291b94b6a06,728256,Lee2019_MI,Q15-E007,BROAD_EEGNET,20260925,0.7161573171615601,0.28384265303611755,1
s43_2_offline_train_t053,43,2,offline_train,1,session2/s43/sess02_subj43_EEG_MI.mat,923325040004bc97b06cc2711b8f849429f9474fa9d3ef03c62c4291b94b6a06,739506,Lee2019_MI,Q15-E007,BROAD_EEGNET,20260925,0.5736160278320312,0.42638400197029114,1
s43_2_offline_train_t054,43,2,offline_train,2,session2/s43/sess02_subj43_EEG_MI.mat,923325040004bc97b06cc2711b8f849429f9474fa9d3ef03c62c4291b94b6a06,750189,Lee2019_MI,Q15-E007,BROAD_EEGNET,20260925,0.6278037428855896,0.372196227312088,1
s43_2_offline_train_t055,43,2,offline_train,1,session2/s43/sess02_subj43_EEG_MI.mat,923325040004bc97b06cc2711b8f849429f9474fa9d3ef03c62c4291b94b6a06,760855,Lee2019_MI,Q15-E007,BROAD_EEGNET,20260925,0.8600050806999207,0.13999488949775696,1
s43_2_offline_train_t056,43,2,offline_train,1,session2/s43/sess02_subj43_EEG_MI.mat,923325040004bc97b06cc2711b8f849429f9474fa9d3ef03c62c4291b94b6a06,771920,Lee2019_MI,Q15-E007,BROAD_EEGNET,20260925,0.779220461845398,0.22077956795692444,1
s43_2_offline_train_t057,43,2,offline_train,2,session2/s43/sess02_subj43_EEG_MI.mat,923325040004bc97b06cc2711b8f849429f9474fa9d3ef03c62c4291b94b6a06,783438,Lee2019_MI,Q15-E007,BROAD_EEGNET,20260925,0.4518858790397644,0.5481141209602356,2
s43_2_offline_train_t058,43,2,offline_train,2,session2/s43/sess02_subj43_EEG_MI.mat,923325040004bc97b06cc2711b8f849429f9474fa9d3ef03c62c4291b94b6a06,794304,Lee2019_MI,Q15-E007,BROAD_EEGNET,20260925,0.6491178274154663,0.35088223218917847,1
s43_2_offline_train_t059,43,2,offline_train,1,session2/s43/sess02_subj43_EEG_MI.mat,923325040004bc97b06cc2711b8f849429f9474fa9d3ef03c62c4291b94b6a06,805437,Lee2019_MI,Q15-E007,BROAD_EEGNET,20260925,0.7082658410072327,0.29173415899276733,1
s43_2_offline_train_t060,43,2,offline_train,1,session2/s43/sess02_subj43_EEG_MI.mat,923325040004bc97b06cc2711b8f849429f9474fa9d3ef03c62c4291b94b6a06,816220,Lee2019_MI,Q15-E007,BROAD_EEGNET,20260925,0.7541155815124512,0.24588444828987122,1
s43_2_offline_train_t061,43,2,offline_train,2,session2/s43/sess02_subj43_EEG_MI.mat,923325040004bc97b06cc2711b8f849429f9474fa9d3ef03c62c4291b94b6a06,827553,Lee2019_MI,Q15-E007,BROAD_EEGNET,20260925,0.5461089611053467,0.45389100909233093,1
s43_2_offline_train_t062,43,2,offline_train,2,session2/s43/sess02_subj43_EEG_MI.mat,923325040004bc97b06cc2711b8f849429f9474fa9d3ef03c62c4291b94b6a06,838320,Lee2019_MI,Q15-E007,BROAD_EEGNET,20260925,0.6848835945129395,0.31511637568473816,1
s43_2_offline_train_t063,43,2,offline_train,1,session2/s43/sess02_subj43_EEG_MI.mat,923325040004bc97b06cc2711b8f849429f9474fa9d3ef03c62c4291b94b6a06,849369,Lee2019_MI,Q15-E007,BROAD_EEGNET,20260925,0.836746096611023,0.16325387358665466,1
s43_2_offline_train_t064,43,2,offline_train,2,session2/s43/sess02_subj43_EEG_MI.mat,923325040004bc97b06cc2711b8f849429f9474fa9d3ef03c62c4291b94b6a06,860619,Lee2019_MI,Q15-E007,BROAD_EEGNET,20260925,0.6758535504341125,0.3241463899612427,1
s43_2_offline_train_t065,43,2,offline_train,2,session2/s43/sess02_subj43_EEG_MI.mat,923325040004bc97b06cc2711b8f849429f9474fa9d3ef03c62c4291b94b6a06,872036,Lee2019_MI,Q15-E007,BROAD_EEGNET,20260925,0.7016918063163757,0.2983081340789795,1
s43_2_offline_train_t066,43,2,offline_train,2,session2/s43/sess02_subj43_EEG_MI.mat,923325040004bc97b06cc2711b8f849429f9474fa9d3ef03c62c4291b94b6a06,883552,Lee2019_MI,Q15-E007,BROAD_EEGNET,20260925,0.6901615858078003,0.3098384141921997,1
s43_2_offline_train_t067,43,2,offline_train,2,session2/s43/sess02_subj43_EEG_MI.mat,923325040004bc97b06cc2711b8f849429f9474fa9d3ef03c62c4291b94b6a06,894702,Lee2019_MI,Q15-E007,BROAD_EEGNET,20260925,0.6505082845687866,0.3494917154312134,1
s43_2_offline_train_t068,43,2,offline_train,1,session2/s43/sess02_subj43_EEG_MI.mat,923325040004bc97b06cc2711b8f849429f9474fa9d3ef03c62c4291b94b6a06,905385,Lee2019_MI,Q15-E007,BROAD_EEGNET,20260925,0.3634357154369354,0.636564314365387,2
s43_2_offline_train_t069,43,2,offline_train,1,session2/s43/sess02_subj43_EEG_MI.mat,923325040004bc97b06cc2711b8f849429f9474fa9d3ef03c62c4291b94b6a06,916069,Lee2019_MI,Q15-E007,BROAD_EEGNET,20260925,0.8397548794746399,0.1602451056241989,1
s43_2_offline_train_t070,43,2,offline_train,2,session2/s43/sess02_subj43_EEG_MI.mat,923325040004bc97b06cc2711b8f849429f9474fa9d3ef03c62c4291b94b6a06,926834,Lee2019_MI,Q15-E007,BROAD_EEGNET,20260925,0.4652508795261383,0.5347491502761841,2
s43_2_offline_train_t071,43,2,offline_train,1,session2/s43/sess02_subj43_EEG_MI.mat,923325040004bc97b06cc2711b8f849429f9474fa9d3ef03c62c4291b94b6a06,938268,Lee2019_MI,Q15-E007,BROAD_EEGNET,20260925,0.957511842250824,0.04248815402388573,1
s43_2_offline_train_t072,43,2,offline_train,2,session2/s43/sess02_subj43_EEG_MI.mat,923325040004bc97b06cc2711b8f849429f9474fa9d3ef03c62c4291b94b6a06,949034,Lee2019_MI,Q15-E007,BROAD_EEGNET,20260925,0.5723241567611694,0.42767587304115295,1
s43_2_offline_train_t073,43,2,offline_train,2,session2/s43/sess02_subj43_EEG_MI.mat,923325040004bc97b06cc2711b8f849429f9474fa9d3ef03c62c4291b94b6a06,960368,Lee2019_MI,Q15-E007,BROAD_EEGNET,20260925,0.7142907977104187,0.2857092022895813,1
s43_2_offline_train_t074,43,2,offline_train,2,session2/s43/sess02_subj43_EEG_MI.mat,923325040004bc97b06cc2711b8f849429f9474fa9d3ef03c62c4291b94b6a06,971134,Lee2019_MI,Q15-E007,BROAD_EEGNET,20260925,0.8751876354217529,0.12481238692998886,1
s43_2_offline_train_t075,43,2,offline_train,1,session2/s43/sess02_subj43_EEG_MI.mat,923325040004bc97b06cc2711b8f849429f9474fa9d3ef03c62c4291b94b6a06,982650,Lee2019_MI,Q15-E007,BROAD_EEGNET,20260925,0.7298068404197693,0.2701931297779083,1
s43_2_offline_train_t076,43,2,offline_train,2,session2/s43/sess02_subj43_EEG_MI.mat,923325040004bc97b06cc2711b8f849429f9474fa9d3ef03c62c4291b94b6a06,993517,Lee2019_MI,Q15-E007,BROAD_EEGNET,20260925,0.581913411617279,0.41808655858039856,1
s43_2_offline_train_t077,43,2,offline_train,1,session2/s43/sess02_subj43_EEG_MI.mat,923325040004bc97b06cc2711b8f849429f9474fa9d3ef03c62c4291b94b6a06,1004300,Lee2019_MI,Q15-E007,BROAD_EEGNET,20260925,0.8711195588111877,0.12888039648532867,1
s43_2_offline_train_t078,43,2,offline_train,1,session2/s43/sess02_subj43_EEG_MI.mat,923325040004bc97b06cc2711b8f849429f9474fa9d3ef03c62c4291b94b6a06,1015067,Lee2019_MI,Q15-E007,BROAD_EEGNET,20260925,0.6235098242759705,0.37649017572402954,1
s43_2_offline_train_t079,43,2,offline_train,2,session2/s43/sess02_subj43_EEG_MI.mat,923325040004bc97b06cc2711b8f849429f9474fa9d3ef03c62c4291b94b6a06,1026216,Lee2019_MI,Q15-E007,BROAD_EEGNET,20260925,0.6100051403045654,0.38999488949775696,1
s43_2_offline_train_t080,43,2,offline_train,2,session2/s43/sess02_subj43_EEG_MI.mat,923325040004bc97b06cc2711b8f849429f9474fa9d3ef03c62c4291b94b6a06,1037266,Lee2019_MI,Q15-E007,BROAD_EEGNET,20260925,0.676917314529419,0.32308265566825867,1
s43_2_offline_train_t081,43,2,offline_train,2,session2/s43/sess02_subj43_EEG_MI.mat,923325040004bc97b06cc2711b8f849429f9474fa9d3ef03c62c4291b94b6a06,1048132,Lee2019_MI,Q15-E007,BROAD_EEGNET,20260925,0.9066165089607239,0.09338343888521194,1
s43_2_offline_train_t082,43,2,offline_train,1,session2/s43/sess02_subj43_EEG_MI.mat,923325040004bc97b06cc2711b8f849429f9474fa9d3ef03c62c4291b94b6a06,1059565,Lee2019_MI,Q15-E007,BROAD_EEGNET,20260925,0.7294575572013855,0.2705424129962921,1
s43_2_offline_train_t083,43,2,offline_train,2,session2/s43/sess02_subj43_EEG_MI.mat,923325040004bc97b06cc2711b8f849429f9474fa9d3ef03c62c4291b94b6a06,1070699,Lee2019_MI,Q15-E007,BROAD_EEGNET,20260925,0.6027931571006775,0.3972069025039673,1
s43_2_offline_train_t084,43,2,offline_train,2,session2/s43/sess02_subj43_EEG_MI.mat,923325040004bc97b06cc2711b8f849429f9474fa9d3ef03c62c4291b94b6a06,1081765,Lee2019_MI,Q15-E007,BROAD_EEGNET,20260925,0.8480845093727112,0.1519155502319336,1
s43_2_offline_train_t085,43,2,offline_train,1,session2/s43/sess02_subj43_EEG_MI.mat,923325040004bc97b06cc2711b8f849429f9474fa9d3ef03c62c4291b94b6a06,1093282,Lee2019_MI,Q15-E007,BROAD_EEGNET,20260925,0.8079803586006165,0.19201964139938354,1
s43_2_offline_train_t086,43,2,offline_train,2,session2/s43/sess02_subj43_EEG_MI.mat,923325040004bc97b06cc2711b8f849429f9474fa9d3ef03c62c4291b94b6a06,1104148,Lee2019_MI,Q15-E007,BROAD_EEGNET,20260925,0.8211877942085266,0.17881223559379578,1
s43_2_offline_train_t087,43,2,offline_train,1,session2/s43/sess02_subj43_EEG_MI.mat,923325040004bc97b06cc2711b8f849429f9474fa9d3ef03c62c4291b94b6a06,1115464,Lee2019_MI,Q15-E007,BROAD_EEGNET,20260925,0.6524111032485962,0.3475888967514038,1
s43_2_offline_train_t088,43,2,offline_train,2,session2/s43/sess02_subj43_EEG_MI.mat,923325040004bc97b06cc2711b8f849429f9474fa9d3ef03c62c4291b94b6a06,1126797,Lee2019_MI,Q15-E007,BROAD_EEGNET,20260925,0.7638553977012634,0.23614463210105896,1
s43_2_offline_train_t089,43,2,offline_train,2,session2/s43/sess02_subj43_EEG_MI.mat,923325040004bc97b06cc2711b8f849429f9474fa9d3ef03c62c4291b94b6a06,1137764,Lee2019_MI,Q15-E007,BROAD_EEGNET,20260925,0.8682811856269836,0.13171879947185516,1
s43_2_offline_train_t090,43,2,offline_train,2,session2/s43/sess02_subj43_EEG_MI.mat,923325040004bc97b06cc2711b8f849429f9474fa9d3ef03c62c4291b94b6a06,1148914,Lee2019_MI,Q15-E007,BROAD_EEGNET,20260925,0.6058938503265381,0.39410609006881714,1
s43_2_offline_train_t091,43,2,offline_train,2,session2/s43/sess02_subj43_EEG_MI.mat,923325040004bc97b06cc2711b8f849429f9474fa9d3ef03c62c4291b94b6a06,1159497,Lee2019_MI,Q15-E007,BROAD_EEGNET,20260925,0.6476708054542542,0.35232922434806824,1
s43_2_offline_train_t092,43,2,offline_train,2,session2/s43/sess02_subj43_EEG_MI.mat,923325040004bc97b06cc2711b8f849429f9474fa9d3ef03c62c4291b94b6a06,1170079,Lee2019_MI,Q15-E007,BROAD_EEGNET,20260925,0.7006933093070984,0.2993066608905792,1
s43_2_offline_train_t093,43,2,offline_train,1,session2/s43/sess02_subj43_EEG_MI.mat,923325040004bc97b06cc2711b8f849429f9474fa9d3ef03c62c4291b94b6a06,1181129,Lee2019_MI,Q15-E007,BROAD_EEGNET,20260925,0.795685350894928,0.204314723610878,1
s43_2_offline_train_t094,43,2,offline_train,2,session2/s43/sess02_subj43_EEG_MI.mat,923325040004bc97b06cc2711b8f849429f9474fa9d3ef03c62c4291b94b6a06,1192462,Lee2019_MI,Q15-E007,BROAD_EEGNET,20260925,0.5131059885025024,0.48689401149749756,1
s43_2_offline_train_t095,43,2,offline_train,1,session2/s43/sess02_subj43_EEG_MI.mat,923325040004bc97b06cc2711b8f849429f9474fa9d3ef03c62c4291b94b6a06,1203979,Lee2019_MI,Q15-E007,BROAD_EEGNET,20260925,0.8408275246620178,0.15917250514030457,1
s43_2_offline_train_t096,43,2,offline_train,1,session2/s43/sess02_subj43_EEG_MI.mat,923325040004bc97b06cc2711b8f849429f9474fa9d3ef03c62c4291b94b6a06,1214662,Lee2019_MI,Q15-E007,BROAD_EEGNET,20260925,0.6549835205078125,0.3450164496898651,1
s43_2_offline_train_t097,43,2,offline_train,2,session2/s43/sess02_subj43_EEG_MI.mat,923325040004bc97b06cc2711b8f849429f9474fa9d3ef03c62c4291b94b6a06,1225812,Lee2019_MI,Q15-E007,BROAD_EEGNET,20260925,0.5691726207733154,0.43082740902900696,1
s43_2_offline_train_t098,43,2,offline_train,1,session2/s43/sess02_subj43_EEG_MI.mat,923325040004bc97b06cc2711b8f849429f9474fa9d3ef03c62c4291b94b6a06,1236861,Lee2019_MI,Q15-E007,BROAD_EEGNET,20260925,0.7397792339324951,0.26022079586982727,1
s43_2_offline_train_t099,43,2,offline_train,2,session2/s43/sess02_subj43_EEG_MI.mat,923325040004bc97b06cc2711b8f849429f9474fa9d3ef03c62c4291b94b6a06,1247445,Lee2019_MI,Q15-E007,BROAD_EEGNET,20260925,0.6670360565185547,0.3329639136791229,1
s43_2_offline_train_t100,43,2,offline_train,2,session2/s43/sess02_subj43_EEG_MI.mat,923325040004bc97b06cc2711b8f849429f9474fa9d3ef03c62c4291b94b6a06,1258311,Lee2019_MI,Q15-E007,BROAD_EEGNET,20260925,0.5222818851470947,0.4777181148529053,1
s43_1_offline_train_t001,43,1,offline_train,1,session1/s43/sess01_subj43_EEG_MI.mat,9eb5a1323741e92a7ee13296ce745a1bbe8d43c8fdb1dc75883f350b598e5142,296832,Lee2019_MI,Q15-E007,BROAD_EEGNET,20260926,0.6317554116249084,0.36824458837509155,1
s43_1_offline_train_t002,43,1,offline_train,2,session1/s43/sess01_subj43_EEG_MI.mat,9eb5a1323741e92a7ee13296ce745a1bbe8d43c8fdb1dc75883f350b598e5142,308248,Lee2019_MI,Q15-E007,BROAD_EEGNET,20260926,0.5772453546524048,0.4227546453475952,1
s43_1_offline_train_t003,43,1,offline_train,1,session1/s43/sess01_subj43_EEG_MI.mat,9eb5a1323741e92a7ee13296ce745a1bbe8d43c8fdb1dc75883f350b598e5142,318931,Lee2019_MI,Q15-E007,BROAD_EEGNET,20260926,0.8310123085975647,0.1689877212047577,1
s43_1_offline_train_t004,43,1,offline_train,1,session1/s43/sess01_subj43_EEG_MI.mat,9eb5a1323741e92a7ee13296ce745a1bbe8d43c8fdb1dc75883f350b598e5142,330364,Lee2019_MI,Q15-E007,BROAD_EEGNET,20260926,0.6343420147895813,0.3656579852104187,1
s43_1_offline_train_t005,43,1,offline_train,2,session1/s43/sess01_subj43_EEG_MI.mat,9eb5a1323741e92a7ee13296ce745a1bbe8d43c8fdb1dc75883f350b598e5142,341497,Lee2019_MI,Q15-E007,BROAD_EEGNET,20260926,0.5692548155784607,0.4307452142238617,1
s43_1_offline_train_t006,43,1,offline_train,2,session1/s43/sess01_subj43_EEG_MI.mat,9eb5a1323741e92a7ee13296ce745a1bbe8d43c8fdb1dc75883f350b598e5142,352181,Lee2019_MI,Q15-E007,BROAD_EEGNET,20260926,0.7972835302352905,0.20271651446819305,1
s43_1_offline_train_t007,43,1,offline_train,1,session1/s43/sess01_subj43_EEG_MI.mat,9eb5a1323741e92a7ee13296ce745a1bbe8d43c8fdb1dc75883f350b598e5142,363047,Lee2019_MI,Q15-E007,BROAD_EEGNET,20260926,0.7288050651550293,0.2711949348449707,1
s43_1_offline_train_t008,43,1,offline_train,2,session1/s43/sess01_subj43_EEG_MI.mat,9eb5a1323741e92a7ee13296ce745a1bbe8d43c8fdb1dc75883f350b598e5142,374113,Lee2019_MI,Q15-E007,BROAD_EEGNET,20260926,0.46225371956825256,0.5377463102340698,2
s43_1_offline_train_t009,43,1,offline_train,1,session1/s43/sess01_subj43_EEG_MI.mat,9eb5a1323741e92a7ee13296ce745a1bbe8d43c8fdb1dc75883f350b598e5142,385630,Lee2019_MI,Q15-E007,BROAD_EEGNET,20260926,0.7357690334320068,0.2642309367656708,1
s43_1_offline_train_t010,43,1,offline_train,1,session1/s43/sess01_subj43_EEG_MI.mat,9eb5a1323741e92a7ee13296ce745a1bbe8d43c8fdb1dc75883f350b598e5142,397146,Lee2019_MI,Q15-E007,BROAD_EEGNET,20260926,0.7559659481048584,0.244034081697464,1
s43_1_offline_train_t011,43,1,offline_train,2,session1/s43/sess01_subj43_EEG_MI.mat,9eb5a1323741e92a7ee13296ce745a1bbe8d43c8fdb1dc75883f350b598e5142,407813,Lee2019_MI,Q15-E007,BROAD_EEGNET,20260926,0.3924332559108734,0.607566773891449,2
s43_1_offline_train_t012,43,1,offline_train,2,session1/s43/sess01_subj43_EEG_MI.mat,9eb5a1323741e92a7ee13296ce745a1bbe8d43c8fdb1dc75883f350b598e5142,419346,Lee2019_MI,Q15-E007,BROAD_EEGNET,20260926,0.3570699095726013,0.6429300904273987,2
s43_1_offline_train_t013,43,1,offline_train,1,session1/s43/sess01_subj43_EEG_MI.mat,9eb5a1323741e92a7ee13296ce745a1bbe8d43c8fdb1dc75883f350b598e5142,430862,Lee2019_MI,Q15-E007,BROAD_EEGNET,20260926,0.760396420955658,0.23960363864898682,1
s43_1_offline_train_t014,43,1,offline_train,1,session1/s43/sess01_subj43_EEG_MI.mat,9eb5a1323741e92a7ee13296ce745a1bbe8d43c8fdb1dc75883f350b598e5142,441912,Lee2019_MI,Q15-E007,BROAD_EEGNET,20260926,0.8417840600013733,0.1582159399986267,1
s43_1_offline_train_t015,43,1,offline_train,2,session1/s43/sess01_subj43_EEG_MI.mat,9eb5a1323741e92a7ee13296ce745a1bbe8d43c8fdb1dc75883f350b598e5142,453245,Lee2019_MI,Q15-E007,BROAD_EEGNET,20260926,0.730440616607666,0.26955941319465637,1
s43_1_offline_train_t016,43,1,offline_train,1,session1/s43/sess01_subj43_EEG_MI.mat,9eb5a1323741e92a7ee13296ce745a1bbe8d43c8fdb1dc75883f350b598e5142,463911,Lee2019_MI,Q15-E007,BROAD_EEGNET,20260926,0.6722210645675659,0.3277789354324341,1
s43_1_offline_train_t017,43,1,offline_train,1,session1/s43/sess01_subj43_EEG_MI.mat,9eb5a1323741e92a7ee13296ce745a1bbe8d43c8fdb1dc75883f350b598e5142,474878,Lee2019_MI,Q15-E007,BROAD_EEGNET,20260926,0.8795117735862732,0.1204882264137268,1
s43_1_offline_train_t018,43,1,offline_train,1,session1/s43/sess01_subj43_EEG_MI.mat,9eb5a1323741e92a7ee13296ce745a1bbe8d43c8fdb1dc75883f350b598e5142,486394,Lee2019_MI,Q15-E007,BROAD_EEGNET,20260926,0.6772879362106323,0.32271209359169006,1
s43_1_offline_train_t019,43,1,offline_train,1,session1/s43/sess01_subj43_EEG_MI.mat,9eb5a1323741e92a7ee13296ce745a1bbe8d43c8fdb1dc75883f350b598e5142,497726,Lee2019_MI,Q15-E007,BROAD_EEGNET,20260926,0.7374212145805359,0.2625787556171417,1
s43_1_offline_train_t020,43,1,offline_train,2,session1/s43/sess01_subj43_EEG_MI.mat,9eb5a1323741e92a7ee13296ce745a1bbe8d43c8fdb1dc75883f350b598e5142,509244,Lee2019_MI,Q15-E007,BROAD_EEGNET,20260926,0.13075023889541626,0.8692497611045837,2
s43_1_offline_train_t021,43,1,offline_train,2,session1/s43/sess01_subj43_EEG_MI.mat,9eb5a1323741e92a7ee13296ce745a1bbe8d43c8fdb1dc75883f350b598e5142,520477,Lee2019_MI,Q15-E007,BROAD_EEGNET,20260926,0.6979531645774841,0.30204683542251587,1
s43_1_offline_train_t022,43,1,offline_train,1,session1/s43/sess01_subj43_EEG_MI.mat,9eb5a1323741e92a7ee13296ce745a1bbe8d43c8fdb1dc75883f350b598e5142,531077,Lee2019_MI,Q15-E007,BROAD_EEGNET,20260926,0.7078139781951904,0.2921859622001648,1
s43_1_offline_train_t023,43,1,offline_train,2,session1/s43/sess01_subj43_EEG_MI.mat,9eb5a1323741e92a7ee13296ce745a1bbe8d43c8fdb1dc75883f350b598e5142,542493,Lee2019_MI,Q15-E007,BROAD_EEGNET,20260926,0.5691603422164917,0.4308396577835083,1
s43_1_offline_train_t024,43,1,offline_train,2,session1/s43/sess01_subj43_EEG_MI.mat,9eb5a1323741e92a7ee13296ce745a1bbe8d43c8fdb1dc75883f350b598e5142,554009,Lee2019_MI,Q15-E007,BROAD_EEGNET,20260926,0.5056204199790955,0.49437958002090454,1
s43_1_offline_train_t025,43,1,offline_train,2,session1/s43/sess01_subj43_EEG_MI.mat,9eb5a1323741e92a7ee13296ce745a1bbe8d43c8fdb1dc75883f350b598e5142,565242,Lee2019_MI,Q15-E007,BROAD_EEGNET,20260926,0.4444331228733063,0.5555669069290161,2
s43_1_offline_train_t026,43,1,offline_train,1,session1/s43/sess01_subj43_EEG_MI.mat,9eb5a1323741e92a7ee13296ce745a1bbe8d43c8fdb1dc75883f350b598e5142,576575,Lee2019_MI,Q15-E007,BROAD_EEGNET,20260926,0.9623029232025146,0.037697046995162964,1
s43_1_offline_train_t027,43,1,offline_train,2,session1/s43/sess01_subj43_EEG_MI.mat,9eb5a1323741e92a7ee13296ce745a1bbe8d43c8fdb1dc75883f350b598e5142,587909,Lee2019_MI,Q15-E007,BROAD_EEGNET,20260926,0.8244297504425049,0.1755703091621399,1
s43_1_offline_train_t028,43,1,offline_train,1,session1/s43/sess01_subj43_EEG_MI.mat,9eb5a1323741e92a7ee13296ce745a1bbe8d43c8fdb1dc75883f350b598e5142,598875,Lee2019_MI,Q15-E007,BROAD_EEGNET,20260926,0.6797016859054565,0.32029828429222107,1
s43_1_offline_train_t029,43,1,offline_train,1,session1/s43/sess01_subj43_EEG_MI.mat,9eb5a1323741e92a7ee13296ce745a1bbe8d43c8fdb1dc75883f350b598e5142,610107,Lee2019_MI,Q15-E007,BROAD_EEGNET,20260926,0.5644843578338623,0.4355156421661377,1
s43_1_offline_train_t030,43,1,offline_train,2,session1/s43/sess01_subj43_EEG_MI.mat,9eb5a1323741e92a7ee13296ce745a1bbe8d43c8fdb1dc75883f350b598e5142,620791,Lee2019_MI,Q15-E007,BROAD_EEGNET,20260926,0.4475851356983185,0.5524148344993591,2
s43_1_offline_train_t031,43,1,offline_train,1,session1/s43/sess01_subj43_EEG_MI.mat,9eb5a1323741e92a7ee13296ce745a1bbe8d43c8fdb1dc75883f350b598e5142,632024,Lee2019_MI,Q15-E007,BROAD_EEGNET,20260926,0.911883533000946,0.08811645209789276,1
s43_1_offline_train_t032,43,1,offline_train,2,session1/s43/sess01_subj43_EEG_MI.mat,9eb5a1323741e92a7ee13296ce745a1bbe8d43c8fdb1dc75883f350b598e5142,642624,Lee2019_MI,Q15-E007,BROAD_EEGNET,20260926,0.05741094797849655,0.9425890445709229,2
s43_1_offline_train_t033,43,1,offline_train,1,session1/s43/sess01_subj43_EEG_MI.mat,9eb5a1323741e92a7ee13296ce745a1bbe8d43c8fdb1dc75883f350b598e5142,653490,Lee2019_MI,Q15-E007,BROAD_EEGNET,20260926,0.6719218492507935,0.32807815074920654,1
s43_1_offline_train_t034,43,1,offline_train,2,session1/s43/sess01_subj43_EEG_MI.mat,9eb5a1323741e92a7ee13296ce745a1bbe8d43c8fdb1dc75883f350b598e5142,664074,Lee2019_MI,Q15-E007,BROAD_EEGNET,20260926,0.4773949086666107,0.5226050615310669,2
s43_1_offline_train_t035,43,1,offline_train,2,session1/s43/sess01_subj43_EEG_MI.mat,9eb5a1323741e92a7ee13296ce745a1bbe8d43c8fdb1dc75883f350b598e5142,674757,Lee2019_MI,Q15-E007,BROAD_EEGNET,20260926,0.421550989151001,0.5784489512443542,2
s43_1_offline_train_t036,43,1,offline_train,1,session1/s43/sess01_subj43_EEG_MI.mat,9eb5a1323741e92a7ee13296ce745a1bbe8d43c8fdb1dc75883f350b598e5142,686090,Lee2019_MI,Q15-E007,BROAD_EEGNET,20260926,0.7117342352867126,0.2882657051086426,1
s43_1_offline_train_t037,43,1,offline_train,1,session1/s43/sess01_subj43_EEG_MI.mat,9eb5a1323741e92a7ee13296ce745a1bbe8d43c8fdb1dc75883f350b598e5142,697323,Lee2019_MI,Q15-E007,BROAD_EEGNET,20260926,0.614531397819519,0.38546857237815857,1
s43_1_offline_train_t038,43,1,offline_train,2,session1/s43/sess01_subj43_EEG_MI.mat,9eb5a1323741e92a7ee13296ce745a1bbe8d43c8fdb1dc75883f350b598e5142,708189,Lee2019_MI,Q15-E007,BROAD_EEGNET,20260926,0.7552312016487122,0.24476881325244904,1
s43_1_offline_train_t039,43,1,offline_train,1,session1/s43/sess01_subj43_EEG_MI.mat,9eb5a1323741e92a7ee13296ce745a1bbe8d43c8fdb1dc75883f350b598e5142,719705,Lee2019_MI,Q15-E007,BROAD_EEGNET,20260926,0.8781734704971313,0.12182655930519104,1
s43_1_offline_train_t040,43,1,offline_train,1,session1/s43/sess01_subj43_EEG_MI.mat,9eb5a1323741e92a7ee13296ce745a1bbe8d43c8fdb1dc75883f350b598e5142,730289,Lee2019_MI,Q15-E007,BROAD_EEGNET,20260926,0.8340671062469482,0.16593290865421295,1
s43_1_offline_train_t041,43,1,offline_train,1,session1/s43/sess01_subj43_EEG_MI.mat,9eb5a1323741e92a7ee13296ce745a1bbe8d43c8fdb1dc75883f350b598e5142,741254,Lee2019_MI,Q15-E007,BROAD_EEGNET,20260926,0.5149028897285461,0.48509714007377625,1
s43_1_offline_train_t042,43,1,offline_train,1,session1/s43/sess01_subj43_EEG_MI.mat,9eb5a1323741e92a7ee13296ce745a1bbe8d43c8fdb1dc75883f350b598e5142,752205,Lee2019_MI,Q15-E007,BROAD_EEGNET,20260926,0.6899741291999817,0.3100258708000183,1
s43_1_offline_train_t043,43,1,offline_train,2,session1/s43/sess01_subj43_EEG_MI.mat,9eb5a1323741e92a7ee13296ce745a1bbe8d43c8fdb1dc75883f350b598e5142,763538,Lee2019_MI,Q15-E007,BROAD_EEGNET,20260926,0.5605974197387695,0.4394025504589081,1
s43_1_offline_train_t044,43,1,offline_train,1,session1/s43/sess01_subj43_EEG_MI.mat,9eb5a1323741e92a7ee13296ce745a1bbe8d43c8fdb1dc75883f350b598e5142,774871,Lee2019_MI,Q15-E007,BROAD_EEGNET,20260926,0.9022043943405151,0.09779565036296844,1
s43_1_offline_train_t045,43,1,offline_train,2,session1/s43/sess01_subj43_EEG_MI.mat,9eb5a1323741e92a7ee13296ce745a1bbe8d43c8fdb1dc75883f350b598e5142,785654,Lee2019_MI,Q15-E007,BROAD_EEGNET,20260926,0.5292127132415771,0.47078725695610046,1
s43_1_offline_train_t046,43,1,offline_train,1,session1/s43/sess01_subj43_EEG_MI.mat,9eb5a1323741e92a7ee13296ce745a1bbe8d43c8fdb1dc75883f350b598e5142,796704,Lee2019_MI,Q15-E007,BROAD_EEGNET,20260926,0.8661983609199524,0.13380159437656403,1
s43_1_offline_train_t047,43,1,offline_train,1,session1/s43/sess01_subj43_EEG_MI.mat,9eb5a1323741e92a7ee13296ce745a1bbe8d43c8fdb1dc75883f350b598e5142,807653,Lee2019_MI,Q15-E007,BROAD_EEGNET,20260926,0.5455220341682434,0.4544779658317566,1
s43_1_offline_train_t048,43,1,offline_train,1,session1/s43/sess01_subj43_EEG_MI.mat,9eb5a1323741e92a7ee13296ce745a1bbe8d43c8fdb1dc75883f350b598e5142,818803,Lee2019_MI,Q15-E007,BROAD_EEGNET,20260926,0.8706493377685547,0.1293506622314453,1
s43_1_offline_train_t049,43,1,offline_train,2,session1/s43/sess01_subj43_EEG_MI.mat,9eb5a1323741e92a7ee13296ce745a1bbe8d43c8fdb1dc75883f350b598e5142,830036,Lee2019_MI,Q15-E007,BROAD_EEGNET,20260926,0.6304898262023926,0.3695101737976074,1
s43_1_offline_train_t050,43,1,offline_train,1,session1/s43/sess01_subj43_EEG_MI.mat,9eb5a1323741e92a7ee13296ce745a1bbe8d43c8fdb1dc75883f350b598e5142,951534,Lee2019_MI,Q15-E007,BROAD_EEGNET,20260926,0.7094228863716125,0.29057708382606506,1
s43_1_offline_train_t051,43,1,offline_train,1,session1/s43/sess01_subj43_EEG_MI.mat,9eb5a1323741e92a7ee13296ce745a1bbe8d43c8fdb1dc75883f350b598e5142,962400,Lee2019_MI,Q15-E007,BROAD_EEGNET,20260926,0.5822064876556396,0.41779351234436035,1
s43_1_offline_train_t052,43,1,offline_train,1,session1/s43/sess01_subj43_EEG_MI.mat,9eb5a1323741e92a7ee13296ce745a1bbe8d43c8fdb1dc75883f350b598e5142,973633,Lee2019_MI,Q15-E007,BROAD_EEGNET,20260926,0.520136296749115,0.479863703250885,1
s43_1_offline_train_t053,43,1,offline_train,1,session1/s43/sess01_subj43_EEG_MI.mat,9eb5a1323741e92a7ee13296ce745a1bbe8d43c8fdb1dc75883f350b598e5142,984866,Lee2019_MI,Q15-E007,BROAD_EEGNET,20260926,0.6150099039077759,0.3849901258945465,1
s43_1_offline_train_t054,43,1,offline_train,2,session1/s43/sess01_subj43_EEG_MI.mat,9eb5a1323741e92a7ee13296ce745a1bbe8d43c8fdb1dc75883f350b598e5142,995549,Lee2019_MI,Q15-E007,BROAD_EEGNET,20260926,0.8261082768440247,0.17389175295829773,1
s43_1_offline_train_t055,43,1,offline_train,1,session1/s43/sess01_subj43_EEG_MI.mat,9eb5a1323741e92a7ee13296ce745a1bbe8d43c8fdb1dc75883f350b598e5142,1006232,Lee2019_MI,Q15-E007,BROAD_EEGNET,20260926,0.6323179602622986,0.36768200993537903,1
s43_1_offline_train_t056,43,1,offline_train,1,session1/s43/sess01_subj43_EEG_MI.mat,9eb5a1323741e92a7ee13296ce745a1bbe8d43c8fdb1dc75883f350b598e5142,1017282,Lee2019_MI,Q15-E007,BROAD_EEGNET,20260926,0.8625074625015259,0.13749255239963531,1
s43_1_offline_train_t057,43,1,offline_train,2,session1/s43/sess01_subj43_EEG_MI.mat,9eb5a1323741e92a7ee13296ce745a1bbe8d43c8fdb1dc75883f350b598e5142,1028797,Lee2019_MI,Q15-E007,BROAD_EEGNET,20260926,0.6795005798339844,0.3204994201660156,1
s43_1_offline_train_t058,43,1,offline_train,2,session1/s43/sess01_subj43_EEG_MI.mat,9eb5a1323741e92a7ee13296ce745a1bbe8d43c8fdb1dc75883f350b598e5142,1039665,Lee2019_MI,Q15-E007,BROAD_EEGNET,20260926,0.5874546766281128,0.4125453233718872,1
s43_1_offline_train_t059,43,1,offline_train,1,session1/s43/sess01_subj43_EEG_MI.mat,9eb5a1323741e92a7ee13296ce745a1bbe8d43c8fdb1dc75883f350b598e5142,1050814,Lee2019_MI,Q15-E007,BROAD_EEGNET,20260926,0.7929267287254333,0.20707324147224426,1
s43_1_offline_train_t060,43,1,offline_train,1,session1/s43/sess01_subj43_EEG_MI.mat,9eb5a1323741e92a7ee13296ce745a1bbe8d43c8fdb1dc75883f350b598e5142,1061581,Lee2019_MI,Q15-E007,BROAD_EEGNET,20260926,0.5143024921417236,0.485697478055954,1
s43_1_offline_train_t061,43,1,offline_train,2,session1/s43/sess01_subj43_EEG_MI.mat,9eb5a1323741e92a7ee13296ce745a1bbe8d43c8fdb1dc75883f350b598e5142,1072914,Lee2019_MI,Q15-E007,BROAD_EEGNET,20260926,0.47248685359954834,0.5275131464004517,2
s43_1_offline_train_t062,43,1,offline_train,2,session1/s43/sess01_subj43_EEG_MI.mat,9eb5a1323741e92a7ee13296ce745a1bbe8d43c8fdb1dc75883f350b598e5142,1083697,Lee2019_MI,Q15-E007,BROAD_EEGNET,20260926,0.6595214605331421,0.3404785096645355,1
s43_1_offline_train_t063,43,1,offline_train,1,session1/s43/sess01_subj43_EEG_MI.mat,9eb5a1323741e92a7ee13296ce745a1bbe8d43c8fdb1dc75883f350b598e5142,1094747,Lee2019_MI,Q15-E007,BROAD_EEGNET,20260926,0.8324422836303711,0.1675577610731125,1
s43_1_offline_train_t064,43,1,offline_train,2,session1/s43/sess01_subj43_EEG_MI.mat,9eb5a1323741e92a7ee13296ce745a1bbe8d43c8fdb1dc75883f350b598e5142,1105980,Lee2019_MI,Q15-E007,BROAD_EEGNET,20260926,0.6012976765632629,0.39870232343673706,1
s43_1_offline_train_t065,43,1,offline_train,2,session1/s43/sess01_subj43_EEG_MI.mat,9eb5a1323741e92a7ee13296ce745a1bbe8d43c8fdb1dc75883f350b598e5142,1117413,Lee2019_MI,Q15-E007,BROAD_EEGNET,20260926,0.8498773574829102,0.15012262761592865,1
s43_1_offline_train_t066,43,1,offline_train,2,session1/s43/sess01_subj43_EEG_MI.mat,9eb5a1323741e92a7ee13296ce745a1bbe8d43c8fdb1dc75883f350b598e5142,1128929,Lee2019_MI,Q15-E007,BROAD_EEGNET,20260926,0.7565054893493652,0.24349452555179596,1
s43_1_offline_train_t067,43,1,offline_train,2,session1/s43/sess01_subj43_EEG_MI.mat,9eb5a1323741e92a7ee13296ce745a1bbe8d43c8fdb1dc75883f350b598e5142,1140078,Lee2019_MI,Q15-E007,BROAD_EEGNET,20260926,0.4221101999282837,0.5778898000717163,2
s43_1_offline_train_t068,43,1,offline_train,1,session1/s43/sess01_subj43_EEG_MI.mat,9eb5a1323741e92a7ee13296ce745a1bbe8d43c8fdb1dc75883f350b598e5142,1150746,Lee2019_MI,Q15-E007,BROAD_EEGNET,20260926,0.7663923501968384,0.23360764980316162,1
s43_1_offline_train_t069,43,1,offline_train,1,session1/s43/sess01_subj43_EEG_MI.mat,9eb5a1323741e92a7ee13296ce745a1bbe8d43c8fdb1dc75883f350b598e5142,1161428,Lee2019_MI,Q15-E007,BROAD_EEGNET,20260926,0.6955680847167969,0.3044319748878479,1
s43_1_offline_train_t070,43,1,offline_train,2,session1/s43/sess01_subj43_EEG_MI.mat,9eb5a1323741e92a7ee13296ce745a1bbe8d43c8fdb1dc75883f350b598e5142,1172212,Lee2019_MI,Q15-E007,BROAD_EEGNET,20260926,0.524871826171875,0.4751281440258026,1
s43_1_offline_train_t071,43,1,offline_train,1,session1/s43/sess01_subj43_EEG_MI.mat,9eb5a1323741e92a7ee13296ce745a1bbe8d43c8fdb1dc75883f350b598e5142,1183627,Lee2019_MI,Q15-E007,BROAD_EEGNET,20260926,0.9368269443511963,0.0631730705499649,1
s43_1_offline_train_t072,43,1,offline_train,2,session1/s43/sess01_subj43_EEG_MI.mat,9eb5a1323741e92a7ee13296ce745a1bbe8d43c8fdb1dc75883f350b598e5142,1194411,Lee2019_MI,Q15-E007,BROAD_EEGNET,20260926,0.738592267036438,0.2614077627658844,1
s43_1_offline_train_t073,43,1,offline_train,2,session1/s43/sess01_subj43_EEG_MI.mat,9eb5a1323741e92a7ee13296ce745a1bbe8d43c8fdb1dc75883f350b598e5142,1205727,Lee2019_MI,Q15-E007,BROAD_EEGNET,20260926,0.6982496380805969,0.3017503023147583,1
s43_1_offline_train_t074,43,1,offline_train,2,session1/s43/sess01_subj43_EEG_MI.mat,9eb5a1323741e92a7ee13296ce745a1bbe8d43c8fdb1dc75883f350b598e5142,1216511,Lee2019_MI,Q15-E007,BROAD_EEGNET,20260926,0.759984016418457,0.2400159239768982,1
s43_1_offline_train_t075,43,1,offline_train,1,session1/s43/sess01_subj43_EEG_MI.mat,9eb5a1323741e92a7ee13296ce745a1bbe8d43c8fdb1dc75883f350b598e5142,1228027,Lee2019_MI,Q15-E007,BROAD_EEGNET,20260926,0.8061236143112183,0.19387631118297577,1
s43_1_offline_train_t076,43,1,offline_train,2,session1/s43/sess01_subj43_EEG_MI.mat,9eb5a1323741e92a7ee13296ce745a1bbe8d43c8fdb1dc75883f350b598e5142,1238893,Lee2019_MI,Q15-E007,BROAD_EEGNET,20260926,0.6659166812896729,0.33408334851264954,1
s43_1_offline_train_t077,43,1,offline_train,1,session1/s43/sess01_subj43_EEG_MI.mat,9eb5a1323741e92a7ee13296ce745a1bbe8d43c8fdb1dc75883f350b598e5142,1249660,Lee2019_MI,Q15-E007,BROAD_EEGNET,20260926,0.4863206148147583,0.5136793851852417,2
s43_1_offline_train_t078,43,1,offline_train,1,session1/s43/sess01_subj43_EEG_MI.mat,9eb5a1323741e92a7ee13296ce745a1bbe8d43c8fdb1dc75883f350b598e5142,1260443,Lee2019_MI,Q15-E007,BROAD_EEGNET,20260926,0.6940598487854004,0.3059401214122772,1
s43_1_offline_train_t079,43,1,offline_train,2,session1/s43/sess01_subj43_EEG_MI.mat,9eb5a1323741e92a7ee13296ce745a1bbe8d43c8fdb1dc75883f350b598e5142,1271593,Lee2019_MI,Q15-E007,BROAD_EEGNET,20260926,0.3815106749534607,0.6184893250465393,2
s43_1_offline_train_t080,43,1,offline_train,2,session1/s43/sess01_subj43_EEG_MI.mat,9eb5a1323741e92a7ee13296ce745a1bbe8d43c8fdb1dc75883f350b598e5142,1282641,Lee2019_MI,Q15-E007,BROAD_EEGNET,20260926,0.8340544104576111,0.1659456193447113,1
s43_1_offline_train_t081,43,1,offline_train,2,session1/s43/sess01_subj43_EEG_MI.mat,9eb5a1323741e92a7ee13296ce745a1bbe8d43c8fdb1dc75883f350b598e5142,1293509,Lee2019_MI,Q15-E007,BROAD_EEGNET,20260926,0.48457443714141846,0.5154255628585815,2
s43_1_offline_train_t082,43,1,offline_train,1,session1/s43/sess01_subj43_EEG_MI.mat,9eb5a1323741e92a7ee13296ce745a1bbe8d43c8fdb1dc75883f350b598e5142,1304925,Lee2019_MI,Q15-E007,BROAD_EEGNET,20260926,0.4326780438423157,0.5673218965530396,2
s43_1_offline_train_t083,43,1,offline_train,2,session1/s43/sess01_subj43_EEG_MI.mat,9eb5a1323741e92a7ee13296ce745a1bbe8d43c8fdb1dc75883f350b598e5142,1316075,Lee2019_MI,Q15-E007,BROAD_EEGNET,20260926,0.20634903013706207,0.7936509251594543,2
s43_1_offline_train_t084,43,1,offline_train,2,session1/s43/sess01_subj43_EEG_MI.mat,9eb5a1323741e92a7ee13296ce745a1bbe8d43c8fdb1dc75883f350b598e5142,1327225,Lee2019_MI,Q15-E007,BROAD_EEGNET,20260926,0.48265406489372253,0.5173459053039551,2
s43_1_offline_train_t085,43,1,offline_train,1,session1/s43/sess01_subj43_EEG_MI.mat,9eb5a1323741e92a7ee13296ce745a1bbe8d43c8fdb1dc75883f350b598e5142,1338741,Lee2019_MI,Q15-E007,BROAD_EEGNET,20260926,0.6281129121780396,0.37188708782196045,1
s43_1_offline_train_t086,43,1,offline_train,2,session1/s43/sess01_subj43_EEG_MI.mat,9eb5a1323741e92a7ee13296ce745a1bbe8d43c8fdb1dc75883f350b598e5142,1349607,Lee2019_MI,Q15-E007,BROAD_EEGNET,20260926,0.43720489740371704,0.562795102596283,2
s43_1_offline_train_t087,43,1,offline_train,1,session1/s43/sess01_subj43_EEG_MI.mat,9eb5a1323741e92a7ee13296ce745a1bbe8d43c8fdb1dc75883f350b598e5142,1360940,Lee2019_MI,Q15-E007,BROAD_EEGNET,20260926,0.6444684863090515,0.3555315136909485,1
s43_1_offline_train_t088,43,1,offline_train,2,session1/s43/sess01_subj43_EEG_MI.mat,9eb5a1323741e92a7ee13296ce745a1bbe8d43c8fdb1dc75883f350b598e5142,1372274,Lee2019_MI,Q15-E007,BROAD_EEGNET,20260926,0.5358638763427734,0.46413612365722656,1
s43_1_offline_train_t089,43,1,offline_train,2,session1/s43/sess01_subj43_EEG_MI.mat,9eb5a1323741e92a7ee13296ce745a1bbe8d43c8fdb1dc75883f350b598e5142,1383223,Lee2019_MI,Q15-E007,BROAD_EEGNET,20260926,0.5789140462875366,0.42108598351478577,1
s43_1_offline_train_t090,43,1,offline_train,2,session1/s43/sess01_subj43_EEG_MI.mat,9eb5a1323741e92a7ee13296ce745a1bbe8d43c8fdb1dc75883f350b598e5142,1394373,Lee2019_MI,Q15-E007,BROAD_EEGNET,20260926,0.6232839822769165,0.37671607732772827,1
s43_1_offline_train_t091,43,1,offline_train,2,session1/s43/sess01_subj43_EEG_MI.mat,9eb5a1323741e92a7ee13296ce745a1bbe8d43c8fdb1dc75883f350b598e5142,1404956,Lee2019_MI,Q15-E007,BROAD_EEGNET,20260926,0.30261939764022827,0.697380542755127,2
s43_1_offline_train_t092,43,1,offline_train,2,session1/s43/sess01_subj43_EEG_MI.mat,9eb5a1323741e92a7ee13296ce745a1bbe8d43c8fdb1dc75883f350b598e5142,1415539,Lee2019_MI,Q15-E007,BROAD_EEGNET,20260926,0.3913141191005707,0.6086858510971069,2
s43_1_offline_train_t093,43,1,offline_train,1,session1/s43/sess01_subj43_EEG_MI.mat,9eb5a1323741e92a7ee13296ce745a1bbe8d43c8fdb1dc75883f350b598e5142,1426605,Lee2019_MI,Q15-E007,BROAD_EEGNET,20260926,0.7695825099945068,0.23041746020317078,1
s43_1_offline_train_t094,43,1,offline_train,2,session1/s43/sess01_subj43_EEG_MI.mat,9eb5a1323741e92a7ee13296ce745a1bbe8d43c8fdb1dc75883f350b598e5142,1437939,Lee2019_MI,Q15-E007,BROAD_EEGNET,20260926,0.5116108655929565,0.48838910460472107,1
s43_1_offline_train_t095,43,1,offline_train,1,session1/s43/sess01_subj43_EEG_MI.mat,9eb5a1323741e92a7ee13296ce745a1bbe8d43c8fdb1dc75883f350b598e5142,1449455,Lee2019_MI,Q15-E007,BROAD_EEGNET,20260926,0.613619327545166,0.386380672454834,1
s43_1_offline_train_t096,43,1,offline_train,1,session1/s43/sess01_subj43_EEG_MI.mat,9eb5a1323741e92a7ee13296ce745a1bbe8d43c8fdb1dc75883f350b598e5142,1460121,Lee2019_MI,Q15-E007,BROAD_EEGNET,20260926,0.8064780235290527,0.19352196156978607,1
s43_1_offline_train_t097,43,1,offline_train,2,session1/s43/sess01_subj43_EEG_MI.mat,9eb5a1323741e92a7ee13296ce745a1bbe8d43c8fdb1dc75883f350b598e5142,1471271,Lee2019_MI,Q15-E007,BROAD_EEGNET,20260926,0.8295037746429443,0.17049622535705566,1
s43_1_offline_train_t098,43,1,offline_train,1,session1/s43/sess01_subj43_EEG_MI.mat,9eb5a1323741e92a7ee13296ce745a1bbe8d43c8fdb1dc75883f350b598e5142,1482320,Lee2019_MI,Q15-E007,BROAD_EEGNET,20260926,0.8861485123634338,0.11385150253772736,1
s43_1_offline_train_t099,43,1,offline_train,2,session1/s43/sess01_subj43_EEG_MI.mat,9eb5a1323741e92a7ee13296ce745a1bbe8d43c8fdb1dc75883f350b598e5142,1492921,Lee2019_MI,Q15-E007,BROAD_EEGNET,20260926,0.49531999230384827,0.5046800374984741,2
s43_1_offline_train_t100,43,1,offline_train,2,session1/s43/sess01_subj43_EEG_MI.mat,9eb5a1323741e92a7ee13296ce745a1bbe8d43c8fdb1dc75883f350b598e5142,1503787,Lee2019_MI,Q15-E007,BROAD_EEGNET,20260926,0.5249675512313843,0.4750324487686157,1
s43_2_offline_train_t001,43,2,offline_train,1,session2/s43/sess02_subj43_EEG_MI.mat,923325040004bc97b06cc2711b8f849429f9474fa9d3ef03c62c4291b94b6a06,148500,Lee2019_MI,Q15-E007,BROAD_EEGNET,20260926,0.29804930090904236,0.7019506692886353,2
s43_2_offline_train_t002,43,2,offline_train,2,session2/s43/sess02_subj43_EEG_MI.mat,923325040004bc97b06cc2711b8f849429f9474fa9d3ef03c62c4291b94b6a06,160035,Lee2019_MI,Q15-E007,BROAD_EEGNET,20260926,0.6775292754173279,0.3224707543849945,1
s43_2_offline_train_t003,43,2,offline_train,1,session2/s43/sess02_subj43_EEG_MI.mat,923325040004bc97b06cc2711b8f849429f9474fa9d3ef03c62c4291b94b6a06,170718,Lee2019_MI,Q15-E007,BROAD_EEGNET,20260926,0.681877851486206,0.31812214851379395,1
s43_2_offline_train_t004,43,2,offline_train,1,session2/s43/sess02_subj43_EEG_MI.mat,923325040004bc97b06cc2711b8f849429f9474fa9d3ef03c62c4291b94b6a06,182234,Lee2019_MI,Q15-E007,BROAD_EEGNET,20260926,0.4356062114238739,0.5643937587738037,2
s43_2_offline_train_t005,43,2,offline_train,2,session2/s43/sess02_subj43_EEG_MI.mat,923325040004bc97b06cc2711b8f849429f9474fa9d3ef03c62c4291b94b6a06,193384,Lee2019_MI,Q15-E007,BROAD_EEGNET,20260926,0.5752002596855164,0.42479974031448364,1
s43_2_offline_train_t006,43,2,offline_train,2,session2/s43/sess02_subj43_EEG_MI.mat,923325040004bc97b06cc2711b8f849429f9474fa9d3ef03c62c4291b94b6a06,204067,Lee2019_MI,Q15-E007,BROAD_EEGNET,20260926,0.6807585954666138,0.31924137473106384,1
s43_2_offline_train_t007,43,2,offline_train,1,session2/s43/sess02_subj43_EEG_MI.mat,923325040004bc97b06cc2711b8f849429f9474fa9d3ef03c62c4291b94b6a06,214933,Lee2019_MI,Q15-E007,BROAD_EEGNET,20260926,0.7120169997215271,0.2879830300807953,1
s43_2_offline_train_t008,43,2,offline_train,2,session2/s43/sess02_subj43_EEG_MI.mat,923325040004bc97b06cc2711b8f849429f9474fa9d3ef03c62c4291b94b6a06,226067,Lee2019_MI,Q15-E007,BROAD_EEGNET,20260926,0.458710640668869,0.5412893295288086,2
s43_2_offline_train_t009,43,2,offline_train,1,session2/s43/sess02_subj43_EEG_MI.mat,923325040004bc97b06cc2711b8f849429f9474fa9d3ef03c62c4291b94b6a06,237583,Lee2019_MI,Q15-E007,BROAD_EEGNET,20260926,0.8303072452545166,0.1696927696466446,1
s43_2_offline_train_t010,43,2,offline_train,1,session2/s43/sess02_subj43_EEG_MI.mat,923325040004bc97b06cc2711b8f849429f9474fa9d3ef03c62c4291b94b6a06,249100,Lee2019_MI,Q15-E007,BROAD_EEGNET,20260926,0.6579330563545227,0.3420669138431549,1
s43_2_offline_train_t011,43,2,offline_train,2,session2/s43/sess02_subj43_EEG_MI.mat,923325040004bc97b06cc2711b8f849429f9474fa9d3ef03c62c4291b94b6a06,259783,Lee2019_MI,Q15-E007,BROAD_EEGNET,20260926,0.6999070048332214,0.3000929653644562,1
s43_2_offline_train_t012,43,2,offline_train,2,session2/s43/sess02_subj43_EEG_MI.mat,923325040004bc97b06cc2711b8f849429f9474fa9d3ef03c62c4291b94b6a06,271299,Lee2019_MI,Q15-E007,BROAD_EEGNET,20260926,0.4555111527442932,0.5444889068603516,2
s43_2_offline_train_t013,43,2,offline_train,1,session2/s43/sess02_subj43_EEG_MI.mat,923325040004bc97b06cc2711b8f849429f9474fa9d3ef03c62c4291b94b6a06,282816,Lee2019_MI,Q15-E007,BROAD_EEGNET,20260926,0.6787558197975159,0.32124418020248413,1
s43_2_offline_train_t014,43,2,offline_train,1,session2/s43/sess02_subj43_EEG_MI.mat,923325040004bc97b06cc2711b8f849429f9474fa9d3ef03c62c4291b94b6a06,293865,Lee2019_MI,Q15-E007,BROAD_EEGNET,20260926,0.6867652535438538,0.31323471665382385,1
s43_2_offline_train_t015,43,2,offline_train,2,session2/s43/sess02_subj43_EEG_MI.mat,923325040004bc97b06cc2711b8f849429f9474fa9d3ef03c62c4291b94b6a06,305198,Lee2019_MI,Q15-E007,BROAD_EEGNET,20260926,0.40347400307655334,0.5965259671211243,2
s43_2_offline_train_t016,43,2,offline_train,1,session2/s43/sess02_subj43_EEG_MI.mat,923325040004bc97b06cc2711b8f849429f9474fa9d3ef03c62c4291b94b6a06,315881,Lee2019_MI,Q15-E007,BROAD_EEGNET,20260926,0.6834204792976379,0.3165794909000397,1
s43_2_offline_train_t017,43,2,offline_train,1,session2/s43/sess02_subj43_EEG_MI.mat,923325040004bc97b06cc2711b8f849429f9474fa9d3ef03c62c4291b94b6a06,326848,Lee2019_MI,Q15-E007,BROAD_EEGNET,20260926,0.5479995012283325,0.4520004391670227,1
s43_2_offline_train_t018,43,2,offline_train,1,session2/s43/sess02_subj43_EEG_MI.mat,923325040004bc97b06cc2711b8f849429f9474fa9d3ef03c62c4291b94b6a06,338264,Lee2019_MI,Q15-E007,BROAD_EEGNET,20260926,0.8360302448272705,0.1639697104692459,1
s43_2_offline_train_t019,43,2,offline_train,1,session2/s43/sess02_subj43_EEG_MI.mat,923325040004bc97b06cc2711b8f849429f9474fa9d3ef03c62c4291b94b6a06,349597,Lee2019_MI,Q15-E007,BROAD_EEGNET,20260926,0.7879661917686462,0.21203376352787018,1
s43_2_offline_train_t020,43,2,offline_train,2,session2/s43/sess02_subj43_EEG_MI.mat,923325040004bc97b06cc2711b8f849429f9474fa9d3ef03c62c4291b94b6a06,361114,Lee2019_MI,Q15-E007,BROAD_EEGNET,20260926,0.6058525443077087,0.39414748549461365,1
s43_2_offline_train_t021,43,2,offline_train,2,session2/s43/sess02_subj43_EEG_MI.mat,923325040004bc97b06cc2711b8f849429f9474fa9d3ef03c62c4291b94b6a06,372346,Lee2019_MI,Q15-E007,BROAD_EEGNET,20260926,0.8396697640419006,0.16033023595809937,1
s43_2_offline_train_t022,43,2,offline_train,1,session2/s43/sess02_subj43_EEG_MI.mat,923325040004bc97b06cc2711b8f849429f9474fa9d3ef03c62c4291b94b6a06,382947,Lee2019_MI,Q15-E007,BROAD_EEGNET,20260926,0.7436646223068237,0.25633540749549866,1
s43_2_offline_train_t023,43,2,offline_train,2,session2/s43/sess02_subj43_EEG_MI.mat,923325040004bc97b06cc2711b8f849429f9474fa9d3ef03c62c4291b94b6a06,394362,Lee2019_MI,Q15-E007,BROAD_EEGNET,20260926,0.23691202700138092,0.7630879878997803,2
s43_2_offline_train_t024,43,2,offline_train,2,session2/s43/sess02_subj43_EEG_MI.mat,923325040004bc97b06cc2711b8f849429f9474fa9d3ef03c62c4291b94b6a06,405878,Lee2019_MI,Q15-E007,BROAD_EEGNET,20260926,0.2614499032497406,0.7385501265525818,2
s43_2_offline_train_t025,43,2,offline_train,2,session2/s43/sess02_subj43_EEG_MI.mat,923325040004bc97b06cc2711b8f849429f9474fa9d3ef03c62c4291b94b6a06,417129,Lee2019_MI,Q15-E007,BROAD_EEGNET,20260926,0.6303588151931763,0.3696412146091461,1
s43_2_offline_train_t026,43,2,offline_train,1,session2/s43/sess02_subj43_EEG_MI.mat,923325040004bc97b06cc2711b8f849429f9474fa9d3ef03c62c4291b94b6a06,428446,Lee2019_MI,Q15-E007,BROAD_EEGNET,20260926,0.729887843132019,0.27011215686798096,1
s43_2_offline_train_t027,43,2,offline_train,2,session2/s43/sess02_subj43_EEG_MI.mat,923325040004bc97b06cc2711b8f849429f9474fa9d3ef03c62c4291b94b6a06,439695,Lee2019_MI,Q15-E007,BROAD_EEGNET,20260926,0.6397092938423157,0.3602907359600067,1
s43_2_offline_train_t028,43,2,offline_train,1,session2/s43/sess02_subj43_EEG_MI.mat,923325040004bc97b06cc2711b8f849429f9474fa9d3ef03c62c4291b94b6a06,450645,Lee2019_MI,Q15-E007,BROAD_EEGNET,20260926,0.5784974694252014,0.4215024709701538,1
s43_2_offline_train_t029,43,2,offline_train,1,session2/s43/sess02_subj43_EEG_MI.mat,923325040004bc97b06cc2711b8f849429f9474fa9d3ef03c62c4291b94b6a06,461895,Lee2019_MI,Q15-E007,BROAD_EEGNET,20260926,0.7300145030021667,0.26998552680015564,1
s43_2_offline_train_t030,43,2,offline_train,2,session2/s43/sess02_subj43_EEG_MI.mat,923325040004bc97b06cc2711b8f849429f9474fa9d3ef03c62c4291b94b6a06,472661,Lee2019_MI,Q15-E007,BROAD_EEGNET,20260926,0.04901841655373573,0.950981616973877,2
s43_2_offline_train_t031,43,2,offline_train,1,session2/s43/sess02_subj43_EEG_MI.mat,923325040004bc97b06cc2711b8f849429f9474fa9d3ef03c62c4291b94b6a06,483895,Lee2019_MI,Q15-E007,BROAD_EEGNET,20260926,0.430317223072052,0.5696828365325928,2
s43_2_offline_train_t032,43,2,offline_train,2,session2/s43/sess02_subj43_EEG_MI.mat,923325040004bc97b06cc2711b8f849429f9474fa9d3ef03c62c4291b94b6a06,494494,Lee2019_MI,Q15-E007,BROAD_EEGNET,20260926,0.365642786026001,0.634357213973999,2
s43_2_offline_train_t033,43,2,offline_train,1,session2/s43/sess02_subj43_EEG_MI.mat,923325040004bc97b06cc2711b8f849429f9474fa9d3ef03c62c4291b94b6a06,505361,Lee2019_MI,Q15-E007,BROAD_EEGNET,20260926,0.7823294401168823,0.21767058968544006,1
s43_2_offline_train_t034,43,2,offline_train,2,session2/s43/sess02_subj43_EEG_MI.mat,923325040004bc97b06cc2711b8f849429f9474fa9d3ef03c62c4291b94b6a06,515944,Lee2019_MI,Q15-E007,BROAD_EEGNET,20260926,0.4392911493778229,0.5607088208198547,2
s43_2_offline_train_t035,43,2,offline_train,2,session2/s43/sess02_subj43_EEG_MI.mat,923325040004bc97b06cc2711b8f849429f9474fa9d3ef03c62c4291b94b6a06,526627,Lee2019_MI,Q15-E007,BROAD_EEGNET,20260926,0.3017931878566742,0.6982068419456482,2
s43_2_offline_train_t036,43,2,offline_train,1,session2/s43/sess02_subj43_EEG_MI.mat,923325040004bc97b06cc2711b8f849429f9474fa9d3ef03c62c4291b94b6a06,537959,Lee2019_MI,Q15-E007,BROAD_EEGNET,20260926,0.6519851088523865,0.3480148911476135,1
s43_2_offline_train_t037,43,2,offline_train,1,session2/s43/sess02_subj43_EEG_MI.mat,923325040004bc97b06cc2711b8f849429f9474fa9d3ef03c62c4291b94b6a06,549193,Lee2019_MI,Q15-E007,BROAD_EEGNET,20260926,0.8612776398658752,0.13872233033180237,1
s43_2_offline_train_t038,43,2,offline_train,2,session2/s43/sess02_subj43_EEG_MI.mat,923325040004bc97b06cc2711b8f849429f9474fa9d3ef03c62c4291b94b6a06,560060,Lee2019_MI,Q15-E007,BROAD_EEGNET,20260926,0.584050178527832,0.4159497916698456,1
s43_2_offline_train_t039,43,2,offline_train,1,session2/s43/sess02_subj43_EEG_MI.mat,923325040004bc97b06cc2711b8f849429f9474fa9d3ef03c62c4291b94b6a06,571576,Lee2019_MI,Q15-E007,BROAD_EEGNET,20260926,0.7333892583847046,0.2666107714176178,1
s43_2_offline_train_t040,43,2,offline_train,1,session2/s43/sess02_subj43_EEG_MI.mat,923325040004bc97b06cc2711b8f849429f9474fa9d3ef03c62c4291b94b6a06,582159,Lee2019_MI,Q15-E007,BROAD_EEGNET,20260926,0.522659957408905,0.4773399829864502,1
s43_2_offline_train_t041,43,2,offline_train,1,session2/s43/sess02_subj43_EEG_MI.mat,923325040004bc97b06cc2711b8f849429f9474fa9d3ef03c62c4291b94b6a06,593125,Lee2019_MI,Q15-E007,BROAD_EEGNET,20260926,0.8072566986083984,0.19274327158927917,1
s43_2_offline_train_t042,43,2,offline_train,1,session2/s43/sess02_subj43_EEG_MI.mat,923325040004bc97b06cc2711b8f849429f9474fa9d3ef03c62c4291b94b6a06,604092,Lee2019_MI,Q15-E007,BROAD_EEGNET,20260926,0.837921142578125,0.16207890212535858,1
s43_2_offline_train_t043,43,2,offline_train,2,session2/s43/sess02_subj43_EEG_MI.mat,923325040004bc97b06cc2711b8f849429f9474fa9d3ef03c62c4291b94b6a06,615408,Lee2019_MI,Q15-E007,BROAD_EEGNET,20260926,0.5374006032943726,0.4625994563102722,1
s43_2_offline_train_t044,43,2,offline_train,1,session2/s43/sess02_subj43_EEG_MI.mat,923325040004bc97b06cc2711b8f849429f9474fa9d3ef03c62c4291b94b6a06,626741,Lee2019_MI,Q15-E007,BROAD_EEGNET,20260926,0.505110502243042,0.49488943815231323,1
s43_2_offline_train_t045,43,2,offline_train,2,session2/s43/sess02_subj43_EEG_MI.mat,923325040004bc97b06cc2711b8f849429f9474fa9d3ef03c62c4291b94b6a06,637524,Lee2019_MI,Q15-E007,BROAD_EEGNET,20260926,0.7794763445854187,0.2205236554145813,1
s43_2_offline_train_t046,43,2,offline_train,1,session2/s43/sess02_subj43_EEG_MI.mat,923325040004bc97b06cc2711b8f849429f9474fa9d3ef03c62c4291b94b6a06,648574,Lee2019_MI,Q15-E007,BROAD_EEGNET,20260926,0.8915355801582336,0.10846440494060516,1
s43_2_offline_train_t047,43,2,offline_train,1,session2/s43/sess02_subj43_EEG_MI.mat,923325040004bc97b06cc2711b8f849429f9474fa9d3ef03c62c4291b94b6a06,659541,Lee2019_MI,Q15-E007,BROAD_EEGNET,20260926,0.7491316199302673,0.2508683502674103,1
s43_2_offline_train_t048,43,2,offline_train,1,session2/s43/sess02_subj43_EEG_MI.mat,923325040004bc97b06cc2711b8f849429f9474fa9d3ef03c62c4291b94b6a06,670774,Lee2019_MI,Q15-E007,BROAD_EEGNET,20260926,0.7033335566520691,0.2966664433479309,1
s43_2_offline_train_t049,43,2,offline_train,2,session2/s43/sess02_subj43_EEG_MI.mat,923325040004bc97b06cc2711b8f849429f9474fa9d3ef03c62c4291b94b6a06,682007,Lee2019_MI,Q15-E007,BROAD_EEGNET,20260926,0.4712078273296356,0.5287922024726868,2
s43_2_offline_train_t050,43,2,offline_train,1,session2/s43/sess02_subj43_EEG_MI.mat,923325040004bc97b06cc2711b8f849429f9474fa9d3ef03c62c4291b94b6a06,706156,Lee2019_MI,Q15-E007,BROAD_EEGNET,20260926,0.6747000813484192,0.3252999186515808,1
s43_2_offline_train_t051,43,2,offline_train,1,session2/s43/sess02_subj43_EEG_MI.mat,923325040004bc97b06cc2711b8f849429f9474fa9d3ef03c62c4291b94b6a06,717023,Lee2019_MI,Q15-E007,BROAD_EEGNET,20260926,0.8590973615646362,0.1409025937318802,1
s43_2_offline_train_t052,43,2,offline_train,1,session2/s43/sess02_subj43_EEG_MI.mat,923325040004bc97b06cc2711b8f849429f9474fa9d3ef03c62c4291b94b6a06,728256,Lee2019_MI,Q15-E007,BROAD_EEGNET,20260926,0.5989863872528076,0.40101358294487,1
s43_2_offline_train_t053,43,2,offline_train,1,session2/s43/sess02_subj43_EEG_MI.mat,923325040004bc97b06cc2711b8f849429f9474fa9d3ef03c62c4291b94b6a06,739506,Lee2019_MI,Q15-E007,BROAD_EEGNET,20260926,0.7266889214515686,0.2733110189437866,1
s43_2_offline_train_t054,43,2,offline_train,2,session2/s43/sess02_subj43_EEG_MI.mat,923325040004bc97b06cc2711b8f849429f9474fa9d3ef03c62c4291b94b6a06,750189,Lee2019_MI,Q15-E007,BROAD_EEGNET,20260926,0.4371822476387024,0.5628177523612976,2
s43_2_offline_train_t055,43,2,offline_train,1,session2/s43/sess02_subj43_EEG_MI.mat,923325040004bc97b06cc2711b8f849429f9474fa9d3ef03c62c4291b94b6a06,760855,Lee2019_MI,Q15-E007,BROAD_EEGNET,20260926,0.8309317231178284,0.16906827688217163,1
s43_2_offline_train_t056,43,2,offline_train,1,session2/s43/sess02_subj43_EEG_MI.mat,923325040004bc97b06cc2711b8f849429f9474fa9d3ef03c62c4291b94b6a06,771920,Lee2019_MI,Q15-E007,BROAD_EEGNET,20260926,0.7954738736152649,0.20452609658241272,1
s43_2_offline_train_t057,43,2,offline_train,2,session2/s43/sess02_subj43_EEG_MI.mat,923325040004bc97b06cc2711b8f849429f9474fa9d3ef03c62c4291b94b6a06,783438,Lee2019_MI,Q15-E007,BROAD_EEGNET,20260926,0.5145899653434753,0.48541000485420227,1
s43_2_offline_train_t058,43,2,offline_train,2,session2/s43/sess02_subj43_EEG_MI.mat,923325040004bc97b06cc2711b8f849429f9474fa9d3ef03c62c4291b94b6a06,794304,Lee2019_MI,Q15-E007,BROAD_EEGNET,20260926,0.5015648603439331,0.4984351396560669,1
s43_2_offline_train_t059,43,2,offline_train,1,session2/s43/sess02_subj43_EEG_MI.mat,923325040004bc97b06cc2711b8f849429f9474fa9d3ef03c62c4291b94b6a06,805437,Lee2019_MI,Q15-E007,BROAD_EEGNET,20260926,0.6477168202400208,0.35228314995765686,1
s43_2_offline_train_t060,43,2,offline_train,1,session2/s43/sess02_subj43_EEG_MI.mat,923325040004bc97b06cc2711b8f849429f9474fa9d3ef03c62c4291b94b6a06,816220,Lee2019_MI,Q15-E007,BROAD_EEGNET,20260926,0.5576558113098145,0.44234421849250793,1
s43_2_offline_train_t061,43,2,offline_train,2,session2/s43/sess02_subj43_EEG_MI.mat,923325040004bc97b06cc2711b8f849429f9474fa9d3ef03c62c4291b94b6a06,827553,Lee2019_MI,Q15-E007,BROAD_EEGNET,20260926,0.5025893449783325,0.49741068482398987,1
s43_2_offline_train_t062,43,2,offline_train,2,session2/s43/sess02_subj43_EEG_MI.mat,923325040004bc97b06cc2711b8f849429f9474fa9d3ef03c62c4291b94b6a06,838320,Lee2019_MI,Q15-E007,BROAD_EEGNET,20260926,0.6645442247390747,0.3354558050632477,1
s43_2_offline_train_t063,43,2,offline_train,1,session2/s43/sess02_subj43_EEG_MI.mat,923325040004bc97b06cc2711b8f849429f9474fa9d3ef03c62c4291b94b6a06,849369,Lee2019_MI,Q15-E007,BROAD_EEGNET,20260926,0.8067259788513184,0.19327402114868164,1
s43_2_offline_train_t064,43,2,offline_train,2,session2/s43/sess02_subj43_EEG_MI.mat,923325040004bc97b06cc2711b8f849429f9474fa9d3ef03c62c4291b94b6a06,860619,Lee2019_MI,Q15-E007,BROAD_EEGNET,20260926,0.6564571857452393,0.34354275465011597,1
s43_2_offline_train_t065,43,2,offline_train,2,session2/s43/sess02_subj43_EEG_MI.mat,923325040004bc97b06cc2711b8f849429f9474fa9d3ef03c62c4291b94b6a06,872036,Lee2019_MI,Q15-E007,BROAD_EEGNET,20260926,0.6380907893180847,0.36190927028656006,1
s43_2_offline_train_t066,43,2,offline_train,2,session2/s43/sess02_subj43_EEG_MI.mat,923325040004bc97b06cc2711b8f849429f9474fa9d3ef03c62c4291b94b6a06,883552,Lee2019_MI,Q15-E007,BROAD_EEGNET,20260926,0.5474594831466675,0.4525405168533325,1
s43_2_offline_train_t067,43,2,offline_train,2,session2/s43/sess02_subj43_EEG_MI.mat,923325040004bc97b06cc2711b8f849429f9474fa9d3ef03c62c4291b94b6a06,894702,Lee2019_MI,Q15-E007,BROAD_EEGNET,20260926,0.6716711521148682,0.32832881808280945,1
s43_2_offline_train_t068,43,2,offline_train,1,session2/s43/sess02_subj43_EEG_MI.mat,923325040004bc97b06cc2711b8f849429f9474fa9d3ef03c62c4291b94b6a06,905385,Lee2019_MI,Q15-E007,BROAD_EEGNET,20260926,0.410247266292572,0.5897526741027832,2
s43_2_offline_train_t069,43,2,offline_train,1,session2/s43/sess02_subj43_EEG_MI.mat,923325040004bc97b06cc2711b8f849429f9474fa9d3ef03c62c4291b94b6a06,916069,Lee2019_MI,Q15-E007,BROAD_EEGNET,20260926,0.8050983548164368,0.19490161538124084,1
s43_2_offline_train_t070,43,2,offline_train,2,session2/s43/sess02_subj43_EEG_MI.mat,923325040004bc97b06cc2711b8f849429f9474fa9d3ef03c62c4291b94b6a06,926834,Lee2019_MI,Q15-E007,BROAD_EEGNET,20260926,0.57668137550354,0.4233185946941376,1
s43_2_offline_train_t071,43,2,offline_train,1,session2/s43/sess02_subj43_EEG_MI.mat,923325040004bc97b06cc2711b8f849429f9474fa9d3ef03c62c4291b94b6a06,938268,Lee2019_MI,Q15-E007,BROAD_EEGNET,20260926,0.8588114976882935,0.14118845760822296,1
s43_2_offline_train_t072,43,2,offline_train,2,session2/s43/sess02_subj43_EEG_MI.mat,923325040004bc97b06cc2711b8f849429f9474fa9d3ef03c62c4291b94b6a06,949034,Lee2019_MI,Q15-E007,BROAD_EEGNET,20260926,0.6218966841697693,0.3781033456325531,1
s43_2_offline_train_t073,43,2,offline_train,2,session2/s43/sess02_subj43_EEG_MI.mat,923325040004bc97b06cc2711b8f849429f9474fa9d3ef03c62c4291b94b6a06,960368,Lee2019_MI,Q15-E007,BROAD_EEGNET,20260926,0.6229667067527771,0.3770332932472229,1
s43_2_offline_train_t074,43,2,offline_train,2,session2/s43/sess02_subj43_EEG_MI.mat,923325040004bc97b06cc2711b8f849429f9474fa9d3ef03c62c4291b94b6a06,971134,Lee2019_MI,Q15-E007,BROAD_EEGNET,20260926,0.7547149658203125,0.24528498947620392,1
s43_2_offline_train_t075,43,2,offline_train,1,session2/s43/sess02_subj43_EEG_MI.mat,923325040004bc97b06cc2711b8f849429f9474fa9d3ef03c62c4291b94b6a06,982650,Lee2019_MI,Q15-E007,BROAD_EEGNET,20260926,0.677501380443573,0.3224986493587494,1
s43_2_offline_train_t076,43,2,offline_train,2,session2/s43/sess02_subj43_EEG_MI.mat,923325040004bc97b06cc2711b8f849429f9474fa9d3ef03c62c4291b94b6a06,993517,Lee2019_MI,Q15-E007,BROAD_EEGNET,20260926,0.6428570747375488,0.35714292526245117,1
s43_2_offline_train_t077,43,2,offline_train,1,session2/s43/sess02_subj43_EEG_MI.mat,923325040004bc97b06cc2711b8f849429f9474fa9d3ef03c62c4291b94b6a06,1004300,Lee2019_MI,Q15-E007,BROAD_EEGNET,20260926,0.8795704245567322,0.120429627597332,1
s43_2_offline_train_t078,43,2,offline_train,1,session2/s43/sess02_subj43_EEG_MI.mat,923325040004bc97b06cc2711b8f849429f9474fa9d3ef03c62c4291b94b6a06,1015067,Lee2019_MI,Q15-E007,BROAD_EEGNET,20260926,0.7065500020980835,0.2934499979019165,1
s43_2_offline_train_t079,43,2,offline_train,2,session2/s43/sess02_subj43_EEG_MI.mat,923325040004bc97b06cc2711b8f849429f9474fa9d3ef03c62c4291b94b6a06,1026216,Lee2019_MI,Q15-E007,BROAD_EEGNET,20260926,0.5406447052955627,0.45935529470443726,1
s43_2_offline_train_t080,43,2,offline_train,2,session2/s43/sess02_subj43_EEG_MI.mat,923325040004bc97b06cc2711b8f849429f9474fa9d3ef03c62c4291b94b6a06,1037266,Lee2019_MI,Q15-E007,BROAD_EEGNET,20260926,0.5990616679191589,0.40093833208084106,1
s43_2_offline_train_t081,43,2,offline_train,2,session2/s43/sess02_subj43_EEG_MI.mat,923325040004bc97b06cc2711b8f849429f9474fa9d3ef03c62c4291b94b6a06,1048132,Lee2019_MI,Q15-E007,BROAD_EEGNET,20260926,0.7892640829086304,0.21073591709136963,1
s43_2_offline_train_t082,43,2,offline_train,1,session2/s43/sess02_subj43_EEG_MI.mat,923325040004bc97b06cc2711b8f849429f9474fa9d3ef03c62c4291b94b6a06,1059565,Lee2019_MI,Q15-E007,BROAD_EEGNET,20260926,0.6896363496780396,0.31036365032196045,1
s43_2_offline_train_t083,43,2,offline_train,2,session2/s43/sess02_subj43_EEG_MI.mat,923325040004bc97b06cc2711b8f849429f9474fa9d3ef03c62c4291b94b6a06,1070699,Lee2019_MI,Q15-E007,BROAD_EEGNET,20260926,0.3296849727630615,0.6703150272369385,2
s43_2_offline_train_t084,43,2,offline_train,2,session2/s43/sess02_subj43_EEG_MI.mat,923325040004bc97b06cc2711b8f849429f9474fa9d3ef03c62c4291b94b6a06,1081765,Lee2019_MI,Q15-E007,BROAD_EEGNET,20260926,0.8390400409698486,0.16095997393131256,1
s43_2_offline_train_t085,43,2,offline_train,1,session2/s43/sess02_subj43_EEG_MI.mat,923325040004bc97b06cc2711b8f849429f9474fa9d3ef03c62c4291b94b6a06,1093282,Lee2019_MI,Q15-E007,BROAD_EEGNET,20260926,0.7646634578704834,0.2353365570306778,1
s43_2_offline_train_t086,43,2,offline_train,2,session2/s43/sess02_subj43_EEG_MI.mat,923325040004bc97b06cc2711b8f849429f9474fa9d3ef03c62c4291b94b6a06,1104148,Lee2019_MI,Q15-E007,BROAD_EEGNET,20260926,0.7034159898757935,0.29658398032188416,1
s43_2_offline_train_t087,43,2,offline_train,1,session2/s43/sess02_subj43_EEG_MI.mat,923325040004bc97b06cc2711b8f849429f9474fa9d3ef03c62c4291b94b6a06,1115464,Lee2019_MI,Q15-E007,BROAD_EEGNET,20260926,0.47196832299232483,0.5280317068099976,2
s43_2_offline_train_t088,43,2,offline_train,2,session2/s43/sess02_subj43_EEG_MI.mat,923325040004bc97b06cc2711b8f849429f9474fa9d3ef03c62c4291b94b6a06,1126797,Lee2019_MI,Q15-E007,BROAD_EEGNET,20260926,0.6289911866188049,0.37100881338119507,1
s43_2_offline_train_t089,43,2,offline_train,2,session2/s43/sess02_subj43_EEG_MI.mat,923325040004bc97b06cc2711b8f849429f9474fa9d3ef03c62c4291b94b6a06,1137764,Lee2019_MI,Q15-E007,BROAD_EEGNET,20260926,0.31393465399742126,0.6860653758049011,2
s43_2_offline_train_t090,43,2,offline_train,2,session2/s43/sess02_subj43_EEG_MI.mat,923325040004bc97b06cc2711b8f849429f9474fa9d3ef03c62c4291b94b6a06,1148914,Lee2019_MI,Q15-E007,BROAD_EEGNET,20260926,0.6051623225212097,0.3948376476764679,1
s43_2_offline_train_t091,43,2,offline_train,2,session2/s43/sess02_subj43_EEG_MI.mat,923325040004bc97b06cc2711b8f849429f9474fa9d3ef03c62c4291b94b6a06,1159497,Lee2019_MI,Q15-E007,BROAD_EEGNET,20260926,0.6061365008354187,0.3938634693622589,1
s43_2_offline_train_t092,43,2,offline_train,2,session2/s43/sess02_subj43_EEG_MI.mat,923325040004bc97b06cc2711b8f849429f9474fa9d3ef03c62c4291b94b6a06,1170079,Lee2019_MI,Q15-E007,BROAD_EEGNET,20260926,0.6863640546798706,0.3136359453201294,1
s43_2_offline_train_t093,43,2,offline_train,1,session2/s43/sess02_subj43_EEG_MI.mat,923325040004bc97b06cc2711b8f849429f9474fa9d3ef03c62c4291b94b6a06,1181129,Lee2019_MI,Q15-E007,BROAD_EEGNET,20260926,0.8248385190963745,0.1751614511013031,1
s43_2_offline_train_t094,43,2,offline_train,2,session2/s43/sess02_subj43_EEG_MI.mat,923325040004bc97b06cc2711b8f849429f9474fa9d3ef03c62c4291b94b6a06,1192462,Lee2019_MI,Q15-E007,BROAD_EEGNET,20260926,0.3040662407875061,0.6959337592124939,2
s43_2_offline_train_t095,43,2,offline_train,1,session2/s43/sess02_subj43_EEG_MI.mat,923325040004bc97b06cc2711b8f849429f9474fa9d3ef03c62c4291b94b6a06,1203979,Lee2019_MI,Q15-E007,BROAD_EEGNET,20260926,0.6367403864860535,0.3632596433162689,1
s43_2_offline_train_t096,43,2,offline_train,1,session2/s43/sess02_subj43_EEG_MI.mat,923325040004bc97b06cc2711b8f849429f9474fa9d3ef03c62c4291b94b6a06,1214662,Lee2019_MI,Q15-E007,BROAD_EEGNET,20260926,0.7356058359146118,0.2643941044807434,1
s43_2_offline_train_t097,43,2,offline_train,2,session2/s43/sess02_subj43_EEG_MI.mat,923325040004bc97b06cc2711b8f849429f9474fa9d3ef03c62c4291b94b6a06,1225812,Lee2019_MI,Q15-E007,BROAD_EEGNET,20260926,0.4902011752128601,0.5097988247871399,2
s43_2_offline_train_t098,43,2,offline_train,1,session2/s43/sess02_subj43_EEG_MI.mat,923325040004bc97b06cc2711b8f849429f9474fa9d3ef03c62c4291b94b6a06,1236861,Lee2019_MI,Q15-E007,BROAD_EEGNET,20260926,0.7383391261100769,0.2616609036922455,1
s43_2_offline_train_t099,43,2,offline_train,2,session2/s43/sess02_subj43_EEG_MI.mat,923325040004bc97b06cc2711b8f849429f9474fa9d3ef03c62c4291b94b6a06,1247445,Lee2019_MI,Q15-E007,BROAD_EEGNET,20260926,0.570542573928833,0.4294573962688446,1
s43_2_offline_train_t100,43,2,offline_train,2,session2/s43/sess02_subj43_EEG_MI.mat,923325040004bc97b06cc2711b8f849429f9474fa9d3ef03c62c4291b94b6a06,1258311,Lee2019_MI,Q15-E007,BROAD_EEGNET,20260926,0.49939271807670593,0.5006072521209717,2
s43_1_offline_train_t001,43,1,offline_train,1,session1/s43/sess01_subj43_EEG_MI.mat,9eb5a1323741e92a7ee13296ce745a1bbe8d43c8fdb1dc75883f350b598e5142,296832,Lee2019_MI,Q15-E007,MU_BETA_SHARED,20260924,0.46296340227127075,0.5370365977287292,2
s43_1_offline_train_t002,43,1,offline_train,2,session1/s43/sess01_subj43_EEG_MI.mat,9eb5a1323741e92a7ee13296ce745a1bbe8d43c8fdb1dc75883f350b598e5142,308248,Lee2019_MI,Q15-E007,MU_BETA_SHARED,20260924,0.4869421124458313,0.5130579471588135,2
s43_1_offline_train_t003,43,1,offline_train,1,session1/s43/sess01_subj43_EEG_MI.mat,9eb5a1323741e92a7ee13296ce745a1bbe8d43c8fdb1dc75883f350b598e5142,318931,Lee2019_MI,Q15-E007,MU_BETA_SHARED,20260924,0.736553430557251,0.26344653964042664,1
s43_1_offline_train_t004,43,1,offline_train,1,session1/s43/sess01_subj43_EEG_MI.mat,9eb5a1323741e92a7ee13296ce745a1bbe8d43c8fdb1dc75883f350b598e5142,330364,Lee2019_MI,Q15-E007,MU_BETA_SHARED,20260924,0.598610520362854,0.401389479637146,1
s43_1_offline_train_t005,43,1,offline_train,2,session1/s43/sess01_subj43_EEG_MI.mat,9eb5a1323741e92a7ee13296ce745a1bbe8d43c8fdb1dc75883f350b598e5142,341497,Lee2019_MI,Q15-E007,MU_BETA_SHARED,20260924,0.17119120061397552,0.8288087844848633,2
s43_1_offline_train_t006,43,1,offline_train,2,session1/s43/sess01_subj43_EEG_MI.mat,9eb5a1323741e92a7ee13296ce745a1bbe8d43c8fdb1dc75883f350b598e5142,352181,Lee2019_MI,Q15-E007,MU_BETA_SHARED,20260924,0.5564977526664734,0.4435022473335266,1
s43_1_offline_train_t007,43,1,offline_train,1,session1/s43/sess01_subj43_EEG_MI.mat,9eb5a1323741e92a7ee13296ce745a1bbe8d43c8fdb1dc75883f350b598e5142,363047,Lee2019_MI,Q15-E007,MU_BETA_SHARED,20260924,0.842444121837616,0.15755586326122284,1
s43_1_offline_train_t008,43,1,offline_train,2,session1/s43/sess01_subj43_EEG_MI.mat,9eb5a1323741e92a7ee13296ce745a1bbe8d43c8fdb1dc75883f350b598e5142,374113,Lee2019_MI,Q15-E007,MU_BETA_SHARED,20260924,0.281325101852417,0.7186748385429382,2
s43_1_offline_train_t009,43,1,offline_train,1,session1/s43/sess01_subj43_EEG_MI.mat,9eb5a1323741e92a7ee13296ce745a1bbe8d43c8fdb1dc75883f350b598e5142,385630,Lee2019_MI,Q15-E007,MU_BETA_SHARED,20260924,0.48624277114868164,0.5137572884559631,2
s43_1_offline_train_t010,43,1,offline_train,1,session1/s43/sess01_subj43_EEG_MI.mat,9eb5a1323741e92a7ee13296ce745a1bbe8d43c8fdb1dc75883f350b598e5142,397146,Lee2019_MI,Q15-E007,MU_BETA_SHARED,20260924,0.5398838520050049,0.4601161479949951,1
s43_1_offline_train_t011,43,1,offline_train,2,session1/s43/sess01_subj43_EEG_MI.mat,9eb5a1323741e92a7ee13296ce745a1bbe8d43c8fdb1dc75883f350b598e5142,407813,Lee2019_MI,Q15-E007,MU_BETA_SHARED,20260924,0.17950934171676636,0.8204906582832336,2
s43_1_offline_train_t012,43,1,offline_train,2,session1/s43/sess01_subj43_EEG_MI.mat,9eb5a1323741e92a7ee13296ce745a1bbe8d43c8fdb1dc75883f350b598e5142,419346,Lee2019_MI,Q15-E007,MU_BETA_SHARED,20260924,0.19874249398708344,0.8012575507164001,2
s43_1_offline_train_t013,43,1,offline_train,1,session1/s43/sess01_subj43_EEG_MI.mat,9eb5a1323741e92a7ee13296ce745a1bbe8d43c8fdb1dc75883f350b598e5142,430862,Lee2019_MI,Q15-E007,MU_BETA_SHARED,20260924,0.5223821997642517,0.4776177704334259,1
s43_1_offline_train_t014,43,1,offline_train,1,session1/s43/sess01_subj43_EEG_MI.mat,9eb5a1323741e92a7ee13296ce745a1bbe8d43c8fdb1dc75883f350b598e5142,441912,Lee2019_MI,Q15-E007,MU_BETA_SHARED,20260924,0.6190351247787476,0.38096484541893005,1
s43_1_offline_train_t015,43,1,offline_train,2,session1/s43/sess01_subj43_EEG_MI.mat,9eb5a1323741e92a7ee13296ce745a1bbe8d43c8fdb1dc75883f350b598e5142,453245,Lee2019_MI,Q15-E007,MU_BETA_SHARED,20260924,0.4799824059009552,0.5200175642967224,2
s43_1_offline_train_t016,43,1,offline_train,1,session1/s43/sess01_subj43_EEG_MI.mat,9eb5a1323741e92a7ee13296ce745a1bbe8d43c8fdb1dc75883f350b598e5142,463911,Lee2019_MI,Q15-E007,MU_BETA_SHARED,20260924,0.5236396193504333,0.47636035084724426,1
s43_1_offline_train_t017,43,1,offline_train,1,session1/s43/sess01_subj43_EEG_MI.mat,9eb5a1323741e92a7ee13296ce745a1bbe8d43c8fdb1dc75883f350b598e5142,474878,Lee2019_MI,Q15-E007,MU_BETA_SHARED,20260924,0.8651177287101746,0.13488230109214783,1
s43_1_offline_train_t018,43,1,offline_train,1,session1/s43/sess01_subj43_EEG_MI.mat,9eb5a1323741e92a7ee13296ce745a1bbe8d43c8fdb1dc75883f350b598e5142,486394,Lee2019_MI,Q15-E007,MU_BETA_SHARED,20260924,0.3558410704135895,0.6441589593887329,2
s43_1_offline_train_t019,43,1,offline_train,1,session1/s43/sess01_subj43_EEG_MI.mat,9eb5a1323741e92a7ee13296ce745a1bbe8d43c8fdb1dc75883f350b598e5142,497726,Lee2019_MI,Q15-E007,MU_BETA_SHARED,20260924,0.758455216884613,0.24154479801654816,1
s43_1_offline_train_t020,43,1,offline_train,2,session1/s43/sess01_subj43_EEG_MI.mat,9eb5a1323741e92a7ee13296ce745a1bbe8d43c8fdb1dc75883f350b598e5142,509244,Lee2019_MI,Q15-E007,MU_BETA_SHARED,20260924,0.07463393360376358,0.9253660440444946,2
s43_1_offline_train_t021,43,1,offline_train,2,session1/s43/sess01_subj43_EEG_MI.mat,9eb5a1323741e92a7ee13296ce745a1bbe8d43c8fdb1dc75883f350b598e5142,520477,Lee2019_MI,Q15-E007,MU_BETA_SHARED,20260924,0.3917599320411682,0.6082400679588318,2
s43_1_offline_train_t022,43,1,offline_train,1,session1/s43/sess01_subj43_EEG_MI.mat,9eb5a1323741e92a7ee13296ce745a1bbe8d43c8fdb1dc75883f350b598e5142,531077,Lee2019_MI,Q15-E007,MU_BETA_SHARED,20260924,0.35152313113212585,0.6484768986701965,2
s43_1_offline_train_t023,43,1,offline_train,2,session1/s43/sess01_subj43_EEG_MI.mat,9eb5a1323741e92a7ee13296ce745a1bbe8d43c8fdb1dc75883f350b598e5142,542493,Lee2019_MI,Q15-E007,MU_BETA_SHARED,20260924,0.3736356198787689,0.6263643503189087,2
s43_1_offline_train_t024,43,1,offline_train,2,session1/s43/sess01_subj43_EEG_MI.mat,9eb5a1323741e92a7ee13296ce745a1bbe8d43c8fdb1dc75883f350b598e5142,554009,Lee2019_MI,Q15-E007,MU_BETA_SHARED,20260924,0.33107790350914,0.6689220666885376,2
s43_1_offline_train_t025,43,1,offline_train,2,session1/s43/sess01_subj43_EEG_MI.mat,9eb5a1323741e92a7ee13296ce745a1bbe8d43c8fdb1dc75883f350b598e5142,565242,Lee2019_MI,Q15-E007,MU_BETA_SHARED,20260924,0.27509772777557373,0.7249022722244263,2
s43_1_offline_train_t026,43,1,offline_train,1,session1/s43/sess01_subj43_EEG_MI.mat,9eb5a1323741e92a7ee13296ce745a1bbe8d43c8fdb1dc75883f350b598e5142,576575,Lee2019_MI,Q15-E007,MU_BETA_SHARED,20260924,0.9593341946601868,0.04066585749387741,1
s43_1_offline_train_t027,43,1,offline_train,2,session1/s43/sess01_subj43_EEG_MI.mat,9eb5a1323741e92a7ee13296ce745a1bbe8d43c8fdb1dc75883f350b598e5142,587909,Lee2019_MI,Q15-E007,MU_BETA_SHARED,20260924,0.6506227254867554,0.34937724471092224,1
s43_1_offline_train_t028,43,1,offline_train,1,session1/s43/sess01_subj43_EEG_MI.mat,9eb5a1323741e92a7ee13296ce745a1bbe8d43c8fdb1dc75883f350b598e5142,598875,Lee2019_MI,Q15-E007,MU_BETA_SHARED,20260924,0.7365217208862305,0.2634783089160919,1
s43_1_offline_train_t029,43,1,offline_train,1,session1/s43/sess01_subj43_EEG_MI.mat,9eb5a1323741e92a7ee13296ce745a1bbe8d43c8fdb1dc75883f350b598e5142,610107,Lee2019_MI,Q15-E007,MU_BETA_SHARED,20260924,0.3978828191757202,0.602117121219635,2
s43_1_offline_train_t030,43,1,offline_train,2,session1/s43/sess01_subj43_EEG_MI.mat,9eb5a1323741e92a7ee13296ce745a1bbe8d43c8fdb1dc75883f350b598e5142,620791,Lee2019_MI,Q15-E007,MU_BETA_SHARED,20260924,0.24912020564079285,0.7508797645568848,2
s43_1_offline_train_t031,43,1,offline_train,1,session1/s43/sess01_subj43_EEG_MI.mat,9eb5a1323741e92a7ee13296ce745a1bbe8d43c8fdb1dc75883f350b598e5142,632024,Lee2019_MI,Q15-E007,MU_BETA_SHARED,20260924,0.9598784446716309,0.04012155532836914,1
s43_1_offline_train_t032,43,1,offline_train,2,session1/s43/sess01_subj43_EEG_MI.mat,9eb5a1323741e92a7ee13296ce745a1bbe8d43c8fdb1dc75883f350b598e5142,642624,Lee2019_MI,Q15-E007,MU_BETA_SHARED,20260924,0.03384007513523102,0.9661598801612854,2
s43_1_offline_train_t033,43,1,offline_train,1,session1/s43/sess01_subj43_EEG_MI.mat,9eb5a1323741e92a7ee13296ce745a1bbe8d43c8fdb1dc75883f350b598e5142,653490,Lee2019_MI,Q15-E007,MU_BETA_SHARED,20260924,0.38395506143569946,0.6160449385643005,2
s43_1_offline_train_t034,43,1,offline_train,2,session1/s43/sess01_subj43_EEG_MI.mat,9eb5a1323741e92a7ee13296ce745a1bbe8d43c8fdb1dc75883f350b598e5142,664074,Lee2019_MI,Q15-E007,MU_BETA_SHARED,20260924,0.2340632975101471,0.7659367322921753,2
s43_1_offline_train_t035,43,1,offline_train,2,session1/s43/sess01_subj43_EEG_MI.mat,9eb5a1323741e92a7ee13296ce745a1bbe8d43c8fdb1dc75883f350b598e5142,674757,Lee2019_MI,Q15-E007,MU_BETA_SHARED,20260924,0.18077880144119263,0.8192211985588074,2
s43_1_offline_train_t036,43,1,offline_train,1,session1/s43/sess01_subj43_EEG_MI.mat,9eb5a1323741e92a7ee13296ce745a1bbe8d43c8fdb1dc75883f350b598e5142,686090,Lee2019_MI,Q15-E007,MU_BETA_SHARED,20260924,0.639258086681366,0.3607419431209564,1
s43_1_offline_train_t037,43,1,offline_train,1,session1/s43/sess01_subj43_EEG_MI.mat,9eb5a1323741e92a7ee13296ce745a1bbe8d43c8fdb1dc75883f350b598e5142,697323,Lee2019_MI,Q15-E007,MU_BETA_SHARED,20260924,0.5785963535308838,0.4214036464691162,1
s43_1_offline_train_t038,43,1,offline_train,2,session1/s43/sess01_subj43_EEG_MI.mat,9eb5a1323741e92a7ee13296ce745a1bbe8d43c8fdb1dc75883f350b598e5142,708189,Lee2019_MI,Q15-E007,MU_BETA_SHARED,20260924,0.7201090455055237,0.2798909544944763,1
s43_1_offline_train_t039,43,1,offline_train,1,session1/s43/sess01_subj43_EEG_MI.mat,9eb5a1323741e92a7ee13296ce745a1bbe8d43c8fdb1dc75883f350b598e5142,719705,Lee2019_MI,Q15-E007,MU_BETA_SHARED,20260924,0.7882468104362488,0.21175318956375122,1
s43_1_offline_train_t040,43,1,offline_train,1,session1/s43/sess01_subj43_EEG_MI.mat,9eb5a1323741e92a7ee13296ce745a1bbe8d43c8fdb1dc75883f350b598e5142,730289,Lee2019_MI,Q15-E007,MU_BETA_SHARED,20260924,0.41775253415107727,0.5822474360466003,2
s43_1_offline_train_t041,43,1,offline_train,1,session1/s43/sess01_subj43_EEG_MI.mat,9eb5a1323741e92a7ee13296ce745a1bbe8d43c8fdb1dc75883f350b598e5142,741254,Lee2019_MI,Q15-E007,MU_BETA_SHARED,20260924,0.3412817716598511,0.6587182283401489,2
s43_1_offline_train_t042,43,1,offline_train,1,session1/s43/sess01_subj43_EEG_MI.mat,9eb5a1323741e92a7ee13296ce745a1bbe8d43c8fdb1dc75883f350b598e5142,752205,Lee2019_MI,Q15-E007,MU_BETA_SHARED,20260924,0.6294375061988831,0.37056252360343933,1
s43_1_offline_train_t043,43,1,offline_train,2,session1/s43/sess01_subj43_EEG_MI.mat,9eb5a1323741e92a7ee13296ce745a1bbe8d43c8fdb1dc75883f350b598e5142,763538,Lee2019_MI,Q15-E007,MU_BETA_SHARED,20260924,0.5628993511199951,0.4371006488800049,1
s43_1_offline_train_t044,43,1,offline_train,1,session1/s43/sess01_subj43_EEG_MI.mat,9eb5a1323741e92a7ee13296ce745a1bbe8d43c8fdb1dc75883f350b598e5142,774871,Lee2019_MI,Q15-E007,MU_BETA_SHARED,20260924,0.6766056418418884,0.3233943283557892,1
s43_1_offline_train_t045,43,1,offline_train,2,session1/s43/sess01_subj43_EEG_MI.mat,9eb5a1323741e92a7ee13296ce745a1bbe8d43c8fdb1dc75883f350b598e5142,785654,Lee2019_MI,Q15-E007,MU_BETA_SHARED,20260924,0.4232773780822754,0.5767226219177246,2
s43_1_offline_train_t046,43,1,offline_train,1,session1/s43/sess01_subj43_EEG_MI.mat,9eb5a1323741e92a7ee13296ce745a1bbe8d43c8fdb1dc75883f350b598e5142,796704,Lee2019_MI,Q15-E007,MU_BETA_SHARED,20260924,0.6845364570617676,0.3154635429382324,1
s43_1_offline_train_t047,43,1,offline_train,1,session1/s43/sess01_subj43_EEG_MI.mat,9eb5a1323741e92a7ee13296ce745a1bbe8d43c8fdb1dc75883f350b598e5142,807653,Lee2019_MI,Q15-E007,MU_BETA_SHARED,20260924,0.4618455469608307,0.5381544828414917,2
s43_1_offline_train_t048,43,1,offline_train,1,session1/s43/sess01_subj43_EEG_MI.mat,9eb5a1323741e92a7ee13296ce745a1bbe8d43c8fdb1dc75883f350b598e5142,818803,Lee2019_MI,Q15-E007,MU_BETA_SHARED,20260924,0.7838261723518372,0.21617387235164642,1
s43_1_offline_train_t049,43,1,offline_train,2,session1/s43/sess01_subj43_EEG_MI.mat,9eb5a1323741e92a7ee13296ce745a1bbe8d43c8fdb1dc75883f350b598e5142,830036,Lee2019_MI,Q15-E007,MU_BETA_SHARED,20260924,0.44181206822395325,0.5581879615783691,2
s43_1_offline_train_t050,43,1,offline_train,1,session1/s43/sess01_subj43_EEG_MI.mat,9eb5a1323741e92a7ee13296ce745a1bbe8d43c8fdb1dc75883f350b598e5142,951534,Lee2019_MI,Q15-E007,MU_BETA_SHARED,20260924,0.7036399245262146,0.296360045671463,1
s43_1_offline_train_t051,43,1,offline_train,1,session1/s43/sess01_subj43_EEG_MI.mat,9eb5a1323741e92a7ee13296ce745a1bbe8d43c8fdb1dc75883f350b598e5142,962400,Lee2019_MI,Q15-E007,MU_BETA_SHARED,20260924,0.5388045310974121,0.4611954689025879,1
s43_1_offline_train_t052,43,1,offline_train,1,session1/s43/sess01_subj43_EEG_MI.mat,9eb5a1323741e92a7ee13296ce745a1bbe8d43c8fdb1dc75883f350b598e5142,973633,Lee2019_MI,Q15-E007,MU_BETA_SHARED,20260924,0.3050466775894165,0.6949533224105835,2
s43_1_offline_train_t053,43,1,offline_train,1,session1/s43/sess01_subj43_EEG_MI.mat,9eb5a1323741e92a7ee13296ce745a1bbe8d43c8fdb1dc75883f350b598e5142,984866,Lee2019_MI,Q15-E007,MU_BETA_SHARED,20260924,0.3526023328304291,0.6473976969718933,2
s43_1_offline_train_t054,43,1,offline_train,2,session1/s43/sess01_subj43_EEG_MI.mat,9eb5a1323741e92a7ee13296ce745a1bbe8d43c8fdb1dc75883f350b598e5142,995549,Lee2019_MI,Q15-E007,MU_BETA_SHARED,20260924,0.6917684078216553,0.30823156237602234,1
s43_1_offline_train_t055,43,1,offline_train,1,session1/s43/sess01_subj43_EEG_MI.mat,9eb5a1323741e92a7ee13296ce745a1bbe8d43c8fdb1dc75883f350b598e5142,1006232,Lee2019_MI,Q15-E007,MU_BETA_SHARED,20260924,0.5841453075408936,0.41585466265678406,1
s43_1_offline_train_t056,43,1,offline_train,1,session1/s43/sess01_subj43_EEG_MI.mat,9eb5a1323741e92a7ee13296ce745a1bbe8d43c8fdb1dc75883f350b598e5142,1017282,Lee2019_MI,Q15-E007,MU_BETA_SHARED,20260924,0.7804934978485107,0.21950653195381165,1
s43_1_offline_train_t057,43,1,offline_train,2,session1/s43/sess01_subj43_EEG_MI.mat,9eb5a1323741e92a7ee13296ce745a1bbe8d43c8fdb1dc75883f350b598e5142,1028797,Lee2019_MI,Q15-E007,MU_BETA_SHARED,20260924,0.506613552570343,0.493386447429657,1
s43_1_offline_train_t058,43,1,offline_train,2,session1/s43/sess01_subj43_EEG_MI.mat,9eb5a1323741e92a7ee13296ce745a1bbe8d43c8fdb1dc75883f350b598e5142,1039665,Lee2019_MI,Q15-E007,MU_BETA_SHARED,20260924,0.4955040514469147,0.5044959783554077,2
s43_1_offline_train_t059,43,1,offline_train,1,session1/s43/sess01_subj43_EEG_MI.mat,9eb5a1323741e92a7ee13296ce745a1bbe8d43c8fdb1dc75883f350b598e5142,1050814,Lee2019_MI,Q15-E007,MU_BETA_SHARED,20260924,0.7408477067947388,0.2591523230075836,1
s43_1_offline_train_t060,43,1,offline_train,1,session1/s43/sess01_subj43_EEG_MI.mat,9eb5a1323741e92a7ee13296ce745a1bbe8d43c8fdb1dc75883f350b598e5142,1061581,Lee2019_MI,Q15-E007,MU_BETA_SHARED,20260924,0.34475359320640564,0.655246376991272,2
s43_1_offline_train_t061,43,1,offline_train,2,session1/s43/sess01_subj43_EEG_MI.mat,9eb5a1323741e92a7ee13296ce745a1bbe8d43c8fdb1dc75883f350b598e5142,1072914,Lee2019_MI,Q15-E007,MU_BETA_SHARED,20260924,0.7006767988204956,0.2993232011795044,1
s43_1_offline_train_t062,43,1,offline_train,2,session1/s43/sess01_subj43_EEG_MI.mat,9eb5a1323741e92a7ee13296ce745a1bbe8d43c8fdb1dc75883f350b598e5142,1083697,Lee2019_MI,Q15-E007,MU_BETA_SHARED,20260924,0.3549096882343292,0.6450903415679932,2
s43_1_offline_train_t063,43,1,offline_train,1,session1/s43/sess01_subj43_EEG_MI.mat,9eb5a1323741e92a7ee13296ce745a1bbe8d43c8fdb1dc75883f350b598e5142,1094747,Lee2019_MI,Q15-E007,MU_BETA_SHARED,20260924,0.837157666683197,0.1628422886133194,1
s43_1_offline_train_t064,43,1,offline_train,2,session1/s43/sess01_subj43_EEG_MI.mat,9eb5a1323741e92a7ee13296ce745a1bbe8d43c8fdb1dc75883f350b598e5142,1105980,Lee2019_MI,Q15-E007,MU_BETA_SHARED,20260924,0.6381396055221558,0.3618604242801666,1
s43_1_offline_train_t065,43,1,offline_train,2,session1/s43/sess01_subj43_EEG_MI.mat,9eb5a1323741e92a7ee13296ce745a1bbe8d43c8fdb1dc75883f350b598e5142,1117413,Lee2019_MI,Q15-E007,MU_BETA_SHARED,20260924,0.8701197504997253,0.12988020479679108,1
s43_1_offline_train_t066,43,1,offline_train,2,session1/s43/sess01_subj43_EEG_MI.mat,9eb5a1323741e92a7ee13296ce745a1bbe8d43c8fdb1dc75883f350b598e5142,1128929,Lee2019_MI,Q15-E007,MU_BETA_SHARED,20260924,0.8193758726119995,0.18062415719032288,1
s43_1_offline_train_t067,43,1,offline_train,2,session1/s43/sess01_subj43_EEG_MI.mat,9eb5a1323741e92a7ee13296ce745a1bbe8d43c8fdb1dc75883f350b598e5142,1140078,Lee2019_MI,Q15-E007,MU_BETA_SHARED,20260924,0.1334840953350067,0.8665159344673157,2
s43_1_offline_train_t068,43,1,offline_train,1,session1/s43/sess01_subj43_EEG_MI.mat,9eb5a1323741e92a7ee13296ce745a1bbe8d43c8fdb1dc75883f350b598e5142,1150746,Lee2019_MI,Q15-E007,MU_BETA_SHARED,20260924,0.8677529096603394,0.13224707543849945,1
s43_1_offline_train_t069,43,1,offline_train,1,session1/s43/sess01_subj43_EEG_MI.mat,9eb5a1323741e92a7ee13296ce745a1bbe8d43c8fdb1dc75883f350b598e5142,1161428,Lee2019_MI,Q15-E007,MU_BETA_SHARED,20260924,0.6853583455085754,0.31464165449142456,1
s43_1_offline_train_t070,43,1,offline_train,2,session1/s43/sess01_subj43_EEG_MI.mat,9eb5a1323741e92a7ee13296ce745a1bbe8d43c8fdb1dc75883f350b598e5142,1172212,Lee2019_MI,Q15-E007,MU_BETA_SHARED,20260924,0.11538700014352798,0.8846129775047302,2
s43_1_offline_train_t071,43,1,offline_train,1,session1/s43/sess01_subj43_EEG_MI.mat,9eb5a1323741e92a7ee13296ce745a1bbe8d43c8fdb1dc75883f350b598e5142,1183627,Lee2019_MI,Q15-E007,MU_BETA_SHARED,20260924,0.8591946959495544,0.14080531895160675,1
s43_1_offline_train_t072,43,1,offline_train,2,session1/s43/sess01_subj43_EEG_MI.mat,9eb5a1323741e92a7ee13296ce745a1bbe8d43c8fdb1dc75883f350b598e5142,1194411,Lee2019_MI,Q15-E007,MU_BETA_SHARED,20260924,0.40722745656967163,0.5927725434303284,2
s43_1_offline_train_t073,43,1,offline_train,2,session1/s43/sess01_subj43_EEG_MI.mat,9eb5a1323741e92a7ee13296ce745a1bbe8d43c8fdb1dc75883f350b598e5142,1205727,Lee2019_MI,Q15-E007,MU_BETA_SHARED,20260924,0.6587522625923157,0.34124770760536194,1
s43_1_offline_train_t074,43,1,offline_train,2,session1/s43/sess01_subj43_EEG_MI.mat,9eb5a1323741e92a7ee13296ce745a1bbe8d43c8fdb1dc75883f350b598e5142,1216511,Lee2019_MI,Q15-E007,MU_BETA_SHARED,20260924,0.37334200739860535,0.6266579627990723,2
s43_1_offline_train_t075,43,1,offline_train,1,session1/s43/sess01_subj43_EEG_MI.mat,9eb5a1323741e92a7ee13296ce745a1bbe8d43c8fdb1dc75883f350b598e5142,1228027,Lee2019_MI,Q15-E007,MU_BETA_SHARED,20260924,0.3711705505847931,0.6288294196128845,2
s43_1_offline_train_t076,43,1,offline_train,2,session1/s43/sess01_subj43_EEG_MI.mat,9eb5a1323741e92a7ee13296ce745a1bbe8d43c8fdb1dc75883f350b598e5142,1238893,Lee2019_MI,Q15-E007,MU_BETA_SHARED,20260924,0.5841774940490723,0.4158225357532501,1
s43_1_offline_train_t077,43,1,offline_train,1,session1/s43/sess01_subj43_EEG_MI.mat,9eb5a1323741e92a7ee13296ce745a1bbe8d43c8fdb1dc75883f350b598e5142,1249660,Lee2019_MI,Q15-E007,MU_BETA_SHARED,20260924,0.3698943853378296,0.6301056742668152,2
s43_1_offline_train_t078,43,1,offline_train,1,session1/s43/sess01_subj43_EEG_MI.mat,9eb5a1323741e92a7ee13296ce745a1bbe8d43c8fdb1dc75883f350b598e5142,1260443,Lee2019_MI,Q15-E007,MU_BETA_SHARED,20260924,0.19184212386608124,0.8081578612327576,2
s43_1_offline_train_t079,43,1,offline_train,2,session1/s43/sess01_subj43_EEG_MI.mat,9eb5a1323741e92a7ee13296ce745a1bbe8d43c8fdb1dc75883f350b598e5142,1271593,Lee2019_MI,Q15-E007,MU_BETA_SHARED,20260924,0.31906113028526306,0.6809388399124146,2
s43_1_offline_train_t080,43,1,offline_train,2,session1/s43/sess01_subj43_EEG_MI.mat,9eb5a1323741e92a7ee13296ce745a1bbe8d43c8fdb1dc75883f350b598e5142,1282641,Lee2019_MI,Q15-E007,MU_BETA_SHARED,20260924,0.8327504396438599,0.16724959015846252,1
s43_1_offline_train_t081,43,1,offline_train,2,session1/s43/sess01_subj43_EEG_MI.mat,9eb5a1323741e92a7ee13296ce745a1bbe8d43c8fdb1dc75883f350b598e5142,1293509,Lee2019_MI,Q15-E007,MU_BETA_SHARED,20260924,0.424017071723938,0.575982928276062,2
s43_1_offline_train_t082,43,1,offline_train,1,session1/s43/sess01_subj43_EEG_MI.mat,9eb5a1323741e92a7ee13296ce745a1bbe8d43c8fdb1dc75883f350b598e5142,1304925,Lee2019_MI,Q15-E007,MU_BETA_SHARED,20260924,0.5839496850967407,0.41605034470558167,1
s43_1_offline_train_t083,43,1,offline_train,2,session1/s43/sess01_subj43_EEG_MI.mat,9eb5a1323741e92a7ee13296ce745a1bbe8d43c8fdb1dc75883f350b598e5142,1316075,Lee2019_MI,Q15-E007,MU_BETA_SHARED,20260924,0.25979557633399963,0.7402044534683228,2
s43_1_offline_train_t084,43,1,offline_train,2,session1/s43/sess01_subj43_EEG_MI.mat,9eb5a1323741e92a7ee13296ce745a1bbe8d43c8fdb1dc75883f350b598e5142,1327225,Lee2019_MI,Q15-E007,MU_BETA_SHARED,20260924,0.26311731338500977,0.7368826270103455,2
s43_1_offline_train_t085,43,1,offline_train,1,session1/s43/sess01_subj43_EEG_MI.mat,9eb5a1323741e92a7ee13296ce745a1bbe8d43c8fdb1dc75883f350b598e5142,1338741,Lee2019_MI,Q15-E007,MU_BETA_SHARED,20260924,0.34887227416038513,0.6511277556419373,2
s43_1_offline_train_t086,43,1,offline_train,2,session1/s43/sess01_subj43_EEG_MI.mat,9eb5a1323741e92a7ee13296ce745a1bbe8d43c8fdb1dc75883f350b598e5142,1349607,Lee2019_MI,Q15-E007,MU_BETA_SHARED,20260924,0.3027689754962921,0.6972309947013855,2
s43_1_offline_train_t087,43,1,offline_train,1,session1/s43/sess01_subj43_EEG_MI.mat,9eb5a1323741e92a7ee13296ce745a1bbe8d43c8fdb1dc75883f350b598e5142,1360940,Lee2019_MI,Q15-E007,MU_BETA_SHARED,20260924,0.5465888977050781,0.45341113209724426,1
s43_1_offline_train_t088,43,1,offline_train,2,session1/s43/sess01_subj43_EEG_MI.mat,9eb5a1323741e92a7ee13296ce745a1bbe8d43c8fdb1dc75883f350b598e5142,1372274,Lee2019_MI,Q15-E007,MU_BETA_SHARED,20260924,0.1635492593050003,0.8364507555961609,2
s43_1_offline_train_t089,43,1,offline_train,2,session1/s43/sess01_subj43_EEG_MI.mat,9eb5a1323741e92a7ee13296ce745a1bbe8d43c8fdb1dc75883f350b598e5142,1383223,Lee2019_MI,Q15-E007,MU_BETA_SHARED,20260924,0.44798043370246887,0.5520195364952087,2
s43_1_offline_train_t090,43,1,offline_train,2,session1/s43/sess01_subj43_EEG_MI.mat,9eb5a1323741e92a7ee13296ce745a1bbe8d43c8fdb1dc75883f350b598e5142,1394373,Lee2019_MI,Q15-E007,MU_BETA_SHARED,20260924,0.3744150996208191,0.6255849003791809,2
s43_1_offline_train_t091,43,1,offline_train,2,session1/s43/sess01_subj43_EEG_MI.mat,9eb5a1323741e92a7ee13296ce745a1bbe8d43c8fdb1dc75883f350b598e5142,1404956,Lee2019_MI,Q15-E007,MU_BETA_SHARED,20260924,0.1427200883626938,0.857279896736145,2
s43_1_offline_train_t092,43,1,offline_train,2,session1/s43/sess01_subj43_EEG_MI.mat,9eb5a1323741e92a7ee13296ce745a1bbe8d43c8fdb1dc75883f350b598e5142,1415539,Lee2019_MI,Q15-E007,MU_BETA_SHARED,20260924,0.17744024097919464,0.8225597143173218,2
s43_1_offline_train_t093,43,1,offline_train,1,session1/s43/sess01_subj43_EEG_MI.mat,9eb5a1323741e92a7ee13296ce745a1bbe8d43c8fdb1dc75883f350b598e5142,1426605,Lee2019_MI,Q15-E007,MU_BETA_SHARED,20260924,0.835297167301178,0.1647028625011444,1
s43_1_offline_train_t094,43,1,offline_train,2,session1/s43/sess01_subj43_EEG_MI.mat,9eb5a1323741e92a7ee13296ce745a1bbe8d43c8fdb1dc75883f350b598e5142,1437939,Lee2019_MI,Q15-E007,MU_BETA_SHARED,20260924,0.17856109142303467,0.8214389085769653,2
s43_1_offline_train_t095,43,1,offline_train,1,session1/s43/sess01_subj43_EEG_MI.mat,9eb5a1323741e92a7ee13296ce745a1bbe8d43c8fdb1dc75883f350b598e5142,1449455,Lee2019_MI,Q15-E007,MU_BETA_SHARED,20260924,0.5310518145561218,0.4689481854438782,1
s43_1_offline_train_t096,43,1,offline_train,1,session1/s43/sess01_subj43_EEG_MI.mat,9eb5a1323741e92a7ee13296ce745a1bbe8d43c8fdb1dc75883f350b598e5142,1460121,Lee2019_MI,Q15-E007,MU_BETA_SHARED,20260924,0.7873573303222656,0.21264269948005676,1
s43_1_offline_train_t097,43,1,offline_train,2,session1/s43/sess01_subj43_EEG_MI.mat,9eb5a1323741e92a7ee13296ce745a1bbe8d43c8fdb1dc75883f350b598e5142,1471271,Lee2019_MI,Q15-E007,MU_BETA_SHARED,20260924,0.586915135383606,0.41308489441871643,1
s43_1_offline_train_t098,43,1,offline_train,1,session1/s43/sess01_subj43_EEG_MI.mat,9eb5a1323741e92a7ee13296ce745a1bbe8d43c8fdb1dc75883f350b598e5142,1482320,Lee2019_MI,Q15-E007,MU_BETA_SHARED,20260924,0.5844523906707764,0.41554754972457886,1
s43_1_offline_train_t099,43,1,offline_train,2,session1/s43/sess01_subj43_EEG_MI.mat,9eb5a1323741e92a7ee13296ce745a1bbe8d43c8fdb1dc75883f350b598e5142,1492921,Lee2019_MI,Q15-E007,MU_BETA_SHARED,20260924,0.31286826729774475,0.6871317028999329,2
s43_1_offline_train_t100,43,1,offline_train,2,session1/s43/sess01_subj43_EEG_MI.mat,9eb5a1323741e92a7ee13296ce745a1bbe8d43c8fdb1dc75883f350b598e5142,1503787,Lee2019_MI,Q15-E007,MU_BETA_SHARED,20260924,0.2581356167793274,0.7418643832206726,2
s43_2_offline_train_t001,43,2,offline_train,1,session2/s43/sess02_subj43_EEG_MI.mat,923325040004bc97b06cc2711b8f849429f9474fa9d3ef03c62c4291b94b6a06,148500,Lee2019_MI,Q15-E007,MU_BETA_SHARED,20260924,0.1592964380979538,0.840703547000885,2
s43_2_offline_train_t002,43,2,offline_train,2,session2/s43/sess02_subj43_EEG_MI.mat,923325040004bc97b06cc2711b8f849429f9474fa9d3ef03c62c4291b94b6a06,160035,Lee2019_MI,Q15-E007,MU_BETA_SHARED,20260924,0.6469067335128784,0.3530932068824768,1
s43_2_offline_train_t003,43,2,offline_train,1,session2/s43/sess02_subj43_EEG_MI.mat,923325040004bc97b06cc2711b8f849429f9474fa9d3ef03c62c4291b94b6a06,170718,Lee2019_MI,Q15-E007,MU_BETA_SHARED,20260924,0.6267285943031311,0.3732714354991913,1
s43_2_offline_train_t004,43,2,offline_train,1,session2/s43/sess02_subj43_EEG_MI.mat,923325040004bc97b06cc2711b8f849429f9474fa9d3ef03c62c4291b94b6a06,182234,Lee2019_MI,Q15-E007,MU_BETA_SHARED,20260924,0.7291681170463562,0.2708318531513214,1
s43_2_offline_train_t005,43,2,offline_train,2,session2/s43/sess02_subj43_EEG_MI.mat,923325040004bc97b06cc2711b8f849429f9474fa9d3ef03c62c4291b94b6a06,193384,Lee2019_MI,Q15-E007,MU_BETA_SHARED,20260924,0.6850036978721619,0.3149963319301605,1
s43_2_offline_train_t006,43,2,offline_train,2,session2/s43/sess02_subj43_EEG_MI.mat,923325040004bc97b06cc2711b8f849429f9474fa9d3ef03c62c4291b94b6a06,204067,Lee2019_MI,Q15-E007,MU_BETA_SHARED,20260924,0.7354112267494202,0.26458877325057983,1
s43_2_offline_train_t007,43,2,offline_train,1,session2/s43/sess02_subj43_EEG_MI.mat,923325040004bc97b06cc2711b8f849429f9474fa9d3ef03c62c4291b94b6a06,214933,Lee2019_MI,Q15-E007,MU_BETA_SHARED,20260924,0.6517065763473511,0.3482934236526489,1
s43_2_offline_train_t008,43,2,offline_train,2,session2/s43/sess02_subj43_EEG_MI.mat,923325040004bc97b06cc2711b8f849429f9474fa9d3ef03c62c4291b94b6a06,226067,Lee2019_MI,Q15-E007,MU_BETA_SHARED,20260924,0.16942104697227478,0.8305789232254028,2
s43_2_offline_train_t009,43,2,offline_train,1,session2/s43/sess02_subj43_EEG_MI.mat,923325040004bc97b06cc2711b8f849429f9474fa9d3ef03c62c4291b94b6a06,237583,Lee2019_MI,Q15-E007,MU_BETA_SHARED,20260924,0.8367208242416382,0.163279190659523,1
s43_2_offline_train_t010,43,2,offline_train,1,session2/s43/sess02_subj43_EEG_MI.mat,923325040004bc97b06cc2711b8f849429f9474fa9d3ef03c62c4291b94b6a06,249100,Lee2019_MI,Q15-E007,MU_BETA_SHARED,20260924,0.5692850947380066,0.4307149648666382,1
s43_2_offline_train_t011,43,2,offline_train,2,session2/s43/sess02_subj43_EEG_MI.mat,923325040004bc97b06cc2711b8f849429f9474fa9d3ef03c62c4291b94b6a06,259783,Lee2019_MI,Q15-E007,MU_BETA_SHARED,20260924,0.8128178715705872,0.18718215823173523,1
s43_2_offline_train_t012,43,2,offline_train,2,session2/s43/sess02_subj43_EEG_MI.mat,923325040004bc97b06cc2711b8f849429f9474fa9d3ef03c62c4291b94b6a06,271299,Lee2019_MI,Q15-E007,MU_BETA_SHARED,20260924,0.23696531355381012,0.7630347013473511,2
s43_2_offline_train_t013,43,2,offline_train,1,session2/s43/sess02_subj43_EEG_MI.mat,923325040004bc97b06cc2711b8f849429f9474fa9d3ef03c62c4291b94b6a06,282816,Lee2019_MI,Q15-E007,MU_BETA_SHARED,20260924,0.7566471695899963,0.24335283041000366,1
s43_2_offline_train_t014,43,2,offline_train,1,session2/s43/sess02_subj43_EEG_MI.mat,923325040004bc97b06cc2711b8f849429f9474fa9d3ef03c62c4291b94b6a06,293865,Lee2019_MI,Q15-E007,MU_BETA_SHARED,20260924,0.5072672367095947,0.4927327632904053,1
s43_2_offline_train_t015,43,2,offline_train,2,session2/s43/sess02_subj43_EEG_MI.mat,923325040004bc97b06cc2711b8f849429f9474fa9d3ef03c62c4291b94b6a06,305198,Lee2019_MI,Q15-E007,MU_BETA_SHARED,20260924,0.335697203874588,0.6643027663230896,2
s43_2_offline_train_t016,43,2,offline_train,1,session2/s43/sess02_subj43_EEG_MI.mat,923325040004bc97b06cc2711b8f849429f9474fa9d3ef03c62c4291b94b6a06,315881,Lee2019_MI,Q15-E007,MU_BETA_SHARED,20260924,0.7437761425971985,0.2562238276004791,1
s43_2_offline_train_t017,43,2,offline_train,1,session2/s43/sess02_subj43_EEG_MI.mat,923325040004bc97b06cc2711b8f849429f9474fa9d3ef03c62c4291b94b6a06,326848,Lee2019_MI,Q15-E007,MU_BETA_SHARED,20260924,0.45932644605636597,0.5406736135482788,2
s43_2_offline_train_t018,43,2,offline_train,1,session2/s43/sess02_subj43_EEG_MI.mat,923325040004bc97b06cc2711b8f849429f9474fa9d3ef03c62c4291b94b6a06,338264,Lee2019_MI,Q15-E007,MU_BETA_SHARED,20260924,0.8901705741882324,0.10982944071292877,1
s43_2_offline_train_t019,43,2,offline_train,1,session2/s43/sess02_subj43_EEG_MI.mat,923325040004bc97b06cc2711b8f849429f9474fa9d3ef03c62c4291b94b6a06,349597,Lee2019_MI,Q15-E007,MU_BETA_SHARED,20260924,0.6930463314056396,0.30695363879203796,1
s43_2_offline_train_t020,43,2,offline_train,2,session2/s43/sess02_subj43_EEG_MI.mat,923325040004bc97b06cc2711b8f849429f9474fa9d3ef03c62c4291b94b6a06,361114,Lee2019_MI,Q15-E007,MU_BETA_SHARED,20260924,0.5311943888664246,0.46880561113357544,1
s43_2_offline_train_t021,43,2,offline_train,2,session2/s43/sess02_subj43_EEG_MI.mat,923325040004bc97b06cc2711b8f849429f9474fa9d3ef03c62c4291b94b6a06,372346,Lee2019_MI,Q15-E007,MU_BETA_SHARED,20260924,0.41371992230415344,0.586280107498169,2
s43_2_offline_train_t022,43,2,offline_train,1,session2/s43/sess02_subj43_EEG_MI.mat,923325040004bc97b06cc2711b8f849429f9474fa9d3ef03c62c4291b94b6a06,382947,Lee2019_MI,Q15-E007,MU_BETA_SHARED,20260924,0.8058474063873291,0.1941526234149933,1
s43_2_offline_train_t023,43,2,offline_train,2,session2/s43/sess02_subj43_EEG_MI.mat,923325040004bc97b06cc2711b8f849429f9474fa9d3ef03c62c4291b94b6a06,394362,Lee2019_MI,Q15-E007,MU_BETA_SHARED,20260924,0.17283330857753754,0.8271666765213013,2
s43_2_offline_train_t024,43,2,offline_train,2,session2/s43/sess02_subj43_EEG_MI.mat,923325040004bc97b06cc2711b8f849429f9474fa9d3ef03c62c4291b94b6a06,405878,Lee2019_MI,Q15-E007,MU_BETA_SHARED,20260924,0.10780685395002365,0.8921931385993958,2
s43_2_offline_train_t025,43,2,offline_train,2,session2/s43/sess02_subj43_EEG_MI.mat,923325040004bc97b06cc2711b8f849429f9474fa9d3ef03c62c4291b94b6a06,417129,Lee2019_MI,Q15-E007,MU_BETA_SHARED,20260924,0.2459874004125595,0.7540125846862793,2
s43_2_offline_train_t026,43,2,offline_train,1,session2/s43/sess02_subj43_EEG_MI.mat,923325040004bc97b06cc2711b8f849429f9474fa9d3ef03c62c4291b94b6a06,428446,Lee2019_MI,Q15-E007,MU_BETA_SHARED,20260924,0.7372138500213623,0.2627861797809601,1
s43_2_offline_train_t027,43,2,offline_train,2,session2/s43/sess02_subj43_EEG_MI.mat,923325040004bc97b06cc2711b8f849429f9474fa9d3ef03c62c4291b94b6a06,439695,Lee2019_MI,Q15-E007,MU_BETA_SHARED,20260924,0.36023327708244324,0.6397666931152344,2
s43_2_offline_train_t028,43,2,offline_train,1,session2/s43/sess02_subj43_EEG_MI.mat,923325040004bc97b06cc2711b8f849429f9474fa9d3ef03c62c4291b94b6a06,450645,Lee2019_MI,Q15-E007,MU_BETA_SHARED,20260924,0.6410199999809265,0.35898005962371826,1
s43_2_offline_train_t029,43,2,offline_train,1,session2/s43/sess02_subj43_EEG_MI.mat,923325040004bc97b06cc2711b8f849429f9474fa9d3ef03c62c4291b94b6a06,461895,Lee2019_MI,Q15-E007,MU_BETA_SHARED,20260924,0.5378049612045288,0.4621950089931488,1
s43_2_offline_train_t030,43,2,offline_train,2,session2/s43/sess02_subj43_EEG_MI.mat,923325040004bc97b06cc2711b8f849429f9474fa9d3ef03c62c4291b94b6a06,472661,Lee2019_MI,Q15-E007,MU_BETA_SHARED,20260924,0.07510005682706833,0.9248999953269958,2
s43_2_offline_train_t031,43,2,offline_train,1,session2/s43/sess02_subj43_EEG_MI.mat,923325040004bc97b06cc2711b8f849429f9474fa9d3ef03c62c4291b94b6a06,483895,Lee2019_MI,Q15-E007,MU_BETA_SHARED,20260924,0.2607325613498688,0.7392674088478088,2
s43_2_offline_train_t032,43,2,offline_train,2,session2/s43/sess02_subj43_EEG_MI.mat,923325040004bc97b06cc2711b8f849429f9474fa9d3ef03c62c4291b94b6a06,494494,Lee2019_MI,Q15-E007,MU_BETA_SHARED,20260924,0.16789740324020386,0.8321026563644409,2
s43_2_offline_train_t033,43,2,offline_train,1,session2/s43/sess02_subj43_EEG_MI.mat,923325040004bc97b06cc2711b8f849429f9474fa9d3ef03c62c4291b94b6a06,505361,Lee2019_MI,Q15-E007,MU_BETA_SHARED,20260924,0.7972447872161865,0.20275524258613586,1
s43_2_offline_train_t034,43,2,offline_train,2,session2/s43/sess02_subj43_EEG_MI.mat,923325040004bc97b06cc2711b8f849429f9474fa9d3ef03c62c4291b94b6a06,515944,Lee2019_MI,Q15-E007,MU_BETA_SHARED,20260924,0.6553949117660522,0.34460511803627014,1
s43_2_offline_train_t035,43,2,offline_train,2,session2/s43/sess02_subj43_EEG_MI.mat,923325040004bc97b06cc2711b8f849429f9474fa9d3ef03c62c4291b94b6a06,526627,Lee2019_MI,Q15-E007,MU_BETA_SHARED,20260924,0.38246801495552063,0.6175320148468018,2
s43_2_offline_train_t036,43,2,offline_train,1,session2/s43/sess02_subj43_EEG_MI.mat,923325040004bc97b06cc2711b8f849429f9474fa9d3ef03c62c4291b94b6a06,537959,Lee2019_MI,Q15-E007,MU_BETA_SHARED,20260924,0.491148978471756,0.5088510513305664,2
s43_2_offline_train_t037,43,2,offline_train,1,session2/s43/sess02_subj43_EEG_MI.mat,923325040004bc97b06cc2711b8f849429f9474fa9d3ef03c62c4291b94b6a06,549193,Lee2019_MI,Q15-E007,MU_BETA_SHARED,20260924,0.7584064602851868,0.24159358441829681,1
s43_2_offline_train_t038,43,2,offline_train,2,session2/s43/sess02_subj43_EEG_MI.mat,923325040004bc97b06cc2711b8f849429f9474fa9d3ef03c62c4291b94b6a06,560060,Lee2019_MI,Q15-E007,MU_BETA_SHARED,20260924,0.6139110326766968,0.3860889971256256,1
s43_2_offline_train_t039,43,2,offline_train,1,session2/s43/sess02_subj43_EEG_MI.mat,923325040004bc97b06cc2711b8f849429f9474fa9d3ef03c62c4291b94b6a06,571576,Lee2019_MI,Q15-E007,MU_BETA_SHARED,20260924,0.7800726294517517,0.2199273258447647,1
s43_2_offline_train_t040,43,2,offline_train,1,session2/s43/sess02_subj43_EEG_MI.mat,923325040004bc97b06cc2711b8f849429f9474fa9d3ef03c62c4291b94b6a06,582159,Lee2019_MI,Q15-E007,MU_BETA_SHARED,20260924,0.5749590992927551,0.42504093050956726,1
s43_2_offline_train_t041,43,2,offline_train,1,session2/s43/sess02_subj43_EEG_MI.mat,923325040004bc97b06cc2711b8f849429f9474fa9d3ef03c62c4291b94b6a06,593125,Lee2019_MI,Q15-E007,MU_BETA_SHARED,20260924,0.658961832523346,0.34103816747665405,1
s43_2_offline_train_t042,43,2,offline_train,1,session2/s43/sess02_subj43_EEG_MI.mat,923325040004bc97b06cc2711b8f849429f9474fa9d3ef03c62c4291b94b6a06,604092,Lee2019_MI,Q15-E007,MU_BETA_SHARED,20260924,0.799421489238739,0.2005784809589386,1
s43_2_offline_train_t043,43,2,offline_train,2,session2/s43/sess02_subj43_EEG_MI.mat,923325040004bc97b06cc2711b8f849429f9474fa9d3ef03c62c4291b94b6a06,615408,Lee2019_MI,Q15-E007,MU_BETA_SHARED,20260924,0.698552668094635,0.3014473617076874,1
s43_2_offline_train_t044,43,2,offline_train,1,session2/s43/sess02_subj43_EEG_MI.mat,923325040004bc97b06cc2711b8f849429f9474fa9d3ef03c62c4291b94b6a06,626741,Lee2019_MI,Q15-E007,MU_BETA_SHARED,20260924,0.5933576226234436,0.4066424071788788,1
s43_2_offline_train_t045,43,2,offline_train,2,session2/s43/sess02_subj43_EEG_MI.mat,923325040004bc97b06cc2711b8f849429f9474fa9d3ef03c62c4291b94b6a06,637524,Lee2019_MI,Q15-E007,MU_BETA_SHARED,20260924,0.737938642501831,0.26206138730049133,1
s43_2_offline_train_t046,43,2,offline_train,1,session2/s43/sess02_subj43_EEG_MI.mat,923325040004bc97b06cc2711b8f849429f9474fa9d3ef03c62c4291b94b6a06,648574,Lee2019_MI,Q15-E007,MU_BETA_SHARED,20260924,0.7197273969650269,0.28027257323265076,1
s43_2_offline_train_t047,43,2,offline_train,1,session2/s43/sess02_subj43_EEG_MI.mat,923325040004bc97b06cc2711b8f849429f9474fa9d3ef03c62c4291b94b6a06,659541,Lee2019_MI,Q15-E007,MU_BETA_SHARED,20260924,0.6962414383888245,0.30375856161117554,1
s43_2_offline_train_t048,43,2,offline_train,1,session2/s43/sess02_subj43_EEG_MI.mat,923325040004bc97b06cc2711b8f849429f9474fa9d3ef03c62c4291b94b6a06,670774,Lee2019_MI,Q15-E007,MU_BETA_SHARED,20260924,0.8504889607429504,0.14951106905937195,1
s43_2_offline_train_t049,43,2,offline_train,2,session2/s43/sess02_subj43_EEG_MI.mat,923325040004bc97b06cc2711b8f849429f9474fa9d3ef03c62c4291b94b6a06,682007,Lee2019_MI,Q15-E007,MU_BETA_SHARED,20260924,0.4859296381473541,0.5140703916549683,2
s43_2_offline_train_t050,43,2,offline_train,1,session2/s43/sess02_subj43_EEG_MI.mat,923325040004bc97b06cc2711b8f849429f9474fa9d3ef03c62c4291b94b6a06,706156,Lee2019_MI,Q15-E007,MU_BETA_SHARED,20260924,0.7117729187011719,0.2882271409034729,1
s43_2_offline_train_t051,43,2,offline_train,1,session2/s43/sess02_subj43_EEG_MI.mat,923325040004bc97b06cc2711b8f849429f9474fa9d3ef03c62c4291b94b6a06,717023,Lee2019_MI,Q15-E007,MU_BETA_SHARED,20260924,0.8961122632026672,0.10388772934675217,1
s43_2_offline_train_t052,43,2,offline_train,1,session2/s43/sess02_subj43_EEG_MI.mat,923325040004bc97b06cc2711b8f849429f9474fa9d3ef03c62c4291b94b6a06,728256,Lee2019_MI,Q15-E007,MU_BETA_SHARED,20260924,0.6145960688591003,0.38540399074554443,1
s43_2_offline_train_t053,43,2,offline_train,1,session2/s43/sess02_subj43_EEG_MI.mat,923325040004bc97b06cc2711b8f849429f9474fa9d3ef03c62c4291b94b6a06,739506,Lee2019_MI,Q15-E007,MU_BETA_SHARED,20260924,0.7886214852333069,0.21137851476669312,1
s43_2_offline_train_t054,43,2,offline_train,2,session2/s43/sess02_subj43_EEG_MI.mat,923325040004bc97b06cc2711b8f849429f9474fa9d3ef03c62c4291b94b6a06,750189,Lee2019_MI,Q15-E007,MU_BETA_SHARED,20260924,0.4094561040401459,0.5905438661575317,2
s43_2_offline_train_t055,43,2,offline_train,1,session2/s43/sess02_subj43_EEG_MI.mat,923325040004bc97b06cc2711b8f849429f9474fa9d3ef03c62c4291b94b6a06,760855,Lee2019_MI,Q15-E007,MU_BETA_SHARED,20260924,0.8813934326171875,0.11860658973455429,1
s43_2_offline_train_t056,43,2,offline_train,1,session2/s43/sess02_subj43_EEG_MI.mat,923325040004bc97b06cc2711b8f849429f9474fa9d3ef03c62c4291b94b6a06,771920,Lee2019_MI,Q15-E007,MU_BETA_SHARED,20260924,0.5356218218803406,0.46437814831733704,1
s43_2_offline_train_t057,43,2,offline_train,2,session2/s43/sess02_subj43_EEG_MI.mat,923325040004bc97b06cc2711b8f849429f9474fa9d3ef03c62c4291b94b6a06,783438,Lee2019_MI,Q15-E007,MU_BETA_SHARED,20260924,0.3830873966217041,0.6169126033782959,2
s43_2_offline_train_t058,43,2,offline_train,2,session2/s43/sess02_subj43_EEG_MI.mat,923325040004bc97b06cc2711b8f849429f9474fa9d3ef03c62c4291b94b6a06,794304,Lee2019_MI,Q15-E007,MU_BETA_SHARED,20260924,0.5095327496528625,0.49046722054481506,1
s43_2_offline_train_t059,43,2,offline_train,1,session2/s43/sess02_subj43_EEG_MI.mat,923325040004bc97b06cc2711b8f849429f9474fa9d3ef03c62c4291b94b6a06,805437,Lee2019_MI,Q15-E007,MU_BETA_SHARED,20260924,0.6261523962020874,0.3738476037979126,1
s43_2_offline_train_t060,43,2,offline_train,1,session2/s43/sess02_subj43_EEG_MI.mat,923325040004bc97b06cc2711b8f849429f9474fa9d3ef03c62c4291b94b6a06,816220,Lee2019_MI,Q15-E007,MU_BETA_SHARED,20260924,0.7256336212158203,0.2743663489818573,1
s43_2_offline_train_t061,43,2,offline_train,2,session2/s43/sess02_subj43_EEG_MI.mat,923325040004bc97b06cc2711b8f849429f9474fa9d3ef03c62c4291b94b6a06,827553,Lee2019_MI,Q15-E007,MU_BETA_SHARED,20260924,0.4945193827152252,0.5054805874824524,2
s43_2_offline_train_t062,43,2,offline_train,2,session2/s43/sess02_subj43_EEG_MI.mat,923325040004bc97b06cc2711b8f849429f9474fa9d3ef03c62c4291b94b6a06,838320,Lee2019_MI,Q15-E007,MU_BETA_SHARED,20260924,0.3556942343711853,0.6443057060241699,2
s43_2_offline_train_t063,43,2,offline_train,1,session2/s43/sess02_subj43_EEG_MI.mat,923325040004bc97b06cc2711b8f849429f9474fa9d3ef03c62c4291b94b6a06,849369,Lee2019_MI,Q15-E007,MU_BETA_SHARED,20260924,0.8081775903701782,0.191822350025177,1
s43_2_offline_train_t064,43,2,offline_train,2,session2/s43/sess02_subj43_EEG_MI.mat,923325040004bc97b06cc2711b8f849429f9474fa9d3ef03c62c4291b94b6a06,860619,Lee2019_MI,Q15-E007,MU_BETA_SHARED,20260924,0.7905437350273132,0.20945626497268677,1
s43_2_offline_train_t065,43,2,offline_train,2,session2/s43/sess02_subj43_EEG_MI.mat,923325040004bc97b06cc2711b8f849429f9474fa9d3ef03c62c4291b94b6a06,872036,Lee2019_MI,Q15-E007,MU_BETA_SHARED,20260924,0.5117573142051697,0.48824265599250793,1
s43_2_offline_train_t066,43,2,offline_train,2,session2/s43/sess02_subj43_EEG_MI.mat,923325040004bc97b06cc2711b8f849429f9474fa9d3ef03c62c4291b94b6a06,883552,Lee2019_MI,Q15-E007,MU_BETA_SHARED,20260924,0.4845864176750183,0.5154135823249817,2
s43_2_offline_train_t067,43,2,offline_train,2,session2/s43/sess02_subj43_EEG_MI.mat,923325040004bc97b06cc2711b8f849429f9474fa9d3ef03c62c4291b94b6a06,894702,Lee2019_MI,Q15-E007,MU_BETA_SHARED,20260924,0.5617826581001282,0.4382173717021942,1
s43_2_offline_train_t068,43,2,offline_train,1,session2/s43/sess02_subj43_EEG_MI.mat,923325040004bc97b06cc2711b8f849429f9474fa9d3ef03c62c4291b94b6a06,905385,Lee2019_MI,Q15-E007,MU_BETA_SHARED,20260924,0.15038378536701202,0.8496161699295044,2
s43_2_offline_train_t069,43,2,offline_train,1,session2/s43/sess02_subj43_EEG_MI.mat,923325040004bc97b06cc2711b8f849429f9474fa9d3ef03c62c4291b94b6a06,916069,Lee2019_MI,Q15-E007,MU_BETA_SHARED,20260924,0.7702978253364563,0.2297021597623825,1
s43_2_offline_train_t070,43,2,offline_train,2,session2/s43/sess02_subj43_EEG_MI.mat,923325040004bc97b06cc2711b8f849429f9474fa9d3ef03c62c4291b94b6a06,926834,Lee2019_MI,Q15-E007,MU_BETA_SHARED,20260924,0.20194120705127716,0.7980587482452393,2
s43_2_offline_train_t071,43,2,offline_train,1,session2/s43/sess02_subj43_EEG_MI.mat,923325040004bc97b06cc2711b8f849429f9474fa9d3ef03c62c4291b94b6a06,938268,Lee2019_MI,Q15-E007,MU_BETA_SHARED,20260924,0.9017376899719238,0.09826233983039856,1
s43_2_offline_train_t072,43,2,offline_train,2,session2/s43/sess02_subj43_EEG_MI.mat,923325040004bc97b06cc2711b8f849429f9474fa9d3ef03c62c4291b94b6a06,949034,Lee2019_MI,Q15-E007,MU_BETA_SHARED,20260924,0.6517537236213684,0.3482462763786316,1
s43_2_offline_train_t073,43,2,offline_train,2,session2/s43/sess02_subj43_EEG_MI.mat,923325040004bc97b06cc2711b8f849429f9474fa9d3ef03c62c4291b94b6a06,960368,Lee2019_MI,Q15-E007,MU_BETA_SHARED,20260924,0.4709925055503845,0.5290074944496155,2
s43_2_offline_train_t074,43,2,offline_train,2,session2/s43/sess02_subj43_EEG_MI.mat,923325040004bc97b06cc2711b8f849429f9474fa9d3ef03c62c4291b94b6a06,971134,Lee2019_MI,Q15-E007,MU_BETA_SHARED,20260924,0.8035711646080017,0.1964288204908371,1
s43_2_offline_train_t075,43,2,offline_train,1,session2/s43/sess02_subj43_EEG_MI.mat,923325040004bc97b06cc2711b8f849429f9474fa9d3ef03c62c4291b94b6a06,982650,Lee2019_MI,Q15-E007,MU_BETA_SHARED,20260924,0.5818395018577576,0.41816049814224243,1
s43_2_offline_train_t076,43,2,offline_train,2,session2/s43/sess02_subj43_EEG_MI.mat,923325040004bc97b06cc2711b8f849429f9474fa9d3ef03c62c4291b94b6a06,993517,Lee2019_MI,Q15-E007,MU_BETA_SHARED,20260924,0.48348182439804077,0.5165181756019592,2
s43_2_offline_train_t077,43,2,offline_train,1,session2/s43/sess02_subj43_EEG_MI.mat,923325040004bc97b06cc2711b8f849429f9474fa9d3ef03c62c4291b94b6a06,1004300,Lee2019_MI,Q15-E007,MU_BETA_SHARED,20260924,0.8842796087265015,0.11572041362524033,1
s43_2_offline_train_t078,43,2,offline_train,1,session2/s43/sess02_subj43_EEG_MI.mat,923325040004bc97b06cc2711b8f849429f9474fa9d3ef03c62c4291b94b6a06,1015067,Lee2019_MI,Q15-E007,MU_BETA_SHARED,20260924,0.486287385225296,0.5137125849723816,2
s43_2_offline_train_t079,43,2,offline_train,2,session2/s43/sess02_subj43_EEG_MI.mat,923325040004bc97b06cc2711b8f849429f9474fa9d3ef03c62c4291b94b6a06,1026216,Lee2019_MI,Q15-E007,MU_BETA_SHARED,20260924,0.3516191840171814,0.6483808159828186,2
s43_2_offline_train_t080,43,2,offline_train,2,session2/s43/sess02_subj43_EEG_MI.mat,923325040004bc97b06cc2711b8f849429f9474fa9d3ef03c62c4291b94b6a06,1037266,Lee2019_MI,Q15-E007,MU_BETA_SHARED,20260924,0.5580702424049377,0.44192972779273987,1
s43_2_offline_train_t081,43,2,offline_train,2,session2/s43/sess02_subj43_EEG_MI.mat,923325040004bc97b06cc2711b8f849429f9474fa9d3ef03c62c4291b94b6a06,1048132,Lee2019_MI,Q15-E007,MU_BETA_SHARED,20260924,0.6864051818847656,0.3135948181152344,1
s43_2_offline_train_t082,43,2,offline_train,1,session2/s43/sess02_subj43_EEG_MI.mat,923325040004bc97b06cc2711b8f849429f9474fa9d3ef03c62c4291b94b6a06,1059565,Lee2019_MI,Q15-E007,MU_BETA_SHARED,20260924,0.8574917912483215,0.14250817894935608,1
s43_2_offline_train_t083,43,2,offline_train,2,session2/s43/sess02_subj43_EEG_MI.mat,923325040004bc97b06cc2711b8f849429f9474fa9d3ef03c62c4291b94b6a06,1070699,Lee2019_MI,Q15-E007,MU_BETA_SHARED,20260924,0.09255655109882355,0.9074434638023376,2
s43_2_offline_train_t084,43,2,offline_train,2,session2/s43/sess02_subj43_EEG_MI.mat,923325040004bc97b06cc2711b8f849429f9474fa9d3ef03c62c4291b94b6a06,1081765,Lee2019_MI,Q15-E007,MU_BETA_SHARED,20260924,0.8461966514587402,0.15380334854125977,1
s43_2_offline_train_t085,43,2,offline_train,1,session2/s43/sess02_subj43_EEG_MI.mat,923325040004bc97b06cc2711b8f849429f9474fa9d3ef03c62c4291b94b6a06,1093282,Lee2019_MI,Q15-E007,MU_BETA_SHARED,20260924,0.7840737104415894,0.21592627465724945,1
s43_2_offline_train_t086,43,2,offline_train,2,session2/s43/sess02_subj43_EEG_MI.mat,923325040004bc97b06cc2711b8f849429f9474fa9d3ef03c62c4291b94b6a06,1104148,Lee2019_MI,Q15-E007,MU_BETA_SHARED,20260924,0.6155354380607605,0.3844645619392395,1
s43_2_offline_train_t087,43,2,offline_train,1,session2/s43/sess02_subj43_EEG_MI.mat,923325040004bc97b06cc2711b8f849429f9474fa9d3ef03c62c4291b94b6a06,1115464,Lee2019_MI,Q15-E007,MU_BETA_SHARED,20260924,0.25488603115081787,0.7451139688491821,2
s43_2_offline_train_t088,43,2,offline_train,2,session2/s43/sess02_subj43_EEG_MI.mat,923325040004bc97b06cc2711b8f849429f9474fa9d3ef03c62c4291b94b6a06,1126797,Lee2019_MI,Q15-E007,MU_BETA_SHARED,20260924,0.38291966915130615,0.6170802712440491,2
s43_2_offline_train_t089,43,2,offline_train,2,session2/s43/sess02_subj43_EEG_MI.mat,923325040004bc97b06cc2711b8f849429f9474fa9d3ef03c62c4291b94b6a06,1137764,Lee2019_MI,Q15-E007,MU_BETA_SHARED,20260924,0.5911142826080322,0.4088856875896454,1
s43_2_offline_train_t090,43,2,offline_train,2,session2/s43/sess02_subj43_EEG_MI.mat,923325040004bc97b06cc2711b8f849429f9474fa9d3ef03c62c4291b94b6a06,1148914,Lee2019_MI,Q15-E007,MU_BETA_SHARED,20260924,0.5442219972610474,0.45577800273895264,1
s43_2_offline_train_t091,43,2,offline_train,2,session2/s43/sess02_subj43_EEG_MI.mat,923325040004bc97b06cc2711b8f849429f9474fa9d3ef03c62c4291b94b6a06,1159497,Lee2019_MI,Q15-E007,MU_BETA_SHARED,20260924,0.7198643088340759,0.28013575077056885,1
s43_2_offline_train_t092,43,2,offline_train,2,session2/s43/sess02_subj43_EEG_MI.mat,923325040004bc97b06cc2711b8f849429f9474fa9d3ef03c62c4291b94b6a06,1170079,Lee2019_MI,Q15-E007,MU_BETA_SHARED,20260924,0.6571816205978394,0.34281834959983826,1
s43_2_offline_train_t093,43,2,offline_train,1,session2/s43/sess02_subj43_EEG_MI.mat,923325040004bc97b06cc2711b8f849429f9474fa9d3ef03c62c4291b94b6a06,1181129,Lee2019_MI,Q15-E007,MU_BETA_SHARED,20260924,0.5006932616233826,0.4993067681789398,1
s43_2_offline_train_t094,43,2,offline_train,2,session2/s43/sess02_subj43_EEG_MI.mat,923325040004bc97b06cc2711b8f849429f9474fa9d3ef03c62c4291b94b6a06,1192462,Lee2019_MI,Q15-E007,MU_BETA_SHARED,20260924,0.14466550946235657,0.855334460735321,2
s43_2_offline_train_t095,43,2,offline_train,1,session2/s43/sess02_subj43_EEG_MI.mat,923325040004bc97b06cc2711b8f849429f9474fa9d3ef03c62c4291b94b6a06,1203979,Lee2019_MI,Q15-E007,MU_BETA_SHARED,20260924,0.6179482340812683,0.3820517957210541,1
s43_2_offline_train_t096,43,2,offline_train,1,session2/s43/sess02_subj43_EEG_MI.mat,923325040004bc97b06cc2711b8f849429f9474fa9d3ef03c62c4291b94b6a06,1214662,Lee2019_MI,Q15-E007,MU_BETA_SHARED,20260924,0.5911333560943604,0.40886667370796204,1
s43_2_offline_train_t097,43,2,offline_train,2,session2/s43/sess02_subj43_EEG_MI.mat,923325040004bc97b06cc2711b8f849429f9474fa9d3ef03c62c4291b94b6a06,1225812,Lee2019_MI,Q15-E007,MU_BETA_SHARED,20260924,0.3428429961204529,0.6571570038795471,2
s43_2_offline_train_t098,43,2,offline_train,1,session2/s43/sess02_subj43_EEG_MI.mat,923325040004bc97b06cc2711b8f849429f9474fa9d3ef03c62c4291b94b6a06,1236861,Lee2019_MI,Q15-E007,MU_BETA_SHARED,20260924,0.7656596302986145,0.2343403697013855,1
s43_2_offline_train_t099,43,2,offline_train,2,session2/s43/sess02_subj43_EEG_MI.mat,923325040004bc97b06cc2711b8f849429f9474fa9d3ef03c62c4291b94b6a06,1247445,Lee2019_MI,Q15-E007,MU_BETA_SHARED,20260924,0.35855549573898315,0.6414444446563721,2
s43_2_offline_train_t100,43,2,offline_train,2,session2/s43/sess02_subj43_EEG_MI.mat,923325040004bc97b06cc2711b8f849429f9474fa9d3ef03c62c4291b94b6a06,1258311,Lee2019_MI,Q15-E007,MU_BETA_SHARED,20260924,0.29384535551071167,0.7061546444892883,2
s43_1_offline_train_t001,43,1,offline_train,1,session1/s43/sess01_subj43_EEG_MI.mat,9eb5a1323741e92a7ee13296ce745a1bbe8d43c8fdb1dc75883f350b598e5142,296832,Lee2019_MI,Q15-E007,MU_BETA_SHARED,20260925,0.8438984751701355,0.1561015397310257,1
s43_1_offline_train_t002,43,1,offline_train,2,session1/s43/sess01_subj43_EEG_MI.mat,9eb5a1323741e92a7ee13296ce745a1bbe8d43c8fdb1dc75883f350b598e5142,308248,Lee2019_MI,Q15-E007,MU_BETA_SHARED,20260925,0.5749462246894836,0.42505374550819397,1
s43_1_offline_train_t003,43,1,offline_train,1,session1/s43/sess01_subj43_EEG_MI.mat,9eb5a1323741e92a7ee13296ce745a1bbe8d43c8fdb1dc75883f350b598e5142,318931,Lee2019_MI,Q15-E007,MU_BETA_SHARED,20260925,0.9388708472251892,0.061129141598939896,1
s43_1_offline_train_t004,43,1,offline_train,1,session1/s43/sess01_subj43_EEG_MI.mat,9eb5a1323741e92a7ee13296ce745a1bbe8d43c8fdb1dc75883f350b598e5142,330364,Lee2019_MI,Q15-E007,MU_BETA_SHARED,20260925,0.6295084953308105,0.37049150466918945,1
s43_1_offline_train_t005,43,1,offline_train,2,session1/s43/sess01_subj43_EEG_MI.mat,9eb5a1323741e92a7ee13296ce745a1bbe8d43c8fdb1dc75883f350b598e5142,341497,Lee2019_MI,Q15-E007,MU_BETA_SHARED,20260925,0.49634215235710144,0.503657877445221,2
s43_1_offline_train_t006,43,1,offline_train,2,session1/s43/sess01_subj43_EEG_MI.mat,9eb5a1323741e92a7ee13296ce745a1bbe8d43c8fdb1dc75883f350b598e5142,352181,Lee2019_MI,Q15-E007,MU_BETA_SHARED,20260925,0.750784158706665,0.24921584129333496,1
s43_1_offline_train_t007,43,1,offline_train,1,session1/s43/sess01_subj43_EEG_MI.mat,9eb5a1323741e92a7ee13296ce745a1bbe8d43c8fdb1dc75883f350b598e5142,363047,Lee2019_MI,Q15-E007,MU_BETA_SHARED,20260925,0.8576540350914001,0.14234589040279388,1
s43_1_offline_train_t008,43,1,offline_train,2,session1/s43/sess01_subj43_EEG_MI.mat,9eb5a1323741e92a7ee13296ce745a1bbe8d43c8fdb1dc75883f350b598e5142,374113,Lee2019_MI,Q15-E007,MU_BETA_SHARED,20260925,0.3480296730995178,0.651970386505127,2
s43_1_offline_train_t009,43,1,offline_train,1,session1/s43/sess01_subj43_EEG_MI.mat,9eb5a1323741e92a7ee13296ce745a1bbe8d43c8fdb1dc75883f350b598e5142,385630,Lee2019_MI,Q15-E007,MU_BETA_SHARED,20260925,0.7434752583503723,0.2565247714519501,1
s43_1_offline_train_t010,43,1,offline_train,1,session1/s43/sess01_subj43_EEG_MI.mat,9eb5a1323741e92a7ee13296ce745a1bbe8d43c8fdb1dc75883f350b598e5142,397146,Lee2019_MI,Q15-E007,MU_BETA_SHARED,20260925,0.9039310216903687,0.09606904536485672,1
s43_1_offline_train_t011,43,1,offline_train,2,session1/s43/sess01_subj43_EEG_MI.mat,9eb5a1323741e92a7ee13296ce745a1bbe8d43c8fdb1dc75883f350b598e5142,407813,Lee2019_MI,Q15-E007,MU_BETA_SHARED,20260925,0.3148055374622345,0.6851944327354431,2
s43_1_offline_train_t012,43,1,offline_train,2,session1/s43/sess01_subj43_EEG_MI.mat,9eb5a1323741e92a7ee13296ce745a1bbe8d43c8fdb1dc75883f350b598e5142,419346,Lee2019_MI,Q15-E007,MU_BETA_SHARED,20260925,0.23243600130081177,0.7675639986991882,2
s43_1_offline_train_t013,43,1,offline_train,1,session1/s43/sess01_subj43_EEG_MI.mat,9eb5a1323741e92a7ee13296ce745a1bbe8d43c8fdb1dc75883f350b598e5142,430862,Lee2019_MI,Q15-E007,MU_BETA_SHARED,20260925,0.5270611047744751,0.4729388952255249,1
s43_1_offline_train_t014,43,1,offline_train,1,session1/s43/sess01_subj43_EEG_MI.mat,9eb5a1323741e92a7ee13296ce745a1bbe8d43c8fdb1dc75883f350b598e5142,441912,Lee2019_MI,Q15-E007,MU_BETA_SHARED,20260925,0.737247884273529,0.26275211572647095,1
s43_1_offline_train_t015,43,1,offline_train,2,session1/s43/sess01_subj43_EEG_MI.mat,9eb5a1323741e92a7ee13296ce745a1bbe8d43c8fdb1dc75883f350b598e5142,453245,Lee2019_MI,Q15-E007,MU_BETA_SHARED,20260925,0.9001977443695068,0.09980221837759018,1
s43_1_offline_train_t016,43,1,offline_train,1,session1/s43/sess01_subj43_EEG_MI.mat,9eb5a1323741e92a7ee13296ce745a1bbe8d43c8fdb1dc75883f350b598e5142,463911,Lee2019_MI,Q15-E007,MU_BETA_SHARED,20260925,0.7944378852844238,0.20556212961673737,1
s43_1_offline_train_t017,43,1,offline_train,1,session1/s43/sess01_subj43_EEG_MI.mat,9eb5a1323741e92a7ee13296ce745a1bbe8d43c8fdb1dc75883f350b598e5142,474878,Lee2019_MI,Q15-E007,MU_BETA_SHARED,20260925,0.9778026342391968,0.022197378799319267,1
s43_1_offline_train_t018,43,1,offline_train,1,session1/s43/sess01_subj43_EEG_MI.mat,9eb5a1323741e92a7ee13296ce745a1bbe8d43c8fdb1dc75883f350b598e5142,486394,Lee2019_MI,Q15-E007,MU_BETA_SHARED,20260925,0.6402987837791443,0.3597012758255005,1
s43_1_offline_train_t019,43,1,offline_train,1,session1/s43/sess01_subj43_EEG_MI.mat,9eb5a1323741e92a7ee13296ce745a1bbe8d43c8fdb1dc75883f350b598e5142,497726,Lee2019_MI,Q15-E007,MU_BETA_SHARED,20260925,0.7606449127197266,0.23935511708259583,1
s43_1_offline_train_t020,43,1,offline_train,2,session1/s43/sess01_subj43_EEG_MI.mat,9eb5a1323741e92a7ee13296ce745a1bbe8d43c8fdb1dc75883f350b598e5142,509244,Lee2019_MI,Q15-E007,MU_BETA_SHARED,20260925,0.10903006792068481,0.89096999168396,2
s43_1_offline_train_t021,43,1,offline_train,2,session1/s43/sess01_subj43_EEG_MI.mat,9eb5a1323741e92a7ee13296ce745a1bbe8d43c8fdb1dc75883f350b598e5142,520477,Lee2019_MI,Q15-E007,MU_BETA_SHARED,20260925,0.7548209428787231,0.24517907202243805,1
s43_1_offline_train_t022,43,1,offline_train,1,session1/s43/sess01_subj43_EEG_MI.mat,9eb5a1323741e92a7ee13296ce745a1bbe8d43c8fdb1dc75883f350b598e5142,531077,Lee2019_MI,Q15-E007,MU_BETA_SHARED,20260925,0.7965399026870728,0.20346008241176605,1
s43_1_offline_train_t023,43,1,offline_train,2,session1/s43/sess01_subj43_EEG_MI.mat,9eb5a1323741e92a7ee13296ce745a1bbe8d43c8fdb1dc75883f350b598e5142,542493,Lee2019_MI,Q15-E007,MU_BETA_SHARED,20260925,0.7291891574859619,0.2708108127117157,1
s43_1_offline_train_t024,43,1,offline_train,2,session1/s43/sess01_subj43_EEG_MI.mat,9eb5a1323741e92a7ee13296ce745a1bbe8d43c8fdb1dc75883f350b598e5142,554009,Lee2019_MI,Q15-E007,MU_BETA_SHARED,20260925,0.6001508235931396,0.39984914660453796,1
s43_1_offline_train_t025,43,1,offline_train,2,session1/s43/sess01_subj43_EEG_MI.mat,9eb5a1323741e92a7ee13296ce745a1bbe8d43c8fdb1dc75883f350b598e5142,565242,Lee2019_MI,Q15-E007,MU_BETA_SHARED,20260925,0.4999783933162689,0.5000216364860535,2
s43_1_offline_train_t026,43,1,offline_train,1,session1/s43/sess01_subj43_EEG_MI.mat,9eb5a1323741e92a7ee13296ce745a1bbe8d43c8fdb1dc75883f350b598e5142,576575,Lee2019_MI,Q15-E007,MU_BETA_SHARED,20260925,0.9638384580612183,0.03616148978471756,1
s43_1_offline_train_t027,43,1,offline_train,2,session1/s43/sess01_subj43_EEG_MI.mat,9eb5a1323741e92a7ee13296ce745a1bbe8d43c8fdb1dc75883f350b598e5142,587909,Lee2019_MI,Q15-E007,MU_BETA_SHARED,20260925,0.9387826919555664,0.061217281967401505,1
s43_1_offline_train_t028,43,1,offline_train,1,session1/s43/sess01_subj43_EEG_MI.mat,9eb5a1323741e92a7ee13296ce745a1bbe8d43c8fdb1dc75883f350b598e5142,598875,Lee2019_MI,Q15-E007,MU_BETA_SHARED,20260925,0.8314615488052368,0.16853845119476318,1
s43_1_offline_train_t029,43,1,offline_train,1,session1/s43/sess01_subj43_EEG_MI.mat,9eb5a1323741e92a7ee13296ce745a1bbe8d43c8fdb1dc75883f350b598e5142,610107,Lee2019_MI,Q15-E007,MU_BETA_SHARED,20260925,0.7835773825645447,0.21642261743545532,1
s43_1_offline_train_t030,43,1,offline_train,2,session1/s43/sess01_subj43_EEG_MI.mat,9eb5a1323741e92a7ee13296ce745a1bbe8d43c8fdb1dc75883f350b598e5142,620791,Lee2019_MI,Q15-E007,MU_BETA_SHARED,20260925,0.4859655797481537,0.5140344500541687,2
s43_1_offline_train_t031,43,1,offline_train,1,session1/s43/sess01_subj43_EEG_MI.mat,9eb5a1323741e92a7ee13296ce745a1bbe8d43c8fdb1dc75883f350b598e5142,632024,Lee2019_MI,Q15-E007,MU_BETA_SHARED,20260925,0.9880232810974121,0.011976785957813263,1
s43_1_offline_train_t032,43,1,offline_train,2,session1/s43/sess01_subj43_EEG_MI.mat,9eb5a1323741e92a7ee13296ce745a1bbe8d43c8fdb1dc75883f350b598e5142,642624,Lee2019_MI,Q15-E007,MU_BETA_SHARED,20260925,0.030101310461759567,0.9698986411094666,2
s43_1_offline_train_t033,43,1,offline_train,1,session1/s43/sess01_subj43_EEG_MI.mat,9eb5a1323741e92a7ee13296ce745a1bbe8d43c8fdb1dc75883f350b598e5142,653490,Lee2019_MI,Q15-E007,MU_BETA_SHARED,20260925,0.6693651676177979,0.33063486218452454,1
s43_1_offline_train_t034,43,1,offline_train,2,session1/s43/sess01_subj43_EEG_MI.mat,9eb5a1323741e92a7ee13296ce745a1bbe8d43c8fdb1dc75883f350b598e5142,664074,Lee2019_MI,Q15-E007,MU_BETA_SHARED,20260925,0.3455759882926941,0.6544239521026611,2
s43_1_offline_train_t035,43,1,offline_train,2,session1/s43/sess01_subj43_EEG_MI.mat,9eb5a1323741e92a7ee13296ce745a1bbe8d43c8fdb1dc75883f350b598e5142,674757,Lee2019_MI,Q15-E007,MU_BETA_SHARED,20260925,0.5079711675643921,0.4920288324356079,1
s43_1_offline_train_t036,43,1,offline_train,1,session1/s43/sess01_subj43_EEG_MI.mat,9eb5a1323741e92a7ee13296ce745a1bbe8d43c8fdb1dc75883f350b598e5142,686090,Lee2019_MI,Q15-E007,MU_BETA_SHARED,20260925,0.8334118127822876,0.1665881872177124,1
s43_1_offline_train_t037,43,1,offline_train,1,session1/s43/sess01_subj43_EEG_MI.mat,9eb5a1323741e92a7ee13296ce745a1bbe8d43c8fdb1dc75883f350b598e5142,697323,Lee2019_MI,Q15-E007,MU_BETA_SHARED,20260925,0.6873375773429871,0.3126624524593353,1
s43_1_offline_train_t038,43,1,offline_train,2,session1/s43/sess01_subj43_EEG_MI.mat,9eb5a1323741e92a7ee13296ce745a1bbe8d43c8fdb1dc75883f350b598e5142,708189,Lee2019_MI,Q15-E007,MU_BETA_SHARED,20260925,0.935580849647522,0.06441912800073624,1
s43_1_offline_train_t039,43,1,offline_train,1,session1/s43/sess01_subj43_EEG_MI.mat,9eb5a1323741e92a7ee13296ce745a1bbe8d43c8fdb1dc75883f350b598e5142,719705,Lee2019_MI,Q15-E007,MU_BETA_SHARED,20260925,0.9364550709724426,0.06354489922523499,1
s43_1_offline_train_t040,43,1,offline_train,1,session1/s43/sess01_subj43_EEG_MI.mat,9eb5a1323741e92a7ee13296ce745a1bbe8d43c8fdb1dc75883f350b598e5142,730289,Lee2019_MI,Q15-E007,MU_BETA_SHARED,20260925,0.8846941590309143,0.1153058335185051,1
s43_1_offline_train_t041,43,1,offline_train,1,session1/s43/sess01_subj43_EEG_MI.mat,9eb5a1323741e92a7ee13296ce745a1bbe8d43c8fdb1dc75883f350b598e5142,741254,Lee2019_MI,Q15-E007,MU_BETA_SHARED,20260925,0.8275137543678284,0.17248627543449402,1
s43_1_offline_train_t042,43,1,offline_train,1,session1/s43/sess01_subj43_EEG_MI.mat,9eb5a1323741e92a7ee13296ce745a1bbe8d43c8fdb1dc75883f350b598e5142,752205,Lee2019_MI,Q15-E007,MU_BETA_SHARED,20260925,0.9141384363174438,0.08586151897907257,1
s43_1_offline_train_t043,43,1,offline_train,2,session1/s43/sess01_subj43_EEG_MI.mat,9eb5a1323741e92a7ee13296ce745a1bbe8d43c8fdb1dc75883f350b598e5142,763538,Lee2019_MI,Q15-E007,MU_BETA_SHARED,20260925,0.6461187601089478,0.35388126969337463,1
s43_1_offline_train_t044,43,1,offline_train,1,session1/s43/sess01_subj43_EEG_MI.mat,9eb5a1323741e92a7ee13296ce745a1bbe8d43c8fdb1dc75883f350b598e5142,774871,Lee2019_MI,Q15-E007,MU_BETA_SHARED,20260925,0.9058947563171387,0.09410528093576431,1
s43_1_offline_train_t045,43,1,offline_train,2,session1/s43/sess01_subj43_EEG_MI.mat,9eb5a1323741e92a7ee13296ce745a1bbe8d43c8fdb1dc75883f350b598e5142,785654,Lee2019_MI,Q15-E007,MU_BETA_SHARED,20260925,0.7819405198097229,0.2180595099925995,1
s43_1_offline_train_t046,43,1,offline_train,1,session1/s43/sess01_subj43_EEG_MI.mat,9eb5a1323741e92a7ee13296ce745a1bbe8d43c8fdb1dc75883f350b598e5142,796704,Lee2019_MI,Q15-E007,MU_BETA_SHARED,20260925,0.9541435837745667,0.045856405049562454,1
s43_1_offline_train_t047,43,1,offline_train,1,session1/s43/sess01_subj43_EEG_MI.mat,9eb5a1323741e92a7ee13296ce745a1bbe8d43c8fdb1dc75883f350b598e5142,807653,Lee2019_MI,Q15-E007,MU_BETA_SHARED,20260925,0.6693118810653687,0.33068811893463135,1
s43_1_offline_train_t048,43,1,offline_train,1,session1/s43/sess01_subj43_EEG_MI.mat,9eb5a1323741e92a7ee13296ce745a1bbe8d43c8fdb1dc75883f350b598e5142,818803,Lee2019_MI,Q15-E007,MU_BETA_SHARED,20260925,0.902678370475769,0.09732168167829514,1
s43_1_offline_train_t049,43,1,offline_train,2,session1/s43/sess01_subj43_EEG_MI.mat,9eb5a1323741e92a7ee13296ce745a1bbe8d43c8fdb1dc75883f350b598e5142,830036,Lee2019_MI,Q15-E007,MU_BETA_SHARED,20260925,0.6092349886894226,0.3907649517059326,1
s43_1_offline_train_t050,43,1,offline_train,1,session1/s43/sess01_subj43_EEG_MI.mat,9eb5a1323741e92a7ee13296ce745a1bbe8d43c8fdb1dc75883f350b598e5142,951534,Lee2019_MI,Q15-E007,MU_BETA_SHARED,20260925,0.8234597444534302,0.1765403151512146,1
s43_1_offline_train_t051,43,1,offline_train,1,session1/s43/sess01_subj43_EEG_MI.mat,9eb5a1323741e92a7ee13296ce745a1bbe8d43c8fdb1dc75883f350b598e5142,962400,Lee2019_MI,Q15-E007,MU_BETA_SHARED,20260925,0.7760511040687561,0.22394885122776031,1
s43_1_offline_train_t052,43,1,offline_train,1,session1/s43/sess01_subj43_EEG_MI.mat,9eb5a1323741e92a7ee13296ce745a1bbe8d43c8fdb1dc75883f350b598e5142,973633,Lee2019_MI,Q15-E007,MU_BETA_SHARED,20260925,0.5909695625305176,0.4090304374694824,1
s43_1_offline_train_t053,43,1,offline_train,1,session1/s43/sess01_subj43_EEG_MI.mat,9eb5a1323741e92a7ee13296ce745a1bbe8d43c8fdb1dc75883f350b598e5142,984866,Lee2019_MI,Q15-E007,MU_BETA_SHARED,20260925,0.4339189827442169,0.5660810470581055,2
s43_1_offline_train_t054,43,1,offline_train,2,session1/s43/sess01_subj43_EEG_MI.mat,9eb5a1323741e92a7ee13296ce745a1bbe8d43c8fdb1dc75883f350b598e5142,995549,Lee2019_MI,Q15-E007,MU_BETA_SHARED,20260925,0.8127717971801758,0.1872282326221466,1
s43_1_offline_train_t055,43,1,offline_train,1,session1/s43/sess01_subj43_EEG_MI.mat,9eb5a1323741e92a7ee13296ce745a1bbe8d43c8fdb1dc75883f350b598e5142,1006232,Lee2019_MI,Q15-E007,MU_BETA_SHARED,20260925,0.6457498073577881,0.3542501628398895,1
s43_1_offline_train_t056,43,1,offline_train,1,session1/s43/sess01_subj43_EEG_MI.mat,9eb5a1323741e92a7ee13296ce745a1bbe8d43c8fdb1dc75883f350b598e5142,1017282,Lee2019_MI,Q15-E007,MU_BETA_SHARED,20260925,0.7940400242805481,0.2059599757194519,1
s43_1_offline_train_t057,43,1,offline_train,2,session1/s43/sess01_subj43_EEG_MI.mat,9eb5a1323741e92a7ee13296ce745a1bbe8d43c8fdb1dc75883f350b598e5142,1028797,Lee2019_MI,Q15-E007,MU_BETA_SHARED,20260925,0.6933261156082153,0.30667394399642944,1
s43_1_offline_train_t058,43,1,offline_train,2,session1/s43/sess01_subj43_EEG_MI.mat,9eb5a1323741e92a7ee13296ce745a1bbe8d43c8fdb1dc75883f350b598e5142,1039665,Lee2019_MI,Q15-E007,MU_BETA_SHARED,20260925,0.6768935918807983,0.32310646772384644,1
s43_1_offline_train_t059,43,1,offline_train,1,session1/s43/sess01_subj43_EEG_MI.mat,9eb5a1323741e92a7ee13296ce745a1bbe8d43c8fdb1dc75883f350b598e5142,1050814,Lee2019_MI,Q15-E007,MU_BETA_SHARED,20260925,0.9236099720001221,0.07639005035161972,1
s43_1_offline_train_t060,43,1,offline_train,1,session1/s43/sess01_subj43_EEG_MI.mat,9eb5a1323741e92a7ee13296ce745a1bbe8d43c8fdb1dc75883f350b598e5142,1061581,Lee2019_MI,Q15-E007,MU_BETA_SHARED,20260925,0.5877997875213623,0.4122002124786377,1
s43_1_offline_train_t061,43,1,offline_train,2,session1/s43/sess01_subj43_EEG_MI.mat,9eb5a1323741e92a7ee13296ce745a1bbe8d43c8fdb1dc75883f350b598e5142,1072914,Lee2019_MI,Q15-E007,MU_BETA_SHARED,20260925,0.7822209596633911,0.2177789956331253,1
s43_1_offline_train_t062,43,1,offline_train,2,session1/s43/sess01_subj43_EEG_MI.mat,9eb5a1323741e92a7ee13296ce745a1bbe8d43c8fdb1dc75883f350b598e5142,1083697,Lee2019_MI,Q15-E007,MU_BETA_SHARED,20260925,0.5421920418739319,0.4578079581260681,1
s43_1_offline_train_t063,43,1,offline_train,1,session1/s43/sess01_subj43_EEG_MI.mat,9eb5a1323741e92a7ee13296ce745a1bbe8d43c8fdb1dc75883f350b598e5142,1094747,Lee2019_MI,Q15-E007,MU_BETA_SHARED,20260925,0.9857890009880066,0.01421101950109005,1
s43_1_offline_train_t064,43,1,offline_train,2,session1/s43/sess01_subj43_EEG_MI.mat,9eb5a1323741e92a7ee13296ce745a1bbe8d43c8fdb1dc75883f350b598e5142,1105980,Lee2019_MI,Q15-E007,MU_BETA_SHARED,20260925,0.6951804161071777,0.30481958389282227,1
s43_1_offline_train_t065,43,1,offline_train,2,session1/s43/sess01_subj43_EEG_MI.mat,9eb5a1323741e92a7ee13296ce745a1bbe8d43c8fdb1dc75883f350b598e5142,1117413,Lee2019_MI,Q15-E007,MU_BETA_SHARED,20260925,0.7905263304710388,0.2094736397266388,1
s43_1_offline_train_t066,43,1,offline_train,2,session1/s43/sess01_subj43_EEG_MI.mat,9eb5a1323741e92a7ee13296ce745a1bbe8d43c8fdb1dc75883f350b598e5142,1128929,Lee2019_MI,Q15-E007,MU_BETA_SHARED,20260925,0.8973572850227356,0.102642722427845,1
s43_1_offline_train_t067,43,1,offline_train,2,session1/s43/sess01_subj43_EEG_MI.mat,9eb5a1323741e92a7ee13296ce745a1bbe8d43c8fdb1dc75883f350b598e5142,1140078,Lee2019_MI,Q15-E007,MU_BETA_SHARED,20260925,0.1323992758989334,0.8676007986068726,2
s43_1_offline_train_t068,43,1,offline_train,1,session1/s43/sess01_subj43_EEG_MI.mat,9eb5a1323741e92a7ee13296ce745a1bbe8d43c8fdb1dc75883f350b598e5142,1150746,Lee2019_MI,Q15-E007,MU_BETA_SHARED,20260925,0.7565112113952637,0.24348877370357513,1
s43_1_offline_train_t069,43,1,offline_train,1,session1/s43/sess01_subj43_EEG_MI.mat,9eb5a1323741e92a7ee13296ce745a1bbe8d43c8fdb1dc75883f350b598e5142,1161428,Lee2019_MI,Q15-E007,MU_BETA_SHARED,20260925,0.8320567607879639,0.1679433137178421,1
s43_1_offline_train_t070,43,1,offline_train,2,session1/s43/sess01_subj43_EEG_MI.mat,9eb5a1323741e92a7ee13296ce745a1bbe8d43c8fdb1dc75883f350b598e5142,1172212,Lee2019_MI,Q15-E007,MU_BETA_SHARED,20260925,0.37888380885124207,0.6211162209510803,2
s43_1_offline_train_t071,43,1,offline_train,1,session1/s43/sess01_subj43_EEG_MI.mat,9eb5a1323741e92a7ee13296ce745a1bbe8d43c8fdb1dc75883f350b598e5142,1183627,Lee2019_MI,Q15-E007,MU_BETA_SHARED,20260925,0.9372099041938782,0.06279006600379944,1
s43_1_offline_train_t072,43,1,offline_train,2,session1/s43/sess01_subj43_EEG_MI.mat,9eb5a1323741e92a7ee13296ce745a1bbe8d43c8fdb1dc75883f350b598e5142,1194411,Lee2019_MI,Q15-E007,MU_BETA_SHARED,20260925,0.6755257248878479,0.3244743347167969,1
s43_1_offline_train_t073,43,1,offline_train,2,session1/s43/sess01_subj43_EEG_MI.mat,9eb5a1323741e92a7ee13296ce745a1bbe8d43c8fdb1dc75883f350b598e5142,1205727,Lee2019_MI,Q15-E007,MU_BETA_SHARED,20260925,0.9041814208030701,0.09581860899925232,1
s43_1_offline_train_t074,43,1,offline_train,2,session1/s43/sess01_subj43_EEG_MI.mat,9eb5a1323741e92a7ee13296ce745a1bbe8d43c8fdb1dc75883f350b598e5142,1216511,Lee2019_MI,Q15-E007,MU_BETA_SHARED,20260925,0.6728537082672119,0.3271462619304657,1
s43_1_offline_train_t075,43,1,offline_train,1,session1/s43/sess01_subj43_EEG_MI.mat,9eb5a1323741e92a7ee13296ce745a1bbe8d43c8fdb1dc75883f350b598e5142,1228027,Lee2019_MI,Q15-E007,MU_BETA_SHARED,20260925,0.6200486421585083,0.3799514174461365,1
s43_1_offline_train_t076,43,1,offline_train,2,session1/s43/sess01_subj43_EEG_MI.mat,9eb5a1323741e92a7ee13296ce745a1bbe8d43c8fdb1dc75883f350b598e5142,1238893,Lee2019_MI,Q15-E007,MU_BETA_SHARED,20260925,0.7503065466880798,0.24969348311424255,1
s43_1_offline_train_t077,43,1,offline_train,1,session1/s43/sess01_subj43_EEG_MI.mat,9eb5a1323741e92a7ee13296ce745a1bbe8d43c8fdb1dc75883f350b598e5142,1249660,Lee2019_MI,Q15-E007,MU_BETA_SHARED,20260925,0.5662223696708679,0.4337776005268097,1
s43_1_offline_train_t078,43,1,offline_train,1,session1/s43/sess01_subj43_EEG_MI.mat,9eb5a1323741e92a7ee13296ce745a1bbe8d43c8fdb1dc75883f350b598e5142,1260443,Lee2019_MI,Q15-E007,MU_BETA_SHARED,20260925,0.5896651148796082,0.41033491492271423,1
s43_1_offline_train_t079,43,1,offline_train,2,session1/s43/sess01_subj43_EEG_MI.mat,9eb5a1323741e92a7ee13296ce745a1bbe8d43c8fdb1dc75883f350b598e5142,1271593,Lee2019_MI,Q15-E007,MU_BETA_SHARED,20260925,0.38792911171913147,0.6120709180831909,2
s43_1_offline_train_t080,43,1,offline_train,2,session1/s43/sess01_subj43_EEG_MI.mat,9eb5a1323741e92a7ee13296ce745a1bbe8d43c8fdb1dc75883f350b598e5142,1282641,Lee2019_MI,Q15-E007,MU_BETA_SHARED,20260925,0.9258395433425903,0.07416041940450668,1
s43_1_offline_train_t081,43,1,offline_train,2,session1/s43/sess01_subj43_EEG_MI.mat,9eb5a1323741e92a7ee13296ce745a1bbe8d43c8fdb1dc75883f350b598e5142,1293509,Lee2019_MI,Q15-E007,MU_BETA_SHARED,20260925,0.45378577709198,0.5462142825126648,2
s43_1_offline_train_t082,43,1,offline_train,1,session1/s43/sess01_subj43_EEG_MI.mat,9eb5a1323741e92a7ee13296ce745a1bbe8d43c8fdb1dc75883f350b598e5142,1304925,Lee2019_MI,Q15-E007,MU_BETA_SHARED,20260925,0.9837411642074585,0.01625879481434822,1
s43_1_offline_train_t083,43,1,offline_train,2,session1/s43/sess01_subj43_EEG_MI.mat,9eb5a1323741e92a7ee13296ce745a1bbe8d43c8fdb1dc75883f350b598e5142,1316075,Lee2019_MI,Q15-E007,MU_BETA_SHARED,20260925,0.3394114077091217,0.6605885624885559,2
s43_1_offline_train_t084,43,1,offline_train,2,session1/s43/sess01_subj43_EEG_MI.mat,9eb5a1323741e92a7ee13296ce745a1bbe8d43c8fdb1dc75883f350b598e5142,1327225,Lee2019_MI,Q15-E007,MU_BETA_SHARED,20260925,0.3603084087371826,0.6396915912628174,2
s43_1_offline_train_t085,43,1,offline_train,1,session1/s43/sess01_subj43_EEG_MI.mat,9eb5a1323741e92a7ee13296ce745a1bbe8d43c8fdb1dc75883f350b598e5142,1338741,Lee2019_MI,Q15-E007,MU_BETA_SHARED,20260925,0.8942621946334839,0.10573781281709671,1
s43_1_offline_train_t086,43,1,offline_train,2,session1/s43/sess01_subj43_EEG_MI.mat,9eb5a1323741e92a7ee13296ce745a1bbe8d43c8fdb1dc75883f350b598e5142,1349607,Lee2019_MI,Q15-E007,MU_BETA_SHARED,20260925,0.3586057126522064,0.641394317150116,2
s43_1_offline_train_t087,43,1,offline_train,1,session1/s43/sess01_subj43_EEG_MI.mat,9eb5a1323741e92a7ee13296ce745a1bbe8d43c8fdb1dc75883f350b598e5142,1360940,Lee2019_MI,Q15-E007,MU_BETA_SHARED,20260925,0.8389037251472473,0.16109627485275269,1
s43_1_offline_train_t088,43,1,offline_train,2,session1/s43/sess01_subj43_EEG_MI.mat,9eb5a1323741e92a7ee13296ce745a1bbe8d43c8fdb1dc75883f350b598e5142,1372274,Lee2019_MI,Q15-E007,MU_BETA_SHARED,20260925,0.23033803701400757,0.7696619629859924,2
s43_1_offline_train_t089,43,1,offline_train,2,session1/s43/sess01_subj43_EEG_MI.mat,9eb5a1323741e92a7ee13296ce745a1bbe8d43c8fdb1dc75883f350b598e5142,1383223,Lee2019_MI,Q15-E007,MU_BETA_SHARED,20260925,0.681678831577301,0.31832119822502136,1
s43_1_offline_train_t090,43,1,offline_train,2,session1/s43/sess01_subj43_EEG_MI.mat,9eb5a1323741e92a7ee13296ce745a1bbe8d43c8fdb1dc75883f350b598e5142,1394373,Lee2019_MI,Q15-E007,MU_BETA_SHARED,20260925,0.6524684429168701,0.3475315272808075,1
s43_1_offline_train_t091,43,1,offline_train,2,session1/s43/sess01_subj43_EEG_MI.mat,9eb5a1323741e92a7ee13296ce745a1bbe8d43c8fdb1dc75883f350b598e5142,1404956,Lee2019_MI,Q15-E007,MU_BETA_SHARED,20260925,0.3503424823284149,0.6496575474739075,2
s43_1_offline_train_t092,43,1,offline_train,2,session1/s43/sess01_subj43_EEG_MI.mat,9eb5a1323741e92a7ee13296ce745a1bbe8d43c8fdb1dc75883f350b598e5142,1415539,Lee2019_MI,Q15-E007,MU_BETA_SHARED,20260925,0.22049255669116974,0.7795074582099915,2
s43_1_offline_train_t093,43,1,offline_train,1,session1/s43/sess01_subj43_EEG_MI.mat,9eb5a1323741e92a7ee13296ce745a1bbe8d43c8fdb1dc75883f350b598e5142,1426605,Lee2019_MI,Q15-E007,MU_BETA_SHARED,20260925,0.9713277816772461,0.028672249987721443,1
s43_1_offline_train_t094,43,1,offline_train,2,session1/s43/sess01_subj43_EEG_MI.mat,9eb5a1323741e92a7ee13296ce745a1bbe8d43c8fdb1dc75883f350b598e5142,1437939,Lee2019_MI,Q15-E007,MU_BETA_SHARED,20260925,0.3076120913028717,0.6923879384994507,2
s43_1_offline_train_t095,43,1,offline_train,1,session1/s43/sess01_subj43_EEG_MI.mat,9eb5a1323741e92a7ee13296ce745a1bbe8d43c8fdb1dc75883f350b598e5142,1449455,Lee2019_MI,Q15-E007,MU_BETA_SHARED,20260925,0.6175185441970825,0.3824814260005951,1
s43_1_offline_train_t096,43,1,offline_train,1,session1/s43/sess01_subj43_EEG_MI.mat,9eb5a1323741e92a7ee13296ce745a1bbe8d43c8fdb1dc75883f350b598e5142,1460121,Lee2019_MI,Q15-E007,MU_BETA_SHARED,20260925,0.837860643863678,0.16213934123516083,1
s43_1_offline_train_t097,43,1,offline_train,2,session1/s43/sess01_subj43_EEG_MI.mat,9eb5a1323741e92a7ee13296ce745a1bbe8d43c8fdb1dc75883f350b598e5142,1471271,Lee2019_MI,Q15-E007,MU_BETA_SHARED,20260925,0.8082167506217957,0.19178321957588196,1
s43_1_offline_train_t098,43,1,offline_train,1,session1/s43/sess01_subj43_EEG_MI.mat,9eb5a1323741e92a7ee13296ce745a1bbe8d43c8fdb1dc75883f350b598e5142,1482320,Lee2019_MI,Q15-E007,MU_BETA_SHARED,20260925,0.8058487772941589,0.19415123760700226,1
s43_1_offline_train_t099,43,1,offline_train,2,session1/s43/sess01_subj43_EEG_MI.mat,9eb5a1323741e92a7ee13296ce745a1bbe8d43c8fdb1dc75883f350b598e5142,1492921,Lee2019_MI,Q15-E007,MU_BETA_SHARED,20260925,0.38189956545829773,0.6181004047393799,2
s43_1_offline_train_t100,43,1,offline_train,2,session1/s43/sess01_subj43_EEG_MI.mat,9eb5a1323741e92a7ee13296ce745a1bbe8d43c8fdb1dc75883f350b598e5142,1503787,Lee2019_MI,Q15-E007,MU_BETA_SHARED,20260925,0.5489214658737183,0.45107853412628174,1
s43_2_offline_train_t001,43,2,offline_train,1,session2/s43/sess02_subj43_EEG_MI.mat,923325040004bc97b06cc2711b8f849429f9474fa9d3ef03c62c4291b94b6a06,148500,Lee2019_MI,Q15-E007,MU_BETA_SHARED,20260925,0.6025044322013855,0.3974955081939697,1
s43_2_offline_train_t002,43,2,offline_train,2,session2/s43/sess02_subj43_EEG_MI.mat,923325040004bc97b06cc2711b8f849429f9474fa9d3ef03c62c4291b94b6a06,160035,Lee2019_MI,Q15-E007,MU_BETA_SHARED,20260925,0.6250635385513306,0.3749364912509918,1
s43_2_offline_train_t003,43,2,offline_train,1,session2/s43/sess02_subj43_EEG_MI.mat,923325040004bc97b06cc2711b8f849429f9474fa9d3ef03c62c4291b94b6a06,170718,Lee2019_MI,Q15-E007,MU_BETA_SHARED,20260925,0.7915091514587402,0.20849081873893738,1
s43_2_offline_train_t004,43,2,offline_train,1,session2/s43/sess02_subj43_EEG_MI.mat,923325040004bc97b06cc2711b8f849429f9474fa9d3ef03c62c4291b94b6a06,182234,Lee2019_MI,Q15-E007,MU_BETA_SHARED,20260925,0.4515652060508728,0.5484347939491272,2
s43_2_offline_train_t005,43,2,offline_train,2,session2/s43/sess02_subj43_EEG_MI.mat,923325040004bc97b06cc2711b8f849429f9474fa9d3ef03c62c4291b94b6a06,193384,Lee2019_MI,Q15-E007,MU_BETA_SHARED,20260925,0.5696502327919006,0.4303497076034546,1
s43_2_offline_train_t006,43,2,offline_train,2,session2/s43/sess02_subj43_EEG_MI.mat,923325040004bc97b06cc2711b8f849429f9474fa9d3ef03c62c4291b94b6a06,204067,Lee2019_MI,Q15-E007,MU_BETA_SHARED,20260925,0.7384359836578369,0.2615640163421631,1
s43_2_offline_train_t007,43,2,offline_train,1,session2/s43/sess02_subj43_EEG_MI.mat,923325040004bc97b06cc2711b8f849429f9474fa9d3ef03c62c4291b94b6a06,214933,Lee2019_MI,Q15-E007,MU_BETA_SHARED,20260925,0.8970469236373901,0.10295306146144867,1
s43_2_offline_train_t008,43,2,offline_train,2,session2/s43/sess02_subj43_EEG_MI.mat,923325040004bc97b06cc2711b8f849429f9474fa9d3ef03c62c4291b94b6a06,226067,Lee2019_MI,Q15-E007,MU_BETA_SHARED,20260925,0.51224684715271,0.48775312304496765,1
s43_2_offline_train_t009,43,2,offline_train,1,session2/s43/sess02_subj43_EEG_MI.mat,923325040004bc97b06cc2711b8f849429f9474fa9d3ef03c62c4291b94b6a06,237583,Lee2019_MI,Q15-E007,MU_BETA_SHARED,20260925,0.8592026829719543,0.14079733192920685,1
s43_2_offline_train_t010,43,2,offline_train,1,session2/s43/sess02_subj43_EEG_MI.mat,923325040004bc97b06cc2711b8f849429f9474fa9d3ef03c62c4291b94b6a06,249100,Lee2019_MI,Q15-E007,MU_BETA_SHARED,20260925,0.7554489374160767,0.24455106258392334,1
s43_2_offline_train_t011,43,2,offline_train,2,session2/s43/sess02_subj43_EEG_MI.mat,923325040004bc97b06cc2711b8f849429f9474fa9d3ef03c62c4291b94b6a06,259783,Lee2019_MI,Q15-E007,MU_BETA_SHARED,20260925,0.7970190644264221,0.2029809206724167,1
s43_2_offline_train_t012,43,2,offline_train,2,session2/s43/sess02_subj43_EEG_MI.mat,923325040004bc97b06cc2711b8f849429f9474fa9d3ef03c62c4291b94b6a06,271299,Lee2019_MI,Q15-E007,MU_BETA_SHARED,20260925,0.5124056935310364,0.487594336271286,1
s43_2_offline_train_t013,43,2,offline_train,1,session2/s43/sess02_subj43_EEG_MI.mat,923325040004bc97b06cc2711b8f849429f9474fa9d3ef03c62c4291b94b6a06,282816,Lee2019_MI,Q15-E007,MU_BETA_SHARED,20260925,0.7726020812988281,0.22739791870117188,1
s43_2_offline_train_t014,43,2,offline_train,1,session2/s43/sess02_subj43_EEG_MI.mat,923325040004bc97b06cc2711b8f849429f9474fa9d3ef03c62c4291b94b6a06,293865,Lee2019_MI,Q15-E007,MU_BETA_SHARED,20260925,0.48449766635894775,0.5155023336410522,2
s43_2_offline_train_t015,43,2,offline_train,2,session2/s43/sess02_subj43_EEG_MI.mat,923325040004bc97b06cc2711b8f849429f9474fa9d3ef03c62c4291b94b6a06,305198,Lee2019_MI,Q15-E007,MU_BETA_SHARED,20260925,0.5739901661872864,0.42600980401039124,1
s43_2_offline_train_t016,43,2,offline_train,1,session2/s43/sess02_subj43_EEG_MI.mat,923325040004bc97b06cc2711b8f849429f9474fa9d3ef03c62c4291b94b6a06,315881,Lee2019_MI,Q15-E007,MU_BETA_SHARED,20260925,0.7005304098129272,0.29946959018707275,1
s43_2_offline_train_t017,43,2,offline_train,1,session2/s43/sess02_subj43_EEG_MI.mat,923325040004bc97b06cc2711b8f849429f9474fa9d3ef03c62c4291b94b6a06,326848,Lee2019_MI,Q15-E007,MU_BETA_SHARED,20260925,0.5889626145362854,0.4110373854637146,1
s43_2_offline_train_t018,43,2,offline_train,1,session2/s43/sess02_subj43_EEG_MI.mat,923325040004bc97b06cc2711b8f849429f9474fa9d3ef03c62c4291b94b6a06,338264,Lee2019_MI,Q15-E007,MU_BETA_SHARED,20260925,0.892564058303833,0.1074359193444252,1
s43_2_offline_train_t019,43,2,offline_train,1,session2/s43/sess02_subj43_EEG_MI.mat,923325040004bc97b06cc2711b8f849429f9474fa9d3ef03c62c4291b94b6a06,349597,Lee2019_MI,Q15-E007,MU_BETA_SHARED,20260925,0.6945292949676514,0.3054707646369934,1
s43_2_offline_train_t020,43,2,offline_train,2,session2/s43/sess02_subj43_EEG_MI.mat,923325040004bc97b06cc2711b8f849429f9474fa9d3ef03c62c4291b94b6a06,361114,Lee2019_MI,Q15-E007,MU_BETA_SHARED,20260925,0.3625375032424927,0.6374624371528625,2
s43_2_offline_train_t021,43,2,offline_train,2,session2/s43/sess02_subj43_EEG_MI.mat,923325040004bc97b06cc2711b8f849429f9474fa9d3ef03c62c4291b94b6a06,372346,Lee2019_MI,Q15-E007,MU_BETA_SHARED,20260925,0.7483053803443909,0.2516946792602539,1
s43_2_offline_train_t022,43,2,offline_train,1,session2/s43/sess02_subj43_EEG_MI.mat,923325040004bc97b06cc2711b8f849429f9474fa9d3ef03c62c4291b94b6a06,382947,Lee2019_MI,Q15-E007,MU_BETA_SHARED,20260925,0.7698750495910645,0.23012489080429077,1
s43_2_offline_train_t023,43,2,offline_train,2,session2/s43/sess02_subj43_EEG_MI.mat,923325040004bc97b06cc2711b8f849429f9474fa9d3ef03c62c4291b94b6a06,394362,Lee2019_MI,Q15-E007,MU_BETA_SHARED,20260925,0.4746437668800354,0.5253562331199646,2
s43_2_offline_train_t024,43,2,offline_train,2,session2/s43/sess02_subj43_EEG_MI.mat,923325040004bc97b06cc2711b8f849429f9474fa9d3ef03c62c4291b94b6a06,405878,Lee2019_MI,Q15-E007,MU_BETA_SHARED,20260925,0.3487786650657654,0.6512213945388794,2
s43_2_offline_train_t025,43,2,offline_train,2,session2/s43/sess02_subj43_EEG_MI.mat,923325040004bc97b06cc2711b8f849429f9474fa9d3ef03c62c4291b94b6a06,417129,Lee2019_MI,Q15-E007,MU_BETA_SHARED,20260925,0.4969799220561981,0.5030201077461243,2
s43_2_offline_train_t026,43,2,offline_train,1,session2/s43/sess02_subj43_EEG_MI.mat,923325040004bc97b06cc2711b8f849429f9474fa9d3ef03c62c4291b94b6a06,428446,Lee2019_MI,Q15-E007,MU_BETA_SHARED,20260925,0.7345752120018005,0.26542478799819946,1
s43_2_offline_train_t027,43,2,offline_train,2,session2/s43/sess02_subj43_EEG_MI.mat,923325040004bc97b06cc2711b8f849429f9474fa9d3ef03c62c4291b94b6a06,439695,Lee2019_MI,Q15-E007,MU_BETA_SHARED,20260925,0.5333936214447021,0.46660640835762024,1
s43_2_offline_train_t028,43,2,offline_train,1,session2/s43/sess02_subj43_EEG_MI.mat,923325040004bc97b06cc2711b8f849429f9474fa9d3ef03c62c4291b94b6a06,450645,Lee2019_MI,Q15-E007,MU_BETA_SHARED,20260925,0.7482702136039734,0.251729816198349,1
s43_2_offline_train_t029,43,2,offline_train,1,session2/s43/sess02_subj43_EEG_MI.mat,923325040004bc97b06cc2711b8f849429f9474fa9d3ef03c62c4291b94b6a06,461895,Lee2019_MI,Q15-E007,MU_BETA_SHARED,20260925,0.7421966791152954,0.2578033208847046,1
s43_2_offline_train_t030,43,2,offline_train,2,session2/s43/sess02_subj43_EEG_MI.mat,923325040004bc97b06cc2711b8f849429f9474fa9d3ef03c62c4291b94b6a06,472661,Lee2019_MI,Q15-E007,MU_BETA_SHARED,20260925,0.033512648195028305,0.9664874076843262,2
s43_2_offline_train_t031,43,2,offline_train,1,session2/s43/sess02_subj43_EEG_MI.mat,923325040004bc97b06cc2711b8f849429f9474fa9d3ef03c62c4291b94b6a06,483895,Lee2019_MI,Q15-E007,MU_BETA_SHARED,20260925,0.2751356363296509,0.7248643636703491,2
s43_2_offline_train_t032,43,2,offline_train,2,session2/s43/sess02_subj43_EEG_MI.mat,923325040004bc97b06cc2711b8f849429f9474fa9d3ef03c62c4291b94b6a06,494494,Lee2019_MI,Q15-E007,MU_BETA_SHARED,20260925,0.5278022885322571,0.47219765186309814,1
s43_2_offline_train_t033,43,2,offline_train,1,session2/s43/sess02_subj43_EEG_MI.mat,923325040004bc97b06cc2711b8f849429f9474fa9d3ef03c62c4291b94b6a06,505361,Lee2019_MI,Q15-E007,MU_BETA_SHARED,20260925,0.8567389845848083,0.14326098561286926,1
s43_2_offline_train_t034,43,2,offline_train,2,session2/s43/sess02_subj43_EEG_MI.mat,923325040004bc97b06cc2711b8f849429f9474fa9d3ef03c62c4291b94b6a06,515944,Lee2019_MI,Q15-E007,MU_BETA_SHARED,20260925,0.6333739757537842,0.36662596464157104,1
s43_2_offline_train_t035,43,2,offline_train,2,session2/s43/sess02_subj43_EEG_MI.mat,923325040004bc97b06cc2711b8f849429f9474fa9d3ef03c62c4291b94b6a06,526627,Lee2019_MI,Q15-E007,MU_BETA_SHARED,20260925,0.4060056805610657,0.5939943194389343,2
s43_2_offline_train_t036,43,2,offline_train,1,session2/s43/sess02_subj43_EEG_MI.mat,923325040004bc97b06cc2711b8f849429f9474fa9d3ef03c62c4291b94b6a06,537959,Lee2019_MI,Q15-E007,MU_BETA_SHARED,20260925,0.5768051147460938,0.423194944858551,1
s43_2_offline_train_t037,43,2,offline_train,1,session2/s43/sess02_subj43_EEG_MI.mat,923325040004bc97b06cc2711b8f849429f9474fa9d3ef03c62c4291b94b6a06,549193,Lee2019_MI,Q15-E007,MU_BETA_SHARED,20260925,0.8315544128417969,0.16844555735588074,1
s43_2_offline_train_t038,43,2,offline_train,2,session2/s43/sess02_subj43_EEG_MI.mat,923325040004bc97b06cc2711b8f849429f9474fa9d3ef03c62c4291b94b6a06,560060,Lee2019_MI,Q15-E007,MU_BETA_SHARED,20260925,0.6473979353904724,0.3526020348072052,1
s43_2_offline_train_t039,43,2,offline_train,1,session2/s43/sess02_subj43_EEG_MI.mat,923325040004bc97b06cc2711b8f849429f9474fa9d3ef03c62c4291b94b6a06,571576,Lee2019_MI,Q15-E007,MU_BETA_SHARED,20260925,0.7422082424163818,0.25779181718826294,1
s43_2_offline_train_t040,43,2,offline_train,1,session2/s43/sess02_subj43_EEG_MI.mat,923325040004bc97b06cc2711b8f849429f9474fa9d3ef03c62c4291b94b6a06,582159,Lee2019_MI,Q15-E007,MU_BETA_SHARED,20260925,0.5557588338851929,0.44424113631248474,1
s43_2_offline_train_t041,43,2,offline_train,1,session2/s43/sess02_subj43_EEG_MI.mat,923325040004bc97b06cc2711b8f849429f9474fa9d3ef03c62c4291b94b6a06,593125,Lee2019_MI,Q15-E007,MU_BETA_SHARED,20260925,0.7726927399635315,0.2273072451353073,1
s43_2_offline_train_t042,43,2,offline_train,1,session2/s43/sess02_subj43_EEG_MI.mat,923325040004bc97b06cc2711b8f849429f9474fa9d3ef03c62c4291b94b6a06,604092,Lee2019_MI,Q15-E007,MU_BETA_SHARED,20260925,0.8407233953475952,0.1592765897512436,1
s43_2_offline_train_t043,43,2,offline_train,2,session2/s43/sess02_subj43_EEG_MI.mat,923325040004bc97b06cc2711b8f849429f9474fa9d3ef03c62c4291b94b6a06,615408,Lee2019_MI,Q15-E007,MU_BETA_SHARED,20260925,0.4980173110961914,0.5019826889038086,2
s43_2_offline_train_t044,43,2,offline_train,1,session2/s43/sess02_subj43_EEG_MI.mat,923325040004bc97b06cc2711b8f849429f9474fa9d3ef03c62c4291b94b6a06,626741,Lee2019_MI,Q15-E007,MU_BETA_SHARED,20260925,0.5677491426467896,0.43225082755088806,1
s43_2_offline_train_t045,43,2,offline_train,2,session2/s43/sess02_subj43_EEG_MI.mat,923325040004bc97b06cc2711b8f849429f9474fa9d3ef03c62c4291b94b6a06,637524,Lee2019_MI,Q15-E007,MU_BETA_SHARED,20260925,0.9013660550117493,0.09863398969173431,1
s43_2_offline_train_t046,43,2,offline_train,1,session2/s43/sess02_subj43_EEG_MI.mat,923325040004bc97b06cc2711b8f849429f9474fa9d3ef03c62c4291b94b6a06,648574,Lee2019_MI,Q15-E007,MU_BETA_SHARED,20260925,0.7921879887580872,0.20781196653842926,1
s43_2_offline_train_t047,43,2,offline_train,1,session2/s43/sess02_subj43_EEG_MI.mat,923325040004bc97b06cc2711b8f849429f9474fa9d3ef03c62c4291b94b6a06,659541,Lee2019_MI,Q15-E007,MU_BETA_SHARED,20260925,0.8955777287483215,0.10442230850458145,1
s43_2_offline_train_t048,43,2,offline_train,1,session2/s43/sess02_subj43_EEG_MI.mat,923325040004bc97b06cc2711b8f849429f9474fa9d3ef03c62c4291b94b6a06,670774,Lee2019_MI,Q15-E007,MU_BETA_SHARED,20260925,0.8742563724517822,0.12574361264705658,1
s43_2_offline_train_t049,43,2,offline_train,2,session2/s43/sess02_subj43_EEG_MI.mat,923325040004bc97b06cc2711b8f849429f9474fa9d3ef03c62c4291b94b6a06,682007,Lee2019_MI,Q15-E007,MU_BETA_SHARED,20260925,0.411933958530426,0.588066041469574,2
s43_2_offline_train_t050,43,2,offline_train,1,session2/s43/sess02_subj43_EEG_MI.mat,923325040004bc97b06cc2711b8f849429f9474fa9d3ef03c62c4291b94b6a06,706156,Lee2019_MI,Q15-E007,MU_BETA_SHARED,20260925,0.6369187831878662,0.363081157207489,1
s43_2_offline_train_t051,43,2,offline_train,1,session2/s43/sess02_subj43_EEG_MI.mat,923325040004bc97b06cc2711b8f849429f9474fa9d3ef03c62c4291b94b6a06,717023,Lee2019_MI,Q15-E007,MU_BETA_SHARED,20260925,0.9057862758636475,0.09421367943286896,1
s43_2_offline_train_t052,43,2,offline_train,1,session2/s43/sess02_subj43_EEG_MI.mat,923325040004bc97b06cc2711b8f849429f9474fa9d3ef03c62c4291b94b6a06,728256,Lee2019_MI,Q15-E007,MU_BETA_SHARED,20260925,0.664012610912323,0.335987389087677,1
s43_2_offline_train_t053,43,2,offline_train,1,session2/s43/sess02_subj43_EEG_MI.mat,923325040004bc97b06cc2711b8f849429f9474fa9d3ef03c62c4291b94b6a06,739506,Lee2019_MI,Q15-E007,MU_BETA_SHARED,20260925,0.7413612008094788,0.25863876938819885,1
s43_2_offline_train_t054,43,2,offline_train,2,session2/s43/sess02_subj43_EEG_MI.mat,923325040004bc97b06cc2711b8f849429f9474fa9d3ef03c62c4291b94b6a06,750189,Lee2019_MI,Q15-E007,MU_BETA_SHARED,20260925,0.5428309440612793,0.4571690559387207,1
s43_2_offline_train_t055,43,2,offline_train,1,session2/s43/sess02_subj43_EEG_MI.mat,923325040004bc97b06cc2711b8f849429f9474fa9d3ef03c62c4291b94b6a06,760855,Lee2019_MI,Q15-E007,MU_BETA_SHARED,20260925,0.8837603330612183,0.11623966693878174,1
s43_2_offline_train_t056,43,2,offline_train,1,session2/s43/sess02_subj43_EEG_MI.mat,923325040004bc97b06cc2711b8f849429f9474fa9d3ef03c62c4291b94b6a06,771920,Lee2019_MI,Q15-E007,MU_BETA_SHARED,20260925,0.8304919600486755,0.16950808465480804,1
s43_2_offline_train_t057,43,2,offline_train,2,session2/s43/sess02_subj43_EEG_MI.mat,923325040004bc97b06cc2711b8f849429f9474fa9d3ef03c62c4291b94b6a06,783438,Lee2019_MI,Q15-E007,MU_BETA_SHARED,20260925,0.48408734798431396,0.515912652015686,2
s43_2_offline_train_t058,43,2,offline_train,2,session2/s43/sess02_subj43_EEG_MI.mat,923325040004bc97b06cc2711b8f849429f9474fa9d3ef03c62c4291b94b6a06,794304,Lee2019_MI,Q15-E007,MU_BETA_SHARED,20260925,0.5810412764549255,0.4189586937427521,1
s43_2_offline_train_t059,43,2,offline_train,1,session2/s43/sess02_subj43_EEG_MI.mat,923325040004bc97b06cc2711b8f849429f9474fa9d3ef03c62c4291b94b6a06,805437,Lee2019_MI,Q15-E007,MU_BETA_SHARED,20260925,0.6373751163482666,0.3626248836517334,1
s43_2_offline_train_t060,43,2,offline_train,1,session2/s43/sess02_subj43_EEG_MI.mat,923325040004bc97b06cc2711b8f849429f9474fa9d3ef03c62c4291b94b6a06,816220,Lee2019_MI,Q15-E007,MU_BETA_SHARED,20260925,0.6180921792984009,0.3819078207015991,1
s43_2_offline_train_t061,43,2,offline_train,2,session2/s43/sess02_subj43_EEG_MI.mat,923325040004bc97b06cc2711b8f849429f9474fa9d3ef03c62c4291b94b6a06,827553,Lee2019_MI,Q15-E007,MU_BETA_SHARED,20260925,0.5473541617393494,0.45264583826065063,1
s43_2_offline_train_t062,43,2,offline_train,2,session2/s43/sess02_subj43_EEG_MI.mat,923325040004bc97b06cc2711b8f849429f9474fa9d3ef03c62c4291b94b6a06,838320,Lee2019_MI,Q15-E007,MU_BETA_SHARED,20260925,0.5229030251502991,0.47709694504737854,1
s43_2_offline_train_t063,43,2,offline_train,1,session2/s43/sess02_subj43_EEG_MI.mat,923325040004bc97b06cc2711b8f849429f9474fa9d3ef03c62c4291b94b6a06,849369,Lee2019_MI,Q15-E007,MU_BETA_SHARED,20260925,0.9507914781570435,0.04920849949121475,1
s43_2_offline_train_t064,43,2,offline_train,2,session2/s43/sess02_subj43_EEG_MI.mat,923325040004bc97b06cc2711b8f849429f9474fa9d3ef03c62c4291b94b6a06,860619,Lee2019_MI,Q15-E007,MU_BETA_SHARED,20260925,0.6443488597869873,0.3556511104106903,1
s43_2_offline_train_t065,43,2,offline_train,2,session2/s43/sess02_subj43_EEG_MI.mat,923325040004bc97b06cc2711b8f849429f9474fa9d3ef03c62c4291b94b6a06,872036,Lee2019_MI,Q15-E007,MU_BETA_SHARED,20260925,0.5189675688743591,0.48103249073028564,1
s43_2_offline_train_t066,43,2,offline_train,2,session2/s43/sess02_subj43_EEG_MI.mat,923325040004bc97b06cc2711b8f849429f9474fa9d3ef03c62c4291b94b6a06,883552,Lee2019_MI,Q15-E007,MU_BETA_SHARED,20260925,0.4661566913127899,0.5338432788848877,2
s43_2_offline_train_t067,43,2,offline_train,2,session2/s43/sess02_subj43_EEG_MI.mat,923325040004bc97b06cc2711b8f849429f9474fa9d3ef03c62c4291b94b6a06,894702,Lee2019_MI,Q15-E007,MU_BETA_SHARED,20260925,0.7000957727432251,0.2999041974544525,1
s43_2_offline_train_t068,43,2,offline_train,1,session2/s43/sess02_subj43_EEG_MI.mat,923325040004bc97b06cc2711b8f849429f9474fa9d3ef03c62c4291b94b6a06,905385,Lee2019_MI,Q15-E007,MU_BETA_SHARED,20260925,0.3674597144126892,0.6325403451919556,2
s43_2_offline_train_t069,43,2,offline_train,1,session2/s43/sess02_subj43_EEG_MI.mat,923325040004bc97b06cc2711b8f849429f9474fa9d3ef03c62c4291b94b6a06,916069,Lee2019_MI,Q15-E007,MU_BETA_SHARED,20260925,0.8282532095909119,0.17174683511257172,1
s43_2_offline_train_t070,43,2,offline_train,2,session2/s43/sess02_subj43_EEG_MI.mat,923325040004bc97b06cc2711b8f849429f9474fa9d3ef03c62c4291b94b6a06,926834,Lee2019_MI,Q15-E007,MU_BETA_SHARED,20260925,0.317055881023407,0.682944118976593,2
s43_2_offline_train_t071,43,2,offline_train,1,session2/s43/sess02_subj43_EEG_MI.mat,923325040004bc97b06cc2711b8f849429f9474fa9d3ef03c62c4291b94b6a06,938268,Lee2019_MI,Q15-E007,MU_BETA_SHARED,20260925,0.9776681661605835,0.022331856191158295,1
s43_2_offline_train_t072,43,2,offline_train,2,session2/s43/sess02_subj43_EEG_MI.mat,923325040004bc97b06cc2711b8f849429f9474fa9d3ef03c62c4291b94b6a06,949034,Lee2019_MI,Q15-E007,MU_BETA_SHARED,20260925,0.6044980883598328,0.39550191164016724,1
s43_2_offline_train_t073,43,2,offline_train,2,session2/s43/sess02_subj43_EEG_MI.mat,923325040004bc97b06cc2711b8f849429f9474fa9d3ef03c62c4291b94b6a06,960368,Lee2019_MI,Q15-E007,MU_BETA_SHARED,20260925,0.6232706904411316,0.376729279756546,1
s43_2_offline_train_t074,43,2,offline_train,2,session2/s43/sess02_subj43_EEG_MI.mat,923325040004bc97b06cc2711b8f849429f9474fa9d3ef03c62c4291b94b6a06,971134,Lee2019_MI,Q15-E007,MU_BETA_SHARED,20260925,0.7107778787612915,0.2892221212387085,1
s43_2_offline_train_t075,43,2,offline_train,1,session2/s43/sess02_subj43_EEG_MI.mat,923325040004bc97b06cc2711b8f849429f9474fa9d3ef03c62c4291b94b6a06,982650,Lee2019_MI,Q15-E007,MU_BETA_SHARED,20260925,0.7737102508544922,0.2262897491455078,1
s43_2_offline_train_t076,43,2,offline_train,2,session2/s43/sess02_subj43_EEG_MI.mat,923325040004bc97b06cc2711b8f849429f9474fa9d3ef03c62c4291b94b6a06,993517,Lee2019_MI,Q15-E007,MU_BETA_SHARED,20260925,0.5704153180122375,0.42958468198776245,1
s43_2_offline_train_t077,43,2,offline_train,1,session2/s43/sess02_subj43_EEG_MI.mat,923325040004bc97b06cc2711b8f849429f9474fa9d3ef03c62c4291b94b6a06,1004300,Lee2019_MI,Q15-E007,MU_BETA_SHARED,20260925,0.9153897762298584,0.08461027592420578,1
s43_2_offline_train_t078,43,2,offline_train,1,session2/s43/sess02_subj43_EEG_MI.mat,923325040004bc97b06cc2711b8f849429f9474fa9d3ef03c62c4291b94b6a06,1015067,Lee2019_MI,Q15-E007,MU_BETA_SHARED,20260925,0.6605277061462402,0.33947229385375977,1
s43_2_offline_train_t079,43,2,offline_train,2,session2/s43/sess02_subj43_EEG_MI.mat,923325040004bc97b06cc2711b8f849429f9474fa9d3ef03c62c4291b94b6a06,1026216,Lee2019_MI,Q15-E007,MU_BETA_SHARED,20260925,0.3827015161514282,0.617298424243927,2
s43_2_offline_train_t080,43,2,offline_train,2,session2/s43/sess02_subj43_EEG_MI.mat,923325040004bc97b06cc2711b8f849429f9474fa9d3ef03c62c4291b94b6a06,1037266,Lee2019_MI,Q15-E007,MU_BETA_SHARED,20260925,0.3816578686237335,0.6183421015739441,2
s43_2_offline_train_t081,43,2,offline_train,2,session2/s43/sess02_subj43_EEG_MI.mat,923325040004bc97b06cc2711b8f849429f9474fa9d3ef03c62c4291b94b6a06,1048132,Lee2019_MI,Q15-E007,MU_BETA_SHARED,20260925,0.8911589980125427,0.10884098708629608,1
s43_2_offline_train_t082,43,2,offline_train,1,session2/s43/sess02_subj43_EEG_MI.mat,923325040004bc97b06cc2711b8f849429f9474fa9d3ef03c62c4291b94b6a06,1059565,Lee2019_MI,Q15-E007,MU_BETA_SHARED,20260925,0.7104559540748596,0.289544016122818,1
s43_2_offline_train_t083,43,2,offline_train,2,session2/s43/sess02_subj43_EEG_MI.mat,923325040004bc97b06cc2711b8f849429f9474fa9d3ef03c62c4291b94b6a06,1070699,Lee2019_MI,Q15-E007,MU_BETA_SHARED,20260925,0.3079279661178589,0.6920720338821411,2
s43_2_offline_train_t084,43,2,offline_train,2,session2/s43/sess02_subj43_EEG_MI.mat,923325040004bc97b06cc2711b8f849429f9474fa9d3ef03c62c4291b94b6a06,1081765,Lee2019_MI,Q15-E007,MU_BETA_SHARED,20260925,0.6605405211448669,0.33945944905281067,1
s43_2_offline_train_t085,43,2,offline_train,1,session2/s43/sess02_subj43_EEG_MI.mat,923325040004bc97b06cc2711b8f849429f9474fa9d3ef03c62c4291b94b6a06,1093282,Lee2019_MI,Q15-E007,MU_BETA_SHARED,20260925,0.9223290085792542,0.07767096161842346,1
s43_2_offline_train_t086,43,2,offline_train,2,session2/s43/sess02_subj43_EEG_MI.mat,923325040004bc97b06cc2711b8f849429f9474fa9d3ef03c62c4291b94b6a06,1104148,Lee2019_MI,Q15-E007,MU_BETA_SHARED,20260925,0.6591696739196777,0.3408302962779999,1
s43_2_offline_train_t087,43,2,offline_train,1,session2/s43/sess02_subj43_EEG_MI.mat,923325040004bc97b06cc2711b8f849429f9474fa9d3ef03c62c4291b94b6a06,1115464,Lee2019_MI,Q15-E007,MU_BETA_SHARED,20260925,0.6661745309829712,0.3338254988193512,1
s43_2_offline_train_t088,43,2,offline_train,2,session2/s43/sess02_subj43_EEG_MI.mat,923325040004bc97b06cc2711b8f849429f9474fa9d3ef03c62c4291b94b6a06,1126797,Lee2019_MI,Q15-E007,MU_BETA_SHARED,20260925,0.6947052478790283,0.30529478192329407,1
s43_2_offline_train_t089,43,2,offline_train,2,session2/s43/sess02_subj43_EEG_MI.mat,923325040004bc97b06cc2711b8f849429f9474fa9d3ef03c62c4291b94b6a06,1137764,Lee2019_MI,Q15-E007,MU_BETA_SHARED,20260925,0.8661195039749146,0.13388046622276306,1
s43_2_offline_train_t090,43,2,offline_train,2,session2/s43/sess02_subj43_EEG_MI.mat,923325040004bc97b06cc2711b8f849429f9474fa9d3ef03c62c4291b94b6a06,1148914,Lee2019_MI,Q15-E007,MU_BETA_SHARED,20260925,0.5120633244514465,0.4879366457462311,1
s43_2_offline_train_t091,43,2,offline_train,2,session2/s43/sess02_subj43_EEG_MI.mat,923325040004bc97b06cc2711b8f849429f9474fa9d3ef03c62c4291b94b6a06,1159497,Lee2019_MI,Q15-E007,MU_BETA_SHARED,20260925,0.5158323049545288,0.4841677248477936,1
s43_2_offline_train_t092,43,2,offline_train,2,session2/s43/sess02_subj43_EEG_MI.mat,923325040004bc97b06cc2711b8f849429f9474fa9d3ef03c62c4291b94b6a06,1170079,Lee2019_MI,Q15-E007,MU_BETA_SHARED,20260925,0.6394898295402527,0.3605102002620697,1
s43_2_offline_train_t093,43,2,offline_train,1,session2/s43/sess02_subj43_EEG_MI.mat,923325040004bc97b06cc2711b8f849429f9474fa9d3ef03c62c4291b94b6a06,1181129,Lee2019_MI,Q15-E007,MU_BETA_SHARED,20260925,0.8912585377693176,0.10874143987894058,1
s43_2_offline_train_t094,43,2,offline_train,2,session2/s43/sess02_subj43_EEG_MI.mat,923325040004bc97b06cc2711b8f849429f9474fa9d3ef03c62c4291b94b6a06,1192462,Lee2019_MI,Q15-E007,MU_BETA_SHARED,20260925,0.12867522239685059,0.8713247776031494,2
s43_2_offline_train_t095,43,2,offline_train,1,session2/s43/sess02_subj43_EEG_MI.mat,923325040004bc97b06cc2711b8f849429f9474fa9d3ef03c62c4291b94b6a06,1203979,Lee2019_MI,Q15-E007,MU_BETA_SHARED,20260925,0.9227866530418396,0.07721336930990219,1
s43_2_offline_train_t096,43,2,offline_train,1,session2/s43/sess02_subj43_EEG_MI.mat,923325040004bc97b06cc2711b8f849429f9474fa9d3ef03c62c4291b94b6a06,1214662,Lee2019_MI,Q15-E007,MU_BETA_SHARED,20260925,0.7561405301094055,0.24385951459407806,1
s43_2_offline_train_t097,43,2,offline_train,2,session2/s43/sess02_subj43_EEG_MI.mat,923325040004bc97b06cc2711b8f849429f9474fa9d3ef03c62c4291b94b6a06,1225812,Lee2019_MI,Q15-E007,MU_BETA_SHARED,20260925,0.49247974157333374,0.5075202584266663,2
s43_2_offline_train_t098,43,2,offline_train,1,session2/s43/sess02_subj43_EEG_MI.mat,923325040004bc97b06cc2711b8f849429f9474fa9d3ef03c62c4291b94b6a06,1236861,Lee2019_MI,Q15-E007,MU_BETA_SHARED,20260925,0.7539259195327759,0.24607406556606293,1
s43_2_offline_train_t099,43,2,offline_train,2,session2/s43/sess02_subj43_EEG_MI.mat,923325040004bc97b06cc2711b8f849429f9474fa9d3ef03c62c4291b94b6a06,1247445,Lee2019_MI,Q15-E007,MU_BETA_SHARED,20260925,0.5515110492706299,0.44848892092704773,1
s43_2_offline_train_t100,43,2,offline_train,2,session2/s43/sess02_subj43_EEG_MI.mat,923325040004bc97b06cc2711b8f849429f9474fa9d3ef03c62c4291b94b6a06,1258311,Lee2019_MI,Q15-E007,MU_BETA_SHARED,20260925,0.47190916538238525,0.5280908346176147,2
s43_1_offline_train_t001,43,1,offline_train,1,session1/s43/sess01_subj43_EEG_MI.mat,9eb5a1323741e92a7ee13296ce745a1bbe8d43c8fdb1dc75883f350b598e5142,296832,Lee2019_MI,Q15-E007,MU_BETA_SHARED,20260926,0.8291786313056946,0.17082132399082184,1
s43_1_offline_train_t002,43,1,offline_train,2,session1/s43/sess01_subj43_EEG_MI.mat,9eb5a1323741e92a7ee13296ce745a1bbe8d43c8fdb1dc75883f350b598e5142,308248,Lee2019_MI,Q15-E007,MU_BETA_SHARED,20260926,0.8024503588676453,0.19754967093467712,1
s43_1_offline_train_t003,43,1,offline_train,1,session1/s43/sess01_subj43_EEG_MI.mat,9eb5a1323741e92a7ee13296ce745a1bbe8d43c8fdb1dc75883f350b598e5142,318931,Lee2019_MI,Q15-E007,MU_BETA_SHARED,20260926,0.945963978767395,0.05403599888086319,1
s43_1_offline_train_t004,43,1,offline_train,1,session1/s43/sess01_subj43_EEG_MI.mat,9eb5a1323741e92a7ee13296ce745a1bbe8d43c8fdb1dc75883f350b598e5142,330364,Lee2019_MI,Q15-E007,MU_BETA_SHARED,20260926,0.7443181276321411,0.2556819021701813,1
s43_1_offline_train_t005,43,1,offline_train,2,session1/s43/sess01_subj43_EEG_MI.mat,9eb5a1323741e92a7ee13296ce745a1bbe8d43c8fdb1dc75883f350b598e5142,341497,Lee2019_MI,Q15-E007,MU_BETA_SHARED,20260926,0.7828482985496521,0.21715165674686432,1
s43_1_offline_train_t006,43,1,offline_train,2,session1/s43/sess01_subj43_EEG_MI.mat,9eb5a1323741e92a7ee13296ce745a1bbe8d43c8fdb1dc75883f350b598e5142,352181,Lee2019_MI,Q15-E007,MU_BETA_SHARED,20260926,0.8339986801147461,0.1660013049840927,1
s43_1_offline_train_t007,43,1,offline_train,1,session1/s43/sess01_subj43_EEG_MI.mat,9eb5a1323741e92a7ee13296ce745a1bbe8d43c8fdb1dc75883f350b598e5142,363047,Lee2019_MI,Q15-E007,MU_BETA_SHARED,20260926,0.902595579624176,0.09740439802408218,1
s43_1_offline_train_t008,43,1,offline_train,2,session1/s43/sess01_subj43_EEG_MI.mat,9eb5a1323741e92a7ee13296ce745a1bbe8d43c8fdb1dc75883f350b598e5142,374113,Lee2019_MI,Q15-E007,MU_BETA_SHARED,20260926,0.5733698010444641,0.4266301691532135,1
s43_1_offline_train_t009,43,1,offline_train,1,session1/s43/sess01_subj43_EEG_MI.mat,9eb5a1323741e92a7ee13296ce745a1bbe8d43c8fdb1dc75883f350b598e5142,385630,Lee2019_MI,Q15-E007,MU_BETA_SHARED,20260926,0.8664711713790894,0.13352885842323303,1
s43_1_offline_train_t010,43,1,offline_train,1,session1/s43/sess01_subj43_EEG_MI.mat,9eb5a1323741e92a7ee13296ce745a1bbe8d43c8fdb1dc75883f350b598e5142,397146,Lee2019_MI,Q15-E007,MU_BETA_SHARED,20260926,0.9526540040969849,0.04734600707888603,1
s43_1_offline_train_t011,43,1,offline_train,2,session1/s43/sess01_subj43_EEG_MI.mat,9eb5a1323741e92a7ee13296ce745a1bbe8d43c8fdb1dc75883f350b598e5142,407813,Lee2019_MI,Q15-E007,MU_BETA_SHARED,20260926,0.40484359860420227,0.5951563715934753,2
s43_1_offline_train_t012,43,1,offline_train,2,session1/s43/sess01_subj43_EEG_MI.mat,9eb5a1323741e92a7ee13296ce745a1bbe8d43c8fdb1dc75883f350b598e5142,419346,Lee2019_MI,Q15-E007,MU_BETA_SHARED,20260926,0.44073647260665894,0.5592635869979858,2
s43_1_offline_train_t013,43,1,offline_train,1,session1/s43/sess01_subj43_EEG_MI.mat,9eb5a1323741e92a7ee13296ce745a1bbe8d43c8fdb1dc75883f350b598e5142,430862,Lee2019_MI,Q15-E007,MU_BETA_SHARED,20260926,0.8657544255256653,0.13424555957317352,1
s43_1_offline_train_t014,43,1,offline_train,1,session1/s43/sess01_subj43_EEG_MI.mat,9eb5a1323741e92a7ee13296ce745a1bbe8d43c8fdb1dc75883f350b598e5142,441912,Lee2019_MI,Q15-E007,MU_BETA_SHARED,20260926,0.8688251972198486,0.13117475807666779,1
s43_1_offline_train_t015,43,1,offline_train,2,session1/s43/sess01_subj43_EEG_MI.mat,9eb5a1323741e92a7ee13296ce745a1bbe8d43c8fdb1dc75883f350b598e5142,453245,Lee2019_MI,Q15-E007,MU_BETA_SHARED,20260926,0.8513834476470947,0.1486165076494217,1
s43_1_offline_train_t016,43,1,offline_train,1,session1/s43/sess01_subj43_EEG_MI.mat,9eb5a1323741e92a7ee13296ce745a1bbe8d43c8fdb1dc75883f350b598e5142,463911,Lee2019_MI,Q15-E007,MU_BETA_SHARED,20260926,0.905349612236023,0.09465038031339645,1
s43_1_offline_train_t017,43,1,offline_train,1,session1/s43/sess01_subj43_EEG_MI.mat,9eb5a1323741e92a7ee13296ce745a1bbe8d43c8fdb1dc75883f350b598e5142,474878,Lee2019_MI,Q15-E007,MU_BETA_SHARED,20260926,0.9741180539131165,0.025881895795464516,1
s43_1_offline_train_t018,43,1,offline_train,1,session1/s43/sess01_subj43_EEG_MI.mat,9eb5a1323741e92a7ee13296ce745a1bbe8d43c8fdb1dc75883f350b598e5142,486394,Lee2019_MI,Q15-E007,MU_BETA_SHARED,20260926,0.8143278956413269,0.18567216396331787,1
s43_1_offline_train_t019,43,1,offline_train,1,session1/s43/sess01_subj43_EEG_MI.mat,9eb5a1323741e92a7ee13296ce745a1bbe8d43c8fdb1dc75883f350b598e5142,497726,Lee2019_MI,Q15-E007,MU_BETA_SHARED,20260926,0.9260474443435669,0.07395254820585251,1
s43_1_offline_train_t020,43,1,offline_train,2,session1/s43/sess01_subj43_EEG_MI.mat,9eb5a1323741e92a7ee13296ce745a1bbe8d43c8fdb1dc75883f350b598e5142,509244,Lee2019_MI,Q15-E007,MU_BETA_SHARED,20260926,0.27030065655708313,0.7296993732452393,2
s43_1_offline_train_t021,43,1,offline_train,2,session1/s43/sess01_subj43_EEG_MI.mat,9eb5a1323741e92a7ee13296ce745a1bbe8d43c8fdb1dc75883f350b598e5142,520477,Lee2019_MI,Q15-E007,MU_BETA_SHARED,20260926,0.8893342614173889,0.11066579073667526,1
s43_1_offline_train_t022,43,1,offline_train,1,session1/s43/sess01_subj43_EEG_MI.mat,9eb5a1323741e92a7ee13296ce745a1bbe8d43c8fdb1dc75883f350b598e5142,531077,Lee2019_MI,Q15-E007,MU_BETA_SHARED,20260926,0.8725051879882812,0.12749478220939636,1
s43_1_offline_train_t023,43,1,offline_train,2,session1/s43/sess01_subj43_EEG_MI.mat,9eb5a1323741e92a7ee13296ce745a1bbe8d43c8fdb1dc75883f350b598e5142,542493,Lee2019_MI,Q15-E007,MU_BETA_SHARED,20260926,0.703307569026947,0.2966924011707306,1
s43_1_offline_train_t024,43,1,offline_train,2,session1/s43/sess01_subj43_EEG_MI.mat,9eb5a1323741e92a7ee13296ce745a1bbe8d43c8fdb1dc75883f350b598e5142,554009,Lee2019_MI,Q15-E007,MU_BETA_SHARED,20260926,0.6401252746582031,0.3598747253417969,1
s43_1_offline_train_t025,43,1,offline_train,2,session1/s43/sess01_subj43_EEG_MI.mat,9eb5a1323741e92a7ee13296ce745a1bbe8d43c8fdb1dc75883f350b598e5142,565242,Lee2019_MI,Q15-E007,MU_BETA_SHARED,20260926,0.6452871561050415,0.3547128736972809,1
s43_1_offline_train_t026,43,1,offline_train,1,session1/s43/sess01_subj43_EEG_MI.mat,9eb5a1323741e92a7ee13296ce745a1bbe8d43c8fdb1dc75883f350b598e5142,576575,Lee2019_MI,Q15-E007,MU_BETA_SHARED,20260926,0.9936542510986328,0.006345794070512056,1
s43_1_offline_train_t027,43,1,offline_train,2,session1/s43/sess01_subj43_EEG_MI.mat,9eb5a1323741e92a7ee13296ce745a1bbe8d43c8fdb1dc75883f350b598e5142,587909,Lee2019_MI,Q15-E007,MU_BETA_SHARED,20260926,0.929119348526001,0.07088068127632141,1
s43_1_offline_train_t028,43,1,offline_train,1,session1/s43/sess01_subj43_EEG_MI.mat,9eb5a1323741e92a7ee13296ce745a1bbe8d43c8fdb1dc75883f350b598e5142,598875,Lee2019_MI,Q15-E007,MU_BETA_SHARED,20260926,0.9154645800590515,0.08453544229269028,1
s43_1_offline_train_t029,43,1,offline_train,1,session1/s43/sess01_subj43_EEG_MI.mat,9eb5a1323741e92a7ee13296ce745a1bbe8d43c8fdb1dc75883f350b598e5142,610107,Lee2019_MI,Q15-E007,MU_BETA_SHARED,20260926,0.9259040951728821,0.07409587502479553,1
s43_1_offline_train_t030,43,1,offline_train,2,session1/s43/sess01_subj43_EEG_MI.mat,9eb5a1323741e92a7ee13296ce745a1bbe8d43c8fdb1dc75883f350b598e5142,620791,Lee2019_MI,Q15-E007,MU_BETA_SHARED,20260926,0.6330901384353638,0.36690986156463623,1
s43_1_offline_train_t031,43,1,offline_train,1,session1/s43/sess01_subj43_EEG_MI.mat,9eb5a1323741e92a7ee13296ce745a1bbe8d43c8fdb1dc75883f350b598e5142,632024,Lee2019_MI,Q15-E007,MU_BETA_SHARED,20260926,0.9937942028045654,0.0062057338654994965,1
s43_1_offline_train_t032,43,1,offline_train,2,session1/s43/sess01_subj43_EEG_MI.mat,9eb5a1323741e92a7ee13296ce745a1bbe8d43c8fdb1dc75883f350b598e5142,642624,Lee2019_MI,Q15-E007,MU_BETA_SHARED,20260926,0.08617620170116425,0.9138237833976746,2
s43_1_offline_train_t033,43,1,offline_train,1,session1/s43/sess01_subj43_EEG_MI.mat,9eb5a1323741e92a7ee13296ce745a1bbe8d43c8fdb1dc75883f350b598e5142,653490,Lee2019_MI,Q15-E007,MU_BETA_SHARED,20260926,0.8337951898574829,0.1662047952413559,1
s43_1_offline_train_t034,43,1,offline_train,2,session1/s43/sess01_subj43_EEG_MI.mat,9eb5a1323741e92a7ee13296ce745a1bbe8d43c8fdb1dc75883f350b598e5142,664074,Lee2019_MI,Q15-E007,MU_BETA_SHARED,20260926,0.7998195290565491,0.20018044114112854,1
s43_1_offline_train_t035,43,1,offline_train,2,session1/s43/sess01_subj43_EEG_MI.mat,9eb5a1323741e92a7ee13296ce745a1bbe8d43c8fdb1dc75883f350b598e5142,674757,Lee2019_MI,Q15-E007,MU_BETA_SHARED,20260926,0.6206030249595642,0.3793970048427582,1
s43_1_offline_train_t036,43,1,offline_train,1,session1/s43/sess01_subj43_EEG_MI.mat,9eb5a1323741e92a7ee13296ce745a1bbe8d43c8fdb1dc75883f350b598e5142,686090,Lee2019_MI,Q15-E007,MU_BETA_SHARED,20260926,0.9046106934547424,0.09538929164409637,1
s43_1_offline_train_t037,43,1,offline_train,1,session1/s43/sess01_subj43_EEG_MI.mat,9eb5a1323741e92a7ee13296ce745a1bbe8d43c8fdb1dc75883f350b598e5142,697323,Lee2019_MI,Q15-E007,MU_BETA_SHARED,20260926,0.8553662896156311,0.1446336805820465,1
s43_1_offline_train_t038,43,1,offline_train,2,session1/s43/sess01_subj43_EEG_MI.mat,9eb5a1323741e92a7ee13296ce745a1bbe8d43c8fdb1dc75883f350b598e5142,708189,Lee2019_MI,Q15-E007,MU_BETA_SHARED,20260926,0.8646107912063599,0.13538923859596252,1
s43_1_offline_train_t039,43,1,offline_train,1,session1/s43/sess01_subj43_EEG_MI.mat,9eb5a1323741e92a7ee13296ce745a1bbe8d43c8fdb1dc75883f350b598e5142,719705,Lee2019_MI,Q15-E007,MU_BETA_SHARED,20260926,0.9835829138755798,0.016417069360613823,1
s43_1_offline_train_t040,43,1,offline_train,1,session1/s43/sess01_subj43_EEG_MI.mat,9eb5a1323741e92a7ee13296ce745a1bbe8d43c8fdb1dc75883f350b598e5142,730289,Lee2019_MI,Q15-E007,MU_BETA_SHARED,20260926,0.9673129916191101,0.032687027007341385,1
s43_1_offline_train_t041,43,1,offline_train,1,session1/s43/sess01_subj43_EEG_MI.mat,9eb5a1323741e92a7ee13296ce745a1bbe8d43c8fdb1dc75883f350b598e5142,741254,Lee2019_MI,Q15-E007,MU_BETA_SHARED,20260926,0.830113410949707,0.16988655924797058,1
s43_1_offline_train_t042,43,1,offline_train,1,session1/s43/sess01_subj43_EEG_MI.mat,9eb5a1323741e92a7ee13296ce745a1bbe8d43c8fdb1dc75883f350b598e5142,752205,Lee2019_MI,Q15-E007,MU_BETA_SHARED,20260926,0.918160080909729,0.0818399041891098,1
s43_1_offline_train_t043,43,1,offline_train,2,session1/s43/sess01_subj43_EEG_MI.mat,9eb5a1323741e92a7ee13296ce745a1bbe8d43c8fdb1dc75883f350b598e5142,763538,Lee2019_MI,Q15-E007,MU_BETA_SHARED,20260926,0.9033055305480957,0.0966944620013237,1
s43_1_offline_train_t044,43,1,offline_train,1,session1/s43/sess01_subj43_EEG_MI.mat,9eb5a1323741e92a7ee13296ce745a1bbe8d43c8fdb1dc75883f350b598e5142,774871,Lee2019_MI,Q15-E007,MU_BETA_SHARED,20260926,0.9648767709732056,0.035123150795698166,1
s43_1_offline_train_t045,43,1,offline_train,2,session1/s43/sess01_subj43_EEG_MI.mat,9eb5a1323741e92a7ee13296ce745a1bbe8d43c8fdb1dc75883f350b598e5142,785654,Lee2019_MI,Q15-E007,MU_BETA_SHARED,20260926,0.7533615827560425,0.24663840234279633,1
s43_1_offline_train_t046,43,1,offline_train,1,session1/s43/sess01_subj43_EEG_MI.mat,9eb5a1323741e92a7ee13296ce745a1bbe8d43c8fdb1dc75883f350b598e5142,796704,Lee2019_MI,Q15-E007,MU_BETA_SHARED,20260926,0.9368907809257507,0.06310924887657166,1
s43_1_offline_train_t047,43,1,offline_train,1,session1/s43/sess01_subj43_EEG_MI.mat,9eb5a1323741e92a7ee13296ce745a1bbe8d43c8fdb1dc75883f350b598e5142,807653,Lee2019_MI,Q15-E007,MU_BETA_SHARED,20260926,0.8012953400611877,0.19870461523532867,1
s43_1_offline_train_t048,43,1,offline_train,1,session1/s43/sess01_subj43_EEG_MI.mat,9eb5a1323741e92a7ee13296ce745a1bbe8d43c8fdb1dc75883f350b598e5142,818803,Lee2019_MI,Q15-E007,MU_BETA_SHARED,20260926,0.976503312587738,0.023496614769101143,1
s43_1_offline_train_t049,43,1,offline_train,2,session1/s43/sess01_subj43_EEG_MI.mat,9eb5a1323741e92a7ee13296ce745a1bbe8d43c8fdb1dc75883f350b598e5142,830036,Lee2019_MI,Q15-E007,MU_BETA_SHARED,20260926,0.9342130422592163,0.0657869428396225,1
s43_1_offline_train_t050,43,1,offline_train,1,session1/s43/sess01_subj43_EEG_MI.mat,9eb5a1323741e92a7ee13296ce745a1bbe8d43c8fdb1dc75883f350b598e5142,951534,Lee2019_MI,Q15-E007,MU_BETA_SHARED,20260926,0.8018657565116882,0.19813424348831177,1
s43_1_offline_train_t051,43,1,offline_train,1,session1/s43/sess01_subj43_EEG_MI.mat,9eb5a1323741e92a7ee13296ce745a1bbe8d43c8fdb1dc75883f350b598e5142,962400,Lee2019_MI,Q15-E007,MU_BETA_SHARED,20260926,0.922818124294281,0.07718188315629959,1
s43_1_offline_train_t052,43,1,offline_train,1,session1/s43/sess01_subj43_EEG_MI.mat,9eb5a1323741e92a7ee13296ce745a1bbe8d43c8fdb1dc75883f350b598e5142,973633,Lee2019_MI,Q15-E007,MU_BETA_SHARED,20260926,0.7865341305732727,0.2134658545255661,1
s43_1_offline_train_t053,43,1,offline_train,1,session1/s43/sess01_subj43_EEG_MI.mat,9eb5a1323741e92a7ee13296ce745a1bbe8d43c8fdb1dc75883f350b598e5142,984866,Lee2019_MI,Q15-E007,MU_BETA_SHARED,20260926,0.7358030676841736,0.26419690251350403,1
s43_1_offline_train_t054,43,1,offline_train,2,session1/s43/sess01_subj43_EEG_MI.mat,9eb5a1323741e92a7ee13296ce745a1bbe8d43c8fdb1dc75883f350b598e5142,995549,Lee2019_MI,Q15-E007,MU_BETA_SHARED,20260926,0.9814274907112122,0.018572533503174782,1
s43_1_offline_train_t055,43,1,offline_train,1,session1/s43/sess01_subj43_EEG_MI.mat,9eb5a1323741e92a7ee13296ce745a1bbe8d43c8fdb1dc75883f350b598e5142,1006232,Lee2019_MI,Q15-E007,MU_BETA_SHARED,20260926,0.7733438611030579,0.22665609419345856,1
s43_1_offline_train_t056,43,1,offline_train,1,session1/s43/sess01_subj43_EEG_MI.mat,9eb5a1323741e92a7ee13296ce745a1bbe8d43c8fdb1dc75883f350b598e5142,1017282,Lee2019_MI,Q15-E007,MU_BETA_SHARED,20260926,0.9412195682525635,0.05878046527504921,1
s43_1_offline_train_t057,43,1,offline_train,2,session1/s43/sess01_subj43_EEG_MI.mat,9eb5a1323741e92a7ee13296ce745a1bbe8d43c8fdb1dc75883f350b598e5142,1028797,Lee2019_MI,Q15-E007,MU_BETA_SHARED,20260926,0.8257439136505127,0.1742560714483261,1
s43_1_offline_train_t058,43,1,offline_train,2,session1/s43/sess01_subj43_EEG_MI.mat,9eb5a1323741e92a7ee13296ce745a1bbe8d43c8fdb1dc75883f350b598e5142,1039665,Lee2019_MI,Q15-E007,MU_BETA_SHARED,20260926,0.5916471481323242,0.4083528518676758,1
s43_1_offline_train_t059,43,1,offline_train,1,session1/s43/sess01_subj43_EEG_MI.mat,9eb5a1323741e92a7ee13296ce745a1bbe8d43c8fdb1dc75883f350b598e5142,1050814,Lee2019_MI,Q15-E007,MU_BETA_SHARED,20260926,0.9448794722557068,0.0551205612719059,1
s43_1_offline_train_t060,43,1,offline_train,1,session1/s43/sess01_subj43_EEG_MI.mat,9eb5a1323741e92a7ee13296ce745a1bbe8d43c8fdb1dc75883f350b598e5142,1061581,Lee2019_MI,Q15-E007,MU_BETA_SHARED,20260926,0.5894959568977356,0.4105040729045868,1
s43_1_offline_train_t061,43,1,offline_train,2,session1/s43/sess01_subj43_EEG_MI.mat,9eb5a1323741e92a7ee13296ce745a1bbe8d43c8fdb1dc75883f350b598e5142,1072914,Lee2019_MI,Q15-E007,MU_BETA_SHARED,20260926,0.629410982131958,0.3705890476703644,1
s43_1_offline_train_t062,43,1,offline_train,2,session1/s43/sess01_subj43_EEG_MI.mat,9eb5a1323741e92a7ee13296ce745a1bbe8d43c8fdb1dc75883f350b598e5142,1083697,Lee2019_MI,Q15-E007,MU_BETA_SHARED,20260926,0.6098102331161499,0.3901897668838501,1
s43_1_offline_train_t063,43,1,offline_train,1,session1/s43/sess01_subj43_EEG_MI.mat,9eb5a1323741e92a7ee13296ce745a1bbe8d43c8fdb1dc75883f350b598e5142,1094747,Lee2019_MI,Q15-E007,MU_BETA_SHARED,20260926,0.9726109504699707,0.02738908678293228,1
s43_1_offline_train_t064,43,1,offline_train,2,session1/s43/sess01_subj43_EEG_MI.mat,9eb5a1323741e92a7ee13296ce745a1bbe8d43c8fdb1dc75883f350b598e5142,1105980,Lee2019_MI,Q15-E007,MU_BETA_SHARED,20260926,0.7902057766914368,0.20979425311088562,1
s43_1_offline_train_t065,43,1,offline_train,2,session1/s43/sess01_subj43_EEG_MI.mat,9eb5a1323741e92a7ee13296ce745a1bbe8d43c8fdb1dc75883f350b598e5142,1117413,Lee2019_MI,Q15-E007,MU_BETA_SHARED,20260926,0.9318424463272095,0.06815754622220993,1
s43_1_offline_train_t066,43,1,offline_train,2,session1/s43/sess01_subj43_EEG_MI.mat,9eb5a1323741e92a7ee13296ce745a1bbe8d43c8fdb1dc75883f350b598e5142,1128929,Lee2019_MI,Q15-E007,MU_BETA_SHARED,20260926,0.9165623784065247,0.08343768119812012,1
s43_1_offline_train_t067,43,1,offline_train,2,session1/s43/sess01_subj43_EEG_MI.mat,9eb5a1323741e92a7ee13296ce745a1bbe8d43c8fdb1dc75883f350b598e5142,1140078,Lee2019_MI,Q15-E007,MU_BETA_SHARED,20260926,0.3979783058166504,0.6020216941833496,2
s43_1_offline_train_t068,43,1,offline_train,1,session1/s43/sess01_subj43_EEG_MI.mat,9eb5a1323741e92a7ee13296ce745a1bbe8d43c8fdb1dc75883f350b598e5142,1150746,Lee2019_MI,Q15-E007,MU_BETA_SHARED,20260926,0.8408703804016113,0.15912961959838867,1
s43_1_offline_train_t069,43,1,offline_train,1,session1/s43/sess01_subj43_EEG_MI.mat,9eb5a1323741e92a7ee13296ce745a1bbe8d43c8fdb1dc75883f350b598e5142,1161428,Lee2019_MI,Q15-E007,MU_BETA_SHARED,20260926,0.9136999249458313,0.08630004525184631,1
s43_1_offline_train_t070,43,1,offline_train,2,session1/s43/sess01_subj43_EEG_MI.mat,9eb5a1323741e92a7ee13296ce745a1bbe8d43c8fdb1dc75883f350b598e5142,1172212,Lee2019_MI,Q15-E007,MU_BETA_SHARED,20260926,0.671738862991333,0.3282610774040222,1
s43_1_offline_train_t071,43,1,offline_train,1,session1/s43/sess01_subj43_EEG_MI.mat,9eb5a1323741e92a7ee13296ce745a1bbe8d43c8fdb1dc75883f350b598e5142,1183627,Lee2019_MI,Q15-E007,MU_BETA_SHARED,20260926,0.9588260650634766,0.04117397218942642,1
s43_1_offline_train_t072,43,1,offline_train,2,session1/s43/sess01_subj43_EEG_MI.mat,9eb5a1323741e92a7ee13296ce745a1bbe8d43c8fdb1dc75883f350b598e5142,1194411,Lee2019_MI,Q15-E007,MU_BETA_SHARED,20260926,0.9052548408508301,0.09474515914916992,1
s43_1_offline_train_t073,43,1,offline_train,2,session1/s43/sess01_subj43_EEG_MI.mat,9eb5a1323741e92a7ee13296ce745a1bbe8d43c8fdb1dc75883f350b598e5142,1205727,Lee2019_MI,Q15-E007,MU_BETA_SHARED,20260926,0.896349310874939,0.10365062952041626,1
s43_1_offline_train_t074,43,1,offline_train,2,session1/s43/sess01_subj43_EEG_MI.mat,9eb5a1323741e92a7ee13296ce745a1bbe8d43c8fdb1dc75883f350b598e5142,1216511,Lee2019_MI,Q15-E007,MU_BETA_SHARED,20260926,0.7835404872894287,0.21645955741405487,1
s43_1_offline_train_t075,43,1,offline_train,1,session1/s43/sess01_subj43_EEG_MI.mat,9eb5a1323741e92a7ee13296ce745a1bbe8d43c8fdb1dc75883f350b598e5142,1228027,Lee2019_MI,Q15-E007,MU_BETA_SHARED,20260926,0.8566092252731323,0.1433907449245453,1
s43_1_offline_train_t076,43,1,offline_train,2,session1/s43/sess01_subj43_EEG_MI.mat,9eb5a1323741e92a7ee13296ce745a1bbe8d43c8fdb1dc75883f350b598e5142,1238893,Lee2019_MI,Q15-E007,MU_BETA_SHARED,20260926,0.7479360103607178,0.2520640194416046,1
s43_1_offline_train_t077,43,1,offline_train,1,session1/s43/sess01_subj43_EEG_MI.mat,9eb5a1323741e92a7ee13296ce745a1bbe8d43c8fdb1dc75883f350b598e5142,1249660,Lee2019_MI,Q15-E007,MU_BETA_SHARED,20260926,0.7680363059043884,0.23196370899677277,1
s43_1_offline_train_t078,43,1,offline_train,1,session1/s43/sess01_subj43_EEG_MI.mat,9eb5a1323741e92a7ee13296ce745a1bbe8d43c8fdb1dc75883f350b598e5142,1260443,Lee2019_MI,Q15-E007,MU_BETA_SHARED,20260926,0.5859673023223877,0.4140326678752899,1
s43_1_offline_train_t079,43,1,offline_train,2,session1/s43/sess01_subj43_EEG_MI.mat,9eb5a1323741e92a7ee13296ce745a1bbe8d43c8fdb1dc75883f350b598e5142,1271593,Lee2019_MI,Q15-E007,MU_BETA_SHARED,20260926,0.5877580642700195,0.41224193572998047,1
s43_1_offline_train_t080,43,1,offline_train,2,session1/s43/sess01_subj43_EEG_MI.mat,9eb5a1323741e92a7ee13296ce745a1bbe8d43c8fdb1dc75883f350b598e5142,1282641,Lee2019_MI,Q15-E007,MU_BETA_SHARED,20260926,0.9757415056228638,0.024258490651845932,1
s43_1_offline_train_t081,43,1,offline_train,2,session1/s43/sess01_subj43_EEG_MI.mat,9eb5a1323741e92a7ee13296ce745a1bbe8d43c8fdb1dc75883f350b598e5142,1293509,Lee2019_MI,Q15-E007,MU_BETA_SHARED,20260926,0.46084830164909363,0.5391517281532288,2
s43_1_offline_train_t082,43,1,offline_train,1,session1/s43/sess01_subj43_EEG_MI.mat,9eb5a1323741e92a7ee13296ce745a1bbe8d43c8fdb1dc75883f350b598e5142,1304925,Lee2019_MI,Q15-E007,MU_BETA_SHARED,20260926,0.9144289493560791,0.08557106554508209,1
s43_1_offline_train_t083,43,1,offline_train,2,session1/s43/sess01_subj43_EEG_MI.mat,9eb5a1323741e92a7ee13296ce745a1bbe8d43c8fdb1dc75883f350b598e5142,1316075,Lee2019_MI,Q15-E007,MU_BETA_SHARED,20260926,0.6538724303245544,0.34612756967544556,1
s43_1_offline_train_t084,43,1,offline_train,2,session1/s43/sess01_subj43_EEG_MI.mat,9eb5a1323741e92a7ee13296ce745a1bbe8d43c8fdb1dc75883f350b598e5142,1327225,Lee2019_MI,Q15-E007,MU_BETA_SHARED,20260926,0.7607125043869019,0.23928748071193695,1
s43_1_offline_train_t085,43,1,offline_train,1,session1/s43/sess01_subj43_EEG_MI.mat,9eb5a1323741e92a7ee13296ce745a1bbe8d43c8fdb1dc75883f350b598e5142,1338741,Lee2019_MI,Q15-E007,MU_BETA_SHARED,20260926,0.9186052083969116,0.08139480650424957,1
s43_1_offline_train_t086,43,1,offline_train,2,session1/s43/sess01_subj43_EEG_MI.mat,9eb5a1323741e92a7ee13296ce745a1bbe8d43c8fdb1dc75883f350b598e5142,1349607,Lee2019_MI,Q15-E007,MU_BETA_SHARED,20260926,0.5967668294906616,0.40323320031166077,1
s43_1_offline_train_t087,43,1,offline_train,1,session1/s43/sess01_subj43_EEG_MI.mat,9eb5a1323741e92a7ee13296ce745a1bbe8d43c8fdb1dc75883f350b598e5142,1360940,Lee2019_MI,Q15-E007,MU_BETA_SHARED,20260926,0.826302707195282,0.1736973077058792,1
s43_1_offline_train_t088,43,1,offline_train,2,session1/s43/sess01_subj43_EEG_MI.mat,9eb5a1323741e92a7ee13296ce745a1bbe8d43c8fdb1dc75883f350b598e5142,1372274,Lee2019_MI,Q15-E007,MU_BETA_SHARED,20260926,0.7406895160675049,0.2593104839324951,1
s43_1_offline_train_t089,43,1,offline_train,2,session1/s43/sess01_subj43_EEG_MI.mat,9eb5a1323741e92a7ee13296ce745a1bbe8d43c8fdb1dc75883f350b598e5142,1383223,Lee2019_MI,Q15-E007,MU_BETA_SHARED,20260926,0.7624633312225342,0.23753668367862701,1
s43_1_offline_train_t090,43,1,offline_train,2,session1/s43/sess01_subj43_EEG_MI.mat,9eb5a1323741e92a7ee13296ce745a1bbe8d43c8fdb1dc75883f350b598e5142,1394373,Lee2019_MI,Q15-E007,MU_BETA_SHARED,20260926,0.6610300540924072,0.33896997570991516,1
s43_1_offline_train_t091,43,1,offline_train,2,session1/s43/sess01_subj43_EEG_MI.mat,9eb5a1323741e92a7ee13296ce745a1bbe8d43c8fdb1dc75883f350b598e5142,1404956,Lee2019_MI,Q15-E007,MU_BETA_SHARED,20260926,0.2917966842651367,0.7082033753395081,2
s43_1_offline_train_t092,43,1,offline_train,2,session1/s43/sess01_subj43_EEG_MI.mat,9eb5a1323741e92a7ee13296ce745a1bbe8d43c8fdb1dc75883f350b598e5142,1415539,Lee2019_MI,Q15-E007,MU_BETA_SHARED,20260926,0.34389230608940125,0.6561076641082764,2
s43_1_offline_train_t093,43,1,offline_train,1,session1/s43/sess01_subj43_EEG_MI.mat,9eb5a1323741e92a7ee13296ce745a1bbe8d43c8fdb1dc75883f350b598e5142,1426605,Lee2019_MI,Q15-E007,MU_BETA_SHARED,20260926,0.9473986625671387,0.05260133370757103,1
s43_1_offline_train_t094,43,1,offline_train,2,session1/s43/sess01_subj43_EEG_MI.mat,9eb5a1323741e92a7ee13296ce745a1bbe8d43c8fdb1dc75883f350b598e5142,1437939,Lee2019_MI,Q15-E007,MU_BETA_SHARED,20260926,0.30913224816322327,0.6908677816390991,2
s43_1_offline_train_t095,43,1,offline_train,1,session1/s43/sess01_subj43_EEG_MI.mat,9eb5a1323741e92a7ee13296ce745a1bbe8d43c8fdb1dc75883f350b598e5142,1449455,Lee2019_MI,Q15-E007,MU_BETA_SHARED,20260926,0.6418206095695496,0.3581794202327728,1
s43_1_offline_train_t096,43,1,offline_train,1,session1/s43/sess01_subj43_EEG_MI.mat,9eb5a1323741e92a7ee13296ce745a1bbe8d43c8fdb1dc75883f350b598e5142,1460121,Lee2019_MI,Q15-E007,MU_BETA_SHARED,20260926,0.9150943756103516,0.08490562438964844,1
s43_1_offline_train_t097,43,1,offline_train,2,session1/s43/sess01_subj43_EEG_MI.mat,9eb5a1323741e92a7ee13296ce745a1bbe8d43c8fdb1dc75883f350b598e5142,1471271,Lee2019_MI,Q15-E007,MU_BETA_SHARED,20260926,0.8966707587242126,0.10332917422056198,1
s43_1_offline_train_t098,43,1,offline_train,1,session1/s43/sess01_subj43_EEG_MI.mat,9eb5a1323741e92a7ee13296ce745a1bbe8d43c8fdb1dc75883f350b598e5142,1482320,Lee2019_MI,Q15-E007,MU_BETA_SHARED,20260926,0.8242745995521545,0.17572544515132904,1
s43_1_offline_train_t099,43,1,offline_train,2,session1/s43/sess01_subj43_EEG_MI.mat,9eb5a1323741e92a7ee13296ce745a1bbe8d43c8fdb1dc75883f350b598e5142,1492921,Lee2019_MI,Q15-E007,MU_BETA_SHARED,20260926,0.595662534236908,0.40433743596076965,1
s43_1_offline_train_t100,43,1,offline_train,2,session1/s43/sess01_subj43_EEG_MI.mat,9eb5a1323741e92a7ee13296ce745a1bbe8d43c8fdb1dc75883f350b598e5142,1503787,Lee2019_MI,Q15-E007,MU_BETA_SHARED,20260926,0.6982500553131104,0.30174994468688965,1
s43_2_offline_train_t001,43,2,offline_train,1,session2/s43/sess02_subj43_EEG_MI.mat,923325040004bc97b06cc2711b8f849429f9474fa9d3ef03c62c4291b94b6a06,148500,Lee2019_MI,Q15-E007,MU_BETA_SHARED,20260926,0.3788670003414154,0.621133029460907,2
s43_2_offline_train_t002,43,2,offline_train,2,session2/s43/sess02_subj43_EEG_MI.mat,923325040004bc97b06cc2711b8f849429f9474fa9d3ef03c62c4291b94b6a06,160035,Lee2019_MI,Q15-E007,MU_BETA_SHARED,20260926,0.8248777985572815,0.1751222014427185,1
s43_2_offline_train_t003,43,2,offline_train,1,session2/s43/sess02_subj43_EEG_MI.mat,923325040004bc97b06cc2711b8f849429f9474fa9d3ef03c62c4291b94b6a06,170718,Lee2019_MI,Q15-E007,MU_BETA_SHARED,20260926,0.8077333569526672,0.19226661324501038,1
s43_2_offline_train_t004,43,2,offline_train,1,session2/s43/sess02_subj43_EEG_MI.mat,923325040004bc97b06cc2711b8f849429f9474fa9d3ef03c62c4291b94b6a06,182234,Lee2019_MI,Q15-E007,MU_BETA_SHARED,20260926,0.7932252287864685,0.20677480101585388,1
s43_2_offline_train_t005,43,2,offline_train,2,session2/s43/sess02_subj43_EEG_MI.mat,923325040004bc97b06cc2711b8f849429f9474fa9d3ef03c62c4291b94b6a06,193384,Lee2019_MI,Q15-E007,MU_BETA_SHARED,20260926,0.553453803062439,0.44654619693756104,1
s43_2_offline_train_t006,43,2,offline_train,2,session2/s43/sess02_subj43_EEG_MI.mat,923325040004bc97b06cc2711b8f849429f9474fa9d3ef03c62c4291b94b6a06,204067,Lee2019_MI,Q15-E007,MU_BETA_SHARED,20260926,0.7716288566589355,0.22837112843990326,1
s43_2_offline_train_t007,43,2,offline_train,1,session2/s43/sess02_subj43_EEG_MI.mat,923325040004bc97b06cc2711b8f849429f9474fa9d3ef03c62c4291b94b6a06,214933,Lee2019_MI,Q15-E007,MU_BETA_SHARED,20260926,0.9494450092315674,0.05055491253733635,1
s43_2_offline_train_t008,43,2,offline_train,2,session2/s43/sess02_subj43_EEG_MI.mat,923325040004bc97b06cc2711b8f849429f9474fa9d3ef03c62c4291b94b6a06,226067,Lee2019_MI,Q15-E007,MU_BETA_SHARED,20260926,0.7367388606071472,0.2632611393928528,1
s43_2_offline_train_t009,43,2,offline_train,1,session2/s43/sess02_subj43_EEG_MI.mat,923325040004bc97b06cc2711b8f849429f9474fa9d3ef03c62c4291b94b6a06,237583,Lee2019_MI,Q15-E007,MU_BETA_SHARED,20260926,0.9307863712310791,0.06921365857124329,1
s43_2_offline_train_t010,43,2,offline_train,1,session2/s43/sess02_subj43_EEG_MI.mat,923325040004bc97b06cc2711b8f849429f9474fa9d3ef03c62c4291b94b6a06,249100,Lee2019_MI,Q15-E007,MU_BETA_SHARED,20260926,0.8044339418411255,0.1955660730600357,1
s43_2_offline_train_t011,43,2,offline_train,2,session2/s43/sess02_subj43_EEG_MI.mat,923325040004bc97b06cc2711b8f849429f9474fa9d3ef03c62c4291b94b6a06,259783,Lee2019_MI,Q15-E007,MU_BETA_SHARED,20260926,0.937623918056488,0.06237609311938286,1
s43_2_offline_train_t012,43,2,offline_train,2,session2/s43/sess02_subj43_EEG_MI.mat,923325040004bc97b06cc2711b8f849429f9474fa9d3ef03c62c4291b94b6a06,271299,Lee2019_MI,Q15-E007,MU_BETA_SHARED,20260926,0.6065225005149841,0.39347752928733826,1
s43_2_offline_train_t013,43,2,offline_train,1,session2/s43/sess02_subj43_EEG_MI.mat,923325040004bc97b06cc2711b8f849429f9474fa9d3ef03c62c4291b94b6a06,282816,Lee2019_MI,Q15-E007,MU_BETA_SHARED,20260926,0.8939524292945862,0.10604755580425262,1
s43_2_offline_train_t014,43,2,offline_train,1,session2/s43/sess02_subj43_EEG_MI.mat,923325040004bc97b06cc2711b8f849429f9474fa9d3ef03c62c4291b94b6a06,293865,Lee2019_MI,Q15-E007,MU_BETA_SHARED,20260926,0.7181296944618225,0.2818703055381775,1
s43_2_offline_train_t015,43,2,offline_train,2,session2/s43/sess02_subj43_EEG_MI.mat,923325040004bc97b06cc2711b8f849429f9474fa9d3ef03c62c4291b94b6a06,305198,Lee2019_MI,Q15-E007,MU_BETA_SHARED,20260926,0.8575690984725952,0.1424308717250824,1
s43_2_offline_train_t016,43,2,offline_train,1,session2/s43/sess02_subj43_EEG_MI.mat,923325040004bc97b06cc2711b8f849429f9474fa9d3ef03c62c4291b94b6a06,315881,Lee2019_MI,Q15-E007,MU_BETA_SHARED,20260926,0.8971198797225952,0.10288014262914658,1
s43_2_offline_train_t017,43,2,offline_train,1,session2/s43/sess02_subj43_EEG_MI.mat,923325040004bc97b06cc2711b8f849429f9474fa9d3ef03c62c4291b94b6a06,326848,Lee2019_MI,Q15-E007,MU_BETA_SHARED,20260926,0.860059916973114,0.1399400532245636,1
s43_2_offline_train_t018,43,2,offline_train,1,session2/s43/sess02_subj43_EEG_MI.mat,923325040004bc97b06cc2711b8f849429f9474fa9d3ef03c62c4291b94b6a06,338264,Lee2019_MI,Q15-E007,MU_BETA_SHARED,20260926,0.9707888960838318,0.02921115979552269,1
s43_2_offline_train_t019,43,2,offline_train,1,session2/s43/sess02_subj43_EEG_MI.mat,923325040004bc97b06cc2711b8f849429f9474fa9d3ef03c62c4291b94b6a06,349597,Lee2019_MI,Q15-E007,MU_BETA_SHARED,20260926,0.8650614619255066,0.1349385678768158,1
s43_2_offline_train_t020,43,2,offline_train,2,session2/s43/sess02_subj43_EEG_MI.mat,923325040004bc97b06cc2711b8f849429f9474fa9d3ef03c62c4291b94b6a06,361114,Lee2019_MI,Q15-E007,MU_BETA_SHARED,20260926,0.7545521259307861,0.24544782936573029,1
s43_2_offline_train_t021,43,2,offline_train,2,session2/s43/sess02_subj43_EEG_MI.mat,923325040004bc97b06cc2711b8f849429f9474fa9d3ef03c62c4291b94b6a06,372346,Lee2019_MI,Q15-E007,MU_BETA_SHARED,20260926,0.8661197423934937,0.13388024270534515,1
s43_2_offline_train_t022,43,2,offline_train,1,session2/s43/sess02_subj43_EEG_MI.mat,923325040004bc97b06cc2711b8f849429f9474fa9d3ef03c62c4291b94b6a06,382947,Lee2019_MI,Q15-E007,MU_BETA_SHARED,20260926,0.921625018119812,0.0783749595284462,1
s43_2_offline_train_t023,43,2,offline_train,2,session2/s43/sess02_subj43_EEG_MI.mat,923325040004bc97b06cc2711b8f849429f9474fa9d3ef03c62c4291b94b6a06,394362,Lee2019_MI,Q15-E007,MU_BETA_SHARED,20260926,0.4672461450099945,0.5327538847923279,2
s43_2_offline_train_t024,43,2,offline_train,2,session2/s43/sess02_subj43_EEG_MI.mat,923325040004bc97b06cc2711b8f849429f9474fa9d3ef03c62c4291b94b6a06,405878,Lee2019_MI,Q15-E007,MU_BETA_SHARED,20260926,0.38098862767219543,0.6190113425254822,2
s43_2_offline_train_t025,43,2,offline_train,2,session2/s43/sess02_subj43_EEG_MI.mat,923325040004bc97b06cc2711b8f849429f9474fa9d3ef03c62c4291b94b6a06,417129,Lee2019_MI,Q15-E007,MU_BETA_SHARED,20260926,0.5794862508773804,0.42051371932029724,1
s43_2_offline_train_t026,43,2,offline_train,1,session2/s43/sess02_subj43_EEG_MI.mat,923325040004bc97b06cc2711b8f849429f9474fa9d3ef03c62c4291b94b6a06,428446,Lee2019_MI,Q15-E007,MU_BETA_SHARED,20260926,0.8562513589859009,0.14374862611293793,1
s43_2_offline_train_t027,43,2,offline_train,2,session2/s43/sess02_subj43_EEG_MI.mat,923325040004bc97b06cc2711b8f849429f9474fa9d3ef03c62c4291b94b6a06,439695,Lee2019_MI,Q15-E007,MU_BETA_SHARED,20260926,0.7418243288993835,0.25817567110061646,1
s43_2_offline_train_t028,43,2,offline_train,1,session2/s43/sess02_subj43_EEG_MI.mat,923325040004bc97b06cc2711b8f849429f9474fa9d3ef03c62c4291b94b6a06,450645,Lee2019_MI,Q15-E007,MU_BETA_SHARED,20260926,0.9056386351585388,0.09436143934726715,1
s43_2_offline_train_t029,43,2,offline_train,1,session2/s43/sess02_subj43_EEG_MI.mat,923325040004bc97b06cc2711b8f849429f9474fa9d3ef03c62c4291b94b6a06,461895,Lee2019_MI,Q15-E007,MU_BETA_SHARED,20260926,0.8090776801109314,0.190922349691391,1
s43_2_offline_train_t030,43,2,offline_train,2,session2/s43/sess02_subj43_EEG_MI.mat,923325040004bc97b06cc2711b8f849429f9474fa9d3ef03c62c4291b94b6a06,472661,Lee2019_MI,Q15-E007,MU_BETA_SHARED,20260926,0.07655354589223862,0.9234464764595032,2
s43_2_offline_train_t031,43,2,offline_train,1,session2/s43/sess02_subj43_EEG_MI.mat,923325040004bc97b06cc2711b8f849429f9474fa9d3ef03c62c4291b94b6a06,483895,Lee2019_MI,Q15-E007,MU_BETA_SHARED,20260926,0.5622470378875732,0.43775293231010437,1
s43_2_offline_train_t032,43,2,offline_train,2,session2/s43/sess02_subj43_EEG_MI.mat,923325040004bc97b06cc2711b8f849429f9474fa9d3ef03c62c4291b94b6a06,494494,Lee2019_MI,Q15-E007,MU_BETA_SHARED,20260926,0.8313132524490356,0.16868680715560913,1
s43_2_offline_train_t033,43,2,offline_train,1,session2/s43/sess02_subj43_EEG_MI.mat,923325040004bc97b06cc2711b8f849429f9474fa9d3ef03c62c4291b94b6a06,505361,Lee2019_MI,Q15-E007,MU_BETA_SHARED,20260926,0.9414353370666504,0.05856463685631752,1
s43_2_offline_train_t034,43,2,offline_train,2,session2/s43/sess02_subj43_EEG_MI.mat,923325040004bc97b06cc2711b8f849429f9474fa9d3ef03c62c4291b94b6a06,515944,Lee2019_MI,Q15-E007,MU_BETA_SHARED,20260926,0.6812136173248291,0.3187864124774933,1
s43_2_offline_train_t035,43,2,offline_train,2,session2/s43/sess02_subj43_EEG_MI.mat,923325040004bc97b06cc2711b8f849429f9474fa9d3ef03c62c4291b94b6a06,526627,Lee2019_MI,Q15-E007,MU_BETA_SHARED,20260926,0.5399829745292664,0.46001702547073364,1
s43_2_offline_train_t036,43,2,offline_train,1,session2/s43/sess02_subj43_EEG_MI.mat,923325040004bc97b06cc2711b8f849429f9474fa9d3ef03c62c4291b94b6a06,537959,Lee2019_MI,Q15-E007,MU_BETA_SHARED,20260926,0.8526783585548401,0.14732159674167633,1
s43_2_offline_train_t037,43,2,offline_train,1,session2/s43/sess02_subj43_EEG_MI.mat,923325040004bc97b06cc2711b8f849429f9474fa9d3ef03c62c4291b94b6a06,549193,Lee2019_MI,Q15-E007,MU_BETA_SHARED,20260926,0.8918301463127136,0.10816986858844757,1
s43_2_offline_train_t038,43,2,offline_train,2,session2/s43/sess02_subj43_EEG_MI.mat,923325040004bc97b06cc2711b8f849429f9474fa9d3ef03c62c4291b94b6a06,560060,Lee2019_MI,Q15-E007,MU_BETA_SHARED,20260926,0.7846617102622986,0.21533824503421783,1
s43_2_offline_train_t039,43,2,offline_train,1,session2/s43/sess02_subj43_EEG_MI.mat,923325040004bc97b06cc2711b8f849429f9474fa9d3ef03c62c4291b94b6a06,571576,Lee2019_MI,Q15-E007,MU_BETA_SHARED,20260926,0.9243335723876953,0.0756664052605629,1
s43_2_offline_train_t040,43,2,offline_train,1,session2/s43/sess02_subj43_EEG_MI.mat,923325040004bc97b06cc2711b8f849429f9474fa9d3ef03c62c4291b94b6a06,582159,Lee2019_MI,Q15-E007,MU_BETA_SHARED,20260926,0.7218149304389954,0.27818503975868225,1
s43_2_offline_train_t041,43,2,offline_train,1,session2/s43/sess02_subj43_EEG_MI.mat,923325040004bc97b06cc2711b8f849429f9474fa9d3ef03c62c4291b94b6a06,593125,Lee2019_MI,Q15-E007,MU_BETA_SHARED,20260926,0.9442322254180908,0.055767759680747986,1
s43_2_offline_train_t042,43,2,offline_train,1,session2/s43/sess02_subj43_EEG_MI.mat,923325040004bc97b06cc2711b8f849429f9474fa9d3ef03c62c4291b94b6a06,604092,Lee2019_MI,Q15-E007,MU_BETA_SHARED,20260926,0.9614136219024658,0.038586389273405075,1
s43_2_offline_train_t043,43,2,offline_train,2,session2/s43/sess02_subj43_EEG_MI.mat,923325040004bc97b06cc2711b8f849429f9474fa9d3ef03c62c4291b94b6a06,615408,Lee2019_MI,Q15-E007,MU_BETA_SHARED,20260926,0.45187610387802124,0.5481238961219788,2
s43_2_offline_train_t044,43,2,offline_train,1,session2/s43/sess02_subj43_EEG_MI.mat,923325040004bc97b06cc2711b8f849429f9474fa9d3ef03c62c4291b94b6a06,626741,Lee2019_MI,Q15-E007,MU_BETA_SHARED,20260926,0.5631406903266907,0.43685927987098694,1
s43_2_offline_train_t045,43,2,offline_train,2,session2/s43/sess02_subj43_EEG_MI.mat,923325040004bc97b06cc2711b8f849429f9474fa9d3ef03c62c4291b94b6a06,637524,Lee2019_MI,Q15-E007,MU_BETA_SHARED,20260926,0.8085328936576843,0.19146713614463806,1
s43_2_offline_train_t046,43,2,offline_train,1,session2/s43/sess02_subj43_EEG_MI.mat,923325040004bc97b06cc2711b8f849429f9474fa9d3ef03c62c4291b94b6a06,648574,Lee2019_MI,Q15-E007,MU_BETA_SHARED,20260926,0.9511477947235107,0.048852209001779556,1
s43_2_offline_train_t047,43,2,offline_train,1,session2/s43/sess02_subj43_EEG_MI.mat,923325040004bc97b06cc2711b8f849429f9474fa9d3ef03c62c4291b94b6a06,659541,Lee2019_MI,Q15-E007,MU_BETA_SHARED,20260926,0.8668005466461182,0.13319948315620422,1
s43_2_offline_train_t048,43,2,offline_train,1,session2/s43/sess02_subj43_EEG_MI.mat,923325040004bc97b06cc2711b8f849429f9474fa9d3ef03c62c4291b94b6a06,670774,Lee2019_MI,Q15-E007,MU_BETA_SHARED,20260926,0.8886171579360962,0.11138291656970978,1
s43_2_offline_train_t049,43,2,offline_train,2,session2/s43/sess02_subj43_EEG_MI.mat,923325040004bc97b06cc2711b8f849429f9474fa9d3ef03c62c4291b94b6a06,682007,Lee2019_MI,Q15-E007,MU_BETA_SHARED,20260926,0.8318629860877991,0.16813702881336212,1
s43_2_offline_train_t050,43,2,offline_train,1,session2/s43/sess02_subj43_EEG_MI.mat,923325040004bc97b06cc2711b8f849429f9474fa9d3ef03c62c4291b94b6a06,706156,Lee2019_MI,Q15-E007,MU_BETA_SHARED,20260926,0.7178910970687866,0.2821089029312134,1
s43_2_offline_train_t051,43,2,offline_train,1,session2/s43/sess02_subj43_EEG_MI.mat,923325040004bc97b06cc2711b8f849429f9474fa9d3ef03c62c4291b94b6a06,717023,Lee2019_MI,Q15-E007,MU_BETA_SHARED,20260926,0.903462827205658,0.09653721004724503,1
s43_2_offline_train_t052,43,2,offline_train,1,session2/s43/sess02_subj43_EEG_MI.mat,923325040004bc97b06cc2711b8f849429f9474fa9d3ef03c62c4291b94b6a06,728256,Lee2019_MI,Q15-E007,MU_BETA_SHARED,20260926,0.6851233243942261,0.3148766756057739,1
s43_2_offline_train_t053,43,2,offline_train,1,session2/s43/sess02_subj43_EEG_MI.mat,923325040004bc97b06cc2711b8f849429f9474fa9d3ef03c62c4291b94b6a06,739506,Lee2019_MI,Q15-E007,MU_BETA_SHARED,20260926,0.9486538171768188,0.05134613439440727,1
s43_2_offline_train_t054,43,2,offline_train,2,session2/s43/sess02_subj43_EEG_MI.mat,923325040004bc97b06cc2711b8f849429f9474fa9d3ef03c62c4291b94b6a06,750189,Lee2019_MI,Q15-E007,MU_BETA_SHARED,20260926,0.3705440163612366,0.6294559836387634,2
s43_2_offline_train_t055,43,2,offline_train,1,session2/s43/sess02_subj43_EEG_MI.mat,923325040004bc97b06cc2711b8f849429f9474fa9d3ef03c62c4291b94b6a06,760855,Lee2019_MI,Q15-E007,MU_BETA_SHARED,20260926,0.9345431327819824,0.0654568076133728,1
s43_2_offline_train_t056,43,2,offline_train,1,session2/s43/sess02_subj43_EEG_MI.mat,923325040004bc97b06cc2711b8f849429f9474fa9d3ef03c62c4291b94b6a06,771920,Lee2019_MI,Q15-E007,MU_BETA_SHARED,20260926,0.7762832045555115,0.22371678054332733,1
s43_2_offline_train_t057,43,2,offline_train,2,session2/s43/sess02_subj43_EEG_MI.mat,923325040004bc97b06cc2711b8f849429f9474fa9d3ef03c62c4291b94b6a06,783438,Lee2019_MI,Q15-E007,MU_BETA_SHARED,20260926,0.7008900046348572,0.2991100549697876,1
s43_2_offline_train_t058,43,2,offline_train,2,session2/s43/sess02_subj43_EEG_MI.mat,923325040004bc97b06cc2711b8f849429f9474fa9d3ef03c62c4291b94b6a06,794304,Lee2019_MI,Q15-E007,MU_BETA_SHARED,20260926,0.5232376456260681,0.4767623245716095,1
s43_2_offline_train_t059,43,2,offline_train,1,session2/s43/sess02_subj43_EEG_MI.mat,923325040004bc97b06cc2711b8f849429f9474fa9d3ef03c62c4291b94b6a06,805437,Lee2019_MI,Q15-E007,MU_BETA_SHARED,20260926,0.832911491394043,0.16708853840827942,1
s43_2_offline_train_t060,43,2,offline_train,1,session2/s43/sess02_subj43_EEG_MI.mat,923325040004bc97b06cc2711b8f849429f9474fa9d3ef03c62c4291b94b6a06,816220,Lee2019_MI,Q15-E007,MU_BETA_SHARED,20260926,0.8241042494773865,0.17589575052261353,1
s43_2_offline_train_t061,43,2,offline_train,2,session2/s43/sess02_subj43_EEG_MI.mat,923325040004bc97b06cc2711b8f849429f9474fa9d3ef03c62c4291b94b6a06,827553,Lee2019_MI,Q15-E007,MU_BETA_SHARED,20260926,0.74287348985672,0.2571265399456024,1
s43_2_offline_train_t062,43,2,offline_train,2,session2/s43/sess02_subj43_EEG_MI.mat,923325040004bc97b06cc2711b8f849429f9474fa9d3ef03c62c4291b94b6a06,838320,Lee2019_MI,Q15-E007,MU_BETA_SHARED,20260926,0.8123707175254822,0.18762925267219543,1
s43_2_offline_train_t063,43,2,offline_train,1,session2/s43/sess02_subj43_EEG_MI.mat,923325040004bc97b06cc2711b8f849429f9474fa9d3ef03c62c4291b94b6a06,849369,Lee2019_MI,Q15-E007,MU_BETA_SHARED,20260926,0.88560551404953,0.11439446359872818,1
s43_2_offline_train_t064,43,2,offline_train,2,session2/s43/sess02_subj43_EEG_MI.mat,923325040004bc97b06cc2711b8f849429f9474fa9d3ef03c62c4291b94b6a06,860619,Lee2019_MI,Q15-E007,MU_BETA_SHARED,20260926,0.9188725352287292,0.08112745732069016,1
s43_2_offline_train_t065,43,2,offline_train,2,session2/s43/sess02_subj43_EEG_MI.mat,923325040004bc97b06cc2711b8f849429f9474fa9d3ef03c62c4291b94b6a06,872036,Lee2019_MI,Q15-E007,MU_BETA_SHARED,20260926,0.808387815952301,0.19161222875118256,1
s43_2_offline_train_t066,43,2,offline_train,2,session2/s43/sess02_subj43_EEG_MI.mat,923325040004bc97b06cc2711b8f849429f9474fa9d3ef03c62c4291b94b6a06,883552,Lee2019_MI,Q15-E007,MU_BETA_SHARED,20260926,0.7102643251419067,0.28973570466041565,1
s43_2_offline_train_t067,43,2,offline_train,2,session2/s43/sess02_subj43_EEG_MI.mat,923325040004bc97b06cc2711b8f849429f9474fa9d3ef03c62c4291b94b6a06,894702,Lee2019_MI,Q15-E007,MU_BETA_SHARED,20260926,0.9254466891288757,0.07455325126647949,1
s43_2_offline_train_t068,43,2,offline_train,1,session2/s43/sess02_subj43_EEG_MI.mat,923325040004bc97b06cc2711b8f849429f9474fa9d3ef03c62c4291b94b6a06,905385,Lee2019_MI,Q15-E007,MU_BETA_SHARED,20260926,0.42726534605026245,0.5727347135543823,2
s43_2_offline_train_t069,43,2,offline_train,1,session2/s43/sess02_subj43_EEG_MI.mat,923325040004bc97b06cc2711b8f849429f9474fa9d3ef03c62c4291b94b6a06,916069,Lee2019_MI,Q15-E007,MU_BETA_SHARED,20260926,0.9156520366668701,0.08434794098138809,1
s43_2_offline_train_t070,43,2,offline_train,2,session2/s43/sess02_subj43_EEG_MI.mat,923325040004bc97b06cc2711b8f849429f9474fa9d3ef03c62c4291b94b6a06,926834,Lee2019_MI,Q15-E007,MU_BETA_SHARED,20260926,0.35929661989212036,0.6407033801078796,2
s43_2_offline_train_t071,43,2,offline_train,1,session2/s43/sess02_subj43_EEG_MI.mat,923325040004bc97b06cc2711b8f849429f9474fa9d3ef03c62c4291b94b6a06,938268,Lee2019_MI,Q15-E007,MU_BETA_SHARED,20260926,0.960324227809906,0.03967580199241638,1
s43_2_offline_train_t072,43,2,offline_train,2,session2/s43/sess02_subj43_EEG_MI.mat,923325040004bc97b06cc2711b8f849429f9474fa9d3ef03c62c4291b94b6a06,949034,Lee2019_MI,Q15-E007,MU_BETA_SHARED,20260926,0.7845198512077332,0.21548016369342804,1
s43_2_offline_train_t073,43,2,offline_train,2,session2/s43/sess02_subj43_EEG_MI.mat,923325040004bc97b06cc2711b8f849429f9474fa9d3ef03c62c4291b94b6a06,960368,Lee2019_MI,Q15-E007,MU_BETA_SHARED,20260926,0.7382252216339111,0.26177480816841125,1
s43_2_offline_train_t074,43,2,offline_train,2,session2/s43/sess02_subj43_EEG_MI.mat,923325040004bc97b06cc2711b8f849429f9474fa9d3ef03c62c4291b94b6a06,971134,Lee2019_MI,Q15-E007,MU_BETA_SHARED,20260926,0.8388318419456482,0.1611681431531906,1
s43_2_offline_train_t075,43,2,offline_train,1,session2/s43/sess02_subj43_EEG_MI.mat,923325040004bc97b06cc2711b8f849429f9474fa9d3ef03c62c4291b94b6a06,982650,Lee2019_MI,Q15-E007,MU_BETA_SHARED,20260926,0.8499252796173096,0.15007472038269043,1
s43_2_offline_train_t076,43,2,offline_train,2,session2/s43/sess02_subj43_EEG_MI.mat,923325040004bc97b06cc2711b8f849429f9474fa9d3ef03c62c4291b94b6a06,993517,Lee2019_MI,Q15-E007,MU_BETA_SHARED,20260926,0.7730816006660461,0.22691835463047028,1
s43_2_offline_train_t077,43,2,offline_train,1,session2/s43/sess02_subj43_EEG_MI.mat,923325040004bc97b06cc2711b8f849429f9474fa9d3ef03c62c4291b94b6a06,1004300,Lee2019_MI,Q15-E007,MU_BETA_SHARED,20260926,0.9442511200904846,0.05574892461299896,1
s43_2_offline_train_t078,43,2,offline_train,1,session2/s43/sess02_subj43_EEG_MI.mat,923325040004bc97b06cc2711b8f849429f9474fa9d3ef03c62c4291b94b6a06,1015067,Lee2019_MI,Q15-E007,MU_BETA_SHARED,20260926,0.7456262111663818,0.2543737590312958,1
s43_2_offline_train_t079,43,2,offline_train,2,session2/s43/sess02_subj43_EEG_MI.mat,923325040004bc97b06cc2711b8f849429f9474fa9d3ef03c62c4291b94b6a06,1026216,Lee2019_MI,Q15-E007,MU_BETA_SHARED,20260926,0.6593036651611328,0.3406963050365448,1
s43_2_offline_train_t080,43,2,offline_train,2,session2/s43/sess02_subj43_EEG_MI.mat,923325040004bc97b06cc2711b8f849429f9474fa9d3ef03c62c4291b94b6a06,1037266,Lee2019_MI,Q15-E007,MU_BETA_SHARED,20260926,0.8148447871208191,0.18515518307685852,1
s43_2_offline_train_t081,43,2,offline_train,2,session2/s43/sess02_subj43_EEG_MI.mat,923325040004bc97b06cc2711b8f849429f9474fa9d3ef03c62c4291b94b6a06,1048132,Lee2019_MI,Q15-E007,MU_BETA_SHARED,20260926,0.7533808350563049,0.2466191202402115,1
s43_2_offline_train_t082,43,2,offline_train,1,session2/s43/sess02_subj43_EEG_MI.mat,923325040004bc97b06cc2711b8f849429f9474fa9d3ef03c62c4291b94b6a06,1059565,Lee2019_MI,Q15-E007,MU_BETA_SHARED,20260926,0.944851279258728,0.05514875054359436,1
s43_2_offline_train_t083,43,2,offline_train,2,session2/s43/sess02_subj43_EEG_MI.mat,923325040004bc97b06cc2711b8f849429f9474fa9d3ef03c62c4291b94b6a06,1070699,Lee2019_MI,Q15-E007,MU_BETA_SHARED,20260926,0.6267508864402771,0.3732491731643677,1
s43_2_offline_train_t084,43,2,offline_train,2,session2/s43/sess02_subj43_EEG_MI.mat,923325040004bc97b06cc2711b8f849429f9474fa9d3ef03c62c4291b94b6a06,1081765,Lee2019_MI,Q15-E007,MU_BETA_SHARED,20260926,0.9339553117752075,0.06604468822479248,1
s43_2_offline_train_t085,43,2,offline_train,1,session2/s43/sess02_subj43_EEG_MI.mat,923325040004bc97b06cc2711b8f849429f9474fa9d3ef03c62c4291b94b6a06,1093282,Lee2019_MI,Q15-E007,MU_BETA_SHARED,20260926,0.9548643231391907,0.0451357401907444,1
s43_2_offline_train_t086,43,2,offline_train,2,session2/s43/sess02_subj43_EEG_MI.mat,923325040004bc97b06cc2711b8f849429f9474fa9d3ef03c62c4291b94b6a06,1104148,Lee2019_MI,Q15-E007,MU_BETA_SHARED,20260926,0.9373085498809814,0.06269146502017975,1
s43_2_offline_train_t087,43,2,offline_train,1,session2/s43/sess02_subj43_EEG_MI.mat,923325040004bc97b06cc2711b8f849429f9474fa9d3ef03c62c4291b94b6a06,1115464,Lee2019_MI,Q15-E007,MU_BETA_SHARED,20260926,0.7797255516052246,0.220274418592453,1
s43_2_offline_train_t088,43,2,offline_train,2,session2/s43/sess02_subj43_EEG_MI.mat,923325040004bc97b06cc2711b8f849429f9474fa9d3ef03c62c4291b94b6a06,1126797,Lee2019_MI,Q15-E007,MU_BETA_SHARED,20260926,0.9169486165046692,0.08305136114358902,1
s43_2_offline_train_t089,43,2,offline_train,2,session2/s43/sess02_subj43_EEG_MI.mat,923325040004bc97b06cc2711b8f849429f9474fa9d3ef03c62c4291b94b6a06,1137764,Lee2019_MI,Q15-E007,MU_BETA_SHARED,20260926,0.8347187638282776,0.1652812361717224,1
s43_2_offline_train_t090,43,2,offline_train,2,session2/s43/sess02_subj43_EEG_MI.mat,923325040004bc97b06cc2711b8f849429f9474fa9d3ef03c62c4291b94b6a06,1148914,Lee2019_MI,Q15-E007,MU_BETA_SHARED,20260926,0.7044304013252258,0.2955695688724518,1
s43_2_offline_train_t091,43,2,offline_train,2,session2/s43/sess02_subj43_EEG_MI.mat,923325040004bc97b06cc2711b8f849429f9474fa9d3ef03c62c4291b94b6a06,1159497,Lee2019_MI,Q15-E007,MU_BETA_SHARED,20260926,0.6417319774627686,0.35826802253723145,1
s43_2_offline_train_t092,43,2,offline_train,2,session2/s43/sess02_subj43_EEG_MI.mat,923325040004bc97b06cc2711b8f849429f9474fa9d3ef03c62c4291b94b6a06,1170079,Lee2019_MI,Q15-E007,MU_BETA_SHARED,20260926,0.786791980266571,0.21320794522762299,1
s43_2_offline_train_t093,43,2,offline_train,1,session2/s43/sess02_subj43_EEG_MI.mat,923325040004bc97b06cc2711b8f849429f9474fa9d3ef03c62c4291b94b6a06,1181129,Lee2019_MI,Q15-E007,MU_BETA_SHARED,20260926,0.9657087922096252,0.03429127857089043,1
s43_2_offline_train_t094,43,2,offline_train,2,session2/s43/sess02_subj43_EEG_MI.mat,923325040004bc97b06cc2711b8f849429f9474fa9d3ef03c62c4291b94b6a06,1192462,Lee2019_MI,Q15-E007,MU_BETA_SHARED,20260926,0.621472954750061,0.3785270154476166,1
s43_2_offline_train_t095,43,2,offline_train,1,session2/s43/sess02_subj43_EEG_MI.mat,923325040004bc97b06cc2711b8f849429f9474fa9d3ef03c62c4291b94b6a06,1203979,Lee2019_MI,Q15-E007,MU_BETA_SHARED,20260926,0.7601926326751709,0.2398073822259903,1
s43_2_offline_train_t096,43,2,offline_train,1,session2/s43/sess02_subj43_EEG_MI.mat,923325040004bc97b06cc2711b8f849429f9474fa9d3ef03c62c4291b94b6a06,1214662,Lee2019_MI,Q15-E007,MU_BETA_SHARED,20260926,0.7392085194587708,0.26079148054122925,1
s43_2_offline_train_t097,43,2,offline_train,2,session2/s43/sess02_subj43_EEG_MI.mat,923325040004bc97b06cc2711b8f849429f9474fa9d3ef03c62c4291b94b6a06,1225812,Lee2019_MI,Q15-E007,MU_BETA_SHARED,20260926,0.5567882061004639,0.44321176409721375,1
s43_2_offline_train_t098,43,2,offline_train,1,session2/s43/sess02_subj43_EEG_MI.mat,923325040004bc97b06cc2711b8f849429f9474fa9d3ef03c62c4291b94b6a06,1236861,Lee2019_MI,Q15-E007,MU_BETA_SHARED,20260926,0.908745288848877,0.09125471860170364,1
s43_2_offline_train_t099,43,2,offline_train,2,session2/s43/sess02_subj43_EEG_MI.mat,923325040004bc97b06cc2711b8f849429f9474fa9d3ef03c62c4291b94b6a06,1247445,Lee2019_MI,Q15-E007,MU_BETA_SHARED,20260926,0.9083370566368103,0.0916629433631897,1
s43_2_offline_train_t100,43,2,offline_train,2,session2/s43/sess02_subj43_EEG_MI.mat,923325040004bc97b06cc2711b8f849429f9474fa9d3ef03c62c4291b94b6a06,1258311,Lee2019_MI,Q15-E007,MU_BETA_SHARED,20260926,0.781683087348938,0.218316912651062,1
s43_1_offline_train_t001,43,1,offline_train,1,session1/s43/sess01_subj43_EEG_MI.mat,9eb5a1323741e92a7ee13296ce745a1bbe8d43c8fdb1dc75883f350b598e5142,296832,Lee2019_MI,Q15-E007,CSP4_LDA,deterministic,0.825153707015781,0.17484629298421905,1
s43_1_offline_train_t002,43,1,offline_train,2,session1/s43/sess01_subj43_EEG_MI.mat,9eb5a1323741e92a7ee13296ce745a1bbe8d43c8fdb1dc75883f350b598e5142,308248,Lee2019_MI,Q15-E007,CSP4_LDA,deterministic,0.6977528501127144,0.3022471498872857,1
s43_1_offline_train_t003,43,1,offline_train,1,session1/s43/sess01_subj43_EEG_MI.mat,9eb5a1323741e92a7ee13296ce745a1bbe8d43c8fdb1dc75883f350b598e5142,318931,Lee2019_MI,Q15-E007,CSP4_LDA,deterministic,0.7940607686698349,0.20593923133016506,1
s43_1_offline_train_t004,43,1,offline_train,1,session1/s43/sess01_subj43_EEG_MI.mat,9eb5a1323741e92a7ee13296ce745a1bbe8d43c8fdb1dc75883f350b598e5142,330364,Lee2019_MI,Q15-E007,CSP4_LDA,deterministic,0.6451987502998879,0.35480124970011206,1
s43_1_offline_train_t005,43,1,offline_train,2,session1/s43/sess01_subj43_EEG_MI.mat,9eb5a1323741e92a7ee13296ce745a1bbe8d43c8fdb1dc75883f350b598e5142,341497,Lee2019_MI,Q15-E007,CSP4_LDA,deterministic,0.6493284568510769,0.35067154314892307,1
s43_1_offline_train_t006,43,1,offline_train,2,session1/s43/sess01_subj43_EEG_MI.mat,9eb5a1323741e92a7ee13296ce745a1bbe8d43c8fdb1dc75883f350b598e5142,352181,Lee2019_MI,Q15-E007,CSP4_LDA,deterministic,0.7702526970634416,0.22974730293655848,1
s43_1_offline_train_t007,43,1,offline_train,1,session1/s43/sess01_subj43_EEG_MI.mat,9eb5a1323741e92a7ee13296ce745a1bbe8d43c8fdb1dc75883f350b598e5142,363047,Lee2019_MI,Q15-E007,CSP4_LDA,deterministic,0.7675689607422252,0.23243103925777478,1
s43_1_offline_train_t008,43,1,offline_train,2,session1/s43/sess01_subj43_EEG_MI.mat,9eb5a1323741e92a7ee13296ce745a1bbe8d43c8fdb1dc75883f350b598e5142,374113,Lee2019_MI,Q15-E007,CSP4_LDA,deterministic,0.5654821690066694,0.43451783099333063,1
s43_1_offline_train_t009,43,1,offline_train,1,session1/s43/sess01_subj43_EEG_MI.mat,9eb5a1323741e92a7ee13296ce745a1bbe8d43c8fdb1dc75883f350b598e5142,385630,Lee2019_MI,Q15-E007,CSP4_LDA,deterministic,0.8182702524123366,0.18172974758766336,1
s43_1_offline_train_t010,43,1,offline_train,1,session1/s43/sess01_subj43_EEG_MI.mat,9eb5a1323741e92a7ee13296ce745a1bbe8d43c8fdb1dc75883f350b598e5142,397146,Lee2019_MI,Q15-E007,CSP4_LDA,deterministic,0.664176603691746,0.335823396308254,1
s43_1_offline_train_t011,43,1,offline_train,2,session1/s43/sess01_subj43_EEG_MI.mat,9eb5a1323741e92a7ee13296ce745a1bbe8d43c8fdb1dc75883f350b598e5142,407813,Lee2019_MI,Q15-E007,CSP4_LDA,deterministic,0.6986654015686635,0.3013345984313364,1
s43_1_offline_train_t012,43,1,offline_train,2,session1/s43/sess01_subj43_EEG_MI.mat,9eb5a1323741e92a7ee13296ce745a1bbe8d43c8fdb1dc75883f350b598e5142,419346,Lee2019_MI,Q15-E007,CSP4_LDA,deterministic,0.7437649501562179,0.2562350498437821,1
s43_1_offline_train_t013,43,1,offline_train,1,session1/s43/sess01_subj43_EEG_MI.mat,9eb5a1323741e92a7ee13296ce745a1bbe8d43c8fdb1dc75883f350b598e5142,430862,Lee2019_MI,Q15-E007,CSP4_LDA,deterministic,0.7642654308959169,0.23573456910408302,1
s43_1_offline_train_t014,43,1,offline_train,1,session1/s43/sess01_subj43_EEG_MI.mat,9eb5a1323741e92a7ee13296ce745a1bbe8d43c8fdb1dc75883f350b598e5142,441912,Lee2019_MI,Q15-E007,CSP4_LDA,deterministic,0.8195787455886964,0.1804212544113036,1
s43_1_offline_train_t015,43,1,offline_train,2,session1/s43/sess01_subj43_EEG_MI.mat,9eb5a1323741e92a7ee13296ce745a1bbe8d43c8fdb1dc75883f350b598e5142,453245,Lee2019_MI,Q15-E007,CSP4_LDA,deterministic,0.7491140320954778,0.2508859679045222,1
s43_1_offline_train_t016,43,1,offline_train,1,session1/s43/sess01_subj43_EEG_MI.mat,9eb5a1323741e92a7ee13296ce745a1bbe8d43c8fdb1dc75883f350b598e5142,463911,Lee2019_MI,Q15-E007,CSP4_LDA,deterministic,0.7143829025154875,0.2856170974845125,1
s43_1_offline_train_t017,43,1,offline_train,1,session1/s43/sess01_subj43_EEG_MI.mat,9eb5a1323741e92a7ee13296ce745a1bbe8d43c8fdb1dc75883f350b598e5142,474878,Lee2019_MI,Q15-E007,CSP4_LDA,deterministic,0.7572631115361801,0.24273688846381988,1
s43_1_offline_train_t018,43,1,offline_train,1,session1/s43/sess01_subj43_EEG_MI.mat,9eb5a1323741e92a7ee13296ce745a1bbe8d43c8fdb1dc75883f350b598e5142,486394,Lee2019_MI,Q15-E007,CSP4_LDA,deterministic,0.8064141332269213,0.19358586677307862,1
s43_1_offline_train_t019,43,1,offline_train,1,session1/s43/sess01_subj43_EEG_MI.mat,9eb5a1323741e92a7ee13296ce745a1bbe8d43c8fdb1dc75883f350b598e5142,497726,Lee2019_MI,Q15-E007,CSP4_LDA,deterministic,0.7598625095917163,0.2401374904082837,1
s43_1_offline_train_t020,43,1,offline_train,2,session1/s43/sess01_subj43_EEG_MI.mat,9eb5a1323741e92a7ee13296ce745a1bbe8d43c8fdb1dc75883f350b598e5142,509244,Lee2019_MI,Q15-E007,CSP4_LDA,deterministic,0.6028529962074831,0.39714700379251683,1
s43_1_offline_train_t021,43,1,offline_train,2,session1/s43/sess01_subj43_EEG_MI.mat,9eb5a1323741e92a7ee13296ce745a1bbe8d43c8fdb1dc75883f350b598e5142,520477,Lee2019_MI,Q15-E007,CSP4_LDA,deterministic,0.7336798051793443,0.2663201948206557,1
s43_1_offline_train_t022,43,1,offline_train,1,session1/s43/sess01_subj43_EEG_MI.mat,9eb5a1323741e92a7ee13296ce745a1bbe8d43c8fdb1dc75883f350b598e5142,531077,Lee2019_MI,Q15-E007,CSP4_LDA,deterministic,0.8274231365824792,0.17257686341752074,1
s43_1_offline_train_t023,43,1,offline_train,2,session1/s43/sess01_subj43_EEG_MI.mat,9eb5a1323741e92a7ee13296ce745a1bbe8d43c8fdb1dc75883f350b598e5142,542493,Lee2019_MI,Q15-E007,CSP4_LDA,deterministic,0.6559278958974264,0.34407210410257355,1
s43_1_offline_train_t024,43,1,offline_train,2,session1/s43/sess01_subj43_EEG_MI.mat,9eb5a1323741e92a7ee13296ce745a1bbe8d43c8fdb1dc75883f350b598e5142,554009,Lee2019_MI,Q15-E007,CSP4_LDA,deterministic,0.6939818415150468,0.3060181584849532,1
s43_1_offline_train_t025,43,1,offline_train,2,session1/s43/sess01_subj43_EEG_MI.mat,9eb5a1323741e92a7ee13296ce745a1bbe8d43c8fdb1dc75883f350b598e5142,565242,Lee2019_MI,Q15-E007,CSP4_LDA,deterministic,0.6826752652541015,0.3173247347458985,1
s43_1_offline_train_t026,43,1,offline_train,1,session1/s43/sess01_subj43_EEG_MI.mat,9eb5a1323741e92a7ee13296ce745a1bbe8d43c8fdb1dc75883f350b598e5142,576575,Lee2019_MI,Q15-E007,CSP4_LDA,deterministic,0.7547227575478065,0.24527724245219354,1
s43_1_offline_train_t027,43,1,offline_train,2,session1/s43/sess01_subj43_EEG_MI.mat,9eb5a1323741e92a7ee13296ce745a1bbe8d43c8fdb1dc75883f350b598e5142,587909,Lee2019_MI,Q15-E007,CSP4_LDA,deterministic,0.7779732428190335,0.2220267571809665,1
s43_1_offline_train_t028,43,1,offline_train,1,session1/s43/sess01_subj43_EEG_MI.mat,9eb5a1323741e92a7ee13296ce745a1bbe8d43c8fdb1dc75883f350b598e5142,598875,Lee2019_MI,Q15-E007,CSP4_LDA,deterministic,0.7876186828080081,0.212381317191992,1
s43_1_offline_train_t029,43,1,offline_train,1,session1/s43/sess01_subj43_EEG_MI.mat,9eb5a1323741e92a7ee13296ce745a1bbe8d43c8fdb1dc75883f350b598e5142,610107,Lee2019_MI,Q15-E007,CSP4_LDA,deterministic,0.6893895076091444,0.3106104923908556,1
s43_1_offline_train_t030,43,1,offline_train,2,session1/s43/sess01_subj43_EEG_MI.mat,9eb5a1323741e92a7ee13296ce745a1bbe8d43c8fdb1dc75883f350b598e5142,620791,Lee2019_MI,Q15-E007,CSP4_LDA,deterministic,0.7233861152328287,0.27661388476717125,1
s43_1_offline_train_t031,43,1,offline_train,1,session1/s43/sess01_subj43_EEG_MI.mat,9eb5a1323741e92a7ee13296ce745a1bbe8d43c8fdb1dc75883f350b598e5142,632024,Lee2019_MI,Q15-E007,CSP4_LDA,deterministic,0.7862952825961447,0.21370471740385527,1
s43_1_offline_train_t032,43,1,offline_train,2,session1/s43/sess01_subj43_EEG_MI.mat,9eb5a1323741e92a7ee13296ce745a1bbe8d43c8fdb1dc75883f350b598e5142,642624,Lee2019_MI,Q15-E007,CSP4_LDA,deterministic,0.450570363382395,0.549429636617605,2
s43_1_offline_train_t033,43,1,offline_train,1,session1/s43/sess01_subj43_EEG_MI.mat,9eb5a1323741e92a7ee13296ce745a1bbe8d43c8fdb1dc75883f350b598e5142,653490,Lee2019_MI,Q15-E007,CSP4_LDA,deterministic,0.740356957543711,0.25964304245628905,1
s43_1_offline_train_t034,43,1,offline_train,2,session1/s43/sess01_subj43_EEG_MI.mat,9eb5a1323741e92a7ee13296ce745a1bbe8d43c8fdb1dc75883f350b598e5142,664074,Lee2019_MI,Q15-E007,CSP4_LDA,deterministic,0.7336697386977042,0.2663302613022958,1
s43_1_offline_train_t035,43,1,offline_train,2,session1/s43/sess01_subj43_EEG_MI.mat,9eb5a1323741e92a7ee13296ce745a1bbe8d43c8fdb1dc75883f350b598e5142,674757,Lee2019_MI,Q15-E007,CSP4_LDA,deterministic,0.6940302110838367,0.30596978891616333,1
s43_1_offline_train_t036,43,1,offline_train,1,session1/s43/sess01_subj43_EEG_MI.mat,9eb5a1323741e92a7ee13296ce745a1bbe8d43c8fdb1dc75883f350b598e5142,686090,Lee2019_MI,Q15-E007,CSP4_LDA,deterministic,0.7909892539315069,0.20901074606849307,1
s43_1_offline_train_t037,43,1,offline_train,1,session1/s43/sess01_subj43_EEG_MI.mat,9eb5a1323741e92a7ee13296ce745a1bbe8d43c8fdb1dc75883f350b598e5142,697323,Lee2019_MI,Q15-E007,CSP4_LDA,deterministic,0.7731666928905648,0.22683330710943514,1
s43_1_offline_train_t038,43,1,offline_train,2,session1/s43/sess01_subj43_EEG_MI.mat,9eb5a1323741e92a7ee13296ce745a1bbe8d43c8fdb1dc75883f350b598e5142,708189,Lee2019_MI,Q15-E007,CSP4_LDA,deterministic,0.7632899912517281,0.23671000874827192,1
s43_1_offline_train_t039,43,1,offline_train,1,session1/s43/sess01_subj43_EEG_MI.mat,9eb5a1323741e92a7ee13296ce745a1bbe8d43c8fdb1dc75883f350b598e5142,719705,Lee2019_MI,Q15-E007,CSP4_LDA,deterministic,0.8156301618602595,0.18436983813974045,1
s43_1_offline_train_t040,43,1,offline_train,1,session1/s43/sess01_subj43_EEG_MI.mat,9eb5a1323741e92a7ee13296ce745a1bbe8d43c8fdb1dc75883f350b598e5142,730289,Lee2019_MI,Q15-E007,CSP4_LDA,deterministic,0.743244995585777,0.25675500441422305,1
s43_1_offline_train_t041,43,1,offline_train,1,session1/s43/sess01_subj43_EEG_MI.mat,9eb5a1323741e92a7ee13296ce745a1bbe8d43c8fdb1dc75883f350b598e5142,741254,Lee2019_MI,Q15-E007,CSP4_LDA,deterministic,0.6464822790365343,0.3535177209634657,1
s43_1_offline_train_t042,43,1,offline_train,1,session1/s43/sess01_subj43_EEG_MI.mat,9eb5a1323741e92a7ee13296ce745a1bbe8d43c8fdb1dc75883f350b598e5142,752205,Lee2019_MI,Q15-E007,CSP4_LDA,deterministic,0.750705137858392,0.24929486214160806,1
s43_1_offline_train_t043,43,1,offline_train,2,session1/s43/sess01_subj43_EEG_MI.mat,9eb5a1323741e92a7ee13296ce745a1bbe8d43c8fdb1dc75883f350b598e5142,763538,Lee2019_MI,Q15-E007,CSP4_LDA,deterministic,0.7684475873141592,0.23155241268584084,1
s43_1_offline_train_t044,43,1,offline_train,1,session1/s43/sess01_subj43_EEG_MI.mat,9eb5a1323741e92a7ee13296ce745a1bbe8d43c8fdb1dc75883f350b598e5142,774871,Lee2019_MI,Q15-E007,CSP4_LDA,deterministic,0.7544819690170913,0.2455180309829087,1
s43_1_offline_train_t045,43,1,offline_train,2,session1/s43/sess01_subj43_EEG_MI.mat,9eb5a1323741e92a7ee13296ce745a1bbe8d43c8fdb1dc75883f350b598e5142,785654,Lee2019_MI,Q15-E007,CSP4_LDA,deterministic,0.6863128423692426,0.31368715763075733,1
s43_1_offline_train_t046,43,1,offline_train,1,session1/s43/sess01_subj43_EEG_MI.mat,9eb5a1323741e92a7ee13296ce745a1bbe8d43c8fdb1dc75883f350b598e5142,796704,Lee2019_MI,Q15-E007,CSP4_LDA,deterministic,0.7440688813051972,0.25593111869480273,1
s43_1_offline_train_t047,43,1,offline_train,1,session1/s43/sess01_subj43_EEG_MI.mat,9eb5a1323741e92a7ee13296ce745a1bbe8d43c8fdb1dc75883f350b598e5142,807653,Lee2019_MI,Q15-E007,CSP4_LDA,deterministic,0.6949165269328857,0.30508347306711425,1
s43_1_offline_train_t048,43,1,offline_train,1,session1/s43/sess01_subj43_EEG_MI.mat,9eb5a1323741e92a7ee13296ce745a1bbe8d43c8fdb1dc75883f350b598e5142,818803,Lee2019_MI,Q15-E007,CSP4_LDA,deterministic,0.8127246918804546,0.18727530811954538,1
s43_1_offline_train_t049,43,1,offline_train,2,session1/s43/sess01_subj43_EEG_MI.mat,9eb5a1323741e92a7ee13296ce745a1bbe8d43c8fdb1dc75883f350b598e5142,830036,Lee2019_MI,Q15-E007,CSP4_LDA,deterministic,0.765860516086383,0.23413948391361705,1
s43_1_offline_train_t050,43,1,offline_train,1,session1/s43/sess01_subj43_EEG_MI.mat,9eb5a1323741e92a7ee13296ce745a1bbe8d43c8fdb1dc75883f350b598e5142,951534,Lee2019_MI,Q15-E007,CSP4_LDA,deterministic,0.6840963119353287,0.31590368806467123,1
s43_1_offline_train_t051,43,1,offline_train,1,session1/s43/sess01_subj43_EEG_MI.mat,9eb5a1323741e92a7ee13296ce745a1bbe8d43c8fdb1dc75883f350b598e5142,962400,Lee2019_MI,Q15-E007,CSP4_LDA,deterministic,0.7641220409801275,0.23587795901987246,1
s43_1_offline_train_t052,43,1,offline_train,1,session1/s43/sess01_subj43_EEG_MI.mat,9eb5a1323741e92a7ee13296ce745a1bbe8d43c8fdb1dc75883f350b598e5142,973633,Lee2019_MI,Q15-E007,CSP4_LDA,deterministic,0.7208232979824567,0.2791767020175433,1
s43_1_offline_train_t053,43,1,offline_train,1,session1/s43/sess01_subj43_EEG_MI.mat,9eb5a1323741e92a7ee13296ce745a1bbe8d43c8fdb1dc75883f350b598e5142,984866,Lee2019_MI,Q15-E007,CSP4_LDA,deterministic,0.8319010110479615,0.16809898895203843,1
s43_1_offline_train_t054,43,1,offline_train,2,session1/s43/sess01_subj43_EEG_MI.mat,9eb5a1323741e92a7ee13296ce745a1bbe8d43c8fdb1dc75883f350b598e5142,995549,Lee2019_MI,Q15-E007,CSP4_LDA,deterministic,0.7856076604262544,0.21439233957374557,1
s43_1_offline_train_t055,43,1,offline_train,1,session1/s43/sess01_subj43_EEG_MI.mat,9eb5a1323741e92a7ee13296ce745a1bbe8d43c8fdb1dc75883f350b598e5142,1006232,Lee2019_MI,Q15-E007,CSP4_LDA,deterministic,0.8264993344622108,0.17350066553778923,1
s43_1_offline_train_t056,43,1,offline_train,1,session1/s43/sess01_subj43_EEG_MI.mat,9eb5a1323741e92a7ee13296ce745a1bbe8d43c8fdb1dc75883f350b598e5142,1017282,Lee2019_MI,Q15-E007,CSP4_LDA,deterministic,0.7190655682314913,0.28093443176850874,1
s43_1_offline_train_t057,43,1,offline_train,2,session1/s43/sess01_subj43_EEG_MI.mat,9eb5a1323741e92a7ee13296ce745a1bbe8d43c8fdb1dc75883f350b598e5142,1028797,Lee2019_MI,Q15-E007,CSP4_LDA,deterministic,0.7074179897811997,0.29258201021880026,1
s43_1_offline_train_t058,43,1,offline_train,2,session1/s43/sess01_subj43_EEG_MI.mat,9eb5a1323741e92a7ee13296ce745a1bbe8d43c8fdb1dc75883f350b598e5142,1039665,Lee2019_MI,Q15-E007,CSP4_LDA,deterministic,0.49911589167930515,0.5008841083206949,2
s43_1_offline_train_t059,43,1,offline_train,1,session1/s43/sess01_subj43_EEG_MI.mat,9eb5a1323741e92a7ee13296ce745a1bbe8d43c8fdb1dc75883f350b598e5142,1050814,Lee2019_MI,Q15-E007,CSP4_LDA,deterministic,0.756402556403894,0.243597443596106,1
s43_1_offline_train_t060,43,1,offline_train,1,session1/s43/sess01_subj43_EEG_MI.mat,9eb5a1323741e92a7ee13296ce745a1bbe8d43c8fdb1dc75883f350b598e5142,1061581,Lee2019_MI,Q15-E007,CSP4_LDA,deterministic,0.7395106769264366,0.2604893230735634,1
s43_1_offline_train_t061,43,1,offline_train,2,session1/s43/sess01_subj43_EEG_MI.mat,9eb5a1323741e92a7ee13296ce745a1bbe8d43c8fdb1dc75883f350b598e5142,1072914,Lee2019_MI,Q15-E007,CSP4_LDA,deterministic,0.6536314538445905,0.34636854615540946,1
s43_1_offline_train_t062,43,1,offline_train,2,session1/s43/sess01_subj43_EEG_MI.mat,9eb5a1323741e92a7ee13296ce745a1bbe8d43c8fdb1dc75883f350b598e5142,1083697,Lee2019_MI,Q15-E007,CSP4_LDA,deterministic,0.7145237087797491,0.2854762912202508,1
s43_1_offline_train_t063,43,1,offline_train,1,session1/s43/sess01_subj43_EEG_MI.mat,9eb5a1323741e92a7ee13296ce745a1bbe8d43c8fdb1dc75883f350b598e5142,1094747,Lee2019_MI,Q15-E007,CSP4_LDA,deterministic,0.5754776696915216,0.42452233030847836,1
s43_1_offline_train_t064,43,1,offline_train,2,session1/s43/sess01_subj43_EEG_MI.mat,9eb5a1323741e92a7ee13296ce745a1bbe8d43c8fdb1dc75883f350b598e5142,1105980,Lee2019_MI,Q15-E007,CSP4_LDA,deterministic,0.7620076658967131,0.2379923341032869,1
s43_1_offline_train_t065,43,1,offline_train,2,session1/s43/sess01_subj43_EEG_MI.mat,9eb5a1323741e92a7ee13296ce745a1bbe8d43c8fdb1dc75883f350b598e5142,1117413,Lee2019_MI,Q15-E007,CSP4_LDA,deterministic,0.7468850690069104,0.25311493099308957,1
s43_1_offline_train_t066,43,1,offline_train,2,session1/s43/sess01_subj43_EEG_MI.mat,9eb5a1323741e92a7ee13296ce745a1bbe8d43c8fdb1dc75883f350b598e5142,1128929,Lee2019_MI,Q15-E007,CSP4_LDA,deterministic,0.7910978677058352,0.20890213229416477,1
s43_1_offline_train_t067,43,1,offline_train,2,session1/s43/sess01_subj43_EEG_MI.mat,9eb5a1323741e92a7ee13296ce745a1bbe8d43c8fdb1dc75883f350b598e5142,1140078,Lee2019_MI,Q15-E007,CSP4_LDA,deterministic,0.7160954321352005,0.28390456786479945,1
s43_1_offline_train_t068,43,1,offline_train,1,session1/s43/sess01_subj43_EEG_MI.mat,9eb5a1323741e92a7ee13296ce745a1bbe8d43c8fdb1dc75883f350b598e5142,1150746,Lee2019_MI,Q15-E007,CSP4_LDA,deterministic,0.7038418404551612,0.2961581595448388,1
s43_1_offline_train_t069,43,1,offline_train,1,session1/s43/sess01_subj43_EEG_MI.mat,9eb5a1323741e92a7ee13296ce745a1bbe8d43c8fdb1dc75883f350b598e5142,1161428,Lee2019_MI,Q15-E007,CSP4_LDA,deterministic,0.7698529027053935,0.2301470972946065,1
s43_1_offline_train_t070,43,1,offline_train,2,session1/s43/sess01_subj43_EEG_MI.mat,9eb5a1323741e92a7ee13296ce745a1bbe8d43c8fdb1dc75883f350b598e5142,1172212,Lee2019_MI,Q15-E007,CSP4_LDA,deterministic,0.7159317795097546,0.2840682204902454,1
s43_1_offline_train_t071,43,1,offline_train,1,session1/s43/sess01_subj43_EEG_MI.mat,9eb5a1323741e92a7ee13296ce745a1bbe8d43c8fdb1dc75883f350b598e5142,1183627,Lee2019_MI,Q15-E007,CSP4_LDA,deterministic,0.7377719497416659,0.2622280502583341,1
s43_1_offline_train_t072,43,1,offline_train,2,session1/s43/sess01_subj43_EEG_MI.mat,9eb5a1323741e92a7ee13296ce745a1bbe8d43c8fdb1dc75883f350b598e5142,1194411,Lee2019_MI,Q15-E007,CSP4_LDA,deterministic,0.7796561548362815,0.22034384516371847,1
s43_1_offline_train_t073,43,1,offline_train,2,session1/s43/sess01_subj43_EEG_MI.mat,9eb5a1323741e92a7ee13296ce745a1bbe8d43c8fdb1dc75883f350b598e5142,1205727,Lee2019_MI,Q15-E007,CSP4_LDA,deterministic,0.5664022186700068,0.4335977813299931,1
s43_1_offline_train_t074,43,1,offline_train,2,session1/s43/sess01_subj43_EEG_MI.mat,9eb5a1323741e92a7ee13296ce745a1bbe8d43c8fdb1dc75883f350b598e5142,1216511,Lee2019_MI,Q15-E007,CSP4_LDA,deterministic,0.5960404624790655,0.4039595375209345,1
s43_1_offline_train_t075,43,1,offline_train,1,session1/s43/sess01_subj43_EEG_MI.mat,9eb5a1323741e92a7ee13296ce745a1bbe8d43c8fdb1dc75883f350b598e5142,1228027,Lee2019_MI,Q15-E007,CSP4_LDA,deterministic,0.6990909666417872,0.30090903335821284,1
s43_1_offline_train_t076,43,1,offline_train,2,session1/s43/sess01_subj43_EEG_MI.mat,9eb5a1323741e92a7ee13296ce745a1bbe8d43c8fdb1dc75883f350b598e5142,1238893,Lee2019_MI,Q15-E007,CSP4_LDA,deterministic,0.7619541169773484,0.23804588302265164,1
s43_1_offline_train_t077,43,1,offline_train,1,session1/s43/sess01_subj43_EEG_MI.mat,9eb5a1323741e92a7ee13296ce745a1bbe8d43c8fdb1dc75883f350b598e5142,1249660,Lee2019_MI,Q15-E007,CSP4_LDA,deterministic,0.63502715242555,0.3649728475744501,1
s43_1_offline_train_t078,43,1,offline_train,1,session1/s43/sess01_subj43_EEG_MI.mat,9eb5a1323741e92a7ee13296ce745a1bbe8d43c8fdb1dc75883f350b598e5142,1260443,Lee2019_MI,Q15-E007,CSP4_LDA,deterministic,0.731581919816499,0.26841808018350105,1
s43_1_offline_train_t079,43,1,offline_train,2,session1/s43/sess01_subj43_EEG_MI.mat,9eb5a1323741e92a7ee13296ce745a1bbe8d43c8fdb1dc75883f350b598e5142,1271593,Lee2019_MI,Q15-E007,CSP4_LDA,deterministic,0.7308298957691957,0.26917010423080434,1
s43_1_offline_train_t080,43,1,offline_train,2,session1/s43/sess01_subj43_EEG_MI.mat,9eb5a1323741e92a7ee13296ce745a1bbe8d43c8fdb1dc75883f350b598e5142,1282641,Lee2019_MI,Q15-E007,CSP4_LDA,deterministic,0.7891753604717574,0.21082463952824257,1
s43_1_offline_train_t081,43,1,offline_train,2,session1/s43/sess01_subj43_EEG_MI.mat,9eb5a1323741e92a7ee13296ce745a1bbe8d43c8fdb1dc75883f350b598e5142,1293509,Lee2019_MI,Q15-E007,CSP4_LDA,deterministic,0.8280442383480722,0.1719557616519278,1
s43_1_offline_train_t082,43,1,offline_train,1,session1/s43/sess01_subj43_EEG_MI.mat,9eb5a1323741e92a7ee13296ce745a1bbe8d43c8fdb1dc75883f350b598e5142,1304925,Lee2019_MI,Q15-E007,CSP4_LDA,deterministic,0.35547775754954847,0.6445222424504515,2
s43_1_offline_train_t083,43,1,offline_train,2,session1/s43/sess01_subj43_EEG_MI.mat,9eb5a1323741e92a7ee13296ce745a1bbe8d43c8fdb1dc75883f350b598e5142,1316075,Lee2019_MI,Q15-E007,CSP4_LDA,deterministic,0.5273346320523922,0.4726653679476078,1
s43_1_offline_train_t084,43,1,offline_train,2,session1/s43/sess01_subj43_EEG_MI.mat,9eb5a1323741e92a7ee13296ce745a1bbe8d43c8fdb1dc75883f350b598e5142,1327225,Lee2019_MI,Q15-E007,CSP4_LDA,deterministic,0.8389336076796411,0.16106639232035894,1
s43_1_offline_train_t085,43,1,offline_train,1,session1/s43/sess01_subj43_EEG_MI.mat,9eb5a1323741e92a7ee13296ce745a1bbe8d43c8fdb1dc75883f350b598e5142,1338741,Lee2019_MI,Q15-E007,CSP4_LDA,deterministic,0.6314383720952145,0.3685616279047855,1
s43_1_offline_train_t086,43,1,offline_train,2,session1/s43/sess01_subj43_EEG_MI.mat,9eb5a1323741e92a7ee13296ce745a1bbe8d43c8fdb1dc75883f350b598e5142,1349607,Lee2019_MI,Q15-E007,CSP4_LDA,deterministic,0.5555829114855401,0.44441708851445993,1
s43_1_offline_train_t087,43,1,offline_train,1,session1/s43/sess01_subj43_EEG_MI.mat,9eb5a1323741e92a7ee13296ce745a1bbe8d43c8fdb1dc75883f350b598e5142,1360940,Lee2019_MI,Q15-E007,CSP4_LDA,deterministic,0.5722878569489471,0.42771214305105293,1
s43_1_offline_train_t088,43,1,offline_train,2,session1/s43/sess01_subj43_EEG_MI.mat,9eb5a1323741e92a7ee13296ce745a1bbe8d43c8fdb1dc75883f350b598e5142,1372274,Lee2019_MI,Q15-E007,CSP4_LDA,deterministic,0.6929575736538534,0.30704242634614665,1
s43_1_offline_train_t089,43,1,offline_train,2,session1/s43/sess01_subj43_EEG_MI.mat,9eb5a1323741e92a7ee13296ce745a1bbe8d43c8fdb1dc75883f350b598e5142,1383223,Lee2019_MI,Q15-E007,CSP4_LDA,deterministic,0.6986964722262474,0.3013035277737525,1
s43_1_offline_train_t090,43,1,offline_train,2,session1/s43/sess01_subj43_EEG_MI.mat,9eb5a1323741e92a7ee13296ce745a1bbe8d43c8fdb1dc75883f350b598e5142,1394373,Lee2019_MI,Q15-E007,CSP4_LDA,deterministic,0.7884207155522497,0.2115792844477503,1
s43_1_offline_train_t091,43,1,offline_train,2,session1/s43/sess01_subj43_EEG_MI.mat,9eb5a1323741e92a7ee13296ce745a1bbe8d43c8fdb1dc75883f350b598e5142,1404956,Lee2019_MI,Q15-E007,CSP4_LDA,deterministic,0.7233568422514478,0.27664315774855214,1
s43_1_offline_train_t092,43,1,offline_train,2,session1/s43/sess01_subj43_EEG_MI.mat,9eb5a1323741e92a7ee13296ce745a1bbe8d43c8fdb1dc75883f350b598e5142,1415539,Lee2019_MI,Q15-E007,CSP4_LDA,deterministic,0.6119153614748799,0.3880846385251201,1
s43_1_offline_train_t093,43,1,offline_train,1,session1/s43/sess01_subj43_EEG_MI.mat,9eb5a1323741e92a7ee13296ce745a1bbe8d43c8fdb1dc75883f350b598e5142,1426605,Lee2019_MI,Q15-E007,CSP4_LDA,deterministic,0.7136999072742933,0.2863000927257067,1
s43_1_offline_train_t094,43,1,offline_train,2,session1/s43/sess01_subj43_EEG_MI.mat,9eb5a1323741e92a7ee13296ce745a1bbe8d43c8fdb1dc75883f350b598e5142,1437939,Lee2019_MI,Q15-E007,CSP4_LDA,deterministic,0.5877820966367304,0.4122179033632696,1
s43_1_offline_train_t095,43,1,offline_train,1,session1/s43/sess01_subj43_EEG_MI.mat,9eb5a1323741e92a7ee13296ce745a1bbe8d43c8fdb1dc75883f350b598e5142,1449455,Lee2019_MI,Q15-E007,CSP4_LDA,deterministic,0.7189868467572181,0.28101315324278187,1
s43_1_offline_train_t096,43,1,offline_train,1,session1/s43/sess01_subj43_EEG_MI.mat,9eb5a1323741e92a7ee13296ce745a1bbe8d43c8fdb1dc75883f350b598e5142,1460121,Lee2019_MI,Q15-E007,CSP4_LDA,deterministic,0.8964275477082844,0.10357245229171558,1
s43_1_offline_train_t097,43,1,offline_train,2,session1/s43/sess01_subj43_EEG_MI.mat,9eb5a1323741e92a7ee13296ce745a1bbe8d43c8fdb1dc75883f350b598e5142,1471271,Lee2019_MI,Q15-E007,CSP4_LDA,deterministic,0.7778212549802411,0.2221787450197589,1
s43_1_offline_train_t098,43,1,offline_train,1,session1/s43/sess01_subj43_EEG_MI.mat,9eb5a1323741e92a7ee13296ce745a1bbe8d43c8fdb1dc75883f350b598e5142,1482320,Lee2019_MI,Q15-E007,CSP4_LDA,deterministic,0.833752489596249,0.16624751040375096,1
s43_1_offline_train_t099,43,1,offline_train,2,session1/s43/sess01_subj43_EEG_MI.mat,9eb5a1323741e92a7ee13296ce745a1bbe8d43c8fdb1dc75883f350b598e5142,1492921,Lee2019_MI,Q15-E007,CSP4_LDA,deterministic,0.7496860903658108,0.2503139096341892,1
s43_1_offline_train_t100,43,1,offline_train,2,session1/s43/sess01_subj43_EEG_MI.mat,9eb5a1323741e92a7ee13296ce745a1bbe8d43c8fdb1dc75883f350b598e5142,1503787,Lee2019_MI,Q15-E007,CSP4_LDA,deterministic,0.724901688701259,0.27509831129874096,1
s43_2_offline_train_t001,43,2,offline_train,1,session2/s43/sess02_subj43_EEG_MI.mat,923325040004bc97b06cc2711b8f849429f9474fa9d3ef03c62c4291b94b6a06,148500,Lee2019_MI,Q15-E007,CSP4_LDA,deterministic,0.619492567100574,0.380507432899426,1
s43_2_offline_train_t002,43,2,offline_train,2,session2/s43/sess02_subj43_EEG_MI.mat,923325040004bc97b06cc2711b8f849429f9474fa9d3ef03c62c4291b94b6a06,160035,Lee2019_MI,Q15-E007,CSP4_LDA,deterministic,0.7343791654855967,0.2656208345144034,1
s43_2_offline_train_t003,43,2,offline_train,1,session2/s43/sess02_subj43_EEG_MI.mat,923325040004bc97b06cc2711b8f849429f9474fa9d3ef03c62c4291b94b6a06,170718,Lee2019_MI,Q15-E007,CSP4_LDA,deterministic,0.6913655196421415,0.3086344803578584,1
s43_2_offline_train_t004,43,2,offline_train,1,session2/s43/sess02_subj43_EEG_MI.mat,923325040004bc97b06cc2711b8f849429f9474fa9d3ef03c62c4291b94b6a06,182234,Lee2019_MI,Q15-E007,CSP4_LDA,deterministic,0.606587252395784,0.393412747604216,1
s43_2_offline_train_t005,43,2,offline_train,2,session2/s43/sess02_subj43_EEG_MI.mat,923325040004bc97b06cc2711b8f849429f9474fa9d3ef03c62c4291b94b6a06,193384,Lee2019_MI,Q15-E007,CSP4_LDA,deterministic,0.6398692009219045,0.3601307990780955,1
s43_2_offline_train_t006,43,2,offline_train,2,session2/s43/sess02_subj43_EEG_MI.mat,923325040004bc97b06cc2711b8f849429f9474fa9d3ef03c62c4291b94b6a06,204067,Lee2019_MI,Q15-E007,CSP4_LDA,deterministic,0.6330906273928403,0.36690937260715967,1
s43_2_offline_train_t007,43,2,offline_train,1,session2/s43/sess02_subj43_EEG_MI.mat,923325040004bc97b06cc2711b8f849429f9474fa9d3ef03c62c4291b94b6a06,214933,Lee2019_MI,Q15-E007,CSP4_LDA,deterministic,0.72305780707845,0.27694219292155,1
s43_2_offline_train_t008,43,2,offline_train,2,session2/s43/sess02_subj43_EEG_MI.mat,923325040004bc97b06cc2711b8f849429f9474fa9d3ef03c62c4291b94b6a06,226067,Lee2019_MI,Q15-E007,CSP4_LDA,deterministic,0.5205403596284781,0.4794596403715219,1
s43_2_offline_train_t009,43,2,offline_train,1,session2/s43/sess02_subj43_EEG_MI.mat,923325040004bc97b06cc2711b8f849429f9474fa9d3ef03c62c4291b94b6a06,237583,Lee2019_MI,Q15-E007,CSP4_LDA,deterministic,0.6372251130938311,0.3627748869061689,1
s43_2_offline_train_t010,43,2,offline_train,1,session2/s43/sess02_subj43_EEG_MI.mat,923325040004bc97b06cc2711b8f849429f9474fa9d3ef03c62c4291b94b6a06,249100,Lee2019_MI,Q15-E007,CSP4_LDA,deterministic,0.6734192525178445,0.3265807474821555,1
s43_2_offline_train_t011,43,2,offline_train,2,session2/s43/sess02_subj43_EEG_MI.mat,923325040004bc97b06cc2711b8f849429f9474fa9d3ef03c62c4291b94b6a06,259783,Lee2019_MI,Q15-E007,CSP4_LDA,deterministic,0.5872412939521721,0.41275870604782794,1
s43_2_offline_train_t012,43,2,offline_train,2,session2/s43/sess02_subj43_EEG_MI.mat,923325040004bc97b06cc2711b8f849429f9474fa9d3ef03c62c4291b94b6a06,271299,Lee2019_MI,Q15-E007,CSP4_LDA,deterministic,0.5682468780128447,0.4317531219871553,1
s43_2_offline_train_t013,43,2,offline_train,1,session2/s43/sess02_subj43_EEG_MI.mat,923325040004bc97b06cc2711b8f849429f9474fa9d3ef03c62c4291b94b6a06,282816,Lee2019_MI,Q15-E007,CSP4_LDA,deterministic,0.5912319377817655,0.4087680622182345,1
s43_2_offline_train_t014,43,2,offline_train,1,session2/s43/sess02_subj43_EEG_MI.mat,923325040004bc97b06cc2711b8f849429f9474fa9d3ef03c62c4291b94b6a06,293865,Lee2019_MI,Q15-E007,CSP4_LDA,deterministic,0.5658674617959256,0.4341325382040744,1
s43_2_offline_train_t015,43,2,offline_train,2,session2/s43/sess02_subj43_EEG_MI.mat,923325040004bc97b06cc2711b8f849429f9474fa9d3ef03c62c4291b94b6a06,305198,Lee2019_MI,Q15-E007,CSP4_LDA,deterministic,0.44848300906622196,0.551516990933778,2
s43_2_offline_train_t016,43,2,offline_train,1,session2/s43/sess02_subj43_EEG_MI.mat,923325040004bc97b06cc2711b8f849429f9474fa9d3ef03c62c4291b94b6a06,315881,Lee2019_MI,Q15-E007,CSP4_LDA,deterministic,0.7112657829836662,0.28873421701633384,1
s43_2_offline_train_t017,43,2,offline_train,1,session2/s43/sess02_subj43_EEG_MI.mat,923325040004bc97b06cc2711b8f849429f9474fa9d3ef03c62c4291b94b6a06,326848,Lee2019_MI,Q15-E007,CSP4_LDA,deterministic,0.6086465929686793,0.39135340703132065,1
s43_2_offline_train_t018,43,2,offline_train,1,session2/s43/sess02_subj43_EEG_MI.mat,923325040004bc97b06cc2711b8f849429f9474fa9d3ef03c62c4291b94b6a06,338264,Lee2019_MI,Q15-E007,CSP4_LDA,deterministic,0.8085467791595273,0.19145322084047267,1
s43_2_offline_train_t019,43,2,offline_train,1,session2/s43/sess02_subj43_EEG_MI.mat,923325040004bc97b06cc2711b8f849429f9474fa9d3ef03c62c4291b94b6a06,349597,Lee2019_MI,Q15-E007,CSP4_LDA,deterministic,0.6703403807863135,0.3296596192136865,1
s43_2_offline_train_t020,43,2,offline_train,2,session2/s43/sess02_subj43_EEG_MI.mat,923325040004bc97b06cc2711b8f849429f9474fa9d3ef03c62c4291b94b6a06,361114,Lee2019_MI,Q15-E007,CSP4_LDA,deterministic,0.522991233866819,0.47700876613318105,1
s43_2_offline_train_t021,43,2,offline_train,2,session2/s43/sess02_subj43_EEG_MI.mat,923325040004bc97b06cc2711b8f849429f9474fa9d3ef03c62c4291b94b6a06,372346,Lee2019_MI,Q15-E007,CSP4_LDA,deterministic,0.6800241560017013,0.31997584399829876,1
s43_2_offline_train_t022,43,2,offline_train,1,session2/s43/sess02_subj43_EEG_MI.mat,923325040004bc97b06cc2711b8f849429f9474fa9d3ef03c62c4291b94b6a06,382947,Lee2019_MI,Q15-E007,CSP4_LDA,deterministic,0.687158518526434,0.3128414814735661,1
s43_2_offline_train_t023,43,2,offline_train,2,session2/s43/sess02_subj43_EEG_MI.mat,923325040004bc97b06cc2711b8f849429f9474fa9d3ef03c62c4291b94b6a06,394362,Lee2019_MI,Q15-E007,CSP4_LDA,deterministic,0.5176312807478463,0.4823687192521538,1
s43_2_offline_train_t024,43,2,offline_train,2,session2/s43/sess02_subj43_EEG_MI.mat,923325040004bc97b06cc2711b8f849429f9474fa9d3ef03c62c4291b94b6a06,405878,Lee2019_MI,Q15-E007,CSP4_LDA,deterministic,0.426209531279654,0.573790468720346,2
s43_2_offline_train_t025,43,2,offline_train,2,session2/s43/sess02_subj43_EEG_MI.mat,923325040004bc97b06cc2711b8f849429f9474fa9d3ef03c62c4291b94b6a06,417129,Lee2019_MI,Q15-E007,CSP4_LDA,deterministic,0.7149421856922141,0.2850578143077859,1
s43_2_offline_train_t026,43,2,offline_train,1,session2/s43/sess02_subj43_EEG_MI.mat,923325040004bc97b06cc2711b8f849429f9474fa9d3ef03c62c4291b94b6a06,428446,Lee2019_MI,Q15-E007,CSP4_LDA,deterministic,0.6377518028690742,0.3622481971309258,1
s43_2_offline_train_t027,43,2,offline_train,2,session2/s43/sess02_subj43_EEG_MI.mat,923325040004bc97b06cc2711b8f849429f9474fa9d3ef03c62c4291b94b6a06,439695,Lee2019_MI,Q15-E007,CSP4_LDA,deterministic,0.5814734932293775,0.41852650677062253,1
s43_2_offline_train_t028,43,2,offline_train,1,session2/s43/sess02_subj43_EEG_MI.mat,923325040004bc97b06cc2711b8f849429f9474fa9d3ef03c62c4291b94b6a06,450645,Lee2019_MI,Q15-E007,CSP4_LDA,deterministic,0.5918964085009261,0.40810359149907394,1
s43_2_offline_train_t029,43,2,offline_train,1,session2/s43/sess02_subj43_EEG_MI.mat,923325040004bc97b06cc2711b8f849429f9474fa9d3ef03c62c4291b94b6a06,461895,Lee2019_MI,Q15-E007,CSP4_LDA,deterministic,0.7483372851784957,0.2516627148215042,1
s43_2_offline_train_t030,43,2,offline_train,2,session2/s43/sess02_subj43_EEG_MI.mat,923325040004bc97b06cc2711b8f849429f9474fa9d3ef03c62c4291b94b6a06,472661,Lee2019_MI,Q15-E007,CSP4_LDA,deterministic,0.35179411366948266,0.6482058863305173,2
s43_2_offline_train_t031,43,2,offline_train,1,session2/s43/sess02_subj43_EEG_MI.mat,923325040004bc97b06cc2711b8f849429f9474fa9d3ef03c62c4291b94b6a06,483895,Lee2019_MI,Q15-E007,CSP4_LDA,deterministic,0.5971658151953037,0.4028341848046963,1
s43_2_offline_train_t032,43,2,offline_train,2,session2/s43/sess02_subj43_EEG_MI.mat,923325040004bc97b06cc2711b8f849429f9474fa9d3ef03c62c4291b94b6a06,494494,Lee2019_MI,Q15-E007,CSP4_LDA,deterministic,0.5210880872188102,0.4789119127811898,1
s43_2_offline_train_t033,43,2,offline_train,1,session2/s43/sess02_subj43_EEG_MI.mat,923325040004bc97b06cc2711b8f849429f9474fa9d3ef03c62c4291b94b6a06,505361,Lee2019_MI,Q15-E007,CSP4_LDA,deterministic,0.662443296309486,0.3375567036905141,1
s43_2_offline_train_t034,43,2,offline_train,2,session2/s43/sess02_subj43_EEG_MI.mat,923325040004bc97b06cc2711b8f849429f9474fa9d3ef03c62c4291b94b6a06,515944,Lee2019_MI,Q15-E007,CSP4_LDA,deterministic,0.691940687136603,0.308059312863397,1
s43_2_offline_train_t035,43,2,offline_train,2,session2/s43/sess02_subj43_EEG_MI.mat,923325040004bc97b06cc2711b8f849429f9474fa9d3ef03c62c4291b94b6a06,526627,Lee2019_MI,Q15-E007,CSP4_LDA,deterministic,0.7024942472857293,0.2975057527142707,1
s43_2_offline_train_t036,43,2,offline_train,1,session2/s43/sess02_subj43_EEG_MI.mat,923325040004bc97b06cc2711b8f849429f9474fa9d3ef03c62c4291b94b6a06,537959,Lee2019_MI,Q15-E007,CSP4_LDA,deterministic,0.6017668306668,0.3982331693332,1
s43_2_offline_train_t037,43,2,offline_train,1,session2/s43/sess02_subj43_EEG_MI.mat,923325040004bc97b06cc2711b8f849429f9474fa9d3ef03c62c4291b94b6a06,549193,Lee2019_MI,Q15-E007,CSP4_LDA,deterministic,0.6704195639872939,0.32958043601270615,1
s43_2_offline_train_t038,43,2,offline_train,2,session2/s43/sess02_subj43_EEG_MI.mat,923325040004bc97b06cc2711b8f849429f9474fa9d3ef03c62c4291b94b6a06,560060,Lee2019_MI,Q15-E007,CSP4_LDA,deterministic,0.6790799907866683,0.3209200092133317,1
s43_2_offline_train_t039,43,2,offline_train,1,session2/s43/sess02_subj43_EEG_MI.mat,923325040004bc97b06cc2711b8f849429f9474fa9d3ef03c62c4291b94b6a06,571576,Lee2019_MI,Q15-E007,CSP4_LDA,deterministic,0.6797509140040568,0.32024908599594315,1
s43_2_offline_train_t040,43,2,offline_train,1,session2/s43/sess02_subj43_EEG_MI.mat,923325040004bc97b06cc2711b8f849429f9474fa9d3ef03c62c4291b94b6a06,582159,Lee2019_MI,Q15-E007,CSP4_LDA,deterministic,0.629822654188246,0.370177345811754,1
s43_2_offline_train_t041,43,2,offline_train,1,session2/s43/sess02_subj43_EEG_MI.mat,923325040004bc97b06cc2711b8f849429f9474fa9d3ef03c62c4291b94b6a06,593125,Lee2019_MI,Q15-E007,CSP4_LDA,deterministic,0.672674049471931,0.32732595052806895,1
s43_2_offline_train_t042,43,2,offline_train,1,session2/s43/sess02_subj43_EEG_MI.mat,923325040004bc97b06cc2711b8f849429f9474fa9d3ef03c62c4291b94b6a06,604092,Lee2019_MI,Q15-E007,CSP4_LDA,deterministic,0.676463455404098,0.32353654459590203,1
s43_2_offline_train_t043,43,2,offline_train,2,session2/s43/sess02_subj43_EEG_MI.mat,923325040004bc97b06cc2711b8f849429f9474fa9d3ef03c62c4291b94b6a06,615408,Lee2019_MI,Q15-E007,CSP4_LDA,deterministic,0.6448331395911148,0.35516686040888523,1
s43_2_offline_train_t044,43,2,offline_train,1,session2/s43/sess02_subj43_EEG_MI.mat,923325040004bc97b06cc2711b8f849429f9474fa9d3ef03c62c4291b94b6a06,626741,Lee2019_MI,Q15-E007,CSP4_LDA,deterministic,0.5889108004897068,0.41108919951029316,1
s43_2_offline_train_t045,43,2,offline_train,2,session2/s43/sess02_subj43_EEG_MI.mat,923325040004bc97b06cc2711b8f849429f9474fa9d3ef03c62c4291b94b6a06,637524,Lee2019_MI,Q15-E007,CSP4_LDA,deterministic,0.6374211547753817,0.36257884522461825,1
s43_2_offline_train_t046,43,2,offline_train,1,session2/s43/sess02_subj43_EEG_MI.mat,923325040004bc97b06cc2711b8f849429f9474fa9d3ef03c62c4291b94b6a06,648574,Lee2019_MI,Q15-E007,CSP4_LDA,deterministic,0.8285063575609061,0.17149364243909396,1
s43_2_offline_train_t047,43,2,offline_train,1,session2/s43/sess02_subj43_EEG_MI.mat,923325040004bc97b06cc2711b8f849429f9474fa9d3ef03c62c4291b94b6a06,659541,Lee2019_MI,Q15-E007,CSP4_LDA,deterministic,0.6033687979938067,0.39663120200619323,1
s43_2_offline_train_t048,43,2,offline_train,1,session2/s43/sess02_subj43_EEG_MI.mat,923325040004bc97b06cc2711b8f849429f9474fa9d3ef03c62c4291b94b6a06,670774,Lee2019_MI,Q15-E007,CSP4_LDA,deterministic,0.7003524843363456,0.29964751566365444,1
s43_2_offline_train_t049,43,2,offline_train,2,session2/s43/sess02_subj43_EEG_MI.mat,923325040004bc97b06cc2711b8f849429f9474fa9d3ef03c62c4291b94b6a06,682007,Lee2019_MI,Q15-E007,CSP4_LDA,deterministic,0.4741472892528651,0.5258527107471349,2
s43_2_offline_train_t050,43,2,offline_train,1,session2/s43/sess02_subj43_EEG_MI.mat,923325040004bc97b06cc2711b8f849429f9474fa9d3ef03c62c4291b94b6a06,706156,Lee2019_MI,Q15-E007,CSP4_LDA,deterministic,0.6565663489294357,0.34343365107056434,1
s43_2_offline_train_t051,43,2,offline_train,1,session2/s43/sess02_subj43_EEG_MI.mat,923325040004bc97b06cc2711b8f849429f9474fa9d3ef03c62c4291b94b6a06,717023,Lee2019_MI,Q15-E007,CSP4_LDA,deterministic,0.64163175077147,0.35836824922852994,1
s43_2_offline_train_t052,43,2,offline_train,1,session2/s43/sess02_subj43_EEG_MI.mat,923325040004bc97b06cc2711b8f849429f9474fa9d3ef03c62c4291b94b6a06,728256,Lee2019_MI,Q15-E007,CSP4_LDA,deterministic,0.5426262957394732,0.4573737042605268,1
s43_2_offline_train_t053,43,2,offline_train,1,session2/s43/sess02_subj43_EEG_MI.mat,923325040004bc97b06cc2711b8f849429f9474fa9d3ef03c62c4291b94b6a06,739506,Lee2019_MI,Q15-E007,CSP4_LDA,deterministic,0.673135145737513,0.32686485426248696,1
s43_2_offline_train_t054,43,2,offline_train,2,session2/s43/sess02_subj43_EEG_MI.mat,923325040004bc97b06cc2711b8f849429f9474fa9d3ef03c62c4291b94b6a06,750189,Lee2019_MI,Q15-E007,CSP4_LDA,deterministic,0.683083643940841,0.3169163560591591,1
s43_2_offline_train_t055,43,2,offline_train,1,session2/s43/sess02_subj43_EEG_MI.mat,923325040004bc97b06cc2711b8f849429f9474fa9d3ef03c62c4291b94b6a06,760855,Lee2019_MI,Q15-E007,CSP4_LDA,deterministic,0.6758954839159141,0.3241045160840859,1
s43_2_offline_train_t056,43,2,offline_train,1,session2/s43/sess02_subj43_EEG_MI.mat,923325040004bc97b06cc2711b8f849429f9474fa9d3ef03c62c4291b94b6a06,771920,Lee2019_MI,Q15-E007,CSP4_LDA,deterministic,0.5737205560561331,0.4262794439438669,1
s43_2_offline_train_t057,43,2,offline_train,2,session2/s43/sess02_subj43_EEG_MI.mat,923325040004bc97b06cc2711b8f849429f9474fa9d3ef03c62c4291b94b6a06,783438,Lee2019_MI,Q15-E007,CSP4_LDA,deterministic,0.6342115566504347,0.3657884433495653,1
s43_2_offline_train_t058,43,2,offline_train,2,session2/s43/sess02_subj43_EEG_MI.mat,923325040004bc97b06cc2711b8f849429f9474fa9d3ef03c62c4291b94b6a06,794304,Lee2019_MI,Q15-E007,CSP4_LDA,deterministic,0.6403737793510252,0.35962622064897476,1
s43_2_offline_train_t059,43,2,offline_train,1,session2/s43/sess02_subj43_EEG_MI.mat,923325040004bc97b06cc2711b8f849429f9474fa9d3ef03c62c4291b94b6a06,805437,Lee2019_MI,Q15-E007,CSP4_LDA,deterministic,0.7511351767763499,0.24886482322365017,1
s43_2_offline_train_t060,43,2,offline_train,1,session2/s43/sess02_subj43_EEG_MI.mat,923325040004bc97b06cc2711b8f849429f9474fa9d3ef03c62c4291b94b6a06,816220,Lee2019_MI,Q15-E007,CSP4_LDA,deterministic,0.7024685787305796,0.2975314212694205,1
s43_2_offline_train_t061,43,2,offline_train,2,session2/s43/sess02_subj43_EEG_MI.mat,923325040004bc97b06cc2711b8f849429f9474fa9d3ef03c62c4291b94b6a06,827553,Lee2019_MI,Q15-E007,CSP4_LDA,deterministic,0.6706600000839186,0.3293399999160814,1
s43_2_offline_train_t062,43,2,offline_train,2,session2/s43/sess02_subj43_EEG_MI.mat,923325040004bc97b06cc2711b8f849429f9474fa9d3ef03c62c4291b94b6a06,838320,Lee2019_MI,Q15-E007,CSP4_LDA,deterministic,0.6020015843631541,0.3979984156368459,1
s43_2_offline_train_t063,43,2,offline_train,1,session2/s43/sess02_subj43_EEG_MI.mat,923325040004bc97b06cc2711b8f849429f9474fa9d3ef03c62c4291b94b6a06,849369,Lee2019_MI,Q15-E007,CSP4_LDA,deterministic,0.6151768493576487,0.3848231506423513,1
s43_2_offline_train_t064,43,2,offline_train,2,session2/s43/sess02_subj43_EEG_MI.mat,923325040004bc97b06cc2711b8f849429f9474fa9d3ef03c62c4291b94b6a06,860619,Lee2019_MI,Q15-E007,CSP4_LDA,deterministic,0.6325041355241443,0.36749586447585564,1
s43_2_offline_train_t065,43,2,offline_train,2,session2/s43/sess02_subj43_EEG_MI.mat,923325040004bc97b06cc2711b8f849429f9474fa9d3ef03c62c4291b94b6a06,872036,Lee2019_MI,Q15-E007,CSP4_LDA,deterministic,0.7408792717382533,0.25912072826174665,1
s43_2_offline_train_t066,43,2,offline_train,2,session2/s43/sess02_subj43_EEG_MI.mat,923325040004bc97b06cc2711b8f849429f9474fa9d3ef03c62c4291b94b6a06,883552,Lee2019_MI,Q15-E007,CSP4_LDA,deterministic,0.640794035875623,0.35920596412437705,1
s43_2_offline_train_t067,43,2,offline_train,2,session2/s43/sess02_subj43_EEG_MI.mat,923325040004bc97b06cc2711b8f849429f9474fa9d3ef03c62c4291b94b6a06,894702,Lee2019_MI,Q15-E007,CSP4_LDA,deterministic,0.7940503153149252,0.20594968468507474,1
s43_2_offline_train_t068,43,2,offline_train,1,session2/s43/sess02_subj43_EEG_MI.mat,923325040004bc97b06cc2711b8f849429f9474fa9d3ef03c62c4291b94b6a06,905385,Lee2019_MI,Q15-E007,CSP4_LDA,deterministic,0.5219118743835596,0.47808812561644043,1
s43_2_offline_train_t069,43,2,offline_train,1,session2/s43/sess02_subj43_EEG_MI.mat,923325040004bc97b06cc2711b8f849429f9474fa9d3ef03c62c4291b94b6a06,916069,Lee2019_MI,Q15-E007,CSP4_LDA,deterministic,0.5969379845133547,0.4030620154866454,1
s43_2_offline_train_t070,43,2,offline_train,2,session2/s43/sess02_subj43_EEG_MI.mat,923325040004bc97b06cc2711b8f849429f9474fa9d3ef03c62c4291b94b6a06,926834,Lee2019_MI,Q15-E007,CSP4_LDA,deterministic,0.47769761079894946,0.5223023892010505,2
s43_2_offline_train_t071,43,2,offline_train,1,session2/s43/sess02_subj43_EEG_MI.mat,923325040004bc97b06cc2711b8f849429f9474fa9d3ef03c62c4291b94b6a06,938268,Lee2019_MI,Q15-E007,CSP4_LDA,deterministic,0.6151365751500717,0.38486342484992825,1
s43_2_offline_train_t072,43,2,offline_train,2,session2/s43/sess02_subj43_EEG_MI.mat,923325040004bc97b06cc2711b8f849429f9474fa9d3ef03c62c4291b94b6a06,949034,Lee2019_MI,Q15-E007,CSP4_LDA,deterministic,0.6282366030683912,0.3717633969316088,1
s43_2_offline_train_t073,43,2,offline_train,2,session2/s43/sess02_subj43_EEG_MI.mat,923325040004bc97b06cc2711b8f849429f9474fa9d3ef03c62c4291b94b6a06,960368,Lee2019_MI,Q15-E007,CSP4_LDA,deterministic,0.606240999645205,0.39375900035479505,1
s43_2_offline_train_t074,43,2,offline_train,2,session2/s43/sess02_subj43_EEG_MI.mat,923325040004bc97b06cc2711b8f849429f9474fa9d3ef03c62c4291b94b6a06,971134,Lee2019_MI,Q15-E007,CSP4_LDA,deterministic,0.6479878823710523,0.35201211762894774,1
s43_2_offline_train_t075,43,2,offline_train,1,session2/s43/sess02_subj43_EEG_MI.mat,923325040004bc97b06cc2711b8f849429f9474fa9d3ef03c62c4291b94b6a06,982650,Lee2019_MI,Q15-E007,CSP4_LDA,deterministic,0.6679824908973905,0.3320175091026095,1
s43_2_offline_train_t076,43,2,offline_train,2,session2/s43/sess02_subj43_EEG_MI.mat,923325040004bc97b06cc2711b8f849429f9474fa9d3ef03c62c4291b94b6a06,993517,Lee2019_MI,Q15-E007,CSP4_LDA,deterministic,0.7178565561805694,0.28214344381943063,1
s43_2_offline_train_t077,43,2,offline_train,1,session2/s43/sess02_subj43_EEG_MI.mat,923325040004bc97b06cc2711b8f849429f9474fa9d3ef03c62c4291b94b6a06,1004300,Lee2019_MI,Q15-E007,CSP4_LDA,deterministic,0.6759746940978166,0.32402530590218337,1
s43_2_offline_train_t078,43,2,offline_train,1,session2/s43/sess02_subj43_EEG_MI.mat,923325040004bc97b06cc2711b8f849429f9474fa9d3ef03c62c4291b94b6a06,1015067,Lee2019_MI,Q15-E007,CSP4_LDA,deterministic,0.6391251365192576,0.3608748634807424,1
s43_2_offline_train_t079,43,2,offline_train,2,session2/s43/sess02_subj43_EEG_MI.mat,923325040004bc97b06cc2711b8f849429f9474fa9d3ef03c62c4291b94b6a06,1026216,Lee2019_MI,Q15-E007,CSP4_LDA,deterministic,0.6191684664338266,0.38083153356617333,1
s43_2_offline_train_t080,43,2,offline_train,2,session2/s43/sess02_subj43_EEG_MI.mat,923325040004bc97b06cc2711b8f849429f9474fa9d3ef03c62c4291b94b6a06,1037266,Lee2019_MI,Q15-E007,CSP4_LDA,deterministic,0.5731231321735428,0.42687686782645723,1
s43_2_offline_train_t081,43,2,offline_train,2,session2/s43/sess02_subj43_EEG_MI.mat,923325040004bc97b06cc2711b8f849429f9474fa9d3ef03c62c4291b94b6a06,1048132,Lee2019_MI,Q15-E007,CSP4_LDA,deterministic,0.7115631377621499,0.28843686223785014,1
s43_2_offline_train_t082,43,2,offline_train,1,session2/s43/sess02_subj43_EEG_MI.mat,923325040004bc97b06cc2711b8f849429f9474fa9d3ef03c62c4291b94b6a06,1059565,Lee2019_MI,Q15-E007,CSP4_LDA,deterministic,0.6841997901757966,0.3158002098242034,1
s43_2_offline_train_t083,43,2,offline_train,2,session2/s43/sess02_subj43_EEG_MI.mat,923325040004bc97b06cc2711b8f849429f9474fa9d3ef03c62c4291b94b6a06,1070699,Lee2019_MI,Q15-E007,CSP4_LDA,deterministic,0.6542891920941228,0.34571080790587716,1
s43_2_offline_train_t084,43,2,offline_train,2,session2/s43/sess02_subj43_EEG_MI.mat,923325040004bc97b06cc2711b8f849429f9474fa9d3ef03c62c4291b94b6a06,1081765,Lee2019_MI,Q15-E007,CSP4_LDA,deterministic,0.654688126525321,0.3453118734746789,1
s43_2_offline_train_t085,43,2,offline_train,1,session2/s43/sess02_subj43_EEG_MI.mat,923325040004bc97b06cc2711b8f849429f9474fa9d3ef03c62c4291b94b6a06,1093282,Lee2019_MI,Q15-E007,CSP4_LDA,deterministic,0.6636047755157602,0.33639522448423975,1
s43_2_offline_train_t086,43,2,offline_train,2,session2/s43/sess02_subj43_EEG_MI.mat,923325040004bc97b06cc2711b8f849429f9474fa9d3ef03c62c4291b94b6a06,1104148,Lee2019_MI,Q15-E007,CSP4_LDA,deterministic,0.5135347649144156,0.48646523508558437,1
s43_2_offline_train_t087,43,2,offline_train,1,session2/s43/sess02_subj43_EEG_MI.mat,923325040004bc97b06cc2711b8f849429f9474fa9d3ef03c62c4291b94b6a06,1115464,Lee2019_MI,Q15-E007,CSP4_LDA,deterministic,0.5574173156382578,0.44258268436174214,1
s43_2_offline_train_t088,43,2,offline_train,2,session2/s43/sess02_subj43_EEG_MI.mat,923325040004bc97b06cc2711b8f849429f9474fa9d3ef03c62c4291b94b6a06,1126797,Lee2019_MI,Q15-E007,CSP4_LDA,deterministic,0.6499202831957189,0.35007971680428107,1
s43_2_offline_train_t089,43,2,offline_train,2,session2/s43/sess02_subj43_EEG_MI.mat,923325040004bc97b06cc2711b8f849429f9474fa9d3ef03c62c4291b94b6a06,1137764,Lee2019_MI,Q15-E007,CSP4_LDA,deterministic,0.5040099173182747,0.4959900826817253,1
s43_2_offline_train_t090,43,2,offline_train,2,session2/s43/sess02_subj43_EEG_MI.mat,923325040004bc97b06cc2711b8f849429f9474fa9d3ef03c62c4291b94b6a06,1148914,Lee2019_MI,Q15-E007,CSP4_LDA,deterministic,0.6148941022465952,0.38510589775340476,1
s43_2_offline_train_t091,43,2,offline_train,2,session2/s43/sess02_subj43_EEG_MI.mat,923325040004bc97b06cc2711b8f849429f9474fa9d3ef03c62c4291b94b6a06,1159497,Lee2019_MI,Q15-E007,CSP4_LDA,deterministic,0.7506516866248585,0.24934831337514154,1
s43_2_offline_train_t092,43,2,offline_train,2,session2/s43/sess02_subj43_EEG_MI.mat,923325040004bc97b06cc2711b8f849429f9474fa9d3ef03c62c4291b94b6a06,1170079,Lee2019_MI,Q15-E007,CSP4_LDA,deterministic,0.5486527610983258,0.45134723890167416,1
s43_2_offline_train_t093,43,2,offline_train,1,session2/s43/sess02_subj43_EEG_MI.mat,923325040004bc97b06cc2711b8f849429f9474fa9d3ef03c62c4291b94b6a06,1181129,Lee2019_MI,Q15-E007,CSP4_LDA,deterministic,0.7261261573256796,0.2738738426743204,1
s43_2_offline_train_t094,43,2,offline_train,2,session2/s43/sess02_subj43_EEG_MI.mat,923325040004bc97b06cc2711b8f849429f9474fa9d3ef03c62c4291b94b6a06,1192462,Lee2019_MI,Q15-E007,CSP4_LDA,deterministic,0.6642003016400179,0.33579969835998214,1
s43_2_offline_train_t095,43,2,offline_train,1,session2/s43/sess02_subj43_EEG_MI.mat,923325040004bc97b06cc2711b8f849429f9474fa9d3ef03c62c4291b94b6a06,1203979,Lee2019_MI,Q15-E007,CSP4_LDA,deterministic,0.7844299512101907,0.2155700487898093,1
s43_2_offline_train_t096,43,2,offline_train,1,session2/s43/sess02_subj43_EEG_MI.mat,923325040004bc97b06cc2711b8f849429f9474fa9d3ef03c62c4291b94b6a06,1214662,Lee2019_MI,Q15-E007,CSP4_LDA,deterministic,0.621134591682073,0.37886540831792703,1
s43_2_offline_train_t097,43,2,offline_train,2,session2/s43/sess02_subj43_EEG_MI.mat,923325040004bc97b06cc2711b8f849429f9474fa9d3ef03c62c4291b94b6a06,1225812,Lee2019_MI,Q15-E007,CSP4_LDA,deterministic,0.736795703473226,0.26320429652677396,1
s43_2_offline_train_t098,43,2,offline_train,1,session2/s43/sess02_subj43_EEG_MI.mat,923325040004bc97b06cc2711b8f849429f9474fa9d3ef03c62c4291b94b6a06,1236861,Lee2019_MI,Q15-E007,CSP4_LDA,deterministic,0.6533358956720414,0.3466641043279585,1
s43_2_offline_train_t099,43,2,offline_train,2,session2/s43/sess02_subj43_EEG_MI.mat,923325040004bc97b06cc2711b8f849429f9474fa9d3ef03c62c4291b94b6a06,1247445,Lee2019_MI,Q15-E007,CSP4_LDA,deterministic,0.7071910550530238,0.29280894494697624,1
s43_2_offline_train_t100,43,2,offline_train,2,session2/s43/sess02_subj43_EEG_MI.mat,923325040004bc97b06cc2711b8f849429f9474fa9d3ef03c62c4291b94b6a06,1258311,Lee2019_MI,Q15-E007,CSP4_LDA,deterministic,0.5894612310872671,0.41053876891273283,1
