sample_id,subject,session,run,trial,label,event_sample,artifact_flagged,model,y_true,y_pred,score_type,score_class_1,score_class_2,score_class_3,score_class_4
s03_0train_r0_t01,3,0train,0,1,1,250,False,PSD44_LDA,1,1,probability,0.46198552792111003,0.16547829374024703,0.24206259086157825,0.13047358747706467
s03_0train_r0_t02,3,0train,0,2,2,2253,False,PSD44_LDA,2,1,probability,0.45369205739978974,0.22641058586272347,0.2372140420689839,0.08268331466850275
s03_0train_r0_t03,3,0train,0,3,2,4171,False,PSD44_LDA,2,1,probability,0.35186708901763775,0.3120479554963329,0.21985709079112464,0.11622786469490476
s03_0train_r0_t04,3,0train,0,4,1,6123,False,PSD44_LDA,1,4,probability,0.28204738055484885,0.15347738049471904,0.23312611581466722,0.33134912313576487
s03_0train_r0_t05,3,0train,0,5,2,8131,False,PSD44_LDA,2,1,probability,0.30773873751670267,0.18475408219903103,0.26545224195724676,0.24205493832701966
s03_0train_r0_t06,3,0train,0,6,1,10242,False,PSD44_LDA,1,1,probability,0.35153847026388374,0.2684747210746568,0.0801985301778955,0.29978827848356393
s03_0train_r0_t07,3,0train,0,7,2,12159,False,PSD44_LDA,2,1,probability,0.5002892452057844,0.21383160855432817,0.22519364097373437,0.06068550526615305
s03_0train_r0_t08,3,0train,0,8,3,14209,False,PSD44_LDA,3,3,probability,0.23353005505295946,0.21252070461325145,0.3537514907879145,0.20019774954587466
s03_0train_r0_t09,3,0train,0,9,2,16140,False,PSD44_LDA,2,3,probability,0.3022484863021355,0.19545548524014633,0.3566377918026665,0.1456582366550517
s03_0train_r0_t10,3,0train,0,10,4,18138,False,PSD44_LDA,4,3,probability,0.09726684564051631,0.017268405200488855,0.5817558752974858,0.3037088738615089
s03_0train_r0_t11,3,0train,0,11,1,20044,False,PSD44_LDA,1,1,probability,0.3525900767642622,0.33471641814500264,0.12856198057747734,0.18413152451325776
s03_0train_r0_t12,3,0train,0,12,3,21939,False,PSD44_LDA,3,3,probability,0.13407710456934308,0.050009484111127635,0.45761263497248766,0.35830077634704155
s03_0train_r0_t13,3,0train,0,13,2,23911,False,PSD44_LDA,2,1,probability,0.34467537133205906,0.18214934379600323,0.2088712601739601,0.2643040246979775
s03_0train_r0_t14,3,0train,0,14,1,25855,False,PSD44_LDA,1,1,probability,0.40124999944849693,0.15250986302938177,0.2241478799857881,0.22209225753633324
s03_0train_r0_t15,3,0train,0,15,4,27822,False,PSD44_LDA,4,4,probability,0.1548801433782372,0.11019661243210203,0.2839226987036857,0.45100054548597507
s03_0train_r0_t16,3,0train,0,16,4,29942,False,PSD44_LDA,4,4,probability,0.1213294493381752,0.08878490763209503,0.22556041058962487,0.5643252324401049
s03_0train_r0_t17,3,0train,0,17,4,31950,False,PSD44_LDA,4,4,probability,0.11166513193493485,0.14303171129950093,0.2771724931345243,0.46813066363103983
s03_0train_r0_t18,3,0train,0,18,4,34016,False,PSD44_LDA,4,4,probability,0.23022539285801366,0.15680815752720173,0.24595395907779535,0.36701249053698926
s03_0train_r0_t19,3,0train,0,19,4,36052,False,PSD44_LDA,4,4,probability,0.07882520793288227,0.10558382768644324,0.25916552574278723,0.5564254386378872
s03_0train_r0_t20,3,0train,0,20,1,38118,False,PSD44_LDA,1,1,probability,0.43653048512537423,0.2036637965317343,0.16575356165400892,0.1940521566888826
s03_0train_r0_t21,3,0train,0,21,3,40188,False,PSD44_LDA,3,4,probability,0.20414781394146195,0.1973839381977339,0.2619134243350809,0.33655482352572325
s03_0train_r0_t22,3,0train,0,22,2,42268,False,PSD44_LDA,2,3,probability,0.23971021383257274,0.11219597843568237,0.33214045837818307,0.3159533493535618
s03_0train_r0_t23,3,0train,0,23,1,44180,False,PSD44_LDA,1,4,probability,0.3433897722661391,0.10787976834825892,0.1676323135197887,0.3810981458658134
s03_0train_r0_t24,3,0train,0,24,1,46211,False,PSD44_LDA,1,4,probability,0.11929213435611823,0.1333787671364225,0.26106745137538717,0.486261647132072
s03_0train_r0_t25,3,0train,0,25,3,48164,False,PSD44_LDA,3,3,probability,0.1240807734830702,0.06636217764357188,0.4248655783519177,0.38469147052144026
s03_0train_r0_t26,3,0train,0,26,4,50125,False,PSD44_LDA,4,4,probability,0.050806781750064714,0.08337681430085606,0.30797924291799006,0.5578371610310892
s03_0train_r0_t27,3,0train,0,27,1,52229,True,PSD44_LDA,1,3,probability,0.0707318170391909,0.05697880150665651,0.5945422643271333,0.2777471171270193
s03_0train_r0_t28,3,0train,0,28,3,54233,False,PSD44_LDA,3,3,probability,0.09518544207684748,0.09071671950988952,0.44091267683199437,0.37318516158126863
s03_0train_r0_t29,3,0train,0,29,3,56208,True,PSD44_LDA,3,3,probability,0.18750557740089463,0.21312321050000643,0.36911722091594995,0.2302539911831491
s03_0train_r0_t30,3,0train,0,30,3,58234,True,PSD44_LDA,3,4,probability,0.17329274738220116,0.12419858816707117,0.30184810701657255,0.400660557434155
s03_0train_r0_t31,3,0train,0,31,1,60305,False,PSD44_LDA,1,3,probability,0.17423521588992577,0.11426514777006234,0.3711418607593972,0.34035777558061475
s03_0train_r0_t32,3,0train,0,32,2,62412,False,PSD44_LDA,2,2,probability,0.14394783915472295,0.42450315396811383,0.27762297405547337,0.15392603282168982
s03_0train_r0_t33,3,0train,0,33,1,64504,False,PSD44_LDA,1,4,probability,0.2237066790319116,0.1654603722554023,0.21843800677367806,0.392394941939008
s03_0train_r0_t34,3,0train,0,34,2,66595,False,PSD44_LDA,2,4,probability,0.15592723153808646,0.1302195344547924,0.25369717003189457,0.4601560639752265
s03_0train_r0_t35,3,0train,0,35,2,68638,False,PSD44_LDA,2,4,probability,0.1874163716986864,0.27519262854315923,0.224753902306749,0.3126370974514054
s03_0train_r0_t36,3,0train,0,36,1,70702,False,PSD44_LDA,1,1,probability,0.3018905571536176,0.1881235698647533,0.27390569955547506,0.2360801734261541
s03_0train_r0_t37,3,0train,0,37,2,72722,False,PSD44_LDA,2,4,probability,0.23874335959815846,0.17355783968618538,0.24788219966956684,0.3398166010460893
s03_0train_r0_t38,3,0train,0,38,3,74694,False,PSD44_LDA,3,4,probability,0.19666300271556764,0.10583686167368281,0.31192751181254313,0.3855726237982064
s03_0train_r0_t39,3,0train,0,39,2,76657,False,PSD44_LDA,2,4,probability,0.14822308048276833,0.15068496289501954,0.1403789503541739,0.5607130062680383
s03_0train_r0_t40,3,0train,0,40,3,78582,False,PSD44_LDA,3,3,probability,0.10719594699250999,0.14003477779008605,0.4158273175485244,0.3369419576688795
s03_0train_r0_t41,3,0train,0,41,3,80663,False,PSD44_LDA,3,4,probability,0.13835561985047568,0.18162836637371038,0.24757368992195802,0.4324423238538559
s03_0train_r0_t42,3,0train,0,42,4,82641,False,PSD44_LDA,4,4,probability,0.10620396984740664,0.09570988098834537,0.35692254520849787,0.44116360395575016
s03_0train_r0_t43,3,0train,0,43,3,84631,False,PSD44_LDA,3,4,probability,0.1065871730521987,0.13390444131253978,0.3157960402202503,0.4437123454150111
s03_0train_r0_t44,3,0train,0,44,3,86750,False,PSD44_LDA,3,3,probability,0.15746494074051762,0.1691027998507112,0.3425254337541827,0.33090682565458845
s03_0train_r0_t45,3,0train,0,45,4,88656,False,PSD44_LDA,4,4,probability,0.0948346595558209,0.14127743506906432,0.2161164056737889,0.5477714997013259
s03_0train_r0_t46,3,0train,0,46,4,90584,False,PSD44_LDA,4,4,probability,0.10529919510795276,0.11092600330210758,0.28029832361151175,0.503476477978428
s03_0train_r0_t47,3,0train,0,47,4,92698,False,PSD44_LDA,4,4,probability,0.07542098052132634,0.11731533896298166,0.23936054001903018,0.5679031404966618
s03_0train_r0_t48,3,0train,0,48,4,94757,False,PSD44_LDA,4,4,probability,0.13193933806399616,0.1595874972797827,0.24871164443389582,0.45976152022232525
s03_0train_r1_t01,3,0train,1,1,4,250,False,PSD44_LDA,4,4,probability,0.16686616739308918,0.17473468289143115,0.3113388586821533,0.34706029103332636
s03_0train_r1_t02,3,0train,1,2,3,2253,False,PSD44_LDA,3,3,probability,0.12355160972911505,0.13073470602412904,0.38748722054406276,0.3582264637026933
s03_0train_r1_t03,3,0train,1,3,2,4171,False,PSD44_LDA,2,1,probability,0.2825294574135222,0.24134480020673774,0.241973775373538,0.23415196700620203
s03_0train_r1_t04,3,0train,1,4,1,6123,False,PSD44_LDA,1,4,probability,0.25257092804742554,0.18544786841930258,0.25345045721283965,0.30853074632043226
s03_0train_r1_t05,3,0train,1,5,1,8131,False,PSD44_LDA,1,4,probability,0.24386367930718303,0.26555743996774334,0.15897252250380187,0.3316063582212718
s03_0train_r1_t06,3,0train,1,6,2,10242,False,PSD44_LDA,2,2,probability,0.16980332537544018,0.35123645598415665,0.21999198859061245,0.2589682300497906
s03_0train_r1_t07,3,0train,1,7,3,12159,False,PSD44_LDA,3,4,probability,0.041661387832792274,0.0874834452694993,0.3546877923855432,0.5161673745121652
s03_0train_r1_t08,3,0train,1,8,4,14209,False,PSD44_LDA,4,4,probability,0.03354197985980193,0.03604328944318332,0.20808912062573198,0.7223256100712828
s03_0train_r1_t09,3,0train,1,9,2,16140,False,PSD44_LDA,2,4,probability,0.2045494734282216,0.13912436820635782,0.26046189469294556,0.39586426367247496
s03_0train_r1_t10,3,0train,1,10,3,18138,True,PSD44_LDA,3,4,probability,0.2722241220626084,0.12111437303446917,0.3023219307265883,0.3043395741763343
s03_0train_r1_t11,3,0train,1,11,1,20044,False,PSD44_LDA,1,1,probability,0.3281864939649287,0.2043210887034261,0.16748668238079395,0.30000573495085114
s03_0train_r1_t12,3,0train,1,12,1,21939,False,PSD44_LDA,1,4,probability,0.31136028643680996,0.130747315014731,0.18212626264431622,0.37576613590414276
s03_0train_r1_t13,3,0train,1,13,1,23911,False,PSD44_LDA,1,4,probability,0.0724677394105091,0.0859054389836012,0.2353857681092828,0.6062410534966068
s03_0train_r1_t14,3,0train,1,14,4,25855,False,PSD44_LDA,4,4,probability,0.05118361726868563,0.09278535045509739,0.26101779022299443,0.5950132420532226
s03_0train_r1_t15,3,0train,1,15,2,27822,False,PSD44_LDA,2,1,probability,0.4593940226504913,0.20934822199385983,0.1560273457701609,0.17523040958548794
s03_0train_r1_t16,3,0train,1,16,2,29942,False,PSD44_LDA,2,4,probability,0.2070726297674719,0.2330726393358116,0.2771579729005802,0.2826967579961363
s03_0train_r1_t17,3,0train,1,17,1,31950,False,PSD44_LDA,1,4,probability,0.11996609793486733,0.06268392962662571,0.137822132946751,0.679527839491756
s03_0train_r1_t18,3,0train,1,18,1,34016,False,PSD44_LDA,1,4,probability,0.06365924703523085,0.07820896630638623,0.20715084268780123,0.6509809439705817
s03_0train_r1_t19,3,0train,1,19,3,36052,True,PSD44_LDA,3,4,probability,0.11287397654905817,0.06892174691343615,0.3859945969898086,0.43220967954769707
s03_0train_r1_t20,3,0train,1,20,1,38118,False,PSD44_LDA,1,4,probability,0.15320274842633883,0.11026951719862794,0.3636422137783333,0.37288552059669994
s03_0train_r1_t21,3,0train,1,21,2,40188,True,PSD44_LDA,2,4,probability,0.10393216751559921,0.2817164710080687,0.288920617893837,0.325430743582495
s03_0train_r1_t22,3,0train,1,22,4,42268,False,PSD44_LDA,4,4,probability,0.0617524786791238,0.16268748354987064,0.15191373579791867,0.6236463019730869
s03_0train_r1_t23,3,0train,1,23,4,44180,False,PSD44_LDA,4,4,probability,0.13783892464101508,0.18021978764573407,0.16574962088352976,0.5161916668297211
s03_0train_r1_t24,3,0train,1,24,3,46211,False,PSD44_LDA,3,4,probability,0.0952947787810871,0.06651228676205147,0.2923247640631474,0.545868170393714
s03_0train_r1_t25,3,0train,1,25,1,48164,False,PSD44_LDA,1,4,probability,0.14791504346860343,0.21384377535004437,0.1158187505131631,0.522422430668189
s03_0train_r1_t26,3,0train,1,26,4,50125,False,PSD44_LDA,4,4,probability,0.028748762131167883,0.04988103132925037,0.1513760487380774,0.7699941578015043
s03_0train_r1_t27,3,0train,1,27,4,52229,False,PSD44_LDA,4,4,probability,0.07039103301780052,0.10328195114996515,0.23337653446787168,0.5929504813643627
s03_0train_r1_t28,3,0train,1,28,2,54233,False,PSD44_LDA,2,4,probability,0.18587668578103955,0.13379052123162788,0.23794770884406316,0.4423850841432695
s03_0train_r1_t29,3,0train,1,29,4,56208,False,PSD44_LDA,4,4,probability,0.10922364843115165,0.06375727267789312,0.16160977350998457,0.6654093053809708
s03_0train_r1_t30,3,0train,1,30,4,58234,False,PSD44_LDA,4,4,probability,0.17401991107107598,0.12207510294217366,0.3079369829743228,0.3959680030124276
s03_0train_r1_t31,3,0train,1,31,2,60305,False,PSD44_LDA,2,4,probability,0.11099521339602501,0.14109556889552463,0.2227102425880031,0.5251989751204473
s03_0train_r1_t32,3,0train,1,32,1,62412,False,PSD44_LDA,1,4,probability,0.1048286709855488,0.0741750398839996,0.24537099726669717,0.5756252918637544
s03_0train_r1_t33,3,0train,1,33,2,64504,False,PSD44_LDA,2,4,probability,0.21954407474090082,0.20131795158620303,0.22007356508106832,0.3590644085918279
s03_0train_r1_t34,3,0train,1,34,3,66595,False,PSD44_LDA,3,4,probability,0.1541448042010944,0.11952907802335835,0.3162827538703301,0.4100433639052171
s03_0train_r1_t35,3,0train,1,35,3,68638,False,PSD44_LDA,3,4,probability,0.10345253636823372,0.1540901575568933,0.17093550742023184,0.5715217986546411
s03_0train_r1_t36,3,0train,1,36,3,70702,False,PSD44_LDA,3,3,probability,0.11473679508094221,0.11419250042830939,0.48403645331733114,0.2870342511734172
s03_0train_r1_t37,3,0train,1,37,4,72722,False,PSD44_LDA,4,4,probability,0.16261861792679158,0.13517171489204813,0.26039241276520864,0.4418172544159516
s03_0train_r1_t38,3,0train,1,38,3,74694,False,PSD44_LDA,3,4,probability,0.13683873098474,0.13853280144796504,0.2793542142193487,0.4452742533479463
s03_0train_r1_t39,3,0train,1,39,1,76657,False,PSD44_LDA,1,4,probability,0.17002623927932023,0.18335882856453373,0.17827457073872272,0.46834036141742336
s03_0train_r1_t40,3,0train,1,40,4,78582,False,PSD44_LDA,4,4,probability,0.03955203326362932,0.11338961859272759,0.36333602705725887,0.4837223210863842
s03_0train_r1_t41,3,0train,1,41,2,80663,True,PSD44_LDA,2,4,probability,0.19661789431136262,0.18760013059459768,0.2285396418840758,0.387242333209964
s03_0train_r1_t42,3,0train,1,42,3,82641,False,PSD44_LDA,3,4,probability,0.16337963078691645,0.10174190801903168,0.28576188561827937,0.44911657557577245
s03_0train_r1_t43,3,0train,1,43,2,84631,False,PSD44_LDA,2,4,probability,0.09892626809149752,0.1875338827346271,0.3140301238739618,0.39950972529991363
s03_0train_r1_t44,3,0train,1,44,3,86750,False,PSD44_LDA,3,4,probability,0.11836106314277532,0.09632046788299507,0.27095916220140087,0.5143593067728288
s03_0train_r1_t45,3,0train,1,45,4,88656,False,PSD44_LDA,4,4,probability,0.11624319951527728,0.13682140205226923,0.21043769400209578,0.5364977044303577
s03_0train_r1_t46,3,0train,1,46,2,90584,False,PSD44_LDA,2,4,probability,0.14436591893581224,0.1194299299510836,0.35335254291047347,0.38285160820263064
s03_0train_r1_t47,3,0train,1,47,3,92698,False,PSD44_LDA,3,4,probability,0.1193835814178683,0.23856182477555682,0.310188065809492,0.3318665279970829
s03_0train_r1_t48,3,0train,1,48,1,94757,False,PSD44_LDA,1,4,probability,0.16240986854586684,0.12846106391557102,0.14808344584553282,0.5610456216930293
s03_0train_r2_t01,3,0train,2,1,1,250,False,PSD44_LDA,1,1,probability,0.42397890689194917,0.28975886026425673,0.18160560755459318,0.1046566252892011
s03_0train_r2_t02,3,0train,2,2,1,2253,False,PSD44_LDA,1,4,probability,0.21351945593072913,0.16546476572681282,0.26756205611087686,0.3534537222315812
s03_0train_r2_t03,3,0train,2,3,4,4171,False,PSD44_LDA,4,4,probability,0.11848880618351182,0.13200335552637232,0.26145881327803644,0.48804902501207936
s03_0train_r2_t04,3,0train,2,4,2,6123,False,PSD44_LDA,2,4,probability,0.1222258405605231,0.18822727899353828,0.2893022744654065,0.400244605980532
s03_0train_r2_t05,3,0train,2,5,1,8131,False,PSD44_LDA,1,4,probability,0.2231673083932357,0.0909222240768881,0.3367523519737945,0.3491581155560817
s03_0train_r2_t06,3,0train,2,6,3,10242,False,PSD44_LDA,3,4,probability,0.2406587816552836,0.20052940292700586,0.25807125671145437,0.3007405587062561
s03_0train_r2_t07,3,0train,2,7,1,12159,False,PSD44_LDA,1,4,probability,0.24425282060350093,0.1409054227449644,0.30569414786918414,0.30914760878235054
s03_0train_r2_t08,3,0train,2,8,3,14209,False,PSD44_LDA,3,4,probability,0.09407898301698622,0.14154506111073992,0.3806298182072973,0.38374613766497656
s03_0train_r2_t09,3,0train,2,9,2,16140,False,PSD44_LDA,2,4,probability,0.12079687361080144,0.11488694820015526,0.3642262091437936,0.4000899690452498
s03_0train_r2_t10,3,0train,2,10,4,18138,False,PSD44_LDA,4,4,probability,0.0812673963218451,0.14940428405487685,0.23026957521645164,0.5390587444068263
s03_0train_r2_t11,3,0train,2,11,1,20044,False,PSD44_LDA,1,1,probability,0.3593611089053108,0.15099138565498588,0.23726412888169207,0.2523833765580113
s03_0train_r2_t12,3,0train,2,12,3,21939,False,PSD44_LDA,3,4,probability,0.0963474668697588,0.06788893470072596,0.3776136707749756,0.4581499276545396
s03_0train_r2_t13,3,0train,2,13,3,23911,False,PSD44_LDA,3,4,probability,0.08373581292191971,0.13327209833670314,0.3878028919234547,0.3951891968179225
s03_0train_r2_t14,3,0train,2,14,1,25855,False,PSD44_LDA,1,4,probability,0.05044836616911154,0.09575089640894377,0.39175776996764755,0.4620429674542972
s03_0train_r2_t15,3,0train,2,15,3,27822,False,PSD44_LDA,3,4,probability,0.2726504709196847,0.1873250071395059,0.2231517564807165,0.3168727654600929
s03_0train_r2_t16,3,0train,2,16,2,29942,False,PSD44_LDA,2,1,probability,0.32029123109789015,0.23352906564985687,0.2797430537707451,0.16643664948150796
s03_0train_r2_t17,3,0train,2,17,4,31950,False,PSD44_LDA,4,4,probability,0.09575266961914701,0.08304486647686757,0.2162093456844678,0.6049931182195176
s03_0train_r2_t18,3,0train,2,18,4,34016,True,PSD44_LDA,4,4,probability,0.061427821888679776,0.09631616081010698,0.2571865745539684,0.5850694427472448
s03_0train_r2_t19,3,0train,2,19,4,36052,False,PSD44_LDA,4,4,probability,0.15122236142184,0.12013274660419279,0.2792297558619967,0.4494151361119705
s03_0train_r2_t20,3,0train,2,20,3,38118,False,PSD44_LDA,3,3,probability,0.14401414743047225,0.14307571560636084,0.4234286977818999,0.2894814391812671
s03_0train_r2_t21,3,0train,2,21,1,40188,False,PSD44_LDA,1,4,probability,0.22493030190133534,0.14341534180424323,0.2997148293652638,0.3319395269291577
s03_0train_r2_t22,3,0train,2,22,4,42268,False,PSD44_LDA,4,4,probability,0.18752871708632646,0.10126463340604917,0.2928130949476796,0.41839355455994487
s03_0train_r2_t23,3,0train,2,23,2,44180,False,PSD44_LDA,2,2,probability,0.24043160892487533,0.2960574563443436,0.2702576127336581,0.19325332199712308
s03_0train_r2_t24,3,0train,2,24,4,46211,False,PSD44_LDA,4,4,probability,0.1278972441539447,0.10363373844361022,0.2179644863141481,0.550504531088297
s03_0train_r2_t25,3,0train,2,25,2,48164,False,PSD44_LDA,2,2,probability,0.21212721701556211,0.37249924511119753,0.3259982202167333,0.08937531765650708
s03_0train_r2_t26,3,0train,2,26,1,50125,False,PSD44_LDA,1,4,probability,0.201393943489274,0.1849295339153085,0.2528478853715941,0.3608286372238234
s03_0train_r2_t27,3,0train,2,27,3,52229,False,PSD44_LDA,3,4,probability,0.05234426172010517,0.1416440814579387,0.3085903467027532,0.49742131011920276
s03_0train_r2_t28,3,0train,2,28,2,54233,False,PSD44_LDA,2,3,probability,0.16110877283653385,0.10950417929724783,0.39191890492536097,0.3374681429408573
s03_0train_r2_t29,3,0train,2,29,1,56208,False,PSD44_LDA,1,3,probability,0.27596710555709064,0.16549873879109153,0.28109282215593145,0.27744133349588646
s03_0train_r2_t30,3,0train,2,30,3,58234,False,PSD44_LDA,3,4,probability,0.14806846783735514,0.17105714205291578,0.3387053706747785,0.3421690194349506
s03_0train_r2_t31,3,0train,2,31,3,60305,False,PSD44_LDA,3,3,probability,0.10014846532907716,0.1173405443678063,0.4199874966479356,0.36252349365518094
s03_0train_r2_t32,3,0train,2,32,1,62412,False,PSD44_LDA,1,3,probability,0.19407601108813888,0.10712861951456479,0.3897161259545977,0.3090792434426985
s03_0train_r2_t33,3,0train,2,33,3,64504,False,PSD44_LDA,3,4,probability,0.10181504363742734,0.1346393409068172,0.35156378406380867,0.4119818313919468
s03_0train_r2_t34,3,0train,2,34,4,66595,False,PSD44_LDA,4,4,probability,0.08120757809080337,0.12905047622172514,0.18586939005402758,0.6038725556334439
s03_0train_r2_t35,3,0train,2,35,4,68638,False,PSD44_LDA,4,4,probability,0.13994574030847845,0.09249708533043184,0.18157248010184737,0.5859846942592424
s03_0train_r2_t36,3,0train,2,36,2,70702,False,PSD44_LDA,2,1,probability,0.41310118867050866,0.2588226868529085,0.12644352108542375,0.20163260339115907
s03_0train_r2_t37,3,0train,2,37,1,72722,False,PSD44_LDA,1,4,probability,0.18791056404268885,0.17356009592308586,0.12160496062086845,0.5169243794133569
s03_0train_r2_t38,3,0train,2,38,2,74694,False,PSD44_LDA,2,4,probability,0.2533217034813444,0.21211849583080503,0.1916566002826837,0.3429032004051669
s03_0train_r2_t39,3,0train,2,39,4,76657,False,PSD44_LDA,4,4,probability,0.13612789196774372,0.04960034769694908,0.2097571527696133,0.6045146075656939
s03_0train_r2_t40,3,0train,2,40,2,78582,False,PSD44_LDA,2,4,probability,0.1748621697271144,0.2530425077729555,0.1717795799576385,0.40031574254229163
s03_0train_r2_t41,3,0train,2,41,4,80663,False,PSD44_LDA,4,4,probability,0.08032649673174275,0.14001710027007475,0.2665708551032434,0.5130855478949391
s03_0train_r2_t42,3,0train,2,42,3,82641,False,PSD44_LDA,3,4,probability,0.12850546066978263,0.17326279019500124,0.3224019168087195,0.37582983232649664
s03_0train_r2_t43,3,0train,2,43,2,84631,False,PSD44_LDA,2,4,probability,0.21893580147654382,0.185581383579102,0.22309182210474618,0.3723909928396079
s03_0train_r2_t44,3,0train,2,44,2,86750,False,PSD44_LDA,2,4,probability,0.2104886610963258,0.21939833622510496,0.26497414152909354,0.3051388611494757
s03_0train_r2_t45,3,0train,2,45,2,88656,False,PSD44_LDA,2,2,probability,0.3032943759719753,0.46104785113198504,0.1476880580224944,0.08796971487354524
s03_0train_r2_t46,3,0train,2,46,3,90584,False,PSD44_LDA,3,4,probability,0.051276339448187894,0.04812958933582383,0.37582975346202624,0.524764317753962
s03_0train_r2_t47,3,0train,2,47,4,92698,False,PSD44_LDA,4,4,probability,0.08777338858101133,0.12752830990948102,0.28712342368439103,0.4975748778251166
s03_0train_r2_t48,3,0train,2,48,1,94757,False,PSD44_LDA,1,4,probability,0.1994975240086846,0.16099973024247055,0.2546539195184837,0.38484882623036104
s03_0train_r3_t01,3,0train,3,1,2,250,True,PSD44_LDA,2,3,probability,0.20981129734584153,0.13551448845248723,0.40645557533733256,0.24821863886433873
s03_0train_r3_t02,3,0train,3,2,4,2253,True,PSD44_LDA,4,4,probability,0.058236110802823066,0.04379939152034249,0.34318621778815955,0.5547782798886749
s03_0train_r3_t03,3,0train,3,3,1,4171,False,PSD44_LDA,1,4,probability,0.07895765951853001,0.08304703038216359,0.20631701537052036,0.631678294728786
s03_0train_r3_t04,3,0train,3,4,3,6123,False,PSD44_LDA,3,4,probability,0.05962107123807594,0.09118419888194462,0.3232324003631793,0.5259623295168001
s03_0train_r3_t05,3,0train,3,5,3,8131,False,PSD44_LDA,3,4,probability,0.11725959530026764,0.28628986099745884,0.261073142253143,0.33537740144913053
s03_0train_r3_t06,3,0train,3,6,4,10242,False,PSD44_LDA,4,4,probability,0.05706289160566871,0.09955395748110683,0.31173496710513526,0.5316481838080892
s03_0train_r3_t07,3,0train,3,7,1,12159,True,PSD44_LDA,1,4,probability,0.10915000544762923,0.21912829269970927,0.2822802144455875,0.38944148740707396
s03_0train_r3_t08,3,0train,3,8,1,14209,False,PSD44_LDA,1,4,probability,0.10033885870643011,0.09497343026130796,0.2173262341711387,0.5873614768611232
s03_0train_r3_t09,3,0train,3,9,3,16140,True,PSD44_LDA,3,4,probability,0.1085105027235862,0.19550746100009353,0.23609181448622452,0.4598902217900958
s03_0train_r3_t10,3,0train,3,10,2,18138,False,PSD44_LDA,2,4,probability,0.2280674522884991,0.2384867698254023,0.18114954255040563,0.35229623533569304
s03_0train_r3_t11,3,0train,3,11,4,20044,False,PSD44_LDA,4,4,probability,0.18587234753481763,0.132626466740845,0.16184068789964,0.5196604978246974
s03_0train_r3_t12,3,0train,3,12,4,21939,False,PSD44_LDA,4,4,probability,0.05355356563925733,0.10008179638422325,0.13418057822158794,0.7121840597549315
s03_0train_r3_t13,3,0train,3,13,4,23911,False,PSD44_LDA,4,4,probability,0.06281985508662813,0.07576884497780163,0.296955631237765,0.5644556686978052
s03_0train_r3_t14,3,0train,3,14,2,25855,False,PSD44_LDA,2,4,probability,0.12454390696046772,0.16605625176062624,0.33765671078769127,0.3717431304912147
s03_0train_r3_t15,3,0train,3,15,1,27822,False,PSD44_LDA,1,4,probability,0.05128656469115126,0.04388686159615225,0.3272760255691113,0.5775505481435852
s03_0train_r3_t16,3,0train,3,16,3,29942,False,PSD44_LDA,3,4,probability,0.12415432131434456,0.08847777104958117,0.2635895156493913,0.523778391986683
s03_0train_r3_t17,3,0train,3,17,2,31950,False,PSD44_LDA,2,4,probability,0.20612375585946968,0.13303596760129438,0.28556498078969395,0.37527529574954194
s03_0train_r3_t18,3,0train,3,18,4,34016,False,PSD44_LDA,4,4,probability,0.15555759374469977,0.1692564145140092,0.15317508085447215,0.522010910886819
s03_0train_r3_t19,3,0train,3,19,1,36052,False,PSD44_LDA,1,4,probability,0.1308279524528117,0.06184901006817999,0.19771819889832412,0.6096048385806841
s03_0train_r3_t20,3,0train,3,20,4,38118,False,PSD44_LDA,4,4,probability,0.08736282939156971,0.0509106205195718,0.28141600215618123,0.5803105479326773
s03_0train_r3_t21,3,0train,3,21,3,40188,False,PSD44_LDA,3,4,probability,0.08069438246794387,0.07237972592819628,0.31692769725391445,0.5299981943499454
s03_0train_r3_t22,3,0train,3,22,2,42268,False,PSD44_LDA,2,3,probability,0.2785060843863556,0.09657893510702316,0.35732783757957803,0.2675871429270431
s03_0train_r3_t23,3,0train,3,23,4,44180,False,PSD44_LDA,4,4,probability,0.10028561984041778,0.07934835647011809,0.3042987631462799,0.5160672605431842
s03_0train_r3_t24,3,0train,3,24,4,46211,False,PSD44_LDA,4,4,probability,0.0867624703638149,0.0700066737040976,0.2549853771931964,0.588245478738891
s03_0train_r3_t25,3,0train,3,25,1,48164,False,PSD44_LDA,1,4,probability,0.11446520017380715,0.09592763585440114,0.21035737721558934,0.5792497867562024
s03_0train_r3_t26,3,0train,3,26,2,50125,False,PSD44_LDA,2,4,probability,0.15030995561204524,0.1818368800895734,0.22706379711470193,0.4407893671836795
s03_0train_r3_t27,3,0train,3,27,2,52229,False,PSD44_LDA,2,4,probability,0.2348208320140285,0.20029089706302294,0.19828226048546857,0.36660601043747987
s03_0train_r3_t28,3,0train,3,28,3,54233,False,PSD44_LDA,3,3,probability,0.07131496443965585,0.08757570609272096,0.45284376934433074,0.3882655601232925
s03_0train_r3_t29,3,0train,3,29,4,56208,False,PSD44_LDA,4,4,probability,0.10749486413595738,0.12840762893258673,0.23004895825980504,0.5340485486716507
s03_0train_r3_t30,3,0train,3,30,2,58234,False,PSD44_LDA,2,2,probability,0.27119606108405264,0.33427902377262575,0.1946079626392539,0.1999169525040678
s03_0train_r3_t31,3,0train,3,31,1,60305,False,PSD44_LDA,1,4,probability,0.20996239174159811,0.10031836575074456,0.1302148639162507,0.5595043785914066
s03_0train_r3_t32,3,0train,3,32,1,62412,False,PSD44_LDA,1,4,probability,0.31263100046134185,0.09308314682778604,0.210191808863809,0.384094043847063
s03_0train_r3_t33,3,0train,3,33,4,64504,False,PSD44_LDA,4,4,probability,0.06005600096696335,0.04026626483669313,0.23476183025486297,0.6649159039414806
s03_0train_r3_t34,3,0train,3,34,2,66595,False,PSD44_LDA,2,4,probability,0.13858401361760697,0.05472098039556959,0.2401202375111834,0.5665747684756401
s03_0train_r3_t35,3,0train,3,35,1,68638,False,PSD44_LDA,1,4,probability,0.1320814802575706,0.11833090305837234,0.12742829413433615,0.622159322549721
s03_0train_r3_t36,3,0train,3,36,3,70702,True,PSD44_LDA,3,4,probability,0.17066804216276912,0.10729556556404007,0.35442774838047664,0.3676086438927142
s03_0train_r3_t37,3,0train,3,37,2,72722,True,PSD44_LDA,2,2,probability,0.18940215447696956,0.46050915518105817,0.218144519817904,0.1319441705240682
s03_0train_r3_t38,3,0train,3,38,2,74694,False,PSD44_LDA,2,4,probability,0.16248266557710364,0.2169133871309279,0.2954731459603882,0.3251308013315802
s03_0train_r3_t39,3,0train,3,39,3,76657,False,PSD44_LDA,3,4,probability,0.14081671135827756,0.09933038336284285,0.2828460259240428,0.4770068793548369
s03_0train_r3_t40,3,0train,3,40,1,78582,True,PSD44_LDA,1,4,probability,0.1969544314859118,0.1461163504634684,0.2281812096429247,0.42874800840769506
s03_0train_r3_t41,3,0train,3,41,4,80663,False,PSD44_LDA,4,4,probability,0.06936204534806935,0.04129427059747264,0.2895307553788712,0.5998129286755868
s03_0train_r3_t42,3,0train,3,42,3,82641,False,PSD44_LDA,3,3,probability,0.09251424244475656,0.1271993844197867,0.4496255925857,0.3306607805497568
s03_0train_r3_t43,3,0train,3,43,3,84631,False,PSD44_LDA,3,4,probability,0.1360886411752732,0.08315738061629539,0.2266694598940786,0.5540845183143529
s03_0train_r3_t44,3,0train,3,44,3,86750,False,PSD44_LDA,3,4,probability,0.2895635039359157,0.1431336889662518,0.2759908600829158,0.2913119470149167
s03_0train_r3_t45,3,0train,3,45,3,88656,False,PSD44_LDA,3,4,probability,0.04605908341566121,0.07300917730484721,0.31579880124634296,0.5651329380331486
s03_0train_r3_t46,3,0train,3,46,1,90584,False,PSD44_LDA,1,4,probability,0.180965547854691,0.12109106044638246,0.31259138677564524,0.38535200492328137
s03_0train_r3_t47,3,0train,3,47,2,92698,False,PSD44_LDA,2,4,probability,0.14537422900193117,0.1865425683172651,0.3043679990335408,0.363715203647263
s03_0train_r3_t48,3,0train,3,48,1,94757,False,PSD44_LDA,1,4,probability,0.23253936863526864,0.10890210418707857,0.23037472559775923,0.4281838015798935
s03_0train_r4_t01,3,0train,4,1,2,250,False,PSD44_LDA,2,1,probability,0.29619149647598364,0.2698033823148108,0.27147755143817626,0.1625275697710293
s03_0train_r4_t02,3,0train,4,2,1,2253,False,PSD44_LDA,1,1,probability,0.34371695258595025,0.15026699952088762,0.17004104745497844,0.33597500043818374
s03_0train_r4_t03,3,0train,4,3,1,4171,False,PSD44_LDA,1,1,probability,0.3065552932510115,0.18827599127301886,0.20565744783647957,0.2995112676394901
s03_0train_r4_t04,3,0train,4,4,3,6123,False,PSD44_LDA,3,4,probability,0.16012606065878596,0.0744630976115464,0.26789632399361735,0.4975145177360504
s03_0train_r4_t05,3,0train,4,5,3,8131,False,PSD44_LDA,3,4,probability,0.07213873901740991,0.10664091308615477,0.2852833581305095,0.5359369897659259
s03_0train_r4_t06,3,0train,4,6,2,10242,False,PSD44_LDA,2,4,probability,0.20017048385537986,0.24255310248579412,0.24140993230498717,0.3158664813538389
s03_0train_r4_t07,3,0train,4,7,3,12159,False,PSD44_LDA,3,4,probability,0.0659317930691847,0.07381293296587219,0.2708973405400924,0.5893579334248508
s03_0train_r4_t08,3,0train,4,8,4,14209,False,PSD44_LDA,4,4,probability,0.13745998548213506,0.13182518875188676,0.14055645231905983,0.5901583734469183
s03_0train_r4_t09,3,0train,4,9,1,16140,False,PSD44_LDA,1,1,probability,0.3481940636559525,0.19838065819796166,0.2308727736885827,0.22255250445750305
s03_0train_r4_t10,3,0train,4,10,4,18138,False,PSD44_LDA,4,4,probability,0.10036988530988933,0.07001419743719757,0.20431121207375547,0.6253047051791577
s03_0train_r4_t11,3,0train,4,11,1,20044,False,PSD44_LDA,1,4,probability,0.1254961306851006,0.04105128448176407,0.17167784095196323,0.6617747438811721
s03_0train_r4_t12,3,0train,4,12,1,21939,False,PSD44_LDA,1,4,probability,0.21169214264567948,0.1555404419576019,0.16288985993539717,0.4698775554613215
s03_0train_r4_t13,3,0train,4,13,2,23911,False,PSD44_LDA,2,4,probability,0.1553562305502197,0.2574116940313085,0.281810536427029,0.3054215389914428
s03_0train_r4_t14,3,0train,4,14,4,25855,False,PSD44_LDA,4,4,probability,0.11245891835799057,0.12859837131373703,0.18659999036697364,0.5723427199612987
s03_0train_r4_t15,3,0train,4,15,3,27822,False,PSD44_LDA,3,4,probability,0.2103939221239216,0.16235088651512367,0.22085974634448624,0.4063954450164685
s03_0train_r4_t16,3,0train,4,16,2,29942,False,PSD44_LDA,2,4,probability,0.1587154815523647,0.16093631228985988,0.3161677142408342,0.3641804919169412
s03_0train_r4_t17,3,0train,4,17,4,31950,True,PSD44_LDA,4,4,probability,0.05527764577400643,0.19072889065262297,0.3335854690473805,0.42040799452599015
s03_0train_r4_t18,3,0train,4,18,3,34016,False,PSD44_LDA,3,4,probability,0.06713508444456447,0.11647551477206111,0.3624618681150243,0.45392753266835023
s03_0train_r4_t19,3,0train,4,19,4,36052,False,PSD44_LDA,4,4,probability,0.05808900810801763,0.13722435764575164,0.2116479444441567,0.5930386898020741
s03_0train_r4_t20,3,0train,4,20,3,38118,False,PSD44_LDA,3,4,probability,0.10764887679506478,0.17254068351332746,0.3193057660437128,0.4005046736478949
s03_0train_r4_t21,3,0train,4,21,4,40188,True,PSD44_LDA,4,4,probability,0.13164247615471353,0.20604098263229007,0.1602777337491891,0.5020388074638072
s03_0train_r4_t22,3,0train,4,22,2,42268,False,PSD44_LDA,2,2,probability,0.21620178825452238,0.33570179017431934,0.21516892868321313,0.23292749288794512
s03_0train_r4_t23,3,0train,4,23,2,44180,False,PSD44_LDA,2,4,probability,0.12174014806784962,0.1470563248494057,0.2681190325981642,0.46308449448458056
s03_0train_r4_t24,3,0train,4,24,4,46211,False,PSD44_LDA,4,4,probability,0.08566848148870525,0.1876963464906553,0.15010295629187592,0.5765322157287636
s03_0train_r4_t25,3,0train,4,25,1,48164,False,PSD44_LDA,1,4,probability,0.14102464116027136,0.23437787305803348,0.2505514750380089,0.37404601074368626
s03_0train_r4_t26,3,0train,4,26,2,50125,False,PSD44_LDA,2,4,probability,0.11585627558665082,0.37363506058355955,0.10869037843295794,0.4018182853968317
s03_0train_r4_t27,3,0train,4,27,2,52229,False,PSD44_LDA,2,4,probability,0.08365939460258084,0.07252979304597086,0.36083032046450186,0.4829804918869463
s03_0train_r4_t28,3,0train,4,28,2,54233,False,PSD44_LDA,2,4,probability,0.12719870256058025,0.13846096978629793,0.2730719073912986,0.46126842026182324
s03_0train_r4_t29,3,0train,4,29,3,56208,False,PSD44_LDA,3,4,probability,0.14800098021777167,0.11683588703145179,0.34412394317525347,0.391039189575523
s03_0train_r4_t30,3,0train,4,30,4,58234,False,PSD44_LDA,4,4,probability,0.07741954511368784,0.13491785183941835,0.2097081495850882,0.5779544534618056
s03_0train_r4_t31,3,0train,4,31,1,60305,False,PSD44_LDA,1,4,probability,0.15078804306690546,0.07205939034705508,0.35987021958746607,0.4172823469985733
s03_0train_r4_t32,3,0train,4,32,4,62412,False,PSD44_LDA,4,4,probability,0.05127051955312306,0.11305911176543007,0.1318040511216896,0.7038663175597573
s03_0train_r4_t33,3,0train,4,33,1,64504,False,PSD44_LDA,1,4,probability,0.11934995565779329,0.12100612666986321,0.1929585890688378,0.5666853286035057
s03_0train_r4_t34,3,0train,4,34,3,66595,False,PSD44_LDA,3,4,probability,0.20227717479906127,0.2411774697806579,0.2721981551816672,0.28434720023861365
s03_0train_r4_t35,3,0train,4,35,1,68638,False,PSD44_LDA,1,4,probability,0.23623828376914097,0.10501230998641166,0.22304448153126094,0.43570492471318645
s03_0train_r4_t36,3,0train,4,36,4,70702,False,PSD44_LDA,4,4,probability,0.17426118659317158,0.1569896609424625,0.24020363056921634,0.4285455218951495
s03_0train_r4_t37,3,0train,4,37,1,72722,False,PSD44_LDA,1,4,probability,0.07748852429524214,0.07775974346409442,0.27754833605583473,0.5672033961848286
s03_0train_r4_t38,3,0train,4,38,3,74694,False,PSD44_LDA,3,4,probability,0.04337811966799158,0.10743941268780449,0.37701059774810874,0.47217186989609505
s03_0train_r4_t39,3,0train,4,39,1,76657,False,PSD44_LDA,1,4,probability,0.06953486532848195,0.055411689131877086,0.2390739952868679,0.6359794502527731
s03_0train_r4_t40,3,0train,4,40,2,78582,False,PSD44_LDA,2,4,probability,0.14958855518195777,0.24597596136151717,0.17042498131855016,0.4340105021379749
s03_0train_r4_t41,3,0train,4,41,3,80663,False,PSD44_LDA,3,4,probability,0.25587062272387173,0.16124216791848933,0.15559531780019992,0.427291891557439
s03_0train_r4_t42,3,0train,4,42,3,82641,False,PSD44_LDA,3,3,probability,0.19662451506819165,0.2265597099162527,0.3132336673665726,0.263582107648983
s03_0train_r4_t43,3,0train,4,43,4,84631,False,PSD44_LDA,4,4,probability,0.22316769944681203,0.1830157716555873,0.23976902125595412,0.3540475076416465
s03_0train_r4_t44,3,0train,4,44,1,86750,False,PSD44_LDA,1,4,probability,0.24598899759694218,0.09823690988747052,0.19214110804043422,0.463632984475153
s03_0train_r4_t45,3,0train,4,45,2,88656,False,PSD44_LDA,2,4,probability,0.10869308254577038,0.13484793081747232,0.15501627496286222,0.6014427116738952
s03_0train_r4_t46,3,0train,4,46,4,90584,False,PSD44_LDA,4,4,probability,0.14311022397147616,0.07687868573073403,0.268111139173442,0.5118999511243478
s03_0train_r4_t47,3,0train,4,47,2,92698,False,PSD44_LDA,2,4,probability,0.20799555754734375,0.1602100947208155,0.2572692251559606,0.3745251225758801
s03_0train_r4_t48,3,0train,4,48,3,94757,False,PSD44_LDA,3,3,probability,0.15142958654980634,0.10318299527153273,0.40652745503026166,0.3388599631483993
s03_0train_r5_t01,3,0train,5,1,3,250,False,PSD44_LDA,3,1,probability,0.3306254858170457,0.19818269333027372,0.24138200667810691,0.22980981417457372
s03_0train_r5_t02,3,0train,5,2,1,2253,False,PSD44_LDA,1,1,probability,0.29463162681930566,0.21705699579623292,0.2687874058150423,0.21952397156941925
s03_0train_r5_t03,3,0train,5,3,4,4171,False,PSD44_LDA,4,4,probability,0.05279761395435008,0.12115111412629746,0.2459426188285689,0.5801086530907835
s03_0train_r5_t04,3,0train,5,4,2,6123,False,PSD44_LDA,2,4,probability,0.1941501635112793,0.14463244767268563,0.25315569863501186,0.4080616901810233
s03_0train_r5_t05,3,0train,5,5,4,8131,False,PSD44_LDA,4,4,probability,0.12133527019758937,0.10078221495305018,0.3425237694911335,0.43535874535822694
s03_0train_r5_t06,3,0train,5,6,1,10242,False,PSD44_LDA,1,4,probability,0.10284746778458997,0.09101629922915287,0.17349023465571006,0.6326459983305471
s03_0train_r5_t07,3,0train,5,7,1,12159,False,PSD44_LDA,1,4,probability,0.2374759286092802,0.1030989307190847,0.2487128935574509,0.41071224711418425
s03_0train_r5_t08,3,0train,5,8,3,14209,False,PSD44_LDA,3,4,probability,0.07999133622937495,0.1566742274972118,0.34210913734466597,0.4212252989287472
s03_0train_r5_t09,3,0train,5,9,3,16140,False,PSD44_LDA,3,4,probability,0.16394238349107423,0.1695951291800447,0.29119047930282443,0.37527200802605665
s03_0train_r5_t10,3,0train,5,10,2,18138,False,PSD44_LDA,2,4,probability,0.11575286608132938,0.1832996228278449,0.3148409619396238,0.3861065491512019
s03_0train_r5_t11,3,0train,5,11,4,20044,True,PSD44_LDA,4,4,probability,0.09186188451863045,0.09012272092720895,0.2617499875425095,0.5562654070116511
s03_0train_r5_t12,3,0train,5,12,2,21939,False,PSD44_LDA,2,4,probability,0.2303258456860231,0.11054782392102074,0.30703664702950945,0.35208968336344665
s03_0train_r5_t13,3,0train,5,13,2,23911,False,PSD44_LDA,2,4,probability,0.11057765170642603,0.13626502541243796,0.2581909066620943,0.49496641621904164
s03_0train_r5_t14,3,0train,5,14,1,25855,False,PSD44_LDA,1,4,probability,0.10040207943928274,0.09739076306127084,0.26956619774843366,0.5326409597510128
s03_0train_r5_t15,3,0train,5,15,2,27822,False,PSD44_LDA,2,4,probability,0.18441710504726563,0.20543800461799583,0.15894576358404147,0.45119912675069695
s03_0train_r5_t16,3,0train,5,16,4,29942,False,PSD44_LDA,4,4,probability,0.09236673866186175,0.12633132448001355,0.2693716872452386,0.5119302496128861
s03_0train_r5_t17,3,0train,5,17,4,31950,False,PSD44_LDA,4,4,probability,0.04822623619069594,0.05794872237318602,0.19793321854634183,0.6958918228897761
s03_0train_r5_t18,3,0train,5,18,2,34016,False,PSD44_LDA,2,4,probability,0.17622252506834646,0.14523588230329243,0.21006604246132096,0.4684755501670402
s03_0train_r5_t19,3,0train,5,19,2,36052,False,PSD44_LDA,2,2,probability,0.11673333185991426,0.3924711469443954,0.24588756332408976,0.24490795787160055
s03_0train_r5_t20,3,0train,5,20,2,38118,False,PSD44_LDA,2,4,probability,0.08472625526180945,0.12324018882165579,0.26159036275860253,0.5304431931579322
s03_0train_r5_t21,3,0train,5,21,2,40188,False,PSD44_LDA,2,4,probability,0.13997983605673175,0.2067344369302641,0.289884076599794,0.3634016504132101
s03_0train_r5_t22,3,0train,5,22,4,42268,False,PSD44_LDA,4,4,probability,0.18409804807743005,0.10354704184505835,0.2918526396236117,0.4205022704539
s03_0train_r5_t23,3,0train,5,23,4,44180,False,PSD44_LDA,4,4,probability,0.18903984319110476,0.15631172087513573,0.2156288290664794,0.43901960686728014
s03_0train_r5_t24,3,0train,5,24,3,46211,False,PSD44_LDA,3,3,probability,0.05991975469389333,0.0842005265449545,0.47676648361610485,0.37911323514504736
s03_0train_r5_t25,3,0train,5,25,4,48164,False,PSD44_LDA,4,4,probability,0.15864771316353427,0.1886000939998249,0.2606672068524477,0.39208498598419317
s03_0train_r5_t26,3,0train,5,26,1,50125,False,PSD44_LDA,1,4,probability,0.07335475826823373,0.029005095474853866,0.41490040281137514,0.48273974344553716
s03_0train_r5_t27,3,0train,5,27,2,52229,False,PSD44_LDA,2,4,probability,0.18430838553666676,0.20532803728917073,0.2961412575295878,0.3142223196445746
s03_0train_r5_t28,3,0train,5,28,3,54233,False,PSD44_LDA,3,4,probability,0.12828433045351015,0.12023286794530091,0.34152287098153533,0.4099599306196535
s03_0train_r5_t29,3,0train,5,29,2,56208,False,PSD44_LDA,2,4,probability,0.06600583334226798,0.08895187478665559,0.1791904595884504,0.665851832282626
s03_0train_r5_t30,3,0train,5,30,1,58234,False,PSD44_LDA,1,1,probability,0.32611824452152804,0.12711035273855917,0.22122619472664315,0.3255452080132697
s03_0train_r5_t31,3,0train,5,31,4,60305,False,PSD44_LDA,4,4,probability,0.08619027013201223,0.17490426344090612,0.22962576486268588,0.5092797015643957
s03_0train_r5_t32,3,0train,5,32,1,62412,False,PSD44_LDA,1,4,probability,0.09357508090052748,0.06482693946187003,0.3023154566735918,0.5392825229640108
s03_0train_r5_t33,3,0train,5,33,4,64504,False,PSD44_LDA,4,4,probability,0.07713137042063205,0.09913314034605084,0.2941315651669189,0.5296039240663981
s03_0train_r5_t34,3,0train,5,34,1,66595,False,PSD44_LDA,1,3,probability,0.12183974175286247,0.13226443999617832,0.45892803820096956,0.2869677800499897
s03_0train_r5_t35,3,0train,5,35,1,68638,False,PSD44_LDA,1,4,probability,0.1400038824815748,0.08738993946420014,0.30868111077257265,0.46392506728165245
s03_0train_r5_t36,3,0train,5,36,1,70702,False,PSD44_LDA,1,4,probability,0.06022926052993194,0.0679355240822118,0.2988534684793572,0.5729817469084991
s03_0train_r5_t37,3,0train,5,37,1,72722,False,PSD44_LDA,1,4,probability,0.11993077882654066,0.08002416426327053,0.24487936375084873,0.5551656931593401
s03_0train_r5_t38,3,0train,5,38,3,74694,False,PSD44_LDA,3,4,probability,0.04361886827632117,0.06730295527926794,0.41107423329043474,0.478003943153976
s03_0train_r5_t39,3,0train,5,39,3,76657,False,PSD44_LDA,3,3,probability,0.06130009564535457,0.06873196688668938,0.47912191826248,0.39084601920547607
s03_0train_r5_t40,3,0train,5,40,4,78582,False,PSD44_LDA,4,4,probability,0.060086179451183955,0.044811350051411826,0.35210043877676916,0.5430020317206351
s03_0train_r5_t41,3,0train,5,41,2,80663,False,PSD44_LDA,2,4,probability,0.15073543891946412,0.12214627391143927,0.3268677568415648,0.40025053032753183
s03_0train_r5_t42,3,0train,5,42,3,82641,False,PSD44_LDA,3,4,probability,0.09649095669909595,0.09241519690593444,0.38490194842139336,0.4261918979735763
s03_0train_r5_t43,3,0train,5,43,3,84631,False,PSD44_LDA,3,3,probability,0.12574500037729724,0.17575448344861727,0.37409576266257744,0.324404753511508
s03_0train_r5_t44,3,0train,5,44,3,86750,False,PSD44_LDA,3,4,probability,0.1538365398083265,0.18177769191194285,0.21214636202666018,0.4522394062530705
s03_0train_r5_t45,3,0train,5,45,4,88656,False,PSD44_LDA,4,4,probability,0.06423288007326938,0.07554902227042888,0.37961723338280745,0.48060086427349435
s03_0train_r5_t46,3,0train,5,46,3,90584,False,PSD44_LDA,3,4,probability,0.07753102117445361,0.10340059012690608,0.35963668216006583,0.45943170653857435
s03_0train_r5_t47,3,0train,5,47,1,92698,False,PSD44_LDA,1,4,probability,0.21816886940365246,0.14604575882150503,0.29840817435102024,0.3373771974238222
s03_0train_r5_t48,3,0train,5,48,3,94757,False,PSD44_LDA,3,4,probability,0.12080280234311234,0.1504448100493649,0.2525674462606682,0.4761849413468546
s03_1test_r0_t01,3,1test,0,1,1,250,False,PSD44_LDA,1,3,probability,0.25744792468694383,0.30609622380928114,0.32022482674708364,0.11623102475669146
s03_1test_r0_t02,3,1test,0,2,2,2253,False,PSD44_LDA,2,4,probability,0.27033699296427255,0.15336835556418127,0.26926446813496213,0.30703018333658405
s03_1test_r0_t03,3,1test,0,3,2,4171,True,PSD44_LDA,2,3,probability,0.22747212400576164,0.18112256468315488,0.35733436389303663,0.23407094741804682
s03_1test_r0_t04,3,1test,0,4,1,6123,False,PSD44_LDA,1,3,probability,0.23658547606953936,0.26745382963821335,0.3044387236852182,0.1915219706070291
s03_1test_r0_t05,3,1test,0,5,2,8131,False,PSD44_LDA,2,4,probability,0.14582475842775208,0.20301433980872888,0.26659370026398127,0.3845672014995377
s03_1test_r0_t06,3,1test,0,6,1,10242,False,PSD44_LDA,1,4,probability,0.12109296730614928,0.06808943616915397,0.23578748097453636,0.5750301155501604
s03_1test_r0_t07,3,1test,0,7,2,12159,False,PSD44_LDA,2,4,probability,0.14943191600313002,0.2888799000679919,0.23660116400275802,0.32508701992612005
s03_1test_r0_t08,3,1test,0,8,3,14209,False,PSD44_LDA,3,4,probability,0.06133551717203314,0.0579643489684025,0.29581795436935454,0.5848821794902098
s03_1test_r0_t09,3,1test,0,9,2,16140,False,PSD44_LDA,2,2,probability,0.20432463885714977,0.28731200298272164,0.2654338217695794,0.24292953639054923
s03_1test_r0_t10,3,1test,0,10,4,18138,False,PSD44_LDA,4,4,probability,0.07991602603342568,0.10590965939805497,0.2684204583402445,0.5457538562282749
s03_1test_r0_t11,3,1test,0,11,1,20044,True,PSD44_LDA,1,4,probability,0.11428705793185963,0.10705932040233598,0.274652717199054,0.5040009044667505
s03_1test_r0_t12,3,1test,0,12,3,21939,False,PSD44_LDA,3,4,probability,0.06969819190484475,0.09949637795314276,0.2931348459057277,0.5376705842362849
s03_1test_r0_t13,3,1test,0,13,2,23911,False,PSD44_LDA,2,3,probability,0.21939990719732047,0.21362536042452734,0.28962466462776065,0.27735006775039145
s03_1test_r0_t14,3,1test,0,14,1,25855,False,PSD44_LDA,1,4,probability,0.20669320674788652,0.1416533117839751,0.27221411452923905,0.37943936693889924
s03_1test_r0_t15,3,1test,0,15,4,27822,False,PSD44_LDA,4,4,probability,0.1328986202522223,0.05831827446146987,0.35479931669948267,0.4539837885868251
s03_1test_r0_t16,3,1test,0,16,4,29942,False,PSD44_LDA,4,4,probability,0.09606451258940664,0.22299542929552577,0.32488330353854467,0.35605675457652297
s03_1test_r0_t17,3,1test,0,17,4,31950,False,PSD44_LDA,4,4,probability,0.06587247694723337,0.18494053620851847,0.20901007488727757,0.5401769119569706
s03_1test_r0_t18,3,1test,0,18,4,34016,False,PSD44_LDA,4,4,probability,0.15581227535429992,0.1792200079493542,0.27022849591924913,0.39473922077709667
s03_1test_r0_t19,3,1test,0,19,4,36052,False,PSD44_LDA,4,4,probability,0.06162259704403255,0.08336904415470889,0.23891686852348168,0.6160914902777768
s03_1test_r0_t20,3,1test,0,20,1,38118,False,PSD44_LDA,1,2,probability,0.2534068877611752,0.2881524813264667,0.22699472960393813,0.23144590130841997
s03_1test_r0_t21,3,1test,0,21,3,40188,False,PSD44_LDA,3,2,probability,0.21797836899718515,0.43674924323729647,0.2407768501191813,0.10449553764633696
s03_1test_r0_t22,3,1test,0,22,2,42268,False,PSD44_LDA,2,2,probability,0.2778609071689516,0.40924920571991374,0.1627549974348961,0.15013488967623861
s03_1test_r0_t23,3,1test,0,23,1,44180,False,PSD44_LDA,1,4,probability,0.20730450428808248,0.2029908125270362,0.25409874450088554,0.3356059386839959
s03_1test_r0_t24,3,1test,0,24,1,46211,False,PSD44_LDA,1,1,probability,0.4098816852468974,0.2646622285581983,0.201900915122951,0.12355517107195343
s03_1test_r0_t25,3,1test,0,25,3,48164,False,PSD44_LDA,3,3,probability,0.13064117675240533,0.20892349984522257,0.34834161686548626,0.31209370653688573
s03_1test_r0_t26,3,1test,0,26,4,50125,False,PSD44_LDA,4,3,probability,0.09258852325326983,0.11589056122576588,0.4275930431048192,0.3639278724161451
s03_1test_r0_t27,3,1test,0,27,1,52229,False,PSD44_LDA,1,4,probability,0.16310596128844945,0.1441664373358962,0.34438867343387863,0.34833892794177573
s03_1test_r0_t28,3,1test,0,28,3,54233,False,PSD44_LDA,3,3,probability,0.18080642549098166,0.3001130433703694,0.35107294869779665,0.16800758244085215
s03_1test_r0_t29,3,1test,0,29,3,56208,False,PSD44_LDA,3,4,probability,0.11216803600106177,0.11680363002481972,0.30320359319757756,0.467824740776541
s03_1test_r0_t30,3,1test,0,30,3,58234,False,PSD44_LDA,3,4,probability,0.09549557014921006,0.24628150411860367,0.3170650975111469,0.34115782822103935
s03_1test_r0_t31,3,1test,0,31,1,60305,False,PSD44_LDA,1,4,probability,0.17886886687146575,0.18529176573704384,0.30764368558762784,0.32819568180386255
s03_1test_r0_t32,3,1test,0,32,2,62412,False,PSD44_LDA,2,4,probability,0.2438235287645833,0.198637756862349,0.23892130489639873,0.318617409476669
s03_1test_r0_t33,3,1test,0,33,1,64504,False,PSD44_LDA,1,2,probability,0.30720129023839704,0.36207375837274347,0.1681445247459649,0.16258042664289454
s03_1test_r0_t34,3,1test,0,34,2,66595,False,PSD44_LDA,2,4,probability,0.23412789904375836,0.2002279096578099,0.22360290399843763,0.3420412872999941
s03_1test_r0_t35,3,1test,0,35,2,68638,False,PSD44_LDA,2,2,probability,0.2446199254165701,0.4409069561032137,0.18556918509595388,0.12890393338426234
s03_1test_r0_t36,3,1test,0,36,1,70702,False,PSD44_LDA,1,1,probability,0.3331720392765947,0.17505449662939154,0.2763748445704711,0.21539861952354258
s03_1test_r0_t37,3,1test,0,37,2,72722,False,PSD44_LDA,2,2,probability,0.15269315401470646,0.5485841734314703,0.1494021326709688,0.1493205398828546
s03_1test_r0_t38,3,1test,0,38,3,74694,False,PSD44_LDA,3,4,probability,0.19664226206185556,0.15877505293900362,0.3069073670500254,0.3376753179491155
s03_1test_r0_t39,3,1test,0,39,2,76657,False,PSD44_LDA,2,4,probability,0.2029310261728412,0.1213254040708586,0.30469489891616525,0.37104867084013493
s03_1test_r0_t40,3,1test,0,40,3,78582,False,PSD44_LDA,3,4,probability,0.10873275080984125,0.2720851648287262,0.30363071093862226,0.31555137342281026
s03_1test_r0_t41,3,1test,0,41,3,80663,False,PSD44_LDA,3,3,probability,0.07615038673047268,0.16293339044560262,0.5992428788060308,0.16167334401789393
s03_1test_r0_t42,3,1test,0,42,4,82641,False,PSD44_LDA,4,4,probability,0.06873091738322956,0.09211613318974152,0.21381684978527946,0.6253360996417495
s03_1test_r0_t43,3,1test,0,43,3,84631,False,PSD44_LDA,3,4,probability,0.11721574089166743,0.13183754217111898,0.3417975695965389,0.40914914734067465
s03_1test_r0_t44,3,1test,0,44,3,86750,False,PSD44_LDA,3,2,probability,0.09575301499645408,0.36300022531130166,0.2759010044887658,0.26534575520347853
s03_1test_r0_t45,3,1test,0,45,4,88656,False,PSD44_LDA,4,4,probability,0.03262162169353115,0.045830224142045836,0.31910916180299403,0.602438992361429
s03_1test_r0_t46,3,1test,0,46,4,90584,False,PSD44_LDA,4,4,probability,0.125706228957207,0.17092290122796833,0.3091529656480482,0.39421790416677643
s03_1test_r0_t47,3,1test,0,47,4,92698,False,PSD44_LDA,4,4,probability,0.074353643521378,0.09316567589665209,0.3638689414430212,0.4686117391389488
s03_1test_r0_t48,3,1test,0,48,4,94757,False,PSD44_LDA,4,4,probability,0.09411324398552945,0.19846806033593745,0.32574694512912905,0.381671750549404
s03_1test_r1_t01,3,1test,1,1,4,250,False,PSD44_LDA,4,4,probability,0.15388591289392095,0.05979664954657701,0.3713466697164567,0.41497076784304543
s03_1test_r1_t02,3,1test,1,2,3,2253,False,PSD44_LDA,3,4,probability,0.09759613534045078,0.13373960968570636,0.31591943099379954,0.4527448239800433
s03_1test_r1_t03,3,1test,1,3,2,4171,False,PSD44_LDA,2,2,probability,0.33067321208347483,0.3633537809712032,0.15619839283379283,0.1497746141115292
s03_1test_r1_t04,3,1test,1,4,1,6123,False,PSD44_LDA,1,4,probability,0.2337961371090926,0.06390773972508673,0.2850753513245759,0.4172207718412447
s03_1test_r1_t05,3,1test,1,5,1,8131,True,PSD44_LDA,1,4,probability,0.3106284341833708,0.11886799366966136,0.2487104630032988,0.32179310914366904
s03_1test_r1_t06,3,1test,1,6,2,10242,False,PSD44_LDA,2,3,probability,0.17123814869114654,0.23973710920571414,0.3347392179359165,0.2542855241672227
s03_1test_r1_t07,3,1test,1,7,3,12159,False,PSD44_LDA,3,3,probability,0.044345773954749264,0.1666810568032905,0.3972102811483216,0.39176288809363863
s03_1test_r1_t08,3,1test,1,8,4,14209,True,PSD44_LDA,4,4,probability,0.16744617171662896,0.1635669325827072,0.31439207288063614,0.3545948228200278
s03_1test_r1_t09,3,1test,1,9,2,16140,False,PSD44_LDA,2,2,probability,0.29615509489715475,0.4319822005265418,0.16081363708354823,0.11104906749275525
s03_1test_r1_t10,3,1test,1,10,3,18138,False,PSD44_LDA,3,4,probability,0.23259926322722027,0.14081860912628538,0.2744094197179335,0.352172707928561
s03_1test_r1_t11,3,1test,1,11,1,20044,False,PSD44_LDA,1,3,probability,0.1263664024858821,0.15943218348303312,0.4980471925197192,0.2161542215113655
s03_1test_r1_t12,3,1test,1,12,1,21939,False,PSD44_LDA,1,3,probability,0.16486668106691177,0.21053044619175668,0.38420773139974307,0.24039514134158843
s03_1test_r1_t13,3,1test,1,13,1,23911,False,PSD44_LDA,1,4,probability,0.25693044588935193,0.2503113699068827,0.12218610783550989,0.3705720763682555
s03_1test_r1_t14,3,1test,1,14,4,25855,False,PSD44_LDA,4,4,probability,0.1545555817661291,0.1353926184940238,0.2900544449651076,0.4199973547747394
s03_1test_r1_t15,3,1test,1,15,2,27822,False,PSD44_LDA,2,3,probability,0.10664341227315847,0.16214834802503247,0.4930325348280598,0.23817570487374934
s03_1test_r1_t16,3,1test,1,16,2,29942,False,PSD44_LDA,2,3,probability,0.178005848110336,0.22849465447271752,0.3984257540145022,0.19507374340244427
s03_1test_r1_t17,3,1test,1,17,1,31950,False,PSD44_LDA,1,1,probability,0.41815204798496325,0.2657550520349565,0.10193490887159047,0.21415799110848974
s03_1test_r1_t18,3,1test,1,18,1,34016,False,PSD44_LDA,1,4,probability,0.08611104181355109,0.06640722828159627,0.26887471286034076,0.5786070170445118
s03_1test_r1_t19,3,1test,1,19,3,36052,False,PSD44_LDA,3,3,probability,0.09540600001270567,0.10481202876721697,0.400388821075249,0.39939315014482835
s03_1test_r1_t20,3,1test,1,20,1,38118,False,PSD44_LDA,1,3,probability,0.3656684727038067,0.10071853607385323,0.40302065619165733,0.13059233503068274
s03_1test_r1_t21,3,1test,1,21,2,40188,False,PSD44_LDA,2,3,probability,0.16019118642319086,0.17067018374987006,0.43475558984658663,0.23438303998035248
s03_1test_r1_t22,3,1test,1,22,4,42268,False,PSD44_LDA,4,4,probability,0.07698732174318375,0.1337722820238121,0.3004380035578836,0.48880239267512066
s03_1test_r1_t23,3,1test,1,23,4,44180,False,PSD44_LDA,4,3,probability,0.06387591361774807,0.1110945852219881,0.5226668309505591,0.30236267020970475
s03_1test_r1_t24,3,1test,1,24,3,46211,False,PSD44_LDA,3,3,probability,0.31783637606354753,0.1763347709986931,0.3504483773370339,0.15538047560072543
s03_1test_r1_t25,3,1test,1,25,1,48164,False,PSD44_LDA,1,1,probability,0.49274348713673227,0.1633400162704927,0.14534725532922718,0.19856924126354786
s03_1test_r1_t26,3,1test,1,26,4,50125,False,PSD44_LDA,4,4,probability,0.05237618512796152,0.08746060935189613,0.2686113759697705,0.5915518295503718
s03_1test_r1_t27,3,1test,1,27,4,52229,False,PSD44_LDA,4,4,probability,0.08126752059755586,0.08248653316938337,0.23675221595892254,0.5994937302741383
s03_1test_r1_t28,3,1test,1,28,2,54233,False,PSD44_LDA,2,1,probability,0.44634671988523034,0.22193834392759634,0.2083924661902918,0.1233224699968815
s03_1test_r1_t29,3,1test,1,29,4,56208,False,PSD44_LDA,4,4,probability,0.12204258927141848,0.12312659925993685,0.2173251951948404,0.5375056162738043
s03_1test_r1_t30,3,1test,1,30,4,58234,False,PSD44_LDA,4,3,probability,0.13058509728327797,0.16071686827433948,0.37120136439166723,0.33749667005071526
s03_1test_r1_t31,3,1test,1,31,2,60305,False,PSD44_LDA,2,1,probability,0.3130756745378443,0.1887403433154897,0.22223927896414924,0.27594470318251685
s03_1test_r1_t32,3,1test,1,32,1,62412,False,PSD44_LDA,1,3,probability,0.24452815381378545,0.17892271709182464,0.37613515943558845,0.20041396965880143
s03_1test_r1_t33,3,1test,1,33,2,64504,False,PSD44_LDA,2,3,probability,0.1779945841618976,0.19943351642552093,0.3509731130972403,0.271598786315341
s03_1test_r1_t34,3,1test,1,34,3,66595,False,PSD44_LDA,3,3,probability,0.19789853024460052,0.2321637609431071,0.2904184900809646,0.2795192187313277
s03_1test_r1_t35,3,1test,1,35,3,68638,False,PSD44_LDA,3,3,probability,0.2261867375304469,0.26673164756180473,0.27745166650980585,0.22962994839794243
s03_1test_r1_t36,3,1test,1,36,3,70702,False,PSD44_LDA,3,2,probability,0.08351542647302507,0.3868482543189487,0.28057355948521173,0.2490627597228145
s03_1test_r1_t37,3,1test,1,37,4,72722,False,PSD44_LDA,4,4,probability,0.10792289237804999,0.15384669216864308,0.303964292932935,0.4342661225203719
s03_1test_r1_t38,3,1test,1,38,3,74694,False,PSD44_LDA,3,3,probability,0.1438195552644081,0.2158371168382596,0.4714954983372642,0.1688478295600682
s03_1test_r1_t39,3,1test,1,39,1,76657,False,PSD44_LDA,1,3,probability,0.13222135033825066,0.14109546191826683,0.4223404715955513,0.3043427161479313
s03_1test_r1_t40,3,1test,1,40,4,78582,False,PSD44_LDA,4,4,probability,0.08420444485531434,0.19842311256408923,0.2364266405438124,0.4809458020367841
s03_1test_r1_t41,3,1test,1,41,2,80663,False,PSD44_LDA,2,4,probability,0.09451502939495446,0.0809096059891398,0.38491464429648936,0.4396607203194164
s03_1test_r1_t42,3,1test,1,42,3,82641,True,PSD44_LDA,3,3,probability,0.11406882472789515,0.12337849376921986,0.5055382224812516,0.2570144590216334
s03_1test_r1_t43,3,1test,1,43,2,84631,False,PSD44_LDA,2,3,probability,0.30860703594565286,0.24768824282301177,0.3175554031403103,0.1261493180910251
s03_1test_r1_t44,3,1test,1,44,3,86750,True,PSD44_LDA,3,3,probability,0.17852973327368069,0.20281793439112836,0.36354453490207955,0.25510779743311135
s03_1test_r1_t45,3,1test,1,45,4,88656,True,PSD44_LDA,4,4,probability,0.08021443965403094,0.16846719807077004,0.22026862844312362,0.5310497338320754
s03_1test_r1_t46,3,1test,1,46,2,90584,False,PSD44_LDA,2,2,probability,0.22017565702151004,0.5804703646995751,0.1142879441646971,0.08506603411421776
s03_1test_r1_t47,3,1test,1,47,3,92698,False,PSD44_LDA,3,3,probability,0.09001087535857251,0.30817969198286965,0.473339436887075,0.12846999577148283
s03_1test_r1_t48,3,1test,1,48,1,94757,False,PSD44_LDA,1,3,probability,0.23390474793617308,0.15937231372520733,0.3065421207291666,0.30018081760945303
s03_1test_r2_t01,3,1test,2,1,1,250,False,PSD44_LDA,1,3,probability,0.1447028702086659,0.1936817184883531,0.34467603427940813,0.3169393770235729
s03_1test_r2_t02,3,1test,2,2,1,2253,False,PSD44_LDA,1,4,probability,0.22787771236384,0.16324399283869157,0.2447166667636368,0.36416162803383173
s03_1test_r2_t03,3,1test,2,3,4,4171,False,PSD44_LDA,4,4,probability,0.05937045338413417,0.0804721894867726,0.31354794498959826,0.546609412139495
s03_1test_r2_t04,3,1test,2,4,2,6123,False,PSD44_LDA,2,4,probability,0.10369361071031143,0.07224653573669906,0.37484205899618595,0.44921779455680355
s03_1test_r2_t05,3,1test,2,5,1,8131,False,PSD44_LDA,1,1,probability,0.3118750556099184,0.2590077672377636,0.23656660547011585,0.1925505716822021
s03_1test_r2_t06,3,1test,2,6,3,10242,False,PSD44_LDA,3,4,probability,0.060494250002108695,0.07751950830429694,0.3707929461116814,0.4911932955819131
s03_1test_r2_t07,3,1test,2,7,1,12159,False,PSD44_LDA,1,4,probability,0.22826119605393994,0.10663646431908458,0.2683673312035053,0.3967350084234702
s03_1test_r2_t08,3,1test,2,8,3,14209,False,PSD44_LDA,3,4,probability,0.027873784609163635,0.06314228184147354,0.4061079980974691,0.5028759354518937
s03_1test_r2_t09,3,1test,2,9,2,16140,False,PSD44_LDA,2,4,probability,0.20763789739184937,0.2724582506877906,0.24725857049212974,0.27264528142823025
s03_1test_r2_t10,3,1test,2,10,4,18138,False,PSD44_LDA,4,4,probability,0.05878624622474122,0.08782786578335428,0.2573666107932601,0.5960192771986443
s03_1test_r2_t11,3,1test,2,11,1,20044,False,PSD44_LDA,1,2,probability,0.2662424246430604,0.3707440773805102,0.17052195822622218,0.1924915397502072
s03_1test_r2_t12,3,1test,2,12,3,21939,False,PSD44_LDA,3,3,probability,0.07033252773238427,0.2750232210730542,0.3458621225462846,0.3087821286482768
s03_1test_r2_t13,3,1test,2,13,3,23911,False,PSD44_LDA,3,4,probability,0.04553390006926684,0.15908182546260802,0.2521100823559646,0.5432741921121605
s03_1test_r2_t14,3,1test,2,14,1,25855,False,PSD44_LDA,1,4,probability,0.13023701817241953,0.19826631051216867,0.2743876933457022,0.3971089779697097
s03_1test_r2_t15,3,1test,2,15,3,27822,False,PSD44_LDA,3,4,probability,0.05876783124248751,0.12411530051770357,0.16737885117261547,0.6497380170671935
s03_1test_r2_t16,3,1test,2,16,2,29942,False,PSD44_LDA,2,4,probability,0.13385508752287797,0.10282451054093891,0.32285474584165624,0.4404656560945269
s03_1test_r2_t17,3,1test,2,17,4,31950,False,PSD44_LDA,4,4,probability,0.13596493938380622,0.0712315015225791,0.23849411470663337,0.5543094443869813
s03_1test_r2_t18,3,1test,2,18,4,34016,False,PSD44_LDA,4,4,probability,0.04879929025985173,0.06258208914368908,0.2739477040495394,0.6146709165469199
s03_1test_r2_t19,3,1test,2,19,4,36052,False,PSD44_LDA,4,4,probability,0.0809991121300489,0.08005606110949941,0.2133168156713493,0.6256280110891024
s03_1test_r2_t20,3,1test,2,20,3,38118,False,PSD44_LDA,3,4,probability,0.08320895484774538,0.06248070362180345,0.4216738723775741,0.432636469152877
s03_1test_r2_t21,3,1test,2,21,1,40188,False,PSD44_LDA,1,4,probability,0.03000097754683154,0.11066511229368678,0.3366047705393845,0.5227291396200973
s03_1test_r2_t22,3,1test,2,22,4,42268,False,PSD44_LDA,4,4,probability,0.044304473780141754,0.12831950555018623,0.10163489048754594,0.725741130182126
s03_1test_r2_t23,3,1test,2,23,2,44180,False,PSD44_LDA,2,4,probability,0.11376826914071947,0.26012230560922167,0.21786346283595745,0.4082459624141014
s03_1test_r2_t24,3,1test,2,24,4,46211,False,PSD44_LDA,4,4,probability,0.08224720087585755,0.09201521423281027,0.3441659044221701,0.4815716804691621
s03_1test_r2_t25,3,1test,2,25,2,48164,False,PSD44_LDA,2,3,probability,0.22566863439150345,0.212453487593388,0.36246875756032865,0.19940912045477996
s03_1test_r2_t26,3,1test,2,26,1,50125,False,PSD44_LDA,1,1,probability,0.30175270719049146,0.24103298827796146,0.23463086072090253,0.2225834438106445
s03_1test_r2_t27,3,1test,2,27,3,52229,False,PSD44_LDA,3,3,probability,0.08050412467813282,0.03069799478761072,0.5547696265909735,0.33402825394328284
s03_1test_r2_t28,3,1test,2,28,2,54233,False,PSD44_LDA,2,2,probability,0.09578796953346483,0.48959756745945304,0.23409218910489973,0.18052227390218242
s03_1test_r2_t29,3,1test,2,29,1,56208,False,PSD44_LDA,1,4,probability,0.12271012588503762,0.07726012235980102,0.2659439339297174,0.5340858178254441
s03_1test_r2_t30,3,1test,2,30,3,58234,False,PSD44_LDA,3,4,probability,0.069662842545446,0.09278575045939483,0.3995220474006299,0.4380293595945293
s03_1test_r2_t31,3,1test,2,31,3,60305,False,PSD44_LDA,3,4,probability,0.06220676784903501,0.12579279820364234,0.19740799850744895,0.6145924354398736
s03_1test_r2_t32,3,1test,2,32,1,62412,False,PSD44_LDA,1,4,probability,0.04574358055191973,0.09174841439167486,0.34122655642878086,0.5212814486276246
s03_1test_r2_t33,3,1test,2,33,3,64504,False,PSD44_LDA,3,4,probability,0.02683861019511923,0.03417693525022864,0.3803462619297499,0.5586381926249022
s03_1test_r2_t34,3,1test,2,34,4,66595,False,PSD44_LDA,4,4,probability,0.06542641483555402,0.1114163977891385,0.31258999263251896,0.5105671947427886
s03_1test_r2_t35,3,1test,2,35,4,68638,False,PSD44_LDA,4,4,probability,0.12467846991905654,0.07336258110379229,0.25444199895687025,0.5475169500202809
s03_1test_r2_t36,3,1test,2,36,2,70702,False,PSD44_LDA,2,4,probability,0.20902833602152845,0.16503244386456314,0.19846236311067522,0.4274768570032332
s03_1test_r2_t37,3,1test,2,37,1,72722,False,PSD44_LDA,1,4,probability,0.10378236284724425,0.08054538115487966,0.1637932720751317,0.6518789839227443
s03_1test_r2_t38,3,1test,2,38,2,74694,False,PSD44_LDA,2,4,probability,0.10478426073086752,0.14916633220937747,0.343023577145963,0.40302582991379204
s03_1test_r2_t39,3,1test,2,39,4,76657,False,PSD44_LDA,4,4,probability,0.1865645320373884,0.17647551854749577,0.20514309737886066,0.43181685203625525
s03_1test_r2_t40,3,1test,2,40,2,78582,False,PSD44_LDA,2,2,probability,0.2462340314111105,0.2931466127028896,0.276768072520558,0.18385128336544188
s03_1test_r2_t41,3,1test,2,41,4,80663,False,PSD44_LDA,4,4,probability,0.055194350709213615,0.09654594505786443,0.3163858930792393,0.5318738111536826
s03_1test_r2_t42,3,1test,2,42,3,82641,False,PSD44_LDA,3,4,probability,0.12860093658339217,0.11872144733294503,0.3211689194249372,0.4315086966587257
s03_1test_r2_t43,3,1test,2,43,2,84631,False,PSD44_LDA,2,2,probability,0.18415968166994828,0.31778999418121845,0.2742377434839351,0.22381258066489815
s03_1test_r2_t44,3,1test,2,44,2,86750,False,PSD44_LDA,2,4,probability,0.14975949020748766,0.19440496430595006,0.30476766526617083,0.3510678802203915
s03_1test_r2_t45,3,1test,2,45,2,88656,False,PSD44_LDA,2,2,probability,0.23723634684797212,0.4263423021732375,0.11853946128628716,0.2178818896925033
s03_1test_r2_t46,3,1test,2,46,3,90584,False,PSD44_LDA,3,4,probability,0.05506486532532564,0.08182961010076081,0.41594061864229787,0.4471649059316158
s03_1test_r2_t47,3,1test,2,47,4,92698,False,PSD44_LDA,4,4,probability,0.08030780006616794,0.12547045001176876,0.25457939042118544,0.5396423595008779
s03_1test_r2_t48,3,1test,2,48,1,94757,False,PSD44_LDA,1,4,probability,0.08573149971403159,0.09384562222401466,0.386467829071996,0.4339550489899577
s03_1test_r3_t01,3,1test,3,1,2,250,False,PSD44_LDA,2,3,probability,0.26490480754288653,0.14757626782844327,0.3627924704001165,0.22472645422855364
s03_1test_r3_t02,3,1test,3,2,4,2253,False,PSD44_LDA,4,4,probability,0.04574627709191644,0.05246677534810052,0.31536826291688685,0.5864186846430961
s03_1test_r3_t03,3,1test,3,3,1,4171,False,PSD44_LDA,1,4,probability,0.2038341425423935,0.1298443188439673,0.24739373170206796,0.4189278069115712
s03_1test_r3_t04,3,1test,3,4,3,6123,False,PSD44_LDA,3,4,probability,0.09877721977828012,0.10192160401552114,0.2918920143727383,0.5074091618334605
s03_1test_r3_t05,3,1test,3,5,3,8131,False,PSD44_LDA,3,4,probability,0.2287066521186421,0.21290348465228287,0.277829134281713,0.280560728947362
s03_1test_r3_t06,3,1test,3,6,4,10242,False,PSD44_LDA,4,4,probability,0.0598756968612462,0.09285872065407944,0.10394447459019762,0.7433211078944767
s03_1test_r3_t07,3,1test,3,7,1,12159,False,PSD44_LDA,1,4,probability,0.16690902038025585,0.08980132329866977,0.2267899049244117,0.5164997513966627
s03_1test_r3_t08,3,1test,3,8,1,14209,False,PSD44_LDA,1,4,probability,0.22134188477393515,0.17263701331176015,0.2083128874594726,0.39770821445483207
s03_1test_r3_t09,3,1test,3,9,3,16140,False,PSD44_LDA,3,4,probability,0.13419502168696618,0.096249658557789,0.3343124246922242,0.43524289506302055
s03_1test_r3_t10,3,1test,3,10,2,18138,False,PSD44_LDA,2,4,probability,0.16010146572216918,0.16288493409939253,0.2204221075844738,0.45659149259396453
s03_1test_r3_t11,3,1test,3,11,4,20044,False,PSD44_LDA,4,4,probability,0.040768737262984495,0.05834292368345072,0.15270495208386303,0.7481833869697017
s03_1test_r3_t12,3,1test,3,12,4,21939,False,PSD44_LDA,4,4,probability,0.06284332471469738,0.04428627867154522,0.20445473323130886,0.6884156633824485
s03_1test_r3_t13,3,1test,3,13,4,23911,False,PSD44_LDA,4,4,probability,0.048856716734261625,0.09722808242536739,0.20075329282854404,0.6531619080118269
s03_1test_r3_t14,3,1test,3,14,2,25855,False,PSD44_LDA,2,4,probability,0.05297495949110551,0.03396024374493222,0.1996426590003751,0.7134221377635872
s03_1test_r3_t15,3,1test,3,15,1,27822,False,PSD44_LDA,1,4,probability,0.11997333543738871,0.09403868555800234,0.1303550130686052,0.6556329659360037
s03_1test_r3_t16,3,1test,3,16,3,29942,False,PSD44_LDA,3,4,probability,0.16660398089626732,0.19241143061794472,0.28071349951736424,0.3602710889684237
s03_1test_r3_t17,3,1test,3,17,2,31950,False,PSD44_LDA,2,4,probability,0.18332374510341773,0.311471866733536,0.18602602609499433,0.31917836206805195
s03_1test_r3_t18,3,1test,3,18,4,34016,True,PSD44_LDA,4,4,probability,0.10452815307150735,0.15367096596658306,0.3238987274426575,0.4179021535192521
s03_1test_r3_t19,3,1test,3,19,1,36052,False,PSD44_LDA,1,4,probability,0.0429551817036943,0.058894686777376984,0.2574379725758047,0.640712158943124
s03_1test_r3_t20,3,1test,3,20,4,38118,False,PSD44_LDA,4,4,probability,0.08305849065738863,0.1510333411105525,0.29491193182428654,0.47099623640777233
s03_1test_r3_t21,3,1test,3,21,3,40188,False,PSD44_LDA,3,4,probability,0.09210541932859348,0.08080749331149835,0.2960479087998301,0.531039178560078
s03_1test_r3_t22,3,1test,3,22,2,42268,False,PSD44_LDA,2,4,probability,0.14691652390855806,0.15341175680945893,0.229593093268642,0.4700786260133409
s03_1test_r3_t23,3,1test,3,23,4,44180,True,PSD44_LDA,4,4,probability,0.1321891363353993,0.1389214001876697,0.23876155944473815,0.4901279040321929
s03_1test_r3_t24,3,1test,3,24,4,46211,False,PSD44_LDA,4,4,probability,0.0964694781123673,0.11629621148709157,0.14264970145705486,0.6445846089434863
s03_1test_r3_t25,3,1test,3,25,1,48164,False,PSD44_LDA,1,4,probability,0.09522963975586445,0.052385868120532184,0.23143273526739921,0.6209517568562042
s03_1test_r3_t26,3,1test,3,26,2,50125,False,PSD44_LDA,2,4,probability,0.1019710408023453,0.13037568727834853,0.29342414471466005,0.4742291272046462
s03_1test_r3_t27,3,1test,3,27,2,52229,False,PSD44_LDA,2,2,probability,0.23188200645465798,0.3953735688564093,0.16247318877637557,0.21027123591255728
s03_1test_r3_t28,3,1test,3,28,3,54233,False,PSD44_LDA,3,4,probability,0.016728510403500606,0.04011804773128897,0.39724175651229615,0.5459116853529142
s03_1test_r3_t29,3,1test,3,29,4,56208,False,PSD44_LDA,4,4,probability,0.04868575250342146,0.08064374089312266,0.18324157453538403,0.6874289320680719
s03_1test_r3_t30,3,1test,3,30,2,58234,False,PSD44_LDA,2,4,probability,0.10717650658013064,0.11086216293093713,0.2650755386107778,0.5168857918781544
s03_1test_r3_t31,3,1test,3,31,1,60305,False,PSD44_LDA,1,4,probability,0.23795976423156157,0.12123884899825615,0.18677872231660095,0.45402266445358136
s03_1test_r3_t32,3,1test,3,32,1,62412,False,PSD44_LDA,1,4,probability,0.11827674438070238,0.08958678539036898,0.21335180561695452,0.5787846646119742
s03_1test_r3_t33,3,1test,3,33,4,64504,False,PSD44_LDA,4,4,probability,0.04213107495463442,0.07543717484762519,0.11898822979261899,0.7634435204051213
s03_1test_r3_t34,3,1test,3,34,2,66595,False,PSD44_LDA,2,1,probability,0.33250941016217106,0.3116520519518825,0.10918053713631298,0.24665800074963345
s03_1test_r3_t35,3,1test,3,35,1,68638,True,PSD44_LDA,1,3,probability,0.354575035399669,0.023315762316266395,0.35554138790489953,0.26656781437916505
s03_1test_r3_t36,3,1test,3,36,3,70702,False,PSD44_LDA,3,4,probability,0.03600920398048933,0.0433001838519749,0.23222584039356303,0.6884647717739727
s03_1test_r3_t37,3,1test,3,37,2,72722,False,PSD44_LDA,2,2,probability,0.2796697817785605,0.36681967073834487,0.10257086669315849,0.2509396807899362
s03_1test_r3_t38,3,1test,3,38,2,74694,False,PSD44_LDA,2,4,probability,0.284301095221389,0.1626166183570322,0.17757481026948108,0.3755074761520977
s03_1test_r3_t39,3,1test,3,39,3,76657,False,PSD44_LDA,3,4,probability,0.05773148271236949,0.11961571576292762,0.2604393955275933,0.5622134059971096
s03_1test_r3_t40,3,1test,3,40,1,78582,False,PSD44_LDA,1,4,probability,0.25615485381551867,0.14268305295970354,0.16881866503514192,0.4323434281896359
s03_1test_r3_t41,3,1test,3,41,4,80663,False,PSD44_LDA,4,4,probability,0.01810034826362186,0.0535189211653125,0.15821290638663682,0.7701678241844288
s03_1test_r3_t42,3,1test,3,42,3,82641,False,PSD44_LDA,3,4,probability,0.19961482793816515,0.19020163620860997,0.1758571883709302,0.43432634748229476
s03_1test_r3_t43,3,1test,3,43,3,84631,False,PSD44_LDA,3,4,probability,0.09232295371583443,0.1815324786750629,0.23762512549688786,0.48851944211221476
s03_1test_r3_t44,3,1test,3,44,3,86750,False,PSD44_LDA,3,4,probability,0.04613199864597459,0.03197857125587449,0.4474150696805934,0.47447436041755764
s03_1test_r3_t45,3,1test,3,45,3,88656,False,PSD44_LDA,3,4,probability,0.1386000774658567,0.1675537410591283,0.2203197780597729,0.47352640341524216
s03_1test_r3_t46,3,1test,3,46,1,90584,True,PSD44_LDA,1,1,probability,0.28012988506930836,0.23850131982117864,0.252275583982019,0.22909321112749392
s03_1test_r3_t47,3,1test,3,47,2,92698,False,PSD44_LDA,2,4,probability,0.1321505637992906,0.10012835254994867,0.36419883992506213,0.4035222437256987
s03_1test_r3_t48,3,1test,3,48,1,94757,False,PSD44_LDA,1,1,probability,0.42502133282818866,0.13045593094853913,0.18690075124445027,0.2576219849788219
s03_1test_r4_t01,3,1test,4,1,2,250,False,PSD44_LDA,2,4,probability,0.04737161357224355,0.07740181122932963,0.29564286524554456,0.5795837099528823
s03_1test_r4_t02,3,1test,4,2,1,2253,False,PSD44_LDA,1,4,probability,0.1836598717793659,0.11324892405321688,0.2775365668962541,0.4255546372711632
s03_1test_r4_t03,3,1test,4,3,1,4171,False,PSD44_LDA,1,3,probability,0.11576534515409174,0.12674380741429073,0.4030613652334346,0.35442948219818293
s03_1test_r4_t04,3,1test,4,4,3,6123,False,PSD44_LDA,3,4,probability,0.038763968468513814,0.04983077407038324,0.20207660642749853,0.7093286510336044
s03_1test_r4_t05,3,1test,4,5,3,8131,False,PSD44_LDA,3,4,probability,0.025874059171119818,0.05722901527344673,0.10066368728182756,0.8162332382736058
s03_1test_r4_t06,3,1test,4,6,2,10242,False,PSD44_LDA,2,2,probability,0.2453775114204277,0.34393048020922257,0.13544093477381758,0.2752510735965322
s03_1test_r4_t07,3,1test,4,7,3,12159,False,PSD44_LDA,3,2,probability,0.15556281595725377,0.36818456297838437,0.12732072621953952,0.3489318948448224
s03_1test_r4_t08,3,1test,4,8,4,14209,False,PSD44_LDA,4,4,probability,0.098294018796626,0.0998146205908415,0.190064662741155,0.6118266978713776
s03_1test_r4_t09,3,1test,4,9,1,16140,False,PSD44_LDA,1,1,probability,0.31724089817610474,0.165366256179428,0.2002542749499644,0.31713857069450274
s03_1test_r4_t10,3,1test,4,10,4,18138,False,PSD44_LDA,4,4,probability,0.0653597996678874,0.07271180685726249,0.19868191647171765,0.6632464770031326
s03_1test_r4_t11,3,1test,4,11,1,20044,False,PSD44_LDA,1,4,probability,0.2790904428914378,0.2630553289605316,0.14360631685266842,0.3142479112953621
s03_1test_r4_t12,3,1test,4,12,1,21939,False,PSD44_LDA,1,4,probability,0.1387919690290456,0.14568859785523278,0.0978284018091799,0.6176910313065418
s03_1test_r4_t13,3,1test,4,13,2,23911,False,PSD44_LDA,2,4,probability,0.2197171994696614,0.2551956606909179,0.1426635998437773,0.38242353999564344
s03_1test_r4_t14,3,1test,4,14,4,25855,False,PSD44_LDA,4,4,probability,0.035957897395851326,0.08400605843002866,0.1267109441821136,0.7533250999920065
s03_1test_r4_t15,3,1test,4,15,3,27822,False,PSD44_LDA,3,3,probability,0.07973309298484828,0.24882891149542571,0.38933478737471044,0.28210320814501566
s03_1test_r4_t16,3,1test,4,16,2,29942,False,PSD44_LDA,2,4,probability,0.10705086176598226,0.18759913209908893,0.2935797725123176,0.4117702336226112
s03_1test_r4_t17,3,1test,4,17,4,31950,False,PSD44_LDA,4,4,probability,0.06647760527637453,0.07249368315924366,0.32408651256736887,0.536942198997013
s03_1test_r4_t18,3,1test,4,18,3,34016,False,PSD44_LDA,3,4,probability,0.04605427799567564,0.10617373448631778,0.25190402889832103,0.5958679586196856
s03_1test_r4_t19,3,1test,4,19,4,36052,False,PSD44_LDA,4,4,probability,0.05227309211326065,0.0918179644402706,0.29254564262663807,0.5633633008198307
s03_1test_r4_t20,3,1test,4,20,3,38118,False,PSD44_LDA,3,4,probability,0.0782625805737913,0.09466633198546223,0.3601782063377626,0.4668928811029838
s03_1test_r4_t21,3,1test,4,21,4,40188,False,PSD44_LDA,4,4,probability,0.11247772046746417,0.15015190998155237,0.2193842858161638,0.5179860837348197
s03_1test_r4_t22,3,1test,4,22,2,42268,False,PSD44_LDA,2,3,probability,0.16063960066459876,0.1374665457153212,0.4191329429313942,0.282760910688686
s03_1test_r4_t23,3,1test,4,23,2,44180,False,PSD44_LDA,2,4,probability,0.1929098964606552,0.2486112660608021,0.22312434429825476,0.335354493180288
s03_1test_r4_t24,3,1test,4,24,4,46211,False,PSD44_LDA,4,3,probability,0.09551813282534695,0.04550986567405196,0.4710107866872151,0.387961214813386
s03_1test_r4_t25,3,1test,4,25,1,48164,False,PSD44_LDA,1,4,probability,0.19867500291445872,0.14933588907972964,0.24391788982344714,0.4080712181823644
s03_1test_r4_t26,3,1test,4,26,2,50125,False,PSD44_LDA,2,4,probability,0.19310995765309955,0.13606198350184392,0.311643861421785,0.35918419742327146
s03_1test_r4_t27,3,1test,4,27,2,52229,False,PSD44_LDA,2,4,probability,0.0898462487620056,0.2345878111121123,0.26600545468524084,0.4095604854406412
s03_1test_r4_t28,3,1test,4,28,2,54233,False,PSD44_LDA,2,4,probability,0.1360518270802353,0.2676411868594163,0.13616898166355396,0.4601380043967944
s03_1test_r4_t29,3,1test,4,29,3,56208,False,PSD44_LDA,3,4,probability,0.1388943503284402,0.131945025952366,0.26282007110289024,0.4663405526163036
s03_1test_r4_t30,3,1test,4,30,4,58234,False,PSD44_LDA,4,4,probability,0.06680028935397873,0.14410535559114693,0.22532348113815004,0.5637708739167243
s03_1test_r4_t31,3,1test,4,31,1,60305,False,PSD44_LDA,1,4,probability,0.27947377085951397,0.16882489675222753,0.19627729357933787,0.3554240388089207
s03_1test_r4_t32,3,1test,4,32,4,62412,False,PSD44_LDA,4,4,probability,0.046182382916929554,0.028137789884034703,0.17081790777682748,0.7548619194222084
s03_1test_r4_t33,3,1test,4,33,1,64504,False,PSD44_LDA,1,4,probability,0.10711069047252379,0.11851855764766839,0.2548573731733663,0.5195133787064414
s03_1test_r4_t34,3,1test,4,34,3,66595,False,PSD44_LDA,3,4,probability,0.06032816085926193,0.14508884102009992,0.2085637632799463,0.586019234840692
s03_1test_r4_t35,3,1test,4,35,1,68638,False,PSD44_LDA,1,4,probability,0.07446388722745181,0.118655835373139,0.28539061660078857,0.5214896607986206
s03_1test_r4_t36,3,1test,4,36,4,70702,False,PSD44_LDA,4,4,probability,0.15749335175294046,0.13331174550148447,0.22681461232417965,0.48238029042139535
s03_1test_r4_t37,3,1test,4,37,1,72722,False,PSD44_LDA,1,4,probability,0.0900504206294378,0.1457563845214262,0.23157169512364156,0.5326214997254944
s03_1test_r4_t38,3,1test,4,38,3,74694,False,PSD44_LDA,3,3,probability,0.1128610818191731,0.07376429610833715,0.4532004096612832,0.3601742124112065
s03_1test_r4_t39,3,1test,4,39,1,76657,False,PSD44_LDA,1,4,probability,0.14270222887852074,0.26593398846492944,0.19185025974516684,0.399513522911383
s03_1test_r4_t40,3,1test,4,40,2,78582,False,PSD44_LDA,2,4,probability,0.07997549592585705,0.04092191288616968,0.3765367798481149,0.5025658113398583
s03_1test_r4_t41,3,1test,4,41,3,80663,False,PSD44_LDA,3,4,probability,0.11571682398736995,0.15782623446919897,0.2893119121464072,0.4371450293970238
s03_1test_r4_t42,3,1test,4,42,3,82641,False,PSD44_LDA,3,4,probability,0.0554249672697106,0.08489727443036858,0.25502017351414386,0.604657584785777
s03_1test_r4_t43,3,1test,4,43,4,84631,False,PSD44_LDA,4,4,probability,0.05490337859130092,0.09638269316457013,0.1628829145994423,0.6858310136446867
s03_1test_r4_t44,3,1test,4,44,1,86750,False,PSD44_LDA,1,4,probability,0.10751942368397925,0.07488243681610805,0.30397008371979045,0.5136280557801222
s03_1test_r4_t45,3,1test,4,45,2,88656,False,PSD44_LDA,2,4,probability,0.06574118686105677,0.1163738884773188,0.22033643598354294,0.5975484886780814
s03_1test_r4_t46,3,1test,4,46,4,90584,False,PSD44_LDA,4,4,probability,0.05257280356332017,0.1514503718960598,0.17460873927851325,0.6213680852621069
s03_1test_r4_t47,3,1test,4,47,2,92698,False,PSD44_LDA,2,2,probability,0.21529024850132877,0.29478934450480226,0.25969373516205724,0.23022667183181167
s03_1test_r4_t48,3,1test,4,48,3,94757,False,PSD44_LDA,3,4,probability,0.08022253748473707,0.11115939004429227,0.39716603623036395,0.41145203624060667
s03_1test_r5_t01,3,1test,5,1,3,250,False,PSD44_LDA,3,3,probability,0.07654524599625799,0.22773903153812183,0.5167329116208672,0.17898281084475287
s03_1test_r5_t02,3,1test,5,2,1,2253,False,PSD44_LDA,1,1,probability,0.438561169406483,0.07836904660984603,0.4197106137568269,0.06335917022684408
s03_1test_r5_t03,3,1test,5,3,4,4171,False,PSD44_LDA,4,2,probability,0.12232872291915527,0.596460334110198,0.18456919051507556,0.09664175245557118
s03_1test_r5_t04,3,1test,5,4,2,6123,True,PSD44_LDA,2,1,probability,0.3268685440941794,0.3106435369725461,0.28867470491391584,0.07381321401935866
s03_1test_r5_t05,3,1test,5,5,4,8131,False,PSD44_LDA,4,4,probability,0.16936909680118253,0.19744009051392428,0.3069167929283207,0.3262740197565725
s03_1test_r5_t06,3,1test,5,6,1,10242,False,PSD44_LDA,1,1,probability,0.49618039682682874,0.22899744354331056,0.15087656873797828,0.1239455908918823
s03_1test_r5_t07,3,1test,5,7,1,12159,False,PSD44_LDA,1,4,probability,0.18340603210781772,0.2285997359605487,0.27144998706971135,0.31654424486192223
s03_1test_r5_t08,3,1test,5,8,3,14209,False,PSD44_LDA,3,1,probability,0.3652518005719102,0.17019875287539063,0.28554687874849727,0.17900256780420196
s03_1test_r5_t09,3,1test,5,9,3,16140,False,PSD44_LDA,3,3,probability,0.29324423020947377,0.12211964861266263,0.3648474262853092,0.21978869489255448
s03_1test_r5_t10,3,1test,5,10,2,18138,False,PSD44_LDA,2,1,probability,0.31427094031306113,0.2393551520603048,0.292910882026078,0.153463025600556
s03_1test_r5_t11,3,1test,5,11,4,20044,False,PSD44_LDA,4,2,probability,0.2526895072452114,0.36127511629518755,0.22139040913296743,0.1646449673266336
s03_1test_r5_t12,3,1test,5,12,2,21939,False,PSD44_LDA,2,1,probability,0.2766951337933161,0.24101729379284217,0.22225719998774465,0.26003037242609706
s03_1test_r5_t13,3,1test,5,13,2,23911,False,PSD44_LDA,2,3,probability,0.27268848336498813,0.14989635731508683,0.3940754211256637,0.18333973819426128
s03_1test_r5_t14,3,1test,5,14,1,25855,False,PSD44_LDA,1,1,probability,0.42968248344610405,0.1601879140229871,0.24425099304857711,0.16587860948233174
s03_1test_r5_t15,3,1test,5,15,2,27822,False,PSD44_LDA,2,1,probability,0.5688019864713347,0.23352098426624912,0.15919739607717162,0.038479633185244534
s03_1test_r5_t16,3,1test,5,16,4,29942,False,PSD44_LDA,4,4,probability,0.08644890130940354,0.16904820703137738,0.3352586451173729,0.4092442465418462
s03_1test_r5_t17,3,1test,5,17,4,31950,False,PSD44_LDA,4,3,probability,0.20161979248232284,0.19037919223807656,0.3565532946183031,0.2514477206612976
s03_1test_r5_t18,3,1test,5,18,2,34016,False,PSD44_LDA,2,1,probability,0.28532717560452087,0.22620863040166608,0.2766817132276106,0.21178248076620246
s03_1test_r5_t19,3,1test,5,19,2,36052,False,PSD44_LDA,2,1,probability,0.3983291966951033,0.3014664048630455,0.22187322825114306,0.0783311701907081
s03_1test_r5_t20,3,1test,5,20,2,38118,False,PSD44_LDA,2,2,probability,0.42529069767004535,0.4640719944561931,0.06265617888004694,0.047981128993714664
s03_1test_r5_t21,3,1test,5,21,2,40188,False,PSD44_LDA,2,2,probability,0.4272273681476776,0.44617118831805846,0.07128560469745435,0.05531583883680962
s03_1test_r5_t22,3,1test,5,22,4,42268,False,PSD44_LDA,4,2,probability,0.17178712975118893,0.3213836113424466,0.19472524401221816,0.3121040148941463
s03_1test_r5_t23,3,1test,5,23,4,44180,False,PSD44_LDA,4,2,probability,0.2732639705567809,0.3326713826137532,0.21610195639742946,0.17796269043203644
s03_1test_r5_t24,3,1test,5,24,3,46211,False,PSD44_LDA,3,3,probability,0.17477896450828498,0.13854543373661296,0.36197828369314616,0.32469731806195595
s03_1test_r5_t25,3,1test,5,25,4,48164,False,PSD44_LDA,4,4,probability,0.13892519330871397,0.22932642382545038,0.3037388583667004,0.3280095244991353
s03_1test_r5_t26,3,1test,5,26,1,50125,False,PSD44_LDA,1,1,probability,0.3529234635473581,0.3348579081766836,0.2224870163009856,0.08973161197497284
s03_1test_r5_t27,3,1test,5,27,2,52229,False,PSD44_LDA,2,2,probability,0.19128838359715084,0.5571253309384874,0.2049662635050044,0.04662002195935741
s03_1test_r5_t28,3,1test,5,28,3,54233,False,PSD44_LDA,3,3,probability,0.2072670241123297,0.1329639147434827,0.4438475828483981,0.21592147829578953
s03_1test_r5_t29,3,1test,5,29,2,56208,False,PSD44_LDA,2,3,probability,0.2837168409674387,0.14362079004612321,0.3448541771817753,0.22780819180466283
s03_1test_r5_t30,3,1test,5,30,1,58234,False,PSD44_LDA,1,1,probability,0.34888523281716416,0.20217620305261838,0.3226673609578258,0.12627120317239152
s03_1test_r5_t31,3,1test,5,31,4,60305,False,PSD44_LDA,4,4,probability,0.04613953049998767,0.0788160757860897,0.3335356197869356,0.5415087739269869
s03_1test_r5_t32,3,1test,5,32,1,62412,False,PSD44_LDA,1,3,probability,0.2061726391167893,0.1400606976642073,0.42068205101864165,0.2330846122003618
s03_1test_r5_t33,3,1test,5,33,4,64504,False,PSD44_LDA,4,4,probability,0.09428435549550046,0.22176110366168206,0.22481022100187262,0.45914431984094484
s03_1test_r5_t34,3,1test,5,34,1,66595,False,PSD44_LDA,1,1,probability,0.5413240276469665,0.12314669814096381,0.18472094234066455,0.15080833187140522
s03_1test_r5_t35,3,1test,5,35,1,68638,False,PSD44_LDA,1,1,probability,0.4245929488316261,0.2780435133068631,0.162717704746559,0.1346458331149518
s03_1test_r5_t36,3,1test,5,36,1,70702,False,PSD44_LDA,1,1,probability,0.4659648211129549,0.10533388032388288,0.2658968501215065,0.1628044484416557
s03_1test_r5_t37,3,1test,5,37,1,72722,True,PSD44_LDA,1,3,probability,0.1833679624090125,0.26435222197601665,0.35708322394702297,0.19519659166794784
s03_1test_r5_t38,3,1test,5,38,3,74694,False,PSD44_LDA,3,3,probability,0.1367840024914213,0.20550874056829177,0.5638362189587839,0.09387103798150302
s03_1test_r5_t39,3,1test,5,39,3,76657,False,PSD44_LDA,3,3,probability,0.12234009099921139,0.31519343192518284,0.32614586895134984,0.23632060812425598
s03_1test_r5_t40,3,1test,5,40,4,78582,False,PSD44_LDA,4,4,probability,0.1345743960574036,0.1370344020221026,0.31687760328619685,0.41151359863429704
s03_1test_r5_t41,3,1test,5,41,2,80663,False,PSD44_LDA,2,3,probability,0.2130887933984988,0.25481071308476566,0.3485407381673144,0.18355975534942126
s03_1test_r5_t42,3,1test,5,42,3,82641,True,PSD44_LDA,3,2,probability,0.19468831421061011,0.3750623271936188,0.31130022070612,0.11894913788965102
s03_1test_r5_t43,3,1test,5,43,3,84631,True,PSD44_LDA,3,3,probability,0.1401794487719659,0.10781843281117037,0.385122795218763,0.36687932319810074
s03_1test_r5_t44,3,1test,5,44,3,86750,False,PSD44_LDA,3,3,probability,0.24950878280884092,0.15061963817022372,0.40498847669590937,0.19488310232502604
s03_1test_r5_t45,3,1test,5,45,4,88656,False,PSD44_LDA,4,4,probability,0.22439104358823014,0.15165142783112942,0.2650126802818395,0.3589448482988009
s03_1test_r5_t46,3,1test,5,46,3,90584,False,PSD44_LDA,3,3,probability,0.0955830022447881,0.10203896059291452,0.4092525984333212,0.39312543872897615
s03_1test_r5_t47,3,1test,5,47,1,92698,False,PSD44_LDA,1,3,probability,0.23055824608529157,0.06720713166187639,0.5470258972523803,0.15520872500045174
s03_1test_r5_t48,3,1test,5,48,3,94757,False,PSD44_LDA,3,2,probability,0.13974571718017587,0.3851673556738398,0.32980183115064865,0.1452850959953358
s03_0train_r0_t01,3,0train,0,1,1,250,False,PSD44_LINEAR_SVM,1,1,uncalibrated_ovr_margin,3.2605447421976814,0.8083639382045711,2.1445733864441916,-0.24985287895490266
s03_0train_r0_t02,3,0train,0,2,2,2253,False,PSD44_LINEAR_SVM,2,1,uncalibrated_ovr_margin,3.2568131904472803,1.9865091872147727,1.171679981973623,-0.27132933546230475
s03_0train_r0_t03,3,0train,0,3,2,4171,False,PSD44_LINEAR_SVM,2,1,uncalibrated_ovr_margin,3.191105842861997,2.2249069906795738,0.9691394413996939,-0.25609988402452916
s03_0train_r0_t04,3,0train,0,4,1,6123,False,PSD44_LINEAR_SVM,1,4,uncalibrated_ovr_margin,2.1763843209022395,-0.21047582017110691,0.8981223352157315,3.1690891632400056
s03_0train_r0_t05,3,0train,0,5,2,8131,False,PSD44_LINEAR_SVM,2,1,uncalibrated_ovr_margin,3.168293607133965,0.8632732492110823,1.075692946951858,0.8726727069553137
s03_0train_r0_t06,3,0train,0,6,1,10242,False,PSD44_LINEAR_SVM,1,1,uncalibrated_ovr_margin,3.239488858051133,1.1688838647450555,-0.27902489184719653,2.203065974701266
s03_0train_r0_t07,3,0train,0,7,2,12159,False,PSD44_LINEAR_SVM,2,1,uncalibrated_ovr_margin,3.2678516241868016,2.0864755060875644,1.1480334456964774,-0.2799117108943721
s03_0train_r0_t08,3,0train,0,8,3,14209,False,PSD44_LINEAR_SVM,3,3,uncalibrated_ovr_margin,1.9711994235098902,0.8897345036676673,3.2078327923386314,-0.17208027912022952
s03_0train_r0_t09,3,0train,0,9,2,16140,False,PSD44_LINEAR_SVM,2,3,uncalibrated_ovr_margin,2.1948144045979983,0.8213387394674956,3.2324972822030125,-0.2396216389261157
s03_0train_r0_t10,3,0train,0,10,4,18138,False,PSD44_LINEAR_SVM,4,3,uncalibrated_ovr_margin,0.8197485382999803,-0.2973266972700385,3.291557845272191,2.236879257984166
s03_0train_r0_t11,3,0train,0,11,1,20044,False,PSD44_LINEAR_SVM,1,1,uncalibrated_ovr_margin,3.215481544760561,2.2162233037309638,-0.234571639655003,0.8116188027929954
s03_0train_r0_t12,3,0train,0,12,3,21939,False,PSD44_LINEAR_SVM,3,3,uncalibrated_ovr_margin,0.7904045630650497,-0.2740696427399546,3.2666506064233887,2.2329211352748604
s03_0train_r0_t13,3,0train,0,13,2,23911,False,PSD44_LINEAR_SVM,2,1,uncalibrated_ovr_margin,3.2204292751736894,0.8493794469061512,-0.16017155336284764,1.9437471060040863
s03_0train_r0_t14,3,0train,0,14,1,25855,False,PSD44_LINEAR_SVM,1,1,uncalibrated_ovr_margin,3.240723844929651,-0.21958816549167456,1.9486071010076857,0.8909020797329843
s03_0train_r0_t15,3,0train,0,15,4,27822,False,PSD44_LINEAR_SVM,4,4,uncalibrated_ovr_margin,0.8027594012278279,-0.24152430693732937,2.1885740366551794,3.2450883335430993
s03_0train_r0_t16,3,0train,0,16,4,29942,False,PSD44_LINEAR_SVM,4,4,uncalibrated_ovr_margin,0.7896468489923761,-0.24982753350421869,2.079746743806087,3.271464325088194
s03_0train_r0_t17,3,0train,0,17,4,31950,False,PSD44_LINEAR_SVM,4,4,uncalibrated_ovr_margin,-0.22922958518098108,0.839139596326452,2.0934819213754086,3.244322325177886
s03_0train_r0_t18,3,0train,0,18,4,34016,False,PSD44_LINEAR_SVM,4,4,uncalibrated_ovr_margin,1.0177667604030822,-0.21536535598294088,2.0412163652462993,3.206505217307405
s03_0train_r0_t19,3,0train,0,19,4,36052,False,PSD44_LINEAR_SVM,4,4,uncalibrated_ovr_margin,-0.25965035483345095,0.7897657831660524,2.164954349874935,3.2698662825993727
s03_0train_r0_t20,3,0train,0,20,1,38118,False,PSD44_LINEAR_SVM,1,1,uncalibrated_ovr_margin,3.232630984489845,1.9188388386746504,-0.1714364546649234,0.8394397380849767
s03_0train_r0_t21,3,0train,0,21,3,40188,False,PSD44_LINEAR_SVM,3,4,uncalibrated_ovr_margin,-0.09974427573406801,0.841937830403264,1.9937439762495912,3.191365490943422
s03_0train_r0_t22,3,0train,0,22,2,42268,False,PSD44_LINEAR_SVM,2,3,uncalibrated_ovr_margin,1.0879771873085449,-0.2477854913859634,3.2137780464691774,2.1428327063086265
s03_0train_r0_t23,3,0train,0,23,1,44180,False,PSD44_LINEAR_SVM,1,1,uncalibrated_ovr_margin,3.2460826036067973,-0.25072183520003466,0.7842223961174402,2.2240465105197456
s03_0train_r0_t24,3,0train,0,24,1,46211,False,PSD44_LINEAR_SVM,1,4,uncalibrated_ovr_margin,-0.22909427270048643,0.8008541436230889,2.1292326783575954,3.251002038646293
s03_0train_r0_t25,3,0train,0,25,3,48164,False,PSD44_LINEAR_SVM,3,3,uncalibrated_ovr_margin,0.7864502165540449,-0.26686300552971326,3.2590390695921405,2.2326558657620295
s03_0train_r0_t26,3,0train,0,26,4,50125,False,PSD44_LINEAR_SVM,4,4,uncalibrated_ovr_margin,-0.2736363466069531,0.7762123202607489,2.2234842450224965,3.2737260740360155
s03_0train_r0_t27,3,0train,0,27,1,52229,True,PSD44_LINEAR_SVM,1,3,uncalibrated_ovr_margin,-0.26809642392467153,0.7408358814513463,3.2847996223725104,2.211489000179633
s03_0train_r0_t28,3,0train,0,28,3,54233,False,PSD44_LINEAR_SVM,3,3,uncalibrated_ovr_margin,-0.24522151411965032,0.749663721476587,3.2576929129727734,2.2350763219005554
s03_0train_r0_t29,3,0train,0,29,3,56208,True,PSD44_LINEAR_SVM,3,3,uncalibrated_ovr_margin,0.8535818631447782,1.9089737960990951,3.221934430259069,-0.15150640964284381
s03_0train_r0_t30,3,0train,0,30,3,58234,True,PSD44_LINEAR_SVM,3,4,uncalibrated_ovr_margin,0.8324798919237028,-0.23018447454999544,2.1815275792995705,3.2239031091948873
s03_0train_r0_t31,3,0train,0,31,1,60305,False,PSD44_LINEAR_SVM,1,3,uncalibrated_ovr_margin,0.8605636677604747,-0.2414824495351828,3.2242906565008367,2.187854824664188
s03_0train_r0_t32,3,0train,0,32,2,62412,False,PSD44_LINEAR_SVM,2,2,uncalibrated_ovr_margin,-0.21191556459531904,3.2507661666679177,2.1440361796794516,0.7758605210538929
s03_0train_r0_t33,3,0train,0,33,1,64504,False,PSD44_LINEAR_SVM,1,4,uncalibrated_ovr_margin,2.0099491626899026,-0.20537822888268306,0.8948226933185343,3.2235145379603436
s03_0train_r0_t34,3,0train,0,34,2,66595,False,PSD44_LINEAR_SVM,2,4,uncalibrated_ovr_margin,0.8333811505664245,-0.2248859230626645,2.099453688779108,3.241956016137998
s03_0train_r0_t35,3,0train,0,35,2,68638,False,PSD44_LINEAR_SVM,2,4,uncalibrated_ovr_margin,-0.17889604348098692,2.1448263030092294,0.918268166154628,3.138962970581893
s03_0train_r0_t36,3,0train,0,36,1,70702,False,PSD44_LINEAR_SVM,1,1,uncalibrated_ovr_margin,3.202725609678604,-0.17213691195905975,2.056953925062355,0.8638618439303628
s03_0train_r0_t37,3,0train,0,37,2,72722,False,PSD44_LINEAR_SVM,2,4,uncalibrated_ovr_margin,1.0694303609251257,-0.19971596968214517,2.035490440273724,3.1755377011607386
s03_0train_r0_t38,3,0train,0,38,3,74694,False,PSD44_LINEAR_SVM,3,4,uncalibrated_ovr_margin,0.9494228584710848,-0.25547571374936195,2.2023389483823625,3.2190039622029873
s03_0train_r0_t39,3,0train,0,39,2,76657,False,PSD44_LINEAR_SVM,2,4,uncalibrated_ovr_margin,0.8397133990020962,1.8281114201304922,-0.22133198592204964,3.2662251808001845
s03_0train_r0_t40,3,0train,0,40,3,78582,False,PSD44_LINEAR_SVM,3,3,uncalibrated_ovr_margin,-0.2374663644481141,0.799029299085742,3.2454491217900028,2.1819905238996014
s03_0train_r0_t41,3,0train,0,41,3,80663,False,PSD44_LINEAR_SVM,3,4,uncalibrated_ovr_margin,-0.20506768300568828,0.8338226401901,2.043265075027407,3.2365400153096995
s03_0train_r0_t42,3,0train,0,42,4,82641,False,PSD44_LINEAR_SVM,4,4,uncalibrated_ovr_margin,-0.22808581986190393,0.7555333698801574,2.2201035219173755,3.249459181209839
s03_0train_r0_t43,3,0train,0,43,3,84631,False,PSD44_LINEAR_SVM,3,4,uncalibrated_ovr_margin,-0.23944015850324565,0.7875021584719448,2.180437167764011,3.2525952532138054
s03_0train_r0_t44,3,0train,0,44,3,86750,False,PSD44_LINEAR_SVM,3,4,uncalibrated_ovr_margin,-0.14144493413924397,0.7986331993662207,2.1833445609526847,3.1699847013250606
s03_0train_r0_t45,3,0train,0,45,4,88656,False,PSD44_LINEAR_SVM,4,4,uncalibrated_ovr_margin,-0.24714915991105846,0.8299283904092738,1.9517673522524508,3.267698126599186
s03_0train_r0_t46,3,0train,0,46,4,90584,False,PSD44_LINEAR_SVM,4,4,uncalibrated_ovr_margin,-0.22951067884689877,0.7712282524901285,2.162589250716702,3.258364253884541
s03_0train_r0_t47,3,0train,0,47,4,92698,False,PSD44_LINEAR_SVM,4,4,uncalibrated_ovr_margin,-0.24637838926360858,0.7854464147207377,2.1065712648486437,3.2688556564388516
s03_0train_r0_t48,3,0train,0,48,4,94757,False,PSD44_LINEAR_SVM,4,4,uncalibrated_ovr_margin,-0.20709946518736327,0.8334191746397852,1.996958200178381,3.2419786301752067
s03_0train_r1_t01,3,0train,1,1,4,250,False,PSD44_LINEAR_SVM,4,4,uncalibrated_ovr_margin,-0.17940992840453313,0.8233518756719169,2.1366700195020667,3.205031628197368
s03_0train_r1_t02,3,0train,1,2,3,2253,False,PSD44_LINEAR_SVM,3,4,uncalibrated_ovr_margin,-0.22984429230818723,0.766662928158635,2.2332925209662267,3.2298919665592405
s03_0train_r1_t03,3,0train,1,3,2,4171,False,PSD44_LINEAR_SVM,2,1,uncalibrated_ovr_margin,3.127086461138039,1.9605547900114755,1.0087639127612007,-0.11243200228302971
s03_0train_r1_t04,3,0train,1,4,1,6123,False,PSD44_LINEAR_SVM,1,1,uncalibrated_ovr_margin,3.150939907228228,-0.1980302517910225,0.9045005227221014,2.1697415588079227
s03_0train_r1_t05,3,0train,1,5,1,8131,False,PSD44_LINEAR_SVM,1,4,uncalibrated_ovr_margin,0.9967986146154604,2.1206872197807156,-0.22168711032807573,3.196033060264933
s03_0train_r1_t06,3,0train,1,6,2,10242,False,PSD44_LINEAR_SVM,2,2,uncalibrated_ovr_margin,-0.1923085214105012,3.207503420399927,0.8921495652651045,2.053897650071257
s03_0train_r1_t07,3,0train,1,7,3,12159,False,PSD44_LINEAR_SVM,3,4,uncalibrated_ovr_margin,-0.280701514236423,0.7746380111063356,2.2472760530326568,3.2732424612940556
s03_0train_r1_t08,3,0train,1,8,4,14209,False,PSD44_LINEAR_SVM,4,4,uncalibrated_ovr_margin,-0.2798868706505416,0.7326495971938882,2.2236406430719007,3.2929282631021564
s03_0train_r1_t09,3,0train,1,9,2,16140,False,PSD44_LINEAR_SVM,2,4,uncalibrated_ovr_margin,0.9240387250751045,-0.22578171205108113,2.1086675917641866,3.218815042533024
s03_0train_r1_t10,3,0train,1,10,3,18138,True,PSD44_LINEAR_SVM,3,3,uncalibrated_ovr_margin,1.1284356400822604,-0.2520832419886373,3.201021299449658,2.162955337565575
s03_0train_r1_t11,3,0train,1,11,1,20044,False,PSD44_LINEAR_SVM,1,1,uncalibrated_ovr_margin,3.198501754780164,0.8565207804918593,-0.1993809936008756,2.145217858707006
s03_0train_r1_t12,3,0train,1,12,1,21939,False,PSD44_LINEAR_SVM,1,4,uncalibrated_ovr_margin,2.1862844009994897,-0.2316561041518775,0.8225638390356539,3.2275028225638938
s03_0train_r1_t13,3,0train,1,13,1,23911,False,PSD44_LINEAR_SVM,1,4,uncalibrated_ovr_margin,-0.2441601661726933,0.7553543552914708,2.0344170037826217,3.2810983011412294
s03_0train_r1_t14,3,0train,1,14,4,25855,False,PSD44_LINEAR_SVM,4,4,uncalibrated_ovr_margin,-0.2820289408621302,0.7892984441724943,2.2149153225154277,3.2812536356484965
s03_0train_r1_t15,3,0train,1,15,2,27822,False,PSD44_LINEAR_SVM,2,1,uncalibrated_ovr_margin,3.257794049547693,1.8963867186509975,-0.21308695343884015,0.8189023572718772
s03_0train_r1_t16,3,0train,1,16,2,29942,False,PSD44_LINEAR_SVM,2,4,uncalibrated_ovr_margin,-0.13408540307859654,0.9538250851502672,2.0632651614374766,3.124934973416264
s03_0train_r1_t17,3,0train,1,17,1,31950,False,PSD44_LINEAR_SVM,1,4,uncalibrated_ovr_margin,1.8766281958417814,-0.2640188157092642,0.7963904572466611,3.2854829075933005
s03_0train_r1_t18,3,0train,1,18,1,34016,False,PSD44_LINEAR_SVM,1,4,uncalibrated_ovr_margin,-0.25889373560774603,0.7695171738690558,2.0208257254595003,3.2832246922955552
s03_0train_r1_t19,3,0train,1,19,3,36052,True,PSD44_LINEAR_SVM,3,4,uncalibrated_ovr_margin,0.7767938957258331,-0.2712947805272897,2.25586584613182,3.2519714946170724
s03_0train_r1_t20,3,0train,1,20,1,38118,False,PSD44_LINEAR_SVM,1,3,uncalibrated_ovr_margin,0.8143717073533997,-0.24624115528454502,3.2283747770718825,2.2187170916129606
s03_0train_r1_t21,3,0train,1,21,2,40188,True,PSD44_LINEAR_SVM,2,2,uncalibrated_ovr_margin,-0.25926789944053436,2.178774205893396,2.177843411675645,2.181824472643814
s03_0train_r1_t22,3,0train,1,22,4,42268,False,PSD44_LINEAR_SVM,4,4,uncalibrated_ovr_margin,-0.26157400595618857,1.9390986669889463,0.7939278678078714,3.281956342296502
s03_0train_r1_t23,3,0train,1,23,4,44180,False,PSD44_LINEAR_SVM,4,4,uncalibrated_ovr_margin,-0.19056955329587164,1.870468285972362,0.7839361553254024,3.264074912213303
s03_0train_r1_t24,3,0train,1,24,3,46211,False,PSD44_LINEAR_SVM,3,4,uncalibrated_ovr_margin,0.7764957984376326,-0.2626691996324371,2.194395941536277,3.2710630195395014
s03_0train_r1_t25,3,0train,1,25,1,48164,False,PSD44_LINEAR_SVM,1,4,uncalibrated_ovr_margin,0.8655967795207843,2.0446497669359074,-0.2595820622111905,3.267204422252254
s03_0train_r1_t26,3,0train,1,26,4,50125,False,PSD44_LINEAR_SVM,4,4,uncalibrated_ovr_margin,-0.2827664365845328,0.7592763778712742,2.1079905286267606,3.295072083410012
s03_0train_r1_t27,3,0train,1,27,4,52229,False,PSD44_LINEAR_SVM,4,4,uncalibrated_ovr_margin,-0.2624174558491032,0.7907615007929695,2.124393041172467,3.2757744450852173
s03_0train_r1_t28,3,0train,1,28,2,54233,False,PSD44_LINEAR_SVM,2,4,uncalibrated_ovr_margin,0.8573496429927612,-0.23118171488864436,2.10828736441961,3.238905876685985
s03_0train_r1_t29,3,0train,1,29,4,56208,False,PSD44_LINEAR_SVM,4,4,uncalibrated_ovr_margin,0.8149710259558558,-0.2612702229349224,1.8597592869048827,3.2828243988196153
s03_0train_r1_t30,3,0train,1,30,4,58234,False,PSD44_LINEAR_SVM,4,4,uncalibrated_ovr_margin,0.8772251751326732,-0.23048257959314916,2.168087539280432,3.2145756624331856
s03_0train_r1_t31,3,0train,1,31,2,60305,False,PSD44_LINEAR_SVM,2,4,uncalibrated_ovr_margin,-0.2432413015613869,0.8112235781983951,2.0646403312593873,3.2633823852391064
s03_0train_r1_t32,3,0train,1,32,1,62412,False,PSD44_LINEAR_SVM,1,4,uncalibrated_ovr_margin,0.773265582038587,-0.2609427646077741,2.196710444689174,3.270343171047875
s03_0train_r1_t33,3,0train,1,33,2,64504,False,PSD44_LINEAR_SVM,2,4,uncalibrated_ovr_margin,1.9410708363986229,0.8955481600199414,-0.14373247276875367,3.1961133889161326
s03_0train_r1_t34,3,0train,1,34,3,66595,False,PSD44_LINEAR_SVM,3,4,uncalibrated_ovr_margin,0.823061148375894,-0.23921997313871204,2.1799839602567936,3.2380817621126172
s03_0train_r1_t35,3,0train,1,35,3,68638,False,PSD44_LINEAR_SVM,3,4,uncalibrated_ovr_margin,-0.23312369198602323,1.9034338901389665,0.8050324987998212,3.2685239105607558
s03_0train_r1_t36,3,0train,1,36,3,70702,False,PSD44_LINEAR_SVM,3,3,uncalibrated_ovr_margin,0.8000263950948927,-0.23868077802053894,3.2514042102875576,2.1626207424139676
s03_0train_r1_t37,3,0train,1,37,4,72722,False,PSD44_LINEAR_SVM,4,4,uncalibrated_ovr_margin,0.86188199292818,-0.23032287713951305,2.0935395839791906,3.23952514733962
s03_0train_r1_t38,3,0train,1,38,3,74694,False,PSD44_LINEAR_SVM,3,4,uncalibrated_ovr_margin,0.7994901382352877,-0.20983238561237913,2.123345911795612,3.2412836943979935
s03_0train_r1_t39,3,0train,1,39,1,76657,False,PSD44_LINEAR_SVM,1,4,uncalibrated_ovr_margin,-0.1719166052865315,1.8877629983314808,0.8155888233330512,3.2458670557786253
s03_0train_r1_t40,3,0train,1,40,4,78582,False,PSD44_LINEAR_SVM,4,4,uncalibrated_ovr_margin,-0.28669265302659636,0.8598642280789747,2.243049820753139,3.2689846764009185
s03_0train_r1_t41,3,0train,1,41,2,80663,True,PSD44_LINEAR_SVM,2,4,uncalibrated_ovr_margin,-0.12514629493095653,0.8402668758729994,1.9348413571169354,3.212744581304033
s03_0train_r1_t42,3,0train,1,42,3,82641,False,PSD44_LINEAR_SVM,3,4,uncalibrated_ovr_margin,0.8322888060750162,-0.25711566712491574,2.168737530219328,3.256896330155963
s03_0train_r1_t43,3,0train,1,43,2,84631,False,PSD44_LINEAR_SVM,2,3,uncalibrated_ovr_margin,-0.24536336204481238,0.8778791863141737,3.2044074969811973,2.213510947842279
s03_0train_r1_t44,3,0train,1,44,3,86750,False,PSD44_LINEAR_SVM,3,4,uncalibrated_ovr_margin,0.7807560235188872,-0.25325739604014796,2.17394371819502,3.266574410613819
s03_0train_r1_t45,3,0train,1,45,4,88656,False,PSD44_LINEAR_SVM,4,4,uncalibrated_ovr_margin,-0.23209610461432825,0.8044865406969177,1.987448699544501,3.263162909180206
s03_0train_r1_t46,3,0train,1,46,2,90584,False,PSD44_LINEAR_SVM,2,3,uncalibrated_ovr_margin,0.8006977957750439,-0.23716043002686332,3.2266522546241965,2.2154805039721883
s03_0train_r1_t47,3,0train,1,47,3,92698,False,PSD44_LINEAR_SVM,3,4,uncalibrated_ovr_margin,-0.24302427664745208,1.1118681201128726,2.163715591709028,3.18323040081358
s03_0train_r1_t48,3,0train,1,48,1,94757,False,PSD44_LINEAR_SVM,1,4,uncalibrated_ovr_margin,1.9105730998538757,-0.2145408564088851,0.7805191214369984,3.267979289640266
s03_0train_r2_t01,3,0train,2,1,1,250,False,PSD44_LINEAR_SVM,1,1,uncalibrated_ovr_margin,3.2518911958861656,2.1766129144196884,0.8224259686623101,-0.25162920280543655
s03_0train_r2_t02,3,0train,2,2,1,2253,False,PSD44_LINEAR_SVM,1,4,uncalibrated_ovr_margin,0.9371173461718234,-0.2164823840422839,2.1166970214457397,3.202433194821712
s03_0train_r2_t03,3,0train,2,3,4,4171,False,PSD44_LINEAR_SVM,4,4,uncalibrated_ovr_margin,-0.21767345042753863,0.772629795755127,2.0760796722773436,3.2628913087799027
s03_0train_r2_t04,3,0train,2,4,2,6123,False,PSD44_LINEAR_SVM,2,4,uncalibrated_ovr_margin,-0.24401179604832976,0.9449200143248521,2.1712002250656406,3.2173453609246168
s03_0train_r2_t05,3,0train,2,5,1,8131,False,PSD44_LINEAR_SVM,1,4,uncalibrated_ovr_margin,1.1226923444953476,-0.2738389813667732,2.213133707553083,3.2306787964856496
s03_0train_r2_t06,3,0train,2,6,3,10242,False,PSD44_LINEAR_SVM,3,4,uncalibrated_ovr_margin,0.9867031097371621,-0.1413896523349866,2.074274527249197,3.109838594966427
s03_0train_r2_t07,3,0train,2,7,1,12159,False,PSD44_LINEAR_SVM,1,3,uncalibrated_ovr_margin,1.0228756046035734,-0.2256213588195056,3.205761391041514,2.096605153745136
s03_0train_r2_t08,3,0train,2,8,3,14209,False,PSD44_LINEAR_SVM,3,4,uncalibrated_ovr_margin,-0.25373960264519857,0.7977698562585529,2.2369645931402244,3.231444042990681
s03_0train_r2_t09,3,0train,2,9,2,16140,False,PSD44_LINEAR_SVM,2,4,uncalibrated_ovr_margin,-0.21787163096814954,0.7643340178422117,2.220128858304847,3.233990421931506
s03_0train_r2_t10,3,0train,2,10,4,18138,False,PSD44_LINEAR_SVM,4,4,uncalibrated_ovr_margin,-0.2482476275805435,0.8398506664286199,1.901226556381253,3.27000357266163
s03_0train_r2_t11,3,0train,2,11,1,20044,False,PSD44_LINEAR_SVM,1,1,uncalibrated_ovr_margin,3.2076515187018577,-0.20500373034835656,1.9527718995007879,1.03312779659411
s03_0train_r2_t12,3,0train,2,12,3,21939,False,PSD44_LINEAR_SVM,3,4,uncalibrated_ovr_margin,0.76520709446273,-0.26484887950228253,2.2515093599561764,3.253516057797034
s03_0train_r2_t13,3,0train,2,13,3,23911,False,PSD44_LINEAR_SVM,3,3,uncalibrated_ovr_margin,-0.2587670594123162,0.8021658295932883,3.2396249137403434,2.234515280216625
s03_0train_r2_t14,3,0train,2,14,1,25855,False,PSD44_LINEAR_SVM,1,4,uncalibrated_ovr_margin,-0.27696254575281815,0.7984725346065371,2.2520896246161053,3.2565163524111695
s03_0train_r2_t15,3,0train,2,15,3,27822,False,PSD44_LINEAR_SVM,3,1,uncalibrated_ovr_margin,3.1379273349121193,-0.18804438445464888,0.8804992865157218,2.1780982010515357
s03_0train_r2_t16,3,0train,2,16,2,29942,False,PSD44_LINEAR_SVM,2,1,uncalibrated_ovr_margin,3.1971903563663284,2.0150798919430466,1.098075840524365,-0.2188910701127581
s03_0train_r2_t17,3,0train,2,17,4,31950,False,PSD44_LINEAR_SVM,4,4,uncalibrated_ovr_margin,-0.2375449057138092,0.7466986399852434,2.137095532994819,3.277275821472414
s03_0train_r2_t18,3,0train,2,18,4,34016,True,PSD44_LINEAR_SVM,4,4,uncalibrated_ovr_margin,-0.2712351033545391,0.795903708920612,2.186517880890978,3.2746133103344786
s03_0train_r2_t19,3,0train,2,19,4,36052,False,PSD44_LINEAR_SVM,4,4,uncalibrated_ovr_margin,0.8573377549283123,-0.23492656008946938,2.087002756335484,3.24520392738079
s03_0train_r2_t20,3,0train,2,20,3,38118,False,PSD44_LINEAR_SVM,3,3,uncalibrated_ovr_margin,-0.20004293012779972,0.7936811168594028,3.237868073380198,2.1292733913273465
s03_0train_r2_t21,3,0train,2,21,1,40188,False,PSD44_LINEAR_SVM,1,3,uncalibrated_ovr_margin,0.8892553456258911,-0.2240421502759149,3.203263795735848,2.165386496244329
s03_0train_r2_t22,3,0train,2,22,4,42268,False,PSD44_LINEAR_SVM,4,4,uncalibrated_ovr_margin,0.9434225424978567,-0.2536498956698577,2.169833175802455,3.2337986585522525
s03_0train_r2_t23,3,0train,2,23,2,44180,False,PSD44_LINEAR_SVM,2,2,uncalibrated_ovr_margin,2.1168697924362156,3.1598514607443726,1.0049919963677834,-0.19873690532616842
s03_0train_r2_t24,3,0train,2,24,4,46211,False,PSD44_LINEAR_SVM,4,4,uncalibrated_ovr_margin,0.8028928069118264,-0.2293733460180372,2.0222268471899656,3.260582182199936
s03_0train_r2_t25,3,0train,2,25,2,48164,False,PSD44_LINEAR_SVM,2,2,uncalibrated_ovr_margin,1.0995442040354864,3.2214088388833835,2.2165138777756566,-0.2699305230318886
s03_0train_r2_t26,3,0train,2,26,1,50125,False,PSD44_LINEAR_SVM,1,4,uncalibrated_ovr_margin,0.8924719389026434,-0.1611002851606128,2.0018153637304468,3.194795665497719
s03_0train_r2_t27,3,0train,2,27,3,52229,False,PSD44_LINEAR_SVM,3,4,uncalibrated_ovr_margin,-0.275054994542831,0.8662622693510249,2.1971522331106192,3.2658842646315347
s03_0train_r2_t28,3,0train,2,28,2,54233,False,PSD44_LINEAR_SVM,2,3,uncalibrated_ovr_margin,0.8263791674817672,-0.24464763849653848,3.23708558671829,2.19341786692225
s03_0train_r2_t29,3,0train,2,29,1,56208,False,PSD44_LINEAR_SVM,1,1,uncalibrated_ovr_margin,3.1838418185758126,-0.19195922996895634,2.088326099564674,0.9371252506898521
s03_0train_r2_t30,3,0train,2,30,3,58234,False,PSD44_LINEAR_SVM,3,3,uncalibrated_ovr_margin,-0.21066732024850396,0.8348232037858893,3.1896240501277546,2.193288383296451
s03_0train_r2_t31,3,0train,2,31,3,60305,False,PSD44_LINEAR_SVM,3,3,uncalibrated_ovr_margin,-0.24093740240204295,0.7828225373500111,3.235931628511711,2.2242267306576515
s03_0train_r2_t32,3,0train,2,32,1,62412,False,PSD44_LINEAR_SVM,1,3,uncalibrated_ovr_margin,0.9200254233485593,-0.2449157927868561,3.234861372452879,2.137322941232372
s03_0train_r2_t33,3,0train,2,33,3,64504,False,PSD44_LINEAR_SVM,3,4,uncalibrated_ovr_margin,-0.2442264770274411,0.7936188916494304,2.2177788479608176,3.237598635770929
s03_0train_r2_t34,3,0train,2,34,4,66595,False,PSD44_LINEAR_SVM,4,4,uncalibrated_ovr_margin,-0.25164344701518776,0.8345172225373915,1.8632876547589778,3.275479786993128
s03_0train_r2_t35,3,0train,2,35,4,68638,False,PSD44_LINEAR_SVM,4,4,uncalibrated_ovr_margin,0.8282072760412771,-0.24789821128924316,1.8823462682151786,3.27284344654694
s03_0train_r2_t36,3,0train,2,36,2,70702,False,PSD44_LINEAR_SVM,2,1,uncalibrated_ovr_margin,3.2430428683879926,2.1393652277146975,-0.23490145851412764,0.8313694543147883
s03_0train_r2_t37,3,0train,2,37,1,72722,False,PSD44_LINEAR_SVM,1,4,uncalibrated_ovr_margin,2.142411479001622,0.8628595497830747,-0.261356335070466,3.2606198478962094
s03_0train_r2_t38,3,0train,2,38,2,74694,False,PSD44_LINEAR_SVM,2,4,uncalibrated_ovr_margin,2.105322188370139,0.9387847521816792,-0.1719801255328701,3.151074691669994
s03_0train_r2_t39,3,0train,2,39,4,76657,False,PSD44_LINEAR_SVM,4,4,uncalibrated_ovr_margin,0.8833080940809965,-0.273591668677729,2.1242208365678326,3.2729925678273997
s03_0train_r2_t40,3,0train,2,40,2,78582,False,PSD44_LINEAR_SVM,2,4,uncalibrated_ovr_margin,0.8657550729986925,2.1434284409741107,-0.22162159240402773,3.218505777071998
s03_0train_r2_t41,3,0train,2,41,4,80663,False,PSD44_LINEAR_SVM,4,4,uncalibrated_ovr_margin,-0.25922378662825,0.8436806091301967,2.143331512096647,3.2612856836093758
s03_0train_r2_t42,3,0train,2,42,3,82641,False,PSD44_LINEAR_SVM,3,4,uncalibrated_ovr_margin,-0.23749172122008017,0.8736443258152533,2.18009910358357,3.2189085246830924
s03_0train_r2_t43,3,0train,2,43,2,84631,False,PSD44_LINEAR_SVM,2,4,uncalibrated_ovr_margin,1.0078388346637583,-0.1948324828608744,1.9351131173695042,3.206317939558027
s03_0train_r2_t44,3,0train,2,44,2,86750,False,PSD44_LINEAR_SVM,2,4,uncalibrated_ovr_margin,-0.08416282445093118,1.9795734865157149,0.9262711522231818,3.135750529204315
s03_0train_r2_t45,3,0train,2,45,2,88656,False,PSD44_LINEAR_SVM,2,2,uncalibrated_ovr_margin,2.2265798931543492,3.263581818259143,0.7921895888376576,-0.26979008572793467
s03_0train_r2_t46,3,0train,2,46,3,90584,False,PSD44_LINEAR_SVM,3,4,uncalibrated_ovr_margin,-0.2731401528139077,0.7294619501501896,2.264640997614223,3.2777168334773017
s03_0train_r2_t47,3,0train,2,47,4,92698,False,PSD44_LINEAR_SVM,4,4,uncalibrated_ovr_margin,-0.23708365694486883,0.7962346908405392,2.161028303303249,3.252058540370996
s03_0train_r2_t48,3,0train,2,48,1,94757,False,PSD44_LINEAR_SVM,1,4,uncalibrated_ovr_margin,0.8591330530610896,-0.19063355075492303,2.0535868330914,3.2174419161753445
s03_0train_r3_t01,3,0train,3,1,2,250,True,PSD44_LINEAR_SVM,2,3,uncalibrated_ovr_margin,0.8625089956268246,-0.23360075392898905,3.250801659211363,2.001812531077745
s03_0train_r3_t02,3,0train,3,2,4,2253,True,PSD44_LINEAR_SVM,4,4,uncalibrated_ovr_margin,0.7369618547721828,-0.2769174029556641,2.2646557722405225,3.2758304026573226
s03_0train_r3_t03,3,0train,3,3,1,4171,False,PSD44_LINEAR_SVM,1,4,uncalibrated_ovr_margin,-0.2416174215528908,0.7530156148626528,2.00407984623036,3.281911458992634
s03_0train_r3_t04,3,0train,3,4,3,6123,False,PSD44_LINEAR_SVM,3,4,uncalibrated_ovr_margin,-0.2720386637596475,0.7721529733534731,2.2234296678403584,3.2734375215830056
s03_0train_r3_t05,3,0train,3,5,3,8131,False,PSD44_LINEAR_SVM,3,2,uncalibrated_ovr_margin,-0.24481663831540865,3.200909819171382,1.0171804748175648,2.1814210924364734
s03_0train_r3_t06,3,0train,3,6,4,10242,False,PSD44_LINEAR_SVM,4,4,uncalibrated_ovr_margin,-0.2695008354703641,0.7800681717045573,2.225829590075928,3.2674668340927933
s03_0train_r3_t07,3,0train,3,7,1,12159,True,PSD44_LINEAR_SVM,1,4,uncalibrated_ovr_margin,-0.24726395881706184,1.0681581974826875,2.0230841212871233,3.2392088351359685
s03_0train_r3_t08,3,0train,3,8,1,14209,False,PSD44_LINEAR_SVM,1,4,uncalibrated_ovr_margin,0.7854748809309944,-0.24588403459968836,2.017946149201648,3.2733863912888395
s03_0train_r3_t09,3,0train,3,9,3,16140,True,PSD44_LINEAR_SVM,3,4,uncalibrated_ovr_margin,-0.24338307913982962,0.9738476766568106,1.9908603494942463,3.246052288309755
s03_0train_r3_t10,3,0train,3,10,2,18138,False,PSD44_LINEAR_SVM,2,4,uncalibrated_ovr_margin,1.994883942596149,1.109472798880297,-0.20346202184145198,3.1740881605674165
s03_0train_r3_t11,3,0train,3,11,4,20044,False,PSD44_LINEAR_SVM,4,4,uncalibrated_ovr_margin,1.9781497564579258,-0.20898518231332425,0.7882403550730527,3.2591375132962757
s03_0train_r3_t12,3,0train,3,12,4,21939,False,PSD44_LINEAR_SVM,4,4,uncalibrated_ovr_margin,-0.2651485308586637,0.8150530714472124,1.8048258100498842,3.2891699962330234
s03_0train_r3_t13,3,0train,3,13,4,23911,False,PSD44_LINEAR_SVM,4,4,uncalibrated_ovr_margin,-0.2704036731861245,0.7628812957450362,2.2262645748173235,3.2743167685534798
s03_0train_r3_t14,3,0train,3,14,2,25855,False,PSD44_LINEAR_SVM,2,3,uncalibrated_ovr_margin,-0.23523971280482106,0.8738734855615126,3.2016339915067302,2.198696472610902
s03_0train_r3_t15,3,0train,3,15,1,27822,False,PSD44_LINEAR_SVM,1,4,uncalibrated_ovr_margin,0.7413318990403441,-0.2708693576011681,2.2376739134837154,3.2805589535653605
s03_0train_r3_t16,3,0train,3,16,3,29942,False,PSD44_LINEAR_SVM,3,4,uncalibrated_ovr_margin,0.7893198776419661,-0.24854251543559755,2.1577202017488935,3.2631700224403386
s03_0train_r3_t17,3,0train,3,17,2,31950,False,PSD44_LINEAR_SVM,2,4,uncalibrated_ovr_margin,0.9060434821540279,-0.22906559083352743,2.1770686641462715,3.1976261867650857
s03_0train_r3_t18,3,0train,3,18,4,34016,False,PSD44_LINEAR_SVM,4,4,uncalibrated_ovr_margin,0.8626560196000543,1.8193360271761383,-0.2112959781225713,3.261113610675439
s03_0train_r3_t19,3,0train,3,19,1,36052,False,PSD44_LINEAR_SVM,1,4,uncalibrated_ovr_margin,0.8581879026147745,-0.2669381690755127,1.9715205244839857,3.276395294433877
s03_0train_r3_t20,3,0train,3,20,4,38118,False,PSD44_LINEAR_SVM,4,4,uncalibrated_ovr_margin,0.7575349796158003,-0.2723392628311869,2.232454300984619,3.276148355101428
s03_0train_r3_t21,3,0train,3,21,3,40188,False,PSD44_LINEAR_SVM,3,4,uncalibrated_ovr_margin,-0.24658445393485806,0.7453256041321342,2.2193156208374,3.2686923964768546
s03_0train_r3_t22,3,0train,3,22,2,42268,False,PSD44_LINEAR_SVM,2,3,uncalibrated_ovr_margin,1.1636626107068053,-0.256760542669545,3.2280078624541395,2.060951802171716
s03_0train_r3_t23,3,0train,3,23,4,44180,False,PSD44_LINEAR_SVM,4,4,uncalibrated_ovr_margin,0.7673384692726649,-0.25358344866665433,2.2190867611600344,3.2604442377420733
s03_0train_r3_t24,3,0train,3,24,4,46211,False,PSD44_LINEAR_SVM,4,4,uncalibrated_ovr_margin,0.771257056642425,-0.2619098115106742,2.190263439943636,3.2729924323319093
s03_0train_r3_t25,3,0train,3,25,1,48164,False,PSD44_LINEAR_SVM,1,4,uncalibrated_ovr_margin,0.7838783381188399,-0.23914150272790566,1.9868567582597148,3.2718756188828406
s03_0train_r3_t26,3,0train,3,26,2,50125,False,PSD44_LINEAR_SVM,2,4,uncalibrated_ovr_margin,-0.20192145418771432,0.8791772355314804,1.8813006626320299,3.2422122169701266
s03_0train_r3_t27,3,0train,3,27,2,52229,False,PSD44_LINEAR_SVM,2,4,uncalibrated_ovr_margin,1.9534533143012405,0.8656749666674506,-0.14284536070560166,3.204492325321401
s03_0train_r3_t28,3,0train,3,28,3,54233,False,PSD44_LINEAR_SVM,3,4,uncalibrated_ovr_margin,-0.26149213922516806,0.7555499037228429,2.2585589350852624,3.2485641836420776
s03_0train_r3_t29,3,0train,3,29,4,56208,False,PSD44_LINEAR_SVM,4,4,uncalibrated_ovr_margin,-0.2396018180442894,0.8008623514901838,2.0816411740018603,3.2626493030215857
s03_0train_r3_t30,3,0train,3,30,2,58234,False,PSD44_LINEAR_SVM,2,2,uncalibrated_ovr_margin,2.155557232869172,3.1980476807104283,-0.19715204576901896,0.8429195164716083
s03_0train_r3_t31,3,0train,3,31,1,60305,False,PSD44_LINEAR_SVM,1,4,uncalibrated_ovr_margin,2.150383478255716,-0.24116711709001332,0.764103042871314,3.2694236920922504
s03_0train_r3_t32,3,0train,3,32,1,62412,False,PSD44_LINEAR_SVM,1,4,uncalibrated_ovr_margin,2.217366117837661,-0.26054845086206074,0.9470507092693211,3.218159487730242
s03_0train_r3_t33,3,0train,3,33,4,64504,False,PSD44_LINEAR_SVM,4,4,uncalibrated_ovr_margin,0.7437121450820501,-0.27753929150606016,2.231807448353288,3.285833494266951
s03_0train_r3_t34,3,0train,3,34,2,66595,False,PSD44_LINEAR_SVM,2,4,uncalibrated_ovr_margin,0.8214485823528664,-0.2735216389920277,2.1794947717522772,3.2733795724359784
s03_0train_r3_t35,3,0train,3,35,1,68638,False,PSD44_LINEAR_SVM,1,4,uncalibrated_ovr_margin,0.8178803062318275,-0.21749607378490624,1.7734240742530725,3.2796074210756148
s03_0train_r3_t36,3,0train,3,36,3,70702,True,PSD44_LINEAR_SVM,3,4,uncalibrated_ovr_margin,0.8854233062594304,-0.2504221581350449,2.206689496618423,3.218867483852026
s03_0train_r3_t37,3,0train,3,37,2,72722,True,PSD44_LINEAR_SVM,2,2,uncalibrated_ovr_margin,1.927729297026187,3.2523360046735017,0.9226405184048848,-0.23907319779422534
s03_0train_r3_t38,3,0train,3,38,2,74694,False,PSD44_LINEAR_SVM,2,4,uncalibrated_ovr_margin,-0.17295344727268763,0.8434647467390697,2.1478260740443473,3.179504721740479
s03_0train_r3_t39,3,0train,3,39,3,76657,False,PSD44_LINEAR_SVM,3,4,uncalibrated_ovr_margin,0.8040191359739369,-0.24578068379002213,2.1619416642173164,3.2556190563953122
s03_0train_r3_t40,3,0train,3,40,1,78582,True,PSD44_LINEAR_SVM,1,4,uncalibrated_ovr_margin,1.9619935132565556,-0.21032945226983235,0.8691336220850684,3.2376851464349303
s03_0train_r3_t41,3,0train,3,41,4,80663,False,PSD44_LINEAR_SVM,4,4,uncalibrated_ovr_margin,0.7484047828634465,-0.26944476278616886,2.2257216186133095,3.2795519008030127
s03_0train_r3_t42,3,0train,3,42,3,82641,False,PSD44_LINEAR_SVM,3,3,uncalibrated_ovr_margin,-0.24562524332811927,0.7815430227557574,3.249091996737993,2.2119123893440213
s03_0train_r3_t43,3,0train,3,43,3,84631,False,PSD44_LINEAR_SVM,3,4,uncalibrated_ovr_margin,0.8122876315117813,-0.25844831869874635,2.1170264325798,3.269222092115047
s03_0train_r3_t44,3,0train,3,44,3,86750,False,PSD44_LINEAR_SVM,3,1,uncalibrated_ovr_margin,3.1912992319723914,-0.23184128809542692,1.1147214381269028,2.0973790832956145
s03_0train_r3_t45,3,0train,3,45,3,88656,False,PSD44_LINEAR_SVM,3,4,uncalibrated_ovr_margin,-0.2692844962561695,0.7547524848193751,2.221473099001189,3.277857674634584
s03_0train_r3_t46,3,0train,3,46,1,90584,False,PSD44_LINEAR_SVM,1,4,uncalibrated_ovr_margin,0.8704965192138344,-0.22823697073019303,2.173696181042,3.2107380989055403
s03_0train_r3_t47,3,0train,3,47,2,92698,False,PSD44_LINEAR_SVM,2,4,uncalibrated_ovr_margin,-0.21966866182425349,0.92366599016349,2.172732825196113,3.1785882019104257
s03_0train_r3_t48,3,0train,3,48,1,94757,False,PSD44_LINEAR_SVM,1,4,uncalibrated_ovr_margin,2.142559103492583,-0.25829854275502034,0.9772124651090865,3.244880732260945
s03_0train_r4_t01,3,0train,4,1,2,250,False,PSD44_LINEAR_SVM,2,1,uncalibrated_ovr_margin,3.1034058079648306,2.133681617358691,1.0739191287735714,-0.19469010996989466
s03_0train_r4_t02,3,0train,4,2,1,2253,False,PSD44_LINEAR_SVM,1,4,uncalibrated_ovr_margin,2.2078205930437447,-0.22084965130492085,0.7891690200230861,3.2232735160849284
s03_0train_r4_t03,3,0train,4,3,1,4171,False,PSD44_LINEAR_SVM,1,1,uncalibrated_ovr_margin,3.1924018820139017,-0.19183843061082173,0.829317117038159,2.1699319194676168
s03_0train_r4_t04,3,0train,4,4,3,6123,False,PSD44_LINEAR_SVM,3,4,uncalibrated_ovr_margin,0.8759630484122318,-0.26570071083521135,2.1412026481389645,3.2636900517834495
s03_0train_r4_t05,3,0train,4,5,3,8131,False,PSD44_LINEAR_SVM,3,4,uncalibrated_ovr_margin,-0.26996096500602307,0.7906945444834832,2.1930556572399142,3.2735022963744784
s03_0train_r4_t06,3,0train,4,6,2,10242,False,PSD44_LINEAR_SVM,2,4,uncalibrated_ovr_margin,1.9653407988675815,1.0047749219799245,-0.12471531563969426,3.137177269436481
s03_0train_r4_t07,3,0train,4,7,3,12159,False,PSD44_LINEAR_SVM,3,4,uncalibrated_ovr_margin,-0.2652518129545779,0.7637759393393871,2.18699226993291,3.278244804240394
s03_0train_r4_t08,3,0train,4,8,4,14209,False,PSD44_LINEAR_SVM,4,4,uncalibrated_ovr_margin,1.8007732330196082,0.8030926716153082,-0.21736890924819052,3.275895315614928
s03_0train_r4_t09,3,0train,4,9,1,16140,False,PSD44_LINEAR_SVM,1,1,uncalibrated_ovr_margin,3.217061493155674,-0.16113584011155474,0.8826059162324449,1.9069174590568918
s03_0train_r4_t10,3,0train,4,10,4,18138,False,PSD44_LINEAR_SVM,4,4,uncalibrated_ovr_margin,0.7670674813682187,-0.25770895527383864,2.1286278566899983,3.278683330247217
s03_0train_r4_t11,3,0train,4,11,1,20044,False,PSD44_LINEAR_SVM,1,4,uncalibrated_ovr_margin,0.8530919719640175,-0.2815833508668222,2.0573910694443023,3.285858541711845
s03_0train_r4_t12,3,0train,4,12,1,21939,False,PSD44_LINEAR_SVM,1,4,uncalibrated_ovr_margin,1.9964992395978063,0.830509480834074,-0.23318428666774188,3.2571159679789874
s03_0train_r4_t13,3,0train,4,13,2,23911,False,PSD44_LINEAR_SVM,2,2,uncalibrated_ovr_margin,-0.21253220201397044,2.114572368284079,2.104693017975772,2.145828184178217
s03_0train_r4_t14,3,0train,4,14,4,25855,False,PSD44_LINEAR_SVM,4,4,uncalibrated_ovr_margin,-0.21342743240805473,0.8064722508779051,1.828366955693157,3.2695453912892796
s03_0train_r4_t15,3,0train,4,15,3,27822,False,PSD44_LINEAR_SVM,3,4,uncalibrated_ovr_margin,1.9374516974227225,-0.1808625906327127,0.8627023142142091,3.2264125053821497
s03_0train_r4_t16,3,0train,4,16,2,29942,False,PSD44_LINEAR_SVM,2,4,uncalibrated_ovr_margin,-0.2103383411821364,0.8120636123500619,2.171569438019183,3.2200354052104077
s03_0train_r4_t17,3,0train,4,17,4,31950,True,PSD44_LINEAR_SVM,4,4,uncalibrated_ovr_margin,-0.28146041210822176,1.1178398012018944,2.2212958979923245,3.2479492328762407
s03_0train_r4_t18,3,0train,4,18,3,34016,False,PSD44_LINEAR_SVM,3,4,uncalibrated_ovr_margin,-0.26424192919506345,0.7718185917466359,2.2284514056854983,3.26412486475199
s03_0train_r4_t19,3,0train,4,19,4,36052,False,PSD44_LINEAR_SVM,4,4,uncalibrated_ovr_margin,-0.26900823466754925,0.8694217168729758,2.032688701426704,3.275030771160964
s03_0train_r4_t20,3,0train,4,20,3,38118,False,PSD44_LINEAR_SVM,3,4,uncalibrated_ovr_margin,-0.23676523155295728,0.8332041413952865,2.156299482092055,3.2399748870351344
s03_0train_r4_t21,3,0train,4,21,4,40188,True,PSD44_LINEAR_SVM,4,4,uncalibrated_ovr_margin,0.7888370171024467,1.9686544843245428,-0.21943483655329632,3.26328781589544
s03_0train_r4_t22,3,0train,4,22,2,42268,False,PSD44_LINEAR_SVM,2,2,uncalibrated_ovr_margin,0.9777633823509603,3.1859702719278524,-0.1760062155423759,1.977675444971385
s03_0train_r4_t23,3,0train,4,23,2,44180,False,PSD44_LINEAR_SVM,2,4,uncalibrated_ovr_margin,-0.21688439667033388,0.7997679202920434,2.114327269014787,3.246636514630243
s03_0train_r4_t24,3,0train,4,24,4,46211,False,PSD44_LINEAR_SVM,4,4,uncalibrated_ovr_margin,-0.24858196407262695,1.9321825606573977,0.7845425743266592,3.2779285098201427
s03_0train_r4_t25,3,0train,4,25,1,48164,False,PSD44_LINEAR_SVM,1,4,uncalibrated_ovr_margin,-0.21557709645129658,2.0691118047460937,0.903103890432434,3.2214373178443063
s03_0train_r4_t26,3,0train,4,26,2,50125,False,PSD44_LINEAR_SVM,2,4,uncalibrated_ovr_margin,0.7779350776645073,2.2453673117988995,-0.2570927273400628,3.240185484553494
s03_0train_r4_t27,3,0train,4,27,2,52229,False,PSD44_LINEAR_SVM,2,4,uncalibrated_ovr_margin,-0.24901281187100757,0.7417248346462395,2.2480256890149684,3.2590404014230834
s03_0train_r4_t28,3,0train,4,28,2,54233,False,PSD44_LINEAR_SVM,2,4,uncalibrated_ovr_margin,-0.1995233874586569,0.7816090153565257,2.1321073873386394,3.2440775961471564
s03_0train_r4_t29,3,0train,4,29,3,56208,False,PSD44_LINEAR_SVM,3,4,uncalibrated_ovr_margin,0.8166667889672641,-0.24473232227913566,2.2047436814956756,3.235068094224146
s03_0train_r4_t30,3,0train,4,30,4,58234,False,PSD44_LINEAR_SVM,4,4,uncalibrated_ovr_margin,-0.25391016894844526,0.8504289682000558,1.8927612847111825,3.2725634694541412
s03_0train_r4_t31,3,0train,4,31,1,60305,False,PSD44_LINEAR_SVM,1,3,uncalibrated_ovr_margin,0.8253967910579173,-0.271818402161125,3.242061262401604,2.2471261628651233
s03_0train_r4_t32,3,0train,4,32,4,62412,False,PSD44_LINEAR_SVM,4,4,uncalibrated_ovr_margin,-0.26316817260381586,1.8578750330359481,0.7817626515094338,3.2882281163566
s03_0train_r4_t33,3,0train,4,33,1,64504,False,PSD44_LINEAR_SVM,1,4,uncalibrated_ovr_margin,-0.23033012530813665,0.7926845629803951,1.9375538643303085,3.2681246877516625
s03_0train_r4_t34,3,0train,4,34,3,66595,False,PSD44_LINEAR_SVM,3,4,uncalibrated_ovr_margin,-0.11420680181233674,1.0124255258885302,2.041243097514953,3.084812901593201
s03_0train_r4_t35,3,0train,4,35,1,68638,False,PSD44_LINEAR_SVM,1,4,uncalibrated_ovr_margin,2.1236573180685077,-0.25248733175056026,1.031210884177759,3.236151759985854
s03_0train_r4_t36,3,0train,4,36,4,70702,False,PSD44_LINEAR_SVM,4,4,uncalibrated_ovr_margin,0.8794785142715285,0.79920941115733,0.8778847486504363,3.2422434333485026
s03_0train_r4_t37,3,0train,4,37,1,72722,False,PSD44_LINEAR_SVM,1,4,uncalibrated_ovr_margin,-0.24965504812969413,0.7512041356803955,2.1913394767543264,3.2735856398451517
s03_0train_r4_t38,3,0train,4,38,3,74694,False,PSD44_LINEAR_SVM,3,4,uncalibrated_ovr_margin,-0.284786783107055,0.8251363532873116,2.2481849495072503,3.267391747289122
s03_0train_r4_t39,3,0train,4,39,1,76657,False,PSD44_LINEAR_SVM,1,4,uncalibrated_ovr_margin,-0.2573165486473033,0.740065571342488,2.201290053092082,3.281265990389485
s03_0train_r4_t40,3,0train,4,40,2,78582,False,PSD44_LINEAR_SVM,2,4,uncalibrated_ovr_margin,0.797228407024649,2.10706593069056,-0.20753141075743928,3.243957175010564
s03_0train_r4_t41,3,0train,4,41,3,80663,False,PSD44_LINEAR_SVM,3,4,uncalibrated_ovr_margin,2.135097527413,-0.20101349268036356,0.7842341739680745,3.242578523482942
s03_0train_r4_t42,3,0train,4,42,3,82641,False,PSD44_LINEAR_SVM,3,3,uncalibrated_ovr_margin,-0.15835532462554258,0.9065022236520485,3.162719207961699,2.08478411557794
s03_0train_r4_t43,3,0train,4,43,4,84631,False,PSD44_LINEAR_SVM,4,1,uncalibrated_ovr_margin,3.120439343968762,-0.1867075365028254,0.8394343488860776,2.206927516862061
s03_0train_r4_t44,3,0train,4,44,1,86750,False,PSD44_LINEAR_SVM,1,4,uncalibrated_ovr_margin,2.1886873570825056,-0.2556129168324062,0.8645263578819735,3.242484428918099
s03_0train_r4_t45,3,0train,4,45,2,88656,False,PSD44_LINEAR_SVM,2,4,uncalibrated_ovr_margin,-0.214044655374786,0.7913580850572557,1.8076703788228998,3.276173606626087
s03_0train_r4_t46,3,0train,4,46,4,90584,False,PSD44_LINEAR_SVM,4,4,uncalibrated_ovr_margin,0.8125026914412797,-0.262257434570399,2.181096620822632,3.2636846118856586
s03_0train_r4_t47,3,0train,4,47,2,92698,False,PSD44_LINEAR_SVM,2,4,uncalibrated_ovr_margin,0.9712873608153731,-0.21233134205139143,1.9476016513410717,3.2235233522106888
s03_0train_r4_t48,3,0train,4,48,3,94757,False,PSD44_LINEAR_SVM,3,3,uncalibrated_ovr_margin,0.8318390839976258,-0.24970023175110168,3.2342975507386256,2.2069734994669874
s03_0train_r5_t01,3,0train,5,1,3,250,False,PSD44_LINEAR_SVM,3,1,uncalibrated_ovr_margin,3.199704053037692,-0.17803178808916534,1.9702630590422483,0.9333008319398751
s03_0train_r5_t02,3,0train,5,2,1,2253,False,PSD44_LINEAR_SVM,1,1,uncalibrated_ovr_margin,3.177795958202392,-0.1559656907926556,2.105102774622849,0.8599836926492751
s03_0train_r5_t03,3,0train,5,3,4,4171,False,PSD44_LINEAR_SVM,4,4,uncalibrated_ovr_margin,-0.27344156408272446,0.8012280695333722,2.1711849880758236,3.2776575939303134
s03_0train_r5_t04,3,0train,5,4,2,6123,False,PSD44_LINEAR_SVM,2,4,uncalibrated_ovr_margin,0.8862578762038975,-0.22562656163085457,2.1336252580065476,3.220096834398149
s03_0train_r5_t05,3,0train,5,5,4,8131,False,PSD44_LINEAR_SVM,4,4,uncalibrated_ovr_margin,0.7749640076116604,-0.24759709483548592,2.2168814113872246,3.252100423392752
s03_0train_r5_t06,3,0train,5,6,1,10242,False,PSD44_LINEAR_SVM,1,4,uncalibrated_ovr_margin,-0.23630130761243956,0.7626646647811646,1.9135297370561082,3.2800670112727905
s03_0train_r5_t07,3,0train,5,7,1,12159,False,PSD44_LINEAR_SVM,1,4,uncalibrated_ovr_margin,1.1239044803433527,-0.2511799395137147,2.1017525786156943,3.2231928327623587
s03_0train_r5_t08,3,0train,5,8,3,14209,False,PSD44_LINEAR_SVM,3,4,uncalibrated_ovr_margin,-0.26776707618589574,0.9147701930252413,2.2146101605146034,3.2412469392712473
s03_0train_r5_t09,3,0train,5,9,3,16140,False,PSD44_LINEAR_SVM,3,4,uncalibrated_ovr_margin,0.8325907668742452,-0.2005311139021316,2.1437847554219815,3.2125772197391793
s03_0train_r5_t10,3,0train,5,10,2,18138,False,PSD44_LINEAR_SVM,2,4,uncalibrated_ovr_margin,-0.22249070768332452,0.8587921825622752,2.1564710579159683,3.21668279548352
s03_0train_r5_t11,3,0train,5,11,4,20044,True,PSD44_LINEAR_SVM,4,4,uncalibrated_ovr_margin,-0.2415944049687824,0.7500988381217824,2.1860742879254955,3.27120427405313
s03_0train_r5_t12,3,0train,5,12,2,21939,False,PSD44_LINEAR_SVM,2,4,uncalibrated_ovr_margin,1.097805369289441,-0.25339436133788606,2.1772779738697734,3.2060385285034774
s03_0train_r5_t13,3,0train,5,13,2,23911,False,PSD44_LINEAR_SVM,2,4,uncalibrated_ovr_margin,-0.2371302604239671,0.8025160266696402,2.134242528891296,3.254796871849595
s03_0train_r5_t14,3,0train,5,14,1,25855,False,PSD44_LINEAR_SVM,1,4,uncalibrated_ovr_margin,-0.23485391746726925,0.7532648376164294,2.174849239214964,3.2683654166831118
s03_0train_r5_t15,3,0train,5,15,2,27822,False,PSD44_LINEAR_SVM,2,4,uncalibrated_ovr_margin,0.9637154813179025,1.9565712236889832,-0.24106776836286747,3.247526922468869
s03_0train_r5_t16,3,0train,5,16,4,29942,False,PSD44_LINEAR_SVM,4,4,uncalibrated_ovr_margin,-0.24556339089151713,0.7902071389534293,2.1238645235730065,3.2653706406493077
s03_0train_r5_t17,3,0train,5,17,4,31950,False,PSD44_LINEAR_SVM,4,4,uncalibrated_ovr_margin,-0.2719859861819807,0.744150113827299,2.1784021641206577,3.2893813977705095
s03_0train_r5_t18,3,0train,5,18,2,34016,False,PSD44_LINEAR_SVM,2,4,uncalibrated_ovr_margin,1.8878434563284667,-0.1845942674717544,0.8346944617288095,3.2440145205387436
s03_0train_r5_t19,3,0train,5,19,2,36052,False,PSD44_LINEAR_SVM,2,2,uncalibrated_ovr_margin,-0.23941428649914012,3.2366063637891416,2.0896509831104737,0.9301980970365372
s03_0train_r5_t20,3,0train,5,20,2,38118,False,PSD44_LINEAR_SVM,2,4,uncalibrated_ovr_margin,-0.25081719780977524,0.7918256359892449,2.1544368078240557,3.2644573894546234
s03_0train_r5_t21,3,0train,5,21,2,40188,False,PSD44_LINEAR_SVM,2,4,uncalibrated_ovr_margin,-0.13910418077222053,0.8527901982369508,1.985469479460424,3.202752106550484
s03_0train_r5_t22,3,0train,5,22,4,42268,False,PSD44_LINEAR_SVM,4,4,uncalibrated_ovr_margin,0.9884720422233293,-0.25099477595005887,2.141982562157577,3.233597057320144
s03_0train_r5_t23,3,0train,5,23,4,44180,False,PSD44_LINEAR_SVM,4,4,uncalibrated_ovr_margin,0.8793023317537016,-0.20061603992336605,1.888965578056911,3.2401899927448556
s03_0train_r5_t24,3,0train,5,24,3,46211,False,PSD44_LINEAR_SVM,3,3,uncalibrated_ovr_margin,-0.27046255084507914,0.7642927346022437,3.2669311842582434,2.243154296896362
s03_0train_r5_t25,3,0train,5,25,4,48164,False,PSD44_LINEAR_SVM,4,4,uncalibrated_ovr_margin,-0.18299277658189927,0.8401120081302677,2.0708808718023604,3.2171468933086524
s03_0train_r5_t26,3,0train,5,26,1,50125,False,PSD44_LINEAR_SVM,1,4,uncalibrated_ovr_margin,0.7564892238312191,-0.2894821643850291,2.2739060062564107,3.2748886447298333
s03_0train_r5_t27,3,0train,5,27,2,52229,False,PSD44_LINEAR_SVM,2,3,uncalibrated_ovr_margin,-0.16265121385895087,0.8819170227454416,3.142311957735574,2.1435649375515156
s03_0train_r5_t28,3,0train,5,28,3,54233,False,PSD44_LINEAR_SVM,3,4,uncalibrated_ovr_margin,-0.22192510770784316,0.765841761771809,2.215754260640391,3.2385848592811497
s03_0train_r5_t29,3,0train,5,29,2,56208,False,PSD44_LINEAR_SVM,2,4,uncalibrated_ovr_margin,-0.26473806088509433,0.777296541952617,2.0739227891603798,3.2827324999887977
s03_0train_r5_t30,3,0train,5,30,1,58234,False,PSD44_LINEAR_SVM,1,1,uncalibrated_ovr_margin,3.226341910366728,-0.24293099570044294,0.8883268733309111,2.172730157365581
s03_0train_r5_t31,3,0train,5,31,4,60305,False,PSD44_LINEAR_SVM,4,4,uncalibrated_ovr_margin,-0.25297133928164717,0.877505758183982,2.0033745421000306,3.2626917355085614
s03_0train_r5_t32,3,0train,5,32,1,62412,False,PSD44_LINEAR_SVM,1,4,uncalibrated_ovr_margin,0.7637516384451362,-0.2646082503292638,2.225421870443356,3.2691654800232577
s03_0train_r5_t33,3,0train,5,33,4,64504,False,PSD44_LINEAR_SVM,4,4,uncalibrated_ovr_margin,-0.2608748621564453,0.7779149768902132,2.1945860435641165,3.269159031454469
s03_0train_r5_t34,3,0train,5,34,1,66595,False,PSD44_LINEAR_SVM,1,3,uncalibrated_ovr_margin,-0.22703553012743968,0.7902217277603715,3.255969264115608,2.114763298967687
s03_0train_r5_t35,3,0train,5,35,1,68638,False,PSD44_LINEAR_SVM,1,4,uncalibrated_ovr_margin,0.8025594915641467,-0.2538372248932737,2.2061068119521865,3.2505380037724025
s03_0train_r5_t36,3,0train,5,36,1,70702,False,PSD44_LINEAR_SVM,1,4,uncalibrated_ovr_margin,-0.2618230114145372,0.7446018861340886,2.2121334455039015,3.279466595362151
s03_0train_r5_t37,3,0train,5,37,1,72722,False,PSD44_LINEAR_SVM,1,4,uncalibrated_ovr_margin,0.7999627776959941,-0.2580364648216696,2.1482838450612842,3.268309173916352
s03_0train_r5_t38,3,0train,5,38,3,74694,False,PSD44_LINEAR_SVM,3,4,uncalibrated_ovr_margin,-0.27845308532525637,0.742502812285603,2.2699522214384635,3.2693548098874268
s03_0train_r5_t39,3,0train,5,39,3,76657,False,PSD44_LINEAR_SVM,3,3,uncalibrated_ovr_margin,-0.2705125722938953,0.7458390021010499,3.269825308970062,2.255226256895069
s03_0train_r5_t40,3,0train,5,40,4,78582,False,PSD44_LINEAR_SVM,4,4,uncalibrated_ovr_margin,0.7349864079538688,-0.27159891242442685,2.2624170886739323,3.273575954298768
s03_0train_r5_t41,3,0train,5,41,2,80663,False,PSD44_LINEAR_SVM,2,3,uncalibrated_ovr_margin,-0.19347372597501147,0.7778375109786791,3.2108065906410563,2.2080782488783885
s03_0train_r5_t42,3,0train,5,42,3,82641,False,PSD44_LINEAR_SVM,3,3,uncalibrated_ovr_margin,-0.2509272438674475,0.7564470801119343,3.2514927797549906,2.242871872228614
s03_0train_r5_t43,3,0train,5,43,3,84631,False,PSD44_LINEAR_SVM,3,3,uncalibrated_ovr_margin,-0.23192504252104645,0.8814556463439857,3.2122373134518574,2.173562107350915
s03_0train_r5_t44,3,0train,5,44,3,86750,False,PSD44_LINEAR_SVM,3,4,uncalibrated_ovr_margin,0.824675776113891,0.869728120929733,0.8555380079697901,3.2385284161701278
s03_0train_r5_t45,3,0train,5,45,4,88656,False,PSD44_LINEAR_SVM,4,4,uncalibrated_ovr_margin,-0.2691421286862607,0.7524724558301064,2.2501162504516206,3.2676126937475174
s03_0train_r5_t46,3,0train,5,46,3,90584,False,PSD44_LINEAR_SVM,3,4,uncalibrated_ovr_margin,-0.2531729027058511,0.763158436687539,2.2343199402877447,3.254833726162208
s03_0train_r5_t47,3,0train,5,47,1,92698,False,PSD44_LINEAR_SVM,1,3,uncalibrated_ovr_margin,0.9516986586031904,-0.2335332420397486,3.174469489398115,2.195091694120351
s03_0train_r5_t48,3,0train,5,48,3,94757,False,PSD44_LINEAR_SVM,3,4,uncalibrated_ovr_margin,-0.22659863729448998,0.80680781109784,2.137295585040016,3.2456419534812624
s03_1test_r0_t01,3,1test,0,1,1,250,False,PSD44_LINEAR_SVM,1,1,uncalibrated_ovr_margin,2.1541491682192166,2.1729900087057206,2.186894305195586,-0.2542584995660459
s03_1test_r0_t02,3,1test,0,2,2,2253,False,PSD44_LINEAR_SVM,2,1,uncalibrated_ovr_margin,2.1346257044210564,-0.2310165573067964,2.144502900948374,2.149688464213838
s03_1test_r0_t03,3,1test,0,3,2,4171,True,PSD44_LINEAR_SVM,2,3,uncalibrated_ovr_margin,2.01458245830935,-0.17628035260218541,3.2064514264374204,0.8816597433566927
s03_1test_r0_t04,3,1test,0,4,1,6123,False,PSD44_LINEAR_SVM,1,3,uncalibrated_ovr_margin,1.0196037620506435,2.0754588969953116,3.159581925039163,-0.1867200383153355
s03_1test_r0_t05,3,1test,0,5,2,8131,False,PSD44_LINEAR_SVM,2,4,uncalibrated_ovr_margin,-0.225298880917305,0.8827606267603658,2.1395698590104257,3.2186937649578926
s03_1test_r0_t06,3,1test,0,6,1,10242,False,PSD44_LINEAR_SVM,1,4,uncalibrated_ovr_margin,0.7951989850903447,-0.26855784040840636,2.1829864923323803,3.272971626693467
s03_1test_r0_t07,3,1test,0,7,2,12159,False,PSD44_LINEAR_SVM,2,4,uncalibrated_ovr_margin,-0.2224431691084793,2.191405233979685,0.9335787237046305,3.1584673036515727
s03_1test_r0_t08,3,1test,0,8,3,14209,False,PSD44_LINEAR_SVM,3,4,uncalibrated_ovr_margin,-0.26704754098851213,0.7376768495743402,2.2313786908218494,3.2816814901282294
s03_1test_r0_t09,3,1test,0,9,2,16140,False,PSD44_LINEAR_SVM,2,2,uncalibrated_ovr_margin,-0.1337244775893313,3.173402123167349,2.082039491978982,0.8581533372308029
s03_1test_r0_t10,3,1test,0,10,4,18138,False,PSD44_LINEAR_SVM,4,4,uncalibrated_ovr_margin,-0.25522080225672183,0.7821102020248997,2.1329222489468043,3.272633620959821
s03_1test_r0_t11,3,1test,0,11,1,20044,True,PSD44_LINEAR_SVM,1,4,uncalibrated_ovr_margin,-0.21978834437392322,0.764690328839988,2.1538980124884426,3.2589045450093685
s03_1test_r0_t12,3,1test,0,12,3,21939,False,PSD44_LINEAR_SVM,3,4,uncalibrated_ovr_margin,-0.2655830617255487,0.7715277157287168,2.2124534192336833,3.270926338968802
s03_1test_r0_t13,3,1test,0,13,2,23911,False,PSD44_LINEAR_SVM,2,3,uncalibrated_ovr_margin,-0.056155764464744115,0.9151755173210495,3.122516555375757,1.9880387066461158
s03_1test_r0_t14,3,1test,0,14,1,25855,False,PSD44_LINEAR_SVM,1,4,uncalibrated_ovr_margin,0.993496099380008,-0.24466387108993376,2.1461656757690504,3.222157202064452
s03_1test_r0_t15,3,1test,0,15,4,27822,False,PSD44_LINEAR_SVM,4,4,uncalibrated_ovr_margin,0.8252535542760278,-0.27124204456330653,2.2339841315170905,3.2523321865793795
s03_1test_r0_t16,3,1test,0,16,4,29942,False,PSD44_LINEAR_SVM,4,4,uncalibrated_ovr_margin,-0.25780967392914056,2.177891785918932,1.1399777534218054,3.2023709207712994
s03_1test_r0_t17,3,1test,0,17,4,31950,False,PSD44_LINEAR_SVM,4,4,uncalibrated_ovr_margin,-0.2679982271729477,2.1575369237484807,0.8395023975864154,3.2684115456436347
s03_1test_r0_t18,3,1test,0,18,4,34016,False,PSD44_LINEAR_SVM,4,4,uncalibrated_ovr_margin,-0.17635318004646108,0.8767417052259823,1.941425526960407,3.219308129507285
s03_1test_r0_t19,3,1test,0,19,4,36052,False,PSD44_LINEAR_SVM,4,4,uncalibrated_ovr_margin,-0.268293557712162,0.8193783132129892,2.084242375748957,3.2774951686235347
s03_1test_r0_t20,3,1test,0,20,1,38118,False,PSD44_LINEAR_SVM,1,2,uncalibrated_ovr_margin,2.0948304917387643,3.121656852311793,-0.11460417543667753,0.896808403913517
s03_1test_r0_t21,3,1test,0,21,3,40188,False,PSD44_LINEAR_SVM,3,2,uncalibrated_ovr_margin,2.073484901513858,3.2536308524020345,0.9547204504764546,-0.2559548199593599
s03_1test_r0_t22,3,1test,0,22,2,42268,False,PSD44_LINEAR_SVM,2,2,uncalibrated_ovr_margin,2.1035307044419866,3.250994473255044,0.7933401762741357,-0.2170837813506169
s03_1test_r0_t23,3,1test,0,23,1,44180,False,PSD44_LINEAR_SVM,1,4,uncalibrated_ovr_margin,-0.1187715303608125,0.8747906528113569,2.01750367026744,3.174583678848332
s03_1test_r0_t24,3,1test,0,24,1,46211,False,PSD44_LINEAR_SVM,1,1,uncalibrated_ovr_margin,3.2446049673550115,2.094979125100126,0.8997529172683714,-0.2438521371102167
s03_1test_r0_t25,3,1test,0,25,3,48164,False,PSD44_LINEAR_SVM,3,3,uncalibrated_ovr_margin,-0.24249788925819463,0.9728831824257734,3.206681414057502,2.176567120861628
s03_1test_r0_t26,3,1test,0,26,4,50125,False,PSD44_LINEAR_SVM,4,3,uncalibrated_ovr_margin,-0.26135212205918107,0.8217417360907752,3.246912858347063,2.2193039840009785
s03_1test_r0_t27,3,1test,0,27,1,52229,False,PSD44_LINEAR_SVM,1,3,uncalibrated_ovr_margin,-0.20294516956639042,0.80943683539919,3.213686624834765,2.174998564596543
s03_1test_r0_t28,3,1test,0,28,3,54233,False,PSD44_LINEAR_SVM,3,2,uncalibrated_ovr_margin,0.8623543938518881,3.168861874677661,2.1617013133877387,-0.18619484740540548
s03_1test_r0_t29,3,1test,0,29,3,56208,False,PSD44_LINEAR_SVM,3,4,uncalibrated_ovr_margin,-0.24131234160750484,0.7776449749985905,2.190640010514189,3.255632163858529
s03_1test_r0_t30,3,1test,0,30,3,58234,False,PSD44_LINEAR_SVM,3,4,uncalibrated_ovr_margin,-0.2533050312784273,2.1564465206890064,1.110512648337191,3.2136349684469483
s03_1test_r0_t31,3,1test,0,31,1,60305,False,PSD44_LINEAR_SVM,1,3,uncalibrated_ovr_margin,-0.17555039421225213,0.9198989717803809,3.115540963887899,2.157747953418374
s03_1test_r0_t32,3,1test,0,32,2,62412,False,PSD44_LINEAR_SVM,2,1,uncalibrated_ovr_margin,2.0303952644307226,-0.16727831847747712,2.052178918605911,2.139697428447604
s03_1test_r0_t33,3,1test,0,33,1,64504,False,PSD44_LINEAR_SVM,1,2,uncalibrated_ovr_margin,2.2069198974622184,3.232453534768208,-0.2396510427881625,0.8065470957640457
s03_1test_r0_t34,3,1test,0,34,2,66595,False,PSD44_LINEAR_SVM,2,4,uncalibrated_ovr_margin,2.0741840955852497,0.9175977980018934,-0.17308825975450726,3.1762690096063473
s03_1test_r0_t35,3,1test,0,35,2,68638,False,PSD44_LINEAR_SVM,2,2,uncalibrated_ovr_margin,2.162537944680368,3.2593800445930508,0.7936393920861793,-0.24638664756051573
s03_1test_r0_t36,3,1test,0,36,1,70702,False,PSD44_LINEAR_SVM,1,1,uncalibrated_ovr_margin,3.2208765898009286,-0.19207607782483674,2.071509427678676,0.8442112986936939
s03_1test_r0_t37,3,1test,0,37,2,72722,False,PSD44_LINEAR_SVM,2,2,uncalibrated_ovr_margin,1.8402100516236963,3.2736552018917626,0.7752217200455193,-0.20483815609255
s03_1test_r0_t38,3,1test,0,38,3,74694,False,PSD44_LINEAR_SVM,3,4,uncalibrated_ovr_margin,-0.08295284731928494,0.8373882071138635,2.0930790829615082,3.1575603324028654
s03_1test_r0_t39,3,1test,0,39,2,76657,False,PSD44_LINEAR_SVM,2,3,uncalibrated_ovr_margin,0.9950665496272394,-0.22892296117111988,3.144990637083951,2.1965941000354543
s03_1test_r0_t40,3,1test,0,40,3,78582,False,PSD44_LINEAR_SVM,3,4,uncalibrated_ovr_margin,-0.2532367617663414,2.1906922066545302,1.1580971336738664,3.1599553372194578
s03_1test_r0_t41,3,1test,0,41,3,80663,False,PSD44_LINEAR_SVM,3,3,uncalibrated_ovr_margin,-0.26353731002904324,2.004702933063356,3.273027604356719,0.8554299376489812
s03_1test_r0_t42,3,1test,0,42,4,82641,False,PSD44_LINEAR_SVM,4,4,uncalibrated_ovr_margin,-0.2566093480876078,0.7809669519688258,2.037178809710675,3.2790032315544106
s03_1test_r0_t43,3,1test,0,43,3,84631,False,PSD44_LINEAR_SVM,3,4,uncalibrated_ovr_margin,-0.23964273464637165,0.8144986001760064,2.1923469117139467,3.23666814897333
s03_1test_r0_t44,3,1test,0,44,3,86750,False,PSD44_LINEAR_SVM,3,2,uncalibrated_ovr_margin,-0.25054868035973593,3.2531162457224103,0.899968340047301,2.076900566834232
s03_1test_r0_t45,3,1test,0,45,4,88656,False,PSD44_LINEAR_SVM,4,4,uncalibrated_ovr_margin,-0.2853273769445777,0.7579357177082683,2.2511588176784962,3.282360106849758
s03_1test_r0_t46,3,1test,0,46,4,90584,False,PSD44_LINEAR_SVM,4,4,uncalibrated_ovr_margin,-0.2317171596292207,0.9401611113661287,2.0882543111744085,3.2271426040166706
s03_1test_r0_t47,3,1test,0,47,4,92698,False,PSD44_LINEAR_SVM,4,3,uncalibrated_ovr_margin,-0.26407790792394925,0.777499752856458,3.239096332703894,2.25551435225939
s03_1test_r0_t48,3,1test,0,48,4,94757,False,PSD44_LINEAR_SVM,4,4,uncalibrated_ovr_margin,-0.2540338165906106,1.130696946206415,2.1528473209430152,3.210405798244514
s03_1test_r1_t01,3,1test,1,1,4,250,False,PSD44_LINEAR_SVM,4,3,uncalibrated_ovr_margin,0.8296949049156989,-0.27841243462909515,3.255455813248302,2.2463861546705286
s03_1test_r1_t02,3,1test,1,2,3,2253,False,PSD44_LINEAR_SVM,3,4,uncalibrated_ovr_margin,-0.2556881355630304,0.8035193849497505,2.196380459476969,3.25572033880413
s03_1test_r1_t03,3,1test,1,3,2,4171,False,PSD44_LINEAR_SVM,2,2,uncalibrated_ovr_margin,2.1460742454741375,3.216394373421387,0.826620523257843,-0.20244091155325075
s03_1test_r1_t04,3,1test,1,4,1,6123,False,PSD44_LINEAR_SVM,1,4,uncalibrated_ovr_margin,1.105115574583168,-0.2711477567043752,2.1847542204788697,3.2421648123826197
s03_1test_r1_t05,3,1test,1,5,1,8131,True,PSD44_LINEAR_SVM,1,4,uncalibrated_ovr_margin,2.186587023772628,-0.2489978283334314,1.0781894993447112,3.192954141020343
s03_1test_r1_t06,3,1test,1,6,2,10242,False,PSD44_LINEAR_SVM,2,2,uncalibrated_ovr_margin,-0.19184813014784277,3.140264047173622,2.172716343740267,0.897208782035005
s03_1test_r1_t07,3,1test,1,7,3,12159,False,PSD44_LINEAR_SVM,3,3,uncalibrated_ovr_margin,-0.2852488647120811,1.1432670802626386,3.242609948981484,2.2382120673851387
s03_1test_r1_t08,3,1test,1,8,4,14209,True,PSD44_LINEAR_SVM,4,4,uncalibrated_ovr_margin,-0.16741565730558233,0.8025818073048367,2.161360207082398,3.2012286683316944
s03_1test_r1_t09,3,1test,1,9,2,16140,False,PSD44_LINEAR_SVM,2,2,uncalibrated_ovr_margin,2.2107694645443834,3.256392260679292,0.7795196789285742,-0.25199871024805376
s03_1test_r1_t10,3,1test,1,10,3,18138,False,PSD44_LINEAR_SVM,3,4,uncalibrated_ovr_margin,0.9919578544866089,-0.17701370047387158,2.0323372996021734,3.17070565863196
s03_1test_r1_t11,3,1test,1,11,1,20044,False,PSD44_LINEAR_SVM,1,3,uncalibrated_ovr_margin,-0.22235830117018185,0.8608282995233111,3.2527241268600777,1.9022852809366169
s03_1test_r1_t12,3,1test,1,12,1,21939,False,PSD44_LINEAR_SVM,1,2,uncalibrated_ovr_margin,-0.19631956660317718,3.1442938250719736,2.180838762648293,0.8864964883605463
s03_1test_r1_t13,3,1test,1,13,1,23911,False,PSD44_LINEAR_SVM,1,4,uncalibrated_ovr_margin,1.0727977828245474,2.184195533370357,-0.25750190761947256,3.2176419880246545
s03_1test_r1_t14,3,1test,1,14,4,25855,False,PSD44_LINEAR_SVM,4,4,uncalibrated_ovr_margin,-0.14086816117888612,0.8247382780463486,2.053844482572762,3.207452666062153
s03_1test_r1_t15,3,1test,1,15,2,27822,False,PSD44_LINEAR_SVM,2,3,uncalibrated_ovr_margin,-0.24200417128729726,0.9444494876696489,3.2515225182023,1.9388508362678594
s03_1test_r1_t16,3,1test,1,16,2,29942,False,PSD44_LINEAR_SVM,2,3,uncalibrated_ovr_margin,-0.19393606030897947,2.126698346041535,3.2215630898580025,0.817892309280816
s03_1test_r1_t17,3,1test,1,17,1,31950,False,PSD44_LINEAR_SVM,1,1,uncalibrated_ovr_margin,3.245519316216518,2.1495857486207046,-0.2646378679428714,1.0650245875762774
s03_1test_r1_t18,3,1test,1,18,1,34016,False,PSD44_LINEAR_SVM,1,4,uncalibrated_ovr_margin,-0.24103497720691155,0.7585464468330856,2.1809709199909193,3.267348153294337
s03_1test_r1_t19,3,1test,1,19,3,36052,False,PSD44_LINEAR_SVM,3,3,uncalibrated_ovr_margin,-0.24265815682810174,0.7811412038967842,3.235389628020916,2.2286651003947275
s03_1test_r1_t20,3,1test,1,20,1,38118,False,PSD44_LINEAR_SVM,1,3,uncalibrated_ovr_margin,2.2344270017058707,-0.25578802288412733,3.254860536398942,0.7670868312031379
s03_1test_r1_t21,3,1test,1,21,2,40188,False,PSD44_LINEAR_SVM,2,3,uncalibrated_ovr_margin,0.7997373780368947,-0.16124544940604332,3.2515435504337913,1.8707199810909427
s03_1test_r1_t22,3,1test,1,22,4,42268,False,PSD44_LINEAR_SVM,4,4,uncalibrated_ovr_margin,-0.25752129778435995,0.8484067345295306,2.1680744115032167,3.254230493616314
s03_1test_r1_t23,3,1test,1,23,4,44180,False,PSD44_LINEAR_SVM,4,3,uncalibrated_ovr_margin,-0.27093210099334253,0.8304574231545947,3.266548021970965,2.193616287445478
s03_1test_r1_t24,3,1test,1,24,3,46211,False,PSD44_LINEAR_SVM,3,1,uncalibrated_ovr_margin,3.203468606265226,0.8314898211039339,2.201143245460469,-0.22461493693254986
s03_1test_r1_t25,3,1test,1,25,1,48164,False,PSD44_LINEAR_SVM,1,1,uncalibrated_ovr_margin,3.267940270206074,0.8427080453995883,-0.22948345181694163,1.8338243520488986
s03_1test_r1_t26,3,1test,1,26,4,50125,False,PSD44_LINEAR_SVM,4,4,uncalibrated_ovr_margin,-0.26410787595715,0.7850881430927124,2.165794044688122,3.2742359319639074
s03_1test_r1_t27,3,1test,1,27,4,52229,False,PSD44_LINEAR_SVM,4,4,uncalibrated_ovr_margin,-0.2435575562383502,0.761529596780315,2.1176135851232636,3.2746642190323563
s03_1test_r1_t28,3,1test,1,28,2,54233,False,PSD44_LINEAR_SVM,2,1,uncalibrated_ovr_margin,3.250556244209963,2.067202877289729,0.8623422322452892,-0.24011664601775093
s03_1test_r1_t29,3,1test,1,29,4,56208,False,PSD44_LINEAR_SVM,4,4,uncalibrated_ovr_margin,0.8271515456524086,0.8021605696728376,0.8382889784449059,3.258918996971651
s03_1test_r1_t30,3,1test,1,30,4,58234,False,PSD44_LINEAR_SVM,4,3,uncalibrated_ovr_margin,-0.23200839154462433,0.9240699039491271,3.2086316336381167,2.158967134049361
s03_1test_r1_t31,3,1test,1,31,2,60305,False,PSD44_LINEAR_SVM,2,1,uncalibrated_ovr_margin,3.188322693933769,0.8462278172663067,-0.12889890300282963,2.052799435770409
s03_1test_r1_t32,3,1test,1,32,1,62412,False,PSD44_LINEAR_SVM,1,3,uncalibrated_ovr_margin,1.9313428694483663,0.9167379766601198,3.2174053241901523,-0.18732623980447285
s03_1test_r1_t33,3,1test,1,33,2,64504,False,PSD44_LINEAR_SVM,2,2,uncalibrated_ovr_margin,-0.17973225016731847,3.1148490610826247,2.1716024181631584,0.9019758720026548
s03_1test_r1_t34,3,1test,1,34,3,66595,False,PSD44_LINEAR_SVM,3,3,uncalibrated_ovr_margin,-0.13693357992655922,1.0160138165649673,3.1169299595495175,2.0320612112795886
s03_1test_r1_t35,3,1test,1,35,3,68638,False,PSD44_LINEAR_SVM,3,2,uncalibrated_ovr_margin,0.8727911212273121,3.1303541610054757,2.136686246592627,-0.1395509550064334
s03_1test_r1_t36,3,1test,1,36,3,70702,False,PSD44_LINEAR_SVM,3,2,uncalibrated_ovr_margin,-0.2484837176294331,3.2441430186637863,2.012467836127689,1.044065751018003
s03_1test_r1_t37,3,1test,1,37,4,72722,False,PSD44_LINEAR_SVM,4,4,uncalibrated_ovr_margin,-0.2490064201127286,0.9364916456824429,2.1533657354341846,3.233414872563704
s03_1test_r1_t38,3,1test,1,38,3,74694,False,PSD44_LINEAR_SVM,3,3,uncalibrated_ovr_margin,0.8064636685355989,1.9579324289012474,3.2484730090531553,-0.1943971707281192
s03_1test_r1_t39,3,1test,1,39,1,76657,False,PSD44_LINEAR_SVM,1,3,uncalibrated_ovr_margin,-0.20852093534017282,0.8103375861505043,3.2247003359913844,2.1599350329912714
s03_1test_r1_t40,3,1test,1,40,4,78582,False,PSD44_LINEAR_SVM,4,4,uncalibrated_ovr_margin,-0.26223901589820225,2.1550644524828266,0.9644685457141642,3.248689824099397
s03_1test_r1_t41,3,1test,1,41,2,80663,False,PSD44_LINEAR_SVM,2,3,uncalibrated_ovr_margin,-0.25109244352762683,0.7567098516484834,3.2425927393565543,2.2516657313050428
s03_1test_r1_t42,3,1test,1,42,3,82641,True,PSD44_LINEAR_SVM,3,3,uncalibrated_ovr_margin,-0.21369308895561082,0.7764714725419939,3.2596868428694514,2.0760709083315385
s03_1test_r1_t43,3,1test,1,43,2,84631,False,PSD44_LINEAR_SVM,2,1,uncalibrated_ovr_margin,3.2098248480861287,2.1543597378865122,1.1391100926377897,-0.2554076557042702
s03_1test_r1_t44,3,1test,1,44,3,86750,True,PSD44_LINEAR_SVM,3,3,uncalibrated_ovr_margin,-0.1569714278166651,0.9536900274751642,3.194260241440284,1.9144202935146049
s03_1test_r1_t45,3,1test,1,45,4,88656,True,PSD44_LINEAR_SVM,4,4,uncalibrated_ovr_margin,-0.2671252083212518,2.093102579611637,1.0246324864300314,3.260350434339101
s03_1test_r1_t46,3,1test,1,46,2,90584,False,PSD44_LINEAR_SVM,2,2,uncalibrated_ovr_margin,2.183283131713908,3.279299625672933,0.7549808983823041,-0.2611217777087744
s03_1test_r1_t47,3,1test,1,47,3,92698,False,PSD44_LINEAR_SVM,3,2,uncalibrated_ovr_margin,-0.262051391468572,3.2467173500910698,2.2524487435469434,0.7678842205406937
s03_1test_r1_t48,3,1test,1,48,1,94757,False,PSD44_LINEAR_SVM,1,4,uncalibrated_ovr_margin,2.0831573144506117,-0.2119742831772902,1.093581971051187,3.1686385655329428
s03_1test_r2_t01,3,1test,2,1,1,250,False,PSD44_LINEAR_SVM,1,4,uncalibrated_ovr_margin,-0.22944381226311958,0.926597134164565,2.200288733035882,3.1654499628410755
s03_1test_r2_t02,3,1test,2,2,1,2253,False,PSD44_LINEAR_SVM,1,4,uncalibrated_ovr_margin,2.0074827658395495,0.8376383869681858,-0.14927583953792348,3.2115768361238684
s03_1test_r2_t03,3,1test,2,3,4,4171,False,PSD44_LINEAR_SVM,4,4,uncalibrated_ovr_margin,-0.2687580537383394,0.7649463854160006,2.2160497160644566,3.274971553276913
s03_1test_r2_t04,3,1test,2,4,2,6123,False,PSD44_LINEAR_SVM,2,4,uncalibrated_ovr_margin,0.7618594686137213,-0.2684418572849159,2.252073411607687,3.259853363270805
s03_1test_r2_t05,3,1test,2,5,1,8131,False,PSD44_LINEAR_SVM,1,1,uncalibrated_ovr_margin,3.1927962097898592,1.0084980356326734,0.8721362738746252,0.8543846207249142
s03_1test_r2_t06,3,1test,2,6,3,10242,False,PSD44_LINEAR_SVM,3,4,uncalibrated_ovr_margin,-0.27108429414938123,0.7549132199740342,2.2524000191817177,3.266846363016372
s03_1test_r2_t07,3,1test,2,7,1,12159,False,PSD44_LINEAR_SVM,1,4,uncalibrated_ovr_margin,1.049423956058135,-0.25008335309788415,2.1377840776945143,3.226677623099085
s03_1test_r2_t08,3,1test,2,8,3,14209,False,PSD44_LINEAR_SVM,3,4,uncalibrated_ovr_margin,-0.2897491486674542,0.7591775290893702,2.2700653072505808,3.2776164211183927
s03_1test_r2_t09,3,1test,2,9,2,16140,False,PSD44_LINEAR_SVM,2,4,uncalibrated_ovr_margin,-0.15068236120704642,2.095951263807027,1.04558832351293,3.0692724667988993
s03_1test_r2_t10,3,1test,2,10,4,18138,False,PSD44_LINEAR_SVM,4,4,uncalibrated_ovr_margin,-0.26489831572780775,0.770125571223193,2.145986072065155,3.2805361220481055
s03_1test_r2_t11,3,1test,2,11,1,20044,False,PSD44_LINEAR_SVM,1,2,uncalibrated_ovr_margin,2.1417741367627974,3.2463799963990208,-0.23784397280059844,0.8267084383701636
s03_1test_r2_t12,3,1test,2,12,3,21939,False,PSD44_LINEAR_SVM,3,2,uncalibrated_ovr_margin,-0.2729559585457331,3.215743745667014,2.198835876426175,1.1823502004036734
s03_1test_r2_t13,3,1test,2,13,3,23911,False,PSD44_LINEAR_SVM,3,4,uncalibrated_ovr_margin,-0.2848977869859962,1.085129245824687,2.176021293447181,3.271833697829623
s03_1test_r2_t14,3,1test,2,14,1,25855,False,PSD44_LINEAR_SVM,1,4,uncalibrated_ovr_margin,-0.23527119734040958,1.0204345490842255,2.033901591693711,3.2298354674741905
s03_1test_r2_t15,3,1test,2,15,3,27822,False,PSD44_LINEAR_SVM,3,4,uncalibrated_ovr_margin,-0.26702274406040444,0.8646373628702224,1.8646924444041708,3.2812001690308046
s03_1test_r2_t16,3,1test,2,16,2,29942,False,PSD44_LINEAR_SVM,2,4,uncalibrated_ovr_margin,0.7846237178845157,-0.22974265762538218,2.204608445081523,3.236831849036786
s03_1test_r2_t17,3,1test,2,17,4,31950,False,PSD44_LINEAR_SVM,4,4,uncalibrated_ovr_margin,0.8468995466945941,-0.2599476954044958,2.0012239898469093,3.2714673253072926
s03_1test_r2_t18,3,1test,2,18,4,34016,False,PSD44_LINEAR_SVM,4,4,uncalibrated_ovr_margin,-0.2758671878463548,0.7538636077929204,2.22906756727994,3.2814633328074656
s03_1test_r2_t19,3,1test,2,19,4,36052,False,PSD44_LINEAR_SVM,4,4,uncalibrated_ovr_margin,-0.24819162496989636,0.7603496766435182,2.1172320229189627,3.277128170343371
s03_1test_r2_t20,3,1test,2,20,3,38118,False,PSD44_LINEAR_SVM,3,3,uncalibrated_ovr_margin,0.7473706227443665,-0.2637360178810333,3.263243641503975,2.253281481127695
s03_1test_r2_t21,3,1test,2,21,1,40188,False,PSD44_LINEAR_SVM,1,4,uncalibrated_ovr_margin,-0.28868148148373673,0.905491827084348,2.234172966569905,3.272719841038274
s03_1test_r2_t22,3,1test,2,22,4,42268,False,PSD44_LINEAR_SVM,4,4,uncalibrated_ovr_margin,-0.27214160521981184,2.1685038421741987,0.750222698686286,3.2883758126256795
s03_1test_r2_t23,3,1test,2,23,2,44180,False,PSD44_LINEAR_SVM,2,4,uncalibrated_ovr_margin,-0.24163786776578172,2.175859417767569,0.8944032154501144,3.2215570956346435
s03_1test_r2_t24,3,1test,2,24,4,46211,False,PSD44_LINEAR_SVM,4,4,uncalibrated_ovr_margin,-0.2506042435301975,0.7633106430632258,2.2215418278702854,3.2592025875050714
s03_1test_r2_t25,3,1test,2,25,2,48164,False,PSD44_LINEAR_SVM,2,3,uncalibrated_ovr_margin,0.946599178842843,1.9449681243435517,3.211070902364942,-0.19075344592193827
s03_1test_r2_t26,3,1test,2,26,1,50125,False,PSD44_LINEAR_SVM,1,1,uncalibrated_ovr_margin,3.1916579785363925,2.1482219686675066,0.8152443471945751,-0.15881503333737304
s03_1test_r2_t27,3,1test,2,27,3,52229,False,PSD44_LINEAR_SVM,3,3,uncalibrated_ovr_margin,0.7632794320862137,-0.28783781353776994,3.281392486081211,2.256869715644593
s03_1test_r2_t28,3,1test,2,28,2,54233,False,PSD44_LINEAR_SVM,2,2,uncalibrated_ovr_margin,-0.25065935344373264,3.264495623356251,2.0421889131593627,0.8371423644883765
s03_1test_r2_t29,3,1test,2,29,1,56208,False,PSD44_LINEAR_SVM,1,4,uncalibrated_ovr_margin,0.8087220137231655,-0.25735383918514615,2.175781944718352,3.2611510770481233
s03_1test_r2_t30,3,1test,2,30,3,58234,False,PSD44_LINEAR_SVM,3,4,uncalibrated_ovr_margin,-0.2651981168484228,0.7628098878459049,2.2562967360117585,3.25066823753877
s03_1test_r2_t31,3,1test,2,31,3,60305,False,PSD44_LINEAR_SVM,3,4,uncalibrated_ovr_margin,-0.2690661816431885,1.9201923566667511,0.9264735370581494,3.2757078542660816
s03_1test_r2_t32,3,1test,2,32,1,62412,False,PSD44_LINEAR_SVM,1,4,uncalibrated_ovr_margin,-0.27894326035683276,0.7890355521883599,2.2358498449815407,3.2719820310941916
s03_1test_r2_t33,3,1test,2,33,3,64504,False,PSD44_LINEAR_SVM,3,4,uncalibrated_ovr_margin,-0.2913013887698047,0.730759560542121,2.2781521914495433,3.28632240337082
s03_1test_r2_t34,3,1test,2,34,4,66595,False,PSD44_LINEAR_SVM,4,4,uncalibrated_ovr_margin,-0.2687525929901305,0.7923158586246168,2.206829654067879,3.268976024107113
s03_1test_r2_t35,3,1test,2,35,4,68638,False,PSD44_LINEAR_SVM,4,4,uncalibrated_ovr_margin,0.8009833940016182,-0.24813938160889876,2.1218726296851287,3.2641483351174294
s03_1test_r2_t36,3,1test,2,36,2,70702,False,PSD44_LINEAR_SVM,2,4,uncalibrated_ovr_margin,1.9947399938392198,-0.19011709514730377,0.8122224525084615,3.2415966578977216
s03_1test_r2_t37,3,1test,2,37,1,72722,False,PSD44_LINEAR_SVM,1,4,uncalibrated_ovr_margin,0.7823773634404917,-0.2376489491182548,1.854628197795183,3.2790253735919728
s03_1test_r2_t38,3,1test,2,38,2,74694,False,PSD44_LINEAR_SVM,2,4,uncalibrated_ovr_margin,-0.24324052007114835,0.8171228001858266,2.21357421419159,3.2269053513913195
s03_1test_r2_t39,3,1test,2,39,4,76657,False,PSD44_LINEAR_SVM,4,4,uncalibrated_ovr_margin,-0.14199730295485305,1.8636731726225453,0.8502034984966008,3.230778479938558
s03_1test_r2_t40,3,1test,2,40,2,78582,False,PSD44_LINEAR_SVM,2,2,uncalibrated_ovr_margin,1.0085444991297439,3.194463815354056,2.1029448178283854,-0.21732973220758936
s03_1test_r2_t41,3,1test,2,41,4,80663,False,PSD44_LINEAR_SVM,4,4,uncalibrated_ovr_margin,-0.27338786497392803,0.8201927604572669,2.2039831801202787,3.268668790852191
s03_1test_r2_t42,3,1test,2,42,3,82641,False,PSD44_LINEAR_SVM,3,4,uncalibrated_ovr_margin,-0.22349029433786255,0.7690603134604078,2.209738978873946,3.240561606163772
s03_1test_r2_t43,3,1test,2,43,2,84631,False,PSD44_LINEAR_SVM,2,2,uncalibrated_ovr_margin,-0.19191265101967267,3.2151850055982,2.0853736137781076,0.8509730325235053
s03_1test_r2_t44,3,1test,2,44,2,86750,False,PSD44_LINEAR_SVM,2,2,uncalibrated_ovr_margin,-0.22660399260893388,1.9326967924218792,2.184011421395593,2.177849257048008
s03_1test_r2_t45,3,1test,2,45,2,88656,False,PSD44_LINEAR_SVM,2,2,uncalibrated_ovr_margin,2.0807369347147344,3.258840434572552,-0.25749067702312817,0.9048872091135045
s03_1test_r2_t46,3,1test,2,46,3,90584,False,PSD44_LINEAR_SVM,3,3,uncalibrated_ovr_margin,-0.2708310143061175,0.7849704161238011,3.2505597386758995,2.252499623464301
s03_1test_r2_t47,3,1test,2,47,4,92698,False,PSD44_LINEAR_SVM,4,4,uncalibrated_ovr_margin,-0.2572246289931053,0.8353355735971808,2.105720901683369,3.2651876485455085
s03_1test_r2_t48,3,1test,2,48,1,94757,False,PSD44_LINEAR_SVM,1,3,uncalibrated_ovr_margin,-0.2548198273995797,0.7654993687317054,3.241679507241725,2.2496103488525545
s03_1test_r3_t01,3,1test,3,1,2,250,False,PSD44_LINEAR_SVM,2,3,uncalibrated_ovr_margin,2.180248247731705,-0.2318446747070744,3.2197471089226495,0.8490525077085643
s03_1test_r3_t02,3,1test,3,2,4,2253,False,PSD44_LINEAR_SVM,4,4,uncalibrated_ovr_margin,-0.2762315949348528,0.7249300569408668,2.2548382416709236,3.287746977263811
s03_1test_r3_t03,3,1test,3,3,1,4171,False,PSD44_LINEAR_SVM,1,4,uncalibrated_ovr_margin,2.056511880128266,-0.22979931341718804,0.929719264139711,3.2317872465825337
s03_1test_r3_t04,3,1test,3,4,3,6123,False,PSD44_LINEAR_SVM,3,4,uncalibrated_ovr_margin,-0.24395715775003587,0.7648358551713625,2.172151554029571,3.267418032273811
s03_1test_r3_t05,3,1test,3,5,3,8131,False,PSD44_LINEAR_SVM,3,4,uncalibrated_ovr_margin,-0.11692631900071564,0.8762817747809301,2.1373796911553313,3.100141941867137
s03_1test_r3_t06,3,1test,3,6,4,10242,False,PSD44_LINEAR_SVM,4,4,uncalibrated_ovr_margin,-0.2581880522821638,1.8204272694172872,0.7706622398370138,3.290647481459453
s03_1test_r3_t07,3,1test,3,7,1,12159,False,PSD44_LINEAR_SVM,1,4,uncalibrated_ovr_margin,0.9141334331846553,-0.2539150792140629,2.043340043462351,3.2574847083252223
s03_1test_r3_t08,3,1test,3,8,1,14209,False,PSD44_LINEAR_SVM,1,4,uncalibrated_ovr_margin,1.8778248093955896,0.8505892959014691,-0.13564288777639733,3.225005868851538
s03_1test_r3_t09,3,1test,3,9,3,16140,False,PSD44_LINEAR_SVM,3,4,uncalibrated_ovr_margin,0.7693023100755209,-0.24999000845068625,2.2316645866301483,3.249341369598128
s03_1test_r3_t10,3,1test,3,10,2,18138,False,PSD44_LINEAR_SVM,2,4,uncalibrated_ovr_margin,0.7895884935248279,-0.17415804096081852,2.033350485945865,3.243114090058057
s03_1test_r3_t11,3,1test,3,11,4,20044,False,PSD44_LINEAR_SVM,4,4,uncalibrated_ovr_margin,-0.27514504561783426,0.7670823521964194,1.9959036486667012,3.2919794372692976
s03_1test_r3_t12,3,1test,3,12,4,21939,False,PSD44_LINEAR_SVM,4,4,uncalibrated_ovr_margin,0.7436253262496066,-0.2688773684263692,2.1753587801962397,3.2882442630831417
s03_1test_r3_t13,3,1test,3,13,4,23911,False,PSD44_LINEAR_SVM,4,4,uncalibrated_ovr_margin,-0.27285377243276293,0.8137248273313051,2.063327790602482,3.282393271569335
s03_1test_r3_t14,3,1test,3,14,2,25855,False,PSD44_LINEAR_SVM,2,4,uncalibrated_ovr_margin,0.7363166218214336,-0.27854745462200714,2.215230995750931,3.291913729170384
s03_1test_r3_t15,3,1test,3,15,1,27822,False,PSD44_LINEAR_SVM,1,4,uncalibrated_ovr_margin,1.8312939007609685,0.7832830263324599,-0.2330301976769455,3.27962542917792
s03_1test_r3_t16,3,1test,3,16,3,29942,False,PSD44_LINEAR_SVM,3,4,uncalibrated_ovr_margin,-0.1846366727653039,0.8820332136668455,2.0977089604362273,3.192968747223117
s03_1test_r3_t17,3,1test,3,17,2,31950,False,PSD44_LINEAR_SVM,2,2,uncalibrated_ovr_margin,0.8499236879978807,3.1928286578649354,-0.1937354160009465,2.151615810174634
s03_1test_r3_t18,3,1test,3,18,4,34016,True,PSD44_LINEAR_SVM,4,4,uncalibrated_ovr_margin,-0.2542431659183147,0.8413562811255563,2.2022720619081775,3.240207998471832
s03_1test_r3_t19,3,1test,3,19,1,36052,False,PSD44_LINEAR_SVM,1,4,uncalibrated_ovr_margin,-0.2791634665300712,0.7546209192993603,2.222899897889622,3.285198014134445
s03_1test_r3_t20,3,1test,3,20,4,38118,False,PSD44_LINEAR_SVM,4,4,uncalibrated_ovr_margin,-0.25742052470262095,0.8638942542294399,2.1599112359272445,3.2531859537039973
s03_1test_r3_t21,3,1test,3,21,3,40188,False,PSD44_LINEAR_SVM,3,4,uncalibrated_ovr_margin,0.7575495839271491,-0.2546181928068682,2.2145131747347837,3.2679359165473647
s03_1test_r3_t22,3,1test,3,22,2,42268,False,PSD44_LINEAR_SVM,2,4,uncalibrated_ovr_margin,-0.2040726382740615,0.8047315111707314,2.0595564470271186,3.245046115024408
s03_1test_r3_t23,3,1test,3,23,4,44180,True,PSD44_LINEAR_SVM,4,4,uncalibrated_ovr_margin,-0.21450305039388376,0.7864049715283961,2.0855297092673073,3.2547877223055863
s03_1test_r3_t24,3,1test,3,24,4,46211,False,PSD44_LINEAR_SVM,4,4,uncalibrated_ovr_margin,-0.23235095557197497,1.8412985183030217,0.7777908264629141,3.279650685751957
s03_1test_r3_t25,3,1test,3,25,1,48164,False,PSD44_LINEAR_SVM,1,4,uncalibrated_ovr_margin,0.7787985871306673,-0.2765869444905307,2.1983164702047535,3.281069940802801
s03_1test_r3_t26,3,1test,3,26,2,50125,False,PSD44_LINEAR_SVM,2,4,uncalibrated_ovr_margin,-0.25035028697970835,0.8140927676520058,2.2005035677019147,3.2448790934725302
s03_1test_r3_t27,3,1test,3,27,2,52229,False,PSD44_LINEAR_SVM,2,2,uncalibrated_ovr_margin,2.1571442661081695,3.2321186746315607,-0.2409238566876666,0.8778906032973488
s03_1test_r3_t28,3,1test,3,28,3,54233,False,PSD44_LINEAR_SVM,3,4,uncalibrated_ovr_margin,-0.29469954122591885,0.7409873530889943,2.273308820480424,3.2892404938701176
s03_1test_r3_t29,3,1test,3,29,4,56208,False,PSD44_LINEAR_SVM,4,4,uncalibrated_ovr_margin,-0.2712856152480251,0.7874930578484711,2.098505698630648,3.283667394208786
s03_1test_r3_t30,3,1test,3,30,2,58234,False,PSD44_LINEAR_SVM,2,4,uncalibrated_ovr_margin,0.7660415550555763,-0.2272847133296242,2.155464873630913,3.261237407193572
s03_1test_r3_t31,3,1test,3,31,1,60305,False,PSD44_LINEAR_SVM,1,4,uncalibrated_ovr_margin,2.164737735368005,-0.23152894051539596,0.8157469175149447,3.2389866122645103
s03_1test_r3_t32,3,1test,3,32,1,62412,False,PSD44_LINEAR_SVM,1,4,uncalibrated_ovr_margin,0.7803266976598902,-0.23460389018084993,2.01873061016552,3.2698341995752305
s03_1test_r3_t33,3,1test,3,33,4,64504,False,PSD44_LINEAR_SVM,4,4,uncalibrated_ovr_margin,-0.2739331213443195,1.8198624487601014,0.8065527394406845,3.292535700620534
s03_1test_r3_t34,3,1test,3,34,2,66595,False,PSD44_LINEAR_SVM,2,1,uncalibrated_ovr_margin,3.2323339298055362,2.2091764923362534,-0.26806638527009063,1.036272479552393
s03_1test_r3_t35,3,1test,3,35,1,68638,True,PSD44_LINEAR_SVM,1,1,uncalibrated_ovr_margin,3.2720071272712294,-0.3002241255871443,2.250860233536803,1.204660861590836
s03_1test_r3_t36,3,1test,3,36,3,70702,False,PSD44_LINEAR_SVM,3,4,uncalibrated_ovr_margin,-0.28189368657054936,0.7364643479605757,2.237434184129323,3.290487991725002
s03_1test_r3_t37,3,1test,3,37,2,72722,False,PSD44_LINEAR_SVM,2,2,uncalibrated_ovr_margin,2.1697874277210136,3.2429811391297125,-0.259380249704031,0.9398754490809843
s03_1test_r3_t38,3,1test,3,38,2,74694,False,PSD44_LINEAR_SVM,2,4,uncalibrated_ovr_margin,2.187010749003482,-0.2012053914527848,0.7828059122646952,3.2263192067270823
s03_1test_r3_t39,3,1test,3,39,3,76657,False,PSD44_LINEAR_SVM,3,4,uncalibrated_ovr_margin,-0.2680584702699554,0.7991862860507375,2.1693364995715942,3.2736966640499947
s03_1test_r3_t40,3,1test,3,40,1,78582,False,PSD44_LINEAR_SVM,1,4,uncalibrated_ovr_margin,2.1527095340158517,0.7894804841066851,-0.1985583540516276,3.2335907902648535
s03_1test_r3_t41,3,1test,3,41,4,80663,False,PSD44_LINEAR_SVM,4,4,uncalibrated_ovr_margin,-0.2922270671716748,0.8018440420465679,2.163708299079963,3.294617945096793
s03_1test_r3_t42,3,1test,3,42,3,82641,False,PSD44_LINEAR_SVM,3,4,uncalibrated_ovr_margin,0.9544157444778166,1.9020320551218104,-0.20706522975634178,3.229637828405363
s03_1test_r3_t43,3,1test,3,43,3,84631,False,PSD44_LINEAR_SVM,3,4,uncalibrated_ovr_margin,-0.2545730731130509,1.9906430008619231,1.0005346965557327,3.255077399329546
s03_1test_r3_t44,3,1test,3,44,3,86750,False,PSD44_LINEAR_SVM,3,3,uncalibrated_ovr_margin,0.7310956611379608,-0.2791526066078435,3.276434599775444,2.2723674870722195
s03_1test_r3_t45,3,1test,3,45,3,88656,False,PSD44_LINEAR_SVM,3,4,uncalibrated_ovr_margin,-0.20424999954323572,0.8549176678456283,1.8658316439255982,3.2505515564355814
s03_1test_r3_t46,3,1test,3,46,1,90584,True,PSD44_LINEAR_SVM,1,1,uncalibrated_ovr_margin,3.148718889665338,1.9792341430343512,0.9412085733567822,-0.11475189618145583
s03_1test_r3_t47,3,1test,3,47,2,92698,False,PSD44_LINEAR_SVM,2,4,uncalibrated_ovr_margin,0.7888918204469461,-0.24244649472062757,2.2160377889534737,3.2395145122447637
s03_1test_r3_t48,3,1test,3,48,1,94757,False,PSD44_LINEAR_SVM,1,1,uncalibrated_ovr_margin,3.2442982278550074,-0.23132538318202028,0.8387329260462317,2.1051971770108717
s03_1test_r4_t01,3,1test,4,1,2,250,False,PSD44_LINEAR_SVM,2,4,uncalibrated_ovr_margin,-0.2773925142368814,0.7584303481669994,2.2443762290010296,3.276295486868791
s03_1test_r4_t02,3,1test,4,2,1,2253,False,PSD44_LINEAR_SVM,1,4,uncalibrated_ovr_margin,0.8891187088439187,-0.23875175309103158,2.11346744178374,3.238276363036238
s03_1test_r4_t03,3,1test,4,3,1,4171,False,PSD44_LINEAR_SVM,1,3,uncalibrated_ovr_margin,-0.22646627800958902,0.7678858641618477,3.2299321128959084,2.2287953804586835
s03_1test_r4_t04,3,1test,4,4,3,6123,False,PSD44_LINEAR_SVM,3,4,uncalibrated_ovr_margin,-0.28108222983697007,0.7457287796629976,2.2048236784721404,3.291675551128353
s03_1test_r4_t05,3,1test,4,5,3,8131,False,PSD44_LINEAR_SVM,3,4,uncalibrated_ovr_margin,-0.2847987916780825,0.8142370330931088,1.8435720328740555,3.2963415778501566
s03_1test_r4_t06,3,1test,4,6,2,10242,False,PSD44_LINEAR_SVM,2,2,uncalibrated_ovr_margin,1.1041745104886402,3.2110461010489293,-0.24119880135704946,2.1014460226983065
s03_1test_r4_t07,3,1test,4,7,3,12159,False,PSD44_LINEAR_SVM,3,2,uncalibrated_ovr_margin,0.8050745279322558,3.251670407085664,-0.24986015673284717,2.189644037091626
s03_1test_r4_t08,3,1test,4,8,4,14209,False,PSD44_LINEAR_SVM,4,4,uncalibrated_ovr_margin,-0.2396732331847182,0.7846003734251732,1.9391458488061328,3.2739023855798433
s03_1test_r4_t09,3,1test,4,9,1,16140,False,PSD44_LINEAR_SVM,1,1,uncalibrated_ovr_margin,3.20261305697582,-0.20356532276409883,0.82977375973988,2.1717061486550384
s03_1test_r4_t10,3,1test,4,10,4,18138,False,PSD44_LINEAR_SVM,4,4,uncalibrated_ovr_margin,-0.26267469953409706,0.7617549728938445,2.103302003447746,3.2841252355282755
s03_1test_r4_t11,3,1test,4,11,1,20044,False,PSD44_LINEAR_SVM,1,1,uncalibrated_ovr_margin,2.1864094565366425,2.1282715282632103,-0.2471235592495472,2.164322731706417
s03_1test_r4_t12,3,1test,4,12,1,21939,False,PSD44_LINEAR_SVM,1,4,uncalibrated_ovr_margin,0.8377927180200914,1.88019753921833,-0.2604164100840271,3.278511917631188
s03_1test_r4_t13,3,1test,4,13,2,23911,False,PSD44_LINEAR_SVM,2,4,uncalibrated_ovr_margin,1.075011960628122,2.1414342833731284,-0.24571099918648415,3.213291009395383
s03_1test_r4_t14,3,1test,4,14,4,25855,False,PSD44_LINEAR_SVM,4,4,uncalibrated_ovr_margin,-0.27867488481906505,0.8182353939654434,1.8415227899862123,3.2927028918597507
s03_1test_r4_t15,3,1test,4,15,3,27822,False,PSD44_LINEAR_SVM,3,3,uncalibrated_ovr_margin,-0.27084617817539147,1.15253038926603,3.243256069112665,2.1471422011210897
s03_1test_r4_t16,3,1test,4,16,2,29942,False,PSD44_LINEAR_SVM,2,4,uncalibrated_ovr_margin,-0.252112913259156,0.9967917810825317,2.1750690839056133,3.2225027821356123
s03_1test_r4_t17,3,1test,4,17,4,31950,False,PSD44_LINEAR_SVM,4,4,uncalibrated_ovr_margin,-0.2665823304422838,0.7440396423354265,2.247580971500288,3.271772032202593
s03_1test_r4_t18,3,1test,4,18,3,34016,False,PSD44_LINEAR_SVM,3,4,uncalibrated_ovr_margin,-0.28472340433859183,0.8102671640405201,2.2152462612347397,3.280887703176119
s03_1test_r4_t19,3,1test,4,19,4,36052,False,PSD44_LINEAR_SVM,4,4,uncalibrated_ovr_margin,-0.2717443457745037,0.7914162828415081,2.192357982509254,3.275055853661631
s03_1test_r4_t20,3,1test,4,20,3,38118,False,PSD44_LINEAR_SVM,3,3,uncalibrated_ovr_margin,-0.26583920074943485,0.7709041201329919,3.251207652726658,2.2515880667155592
s03_1test_r4_t21,3,1test,4,21,4,40188,False,PSD44_LINEAR_SVM,4,4,uncalibrated_ovr_margin,-0.232393372925086,0.8400758355736888,1.9065656307957404,3.2610894823980976
s03_1test_r4_t22,3,1test,4,22,2,42268,False,PSD44_LINEAR_SVM,2,3,uncalibrated_ovr_margin,0.8377301005136607,-0.20366190631376363,3.2317967553606928,2.063712795779436
s03_1test_r4_t23,3,1test,4,23,2,44180,False,PSD44_LINEAR_SVM,2,4,uncalibrated_ovr_margin,-0.1707836240339178,2.0710805775582357,0.9293902383106095,3.1706028703949656
s03_1test_r4_t24,3,1test,4,24,4,46211,False,PSD44_LINEAR_SVM,4,3,uncalibrated_ovr_margin,0.75972968176483,-0.2766290234695564,3.2747386427385896,2.244950062655079
s03_1test_r4_t25,3,1test,4,25,1,48164,False,PSD44_LINEAR_SVM,1,4,uncalibrated_ovr_margin,0.8752636660266753,-0.210830465556801,2.026134990088523,3.2302594764138735
s03_1test_r4_t26,3,1test,4,26,2,50125,False,PSD44_LINEAR_SVM,2,3,uncalibrated_ovr_margin,0.8567839765598626,-0.22992607399124634,3.188246264492477,2.2089242495331782
s03_1test_r4_t27,3,1test,4,27,2,52229,False,PSD44_LINEAR_SVM,2,4,uncalibrated_ovr_margin,-0.26221063295466807,2.1157916289067975,1.0814055699263556,3.2463313966516476
s03_1test_r4_t28,3,1test,4,28,2,54233,False,PSD44_LINEAR_SVM,2,4,uncalibrated_ovr_margin,-0.21238035323183266,2.167684872846229,0.7674759286296079,3.25103231739244
s03_1test_r4_t29,3,1test,4,29,3,56208,False,PSD44_LINEAR_SVM,3,4,uncalibrated_ovr_margin,-0.19811496902938405,0.8017682304282339,2.058365176540301,3.2437316069502784
s03_1test_r4_t30,3,1test,4,30,4,58234,False,PSD44_LINEAR_SVM,4,4,uncalibrated_ovr_margin,-0.2666401798986139,0.8772094736573057,2.0049547672833685,3.273447374312709
s03_1test_r4_t31,3,1test,4,31,1,60305,False,PSD44_LINEAR_SVM,1,1,uncalibrated_ovr_margin,3.177982859363232,-0.21232311190679148,0.8236028385483282,2.211363135408334
s03_1test_r4_t32,3,1test,4,32,4,62412,False,PSD44_LINEAR_SVM,4,4,uncalibrated_ovr_margin,0.7432945637547035,-0.2785960374049429,2.1664725979863735,3.2938484300129103
s03_1test_r4_t33,3,1test,4,33,1,64504,False,PSD44_LINEAR_SVM,1,4,uncalibrated_ovr_margin,-0.23384619221951675,0.7742487818878585,2.139540366630961,3.2628444272870984
s03_1test_r4_t34,3,1test,4,34,3,66595,False,PSD44_LINEAR_SVM,3,4,uncalibrated_ovr_margin,-0.27270243528021737,0.9159523137929141,2.0605443224775155,3.2739469127176792
s03_1test_r4_t35,3,1test,4,35,1,68638,False,PSD44_LINEAR_SVM,1,4,uncalibrated_ovr_margin,-0.2611401701783187,0.8028520257168474,2.189772993467574,3.2630540702851394
s03_1test_r4_t36,3,1test,4,36,4,70702,False,PSD44_LINEAR_SVM,4,4,uncalibrated_ovr_margin,-0.18795967229991462,0.7922741768980788,1.983812473457831,3.2499531431205106
s03_1test_r4_t37,3,1test,4,37,1,72722,False,PSD44_LINEAR_SVM,1,4,uncalibrated_ovr_margin,-0.2568300517689147,0.8619437022831415,2.0246469593526344,3.2664559161839595
s03_1test_r4_t38,3,1test,4,38,3,74694,False,PSD44_LINEAR_SVM,3,3,uncalibrated_ovr_margin,0.7770820562219215,-0.26195050304785417,3.2629390039117805,2.2204663867589143
s03_1test_r4_t39,3,1test,4,39,1,76657,False,PSD44_LINEAR_SVM,1,4,uncalibrated_ovr_margin,-0.21087552593220618,2.168007443924275,0.80695745992276,3.225172255742848
s03_1test_r4_t40,3,1test,4,40,2,78582,False,PSD44_LINEAR_SVM,2,4,uncalibrated_ovr_margin,0.7476513125274442,-0.2802732810044228,2.264586862778041,3.273267459836689
s03_1test_r4_t41,3,1test,4,41,3,80663,False,PSD44_LINEAR_SVM,3,4,uncalibrated_ovr_margin,-0.23492354739693183,0.8439339710482447,2.1419672899153386,3.238790370023614
s03_1test_r4_t42,3,1test,4,42,3,82641,False,PSD44_LINEAR_SVM,3,4,uncalibrated_ovr_margin,-0.26997171769890577,0.7702025754028365,2.199019684730572,3.2777643513803314
s03_1test_r4_t43,3,1test,4,43,4,84631,False,PSD44_LINEAR_SVM,4,4,uncalibrated_ovr_margin,-0.2659058419143341,0.8048556156319533,1.8851697662130957,3.284892659946035
s03_1test_r4_t44,3,1test,4,44,1,86750,False,PSD44_LINEAR_SVM,1,4,uncalibrated_ovr_margin,0.7739232435583274,-0.26321162328970504,2.22702770229238,3.2627991195271475
s03_1test_r4_t45,3,1test,4,45,2,88656,False,PSD44_LINEAR_SVM,2,4,uncalibrated_ovr_margin,-0.26125992588720526,0.8084112158028899,2.045123086314793,3.2760595603649336
s03_1test_r4_t46,3,1test,4,46,4,90584,False,PSD44_LINEAR_SVM,4,4,uncalibrated_ovr_margin,-0.2717515639728855,2.031912907628175,0.8391733553958851,3.2799083185289435
s03_1test_r4_t47,3,1test,4,47,2,92698,False,PSD44_LINEAR_SVM,2,2,uncalibrated_ovr_margin,2.047235675468227,3.1675564417794453,0.8818789799629524,-0.12845474521208297
s03_1test_r4_t48,3,1test,4,48,3,94757,False,PSD44_LINEAR_SVM,3,4,uncalibrated_ovr_margin,-0.2613753017846719,0.775834733613292,2.245033828682583,3.248096994883509
s03_1test_r5_t01,3,1test,5,1,3,250,False,PSD44_LINEAR_SVM,3,3,uncalibrated_ovr_margin,-0.2679794740613653,2.205124723091842,3.2631606911226894,0.8148358696295658
s03_1test_r5_t02,3,1test,5,2,1,2253,False,PSD44_LINEAR_SVM,1,3,uncalibrated_ovr_margin,2.262825903455118,0.7529881478836478,3.271701861832009,-0.2802090324165964
s03_1test_r5_t03,3,1test,5,3,4,4171,False,PSD44_LINEAR_SVM,4,2,uncalibrated_ovr_margin,0.7754750430067354,3.2875241420004206,1.826365063116945,-0.2525409717182569
s03_1test_r5_t04,3,1test,5,4,2,6123,True,PSD44_LINEAR_SVM,2,1,uncalibrated_ovr_margin,2.1759665254484597,2.2347083341315144,2.2056424687371123,-0.2787642982061797
s03_1test_r5_t05,3,1test,5,5,4,8131,False,PSD44_LINEAR_SVM,4,2,uncalibrated_ovr_margin,-0.15515775507117177,1.9048934426399922,2.129311401394436,2.1296129329063143
s03_1test_r5_t06,3,1test,5,6,1,10242,False,PSD44_LINEAR_SVM,1,1,uncalibrated_ovr_margin,3.268010836795564,2.148414926880852,0.7787462225186645,-0.24854602764854505
s03_1test_r5_t07,3,1test,5,7,1,12159,False,PSD44_LINEAR_SVM,1,2,uncalibrated_ovr_margin,-0.17795090653915643,2.1498524797958023,1.9613639222383645,2.1049648089036266
s03_1test_r5_t08,3,1test,5,8,3,14209,False,PSD44_LINEAR_SVM,3,1,uncalibrated_ovr_margin,3.230941835178077,0.8134340934037718,2.15055233753486,-0.2146243630353118
s03_1test_r5_t09,3,1test,5,9,3,16140,False,PSD44_LINEAR_SVM,3,3,uncalibrated_ovr_margin,2.175033935100159,-0.2241091394188061,3.220686826992727,0.8322572474576653
s03_1test_r5_t10,3,1test,5,10,2,18138,False,PSD44_LINEAR_SVM,2,1,uncalibrated_ovr_margin,3.1634179460064296,2.148087003370746,1.1128223007883102,-0.2314839550849449
s03_1test_r5_t11,3,1test,5,11,4,20044,False,PSD44_LINEAR_SVM,4,2,uncalibrated_ovr_margin,2.04515027448712,3.2500960828006153,0.8434019970592116,-0.23155931308360128
s03_1test_r5_t12,3,1test,5,12,2,21939,False,PSD44_LINEAR_SVM,2,1,uncalibrated_ovr_margin,2.049895307919472,1.0997934230323745,1.9158205129259385,0.9300708403723676
s03_1test_r5_t13,3,1test,5,13,2,23911,False,PSD44_LINEAR_SVM,2,3,uncalibrated_ovr_margin,2.1747715017448495,0.8336648471774182,3.2209214341729324,-0.2248081859845359
s03_1test_r5_t14,3,1test,5,14,1,25855,False,PSD44_LINEAR_SVM,1,1,uncalibrated_ovr_margin,3.2559664846917498,1.8482900700038318,0.8986992606794748,-0.22356137963883865
s03_1test_r5_t15,3,1test,5,15,2,27822,False,PSD44_LINEAR_SVM,2,1,uncalibrated_ovr_margin,3.277334997399023,2.2216650416506956,1.0623568130312517,-0.2925222101462007
s03_1test_r5_t16,3,1test,5,16,4,29942,False,PSD44_LINEAR_SVM,4,3,uncalibrated_ovr_margin,-0.26552698765737615,1.0847254380612668,3.207959002191227,2.219039383189885
s03_1test_r5_t17,3,1test,5,17,4,31950,False,PSD44_LINEAR_SVM,4,2,uncalibrated_ovr_margin,2.042768592926289,3.074217746980979,0.998577927073077,-0.10012447920251157
s03_1test_r5_t18,3,1test,5,18,2,34016,False,PSD44_LINEAR_SVM,2,1,uncalibrated_ovr_margin,3.1792050515978585,1.9943103229200887,1.0351072821884382,-0.18603985199485465
s03_1test_r5_t19,3,1test,5,19,2,36052,False,PSD44_LINEAR_SVM,2,1,uncalibrated_ovr_margin,3.2382789113145938,2.2216177996175124,1.0453579962111954,-0.274315793633224
s03_1test_r5_t20,3,1test,5,20,2,38118,False,PSD44_LINEAR_SVM,2,1,uncalibrated_ovr_margin,3.2726782048959757,2.2785517571054745,0.7332163314626832,-0.28260948543864306
s03_1test_r5_t21,3,1test,5,21,2,40188,False,PSD44_LINEAR_SVM,2,1,uncalibrated_ovr_margin,3.273938316468591,2.2732851603415134,0.7369001477356638,-0.2813893337916313
s03_1test_r5_t22,3,1test,5,22,4,42268,False,PSD44_LINEAR_SVM,4,2,uncalibrated_ovr_margin,0.8060031006518849,3.2294948271108965,-0.20129421337340653,2.1380226644605225
s03_1test_r5_t23,3,1test,5,23,4,44180,False,PSD44_LINEAR_SVM,4,2,uncalibrated_ovr_margin,2.1406361811101715,3.2149943386492135,0.8298094060984285,-0.20018088511966067
s03_1test_r5_t24,3,1test,5,24,3,46211,False,PSD44_LINEAR_SVM,3,3,uncalibrated_ovr_margin,-0.1680572833044004,0.8031735403054875,3.216381283011475,2.1261056065097934
s03_1test_r5_t25,3,1test,5,25,4,48164,False,PSD44_LINEAR_SVM,4,2,uncalibrated_ovr_margin,-0.21762406049953004,2.1796056632614023,2.0665144788230068,2.1055158545303483
s03_1test_r5_t26,3,1test,5,26,1,50125,False,PSD44_LINEAR_SVM,1,1,uncalibrated_ovr_margin,3.237537512812959,2.2183887975708014,0.9596765755908331,-0.26974381842693085
s03_1test_r5_t27,3,1test,5,27,2,52229,False,PSD44_LINEAR_SVM,2,2,uncalibrated_ovr_margin,1.0123814466830028,3.283122424874165,2.1491014591699584,-0.2888090720773611
s03_1test_r5_t28,3,1test,5,28,3,54233,False,PSD44_LINEAR_SVM,3,3,uncalibrated_ovr_margin,1.883242499621587,-0.2332770551449983,3.2611388602721023,0.8575143683445999
s03_1test_r5_t29,3,1test,5,29,2,56208,False,PSD44_LINEAR_SVM,2,3,uncalibrated_ovr_margin,2.150330126037072,-0.2174527572056072,3.204970930178396,0.8828709961117828
s03_1test_r5_t30,3,1test,5,30,1,58234,False,PSD44_LINEAR_SVM,1,1,uncalibrated_ovr_margin,2.1958764904070147,2.0492169357402035,2.204186033965051,-0.25357446913609927
s03_1test_r5_t31,3,1test,5,31,4,60305,False,PSD44_LINEAR_SVM,4,4,uncalibrated_ovr_margin,-0.27492829118373613,0.7942426191460885,2.225257052255682,3.2696696942641363
s03_1test_r5_t32,3,1test,5,32,1,62412,False,PSD44_LINEAR_SVM,1,3,uncalibrated_ovr_margin,1.9471571888525798,-0.18001719844659345,3.238689050514794,0.8210299373222774
s03_1test_r5_t33,3,1test,5,33,4,64504,False,PSD44_LINEAR_SVM,4,4,uncalibrated_ovr_margin,-0.26740728185557266,2.16460467119389,1.1041185606310846,3.2414140879490136
s03_1test_r5_t34,3,1test,5,34,1,66595,False,PSD44_LINEAR_SVM,1,1,uncalibrated_ovr_margin,3.2709826231088535,1.8010493752721868,0.8708528685282176,-0.2302340187974014
s03_1test_r5_t35,3,1test,5,35,1,68638,False,PSD44_LINEAR_SVM,1,1,uncalibrated_ovr_margin,3.240162294437265,2.19955705678892,0.8238316413636813,-0.24891219869896777
s03_1test_r5_t36,3,1test,5,36,1,70702,False,PSD44_LINEAR_SVM,1,1,uncalibrated_ovr_margin,3.2629946705520627,-0.2288788143723061,2.106840348212518,0.777059788980331
s03_1test_r5_t37,3,1test,5,37,1,72722,True,PSD44_LINEAR_SVM,1,2,uncalibrated_ovr_margin,0.8949946071790216,3.2136372620421993,2.084128810704811,-0.20813921778568614
s03_1test_r5_t38,3,1test,5,38,3,74694,False,PSD44_LINEAR_SVM,3,3,uncalibrated_ovr_margin,0.7853576495644481,2.2002350504549173,3.266179206075333,-0.2617980853967564
s03_1test_r5_t39,3,1test,5,39,3,76657,False,PSD44_LINEAR_SVM,3,2,uncalibrated_ovr_margin,-0.2335809566579399,3.2318852781472502,2.1134892441446667,0.8949190250171519
s03_1test_r5_t40,3,1test,5,40,4,78582,False,PSD44_LINEAR_SVM,4,3,uncalibrated_ovr_margin,-0.22435091597030815,0.8853814753928295,3.1824993380972617,2.1928474125114126
s03_1test_r5_t41,3,1test,5,41,2,80663,False,PSD44_LINEAR_SVM,2,2,uncalibrated_ovr_margin,-0.15184369519855548,3.1678680587295713,2.2001439627212904,0.791018260797232
s03_1test_r5_t42,3,1test,5,42,3,82641,True,PSD44_LINEAR_SVM,3,2,uncalibrated_ovr_margin,0.8630512635224695,3.2629670914695983,2.1111323004337677,-0.2599104934462343
s03_1test_r5_t43,3,1test,5,43,3,84631,True,PSD44_LINEAR_SVM,3,3,uncalibrated_ovr_margin,0.8034979455628689,-0.24108391628087028,3.2337148420664867,2.2100310581606775
s03_1test_r5_t44,3,1test,5,44,3,86750,False,PSD44_LINEAR_SVM,3,3,uncalibrated_ovr_margin,2.117820218056995,0.8582098092687891,3.226127561937284,-0.21901089099118395
s03_1test_r5_t45,3,1test,5,45,4,88656,False,PSD44_LINEAR_SVM,4,1,uncalibrated_ovr_margin,2.0533555951030777,0.8505074370406478,0.9807140995033837,2.1353923019374883
s03_1test_r5_t46,3,1test,5,46,3,90584,False,PSD44_LINEAR_SVM,3,4,uncalibrated_ovr_margin,-0.2517975257934757,0.7670620314276744,2.249199679487262,3.2366151668123306
s03_1test_r5_t47,3,1test,5,47,1,92698,False,PSD44_LINEAR_SVM,1,3,uncalibrated_ovr_margin,2.1311352221429947,-0.2620609066988655,3.276283302808471,0.7851017003071825
s03_1test_r5_t48,3,1test,5,48,3,94757,False,PSD44_LINEAR_SVM,3,2,uncalibrated_ovr_margin,-0.2238015081234566,3.262107997264528,2.1295146362290778,0.7685359432877745
