sample_id,subject,session,run,trial,label,event_sample,artifact_flagged,experiment_id,condition,fold,subset_id,train_subjects,source_session,seed,selected_epochs,y_true,y_pred,p_class_1,p_class_2,p_class_3,p_class_4
s07_0train_r0_t01,7,0train,0,1,1,250,False,Q13-E005,Q9_SHARED_SOURCE_SESSION_E,loso_s7,all,1|2|3|4|5|6|8|9,1test,20260924,20,1,2,0.23103507,0.49158448,0.13876472,0.13861571
s07_0train_r0_t02,7,0train,0,2,2,2253,False,Q13-E005,Q9_SHARED_SOURCE_SESSION_E,loso_s7,all,1|2|3|4|5|6|8|9,1test,20260924,20,2,2,0.14897045,0.53274965,0.18836084,0.12991904
s07_0train_r0_t03,7,0train,0,3,2,4171,False,Q13-E005,Q9_SHARED_SOURCE_SESSION_E,loso_s7,all,1|2|3|4|5|6|8|9,1test,20260924,20,2,2,0.23127624,0.29920858,0.23983093,0.22968428
s07_0train_r0_t04,7,0train,0,4,1,6123,False,Q13-E005,Q9_SHARED_SOURCE_SESSION_E,loso_s7,all,1|2|3|4|5|6|8|9,1test,20260924,20,1,2,0.25714803,0.28826547,0.2619222,0.19266428
s07_0train_r0_t05,7,0train,0,5,2,8131,False,Q13-E005,Q9_SHARED_SOURCE_SESSION_E,loso_s7,all,1|2|3|4|5|6|8|9,1test,20260924,20,2,2,0.1500571,0.43833005,0.25623316,0.15537962
s07_0train_r0_t06,7,0train,0,6,1,10242,False,Q13-E005,Q9_SHARED_SOURCE_SESSION_E,loso_s7,all,1|2|3|4|5|6|8|9,1test,20260924,20,1,2,0.35088927,0.37716502,0.12871093,0.14323476
s07_0train_r0_t07,7,0train,0,7,2,12159,False,Q13-E005,Q9_SHARED_SOURCE_SESSION_E,loso_s7,all,1|2|3|4|5|6|8|9,1test,20260924,20,2,2,0.2610997,0.4329682,0.15597466,0.14995745
s07_0train_r0_t08,7,0train,0,8,3,14209,False,Q13-E005,Q9_SHARED_SOURCE_SESSION_E,loso_s7,all,1|2|3|4|5|6|8|9,1test,20260924,20,3,3,0.24353236,0.29048783,0.33226976,0.13371004
s07_0train_r0_t09,7,0train,0,9,2,16140,False,Q13-E005,Q9_SHARED_SOURCE_SESSION_E,loso_s7,all,1|2|3|4|5|6|8|9,1test,20260924,20,2,2,0.12435808,0.45616698,0.23939525,0.18007965
s07_0train_r0_t10,7,0train,0,10,4,18138,False,Q13-E005,Q9_SHARED_SOURCE_SESSION_E,loso_s7,all,1|2|3|4|5|6|8|9,1test,20260924,20,4,2,0.33105326,0.3362884,0.1350636,0.1975947
s07_0train_r0_t11,7,0train,0,11,1,20044,False,Q13-E005,Q9_SHARED_SOURCE_SESSION_E,loso_s7,all,1|2|3|4|5|6|8|9,1test,20260924,20,1,1,0.49127564,0.20442602,0.19181502,0.112483285
s07_0train_r0_t12,7,0train,0,12,3,21939,False,Q13-E005,Q9_SHARED_SOURCE_SESSION_E,loso_s7,all,1|2|3|4|5|6|8|9,1test,20260924,20,3,1,0.31532693,0.23073816,0.24422309,0.2097118
s07_0train_r0_t13,7,0train,0,13,2,23911,False,Q13-E005,Q9_SHARED_SOURCE_SESSION_E,loso_s7,all,1|2|3|4|5|6|8|9,1test,20260924,20,2,2,0.25076923,0.41127273,0.18571474,0.15224336
s07_0train_r0_t14,7,0train,0,14,1,25855,False,Q13-E005,Q9_SHARED_SOURCE_SESSION_E,loso_s7,all,1|2|3|4|5|6|8|9,1test,20260924,20,1,2,0.3163279,0.32491204,0.14661013,0.21214984
s07_0train_r0_t15,7,0train,0,15,4,27822,False,Q13-E005,Q9_SHARED_SOURCE_SESSION_E,loso_s7,all,1|2|3|4|5|6|8|9,1test,20260924,20,4,1,0.35074693,0.18759085,0.26194715,0.19971503
s07_0train_r0_t16,7,0train,0,16,4,29942,False,Q13-E005,Q9_SHARED_SOURCE_SESSION_E,loso_s7,all,1|2|3|4|5|6|8|9,1test,20260924,20,4,2,0.2030816,0.40651813,0.1718244,0.2185759
s07_0train_r0_t17,7,0train,0,17,4,31950,False,Q13-E005,Q9_SHARED_SOURCE_SESSION_E,loso_s7,all,1|2|3|4|5|6|8|9,1test,20260924,20,4,2,0.29658148,0.360261,0.14835039,0.19480708
s07_0train_r0_t18,7,0train,0,18,4,34016,False,Q13-E005,Q9_SHARED_SOURCE_SESSION_E,loso_s7,all,1|2|3|4|5|6|8|9,1test,20260924,20,4,2,0.14040546,0.49269527,0.15243784,0.21446137
s07_0train_r0_t19,7,0train,0,19,4,36052,False,Q13-E005,Q9_SHARED_SOURCE_SESSION_E,loso_s7,all,1|2|3|4|5|6|8|9,1test,20260924,20,4,4,0.24598409,0.26629075,0.18351276,0.3042124
s07_0train_r0_t20,7,0train,0,20,1,38118,False,Q13-E005,Q9_SHARED_SOURCE_SESSION_E,loso_s7,all,1|2|3|4|5|6|8|9,1test,20260924,20,1,2,0.2280957,0.45611495,0.18034561,0.13544378
s07_0train_r0_t21,7,0train,0,21,3,40188,False,Q13-E005,Q9_SHARED_SOURCE_SESSION_E,loso_s7,all,1|2|3|4|5|6|8|9,1test,20260924,20,3,2,0.22161616,0.30686226,0.24612391,0.22539765
s07_0train_r0_t22,7,0train,0,22,2,42268,False,Q13-E005,Q9_SHARED_SOURCE_SESSION_E,loso_s7,all,1|2|3|4|5|6|8|9,1test,20260924,20,2,2,0.28316152,0.36657912,0.21774735,0.13251196
s07_0train_r0_t23,7,0train,0,23,1,44180,False,Q13-E005,Q9_SHARED_SOURCE_SESSION_E,loso_s7,all,1|2|3|4|5|6|8|9,1test,20260924,20,1,2,0.26138878,0.45403367,0.15112431,0.13345322
s07_0train_r0_t24,7,0train,0,24,1,46211,False,Q13-E005,Q9_SHARED_SOURCE_SESSION_E,loso_s7,all,1|2|3|4|5|6|8|9,1test,20260924,20,1,1,0.35212567,0.3133797,0.16481805,0.16967657
s07_0train_r0_t25,7,0train,0,25,3,48164,False,Q13-E005,Q9_SHARED_SOURCE_SESSION_E,loso_s7,all,1|2|3|4|5|6|8|9,1test,20260924,20,3,3,0.22890967,0.25996765,0.27258545,0.23853719
s07_0train_r0_t26,7,0train,0,26,4,50125,False,Q13-E005,Q9_SHARED_SOURCE_SESSION_E,loso_s7,all,1|2|3|4|5|6|8|9,1test,20260924,20,4,2,0.3391731,0.50400543,0.06486127,0.09196016
s07_0train_r0_t27,7,0train,0,27,1,52229,False,Q13-E005,Q9_SHARED_SOURCE_SESSION_E,loso_s7,all,1|2|3|4|5|6|8|9,1test,20260924,20,1,2,0.25555283,0.39131036,0.21164484,0.14149188
s07_0train_r0_t28,7,0train,0,28,3,54233,False,Q13-E005,Q9_SHARED_SOURCE_SESSION_E,loso_s7,all,1|2|3|4|5|6|8|9,1test,20260924,20,3,2,0.17423074,0.36259997,0.27039132,0.19277792
s07_0train_r0_t29,7,0train,0,29,3,56208,False,Q13-E005,Q9_SHARED_SOURCE_SESSION_E,loso_s7,all,1|2|3|4|5|6|8|9,1test,20260924,20,3,2,0.1533311,0.48439303,0.13196118,0.2303147
s07_0train_r0_t30,7,0train,0,30,3,58234,True,Q13-E005,Q9_SHARED_SOURCE_SESSION_E,loso_s7,all,1|2|3|4|5|6|8|9,1test,20260924,20,3,2,0.25343224,0.2988819,0.23092107,0.2167648
s07_0train_r0_t31,7,0train,0,31,1,60305,False,Q13-E005,Q9_SHARED_SOURCE_SESSION_E,loso_s7,all,1|2|3|4|5|6|8|9,1test,20260924,20,1,2,0.33722505,0.37402156,0.14622399,0.14252932
s07_0train_r0_t32,7,0train,0,32,2,62412,False,Q13-E005,Q9_SHARED_SOURCE_SESSION_E,loso_s7,all,1|2|3|4|5|6|8|9,1test,20260924,20,2,4,0.24657375,0.14327493,0.28347152,0.32667974
s07_0train_r0_t33,7,0train,0,33,1,64504,False,Q13-E005,Q9_SHARED_SOURCE_SESSION_E,loso_s7,all,1|2|3|4|5|6|8|9,1test,20260924,20,1,1,0.6498928,0.14423993,0.1107526,0.09511466
s07_0train_r0_t34,7,0train,0,34,2,66595,False,Q13-E005,Q9_SHARED_SOURCE_SESSION_E,loso_s7,all,1|2|3|4|5|6|8|9,1test,20260924,20,2,2,0.20798281,0.51335824,0.14163944,0.13701956
s07_0train_r0_t35,7,0train,0,35,2,68638,False,Q13-E005,Q9_SHARED_SOURCE_SESSION_E,loso_s7,all,1|2|3|4|5|6|8|9,1test,20260924,20,2,2,0.30264843,0.440477,0.13193887,0.12493569
s07_0train_r0_t36,7,0train,0,36,1,70702,False,Q13-E005,Q9_SHARED_SOURCE_SESSION_E,loso_s7,all,1|2|3|4|5|6|8|9,1test,20260924,20,1,2,0.189929,0.58962536,0.089421615,0.13102397
s07_0train_r0_t37,7,0train,0,37,2,72722,True,Q13-E005,Q9_SHARED_SOURCE_SESSION_E,loso_s7,all,1|2|3|4|5|6|8|9,1test,20260924,20,2,2,0.14920221,0.55704993,0.13858984,0.15515804
s07_0train_r0_t38,7,0train,0,38,3,74694,False,Q13-E005,Q9_SHARED_SOURCE_SESSION_E,loso_s7,all,1|2|3|4|5|6|8|9,1test,20260924,20,3,2,0.17133415,0.4236055,0.21650828,0.1885521
s07_0train_r0_t39,7,0train,0,39,2,76657,False,Q13-E005,Q9_SHARED_SOURCE_SESSION_E,loso_s7,all,1|2|3|4|5|6|8|9,1test,20260924,20,2,2,0.10013677,0.5549708,0.1608412,0.18405119
s07_0train_r0_t40,7,0train,0,40,3,78582,False,Q13-E005,Q9_SHARED_SOURCE_SESSION_E,loso_s7,all,1|2|3|4|5|6|8|9,1test,20260924,20,3,1,0.31189948,0.17457354,0.27219215,0.24133487
s07_0train_r0_t41,7,0train,0,41,3,80663,False,Q13-E005,Q9_SHARED_SOURCE_SESSION_E,loso_s7,all,1|2|3|4|5|6|8|9,1test,20260924,20,3,2,0.21572176,0.41651958,0.18161243,0.18614621
s07_0train_r0_t42,7,0train,0,42,4,82641,False,Q13-E005,Q9_SHARED_SOURCE_SESSION_E,loso_s7,all,1|2|3|4|5|6|8|9,1test,20260924,20,4,3,0.22843951,0.17419155,0.37785956,0.21950942
s07_0train_r0_t43,7,0train,0,43,3,84631,False,Q13-E005,Q9_SHARED_SOURCE_SESSION_E,loso_s7,all,1|2|3|4|5|6|8|9,1test,20260924,20,3,3,0.09698266,0.2946541,0.3740632,0.23430003
s07_0train_r0_t44,7,0train,0,44,3,86750,True,Q13-E005,Q9_SHARED_SOURCE_SESSION_E,loso_s7,all,1|2|3|4|5|6|8|9,1test,20260924,20,3,1,0.31536445,0.23284806,0.18254986,0.26923764
s07_0train_r0_t45,7,0train,0,45,4,88656,False,Q13-E005,Q9_SHARED_SOURCE_SESSION_E,loso_s7,all,1|2|3|4|5|6|8|9,1test,20260924,20,4,2,0.2216149,0.28877842,0.25712967,0.23247704
s07_0train_r0_t46,7,0train,0,46,4,90584,False,Q13-E005,Q9_SHARED_SOURCE_SESSION_E,loso_s7,all,1|2|3|4|5|6|8|9,1test,20260924,20,4,4,0.21409589,0.1821897,0.20671017,0.3970042
s07_0train_r0_t47,7,0train,0,47,4,92698,False,Q13-E005,Q9_SHARED_SOURCE_SESSION_E,loso_s7,all,1|2|3|4|5|6|8|9,1test,20260924,20,4,1,0.34368023,0.2452816,0.14883292,0.2622053
s07_0train_r0_t48,7,0train,0,48,4,94757,False,Q13-E005,Q9_SHARED_SOURCE_SESSION_E,loso_s7,all,1|2|3|4|5|6|8|9,1test,20260924,20,4,2,0.20700456,0.3429296,0.20910744,0.24095836
s07_0train_r1_t01,7,0train,1,1,4,250,False,Q13-E005,Q9_SHARED_SOURCE_SESSION_E,loso_s7,all,1|2|3|4|5|6|8|9,1test,20260924,20,4,2,0.1723051,0.37400144,0.19929342,0.25440004
s07_0train_r1_t02,7,0train,1,2,3,2253,False,Q13-E005,Q9_SHARED_SOURCE_SESSION_E,loso_s7,all,1|2|3|4|5|6|8|9,1test,20260924,20,3,2,0.25114653,0.36065793,0.20233822,0.18585737
s07_0train_r1_t03,7,0train,1,3,2,4171,False,Q13-E005,Q9_SHARED_SOURCE_SESSION_E,loso_s7,all,1|2|3|4|5|6|8|9,1test,20260924,20,2,2,0.3155123,0.4147985,0.153986,0.11570321
s07_0train_r1_t04,7,0train,1,4,1,6123,False,Q13-E005,Q9_SHARED_SOURCE_SESSION_E,loso_s7,all,1|2|3|4|5|6|8|9,1test,20260924,20,1,2,0.13839819,0.4986789,0.19763666,0.16528623
s07_0train_r1_t05,7,0train,1,5,1,8131,False,Q13-E005,Q9_SHARED_SOURCE_SESSION_E,loso_s7,all,1|2|3|4|5|6|8|9,1test,20260924,20,1,2,0.19891424,0.3284174,0.28747174,0.18519662
s07_0train_r1_t06,7,0train,1,6,2,10242,False,Q13-E005,Q9_SHARED_SOURCE_SESSION_E,loso_s7,all,1|2|3|4|5|6|8|9,1test,20260924,20,2,1,0.29130062,0.21742563,0.22590819,0.2653656
s07_0train_r1_t07,7,0train,1,7,3,12159,True,Q13-E005,Q9_SHARED_SOURCE_SESSION_E,loso_s7,all,1|2|3|4|5|6|8|9,1test,20260924,20,3,2,0.26138273,0.38465017,0.17292832,0.18103884
s07_0train_r1_t08,7,0train,1,8,4,14209,False,Q13-E005,Q9_SHARED_SOURCE_SESSION_E,loso_s7,all,1|2|3|4|5|6|8|9,1test,20260924,20,4,1,0.63068706,0.25134787,0.04796658,0.06999859
s07_0train_r1_t09,7,0train,1,9,2,16140,False,Q13-E005,Q9_SHARED_SOURCE_SESSION_E,loso_s7,all,1|2|3|4|5|6|8|9,1test,20260924,20,2,2,0.24114516,0.28608638,0.25203112,0.2207373
s07_0train_r1_t10,7,0train,1,10,3,18138,False,Q13-E005,Q9_SHARED_SOURCE_SESSION_E,loso_s7,all,1|2|3|4|5|6|8|9,1test,20260924,20,3,2,0.2109288,0.35234338,0.23588999,0.20083784
s07_0train_r1_t11,7,0train,1,11,1,20044,False,Q13-E005,Q9_SHARED_SOURCE_SESSION_E,loso_s7,all,1|2|3|4|5|6|8|9,1test,20260924,20,1,2,0.2773684,0.2940409,0.20827286,0.22031781
s07_0train_r1_t12,7,0train,1,12,1,21939,False,Q13-E005,Q9_SHARED_SOURCE_SESSION_E,loso_s7,all,1|2|3|4|5|6|8|9,1test,20260924,20,1,2,0.20387188,0.45704558,0.20237765,0.1367049
s07_0train_r1_t13,7,0train,1,13,1,23911,False,Q13-E005,Q9_SHARED_SOURCE_SESSION_E,loso_s7,all,1|2|3|4|5|6|8|9,1test,20260924,20,1,2,0.23766653,0.38336286,0.21377422,0.16519645
s07_0train_r1_t14,7,0train,1,14,4,25855,False,Q13-E005,Q9_SHARED_SOURCE_SESSION_E,loso_s7,all,1|2|3|4|5|6|8|9,1test,20260924,20,4,2,0.1932108,0.29278496,0.24022493,0.27377927
s07_0train_r1_t15,7,0train,1,15,2,27822,False,Q13-E005,Q9_SHARED_SOURCE_SESSION_E,loso_s7,all,1|2|3|4|5|6|8|9,1test,20260924,20,2,2,0.19465354,0.45682737,0.17541857,0.17310049
s07_0train_r1_t16,7,0train,1,16,2,29942,False,Q13-E005,Q9_SHARED_SOURCE_SESSION_E,loso_s7,all,1|2|3|4|5|6|8|9,1test,20260924,20,2,2,0.22143705,0.38783252,0.21989636,0.17083403
s07_0train_r1_t17,7,0train,1,17,1,31950,False,Q13-E005,Q9_SHARED_SOURCE_SESSION_E,loso_s7,all,1|2|3|4|5|6|8|9,1test,20260924,20,1,2,0.2530757,0.3752286,0.24076816,0.13092756
s07_0train_r1_t18,7,0train,1,18,1,34016,True,Q13-E005,Q9_SHARED_SOURCE_SESSION_E,loso_s7,all,1|2|3|4|5|6|8|9,1test,20260924,20,1,1,0.30264616,0.2694663,0.19989188,0.22799562
s07_0train_r1_t19,7,0train,1,19,3,36052,False,Q13-E005,Q9_SHARED_SOURCE_SESSION_E,loso_s7,all,1|2|3|4|5|6|8|9,1test,20260924,20,3,3,0.29030046,0.18475264,0.33056694,0.19437997
s07_0train_r1_t20,7,0train,1,20,1,38118,False,Q13-E005,Q9_SHARED_SOURCE_SESSION_E,loso_s7,all,1|2|3|4|5|6|8|9,1test,20260924,20,1,2,0.21433416,0.47092554,0.15792514,0.15681514
s07_0train_r1_t21,7,0train,1,21,2,40188,False,Q13-E005,Q9_SHARED_SOURCE_SESSION_E,loso_s7,all,1|2|3|4|5|6|8|9,1test,20260924,20,2,3,0.2337814,0.21735212,0.31098118,0.23788533
s07_0train_r1_t22,7,0train,1,22,4,42268,False,Q13-E005,Q9_SHARED_SOURCE_SESSION_E,loso_s7,all,1|2|3|4|5|6|8|9,1test,20260924,20,4,4,0.33208045,0.06900615,0.20043914,0.3984743
s07_0train_r1_t23,7,0train,1,23,4,44180,False,Q13-E005,Q9_SHARED_SOURCE_SESSION_E,loso_s7,all,1|2|3|4|5|6|8|9,1test,20260924,20,4,2,0.27319986,0.48337302,0.09651376,0.14691333
s07_0train_r1_t24,7,0train,1,24,3,46211,False,Q13-E005,Q9_SHARED_SOURCE_SESSION_E,loso_s7,all,1|2|3|4|5|6|8|9,1test,20260924,20,3,1,0.41409928,0.21689396,0.19627638,0.17273033
s07_0train_r1_t25,7,0train,1,25,1,48164,False,Q13-E005,Q9_SHARED_SOURCE_SESSION_E,loso_s7,all,1|2|3|4|5|6|8|9,1test,20260924,20,1,2,0.27752173,0.34353808,0.21797983,0.16096039
s07_0train_r1_t26,7,0train,1,26,4,50125,False,Q13-E005,Q9_SHARED_SOURCE_SESSION_E,loso_s7,all,1|2|3|4|5|6|8|9,1test,20260924,20,4,4,0.0768793,0.23600782,0.28559935,0.40151358
s07_0train_r1_t27,7,0train,1,27,4,52229,False,Q13-E005,Q9_SHARED_SOURCE_SESSION_E,loso_s7,all,1|2|3|4|5|6|8|9,1test,20260924,20,4,4,0.30256483,0.1616284,0.19764204,0.33816478
s07_0train_r1_t28,7,0train,1,28,2,54233,False,Q13-E005,Q9_SHARED_SOURCE_SESSION_E,loso_s7,all,1|2|3|4|5|6|8|9,1test,20260924,20,2,2,0.2601339,0.40593076,0.1732467,0.16068865
s07_0train_r1_t29,7,0train,1,29,4,56208,False,Q13-E005,Q9_SHARED_SOURCE_SESSION_E,loso_s7,all,1|2|3|4|5|6|8|9,1test,20260924,20,4,4,0.41731733,0.02861518,0.10588115,0.4481863
s07_0train_r1_t30,7,0train,1,30,4,58234,False,Q13-E005,Q9_SHARED_SOURCE_SESSION_E,loso_s7,all,1|2|3|4|5|6|8|9,1test,20260924,20,4,4,0.28250557,0.13209182,0.08296367,0.5024389
s07_0train_r1_t31,7,0train,1,31,2,60305,False,Q13-E005,Q9_SHARED_SOURCE_SESSION_E,loso_s7,all,1|2|3|4|5|6|8|9,1test,20260924,20,2,2,0.31187537,0.3155775,0.2008527,0.17169435
s07_0train_r1_t32,7,0train,1,32,1,62412,False,Q13-E005,Q9_SHARED_SOURCE_SESSION_E,loso_s7,all,1|2|3|4|5|6|8|9,1test,20260924,20,1,2,0.22147022,0.42478114,0.20032468,0.15342394
s07_0train_r1_t33,7,0train,1,33,2,64504,True,Q13-E005,Q9_SHARED_SOURCE_SESSION_E,loso_s7,all,1|2|3|4|5|6|8|9,1test,20260924,20,2,2,0.23807387,0.44161585,0.20638879,0.113921486
s07_0train_r1_t34,7,0train,1,34,3,66595,False,Q13-E005,Q9_SHARED_SOURCE_SESSION_E,loso_s7,all,1|2|3|4|5|6|8|9,1test,20260924,20,3,2,0.28938907,0.3508475,0.24391901,0.11584434
s07_0train_r1_t35,7,0train,1,35,3,68638,False,Q13-E005,Q9_SHARED_SOURCE_SESSION_E,loso_s7,all,1|2|3|4|5|6|8|9,1test,20260924,20,3,1,0.46066326,0.1460994,0.18960758,0.20362978
s07_0train_r1_t36,7,0train,1,36,3,70702,True,Q13-E005,Q9_SHARED_SOURCE_SESSION_E,loso_s7,all,1|2|3|4|5|6|8|9,1test,20260924,20,3,2,0.24038243,0.3679652,0.18994805,0.20170432
s07_0train_r1_t37,7,0train,1,37,4,72722,False,Q13-E005,Q9_SHARED_SOURCE_SESSION_E,loso_s7,all,1|2|3|4|5|6|8|9,1test,20260924,20,4,1,0.33780447,0.28693095,0.19841377,0.17685084
s07_0train_r1_t38,7,0train,1,38,3,74694,False,Q13-E005,Q9_SHARED_SOURCE_SESSION_E,loso_s7,all,1|2|3|4|5|6|8|9,1test,20260924,20,3,2,0.17565893,0.43307978,0.16149928,0.229762
s07_0train_r1_t39,7,0train,1,39,1,76657,False,Q13-E005,Q9_SHARED_SOURCE_SESSION_E,loso_s7,all,1|2|3|4|5|6|8|9,1test,20260924,20,1,2,0.23221269,0.41886008,0.19300891,0.15591832
s07_0train_r1_t40,7,0train,1,40,4,78582,False,Q13-E005,Q9_SHARED_SOURCE_SESSION_E,loso_s7,all,1|2|3|4|5|6|8|9,1test,20260924,20,4,3,0.120562606,0.13519649,0.38944957,0.35479137
s07_0train_r1_t41,7,0train,1,41,2,80663,False,Q13-E005,Q9_SHARED_SOURCE_SESSION_E,loso_s7,all,1|2|3|4|5|6|8|9,1test,20260924,20,2,1,0.324858,0.29834887,0.20076635,0.17602682
s07_0train_r1_t42,7,0train,1,42,3,82641,False,Q13-E005,Q9_SHARED_SOURCE_SESSION_E,loso_s7,all,1|2|3|4|5|6|8|9,1test,20260924,20,3,1,0.30110922,0.19021058,0.24956664,0.25911355
s07_0train_r1_t43,7,0train,1,43,2,84631,False,Q13-E005,Q9_SHARED_SOURCE_SESSION_E,loso_s7,all,1|2|3|4|5|6|8|9,1test,20260924,20,2,2,0.19809484,0.50686836,0.17254238,0.12249441
s07_0train_r1_t44,7,0train,1,44,3,86750,False,Q13-E005,Q9_SHARED_SOURCE_SESSION_E,loso_s7,all,1|2|3|4|5|6|8|9,1test,20260924,20,3,2,0.18038458,0.5114463,0.21376759,0.09440157
s07_0train_r1_t45,7,0train,1,45,4,88656,False,Q13-E005,Q9_SHARED_SOURCE_SESSION_E,loso_s7,all,1|2|3|4|5|6|8|9,1test,20260924,20,4,4,0.27401048,0.11349544,0.21521446,0.39727953
s07_0train_r1_t46,7,0train,1,46,2,90584,False,Q13-E005,Q9_SHARED_SOURCE_SESSION_E,loso_s7,all,1|2|3|4|5|6|8|9,1test,20260924,20,2,2,0.24903756,0.48454344,0.13471226,0.13170673
s07_0train_r1_t47,7,0train,1,47,3,92698,False,Q13-E005,Q9_SHARED_SOURCE_SESSION_E,loso_s7,all,1|2|3|4|5|6|8|9,1test,20260924,20,3,2,0.18582262,0.35481557,0.24129368,0.21806811
s07_0train_r1_t48,7,0train,1,48,1,94757,False,Q13-E005,Q9_SHARED_SOURCE_SESSION_E,loso_s7,all,1|2|3|4|5|6|8|9,1test,20260924,20,1,2,0.18738739,0.404494,0.22314154,0.18497711
s07_0train_r2_t01,7,0train,2,1,1,250,False,Q13-E005,Q9_SHARED_SOURCE_SESSION_E,loso_s7,all,1|2|3|4|5|6|8|9,1test,20260924,20,1,2,0.17949632,0.4215265,0.28078738,0.118189864
s07_0train_r2_t02,7,0train,2,2,1,2253,False,Q13-E005,Q9_SHARED_SOURCE_SESSION_E,loso_s7,all,1|2|3|4|5|6|8|9,1test,20260924,20,1,2,0.26475248,0.3236451,0.24392135,0.16768111
s07_0train_r2_t03,7,0train,2,3,4,4171,False,Q13-E005,Q9_SHARED_SOURCE_SESSION_E,loso_s7,all,1|2|3|4|5|6|8|9,1test,20260924,20,4,2,0.17214873,0.3938847,0.20532599,0.22864063
s07_0train_r2_t04,7,0train,2,4,2,6123,False,Q13-E005,Q9_SHARED_SOURCE_SESSION_E,loso_s7,all,1|2|3|4|5|6|8|9,1test,20260924,20,2,2,0.16831683,0.43575418,0.20008868,0.19584024
s07_0train_r2_t05,7,0train,2,5,1,8131,False,Q13-E005,Q9_SHARED_SOURCE_SESSION_E,loso_s7,all,1|2|3|4|5|6|8|9,1test,20260924,20,1,2,0.16450024,0.51853925,0.19027017,0.12669034
s07_0train_r2_t06,7,0train,2,6,3,10242,False,Q13-E005,Q9_SHARED_SOURCE_SESSION_E,loso_s7,all,1|2|3|4|5|6|8|9,1test,20260924,20,3,3,0.096399404,0.30746505,0.3343801,0.2617555
s07_0train_r2_t07,7,0train,2,7,1,12159,False,Q13-E005,Q9_SHARED_SOURCE_SESSION_E,loso_s7,all,1|2|3|4|5|6|8|9,1test,20260924,20,1,2,0.13658252,0.5253674,0.17084499,0.1672051
s07_0train_r2_t08,7,0train,2,8,3,14209,False,Q13-E005,Q9_SHARED_SOURCE_SESSION_E,loso_s7,all,1|2|3|4|5|6|8|9,1test,20260924,20,3,2,0.2234369,0.48569402,0.14586395,0.14500503
s07_0train_r2_t09,7,0train,2,9,2,16140,False,Q13-E005,Q9_SHARED_SOURCE_SESSION_E,loso_s7,all,1|2|3|4|5|6|8|9,1test,20260924,20,2,1,0.39841822,0.22389875,0.17996544,0.1977175
s07_0train_r2_t10,7,0train,2,10,4,18138,False,Q13-E005,Q9_SHARED_SOURCE_SESSION_E,loso_s7,all,1|2|3|4|5|6|8|9,1test,20260924,20,4,1,0.4737947,0.16242288,0.18138632,0.1823961
s07_0train_r2_t11,7,0train,2,11,1,20044,True,Q13-E005,Q9_SHARED_SOURCE_SESSION_E,loso_s7,all,1|2|3|4|5|6|8|9,1test,20260924,20,1,2,0.24122621,0.3164203,0.29013485,0.15221868
s07_0train_r2_t12,7,0train,2,12,3,21939,False,Q13-E005,Q9_SHARED_SOURCE_SESSION_E,loso_s7,all,1|2|3|4|5|6|8|9,1test,20260924,20,3,2,0.13656525,0.46400803,0.22805807,0.17136866
s07_0train_r2_t13,7,0train,2,13,3,23911,False,Q13-E005,Q9_SHARED_SOURCE_SESSION_E,loso_s7,all,1|2|3|4|5|6|8|9,1test,20260924,20,3,4,0.25118622,0.20935065,0.1962039,0.34325922
s07_0train_r2_t14,7,0train,2,14,1,25855,True,Q13-E005,Q9_SHARED_SOURCE_SESSION_E,loso_s7,all,1|2|3|4|5|6|8|9,1test,20260924,20,1,2,0.35441986,0.38031772,0.13956326,0.12569912
s07_0train_r2_t15,7,0train,2,15,3,27822,True,Q13-E005,Q9_SHARED_SOURCE_SESSION_E,loso_s7,all,1|2|3|4|5|6|8|9,1test,20260924,20,3,1,0.34565175,0.27124336,0.24119437,0.14191051
s07_0train_r2_t16,7,0train,2,16,2,29942,False,Q13-E005,Q9_SHARED_SOURCE_SESSION_E,loso_s7,all,1|2|3|4|5|6|8|9,1test,20260924,20,2,1,0.3428233,0.2024351,0.24195279,0.21278884
s07_0train_r2_t17,7,0train,2,17,4,31950,False,Q13-E005,Q9_SHARED_SOURCE_SESSION_E,loso_s7,all,1|2|3|4|5|6|8|9,1test,20260924,20,4,4,0.20767377,0.26720873,0.2537825,0.27133498
s07_0train_r2_t18,7,0train,2,18,4,34016,False,Q13-E005,Q9_SHARED_SOURCE_SESSION_E,loso_s7,all,1|2|3|4|5|6|8|9,1test,20260924,20,4,2,0.07950606,0.6071431,0.13510333,0.17824751
s07_0train_r2_t19,7,0train,2,19,4,36052,False,Q13-E005,Q9_SHARED_SOURCE_SESSION_E,loso_s7,all,1|2|3|4|5|6|8|9,1test,20260924,20,4,4,0.16959772,0.19755377,0.28095216,0.35189635
s07_0train_r2_t20,7,0train,2,20,3,38118,False,Q13-E005,Q9_SHARED_SOURCE_SESSION_E,loso_s7,all,1|2|3|4|5|6|8|9,1test,20260924,20,3,2,0.20722409,0.45435464,0.21449539,0.12392593
s07_0train_r2_t21,7,0train,2,21,1,40188,False,Q13-E005,Q9_SHARED_SOURCE_SESSION_E,loso_s7,all,1|2|3|4|5|6|8|9,1test,20260924,20,1,3,0.22325821,0.26064414,0.2844726,0.23162505
s07_0train_r2_t22,7,0train,2,22,4,42268,False,Q13-E005,Q9_SHARED_SOURCE_SESSION_E,loso_s7,all,1|2|3|4|5|6|8|9,1test,20260924,20,4,2,0.16584483,0.45852518,0.16248319,0.21314679
s07_0train_r2_t23,7,0train,2,23,2,44180,False,Q13-E005,Q9_SHARED_SOURCE_SESSION_E,loso_s7,all,1|2|3|4|5|6|8|9,1test,20260924,20,2,2,0.17259008,0.4125153,0.16555572,0.24933888
s07_0train_r2_t24,7,0train,2,24,4,46211,False,Q13-E005,Q9_SHARED_SOURCE_SESSION_E,loso_s7,all,1|2|3|4|5|6|8|9,1test,20260924,20,4,1,0.49572077,0.056330323,0.19577056,0.2521783
s07_0train_r2_t25,7,0train,2,25,2,48164,False,Q13-E005,Q9_SHARED_SOURCE_SESSION_E,loso_s7,all,1|2|3|4|5|6|8|9,1test,20260924,20,2,2,0.1671353,0.3886656,0.25278062,0.19141851
s07_0train_r2_t26,7,0train,2,26,1,50125,False,Q13-E005,Q9_SHARED_SOURCE_SESSION_E,loso_s7,all,1|2|3|4|5|6|8|9,1test,20260924,20,1,2,0.27091193,0.40690348,0.22372873,0.098455794
s07_0train_r2_t27,7,0train,2,27,3,52229,False,Q13-E005,Q9_SHARED_SOURCE_SESSION_E,loso_s7,all,1|2|3|4|5|6|8|9,1test,20260924,20,3,2,0.25759602,0.27972713,0.2646322,0.1980447
s07_0train_r2_t28,7,0train,2,28,2,54233,False,Q13-E005,Q9_SHARED_SOURCE_SESSION_E,loso_s7,all,1|2|3|4|5|6|8|9,1test,20260924,20,2,1,0.32755747,0.17701568,0.21996628,0.2754606
s07_0train_r2_t29,7,0train,2,29,1,56208,False,Q13-E005,Q9_SHARED_SOURCE_SESSION_E,loso_s7,all,1|2|3|4|5|6|8|9,1test,20260924,20,1,1,0.56842655,0.21873441,0.11099519,0.10184382
s07_0train_r2_t30,7,0train,2,30,3,58234,False,Q13-E005,Q9_SHARED_SOURCE_SESSION_E,loso_s7,all,1|2|3|4|5|6|8|9,1test,20260924,20,3,2,0.18905458,0.52260596,0.15572022,0.1326193
s07_0train_r2_t31,7,0train,2,31,3,60305,False,Q13-E005,Q9_SHARED_SOURCE_SESSION_E,loso_s7,all,1|2|3|4|5|6|8|9,1test,20260924,20,3,2,0.20481601,0.5561563,0.12306814,0.11595959
s07_0train_r2_t32,7,0train,2,32,1,62412,False,Q13-E005,Q9_SHARED_SOURCE_SESSION_E,loso_s7,all,1|2|3|4|5|6|8|9,1test,20260924,20,1,2,0.2881756,0.30988324,0.22093843,0.18100272
s07_0train_r2_t33,7,0train,2,33,3,64504,False,Q13-E005,Q9_SHARED_SOURCE_SESSION_E,loso_s7,all,1|2|3|4|5|6|8|9,1test,20260924,20,3,2,0.11062046,0.39512938,0.2957176,0.19853257
s07_0train_r2_t34,7,0train,2,34,4,66595,False,Q13-E005,Q9_SHARED_SOURCE_SESSION_E,loso_s7,all,1|2|3|4|5|6|8|9,1test,20260924,20,4,1,0.49315917,0.06413669,0.23050107,0.21220307
s07_0train_r2_t35,7,0train,2,35,4,68638,False,Q13-E005,Q9_SHARED_SOURCE_SESSION_E,loso_s7,all,1|2|3|4|5|6|8|9,1test,20260924,20,4,4,0.35358337,0.051785216,0.15909995,0.43553144
s07_0train_r2_t36,7,0train,2,36,2,70702,False,Q13-E005,Q9_SHARED_SOURCE_SESSION_E,loso_s7,all,1|2|3|4|5|6|8|9,1test,20260924,20,2,2,0.2065746,0.3426542,0.16606268,0.2847085
s07_0train_r2_t37,7,0train,2,37,1,72722,False,Q13-E005,Q9_SHARED_SOURCE_SESSION_E,loso_s7,all,1|2|3|4|5|6|8|9,1test,20260924,20,1,2,0.3334171,0.35065064,0.1683006,0.14763168
s07_0train_r2_t38,7,0train,2,38,2,74694,True,Q13-E005,Q9_SHARED_SOURCE_SESSION_E,loso_s7,all,1|2|3|4|5|6|8|9,1test,20260924,20,2,2,0.14862633,0.6228656,0.10074401,0.12776399
s07_0train_r2_t39,7,0train,2,39,4,76657,False,Q13-E005,Q9_SHARED_SOURCE_SESSION_E,loso_s7,all,1|2|3|4|5|6|8|9,1test,20260924,20,4,4,0.22755693,0.11081441,0.15262344,0.5090052
s07_0train_r2_t40,7,0train,2,40,2,78582,False,Q13-E005,Q9_SHARED_SOURCE_SESSION_E,loso_s7,all,1|2|3|4|5|6|8|9,1test,20260924,20,2,2,0.2258363,0.3143253,0.25807473,0.20176362
s07_0train_r2_t41,7,0train,2,41,4,80663,False,Q13-E005,Q9_SHARED_SOURCE_SESSION_E,loso_s7,all,1|2|3|4|5|6|8|9,1test,20260924,20,4,1,0.5375147,0.18394886,0.0830137,0.19552271
s07_0train_r2_t42,7,0train,2,42,3,82641,False,Q13-E005,Q9_SHARED_SOURCE_SESSION_E,loso_s7,all,1|2|3|4|5|6|8|9,1test,20260924,20,3,2,0.20129295,0.35385492,0.30218792,0.14266421
s07_0train_r2_t43,7,0train,2,43,2,84631,False,Q13-E005,Q9_SHARED_SOURCE_SESSION_E,loso_s7,all,1|2|3|4|5|6|8|9,1test,20260924,20,2,2,0.26056346,0.4539313,0.12741889,0.15808627
s07_0train_r2_t44,7,0train,2,44,2,86750,False,Q13-E005,Q9_SHARED_SOURCE_SESSION_E,loso_s7,all,1|2|3|4|5|6|8|9,1test,20260924,20,2,4,0.10905467,0.2977332,0.2599243,0.33328778
s07_0train_r2_t45,7,0train,2,45,2,88656,False,Q13-E005,Q9_SHARED_SOURCE_SESSION_E,loso_s7,all,1|2|3|4|5|6|8|9,1test,20260924,20,2,1,0.4690291,0.10510162,0.15438136,0.27148798
s07_0train_r2_t46,7,0train,2,46,3,90584,False,Q13-E005,Q9_SHARED_SOURCE_SESSION_E,loso_s7,all,1|2|3|4|5|6|8|9,1test,20260924,20,3,2,0.21197692,0.3236042,0.31675497,0.14766394
s07_0train_r2_t47,7,0train,2,47,4,92698,False,Q13-E005,Q9_SHARED_SOURCE_SESSION_E,loso_s7,all,1|2|3|4|5|6|8|9,1test,20260924,20,4,4,0.27964294,0.101269,0.2231035,0.3959846
s07_0train_r2_t48,7,0train,2,48,1,94757,False,Q13-E005,Q9_SHARED_SOURCE_SESSION_E,loso_s7,all,1|2|3|4|5|6|8|9,1test,20260924,20,1,2,0.29528493,0.36368212,0.20102191,0.14001103
s07_0train_r3_t01,7,0train,3,1,2,250,False,Q13-E005,Q9_SHARED_SOURCE_SESSION_E,loso_s7,all,1|2|3|4|5|6|8|9,1test,20260924,20,2,2,0.2761164,0.50942385,0.1189042,0.09555556
s07_0train_r3_t02,7,0train,3,2,4,2253,True,Q13-E005,Q9_SHARED_SOURCE_SESSION_E,loso_s7,all,1|2|3|4|5|6|8|9,1test,20260924,20,4,2,0.19994894,0.35100445,0.17843153,0.2706151
s07_0train_r3_t03,7,0train,3,3,1,4171,False,Q13-E005,Q9_SHARED_SOURCE_SESSION_E,loso_s7,all,1|2|3|4|5|6|8|9,1test,20260924,20,1,2,0.24508369,0.4447786,0.19021808,0.119919576
s07_0train_r3_t04,7,0train,3,4,3,6123,False,Q13-E005,Q9_SHARED_SOURCE_SESSION_E,loso_s7,all,1|2|3|4|5|6|8|9,1test,20260924,20,3,1,0.4108574,0.4091424,0.06403316,0.11596698
s07_0train_r3_t05,7,0train,3,5,3,8131,False,Q13-E005,Q9_SHARED_SOURCE_SESSION_E,loso_s7,all,1|2|3|4|5|6|8|9,1test,20260924,20,3,2,0.24881637,0.3398655,0.22362544,0.18769266
s07_0train_r3_t06,7,0train,3,6,4,10242,False,Q13-E005,Q9_SHARED_SOURCE_SESSION_E,loso_s7,all,1|2|3|4|5|6|8|9,1test,20260924,20,4,2,0.25586444,0.41575092,0.17544492,0.15293975
s07_0train_r3_t07,7,0train,3,7,1,12159,False,Q13-E005,Q9_SHARED_SOURCE_SESSION_E,loso_s7,all,1|2|3|4|5|6|8|9,1test,20260924,20,1,2,0.28692427,0.45011172,0.13649933,0.12646466
s07_0train_r3_t08,7,0train,3,8,1,14209,False,Q13-E005,Q9_SHARED_SOURCE_SESSION_E,loso_s7,all,1|2|3|4|5|6|8|9,1test,20260924,20,1,1,0.45086396,0.33821893,0.098962165,0.11195492
s07_0train_r3_t09,7,0train,3,9,3,16140,False,Q13-E005,Q9_SHARED_SOURCE_SESSION_E,loso_s7,all,1|2|3|4|5|6|8|9,1test,20260924,20,3,2,0.124470994,0.43613225,0.23786725,0.20152955
s07_0train_r3_t10,7,0train,3,10,2,18138,False,Q13-E005,Q9_SHARED_SOURCE_SESSION_E,loso_s7,all,1|2|3|4|5|6|8|9,1test,20260924,20,2,1,0.44496253,0.25559986,0.16676916,0.13266845
s07_0train_r3_t11,7,0train,3,11,4,20044,False,Q13-E005,Q9_SHARED_SOURCE_SESSION_E,loso_s7,all,1|2|3|4|5|6|8|9,1test,20260924,20,4,1,0.4847596,0.11517177,0.122773536,0.27729514
s07_0train_r3_t12,7,0train,3,12,4,21939,False,Q13-E005,Q9_SHARED_SOURCE_SESSION_E,loso_s7,all,1|2|3|4|5|6|8|9,1test,20260924,20,4,1,0.3135833,0.28371263,0.1843448,0.21835929
s07_0train_r3_t13,7,0train,3,13,4,23911,False,Q13-E005,Q9_SHARED_SOURCE_SESSION_E,loso_s7,all,1|2|3|4|5|6|8|9,1test,20260924,20,4,2,0.26913923,0.39094695,0.17309684,0.1668169
s07_0train_r3_t14,7,0train,3,14,2,25855,False,Q13-E005,Q9_SHARED_SOURCE_SESSION_E,loso_s7,all,1|2|3|4|5|6|8|9,1test,20260924,20,2,1,0.5473173,0.23699261,0.09822881,0.11746124
s07_0train_r3_t15,7,0train,3,15,1,27822,False,Q13-E005,Q9_SHARED_SOURCE_SESSION_E,loso_s7,all,1|2|3|4|5|6|8|9,1test,20260924,20,1,2,0.26042035,0.4463339,0.1439619,0.14928387
s07_0train_r3_t16,7,0train,3,16,3,29942,False,Q13-E005,Q9_SHARED_SOURCE_SESSION_E,loso_s7,all,1|2|3|4|5|6|8|9,1test,20260924,20,3,2,0.12093415,0.5081427,0.21274237,0.15818074
s07_0train_r3_t17,7,0train,3,17,2,31950,True,Q13-E005,Q9_SHARED_SOURCE_SESSION_E,loso_s7,all,1|2|3|4|5|6|8|9,1test,20260924,20,2,2,0.24596308,0.3908176,0.2006071,0.1626122
s07_0train_r3_t18,7,0train,3,18,4,34016,False,Q13-E005,Q9_SHARED_SOURCE_SESSION_E,loso_s7,all,1|2|3|4|5|6|8|9,1test,20260924,20,4,4,0.2540981,0.1809532,0.24274054,0.32220814
s07_0train_r3_t19,7,0train,3,19,1,36052,False,Q13-E005,Q9_SHARED_SOURCE_SESSION_E,loso_s7,all,1|2|3|4|5|6|8|9,1test,20260924,20,1,1,0.4282948,0.39494985,0.10063294,0.07612243
s07_0train_r3_t20,7,0train,3,20,4,38118,False,Q13-E005,Q9_SHARED_SOURCE_SESSION_E,loso_s7,all,1|2|3|4|5|6|8|9,1test,20260924,20,4,4,0.24881853,0.08077985,0.10549641,0.5649052
s07_0train_r3_t21,7,0train,3,21,3,40188,False,Q13-E005,Q9_SHARED_SOURCE_SESSION_E,loso_s7,all,1|2|3|4|5|6|8|9,1test,20260924,20,3,2,0.3467532,0.3481543,0.16820136,0.13689116
s07_0train_r3_t22,7,0train,3,22,2,42268,False,Q13-E005,Q9_SHARED_SOURCE_SESSION_E,loso_s7,all,1|2|3|4|5|6|8|9,1test,20260924,20,2,2,0.27881396,0.455002,0.12895983,0.13722412
s07_0train_r3_t23,7,0train,3,23,4,44180,False,Q13-E005,Q9_SHARED_SOURCE_SESSION_E,loso_s7,all,1|2|3|4|5|6|8|9,1test,20260924,20,4,1,0.42307672,0.21241201,0.13100791,0.23350337
s07_0train_r3_t24,7,0train,3,24,4,46211,False,Q13-E005,Q9_SHARED_SOURCE_SESSION_E,loso_s7,all,1|2|3|4|5|6|8|9,1test,20260924,20,4,2,0.28565365,0.4789701,0.10631482,0.12906137
s07_0train_r3_t25,7,0train,3,25,1,48164,False,Q13-E005,Q9_SHARED_SOURCE_SESSION_E,loso_s7,all,1|2|3|4|5|6|8|9,1test,20260924,20,1,2,0.35581312,0.36453873,0.11086788,0.16878034
s07_0train_r3_t26,7,0train,3,26,2,50125,True,Q13-E005,Q9_SHARED_SOURCE_SESSION_E,loso_s7,all,1|2|3|4|5|6|8|9,1test,20260924,20,2,2,0.24229713,0.47246295,0.14463282,0.1406072
s07_0train_r3_t27,7,0train,3,27,2,52229,False,Q13-E005,Q9_SHARED_SOURCE_SESSION_E,loso_s7,all,1|2|3|4|5|6|8|9,1test,20260924,20,2,2,0.21175794,0.46614072,0.16798092,0.15412039
s07_0train_r3_t28,7,0train,3,28,3,54233,False,Q13-E005,Q9_SHARED_SOURCE_SESSION_E,loso_s7,all,1|2|3|4|5|6|8|9,1test,20260924,20,3,2,0.27228853,0.41434607,0.18280484,0.13056053
s07_0train_r3_t29,7,0train,3,29,4,56208,False,Q13-E005,Q9_SHARED_SOURCE_SESSION_E,loso_s7,all,1|2|3|4|5|6|8|9,1test,20260924,20,4,2,0.11390065,0.44246438,0.19041614,0.25321874
s07_0train_r3_t30,7,0train,3,30,2,58234,False,Q13-E005,Q9_SHARED_SOURCE_SESSION_E,loso_s7,all,1|2|3|4|5|6|8|9,1test,20260924,20,2,2,0.17373346,0.5018168,0.18918882,0.13526088
s07_0train_r3_t31,7,0train,3,31,1,60305,False,Q13-E005,Q9_SHARED_SOURCE_SESSION_E,loso_s7,all,1|2|3|4|5|6|8|9,1test,20260924,20,1,2,0.21793269,0.53621745,0.12824431,0.11760557
s07_0train_r3_t32,7,0train,3,32,1,62412,False,Q13-E005,Q9_SHARED_SOURCE_SESSION_E,loso_s7,all,1|2|3|4|5|6|8|9,1test,20260924,20,1,4,0.21163034,0.24041718,0.1726847,0.37526783
s07_0train_r3_t33,7,0train,3,33,4,64504,False,Q13-E005,Q9_SHARED_SOURCE_SESSION_E,loso_s7,all,1|2|3|4|5|6|8|9,1test,20260924,20,4,4,0.096642785,0.18357575,0.320997,0.3987845
s07_0train_r3_t34,7,0train,3,34,2,66595,False,Q13-E005,Q9_SHARED_SOURCE_SESSION_E,loso_s7,all,1|2|3|4|5|6|8|9,1test,20260924,20,2,2,0.1884599,0.508208,0.17438404,0.12894808
s07_0train_r3_t35,7,0train,3,35,1,68638,False,Q13-E005,Q9_SHARED_SOURCE_SESSION_E,loso_s7,all,1|2|3|4|5|6|8|9,1test,20260924,20,1,2,0.2614395,0.37435874,0.15635096,0.20785083
s07_0train_r3_t36,7,0train,3,36,3,70702,False,Q13-E005,Q9_SHARED_SOURCE_SESSION_E,loso_s7,all,1|2|3|4|5|6|8|9,1test,20260924,20,3,2,0.12358996,0.574124,0.14479771,0.15748835
s07_0train_r3_t37,7,0train,3,37,2,72722,False,Q13-E005,Q9_SHARED_SOURCE_SESSION_E,loso_s7,all,1|2|3|4|5|6|8|9,1test,20260924,20,2,2,0.28831735,0.31630555,0.14649512,0.24888197
s07_0train_r3_t38,7,0train,3,38,2,74694,False,Q13-E005,Q9_SHARED_SOURCE_SESSION_E,loso_s7,all,1|2|3|4|5|6|8|9,1test,20260924,20,2,2,0.25245714,0.49304762,0.13615198,0.11834323
s07_0train_r3_t39,7,0train,3,39,3,76657,False,Q13-E005,Q9_SHARED_SOURCE_SESSION_E,loso_s7,all,1|2|3|4|5|6|8|9,1test,20260924,20,3,2,0.2820259,0.28472006,0.24609707,0.18715698
s07_0train_r3_t40,7,0train,3,40,1,78582,False,Q13-E005,Q9_SHARED_SOURCE_SESSION_E,loso_s7,all,1|2|3|4|5|6|8|9,1test,20260924,20,1,2,0.28228405,0.34501258,0.19080745,0.18189599
s07_0train_r3_t41,7,0train,3,41,4,80663,False,Q13-E005,Q9_SHARED_SOURCE_SESSION_E,loso_s7,all,1|2|3|4|5|6|8|9,1test,20260924,20,4,1,0.38744876,0.35331514,0.14137627,0.117859885
s07_0train_r3_t42,7,0train,3,42,3,82641,False,Q13-E005,Q9_SHARED_SOURCE_SESSION_E,loso_s7,all,1|2|3|4|5|6|8|9,1test,20260924,20,3,2,0.2191613,0.35469228,0.22830515,0.19784127
s07_0train_r3_t43,7,0train,3,43,3,84631,False,Q13-E005,Q9_SHARED_SOURCE_SESSION_E,loso_s7,all,1|2|3|4|5|6|8|9,1test,20260924,20,3,2,0.25899157,0.4626942,0.14428851,0.1340257
s07_0train_r3_t44,7,0train,3,44,3,86750,False,Q13-E005,Q9_SHARED_SOURCE_SESSION_E,loso_s7,all,1|2|3|4|5|6|8|9,1test,20260924,20,3,2,0.17928915,0.46582934,0.13960107,0.21528047
s07_0train_r3_t45,7,0train,3,45,3,88656,False,Q13-E005,Q9_SHARED_SOURCE_SESSION_E,loso_s7,all,1|2|3|4|5|6|8|9,1test,20260924,20,3,2,0.19061454,0.43576705,0.21530382,0.15831463
s07_0train_r3_t46,7,0train,3,46,1,90584,True,Q13-E005,Q9_SHARED_SOURCE_SESSION_E,loso_s7,all,1|2|3|4|5|6|8|9,1test,20260924,20,1,2,0.16568668,0.48828503,0.21762605,0.12840222
s07_0train_r3_t47,7,0train,3,47,2,92698,False,Q13-E005,Q9_SHARED_SOURCE_SESSION_E,loso_s7,all,1|2|3|4|5|6|8|9,1test,20260924,20,2,2,0.27866015,0.31024042,0.18168317,0.2294163
s07_0train_r3_t48,7,0train,3,48,1,94757,False,Q13-E005,Q9_SHARED_SOURCE_SESSION_E,loso_s7,all,1|2|3|4|5|6|8|9,1test,20260924,20,1,2,0.279699,0.34248838,0.18926956,0.18854307
s07_0train_r4_t01,7,0train,4,1,2,250,False,Q13-E005,Q9_SHARED_SOURCE_SESSION_E,loso_s7,all,1|2|3|4|5|6|8|9,1test,20260924,20,2,2,0.30670065,0.3805402,0.18916577,0.12359333
s07_0train_r4_t02,7,0train,4,2,1,2253,False,Q13-E005,Q9_SHARED_SOURCE_SESSION_E,loso_s7,all,1|2|3|4|5|6|8|9,1test,20260924,20,1,2,0.298384,0.4071104,0.14177564,0.15272994
s07_0train_r4_t03,7,0train,4,3,1,4171,True,Q13-E005,Q9_SHARED_SOURCE_SESSION_E,loso_s7,all,1|2|3|4|5|6|8|9,1test,20260924,20,1,2,0.23806174,0.32279384,0.20818426,0.23096018
s07_0train_r4_t04,7,0train,4,4,3,6123,False,Q13-E005,Q9_SHARED_SOURCE_SESSION_E,loso_s7,all,1|2|3|4|5|6|8|9,1test,20260924,20,3,2,0.12496805,0.3657874,0.27194485,0.23729967
s07_0train_r4_t05,7,0train,4,5,3,8131,False,Q13-E005,Q9_SHARED_SOURCE_SESSION_E,loso_s7,all,1|2|3|4|5|6|8|9,1test,20260924,20,3,2,0.34886086,0.37218276,0.13647552,0.14248092
s07_0train_r4_t06,7,0train,4,6,2,10242,False,Q13-E005,Q9_SHARED_SOURCE_SESSION_E,loso_s7,all,1|2|3|4|5|6|8|9,1test,20260924,20,2,2,0.25366586,0.42658135,0.1655948,0.15415803
s07_0train_r4_t07,7,0train,4,7,3,12159,False,Q13-E005,Q9_SHARED_SOURCE_SESSION_E,loso_s7,all,1|2|3|4|5|6|8|9,1test,20260924,20,3,2,0.25462222,0.30533382,0.19610319,0.24394073
s07_0train_r4_t08,7,0train,4,8,4,14209,False,Q13-E005,Q9_SHARED_SOURCE_SESSION_E,loso_s7,all,1|2|3|4|5|6|8|9,1test,20260924,20,4,4,0.20332018,0.25272492,0.26819405,0.27576086
s07_0train_r4_t09,7,0train,4,9,1,16140,False,Q13-E005,Q9_SHARED_SOURCE_SESSION_E,loso_s7,all,1|2|3|4|5|6|8|9,1test,20260924,20,1,1,0.38748747,0.23686661,0.21267673,0.16296923
s07_0train_r4_t10,7,0train,4,10,4,18138,False,Q13-E005,Q9_SHARED_SOURCE_SESSION_E,loso_s7,all,1|2|3|4|5|6|8|9,1test,20260924,20,4,4,0.26859295,0.20228708,0.13495183,0.39416808
s07_0train_r4_t11,7,0train,4,11,1,20044,False,Q13-E005,Q9_SHARED_SOURCE_SESSION_E,loso_s7,all,1|2|3|4|5|6|8|9,1test,20260924,20,1,2,0.13374487,0.58353317,0.12156282,0.16115919
s07_0train_r4_t12,7,0train,4,12,1,21939,False,Q13-E005,Q9_SHARED_SOURCE_SESSION_E,loso_s7,all,1|2|3|4|5|6|8|9,1test,20260924,20,1,2,0.17407395,0.37786528,0.18342423,0.2646365
s07_0train_r4_t13,7,0train,4,13,2,23911,False,Q13-E005,Q9_SHARED_SOURCE_SESSION_E,loso_s7,all,1|2|3|4|5|6|8|9,1test,20260924,20,2,2,0.3271282,0.3396896,0.19822535,0.13495685
s07_0train_r4_t14,7,0train,4,14,4,25855,False,Q13-E005,Q9_SHARED_SOURCE_SESSION_E,loso_s7,all,1|2|3|4|5|6|8|9,1test,20260924,20,4,2,0.2708822,0.27363715,0.23792966,0.21755101
s07_0train_r4_t15,7,0train,4,15,3,27822,False,Q13-E005,Q9_SHARED_SOURCE_SESSION_E,loso_s7,all,1|2|3|4|5|6|8|9,1test,20260924,20,3,1,0.4427472,0.2270679,0.18388237,0.14630255
s07_0train_r4_t16,7,0train,4,16,2,29942,False,Q13-E005,Q9_SHARED_SOURCE_SESSION_E,loso_s7,all,1|2|3|4|5|6|8|9,1test,20260924,20,2,2,0.15477952,0.4480981,0.19824035,0.19888209
s07_0train_r4_t17,7,0train,4,17,4,31950,False,Q13-E005,Q9_SHARED_SOURCE_SESSION_E,loso_s7,all,1|2|3|4|5|6|8|9,1test,20260924,20,4,2,0.22283962,0.4120873,0.15866159,0.20641147
s07_0train_r4_t18,7,0train,4,18,3,34016,False,Q13-E005,Q9_SHARED_SOURCE_SESSION_E,loso_s7,all,1|2|3|4|5|6|8|9,1test,20260924,20,3,2,0.27599806,0.2922396,0.18419988,0.24756244
s07_0train_r4_t19,7,0train,4,19,4,36052,False,Q13-E005,Q9_SHARED_SOURCE_SESSION_E,loso_s7,all,1|2|3|4|5|6|8|9,1test,20260924,20,4,1,0.55134416,0.20336215,0.12489878,0.12039485
s07_0train_r4_t20,7,0train,4,20,3,38118,False,Q13-E005,Q9_SHARED_SOURCE_SESSION_E,loso_s7,all,1|2|3|4|5|6|8|9,1test,20260924,20,3,1,0.4043489,0.21862549,0.17393059,0.20309497
s07_0train_r4_t21,7,0train,4,21,4,40188,False,Q13-E005,Q9_SHARED_SOURCE_SESSION_E,loso_s7,all,1|2|3|4|5|6|8|9,1test,20260924,20,4,1,0.27793887,0.19205531,0.25906995,0.27093586
s07_0train_r4_t22,7,0train,4,22,2,42268,False,Q13-E005,Q9_SHARED_SOURCE_SESSION_E,loso_s7,all,1|2|3|4|5|6|8|9,1test,20260924,20,2,2,0.2145411,0.4310749,0.22434026,0.13004376
s07_0train_r4_t23,7,0train,4,23,2,44180,False,Q13-E005,Q9_SHARED_SOURCE_SESSION_E,loso_s7,all,1|2|3|4|5|6|8|9,1test,20260924,20,2,2,0.10571466,0.39227656,0.13367333,0.36833543
s07_0train_r4_t24,7,0train,4,24,4,46211,False,Q13-E005,Q9_SHARED_SOURCE_SESSION_E,loso_s7,all,1|2|3|4|5|6|8|9,1test,20260924,20,4,2,0.3090179,0.3206634,0.17499194,0.19532679
s07_0train_r4_t25,7,0train,4,25,1,48164,False,Q13-E005,Q9_SHARED_SOURCE_SESSION_E,loso_s7,all,1|2|3|4|5|6|8|9,1test,20260924,20,1,2,0.27045688,0.43924436,0.12727857,0.16302021
s07_0train_r4_t26,7,0train,4,26,2,50125,False,Q13-E005,Q9_SHARED_SOURCE_SESSION_E,loso_s7,all,1|2|3|4|5|6|8|9,1test,20260924,20,2,2,0.294422,0.39308912,0.19591384,0.116575025
s07_0train_r4_t27,7,0train,4,27,2,52229,True,Q13-E005,Q9_SHARED_SOURCE_SESSION_E,loso_s7,all,1|2|3|4|5|6|8|9,1test,20260924,20,2,2,0.26794854,0.3268962,0.18702984,0.21812543
s07_0train_r4_t28,7,0train,4,28,2,54233,False,Q13-E005,Q9_SHARED_SOURCE_SESSION_E,loso_s7,all,1|2|3|4|5|6|8|9,1test,20260924,20,2,2,0.28770375,0.39348656,0.18035544,0.13845418
s07_0train_r4_t29,7,0train,4,29,3,56208,False,Q13-E005,Q9_SHARED_SOURCE_SESSION_E,loso_s7,all,1|2|3|4|5|6|8|9,1test,20260924,20,3,3,0.22222978,0.14875478,0.3405044,0.28851107
s07_0train_r4_t30,7,0train,4,30,4,58234,False,Q13-E005,Q9_SHARED_SOURCE_SESSION_E,loso_s7,all,1|2|3|4|5|6|8|9,1test,20260924,20,4,1,0.327058,0.12608123,0.291848,0.25501278
s07_0train_r4_t31,7,0train,4,31,1,60305,False,Q13-E005,Q9_SHARED_SOURCE_SESSION_E,loso_s7,all,1|2|3|4|5|6|8|9,1test,20260924,20,1,1,0.30691016,0.27929935,0.18934548,0.22444503
s07_0train_r4_t32,7,0train,4,32,4,62412,False,Q13-E005,Q9_SHARED_SOURCE_SESSION_E,loso_s7,all,1|2|3|4|5|6|8|9,1test,20260924,20,4,4,0.27767769,0.24514934,0.14796354,0.32920948
s07_0train_r4_t33,7,0train,4,33,1,64504,False,Q13-E005,Q9_SHARED_SOURCE_SESSION_E,loso_s7,all,1|2|3|4|5|6|8|9,1test,20260924,20,1,1,0.44377998,0.23733911,0.15828119,0.16059974
s07_0train_r4_t34,7,0train,4,34,3,66595,False,Q13-E005,Q9_SHARED_SOURCE_SESSION_E,loso_s7,all,1|2|3|4|5|6|8|9,1test,20260924,20,3,3,0.16322401,0.22560215,0.41618755,0.19498628
s07_0train_r4_t35,7,0train,4,35,1,68638,False,Q13-E005,Q9_SHARED_SOURCE_SESSION_E,loso_s7,all,1|2|3|4|5|6|8|9,1test,20260924,20,1,2,0.22601882,0.44876605,0.18326595,0.14194912
s07_0train_r4_t36,7,0train,4,36,4,70702,False,Q13-E005,Q9_SHARED_SOURCE_SESSION_E,loso_s7,all,1|2|3|4|5|6|8|9,1test,20260924,20,4,4,0.28388163,0.13062264,0.28226846,0.30322728
s07_0train_r4_t37,7,0train,4,37,1,72722,False,Q13-E005,Q9_SHARED_SOURCE_SESSION_E,loso_s7,all,1|2|3|4|5|6|8|9,1test,20260924,20,1,2,0.13162373,0.43538964,0.1884668,0.2445198
s07_0train_r4_t38,7,0train,4,38,3,74694,False,Q13-E005,Q9_SHARED_SOURCE_SESSION_E,loso_s7,all,1|2|3|4|5|6|8|9,1test,20260924,20,3,1,0.5327562,0.2577253,0.08740318,0.122115284
s07_0train_r4_t39,7,0train,4,39,1,76657,False,Q13-E005,Q9_SHARED_SOURCE_SESSION_E,loso_s7,all,1|2|3|4|5|6|8|9,1test,20260924,20,1,2,0.14075665,0.61309695,0.10989796,0.13624853
s07_0train_r4_t40,7,0train,4,40,2,78582,False,Q13-E005,Q9_SHARED_SOURCE_SESSION_E,loso_s7,all,1|2|3|4|5|6|8|9,1test,20260924,20,2,2,0.3028579,0.4033497,0.12887587,0.16491653
s07_0train_r4_t41,7,0train,4,41,3,80663,False,Q13-E005,Q9_SHARED_SOURCE_SESSION_E,loso_s7,all,1|2|3|4|5|6|8|9,1test,20260924,20,3,2,0.25240833,0.45005932,0.18584128,0.111691095
s07_0train_r4_t42,7,0train,4,42,3,82641,False,Q13-E005,Q9_SHARED_SOURCE_SESSION_E,loso_s7,all,1|2|3|4|5|6|8|9,1test,20260924,20,3,2,0.23552538,0.32206118,0.23804198,0.20437142
s07_0train_r4_t43,7,0train,4,43,4,84631,False,Q13-E005,Q9_SHARED_SOURCE_SESSION_E,loso_s7,all,1|2|3|4|5|6|8|9,1test,20260924,20,4,2,0.1834342,0.49841005,0.08947834,0.22867744
s07_0train_r4_t44,7,0train,4,44,1,86750,False,Q13-E005,Q9_SHARED_SOURCE_SESSION_E,loso_s7,all,1|2|3|4|5|6|8|9,1test,20260924,20,1,2,0.22417928,0.3184657,0.22836877,0.2289862
s07_0train_r4_t45,7,0train,4,45,2,88656,False,Q13-E005,Q9_SHARED_SOURCE_SESSION_E,loso_s7,all,1|2|3|4|5|6|8|9,1test,20260924,20,2,2,0.12686245,0.63368326,0.09891821,0.14053608
s07_0train_r4_t46,7,0train,4,46,4,90584,False,Q13-E005,Q9_SHARED_SOURCE_SESSION_E,loso_s7,all,1|2|3|4|5|6|8|9,1test,20260924,20,4,1,0.4121761,0.29600796,0.18766846,0.10414755
s07_0train_r4_t47,7,0train,4,47,2,92698,False,Q13-E005,Q9_SHARED_SOURCE_SESSION_E,loso_s7,all,1|2|3|4|5|6|8|9,1test,20260924,20,2,2,0.1852761,0.4509738,0.19272706,0.17102306
s07_0train_r4_t48,7,0train,4,48,3,94757,False,Q13-E005,Q9_SHARED_SOURCE_SESSION_E,loso_s7,all,1|2|3|4|5|6|8|9,1test,20260924,20,3,2,0.12955892,0.3265423,0.2549707,0.2889281
s07_0train_r5_t01,7,0train,5,1,3,250,False,Q13-E005,Q9_SHARED_SOURCE_SESSION_E,loso_s7,all,1|2|3|4|5|6|8|9,1test,20260924,20,3,2,0.296181,0.38895887,0.17550918,0.13935095
s07_0train_r5_t02,7,0train,5,2,1,2253,False,Q13-E005,Q9_SHARED_SOURCE_SESSION_E,loso_s7,all,1|2|3|4|5|6|8|9,1test,20260924,20,1,2,0.21656594,0.53344965,0.12282193,0.1271625
s07_0train_r5_t03,7,0train,5,3,4,4171,False,Q13-E005,Q9_SHARED_SOURCE_SESSION_E,loso_s7,all,1|2|3|4|5|6|8|9,1test,20260924,20,4,1,0.31432638,0.22719137,0.23685603,0.22162619
s07_0train_r5_t04,7,0train,5,4,2,6123,False,Q13-E005,Q9_SHARED_SOURCE_SESSION_E,loso_s7,all,1|2|3|4|5|6|8|9,1test,20260924,20,2,2,0.1775228,0.57272774,0.13370812,0.11604135
s07_0train_r5_t05,7,0train,5,5,4,8131,False,Q13-E005,Q9_SHARED_SOURCE_SESSION_E,loso_s7,all,1|2|3|4|5|6|8|9,1test,20260924,20,4,1,0.34985116,0.20683874,0.2253059,0.21800414
s07_0train_r5_t06,7,0train,5,6,1,10242,False,Q13-E005,Q9_SHARED_SOURCE_SESSION_E,loso_s7,all,1|2|3|4|5|6|8|9,1test,20260924,20,1,2,0.22218794,0.3944405,0.1790112,0.20436038
s07_0train_r5_t07,7,0train,5,7,1,12159,False,Q13-E005,Q9_SHARED_SOURCE_SESSION_E,loso_s7,all,1|2|3|4|5|6|8|9,1test,20260924,20,1,2,0.28105214,0.46199706,0.13662179,0.120328926
s07_0train_r5_t08,7,0train,5,8,3,14209,False,Q13-E005,Q9_SHARED_SOURCE_SESSION_E,loso_s7,all,1|2|3|4|5|6|8|9,1test,20260924,20,3,2,0.31107375,0.3382326,0.22797829,0.12271534
s07_0train_r5_t09,7,0train,5,9,3,16140,False,Q13-E005,Q9_SHARED_SOURCE_SESSION_E,loso_s7,all,1|2|3|4|5|6|8|9,1test,20260924,20,3,2,0.19094275,0.4828118,0.15965804,0.16658743
s07_0train_r5_t10,7,0train,5,10,2,18138,False,Q13-E005,Q9_SHARED_SOURCE_SESSION_E,loso_s7,all,1|2|3|4|5|6|8|9,1test,20260924,20,2,2,0.33458224,0.43140882,0.12536584,0.108643085
s07_0train_r5_t11,7,0train,5,11,4,20044,False,Q13-E005,Q9_SHARED_SOURCE_SESSION_E,loso_s7,all,1|2|3|4|5|6|8|9,1test,20260924,20,4,1,0.5969565,0.078499876,0.20821208,0.11633163
s07_0train_r5_t12,7,0train,5,12,2,21939,False,Q13-E005,Q9_SHARED_SOURCE_SESSION_E,loso_s7,all,1|2|3|4|5|6|8|9,1test,20260924,20,2,2,0.24768414,0.53795856,0.10289516,0.111462146
s07_0train_r5_t13,7,0train,5,13,2,23911,False,Q13-E005,Q9_SHARED_SOURCE_SESSION_E,loso_s7,all,1|2|3|4|5|6|8|9,1test,20260924,20,2,2,0.26031154,0.3834065,0.15553835,0.20074363
s07_0train_r5_t14,7,0train,5,14,1,25855,False,Q13-E005,Q9_SHARED_SOURCE_SESSION_E,loso_s7,all,1|2|3|4|5|6|8|9,1test,20260924,20,1,1,0.38320658,0.31129864,0.15836607,0.14712873
s07_0train_r5_t15,7,0train,5,15,2,27822,False,Q13-E005,Q9_SHARED_SOURCE_SESSION_E,loso_s7,all,1|2|3|4|5|6|8|9,1test,20260924,20,2,2,0.15043224,0.35932925,0.20987913,0.28035936
s07_0train_r5_t16,7,0train,5,16,4,29942,False,Q13-E005,Q9_SHARED_SOURCE_SESSION_E,loso_s7,all,1|2|3|4|5|6|8|9,1test,20260924,20,4,2,0.3007896,0.4169756,0.11678194,0.16545284
s07_0train_r5_t17,7,0train,5,17,4,31950,False,Q13-E005,Q9_SHARED_SOURCE_SESSION_E,loso_s7,all,1|2|3|4|5|6|8|9,1test,20260924,20,4,2,0.18540043,0.3594772,0.21949893,0.23562348
s07_0train_r5_t18,7,0train,5,18,2,34016,False,Q13-E005,Q9_SHARED_SOURCE_SESSION_E,loso_s7,all,1|2|3|4|5|6|8|9,1test,20260924,20,2,2,0.13832495,0.48977205,0.17368682,0.19821624
s07_0train_r5_t19,7,0train,5,19,2,36052,False,Q13-E005,Q9_SHARED_SOURCE_SESSION_E,loso_s7,all,1|2|3|4|5|6|8|9,1test,20260924,20,2,2,0.14636402,0.57976484,0.10896656,0.16490453
s07_0train_r5_t20,7,0train,5,20,2,38118,False,Q13-E005,Q9_SHARED_SOURCE_SESSION_E,loso_s7,all,1|2|3|4|5|6|8|9,1test,20260924,20,2,2,0.21376555,0.34758222,0.14017373,0.29847845
s07_0train_r5_t21,7,0train,5,21,2,40188,False,Q13-E005,Q9_SHARED_SOURCE_SESSION_E,loso_s7,all,1|2|3|4|5|6|8|9,1test,20260924,20,2,2,0.17549844,0.5180128,0.1486291,0.15785968
s07_0train_r5_t22,7,0train,5,22,4,42268,False,Q13-E005,Q9_SHARED_SOURCE_SESSION_E,loso_s7,all,1|2|3|4|5|6|8|9,1test,20260924,20,4,4,0.26157853,0.078313395,0.32279548,0.33731258
s07_0train_r5_t23,7,0train,5,23,4,44180,False,Q13-E005,Q9_SHARED_SOURCE_SESSION_E,loso_s7,all,1|2|3|4|5|6|8|9,1test,20260924,20,4,1,0.4870217,0.2318661,0.12063444,0.1604778
s07_0train_r5_t24,7,0train,5,24,3,46211,False,Q13-E005,Q9_SHARED_SOURCE_SESSION_E,loso_s7,all,1|2|3|4|5|6|8|9,1test,20260924,20,3,2,0.14963238,0.4186826,0.24748285,0.18420216
s07_0train_r5_t25,7,0train,5,25,4,48164,False,Q13-E005,Q9_SHARED_SOURCE_SESSION_E,loso_s7,all,1|2|3|4|5|6|8|9,1test,20260924,20,4,1,0.6020309,0.21946567,0.081005804,0.09749759
s07_0train_r5_t26,7,0train,5,26,1,50125,False,Q13-E005,Q9_SHARED_SOURCE_SESSION_E,loso_s7,all,1|2|3|4|5|6|8|9,1test,20260924,20,1,2,0.124957696,0.58671415,0.16040109,0.12792706
s07_0train_r5_t27,7,0train,5,27,2,52229,False,Q13-E005,Q9_SHARED_SOURCE_SESSION_E,loso_s7,all,1|2|3|4|5|6|8|9,1test,20260924,20,2,1,0.2776791,0.2752794,0.19446138,0.2525801
s07_0train_r5_t28,7,0train,5,28,3,54233,False,Q13-E005,Q9_SHARED_SOURCE_SESSION_E,loso_s7,all,1|2|3|4|5|6|8|9,1test,20260924,20,3,2,0.20729288,0.41456622,0.22893454,0.14920631
s07_0train_r5_t29,7,0train,5,29,2,56208,False,Q13-E005,Q9_SHARED_SOURCE_SESSION_E,loso_s7,all,1|2|3|4|5|6|8|9,1test,20260924,20,2,1,0.33511552,0.28267676,0.20916748,0.17304027
s07_0train_r5_t30,7,0train,5,30,1,58234,False,Q13-E005,Q9_SHARED_SOURCE_SESSION_E,loso_s7,all,1|2|3|4|5|6|8|9,1test,20260924,20,1,1,0.42891666,0.3902826,0.086461194,0.09433955
s07_0train_r5_t31,7,0train,5,31,4,60305,False,Q13-E005,Q9_SHARED_SOURCE_SESSION_E,loso_s7,all,1|2|3|4|5|6|8|9,1test,20260924,20,4,4,0.20221436,0.21525095,0.26703194,0.3155027
s07_0train_r5_t32,7,0train,5,32,1,62412,False,Q13-E005,Q9_SHARED_SOURCE_SESSION_E,loso_s7,all,1|2|3|4|5|6|8|9,1test,20260924,20,1,2,0.28712034,0.37893724,0.15375772,0.18018474
s07_0train_r5_t33,7,0train,5,33,4,64504,False,Q13-E005,Q9_SHARED_SOURCE_SESSION_E,loso_s7,all,1|2|3|4|5|6|8|9,1test,20260924,20,4,2,0.16003622,0.5427879,0.16664177,0.13053407
s07_0train_r5_t34,7,0train,5,34,1,66595,False,Q13-E005,Q9_SHARED_SOURCE_SESSION_E,loso_s7,all,1|2|3|4|5|6|8|9,1test,20260924,20,1,2,0.35516635,0.39607266,0.1086034,0.1401575
s07_0train_r5_t35,7,0train,5,35,1,68638,False,Q13-E005,Q9_SHARED_SOURCE_SESSION_E,loso_s7,all,1|2|3|4|5|6|8|9,1test,20260924,20,1,2,0.34826872,0.413858,0.092236035,0.14563729
s07_0train_r5_t36,7,0train,5,36,1,70702,False,Q13-E005,Q9_SHARED_SOURCE_SESSION_E,loso_s7,all,1|2|3|4|5|6|8|9,1test,20260924,20,1,2,0.28870228,0.45037314,0.16739,0.09353456
s07_0train_r5_t37,7,0train,5,37,1,72722,False,Q13-E005,Q9_SHARED_SOURCE_SESSION_E,loso_s7,all,1|2|3|4|5|6|8|9,1test,20260924,20,1,2,0.35862985,0.3787654,0.12904097,0.13356383
s07_0train_r5_t38,7,0train,5,38,3,74694,False,Q13-E005,Q9_SHARED_SOURCE_SESSION_E,loso_s7,all,1|2|3|4|5|6|8|9,1test,20260924,20,3,4,0.18654393,0.22936837,0.15133113,0.43275654
s07_0train_r5_t39,7,0train,5,39,3,76657,False,Q13-E005,Q9_SHARED_SOURCE_SESSION_E,loso_s7,all,1|2|3|4|5|6|8|9,1test,20260924,20,3,2,0.21325345,0.33621418,0.25728276,0.19324961
s07_0train_r5_t40,7,0train,5,40,4,78582,False,Q13-E005,Q9_SHARED_SOURCE_SESSION_E,loso_s7,all,1|2|3|4|5|6|8|9,1test,20260924,20,4,1,0.28970677,0.24467167,0.21429366,0.25132796
s07_0train_r5_t41,7,0train,5,41,2,80663,False,Q13-E005,Q9_SHARED_SOURCE_SESSION_E,loso_s7,all,1|2|3|4|5|6|8|9,1test,20260924,20,2,1,0.41891664,0.14187567,0.23520355,0.20400418
s07_0train_r5_t42,7,0train,5,42,3,82641,False,Q13-E005,Q9_SHARED_SOURCE_SESSION_E,loso_s7,all,1|2|3|4|5|6|8|9,1test,20260924,20,3,1,0.3759576,0.15420228,0.28468132,0.18515877
s07_0train_r5_t43,7,0train,5,43,3,84631,False,Q13-E005,Q9_SHARED_SOURCE_SESSION_E,loso_s7,all,1|2|3|4|5|6|8|9,1test,20260924,20,3,2,0.19726813,0.52461714,0.15168074,0.12643398
s07_0train_r5_t44,7,0train,5,44,3,86750,False,Q13-E005,Q9_SHARED_SOURCE_SESSION_E,loso_s7,all,1|2|3|4|5|6|8|9,1test,20260924,20,3,1,0.56595016,0.22080997,0.09749656,0.115743384
s07_0train_r5_t45,7,0train,5,45,4,88656,False,Q13-E005,Q9_SHARED_SOURCE_SESSION_E,loso_s7,all,1|2|3|4|5|6|8|9,1test,20260924,20,4,1,0.4204218,0.21861415,0.1281156,0.23284845
s07_0train_r5_t46,7,0train,5,46,3,90584,False,Q13-E005,Q9_SHARED_SOURCE_SESSION_E,loso_s7,all,1|2|3|4|5|6|8|9,1test,20260924,20,3,1,0.5572088,0.16616172,0.10147833,0.17515115
s07_0train_r5_t47,7,0train,5,47,1,92698,False,Q13-E005,Q9_SHARED_SOURCE_SESSION_E,loso_s7,all,1|2|3|4|5|6|8|9,1test,20260924,20,1,2,0.27545094,0.43413293,0.14389898,0.14651717
s07_0train_r5_t48,7,0train,5,48,3,94757,False,Q13-E005,Q9_SHARED_SOURCE_SESSION_E,loso_s7,all,1|2|3|4|5|6|8|9,1test,20260924,20,3,2,0.1067686,0.3369975,0.3023826,0.25385126
s07_1test_r0_t01,7,1test,0,1,1,250,False,Q13-E005,Q9_SHARED_SOURCE_SESSION_E,loso_s7,all,1|2|3|4|5|6|8|9,1test,20260924,20,1,2,0.14062706,0.62653303,0.1220127,0.11082719
s07_1test_r0_t02,7,1test,0,2,2,2253,False,Q13-E005,Q9_SHARED_SOURCE_SESSION_E,loso_s7,all,1|2|3|4|5|6|8|9,1test,20260924,20,2,2,0.2325285,0.4808335,0.15906918,0.12756887
s07_1test_r0_t03,7,1test,0,3,2,4171,False,Q13-E005,Q9_SHARED_SOURCE_SESSION_E,loso_s7,all,1|2|3|4|5|6|8|9,1test,20260924,20,2,2,0.10747686,0.36349455,0.21448044,0.3145482
s07_1test_r0_t04,7,1test,0,4,1,6123,False,Q13-E005,Q9_SHARED_SOURCE_SESSION_E,loso_s7,all,1|2|3|4|5|6|8|9,1test,20260924,20,1,1,0.31888068,0.20909908,0.28703922,0.18498094
s07_1test_r0_t05,7,1test,0,5,2,8131,False,Q13-E005,Q9_SHARED_SOURCE_SESSION_E,loso_s7,all,1|2|3|4|5|6|8|9,1test,20260924,20,2,4,0.17476106,0.29805127,0.20356278,0.32362494
s07_1test_r0_t06,7,1test,0,6,1,10242,False,Q13-E005,Q9_SHARED_SOURCE_SESSION_E,loso_s7,all,1|2|3|4|5|6|8|9,1test,20260924,20,1,3,0.23697615,0.19702916,0.2950312,0.27096343
s07_1test_r0_t07,7,1test,0,7,2,12159,False,Q13-E005,Q9_SHARED_SOURCE_SESSION_E,loso_s7,all,1|2|3|4|5|6|8|9,1test,20260924,20,2,2,0.17534047,0.46740836,0.17389114,0.18336
s07_1test_r0_t08,7,1test,0,8,3,14209,False,Q13-E005,Q9_SHARED_SOURCE_SESSION_E,loso_s7,all,1|2|3|4|5|6|8|9,1test,20260924,20,3,2,0.17312226,0.47114253,0.22971335,0.12602189
s07_1test_r0_t09,7,1test,0,9,2,16140,False,Q13-E005,Q9_SHARED_SOURCE_SESSION_E,loso_s7,all,1|2|3|4|5|6|8|9,1test,20260924,20,2,2,0.13445915,0.4549347,0.24930441,0.16130179
s07_1test_r0_t10,7,1test,0,10,4,18138,True,Q13-E005,Q9_SHARED_SOURCE_SESSION_E,loso_s7,all,1|2|3|4|5|6|8|9,1test,20260924,20,4,4,0.22306849,0.229832,0.2554352,0.2916643
s07_1test_r0_t11,7,1test,0,11,1,20044,False,Q13-E005,Q9_SHARED_SOURCE_SESSION_E,loso_s7,all,1|2|3|4|5|6|8|9,1test,20260924,20,1,1,0.38290516,0.36550266,0.1324045,0.11918765
s07_1test_r0_t12,7,1test,0,12,3,21939,False,Q13-E005,Q9_SHARED_SOURCE_SESSION_E,loso_s7,all,1|2|3|4|5|6|8|9,1test,20260924,20,3,2,0.26978418,0.32874346,0.24858215,0.15289022
s07_1test_r0_t13,7,1test,0,13,2,23911,False,Q13-E005,Q9_SHARED_SOURCE_SESSION_E,loso_s7,all,1|2|3|4|5|6|8|9,1test,20260924,20,2,1,0.3677936,0.13377038,0.2988677,0.1995683
s07_1test_r0_t14,7,1test,0,14,1,25855,False,Q13-E005,Q9_SHARED_SOURCE_SESSION_E,loso_s7,all,1|2|3|4|5|6|8|9,1test,20260924,20,1,2,0.2655409,0.3529749,0.15162978,0.22985443
s07_1test_r0_t15,7,1test,0,15,4,27822,False,Q13-E005,Q9_SHARED_SOURCE_SESSION_E,loso_s7,all,1|2|3|4|5|6|8|9,1test,20260924,20,4,4,0.15680243,0.045122184,0.35978782,0.43828765
s07_1test_r0_t16,7,1test,0,16,4,29942,False,Q13-E005,Q9_SHARED_SOURCE_SESSION_E,loso_s7,all,1|2|3|4|5|6|8|9,1test,20260924,20,4,4,0.29352453,0.028867928,0.20471115,0.47289634
s07_1test_r0_t17,7,1test,0,17,4,31950,False,Q13-E005,Q9_SHARED_SOURCE_SESSION_E,loso_s7,all,1|2|3|4|5|6|8|9,1test,20260924,20,4,4,0.11466415,0.29403275,0.2585519,0.3327512
s07_1test_r0_t18,7,1test,0,18,4,34016,False,Q13-E005,Q9_SHARED_SOURCE_SESSION_E,loso_s7,all,1|2|3|4|5|6|8|9,1test,20260924,20,4,1,0.3181841,0.24286257,0.27526343,0.16368988
s07_1test_r0_t19,7,1test,0,19,4,36052,False,Q13-E005,Q9_SHARED_SOURCE_SESSION_E,loso_s7,all,1|2|3|4|5|6|8|9,1test,20260924,20,4,1,0.47577435,0.27271333,0.07041092,0.18110137
s07_1test_r0_t20,7,1test,0,20,1,38118,False,Q13-E005,Q9_SHARED_SOURCE_SESSION_E,loso_s7,all,1|2|3|4|5|6|8|9,1test,20260924,20,1,2,0.2780805,0.42554688,0.14458337,0.15178923
s07_1test_r0_t21,7,1test,0,21,3,40188,False,Q13-E005,Q9_SHARED_SOURCE_SESSION_E,loso_s7,all,1|2|3|4|5|6|8|9,1test,20260924,20,3,2,0.21229154,0.30437386,0.29086995,0.19246463
s07_1test_r0_t22,7,1test,0,22,2,42268,False,Q13-E005,Q9_SHARED_SOURCE_SESSION_E,loso_s7,all,1|2|3|4|5|6|8|9,1test,20260924,20,2,1,0.37215415,0.29885337,0.17386201,0.15513049
s07_1test_r0_t23,7,1test,0,23,1,44180,False,Q13-E005,Q9_SHARED_SOURCE_SESSION_E,loso_s7,all,1|2|3|4|5|6|8|9,1test,20260924,20,1,1,0.3411321,0.29793167,0.17988735,0.1810489
s07_1test_r0_t24,7,1test,0,24,1,46211,False,Q13-E005,Q9_SHARED_SOURCE_SESSION_E,loso_s7,all,1|2|3|4|5|6|8|9,1test,20260924,20,1,2,0.17176044,0.42307463,0.2576206,0.14754428
s07_1test_r0_t25,7,1test,0,25,3,48164,False,Q13-E005,Q9_SHARED_SOURCE_SESSION_E,loso_s7,all,1|2|3|4|5|6|8|9,1test,20260924,20,3,1,0.5509247,0.11865476,0.1287945,0.20162603
s07_1test_r0_t26,7,1test,0,26,4,50125,False,Q13-E005,Q9_SHARED_SOURCE_SESSION_E,loso_s7,all,1|2|3|4|5|6|8|9,1test,20260924,20,4,2,0.25764966,0.41854346,0.16626811,0.15753874
s07_1test_r0_t27,7,1test,0,27,1,52229,False,Q13-E005,Q9_SHARED_SOURCE_SESSION_E,loso_s7,all,1|2|3|4|5|6|8|9,1test,20260924,20,1,2,0.2611184,0.33474314,0.19029833,0.21384014
s07_1test_r0_t28,7,1test,0,28,3,54233,False,Q13-E005,Q9_SHARED_SOURCE_SESSION_E,loso_s7,all,1|2|3|4|5|6|8|9,1test,20260924,20,3,1,0.2995134,0.24596186,0.25621393,0.19831079
s07_1test_r0_t29,7,1test,0,29,3,56208,False,Q13-E005,Q9_SHARED_SOURCE_SESSION_E,loso_s7,all,1|2|3|4|5|6|8|9,1test,20260924,20,3,1,0.3348203,0.32399508,0.17704843,0.16413614
s07_1test_r0_t30,7,1test,0,30,3,58234,False,Q13-E005,Q9_SHARED_SOURCE_SESSION_E,loso_s7,all,1|2|3|4|5|6|8|9,1test,20260924,20,3,1,0.5053637,0.30327678,0.076383635,0.11497591
s07_1test_r0_t31,7,1test,0,31,1,60305,False,Q13-E005,Q9_SHARED_SOURCE_SESSION_E,loso_s7,all,1|2|3|4|5|6|8|9,1test,20260924,20,1,1,0.43688717,0.14794052,0.13141172,0.28376055
s07_1test_r0_t32,7,1test,0,32,2,62412,False,Q13-E005,Q9_SHARED_SOURCE_SESSION_E,loso_s7,all,1|2|3|4|5|6|8|9,1test,20260924,20,2,1,0.75729704,0.02197344,0.1118109,0.10891864
s07_1test_r0_t33,7,1test,0,33,1,64504,False,Q13-E005,Q9_SHARED_SOURCE_SESSION_E,loso_s7,all,1|2|3|4|5|6|8|9,1test,20260924,20,1,1,0.46560207,0.2622567,0.124111064,0.14803016
s07_1test_r0_t34,7,1test,0,34,2,66595,False,Q13-E005,Q9_SHARED_SOURCE_SESSION_E,loso_s7,all,1|2|3|4|5|6|8|9,1test,20260924,20,2,2,0.0747307,0.5162298,0.19097309,0.2180664
s07_1test_r0_t35,7,1test,0,35,2,68638,False,Q13-E005,Q9_SHARED_SOURCE_SESSION_E,loso_s7,all,1|2|3|4|5|6|8|9,1test,20260924,20,2,2,0.20417666,0.4749263,0.12978111,0.19111589
s07_1test_r0_t36,7,1test,0,36,1,70702,False,Q13-E005,Q9_SHARED_SOURCE_SESSION_E,loso_s7,all,1|2|3|4|5|6|8|9,1test,20260924,20,1,2,0.30635762,0.31585488,0.17239039,0.20539711
s07_1test_r0_t37,7,1test,0,37,2,72722,False,Q13-E005,Q9_SHARED_SOURCE_SESSION_E,loso_s7,all,1|2|3|4|5|6|8|9,1test,20260924,20,2,2,0.11158695,0.46245515,0.24058367,0.18537422
s07_1test_r0_t38,7,1test,0,38,3,74694,False,Q13-E005,Q9_SHARED_SOURCE_SESSION_E,loso_s7,all,1|2|3|4|5|6|8|9,1test,20260924,20,3,1,0.3347968,0.3210401,0.18914959,0.1550135
s07_1test_r0_t39,7,1test,0,39,2,76657,False,Q13-E005,Q9_SHARED_SOURCE_SESSION_E,loso_s7,all,1|2|3|4|5|6|8|9,1test,20260924,20,2,2,0.33352092,0.38528958,0.1285875,0.15260203
s07_1test_r0_t40,7,1test,0,40,3,78582,False,Q13-E005,Q9_SHARED_SOURCE_SESSION_E,loso_s7,all,1|2|3|4|5|6|8|9,1test,20260924,20,3,2,0.26305822,0.3863304,0.19344065,0.15717068
s07_1test_r0_t41,7,1test,0,41,3,80663,False,Q13-E005,Q9_SHARED_SOURCE_SESSION_E,loso_s7,all,1|2|3|4|5|6|8|9,1test,20260924,20,3,2,0.10312961,0.41363785,0.24187599,0.24135654
s07_1test_r0_t42,7,1test,0,42,4,82641,False,Q13-E005,Q9_SHARED_SOURCE_SESSION_E,loso_s7,all,1|2|3|4|5|6|8|9,1test,20260924,20,4,4,0.19910653,0.10553541,0.31587994,0.3794781
s07_1test_r0_t43,7,1test,0,43,3,84631,False,Q13-E005,Q9_SHARED_SOURCE_SESSION_E,loso_s7,all,1|2|3|4|5|6|8|9,1test,20260924,20,3,3,0.20267598,0.17904852,0.38145232,0.23682311
s07_1test_r0_t44,7,1test,0,44,3,86750,False,Q13-E005,Q9_SHARED_SOURCE_SESSION_E,loso_s7,all,1|2|3|4|5|6|8|9,1test,20260924,20,3,1,0.41786182,0.3571858,0.1363356,0.08861677
s07_1test_r0_t45,7,1test,0,45,4,88656,False,Q13-E005,Q9_SHARED_SOURCE_SESSION_E,loso_s7,all,1|2|3|4|5|6|8|9,1test,20260924,20,4,1,0.70140684,0.10185985,0.08784358,0.108889766
s07_1test_r0_t46,7,1test,0,46,4,90584,False,Q13-E005,Q9_SHARED_SOURCE_SESSION_E,loso_s7,all,1|2|3|4|5|6|8|9,1test,20260924,20,4,4,0.11498961,0.26413336,0.24664854,0.3742285
s07_1test_r0_t47,7,1test,0,47,4,92698,False,Q13-E005,Q9_SHARED_SOURCE_SESSION_E,loso_s7,all,1|2|3|4|5|6|8|9,1test,20260924,20,4,4,0.21524124,0.14743088,0.12292511,0.51440275
s07_1test_r0_t48,7,1test,0,48,4,94757,False,Q13-E005,Q9_SHARED_SOURCE_SESSION_E,loso_s7,all,1|2|3|4|5|6|8|9,1test,20260924,20,4,2,0.11862341,0.36130518,0.1739826,0.3460888
s07_1test_r1_t01,7,1test,1,1,4,250,True,Q13-E005,Q9_SHARED_SOURCE_SESSION_E,loso_s7,all,1|2|3|4|5|6|8|9,1test,20260924,20,4,3,0.22394028,0.27144232,0.3091949,0.19542253
s07_1test_r1_t02,7,1test,1,2,3,2253,False,Q13-E005,Q9_SHARED_SOURCE_SESSION_E,loso_s7,all,1|2|3|4|5|6|8|9,1test,20260924,20,3,2,0.108607106,0.54656327,0.14941445,0.19541515
s07_1test_r1_t03,7,1test,1,3,2,4171,False,Q13-E005,Q9_SHARED_SOURCE_SESSION_E,loso_s7,all,1|2|3|4|5|6|8|9,1test,20260924,20,2,2,0.25780568,0.3135309,0.2435159,0.18514754
s07_1test_r1_t04,7,1test,1,4,1,6123,False,Q13-E005,Q9_SHARED_SOURCE_SESSION_E,loso_s7,all,1|2|3|4|5|6|8|9,1test,20260924,20,1,1,0.3460969,0.19496353,0.27727386,0.18166567
s07_1test_r1_t05,7,1test,1,5,1,8131,False,Q13-E005,Q9_SHARED_SOURCE_SESSION_E,loso_s7,all,1|2|3|4|5|6|8|9,1test,20260924,20,1,2,0.1113357,0.6658971,0.06803959,0.15472765
s07_1test_r1_t06,7,1test,1,6,2,10242,False,Q13-E005,Q9_SHARED_SOURCE_SESSION_E,loso_s7,all,1|2|3|4|5|6|8|9,1test,20260924,20,2,1,0.3679547,0.21037744,0.2629623,0.1587055
s07_1test_r1_t07,7,1test,1,7,3,12159,False,Q13-E005,Q9_SHARED_SOURCE_SESSION_E,loso_s7,all,1|2|3|4|5|6|8|9,1test,20260924,20,3,2,0.25247696,0.35061494,0.21341486,0.18349326
s07_1test_r1_t08,7,1test,1,8,4,14209,False,Q13-E005,Q9_SHARED_SOURCE_SESSION_E,loso_s7,all,1|2|3|4|5|6|8|9,1test,20260924,20,4,4,0.06903501,0.15789941,0.25969294,0.51337266
s07_1test_r1_t09,7,1test,1,9,2,16140,False,Q13-E005,Q9_SHARED_SOURCE_SESSION_E,loso_s7,all,1|2|3|4|5|6|8|9,1test,20260924,20,2,1,0.43399733,0.22273573,0.23840213,0.10486476
s07_1test_r1_t10,7,1test,1,10,3,18138,False,Q13-E005,Q9_SHARED_SOURCE_SESSION_E,loso_s7,all,1|2|3|4|5|6|8|9,1test,20260924,20,3,2,0.2766629,0.29720974,0.18034455,0.24578278
s07_1test_r1_t11,7,1test,1,11,1,20044,False,Q13-E005,Q9_SHARED_SOURCE_SESSION_E,loso_s7,all,1|2|3|4|5|6|8|9,1test,20260924,20,1,1,0.3906293,0.19974247,0.19562455,0.21400364
s07_1test_r1_t12,7,1test,1,12,1,21939,False,Q13-E005,Q9_SHARED_SOURCE_SESSION_E,loso_s7,all,1|2|3|4|5|6|8|9,1test,20260924,20,1,1,0.6625138,0.06699989,0.12952538,0.14096086
s07_1test_r1_t13,7,1test,1,13,1,23911,False,Q13-E005,Q9_SHARED_SOURCE_SESSION_E,loso_s7,all,1|2|3|4|5|6|8|9,1test,20260924,20,1,1,0.31944942,0.23476242,0.19059563,0.25519252
s07_1test_r1_t14,7,1test,1,14,4,25855,False,Q13-E005,Q9_SHARED_SOURCE_SESSION_E,loso_s7,all,1|2|3|4|5|6|8|9,1test,20260924,20,4,4,0.16740051,0.3226958,0.10269553,0.4072082
s07_1test_r1_t15,7,1test,1,15,2,27822,False,Q13-E005,Q9_SHARED_SOURCE_SESSION_E,loso_s7,all,1|2|3|4|5|6|8|9,1test,20260924,20,2,2,0.22439924,0.43639663,0.19364315,0.1455609
s07_1test_r1_t16,7,1test,1,16,2,29942,False,Q13-E005,Q9_SHARED_SOURCE_SESSION_E,loso_s7,all,1|2|3|4|5|6|8|9,1test,20260924,20,2,1,0.36002034,0.18669103,0.13622013,0.31706852
s07_1test_r1_t17,7,1test,1,17,1,31950,False,Q13-E005,Q9_SHARED_SOURCE_SESSION_E,loso_s7,all,1|2|3|4|5|6|8|9,1test,20260924,20,1,2,0.2139518,0.3574311,0.17525181,0.25336528
s07_1test_r1_t18,7,1test,1,18,1,34016,False,Q13-E005,Q9_SHARED_SOURCE_SESSION_E,loso_s7,all,1|2|3|4|5|6|8|9,1test,20260924,20,1,1,0.43993074,0.13741642,0.17151986,0.251133
s07_1test_r1_t19,7,1test,1,19,3,36052,False,Q13-E005,Q9_SHARED_SOURCE_SESSION_E,loso_s7,all,1|2|3|4|5|6|8|9,1test,20260924,20,3,4,0.1877282,0.02482435,0.38695002,0.40049738
s07_1test_r1_t20,7,1test,1,20,1,38118,False,Q13-E005,Q9_SHARED_SOURCE_SESSION_E,loso_s7,all,1|2|3|4|5|6|8|9,1test,20260924,20,1,2,0.28831652,0.29370883,0.20136137,0.21661326
s07_1test_r1_t21,7,1test,1,21,2,40188,False,Q13-E005,Q9_SHARED_SOURCE_SESSION_E,loso_s7,all,1|2|3|4|5|6|8|9,1test,20260924,20,2,2,0.1372933,0.4796067,0.1846798,0.19842018
s07_1test_r1_t22,7,1test,1,22,4,42268,False,Q13-E005,Q9_SHARED_SOURCE_SESSION_E,loso_s7,all,1|2|3|4|5|6|8|9,1test,20260924,20,4,1,0.33796975,0.024020875,0.32602543,0.31198388
s07_1test_r1_t23,7,1test,1,23,4,44180,False,Q13-E005,Q9_SHARED_SOURCE_SESSION_E,loso_s7,all,1|2|3|4|5|6|8|9,1test,20260924,20,4,1,0.7313583,0.054888558,0.09780612,0.115946956
s07_1test_r1_t24,7,1test,1,24,3,46211,False,Q13-E005,Q9_SHARED_SOURCE_SESSION_E,loso_s7,all,1|2|3|4|5|6|8|9,1test,20260924,20,3,4,0.23160829,0.18471515,0.18886715,0.39480945
s07_1test_r1_t25,7,1test,1,25,1,48164,False,Q13-E005,Q9_SHARED_SOURCE_SESSION_E,loso_s7,all,1|2|3|4|5|6|8|9,1test,20260924,20,1,1,0.51626295,0.15403427,0.16874862,0.16095413
s07_1test_r1_t26,7,1test,1,26,4,50125,False,Q13-E005,Q9_SHARED_SOURCE_SESSION_E,loso_s7,all,1|2|3|4|5|6|8|9,1test,20260924,20,4,4,0.18292943,0.25885144,0.22447605,0.3337431
s07_1test_r1_t27,7,1test,1,27,4,52229,False,Q13-E005,Q9_SHARED_SOURCE_SESSION_E,loso_s7,all,1|2|3|4|5|6|8|9,1test,20260924,20,4,4,0.090407565,0.2594038,0.30227467,0.347914
s07_1test_r1_t28,7,1test,1,28,2,54233,False,Q13-E005,Q9_SHARED_SOURCE_SESSION_E,loso_s7,all,1|2|3|4|5|6|8|9,1test,20260924,20,2,2,0.2859936,0.3388258,0.20303068,0.17214991
s07_1test_r1_t29,7,1test,1,29,4,56208,False,Q13-E005,Q9_SHARED_SOURCE_SESSION_E,loso_s7,all,1|2|3|4|5|6|8|9,1test,20260924,20,4,3,0.3148521,0.0233002,0.4248557,0.23699202
s07_1test_r1_t30,7,1test,1,30,4,58234,False,Q13-E005,Q9_SHARED_SOURCE_SESSION_E,loso_s7,all,1|2|3|4|5|6|8|9,1test,20260924,20,4,1,0.41418737,0.12920305,0.20648015,0.2501295
s07_1test_r1_t31,7,1test,1,31,2,60305,False,Q13-E005,Q9_SHARED_SOURCE_SESSION_E,loso_s7,all,1|2|3|4|5|6|8|9,1test,20260924,20,2,2,0.2617115,0.30881897,0.20486215,0.22460741
s07_1test_r1_t32,7,1test,1,32,1,62412,False,Q13-E005,Q9_SHARED_SOURCE_SESSION_E,loso_s7,all,1|2|3|4|5|6|8|9,1test,20260924,20,1,4,0.24336354,0.16340983,0.24137288,0.3518537
s07_1test_r1_t33,7,1test,1,33,2,64504,False,Q13-E005,Q9_SHARED_SOURCE_SESSION_E,loso_s7,all,1|2|3|4|5|6|8|9,1test,20260924,20,2,2,0.2614354,0.29095164,0.20712909,0.24048387
s07_1test_r1_t34,7,1test,1,34,3,66595,False,Q13-E005,Q9_SHARED_SOURCE_SESSION_E,loso_s7,all,1|2|3|4|5|6|8|9,1test,20260924,20,3,2,0.17829433,0.40905622,0.22132555,0.19132392
s07_1test_r1_t35,7,1test,1,35,3,68638,False,Q13-E005,Q9_SHARED_SOURCE_SESSION_E,loso_s7,all,1|2|3|4|5|6|8|9,1test,20260924,20,3,2,0.21601017,0.3388714,0.24870051,0.19641794
s07_1test_r1_t36,7,1test,1,36,3,70702,False,Q13-E005,Q9_SHARED_SOURCE_SESSION_E,loso_s7,all,1|2|3|4|5|6|8|9,1test,20260924,20,3,1,0.569068,0.06527357,0.18379365,0.1818648
s07_1test_r1_t37,7,1test,1,37,4,72722,True,Q13-E005,Q9_SHARED_SOURCE_SESSION_E,loso_s7,all,1|2|3|4|5|6|8|9,1test,20260924,20,4,3,0.15727113,0.07011539,0.40784407,0.3647694
s07_1test_r1_t38,7,1test,1,38,3,74694,False,Q13-E005,Q9_SHARED_SOURCE_SESSION_E,loso_s7,all,1|2|3|4|5|6|8|9,1test,20260924,20,3,2,0.24243793,0.28028393,0.21530254,0.26197556
s07_1test_r1_t39,7,1test,1,39,1,76657,False,Q13-E005,Q9_SHARED_SOURCE_SESSION_E,loso_s7,all,1|2|3|4|5|6|8|9,1test,20260924,20,1,1,0.5215119,0.21388054,0.10531294,0.1592946
s07_1test_r1_t40,7,1test,1,40,4,78582,False,Q13-E005,Q9_SHARED_SOURCE_SESSION_E,loso_s7,all,1|2|3|4|5|6|8|9,1test,20260924,20,4,4,0.17902164,0.007441774,0.33250478,0.4810318
s07_1test_r1_t41,7,1test,1,41,2,80663,False,Q13-E005,Q9_SHARED_SOURCE_SESSION_E,loso_s7,all,1|2|3|4|5|6|8|9,1test,20260924,20,2,2,0.29756173,0.42680743,0.13074033,0.14489055
s07_1test_r1_t42,7,1test,1,42,3,82641,False,Q13-E005,Q9_SHARED_SOURCE_SESSION_E,loso_s7,all,1|2|3|4|5|6|8|9,1test,20260924,20,3,2,0.18081744,0.44484055,0.22467247,0.14966957
s07_1test_r1_t43,7,1test,1,43,2,84631,False,Q13-E005,Q9_SHARED_SOURCE_SESSION_E,loso_s7,all,1|2|3|4|5|6|8|9,1test,20260924,20,2,1,0.39801505,0.2353342,0.15773514,0.2089156
s07_1test_r1_t44,7,1test,1,44,3,86750,False,Q13-E005,Q9_SHARED_SOURCE_SESSION_E,loso_s7,all,1|2|3|4|5|6|8|9,1test,20260924,20,3,1,0.32282633,0.29562148,0.19048835,0.19106384
s07_1test_r1_t45,7,1test,1,45,4,88656,True,Q13-E005,Q9_SHARED_SOURCE_SESSION_E,loso_s7,all,1|2|3|4|5|6|8|9,1test,20260924,20,4,1,0.33397156,0.24786742,0.17634489,0.2418161
s07_1test_r1_t46,7,1test,1,46,2,90584,False,Q13-E005,Q9_SHARED_SOURCE_SESSION_E,loso_s7,all,1|2|3|4|5|6|8|9,1test,20260924,20,2,4,0.2029601,0.25174814,0.26229665,0.28299507
s07_1test_r1_t47,7,1test,1,47,3,92698,False,Q13-E005,Q9_SHARED_SOURCE_SESSION_E,loso_s7,all,1|2|3|4|5|6|8|9,1test,20260924,20,3,4,0.20649266,0.12986341,0.29285625,0.3707877
s07_1test_r1_t48,7,1test,1,48,1,94757,False,Q13-E005,Q9_SHARED_SOURCE_SESSION_E,loso_s7,all,1|2|3|4|5|6|8|9,1test,20260924,20,1,3,0.2747054,0.077428825,0.35489658,0.29296917
s07_1test_r2_t01,7,1test,2,1,1,250,False,Q13-E005,Q9_SHARED_SOURCE_SESSION_E,loso_s7,all,1|2|3|4|5|6|8|9,1test,20260924,20,1,2,0.19471514,0.37842855,0.19252859,0.23432775
s07_1test_r2_t02,7,1test,2,2,1,2253,False,Q13-E005,Q9_SHARED_SOURCE_SESSION_E,loso_s7,all,1|2|3|4|5|6|8|9,1test,20260924,20,1,2,0.252882,0.38098302,0.19898634,0.16714865
s07_1test_r2_t03,7,1test,2,3,4,4171,False,Q13-E005,Q9_SHARED_SOURCE_SESSION_E,loso_s7,all,1|2|3|4|5|6|8|9,1test,20260924,20,4,1,0.3342664,0.23856685,0.17911138,0.2480554
s07_1test_r2_t04,7,1test,2,4,2,6123,False,Q13-E005,Q9_SHARED_SOURCE_SESSION_E,loso_s7,all,1|2|3|4|5|6|8|9,1test,20260924,20,2,1,0.32623994,0.254193,0.17474034,0.2448267
s07_1test_r2_t05,7,1test,2,5,1,8131,False,Q13-E005,Q9_SHARED_SOURCE_SESSION_E,loso_s7,all,1|2|3|4|5|6|8|9,1test,20260924,20,1,4,0.06859695,0.05873142,0.07915944,0.79351217
s07_1test_r2_t06,7,1test,2,6,3,10242,False,Q13-E005,Q9_SHARED_SOURCE_SESSION_E,loso_s7,all,1|2|3|4|5|6|8|9,1test,20260924,20,3,2,0.05449691,0.562002,0.20264596,0.18085515
s07_1test_r2_t07,7,1test,2,7,1,12159,False,Q13-E005,Q9_SHARED_SOURCE_SESSION_E,loso_s7,all,1|2|3|4|5|6|8|9,1test,20260924,20,1,1,0.35378435,0.26235515,0.16131365,0.22254686
s07_1test_r2_t08,7,1test,2,8,3,14209,False,Q13-E005,Q9_SHARED_SOURCE_SESSION_E,loso_s7,all,1|2|3|4|5|6|8|9,1test,20260924,20,3,3,0.10872083,0.31919298,0.37461123,0.19747493
s07_1test_r2_t09,7,1test,2,9,2,16140,False,Q13-E005,Q9_SHARED_SOURCE_SESSION_E,loso_s7,all,1|2|3|4|5|6|8|9,1test,20260924,20,2,1,0.6066472,0.17069972,0.077879176,0.14477392
s07_1test_r2_t10,7,1test,2,10,4,18138,False,Q13-E005,Q9_SHARED_SOURCE_SESSION_E,loso_s7,all,1|2|3|4|5|6|8|9,1test,20260924,20,4,3,0.29063666,0.03508747,0.3761858,0.29809
s07_1test_r2_t11,7,1test,2,11,1,20044,False,Q13-E005,Q9_SHARED_SOURCE_SESSION_E,loso_s7,all,1|2|3|4|5|6|8|9,1test,20260924,20,1,4,0.2515284,0.09120653,0.19061644,0.4666486
s07_1test_r2_t12,7,1test,2,12,3,21939,False,Q13-E005,Q9_SHARED_SOURCE_SESSION_E,loso_s7,all,1|2|3|4|5|6|8|9,1test,20260924,20,3,2,0.1751384,0.32938412,0.30187592,0.19360153
s07_1test_r2_t13,7,1test,2,13,3,23911,False,Q13-E005,Q9_SHARED_SOURCE_SESSION_E,loso_s7,all,1|2|3|4|5|6|8|9,1test,20260924,20,3,4,0.24392286,0.16998488,0.23090619,0.3551861
s07_1test_r2_t14,7,1test,2,14,1,25855,False,Q13-E005,Q9_SHARED_SOURCE_SESSION_E,loso_s7,all,1|2|3|4|5|6|8|9,1test,20260924,20,1,2,0.21473897,0.35495588,0.21822414,0.21208103
s07_1test_r2_t15,7,1test,2,15,3,27822,False,Q13-E005,Q9_SHARED_SOURCE_SESSION_E,loso_s7,all,1|2|3|4|5|6|8|9,1test,20260924,20,3,1,0.41096613,0.14408065,0.16798784,0.27696535
s07_1test_r2_t16,7,1test,2,16,2,29942,False,Q13-E005,Q9_SHARED_SOURCE_SESSION_E,loso_s7,all,1|2|3|4|5|6|8|9,1test,20260924,20,2,2,0.13285702,0.50321436,0.20668945,0.15723912
s07_1test_r2_t17,7,1test,2,17,4,31950,False,Q13-E005,Q9_SHARED_SOURCE_SESSION_E,loso_s7,all,1|2|3|4|5|6|8|9,1test,20260924,20,4,1,0.44772112,0.11202322,0.13536441,0.30489126
s07_1test_r2_t18,7,1test,2,18,4,34016,False,Q13-E005,Q9_SHARED_SOURCE_SESSION_E,loso_s7,all,1|2|3|4|5|6|8|9,1test,20260924,20,4,2,0.27361977,0.2739024,0.20588812,0.24658976
s07_1test_r2_t19,7,1test,2,19,4,36052,False,Q13-E005,Q9_SHARED_SOURCE_SESSION_E,loso_s7,all,1|2|3|4|5|6|8|9,1test,20260924,20,4,4,0.25955558,0.13226669,0.1560826,0.45209512
s07_1test_r2_t20,7,1test,2,20,3,38118,False,Q13-E005,Q9_SHARED_SOURCE_SESSION_E,loso_s7,all,1|2|3|4|5|6|8|9,1test,20260924,20,3,1,0.3796537,0.24702844,0.15095809,0.22235975
s07_1test_r2_t21,7,1test,2,21,1,40188,False,Q13-E005,Q9_SHARED_SOURCE_SESSION_E,loso_s7,all,1|2|3|4|5|6|8|9,1test,20260924,20,1,2,0.26872623,0.33307552,0.17230076,0.22589749
s07_1test_r2_t22,7,1test,2,22,4,42268,False,Q13-E005,Q9_SHARED_SOURCE_SESSION_E,loso_s7,all,1|2|3|4|5|6|8|9,1test,20260924,20,4,1,0.45439,0.112481296,0.31600773,0.11712106
s07_1test_r2_t23,7,1test,2,23,2,44180,False,Q13-E005,Q9_SHARED_SOURCE_SESSION_E,loso_s7,all,1|2|3|4|5|6|8|9,1test,20260924,20,2,2,0.30048877,0.339708,0.15292858,0.20687471
s07_1test_r2_t24,7,1test,2,24,4,46211,False,Q13-E005,Q9_SHARED_SOURCE_SESSION_E,loso_s7,all,1|2|3|4|5|6|8|9,1test,20260924,20,4,4,0.052385308,0.2728717,0.18135588,0.4933871
s07_1test_r2_t25,7,1test,2,25,2,48164,False,Q13-E005,Q9_SHARED_SOURCE_SESSION_E,loso_s7,all,1|2|3|4|5|6|8|9,1test,20260924,20,2,1,0.32288063,0.23569986,0.2586862,0.18273328
s07_1test_r2_t26,7,1test,2,26,1,50125,False,Q13-E005,Q9_SHARED_SOURCE_SESSION_E,loso_s7,all,1|2|3|4|5|6|8|9,1test,20260924,20,1,4,0.16601276,0.19160686,0.3051264,0.337254
s07_1test_r2_t27,7,1test,2,27,3,52229,False,Q13-E005,Q9_SHARED_SOURCE_SESSION_E,loso_s7,all,1|2|3|4|5|6|8|9,1test,20260924,20,3,2,0.13692977,0.5195226,0.21692334,0.12662435
s07_1test_r2_t28,7,1test,2,28,2,54233,False,Q13-E005,Q9_SHARED_SOURCE_SESSION_E,loso_s7,all,1|2|3|4|5|6|8|9,1test,20260924,20,2,4,0.24854943,0.30524144,0.12230268,0.32390642
s07_1test_r2_t29,7,1test,2,29,1,56208,False,Q13-E005,Q9_SHARED_SOURCE_SESSION_E,loso_s7,all,1|2|3|4|5|6|8|9,1test,20260924,20,1,1,0.34665078,0.31395093,0.16385694,0.17554131
s07_1test_r2_t30,7,1test,2,30,3,58234,False,Q13-E005,Q9_SHARED_SOURCE_SESSION_E,loso_s7,all,1|2|3|4|5|6|8|9,1test,20260924,20,3,2,0.297499,0.40132263,0.11377866,0.18739963
s07_1test_r2_t31,7,1test,2,31,3,60305,False,Q13-E005,Q9_SHARED_SOURCE_SESSION_E,loso_s7,all,1|2|3|4|5|6|8|9,1test,20260924,20,3,4,0.07060873,0.15290754,0.32890302,0.44758072
s07_1test_r2_t32,7,1test,2,32,1,62412,False,Q13-E005,Q9_SHARED_SOURCE_SESSION_E,loso_s7,all,1|2|3|4|5|6|8|9,1test,20260924,20,1,1,0.40449387,0.1901874,0.14647819,0.25884056
s07_1test_r2_t33,7,1test,2,33,3,64504,False,Q13-E005,Q9_SHARED_SOURCE_SESSION_E,loso_s7,all,1|2|3|4|5|6|8|9,1test,20260924,20,3,2,0.2812461,0.37731475,0.21411183,0.12732731
s07_1test_r2_t34,7,1test,2,34,4,66595,False,Q13-E005,Q9_SHARED_SOURCE_SESSION_E,loso_s7,all,1|2|3|4|5|6|8|9,1test,20260924,20,4,4,0.263556,0.12022348,0.277424,0.33879656
s07_1test_r2_t35,7,1test,2,35,4,68638,True,Q13-E005,Q9_SHARED_SOURCE_SESSION_E,loso_s7,all,1|2|3|4|5|6|8|9,1test,20260924,20,4,4,0.2917388,0.20495404,0.15093641,0.3523707
s07_1test_r2_t36,7,1test,2,36,2,70702,False,Q13-E005,Q9_SHARED_SOURCE_SESSION_E,loso_s7,all,1|2|3|4|5|6|8|9,1test,20260924,20,2,2,0.2971354,0.39104396,0.17854272,0.13327788
s07_1test_r2_t37,7,1test,2,37,1,72722,False,Q13-E005,Q9_SHARED_SOURCE_SESSION_E,loso_s7,all,1|2|3|4|5|6|8|9,1test,20260924,20,1,3,0.22415292,0.10633578,0.47460735,0.19490397
s07_1test_r2_t38,7,1test,2,38,2,74694,False,Q13-E005,Q9_SHARED_SOURCE_SESSION_E,loso_s7,all,1|2|3|4|5|6|8|9,1test,20260924,20,2,4,0.27820894,0.23798238,0.19273931,0.2910694
s07_1test_r2_t39,7,1test,2,39,4,76657,False,Q13-E005,Q9_SHARED_SOURCE_SESSION_E,loso_s7,all,1|2|3|4|5|6|8|9,1test,20260924,20,4,4,0.28306857,0.06979774,0.21395646,0.4331772
s07_1test_r2_t40,7,1test,2,40,2,78582,False,Q13-E005,Q9_SHARED_SOURCE_SESSION_E,loso_s7,all,1|2|3|4|5|6|8|9,1test,20260924,20,2,2,0.110203885,0.5739949,0.12710145,0.18869981
s07_1test_r2_t41,7,1test,2,41,4,80663,False,Q13-E005,Q9_SHARED_SOURCE_SESSION_E,loso_s7,all,1|2|3|4|5|6|8|9,1test,20260924,20,4,1,0.3707206,0.07287857,0.265462,0.29093876
s07_1test_r2_t42,7,1test,2,42,3,82641,False,Q13-E005,Q9_SHARED_SOURCE_SESSION_E,loso_s7,all,1|2|3|4|5|6|8|9,1test,20260924,20,3,2,0.14860125,0.38385242,0.24630438,0.22124189
s07_1test_r2_t43,7,1test,2,43,2,84631,False,Q13-E005,Q9_SHARED_SOURCE_SESSION_E,loso_s7,all,1|2|3|4|5|6|8|9,1test,20260924,20,2,1,0.5356722,0.100605145,0.18672672,0.1769959
s07_1test_r2_t44,7,1test,2,44,2,86750,False,Q13-E005,Q9_SHARED_SOURCE_SESSION_E,loso_s7,all,1|2|3|4|5|6|8|9,1test,20260924,20,2,2,0.24861886,0.3417608,0.26733965,0.14228064
s07_1test_r2_t45,7,1test,2,45,2,88656,False,Q13-E005,Q9_SHARED_SOURCE_SESSION_E,loso_s7,all,1|2|3|4|5|6|8|9,1test,20260924,20,2,2,0.22254276,0.42248806,0.16267976,0.1922894
s07_1test_r2_t46,7,1test,2,46,3,90584,False,Q13-E005,Q9_SHARED_SOURCE_SESSION_E,loso_s7,all,1|2|3|4|5|6|8|9,1test,20260924,20,3,1,0.6132706,0.105712876,0.19195889,0.0890576
s07_1test_r2_t47,7,1test,2,47,4,92698,False,Q13-E005,Q9_SHARED_SOURCE_SESSION_E,loso_s7,all,1|2|3|4|5|6|8|9,1test,20260924,20,4,4,0.20356049,0.058428258,0.34279513,0.39521608
s07_1test_r2_t48,7,1test,2,48,1,94757,False,Q13-E005,Q9_SHARED_SOURCE_SESSION_E,loso_s7,all,1|2|3|4|5|6|8|9,1test,20260924,20,1,2,0.2015404,0.37181237,0.2199325,0.20671472
s07_1test_r3_t01,7,1test,3,1,2,250,True,Q13-E005,Q9_SHARED_SOURCE_SESSION_E,loso_s7,all,1|2|3|4|5|6|8|9,1test,20260924,20,2,3,0.27427486,0.18967532,0.3542798,0.18177
s07_1test_r3_t02,7,1test,3,2,4,2253,False,Q13-E005,Q9_SHARED_SOURCE_SESSION_E,loso_s7,all,1|2|3|4|5|6|8|9,1test,20260924,20,4,4,0.2641312,0.127872,0.21330032,0.39469647
s07_1test_r3_t03,7,1test,3,3,1,4171,False,Q13-E005,Q9_SHARED_SOURCE_SESSION_E,loso_s7,all,1|2|3|4|5|6|8|9,1test,20260924,20,1,1,0.2940719,0.19896325,0.26096228,0.24600257
s07_1test_r3_t04,7,1test,3,4,3,6123,False,Q13-E005,Q9_SHARED_SOURCE_SESSION_E,loso_s7,all,1|2|3|4|5|6|8|9,1test,20260924,20,3,1,0.5181425,0.10791483,0.1312677,0.24267499
s07_1test_r3_t05,7,1test,3,5,3,8131,False,Q13-E005,Q9_SHARED_SOURCE_SESSION_E,loso_s7,all,1|2|3|4|5|6|8|9,1test,20260924,20,3,2,0.2807348,0.3576017,0.19931535,0.16234812
s07_1test_r3_t06,7,1test,3,6,4,10242,False,Q13-E005,Q9_SHARED_SOURCE_SESSION_E,loso_s7,all,1|2|3|4|5|6|8|9,1test,20260924,20,4,4,0.16343585,0.06984234,0.20397426,0.5627476
s07_1test_r3_t07,7,1test,3,7,1,12159,False,Q13-E005,Q9_SHARED_SOURCE_SESSION_E,loso_s7,all,1|2|3|4|5|6|8|9,1test,20260924,20,1,1,0.34096646,0.28554696,0.14623404,0.22725259
s07_1test_r3_t08,7,1test,3,8,1,14209,True,Q13-E005,Q9_SHARED_SOURCE_SESSION_E,loso_s7,all,1|2|3|4|5|6|8|9,1test,20260924,20,1,1,0.5106119,0.21010637,0.112543836,0.16673793
s07_1test_r3_t09,7,1test,3,9,3,16140,False,Q13-E005,Q9_SHARED_SOURCE_SESSION_E,loso_s7,all,1|2|3|4|5|6|8|9,1test,20260924,20,3,2,0.28136337,0.30527845,0.26400548,0.14935276
s07_1test_r3_t10,7,1test,3,10,2,18138,False,Q13-E005,Q9_SHARED_SOURCE_SESSION_E,loso_s7,all,1|2|3|4|5|6|8|9,1test,20260924,20,2,3,0.16981976,0.30888614,0.32025802,0.20103611
s07_1test_r3_t11,7,1test,3,11,4,20044,False,Q13-E005,Q9_SHARED_SOURCE_SESSION_E,loso_s7,all,1|2|3|4|5|6|8|9,1test,20260924,20,4,1,0.3964788,0.14789598,0.19923036,0.25639492
s07_1test_r3_t12,7,1test,3,12,4,21939,False,Q13-E005,Q9_SHARED_SOURCE_SESSION_E,loso_s7,all,1|2|3|4|5|6|8|9,1test,20260924,20,4,2,0.14935596,0.4361894,0.09454495,0.31990966
s07_1test_r3_t13,7,1test,3,13,4,23911,False,Q13-E005,Q9_SHARED_SOURCE_SESSION_E,loso_s7,all,1|2|3|4|5|6|8|9,1test,20260924,20,4,1,0.3399013,0.07815777,0.2811856,0.30075535
s07_1test_r3_t14,7,1test,3,14,2,25855,False,Q13-E005,Q9_SHARED_SOURCE_SESSION_E,loso_s7,all,1|2|3|4|5|6|8|9,1test,20260924,20,2,4,0.12320013,0.22854447,0.3025912,0.3456642
s07_1test_r3_t15,7,1test,3,15,1,27822,False,Q13-E005,Q9_SHARED_SOURCE_SESSION_E,loso_s7,all,1|2|3|4|5|6|8|9,1test,20260924,20,1,1,0.46386006,0.21531376,0.13271806,0.18810809
s07_1test_r3_t16,7,1test,3,16,3,29942,False,Q13-E005,Q9_SHARED_SOURCE_SESSION_E,loso_s7,all,1|2|3|4|5|6|8|9,1test,20260924,20,3,2,0.23972178,0.35084125,0.24478456,0.16465242
s07_1test_r3_t17,7,1test,3,17,2,31950,False,Q13-E005,Q9_SHARED_SOURCE_SESSION_E,loso_s7,all,1|2|3|4|5|6|8|9,1test,20260924,20,2,2,0.047852296,0.544391,0.19796544,0.20979124
s07_1test_r3_t18,7,1test,3,18,4,34016,False,Q13-E005,Q9_SHARED_SOURCE_SESSION_E,loso_s7,all,1|2|3|4|5|6|8|9,1test,20260924,20,4,2,0.065758884,0.38086912,0.28901637,0.26435563
s07_1test_r3_t19,7,1test,3,19,1,36052,False,Q13-E005,Q9_SHARED_SOURCE_SESSION_E,loso_s7,all,1|2|3|4|5|6|8|9,1test,20260924,20,1,2,0.24280152,0.39634833,0.19394462,0.16690549
s07_1test_r3_t20,7,1test,3,20,4,38118,False,Q13-E005,Q9_SHARED_SOURCE_SESSION_E,loso_s7,all,1|2|3|4|5|6|8|9,1test,20260924,20,4,1,0.29837358,0.18651466,0.2964773,0.21863446
s07_1test_r3_t21,7,1test,3,21,3,40188,False,Q13-E005,Q9_SHARED_SOURCE_SESSION_E,loso_s7,all,1|2|3|4|5|6|8|9,1test,20260924,20,3,1,0.3009169,0.2298704,0.25062284,0.21858987
s07_1test_r3_t22,7,1test,3,22,2,42268,True,Q13-E005,Q9_SHARED_SOURCE_SESSION_E,loso_s7,all,1|2|3|4|5|6|8|9,1test,20260924,20,2,2,0.17273045,0.44519556,0.20030251,0.18177146
s07_1test_r3_t23,7,1test,3,23,4,44180,False,Q13-E005,Q9_SHARED_SOURCE_SESSION_E,loso_s7,all,1|2|3|4|5|6|8|9,1test,20260924,20,4,3,0.31624493,0.11006073,0.33743578,0.23625861
s07_1test_r3_t24,7,1test,3,24,4,46211,False,Q13-E005,Q9_SHARED_SOURCE_SESSION_E,loso_s7,all,1|2|3|4|5|6|8|9,1test,20260924,20,4,1,0.3490297,0.2874748,0.12782572,0.23566976
s07_1test_r3_t25,7,1test,3,25,1,48164,False,Q13-E005,Q9_SHARED_SOURCE_SESSION_E,loso_s7,all,1|2|3|4|5|6|8|9,1test,20260924,20,1,4,0.16376537,0.29138368,0.19402847,0.35082245
s07_1test_r3_t26,7,1test,3,26,2,50125,False,Q13-E005,Q9_SHARED_SOURCE_SESSION_E,loso_s7,all,1|2|3|4|5|6|8|9,1test,20260924,20,2,2,0.15466791,0.54840004,0.14880824,0.14812377
s07_1test_r3_t27,7,1test,3,27,2,52229,False,Q13-E005,Q9_SHARED_SOURCE_SESSION_E,loso_s7,all,1|2|3|4|5|6|8|9,1test,20260924,20,2,1,0.3856403,0.10114588,0.23747383,0.27574
s07_1test_r3_t28,7,1test,3,28,3,54233,False,Q13-E005,Q9_SHARED_SOURCE_SESSION_E,loso_s7,all,1|2|3|4|5|6|8|9,1test,20260924,20,3,2,0.23212737,0.2964872,0.25568098,0.21570446
s07_1test_r3_t29,7,1test,3,29,4,56208,False,Q13-E005,Q9_SHARED_SOURCE_SESSION_E,loso_s7,all,1|2|3|4|5|6|8|9,1test,20260924,20,4,4,0.19570188,0.1268417,0.2544168,0.4230397
s07_1test_r3_t30,7,1test,3,30,2,58234,False,Q13-E005,Q9_SHARED_SOURCE_SESSION_E,loso_s7,all,1|2|3|4|5|6|8|9,1test,20260924,20,2,2,0.056102753,0.5019156,0.15148325,0.2904984
s07_1test_r3_t31,7,1test,3,31,1,60305,False,Q13-E005,Q9_SHARED_SOURCE_SESSION_E,loso_s7,all,1|2|3|4|5|6|8|9,1test,20260924,20,1,1,0.36760372,0.11718311,0.15636186,0.3588513
s07_1test_r3_t32,7,1test,3,32,1,62412,False,Q13-E005,Q9_SHARED_SOURCE_SESSION_E,loso_s7,all,1|2|3|4|5|6|8|9,1test,20260924,20,1,1,0.5109176,0.11962207,0.16261247,0.2068479
s07_1test_r3_t33,7,1test,3,33,4,64504,False,Q13-E005,Q9_SHARED_SOURCE_SESSION_E,loso_s7,all,1|2|3|4|5|6|8|9,1test,20260924,20,4,1,0.5553069,0.061548725,0.16666336,0.21648097
s07_1test_r3_t34,7,1test,3,34,2,66595,False,Q13-E005,Q9_SHARED_SOURCE_SESSION_E,loso_s7,all,1|2|3|4|5|6|8|9,1test,20260924,20,2,2,0.30067363,0.38264504,0.11778526,0.19889602
s07_1test_r3_t35,7,1test,3,35,1,68638,False,Q13-E005,Q9_SHARED_SOURCE_SESSION_E,loso_s7,all,1|2|3|4|5|6|8|9,1test,20260924,20,1,1,0.44176674,0.1836922,0.09473623,0.2798048
s07_1test_r3_t36,7,1test,3,36,3,70702,False,Q13-E005,Q9_SHARED_SOURCE_SESSION_E,loso_s7,all,1|2|3|4|5|6|8|9,1test,20260924,20,3,4,0.14676209,0.29430375,0.111704275,0.44722986
s07_1test_r3_t37,7,1test,3,37,2,72722,False,Q13-E005,Q9_SHARED_SOURCE_SESSION_E,loso_s7,all,1|2|3|4|5|6|8|9,1test,20260924,20,2,1,0.5391047,0.11383475,0.13547045,0.21159008
s07_1test_r3_t38,7,1test,3,38,2,74694,False,Q13-E005,Q9_SHARED_SOURCE_SESSION_E,loso_s7,all,1|2|3|4|5|6|8|9,1test,20260924,20,2,1,0.4740326,0.2571796,0.10949899,0.15928882
s07_1test_r3_t39,7,1test,3,39,3,76657,False,Q13-E005,Q9_SHARED_SOURCE_SESSION_E,loso_s7,all,1|2|3|4|5|6|8|9,1test,20260924,20,3,3,0.21676075,0.24315946,0.3240205,0.21605933
s07_1test_r3_t40,7,1test,3,40,1,78582,False,Q13-E005,Q9_SHARED_SOURCE_SESSION_E,loso_s7,all,1|2|3|4|5|6|8|9,1test,20260924,20,1,1,0.39432523,0.16465558,0.15933667,0.2816825
s07_1test_r3_t41,7,1test,3,41,4,80663,False,Q13-E005,Q9_SHARED_SOURCE_SESSION_E,loso_s7,all,1|2|3|4|5|6|8|9,1test,20260924,20,4,3,0.26357368,0.27055958,0.27132946,0.19453725
s07_1test_r3_t42,7,1test,3,42,3,82641,False,Q13-E005,Q9_SHARED_SOURCE_SESSION_E,loso_s7,all,1|2|3|4|5|6|8|9,1test,20260924,20,3,2,0.18656509,0.378823,0.20150371,0.23310824
s07_1test_r3_t43,7,1test,3,43,3,84631,False,Q13-E005,Q9_SHARED_SOURCE_SESSION_E,loso_s7,all,1|2|3|4|5|6|8|9,1test,20260924,20,3,2,0.2976945,0.41655642,0.14882535,0.13692372
s07_1test_r3_t44,7,1test,3,44,3,86750,False,Q13-E005,Q9_SHARED_SOURCE_SESSION_E,loso_s7,all,1|2|3|4|5|6|8|9,1test,20260924,20,3,2,0.2542596,0.4076415,0.16422173,0.17387722
s07_1test_r3_t45,7,1test,3,45,3,88656,False,Q13-E005,Q9_SHARED_SOURCE_SESSION_E,loso_s7,all,1|2|3|4|5|6|8|9,1test,20260924,20,3,3,0.08205469,0.11683357,0.44014835,0.36096334
s07_1test_r3_t46,7,1test,3,46,1,90584,False,Q13-E005,Q9_SHARED_SOURCE_SESSION_E,loso_s7,all,1|2|3|4|5|6|8|9,1test,20260924,20,1,1,0.4090032,0.22943375,0.1308307,0.23073237
s07_1test_r3_t47,7,1test,3,47,2,92698,False,Q13-E005,Q9_SHARED_SOURCE_SESSION_E,loso_s7,all,1|2|3|4|5|6|8|9,1test,20260924,20,2,1,0.4066997,0.27226147,0.1691489,0.15188994
s07_1test_r3_t48,7,1test,3,48,1,94757,False,Q13-E005,Q9_SHARED_SOURCE_SESSION_E,loso_s7,all,1|2|3|4|5|6|8|9,1test,20260924,20,1,1,0.4336094,0.31645915,0.06816832,0.18176319
s07_1test_r4_t01,7,1test,4,1,2,250,False,Q13-E005,Q9_SHARED_SOURCE_SESSION_E,loso_s7,all,1|2|3|4|5|6|8|9,1test,20260924,20,2,1,0.3365025,0.2520726,0.2583316,0.15309334
s07_1test_r4_t02,7,1test,4,2,1,2253,False,Q13-E005,Q9_SHARED_SOURCE_SESSION_E,loso_s7,all,1|2|3|4|5|6|8|9,1test,20260924,20,1,2,0.23989226,0.38792843,0.17294289,0.19923636
s07_1test_r4_t03,7,1test,4,3,1,4171,False,Q13-E005,Q9_SHARED_SOURCE_SESSION_E,loso_s7,all,1|2|3|4|5|6|8|9,1test,20260924,20,1,1,0.44652253,0.28493834,0.09234744,0.17619161
s07_1test_r4_t04,7,1test,4,4,3,6123,False,Q13-E005,Q9_SHARED_SOURCE_SESSION_E,loso_s7,all,1|2|3|4|5|6|8|9,1test,20260924,20,3,2,0.11630158,0.34757617,0.32969636,0.20642586
s07_1test_r4_t05,7,1test,4,5,3,8131,False,Q13-E005,Q9_SHARED_SOURCE_SESSION_E,loso_s7,all,1|2|3|4|5|6|8|9,1test,20260924,20,3,4,0.18841042,0.14397407,0.28530115,0.3823144
s07_1test_r4_t06,7,1test,4,6,2,10242,False,Q13-E005,Q9_SHARED_SOURCE_SESSION_E,loso_s7,all,1|2|3|4|5|6|8|9,1test,20260924,20,2,1,0.33242083,0.21378353,0.21729562,0.23650005
s07_1test_r4_t07,7,1test,4,7,3,12159,False,Q13-E005,Q9_SHARED_SOURCE_SESSION_E,loso_s7,all,1|2|3|4|5|6|8|9,1test,20260924,20,3,1,0.34700245,0.31277135,0.124044456,0.21618176
s07_1test_r4_t08,7,1test,4,8,4,14209,False,Q13-E005,Q9_SHARED_SOURCE_SESSION_E,loso_s7,all,1|2|3|4|5|6|8|9,1test,20260924,20,4,1,0.3272843,0.08708945,0.2852098,0.30041653
s07_1test_r4_t09,7,1test,4,9,1,16140,False,Q13-E005,Q9_SHARED_SOURCE_SESSION_E,loso_s7,all,1|2|3|4|5|6|8|9,1test,20260924,20,1,1,0.33721185,0.26010948,0.18495405,0.21772464
s07_1test_r4_t10,7,1test,4,10,4,18138,False,Q13-E005,Q9_SHARED_SOURCE_SESSION_E,loso_s7,all,1|2|3|4|5|6|8|9,1test,20260924,20,4,2,0.0624636,0.41206008,0.33003318,0.19544314
s07_1test_r4_t11,7,1test,4,11,1,20044,False,Q13-E005,Q9_SHARED_SOURCE_SESSION_E,loso_s7,all,1|2|3|4|5|6|8|9,1test,20260924,20,1,4,0.15979835,0.25414544,0.21747082,0.36858544
s07_1test_r4_t12,7,1test,4,12,1,21939,False,Q13-E005,Q9_SHARED_SOURCE_SESSION_E,loso_s7,all,1|2|3|4|5|6|8|9,1test,20260924,20,1,1,0.44615874,0.07249301,0.29253706,0.18881121
s07_1test_r4_t13,7,1test,4,13,2,23911,False,Q13-E005,Q9_SHARED_SOURCE_SESSION_E,loso_s7,all,1|2|3|4|5|6|8|9,1test,20260924,20,2,2,0.28014645,0.33516848,0.23164754,0.15303752
s07_1test_r4_t14,7,1test,4,14,4,25855,True,Q13-E005,Q9_SHARED_SOURCE_SESSION_E,loso_s7,all,1|2|3|4|5|6|8|9,1test,20260924,20,4,4,0.09755693,0.028677667,0.28065944,0.59310603
s07_1test_r4_t15,7,1test,4,15,3,27822,False,Q13-E005,Q9_SHARED_SOURCE_SESSION_E,loso_s7,all,1|2|3|4|5|6|8|9,1test,20260924,20,3,4,0.16670242,0.2811472,0.22129965,0.33085075
s07_1test_r4_t16,7,1test,4,16,2,29942,False,Q13-E005,Q9_SHARED_SOURCE_SESSION_E,loso_s7,all,1|2|3|4|5|6|8|9,1test,20260924,20,2,1,0.39704147,0.10510601,0.24023344,0.25761905
s07_1test_r4_t17,7,1test,4,17,4,31950,False,Q13-E005,Q9_SHARED_SOURCE_SESSION_E,loso_s7,all,1|2|3|4|5|6|8|9,1test,20260924,20,4,4,0.15817414,0.20216203,0.29579297,0.34387088
s07_1test_r4_t18,7,1test,4,18,3,34016,False,Q13-E005,Q9_SHARED_SOURCE_SESSION_E,loso_s7,all,1|2|3|4|5|6|8|9,1test,20260924,20,3,2,0.28124478,0.32651708,0.23834597,0.15389223
s07_1test_r4_t19,7,1test,4,19,4,36052,False,Q13-E005,Q9_SHARED_SOURCE_SESSION_E,loso_s7,all,1|2|3|4|5|6|8|9,1test,20260924,20,4,2,0.25734493,0.2930273,0.17117612,0.27845165
s07_1test_r4_t20,7,1test,4,20,3,38118,False,Q13-E005,Q9_SHARED_SOURCE_SESSION_E,loso_s7,all,1|2|3|4|5|6|8|9,1test,20260924,20,3,2,0.19994801,0.44734213,0.18321322,0.16949666
s07_1test_r4_t21,7,1test,4,21,4,40188,False,Q13-E005,Q9_SHARED_SOURCE_SESSION_E,loso_s7,all,1|2|3|4|5|6|8|9,1test,20260924,20,4,1,0.5204838,0.15073429,0.12706473,0.20171718
s07_1test_r4_t22,7,1test,4,22,2,42268,False,Q13-E005,Q9_SHARED_SOURCE_SESSION_E,loso_s7,all,1|2|3|4|5|6|8|9,1test,20260924,20,2,2,0.24124078,0.34254897,0.22433527,0.19187494
s07_1test_r4_t23,7,1test,4,23,2,44180,False,Q13-E005,Q9_SHARED_SOURCE_SESSION_E,loso_s7,all,1|2|3|4|5|6|8|9,1test,20260924,20,2,2,0.23322557,0.46067074,0.15645644,0.14964718
s07_1test_r4_t24,7,1test,4,24,4,46211,False,Q13-E005,Q9_SHARED_SOURCE_SESSION_E,loso_s7,all,1|2|3|4|5|6|8|9,1test,20260924,20,4,1,0.36210036,0.29969186,0.16215003,0.17605777
s07_1test_r4_t25,7,1test,4,25,1,48164,False,Q13-E005,Q9_SHARED_SOURCE_SESSION_E,loso_s7,all,1|2|3|4|5|6|8|9,1test,20260924,20,1,1,0.39969543,0.28945616,0.14639997,0.16444835
s07_1test_r4_t26,7,1test,4,26,2,50125,True,Q13-E005,Q9_SHARED_SOURCE_SESSION_E,loso_s7,all,1|2|3|4|5|6|8|9,1test,20260924,20,2,2,0.2850797,0.38713756,0.20846562,0.11931712
s07_1test_r4_t27,7,1test,4,27,2,52229,False,Q13-E005,Q9_SHARED_SOURCE_SESSION_E,loso_s7,all,1|2|3|4|5|6|8|9,1test,20260924,20,2,1,0.45373818,0.13764982,0.26531452,0.14329752
s07_1test_r4_t28,7,1test,4,28,2,54233,False,Q13-E005,Q9_SHARED_SOURCE_SESSION_E,loso_s7,all,1|2|3|4|5|6|8|9,1test,20260924,20,2,2,0.25200242,0.50327814,0.13747002,0.10724941
s07_1test_r4_t29,7,1test,4,29,3,56208,False,Q13-E005,Q9_SHARED_SOURCE_SESSION_E,loso_s7,all,1|2|3|4|5|6|8|9,1test,20260924,20,3,2,0.24750301,0.40280423,0.1809604,0.16873239
s07_1test_r4_t30,7,1test,4,30,4,58234,False,Q13-E005,Q9_SHARED_SOURCE_SESSION_E,loso_s7,all,1|2|3|4|5|6|8|9,1test,20260924,20,4,1,0.5832593,0.03421455,0.13620459,0.2463215
s07_1test_r4_t31,7,1test,4,31,1,60305,False,Q13-E005,Q9_SHARED_SOURCE_SESSION_E,loso_s7,all,1|2|3|4|5|6|8|9,1test,20260924,20,1,2,0.22372057,0.3167014,0.19756912,0.26200888
s07_1test_r4_t32,7,1test,4,32,4,62412,False,Q13-E005,Q9_SHARED_SOURCE_SESSION_E,loso_s7,all,1|2|3|4|5|6|8|9,1test,20260924,20,4,1,0.39222813,0.10132735,0.18041526,0.32602918
s07_1test_r4_t33,7,1test,4,33,1,64504,False,Q13-E005,Q9_SHARED_SOURCE_SESSION_E,loso_s7,all,1|2|3|4|5|6|8|9,1test,20260924,20,1,4,0.20247482,0.09585214,0.29557022,0.40610287
s07_1test_r4_t34,7,1test,4,34,3,66595,False,Q13-E005,Q9_SHARED_SOURCE_SESSION_E,loso_s7,all,1|2|3|4|5|6|8|9,1test,20260924,20,3,2,0.31474298,0.36523667,0.1985826,0.12143781
s07_1test_r4_t35,7,1test,4,35,1,68638,False,Q13-E005,Q9_SHARED_SOURCE_SESSION_E,loso_s7,all,1|2|3|4|5|6|8|9,1test,20260924,20,1,1,0.53072125,0.13553418,0.17288867,0.16085589
s07_1test_r4_t36,7,1test,4,36,4,70702,False,Q13-E005,Q9_SHARED_SOURCE_SESSION_E,loso_s7,all,1|2|3|4|5|6|8|9,1test,20260924,20,4,1,0.57228905,0.18450592,0.07070645,0.17249857
s07_1test_r4_t37,7,1test,4,37,1,72722,False,Q13-E005,Q9_SHARED_SOURCE_SESSION_E,loso_s7,all,1|2|3|4|5|6|8|9,1test,20260924,20,1,2,0.22781657,0.3134791,0.25499862,0.2037057
s07_1test_r4_t38,7,1test,4,38,3,74694,False,Q13-E005,Q9_SHARED_SOURCE_SESSION_E,loso_s7,all,1|2|3|4|5|6|8|9,1test,20260924,20,3,1,0.40254596,0.10177232,0.2401023,0.25557938
s07_1test_r4_t39,7,1test,4,39,1,76657,False,Q13-E005,Q9_SHARED_SOURCE_SESSION_E,loso_s7,all,1|2|3|4|5|6|8|9,1test,20260924,20,1,1,0.35384944,0.23769906,0.21273607,0.1957154
s07_1test_r4_t40,7,1test,4,40,2,78582,False,Q13-E005,Q9_SHARED_SOURCE_SESSION_E,loso_s7,all,1|2|3|4|5|6|8|9,1test,20260924,20,2,2,0.26797664,0.5231845,0.084163874,0.124674976
s07_1test_r4_t41,7,1test,4,41,3,80663,False,Q13-E005,Q9_SHARED_SOURCE_SESSION_E,loso_s7,all,1|2|3|4|5|6|8|9,1test,20260924,20,3,1,0.35461286,0.22335225,0.24204631,0.1799886
s07_1test_r4_t42,7,1test,4,42,3,82641,False,Q13-E005,Q9_SHARED_SOURCE_SESSION_E,loso_s7,all,1|2|3|4|5|6|8|9,1test,20260924,20,3,2,0.27153367,0.27168444,0.26523176,0.19155015
s07_1test_r4_t43,7,1test,4,43,4,84631,False,Q13-E005,Q9_SHARED_SOURCE_SESSION_E,loso_s7,all,1|2|3|4|5|6|8|9,1test,20260924,20,4,1,0.3821996,0.12670748,0.2516171,0.23947583
s07_1test_r4_t44,7,1test,4,44,1,86750,False,Q13-E005,Q9_SHARED_SOURCE_SESSION_E,loso_s7,all,1|2|3|4|5|6|8|9,1test,20260924,20,1,1,0.40891093,0.22497198,0.1093046,0.25681248
s07_1test_r4_t45,7,1test,4,45,2,88656,False,Q13-E005,Q9_SHARED_SOURCE_SESSION_E,loso_s7,all,1|2|3|4|5|6|8|9,1test,20260924,20,2,2,0.14151895,0.38826442,0.26111355,0.20910312
s07_1test_r4_t46,7,1test,4,46,4,90584,False,Q13-E005,Q9_SHARED_SOURCE_SESSION_E,loso_s7,all,1|2|3|4|5|6|8|9,1test,20260924,20,4,3,0.23606211,0.1378801,0.34289646,0.28316137
s07_1test_r4_t47,7,1test,4,47,2,92698,False,Q13-E005,Q9_SHARED_SOURCE_SESSION_E,loso_s7,all,1|2|3|4|5|6|8|9,1test,20260924,20,2,1,0.36890164,0.33427468,0.16690195,0.12992169
s07_1test_r4_t48,7,1test,4,48,3,94757,False,Q13-E005,Q9_SHARED_SOURCE_SESSION_E,loso_s7,all,1|2|3|4|5|6|8|9,1test,20260924,20,3,2,0.22051996,0.3675517,0.23471868,0.17720966
s07_1test_r5_t01,7,1test,5,1,3,250,True,Q13-E005,Q9_SHARED_SOURCE_SESSION_E,loso_s7,all,1|2|3|4|5|6|8|9,1test,20260924,20,3,2,0.16099823,0.46928373,0.22059645,0.14912155
s07_1test_r5_t02,7,1test,5,2,1,2253,False,Q13-E005,Q9_SHARED_SOURCE_SESSION_E,loso_s7,all,1|2|3|4|5|6|8|9,1test,20260924,20,1,2,0.12096128,0.34680024,0.33660826,0.19563025
s07_1test_r5_t03,7,1test,5,3,4,4171,False,Q13-E005,Q9_SHARED_SOURCE_SESSION_E,loso_s7,all,1|2|3|4|5|6|8|9,1test,20260924,20,4,2,0.17476083,0.315309,0.29653648,0.21339369
s07_1test_r5_t04,7,1test,5,4,2,6123,False,Q13-E005,Q9_SHARED_SOURCE_SESSION_E,loso_s7,all,1|2|3|4|5|6|8|9,1test,20260924,20,2,2,0.11099824,0.66216266,0.12166478,0.10517425
s07_1test_r5_t05,7,1test,5,5,4,8131,False,Q13-E005,Q9_SHARED_SOURCE_SESSION_E,loso_s7,all,1|2|3|4|5|6|8|9,1test,20260924,20,4,4,0.21516934,0.3067022,0.15660249,0.32152593
s07_1test_r5_t06,7,1test,5,6,1,10242,False,Q13-E005,Q9_SHARED_SOURCE_SESSION_E,loso_s7,all,1|2|3|4|5|6|8|9,1test,20260924,20,1,1,0.40220153,0.29440144,0.18167543,0.121721685
s07_1test_r5_t07,7,1test,5,7,1,12159,False,Q13-E005,Q9_SHARED_SOURCE_SESSION_E,loso_s7,all,1|2|3|4|5|6|8|9,1test,20260924,20,1,2,0.1442192,0.4102819,0.17556486,0.26993403
s07_1test_r5_t08,7,1test,5,8,3,14209,False,Q13-E005,Q9_SHARED_SOURCE_SESSION_E,loso_s7,all,1|2|3|4|5|6|8|9,1test,20260924,20,3,2,0.15890697,0.36393103,0.27356634,0.20359567
s07_1test_r5_t09,7,1test,5,9,3,16140,False,Q13-E005,Q9_SHARED_SOURCE_SESSION_E,loso_s7,all,1|2|3|4|5|6|8|9,1test,20260924,20,3,2,0.23554417,0.41374683,0.16086626,0.18984279
s07_1test_r5_t10,7,1test,5,10,2,18138,False,Q13-E005,Q9_SHARED_SOURCE_SESSION_E,loso_s7,all,1|2|3|4|5|6|8|9,1test,20260924,20,2,2,0.13225675,0.48027858,0.196209,0.19125569
s07_1test_r5_t11,7,1test,5,11,4,20044,False,Q13-E005,Q9_SHARED_SOURCE_SESSION_E,loso_s7,all,1|2|3|4|5|6|8|9,1test,20260924,20,4,4,0.18299724,0.1368915,0.15797248,0.5221388
s07_1test_r5_t12,7,1test,5,12,2,21939,False,Q13-E005,Q9_SHARED_SOURCE_SESSION_E,loso_s7,all,1|2|3|4|5|6|8|9,1test,20260924,20,2,1,0.3287057,0.22618464,0.22133462,0.22377503
s07_1test_r5_t13,7,1test,5,13,2,23911,False,Q13-E005,Q9_SHARED_SOURCE_SESSION_E,loso_s7,all,1|2|3|4|5|6|8|9,1test,20260924,20,2,2,0.31969106,0.4059017,0.12865005,0.14575723
s07_1test_r5_t14,7,1test,5,14,1,25855,False,Q13-E005,Q9_SHARED_SOURCE_SESSION_E,loso_s7,all,1|2|3|4|5|6|8|9,1test,20260924,20,1,2,0.15648915,0.5316531,0.14224966,0.16960809
s07_1test_r5_t15,7,1test,5,15,2,27822,False,Q13-E005,Q9_SHARED_SOURCE_SESSION_E,loso_s7,all,1|2|3|4|5|6|8|9,1test,20260924,20,2,2,0.25992098,0.35965148,0.15529904,0.22512849
s07_1test_r5_t16,7,1test,5,16,4,29942,False,Q13-E005,Q9_SHARED_SOURCE_SESSION_E,loso_s7,all,1|2|3|4|5|6|8|9,1test,20260924,20,4,4,0.13106722,0.059745364,0.25629115,0.55289626
s07_1test_r5_t17,7,1test,5,17,4,31950,False,Q13-E005,Q9_SHARED_SOURCE_SESSION_E,loso_s7,all,1|2|3|4|5|6|8|9,1test,20260924,20,4,1,0.39663184,0.14373389,0.17041153,0.28922272
s07_1test_r5_t18,7,1test,5,18,2,34016,False,Q13-E005,Q9_SHARED_SOURCE_SESSION_E,loso_s7,all,1|2|3|4|5|6|8|9,1test,20260924,20,2,2,0.28366926,0.31719372,0.20658161,0.19255541
s07_1test_r5_t19,7,1test,5,19,2,36052,False,Q13-E005,Q9_SHARED_SOURCE_SESSION_E,loso_s7,all,1|2|3|4|5|6|8|9,1test,20260924,20,2,1,0.5591617,0.19508353,0.1505384,0.095216334
s07_1test_r5_t20,7,1test,5,20,2,38118,False,Q13-E005,Q9_SHARED_SOURCE_SESSION_E,loso_s7,all,1|2|3|4|5|6|8|9,1test,20260924,20,2,2,0.18146235,0.32665512,0.30501372,0.18686882
s07_1test_r5_t21,7,1test,5,21,2,40188,False,Q13-E005,Q9_SHARED_SOURCE_SESSION_E,loso_s7,all,1|2|3|4|5|6|8|9,1test,20260924,20,2,1,0.40493047,0.23796411,0.2290282,0.1280773
s07_1test_r5_t22,7,1test,5,22,4,42268,False,Q13-E005,Q9_SHARED_SOURCE_SESSION_E,loso_s7,all,1|2|3|4|5|6|8|9,1test,20260924,20,4,1,0.38281894,0.1374612,0.23881865,0.24090123
s07_1test_r5_t23,7,1test,5,23,4,44180,False,Q13-E005,Q9_SHARED_SOURCE_SESSION_E,loso_s7,all,1|2|3|4|5|6|8|9,1test,20260924,20,4,4,0.343994,0.08861686,0.09435107,0.47303805
s07_1test_r5_t24,7,1test,5,24,3,46211,False,Q13-E005,Q9_SHARED_SOURCE_SESSION_E,loso_s7,all,1|2|3|4|5|6|8|9,1test,20260924,20,3,2,0.20891151,0.40912998,0.20806922,0.17388926
s07_1test_r5_t25,7,1test,5,25,4,48164,False,Q13-E005,Q9_SHARED_SOURCE_SESSION_E,loso_s7,all,1|2|3|4|5|6|8|9,1test,20260924,20,4,4,0.25894427,0.19573408,0.23838618,0.3069355
s07_1test_r5_t26,7,1test,5,26,1,50125,False,Q13-E005,Q9_SHARED_SOURCE_SESSION_E,loso_s7,all,1|2|3|4|5|6|8|9,1test,20260924,20,1,1,0.4869241,0.15662079,0.13893166,0.21752352
s07_1test_r5_t27,7,1test,5,27,2,52229,False,Q13-E005,Q9_SHARED_SOURCE_SESSION_E,loso_s7,all,1|2|3|4|5|6|8|9,1test,20260924,20,2,4,0.14744215,0.1363334,0.21358725,0.5026372
s07_1test_r5_t28,7,1test,5,28,3,54233,False,Q13-E005,Q9_SHARED_SOURCE_SESSION_E,loso_s7,all,1|2|3|4|5|6|8|9,1test,20260924,20,3,1,0.4729717,0.17613909,0.1765375,0.1743517
s07_1test_r5_t29,7,1test,5,29,2,56208,False,Q13-E005,Q9_SHARED_SOURCE_SESSION_E,loso_s7,all,1|2|3|4|5|6|8|9,1test,20260924,20,2,2,0.16634183,0.42146692,0.20746128,0.20472996
s07_1test_r5_t30,7,1test,5,30,1,58234,False,Q13-E005,Q9_SHARED_SOURCE_SESSION_E,loso_s7,all,1|2|3|4|5|6|8|9,1test,20260924,20,1,1,0.5783275,0.08566443,0.117531985,0.21847606
s07_1test_r5_t31,7,1test,5,31,4,60305,False,Q13-E005,Q9_SHARED_SOURCE_SESSION_E,loso_s7,all,1|2|3|4|5|6|8|9,1test,20260924,20,4,1,0.40663388,0.32504657,0.1347585,0.13356099
s07_1test_r5_t32,7,1test,5,32,1,62412,False,Q13-E005,Q9_SHARED_SOURCE_SESSION_E,loso_s7,all,1|2|3|4|5|6|8|9,1test,20260924,20,1,1,0.44367483,0.18033643,0.1472333,0.22875543
s07_1test_r5_t33,7,1test,5,33,4,64504,False,Q13-E005,Q9_SHARED_SOURCE_SESSION_E,loso_s7,all,1|2|3|4|5|6|8|9,1test,20260924,20,4,3,0.14577758,0.18183398,0.38296473,0.28942367
s07_1test_r5_t34,7,1test,5,34,1,66595,False,Q13-E005,Q9_SHARED_SOURCE_SESSION_E,loso_s7,all,1|2|3|4|5|6|8|9,1test,20260924,20,1,2,0.2284113,0.46227613,0.16707504,0.14223754
s07_1test_r5_t35,7,1test,5,35,1,68638,False,Q13-E005,Q9_SHARED_SOURCE_SESSION_E,loso_s7,all,1|2|3|4|5|6|8|9,1test,20260924,20,1,2,0.31073818,0.5107085,0.050522115,0.12803118
s07_1test_r5_t36,7,1test,5,36,1,70702,False,Q13-E005,Q9_SHARED_SOURCE_SESSION_E,loso_s7,all,1|2|3|4|5|6|8|9,1test,20260924,20,1,2,0.16164164,0.3771435,0.25665697,0.20455788
s07_1test_r5_t37,7,1test,5,37,1,72722,False,Q13-E005,Q9_SHARED_SOURCE_SESSION_E,loso_s7,all,1|2|3|4|5|6|8|9,1test,20260924,20,1,1,0.5241254,0.37029177,0.037319973,0.06826283
s07_1test_r5_t38,7,1test,5,38,3,74694,False,Q13-E005,Q9_SHARED_SOURCE_SESSION_E,loso_s7,all,1|2|3|4|5|6|8|9,1test,20260924,20,3,2,0.17802519,0.45681083,0.23045887,0.13470508
s07_1test_r5_t39,7,1test,5,39,3,76657,False,Q13-E005,Q9_SHARED_SOURCE_SESSION_E,loso_s7,all,1|2|3|4|5|6|8|9,1test,20260924,20,3,1,0.51864296,0.3068472,0.10072448,0.07378534
s07_1test_r5_t40,7,1test,5,40,4,78582,False,Q13-E005,Q9_SHARED_SOURCE_SESSION_E,loso_s7,all,1|2|3|4|5|6|8|9,1test,20260924,20,4,4,0.07670353,0.22478099,0.33424416,0.36427128
s07_1test_r5_t41,7,1test,5,41,2,80663,False,Q13-E005,Q9_SHARED_SOURCE_SESSION_E,loso_s7,all,1|2|3|4|5|6|8|9,1test,20260924,20,2,2,0.16591299,0.4686151,0.19225892,0.17321302
s07_1test_r5_t42,7,1test,5,42,3,82641,False,Q13-E005,Q9_SHARED_SOURCE_SESSION_E,loso_s7,all,1|2|3|4|5|6|8|9,1test,20260924,20,3,2,0.22141604,0.33972645,0.23228286,0.20657462
s07_1test_r5_t43,7,1test,5,43,3,84631,False,Q13-E005,Q9_SHARED_SOURCE_SESSION_E,loso_s7,all,1|2|3|4|5|6|8|9,1test,20260924,20,3,1,0.5374923,0.19801635,0.12391566,0.14057568
s07_1test_r5_t44,7,1test,5,44,3,86750,False,Q13-E005,Q9_SHARED_SOURCE_SESSION_E,loso_s7,all,1|2|3|4|5|6|8|9,1test,20260924,20,3,1,0.36998022,0.32139435,0.14491268,0.1637127
s07_1test_r5_t45,7,1test,5,45,4,88656,False,Q13-E005,Q9_SHARED_SOURCE_SESSION_E,loso_s7,all,1|2|3|4|5|6|8|9,1test,20260924,20,4,2,0.11018138,0.3645885,0.23202515,0.29320496
s07_1test_r5_t46,7,1test,5,46,3,90584,False,Q13-E005,Q9_SHARED_SOURCE_SESSION_E,loso_s7,all,1|2|3|4|5|6|8|9,1test,20260924,20,3,1,0.49433932,0.21873873,0.15376826,0.13315368
s07_1test_r5_t47,7,1test,5,47,1,92698,False,Q13-E005,Q9_SHARED_SOURCE_SESSION_E,loso_s7,all,1|2|3|4|5|6|8|9,1test,20260924,20,1,1,0.31132686,0.17333986,0.21445747,0.30087584
s07_1test_r5_t48,7,1test,5,48,3,94757,False,Q13-E005,Q9_SHARED_SOURCE_SESSION_E,loso_s7,all,1|2|3|4|5|6|8|9,1test,20260924,20,3,1,0.44182193,0.1055568,0.20986493,0.24275626
