sample_id,subject,session,run,label,file_id,raw_sha256,cue_sample_native,dataset,experiment_id,model,seed,p_left,p_right,predicted_label
s15_1_retained_1_t001,15,1,retained_labeled_MI,1,s15.mat,95011e9b668784c8dad3c45bb6105232190848db6100eafe53d4ddff55cb35d7,1023,Cho2017,Q15-E006,BROAD_EEGNET,20260924,7.213901107331819e-14,1.0,2
s15_1_retained_1_t002,15,1,retained_labeled_MI,1,s15.mat,95011e9b668784c8dad3c45bb6105232190848db6100eafe53d4ddff55cb35d7,4607,Cho2017,Q15-E006,BROAD_EEGNET,20260924,1.4791359326596365e-12,1.0,2
s15_1_retained_1_t003,15,1,retained_labeled_MI,1,s15.mat,95011e9b668784c8dad3c45bb6105232190848db6100eafe53d4ddff55cb35d7,8191,Cho2017,Q15-E006,BROAD_EEGNET,20260924,4.0421844258051664e-16,1.0,2
s15_1_retained_1_t004,15,1,retained_labeled_MI,1,s15.mat,95011e9b668784c8dad3c45bb6105232190848db6100eafe53d4ddff55cb35d7,11775,Cho2017,Q15-E006,BROAD_EEGNET,20260924,3.2810034178591313e-21,1.0,2
s15_1_retained_1_t005,15,1,retained_labeled_MI,1,s15.mat,95011e9b668784c8dad3c45bb6105232190848db6100eafe53d4ddff55cb35d7,15359,Cho2017,Q15-E006,BROAD_EEGNET,20260924,1.1351393436331847e-10,1.0,2
s15_1_retained_1_t006,15,1,retained_labeled_MI,1,s15.mat,95011e9b668784c8dad3c45bb6105232190848db6100eafe53d4ddff55cb35d7,18943,Cho2017,Q15-E006,BROAD_EEGNET,20260924,4.109273215220363e-30,1.0,2
s15_1_retained_1_t007,15,1,retained_labeled_MI,1,s15.mat,95011e9b668784c8dad3c45bb6105232190848db6100eafe53d4ddff55cb35d7,22527,Cho2017,Q15-E006,BROAD_EEGNET,20260924,1.8693975187278333e-11,1.0,2
s15_1_retained_1_t008,15,1,retained_labeled_MI,1,s15.mat,95011e9b668784c8dad3c45bb6105232190848db6100eafe53d4ddff55cb35d7,26111,Cho2017,Q15-E006,BROAD_EEGNET,20260924,2.802596928649634e-45,1.0,2
s15_1_retained_1_t009,15,1,retained_labeled_MI,1,s15.mat,95011e9b668784c8dad3c45bb6105232190848db6100eafe53d4ddff55cb35d7,29695,Cho2017,Q15-E006,BROAD_EEGNET,20260924,3.77857104100504e-37,1.0,2
s15_1_retained_1_t010,15,1,retained_labeled_MI,1,s15.mat,95011e9b668784c8dad3c45bb6105232190848db6100eafe53d4ddff55cb35d7,33279,Cho2017,Q15-E006,BROAD_EEGNET,20260924,1.734096473072492e-17,1.0,2
s15_1_retained_1_t011,15,1,retained_labeled_MI,1,s15.mat,95011e9b668784c8dad3c45bb6105232190848db6100eafe53d4ddff55cb35d7,36863,Cho2017,Q15-E006,BROAD_EEGNET,20260924,1.480496778388388e-19,1.0,2
s15_1_retained_1_t012,15,1,retained_labeled_MI,1,s15.mat,95011e9b668784c8dad3c45bb6105232190848db6100eafe53d4ddff55cb35d7,40447,Cho2017,Q15-E006,BROAD_EEGNET,20260924,9.073740281059391e-20,1.0,2
s15_1_retained_1_t013,15,1,retained_labeled_MI,1,s15.mat,95011e9b668784c8dad3c45bb6105232190848db6100eafe53d4ddff55cb35d7,44031,Cho2017,Q15-E006,BROAD_EEGNET,20260924,7.308634273775404e-21,1.0,2
s15_1_retained_1_t014,15,1,retained_labeled_MI,1,s15.mat,95011e9b668784c8dad3c45bb6105232190848db6100eafe53d4ddff55cb35d7,47615,Cho2017,Q15-E006,BROAD_EEGNET,20260924,4.746017657453194e-05,0.9999525547027588,2
s15_1_retained_1_t015,15,1,retained_labeled_MI,1,s15.mat,95011e9b668784c8dad3c45bb6105232190848db6100eafe53d4ddff55cb35d7,51199,Cho2017,Q15-E006,BROAD_EEGNET,20260924,5.992232502819504e-27,1.0,2
s15_1_retained_1_t016,15,1,retained_labeled_MI,1,s15.mat,95011e9b668784c8dad3c45bb6105232190848db6100eafe53d4ddff55cb35d7,54783,Cho2017,Q15-E006,BROAD_EEGNET,20260924,1.397673962549174e-28,1.0,2
s15_1_retained_1_t017,15,1,retained_labeled_MI,1,s15.mat,95011e9b668784c8dad3c45bb6105232190848db6100eafe53d4ddff55cb35d7,58367,Cho2017,Q15-E006,BROAD_EEGNET,20260924,2.2187048671481135e-17,1.0,2
s15_1_retained_1_t018,15,1,retained_labeled_MI,1,s15.mat,95011e9b668784c8dad3c45bb6105232190848db6100eafe53d4ddff55cb35d7,61951,Cho2017,Q15-E006,BROAD_EEGNET,20260924,9.708412025688506e-12,1.0,2
s15_1_retained_1_t019,15,1,retained_labeled_MI,1,s15.mat,95011e9b668784c8dad3c45bb6105232190848db6100eafe53d4ddff55cb35d7,65535,Cho2017,Q15-E006,BROAD_EEGNET,20260924,1.2939112271588807e-26,1.0,2
s15_1_retained_1_t020,15,1,retained_labeled_MI,1,s15.mat,95011e9b668784c8dad3c45bb6105232190848db6100eafe53d4ddff55cb35d7,69119,Cho2017,Q15-E006,BROAD_EEGNET,20260924,1.3094887648466669e-25,1.0,2
s15_1_retained_1_t021,15,1,retained_labeled_MI,1,s15.mat,95011e9b668784c8dad3c45bb6105232190848db6100eafe53d4ddff55cb35d7,72703,Cho2017,Q15-E006,BROAD_EEGNET,20260924,2.795439310612876e-21,1.0,2
s15_1_retained_1_t022,15,1,retained_labeled_MI,1,s15.mat,95011e9b668784c8dad3c45bb6105232190848db6100eafe53d4ddff55cb35d7,76287,Cho2017,Q15-E006,BROAD_EEGNET,20260924,7.593424929362701e-30,1.0,2
s15_1_retained_1_t023,15,1,retained_labeled_MI,1,s15.mat,95011e9b668784c8dad3c45bb6105232190848db6100eafe53d4ddff55cb35d7,79871,Cho2017,Q15-E006,BROAD_EEGNET,20260924,1.6027865701317978e-09,1.0,2
s15_1_retained_1_t024,15,1,retained_labeled_MI,1,s15.mat,95011e9b668784c8dad3c45bb6105232190848db6100eafe53d4ddff55cb35d7,83455,Cho2017,Q15-E006,BROAD_EEGNET,20260924,7.556879738214377e-20,1.0,2
s15_1_retained_1_t025,15,1,retained_labeled_MI,1,s15.mat,95011e9b668784c8dad3c45bb6105232190848db6100eafe53d4ddff55cb35d7,87039,Cho2017,Q15-E006,BROAD_EEGNET,20260924,1.2241601114065742e-23,1.0,2
s15_1_retained_1_t026,15,1,retained_labeled_MI,1,s15.mat,95011e9b668784c8dad3c45bb6105232190848db6100eafe53d4ddff55cb35d7,90623,Cho2017,Q15-E006,BROAD_EEGNET,20260924,1.278039817937315e-14,1.0,2
s15_1_retained_1_t027,15,1,retained_labeled_MI,1,s15.mat,95011e9b668784c8dad3c45bb6105232190848db6100eafe53d4ddff55cb35d7,94207,Cho2017,Q15-E006,BROAD_EEGNET,20260924,2.946550187341793e-30,1.0,2
s15_1_retained_1_t028,15,1,retained_labeled_MI,1,s15.mat,95011e9b668784c8dad3c45bb6105232190848db6100eafe53d4ddff55cb35d7,97791,Cho2017,Q15-E006,BROAD_EEGNET,20260924,1.1240179902438937e-21,1.0,2
s15_1_retained_1_t029,15,1,retained_labeled_MI,1,s15.mat,95011e9b668784c8dad3c45bb6105232190848db6100eafe53d4ddff55cb35d7,101375,Cho2017,Q15-E006,BROAD_EEGNET,20260924,2.7507921464454896e-33,1.0,2
s15_1_retained_1_t030,15,1,retained_labeled_MI,1,s15.mat,95011e9b668784c8dad3c45bb6105232190848db6100eafe53d4ddff55cb35d7,104959,Cho2017,Q15-E006,BROAD_EEGNET,20260924,8.175389500966698e-21,1.0,2
s15_1_retained_1_t031,15,1,retained_labeled_MI,1,s15.mat,95011e9b668784c8dad3c45bb6105232190848db6100eafe53d4ddff55cb35d7,108543,Cho2017,Q15-E006,BROAD_EEGNET,20260924,3.744904786181068e-23,1.0,2
s15_1_retained_1_t032,15,1,retained_labeled_MI,1,s15.mat,95011e9b668784c8dad3c45bb6105232190848db6100eafe53d4ddff55cb35d7,112127,Cho2017,Q15-E006,BROAD_EEGNET,20260924,9.502763100126499e-31,1.0,2
s15_1_retained_1_t033,15,1,retained_labeled_MI,1,s15.mat,95011e9b668784c8dad3c45bb6105232190848db6100eafe53d4ddff55cb35d7,115711,Cho2017,Q15-E006,BROAD_EEGNET,20260924,1.4135549335734825e-22,1.0,2
s15_1_retained_1_t034,15,1,retained_labeled_MI,1,s15.mat,95011e9b668784c8dad3c45bb6105232190848db6100eafe53d4ddff55cb35d7,119295,Cho2017,Q15-E006,BROAD_EEGNET,20260924,9.957168992565839e-25,1.0,2
s15_1_retained_1_t035,15,1,retained_labeled_MI,1,s15.mat,95011e9b668784c8dad3c45bb6105232190848db6100eafe53d4ddff55cb35d7,122879,Cho2017,Q15-E006,BROAD_EEGNET,20260924,1.1582047170291543e-12,1.0,2
s15_1_retained_1_t036,15,1,retained_labeled_MI,1,s15.mat,95011e9b668784c8dad3c45bb6105232190848db6100eafe53d4ddff55cb35d7,126463,Cho2017,Q15-E006,BROAD_EEGNET,20260924,1.2628026693040995e-15,1.0,2
s15_1_retained_1_t037,15,1,retained_labeled_MI,1,s15.mat,95011e9b668784c8dad3c45bb6105232190848db6100eafe53d4ddff55cb35d7,130047,Cho2017,Q15-E006,BROAD_EEGNET,20260924,1.4252125338974132e-29,1.0,2
s15_1_retained_1_t038,15,1,retained_labeled_MI,1,s15.mat,95011e9b668784c8dad3c45bb6105232190848db6100eafe53d4ddff55cb35d7,133631,Cho2017,Q15-E006,BROAD_EEGNET,20260924,4.885054189131522e-25,1.0,2
s15_1_retained_1_t039,15,1,retained_labeled_MI,1,s15.mat,95011e9b668784c8dad3c45bb6105232190848db6100eafe53d4ddff55cb35d7,137215,Cho2017,Q15-E006,BROAD_EEGNET,20260924,3.128803718664682e-17,1.0,2
s15_1_retained_1_t040,15,1,retained_labeled_MI,1,s15.mat,95011e9b668784c8dad3c45bb6105232190848db6100eafe53d4ddff55cb35d7,140799,Cho2017,Q15-E006,BROAD_EEGNET,20260924,5.0643221812415604e-20,1.0,2
s15_1_retained_1_t041,15,1,retained_labeled_MI,1,s15.mat,95011e9b668784c8dad3c45bb6105232190848db6100eafe53d4ddff55cb35d7,144383,Cho2017,Q15-E006,BROAD_EEGNET,20260924,1.2689786126479818e-23,1.0,2
s15_1_retained_1_t042,15,1,retained_labeled_MI,1,s15.mat,95011e9b668784c8dad3c45bb6105232190848db6100eafe53d4ddff55cb35d7,147967,Cho2017,Q15-E006,BROAD_EEGNET,20260924,1.71447960413983e-35,1.0,2
s15_1_retained_1_t043,15,1,retained_labeled_MI,1,s15.mat,95011e9b668784c8dad3c45bb6105232190848db6100eafe53d4ddff55cb35d7,151551,Cho2017,Q15-E006,BROAD_EEGNET,20260924,6.283133146822016e-28,1.0,2
s15_1_retained_1_t044,15,1,retained_labeled_MI,1,s15.mat,95011e9b668784c8dad3c45bb6105232190848db6100eafe53d4ddff55cb35d7,155135,Cho2017,Q15-E006,BROAD_EEGNET,20260924,2.682584514766828e-14,1.0,2
s15_1_retained_1_t045,15,1,retained_labeled_MI,1,s15.mat,95011e9b668784c8dad3c45bb6105232190848db6100eafe53d4ddff55cb35d7,158719,Cho2017,Q15-E006,BROAD_EEGNET,20260924,2.532112086890329e-16,1.0,2
s15_1_retained_1_t046,15,1,retained_labeled_MI,1,s15.mat,95011e9b668784c8dad3c45bb6105232190848db6100eafe53d4ddff55cb35d7,162303,Cho2017,Q15-E006,BROAD_EEGNET,20260924,5.477646981832951e-12,1.0,2
s15_1_retained_1_t047,15,1,retained_labeled_MI,1,s15.mat,95011e9b668784c8dad3c45bb6105232190848db6100eafe53d4ddff55cb35d7,165887,Cho2017,Q15-E006,BROAD_EEGNET,20260924,2.834787056427866e-20,1.0,2
s15_1_retained_1_t048,15,1,retained_labeled_MI,1,s15.mat,95011e9b668784c8dad3c45bb6105232190848db6100eafe53d4ddff55cb35d7,169471,Cho2017,Q15-E006,BROAD_EEGNET,20260924,1.6202876355521014e-25,1.0,2
s15_1_retained_1_t049,15,1,retained_labeled_MI,1,s15.mat,95011e9b668784c8dad3c45bb6105232190848db6100eafe53d4ddff55cb35d7,173055,Cho2017,Q15-E006,BROAD_EEGNET,20260924,7.897728152884975e-13,1.0,2
s15_1_retained_1_t050,15,1,retained_labeled_MI,1,s15.mat,95011e9b668784c8dad3c45bb6105232190848db6100eafe53d4ddff55cb35d7,176639,Cho2017,Q15-E006,BROAD_EEGNET,20260924,2.079923435941497e-21,1.0,2
s15_1_retained_1_t051,15,1,retained_labeled_MI,1,s15.mat,95011e9b668784c8dad3c45bb6105232190848db6100eafe53d4ddff55cb35d7,180223,Cho2017,Q15-E006,BROAD_EEGNET,20260924,1.9676014822624905e-22,1.0,2
s15_1_retained_1_t052,15,1,retained_labeled_MI,1,s15.mat,95011e9b668784c8dad3c45bb6105232190848db6100eafe53d4ddff55cb35d7,183807,Cho2017,Q15-E006,BROAD_EEGNET,20260924,1.4057726722568832e-16,1.0,2
s15_1_retained_1_t053,15,1,retained_labeled_MI,1,s15.mat,95011e9b668784c8dad3c45bb6105232190848db6100eafe53d4ddff55cb35d7,187391,Cho2017,Q15-E006,BROAD_EEGNET,20260924,2.4821004430664977e-19,1.0,2
s15_1_retained_1_t054,15,1,retained_labeled_MI,1,s15.mat,95011e9b668784c8dad3c45bb6105232190848db6100eafe53d4ddff55cb35d7,190975,Cho2017,Q15-E006,BROAD_EEGNET,20260924,8.706340249150602e-29,1.0,2
s15_1_retained_1_t055,15,1,retained_labeled_MI,1,s15.mat,95011e9b668784c8dad3c45bb6105232190848db6100eafe53d4ddff55cb35d7,194559,Cho2017,Q15-E006,BROAD_EEGNET,20260924,6.4603200371493585e-06,0.9999935626983643,2
s15_1_retained_1_t056,15,1,retained_labeled_MI,1,s15.mat,95011e9b668784c8dad3c45bb6105232190848db6100eafe53d4ddff55cb35d7,198143,Cho2017,Q15-E006,BROAD_EEGNET,20260924,3.077995282204414e-31,1.0,2
s15_1_retained_1_t057,15,1,retained_labeled_MI,1,s15.mat,95011e9b668784c8dad3c45bb6105232190848db6100eafe53d4ddff55cb35d7,201727,Cho2017,Q15-E006,BROAD_EEGNET,20260924,1.0531429027460515e-11,1.0,2
s15_1_retained_1_t058,15,1,retained_labeled_MI,1,s15.mat,95011e9b668784c8dad3c45bb6105232190848db6100eafe53d4ddff55cb35d7,205311,Cho2017,Q15-E006,BROAD_EEGNET,20260924,1.8403774530262144e-14,1.0,2
s15_1_retained_1_t059,15,1,retained_labeled_MI,1,s15.mat,95011e9b668784c8dad3c45bb6105232190848db6100eafe53d4ddff55cb35d7,208895,Cho2017,Q15-E006,BROAD_EEGNET,20260924,2.5808927262005454e-07,0.9999997615814209,2
s15_1_retained_1_t060,15,1,retained_labeled_MI,1,s15.mat,95011e9b668784c8dad3c45bb6105232190848db6100eafe53d4ddff55cb35d7,212479,Cho2017,Q15-E006,BROAD_EEGNET,20260924,7.976990251240694e-22,1.0,2
s15_1_retained_1_t061,15,1,retained_labeled_MI,1,s15.mat,95011e9b668784c8dad3c45bb6105232190848db6100eafe53d4ddff55cb35d7,216063,Cho2017,Q15-E006,BROAD_EEGNET,20260924,3.787068315191933e-12,1.0,2
s15_1_retained_1_t062,15,1,retained_labeled_MI,1,s15.mat,95011e9b668784c8dad3c45bb6105232190848db6100eafe53d4ddff55cb35d7,219647,Cho2017,Q15-E006,BROAD_EEGNET,20260924,4.153177223323306e-23,1.0,2
s15_1_retained_1_t063,15,1,retained_labeled_MI,1,s15.mat,95011e9b668784c8dad3c45bb6105232190848db6100eafe53d4ddff55cb35d7,223231,Cho2017,Q15-E006,BROAD_EEGNET,20260924,2.7370861208721997e-21,1.0,2
s15_1_retained_1_t064,15,1,retained_labeled_MI,1,s15.mat,95011e9b668784c8dad3c45bb6105232190848db6100eafe53d4ddff55cb35d7,226815,Cho2017,Q15-E006,BROAD_EEGNET,20260924,3.968098296639755e-25,1.0,2
s15_1_retained_1_t065,15,1,retained_labeled_MI,1,s15.mat,95011e9b668784c8dad3c45bb6105232190848db6100eafe53d4ddff55cb35d7,230399,Cho2017,Q15-E006,BROAD_EEGNET,20260924,7.216499620099626e-11,1.0,2
s15_1_retained_1_t066,15,1,retained_labeled_MI,1,s15.mat,95011e9b668784c8dad3c45bb6105232190848db6100eafe53d4ddff55cb35d7,233983,Cho2017,Q15-E006,BROAD_EEGNET,20260924,2.716060176108555e-25,1.0,2
s15_1_retained_1_t067,15,1,retained_labeled_MI,1,s15.mat,95011e9b668784c8dad3c45bb6105232190848db6100eafe53d4ddff55cb35d7,237567,Cho2017,Q15-E006,BROAD_EEGNET,20260924,9.754451272915224e-18,1.0,2
s15_1_retained_1_t068,15,1,retained_labeled_MI,1,s15.mat,95011e9b668784c8dad3c45bb6105232190848db6100eafe53d4ddff55cb35d7,241151,Cho2017,Q15-E006,BROAD_EEGNET,20260924,5.573164244728035e-25,1.0,2
s15_1_retained_1_t069,15,1,retained_labeled_MI,1,s15.mat,95011e9b668784c8dad3c45bb6105232190848db6100eafe53d4ddff55cb35d7,244735,Cho2017,Q15-E006,BROAD_EEGNET,20260924,7.272595737265994e-27,1.0,2
s15_1_retained_1_t070,15,1,retained_labeled_MI,1,s15.mat,95011e9b668784c8dad3c45bb6105232190848db6100eafe53d4ddff55cb35d7,248319,Cho2017,Q15-E006,BROAD_EEGNET,20260924,2.8441786686234094e-12,1.0,2
s15_1_retained_1_t071,15,1,retained_labeled_MI,1,s15.mat,95011e9b668784c8dad3c45bb6105232190848db6100eafe53d4ddff55cb35d7,251903,Cho2017,Q15-E006,BROAD_EEGNET,20260924,4.612319829255264e-25,1.0,2
s15_1_retained_1_t072,15,1,retained_labeled_MI,1,s15.mat,95011e9b668784c8dad3c45bb6105232190848db6100eafe53d4ddff55cb35d7,255487,Cho2017,Q15-E006,BROAD_EEGNET,20260924,3.3583008126951835e-19,1.0,2
s15_1_retained_1_t073,15,1,retained_labeled_MI,1,s15.mat,95011e9b668784c8dad3c45bb6105232190848db6100eafe53d4ddff55cb35d7,259071,Cho2017,Q15-E006,BROAD_EEGNET,20260924,2.4194218685192207e-32,1.0,2
s15_1_retained_1_t074,15,1,retained_labeled_MI,1,s15.mat,95011e9b668784c8dad3c45bb6105232190848db6100eafe53d4ddff55cb35d7,262655,Cho2017,Q15-E006,BROAD_EEGNET,20260924,8.11795111219704e-23,1.0,2
s15_1_retained_1_t075,15,1,retained_labeled_MI,1,s15.mat,95011e9b668784c8dad3c45bb6105232190848db6100eafe53d4ddff55cb35d7,266239,Cho2017,Q15-E006,BROAD_EEGNET,20260924,2.4807164538035826e-28,1.0,2
s15_1_retained_1_t076,15,1,retained_labeled_MI,1,s15.mat,95011e9b668784c8dad3c45bb6105232190848db6100eafe53d4ddff55cb35d7,269823,Cho2017,Q15-E006,BROAD_EEGNET,20260924,5.893823623592809e-11,1.0,2
s15_1_retained_1_t077,15,1,retained_labeled_MI,1,s15.mat,95011e9b668784c8dad3c45bb6105232190848db6100eafe53d4ddff55cb35d7,273407,Cho2017,Q15-E006,BROAD_EEGNET,20260924,4.751795574360554e-20,1.0,2
s15_1_retained_1_t078,15,1,retained_labeled_MI,1,s15.mat,95011e9b668784c8dad3c45bb6105232190848db6100eafe53d4ddff55cb35d7,276991,Cho2017,Q15-E006,BROAD_EEGNET,20260924,1.1362669881911234e-19,1.0,2
s15_1_retained_1_t079,15,1,retained_labeled_MI,1,s15.mat,95011e9b668784c8dad3c45bb6105232190848db6100eafe53d4ddff55cb35d7,280575,Cho2017,Q15-E006,BROAD_EEGNET,20260924,5.0146489519760095e-27,1.0,2
s15_1_retained_1_t080,15,1,retained_labeled_MI,1,s15.mat,95011e9b668784c8dad3c45bb6105232190848db6100eafe53d4ddff55cb35d7,284159,Cho2017,Q15-E006,BROAD_EEGNET,20260924,4.684379314718809e-26,1.0,2
s15_1_retained_1_t081,15,1,retained_labeled_MI,1,s15.mat,95011e9b668784c8dad3c45bb6105232190848db6100eafe53d4ddff55cb35d7,287743,Cho2017,Q15-E006,BROAD_EEGNET,20260924,2.1090776066182322e-29,1.0,2
s15_1_retained_1_t082,15,1,retained_labeled_MI,1,s15.mat,95011e9b668784c8dad3c45bb6105232190848db6100eafe53d4ddff55cb35d7,291327,Cho2017,Q15-E006,BROAD_EEGNET,20260924,2.692490363914642e-16,1.0,2
s15_1_retained_1_t083,15,1,retained_labeled_MI,1,s15.mat,95011e9b668784c8dad3c45bb6105232190848db6100eafe53d4ddff55cb35d7,294911,Cho2017,Q15-E006,BROAD_EEGNET,20260924,5.098790316993176e-34,1.0,2
s15_1_retained_1_t084,15,1,retained_labeled_MI,1,s15.mat,95011e9b668784c8dad3c45bb6105232190848db6100eafe53d4ddff55cb35d7,298495,Cho2017,Q15-E006,BROAD_EEGNET,20260924,7.47241348760311e-17,1.0,2
s15_1_retained_1_t085,15,1,retained_labeled_MI,1,s15.mat,95011e9b668784c8dad3c45bb6105232190848db6100eafe53d4ddff55cb35d7,302079,Cho2017,Q15-E006,BROAD_EEGNET,20260924,2.093650079693088e-11,1.0,2
s15_1_retained_1_t086,15,1,retained_labeled_MI,1,s15.mat,95011e9b668784c8dad3c45bb6105232190848db6100eafe53d4ddff55cb35d7,305663,Cho2017,Q15-E006,BROAD_EEGNET,20260924,2.9088833753844374e-20,1.0,2
s15_1_retained_1_t087,15,1,retained_labeled_MI,1,s15.mat,95011e9b668784c8dad3c45bb6105232190848db6100eafe53d4ddff55cb35d7,309247,Cho2017,Q15-E006,BROAD_EEGNET,20260924,0.0,1.0,2
s15_1_retained_1_t088,15,1,retained_labeled_MI,1,s15.mat,95011e9b668784c8dad3c45bb6105232190848db6100eafe53d4ddff55cb35d7,312831,Cho2017,Q15-E006,BROAD_EEGNET,20260924,3.2206884610514476e-20,1.0,2
s15_1_retained_1_t089,15,1,retained_labeled_MI,1,s15.mat,95011e9b668784c8dad3c45bb6105232190848db6100eafe53d4ddff55cb35d7,316415,Cho2017,Q15-E006,BROAD_EEGNET,20260924,2.7156899538249733e-23,1.0,2
s15_1_retained_1_t090,15,1,retained_labeled_MI,1,s15.mat,95011e9b668784c8dad3c45bb6105232190848db6100eafe53d4ddff55cb35d7,319999,Cho2017,Q15-E006,BROAD_EEGNET,20260924,1.329526446943736e-33,1.0,2
s15_1_retained_1_t091,15,1,retained_labeled_MI,1,s15.mat,95011e9b668784c8dad3c45bb6105232190848db6100eafe53d4ddff55cb35d7,323583,Cho2017,Q15-E006,BROAD_EEGNET,20260924,7.955477775026601e-14,1.0,2
s15_1_retained_1_t092,15,1,retained_labeled_MI,1,s15.mat,95011e9b668784c8dad3c45bb6105232190848db6100eafe53d4ddff55cb35d7,327167,Cho2017,Q15-E006,BROAD_EEGNET,20260924,1.1778849974363378e-20,1.0,2
s15_1_retained_1_t093,15,1,retained_labeled_MI,1,s15.mat,95011e9b668784c8dad3c45bb6105232190848db6100eafe53d4ddff55cb35d7,330751,Cho2017,Q15-E006,BROAD_EEGNET,20260924,1.3695125338854705e-19,1.0,2
s15_1_retained_1_t094,15,1,retained_labeled_MI,1,s15.mat,95011e9b668784c8dad3c45bb6105232190848db6100eafe53d4ddff55cb35d7,334335,Cho2017,Q15-E006,BROAD_EEGNET,20260924,5.150637366637521e-18,1.0,2
s15_1_retained_1_t095,15,1,retained_labeled_MI,1,s15.mat,95011e9b668784c8dad3c45bb6105232190848db6100eafe53d4ddff55cb35d7,337919,Cho2017,Q15-E006,BROAD_EEGNET,20260924,7.352195160190492e-15,1.0,2
s15_1_retained_1_t096,15,1,retained_labeled_MI,1,s15.mat,95011e9b668784c8dad3c45bb6105232190848db6100eafe53d4ddff55cb35d7,341503,Cho2017,Q15-E006,BROAD_EEGNET,20260924,2.1573277348244338e-17,1.0,2
s15_1_retained_1_t097,15,1,retained_labeled_MI,1,s15.mat,95011e9b668784c8dad3c45bb6105232190848db6100eafe53d4ddff55cb35d7,345087,Cho2017,Q15-E006,BROAD_EEGNET,20260924,1.0877535275234575e-14,1.0,2
s15_1_retained_1_t098,15,1,retained_labeled_MI,1,s15.mat,95011e9b668784c8dad3c45bb6105232190848db6100eafe53d4ddff55cb35d7,348671,Cho2017,Q15-E006,BROAD_EEGNET,20260924,2.809930165209405e-33,1.0,2
s15_1_retained_1_t099,15,1,retained_labeled_MI,1,s15.mat,95011e9b668784c8dad3c45bb6105232190848db6100eafe53d4ddff55cb35d7,352255,Cho2017,Q15-E006,BROAD_EEGNET,20260924,1.3041436812496725e-19,1.0,2
s15_1_retained_1_t100,15,1,retained_labeled_MI,1,s15.mat,95011e9b668784c8dad3c45bb6105232190848db6100eafe53d4ddff55cb35d7,355839,Cho2017,Q15-E006,BROAD_EEGNET,20260924,3.898110409217127e-24,1.0,2
s15_1_retained_2_t001,15,1,retained_labeled_MI,2,s15.mat,95011e9b668784c8dad3c45bb6105232190848db6100eafe53d4ddff55cb35d7,1023,Cho2017,Q15-E006,BROAD_EEGNET,20260924,3.349941445117757e-14,1.0,2
s15_1_retained_2_t002,15,1,retained_labeled_MI,2,s15.mat,95011e9b668784c8dad3c45bb6105232190848db6100eafe53d4ddff55cb35d7,4607,Cho2017,Q15-E006,BROAD_EEGNET,20260924,0.00027692748699337244,0.9997230172157288,2
s15_1_retained_2_t003,15,1,retained_labeled_MI,2,s15.mat,95011e9b668784c8dad3c45bb6105232190848db6100eafe53d4ddff55cb35d7,8191,Cho2017,Q15-E006,BROAD_EEGNET,20260924,9.635627315445491e-25,1.0,2
s15_1_retained_2_t004,15,1,retained_labeled_MI,2,s15.mat,95011e9b668784c8dad3c45bb6105232190848db6100eafe53d4ddff55cb35d7,11775,Cho2017,Q15-E006,BROAD_EEGNET,20260924,2.503191391808751e-26,1.0,2
s15_1_retained_2_t005,15,1,retained_labeled_MI,2,s15.mat,95011e9b668784c8dad3c45bb6105232190848db6100eafe53d4ddff55cb35d7,15359,Cho2017,Q15-E006,BROAD_EEGNET,20260924,4.933790155485997e-30,1.0,2
s15_1_retained_2_t006,15,1,retained_labeled_MI,2,s15.mat,95011e9b668784c8dad3c45bb6105232190848db6100eafe53d4ddff55cb35d7,18943,Cho2017,Q15-E006,BROAD_EEGNET,20260924,5.142765364072079e-43,1.0,2
s15_1_retained_2_t007,15,1,retained_labeled_MI,2,s15.mat,95011e9b668784c8dad3c45bb6105232190848db6100eafe53d4ddff55cb35d7,22527,Cho2017,Q15-E006,BROAD_EEGNET,20260924,3.223862684765219e-33,1.0,2
s15_1_retained_2_t008,15,1,retained_labeled_MI,2,s15.mat,95011e9b668784c8dad3c45bb6105232190848db6100eafe53d4ddff55cb35d7,26111,Cho2017,Q15-E006,BROAD_EEGNET,20260924,6.178324929208118e-42,1.0,2
s15_1_retained_2_t009,15,1,retained_labeled_MI,2,s15.mat,95011e9b668784c8dad3c45bb6105232190848db6100eafe53d4ddff55cb35d7,29695,Cho2017,Q15-E006,BROAD_EEGNET,20260924,9.96244232242408e-19,1.0,2
s15_1_retained_2_t010,15,1,retained_labeled_MI,2,s15.mat,95011e9b668784c8dad3c45bb6105232190848db6100eafe53d4ddff55cb35d7,33279,Cho2017,Q15-E006,BROAD_EEGNET,20260924,1.837519738941175e-24,1.0,2
s15_1_retained_2_t011,15,1,retained_labeled_MI,2,s15.mat,95011e9b668784c8dad3c45bb6105232190848db6100eafe53d4ddff55cb35d7,36863,Cho2017,Q15-E006,BROAD_EEGNET,20260924,4.217923800716584e-29,1.0,2
s15_1_retained_2_t012,15,1,retained_labeled_MI,2,s15.mat,95011e9b668784c8dad3c45bb6105232190848db6100eafe53d4ddff55cb35d7,40447,Cho2017,Q15-E006,BROAD_EEGNET,20260924,2.232250065006998e-28,1.0,2
s15_1_retained_2_t013,15,1,retained_labeled_MI,2,s15.mat,95011e9b668784c8dad3c45bb6105232190848db6100eafe53d4ddff55cb35d7,44031,Cho2017,Q15-E006,BROAD_EEGNET,20260924,5.761268168225404e-34,1.0,2
s15_1_retained_2_t014,15,1,retained_labeled_MI,2,s15.mat,95011e9b668784c8dad3c45bb6105232190848db6100eafe53d4ddff55cb35d7,47615,Cho2017,Q15-E006,BROAD_EEGNET,20260924,9.517796707020354e-13,1.0,2
s15_1_retained_2_t015,15,1,retained_labeled_MI,2,s15.mat,95011e9b668784c8dad3c45bb6105232190848db6100eafe53d4ddff55cb35d7,51199,Cho2017,Q15-E006,BROAD_EEGNET,20260924,3.015587403147507e-29,1.0,2
s15_1_retained_2_t016,15,1,retained_labeled_MI,2,s15.mat,95011e9b668784c8dad3c45bb6105232190848db6100eafe53d4ddff55cb35d7,54783,Cho2017,Q15-E006,BROAD_EEGNET,20260924,2.2618866729735867e-17,1.0,2
s15_1_retained_2_t017,15,1,retained_labeled_MI,2,s15.mat,95011e9b668784c8dad3c45bb6105232190848db6100eafe53d4ddff55cb35d7,58367,Cho2017,Q15-E006,BROAD_EEGNET,20260924,1.3833957872021426e-26,1.0,2
s15_1_retained_2_t018,15,1,retained_labeled_MI,2,s15.mat,95011e9b668784c8dad3c45bb6105232190848db6100eafe53d4ddff55cb35d7,61951,Cho2017,Q15-E006,BROAD_EEGNET,20260924,1.422234565009794e-24,1.0,2
s15_1_retained_2_t019,15,1,retained_labeled_MI,2,s15.mat,95011e9b668784c8dad3c45bb6105232190848db6100eafe53d4ddff55cb35d7,65535,Cho2017,Q15-E006,BROAD_EEGNET,20260924,1.7603663593092865e-21,1.0,2
s15_1_retained_2_t020,15,1,retained_labeled_MI,2,s15.mat,95011e9b668784c8dad3c45bb6105232190848db6100eafe53d4ddff55cb35d7,69119,Cho2017,Q15-E006,BROAD_EEGNET,20260924,6.69518794234005e-32,1.0,2
s15_1_retained_2_t021,15,1,retained_labeled_MI,2,s15.mat,95011e9b668784c8dad3c45bb6105232190848db6100eafe53d4ddff55cb35d7,72703,Cho2017,Q15-E006,BROAD_EEGNET,20260924,7.537247785759955e-27,1.0,2
s15_1_retained_2_t022,15,1,retained_labeled_MI,2,s15.mat,95011e9b668784c8dad3c45bb6105232190848db6100eafe53d4ddff55cb35d7,76287,Cho2017,Q15-E006,BROAD_EEGNET,20260924,1.3477636738037316e-15,1.0,2
s15_1_retained_2_t023,15,1,retained_labeled_MI,2,s15.mat,95011e9b668784c8dad3c45bb6105232190848db6100eafe53d4ddff55cb35d7,79871,Cho2017,Q15-E006,BROAD_EEGNET,20260924,9.860976665827718e-31,1.0,2
s15_1_retained_2_t024,15,1,retained_labeled_MI,2,s15.mat,95011e9b668784c8dad3c45bb6105232190848db6100eafe53d4ddff55cb35d7,83455,Cho2017,Q15-E006,BROAD_EEGNET,20260924,5.348839813414862e-23,1.0,2
s15_1_retained_2_t025,15,1,retained_labeled_MI,2,s15.mat,95011e9b668784c8dad3c45bb6105232190848db6100eafe53d4ddff55cb35d7,87039,Cho2017,Q15-E006,BROAD_EEGNET,20260924,8.476163034566063e-20,1.0,2
s15_1_retained_2_t026,15,1,retained_labeled_MI,2,s15.mat,95011e9b668784c8dad3c45bb6105232190848db6100eafe53d4ddff55cb35d7,90623,Cho2017,Q15-E006,BROAD_EEGNET,20260924,4.332521193344073e-35,1.0,2
s15_1_retained_2_t027,15,1,retained_labeled_MI,2,s15.mat,95011e9b668784c8dad3c45bb6105232190848db6100eafe53d4ddff55cb35d7,94207,Cho2017,Q15-E006,BROAD_EEGNET,20260924,3.983969057430592e-11,1.0,2
s15_1_retained_2_t028,15,1,retained_labeled_MI,2,s15.mat,95011e9b668784c8dad3c45bb6105232190848db6100eafe53d4ddff55cb35d7,97791,Cho2017,Q15-E006,BROAD_EEGNET,20260924,2.7590542294306512e-24,1.0,2
s15_1_retained_2_t029,15,1,retained_labeled_MI,2,s15.mat,95011e9b668784c8dad3c45bb6105232190848db6100eafe53d4ddff55cb35d7,101375,Cho2017,Q15-E006,BROAD_EEGNET,20260924,3.9833990550833733e-26,1.0,2
s15_1_retained_2_t030,15,1,retained_labeled_MI,2,s15.mat,95011e9b668784c8dad3c45bb6105232190848db6100eafe53d4ddff55cb35d7,104959,Cho2017,Q15-E006,BROAD_EEGNET,20260924,3.226709799673836e-30,1.0,2
s15_1_retained_2_t031,15,1,retained_labeled_MI,2,s15.mat,95011e9b668784c8dad3c45bb6105232190848db6100eafe53d4ddff55cb35d7,108543,Cho2017,Q15-E006,BROAD_EEGNET,20260924,1.2374104426662522e-14,1.0,2
s15_1_retained_2_t032,15,1,retained_labeled_MI,2,s15.mat,95011e9b668784c8dad3c45bb6105232190848db6100eafe53d4ddff55cb35d7,112127,Cho2017,Q15-E006,BROAD_EEGNET,20260924,3.4595999869446814e-24,1.0,2
s15_1_retained_2_t033,15,1,retained_labeled_MI,2,s15.mat,95011e9b668784c8dad3c45bb6105232190848db6100eafe53d4ddff55cb35d7,115711,Cho2017,Q15-E006,BROAD_EEGNET,20260924,1.0866390450549304e-27,1.0,2
s15_1_retained_2_t034,15,1,retained_labeled_MI,2,s15.mat,95011e9b668784c8dad3c45bb6105232190848db6100eafe53d4ddff55cb35d7,119295,Cho2017,Q15-E006,BROAD_EEGNET,20260924,1.2233335593555653e-42,1.0,2
s15_1_retained_2_t035,15,1,retained_labeled_MI,2,s15.mat,95011e9b668784c8dad3c45bb6105232190848db6100eafe53d4ddff55cb35d7,122879,Cho2017,Q15-E006,BROAD_EEGNET,20260924,8.419953864567113e-29,1.0,2
s15_1_retained_2_t036,15,1,retained_labeled_MI,2,s15.mat,95011e9b668784c8dad3c45bb6105232190848db6100eafe53d4ddff55cb35d7,126463,Cho2017,Q15-E006,BROAD_EEGNET,20260924,8.969250947415838e-37,1.0,2
s15_1_retained_2_t037,15,1,retained_labeled_MI,2,s15.mat,95011e9b668784c8dad3c45bb6105232190848db6100eafe53d4ddff55cb35d7,130047,Cho2017,Q15-E006,BROAD_EEGNET,20260924,5.183709364531275e-12,1.0,2
s15_1_retained_2_t038,15,1,retained_labeled_MI,2,s15.mat,95011e9b668784c8dad3c45bb6105232190848db6100eafe53d4ddff55cb35d7,133631,Cho2017,Q15-E006,BROAD_EEGNET,20260924,4.108171729993868e-32,1.0,2
s15_1_retained_2_t039,15,1,retained_labeled_MI,2,s15.mat,95011e9b668784c8dad3c45bb6105232190848db6100eafe53d4ddff55cb35d7,137215,Cho2017,Q15-E006,BROAD_EEGNET,20260924,3.0532998197975935e-29,1.0,2
s15_1_retained_2_t040,15,1,retained_labeled_MI,2,s15.mat,95011e9b668784c8dad3c45bb6105232190848db6100eafe53d4ddff55cb35d7,140799,Cho2017,Q15-E006,BROAD_EEGNET,20260924,4.1370266348872543e-26,1.0,2
s15_1_retained_2_t041,15,1,retained_labeled_MI,2,s15.mat,95011e9b668784c8dad3c45bb6105232190848db6100eafe53d4ddff55cb35d7,144383,Cho2017,Q15-E006,BROAD_EEGNET,20260924,1.1666889172645264e-25,1.0,2
s15_1_retained_2_t042,15,1,retained_labeled_MI,2,s15.mat,95011e9b668784c8dad3c45bb6105232190848db6100eafe53d4ddff55cb35d7,147967,Cho2017,Q15-E006,BROAD_EEGNET,20260924,1.0561823225903322e-15,1.0,2
s15_1_retained_2_t043,15,1,retained_labeled_MI,2,s15.mat,95011e9b668784c8dad3c45bb6105232190848db6100eafe53d4ddff55cb35d7,151551,Cho2017,Q15-E006,BROAD_EEGNET,20260924,6.917900562206283e-23,1.0,2
s15_1_retained_2_t044,15,1,retained_labeled_MI,2,s15.mat,95011e9b668784c8dad3c45bb6105232190848db6100eafe53d4ddff55cb35d7,155135,Cho2017,Q15-E006,BROAD_EEGNET,20260924,3.9564206723027848e-22,1.0,2
s15_1_retained_2_t045,15,1,retained_labeled_MI,2,s15.mat,95011e9b668784c8dad3c45bb6105232190848db6100eafe53d4ddff55cb35d7,158719,Cho2017,Q15-E006,BROAD_EEGNET,20260924,9.553398314945082e-15,1.0,2
s15_1_retained_2_t046,15,1,retained_labeled_MI,2,s15.mat,95011e9b668784c8dad3c45bb6105232190848db6100eafe53d4ddff55cb35d7,162303,Cho2017,Q15-E006,BROAD_EEGNET,20260924,1.7429549828968696e-19,1.0,2
s15_1_retained_2_t047,15,1,retained_labeled_MI,2,s15.mat,95011e9b668784c8dad3c45bb6105232190848db6100eafe53d4ddff55cb35d7,165887,Cho2017,Q15-E006,BROAD_EEGNET,20260924,8.29412338211385e-30,1.0,2
s15_1_retained_2_t048,15,1,retained_labeled_MI,2,s15.mat,95011e9b668784c8dad3c45bb6105232190848db6100eafe53d4ddff55cb35d7,169471,Cho2017,Q15-E006,BROAD_EEGNET,20260924,3.795546843943405e-14,1.0,2
s15_1_retained_2_t049,15,1,retained_labeled_MI,2,s15.mat,95011e9b668784c8dad3c45bb6105232190848db6100eafe53d4ddff55cb35d7,173055,Cho2017,Q15-E006,BROAD_EEGNET,20260924,5.612988970785464e-28,1.0,2
s15_1_retained_2_t050,15,1,retained_labeled_MI,2,s15.mat,95011e9b668784c8dad3c45bb6105232190848db6100eafe53d4ddff55cb35d7,176639,Cho2017,Q15-E006,BROAD_EEGNET,20260924,4.981757686165576e-35,1.0,2
s15_1_retained_2_t051,15,1,retained_labeled_MI,2,s15.mat,95011e9b668784c8dad3c45bb6105232190848db6100eafe53d4ddff55cb35d7,180223,Cho2017,Q15-E006,BROAD_EEGNET,20260924,2.722564334272102e-25,1.0,2
s15_1_retained_2_t052,15,1,retained_labeled_MI,2,s15.mat,95011e9b668784c8dad3c45bb6105232190848db6100eafe53d4ddff55cb35d7,183807,Cho2017,Q15-E006,BROAD_EEGNET,20260924,2.8674652142676855e-23,1.0,2
s15_1_retained_2_t053,15,1,retained_labeled_MI,2,s15.mat,95011e9b668784c8dad3c45bb6105232190848db6100eafe53d4ddff55cb35d7,187391,Cho2017,Q15-E006,BROAD_EEGNET,20260924,5.3714596741200414e-21,1.0,2
s15_1_retained_2_t054,15,1,retained_labeled_MI,2,s15.mat,95011e9b668784c8dad3c45bb6105232190848db6100eafe53d4ddff55cb35d7,190975,Cho2017,Q15-E006,BROAD_EEGNET,20260924,2.184869148881678e-21,1.0,2
s15_1_retained_2_t055,15,1,retained_labeled_MI,2,s15.mat,95011e9b668784c8dad3c45bb6105232190848db6100eafe53d4ddff55cb35d7,194559,Cho2017,Q15-E006,BROAD_EEGNET,20260924,7.232220529874798e-30,1.0,2
s15_1_retained_2_t056,15,1,retained_labeled_MI,2,s15.mat,95011e9b668784c8dad3c45bb6105232190848db6100eafe53d4ddff55cb35d7,198143,Cho2017,Q15-E006,BROAD_EEGNET,20260924,4.489041084329916e-25,1.0,2
s15_1_retained_2_t057,15,1,retained_labeled_MI,2,s15.mat,95011e9b668784c8dad3c45bb6105232190848db6100eafe53d4ddff55cb35d7,201727,Cho2017,Q15-E006,BROAD_EEGNET,20260924,3.215635514542333e-17,1.0,2
s15_1_retained_2_t058,15,1,retained_labeled_MI,2,s15.mat,95011e9b668784c8dad3c45bb6105232190848db6100eafe53d4ddff55cb35d7,205311,Cho2017,Q15-E006,BROAD_EEGNET,20260924,7.406326853796558e-30,1.0,2
s15_1_retained_2_t059,15,1,retained_labeled_MI,2,s15.mat,95011e9b668784c8dad3c45bb6105232190848db6100eafe53d4ddff55cb35d7,208895,Cho2017,Q15-E006,BROAD_EEGNET,20260924,1.711966333865629e-41,1.0,2
s15_1_retained_2_t060,15,1,retained_labeled_MI,2,s15.mat,95011e9b668784c8dad3c45bb6105232190848db6100eafe53d4ddff55cb35d7,212479,Cho2017,Q15-E006,BROAD_EEGNET,20260924,2.148655796113808e-31,1.0,2
s15_1_retained_2_t061,15,1,retained_labeled_MI,2,s15.mat,95011e9b668784c8dad3c45bb6105232190848db6100eafe53d4ddff55cb35d7,216063,Cho2017,Q15-E006,BROAD_EEGNET,20260924,4.574740956976559e-22,1.0,2
s15_1_retained_2_t062,15,1,retained_labeled_MI,2,s15.mat,95011e9b668784c8dad3c45bb6105232190848db6100eafe53d4ddff55cb35d7,219647,Cho2017,Q15-E006,BROAD_EEGNET,20260924,9.837115219560216e-43,1.0,2
s15_1_retained_2_t063,15,1,retained_labeled_MI,2,s15.mat,95011e9b668784c8dad3c45bb6105232190848db6100eafe53d4ddff55cb35d7,223231,Cho2017,Q15-E006,BROAD_EEGNET,20260924,2.999245217345761e-25,1.0,2
s15_1_retained_2_t064,15,1,retained_labeled_MI,2,s15.mat,95011e9b668784c8dad3c45bb6105232190848db6100eafe53d4ddff55cb35d7,226815,Cho2017,Q15-E006,BROAD_EEGNET,20260924,1.9487437353825934e-40,1.0,2
s15_1_retained_2_t065,15,1,retained_labeled_MI,2,s15.mat,95011e9b668784c8dad3c45bb6105232190848db6100eafe53d4ddff55cb35d7,230399,Cho2017,Q15-E006,BROAD_EEGNET,20260924,6.1222664437687e-36,1.0,2
s15_1_retained_2_t066,15,1,retained_labeled_MI,2,s15.mat,95011e9b668784c8dad3c45bb6105232190848db6100eafe53d4ddff55cb35d7,233983,Cho2017,Q15-E006,BROAD_EEGNET,20260924,2.3309740295308643e-31,1.0,2
s15_1_retained_2_t067,15,1,retained_labeled_MI,2,s15.mat,95011e9b668784c8dad3c45bb6105232190848db6100eafe53d4ddff55cb35d7,237567,Cho2017,Q15-E006,BROAD_EEGNET,20260924,9.210784785472645e-30,1.0,2
s15_1_retained_2_t068,15,1,retained_labeled_MI,2,s15.mat,95011e9b668784c8dad3c45bb6105232190848db6100eafe53d4ddff55cb35d7,241151,Cho2017,Q15-E006,BROAD_EEGNET,20260924,3.310004313745984e-29,1.0,2
s15_1_retained_2_t069,15,1,retained_labeled_MI,2,s15.mat,95011e9b668784c8dad3c45bb6105232190848db6100eafe53d4ddff55cb35d7,244735,Cho2017,Q15-E006,BROAD_EEGNET,20260924,3.2124001307830837e-31,1.0,2
s15_1_retained_2_t070,15,1,retained_labeled_MI,2,s15.mat,95011e9b668784c8dad3c45bb6105232190848db6100eafe53d4ddff55cb35d7,248319,Cho2017,Q15-E006,BROAD_EEGNET,20260924,3.889314077527547e-33,1.0,2
s15_1_retained_2_t071,15,1,retained_labeled_MI,2,s15.mat,95011e9b668784c8dad3c45bb6105232190848db6100eafe53d4ddff55cb35d7,251903,Cho2017,Q15-E006,BROAD_EEGNET,20260924,4.0521927141772015e-29,1.0,2
s15_1_retained_2_t072,15,1,retained_labeled_MI,2,s15.mat,95011e9b668784c8dad3c45bb6105232190848db6100eafe53d4ddff55cb35d7,255487,Cho2017,Q15-E006,BROAD_EEGNET,20260924,1.1296634533440662e-26,1.0,2
s15_1_retained_2_t073,15,1,retained_labeled_MI,2,s15.mat,95011e9b668784c8dad3c45bb6105232190848db6100eafe53d4ddff55cb35d7,259071,Cho2017,Q15-E006,BROAD_EEGNET,20260924,6.317556197905123e-26,1.0,2
s15_1_retained_2_t074,15,1,retained_labeled_MI,2,s15.mat,95011e9b668784c8dad3c45bb6105232190848db6100eafe53d4ddff55cb35d7,262655,Cho2017,Q15-E006,BROAD_EEGNET,20260924,3.0943910253493896e-26,1.0,2
s15_1_retained_2_t075,15,1,retained_labeled_MI,2,s15.mat,95011e9b668784c8dad3c45bb6105232190848db6100eafe53d4ddff55cb35d7,266239,Cho2017,Q15-E006,BROAD_EEGNET,20260924,1.7466858046535244e-15,1.0,2
s15_1_retained_2_t076,15,1,retained_labeled_MI,2,s15.mat,95011e9b668784c8dad3c45bb6105232190848db6100eafe53d4ddff55cb35d7,269823,Cho2017,Q15-E006,BROAD_EEGNET,20260924,4.0553369635721806e-19,1.0,2
s15_1_retained_2_t077,15,1,retained_labeled_MI,2,s15.mat,95011e9b668784c8dad3c45bb6105232190848db6100eafe53d4ddff55cb35d7,273407,Cho2017,Q15-E006,BROAD_EEGNET,20260924,1.3446553739072187e-17,1.0,2
s15_1_retained_2_t078,15,1,retained_labeled_MI,2,s15.mat,95011e9b668784c8dad3c45bb6105232190848db6100eafe53d4ddff55cb35d7,276991,Cho2017,Q15-E006,BROAD_EEGNET,20260924,4.157813504925817e-27,1.0,2
s15_1_retained_2_t079,15,1,retained_labeled_MI,2,s15.mat,95011e9b668784c8dad3c45bb6105232190848db6100eafe53d4ddff55cb35d7,280575,Cho2017,Q15-E006,BROAD_EEGNET,20260924,1.1861576225223732e-15,1.0,2
s15_1_retained_2_t080,15,1,retained_labeled_MI,2,s15.mat,95011e9b668784c8dad3c45bb6105232190848db6100eafe53d4ddff55cb35d7,284159,Cho2017,Q15-E006,BROAD_EEGNET,20260924,2.5218053968691766e-25,1.0,2
s15_1_retained_2_t081,15,1,retained_labeled_MI,2,s15.mat,95011e9b668784c8dad3c45bb6105232190848db6100eafe53d4ddff55cb35d7,287743,Cho2017,Q15-E006,BROAD_EEGNET,20260924,2.470920866866677e-22,1.0,2
s15_1_retained_2_t082,15,1,retained_labeled_MI,2,s15.mat,95011e9b668784c8dad3c45bb6105232190848db6100eafe53d4ddff55cb35d7,291327,Cho2017,Q15-E006,BROAD_EEGNET,20260924,1.385569015127796e-30,1.0,2
s15_1_retained_2_t083,15,1,retained_labeled_MI,2,s15.mat,95011e9b668784c8dad3c45bb6105232190848db6100eafe53d4ddff55cb35d7,294911,Cho2017,Q15-E006,BROAD_EEGNET,20260924,2.096567953757527e-25,1.0,2
s15_1_retained_2_t084,15,1,retained_labeled_MI,2,s15.mat,95011e9b668784c8dad3c45bb6105232190848db6100eafe53d4ddff55cb35d7,298495,Cho2017,Q15-E006,BROAD_EEGNET,20260924,2.3852935831242504e-18,1.0,2
s15_1_retained_2_t085,15,1,retained_labeled_MI,2,s15.mat,95011e9b668784c8dad3c45bb6105232190848db6100eafe53d4ddff55cb35d7,302079,Cho2017,Q15-E006,BROAD_EEGNET,20260924,2.7404217105364484e-19,1.0,2
s15_1_retained_2_t086,15,1,retained_labeled_MI,2,s15.mat,95011e9b668784c8dad3c45bb6105232190848db6100eafe53d4ddff55cb35d7,305663,Cho2017,Q15-E006,BROAD_EEGNET,20260924,9.449477638273e-24,1.0,2
s15_1_retained_2_t087,15,1,retained_labeled_MI,2,s15.mat,95011e9b668784c8dad3c45bb6105232190848db6100eafe53d4ddff55cb35d7,309247,Cho2017,Q15-E006,BROAD_EEGNET,20260924,4.898599423912232e-26,1.0,2
s15_1_retained_2_t088,15,1,retained_labeled_MI,2,s15.mat,95011e9b668784c8dad3c45bb6105232190848db6100eafe53d4ddff55cb35d7,312831,Cho2017,Q15-E006,BROAD_EEGNET,20260924,9.215162909154289e-40,1.0,2
s15_1_retained_2_t089,15,1,retained_labeled_MI,2,s15.mat,95011e9b668784c8dad3c45bb6105232190848db6100eafe53d4ddff55cb35d7,316415,Cho2017,Q15-E006,BROAD_EEGNET,20260924,1.0381238342647547e-14,1.0,2
s15_1_retained_2_t090,15,1,retained_labeled_MI,2,s15.mat,95011e9b668784c8dad3c45bb6105232190848db6100eafe53d4ddff55cb35d7,319999,Cho2017,Q15-E006,BROAD_EEGNET,20260924,6.779038768989518e-19,1.0,2
s15_1_retained_2_t091,15,1,retained_labeled_MI,2,s15.mat,95011e9b668784c8dad3c45bb6105232190848db6100eafe53d4ddff55cb35d7,323583,Cho2017,Q15-E006,BROAD_EEGNET,20260924,8.808379163739337e-18,1.0,2
s15_1_retained_2_t092,15,1,retained_labeled_MI,2,s15.mat,95011e9b668784c8dad3c45bb6105232190848db6100eafe53d4ddff55cb35d7,327167,Cho2017,Q15-E006,BROAD_EEGNET,20260924,5.320456825264196e-36,1.0,2
s15_1_retained_2_t093,15,1,retained_labeled_MI,2,s15.mat,95011e9b668784c8dad3c45bb6105232190848db6100eafe53d4ddff55cb35d7,330751,Cho2017,Q15-E006,BROAD_EEGNET,20260924,1.4084285623961013e-25,1.0,2
s15_1_retained_2_t094,15,1,retained_labeled_MI,2,s15.mat,95011e9b668784c8dad3c45bb6105232190848db6100eafe53d4ddff55cb35d7,334335,Cho2017,Q15-E006,BROAD_EEGNET,20260924,2.8584854654722566e-32,1.0,2
s15_1_retained_2_t095,15,1,retained_labeled_MI,2,s15.mat,95011e9b668784c8dad3c45bb6105232190848db6100eafe53d4ddff55cb35d7,337919,Cho2017,Q15-E006,BROAD_EEGNET,20260924,7.461456041879878e-37,1.0,2
s15_1_retained_2_t096,15,1,retained_labeled_MI,2,s15.mat,95011e9b668784c8dad3c45bb6105232190848db6100eafe53d4ddff55cb35d7,341503,Cho2017,Q15-E006,BROAD_EEGNET,20260924,9.999040593221627e-32,1.0,2
s15_1_retained_2_t097,15,1,retained_labeled_MI,2,s15.mat,95011e9b668784c8dad3c45bb6105232190848db6100eafe53d4ddff55cb35d7,345087,Cho2017,Q15-E006,BROAD_EEGNET,20260924,6.778891365404361e-17,1.0,2
s15_1_retained_2_t098,15,1,retained_labeled_MI,2,s15.mat,95011e9b668784c8dad3c45bb6105232190848db6100eafe53d4ddff55cb35d7,348671,Cho2017,Q15-E006,BROAD_EEGNET,20260924,4.82903279873785e-37,1.0,2
s15_1_retained_2_t099,15,1,retained_labeled_MI,2,s15.mat,95011e9b668784c8dad3c45bb6105232190848db6100eafe53d4ddff55cb35d7,352255,Cho2017,Q15-E006,BROAD_EEGNET,20260924,5.768478418488078e-20,1.0,2
s15_1_retained_2_t100,15,1,retained_labeled_MI,2,s15.mat,95011e9b668784c8dad3c45bb6105232190848db6100eafe53d4ddff55cb35d7,355839,Cho2017,Q15-E006,BROAD_EEGNET,20260924,2.2218661955400826e-30,1.0,2
s15_1_retained_1_t001,15,1,retained_labeled_MI,1,s15.mat,95011e9b668784c8dad3c45bb6105232190848db6100eafe53d4ddff55cb35d7,1023,Cho2017,Q15-E006,BROAD_EEGNET,20260925,1.5066842218303123e-09,1.0,2
s15_1_retained_1_t002,15,1,retained_labeled_MI,1,s15.mat,95011e9b668784c8dad3c45bb6105232190848db6100eafe53d4ddff55cb35d7,4607,Cho2017,Q15-E006,BROAD_EEGNET,20260925,1.0607814715513086e-07,0.9999998807907104,2
s15_1_retained_1_t003,15,1,retained_labeled_MI,1,s15.mat,95011e9b668784c8dad3c45bb6105232190848db6100eafe53d4ddff55cb35d7,8191,Cho2017,Q15-E006,BROAD_EEGNET,20260925,0.0007551828748546541,0.9992448091506958,2
s15_1_retained_1_t004,15,1,retained_labeled_MI,1,s15.mat,95011e9b668784c8dad3c45bb6105232190848db6100eafe53d4ddff55cb35d7,11775,Cho2017,Q15-E006,BROAD_EEGNET,20260925,0.00020612469234038144,0.9997939467430115,2
s15_1_retained_1_t005,15,1,retained_labeled_MI,1,s15.mat,95011e9b668784c8dad3c45bb6105232190848db6100eafe53d4ddff55cb35d7,15359,Cho2017,Q15-E006,BROAD_EEGNET,20260925,3.0916346815956786e-08,1.0,2
s15_1_retained_1_t006,15,1,retained_labeled_MI,1,s15.mat,95011e9b668784c8dad3c45bb6105232190848db6100eafe53d4ddff55cb35d7,18943,Cho2017,Q15-E006,BROAD_EEGNET,20260925,6.79833198802654e-34,1.0,2
s15_1_retained_1_t007,15,1,retained_labeled_MI,1,s15.mat,95011e9b668784c8dad3c45bb6105232190848db6100eafe53d4ddff55cb35d7,22527,Cho2017,Q15-E006,BROAD_EEGNET,20260925,0.025496957823634148,0.9745030403137207,2
s15_1_retained_1_t008,15,1,retained_labeled_MI,1,s15.mat,95011e9b668784c8dad3c45bb6105232190848db6100eafe53d4ddff55cb35d7,26111,Cho2017,Q15-E006,BROAD_EEGNET,20260925,0.0,1.0,2
s15_1_retained_1_t009,15,1,retained_labeled_MI,1,s15.mat,95011e9b668784c8dad3c45bb6105232190848db6100eafe53d4ddff55cb35d7,29695,Cho2017,Q15-E006,BROAD_EEGNET,20260925,7.286752014489049e-44,1.0,2
s15_1_retained_1_t010,15,1,retained_labeled_MI,1,s15.mat,95011e9b668784c8dad3c45bb6105232190848db6100eafe53d4ddff55cb35d7,33279,Cho2017,Q15-E006,BROAD_EEGNET,20260925,4.894472765819649e-18,1.0,2
s15_1_retained_1_t011,15,1,retained_labeled_MI,1,s15.mat,95011e9b668784c8dad3c45bb6105232190848db6100eafe53d4ddff55cb35d7,36863,Cho2017,Q15-E006,BROAD_EEGNET,20260925,1.65694267195704e-08,1.0,2
s15_1_retained_1_t012,15,1,retained_labeled_MI,1,s15.mat,95011e9b668784c8dad3c45bb6105232190848db6100eafe53d4ddff55cb35d7,40447,Cho2017,Q15-E006,BROAD_EEGNET,20260925,3.111368538062187e-16,1.0,2
s15_1_retained_1_t013,15,1,retained_labeled_MI,1,s15.mat,95011e9b668784c8dad3c45bb6105232190848db6100eafe53d4ddff55cb35d7,44031,Cho2017,Q15-E006,BROAD_EEGNET,20260925,2.4272944606708032e-20,1.0,2
s15_1_retained_1_t014,15,1,retained_labeled_MI,1,s15.mat,95011e9b668784c8dad3c45bb6105232190848db6100eafe53d4ddff55cb35d7,47615,Cho2017,Q15-E006,BROAD_EEGNET,20260925,9.503212019396079e-13,1.0,2
s15_1_retained_1_t015,15,1,retained_labeled_MI,1,s15.mat,95011e9b668784c8dad3c45bb6105232190848db6100eafe53d4ddff55cb35d7,51199,Cho2017,Q15-E006,BROAD_EEGNET,20260925,3.1548069084444328e-27,1.0,2
s15_1_retained_1_t016,15,1,retained_labeled_MI,1,s15.mat,95011e9b668784c8dad3c45bb6105232190848db6100eafe53d4ddff55cb35d7,54783,Cho2017,Q15-E006,BROAD_EEGNET,20260925,7.672895268789026e-28,1.0,2
s15_1_retained_1_t017,15,1,retained_labeled_MI,1,s15.mat,95011e9b668784c8dad3c45bb6105232190848db6100eafe53d4ddff55cb35d7,58367,Cho2017,Q15-E006,BROAD_EEGNET,20260925,1.815545665737918e-15,1.0,2
s15_1_retained_1_t018,15,1,retained_labeled_MI,1,s15.mat,95011e9b668784c8dad3c45bb6105232190848db6100eafe53d4ddff55cb35d7,61951,Cho2017,Q15-E006,BROAD_EEGNET,20260925,0.001222705584950745,0.9987773299217224,2
s15_1_retained_1_t019,15,1,retained_labeled_MI,1,s15.mat,95011e9b668784c8dad3c45bb6105232190848db6100eafe53d4ddff55cb35d7,65535,Cho2017,Q15-E006,BROAD_EEGNET,20260925,4.249219553965292e-15,1.0,2
s15_1_retained_1_t020,15,1,retained_labeled_MI,1,s15.mat,95011e9b668784c8dad3c45bb6105232190848db6100eafe53d4ddff55cb35d7,69119,Cho2017,Q15-E006,BROAD_EEGNET,20260925,1.7579144044887387e-24,1.0,2
s15_1_retained_1_t021,15,1,retained_labeled_MI,1,s15.mat,95011e9b668784c8dad3c45bb6105232190848db6100eafe53d4ddff55cb35d7,72703,Cho2017,Q15-E006,BROAD_EEGNET,20260925,6.943787443018781e-22,1.0,2
s15_1_retained_1_t022,15,1,retained_labeled_MI,1,s15.mat,95011e9b668784c8dad3c45bb6105232190848db6100eafe53d4ddff55cb35d7,76287,Cho2017,Q15-E006,BROAD_EEGNET,20260925,1.4441951041764917e-18,1.0,2
s15_1_retained_1_t023,15,1,retained_labeled_MI,1,s15.mat,95011e9b668784c8dad3c45bb6105232190848db6100eafe53d4ddff55cb35d7,79871,Cho2017,Q15-E006,BROAD_EEGNET,20260925,4.79566260764841e-05,0.9999520778656006,2
s15_1_retained_1_t024,15,1,retained_labeled_MI,1,s15.mat,95011e9b668784c8dad3c45bb6105232190848db6100eafe53d4ddff55cb35d7,83455,Cho2017,Q15-E006,BROAD_EEGNET,20260925,1.0593646376282407e-25,1.0,2
s15_1_retained_1_t025,15,1,retained_labeled_MI,1,s15.mat,95011e9b668784c8dad3c45bb6105232190848db6100eafe53d4ddff55cb35d7,87039,Cho2017,Q15-E006,BROAD_EEGNET,20260925,1.658478177924208e-13,1.0,2
s15_1_retained_1_t026,15,1,retained_labeled_MI,1,s15.mat,95011e9b668784c8dad3c45bb6105232190848db6100eafe53d4ddff55cb35d7,90623,Cho2017,Q15-E006,BROAD_EEGNET,20260925,1.9831109410867187e-13,1.0,2
s15_1_retained_1_t027,15,1,retained_labeled_MI,1,s15.mat,95011e9b668784c8dad3c45bb6105232190848db6100eafe53d4ddff55cb35d7,94207,Cho2017,Q15-E006,BROAD_EEGNET,20260925,2.7003420148925126e-21,1.0,2
s15_1_retained_1_t028,15,1,retained_labeled_MI,1,s15.mat,95011e9b668784c8dad3c45bb6105232190848db6100eafe53d4ddff55cb35d7,97791,Cho2017,Q15-E006,BROAD_EEGNET,20260925,9.756151939654956e-07,0.9999990463256836,2
s15_1_retained_1_t029,15,1,retained_labeled_MI,1,s15.mat,95011e9b668784c8dad3c45bb6105232190848db6100eafe53d4ddff55cb35d7,101375,Cho2017,Q15-E006,BROAD_EEGNET,20260925,2.149069676699178e-20,1.0,2
s15_1_retained_1_t030,15,1,retained_labeled_MI,1,s15.mat,95011e9b668784c8dad3c45bb6105232190848db6100eafe53d4ddff55cb35d7,104959,Cho2017,Q15-E006,BROAD_EEGNET,20260925,2.192672004345967e-17,1.0,2
s15_1_retained_1_t031,15,1,retained_labeled_MI,1,s15.mat,95011e9b668784c8dad3c45bb6105232190848db6100eafe53d4ddff55cb35d7,108543,Cho2017,Q15-E006,BROAD_EEGNET,20260925,2.4548912236355136e-08,1.0,2
s15_1_retained_1_t032,15,1,retained_labeled_MI,1,s15.mat,95011e9b668784c8dad3c45bb6105232190848db6100eafe53d4ddff55cb35d7,112127,Cho2017,Q15-E006,BROAD_EEGNET,20260925,2.676812578154353e-15,1.0,2
s15_1_retained_1_t033,15,1,retained_labeled_MI,1,s15.mat,95011e9b668784c8dad3c45bb6105232190848db6100eafe53d4ddff55cb35d7,115711,Cho2017,Q15-E006,BROAD_EEGNET,20260925,2.3961822109841435e-11,1.0,2
s15_1_retained_1_t034,15,1,retained_labeled_MI,1,s15.mat,95011e9b668784c8dad3c45bb6105232190848db6100eafe53d4ddff55cb35d7,119295,Cho2017,Q15-E006,BROAD_EEGNET,20260925,6.446224218667811e-23,1.0,2
s15_1_retained_1_t035,15,1,retained_labeled_MI,1,s15.mat,95011e9b668784c8dad3c45bb6105232190848db6100eafe53d4ddff55cb35d7,122879,Cho2017,Q15-E006,BROAD_EEGNET,20260925,4.619786579951324e-07,0.9999995231628418,2
s15_1_retained_1_t036,15,1,retained_labeled_MI,1,s15.mat,95011e9b668784c8dad3c45bb6105232190848db6100eafe53d4ddff55cb35d7,126463,Cho2017,Q15-E006,BROAD_EEGNET,20260925,0.9955280423164368,0.004471996333450079,1
s15_1_retained_1_t037,15,1,retained_labeled_MI,1,s15.mat,95011e9b668784c8dad3c45bb6105232190848db6100eafe53d4ddff55cb35d7,130047,Cho2017,Q15-E006,BROAD_EEGNET,20260925,3.741975508981711e-24,1.0,2
s15_1_retained_1_t038,15,1,retained_labeled_MI,1,s15.mat,95011e9b668784c8dad3c45bb6105232190848db6100eafe53d4ddff55cb35d7,133631,Cho2017,Q15-E006,BROAD_EEGNET,20260925,2.6656420004655956e-07,0.9999997615814209,2
s15_1_retained_1_t039,15,1,retained_labeled_MI,1,s15.mat,95011e9b668784c8dad3c45bb6105232190848db6100eafe53d4ddff55cb35d7,137215,Cho2017,Q15-E006,BROAD_EEGNET,20260925,1.0108007486575588e-10,1.0,2
s15_1_retained_1_t040,15,1,retained_labeled_MI,1,s15.mat,95011e9b668784c8dad3c45bb6105232190848db6100eafe53d4ddff55cb35d7,140799,Cho2017,Q15-E006,BROAD_EEGNET,20260925,1.890000091167587e-24,1.0,2
s15_1_retained_1_t041,15,1,retained_labeled_MI,1,s15.mat,95011e9b668784c8dad3c45bb6105232190848db6100eafe53d4ddff55cb35d7,144383,Cho2017,Q15-E006,BROAD_EEGNET,20260925,2.7903932940032137e-18,1.0,2
s15_1_retained_1_t042,15,1,retained_labeled_MI,1,s15.mat,95011e9b668784c8dad3c45bb6105232190848db6100eafe53d4ddff55cb35d7,147967,Cho2017,Q15-E006,BROAD_EEGNET,20260925,9.05481658584268e-22,1.0,2
s15_1_retained_1_t043,15,1,retained_labeled_MI,1,s15.mat,95011e9b668784c8dad3c45bb6105232190848db6100eafe53d4ddff55cb35d7,151551,Cho2017,Q15-E006,BROAD_EEGNET,20260925,1.5264982929955685e-17,1.0,2
s15_1_retained_1_t044,15,1,retained_labeled_MI,1,s15.mat,95011e9b668784c8dad3c45bb6105232190848db6100eafe53d4ddff55cb35d7,155135,Cho2017,Q15-E006,BROAD_EEGNET,20260925,3.2033440344747532e-09,1.0,2
s15_1_retained_1_t045,15,1,retained_labeled_MI,1,s15.mat,95011e9b668784c8dad3c45bb6105232190848db6100eafe53d4ddff55cb35d7,158719,Cho2017,Q15-E006,BROAD_EEGNET,20260925,4.5441790774702895e-08,1.0,2
s15_1_retained_1_t046,15,1,retained_labeled_MI,1,s15.mat,95011e9b668784c8dad3c45bb6105232190848db6100eafe53d4ddff55cb35d7,162303,Cho2017,Q15-E006,BROAD_EEGNET,20260925,6.640614446951076e-05,0.9999336004257202,2
s15_1_retained_1_t047,15,1,retained_labeled_MI,1,s15.mat,95011e9b668784c8dad3c45bb6105232190848db6100eafe53d4ddff55cb35d7,165887,Cho2017,Q15-E006,BROAD_EEGNET,20260925,5.309524417466448e-30,1.0,2
s15_1_retained_1_t048,15,1,retained_labeled_MI,1,s15.mat,95011e9b668784c8dad3c45bb6105232190848db6100eafe53d4ddff55cb35d7,169471,Cho2017,Q15-E006,BROAD_EEGNET,20260925,6.126434211125501e-18,1.0,2
s15_1_retained_1_t049,15,1,retained_labeled_MI,1,s15.mat,95011e9b668784c8dad3c45bb6105232190848db6100eafe53d4ddff55cb35d7,173055,Cho2017,Q15-E006,BROAD_EEGNET,20260925,0.1889307200908661,0.8110692501068115,2
s15_1_retained_1_t050,15,1,retained_labeled_MI,1,s15.mat,95011e9b668784c8dad3c45bb6105232190848db6100eafe53d4ddff55cb35d7,176639,Cho2017,Q15-E006,BROAD_EEGNET,20260925,2.575944232224847e-12,1.0,2
s15_1_retained_1_t051,15,1,retained_labeled_MI,1,s15.mat,95011e9b668784c8dad3c45bb6105232190848db6100eafe53d4ddff55cb35d7,180223,Cho2017,Q15-E006,BROAD_EEGNET,20260925,2.0491058502769555e-11,1.0,2
s15_1_retained_1_t052,15,1,retained_labeled_MI,1,s15.mat,95011e9b668784c8dad3c45bb6105232190848db6100eafe53d4ddff55cb35d7,183807,Cho2017,Q15-E006,BROAD_EEGNET,20260925,6.910932329878827e-13,1.0,2
s15_1_retained_1_t053,15,1,retained_labeled_MI,1,s15.mat,95011e9b668784c8dad3c45bb6105232190848db6100eafe53d4ddff55cb35d7,187391,Cho2017,Q15-E006,BROAD_EEGNET,20260925,4.1720914572578643e-22,1.0,2
s15_1_retained_1_t054,15,1,retained_labeled_MI,1,s15.mat,95011e9b668784c8dad3c45bb6105232190848db6100eafe53d4ddff55cb35d7,190975,Cho2017,Q15-E006,BROAD_EEGNET,20260925,8.343001819346657e-20,1.0,2
s15_1_retained_1_t055,15,1,retained_labeled_MI,1,s15.mat,95011e9b668784c8dad3c45bb6105232190848db6100eafe53d4ddff55cb35d7,194559,Cho2017,Q15-E006,BROAD_EEGNET,20260925,0.001695744227617979,0.9983042478561401,2
s15_1_retained_1_t056,15,1,retained_labeled_MI,1,s15.mat,95011e9b668784c8dad3c45bb6105232190848db6100eafe53d4ddff55cb35d7,198143,Cho2017,Q15-E006,BROAD_EEGNET,20260925,1.2771020148218506e-17,1.0,2
s15_1_retained_1_t057,15,1,retained_labeled_MI,1,s15.mat,95011e9b668784c8dad3c45bb6105232190848db6100eafe53d4ddff55cb35d7,201727,Cho2017,Q15-E006,BROAD_EEGNET,20260925,6.858871803849809e-11,1.0,2
s15_1_retained_1_t058,15,1,retained_labeled_MI,1,s15.mat,95011e9b668784c8dad3c45bb6105232190848db6100eafe53d4ddff55cb35d7,205311,Cho2017,Q15-E006,BROAD_EEGNET,20260925,0.9999889135360718,1.1138304216729011e-05,1
s15_1_retained_1_t059,15,1,retained_labeled_MI,1,s15.mat,95011e9b668784c8dad3c45bb6105232190848db6100eafe53d4ddff55cb35d7,208895,Cho2017,Q15-E006,BROAD_EEGNET,20260925,1.0,2.2382326027303723e-12,1
s15_1_retained_1_t060,15,1,retained_labeled_MI,1,s15.mat,95011e9b668784c8dad3c45bb6105232190848db6100eafe53d4ddff55cb35d7,212479,Cho2017,Q15-E006,BROAD_EEGNET,20260925,8.660668413540407e-07,0.9999991655349731,2
s15_1_retained_1_t061,15,1,retained_labeled_MI,1,s15.mat,95011e9b668784c8dad3c45bb6105232190848db6100eafe53d4ddff55cb35d7,216063,Cho2017,Q15-E006,BROAD_EEGNET,20260925,2.3941880921383996e-13,1.0,2
s15_1_retained_1_t062,15,1,retained_labeled_MI,1,s15.mat,95011e9b668784c8dad3c45bb6105232190848db6100eafe53d4ddff55cb35d7,219647,Cho2017,Q15-E006,BROAD_EEGNET,20260925,3.0248794989799504e-25,1.0,2
s15_1_retained_1_t063,15,1,retained_labeled_MI,1,s15.mat,95011e9b668784c8dad3c45bb6105232190848db6100eafe53d4ddff55cb35d7,223231,Cho2017,Q15-E006,BROAD_EEGNET,20260925,1.0725332672545703e-21,1.0,2
s15_1_retained_1_t064,15,1,retained_labeled_MI,1,s15.mat,95011e9b668784c8dad3c45bb6105232190848db6100eafe53d4ddff55cb35d7,226815,Cho2017,Q15-E006,BROAD_EEGNET,20260925,2.054097778134633e-16,1.0,2
s15_1_retained_1_t065,15,1,retained_labeled_MI,1,s15.mat,95011e9b668784c8dad3c45bb6105232190848db6100eafe53d4ddff55cb35d7,230399,Cho2017,Q15-E006,BROAD_EEGNET,20260925,1.3049103131379525e-07,0.9999998807907104,2
s15_1_retained_1_t066,15,1,retained_labeled_MI,1,s15.mat,95011e9b668784c8dad3c45bb6105232190848db6100eafe53d4ddff55cb35d7,233983,Cho2017,Q15-E006,BROAD_EEGNET,20260925,1.4364637571836883e-19,1.0,2
s15_1_retained_1_t067,15,1,retained_labeled_MI,1,s15.mat,95011e9b668784c8dad3c45bb6105232190848db6100eafe53d4ddff55cb35d7,237567,Cho2017,Q15-E006,BROAD_EEGNET,20260925,3.1283604739334452e-18,1.0,2
s15_1_retained_1_t068,15,1,retained_labeled_MI,1,s15.mat,95011e9b668784c8dad3c45bb6105232190848db6100eafe53d4ddff55cb35d7,241151,Cho2017,Q15-E006,BROAD_EEGNET,20260925,0.0010211645858362317,0.998978853225708,2
s15_1_retained_1_t069,15,1,retained_labeled_MI,1,s15.mat,95011e9b668784c8dad3c45bb6105232190848db6100eafe53d4ddff55cb35d7,244735,Cho2017,Q15-E006,BROAD_EEGNET,20260925,8.091603836468865e-17,1.0,2
s15_1_retained_1_t070,15,1,retained_labeled_MI,1,s15.mat,95011e9b668784c8dad3c45bb6105232190848db6100eafe53d4ddff55cb35d7,248319,Cho2017,Q15-E006,BROAD_EEGNET,20260925,0.9995161294937134,0.00048390906886197627,1
s15_1_retained_1_t071,15,1,retained_labeled_MI,1,s15.mat,95011e9b668784c8dad3c45bb6105232190848db6100eafe53d4ddff55cb35d7,251903,Cho2017,Q15-E006,BROAD_EEGNET,20260925,1.4829781909790764e-19,1.0,2
s15_1_retained_1_t072,15,1,retained_labeled_MI,1,s15.mat,95011e9b668784c8dad3c45bb6105232190848db6100eafe53d4ddff55cb35d7,255487,Cho2017,Q15-E006,BROAD_EEGNET,20260925,8.029761577876826e-11,1.0,2
s15_1_retained_1_t073,15,1,retained_labeled_MI,1,s15.mat,95011e9b668784c8dad3c45bb6105232190848db6100eafe53d4ddff55cb35d7,259071,Cho2017,Q15-E006,BROAD_EEGNET,20260925,5.956268450818076e-20,1.0,2
s15_1_retained_1_t074,15,1,retained_labeled_MI,1,s15.mat,95011e9b668784c8dad3c45bb6105232190848db6100eafe53d4ddff55cb35d7,262655,Cho2017,Q15-E006,BROAD_EEGNET,20260925,2.1762990523597785e-23,1.0,2
s15_1_retained_1_t075,15,1,retained_labeled_MI,1,s15.mat,95011e9b668784c8dad3c45bb6105232190848db6100eafe53d4ddff55cb35d7,266239,Cho2017,Q15-E006,BROAD_EEGNET,20260925,9.918220472188469e-28,1.0,2
s15_1_retained_1_t076,15,1,retained_labeled_MI,1,s15.mat,95011e9b668784c8dad3c45bb6105232190848db6100eafe53d4ddff55cb35d7,269823,Cho2017,Q15-E006,BROAD_EEGNET,20260925,0.0006893398240208626,0.9993106126785278,2
s15_1_retained_1_t077,15,1,retained_labeled_MI,1,s15.mat,95011e9b668784c8dad3c45bb6105232190848db6100eafe53d4ddff55cb35d7,273407,Cho2017,Q15-E006,BROAD_EEGNET,20260925,3.7713622403675463e-19,1.0,2
s15_1_retained_1_t078,15,1,retained_labeled_MI,1,s15.mat,95011e9b668784c8dad3c45bb6105232190848db6100eafe53d4ddff55cb35d7,276991,Cho2017,Q15-E006,BROAD_EEGNET,20260925,0.011305532418191433,0.9886944890022278,2
s15_1_retained_1_t079,15,1,retained_labeled_MI,1,s15.mat,95011e9b668784c8dad3c45bb6105232190848db6100eafe53d4ddff55cb35d7,280575,Cho2017,Q15-E006,BROAD_EEGNET,20260925,4.165310811235646e-25,1.0,2
s15_1_retained_1_t080,15,1,retained_labeled_MI,1,s15.mat,95011e9b668784c8dad3c45bb6105232190848db6100eafe53d4ddff55cb35d7,284159,Cho2017,Q15-E006,BROAD_EEGNET,20260925,1.1049452152703742e-16,1.0,2
s15_1_retained_1_t081,15,1,retained_labeled_MI,1,s15.mat,95011e9b668784c8dad3c45bb6105232190848db6100eafe53d4ddff55cb35d7,287743,Cho2017,Q15-E006,BROAD_EEGNET,20260925,6.742808308899229e-25,1.0,2
s15_1_retained_1_t082,15,1,retained_labeled_MI,1,s15.mat,95011e9b668784c8dad3c45bb6105232190848db6100eafe53d4ddff55cb35d7,291327,Cho2017,Q15-E006,BROAD_EEGNET,20260925,5.630668709066811e-10,1.0,2
s15_1_retained_1_t083,15,1,retained_labeled_MI,1,s15.mat,95011e9b668784c8dad3c45bb6105232190848db6100eafe53d4ddff55cb35d7,294911,Cho2017,Q15-E006,BROAD_EEGNET,20260925,6.042152093503528e-21,1.0,2
s15_1_retained_1_t084,15,1,retained_labeled_MI,1,s15.mat,95011e9b668784c8dad3c45bb6105232190848db6100eafe53d4ddff55cb35d7,298495,Cho2017,Q15-E006,BROAD_EEGNET,20260925,1.8307928720912208e-20,1.0,2
s15_1_retained_1_t085,15,1,retained_labeled_MI,1,s15.mat,95011e9b668784c8dad3c45bb6105232190848db6100eafe53d4ddff55cb35d7,302079,Cho2017,Q15-E006,BROAD_EEGNET,20260925,1.8987367234046815e-09,1.0,2
s15_1_retained_1_t086,15,1,retained_labeled_MI,1,s15.mat,95011e9b668784c8dad3c45bb6105232190848db6100eafe53d4ddff55cb35d7,305663,Cho2017,Q15-E006,BROAD_EEGNET,20260925,1.872544003536647e-12,1.0,2
s15_1_retained_1_t087,15,1,retained_labeled_MI,1,s15.mat,95011e9b668784c8dad3c45bb6105232190848db6100eafe53d4ddff55cb35d7,309247,Cho2017,Q15-E006,BROAD_EEGNET,20260925,0.0,1.0,2
s15_1_retained_1_t088,15,1,retained_labeled_MI,1,s15.mat,95011e9b668784c8dad3c45bb6105232190848db6100eafe53d4ddff55cb35d7,312831,Cho2017,Q15-E006,BROAD_EEGNET,20260925,1.4184910043088045e-16,1.0,2
s15_1_retained_1_t089,15,1,retained_labeled_MI,1,s15.mat,95011e9b668784c8dad3c45bb6105232190848db6100eafe53d4ddff55cb35d7,316415,Cho2017,Q15-E006,BROAD_EEGNET,20260925,2.685780340960061e-17,1.0,2
s15_1_retained_1_t090,15,1,retained_labeled_MI,1,s15.mat,95011e9b668784c8dad3c45bb6105232190848db6100eafe53d4ddff55cb35d7,319999,Cho2017,Q15-E006,BROAD_EEGNET,20260925,6.981938241918961e-27,1.0,2
s15_1_retained_1_t091,15,1,retained_labeled_MI,1,s15.mat,95011e9b668784c8dad3c45bb6105232190848db6100eafe53d4ddff55cb35d7,323583,Cho2017,Q15-E006,BROAD_EEGNET,20260925,5.388060603152972e-14,1.0,2
s15_1_retained_1_t092,15,1,retained_labeled_MI,1,s15.mat,95011e9b668784c8dad3c45bb6105232190848db6100eafe53d4ddff55cb35d7,327167,Cho2017,Q15-E006,BROAD_EEGNET,20260925,2.826155108548445e-12,1.0,2
s15_1_retained_1_t093,15,1,retained_labeled_MI,1,s15.mat,95011e9b668784c8dad3c45bb6105232190848db6100eafe53d4ddff55cb35d7,330751,Cho2017,Q15-E006,BROAD_EEGNET,20260925,1.4117154024752602e-17,1.0,2
s15_1_retained_1_t094,15,1,retained_labeled_MI,1,s15.mat,95011e9b668784c8dad3c45bb6105232190848db6100eafe53d4ddff55cb35d7,334335,Cho2017,Q15-E006,BROAD_EEGNET,20260925,1.8403259143962725e-24,1.0,2
s15_1_retained_1_t095,15,1,retained_labeled_MI,1,s15.mat,95011e9b668784c8dad3c45bb6105232190848db6100eafe53d4ddff55cb35d7,337919,Cho2017,Q15-E006,BROAD_EEGNET,20260925,0.6354248523712158,0.36457520723342896,1
s15_1_retained_1_t096,15,1,retained_labeled_MI,1,s15.mat,95011e9b668784c8dad3c45bb6105232190848db6100eafe53d4ddff55cb35d7,341503,Cho2017,Q15-E006,BROAD_EEGNET,20260925,0.5684922337532043,0.43150779604911804,1
s15_1_retained_1_t097,15,1,retained_labeled_MI,1,s15.mat,95011e9b668784c8dad3c45bb6105232190848db6100eafe53d4ddff55cb35d7,345087,Cho2017,Q15-E006,BROAD_EEGNET,20260925,8.582351496144724e-11,1.0,2
s15_1_retained_1_t098,15,1,retained_labeled_MI,1,s15.mat,95011e9b668784c8dad3c45bb6105232190848db6100eafe53d4ddff55cb35d7,348671,Cho2017,Q15-E006,BROAD_EEGNET,20260925,5.506787910440928e-24,1.0,2
s15_1_retained_1_t099,15,1,retained_labeled_MI,1,s15.mat,95011e9b668784c8dad3c45bb6105232190848db6100eafe53d4ddff55cb35d7,352255,Cho2017,Q15-E006,BROAD_EEGNET,20260925,3.4370675293580425e-16,1.0,2
s15_1_retained_1_t100,15,1,retained_labeled_MI,1,s15.mat,95011e9b668784c8dad3c45bb6105232190848db6100eafe53d4ddff55cb35d7,355839,Cho2017,Q15-E006,BROAD_EEGNET,20260925,8.839263119087348e-29,1.0,2
s15_1_retained_2_t001,15,1,retained_labeled_MI,2,s15.mat,95011e9b668784c8dad3c45bb6105232190848db6100eafe53d4ddff55cb35d7,1023,Cho2017,Q15-E006,BROAD_EEGNET,20260925,4.301396207533753e-13,1.0,2
s15_1_retained_2_t002,15,1,retained_labeled_MI,2,s15.mat,95011e9b668784c8dad3c45bb6105232190848db6100eafe53d4ddff55cb35d7,4607,Cho2017,Q15-E006,BROAD_EEGNET,20260925,1.177031887754365e-12,1.0,2
s15_1_retained_2_t003,15,1,retained_labeled_MI,2,s15.mat,95011e9b668784c8dad3c45bb6105232190848db6100eafe53d4ddff55cb35d7,8191,Cho2017,Q15-E006,BROAD_EEGNET,20260925,1.8684801692134078e-16,1.0,2
s15_1_retained_2_t004,15,1,retained_labeled_MI,2,s15.mat,95011e9b668784c8dad3c45bb6105232190848db6100eafe53d4ddff55cb35d7,11775,Cho2017,Q15-E006,BROAD_EEGNET,20260925,2.9680068353108574e-15,1.0,2
s15_1_retained_2_t005,15,1,retained_labeled_MI,2,s15.mat,95011e9b668784c8dad3c45bb6105232190848db6100eafe53d4ddff55cb35d7,15359,Cho2017,Q15-E006,BROAD_EEGNET,20260925,2.200611429914328e-21,1.0,2
s15_1_retained_2_t006,15,1,retained_labeled_MI,2,s15.mat,95011e9b668784c8dad3c45bb6105232190848db6100eafe53d4ddff55cb35d7,18943,Cho2017,Q15-E006,BROAD_EEGNET,20260925,5.0927087867666013e-33,1.0,2
s15_1_retained_2_t007,15,1,retained_labeled_MI,2,s15.mat,95011e9b668784c8dad3c45bb6105232190848db6100eafe53d4ddff55cb35d7,22527,Cho2017,Q15-E006,BROAD_EEGNET,20260925,2.3358412992246383e-25,1.0,2
s15_1_retained_2_t008,15,1,retained_labeled_MI,2,s15.mat,95011e9b668784c8dad3c45bb6105232190848db6100eafe53d4ddff55cb35d7,26111,Cho2017,Q15-E006,BROAD_EEGNET,20260925,0.0,1.0,2
s15_1_retained_2_t009,15,1,retained_labeled_MI,2,s15.mat,95011e9b668784c8dad3c45bb6105232190848db6100eafe53d4ddff55cb35d7,29695,Cho2017,Q15-E006,BROAD_EEGNET,20260925,8.180524702083858e-09,1.0,2
s15_1_retained_2_t010,15,1,retained_labeled_MI,2,s15.mat,95011e9b668784c8dad3c45bb6105232190848db6100eafe53d4ddff55cb35d7,33279,Cho2017,Q15-E006,BROAD_EEGNET,20260925,3.914386376740264e-22,1.0,2
s15_1_retained_2_t011,15,1,retained_labeled_MI,2,s15.mat,95011e9b668784c8dad3c45bb6105232190848db6100eafe53d4ddff55cb35d7,36863,Cho2017,Q15-E006,BROAD_EEGNET,20260925,5.325568416710842e-23,1.0,2
s15_1_retained_2_t012,15,1,retained_labeled_MI,2,s15.mat,95011e9b668784c8dad3c45bb6105232190848db6100eafe53d4ddff55cb35d7,40447,Cho2017,Q15-E006,BROAD_EEGNET,20260925,2.849693553846475e-21,1.0,2
s15_1_retained_2_t013,15,1,retained_labeled_MI,2,s15.mat,95011e9b668784c8dad3c45bb6105232190848db6100eafe53d4ddff55cb35d7,44031,Cho2017,Q15-E006,BROAD_EEGNET,20260925,0.0,1.0,2
s15_1_retained_2_t014,15,1,retained_labeled_MI,2,s15.mat,95011e9b668784c8dad3c45bb6105232190848db6100eafe53d4ddff55cb35d7,47615,Cho2017,Q15-E006,BROAD_EEGNET,20260925,8.660183084430173e-06,0.9999912977218628,2
s15_1_retained_2_t015,15,1,retained_labeled_MI,2,s15.mat,95011e9b668784c8dad3c45bb6105232190848db6100eafe53d4ddff55cb35d7,51199,Cho2017,Q15-E006,BROAD_EEGNET,20260925,4.102048876399058e-17,1.0,2
s15_1_retained_2_t016,15,1,retained_labeled_MI,2,s15.mat,95011e9b668784c8dad3c45bb6105232190848db6100eafe53d4ddff55cb35d7,54783,Cho2017,Q15-E006,BROAD_EEGNET,20260925,1.7538544228035136e-10,1.0,2
s15_1_retained_2_t017,15,1,retained_labeled_MI,2,s15.mat,95011e9b668784c8dad3c45bb6105232190848db6100eafe53d4ddff55cb35d7,58367,Cho2017,Q15-E006,BROAD_EEGNET,20260925,1.0561745639996935e-22,1.0,2
s15_1_retained_2_t018,15,1,retained_labeled_MI,2,s15.mat,95011e9b668784c8dad3c45bb6105232190848db6100eafe53d4ddff55cb35d7,61951,Cho2017,Q15-E006,BROAD_EEGNET,20260925,3.98032259211231e-15,1.0,2
s15_1_retained_2_t019,15,1,retained_labeled_MI,2,s15.mat,95011e9b668784c8dad3c45bb6105232190848db6100eafe53d4ddff55cb35d7,65535,Cho2017,Q15-E006,BROAD_EEGNET,20260925,2.6797713287592002e-18,1.0,2
s15_1_retained_2_t020,15,1,retained_labeled_MI,2,s15.mat,95011e9b668784c8dad3c45bb6105232190848db6100eafe53d4ddff55cb35d7,69119,Cho2017,Q15-E006,BROAD_EEGNET,20260925,1.496989596579959e-18,1.0,2
s15_1_retained_2_t021,15,1,retained_labeled_MI,2,s15.mat,95011e9b668784c8dad3c45bb6105232190848db6100eafe53d4ddff55cb35d7,72703,Cho2017,Q15-E006,BROAD_EEGNET,20260925,1.034503416449214e-20,1.0,2
s15_1_retained_2_t022,15,1,retained_labeled_MI,2,s15.mat,95011e9b668784c8dad3c45bb6105232190848db6100eafe53d4ddff55cb35d7,76287,Cho2017,Q15-E006,BROAD_EEGNET,20260925,2.479073737506378e-18,1.0,2
s15_1_retained_2_t023,15,1,retained_labeled_MI,2,s15.mat,95011e9b668784c8dad3c45bb6105232190848db6100eafe53d4ddff55cb35d7,79871,Cho2017,Q15-E006,BROAD_EEGNET,20260925,6.51173169046055e-27,1.0,2
s15_1_retained_2_t024,15,1,retained_labeled_MI,2,s15.mat,95011e9b668784c8dad3c45bb6105232190848db6100eafe53d4ddff55cb35d7,83455,Cho2017,Q15-E006,BROAD_EEGNET,20260925,1.6885871356149832e-21,1.0,2
s15_1_retained_2_t025,15,1,retained_labeled_MI,2,s15.mat,95011e9b668784c8dad3c45bb6105232190848db6100eafe53d4ddff55cb35d7,87039,Cho2017,Q15-E006,BROAD_EEGNET,20260925,3.599901423293135e-23,1.0,2
s15_1_retained_2_t026,15,1,retained_labeled_MI,2,s15.mat,95011e9b668784c8dad3c45bb6105232190848db6100eafe53d4ddff55cb35d7,90623,Cho2017,Q15-E006,BROAD_EEGNET,20260925,2.66803455099621e-23,1.0,2
s15_1_retained_2_t027,15,1,retained_labeled_MI,2,s15.mat,95011e9b668784c8dad3c45bb6105232190848db6100eafe53d4ddff55cb35d7,94207,Cho2017,Q15-E006,BROAD_EEGNET,20260925,1.8478824190487717e-15,1.0,2
s15_1_retained_2_t028,15,1,retained_labeled_MI,2,s15.mat,95011e9b668784c8dad3c45bb6105232190848db6100eafe53d4ddff55cb35d7,97791,Cho2017,Q15-E006,BROAD_EEGNET,20260925,2.5131262088723405e-12,1.0,2
s15_1_retained_2_t029,15,1,retained_labeled_MI,2,s15.mat,95011e9b668784c8dad3c45bb6105232190848db6100eafe53d4ddff55cb35d7,101375,Cho2017,Q15-E006,BROAD_EEGNET,20260925,2.3913376992159468e-15,1.0,2
s15_1_retained_2_t030,15,1,retained_labeled_MI,2,s15.mat,95011e9b668784c8dad3c45bb6105232190848db6100eafe53d4ddff55cb35d7,104959,Cho2017,Q15-E006,BROAD_EEGNET,20260925,4.517553857639448e-19,1.0,2
s15_1_retained_2_t031,15,1,retained_labeled_MI,2,s15.mat,95011e9b668784c8dad3c45bb6105232190848db6100eafe53d4ddff55cb35d7,108543,Cho2017,Q15-E006,BROAD_EEGNET,20260925,5.218155156956549e-18,1.0,2
s15_1_retained_2_t032,15,1,retained_labeled_MI,2,s15.mat,95011e9b668784c8dad3c45bb6105232190848db6100eafe53d4ddff55cb35d7,112127,Cho2017,Q15-E006,BROAD_EEGNET,20260925,2.7489114916780835e-20,1.0,2
s15_1_retained_2_t033,15,1,retained_labeled_MI,2,s15.mat,95011e9b668784c8dad3c45bb6105232190848db6100eafe53d4ddff55cb35d7,115711,Cho2017,Q15-E006,BROAD_EEGNET,20260925,9.539498080357589e-09,1.0,2
s15_1_retained_2_t034,15,1,retained_labeled_MI,2,s15.mat,95011e9b668784c8dad3c45bb6105232190848db6100eafe53d4ddff55cb35d7,119295,Cho2017,Q15-E006,BROAD_EEGNET,20260925,3.3504604141445053e-32,1.0,2
s15_1_retained_2_t035,15,1,retained_labeled_MI,2,s15.mat,95011e9b668784c8dad3c45bb6105232190848db6100eafe53d4ddff55cb35d7,122879,Cho2017,Q15-E006,BROAD_EEGNET,20260925,6.231674229111514e-19,1.0,2
s15_1_retained_2_t036,15,1,retained_labeled_MI,2,s15.mat,95011e9b668784c8dad3c45bb6105232190848db6100eafe53d4ddff55cb35d7,126463,Cho2017,Q15-E006,BROAD_EEGNET,20260925,4.683000171979952e-35,1.0,2
s15_1_retained_2_t037,15,1,retained_labeled_MI,2,s15.mat,95011e9b668784c8dad3c45bb6105232190848db6100eafe53d4ddff55cb35d7,130047,Cho2017,Q15-E006,BROAD_EEGNET,20260925,0.022062327712774277,0.9779376983642578,2
s15_1_retained_2_t038,15,1,retained_labeled_MI,2,s15.mat,95011e9b668784c8dad3c45bb6105232190848db6100eafe53d4ddff55cb35d7,133631,Cho2017,Q15-E006,BROAD_EEGNET,20260925,3.9529519515553577e-29,1.0,2
s15_1_retained_2_t039,15,1,retained_labeled_MI,2,s15.mat,95011e9b668784c8dad3c45bb6105232190848db6100eafe53d4ddff55cb35d7,137215,Cho2017,Q15-E006,BROAD_EEGNET,20260925,4.476000815191856e-22,1.0,2
s15_1_retained_2_t040,15,1,retained_labeled_MI,2,s15.mat,95011e9b668784c8dad3c45bb6105232190848db6100eafe53d4ddff55cb35d7,140799,Cho2017,Q15-E006,BROAD_EEGNET,20260925,4.084355648532671e-18,1.0,2
s15_1_retained_2_t041,15,1,retained_labeled_MI,2,s15.mat,95011e9b668784c8dad3c45bb6105232190848db6100eafe53d4ddff55cb35d7,144383,Cho2017,Q15-E006,BROAD_EEGNET,20260925,2.198123083223661e-18,1.0,2
s15_1_retained_2_t042,15,1,retained_labeled_MI,2,s15.mat,95011e9b668784c8dad3c45bb6105232190848db6100eafe53d4ddff55cb35d7,147967,Cho2017,Q15-E006,BROAD_EEGNET,20260925,0.0007489574491046369,0.9992510676383972,2
s15_1_retained_2_t043,15,1,retained_labeled_MI,2,s15.mat,95011e9b668784c8dad3c45bb6105232190848db6100eafe53d4ddff55cb35d7,151551,Cho2017,Q15-E006,BROAD_EEGNET,20260925,2.6000226887386464e-16,1.0,2
s15_1_retained_2_t044,15,1,retained_labeled_MI,2,s15.mat,95011e9b668784c8dad3c45bb6105232190848db6100eafe53d4ddff55cb35d7,155135,Cho2017,Q15-E006,BROAD_EEGNET,20260925,2.393661342200837e-18,1.0,2
s15_1_retained_2_t045,15,1,retained_labeled_MI,2,s15.mat,95011e9b668784c8dad3c45bb6105232190848db6100eafe53d4ddff55cb35d7,158719,Cho2017,Q15-E006,BROAD_EEGNET,20260925,2.4554763233621616e-27,1.0,2
s15_1_retained_2_t046,15,1,retained_labeled_MI,2,s15.mat,95011e9b668784c8dad3c45bb6105232190848db6100eafe53d4ddff55cb35d7,162303,Cho2017,Q15-E006,BROAD_EEGNET,20260925,6.868437907314728e-08,0.9999998807907104,2
s15_1_retained_2_t047,15,1,retained_labeled_MI,2,s15.mat,95011e9b668784c8dad3c45bb6105232190848db6100eafe53d4ddff55cb35d7,165887,Cho2017,Q15-E006,BROAD_EEGNET,20260925,4.034455200315949e-29,1.0,2
s15_1_retained_2_t048,15,1,retained_labeled_MI,2,s15.mat,95011e9b668784c8dad3c45bb6105232190848db6100eafe53d4ddff55cb35d7,169471,Cho2017,Q15-E006,BROAD_EEGNET,20260925,3.7563497166828545e-16,1.0,2
s15_1_retained_2_t049,15,1,retained_labeled_MI,2,s15.mat,95011e9b668784c8dad3c45bb6105232190848db6100eafe53d4ddff55cb35d7,173055,Cho2017,Q15-E006,BROAD_EEGNET,20260925,1.3856827134553058e-26,1.0,2
s15_1_retained_2_t050,15,1,retained_labeled_MI,2,s15.mat,95011e9b668784c8dad3c45bb6105232190848db6100eafe53d4ddff55cb35d7,176639,Cho2017,Q15-E006,BROAD_EEGNET,20260925,1.6154666477153113e-26,1.0,2
s15_1_retained_2_t051,15,1,retained_labeled_MI,2,s15.mat,95011e9b668784c8dad3c45bb6105232190848db6100eafe53d4ddff55cb35d7,180223,Cho2017,Q15-E006,BROAD_EEGNET,20260925,1.2273041114956228e-20,1.0,2
s15_1_retained_2_t052,15,1,retained_labeled_MI,2,s15.mat,95011e9b668784c8dad3c45bb6105232190848db6100eafe53d4ddff55cb35d7,183807,Cho2017,Q15-E006,BROAD_EEGNET,20260925,2.6985940303929975e-19,1.0,2
s15_1_retained_2_t053,15,1,retained_labeled_MI,2,s15.mat,95011e9b668784c8dad3c45bb6105232190848db6100eafe53d4ddff55cb35d7,187391,Cho2017,Q15-E006,BROAD_EEGNET,20260925,2.168751967292562e-13,1.0,2
s15_1_retained_2_t054,15,1,retained_labeled_MI,2,s15.mat,95011e9b668784c8dad3c45bb6105232190848db6100eafe53d4ddff55cb35d7,190975,Cho2017,Q15-E006,BROAD_EEGNET,20260925,1.0225118103335262e-06,0.999998927116394,2
s15_1_retained_2_t055,15,1,retained_labeled_MI,2,s15.mat,95011e9b668784c8dad3c45bb6105232190848db6100eafe53d4ddff55cb35d7,194559,Cho2017,Q15-E006,BROAD_EEGNET,20260925,1.967328378617103e-25,1.0,2
s15_1_retained_2_t056,15,1,retained_labeled_MI,2,s15.mat,95011e9b668784c8dad3c45bb6105232190848db6100eafe53d4ddff55cb35d7,198143,Cho2017,Q15-E006,BROAD_EEGNET,20260925,5.0180973899075365e-18,1.0,2
s15_1_retained_2_t057,15,1,retained_labeled_MI,2,s15.mat,95011e9b668784c8dad3c45bb6105232190848db6100eafe53d4ddff55cb35d7,201727,Cho2017,Q15-E006,BROAD_EEGNET,20260925,0.0020352720748633146,0.9979647397994995,2
s15_1_retained_2_t058,15,1,retained_labeled_MI,2,s15.mat,95011e9b668784c8dad3c45bb6105232190848db6100eafe53d4ddff55cb35d7,205311,Cho2017,Q15-E006,BROAD_EEGNET,20260925,2.134411860867154e-28,1.0,2
s15_1_retained_2_t059,15,1,retained_labeled_MI,2,s15.mat,95011e9b668784c8dad3c45bb6105232190848db6100eafe53d4ddff55cb35d7,208895,Cho2017,Q15-E006,BROAD_EEGNET,20260925,0.0,1.0,2
s15_1_retained_2_t060,15,1,retained_labeled_MI,2,s15.mat,95011e9b668784c8dad3c45bb6105232190848db6100eafe53d4ddff55cb35d7,212479,Cho2017,Q15-E006,BROAD_EEGNET,20260925,6.6884629184702955e-28,1.0,2
s15_1_retained_2_t061,15,1,retained_labeled_MI,2,s15.mat,95011e9b668784c8dad3c45bb6105232190848db6100eafe53d4ddff55cb35d7,216063,Cho2017,Q15-E006,BROAD_EEGNET,20260925,3.009026795958801e-21,1.0,2
s15_1_retained_2_t062,15,1,retained_labeled_MI,2,s15.mat,95011e9b668784c8dad3c45bb6105232190848db6100eafe53d4ddff55cb35d7,219647,Cho2017,Q15-E006,BROAD_EEGNET,20260925,1.3625705189353139e-28,1.0,2
s15_1_retained_2_t063,15,1,retained_labeled_MI,2,s15.mat,95011e9b668784c8dad3c45bb6105232190848db6100eafe53d4ddff55cb35d7,223231,Cho2017,Q15-E006,BROAD_EEGNET,20260925,1.2382493249460025e-24,1.0,2
s15_1_retained_2_t064,15,1,retained_labeled_MI,2,s15.mat,95011e9b668784c8dad3c45bb6105232190848db6100eafe53d4ddff55cb35d7,226815,Cho2017,Q15-E006,BROAD_EEGNET,20260925,1.200302608083415e-33,1.0,2
s15_1_retained_2_t065,15,1,retained_labeled_MI,2,s15.mat,95011e9b668784c8dad3c45bb6105232190848db6100eafe53d4ddff55cb35d7,230399,Cho2017,Q15-E006,BROAD_EEGNET,20260925,1.2505573793039678e-33,1.0,2
s15_1_retained_2_t066,15,1,retained_labeled_MI,2,s15.mat,95011e9b668784c8dad3c45bb6105232190848db6100eafe53d4ddff55cb35d7,233983,Cho2017,Q15-E006,BROAD_EEGNET,20260925,5.007707226380957e-28,1.0,2
s15_1_retained_2_t067,15,1,retained_labeled_MI,2,s15.mat,95011e9b668784c8dad3c45bb6105232190848db6100eafe53d4ddff55cb35d7,237567,Cho2017,Q15-E006,BROAD_EEGNET,20260925,3.481500911375279e-22,1.0,2
s15_1_retained_2_t068,15,1,retained_labeled_MI,2,s15.mat,95011e9b668784c8dad3c45bb6105232190848db6100eafe53d4ddff55cb35d7,241151,Cho2017,Q15-E006,BROAD_EEGNET,20260925,2.421173007343697e-27,1.0,2
s15_1_retained_2_t069,15,1,retained_labeled_MI,2,s15.mat,95011e9b668784c8dad3c45bb6105232190848db6100eafe53d4ddff55cb35d7,244735,Cho2017,Q15-E006,BROAD_EEGNET,20260925,2.619358690322227e-21,1.0,2
s15_1_retained_2_t070,15,1,retained_labeled_MI,2,s15.mat,95011e9b668784c8dad3c45bb6105232190848db6100eafe53d4ddff55cb35d7,248319,Cho2017,Q15-E006,BROAD_EEGNET,20260925,1.1157664667183128e-25,1.0,2
s15_1_retained_2_t071,15,1,retained_labeled_MI,2,s15.mat,95011e9b668784c8dad3c45bb6105232190848db6100eafe53d4ddff55cb35d7,251903,Cho2017,Q15-E006,BROAD_EEGNET,20260925,9.774154879558102e-40,1.0,2
s15_1_retained_2_t072,15,1,retained_labeled_MI,2,s15.mat,95011e9b668784c8dad3c45bb6105232190848db6100eafe53d4ddff55cb35d7,255487,Cho2017,Q15-E006,BROAD_EEGNET,20260925,9.863551716970629e-20,1.0,2
s15_1_retained_2_t073,15,1,retained_labeled_MI,2,s15.mat,95011e9b668784c8dad3c45bb6105232190848db6100eafe53d4ddff55cb35d7,259071,Cho2017,Q15-E006,BROAD_EEGNET,20260925,7.365252342479006e-14,1.0,2
s15_1_retained_2_t074,15,1,retained_labeled_MI,2,s15.mat,95011e9b668784c8dad3c45bb6105232190848db6100eafe53d4ddff55cb35d7,262655,Cho2017,Q15-E006,BROAD_EEGNET,20260925,3.639811587806047e-21,1.0,2
s15_1_retained_2_t075,15,1,retained_labeled_MI,2,s15.mat,95011e9b668784c8dad3c45bb6105232190848db6100eafe53d4ddff55cb35d7,266239,Cho2017,Q15-E006,BROAD_EEGNET,20260925,1.886728997753634e-17,1.0,2
s15_1_retained_2_t076,15,1,retained_labeled_MI,2,s15.mat,95011e9b668784c8dad3c45bb6105232190848db6100eafe53d4ddff55cb35d7,269823,Cho2017,Q15-E006,BROAD_EEGNET,20260925,9.591659064223101e-13,1.0,2
s15_1_retained_2_t077,15,1,retained_labeled_MI,2,s15.mat,95011e9b668784c8dad3c45bb6105232190848db6100eafe53d4ddff55cb35d7,273407,Cho2017,Q15-E006,BROAD_EEGNET,20260925,1.7212150285000994e-21,1.0,2
s15_1_retained_2_t078,15,1,retained_labeled_MI,2,s15.mat,95011e9b668784c8dad3c45bb6105232190848db6100eafe53d4ddff55cb35d7,276991,Cho2017,Q15-E006,BROAD_EEGNET,20260925,1.2114034924548469e-16,1.0,2
s15_1_retained_2_t079,15,1,retained_labeled_MI,2,s15.mat,95011e9b668784c8dad3c45bb6105232190848db6100eafe53d4ddff55cb35d7,280575,Cho2017,Q15-E006,BROAD_EEGNET,20260925,8.829043690540463e-16,1.0,2
s15_1_retained_2_t080,15,1,retained_labeled_MI,2,s15.mat,95011e9b668784c8dad3c45bb6105232190848db6100eafe53d4ddff55cb35d7,284159,Cho2017,Q15-E006,BROAD_EEGNET,20260925,1.4488564414116385e-20,1.0,2
s15_1_retained_2_t081,15,1,retained_labeled_MI,2,s15.mat,95011e9b668784c8dad3c45bb6105232190848db6100eafe53d4ddff55cb35d7,287743,Cho2017,Q15-E006,BROAD_EEGNET,20260925,1.0475782545563516e-17,1.0,2
s15_1_retained_2_t082,15,1,retained_labeled_MI,2,s15.mat,95011e9b668784c8dad3c45bb6105232190848db6100eafe53d4ddff55cb35d7,291327,Cho2017,Q15-E006,BROAD_EEGNET,20260925,2.326166906298234e-25,1.0,2
s15_1_retained_2_t083,15,1,retained_labeled_MI,2,s15.mat,95011e9b668784c8dad3c45bb6105232190848db6100eafe53d4ddff55cb35d7,294911,Cho2017,Q15-E006,BROAD_EEGNET,20260925,3.1257307853138627e-10,1.0,2
s15_1_retained_2_t084,15,1,retained_labeled_MI,2,s15.mat,95011e9b668784c8dad3c45bb6105232190848db6100eafe53d4ddff55cb35d7,298495,Cho2017,Q15-E006,BROAD_EEGNET,20260925,7.793855757174187e-14,1.0,2
s15_1_retained_2_t085,15,1,retained_labeled_MI,2,s15.mat,95011e9b668784c8dad3c45bb6105232190848db6100eafe53d4ddff55cb35d7,302079,Cho2017,Q15-E006,BROAD_EEGNET,20260925,1.2776245281692041e-23,1.0,2
s15_1_retained_2_t086,15,1,retained_labeled_MI,2,s15.mat,95011e9b668784c8dad3c45bb6105232190848db6100eafe53d4ddff55cb35d7,305663,Cho2017,Q15-E006,BROAD_EEGNET,20260925,1.615393173245781e-33,1.0,2
s15_1_retained_2_t087,15,1,retained_labeled_MI,2,s15.mat,95011e9b668784c8dad3c45bb6105232190848db6100eafe53d4ddff55cb35d7,309247,Cho2017,Q15-E006,BROAD_EEGNET,20260925,3.201940660359584e-23,1.0,2
s15_1_retained_2_t088,15,1,retained_labeled_MI,2,s15.mat,95011e9b668784c8dad3c45bb6105232190848db6100eafe53d4ddff55cb35d7,312831,Cho2017,Q15-E006,BROAD_EEGNET,20260925,3.366097237187664e-35,1.0,2
s15_1_retained_2_t089,15,1,retained_labeled_MI,2,s15.mat,95011e9b668784c8dad3c45bb6105232190848db6100eafe53d4ddff55cb35d7,316415,Cho2017,Q15-E006,BROAD_EEGNET,20260925,6.3582199381350565e-19,1.0,2
s15_1_retained_2_t090,15,1,retained_labeled_MI,2,s15.mat,95011e9b668784c8dad3c45bb6105232190848db6100eafe53d4ddff55cb35d7,319999,Cho2017,Q15-E006,BROAD_EEGNET,20260925,9.698329040352081e-15,1.0,2
s15_1_retained_2_t091,15,1,retained_labeled_MI,2,s15.mat,95011e9b668784c8dad3c45bb6105232190848db6100eafe53d4ddff55cb35d7,323583,Cho2017,Q15-E006,BROAD_EEGNET,20260925,2.727476989920763e-13,1.0,2
s15_1_retained_2_t092,15,1,retained_labeled_MI,2,s15.mat,95011e9b668784c8dad3c45bb6105232190848db6100eafe53d4ddff55cb35d7,327167,Cho2017,Q15-E006,BROAD_EEGNET,20260925,2.013449537861988e-20,1.0,2
s15_1_retained_2_t093,15,1,retained_labeled_MI,2,s15.mat,95011e9b668784c8dad3c45bb6105232190848db6100eafe53d4ddff55cb35d7,330751,Cho2017,Q15-E006,BROAD_EEGNET,20260925,1.2196710634156409e-16,1.0,2
s15_1_retained_2_t094,15,1,retained_labeled_MI,2,s15.mat,95011e9b668784c8dad3c45bb6105232190848db6100eafe53d4ddff55cb35d7,334335,Cho2017,Q15-E006,BROAD_EEGNET,20260925,1.344496985363527e-16,1.0,2
s15_1_retained_2_t095,15,1,retained_labeled_MI,2,s15.mat,95011e9b668784c8dad3c45bb6105232190848db6100eafe53d4ddff55cb35d7,337919,Cho2017,Q15-E006,BROAD_EEGNET,20260925,3.145319370159059e-31,1.0,2
s15_1_retained_2_t096,15,1,retained_labeled_MI,2,s15.mat,95011e9b668784c8dad3c45bb6105232190848db6100eafe53d4ddff55cb35d7,341503,Cho2017,Q15-E006,BROAD_EEGNET,20260925,6.683754181534384e-25,1.0,2
s15_1_retained_2_t097,15,1,retained_labeled_MI,2,s15.mat,95011e9b668784c8dad3c45bb6105232190848db6100eafe53d4ddff55cb35d7,345087,Cho2017,Q15-E006,BROAD_EEGNET,20260925,9.65236792090332e-17,1.0,2
s15_1_retained_2_t098,15,1,retained_labeled_MI,2,s15.mat,95011e9b668784c8dad3c45bb6105232190848db6100eafe53d4ddff55cb35d7,348671,Cho2017,Q15-E006,BROAD_EEGNET,20260925,7.823465411695033e-25,1.0,2
s15_1_retained_2_t099,15,1,retained_labeled_MI,2,s15.mat,95011e9b668784c8dad3c45bb6105232190848db6100eafe53d4ddff55cb35d7,352255,Cho2017,Q15-E006,BROAD_EEGNET,20260925,1.470956423585083e-17,1.0,2
s15_1_retained_2_t100,15,1,retained_labeled_MI,2,s15.mat,95011e9b668784c8dad3c45bb6105232190848db6100eafe53d4ddff55cb35d7,355839,Cho2017,Q15-E006,BROAD_EEGNET,20260925,1.0082104591911184e-26,1.0,2
s15_1_retained_1_t001,15,1,retained_labeled_MI,1,s15.mat,95011e9b668784c8dad3c45bb6105232190848db6100eafe53d4ddff55cb35d7,1023,Cho2017,Q15-E006,BROAD_EEGNET,20260926,1.0,5.551206161413802e-09,1
s15_1_retained_1_t002,15,1,retained_labeled_MI,1,s15.mat,95011e9b668784c8dad3c45bb6105232190848db6100eafe53d4ddff55cb35d7,4607,Cho2017,Q15-E006,BROAD_EEGNET,20260926,1.0,3.786429503271904e-10,1
s15_1_retained_1_t003,15,1,retained_labeled_MI,1,s15.mat,95011e9b668784c8dad3c45bb6105232190848db6100eafe53d4ddff55cb35d7,8191,Cho2017,Q15-E006,BROAD_EEGNET,20260926,1.0,2.4649188939962485e-11,1
s15_1_retained_1_t004,15,1,retained_labeled_MI,1,s15.mat,95011e9b668784c8dad3c45bb6105232190848db6100eafe53d4ddff55cb35d7,11775,Cho2017,Q15-E006,BROAD_EEGNET,20260926,1.0,2.167439645581619e-18,1
s15_1_retained_1_t005,15,1,retained_labeled_MI,1,s15.mat,95011e9b668784c8dad3c45bb6105232190848db6100eafe53d4ddff55cb35d7,15359,Cho2017,Q15-E006,BROAD_EEGNET,20260926,1.0,3.3416219552724613e-13,1
s15_1_retained_1_t006,15,1,retained_labeled_MI,1,s15.mat,95011e9b668784c8dad3c45bb6105232190848db6100eafe53d4ddff55cb35d7,18943,Cho2017,Q15-E006,BROAD_EEGNET,20260926,0.9974157810211182,0.002584171248599887,1
s15_1_retained_1_t007,15,1,retained_labeled_MI,1,s15.mat,95011e9b668784c8dad3c45bb6105232190848db6100eafe53d4ddff55cb35d7,22527,Cho2017,Q15-E006,BROAD_EEGNET,20260926,1.0,7.301081406119181e-10,1
s15_1_retained_1_t008,15,1,retained_labeled_MI,1,s15.mat,95011e9b668784c8dad3c45bb6105232190848db6100eafe53d4ddff55cb35d7,26111,Cho2017,Q15-E006,BROAD_EEGNET,20260926,1.0,5.288984203370312e-23,1
s15_1_retained_1_t009,15,1,retained_labeled_MI,1,s15.mat,95011e9b668784c8dad3c45bb6105232190848db6100eafe53d4ddff55cb35d7,29695,Cho2017,Q15-E006,BROAD_EEGNET,20260926,1.0,1.5609502388463708e-20,1
s15_1_retained_1_t010,15,1,retained_labeled_MI,1,s15.mat,95011e9b668784c8dad3c45bb6105232190848db6100eafe53d4ddff55cb35d7,33279,Cho2017,Q15-E006,BROAD_EEGNET,20260926,1.0,1.0079769241500003e-09,1
s15_1_retained_1_t011,15,1,retained_labeled_MI,1,s15.mat,95011e9b668784c8dad3c45bb6105232190848db6100eafe53d4ddff55cb35d7,36863,Cho2017,Q15-E006,BROAD_EEGNET,20260926,1.0,6.095422560789543e-13,1
s15_1_retained_1_t012,15,1,retained_labeled_MI,1,s15.mat,95011e9b668784c8dad3c45bb6105232190848db6100eafe53d4ddff55cb35d7,40447,Cho2017,Q15-E006,BROAD_EEGNET,20260926,0.9999992847442627,6.792484441575652e-07,1
s15_1_retained_1_t013,15,1,retained_labeled_MI,1,s15.mat,95011e9b668784c8dad3c45bb6105232190848db6100eafe53d4ddff55cb35d7,44031,Cho2017,Q15-E006,BROAD_EEGNET,20260926,1.0,1.557082107694896e-08,1
s15_1_retained_1_t014,15,1,retained_labeled_MI,1,s15.mat,95011e9b668784c8dad3c45bb6105232190848db6100eafe53d4ddff55cb35d7,47615,Cho2017,Q15-E006,BROAD_EEGNET,20260926,1.0,1.3088545525175022e-10,1
s15_1_retained_1_t015,15,1,retained_labeled_MI,1,s15.mat,95011e9b668784c8dad3c45bb6105232190848db6100eafe53d4ddff55cb35d7,51199,Cho2017,Q15-E006,BROAD_EEGNET,20260926,0.631877064704895,0.368122935295105,1
s15_1_retained_1_t016,15,1,retained_labeled_MI,1,s15.mat,95011e9b668784c8dad3c45bb6105232190848db6100eafe53d4ddff55cb35d7,54783,Cho2017,Q15-E006,BROAD_EEGNET,20260926,1.0,1.9201399971213002e-28,1
s15_1_retained_1_t017,15,1,retained_labeled_MI,1,s15.mat,95011e9b668784c8dad3c45bb6105232190848db6100eafe53d4ddff55cb35d7,58367,Cho2017,Q15-E006,BROAD_EEGNET,20260926,1.0,5.4087212139619645e-12,1
s15_1_retained_1_t018,15,1,retained_labeled_MI,1,s15.mat,95011e9b668784c8dad3c45bb6105232190848db6100eafe53d4ddff55cb35d7,61951,Cho2017,Q15-E006,BROAD_EEGNET,20260926,1.0,6.928431162123161e-10,1
s15_1_retained_1_t019,15,1,retained_labeled_MI,1,s15.mat,95011e9b668784c8dad3c45bb6105232190848db6100eafe53d4ddff55cb35d7,65535,Cho2017,Q15-E006,BROAD_EEGNET,20260926,0.9999914169311523,8.635459380457178e-06,1
s15_1_retained_1_t020,15,1,retained_labeled_MI,1,s15.mat,95011e9b668784c8dad3c45bb6105232190848db6100eafe53d4ddff55cb35d7,69119,Cho2017,Q15-E006,BROAD_EEGNET,20260926,0.9999901056289673,9.905113074637484e-06,1
s15_1_retained_1_t021,15,1,retained_labeled_MI,1,s15.mat,95011e9b668784c8dad3c45bb6105232190848db6100eafe53d4ddff55cb35d7,72703,Cho2017,Q15-E006,BROAD_EEGNET,20260926,0.9996974468231201,0.0003026036429218948,1
s15_1_retained_1_t022,15,1,retained_labeled_MI,1,s15.mat,95011e9b668784c8dad3c45bb6105232190848db6100eafe53d4ddff55cb35d7,76287,Cho2017,Q15-E006,BROAD_EEGNET,20260926,1.0,2.0462051497638356e-10,1
s15_1_retained_1_t023,15,1,retained_labeled_MI,1,s15.mat,95011e9b668784c8dad3c45bb6105232190848db6100eafe53d4ddff55cb35d7,79871,Cho2017,Q15-E006,BROAD_EEGNET,20260926,0.9999949932098389,4.97886185257812e-06,1
s15_1_retained_1_t024,15,1,retained_labeled_MI,1,s15.mat,95011e9b668784c8dad3c45bb6105232190848db6100eafe53d4ddff55cb35d7,83455,Cho2017,Q15-E006,BROAD_EEGNET,20260926,0.9651726484298706,0.034827303141355515,1
s15_1_retained_1_t025,15,1,retained_labeled_MI,1,s15.mat,95011e9b668784c8dad3c45bb6105232190848db6100eafe53d4ddff55cb35d7,87039,Cho2017,Q15-E006,BROAD_EEGNET,20260926,1.0,6.088670686466434e-17,1
s15_1_retained_1_t026,15,1,retained_labeled_MI,1,s15.mat,95011e9b668784c8dad3c45bb6105232190848db6100eafe53d4ddff55cb35d7,90623,Cho2017,Q15-E006,BROAD_EEGNET,20260926,1.0,1.7332825452687217e-10,1
s15_1_retained_1_t027,15,1,retained_labeled_MI,1,s15.mat,95011e9b668784c8dad3c45bb6105232190848db6100eafe53d4ddff55cb35d7,94207,Cho2017,Q15-E006,BROAD_EEGNET,20260926,0.9589506983757019,0.041049327701330185,1
s15_1_retained_1_t028,15,1,retained_labeled_MI,1,s15.mat,95011e9b668784c8dad3c45bb6105232190848db6100eafe53d4ddff55cb35d7,97791,Cho2017,Q15-E006,BROAD_EEGNET,20260926,1.0,3.2258778981386627e-12,1
s15_1_retained_1_t029,15,1,retained_labeled_MI,1,s15.mat,95011e9b668784c8dad3c45bb6105232190848db6100eafe53d4ddff55cb35d7,101375,Cho2017,Q15-E006,BROAD_EEGNET,20260926,0.9973303079605103,0.0026697181165218353,1
s15_1_retained_1_t030,15,1,retained_labeled_MI,1,s15.mat,95011e9b668784c8dad3c45bb6105232190848db6100eafe53d4ddff55cb35d7,104959,Cho2017,Q15-E006,BROAD_EEGNET,20260926,0.722079336643219,0.2779206931591034,1
s15_1_retained_1_t031,15,1,retained_labeled_MI,1,s15.mat,95011e9b668784c8dad3c45bb6105232190848db6100eafe53d4ddff55cb35d7,108543,Cho2017,Q15-E006,BROAD_EEGNET,20260926,1.0,1.0515775487409536e-18,1
s15_1_retained_1_t032,15,1,retained_labeled_MI,1,s15.mat,95011e9b668784c8dad3c45bb6105232190848db6100eafe53d4ddff55cb35d7,112127,Cho2017,Q15-E006,BROAD_EEGNET,20260926,0.9998500347137451,0.00014994488446973264,1
s15_1_retained_1_t033,15,1,retained_labeled_MI,1,s15.mat,95011e9b668784c8dad3c45bb6105232190848db6100eafe53d4ddff55cb35d7,115711,Cho2017,Q15-E006,BROAD_EEGNET,20260926,0.999984622001648,1.532442547613755e-05,1
s15_1_retained_1_t034,15,1,retained_labeled_MI,1,s15.mat,95011e9b668784c8dad3c45bb6105232190848db6100eafe53d4ddff55cb35d7,119295,Cho2017,Q15-E006,BROAD_EEGNET,20260926,0.9999723434448242,2.7707912522600964e-05,1
s15_1_retained_1_t035,15,1,retained_labeled_MI,1,s15.mat,95011e9b668784c8dad3c45bb6105232190848db6100eafe53d4ddff55cb35d7,122879,Cho2017,Q15-E006,BROAD_EEGNET,20260926,1.0,7.501371190876682e-10,1
s15_1_retained_1_t036,15,1,retained_labeled_MI,1,s15.mat,95011e9b668784c8dad3c45bb6105232190848db6100eafe53d4ddff55cb35d7,126463,Cho2017,Q15-E006,BROAD_EEGNET,20260926,1.0,1.532713397246047e-16,1
s15_1_retained_1_t037,15,1,retained_labeled_MI,1,s15.mat,95011e9b668784c8dad3c45bb6105232190848db6100eafe53d4ddff55cb35d7,130047,Cho2017,Q15-E006,BROAD_EEGNET,20260926,1.0,3.6719777218863214e-10,1
s15_1_retained_1_t038,15,1,retained_labeled_MI,1,s15.mat,95011e9b668784c8dad3c45bb6105232190848db6100eafe53d4ddff55cb35d7,133631,Cho2017,Q15-E006,BROAD_EEGNET,20260926,1.0,3.091673028698949e-10,1
s15_1_retained_1_t039,15,1,retained_labeled_MI,1,s15.mat,95011e9b668784c8dad3c45bb6105232190848db6100eafe53d4ddff55cb35d7,137215,Cho2017,Q15-E006,BROAD_EEGNET,20260926,1.0,4.473678719141283e-11,1
s15_1_retained_1_t040,15,1,retained_labeled_MI,1,s15.mat,95011e9b668784c8dad3c45bb6105232190848db6100eafe53d4ddff55cb35d7,140799,Cho2017,Q15-E006,BROAD_EEGNET,20260926,0.9999966621398926,3.3724109016475268e-06,1
s15_1_retained_1_t041,15,1,retained_labeled_MI,1,s15.mat,95011e9b668784c8dad3c45bb6105232190848db6100eafe53d4ddff55cb35d7,144383,Cho2017,Q15-E006,BROAD_EEGNET,20260926,0.9999105930328369,8.944865840021521e-05,1
s15_1_retained_1_t042,15,1,retained_labeled_MI,1,s15.mat,95011e9b668784c8dad3c45bb6105232190848db6100eafe53d4ddff55cb35d7,147967,Cho2017,Q15-E006,BROAD_EEGNET,20260926,1.0,1.0056254440282686e-11,1
s15_1_retained_1_t043,15,1,retained_labeled_MI,1,s15.mat,95011e9b668784c8dad3c45bb6105232190848db6100eafe53d4ddff55cb35d7,151551,Cho2017,Q15-E006,BROAD_EEGNET,20260926,0.9999995231628418,4.955386430083308e-07,1
s15_1_retained_1_t044,15,1,retained_labeled_MI,1,s15.mat,95011e9b668784c8dad3c45bb6105232190848db6100eafe53d4ddff55cb35d7,155135,Cho2017,Q15-E006,BROAD_EEGNET,20260926,1.0,1.1907957259138513e-11,1
s15_1_retained_1_t045,15,1,retained_labeled_MI,1,s15.mat,95011e9b668784c8dad3c45bb6105232190848db6100eafe53d4ddff55cb35d7,158719,Cho2017,Q15-E006,BROAD_EEGNET,20260926,1.0,1.9690288288742863e-10,1
s15_1_retained_1_t046,15,1,retained_labeled_MI,1,s15.mat,95011e9b668784c8dad3c45bb6105232190848db6100eafe53d4ddff55cb35d7,162303,Cho2017,Q15-E006,BROAD_EEGNET,20260926,1.0,9.748891147479122e-14,1
s15_1_retained_1_t047,15,1,retained_labeled_MI,1,s15.mat,95011e9b668784c8dad3c45bb6105232190848db6100eafe53d4ddff55cb35d7,165887,Cho2017,Q15-E006,BROAD_EEGNET,20260926,0.9999710321426392,2.8971027859370224e-05,1
s15_1_retained_1_t048,15,1,retained_labeled_MI,1,s15.mat,95011e9b668784c8dad3c45bb6105232190848db6100eafe53d4ddff55cb35d7,169471,Cho2017,Q15-E006,BROAD_EEGNET,20260926,0.45730897784233093,0.5426910519599915,2
s15_1_retained_1_t049,15,1,retained_labeled_MI,1,s15.mat,95011e9b668784c8dad3c45bb6105232190848db6100eafe53d4ddff55cb35d7,173055,Cho2017,Q15-E006,BROAD_EEGNET,20260926,1.0,8.70100080874181e-09,1
s15_1_retained_1_t050,15,1,retained_labeled_MI,1,s15.mat,95011e9b668784c8dad3c45bb6105232190848db6100eafe53d4ddff55cb35d7,176639,Cho2017,Q15-E006,BROAD_EEGNET,20260926,1.0,3.3309122062126495e-13,1
s15_1_retained_1_t051,15,1,retained_labeled_MI,1,s15.mat,95011e9b668784c8dad3c45bb6105232190848db6100eafe53d4ddff55cb35d7,180223,Cho2017,Q15-E006,BROAD_EEGNET,20260926,1.0,6.513898864746182e-10,1
s15_1_retained_1_t052,15,1,retained_labeled_MI,1,s15.mat,95011e9b668784c8dad3c45bb6105232190848db6100eafe53d4ddff55cb35d7,183807,Cho2017,Q15-E006,BROAD_EEGNET,20260926,1.0,5.02239038118607e-13,1
s15_1_retained_1_t053,15,1,retained_labeled_MI,1,s15.mat,95011e9b668784c8dad3c45bb6105232190848db6100eafe53d4ddff55cb35d7,187391,Cho2017,Q15-E006,BROAD_EEGNET,20260926,0.9959057569503784,0.004094226285815239,1
s15_1_retained_1_t054,15,1,retained_labeled_MI,1,s15.mat,95011e9b668784c8dad3c45bb6105232190848db6100eafe53d4ddff55cb35d7,190975,Cho2017,Q15-E006,BROAD_EEGNET,20260926,0.9999998807907104,6.121909734702058e-08,1
s15_1_retained_1_t055,15,1,retained_labeled_MI,1,s15.mat,95011e9b668784c8dad3c45bb6105232190848db6100eafe53d4ddff55cb35d7,194559,Cho2017,Q15-E006,BROAD_EEGNET,20260926,1.0,1.5709759881854524e-10,1
s15_1_retained_1_t056,15,1,retained_labeled_MI,1,s15.mat,95011e9b668784c8dad3c45bb6105232190848db6100eafe53d4ddff55cb35d7,198143,Cho2017,Q15-E006,BROAD_EEGNET,20260926,1.0,9.222898833538551e-11,1
s15_1_retained_1_t057,15,1,retained_labeled_MI,1,s15.mat,95011e9b668784c8dad3c45bb6105232190848db6100eafe53d4ddff55cb35d7,201727,Cho2017,Q15-E006,BROAD_EEGNET,20260926,1.0,5.292496751962972e-08,1
s15_1_retained_1_t058,15,1,retained_labeled_MI,1,s15.mat,95011e9b668784c8dad3c45bb6105232190848db6100eafe53d4ddff55cb35d7,205311,Cho2017,Q15-E006,BROAD_EEGNET,20260926,1.0,1.0059254920931826e-17,1
s15_1_retained_1_t059,15,1,retained_labeled_MI,1,s15.mat,95011e9b668784c8dad3c45bb6105232190848db6100eafe53d4ddff55cb35d7,208895,Cho2017,Q15-E006,BROAD_EEGNET,20260926,1.0,4.816929585250569e-21,1
s15_1_retained_1_t060,15,1,retained_labeled_MI,1,s15.mat,95011e9b668784c8dad3c45bb6105232190848db6100eafe53d4ddff55cb35d7,212479,Cho2017,Q15-E006,BROAD_EEGNET,20260926,0.9936490654945374,0.006350992247462273,1
s15_1_retained_1_t061,15,1,retained_labeled_MI,1,s15.mat,95011e9b668784c8dad3c45bb6105232190848db6100eafe53d4ddff55cb35d7,216063,Cho2017,Q15-E006,BROAD_EEGNET,20260926,0.9999998807907104,6.771232818891804e-08,1
s15_1_retained_1_t062,15,1,retained_labeled_MI,1,s15.mat,95011e9b668784c8dad3c45bb6105232190848db6100eafe53d4ddff55cb35d7,219647,Cho2017,Q15-E006,BROAD_EEGNET,20260926,0.5105016231536865,0.4894983768463135,1
s15_1_retained_1_t063,15,1,retained_labeled_MI,1,s15.mat,95011e9b668784c8dad3c45bb6105232190848db6100eafe53d4ddff55cb35d7,223231,Cho2017,Q15-E006,BROAD_EEGNET,20260926,0.0009284078842028975,0.9990715980529785,2
s15_1_retained_1_t064,15,1,retained_labeled_MI,1,s15.mat,95011e9b668784c8dad3c45bb6105232190848db6100eafe53d4ddff55cb35d7,226815,Cho2017,Q15-E006,BROAD_EEGNET,20260926,0.999180257320404,0.0008197767310775816,1
s15_1_retained_1_t065,15,1,retained_labeled_MI,1,s15.mat,95011e9b668784c8dad3c45bb6105232190848db6100eafe53d4ddff55cb35d7,230399,Cho2017,Q15-E006,BROAD_EEGNET,20260926,1.0,6.5196253005105585e-15,1
s15_1_retained_1_t066,15,1,retained_labeled_MI,1,s15.mat,95011e9b668784c8dad3c45bb6105232190848db6100eafe53d4ddff55cb35d7,233983,Cho2017,Q15-E006,BROAD_EEGNET,20260926,0.9997021555900574,0.0002978263655677438,1
s15_1_retained_1_t067,15,1,retained_labeled_MI,1,s15.mat,95011e9b668784c8dad3c45bb6105232190848db6100eafe53d4ddff55cb35d7,237567,Cho2017,Q15-E006,BROAD_EEGNET,20260926,0.9996687173843384,0.00033125904155895114,1
s15_1_retained_1_t068,15,1,retained_labeled_MI,1,s15.mat,95011e9b668784c8dad3c45bb6105232190848db6100eafe53d4ddff55cb35d7,241151,Cho2017,Q15-E006,BROAD_EEGNET,20260926,1.0,2.413021338298904e-09,1
s15_1_retained_1_t069,15,1,retained_labeled_MI,1,s15.mat,95011e9b668784c8dad3c45bb6105232190848db6100eafe53d4ddff55cb35d7,244735,Cho2017,Q15-E006,BROAD_EEGNET,20260926,0.9999997615814209,2.049721388175385e-07,1
s15_1_retained_1_t070,15,1,retained_labeled_MI,1,s15.mat,95011e9b668784c8dad3c45bb6105232190848db6100eafe53d4ddff55cb35d7,248319,Cho2017,Q15-E006,BROAD_EEGNET,20260926,1.0,2.320466249446339e-19,1
s15_1_retained_1_t071,15,1,retained_labeled_MI,1,s15.mat,95011e9b668784c8dad3c45bb6105232190848db6100eafe53d4ddff55cb35d7,251903,Cho2017,Q15-E006,BROAD_EEGNET,20260926,1.0,6.641592609213376e-09,1
s15_1_retained_1_t072,15,1,retained_labeled_MI,1,s15.mat,95011e9b668784c8dad3c45bb6105232190848db6100eafe53d4ddff55cb35d7,255487,Cho2017,Q15-E006,BROAD_EEGNET,20260926,1.0,1.614279487860415e-09,1
s15_1_retained_1_t073,15,1,retained_labeled_MI,1,s15.mat,95011e9b668784c8dad3c45bb6105232190848db6100eafe53d4ddff55cb35d7,259071,Cho2017,Q15-E006,BROAD_EEGNET,20260926,0.9948301911354065,0.0051697976887226105,1
s15_1_retained_1_t074,15,1,retained_labeled_MI,1,s15.mat,95011e9b668784c8dad3c45bb6105232190848db6100eafe53d4ddff55cb35d7,262655,Cho2017,Q15-E006,BROAD_EEGNET,20260926,0.9897074699401855,0.010292486287653446,1
s15_1_retained_1_t075,15,1,retained_labeled_MI,1,s15.mat,95011e9b668784c8dad3c45bb6105232190848db6100eafe53d4ddff55cb35d7,266239,Cho2017,Q15-E006,BROAD_EEGNET,20260926,0.6586453318595886,0.341354638338089,1
s15_1_retained_1_t076,15,1,retained_labeled_MI,1,s15.mat,95011e9b668784c8dad3c45bb6105232190848db6100eafe53d4ddff55cb35d7,269823,Cho2017,Q15-E006,BROAD_EEGNET,20260926,0.9999983310699463,1.6587756590524805e-06,1
s15_1_retained_1_t077,15,1,retained_labeled_MI,1,s15.mat,95011e9b668784c8dad3c45bb6105232190848db6100eafe53d4ddff55cb35d7,273407,Cho2017,Q15-E006,BROAD_EEGNET,20260926,0.5357507467269897,0.46424928307533264,1
s15_1_retained_1_t078,15,1,retained_labeled_MI,1,s15.mat,95011e9b668784c8dad3c45bb6105232190848db6100eafe53d4ddff55cb35d7,276991,Cho2017,Q15-E006,BROAD_EEGNET,20260926,0.9967753291130066,0.0032246755436062813,1
s15_1_retained_1_t079,15,1,retained_labeled_MI,1,s15.mat,95011e9b668784c8dad3c45bb6105232190848db6100eafe53d4ddff55cb35d7,280575,Cho2017,Q15-E006,BROAD_EEGNET,20260926,0.9992600083351135,0.0007399225723929703,1
s15_1_retained_1_t080,15,1,retained_labeled_MI,1,s15.mat,95011e9b668784c8dad3c45bb6105232190848db6100eafe53d4ddff55cb35d7,284159,Cho2017,Q15-E006,BROAD_EEGNET,20260926,1.0,5.4250364200925105e-08,1
s15_1_retained_1_t081,15,1,retained_labeled_MI,1,s15.mat,95011e9b668784c8dad3c45bb6105232190848db6100eafe53d4ddff55cb35d7,287743,Cho2017,Q15-E006,BROAD_EEGNET,20260926,1.0,3.2431877821335886e-13,1
s15_1_retained_1_t082,15,1,retained_labeled_MI,1,s15.mat,95011e9b668784c8dad3c45bb6105232190848db6100eafe53d4ddff55cb35d7,291327,Cho2017,Q15-E006,BROAD_EEGNET,20260926,1.0,1.527712539806103e-10,1
s15_1_retained_1_t083,15,1,retained_labeled_MI,1,s15.mat,95011e9b668784c8dad3c45bb6105232190848db6100eafe53d4ddff55cb35d7,294911,Cho2017,Q15-E006,BROAD_EEGNET,20260926,0.9999325275421143,6.74957555020228e-05,1
s15_1_retained_1_t084,15,1,retained_labeled_MI,1,s15.mat,95011e9b668784c8dad3c45bb6105232190848db6100eafe53d4ddff55cb35d7,298495,Cho2017,Q15-E006,BROAD_EEGNET,20260926,1.0,1.4863413833055006e-09,1
s15_1_retained_1_t085,15,1,retained_labeled_MI,1,s15.mat,95011e9b668784c8dad3c45bb6105232190848db6100eafe53d4ddff55cb35d7,302079,Cho2017,Q15-E006,BROAD_EEGNET,20260926,1.0,2.929778190302074e-18,1
s15_1_retained_1_t086,15,1,retained_labeled_MI,1,s15.mat,95011e9b668784c8dad3c45bb6105232190848db6100eafe53d4ddff55cb35d7,305663,Cho2017,Q15-E006,BROAD_EEGNET,20260926,1.0,3.3942820776289295e-10,1
s15_1_retained_1_t087,15,1,retained_labeled_MI,1,s15.mat,95011e9b668784c8dad3c45bb6105232190848db6100eafe53d4ddff55cb35d7,309247,Cho2017,Q15-E006,BROAD_EEGNET,20260926,0.002333998680114746,0.9976660013198853,2
s15_1_retained_1_t088,15,1,retained_labeled_MI,1,s15.mat,95011e9b668784c8dad3c45bb6105232190848db6100eafe53d4ddff55cb35d7,312831,Cho2017,Q15-E006,BROAD_EEGNET,20260926,0.9999998807907104,1.3047610991634429e-07,1
s15_1_retained_1_t089,15,1,retained_labeled_MI,1,s15.mat,95011e9b668784c8dad3c45bb6105232190848db6100eafe53d4ddff55cb35d7,316415,Cho2017,Q15-E006,BROAD_EEGNET,20260926,0.4047664999961853,0.5952335000038147,2
s15_1_retained_1_t090,15,1,retained_labeled_MI,1,s15.mat,95011e9b668784c8dad3c45bb6105232190848db6100eafe53d4ddff55cb35d7,319999,Cho2017,Q15-E006,BROAD_EEGNET,20260926,0.9494683742523193,0.05053161829710007,1
s15_1_retained_1_t091,15,1,retained_labeled_MI,1,s15.mat,95011e9b668784c8dad3c45bb6105232190848db6100eafe53d4ddff55cb35d7,323583,Cho2017,Q15-E006,BROAD_EEGNET,20260926,1.0,5.766335320345206e-08,1
s15_1_retained_1_t092,15,1,retained_labeled_MI,1,s15.mat,95011e9b668784c8dad3c45bb6105232190848db6100eafe53d4ddff55cb35d7,327167,Cho2017,Q15-E006,BROAD_EEGNET,20260926,1.0,1.8156097014287303e-13,1
s15_1_retained_1_t093,15,1,retained_labeled_MI,1,s15.mat,95011e9b668784c8dad3c45bb6105232190848db6100eafe53d4ddff55cb35d7,330751,Cho2017,Q15-E006,BROAD_EEGNET,20260926,1.0,1.575205033077509e-08,1
s15_1_retained_1_t094,15,1,retained_labeled_MI,1,s15.mat,95011e9b668784c8dad3c45bb6105232190848db6100eafe53d4ddff55cb35d7,334335,Cho2017,Q15-E006,BROAD_EEGNET,20260926,1.0,2.422508416088931e-08,1
s15_1_retained_1_t095,15,1,retained_labeled_MI,1,s15.mat,95011e9b668784c8dad3c45bb6105232190848db6100eafe53d4ddff55cb35d7,337919,Cho2017,Q15-E006,BROAD_EEGNET,20260926,1.0,6.790937256972995e-10,1
s15_1_retained_1_t096,15,1,retained_labeled_MI,1,s15.mat,95011e9b668784c8dad3c45bb6105232190848db6100eafe53d4ddff55cb35d7,341503,Cho2017,Q15-E006,BROAD_EEGNET,20260926,1.0,2.6721158651651228e-14,1
s15_1_retained_1_t097,15,1,retained_labeled_MI,1,s15.mat,95011e9b668784c8dad3c45bb6105232190848db6100eafe53d4ddff55cb35d7,345087,Cho2017,Q15-E006,BROAD_EEGNET,20260926,1.0,1.0565239794146919e-09,1
s15_1_retained_1_t098,15,1,retained_labeled_MI,1,s15.mat,95011e9b668784c8dad3c45bb6105232190848db6100eafe53d4ddff55cb35d7,348671,Cho2017,Q15-E006,BROAD_EEGNET,20260926,1.0,3.5986992465847356e-12,1
s15_1_retained_1_t099,15,1,retained_labeled_MI,1,s15.mat,95011e9b668784c8dad3c45bb6105232190848db6100eafe53d4ddff55cb35d7,352255,Cho2017,Q15-E006,BROAD_EEGNET,20260926,0.9999998807907104,6.830981646999135e-08,1
s15_1_retained_1_t100,15,1,retained_labeled_MI,1,s15.mat,95011e9b668784c8dad3c45bb6105232190848db6100eafe53d4ddff55cb35d7,355839,Cho2017,Q15-E006,BROAD_EEGNET,20260926,2.348270299989963e-06,0.999997615814209,2
s15_1_retained_2_t001,15,1,retained_labeled_MI,2,s15.mat,95011e9b668784c8dad3c45bb6105232190848db6100eafe53d4ddff55cb35d7,1023,Cho2017,Q15-E006,BROAD_EEGNET,20260926,1.0,3.6402070247021356e-10,1
s15_1_retained_2_t002,15,1,retained_labeled_MI,2,s15.mat,95011e9b668784c8dad3c45bb6105232190848db6100eafe53d4ddff55cb35d7,4607,Cho2017,Q15-E006,BROAD_EEGNET,20260926,1.0,6.374157847382575e-17,1
s15_1_retained_2_t003,15,1,retained_labeled_MI,2,s15.mat,95011e9b668784c8dad3c45bb6105232190848db6100eafe53d4ddff55cb35d7,8191,Cho2017,Q15-E006,BROAD_EEGNET,20260926,0.0399966686964035,0.9600033164024353,2
s15_1_retained_2_t004,15,1,retained_labeled_MI,2,s15.mat,95011e9b668784c8dad3c45bb6105232190848db6100eafe53d4ddff55cb35d7,11775,Cho2017,Q15-E006,BROAD_EEGNET,20260926,0.6745665073394775,0.32543349266052246,1
s15_1_retained_2_t005,15,1,retained_labeled_MI,2,s15.mat,95011e9b668784c8dad3c45bb6105232190848db6100eafe53d4ddff55cb35d7,15359,Cho2017,Q15-E006,BROAD_EEGNET,20260926,0.9997701048851013,0.00022985403484199196,1
s15_1_retained_2_t006,15,1,retained_labeled_MI,2,s15.mat,95011e9b668784c8dad3c45bb6105232190848db6100eafe53d4ddff55cb35d7,18943,Cho2017,Q15-E006,BROAD_EEGNET,20260926,1.7432834056533018e-16,1.0,2
s15_1_retained_2_t007,15,1,retained_labeled_MI,2,s15.mat,95011e9b668784c8dad3c45bb6105232190848db6100eafe53d4ddff55cb35d7,22527,Cho2017,Q15-E006,BROAD_EEGNET,20260926,8.29924644563107e-08,0.9999998807907104,2
s15_1_retained_2_t008,15,1,retained_labeled_MI,2,s15.mat,95011e9b668784c8dad3c45bb6105232190848db6100eafe53d4ddff55cb35d7,26111,Cho2017,Q15-E006,BROAD_EEGNET,20260926,1.0,2.53164450503295e-34,1
s15_1_retained_2_t009,15,1,retained_labeled_MI,2,s15.mat,95011e9b668784c8dad3c45bb6105232190848db6100eafe53d4ddff55cb35d7,29695,Cho2017,Q15-E006,BROAD_EEGNET,20260926,0.9876610040664673,0.012339029461145401,1
s15_1_retained_2_t010,15,1,retained_labeled_MI,2,s15.mat,95011e9b668784c8dad3c45bb6105232190848db6100eafe53d4ddff55cb35d7,33279,Cho2017,Q15-E006,BROAD_EEGNET,20260926,0.0014908930752426386,0.9985091090202332,2
s15_1_retained_2_t011,15,1,retained_labeled_MI,2,s15.mat,95011e9b668784c8dad3c45bb6105232190848db6100eafe53d4ddff55cb35d7,36863,Cho2017,Q15-E006,BROAD_EEGNET,20260926,1.0,4.731342054253851e-11,1
s15_1_retained_2_t012,15,1,retained_labeled_MI,2,s15.mat,95011e9b668784c8dad3c45bb6105232190848db6100eafe53d4ddff55cb35d7,40447,Cho2017,Q15-E006,BROAD_EEGNET,20260926,0.7814590334892273,0.2185410112142563,1
s15_1_retained_2_t013,15,1,retained_labeled_MI,2,s15.mat,95011e9b668784c8dad3c45bb6105232190848db6100eafe53d4ddff55cb35d7,44031,Cho2017,Q15-E006,BROAD_EEGNET,20260926,1.0,2.755834928781667e-17,1
s15_1_retained_2_t014,15,1,retained_labeled_MI,2,s15.mat,95011e9b668784c8dad3c45bb6105232190848db6100eafe53d4ddff55cb35d7,47615,Cho2017,Q15-E006,BROAD_EEGNET,20260926,1.0,9.452262583753424e-11,1
s15_1_retained_2_t015,15,1,retained_labeled_MI,2,s15.mat,95011e9b668784c8dad3c45bb6105232190848db6100eafe53d4ddff55cb35d7,51199,Cho2017,Q15-E006,BROAD_EEGNET,20260926,0.8416489958763123,0.15835095942020416,1
s15_1_retained_2_t016,15,1,retained_labeled_MI,2,s15.mat,95011e9b668784c8dad3c45bb6105232190848db6100eafe53d4ddff55cb35d7,54783,Cho2017,Q15-E006,BROAD_EEGNET,20260926,0.9999550580978394,4.496597466641106e-05,1
s15_1_retained_2_t017,15,1,retained_labeled_MI,2,s15.mat,95011e9b668784c8dad3c45bb6105232190848db6100eafe53d4ddff55cb35d7,58367,Cho2017,Q15-E006,BROAD_EEGNET,20260926,9.239550280426556e-08,0.9999998807907104,2
s15_1_retained_2_t018,15,1,retained_labeled_MI,2,s15.mat,95011e9b668784c8dad3c45bb6105232190848db6100eafe53d4ddff55cb35d7,61951,Cho2017,Q15-E006,BROAD_EEGNET,20260926,1.0,3.239214235381538e-12,1
s15_1_retained_2_t019,15,1,retained_labeled_MI,2,s15.mat,95011e9b668784c8dad3c45bb6105232190848db6100eafe53d4ddff55cb35d7,65535,Cho2017,Q15-E006,BROAD_EEGNET,20260926,0.9993869066238403,0.0006130636320449412,1
s15_1_retained_2_t020,15,1,retained_labeled_MI,2,s15.mat,95011e9b668784c8dad3c45bb6105232190848db6100eafe53d4ddff55cb35d7,69119,Cho2017,Q15-E006,BROAD_EEGNET,20260926,4.6797873665127554e-07,0.9999995231628418,2
s15_1_retained_2_t021,15,1,retained_labeled_MI,2,s15.mat,95011e9b668784c8dad3c45bb6105232190848db6100eafe53d4ddff55cb35d7,72703,Cho2017,Q15-E006,BROAD_EEGNET,20260926,0.999997615814209,2.3934260298119625e-06,1
s15_1_retained_2_t022,15,1,retained_labeled_MI,2,s15.mat,95011e9b668784c8dad3c45bb6105232190848db6100eafe53d4ddff55cb35d7,76287,Cho2017,Q15-E006,BROAD_EEGNET,20260926,1.0,3.6115205270803585e-10,1
s15_1_retained_2_t023,15,1,retained_labeled_MI,2,s15.mat,95011e9b668784c8dad3c45bb6105232190848db6100eafe53d4ddff55cb35d7,79871,Cho2017,Q15-E006,BROAD_EEGNET,20260926,8.964025965951805e-09,1.0,2
s15_1_retained_2_t024,15,1,retained_labeled_MI,2,s15.mat,95011e9b668784c8dad3c45bb6105232190848db6100eafe53d4ddff55cb35d7,83455,Cho2017,Q15-E006,BROAD_EEGNET,20260926,0.9980475902557373,0.0019524587551131845,1
s15_1_retained_2_t025,15,1,retained_labeled_MI,2,s15.mat,95011e9b668784c8dad3c45bb6105232190848db6100eafe53d4ddff55cb35d7,87039,Cho2017,Q15-E006,BROAD_EEGNET,20260926,0.9999996423721313,3.0823969154880615e-07,1
s15_1_retained_2_t026,15,1,retained_labeled_MI,2,s15.mat,95011e9b668784c8dad3c45bb6105232190848db6100eafe53d4ddff55cb35d7,90623,Cho2017,Q15-E006,BROAD_EEGNET,20260926,0.9987208247184753,0.0012791124172508717,1
s15_1_retained_2_t027,15,1,retained_labeled_MI,2,s15.mat,95011e9b668784c8dad3c45bb6105232190848db6100eafe53d4ddff55cb35d7,94207,Cho2017,Q15-E006,BROAD_EEGNET,20260926,0.9999992847442627,7.039261618047021e-07,1
s15_1_retained_2_t028,15,1,retained_labeled_MI,2,s15.mat,95011e9b668784c8dad3c45bb6105232190848db6100eafe53d4ddff55cb35d7,97791,Cho2017,Q15-E006,BROAD_EEGNET,20260926,0.9999994039535522,5.743602287111571e-07,1
s15_1_retained_2_t029,15,1,retained_labeled_MI,2,s15.mat,95011e9b668784c8dad3c45bb6105232190848db6100eafe53d4ddff55cb35d7,101375,Cho2017,Q15-E006,BROAD_EEGNET,20260926,0.021461527794599533,0.978538453578949,2
s15_1_retained_2_t030,15,1,retained_labeled_MI,2,s15.mat,95011e9b668784c8dad3c45bb6105232190848db6100eafe53d4ddff55cb35d7,104959,Cho2017,Q15-E006,BROAD_EEGNET,20260926,0.984107255935669,0.01589270681142807,1
s15_1_retained_2_t031,15,1,retained_labeled_MI,2,s15.mat,95011e9b668784c8dad3c45bb6105232190848db6100eafe53d4ddff55cb35d7,108543,Cho2017,Q15-E006,BROAD_EEGNET,20260926,1.0,1.049548448150972e-09,1
s15_1_retained_2_t032,15,1,retained_labeled_MI,2,s15.mat,95011e9b668784c8dad3c45bb6105232190848db6100eafe53d4ddff55cb35d7,112127,Cho2017,Q15-E006,BROAD_EEGNET,20260926,0.0002313142758794129,0.9997686743736267,2
s15_1_retained_2_t033,15,1,retained_labeled_MI,2,s15.mat,95011e9b668784c8dad3c45bb6105232190848db6100eafe53d4ddff55cb35d7,115711,Cho2017,Q15-E006,BROAD_EEGNET,20260926,1.0,2.5834735707734287e-15,1
s15_1_retained_2_t034,15,1,retained_labeled_MI,2,s15.mat,95011e9b668784c8dad3c45bb6105232190848db6100eafe53d4ddff55cb35d7,119295,Cho2017,Q15-E006,BROAD_EEGNET,20260926,4.543694132053133e-08,1.0,2
s15_1_retained_2_t035,15,1,retained_labeled_MI,2,s15.mat,95011e9b668784c8dad3c45bb6105232190848db6100eafe53d4ddff55cb35d7,122879,Cho2017,Q15-E006,BROAD_EEGNET,20260926,0.9999293088912964,7.066979014780372e-05,1
s15_1_retained_2_t036,15,1,retained_labeled_MI,2,s15.mat,95011e9b668784c8dad3c45bb6105232190848db6100eafe53d4ddff55cb35d7,126463,Cho2017,Q15-E006,BROAD_EEGNET,20260926,1.0687093663364067e-06,0.999998927116394,2
s15_1_retained_2_t037,15,1,retained_labeled_MI,2,s15.mat,95011e9b668784c8dad3c45bb6105232190848db6100eafe53d4ddff55cb35d7,130047,Cho2017,Q15-E006,BROAD_EEGNET,20260926,1.0,8.528122652506909e-12,1
s15_1_retained_2_t038,15,1,retained_labeled_MI,2,s15.mat,95011e9b668784c8dad3c45bb6105232190848db6100eafe53d4ddff55cb35d7,133631,Cho2017,Q15-E006,BROAD_EEGNET,20260926,0.0001330681989202276,0.9998669624328613,2
s15_1_retained_2_t039,15,1,retained_labeled_MI,2,s15.mat,95011e9b668784c8dad3c45bb6105232190848db6100eafe53d4ddff55cb35d7,137215,Cho2017,Q15-E006,BROAD_EEGNET,20260926,0.9998672008514404,0.00013274300727061927,1
s15_1_retained_2_t040,15,1,retained_labeled_MI,2,s15.mat,95011e9b668784c8dad3c45bb6105232190848db6100eafe53d4ddff55cb35d7,140799,Cho2017,Q15-E006,BROAD_EEGNET,20260926,1.0022246499374887e-07,0.9999998807907104,2
s15_1_retained_2_t041,15,1,retained_labeled_MI,2,s15.mat,95011e9b668784c8dad3c45bb6105232190848db6100eafe53d4ddff55cb35d7,144383,Cho2017,Q15-E006,BROAD_EEGNET,20260926,0.08636195957660675,0.9136380553245544,2
s15_1_retained_2_t042,15,1,retained_labeled_MI,2,s15.mat,95011e9b668784c8dad3c45bb6105232190848db6100eafe53d4ddff55cb35d7,147967,Cho2017,Q15-E006,BROAD_EEGNET,20260926,1.0,1.0980835204786753e-16,1
s15_1_retained_2_t043,15,1,retained_labeled_MI,2,s15.mat,95011e9b668784c8dad3c45bb6105232190848db6100eafe53d4ddff55cb35d7,151551,Cho2017,Q15-E006,BROAD_EEGNET,20260926,0.9999890327453613,1.1010693924617954e-05,1
s15_1_retained_2_t044,15,1,retained_labeled_MI,2,s15.mat,95011e9b668784c8dad3c45bb6105232190848db6100eafe53d4ddff55cb35d7,155135,Cho2017,Q15-E006,BROAD_EEGNET,20260926,0.9871477484703064,0.012852205894887447,1
s15_1_retained_2_t045,15,1,retained_labeled_MI,2,s15.mat,95011e9b668784c8dad3c45bb6105232190848db6100eafe53d4ddff55cb35d7,158719,Cho2017,Q15-E006,BROAD_EEGNET,20260926,1.0,1.624762546725833e-10,1
s15_1_retained_2_t046,15,1,retained_labeled_MI,2,s15.mat,95011e9b668784c8dad3c45bb6105232190848db6100eafe53d4ddff55cb35d7,162303,Cho2017,Q15-E006,BROAD_EEGNET,20260926,1.0,1.0395266902319972e-14,1
s15_1_retained_2_t047,15,1,retained_labeled_MI,2,s15.mat,95011e9b668784c8dad3c45bb6105232190848db6100eafe53d4ddff55cb35d7,165887,Cho2017,Q15-E006,BROAD_EEGNET,20260926,2.69483735456863e-13,1.0,2
s15_1_retained_2_t048,15,1,retained_labeled_MI,2,s15.mat,95011e9b668784c8dad3c45bb6105232190848db6100eafe53d4ddff55cb35d7,169471,Cho2017,Q15-E006,BROAD_EEGNET,20260926,0.9999561309814453,4.385511056170799e-05,1
s15_1_retained_2_t049,15,1,retained_labeled_MI,2,s15.mat,95011e9b668784c8dad3c45bb6105232190848db6100eafe53d4ddff55cb35d7,173055,Cho2017,Q15-E006,BROAD_EEGNET,20260926,1.0,5.161136275300127e-12,1
s15_1_retained_2_t050,15,1,retained_labeled_MI,2,s15.mat,95011e9b668784c8dad3c45bb6105232190848db6100eafe53d4ddff55cb35d7,176639,Cho2017,Q15-E006,BROAD_EEGNET,20260926,0.5389546155929565,0.46104538440704346,1
s15_1_retained_2_t051,15,1,retained_labeled_MI,2,s15.mat,95011e9b668784c8dad3c45bb6105232190848db6100eafe53d4ddff55cb35d7,180223,Cho2017,Q15-E006,BROAD_EEGNET,20260926,0.9960284233093262,0.003971651662141085,1
s15_1_retained_2_t052,15,1,retained_labeled_MI,2,s15.mat,95011e9b668784c8dad3c45bb6105232190848db6100eafe53d4ddff55cb35d7,183807,Cho2017,Q15-E006,BROAD_EEGNET,20260926,0.9999998807907104,6.651660555689887e-08,1
s15_1_retained_2_t053,15,1,retained_labeled_MI,2,s15.mat,95011e9b668784c8dad3c45bb6105232190848db6100eafe53d4ddff55cb35d7,187391,Cho2017,Q15-E006,BROAD_EEGNET,20260926,1.0,9.036993375843849e-11,1
s15_1_retained_2_t054,15,1,retained_labeled_MI,2,s15.mat,95011e9b668784c8dad3c45bb6105232190848db6100eafe53d4ddff55cb35d7,190975,Cho2017,Q15-E006,BROAD_EEGNET,20260926,1.0,2.2487271241064186e-14,1
s15_1_retained_2_t055,15,1,retained_labeled_MI,2,s15.mat,95011e9b668784c8dad3c45bb6105232190848db6100eafe53d4ddff55cb35d7,194559,Cho2017,Q15-E006,BROAD_EEGNET,20260926,0.9999949932098389,4.967251243215287e-06,1
s15_1_retained_2_t056,15,1,retained_labeled_MI,2,s15.mat,95011e9b668784c8dad3c45bb6105232190848db6100eafe53d4ddff55cb35d7,198143,Cho2017,Q15-E006,BROAD_EEGNET,20260926,0.9999752044677734,2.4791210307739675e-05,1
s15_1_retained_2_t057,15,1,retained_labeled_MI,2,s15.mat,95011e9b668784c8dad3c45bb6105232190848db6100eafe53d4ddff55cb35d7,201727,Cho2017,Q15-E006,BROAD_EEGNET,20260926,1.0,7.216712579090345e-13,1
s15_1_retained_2_t058,15,1,retained_labeled_MI,2,s15.mat,95011e9b668784c8dad3c45bb6105232190848db6100eafe53d4ddff55cb35d7,205311,Cho2017,Q15-E006,BROAD_EEGNET,20260926,0.9999991655349731,7.913849913165905e-07,1
s15_1_retained_2_t059,15,1,retained_labeled_MI,2,s15.mat,95011e9b668784c8dad3c45bb6105232190848db6100eafe53d4ddff55cb35d7,208895,Cho2017,Q15-E006,BROAD_EEGNET,20260926,0.9998598098754883,0.00014015765918884426,1
s15_1_retained_2_t060,15,1,retained_labeled_MI,2,s15.mat,95011e9b668784c8dad3c45bb6105232190848db6100eafe53d4ddff55cb35d7,212479,Cho2017,Q15-E006,BROAD_EEGNET,20260926,1.04416386648154e-08,1.0,2
s15_1_retained_2_t061,15,1,retained_labeled_MI,2,s15.mat,95011e9b668784c8dad3c45bb6105232190848db6100eafe53d4ddff55cb35d7,216063,Cho2017,Q15-E006,BROAD_EEGNET,20260926,0.9999991655349731,8.840223699735361e-07,1
s15_1_retained_2_t062,15,1,retained_labeled_MI,2,s15.mat,95011e9b668784c8dad3c45bb6105232190848db6100eafe53d4ddff55cb35d7,219647,Cho2017,Q15-E006,BROAD_EEGNET,20260926,2.6971479272219767e-08,1.0,2
s15_1_retained_2_t063,15,1,retained_labeled_MI,2,s15.mat,95011e9b668784c8dad3c45bb6105232190848db6100eafe53d4ddff55cb35d7,223231,Cho2017,Q15-E006,BROAD_EEGNET,20260926,0.016902415081858635,0.9830976128578186,2
s15_1_retained_2_t064,15,1,retained_labeled_MI,2,s15.mat,95011e9b668784c8dad3c45bb6105232190848db6100eafe53d4ddff55cb35d7,226815,Cho2017,Q15-E006,BROAD_EEGNET,20260926,0.9999953508377075,4.625020210369257e-06,1
s15_1_retained_2_t065,15,1,retained_labeled_MI,2,s15.mat,95011e9b668784c8dad3c45bb6105232190848db6100eafe53d4ddff55cb35d7,230399,Cho2017,Q15-E006,BROAD_EEGNET,20260926,1.1849760085169692e-05,0.9999881982803345,2
s15_1_retained_2_t066,15,1,retained_labeled_MI,2,s15.mat,95011e9b668784c8dad3c45bb6105232190848db6100eafe53d4ddff55cb35d7,233983,Cho2017,Q15-E006,BROAD_EEGNET,20260926,0.9999125003814697,8.754782902542502e-05,1
s15_1_retained_2_t067,15,1,retained_labeled_MI,2,s15.mat,95011e9b668784c8dad3c45bb6105232190848db6100eafe53d4ddff55cb35d7,237567,Cho2017,Q15-E006,BROAD_EEGNET,20260926,0.9999576807022095,4.235055894241668e-05,1
s15_1_retained_2_t068,15,1,retained_labeled_MI,2,s15.mat,95011e9b668784c8dad3c45bb6105232190848db6100eafe53d4ddff55cb35d7,241151,Cho2017,Q15-E006,BROAD_EEGNET,20260926,1.0,2.1908174059614982e-12,1
s15_1_retained_2_t069,15,1,retained_labeled_MI,2,s15.mat,95011e9b668784c8dad3c45bb6105232190848db6100eafe53d4ddff55cb35d7,244735,Cho2017,Q15-E006,BROAD_EEGNET,20260926,0.03203143551945686,0.9679685235023499,2
s15_1_retained_2_t070,15,1,retained_labeled_MI,2,s15.mat,95011e9b668784c8dad3c45bb6105232190848db6100eafe53d4ddff55cb35d7,248319,Cho2017,Q15-E006,BROAD_EEGNET,20260926,0.9999433755874634,5.661173054249957e-05,1
s15_1_retained_2_t071,15,1,retained_labeled_MI,2,s15.mat,95011e9b668784c8dad3c45bb6105232190848db6100eafe53d4ddff55cb35d7,251903,Cho2017,Q15-E006,BROAD_EEGNET,20260926,2.936338638903635e-08,1.0,2
s15_1_retained_2_t072,15,1,retained_labeled_MI,2,s15.mat,95011e9b668784c8dad3c45bb6105232190848db6100eafe53d4ddff55cb35d7,255487,Cho2017,Q15-E006,BROAD_EEGNET,20260926,0.9999536275863647,4.634304059436545e-05,1
s15_1_retained_2_t073,15,1,retained_labeled_MI,2,s15.mat,95011e9b668784c8dad3c45bb6105232190848db6100eafe53d4ddff55cb35d7,259071,Cho2017,Q15-E006,BROAD_EEGNET,20260926,0.9968090653419495,0.0031909614335745573,1
s15_1_retained_2_t074,15,1,retained_labeled_MI,2,s15.mat,95011e9b668784c8dad3c45bb6105232190848db6100eafe53d4ddff55cb35d7,262655,Cho2017,Q15-E006,BROAD_EEGNET,20260926,0.2110230028629303,0.7889769673347473,2
s15_1_retained_2_t075,15,1,retained_labeled_MI,2,s15.mat,95011e9b668784c8dad3c45bb6105232190848db6100eafe53d4ddff55cb35d7,266239,Cho2017,Q15-E006,BROAD_EEGNET,20260926,1.0,9.460531316674015e-13,1
s15_1_retained_2_t076,15,1,retained_labeled_MI,2,s15.mat,95011e9b668784c8dad3c45bb6105232190848db6100eafe53d4ddff55cb35d7,269823,Cho2017,Q15-E006,BROAD_EEGNET,20260926,1.0,1.2488087230977385e-09,1
s15_1_retained_2_t077,15,1,retained_labeled_MI,2,s15.mat,95011e9b668784c8dad3c45bb6105232190848db6100eafe53d4ddff55cb35d7,273407,Cho2017,Q15-E006,BROAD_EEGNET,20260926,0.9966303706169128,0.003369666635990143,1
s15_1_retained_2_t078,15,1,retained_labeled_MI,2,s15.mat,95011e9b668784c8dad3c45bb6105232190848db6100eafe53d4ddff55cb35d7,276991,Cho2017,Q15-E006,BROAD_EEGNET,20260926,0.9999958276748657,4.113018803764135e-06,1
s15_1_retained_2_t079,15,1,retained_labeled_MI,2,s15.mat,95011e9b668784c8dad3c45bb6105232190848db6100eafe53d4ddff55cb35d7,280575,Cho2017,Q15-E006,BROAD_EEGNET,20260926,0.004060357343405485,0.9959396123886108,2
s15_1_retained_2_t080,15,1,retained_labeled_MI,2,s15.mat,95011e9b668784c8dad3c45bb6105232190848db6100eafe53d4ddff55cb35d7,284159,Cho2017,Q15-E006,BROAD_EEGNET,20260926,0.09967520833015442,0.900324821472168,2
s15_1_retained_2_t081,15,1,retained_labeled_MI,2,s15.mat,95011e9b668784c8dad3c45bb6105232190848db6100eafe53d4ddff55cb35d7,287743,Cho2017,Q15-E006,BROAD_EEGNET,20260926,1.0,8.574714271958328e-10,1
s15_1_retained_2_t082,15,1,retained_labeled_MI,2,s15.mat,95011e9b668784c8dad3c45bb6105232190848db6100eafe53d4ddff55cb35d7,291327,Cho2017,Q15-E006,BROAD_EEGNET,20260926,0.9998469352722168,0.00015300991071853787,1
s15_1_retained_2_t083,15,1,retained_labeled_MI,2,s15.mat,95011e9b668784c8dad3c45bb6105232190848db6100eafe53d4ddff55cb35d7,294911,Cho2017,Q15-E006,BROAD_EEGNET,20260926,1.0,1.6212762035672235e-11,1
s15_1_retained_2_t084,15,1,retained_labeled_MI,2,s15.mat,95011e9b668784c8dad3c45bb6105232190848db6100eafe53d4ddff55cb35d7,298495,Cho2017,Q15-E006,BROAD_EEGNET,20260926,1.0,3.577627438744457e-08,1
s15_1_retained_2_t085,15,1,retained_labeled_MI,2,s15.mat,95011e9b668784c8dad3c45bb6105232190848db6100eafe53d4ddff55cb35d7,302079,Cho2017,Q15-E006,BROAD_EEGNET,20260926,1.0,3.674044402046661e-10,1
s15_1_retained_2_t086,15,1,retained_labeled_MI,2,s15.mat,95011e9b668784c8dad3c45bb6105232190848db6100eafe53d4ddff55cb35d7,305663,Cho2017,Q15-E006,BROAD_EEGNET,20260926,0.0003992231795564294,0.9996008276939392,2
s15_1_retained_2_t087,15,1,retained_labeled_MI,2,s15.mat,95011e9b668784c8dad3c45bb6105232190848db6100eafe53d4ddff55cb35d7,309247,Cho2017,Q15-E006,BROAD_EEGNET,20260926,1.0,8.455346253799463e-17,1
s15_1_retained_2_t088,15,1,retained_labeled_MI,2,s15.mat,95011e9b668784c8dad3c45bb6105232190848db6100eafe53d4ddff55cb35d7,312831,Cho2017,Q15-E006,BROAD_EEGNET,20260926,9.789648203195611e-09,1.0,2
s15_1_retained_2_t089,15,1,retained_labeled_MI,2,s15.mat,95011e9b668784c8dad3c45bb6105232190848db6100eafe53d4ddff55cb35d7,316415,Cho2017,Q15-E006,BROAD_EEGNET,20260926,0.9563827514648438,0.04361725226044655,1
s15_1_retained_2_t090,15,1,retained_labeled_MI,2,s15.mat,95011e9b668784c8dad3c45bb6105232190848db6100eafe53d4ddff55cb35d7,319999,Cho2017,Q15-E006,BROAD_EEGNET,20260926,1.0,1.2756760877947072e-16,1
s15_1_retained_2_t091,15,1,retained_labeled_MI,2,s15.mat,95011e9b668784c8dad3c45bb6105232190848db6100eafe53d4ddff55cb35d7,323583,Cho2017,Q15-E006,BROAD_EEGNET,20260926,1.0,2.2221334147753957e-11,1
s15_1_retained_2_t092,15,1,retained_labeled_MI,2,s15.mat,95011e9b668784c8dad3c45bb6105232190848db6100eafe53d4ddff55cb35d7,327167,Cho2017,Q15-E006,BROAD_EEGNET,20260926,5.303581358806486e-12,1.0,2
s15_1_retained_2_t093,15,1,retained_labeled_MI,2,s15.mat,95011e9b668784c8dad3c45bb6105232190848db6100eafe53d4ddff55cb35d7,330751,Cho2017,Q15-E006,BROAD_EEGNET,20260926,1.0,3.2906477835572406e-14,1
s15_1_retained_2_t094,15,1,retained_labeled_MI,2,s15.mat,95011e9b668784c8dad3c45bb6105232190848db6100eafe53d4ddff55cb35d7,334335,Cho2017,Q15-E006,BROAD_EEGNET,20260926,1.0,1.1315617193252692e-10,1
s15_1_retained_2_t095,15,1,retained_labeled_MI,2,s15.mat,95011e9b668784c8dad3c45bb6105232190848db6100eafe53d4ddff55cb35d7,337919,Cho2017,Q15-E006,BROAD_EEGNET,20260926,0.9781297445297241,0.02187020517885685,1
s15_1_retained_2_t096,15,1,retained_labeled_MI,2,s15.mat,95011e9b668784c8dad3c45bb6105232190848db6100eafe53d4ddff55cb35d7,341503,Cho2017,Q15-E006,BROAD_EEGNET,20260926,0.023318754509091377,0.9766812920570374,2
s15_1_retained_2_t097,15,1,retained_labeled_MI,2,s15.mat,95011e9b668784c8dad3c45bb6105232190848db6100eafe53d4ddff55cb35d7,345087,Cho2017,Q15-E006,BROAD_EEGNET,20260926,0.9999998807907104,6.452756196040355e-08,1
s15_1_retained_2_t098,15,1,retained_labeled_MI,2,s15.mat,95011e9b668784c8dad3c45bb6105232190848db6100eafe53d4ddff55cb35d7,348671,Cho2017,Q15-E006,BROAD_EEGNET,20260926,2.3738801722961167e-13,1.0,2
s15_1_retained_2_t099,15,1,retained_labeled_MI,2,s15.mat,95011e9b668784c8dad3c45bb6105232190848db6100eafe53d4ddff55cb35d7,352255,Cho2017,Q15-E006,BROAD_EEGNET,20260926,0.985751211643219,0.014248810708522797,1
s15_1_retained_2_t100,15,1,retained_labeled_MI,2,s15.mat,95011e9b668784c8dad3c45bb6105232190848db6100eafe53d4ddff55cb35d7,355839,Cho2017,Q15-E006,BROAD_EEGNET,20260926,0.0006077578291296959,0.9993922710418701,2
s15_1_retained_1_t001,15,1,retained_labeled_MI,1,s15.mat,95011e9b668784c8dad3c45bb6105232190848db6100eafe53d4ddff55cb35d7,1023,Cho2017,Q15-E006,MU_BETA_SHARED,20260924,2.208336231999569e-24,1.0,2
s15_1_retained_1_t002,15,1,retained_labeled_MI,1,s15.mat,95011e9b668784c8dad3c45bb6105232190848db6100eafe53d4ddff55cb35d7,4607,Cho2017,Q15-E006,MU_BETA_SHARED,20260924,2.545398030278584e-17,1.0,2
s15_1_retained_1_t003,15,1,retained_labeled_MI,1,s15.mat,95011e9b668784c8dad3c45bb6105232190848db6100eafe53d4ddff55cb35d7,8191,Cho2017,Q15-E006,MU_BETA_SHARED,20260924,7.05335874348201e-20,1.0,2
s15_1_retained_1_t004,15,1,retained_labeled_MI,1,s15.mat,95011e9b668784c8dad3c45bb6105232190848db6100eafe53d4ddff55cb35d7,11775,Cho2017,Q15-E006,MU_BETA_SHARED,20260924,1.3176136867067595e-29,1.0,2
s15_1_retained_1_t005,15,1,retained_labeled_MI,1,s15.mat,95011e9b668784c8dad3c45bb6105232190848db6100eafe53d4ddff55cb35d7,15359,Cho2017,Q15-E006,MU_BETA_SHARED,20260924,1.225164204427483e-16,1.0,2
s15_1_retained_1_t006,15,1,retained_labeled_MI,1,s15.mat,95011e9b668784c8dad3c45bb6105232190848db6100eafe53d4ddff55cb35d7,18943,Cho2017,Q15-E006,MU_BETA_SHARED,20260924,4.926000901885537e-24,1.0,2
s15_1_retained_1_t007,15,1,retained_labeled_MI,1,s15.mat,95011e9b668784c8dad3c45bb6105232190848db6100eafe53d4ddff55cb35d7,22527,Cho2017,Q15-E006,MU_BETA_SHARED,20260924,1.957537147113276e-17,1.0,2
s15_1_retained_1_t008,15,1,retained_labeled_MI,1,s15.mat,95011e9b668784c8dad3c45bb6105232190848db6100eafe53d4ddff55cb35d7,26111,Cho2017,Q15-E006,MU_BETA_SHARED,20260924,1.401298464324817e-45,1.0,2
s15_1_retained_1_t009,15,1,retained_labeled_MI,1,s15.mat,95011e9b668784c8dad3c45bb6105232190848db6100eafe53d4ddff55cb35d7,29695,Cho2017,Q15-E006,MU_BETA_SHARED,20260924,7.241770333784222e-41,1.0,2
s15_1_retained_1_t010,15,1,retained_labeled_MI,1,s15.mat,95011e9b668784c8dad3c45bb6105232190848db6100eafe53d4ddff55cb35d7,33279,Cho2017,Q15-E006,MU_BETA_SHARED,20260924,1.8501124019343404e-29,1.0,2
s15_1_retained_1_t011,15,1,retained_labeled_MI,1,s15.mat,95011e9b668784c8dad3c45bb6105232190848db6100eafe53d4ddff55cb35d7,36863,Cho2017,Q15-E006,MU_BETA_SHARED,20260924,3.432190817577551e-25,1.0,2
s15_1_retained_1_t012,15,1,retained_labeled_MI,1,s15.mat,95011e9b668784c8dad3c45bb6105232190848db6100eafe53d4ddff55cb35d7,40447,Cho2017,Q15-E006,MU_BETA_SHARED,20260924,5.304337803168629e-24,1.0,2
s15_1_retained_1_t013,15,1,retained_labeled_MI,1,s15.mat,95011e9b668784c8dad3c45bb6105232190848db6100eafe53d4ddff55cb35d7,44031,Cho2017,Q15-E006,MU_BETA_SHARED,20260924,1.1700143357585823e-24,1.0,2
s15_1_retained_1_t014,15,1,retained_labeled_MI,1,s15.mat,95011e9b668784c8dad3c45bb6105232190848db6100eafe53d4ddff55cb35d7,47615,Cho2017,Q15-E006,MU_BETA_SHARED,20260924,8.922619316575203e-14,1.0,2
s15_1_retained_1_t015,15,1,retained_labeled_MI,1,s15.mat,95011e9b668784c8dad3c45bb6105232190848db6100eafe53d4ddff55cb35d7,51199,Cho2017,Q15-E006,MU_BETA_SHARED,20260924,7.453991066859259e-25,1.0,2
s15_1_retained_1_t016,15,1,retained_labeled_MI,1,s15.mat,95011e9b668784c8dad3c45bb6105232190848db6100eafe53d4ddff55cb35d7,54783,Cho2017,Q15-E006,MU_BETA_SHARED,20260924,1.1560774570752332e-34,1.0,2
s15_1_retained_1_t017,15,1,retained_labeled_MI,1,s15.mat,95011e9b668784c8dad3c45bb6105232190848db6100eafe53d4ddff55cb35d7,58367,Cho2017,Q15-E006,MU_BETA_SHARED,20260924,1.773311194421616e-24,1.0,2
s15_1_retained_1_t018,15,1,retained_labeled_MI,1,s15.mat,95011e9b668784c8dad3c45bb6105232190848db6100eafe53d4ddff55cb35d7,61951,Cho2017,Q15-E006,MU_BETA_SHARED,20260924,8.438527933544211e-24,1.0,2
s15_1_retained_1_t019,15,1,retained_labeled_MI,1,s15.mat,95011e9b668784c8dad3c45bb6105232190848db6100eafe53d4ddff55cb35d7,65535,Cho2017,Q15-E006,MU_BETA_SHARED,20260924,2.5569230867673912e-30,1.0,2
s15_1_retained_1_t020,15,1,retained_labeled_MI,1,s15.mat,95011e9b668784c8dad3c45bb6105232190848db6100eafe53d4ddff55cb35d7,69119,Cho2017,Q15-E006,MU_BETA_SHARED,20260924,8.409112419724168e-27,1.0,2
s15_1_retained_1_t021,15,1,retained_labeled_MI,1,s15.mat,95011e9b668784c8dad3c45bb6105232190848db6100eafe53d4ddff55cb35d7,72703,Cho2017,Q15-E006,MU_BETA_SHARED,20260924,1.2169818910899267e-28,1.0,2
s15_1_retained_1_t022,15,1,retained_labeled_MI,1,s15.mat,95011e9b668784c8dad3c45bb6105232190848db6100eafe53d4ddff55cb35d7,76287,Cho2017,Q15-E006,MU_BETA_SHARED,20260924,1.7865864612790373e-23,1.0,2
s15_1_retained_1_t023,15,1,retained_labeled_MI,1,s15.mat,95011e9b668784c8dad3c45bb6105232190848db6100eafe53d4ddff55cb35d7,79871,Cho2017,Q15-E006,MU_BETA_SHARED,20260924,7.762780502315311e-20,1.0,2
s15_1_retained_1_t024,15,1,retained_labeled_MI,1,s15.mat,95011e9b668784c8dad3c45bb6105232190848db6100eafe53d4ddff55cb35d7,83455,Cho2017,Q15-E006,MU_BETA_SHARED,20260924,4.561129067393662e-23,1.0,2
s15_1_retained_1_t025,15,1,retained_labeled_MI,1,s15.mat,95011e9b668784c8dad3c45bb6105232190848db6100eafe53d4ddff55cb35d7,87039,Cho2017,Q15-E006,MU_BETA_SHARED,20260924,1.6782546481001728e-21,1.0,2
s15_1_retained_1_t026,15,1,retained_labeled_MI,1,s15.mat,95011e9b668784c8dad3c45bb6105232190848db6100eafe53d4ddff55cb35d7,90623,Cho2017,Q15-E006,MU_BETA_SHARED,20260924,2.9566842466884785e-22,1.0,2
s15_1_retained_1_t027,15,1,retained_labeled_MI,1,s15.mat,95011e9b668784c8dad3c45bb6105232190848db6100eafe53d4ddff55cb35d7,94207,Cho2017,Q15-E006,MU_BETA_SHARED,20260924,7.291557980071538e-30,1.0,2
s15_1_retained_1_t028,15,1,retained_labeled_MI,1,s15.mat,95011e9b668784c8dad3c45bb6105232190848db6100eafe53d4ddff55cb35d7,97791,Cho2017,Q15-E006,MU_BETA_SHARED,20260924,8.791978734513605e-22,1.0,2
s15_1_retained_1_t029,15,1,retained_labeled_MI,1,s15.mat,95011e9b668784c8dad3c45bb6105232190848db6100eafe53d4ddff55cb35d7,101375,Cho2017,Q15-E006,MU_BETA_SHARED,20260924,4.0908369799938175e-28,1.0,2
s15_1_retained_1_t030,15,1,retained_labeled_MI,1,s15.mat,95011e9b668784c8dad3c45bb6105232190848db6100eafe53d4ddff55cb35d7,104959,Cho2017,Q15-E006,MU_BETA_SHARED,20260924,7.558429490172563e-22,1.0,2
s15_1_retained_1_t031,15,1,retained_labeled_MI,1,s15.mat,95011e9b668784c8dad3c45bb6105232190848db6100eafe53d4ddff55cb35d7,108543,Cho2017,Q15-E006,MU_BETA_SHARED,20260924,6.804218405329574e-20,1.0,2
s15_1_retained_1_t032,15,1,retained_labeled_MI,1,s15.mat,95011e9b668784c8dad3c45bb6105232190848db6100eafe53d4ddff55cb35d7,112127,Cho2017,Q15-E006,MU_BETA_SHARED,20260924,6.799013480876429e-32,1.0,2
s15_1_retained_1_t033,15,1,retained_labeled_MI,1,s15.mat,95011e9b668784c8dad3c45bb6105232190848db6100eafe53d4ddff55cb35d7,115711,Cho2017,Q15-E006,MU_BETA_SHARED,20260924,6.583053492514545e-30,1.0,2
s15_1_retained_1_t034,15,1,retained_labeled_MI,1,s15.mat,95011e9b668784c8dad3c45bb6105232190848db6100eafe53d4ddff55cb35d7,119295,Cho2017,Q15-E006,MU_BETA_SHARED,20260924,1.7435406808682714e-26,1.0,2
s15_1_retained_1_t035,15,1,retained_labeled_MI,1,s15.mat,95011e9b668784c8dad3c45bb6105232190848db6100eafe53d4ddff55cb35d7,122879,Cho2017,Q15-E006,MU_BETA_SHARED,20260924,6.487215239145098e-18,1.0,2
s15_1_retained_1_t036,15,1,retained_labeled_MI,1,s15.mat,95011e9b668784c8dad3c45bb6105232190848db6100eafe53d4ddff55cb35d7,126463,Cho2017,Q15-E006,MU_BETA_SHARED,20260924,1.0155738690330665e-14,1.0,2
s15_1_retained_1_t037,15,1,retained_labeled_MI,1,s15.mat,95011e9b668784c8dad3c45bb6105232190848db6100eafe53d4ddff55cb35d7,130047,Cho2017,Q15-E006,MU_BETA_SHARED,20260924,1.3557030714647167e-32,1.0,2
s15_1_retained_1_t038,15,1,retained_labeled_MI,1,s15.mat,95011e9b668784c8dad3c45bb6105232190848db6100eafe53d4ddff55cb35d7,133631,Cho2017,Q15-E006,MU_BETA_SHARED,20260924,3.8364425884580586e-26,1.0,2
s15_1_retained_1_t039,15,1,retained_labeled_MI,1,s15.mat,95011e9b668784c8dad3c45bb6105232190848db6100eafe53d4ddff55cb35d7,137215,Cho2017,Q15-E006,MU_BETA_SHARED,20260924,3.846955619412803e-23,1.0,2
s15_1_retained_1_t040,15,1,retained_labeled_MI,1,s15.mat,95011e9b668784c8dad3c45bb6105232190848db6100eafe53d4ddff55cb35d7,140799,Cho2017,Q15-E006,MU_BETA_SHARED,20260924,1.2013310742779552e-14,1.0,2
s15_1_retained_1_t041,15,1,retained_labeled_MI,1,s15.mat,95011e9b668784c8dad3c45bb6105232190848db6100eafe53d4ddff55cb35d7,144383,Cho2017,Q15-E006,MU_BETA_SHARED,20260924,1.2278011145656222e-19,1.0,2
s15_1_retained_1_t042,15,1,retained_labeled_MI,1,s15.mat,95011e9b668784c8dad3c45bb6105232190848db6100eafe53d4ddff55cb35d7,147967,Cho2017,Q15-E006,MU_BETA_SHARED,20260924,3.4905141008260513e-31,1.0,2
s15_1_retained_1_t043,15,1,retained_labeled_MI,1,s15.mat,95011e9b668784c8dad3c45bb6105232190848db6100eafe53d4ddff55cb35d7,151551,Cho2017,Q15-E006,MU_BETA_SHARED,20260924,4.388977113250533e-21,1.0,2
s15_1_retained_1_t044,15,1,retained_labeled_MI,1,s15.mat,95011e9b668784c8dad3c45bb6105232190848db6100eafe53d4ddff55cb35d7,155135,Cho2017,Q15-E006,MU_BETA_SHARED,20260924,3.0820368458899547e-16,1.0,2
s15_1_retained_1_t045,15,1,retained_labeled_MI,1,s15.mat,95011e9b668784c8dad3c45bb6105232190848db6100eafe53d4ddff55cb35d7,158719,Cho2017,Q15-E006,MU_BETA_SHARED,20260924,1.1200963582957079e-15,1.0,2
s15_1_retained_1_t046,15,1,retained_labeled_MI,1,s15.mat,95011e9b668784c8dad3c45bb6105232190848db6100eafe53d4ddff55cb35d7,162303,Cho2017,Q15-E006,MU_BETA_SHARED,20260924,3.05253565480168e-11,1.0,2
s15_1_retained_1_t047,15,1,retained_labeled_MI,1,s15.mat,95011e9b668784c8dad3c45bb6105232190848db6100eafe53d4ddff55cb35d7,165887,Cho2017,Q15-E006,MU_BETA_SHARED,20260924,2.5104596582836306e-18,1.0,2
s15_1_retained_1_t048,15,1,retained_labeled_MI,1,s15.mat,95011e9b668784c8dad3c45bb6105232190848db6100eafe53d4ddff55cb35d7,169471,Cho2017,Q15-E006,MU_BETA_SHARED,20260924,3.7296220260920403e-23,1.0,2
s15_1_retained_1_t049,15,1,retained_labeled_MI,1,s15.mat,95011e9b668784c8dad3c45bb6105232190848db6100eafe53d4ddff55cb35d7,173055,Cho2017,Q15-E006,MU_BETA_SHARED,20260924,1.4357815944490638e-23,1.0,2
s15_1_retained_1_t050,15,1,retained_labeled_MI,1,s15.mat,95011e9b668784c8dad3c45bb6105232190848db6100eafe53d4ddff55cb35d7,176639,Cho2017,Q15-E006,MU_BETA_SHARED,20260924,1.1430297904952098e-22,1.0,2
s15_1_retained_1_t051,15,1,retained_labeled_MI,1,s15.mat,95011e9b668784c8dad3c45bb6105232190848db6100eafe53d4ddff55cb35d7,180223,Cho2017,Q15-E006,MU_BETA_SHARED,20260924,2.285144603314559e-19,1.0,2
s15_1_retained_1_t052,15,1,retained_labeled_MI,1,s15.mat,95011e9b668784c8dad3c45bb6105232190848db6100eafe53d4ddff55cb35d7,183807,Cho2017,Q15-E006,MU_BETA_SHARED,20260924,2.4378088710363954e-05,0.9999755620956421,2
s15_1_retained_1_t053,15,1,retained_labeled_MI,1,s15.mat,95011e9b668784c8dad3c45bb6105232190848db6100eafe53d4ddff55cb35d7,187391,Cho2017,Q15-E006,MU_BETA_SHARED,20260924,3.3592748178664647e-19,1.0,2
s15_1_retained_1_t054,15,1,retained_labeled_MI,1,s15.mat,95011e9b668784c8dad3c45bb6105232190848db6100eafe53d4ddff55cb35d7,190975,Cho2017,Q15-E006,MU_BETA_SHARED,20260924,1.8335030617233234e-29,1.0,2
s15_1_retained_1_t055,15,1,retained_labeled_MI,1,s15.mat,95011e9b668784c8dad3c45bb6105232190848db6100eafe53d4ddff55cb35d7,194559,Cho2017,Q15-E006,MU_BETA_SHARED,20260924,1.111066225689683e-07,0.9999998807907104,2
s15_1_retained_1_t056,15,1,retained_labeled_MI,1,s15.mat,95011e9b668784c8dad3c45bb6105232190848db6100eafe53d4ddff55cb35d7,198143,Cho2017,Q15-E006,MU_BETA_SHARED,20260924,1.361221769972995e-25,1.0,2
s15_1_retained_1_t057,15,1,retained_labeled_MI,1,s15.mat,95011e9b668784c8dad3c45bb6105232190848db6100eafe53d4ddff55cb35d7,201727,Cho2017,Q15-E006,MU_BETA_SHARED,20260924,4.691380069794457e-15,1.0,2
s15_1_retained_1_t058,15,1,retained_labeled_MI,1,s15.mat,95011e9b668784c8dad3c45bb6105232190848db6100eafe53d4ddff55cb35d7,205311,Cho2017,Q15-E006,MU_BETA_SHARED,20260924,1.337023309267437e-18,1.0,2
s15_1_retained_1_t059,15,1,retained_labeled_MI,1,s15.mat,95011e9b668784c8dad3c45bb6105232190848db6100eafe53d4ddff55cb35d7,208895,Cho2017,Q15-E006,MU_BETA_SHARED,20260924,2.929502507242887e-08,1.0,2
s15_1_retained_1_t060,15,1,retained_labeled_MI,1,s15.mat,95011e9b668784c8dad3c45bb6105232190848db6100eafe53d4ddff55cb35d7,212479,Cho2017,Q15-E006,MU_BETA_SHARED,20260924,6.66105628670846e-23,1.0,2
s15_1_retained_1_t061,15,1,retained_labeled_MI,1,s15.mat,95011e9b668784c8dad3c45bb6105232190848db6100eafe53d4ddff55cb35d7,216063,Cho2017,Q15-E006,MU_BETA_SHARED,20260924,4.623212128748852e-15,1.0,2
s15_1_retained_1_t062,15,1,retained_labeled_MI,1,s15.mat,95011e9b668784c8dad3c45bb6105232190848db6100eafe53d4ddff55cb35d7,219647,Cho2017,Q15-E006,MU_BETA_SHARED,20260924,7.005006078489808e-22,1.0,2
s15_1_retained_1_t063,15,1,retained_labeled_MI,1,s15.mat,95011e9b668784c8dad3c45bb6105232190848db6100eafe53d4ddff55cb35d7,223231,Cho2017,Q15-E006,MU_BETA_SHARED,20260924,2.1125917555764318e-05,0.9999788999557495,2
s15_1_retained_1_t064,15,1,retained_labeled_MI,1,s15.mat,95011e9b668784c8dad3c45bb6105232190848db6100eafe53d4ddff55cb35d7,226815,Cho2017,Q15-E006,MU_BETA_SHARED,20260924,6.738164600294555e-22,1.0,2
s15_1_retained_1_t065,15,1,retained_labeled_MI,1,s15.mat,95011e9b668784c8dad3c45bb6105232190848db6100eafe53d4ddff55cb35d7,230399,Cho2017,Q15-E006,MU_BETA_SHARED,20260924,6.6662178141996264e-06,0.9999933242797852,2
s15_1_retained_1_t066,15,1,retained_labeled_MI,1,s15.mat,95011e9b668784c8dad3c45bb6105232190848db6100eafe53d4ddff55cb35d7,233983,Cho2017,Q15-E006,MU_BETA_SHARED,20260924,3.7745671930926317e-14,1.0,2
s15_1_retained_1_t067,15,1,retained_labeled_MI,1,s15.mat,95011e9b668784c8dad3c45bb6105232190848db6100eafe53d4ddff55cb35d7,237567,Cho2017,Q15-E006,MU_BETA_SHARED,20260924,3.713418910542454e-18,1.0,2
s15_1_retained_1_t068,15,1,retained_labeled_MI,1,s15.mat,95011e9b668784c8dad3c45bb6105232190848db6100eafe53d4ddff55cb35d7,241151,Cho2017,Q15-E006,MU_BETA_SHARED,20260924,6.204795512094487e-20,1.0,2
s15_1_retained_1_t069,15,1,retained_labeled_MI,1,s15.mat,95011e9b668784c8dad3c45bb6105232190848db6100eafe53d4ddff55cb35d7,244735,Cho2017,Q15-E006,MU_BETA_SHARED,20260924,4.459836467542503e-25,1.0,2
s15_1_retained_1_t070,15,1,retained_labeled_MI,1,s15.mat,95011e9b668784c8dad3c45bb6105232190848db6100eafe53d4ddff55cb35d7,248319,Cho2017,Q15-E006,MU_BETA_SHARED,20260924,0.005327864550054073,0.9946721196174622,2
s15_1_retained_1_t071,15,1,retained_labeled_MI,1,s15.mat,95011e9b668784c8dad3c45bb6105232190848db6100eafe53d4ddff55cb35d7,251903,Cho2017,Q15-E006,MU_BETA_SHARED,20260924,1.0388130649739355e-14,1.0,2
s15_1_retained_1_t072,15,1,retained_labeled_MI,1,s15.mat,95011e9b668784c8dad3c45bb6105232190848db6100eafe53d4ddff55cb35d7,255487,Cho2017,Q15-E006,MU_BETA_SHARED,20260924,8.985138310192275e-15,1.0,2
s15_1_retained_1_t073,15,1,retained_labeled_MI,1,s15.mat,95011e9b668784c8dad3c45bb6105232190848db6100eafe53d4ddff55cb35d7,259071,Cho2017,Q15-E006,MU_BETA_SHARED,20260924,5.598283301583502e-26,1.0,2
s15_1_retained_1_t074,15,1,retained_labeled_MI,1,s15.mat,95011e9b668784c8dad3c45bb6105232190848db6100eafe53d4ddff55cb35d7,262655,Cho2017,Q15-E006,MU_BETA_SHARED,20260924,7.946258855702376e-21,1.0,2
s15_1_retained_1_t075,15,1,retained_labeled_MI,1,s15.mat,95011e9b668784c8dad3c45bb6105232190848db6100eafe53d4ddff55cb35d7,266239,Cho2017,Q15-E006,MU_BETA_SHARED,20260924,3.7537112940610707e-25,1.0,2
s15_1_retained_1_t076,15,1,retained_labeled_MI,1,s15.mat,95011e9b668784c8dad3c45bb6105232190848db6100eafe53d4ddff55cb35d7,269823,Cho2017,Q15-E006,MU_BETA_SHARED,20260924,3.100917474982049e-16,1.0,2
s15_1_retained_1_t077,15,1,retained_labeled_MI,1,s15.mat,95011e9b668784c8dad3c45bb6105232190848db6100eafe53d4ddff55cb35d7,273407,Cho2017,Q15-E006,MU_BETA_SHARED,20260924,4.319329631535852e-23,1.0,2
s15_1_retained_1_t078,15,1,retained_labeled_MI,1,s15.mat,95011e9b668784c8dad3c45bb6105232190848db6100eafe53d4ddff55cb35d7,276991,Cho2017,Q15-E006,MU_BETA_SHARED,20260924,3.431393335053725e-17,1.0,2
s15_1_retained_1_t079,15,1,retained_labeled_MI,1,s15.mat,95011e9b668784c8dad3c45bb6105232190848db6100eafe53d4ddff55cb35d7,280575,Cho2017,Q15-E006,MU_BETA_SHARED,20260924,6.208573875627102e-23,1.0,2
s15_1_retained_1_t080,15,1,retained_labeled_MI,1,s15.mat,95011e9b668784c8dad3c45bb6105232190848db6100eafe53d4ddff55cb35d7,284159,Cho2017,Q15-E006,MU_BETA_SHARED,20260924,2.2324505265808174e-24,1.0,2
s15_1_retained_1_t081,15,1,retained_labeled_MI,1,s15.mat,95011e9b668784c8dad3c45bb6105232190848db6100eafe53d4ddff55cb35d7,287743,Cho2017,Q15-E006,MU_BETA_SHARED,20260924,2.8795785014416398e-15,1.0,2
s15_1_retained_1_t082,15,1,retained_labeled_MI,1,s15.mat,95011e9b668784c8dad3c45bb6105232190848db6100eafe53d4ddff55cb35d7,291327,Cho2017,Q15-E006,MU_BETA_SHARED,20260924,3.3068020977716772e-12,1.0,2
s15_1_retained_1_t083,15,1,retained_labeled_MI,1,s15.mat,95011e9b668784c8dad3c45bb6105232190848db6100eafe53d4ddff55cb35d7,294911,Cho2017,Q15-E006,MU_BETA_SHARED,20260924,1.0038429030378332e-34,1.0,2
s15_1_retained_1_t084,15,1,retained_labeled_MI,1,s15.mat,95011e9b668784c8dad3c45bb6105232190848db6100eafe53d4ddff55cb35d7,298495,Cho2017,Q15-E006,MU_BETA_SHARED,20260924,1.831228946258534e-09,1.0,2
s15_1_retained_1_t085,15,1,retained_labeled_MI,1,s15.mat,95011e9b668784c8dad3c45bb6105232190848db6100eafe53d4ddff55cb35d7,302079,Cho2017,Q15-E006,MU_BETA_SHARED,20260924,7.117412314983085e-05,0.9999288320541382,2
s15_1_retained_1_t086,15,1,retained_labeled_MI,1,s15.mat,95011e9b668784c8dad3c45bb6105232190848db6100eafe53d4ddff55cb35d7,305663,Cho2017,Q15-E006,MU_BETA_SHARED,20260924,5.1662146768367545e-21,1.0,2
s15_1_retained_1_t087,15,1,retained_labeled_MI,1,s15.mat,95011e9b668784c8dad3c45bb6105232190848db6100eafe53d4ddff55cb35d7,309247,Cho2017,Q15-E006,MU_BETA_SHARED,20260924,0.0,1.0,2
s15_1_retained_1_t088,15,1,retained_labeled_MI,1,s15.mat,95011e9b668784c8dad3c45bb6105232190848db6100eafe53d4ddff55cb35d7,312831,Cho2017,Q15-E006,MU_BETA_SHARED,20260924,5.880266832472883e-16,1.0,2
s15_1_retained_1_t089,15,1,retained_labeled_MI,1,s15.mat,95011e9b668784c8dad3c45bb6105232190848db6100eafe53d4ddff55cb35d7,316415,Cho2017,Q15-E006,MU_BETA_SHARED,20260924,9.177535410542122e-30,1.0,2
s15_1_retained_1_t090,15,1,retained_labeled_MI,1,s15.mat,95011e9b668784c8dad3c45bb6105232190848db6100eafe53d4ddff55cb35d7,319999,Cho2017,Q15-E006,MU_BETA_SHARED,20260924,6.474971285242709e-35,1.0,2
s15_1_retained_1_t091,15,1,retained_labeled_MI,1,s15.mat,95011e9b668784c8dad3c45bb6105232190848db6100eafe53d4ddff55cb35d7,323583,Cho2017,Q15-E006,MU_BETA_SHARED,20260924,1.935687260435845e-13,1.0,2
s15_1_retained_1_t092,15,1,retained_labeled_MI,1,s15.mat,95011e9b668784c8dad3c45bb6105232190848db6100eafe53d4ddff55cb35d7,327167,Cho2017,Q15-E006,MU_BETA_SHARED,20260924,2.21360922281655e-15,1.0,2
s15_1_retained_1_t093,15,1,retained_labeled_MI,1,s15.mat,95011e9b668784c8dad3c45bb6105232190848db6100eafe53d4ddff55cb35d7,330751,Cho2017,Q15-E006,MU_BETA_SHARED,20260924,6.64768212824796e-22,1.0,2
s15_1_retained_1_t094,15,1,retained_labeled_MI,1,s15.mat,95011e9b668784c8dad3c45bb6105232190848db6100eafe53d4ddff55cb35d7,334335,Cho2017,Q15-E006,MU_BETA_SHARED,20260924,6.011612525834464e-16,1.0,2
s15_1_retained_1_t095,15,1,retained_labeled_MI,1,s15.mat,95011e9b668784c8dad3c45bb6105232190848db6100eafe53d4ddff55cb35d7,337919,Cho2017,Q15-E006,MU_BETA_SHARED,20260924,1.4456590091693755e-10,1.0,2
s15_1_retained_1_t096,15,1,retained_labeled_MI,1,s15.mat,95011e9b668784c8dad3c45bb6105232190848db6100eafe53d4ddff55cb35d7,341503,Cho2017,Q15-E006,MU_BETA_SHARED,20260924,4.3071833817395536e-17,1.0,2
s15_1_retained_1_t097,15,1,retained_labeled_MI,1,s15.mat,95011e9b668784c8dad3c45bb6105232190848db6100eafe53d4ddff55cb35d7,345087,Cho2017,Q15-E006,MU_BETA_SHARED,20260924,4.417271525975256e-17,1.0,2
s15_1_retained_1_t098,15,1,retained_labeled_MI,1,s15.mat,95011e9b668784c8dad3c45bb6105232190848db6100eafe53d4ddff55cb35d7,348671,Cho2017,Q15-E006,MU_BETA_SHARED,20260924,2.063431905359757e-27,1.0,2
s15_1_retained_1_t099,15,1,retained_labeled_MI,1,s15.mat,95011e9b668784c8dad3c45bb6105232190848db6100eafe53d4ddff55cb35d7,352255,Cho2017,Q15-E006,MU_BETA_SHARED,20260924,1.1145112075027896e-18,1.0,2
s15_1_retained_1_t100,15,1,retained_labeled_MI,1,s15.mat,95011e9b668784c8dad3c45bb6105232190848db6100eafe53d4ddff55cb35d7,355839,Cho2017,Q15-E006,MU_BETA_SHARED,20260924,8.146654668203284e-21,1.0,2
s15_1_retained_2_t001,15,1,retained_labeled_MI,2,s15.mat,95011e9b668784c8dad3c45bb6105232190848db6100eafe53d4ddff55cb35d7,1023,Cho2017,Q15-E006,MU_BETA_SHARED,20260924,3.3333012949335114e-17,1.0,2
s15_1_retained_2_t002,15,1,retained_labeled_MI,2,s15.mat,95011e9b668784c8dad3c45bb6105232190848db6100eafe53d4ddff55cb35d7,4607,Cho2017,Q15-E006,MU_BETA_SHARED,20260924,8.049602148543805e-19,1.0,2
s15_1_retained_2_t003,15,1,retained_labeled_MI,2,s15.mat,95011e9b668784c8dad3c45bb6105232190848db6100eafe53d4ddff55cb35d7,8191,Cho2017,Q15-E006,MU_BETA_SHARED,20260924,2.0536239145249706e-27,1.0,2
s15_1_retained_2_t004,15,1,retained_labeled_MI,2,s15.mat,95011e9b668784c8dad3c45bb6105232190848db6100eafe53d4ddff55cb35d7,11775,Cho2017,Q15-E006,MU_BETA_SHARED,20260924,1.5600782514932435e-31,1.0,2
s15_1_retained_2_t005,15,1,retained_labeled_MI,2,s15.mat,95011e9b668784c8dad3c45bb6105232190848db6100eafe53d4ddff55cb35d7,15359,Cho2017,Q15-E006,MU_BETA_SHARED,20260924,8.100365550649962e-34,1.0,2
s15_1_retained_2_t006,15,1,retained_labeled_MI,2,s15.mat,95011e9b668784c8dad3c45bb6105232190848db6100eafe53d4ddff55cb35d7,18943,Cho2017,Q15-E006,MU_BETA_SHARED,20260924,7.821474056010141e-38,1.0,2
s15_1_retained_2_t007,15,1,retained_labeled_MI,2,s15.mat,95011e9b668784c8dad3c45bb6105232190848db6100eafe53d4ddff55cb35d7,22527,Cho2017,Q15-E006,MU_BETA_SHARED,20260924,5.003698334141422e-35,1.0,2
s15_1_retained_2_t008,15,1,retained_labeled_MI,2,s15.mat,95011e9b668784c8dad3c45bb6105232190848db6100eafe53d4ddff55cb35d7,26111,Cho2017,Q15-E006,MU_BETA_SHARED,20260924,0.0,1.0,2
s15_1_retained_2_t009,15,1,retained_labeled_MI,2,s15.mat,95011e9b668784c8dad3c45bb6105232190848db6100eafe53d4ddff55cb35d7,29695,Cho2017,Q15-E006,MU_BETA_SHARED,20260924,3.2030735632270946e-25,1.0,2
s15_1_retained_2_t010,15,1,retained_labeled_MI,2,s15.mat,95011e9b668784c8dad3c45bb6105232190848db6100eafe53d4ddff55cb35d7,33279,Cho2017,Q15-E006,MU_BETA_SHARED,20260924,1.5643757177805277e-30,1.0,2
s15_1_retained_2_t011,15,1,retained_labeled_MI,2,s15.mat,95011e9b668784c8dad3c45bb6105232190848db6100eafe53d4ddff55cb35d7,36863,Cho2017,Q15-E006,MU_BETA_SHARED,20260924,1.1043165204575792e-25,1.0,2
s15_1_retained_2_t012,15,1,retained_labeled_MI,2,s15.mat,95011e9b668784c8dad3c45bb6105232190848db6100eafe53d4ddff55cb35d7,40447,Cho2017,Q15-E006,MU_BETA_SHARED,20260924,1.047072981018682e-28,1.0,2
s15_1_retained_2_t013,15,1,retained_labeled_MI,2,s15.mat,95011e9b668784c8dad3c45bb6105232190848db6100eafe53d4ddff55cb35d7,44031,Cho2017,Q15-E006,MU_BETA_SHARED,20260924,4.400077177979926e-43,1.0,2
s15_1_retained_2_t014,15,1,retained_labeled_MI,2,s15.mat,95011e9b668784c8dad3c45bb6105232190848db6100eafe53d4ddff55cb35d7,47615,Cho2017,Q15-E006,MU_BETA_SHARED,20260924,1.5353185804113493e-22,1.0,2
s15_1_retained_2_t015,15,1,retained_labeled_MI,2,s15.mat,95011e9b668784c8dad3c45bb6105232190848db6100eafe53d4ddff55cb35d7,51199,Cho2017,Q15-E006,MU_BETA_SHARED,20260924,1.2280799495470004e-30,1.0,2
s15_1_retained_2_t016,15,1,retained_labeled_MI,2,s15.mat,95011e9b668784c8dad3c45bb6105232190848db6100eafe53d4ddff55cb35d7,54783,Cho2017,Q15-E006,MU_BETA_SHARED,20260924,1.2921762508573635e-24,1.0,2
s15_1_retained_2_t017,15,1,retained_labeled_MI,2,s15.mat,95011e9b668784c8dad3c45bb6105232190848db6100eafe53d4ddff55cb35d7,58367,Cho2017,Q15-E006,MU_BETA_SHARED,20260924,4.104064038453317e-34,1.0,2
s15_1_retained_2_t018,15,1,retained_labeled_MI,2,s15.mat,95011e9b668784c8dad3c45bb6105232190848db6100eafe53d4ddff55cb35d7,61951,Cho2017,Q15-E006,MU_BETA_SHARED,20260924,3.759308603073214e-28,1.0,2
s15_1_retained_2_t019,15,1,retained_labeled_MI,2,s15.mat,95011e9b668784c8dad3c45bb6105232190848db6100eafe53d4ddff55cb35d7,65535,Cho2017,Q15-E006,MU_BETA_SHARED,20260924,6.494506292599682e-22,1.0,2
s15_1_retained_2_t020,15,1,retained_labeled_MI,2,s15.mat,95011e9b668784c8dad3c45bb6105232190848db6100eafe53d4ddff55cb35d7,69119,Cho2017,Q15-E006,MU_BETA_SHARED,20260924,3.265240306319354e-32,1.0,2
s15_1_retained_2_t021,15,1,retained_labeled_MI,2,s15.mat,95011e9b668784c8dad3c45bb6105232190848db6100eafe53d4ddff55cb35d7,72703,Cho2017,Q15-E006,MU_BETA_SHARED,20260924,3.3110720724183115e-25,1.0,2
s15_1_retained_2_t022,15,1,retained_labeled_MI,2,s15.mat,95011e9b668784c8dad3c45bb6105232190848db6100eafe53d4ddff55cb35d7,76287,Cho2017,Q15-E006,MU_BETA_SHARED,20260924,9.184048031771476e-23,1.0,2
s15_1_retained_2_t023,15,1,retained_labeled_MI,2,s15.mat,95011e9b668784c8dad3c45bb6105232190848db6100eafe53d4ddff55cb35d7,79871,Cho2017,Q15-E006,MU_BETA_SHARED,20260924,2.698722029911603e-31,1.0,2
s15_1_retained_2_t024,15,1,retained_labeled_MI,2,s15.mat,95011e9b668784c8dad3c45bb6105232190848db6100eafe53d4ddff55cb35d7,83455,Cho2017,Q15-E006,MU_BETA_SHARED,20260924,1.744114466243255e-24,1.0,2
s15_1_retained_2_t025,15,1,retained_labeled_MI,2,s15.mat,95011e9b668784c8dad3c45bb6105232190848db6100eafe53d4ddff55cb35d7,87039,Cho2017,Q15-E006,MU_BETA_SHARED,20260924,1.4937284766473406e-23,1.0,2
s15_1_retained_2_t026,15,1,retained_labeled_MI,2,s15.mat,95011e9b668784c8dad3c45bb6105232190848db6100eafe53d4ddff55cb35d7,90623,Cho2017,Q15-E006,MU_BETA_SHARED,20260924,1.5369530332481608e-30,1.0,2
s15_1_retained_2_t027,15,1,retained_labeled_MI,2,s15.mat,95011e9b668784c8dad3c45bb6105232190848db6100eafe53d4ddff55cb35d7,94207,Cho2017,Q15-E006,MU_BETA_SHARED,20260924,9.68240177162509e-14,1.0,2
s15_1_retained_2_t028,15,1,retained_labeled_MI,2,s15.mat,95011e9b668784c8dad3c45bb6105232190848db6100eafe53d4ddff55cb35d7,97791,Cho2017,Q15-E006,MU_BETA_SHARED,20260924,1.7125978421570856e-19,1.0,2
s15_1_retained_2_t029,15,1,retained_labeled_MI,2,s15.mat,95011e9b668784c8dad3c45bb6105232190848db6100eafe53d4ddff55cb35d7,101375,Cho2017,Q15-E006,MU_BETA_SHARED,20260924,7.202885547370932e-26,1.0,2
s15_1_retained_2_t030,15,1,retained_labeled_MI,2,s15.mat,95011e9b668784c8dad3c45bb6105232190848db6100eafe53d4ddff55cb35d7,104959,Cho2017,Q15-E006,MU_BETA_SHARED,20260924,8.136819821954834e-26,1.0,2
s15_1_retained_2_t031,15,1,retained_labeled_MI,2,s15.mat,95011e9b668784c8dad3c45bb6105232190848db6100eafe53d4ddff55cb35d7,108543,Cho2017,Q15-E006,MU_BETA_SHARED,20260924,4.904586455015151e-17,1.0,2
s15_1_retained_2_t032,15,1,retained_labeled_MI,2,s15.mat,95011e9b668784c8dad3c45bb6105232190848db6100eafe53d4ddff55cb35d7,112127,Cho2017,Q15-E006,MU_BETA_SHARED,20260924,1.2291497961079437e-28,1.0,2
s15_1_retained_2_t033,15,1,retained_labeled_MI,2,s15.mat,95011e9b668784c8dad3c45bb6105232190848db6100eafe53d4ddff55cb35d7,115711,Cho2017,Q15-E006,MU_BETA_SHARED,20260924,2.5335839382095994e-21,1.0,2
s15_1_retained_2_t034,15,1,retained_labeled_MI,2,s15.mat,95011e9b668784c8dad3c45bb6105232190848db6100eafe53d4ddff55cb35d7,119295,Cho2017,Q15-E006,MU_BETA_SHARED,20260924,5.792372579931149e-38,1.0,2
s15_1_retained_2_t035,15,1,retained_labeled_MI,2,s15.mat,95011e9b668784c8dad3c45bb6105232190848db6100eafe53d4ddff55cb35d7,122879,Cho2017,Q15-E006,MU_BETA_SHARED,20260924,1.0534844499517958e-26,1.0,2
s15_1_retained_2_t036,15,1,retained_labeled_MI,2,s15.mat,95011e9b668784c8dad3c45bb6105232190848db6100eafe53d4ddff55cb35d7,126463,Cho2017,Q15-E006,MU_BETA_SHARED,20260924,1.340859810423296e-32,1.0,2
s15_1_retained_2_t037,15,1,retained_labeled_MI,2,s15.mat,95011e9b668784c8dad3c45bb6105232190848db6100eafe53d4ddff55cb35d7,130047,Cho2017,Q15-E006,MU_BETA_SHARED,20260924,5.7400410639098454e-24,1.0,2
s15_1_retained_2_t038,15,1,retained_labeled_MI,2,s15.mat,95011e9b668784c8dad3c45bb6105232190848db6100eafe53d4ddff55cb35d7,133631,Cho2017,Q15-E006,MU_BETA_SHARED,20260924,4.1677244174568314e-26,1.0,2
s15_1_retained_2_t039,15,1,retained_labeled_MI,2,s15.mat,95011e9b668784c8dad3c45bb6105232190848db6100eafe53d4ddff55cb35d7,137215,Cho2017,Q15-E006,MU_BETA_SHARED,20260924,4.369741945456182e-24,1.0,2
s15_1_retained_2_t040,15,1,retained_labeled_MI,2,s15.mat,95011e9b668784c8dad3c45bb6105232190848db6100eafe53d4ddff55cb35d7,140799,Cho2017,Q15-E006,MU_BETA_SHARED,20260924,1.4143617824794948e-25,1.0,2
s15_1_retained_2_t041,15,1,retained_labeled_MI,2,s15.mat,95011e9b668784c8dad3c45bb6105232190848db6100eafe53d4ddff55cb35d7,144383,Cho2017,Q15-E006,MU_BETA_SHARED,20260924,1.9744263461598383e-13,1.0,2
s15_1_retained_2_t042,15,1,retained_labeled_MI,2,s15.mat,95011e9b668784c8dad3c45bb6105232190848db6100eafe53d4ddff55cb35d7,147967,Cho2017,Q15-E006,MU_BETA_SHARED,20260924,8.94679101477811e-24,1.0,2
s15_1_retained_2_t043,15,1,retained_labeled_MI,2,s15.mat,95011e9b668784c8dad3c45bb6105232190848db6100eafe53d4ddff55cb35d7,151551,Cho2017,Q15-E006,MU_BETA_SHARED,20260924,1.8410463154253184e-27,1.0,2
s15_1_retained_2_t044,15,1,retained_labeled_MI,2,s15.mat,95011e9b668784c8dad3c45bb6105232190848db6100eafe53d4ddff55cb35d7,155135,Cho2017,Q15-E006,MU_BETA_SHARED,20260924,1.1940779174194185e-18,1.0,2
s15_1_retained_2_t045,15,1,retained_labeled_MI,2,s15.mat,95011e9b668784c8dad3c45bb6105232190848db6100eafe53d4ddff55cb35d7,158719,Cho2017,Q15-E006,MU_BETA_SHARED,20260924,1.1444002689930954e-10,1.0,2
s15_1_retained_2_t046,15,1,retained_labeled_MI,2,s15.mat,95011e9b668784c8dad3c45bb6105232190848db6100eafe53d4ddff55cb35d7,162303,Cho2017,Q15-E006,MU_BETA_SHARED,20260924,1.545151463962823e-18,1.0,2
s15_1_retained_2_t047,15,1,retained_labeled_MI,2,s15.mat,95011e9b668784c8dad3c45bb6105232190848db6100eafe53d4ddff55cb35d7,165887,Cho2017,Q15-E006,MU_BETA_SHARED,20260924,6.9440471493752335e-31,1.0,2
s15_1_retained_2_t048,15,1,retained_labeled_MI,2,s15.mat,95011e9b668784c8dad3c45bb6105232190848db6100eafe53d4ddff55cb35d7,169471,Cho2017,Q15-E006,MU_BETA_SHARED,20260924,2.0291479271589835e-13,1.0,2
s15_1_retained_2_t049,15,1,retained_labeled_MI,2,s15.mat,95011e9b668784c8dad3c45bb6105232190848db6100eafe53d4ddff55cb35d7,173055,Cho2017,Q15-E006,MU_BETA_SHARED,20260924,1.097908335111761e-22,1.0,2
s15_1_retained_2_t050,15,1,retained_labeled_MI,2,s15.mat,95011e9b668784c8dad3c45bb6105232190848db6100eafe53d4ddff55cb35d7,176639,Cho2017,Q15-E006,MU_BETA_SHARED,20260924,3.134922122626036e-31,1.0,2
s15_1_retained_2_t051,15,1,retained_labeled_MI,2,s15.mat,95011e9b668784c8dad3c45bb6105232190848db6100eafe53d4ddff55cb35d7,180223,Cho2017,Q15-E006,MU_BETA_SHARED,20260924,1.7924056065288577e-27,1.0,2
s15_1_retained_2_t052,15,1,retained_labeled_MI,2,s15.mat,95011e9b668784c8dad3c45bb6105232190848db6100eafe53d4ddff55cb35d7,183807,Cho2017,Q15-E006,MU_BETA_SHARED,20260924,9.298755507138758e-24,1.0,2
s15_1_retained_2_t053,15,1,retained_labeled_MI,2,s15.mat,95011e9b668784c8dad3c45bb6105232190848db6100eafe53d4ddff55cb35d7,187391,Cho2017,Q15-E006,MU_BETA_SHARED,20260924,9.000865539846499e-19,1.0,2
s15_1_retained_2_t054,15,1,retained_labeled_MI,2,s15.mat,95011e9b668784c8dad3c45bb6105232190848db6100eafe53d4ddff55cb35d7,190975,Cho2017,Q15-E006,MU_BETA_SHARED,20260924,8.371045352663538e-15,1.0,2
s15_1_retained_2_t055,15,1,retained_labeled_MI,2,s15.mat,95011e9b668784c8dad3c45bb6105232190848db6100eafe53d4ddff55cb35d7,194559,Cho2017,Q15-E006,MU_BETA_SHARED,20260924,2.1561392395347587e-28,1.0,2
s15_1_retained_2_t056,15,1,retained_labeled_MI,2,s15.mat,95011e9b668784c8dad3c45bb6105232190848db6100eafe53d4ddff55cb35d7,198143,Cho2017,Q15-E006,MU_BETA_SHARED,20260924,2.2753614043812196e-24,1.0,2
s15_1_retained_2_t057,15,1,retained_labeled_MI,2,s15.mat,95011e9b668784c8dad3c45bb6105232190848db6100eafe53d4ddff55cb35d7,201727,Cho2017,Q15-E006,MU_BETA_SHARED,20260924,6.00703060698541e-15,1.0,2
s15_1_retained_2_t058,15,1,retained_labeled_MI,2,s15.mat,95011e9b668784c8dad3c45bb6105232190848db6100eafe53d4ddff55cb35d7,205311,Cho2017,Q15-E006,MU_BETA_SHARED,20260924,1.8293368847713175e-24,1.0,2
s15_1_retained_2_t059,15,1,retained_labeled_MI,2,s15.mat,95011e9b668784c8dad3c45bb6105232190848db6100eafe53d4ddff55cb35d7,208895,Cho2017,Q15-E006,MU_BETA_SHARED,20260924,9.80908925027372e-45,1.0,2
s15_1_retained_2_t060,15,1,retained_labeled_MI,2,s15.mat,95011e9b668784c8dad3c45bb6105232190848db6100eafe53d4ddff55cb35d7,212479,Cho2017,Q15-E006,MU_BETA_SHARED,20260924,5.501096999578435e-39,1.0,2
s15_1_retained_2_t061,15,1,retained_labeled_MI,2,s15.mat,95011e9b668784c8dad3c45bb6105232190848db6100eafe53d4ddff55cb35d7,216063,Cho2017,Q15-E006,MU_BETA_SHARED,20260924,3.4374084601193123e-16,1.0,2
s15_1_retained_2_t062,15,1,retained_labeled_MI,2,s15.mat,95011e9b668784c8dad3c45bb6105232190848db6100eafe53d4ddff55cb35d7,219647,Cho2017,Q15-E006,MU_BETA_SHARED,20260924,2.1180619705529944e-34,1.0,2
s15_1_retained_2_t063,15,1,retained_labeled_MI,2,s15.mat,95011e9b668784c8dad3c45bb6105232190848db6100eafe53d4ddff55cb35d7,223231,Cho2017,Q15-E006,MU_BETA_SHARED,20260924,5.887916294644758e-25,1.0,2
s15_1_retained_2_t064,15,1,retained_labeled_MI,2,s15.mat,95011e9b668784c8dad3c45bb6105232190848db6100eafe53d4ddff55cb35d7,226815,Cho2017,Q15-E006,MU_BETA_SHARED,20260924,1.0688575357315106e-28,1.0,2
s15_1_retained_2_t065,15,1,retained_labeled_MI,2,s15.mat,95011e9b668784c8dad3c45bb6105232190848db6100eafe53d4ddff55cb35d7,230399,Cho2017,Q15-E006,MU_BETA_SHARED,20260924,2.954925276196453e-22,1.0,2
s15_1_retained_2_t066,15,1,retained_labeled_MI,2,s15.mat,95011e9b668784c8dad3c45bb6105232190848db6100eafe53d4ddff55cb35d7,233983,Cho2017,Q15-E006,MU_BETA_SHARED,20260924,1.3732244436532006e-30,1.0,2
s15_1_retained_2_t067,15,1,retained_labeled_MI,2,s15.mat,95011e9b668784c8dad3c45bb6105232190848db6100eafe53d4ddff55cb35d7,237567,Cho2017,Q15-E006,MU_BETA_SHARED,20260924,5.55567598732019e-24,1.0,2
s15_1_retained_2_t068,15,1,retained_labeled_MI,2,s15.mat,95011e9b668784c8dad3c45bb6105232190848db6100eafe53d4ddff55cb35d7,241151,Cho2017,Q15-E006,MU_BETA_SHARED,20260924,1.099064648527303e-30,1.0,2
s15_1_retained_2_t069,15,1,retained_labeled_MI,2,s15.mat,95011e9b668784c8dad3c45bb6105232190848db6100eafe53d4ddff55cb35d7,244735,Cho2017,Q15-E006,MU_BETA_SHARED,20260924,2.5468380975537205e-30,1.0,2
s15_1_retained_2_t070,15,1,retained_labeled_MI,2,s15.mat,95011e9b668784c8dad3c45bb6105232190848db6100eafe53d4ddff55cb35d7,248319,Cho2017,Q15-E006,MU_BETA_SHARED,20260924,3.3781548316460433e-25,1.0,2
s15_1_retained_2_t071,15,1,retained_labeled_MI,2,s15.mat,95011e9b668784c8dad3c45bb6105232190848db6100eafe53d4ddff55cb35d7,251903,Cho2017,Q15-E006,MU_BETA_SHARED,20260924,4.432844101000589e-28,1.0,2
s15_1_retained_2_t072,15,1,retained_labeled_MI,2,s15.mat,95011e9b668784c8dad3c45bb6105232190848db6100eafe53d4ddff55cb35d7,255487,Cho2017,Q15-E006,MU_BETA_SHARED,20260924,3.035030945678026e-23,1.0,2
s15_1_retained_2_t073,15,1,retained_labeled_MI,2,s15.mat,95011e9b668784c8dad3c45bb6105232190848db6100eafe53d4ddff55cb35d7,259071,Cho2017,Q15-E006,MU_BETA_SHARED,20260924,2.5854032971157312e-17,1.0,2
s15_1_retained_2_t074,15,1,retained_labeled_MI,2,s15.mat,95011e9b668784c8dad3c45bb6105232190848db6100eafe53d4ddff55cb35d7,262655,Cho2017,Q15-E006,MU_BETA_SHARED,20260924,7.084396757263502e-20,1.0,2
s15_1_retained_2_t075,15,1,retained_labeled_MI,2,s15.mat,95011e9b668784c8dad3c45bb6105232190848db6100eafe53d4ddff55cb35d7,266239,Cho2017,Q15-E006,MU_BETA_SHARED,20260924,1.7411177276956298e-15,1.0,2
s15_1_retained_2_t076,15,1,retained_labeled_MI,2,s15.mat,95011e9b668784c8dad3c45bb6105232190848db6100eafe53d4ddff55cb35d7,269823,Cho2017,Q15-E006,MU_BETA_SHARED,20260924,1.1960805340901186e-16,1.0,2
s15_1_retained_2_t077,15,1,retained_labeled_MI,2,s15.mat,95011e9b668784c8dad3c45bb6105232190848db6100eafe53d4ddff55cb35d7,273407,Cho2017,Q15-E006,MU_BETA_SHARED,20260924,2.361017978347313e-11,1.0,2
s15_1_retained_2_t078,15,1,retained_labeled_MI,2,s15.mat,95011e9b668784c8dad3c45bb6105232190848db6100eafe53d4ddff55cb35d7,276991,Cho2017,Q15-E006,MU_BETA_SHARED,20260924,3.227913190938335e-17,1.0,2
s15_1_retained_2_t079,15,1,retained_labeled_MI,2,s15.mat,95011e9b668784c8dad3c45bb6105232190848db6100eafe53d4ddff55cb35d7,280575,Cho2017,Q15-E006,MU_BETA_SHARED,20260924,9.478469145156256e-16,1.0,2
s15_1_retained_2_t080,15,1,retained_labeled_MI,2,s15.mat,95011e9b668784c8dad3c45bb6105232190848db6100eafe53d4ddff55cb35d7,284159,Cho2017,Q15-E006,MU_BETA_SHARED,20260924,1.80784925356691e-27,1.0,2
s15_1_retained_2_t081,15,1,retained_labeled_MI,2,s15.mat,95011e9b668784c8dad3c45bb6105232190848db6100eafe53d4ddff55cb35d7,287743,Cho2017,Q15-E006,MU_BETA_SHARED,20260924,3.9557368387784335e-17,1.0,2
s15_1_retained_2_t082,15,1,retained_labeled_MI,2,s15.mat,95011e9b668784c8dad3c45bb6105232190848db6100eafe53d4ddff55cb35d7,291327,Cho2017,Q15-E006,MU_BETA_SHARED,20260924,8.284657655752459e-25,1.0,2
s15_1_retained_2_t083,15,1,retained_labeled_MI,2,s15.mat,95011e9b668784c8dad3c45bb6105232190848db6100eafe53d4ddff55cb35d7,294911,Cho2017,Q15-E006,MU_BETA_SHARED,20260924,6.9882337833509325e-25,1.0,2
s15_1_retained_2_t084,15,1,retained_labeled_MI,2,s15.mat,95011e9b668784c8dad3c45bb6105232190848db6100eafe53d4ddff55cb35d7,298495,Cho2017,Q15-E006,MU_BETA_SHARED,20260924,4.951820745981161e-13,1.0,2
s15_1_retained_2_t085,15,1,retained_labeled_MI,2,s15.mat,95011e9b668784c8dad3c45bb6105232190848db6100eafe53d4ddff55cb35d7,302079,Cho2017,Q15-E006,MU_BETA_SHARED,20260924,2.646704328823056e-17,1.0,2
s15_1_retained_2_t086,15,1,retained_labeled_MI,2,s15.mat,95011e9b668784c8dad3c45bb6105232190848db6100eafe53d4ddff55cb35d7,305663,Cho2017,Q15-E006,MU_BETA_SHARED,20260924,3.810001759635065e-18,1.0,2
s15_1_retained_2_t087,15,1,retained_labeled_MI,2,s15.mat,95011e9b668784c8dad3c45bb6105232190848db6100eafe53d4ddff55cb35d7,309247,Cho2017,Q15-E006,MU_BETA_SHARED,20260924,7.838019377417668e-16,1.0,2
s15_1_retained_2_t088,15,1,retained_labeled_MI,2,s15.mat,95011e9b668784c8dad3c45bb6105232190848db6100eafe53d4ddff55cb35d7,312831,Cho2017,Q15-E006,MU_BETA_SHARED,20260924,3.4748294909877753e-28,1.0,2
s15_1_retained_2_t089,15,1,retained_labeled_MI,2,s15.mat,95011e9b668784c8dad3c45bb6105232190848db6100eafe53d4ddff55cb35d7,316415,Cho2017,Q15-E006,MU_BETA_SHARED,20260924,3.347681298837557e-10,1.0,2
s15_1_retained_2_t090,15,1,retained_labeled_MI,2,s15.mat,95011e9b668784c8dad3c45bb6105232190848db6100eafe53d4ddff55cb35d7,319999,Cho2017,Q15-E006,MU_BETA_SHARED,20260924,1.5374366605822707e-19,1.0,2
s15_1_retained_2_t091,15,1,retained_labeled_MI,2,s15.mat,95011e9b668784c8dad3c45bb6105232190848db6100eafe53d4ddff55cb35d7,323583,Cho2017,Q15-E006,MU_BETA_SHARED,20260924,2.44266656597783e-13,1.0,2
s15_1_retained_2_t092,15,1,retained_labeled_MI,2,s15.mat,95011e9b668784c8dad3c45bb6105232190848db6100eafe53d4ddff55cb35d7,327167,Cho2017,Q15-E006,MU_BETA_SHARED,20260924,9.456554541008174e-22,1.0,2
s15_1_retained_2_t093,15,1,retained_labeled_MI,2,s15.mat,95011e9b668784c8dad3c45bb6105232190848db6100eafe53d4ddff55cb35d7,330751,Cho2017,Q15-E006,MU_BETA_SHARED,20260924,5.414195721360698e-18,1.0,2
s15_1_retained_2_t094,15,1,retained_labeled_MI,2,s15.mat,95011e9b668784c8dad3c45bb6105232190848db6100eafe53d4ddff55cb35d7,334335,Cho2017,Q15-E006,MU_BETA_SHARED,20260924,7.403374083251637e-34,1.0,2
s15_1_retained_2_t095,15,1,retained_labeled_MI,2,s15.mat,95011e9b668784c8dad3c45bb6105232190848db6100eafe53d4ddff55cb35d7,337919,Cho2017,Q15-E006,MU_BETA_SHARED,20260924,1.2639960347987513e-33,1.0,2
s15_1_retained_2_t096,15,1,retained_labeled_MI,2,s15.mat,95011e9b668784c8dad3c45bb6105232190848db6100eafe53d4ddff55cb35d7,341503,Cho2017,Q15-E006,MU_BETA_SHARED,20260924,4.635568053170193e-25,1.0,2
s15_1_retained_2_t097,15,1,retained_labeled_MI,2,s15.mat,95011e9b668784c8dad3c45bb6105232190848db6100eafe53d4ddff55cb35d7,345087,Cho2017,Q15-E006,MU_BETA_SHARED,20260924,1.8665002797884604e-23,1.0,2
s15_1_retained_2_t098,15,1,retained_labeled_MI,2,s15.mat,95011e9b668784c8dad3c45bb6105232190848db6100eafe53d4ddff55cb35d7,348671,Cho2017,Q15-E006,MU_BETA_SHARED,20260924,4.027860515259813e-28,1.0,2
s15_1_retained_2_t099,15,1,retained_labeled_MI,2,s15.mat,95011e9b668784c8dad3c45bb6105232190848db6100eafe53d4ddff55cb35d7,352255,Cho2017,Q15-E006,MU_BETA_SHARED,20260924,5.313698644925992e-30,1.0,2
s15_1_retained_2_t100,15,1,retained_labeled_MI,2,s15.mat,95011e9b668784c8dad3c45bb6105232190848db6100eafe53d4ddff55cb35d7,355839,Cho2017,Q15-E006,MU_BETA_SHARED,20260924,1.5375207684586688e-24,1.0,2
s15_1_retained_1_t001,15,1,retained_labeled_MI,1,s15.mat,95011e9b668784c8dad3c45bb6105232190848db6100eafe53d4ddff55cb35d7,1023,Cho2017,Q15-E006,MU_BETA_SHARED,20260925,3.901799772165759e-09,1.0,2
s15_1_retained_1_t002,15,1,retained_labeled_MI,1,s15.mat,95011e9b668784c8dad3c45bb6105232190848db6100eafe53d4ddff55cb35d7,4607,Cho2017,Q15-E006,MU_BETA_SHARED,20260925,0.5749099254608154,0.42509007453918457,1
s15_1_retained_1_t003,15,1,retained_labeled_MI,1,s15.mat,95011e9b668784c8dad3c45bb6105232190848db6100eafe53d4ddff55cb35d7,8191,Cho2017,Q15-E006,MU_BETA_SHARED,20260925,0.9998216032981873,0.0001784204359864816,1
s15_1_retained_1_t004,15,1,retained_labeled_MI,1,s15.mat,95011e9b668784c8dad3c45bb6105232190848db6100eafe53d4ddff55cb35d7,11775,Cho2017,Q15-E006,MU_BETA_SHARED,20260925,0.9917048215866089,0.008295167237520218,1
s15_1_retained_1_t005,15,1,retained_labeled_MI,1,s15.mat,95011e9b668784c8dad3c45bb6105232190848db6100eafe53d4ddff55cb35d7,15359,Cho2017,Q15-E006,MU_BETA_SHARED,20260925,0.003639586502686143,0.9963603615760803,2
s15_1_retained_1_t006,15,1,retained_labeled_MI,1,s15.mat,95011e9b668784c8dad3c45bb6105232190848db6100eafe53d4ddff55cb35d7,18943,Cho2017,Q15-E006,MU_BETA_SHARED,20260925,1.4037973257788328e-13,1.0,2
s15_1_retained_1_t007,15,1,retained_labeled_MI,1,s15.mat,95011e9b668784c8dad3c45bb6105232190848db6100eafe53d4ddff55cb35d7,22527,Cho2017,Q15-E006,MU_BETA_SHARED,20260925,0.0013410417595878243,0.9986588954925537,2
s15_1_retained_1_t008,15,1,retained_labeled_MI,1,s15.mat,95011e9b668784c8dad3c45bb6105232190848db6100eafe53d4ddff55cb35d7,26111,Cho2017,Q15-E006,MU_BETA_SHARED,20260925,8.407790785948902e-45,1.0,2
s15_1_retained_1_t009,15,1,retained_labeled_MI,1,s15.mat,95011e9b668784c8dad3c45bb6105232190848db6100eafe53d4ddff55cb35d7,29695,Cho2017,Q15-E006,MU_BETA_SHARED,20260925,1.8315643446342733e-09,1.0,2
s15_1_retained_1_t010,15,1,retained_labeled_MI,1,s15.mat,95011e9b668784c8dad3c45bb6105232190848db6100eafe53d4ddff55cb35d7,33279,Cho2017,Q15-E006,MU_BETA_SHARED,20260925,3.046618427898312e-16,1.0,2
s15_1_retained_1_t011,15,1,retained_labeled_MI,1,s15.mat,95011e9b668784c8dad3c45bb6105232190848db6100eafe53d4ddff55cb35d7,36863,Cho2017,Q15-E006,MU_BETA_SHARED,20260925,2.4717910491744988e-05,0.999975323677063,2
s15_1_retained_1_t012,15,1,retained_labeled_MI,1,s15.mat,95011e9b668784c8dad3c45bb6105232190848db6100eafe53d4ddff55cb35d7,40447,Cho2017,Q15-E006,MU_BETA_SHARED,20260925,2.0382441123355938e-13,1.0,2
s15_1_retained_1_t013,15,1,retained_labeled_MI,1,s15.mat,95011e9b668784c8dad3c45bb6105232190848db6100eafe53d4ddff55cb35d7,44031,Cho2017,Q15-E006,MU_BETA_SHARED,20260925,3.2172908781546994e-10,1.0,2
s15_1_retained_1_t014,15,1,retained_labeled_MI,1,s15.mat,95011e9b668784c8dad3c45bb6105232190848db6100eafe53d4ddff55cb35d7,47615,Cho2017,Q15-E006,MU_BETA_SHARED,20260925,0.10368169844150543,0.8963183164596558,2
s15_1_retained_1_t015,15,1,retained_labeled_MI,1,s15.mat,95011e9b668784c8dad3c45bb6105232190848db6100eafe53d4ddff55cb35d7,51199,Cho2017,Q15-E006,MU_BETA_SHARED,20260925,8.851748408691615e-14,1.0,2
s15_1_retained_1_t016,15,1,retained_labeled_MI,1,s15.mat,95011e9b668784c8dad3c45bb6105232190848db6100eafe53d4ddff55cb35d7,54783,Cho2017,Q15-E006,MU_BETA_SHARED,20260925,8.737215915424668e-29,1.0,2
s15_1_retained_1_t017,15,1,retained_labeled_MI,1,s15.mat,95011e9b668784c8dad3c45bb6105232190848db6100eafe53d4ddff55cb35d7,58367,Cho2017,Q15-E006,MU_BETA_SHARED,20260925,3.7385699869002184e-14,1.0,2
s15_1_retained_1_t018,15,1,retained_labeled_MI,1,s15.mat,95011e9b668784c8dad3c45bb6105232190848db6100eafe53d4ddff55cb35d7,61951,Cho2017,Q15-E006,MU_BETA_SHARED,20260925,0.00964941456913948,0.9903505444526672,2
s15_1_retained_1_t019,15,1,retained_labeled_MI,1,s15.mat,95011e9b668784c8dad3c45bb6105232190848db6100eafe53d4ddff55cb35d7,65535,Cho2017,Q15-E006,MU_BETA_SHARED,20260925,3.166527803855068e-11,1.0,2
s15_1_retained_1_t020,15,1,retained_labeled_MI,1,s15.mat,95011e9b668784c8dad3c45bb6105232190848db6100eafe53d4ddff55cb35d7,69119,Cho2017,Q15-E006,MU_BETA_SHARED,20260925,9.728560838861977e-12,1.0,2
s15_1_retained_1_t021,15,1,retained_labeled_MI,1,s15.mat,95011e9b668784c8dad3c45bb6105232190848db6100eafe53d4ddff55cb35d7,72703,Cho2017,Q15-E006,MU_BETA_SHARED,20260925,5.805464997621357e-09,1.0,2
s15_1_retained_1_t022,15,1,retained_labeled_MI,1,s15.mat,95011e9b668784c8dad3c45bb6105232190848db6100eafe53d4ddff55cb35d7,76287,Cho2017,Q15-E006,MU_BETA_SHARED,20260925,6.880388246361965e-18,1.0,2
s15_1_retained_1_t023,15,1,retained_labeled_MI,1,s15.mat,95011e9b668784c8dad3c45bb6105232190848db6100eafe53d4ddff55cb35d7,79871,Cho2017,Q15-E006,MU_BETA_SHARED,20260925,2.0549448890960775e-05,0.9999794960021973,2
s15_1_retained_1_t024,15,1,retained_labeled_MI,1,s15.mat,95011e9b668784c8dad3c45bb6105232190848db6100eafe53d4ddff55cb35d7,83455,Cho2017,Q15-E006,MU_BETA_SHARED,20260925,5.920348100652006e-10,1.0,2
s15_1_retained_1_t025,15,1,retained_labeled_MI,1,s15.mat,95011e9b668784c8dad3c45bb6105232190848db6100eafe53d4ddff55cb35d7,87039,Cho2017,Q15-E006,MU_BETA_SHARED,20260925,0.09930204600095749,0.9006979465484619,2
s15_1_retained_1_t026,15,1,retained_labeled_MI,1,s15.mat,95011e9b668784c8dad3c45bb6105232190848db6100eafe53d4ddff55cb35d7,90623,Cho2017,Q15-E006,MU_BETA_SHARED,20260925,0.9562833309173584,0.043716687709093094,1
s15_1_retained_1_t027,15,1,retained_labeled_MI,1,s15.mat,95011e9b668784c8dad3c45bb6105232190848db6100eafe53d4ddff55cb35d7,94207,Cho2017,Q15-E006,MU_BETA_SHARED,20260925,1.565110324008856e-06,0.9999984502792358,2
s15_1_retained_1_t028,15,1,retained_labeled_MI,1,s15.mat,95011e9b668784c8dad3c45bb6105232190848db6100eafe53d4ddff55cb35d7,97791,Cho2017,Q15-E006,MU_BETA_SHARED,20260925,1.0,5.017185245037581e-08,1
s15_1_retained_1_t029,15,1,retained_labeled_MI,1,s15.mat,95011e9b668784c8dad3c45bb6105232190848db6100eafe53d4ddff55cb35d7,101375,Cho2017,Q15-E006,MU_BETA_SHARED,20260925,9.566563748044255e-15,1.0,2
s15_1_retained_1_t030,15,1,retained_labeled_MI,1,s15.mat,95011e9b668784c8dad3c45bb6105232190848db6100eafe53d4ddff55cb35d7,104959,Cho2017,Q15-E006,MU_BETA_SHARED,20260925,2.526052284013147e-13,1.0,2
s15_1_retained_1_t031,15,1,retained_labeled_MI,1,s15.mat,95011e9b668784c8dad3c45bb6105232190848db6100eafe53d4ddff55cb35d7,108543,Cho2017,Q15-E006,MU_BETA_SHARED,20260925,0.9999275207519531,7.24812489352189e-05,1
s15_1_retained_1_t032,15,1,retained_labeled_MI,1,s15.mat,95011e9b668784c8dad3c45bb6105232190848db6100eafe53d4ddff55cb35d7,112127,Cho2017,Q15-E006,MU_BETA_SHARED,20260925,5.090171271149302e-07,0.9999995231628418,2
s15_1_retained_1_t033,15,1,retained_labeled_MI,1,s15.mat,95011e9b668784c8dad3c45bb6105232190848db6100eafe53d4ddff55cb35d7,115711,Cho2017,Q15-E006,MU_BETA_SHARED,20260925,3.865947492687205e-12,1.0,2
s15_1_retained_1_t034,15,1,retained_labeled_MI,1,s15.mat,95011e9b668784c8dad3c45bb6105232190848db6100eafe53d4ddff55cb35d7,119295,Cho2017,Q15-E006,MU_BETA_SHARED,20260925,1.4108310075755526e-08,1.0,2
s15_1_retained_1_t035,15,1,retained_labeled_MI,1,s15.mat,95011e9b668784c8dad3c45bb6105232190848db6100eafe53d4ddff55cb35d7,122879,Cho2017,Q15-E006,MU_BETA_SHARED,20260925,0.9993088245391846,0.0006911755190230906,1
s15_1_retained_1_t036,15,1,retained_labeled_MI,1,s15.mat,95011e9b668784c8dad3c45bb6105232190848db6100eafe53d4ddff55cb35d7,126463,Cho2017,Q15-E006,MU_BETA_SHARED,20260925,0.8902517557144165,0.10974825173616409,1
s15_1_retained_1_t037,15,1,retained_labeled_MI,1,s15.mat,95011e9b668784c8dad3c45bb6105232190848db6100eafe53d4ddff55cb35d7,130047,Cho2017,Q15-E006,MU_BETA_SHARED,20260925,1.7316844805807363e-16,1.0,2
s15_1_retained_1_t038,15,1,retained_labeled_MI,1,s15.mat,95011e9b668784c8dad3c45bb6105232190848db6100eafe53d4ddff55cb35d7,133631,Cho2017,Q15-E006,MU_BETA_SHARED,20260925,0.01868446357548237,0.981315553188324,2
s15_1_retained_1_t039,15,1,retained_labeled_MI,1,s15.mat,95011e9b668784c8dad3c45bb6105232190848db6100eafe53d4ddff55cb35d7,137215,Cho2017,Q15-E006,MU_BETA_SHARED,20260925,0.9984197616577148,0.0015802024863660336,1
s15_1_retained_1_t040,15,1,retained_labeled_MI,1,s15.mat,95011e9b668784c8dad3c45bb6105232190848db6100eafe53d4ddff55cb35d7,140799,Cho2017,Q15-E006,MU_BETA_SHARED,20260925,0.18922817707061768,0.8107718229293823,2
s15_1_retained_1_t041,15,1,retained_labeled_MI,1,s15.mat,95011e9b668784c8dad3c45bb6105232190848db6100eafe53d4ddff55cb35d7,144383,Cho2017,Q15-E006,MU_BETA_SHARED,20260925,1.0361650026879943e-07,0.9999998807907104,2
s15_1_retained_1_t042,15,1,retained_labeled_MI,1,s15.mat,95011e9b668784c8dad3c45bb6105232190848db6100eafe53d4ddff55cb35d7,147967,Cho2017,Q15-E006,MU_BETA_SHARED,20260925,4.019369248184525e-22,1.0,2
s15_1_retained_1_t043,15,1,retained_labeled_MI,1,s15.mat,95011e9b668784c8dad3c45bb6105232190848db6100eafe53d4ddff55cb35d7,151551,Cho2017,Q15-E006,MU_BETA_SHARED,20260925,0.03493171185255051,0.9650682806968689,2
s15_1_retained_1_t044,15,1,retained_labeled_MI,1,s15.mat,95011e9b668784c8dad3c45bb6105232190848db6100eafe53d4ddff55cb35d7,155135,Cho2017,Q15-E006,MU_BETA_SHARED,20260925,1.0,1.6301065386414848e-08,1
s15_1_retained_1_t045,15,1,retained_labeled_MI,1,s15.mat,95011e9b668784c8dad3c45bb6105232190848db6100eafe53d4ddff55cb35d7,158719,Cho2017,Q15-E006,MU_BETA_SHARED,20260925,1.0,3.327302669497989e-11,1
s15_1_retained_1_t046,15,1,retained_labeled_MI,1,s15.mat,95011e9b668784c8dad3c45bb6105232190848db6100eafe53d4ddff55cb35d7,162303,Cho2017,Q15-E006,MU_BETA_SHARED,20260925,0.9824466705322266,0.017553390935063362,1
s15_1_retained_1_t047,15,1,retained_labeled_MI,1,s15.mat,95011e9b668784c8dad3c45bb6105232190848db6100eafe53d4ddff55cb35d7,165887,Cho2017,Q15-E006,MU_BETA_SHARED,20260925,1.3846951573369664e-14,1.0,2
s15_1_retained_1_t048,15,1,retained_labeled_MI,1,s15.mat,95011e9b668784c8dad3c45bb6105232190848db6100eafe53d4ddff55cb35d7,169471,Cho2017,Q15-E006,MU_BETA_SHARED,20260925,1.1233700547563785e-07,0.9999998807907104,2
s15_1_retained_1_t049,15,1,retained_labeled_MI,1,s15.mat,95011e9b668784c8dad3c45bb6105232190848db6100eafe53d4ddff55cb35d7,173055,Cho2017,Q15-E006,MU_BETA_SHARED,20260925,0.99244624376297,0.0075537837110459805,1
s15_1_retained_1_t050,15,1,retained_labeled_MI,1,s15.mat,95011e9b668784c8dad3c45bb6105232190848db6100eafe53d4ddff55cb35d7,176639,Cho2017,Q15-E006,MU_BETA_SHARED,20260925,1.0,8.704054366148739e-09,1
s15_1_retained_1_t051,15,1,retained_labeled_MI,1,s15.mat,95011e9b668784c8dad3c45bb6105232190848db6100eafe53d4ddff55cb35d7,180223,Cho2017,Q15-E006,MU_BETA_SHARED,20260925,3.839845419406629e-07,0.9999996423721313,2
s15_1_retained_1_t052,15,1,retained_labeled_MI,1,s15.mat,95011e9b668784c8dad3c45bb6105232190848db6100eafe53d4ddff55cb35d7,183807,Cho2017,Q15-E006,MU_BETA_SHARED,20260925,0.9999997615814209,2.382164723258029e-07,1
s15_1_retained_1_t053,15,1,retained_labeled_MI,1,s15.mat,95011e9b668784c8dad3c45bb6105232190848db6100eafe53d4ddff55cb35d7,187391,Cho2017,Q15-E006,MU_BETA_SHARED,20260925,0.0829041376709938,0.9170958399772644,2
s15_1_retained_1_t054,15,1,retained_labeled_MI,1,s15.mat,95011e9b668784c8dad3c45bb6105232190848db6100eafe53d4ddff55cb35d7,190975,Cho2017,Q15-E006,MU_BETA_SHARED,20260925,5.552750955505168e-17,1.0,2
s15_1_retained_1_t055,15,1,retained_labeled_MI,1,s15.mat,95011e9b668784c8dad3c45bb6105232190848db6100eafe53d4ddff55cb35d7,194559,Cho2017,Q15-E006,MU_BETA_SHARED,20260925,0.20165036618709564,0.7983496785163879,2
s15_1_retained_1_t056,15,1,retained_labeled_MI,1,s15.mat,95011e9b668784c8dad3c45bb6105232190848db6100eafe53d4ddff55cb35d7,198143,Cho2017,Q15-E006,MU_BETA_SHARED,20260925,2.257097548863385e-06,0.9999977350234985,2
s15_1_retained_1_t057,15,1,retained_labeled_MI,1,s15.mat,95011e9b668784c8dad3c45bb6105232190848db6100eafe53d4ddff55cb35d7,201727,Cho2017,Q15-E006,MU_BETA_SHARED,20260925,5.377069101086818e-06,0.9999946355819702,2
s15_1_retained_1_t058,15,1,retained_labeled_MI,1,s15.mat,95011e9b668784c8dad3c45bb6105232190848db6100eafe53d4ddff55cb35d7,205311,Cho2017,Q15-E006,MU_BETA_SHARED,20260925,0.9999973773956299,2.5796773570618825e-06,1
s15_1_retained_1_t059,15,1,retained_labeled_MI,1,s15.mat,95011e9b668784c8dad3c45bb6105232190848db6100eafe53d4ddff55cb35d7,208895,Cho2017,Q15-E006,MU_BETA_SHARED,20260925,1.0,2.729198407965978e-25,1
s15_1_retained_1_t060,15,1,retained_labeled_MI,1,s15.mat,95011e9b668784c8dad3c45bb6105232190848db6100eafe53d4ddff55cb35d7,212479,Cho2017,Q15-E006,MU_BETA_SHARED,20260925,3.4138347530798807e-12,1.0,2
s15_1_retained_1_t061,15,1,retained_labeled_MI,1,s15.mat,95011e9b668784c8dad3c45bb6105232190848db6100eafe53d4ddff55cb35d7,216063,Cho2017,Q15-E006,MU_BETA_SHARED,20260925,3.335377130042616e-08,1.0,2
s15_1_retained_1_t062,15,1,retained_labeled_MI,1,s15.mat,95011e9b668784c8dad3c45bb6105232190848db6100eafe53d4ddff55cb35d7,219647,Cho2017,Q15-E006,MU_BETA_SHARED,20260925,5.527134412705319e-18,1.0,2
s15_1_retained_1_t063,15,1,retained_labeled_MI,1,s15.mat,95011e9b668784c8dad3c45bb6105232190848db6100eafe53d4ddff55cb35d7,223231,Cho2017,Q15-E006,MU_BETA_SHARED,20260925,3.715346919008766e-10,1.0,2
s15_1_retained_1_t064,15,1,retained_labeled_MI,1,s15.mat,95011e9b668784c8dad3c45bb6105232190848db6100eafe53d4ddff55cb35d7,226815,Cho2017,Q15-E006,MU_BETA_SHARED,20260925,2.7128085137973455e-14,1.0,2
s15_1_retained_1_t065,15,1,retained_labeled_MI,1,s15.mat,95011e9b668784c8dad3c45bb6105232190848db6100eafe53d4ddff55cb35d7,230399,Cho2017,Q15-E006,MU_BETA_SHARED,20260925,1.0,1.9763066738676116e-09,1
s15_1_retained_1_t066,15,1,retained_labeled_MI,1,s15.mat,95011e9b668784c8dad3c45bb6105232190848db6100eafe53d4ddff55cb35d7,233983,Cho2017,Q15-E006,MU_BETA_SHARED,20260925,2.3627330560799242e-12,1.0,2
s15_1_retained_1_t067,15,1,retained_labeled_MI,1,s15.mat,95011e9b668784c8dad3c45bb6105232190848db6100eafe53d4ddff55cb35d7,237567,Cho2017,Q15-E006,MU_BETA_SHARED,20260925,0.29295241832733154,0.7070475220680237,2
s15_1_retained_1_t068,15,1,retained_labeled_MI,1,s15.mat,95011e9b668784c8dad3c45bb6105232190848db6100eafe53d4ddff55cb35d7,241151,Cho2017,Q15-E006,MU_BETA_SHARED,20260925,0.8531086444854736,0.14689131081104279,1
s15_1_retained_1_t069,15,1,retained_labeled_MI,1,s15.mat,95011e9b668784c8dad3c45bb6105232190848db6100eafe53d4ddff55cb35d7,244735,Cho2017,Q15-E006,MU_BETA_SHARED,20260925,7.88792235659238e-18,1.0,2
s15_1_retained_1_t070,15,1,retained_labeled_MI,1,s15.mat,95011e9b668784c8dad3c45bb6105232190848db6100eafe53d4ddff55cb35d7,248319,Cho2017,Q15-E006,MU_BETA_SHARED,20260925,1.0,1.1855498527335584e-10,1
s15_1_retained_1_t071,15,1,retained_labeled_MI,1,s15.mat,95011e9b668784c8dad3c45bb6105232190848db6100eafe53d4ddff55cb35d7,251903,Cho2017,Q15-E006,MU_BETA_SHARED,20260925,0.9904925227165222,0.009507454000413418,1
s15_1_retained_1_t072,15,1,retained_labeled_MI,1,s15.mat,95011e9b668784c8dad3c45bb6105232190848db6100eafe53d4ddff55cb35d7,255487,Cho2017,Q15-E006,MU_BETA_SHARED,20260925,0.25120416283607483,0.7487958073616028,2
s15_1_retained_1_t073,15,1,retained_labeled_MI,1,s15.mat,95011e9b668784c8dad3c45bb6105232190848db6100eafe53d4ddff55cb35d7,259071,Cho2017,Q15-E006,MU_BETA_SHARED,20260925,1.7076499736419547e-15,1.0,2
s15_1_retained_1_t074,15,1,retained_labeled_MI,1,s15.mat,95011e9b668784c8dad3c45bb6105232190848db6100eafe53d4ddff55cb35d7,262655,Cho2017,Q15-E006,MU_BETA_SHARED,20260925,4.567938570259299e-15,1.0,2
s15_1_retained_1_t075,15,1,retained_labeled_MI,1,s15.mat,95011e9b668784c8dad3c45bb6105232190848db6100eafe53d4ddff55cb35d7,266239,Cho2017,Q15-E006,MU_BETA_SHARED,20260925,1.7687615695011205e-12,1.0,2
s15_1_retained_1_t076,15,1,retained_labeled_MI,1,s15.mat,95011e9b668784c8dad3c45bb6105232190848db6100eafe53d4ddff55cb35d7,269823,Cho2017,Q15-E006,MU_BETA_SHARED,20260925,0.035079699009656906,0.9649202823638916,2
s15_1_retained_1_t077,15,1,retained_labeled_MI,1,s15.mat,95011e9b668784c8dad3c45bb6105232190848db6100eafe53d4ddff55cb35d7,273407,Cho2017,Q15-E006,MU_BETA_SHARED,20260925,7.2111956406217814e-09,1.0,2
s15_1_retained_1_t078,15,1,retained_labeled_MI,1,s15.mat,95011e9b668784c8dad3c45bb6105232190848db6100eafe53d4ddff55cb35d7,276991,Cho2017,Q15-E006,MU_BETA_SHARED,20260925,0.030025992542505264,0.9699740409851074,2
s15_1_retained_1_t079,15,1,retained_labeled_MI,1,s15.mat,95011e9b668784c8dad3c45bb6105232190848db6100eafe53d4ddff55cb35d7,280575,Cho2017,Q15-E006,MU_BETA_SHARED,20260925,2.6007817861134486e-12,1.0,2
s15_1_retained_1_t080,15,1,retained_labeled_MI,1,s15.mat,95011e9b668784c8dad3c45bb6105232190848db6100eafe53d4ddff55cb35d7,284159,Cho2017,Q15-E006,MU_BETA_SHARED,20260925,7.325034356853166e-09,1.0,2
s15_1_retained_1_t081,15,1,retained_labeled_MI,1,s15.mat,95011e9b668784c8dad3c45bb6105232190848db6100eafe53d4ddff55cb35d7,287743,Cho2017,Q15-E006,MU_BETA_SHARED,20260925,0.0010532414307817817,0.9989467263221741,2
s15_1_retained_1_t082,15,1,retained_labeled_MI,1,s15.mat,95011e9b668784c8dad3c45bb6105232190848db6100eafe53d4ddff55cb35d7,291327,Cho2017,Q15-E006,MU_BETA_SHARED,20260925,0.9998800754547119,0.0001198633253807202,1
s15_1_retained_1_t083,15,1,retained_labeled_MI,1,s15.mat,95011e9b668784c8dad3c45bb6105232190848db6100eafe53d4ddff55cb35d7,294911,Cho2017,Q15-E006,MU_BETA_SHARED,20260925,4.054491409277716e-09,1.0,2
s15_1_retained_1_t084,15,1,retained_labeled_MI,1,s15.mat,95011e9b668784c8dad3c45bb6105232190848db6100eafe53d4ddff55cb35d7,298495,Cho2017,Q15-E006,MU_BETA_SHARED,20260925,0.004220304545015097,0.9957796335220337,2
s15_1_retained_1_t085,15,1,retained_labeled_MI,1,s15.mat,95011e9b668784c8dad3c45bb6105232190848db6100eafe53d4ddff55cb35d7,302079,Cho2017,Q15-E006,MU_BETA_SHARED,20260925,0.8008448481559753,0.19915516674518585,1
s15_1_retained_1_t086,15,1,retained_labeled_MI,1,s15.mat,95011e9b668784c8dad3c45bb6105232190848db6100eafe53d4ddff55cb35d7,305663,Cho2017,Q15-E006,MU_BETA_SHARED,20260925,1.5870373071269483e-10,1.0,2
s15_1_retained_1_t087,15,1,retained_labeled_MI,1,s15.mat,95011e9b668784c8dad3c45bb6105232190848db6100eafe53d4ddff55cb35d7,309247,Cho2017,Q15-E006,MU_BETA_SHARED,20260925,0.0,1.0,2
s15_1_retained_1_t088,15,1,retained_labeled_MI,1,s15.mat,95011e9b668784c8dad3c45bb6105232190848db6100eafe53d4ddff55cb35d7,312831,Cho2017,Q15-E006,MU_BETA_SHARED,20260925,2.3042229016896837e-15,1.0,2
s15_1_retained_1_t089,15,1,retained_labeled_MI,1,s15.mat,95011e9b668784c8dad3c45bb6105232190848db6100eafe53d4ddff55cb35d7,316415,Cho2017,Q15-E006,MU_BETA_SHARED,20260925,3.3720186297631273e-22,1.0,2
s15_1_retained_1_t090,15,1,retained_labeled_MI,1,s15.mat,95011e9b668784c8dad3c45bb6105232190848db6100eafe53d4ddff55cb35d7,319999,Cho2017,Q15-E006,MU_BETA_SHARED,20260925,2.535001792729446e-16,1.0,2
s15_1_retained_1_t091,15,1,retained_labeled_MI,1,s15.mat,95011e9b668784c8dad3c45bb6105232190848db6100eafe53d4ddff55cb35d7,323583,Cho2017,Q15-E006,MU_BETA_SHARED,20260925,6.080950242903782e-06,0.9999939203262329,2
s15_1_retained_1_t092,15,1,retained_labeled_MI,1,s15.mat,95011e9b668784c8dad3c45bb6105232190848db6100eafe53d4ddff55cb35d7,327167,Cho2017,Q15-E006,MU_BETA_SHARED,20260925,0.004898720420897007,0.995101273059845,2
s15_1_retained_1_t093,15,1,retained_labeled_MI,1,s15.mat,95011e9b668784c8dad3c45bb6105232190848db6100eafe53d4ddff55cb35d7,330751,Cho2017,Q15-E006,MU_BETA_SHARED,20260925,1.1337879186612554e-06,0.9999988079071045,2
s15_1_retained_1_t094,15,1,retained_labeled_MI,1,s15.mat,95011e9b668784c8dad3c45bb6105232190848db6100eafe53d4ddff55cb35d7,334335,Cho2017,Q15-E006,MU_BETA_SHARED,20260925,1.0523776623495027e-15,1.0,2
s15_1_retained_1_t095,15,1,retained_labeled_MI,1,s15.mat,95011e9b668784c8dad3c45bb6105232190848db6100eafe53d4ddff55cb35d7,337919,Cho2017,Q15-E006,MU_BETA_SHARED,20260925,0.5304164290428162,0.46958357095718384,1
s15_1_retained_1_t096,15,1,retained_labeled_MI,1,s15.mat,95011e9b668784c8dad3c45bb6105232190848db6100eafe53d4ddff55cb35d7,341503,Cho2017,Q15-E006,MU_BETA_SHARED,20260925,0.0005146570620127022,0.9994853734970093,2
s15_1_retained_1_t097,15,1,retained_labeled_MI,1,s15.mat,95011e9b668784c8dad3c45bb6105232190848db6100eafe53d4ddff55cb35d7,345087,Cho2017,Q15-E006,MU_BETA_SHARED,20260925,7.249453641555714e-12,1.0,2
s15_1_retained_1_t098,15,1,retained_labeled_MI,1,s15.mat,95011e9b668784c8dad3c45bb6105232190848db6100eafe53d4ddff55cb35d7,348671,Cho2017,Q15-E006,MU_BETA_SHARED,20260925,6.464761099778116e-07,0.9999994039535522,2
s15_1_retained_1_t099,15,1,retained_labeled_MI,1,s15.mat,95011e9b668784c8dad3c45bb6105232190848db6100eafe53d4ddff55cb35d7,352255,Cho2017,Q15-E006,MU_BETA_SHARED,20260925,4.8507706651435e-07,0.9999995231628418,2
s15_1_retained_1_t100,15,1,retained_labeled_MI,1,s15.mat,95011e9b668784c8dad3c45bb6105232190848db6100eafe53d4ddff55cb35d7,355839,Cho2017,Q15-E006,MU_BETA_SHARED,20260925,3.8436154813659016e-21,1.0,2
s15_1_retained_2_t001,15,1,retained_labeled_MI,2,s15.mat,95011e9b668784c8dad3c45bb6105232190848db6100eafe53d4ddff55cb35d7,1023,Cho2017,Q15-E006,MU_BETA_SHARED,20260925,0.9532235264778137,0.046776510775089264,1
s15_1_retained_2_t002,15,1,retained_labeled_MI,2,s15.mat,95011e9b668784c8dad3c45bb6105232190848db6100eafe53d4ddff55cb35d7,4607,Cho2017,Q15-E006,MU_BETA_SHARED,20260925,0.9999971389770508,2.885620233428199e-06,1
s15_1_retained_2_t003,15,1,retained_labeled_MI,2,s15.mat,95011e9b668784c8dad3c45bb6105232190848db6100eafe53d4ddff55cb35d7,8191,Cho2017,Q15-E006,MU_BETA_SHARED,20260925,9.822842539364274e-10,1.0,2
s15_1_retained_2_t004,15,1,retained_labeled_MI,2,s15.mat,95011e9b668784c8dad3c45bb6105232190848db6100eafe53d4ddff55cb35d7,11775,Cho2017,Q15-E006,MU_BETA_SHARED,20260925,5.356823058050297e-12,1.0,2
s15_1_retained_2_t005,15,1,retained_labeled_MI,2,s15.mat,95011e9b668784c8dad3c45bb6105232190848db6100eafe53d4ddff55cb35d7,15359,Cho2017,Q15-E006,MU_BETA_SHARED,20260925,1.829204839636002e-16,1.0,2
s15_1_retained_2_t006,15,1,retained_labeled_MI,2,s15.mat,95011e9b668784c8dad3c45bb6105232190848db6100eafe53d4ddff55cb35d7,18943,Cho2017,Q15-E006,MU_BETA_SHARED,20260925,5.51238380571264e-22,1.0,2
s15_1_retained_2_t007,15,1,retained_labeled_MI,2,s15.mat,95011e9b668784c8dad3c45bb6105232190848db6100eafe53d4ddff55cb35d7,22527,Cho2017,Q15-E006,MU_BETA_SHARED,20260925,2.205130025179434e-23,1.0,2
s15_1_retained_2_t008,15,1,retained_labeled_MI,2,s15.mat,95011e9b668784c8dad3c45bb6105232190848db6100eafe53d4ddff55cb35d7,26111,Cho2017,Q15-E006,MU_BETA_SHARED,20260925,0.0,1.0,2
s15_1_retained_2_t009,15,1,retained_labeled_MI,2,s15.mat,95011e9b668784c8dad3c45bb6105232190848db6100eafe53d4ddff55cb35d7,29695,Cho2017,Q15-E006,MU_BETA_SHARED,20260925,0.8551411628723145,0.14485880732536316,1
s15_1_retained_2_t010,15,1,retained_labeled_MI,2,s15.mat,95011e9b668784c8dad3c45bb6105232190848db6100eafe53d4ddff55cb35d7,33279,Cho2017,Q15-E006,MU_BETA_SHARED,20260925,2.9881502952361014e-14,1.0,2
s15_1_retained_2_t011,15,1,retained_labeled_MI,2,s15.mat,95011e9b668784c8dad3c45bb6105232190848db6100eafe53d4ddff55cb35d7,36863,Cho2017,Q15-E006,MU_BETA_SHARED,20260925,1.9453602411682175e-15,1.0,2
s15_1_retained_2_t012,15,1,retained_labeled_MI,2,s15.mat,95011e9b668784c8dad3c45bb6105232190848db6100eafe53d4ddff55cb35d7,40447,Cho2017,Q15-E006,MU_BETA_SHARED,20260925,1.0522024966184345e-20,1.0,2
s15_1_retained_2_t013,15,1,retained_labeled_MI,2,s15.mat,95011e9b668784c8dad3c45bb6105232190848db6100eafe53d4ddff55cb35d7,44031,Cho2017,Q15-E006,MU_BETA_SHARED,20260925,0.0,1.0,2
s15_1_retained_2_t014,15,1,retained_labeled_MI,2,s15.mat,95011e9b668784c8dad3c45bb6105232190848db6100eafe53d4ddff55cb35d7,47615,Cho2017,Q15-E006,MU_BETA_SHARED,20260925,0.9260700941085815,0.07392982393503189,1
s15_1_retained_2_t015,15,1,retained_labeled_MI,2,s15.mat,95011e9b668784c8dad3c45bb6105232190848db6100eafe53d4ddff55cb35d7,51199,Cho2017,Q15-E006,MU_BETA_SHARED,20260925,2.26674270464855e-08,1.0,2
s15_1_retained_2_t016,15,1,retained_labeled_MI,2,s15.mat,95011e9b668784c8dad3c45bb6105232190848db6100eafe53d4ddff55cb35d7,54783,Cho2017,Q15-E006,MU_BETA_SHARED,20260925,4.817251465283334e-05,0.9999518394470215,2
s15_1_retained_2_t017,15,1,retained_labeled_MI,2,s15.mat,95011e9b668784c8dad3c45bb6105232190848db6100eafe53d4ddff55cb35d7,58367,Cho2017,Q15-E006,MU_BETA_SHARED,20260925,2.2463053639398822e-10,1.0,2
s15_1_retained_2_t018,15,1,retained_labeled_MI,2,s15.mat,95011e9b668784c8dad3c45bb6105232190848db6100eafe53d4ddff55cb35d7,61951,Cho2017,Q15-E006,MU_BETA_SHARED,20260925,6.511330866487697e-05,0.9999349117279053,2
s15_1_retained_2_t019,15,1,retained_labeled_MI,2,s15.mat,95011e9b668784c8dad3c45bb6105232190848db6100eafe53d4ddff55cb35d7,65535,Cho2017,Q15-E006,MU_BETA_SHARED,20260925,1.2873994315043547e-08,1.0,2
s15_1_retained_2_t020,15,1,retained_labeled_MI,2,s15.mat,95011e9b668784c8dad3c45bb6105232190848db6100eafe53d4ddff55cb35d7,69119,Cho2017,Q15-E006,MU_BETA_SHARED,20260925,7.887810621035236e-16,1.0,2
s15_1_retained_2_t021,15,1,retained_labeled_MI,2,s15.mat,95011e9b668784c8dad3c45bb6105232190848db6100eafe53d4ddff55cb35d7,72703,Cho2017,Q15-E006,MU_BETA_SHARED,20260925,5.097243373913818e-12,1.0,2
s15_1_retained_2_t022,15,1,retained_labeled_MI,2,s15.mat,95011e9b668784c8dad3c45bb6105232190848db6100eafe53d4ddff55cb35d7,76287,Cho2017,Q15-E006,MU_BETA_SHARED,20260925,4.2063638261424785e-07,0.9999995231628418,2
s15_1_retained_2_t023,15,1,retained_labeled_MI,2,s15.mat,95011e9b668784c8dad3c45bb6105232190848db6100eafe53d4ddff55cb35d7,79871,Cho2017,Q15-E006,MU_BETA_SHARED,20260925,2.0581862155886164e-14,1.0,2
s15_1_retained_2_t024,15,1,retained_labeled_MI,2,s15.mat,95011e9b668784c8dad3c45bb6105232190848db6100eafe53d4ddff55cb35d7,83455,Cho2017,Q15-E006,MU_BETA_SHARED,20260925,8.035593518133878e-16,1.0,2
s15_1_retained_2_t025,15,1,retained_labeled_MI,2,s15.mat,95011e9b668784c8dad3c45bb6105232190848db6100eafe53d4ddff55cb35d7,87039,Cho2017,Q15-E006,MU_BETA_SHARED,20260925,0.010477778501808643,0.9895221590995789,2
s15_1_retained_2_t026,15,1,retained_labeled_MI,2,s15.mat,95011e9b668784c8dad3c45bb6105232190848db6100eafe53d4ddff55cb35d7,90623,Cho2017,Q15-E006,MU_BETA_SHARED,20260925,1.555064557123842e-07,0.9999998807907104,2
s15_1_retained_2_t027,15,1,retained_labeled_MI,2,s15.mat,95011e9b668784c8dad3c45bb6105232190848db6100eafe53d4ddff55cb35d7,94207,Cho2017,Q15-E006,MU_BETA_SHARED,20260925,1.1428816833358724e-05,0.9999885559082031,2
s15_1_retained_2_t028,15,1,retained_labeled_MI,2,s15.mat,95011e9b668784c8dad3c45bb6105232190848db6100eafe53d4ddff55cb35d7,97791,Cho2017,Q15-E006,MU_BETA_SHARED,20260925,0.014453734271228313,0.9855462312698364,2
s15_1_retained_2_t029,15,1,retained_labeled_MI,2,s15.mat,95011e9b668784c8dad3c45bb6105232190848db6100eafe53d4ddff55cb35d7,101375,Cho2017,Q15-E006,MU_BETA_SHARED,20260925,1.5944111486525613e-20,1.0,2
s15_1_retained_2_t030,15,1,retained_labeled_MI,2,s15.mat,95011e9b668784c8dad3c45bb6105232190848db6100eafe53d4ddff55cb35d7,104959,Cho2017,Q15-E006,MU_BETA_SHARED,20260925,1.6418542542442536e-16,1.0,2
s15_1_retained_2_t031,15,1,retained_labeled_MI,2,s15.mat,95011e9b668784c8dad3c45bb6105232190848db6100eafe53d4ddff55cb35d7,108543,Cho2017,Q15-E006,MU_BETA_SHARED,20260925,1.0216696182396845e-06,0.999998927116394,2
s15_1_retained_2_t032,15,1,retained_labeled_MI,2,s15.mat,95011e9b668784c8dad3c45bb6105232190848db6100eafe53d4ddff55cb35d7,112127,Cho2017,Q15-E006,MU_BETA_SHARED,20260925,8.128551678325893e-15,1.0,2
s15_1_retained_2_t033,15,1,retained_labeled_MI,2,s15.mat,95011e9b668784c8dad3c45bb6105232190848db6100eafe53d4ddff55cb35d7,115711,Cho2017,Q15-E006,MU_BETA_SHARED,20260925,0.9999996423721313,3.1789872423360066e-07,1
s15_1_retained_2_t034,15,1,retained_labeled_MI,2,s15.mat,95011e9b668784c8dad3c45bb6105232190848db6100eafe53d4ddff55cb35d7,119295,Cho2017,Q15-E006,MU_BETA_SHARED,20260925,6.669204196805406e-27,1.0,2
s15_1_retained_2_t035,15,1,retained_labeled_MI,2,s15.mat,95011e9b668784c8dad3c45bb6105232190848db6100eafe53d4ddff55cb35d7,122879,Cho2017,Q15-E006,MU_BETA_SHARED,20260925,7.920463396260402e-09,1.0,2
s15_1_retained_2_t036,15,1,retained_labeled_MI,2,s15.mat,95011e9b668784c8dad3c45bb6105232190848db6100eafe53d4ddff55cb35d7,126463,Cho2017,Q15-E006,MU_BETA_SHARED,20260925,7.880751644184431e-21,1.0,2
s15_1_retained_2_t037,15,1,retained_labeled_MI,2,s15.mat,95011e9b668784c8dad3c45bb6105232190848db6100eafe53d4ddff55cb35d7,130047,Cho2017,Q15-E006,MU_BETA_SHARED,20260925,1.0,1.0184051824069229e-08,1
s15_1_retained_2_t038,15,1,retained_labeled_MI,2,s15.mat,95011e9b668784c8dad3c45bb6105232190848db6100eafe53d4ddff55cb35d7,133631,Cho2017,Q15-E006,MU_BETA_SHARED,20260925,7.46048662843106e-15,1.0,2
s15_1_retained_2_t039,15,1,retained_labeled_MI,2,s15.mat,95011e9b668784c8dad3c45bb6105232190848db6100eafe53d4ddff55cb35d7,137215,Cho2017,Q15-E006,MU_BETA_SHARED,20260925,4.036894506526216e-18,1.0,2
s15_1_retained_2_t040,15,1,retained_labeled_MI,2,s15.mat,95011e9b668784c8dad3c45bb6105232190848db6100eafe53d4ddff55cb35d7,140799,Cho2017,Q15-E006,MU_BETA_SHARED,20260925,9.974012800755379e-17,1.0,2
s15_1_retained_2_t041,15,1,retained_labeled_MI,2,s15.mat,95011e9b668784c8dad3c45bb6105232190848db6100eafe53d4ddff55cb35d7,144383,Cho2017,Q15-E006,MU_BETA_SHARED,20260925,1.674903271631223e-10,1.0,2
s15_1_retained_2_t042,15,1,retained_labeled_MI,2,s15.mat,95011e9b668784c8dad3c45bb6105232190848db6100eafe53d4ddff55cb35d7,147967,Cho2017,Q15-E006,MU_BETA_SHARED,20260925,0.16880810260772705,0.831191897392273,2
s15_1_retained_2_t043,15,1,retained_labeled_MI,2,s15.mat,95011e9b668784c8dad3c45bb6105232190848db6100eafe53d4ddff55cb35d7,151551,Cho2017,Q15-E006,MU_BETA_SHARED,20260925,1.5841671030525362e-10,1.0,2
s15_1_retained_2_t044,15,1,retained_labeled_MI,2,s15.mat,95011e9b668784c8dad3c45bb6105232190848db6100eafe53d4ddff55cb35d7,155135,Cho2017,Q15-E006,MU_BETA_SHARED,20260925,1.47752158272986e-14,1.0,2
s15_1_retained_2_t045,15,1,retained_labeled_MI,2,s15.mat,95011e9b668784c8dad3c45bb6105232190848db6100eafe53d4ddff55cb35d7,158719,Cho2017,Q15-E006,MU_BETA_SHARED,20260925,4.504664832732224e-19,1.0,2
s15_1_retained_2_t046,15,1,retained_labeled_MI,2,s15.mat,95011e9b668784c8dad3c45bb6105232190848db6100eafe53d4ddff55cb35d7,162303,Cho2017,Q15-E006,MU_BETA_SHARED,20260925,7.546864799756747e-10,1.0,2
s15_1_retained_2_t047,15,1,retained_labeled_MI,2,s15.mat,95011e9b668784c8dad3c45bb6105232190848db6100eafe53d4ddff55cb35d7,165887,Cho2017,Q15-E006,MU_BETA_SHARED,20260925,2.1352241586029266e-15,1.0,2
s15_1_retained_2_t048,15,1,retained_labeled_MI,2,s15.mat,95011e9b668784c8dad3c45bb6105232190848db6100eafe53d4ddff55cb35d7,169471,Cho2017,Q15-E006,MU_BETA_SHARED,20260925,5.428274789665011e-07,0.9999994039535522,2
s15_1_retained_2_t049,15,1,retained_labeled_MI,2,s15.mat,95011e9b668784c8dad3c45bb6105232190848db6100eafe53d4ddff55cb35d7,173055,Cho2017,Q15-E006,MU_BETA_SHARED,20260925,3.99866728270637e-12,1.0,2
s15_1_retained_2_t050,15,1,retained_labeled_MI,2,s15.mat,95011e9b668784c8dad3c45bb6105232190848db6100eafe53d4ddff55cb35d7,176639,Cho2017,Q15-E006,MU_BETA_SHARED,20260925,5.9142975391816826e-18,1.0,2
s15_1_retained_2_t051,15,1,retained_labeled_MI,2,s15.mat,95011e9b668784c8dad3c45bb6105232190848db6100eafe53d4ddff55cb35d7,180223,Cho2017,Q15-E006,MU_BETA_SHARED,20260925,1.388420400871837e-08,1.0,2
s15_1_retained_2_t052,15,1,retained_labeled_MI,2,s15.mat,95011e9b668784c8dad3c45bb6105232190848db6100eafe53d4ddff55cb35d7,183807,Cho2017,Q15-E006,MU_BETA_SHARED,20260925,1.1236587852181401e-05,0.9999887943267822,2
s15_1_retained_2_t053,15,1,retained_labeled_MI,2,s15.mat,95011e9b668784c8dad3c45bb6105232190848db6100eafe53d4ddff55cb35d7,187391,Cho2017,Q15-E006,MU_BETA_SHARED,20260925,0.00012743943079840392,0.9998725652694702,2
s15_1_retained_2_t054,15,1,retained_labeled_MI,2,s15.mat,95011e9b668784c8dad3c45bb6105232190848db6100eafe53d4ddff55cb35d7,190975,Cho2017,Q15-E006,MU_BETA_SHARED,20260925,0.999903678894043,9.628504631109536e-05,1
s15_1_retained_2_t055,15,1,retained_labeled_MI,2,s15.mat,95011e9b668784c8dad3c45bb6105232190848db6100eafe53d4ddff55cb35d7,194559,Cho2017,Q15-E006,MU_BETA_SHARED,20260925,2.185759732931114e-11,1.0,2
s15_1_retained_2_t056,15,1,retained_labeled_MI,2,s15.mat,95011e9b668784c8dad3c45bb6105232190848db6100eafe53d4ddff55cb35d7,198143,Cho2017,Q15-E006,MU_BETA_SHARED,20260925,5.187578838716789e-11,1.0,2
s15_1_retained_2_t057,15,1,retained_labeled_MI,2,s15.mat,95011e9b668784c8dad3c45bb6105232190848db6100eafe53d4ddff55cb35d7,201727,Cho2017,Q15-E006,MU_BETA_SHARED,20260925,1.0,3.366565381503206e-13,1
s15_1_retained_2_t058,15,1,retained_labeled_MI,2,s15.mat,95011e9b668784c8dad3c45bb6105232190848db6100eafe53d4ddff55cb35d7,205311,Cho2017,Q15-E006,MU_BETA_SHARED,20260925,5.760414234696299e-18,1.0,2
s15_1_retained_2_t059,15,1,retained_labeled_MI,2,s15.mat,95011e9b668784c8dad3c45bb6105232190848db6100eafe53d4ddff55cb35d7,208895,Cho2017,Q15-E006,MU_BETA_SHARED,20260925,0.0,1.0,2
s15_1_retained_2_t060,15,1,retained_labeled_MI,2,s15.mat,95011e9b668784c8dad3c45bb6105232190848db6100eafe53d4ddff55cb35d7,212479,Cho2017,Q15-E006,MU_BETA_SHARED,20260925,4.389566818109755e-27,1.0,2
s15_1_retained_2_t061,15,1,retained_labeled_MI,2,s15.mat,95011e9b668784c8dad3c45bb6105232190848db6100eafe53d4ddff55cb35d7,216063,Cho2017,Q15-E006,MU_BETA_SHARED,20260925,1.4915596535658437e-11,1.0,2
s15_1_retained_2_t062,15,1,retained_labeled_MI,2,s15.mat,95011e9b668784c8dad3c45bb6105232190848db6100eafe53d4ddff55cb35d7,219647,Cho2017,Q15-E006,MU_BETA_SHARED,20260925,7.755071029079831e-16,1.0,2
s15_1_retained_2_t063,15,1,retained_labeled_MI,2,s15.mat,95011e9b668784c8dad3c45bb6105232190848db6100eafe53d4ddff55cb35d7,223231,Cho2017,Q15-E006,MU_BETA_SHARED,20260925,5.948539446628565e-23,1.0,2
s15_1_retained_2_t064,15,1,retained_labeled_MI,2,s15.mat,95011e9b668784c8dad3c45bb6105232190848db6100eafe53d4ddff55cb35d7,226815,Cho2017,Q15-E006,MU_BETA_SHARED,20260925,7.492633222845255e-14,1.0,2
s15_1_retained_2_t065,15,1,retained_labeled_MI,2,s15.mat,95011e9b668784c8dad3c45bb6105232190848db6100eafe53d4ddff55cb35d7,230399,Cho2017,Q15-E006,MU_BETA_SHARED,20260925,2.523764839920526e-28,1.0,2
s15_1_retained_2_t066,15,1,retained_labeled_MI,2,s15.mat,95011e9b668784c8dad3c45bb6105232190848db6100eafe53d4ddff55cb35d7,233983,Cho2017,Q15-E006,MU_BETA_SHARED,20260925,7.819875351627077e-20,1.0,2
s15_1_retained_2_t067,15,1,retained_labeled_MI,2,s15.mat,95011e9b668784c8dad3c45bb6105232190848db6100eafe53d4ddff55cb35d7,237567,Cho2017,Q15-E006,MU_BETA_SHARED,20260925,2.120638293602855e-14,1.0,2
s15_1_retained_2_t068,15,1,retained_labeled_MI,2,s15.mat,95011e9b668784c8dad3c45bb6105232190848db6100eafe53d4ddff55cb35d7,241151,Cho2017,Q15-E006,MU_BETA_SHARED,20260925,2.9227480435878306e-09,1.0,2
s15_1_retained_2_t069,15,1,retained_labeled_MI,2,s15.mat,95011e9b668784c8dad3c45bb6105232190848db6100eafe53d4ddff55cb35d7,244735,Cho2017,Q15-E006,MU_BETA_SHARED,20260925,1.23050159471505e-12,1.0,2
s15_1_retained_2_t070,15,1,retained_labeled_MI,2,s15.mat,95011e9b668784c8dad3c45bb6105232190848db6100eafe53d4ddff55cb35d7,248319,Cho2017,Q15-E006,MU_BETA_SHARED,20260925,2.4276383545481236e-19,1.0,2
s15_1_retained_2_t071,15,1,retained_labeled_MI,2,s15.mat,95011e9b668784c8dad3c45bb6105232190848db6100eafe53d4ddff55cb35d7,251903,Cho2017,Q15-E006,MU_BETA_SHARED,20260925,1.4447454644754596e-34,1.0,2
s15_1_retained_2_t072,15,1,retained_labeled_MI,2,s15.mat,95011e9b668784c8dad3c45bb6105232190848db6100eafe53d4ddff55cb35d7,255487,Cho2017,Q15-E006,MU_BETA_SHARED,20260925,3.5267978546471568e-06,0.9999964237213135,2
s15_1_retained_2_t073,15,1,retained_labeled_MI,2,s15.mat,95011e9b668784c8dad3c45bb6105232190848db6100eafe53d4ddff55cb35d7,259071,Cho2017,Q15-E006,MU_BETA_SHARED,20260925,0.001181956147775054,0.9988179802894592,2
s15_1_retained_2_t074,15,1,retained_labeled_MI,2,s15.mat,95011e9b668784c8dad3c45bb6105232190848db6100eafe53d4ddff55cb35d7,262655,Cho2017,Q15-E006,MU_BETA_SHARED,20260925,1.4280895530797283e-13,1.0,2
s15_1_retained_2_t075,15,1,retained_labeled_MI,2,s15.mat,95011e9b668784c8dad3c45bb6105232190848db6100eafe53d4ddff55cb35d7,266239,Cho2017,Q15-E006,MU_BETA_SHARED,20260925,3.3264810905819786e-09,1.0,2
s15_1_retained_2_t076,15,1,retained_labeled_MI,2,s15.mat,95011e9b668784c8dad3c45bb6105232190848db6100eafe53d4ddff55cb35d7,269823,Cho2017,Q15-E006,MU_BETA_SHARED,20260925,2.2517360198648362e-10,1.0,2
s15_1_retained_2_t077,15,1,retained_labeled_MI,2,s15.mat,95011e9b668784c8dad3c45bb6105232190848db6100eafe53d4ddff55cb35d7,273407,Cho2017,Q15-E006,MU_BETA_SHARED,20260925,1.0035519153461792e-06,0.9999990463256836,2
s15_1_retained_2_t078,15,1,retained_labeled_MI,2,s15.mat,95011e9b668784c8dad3c45bb6105232190848db6100eafe53d4ddff55cb35d7,276991,Cho2017,Q15-E006,MU_BETA_SHARED,20260925,6.295180128290667e-07,0.9999994039535522,2
s15_1_retained_2_t079,15,1,retained_labeled_MI,2,s15.mat,95011e9b668784c8dad3c45bb6105232190848db6100eafe53d4ddff55cb35d7,280575,Cho2017,Q15-E006,MU_BETA_SHARED,20260925,3.888214195058026e-08,1.0,2
s15_1_retained_2_t080,15,1,retained_labeled_MI,2,s15.mat,95011e9b668784c8dad3c45bb6105232190848db6100eafe53d4ddff55cb35d7,284159,Cho2017,Q15-E006,MU_BETA_SHARED,20260925,2.0393492139872616e-16,1.0,2
s15_1_retained_2_t081,15,1,retained_labeled_MI,2,s15.mat,95011e9b668784c8dad3c45bb6105232190848db6100eafe53d4ddff55cb35d7,287743,Cho2017,Q15-E006,MU_BETA_SHARED,20260925,0.6704936623573303,0.3295063078403473,1
s15_1_retained_2_t082,15,1,retained_labeled_MI,2,s15.mat,95011e9b668784c8dad3c45bb6105232190848db6100eafe53d4ddff55cb35d7,291327,Cho2017,Q15-E006,MU_BETA_SHARED,20260925,2.4071646368903354e-13,1.0,2
s15_1_retained_2_t083,15,1,retained_labeled_MI,2,s15.mat,95011e9b668784c8dad3c45bb6105232190848db6100eafe53d4ddff55cb35d7,294911,Cho2017,Q15-E006,MU_BETA_SHARED,20260925,0.5193004012107849,0.4806995987892151,1
s15_1_retained_2_t084,15,1,retained_labeled_MI,2,s15.mat,95011e9b668784c8dad3c45bb6105232190848db6100eafe53d4ddff55cb35d7,298495,Cho2017,Q15-E006,MU_BETA_SHARED,20260925,2.122115400071678e-10,1.0,2
s15_1_retained_2_t085,15,1,retained_labeled_MI,2,s15.mat,95011e9b668784c8dad3c45bb6105232190848db6100eafe53d4ddff55cb35d7,302079,Cho2017,Q15-E006,MU_BETA_SHARED,20260925,7.1456361858458125e-25,1.0,2
s15_1_retained_2_t086,15,1,retained_labeled_MI,2,s15.mat,95011e9b668784c8dad3c45bb6105232190848db6100eafe53d4ddff55cb35d7,305663,Cho2017,Q15-E006,MU_BETA_SHARED,20260925,5.89801839612106e-22,1.0,2
s15_1_retained_2_t087,15,1,retained_labeled_MI,2,s15.mat,95011e9b668784c8dad3c45bb6105232190848db6100eafe53d4ddff55cb35d7,309247,Cho2017,Q15-E006,MU_BETA_SHARED,20260925,1.384208069346582e-12,1.0,2
s15_1_retained_2_t088,15,1,retained_labeled_MI,2,s15.mat,95011e9b668784c8dad3c45bb6105232190848db6100eafe53d4ddff55cb35d7,312831,Cho2017,Q15-E006,MU_BETA_SHARED,20260925,2.520326421143241e-31,1.0,2
s15_1_retained_2_t089,15,1,retained_labeled_MI,2,s15.mat,95011e9b668784c8dad3c45bb6105232190848db6100eafe53d4ddff55cb35d7,316415,Cho2017,Q15-E006,MU_BETA_SHARED,20260925,2.5098165323811372e-08,1.0,2
s15_1_retained_2_t090,15,1,retained_labeled_MI,2,s15.mat,95011e9b668784c8dad3c45bb6105232190848db6100eafe53d4ddff55cb35d7,319999,Cho2017,Q15-E006,MU_BETA_SHARED,20260925,1.0667749989913392e-15,1.0,2
s15_1_retained_2_t091,15,1,retained_labeled_MI,2,s15.mat,95011e9b668784c8dad3c45bb6105232190848db6100eafe53d4ddff55cb35d7,323583,Cho2017,Q15-E006,MU_BETA_SHARED,20260925,0.9999971389770508,2.8070360258425353e-06,1
s15_1_retained_2_t092,15,1,retained_labeled_MI,2,s15.mat,95011e9b668784c8dad3c45bb6105232190848db6100eafe53d4ddff55cb35d7,327167,Cho2017,Q15-E006,MU_BETA_SHARED,20260925,5.6143285844842776e-24,1.0,2
s15_1_retained_2_t093,15,1,retained_labeled_MI,2,s15.mat,95011e9b668784c8dad3c45bb6105232190848db6100eafe53d4ddff55cb35d7,330751,Cho2017,Q15-E006,MU_BETA_SHARED,20260925,0.0010248105973005295,0.9989751577377319,2
s15_1_retained_2_t094,15,1,retained_labeled_MI,2,s15.mat,95011e9b668784c8dad3c45bb6105232190848db6100eafe53d4ddff55cb35d7,334335,Cho2017,Q15-E006,MU_BETA_SHARED,20260925,2.5526409064401597e-18,1.0,2
s15_1_retained_2_t095,15,1,retained_labeled_MI,2,s15.mat,95011e9b668784c8dad3c45bb6105232190848db6100eafe53d4ddff55cb35d7,337919,Cho2017,Q15-E006,MU_BETA_SHARED,20260925,8.443553352464955e-31,1.0,2
s15_1_retained_2_t096,15,1,retained_labeled_MI,2,s15.mat,95011e9b668784c8dad3c45bb6105232190848db6100eafe53d4ddff55cb35d7,341503,Cho2017,Q15-E006,MU_BETA_SHARED,20260925,1.263615985180877e-07,0.9999998807907104,2
s15_1_retained_2_t097,15,1,retained_labeled_MI,2,s15.mat,95011e9b668784c8dad3c45bb6105232190848db6100eafe53d4ddff55cb35d7,345087,Cho2017,Q15-E006,MU_BETA_SHARED,20260925,7.945492354333172e-12,1.0,2
s15_1_retained_2_t098,15,1,retained_labeled_MI,2,s15.mat,95011e9b668784c8dad3c45bb6105232190848db6100eafe53d4ddff55cb35d7,348671,Cho2017,Q15-E006,MU_BETA_SHARED,20260925,7.059541041749395e-15,1.0,2
s15_1_retained_2_t099,15,1,retained_labeled_MI,2,s15.mat,95011e9b668784c8dad3c45bb6105232190848db6100eafe53d4ddff55cb35d7,352255,Cho2017,Q15-E006,MU_BETA_SHARED,20260925,1.3595867284263521e-18,1.0,2
s15_1_retained_2_t100,15,1,retained_labeled_MI,2,s15.mat,95011e9b668784c8dad3c45bb6105232190848db6100eafe53d4ddff55cb35d7,355839,Cho2017,Q15-E006,MU_BETA_SHARED,20260925,8.616144289312483e-21,1.0,2
s15_1_retained_1_t001,15,1,retained_labeled_MI,1,s15.mat,95011e9b668784c8dad3c45bb6105232190848db6100eafe53d4ddff55cb35d7,1023,Cho2017,Q15-E006,MU_BETA_SHARED,20260926,0.01778223179280758,0.9822177290916443,2
s15_1_retained_1_t002,15,1,retained_labeled_MI,1,s15.mat,95011e9b668784c8dad3c45bb6105232190848db6100eafe53d4ddff55cb35d7,4607,Cho2017,Q15-E006,MU_BETA_SHARED,20260926,1.7407501828881067e-10,1.0,2
s15_1_retained_1_t003,15,1,retained_labeled_MI,1,s15.mat,95011e9b668784c8dad3c45bb6105232190848db6100eafe53d4ddff55cb35d7,8191,Cho2017,Q15-E006,MU_BETA_SHARED,20260926,0.9997878670692444,0.00021219246264081448,1
s15_1_retained_1_t004,15,1,retained_labeled_MI,1,s15.mat,95011e9b668784c8dad3c45bb6105232190848db6100eafe53d4ddff55cb35d7,11775,Cho2017,Q15-E006,MU_BETA_SHARED,20260926,0.9976000189781189,0.0024000268895179033,1
s15_1_retained_1_t005,15,1,retained_labeled_MI,1,s15.mat,95011e9b668784c8dad3c45bb6105232190848db6100eafe53d4ddff55cb35d7,15359,Cho2017,Q15-E006,MU_BETA_SHARED,20260926,0.021370630711317062,0.9786293506622314,2
s15_1_retained_1_t006,15,1,retained_labeled_MI,1,s15.mat,95011e9b668784c8dad3c45bb6105232190848db6100eafe53d4ddff55cb35d7,18943,Cho2017,Q15-E006,MU_BETA_SHARED,20260926,2.210873262242785e-09,1.0,2
s15_1_retained_1_t007,15,1,retained_labeled_MI,1,s15.mat,95011e9b668784c8dad3c45bb6105232190848db6100eafe53d4ddff55cb35d7,22527,Cho2017,Q15-E006,MU_BETA_SHARED,20260926,0.11069793999195099,0.8893020749092102,2
s15_1_retained_1_t008,15,1,retained_labeled_MI,1,s15.mat,95011e9b668784c8dad3c45bb6105232190848db6100eafe53d4ddff55cb35d7,26111,Cho2017,Q15-E006,MU_BETA_SHARED,20260926,0.0006004780298098922,0.9993995428085327,2
s15_1_retained_1_t009,15,1,retained_labeled_MI,1,s15.mat,95011e9b668784c8dad3c45bb6105232190848db6100eafe53d4ddff55cb35d7,29695,Cho2017,Q15-E006,MU_BETA_SHARED,20260926,0.9999997615814209,2.5294198735537066e-07,1
s15_1_retained_1_t010,15,1,retained_labeled_MI,1,s15.mat,95011e9b668784c8dad3c45bb6105232190848db6100eafe53d4ddff55cb35d7,33279,Cho2017,Q15-E006,MU_BETA_SHARED,20260926,2.145162270039691e-09,1.0,2
s15_1_retained_1_t011,15,1,retained_labeled_MI,1,s15.mat,95011e9b668784c8dad3c45bb6105232190848db6100eafe53d4ddff55cb35d7,36863,Cho2017,Q15-E006,MU_BETA_SHARED,20260926,0.9981491565704346,0.0018509060610085726,1
s15_1_retained_1_t012,15,1,retained_labeled_MI,1,s15.mat,95011e9b668784c8dad3c45bb6105232190848db6100eafe53d4ddff55cb35d7,40447,Cho2017,Q15-E006,MU_BETA_SHARED,20260926,0.0003908254730049521,0.9996091723442078,2
s15_1_retained_1_t013,15,1,retained_labeled_MI,1,s15.mat,95011e9b668784c8dad3c45bb6105232190848db6100eafe53d4ddff55cb35d7,44031,Cho2017,Q15-E006,MU_BETA_SHARED,20260926,1.081119535228936e-05,0.9999891519546509,2
s15_1_retained_1_t014,15,1,retained_labeled_MI,1,s15.mat,95011e9b668784c8dad3c45bb6105232190848db6100eafe53d4ddff55cb35d7,47615,Cho2017,Q15-E006,MU_BETA_SHARED,20260926,1.0,7.013991845010795e-14,1
s15_1_retained_1_t015,15,1,retained_labeled_MI,1,s15.mat,95011e9b668784c8dad3c45bb6105232190848db6100eafe53d4ddff55cb35d7,51199,Cho2017,Q15-E006,MU_BETA_SHARED,20260926,4.618191340954002e-14,1.0,2
s15_1_retained_1_t016,15,1,retained_labeled_MI,1,s15.mat,95011e9b668784c8dad3c45bb6105232190848db6100eafe53d4ddff55cb35d7,54783,Cho2017,Q15-E006,MU_BETA_SHARED,20260926,0.41408687829971313,0.5859131217002869,2
s15_1_retained_1_t017,15,1,retained_labeled_MI,1,s15.mat,95011e9b668784c8dad3c45bb6105232190848db6100eafe53d4ddff55cb35d7,58367,Cho2017,Q15-E006,MU_BETA_SHARED,20260926,0.9999998807907104,6.888379999736571e-08,1
s15_1_retained_1_t018,15,1,retained_labeled_MI,1,s15.mat,95011e9b668784c8dad3c45bb6105232190848db6100eafe53d4ddff55cb35d7,61951,Cho2017,Q15-E006,MU_BETA_SHARED,20260926,0.9999316930770874,6.833991938037798e-05,1
s15_1_retained_1_t019,15,1,retained_labeled_MI,1,s15.mat,95011e9b668784c8dad3c45bb6105232190848db6100eafe53d4ddff55cb35d7,65535,Cho2017,Q15-E006,MU_BETA_SHARED,20260926,8.737289931559644e-07,0.9999991655349731,2
s15_1_retained_1_t020,15,1,retained_labeled_MI,1,s15.mat,95011e9b668784c8dad3c45bb6105232190848db6100eafe53d4ddff55cb35d7,69119,Cho2017,Q15-E006,MU_BETA_SHARED,20260926,9.880707092357194e-16,1.0,2
s15_1_retained_1_t021,15,1,retained_labeled_MI,1,s15.mat,95011e9b668784c8dad3c45bb6105232190848db6100eafe53d4ddff55cb35d7,72703,Cho2017,Q15-E006,MU_BETA_SHARED,20260926,1.950657717569244e-16,1.0,2
s15_1_retained_1_t022,15,1,retained_labeled_MI,1,s15.mat,95011e9b668784c8dad3c45bb6105232190848db6100eafe53d4ddff55cb35d7,76287,Cho2017,Q15-E006,MU_BETA_SHARED,20260926,3.473162024647536e-08,1.0,2
s15_1_retained_1_t023,15,1,retained_labeled_MI,1,s15.mat,95011e9b668784c8dad3c45bb6105232190848db6100eafe53d4ddff55cb35d7,79871,Cho2017,Q15-E006,MU_BETA_SHARED,20260926,1.0,2.887270422746724e-09,1
s15_1_retained_1_t024,15,1,retained_labeled_MI,1,s15.mat,95011e9b668784c8dad3c45bb6105232190848db6100eafe53d4ddff55cb35d7,83455,Cho2017,Q15-E006,MU_BETA_SHARED,20260926,3.024384408602928e-17,1.0,2
s15_1_retained_1_t025,15,1,retained_labeled_MI,1,s15.mat,95011e9b668784c8dad3c45bb6105232190848db6100eafe53d4ddff55cb35d7,87039,Cho2017,Q15-E006,MU_BETA_SHARED,20260926,0.9999969005584717,3.146618837490678e-06,1
s15_1_retained_1_t026,15,1,retained_labeled_MI,1,s15.mat,95011e9b668784c8dad3c45bb6105232190848db6100eafe53d4ddff55cb35d7,90623,Cho2017,Q15-E006,MU_BETA_SHARED,20260926,0.9794162511825562,0.020583748817443848,1
s15_1_retained_1_t027,15,1,retained_labeled_MI,1,s15.mat,95011e9b668784c8dad3c45bb6105232190848db6100eafe53d4ddff55cb35d7,94207,Cho2017,Q15-E006,MU_BETA_SHARED,20260926,4.1079198376259285e-10,1.0,2
s15_1_retained_1_t028,15,1,retained_labeled_MI,1,s15.mat,95011e9b668784c8dad3c45bb6105232190848db6100eafe53d4ddff55cb35d7,97791,Cho2017,Q15-E006,MU_BETA_SHARED,20260926,0.9931561350822449,0.006843806244432926,1
s15_1_retained_1_t029,15,1,retained_labeled_MI,1,s15.mat,95011e9b668784c8dad3c45bb6105232190848db6100eafe53d4ddff55cb35d7,101375,Cho2017,Q15-E006,MU_BETA_SHARED,20260926,0.9999998807907104,8.451578992207942e-08,1
s15_1_retained_1_t030,15,1,retained_labeled_MI,1,s15.mat,95011e9b668784c8dad3c45bb6105232190848db6100eafe53d4ddff55cb35d7,104959,Cho2017,Q15-E006,MU_BETA_SHARED,20260926,9.820056767750884e-09,1.0,2
s15_1_retained_1_t031,15,1,retained_labeled_MI,1,s15.mat,95011e9b668784c8dad3c45bb6105232190848db6100eafe53d4ddff55cb35d7,108543,Cho2017,Q15-E006,MU_BETA_SHARED,20260926,1.0,1.3630837469624834e-15,1
s15_1_retained_1_t032,15,1,retained_labeled_MI,1,s15.mat,95011e9b668784c8dad3c45bb6105232190848db6100eafe53d4ddff55cb35d7,112127,Cho2017,Q15-E006,MU_BETA_SHARED,20260926,2.6997613034041024e-09,1.0,2
s15_1_retained_1_t033,15,1,retained_labeled_MI,1,s15.mat,95011e9b668784c8dad3c45bb6105232190848db6100eafe53d4ddff55cb35d7,115711,Cho2017,Q15-E006,MU_BETA_SHARED,20260926,2.0019962250483747e-12,1.0,2
s15_1_retained_1_t034,15,1,retained_labeled_MI,1,s15.mat,95011e9b668784c8dad3c45bb6105232190848db6100eafe53d4ddff55cb35d7,119295,Cho2017,Q15-E006,MU_BETA_SHARED,20260926,8.426476205171396e-14,1.0,2
s15_1_retained_1_t035,15,1,retained_labeled_MI,1,s15.mat,95011e9b668784c8dad3c45bb6105232190848db6100eafe53d4ddff55cb35d7,122879,Cho2017,Q15-E006,MU_BETA_SHARED,20260926,0.9999998807907104,1.5059026736707892e-07,1
s15_1_retained_1_t036,15,1,retained_labeled_MI,1,s15.mat,95011e9b668784c8dad3c45bb6105232190848db6100eafe53d4ddff55cb35d7,126463,Cho2017,Q15-E006,MU_BETA_SHARED,20260926,8.446281174467885e-11,1.0,2
s15_1_retained_1_t037,15,1,retained_labeled_MI,1,s15.mat,95011e9b668784c8dad3c45bb6105232190848db6100eafe53d4ddff55cb35d7,130047,Cho2017,Q15-E006,MU_BETA_SHARED,20260926,4.477221371423923e-11,1.0,2
s15_1_retained_1_t038,15,1,retained_labeled_MI,1,s15.mat,95011e9b668784c8dad3c45bb6105232190848db6100eafe53d4ddff55cb35d7,133631,Cho2017,Q15-E006,MU_BETA_SHARED,20260926,6.107364606577903e-05,0.99993896484375,2
s15_1_retained_1_t039,15,1,retained_labeled_MI,1,s15.mat,95011e9b668784c8dad3c45bb6105232190848db6100eafe53d4ddff55cb35d7,137215,Cho2017,Q15-E006,MU_BETA_SHARED,20260926,0.1762908548116684,0.8237091898918152,2
s15_1_retained_1_t040,15,1,retained_labeled_MI,1,s15.mat,95011e9b668784c8dad3c45bb6105232190848db6100eafe53d4ddff55cb35d7,140799,Cho2017,Q15-E006,MU_BETA_SHARED,20260926,7.396738510578871e-08,0.9999998807907104,2
s15_1_retained_1_t041,15,1,retained_labeled_MI,1,s15.mat,95011e9b668784c8dad3c45bb6105232190848db6100eafe53d4ddff55cb35d7,144383,Cho2017,Q15-E006,MU_BETA_SHARED,20260926,1.742882578743877e-18,1.0,2
s15_1_retained_1_t042,15,1,retained_labeled_MI,1,s15.mat,95011e9b668784c8dad3c45bb6105232190848db6100eafe53d4ddff55cb35d7,147967,Cho2017,Q15-E006,MU_BETA_SHARED,20260926,1.9093484571186536e-09,1.0,2
s15_1_retained_1_t043,15,1,retained_labeled_MI,1,s15.mat,95011e9b668784c8dad3c45bb6105232190848db6100eafe53d4ddff55cb35d7,151551,Cho2017,Q15-E006,MU_BETA_SHARED,20260926,9.404817546965205e-08,0.9999998807907104,2
s15_1_retained_1_t044,15,1,retained_labeled_MI,1,s15.mat,95011e9b668784c8dad3c45bb6105232190848db6100eafe53d4ddff55cb35d7,155135,Cho2017,Q15-E006,MU_BETA_SHARED,20260926,0.2950103282928467,0.7049896121025085,2
s15_1_retained_1_t045,15,1,retained_labeled_MI,1,s15.mat,95011e9b668784c8dad3c45bb6105232190848db6100eafe53d4ddff55cb35d7,158719,Cho2017,Q15-E006,MU_BETA_SHARED,20260926,2.087734901579097e-05,0.9999791383743286,2
s15_1_retained_1_t046,15,1,retained_labeled_MI,1,s15.mat,95011e9b668784c8dad3c45bb6105232190848db6100eafe53d4ddff55cb35d7,162303,Cho2017,Q15-E006,MU_BETA_SHARED,20260926,7.569389026684803e-08,0.9999998807907104,2
s15_1_retained_1_t047,15,1,retained_labeled_MI,1,s15.mat,95011e9b668784c8dad3c45bb6105232190848db6100eafe53d4ddff55cb35d7,165887,Cho2017,Q15-E006,MU_BETA_SHARED,20260926,1.845841097747325e-07,0.9999997615814209,2
s15_1_retained_1_t048,15,1,retained_labeled_MI,1,s15.mat,95011e9b668784c8dad3c45bb6105232190848db6100eafe53d4ddff55cb35d7,169471,Cho2017,Q15-E006,MU_BETA_SHARED,20260926,3.3759859352500143e-09,1.0,2
s15_1_retained_1_t049,15,1,retained_labeled_MI,1,s15.mat,95011e9b668784c8dad3c45bb6105232190848db6100eafe53d4ddff55cb35d7,173055,Cho2017,Q15-E006,MU_BETA_SHARED,20260926,4.584327140122468e-09,1.0,2
s15_1_retained_1_t050,15,1,retained_labeled_MI,1,s15.mat,95011e9b668784c8dad3c45bb6105232190848db6100eafe53d4ddff55cb35d7,176639,Cho2017,Q15-E006,MU_BETA_SHARED,20260926,0.8807097673416138,0.119290292263031,1
s15_1_retained_1_t051,15,1,retained_labeled_MI,1,s15.mat,95011e9b668784c8dad3c45bb6105232190848db6100eafe53d4ddff55cb35d7,180223,Cho2017,Q15-E006,MU_BETA_SHARED,20260926,2.7328899250278482e-06,0.9999972581863403,2
s15_1_retained_1_t052,15,1,retained_labeled_MI,1,s15.mat,95011e9b668784c8dad3c45bb6105232190848db6100eafe53d4ddff55cb35d7,183807,Cho2017,Q15-E006,MU_BETA_SHARED,20260926,4.2140246137023496e-07,0.9999995231628418,2
s15_1_retained_1_t053,15,1,retained_labeled_MI,1,s15.mat,95011e9b668784c8dad3c45bb6105232190848db6100eafe53d4ddff55cb35d7,187391,Cho2017,Q15-E006,MU_BETA_SHARED,20260926,5.466550323518504e-09,1.0,2
s15_1_retained_1_t054,15,1,retained_labeled_MI,1,s15.mat,95011e9b668784c8dad3c45bb6105232190848db6100eafe53d4ddff55cb35d7,190975,Cho2017,Q15-E006,MU_BETA_SHARED,20260926,1.18893787913156e-17,1.0,2
s15_1_retained_1_t055,15,1,retained_labeled_MI,1,s15.mat,95011e9b668784c8dad3c45bb6105232190848db6100eafe53d4ddff55cb35d7,194559,Cho2017,Q15-E006,MU_BETA_SHARED,20260926,0.034412045031785965,0.9655879139900208,2
s15_1_retained_1_t056,15,1,retained_labeled_MI,1,s15.mat,95011e9b668784c8dad3c45bb6105232190848db6100eafe53d4ddff55cb35d7,198143,Cho2017,Q15-E006,MU_BETA_SHARED,20260926,9.510025823474336e-14,1.0,2
s15_1_retained_1_t057,15,1,retained_labeled_MI,1,s15.mat,95011e9b668784c8dad3c45bb6105232190848db6100eafe53d4ddff55cb35d7,201727,Cho2017,Q15-E006,MU_BETA_SHARED,20260926,5.5092743423301727e-05,0.9999449253082275,2
s15_1_retained_1_t058,15,1,retained_labeled_MI,1,s15.mat,95011e9b668784c8dad3c45bb6105232190848db6100eafe53d4ddff55cb35d7,205311,Cho2017,Q15-E006,MU_BETA_SHARED,20260926,0.0005128126358613372,0.9994871616363525,2
s15_1_retained_1_t059,15,1,retained_labeled_MI,1,s15.mat,95011e9b668784c8dad3c45bb6105232190848db6100eafe53d4ddff55cb35d7,208895,Cho2017,Q15-E006,MU_BETA_SHARED,20260926,1.0,5.738362259324892e-14,1
s15_1_retained_1_t060,15,1,retained_labeled_MI,1,s15.mat,95011e9b668784c8dad3c45bb6105232190848db6100eafe53d4ddff55cb35d7,212479,Cho2017,Q15-E006,MU_BETA_SHARED,20260926,5.243677714261707e-10,1.0,2
s15_1_retained_1_t061,15,1,retained_labeled_MI,1,s15.mat,95011e9b668784c8dad3c45bb6105232190848db6100eafe53d4ddff55cb35d7,216063,Cho2017,Q15-E006,MU_BETA_SHARED,20260926,4.854811095356126e-07,0.9999995231628418,2
s15_1_retained_1_t062,15,1,retained_labeled_MI,1,s15.mat,95011e9b668784c8dad3c45bb6105232190848db6100eafe53d4ddff55cb35d7,219647,Cho2017,Q15-E006,MU_BETA_SHARED,20260926,1.5661118070946105e-17,1.0,2
s15_1_retained_1_t063,15,1,retained_labeled_MI,1,s15.mat,95011e9b668784c8dad3c45bb6105232190848db6100eafe53d4ddff55cb35d7,223231,Cho2017,Q15-E006,MU_BETA_SHARED,20260926,9.055308503036485e-09,1.0,2
s15_1_retained_1_t064,15,1,retained_labeled_MI,1,s15.mat,95011e9b668784c8dad3c45bb6105232190848db6100eafe53d4ddff55cb35d7,226815,Cho2017,Q15-E006,MU_BETA_SHARED,20260926,5.742507624972859e-08,1.0,2
s15_1_retained_1_t065,15,1,retained_labeled_MI,1,s15.mat,95011e9b668784c8dad3c45bb6105232190848db6100eafe53d4ddff55cb35d7,230399,Cho2017,Q15-E006,MU_BETA_SHARED,20260926,0.9396705627441406,0.06032947823405266,1
s15_1_retained_1_t066,15,1,retained_labeled_MI,1,s15.mat,95011e9b668784c8dad3c45bb6105232190848db6100eafe53d4ddff55cb35d7,233983,Cho2017,Q15-E006,MU_BETA_SHARED,20260926,1.4509483024782721e-11,1.0,2
s15_1_retained_1_t067,15,1,retained_labeled_MI,1,s15.mat,95011e9b668784c8dad3c45bb6105232190848db6100eafe53d4ddff55cb35d7,237567,Cho2017,Q15-E006,MU_BETA_SHARED,20260926,0.00012316805077716708,0.999876856803894,2
s15_1_retained_1_t068,15,1,retained_labeled_MI,1,s15.mat,95011e9b668784c8dad3c45bb6105232190848db6100eafe53d4ddff55cb35d7,241151,Cho2017,Q15-E006,MU_BETA_SHARED,20260926,1.7556692766262927e-09,1.0,2
s15_1_retained_1_t069,15,1,retained_labeled_MI,1,s15.mat,95011e9b668784c8dad3c45bb6105232190848db6100eafe53d4ddff55cb35d7,244735,Cho2017,Q15-E006,MU_BETA_SHARED,20260926,1.1955286254305975e-06,0.9999988079071045,2
s15_1_retained_1_t070,15,1,retained_labeled_MI,1,s15.mat,95011e9b668784c8dad3c45bb6105232190848db6100eafe53d4ddff55cb35d7,248319,Cho2017,Q15-E006,MU_BETA_SHARED,20260926,0.9994978904724121,0.0005020834505558014,1
s15_1_retained_1_t071,15,1,retained_labeled_MI,1,s15.mat,95011e9b668784c8dad3c45bb6105232190848db6100eafe53d4ddff55cb35d7,251903,Cho2017,Q15-E006,MU_BETA_SHARED,20260926,1.8063285311953337e-09,1.0,2
s15_1_retained_1_t072,15,1,retained_labeled_MI,1,s15.mat,95011e9b668784c8dad3c45bb6105232190848db6100eafe53d4ddff55cb35d7,255487,Cho2017,Q15-E006,MU_BETA_SHARED,20260926,5.9523639350800295e-08,1.0,2
s15_1_retained_1_t073,15,1,retained_labeled_MI,1,s15.mat,95011e9b668784c8dad3c45bb6105232190848db6100eafe53d4ddff55cb35d7,259071,Cho2017,Q15-E006,MU_BETA_SHARED,20260926,5.646005774906371e-06,0.9999943971633911,2
s15_1_retained_1_t074,15,1,retained_labeled_MI,1,s15.mat,95011e9b668784c8dad3c45bb6105232190848db6100eafe53d4ddff55cb35d7,262655,Cho2017,Q15-E006,MU_BETA_SHARED,20260926,3.498868555995571e-11,1.0,2
s15_1_retained_1_t075,15,1,retained_labeled_MI,1,s15.mat,95011e9b668784c8dad3c45bb6105232190848db6100eafe53d4ddff55cb35d7,266239,Cho2017,Q15-E006,MU_BETA_SHARED,20260926,3.839615601464175e-05,0.9999616146087646,2
s15_1_retained_1_t076,15,1,retained_labeled_MI,1,s15.mat,95011e9b668784c8dad3c45bb6105232190848db6100eafe53d4ddff55cb35d7,269823,Cho2017,Q15-E006,MU_BETA_SHARED,20260926,1.6245838008188684e-09,1.0,2
s15_1_retained_1_t077,15,1,retained_labeled_MI,1,s15.mat,95011e9b668784c8dad3c45bb6105232190848db6100eafe53d4ddff55cb35d7,273407,Cho2017,Q15-E006,MU_BETA_SHARED,20260926,4.434510980644291e-09,1.0,2
s15_1_retained_1_t078,15,1,retained_labeled_MI,1,s15.mat,95011e9b668784c8dad3c45bb6105232190848db6100eafe53d4ddff55cb35d7,276991,Cho2017,Q15-E006,MU_BETA_SHARED,20260926,2.383285346851949e-09,1.0,2
s15_1_retained_1_t079,15,1,retained_labeled_MI,1,s15.mat,95011e9b668784c8dad3c45bb6105232190848db6100eafe53d4ddff55cb35d7,280575,Cho2017,Q15-E006,MU_BETA_SHARED,20260926,0.9983972907066345,0.0016027030069380999,1
s15_1_retained_1_t080,15,1,retained_labeled_MI,1,s15.mat,95011e9b668784c8dad3c45bb6105232190848db6100eafe53d4ddff55cb35d7,284159,Cho2017,Q15-E006,MU_BETA_SHARED,20260926,1.6183847037609667e-05,0.9999837875366211,2
s15_1_retained_1_t081,15,1,retained_labeled_MI,1,s15.mat,95011e9b668784c8dad3c45bb6105232190848db6100eafe53d4ddff55cb35d7,287743,Cho2017,Q15-E006,MU_BETA_SHARED,20260926,0.9998387098312378,0.0001612803025636822,1
s15_1_retained_1_t082,15,1,retained_labeled_MI,1,s15.mat,95011e9b668784c8dad3c45bb6105232190848db6100eafe53d4ddff55cb35d7,291327,Cho2017,Q15-E006,MU_BETA_SHARED,20260926,0.054632119834423065,0.9453678131103516,2
s15_1_retained_1_t083,15,1,retained_labeled_MI,1,s15.mat,95011e9b668784c8dad3c45bb6105232190848db6100eafe53d4ddff55cb35d7,294911,Cho2017,Q15-E006,MU_BETA_SHARED,20260926,4.9058923590195036e-11,1.0,2
s15_1_retained_1_t084,15,1,retained_labeled_MI,1,s15.mat,95011e9b668784c8dad3c45bb6105232190848db6100eafe53d4ddff55cb35d7,298495,Cho2017,Q15-E006,MU_BETA_SHARED,20260926,0.9999946355819702,5.364545813790755e-06,1
s15_1_retained_1_t085,15,1,retained_labeled_MI,1,s15.mat,95011e9b668784c8dad3c45bb6105232190848db6100eafe53d4ddff55cb35d7,302079,Cho2017,Q15-E006,MU_BETA_SHARED,20260926,0.9990523457527161,0.0009477020939812064,1
s15_1_retained_1_t086,15,1,retained_labeled_MI,1,s15.mat,95011e9b668784c8dad3c45bb6105232190848db6100eafe53d4ddff55cb35d7,305663,Cho2017,Q15-E006,MU_BETA_SHARED,20260926,0.2550768256187439,0.7449231743812561,2
s15_1_retained_1_t087,15,1,retained_labeled_MI,1,s15.mat,95011e9b668784c8dad3c45bb6105232190848db6100eafe53d4ddff55cb35d7,309247,Cho2017,Q15-E006,MU_BETA_SHARED,20260926,3.0800383791062338e-24,1.0,2
s15_1_retained_1_t088,15,1,retained_labeled_MI,1,s15.mat,95011e9b668784c8dad3c45bb6105232190848db6100eafe53d4ddff55cb35d7,312831,Cho2017,Q15-E006,MU_BETA_SHARED,20260926,4.255522323415306e-11,1.0,2
s15_1_retained_1_t089,15,1,retained_labeled_MI,1,s15.mat,95011e9b668784c8dad3c45bb6105232190848db6100eafe53d4ddff55cb35d7,316415,Cho2017,Q15-E006,MU_BETA_SHARED,20260926,5.705468243038039e-14,1.0,2
s15_1_retained_1_t090,15,1,retained_labeled_MI,1,s15.mat,95011e9b668784c8dad3c45bb6105232190848db6100eafe53d4ddff55cb35d7,319999,Cho2017,Q15-E006,MU_BETA_SHARED,20260926,1.963521359393816e-12,1.0,2
s15_1_retained_1_t091,15,1,retained_labeled_MI,1,s15.mat,95011e9b668784c8dad3c45bb6105232190848db6100eafe53d4ddff55cb35d7,323583,Cho2017,Q15-E006,MU_BETA_SHARED,20260926,0.13016821444034576,0.8698317408561707,2
s15_1_retained_1_t092,15,1,retained_labeled_MI,1,s15.mat,95011e9b668784c8dad3c45bb6105232190848db6100eafe53d4ddff55cb35d7,327167,Cho2017,Q15-E006,MU_BETA_SHARED,20260926,0.00028372235829010606,0.9997162222862244,2
s15_1_retained_1_t093,15,1,retained_labeled_MI,1,s15.mat,95011e9b668784c8dad3c45bb6105232190848db6100eafe53d4ddff55cb35d7,330751,Cho2017,Q15-E006,MU_BETA_SHARED,20260926,0.005230421666055918,0.9947695136070251,2
s15_1_retained_1_t094,15,1,retained_labeled_MI,1,s15.mat,95011e9b668784c8dad3c45bb6105232190848db6100eafe53d4ddff55cb35d7,334335,Cho2017,Q15-E006,MU_BETA_SHARED,20260926,4.4107428077760566e-15,1.0,2
s15_1_retained_1_t095,15,1,retained_labeled_MI,1,s15.mat,95011e9b668784c8dad3c45bb6105232190848db6100eafe53d4ddff55cb35d7,337919,Cho2017,Q15-E006,MU_BETA_SHARED,20260926,0.9999966621398926,3.2952477795333834e-06,1
s15_1_retained_1_t096,15,1,retained_labeled_MI,1,s15.mat,95011e9b668784c8dad3c45bb6105232190848db6100eafe53d4ddff55cb35d7,341503,Cho2017,Q15-E006,MU_BETA_SHARED,20260926,1.0,4.2615373452292715e-09,1
s15_1_retained_1_t097,15,1,retained_labeled_MI,1,s15.mat,95011e9b668784c8dad3c45bb6105232190848db6100eafe53d4ddff55cb35d7,345087,Cho2017,Q15-E006,MU_BETA_SHARED,20260926,0.15668171644210815,0.8433182239532471,2
s15_1_retained_1_t098,15,1,retained_labeled_MI,1,s15.mat,95011e9b668784c8dad3c45bb6105232190848db6100eafe53d4ddff55cb35d7,348671,Cho2017,Q15-E006,MU_BETA_SHARED,20260926,2.5745532372667412e-09,1.0,2
s15_1_retained_1_t099,15,1,retained_labeled_MI,1,s15.mat,95011e9b668784c8dad3c45bb6105232190848db6100eafe53d4ddff55cb35d7,352255,Cho2017,Q15-E006,MU_BETA_SHARED,20260926,2.3428757600640893e-08,1.0,2
s15_1_retained_1_t100,15,1,retained_labeled_MI,1,s15.mat,95011e9b668784c8dad3c45bb6105232190848db6100eafe53d4ddff55cb35d7,355839,Cho2017,Q15-E006,MU_BETA_SHARED,20260926,9.073973410282812e-22,1.0,2
s15_1_retained_2_t001,15,1,retained_labeled_MI,2,s15.mat,95011e9b668784c8dad3c45bb6105232190848db6100eafe53d4ddff55cb35d7,1023,Cho2017,Q15-E006,MU_BETA_SHARED,20260926,0.629793643951416,0.37020638585090637,1
s15_1_retained_2_t002,15,1,retained_labeled_MI,2,s15.mat,95011e9b668784c8dad3c45bb6105232190848db6100eafe53d4ddff55cb35d7,4607,Cho2017,Q15-E006,MU_BETA_SHARED,20260926,0.05235138162970543,0.9476485848426819,2
s15_1_retained_2_t003,15,1,retained_labeled_MI,2,s15.mat,95011e9b668784c8dad3c45bb6105232190848db6100eafe53d4ddff55cb35d7,8191,Cho2017,Q15-E006,MU_BETA_SHARED,20260926,3.249377414249466e-06,0.9999967813491821,2
s15_1_retained_2_t004,15,1,retained_labeled_MI,2,s15.mat,95011e9b668784c8dad3c45bb6105232190848db6100eafe53d4ddff55cb35d7,11775,Cho2017,Q15-E006,MU_BETA_SHARED,20260926,7.411540356426659e-19,1.0,2
s15_1_retained_2_t005,15,1,retained_labeled_MI,2,s15.mat,95011e9b668784c8dad3c45bb6105232190848db6100eafe53d4ddff55cb35d7,15359,Cho2017,Q15-E006,MU_BETA_SHARED,20260926,1.6475325295661002e-23,1.0,2
s15_1_retained_2_t006,15,1,retained_labeled_MI,2,s15.mat,95011e9b668784c8dad3c45bb6105232190848db6100eafe53d4ddff55cb35d7,18943,Cho2017,Q15-E006,MU_BETA_SHARED,20260926,2.993448876955375e-26,1.0,2
s15_1_retained_2_t007,15,1,retained_labeled_MI,2,s15.mat,95011e9b668784c8dad3c45bb6105232190848db6100eafe53d4ddff55cb35d7,22527,Cho2017,Q15-E006,MU_BETA_SHARED,20260926,1.1703309475605471e-17,1.0,2
s15_1_retained_2_t008,15,1,retained_labeled_MI,2,s15.mat,95011e9b668784c8dad3c45bb6105232190848db6100eafe53d4ddff55cb35d7,26111,Cho2017,Q15-E006,MU_BETA_SHARED,20260926,1.0,1.8869071569479416e-19,1
s15_1_retained_2_t009,15,1,retained_labeled_MI,2,s15.mat,95011e9b668784c8dad3c45bb6105232190848db6100eafe53d4ddff55cb35d7,29695,Cho2017,Q15-E006,MU_BETA_SHARED,20260926,0.9995710253715515,0.0004289808275643736,1
s15_1_retained_2_t010,15,1,retained_labeled_MI,2,s15.mat,95011e9b668784c8dad3c45bb6105232190848db6100eafe53d4ddff55cb35d7,33279,Cho2017,Q15-E006,MU_BETA_SHARED,20260926,0.04107220470905304,0.9589277505874634,2
s15_1_retained_2_t011,15,1,retained_labeled_MI,2,s15.mat,95011e9b668784c8dad3c45bb6105232190848db6100eafe53d4ddff55cb35d7,36863,Cho2017,Q15-E006,MU_BETA_SHARED,20260926,0.0005168264033272862,0.9994831085205078,2
s15_1_retained_2_t012,15,1,retained_labeled_MI,2,s15.mat,95011e9b668784c8dad3c45bb6105232190848db6100eafe53d4ddff55cb35d7,40447,Cho2017,Q15-E006,MU_BETA_SHARED,20260926,8.145946590876196e-12,1.0,2
s15_1_retained_2_t013,15,1,retained_labeled_MI,2,s15.mat,95011e9b668784c8dad3c45bb6105232190848db6100eafe53d4ddff55cb35d7,44031,Cho2017,Q15-E006,MU_BETA_SHARED,20260926,0.0002080639242194593,0.9997919201850891,2
s15_1_retained_2_t014,15,1,retained_labeled_MI,2,s15.mat,95011e9b668784c8dad3c45bb6105232190848db6100eafe53d4ddff55cb35d7,47615,Cho2017,Q15-E006,MU_BETA_SHARED,20260926,0.0065847039222717285,0.9934152364730835,2
s15_1_retained_2_t015,15,1,retained_labeled_MI,2,s15.mat,95011e9b668784c8dad3c45bb6105232190848db6100eafe53d4ddff55cb35d7,51199,Cho2017,Q15-E006,MU_BETA_SHARED,20260926,6.759489679097896e-08,0.9999998807907104,2
s15_1_retained_2_t016,15,1,retained_labeled_MI,2,s15.mat,95011e9b668784c8dad3c45bb6105232190848db6100eafe53d4ddff55cb35d7,54783,Cho2017,Q15-E006,MU_BETA_SHARED,20260926,4.743289991893107e-07,0.9999995231628418,2
s15_1_retained_2_t017,15,1,retained_labeled_MI,2,s15.mat,95011e9b668784c8dad3c45bb6105232190848db6100eafe53d4ddff55cb35d7,58367,Cho2017,Q15-E006,MU_BETA_SHARED,20260926,3.7603542502040455e-10,1.0,2
s15_1_retained_2_t018,15,1,retained_labeled_MI,2,s15.mat,95011e9b668784c8dad3c45bb6105232190848db6100eafe53d4ddff55cb35d7,61951,Cho2017,Q15-E006,MU_BETA_SHARED,20260926,0.14971928298473358,0.85028076171875,2
s15_1_retained_2_t019,15,1,retained_labeled_MI,2,s15.mat,95011e9b668784c8dad3c45bb6105232190848db6100eafe53d4ddff55cb35d7,65535,Cho2017,Q15-E006,MU_BETA_SHARED,20260926,4.114705465241286e-09,1.0,2
s15_1_retained_2_t020,15,1,retained_labeled_MI,2,s15.mat,95011e9b668784c8dad3c45bb6105232190848db6100eafe53d4ddff55cb35d7,69119,Cho2017,Q15-E006,MU_BETA_SHARED,20260926,4.6909243950418145e-26,1.0,2
s15_1_retained_2_t021,15,1,retained_labeled_MI,2,s15.mat,95011e9b668784c8dad3c45bb6105232190848db6100eafe53d4ddff55cb35d7,72703,Cho2017,Q15-E006,MU_BETA_SHARED,20260926,1.9617477875987464e-15,1.0,2
s15_1_retained_2_t022,15,1,retained_labeled_MI,2,s15.mat,95011e9b668784c8dad3c45bb6105232190848db6100eafe53d4ddff55cb35d7,76287,Cho2017,Q15-E006,MU_BETA_SHARED,20260926,3.41135364578804e-06,0.999996542930603,2
s15_1_retained_2_t023,15,1,retained_labeled_MI,2,s15.mat,95011e9b668784c8dad3c45bb6105232190848db6100eafe53d4ddff55cb35d7,79871,Cho2017,Q15-E006,MU_BETA_SHARED,20260926,2.0544895308727382e-16,1.0,2
s15_1_retained_2_t024,15,1,retained_labeled_MI,2,s15.mat,95011e9b668784c8dad3c45bb6105232190848db6100eafe53d4ddff55cb35d7,83455,Cho2017,Q15-E006,MU_BETA_SHARED,20260926,0.6665577292442322,0.3334423005580902,1
s15_1_retained_2_t025,15,1,retained_labeled_MI,2,s15.mat,95011e9b668784c8dad3c45bb6105232190848db6100eafe53d4ddff55cb35d7,87039,Cho2017,Q15-E006,MU_BETA_SHARED,20260926,0.9981544613838196,0.0018455091631039977,1
s15_1_retained_2_t026,15,1,retained_labeled_MI,2,s15.mat,95011e9b668784c8dad3c45bb6105232190848db6100eafe53d4ddff55cb35d7,90623,Cho2017,Q15-E006,MU_BETA_SHARED,20260926,2.968073062699421e-16,1.0,2
s15_1_retained_2_t027,15,1,retained_labeled_MI,2,s15.mat,95011e9b668784c8dad3c45bb6105232190848db6100eafe53d4ddff55cb35d7,94207,Cho2017,Q15-E006,MU_BETA_SHARED,20260926,0.003210522932931781,0.9967893958091736,2
s15_1_retained_2_t028,15,1,retained_labeled_MI,2,s15.mat,95011e9b668784c8dad3c45bb6105232190848db6100eafe53d4ddff55cb35d7,97791,Cho2017,Q15-E006,MU_BETA_SHARED,20260926,0.009818918071687222,0.9901810884475708,2
s15_1_retained_2_t029,15,1,retained_labeled_MI,2,s15.mat,95011e9b668784c8dad3c45bb6105232190848db6100eafe53d4ddff55cb35d7,101375,Cho2017,Q15-E006,MU_BETA_SHARED,20260926,3.088673474849202e-05,0.9999691247940063,2
s15_1_retained_2_t030,15,1,retained_labeled_MI,2,s15.mat,95011e9b668784c8dad3c45bb6105232190848db6100eafe53d4ddff55cb35d7,104959,Cho2017,Q15-E006,MU_BETA_SHARED,20260926,6.767991322931266e-08,0.9999998807907104,2
s15_1_retained_2_t031,15,1,retained_labeled_MI,2,s15.mat,95011e9b668784c8dad3c45bb6105232190848db6100eafe53d4ddff55cb35d7,108543,Cho2017,Q15-E006,MU_BETA_SHARED,20260926,5.820452315674629e-07,0.9999994039535522,2
s15_1_retained_2_t032,15,1,retained_labeled_MI,2,s15.mat,95011e9b668784c8dad3c45bb6105232190848db6100eafe53d4ddff55cb35d7,112127,Cho2017,Q15-E006,MU_BETA_SHARED,20260926,3.237064256967785e-16,1.0,2
s15_1_retained_2_t033,15,1,retained_labeled_MI,2,s15.mat,95011e9b668784c8dad3c45bb6105232190848db6100eafe53d4ddff55cb35d7,115711,Cho2017,Q15-E006,MU_BETA_SHARED,20260926,2.1370041736190615e-08,1.0,2
s15_1_retained_2_t034,15,1,retained_labeled_MI,2,s15.mat,95011e9b668784c8dad3c45bb6105232190848db6100eafe53d4ddff55cb35d7,119295,Cho2017,Q15-E006,MU_BETA_SHARED,20260926,3.783877354798245e-23,1.0,2
s15_1_retained_2_t035,15,1,retained_labeled_MI,2,s15.mat,95011e9b668784c8dad3c45bb6105232190848db6100eafe53d4ddff55cb35d7,122879,Cho2017,Q15-E006,MU_BETA_SHARED,20260926,2.895566413757187e-19,1.0,2
s15_1_retained_2_t036,15,1,retained_labeled_MI,2,s15.mat,95011e9b668784c8dad3c45bb6105232190848db6100eafe53d4ddff55cb35d7,126463,Cho2017,Q15-E006,MU_BETA_SHARED,20260926,1.6193728293635577e-18,1.0,2
s15_1_retained_2_t037,15,1,retained_labeled_MI,2,s15.mat,95011e9b668784c8dad3c45bb6105232190848db6100eafe53d4ddff55cb35d7,130047,Cho2017,Q15-E006,MU_BETA_SHARED,20260926,0.00017053194460459054,0.9998294115066528,2
s15_1_retained_2_t038,15,1,retained_labeled_MI,2,s15.mat,95011e9b668784c8dad3c45bb6105232190848db6100eafe53d4ddff55cb35d7,133631,Cho2017,Q15-E006,MU_BETA_SHARED,20260926,3.3934918135074266e-14,1.0,2
s15_1_retained_2_t039,15,1,retained_labeled_MI,2,s15.mat,95011e9b668784c8dad3c45bb6105232190848db6100eafe53d4ddff55cb35d7,137215,Cho2017,Q15-E006,MU_BETA_SHARED,20260926,1.2380550751256436e-10,1.0,2
s15_1_retained_2_t040,15,1,retained_labeled_MI,2,s15.mat,95011e9b668784c8dad3c45bb6105232190848db6100eafe53d4ddff55cb35d7,140799,Cho2017,Q15-E006,MU_BETA_SHARED,20260926,4.771504805850535e-12,1.0,2
s15_1_retained_2_t041,15,1,retained_labeled_MI,2,s15.mat,95011e9b668784c8dad3c45bb6105232190848db6100eafe53d4ddff55cb35d7,144383,Cho2017,Q15-E006,MU_BETA_SHARED,20260926,1.0908331529724258e-13,1.0,2
s15_1_retained_2_t042,15,1,retained_labeled_MI,2,s15.mat,95011e9b668784c8dad3c45bb6105232190848db6100eafe53d4ddff55cb35d7,147967,Cho2017,Q15-E006,MU_BETA_SHARED,20260926,0.9999991655349731,8.91044123818574e-07,1
s15_1_retained_2_t043,15,1,retained_labeled_MI,2,s15.mat,95011e9b668784c8dad3c45bb6105232190848db6100eafe53d4ddff55cb35d7,151551,Cho2017,Q15-E006,MU_BETA_SHARED,20260926,6.60450930056733e-11,1.0,2
s15_1_retained_2_t044,15,1,retained_labeled_MI,2,s15.mat,95011e9b668784c8dad3c45bb6105232190848db6100eafe53d4ddff55cb35d7,155135,Cho2017,Q15-E006,MU_BETA_SHARED,20260926,1.1649583342432379e-07,0.9999998807907104,2
s15_1_retained_2_t045,15,1,retained_labeled_MI,2,s15.mat,95011e9b668784c8dad3c45bb6105232190848db6100eafe53d4ddff55cb35d7,158719,Cho2017,Q15-E006,MU_BETA_SHARED,20260926,2.0644005616077266e-08,1.0,2
s15_1_retained_2_t046,15,1,retained_labeled_MI,2,s15.mat,95011e9b668784c8dad3c45bb6105232190848db6100eafe53d4ddff55cb35d7,162303,Cho2017,Q15-E006,MU_BETA_SHARED,20260926,4.5048914598666556e-10,1.0,2
s15_1_retained_2_t047,15,1,retained_labeled_MI,2,s15.mat,95011e9b668784c8dad3c45bb6105232190848db6100eafe53d4ddff55cb35d7,165887,Cho2017,Q15-E006,MU_BETA_SHARED,20260926,1.693693829840375e-24,1.0,2
s15_1_retained_2_t048,15,1,retained_labeled_MI,2,s15.mat,95011e9b668784c8dad3c45bb6105232190848db6100eafe53d4ddff55cb35d7,169471,Cho2017,Q15-E006,MU_BETA_SHARED,20260926,2.0129300537519157e-06,0.9999979734420776,2
s15_1_retained_2_t049,15,1,retained_labeled_MI,2,s15.mat,95011e9b668784c8dad3c45bb6105232190848db6100eafe53d4ddff55cb35d7,173055,Cho2017,Q15-E006,MU_BETA_SHARED,20260926,7.720967615254537e-11,1.0,2
s15_1_retained_2_t050,15,1,retained_labeled_MI,2,s15.mat,95011e9b668784c8dad3c45bb6105232190848db6100eafe53d4ddff55cb35d7,176639,Cho2017,Q15-E006,MU_BETA_SHARED,20260926,1.0013668433332171e-22,1.0,2
s15_1_retained_2_t051,15,1,retained_labeled_MI,2,s15.mat,95011e9b668784c8dad3c45bb6105232190848db6100eafe53d4ddff55cb35d7,180223,Cho2017,Q15-E006,MU_BETA_SHARED,20260926,1.0133217983820941e-05,0.9999898672103882,2
s15_1_retained_2_t052,15,1,retained_labeled_MI,2,s15.mat,95011e9b668784c8dad3c45bb6105232190848db6100eafe53d4ddff55cb35d7,183807,Cho2017,Q15-E006,MU_BETA_SHARED,20260926,0.00166756147518754,0.9983324408531189,2
s15_1_retained_2_t053,15,1,retained_labeled_MI,2,s15.mat,95011e9b668784c8dad3c45bb6105232190848db6100eafe53d4ddff55cb35d7,187391,Cho2017,Q15-E006,MU_BETA_SHARED,20260926,0.9929218888282776,0.007078090216964483,1
s15_1_retained_2_t054,15,1,retained_labeled_MI,2,s15.mat,95011e9b668784c8dad3c45bb6105232190848db6100eafe53d4ddff55cb35d7,190975,Cho2017,Q15-E006,MU_BETA_SHARED,20260926,1.0,3.2770393065817416e-09,1
s15_1_retained_2_t055,15,1,retained_labeled_MI,2,s15.mat,95011e9b668784c8dad3c45bb6105232190848db6100eafe53d4ddff55cb35d7,194559,Cho2017,Q15-E006,MU_BETA_SHARED,20260926,2.784352956530789e-11,1.0,2
s15_1_retained_2_t056,15,1,retained_labeled_MI,2,s15.mat,95011e9b668784c8dad3c45bb6105232190848db6100eafe53d4ddff55cb35d7,198143,Cho2017,Q15-E006,MU_BETA_SHARED,20260926,4.687483179388607e-10,1.0,2
s15_1_retained_2_t057,15,1,retained_labeled_MI,2,s15.mat,95011e9b668784c8dad3c45bb6105232190848db6100eafe53d4ddff55cb35d7,201727,Cho2017,Q15-E006,MU_BETA_SHARED,20260926,0.1634892374277115,0.8365107178688049,2
s15_1_retained_2_t058,15,1,retained_labeled_MI,2,s15.mat,95011e9b668784c8dad3c45bb6105232190848db6100eafe53d4ddff55cb35d7,205311,Cho2017,Q15-E006,MU_BETA_SHARED,20260926,1.1927835292819405e-13,1.0,2
s15_1_retained_2_t059,15,1,retained_labeled_MI,2,s15.mat,95011e9b668784c8dad3c45bb6105232190848db6100eafe53d4ddff55cb35d7,208895,Cho2017,Q15-E006,MU_BETA_SHARED,20260926,3.012145113387348e-17,1.0,2
s15_1_retained_2_t060,15,1,retained_labeled_MI,2,s15.mat,95011e9b668784c8dad3c45bb6105232190848db6100eafe53d4ddff55cb35d7,212479,Cho2017,Q15-E006,MU_BETA_SHARED,20260926,1.131207802640432e-25,1.0,2
s15_1_retained_2_t061,15,1,retained_labeled_MI,2,s15.mat,95011e9b668784c8dad3c45bb6105232190848db6100eafe53d4ddff55cb35d7,216063,Cho2017,Q15-E006,MU_BETA_SHARED,20260926,5.509158193116488e-14,1.0,2
s15_1_retained_2_t062,15,1,retained_labeled_MI,2,s15.mat,95011e9b668784c8dad3c45bb6105232190848db6100eafe53d4ddff55cb35d7,219647,Cho2017,Q15-E006,MU_BETA_SHARED,20260926,1.6616751560822492e-18,1.0,2
s15_1_retained_2_t063,15,1,retained_labeled_MI,2,s15.mat,95011e9b668784c8dad3c45bb6105232190848db6100eafe53d4ddff55cb35d7,223231,Cho2017,Q15-E006,MU_BETA_SHARED,20260926,4.159593515508657e-18,1.0,2
s15_1_retained_2_t064,15,1,retained_labeled_MI,2,s15.mat,95011e9b668784c8dad3c45bb6105232190848db6100eafe53d4ddff55cb35d7,226815,Cho2017,Q15-E006,MU_BETA_SHARED,20260926,1.3819653179548015e-20,1.0,2
s15_1_retained_2_t065,15,1,retained_labeled_MI,2,s15.mat,95011e9b668784c8dad3c45bb6105232190848db6100eafe53d4ddff55cb35d7,230399,Cho2017,Q15-E006,MU_BETA_SHARED,20260926,3.2958827330242124e-20,1.0,2
s15_1_retained_2_t066,15,1,retained_labeled_MI,2,s15.mat,95011e9b668784c8dad3c45bb6105232190848db6100eafe53d4ddff55cb35d7,233983,Cho2017,Q15-E006,MU_BETA_SHARED,20260926,8.075832447218545e-09,1.0,2
s15_1_retained_2_t067,15,1,retained_labeled_MI,2,s15.mat,95011e9b668784c8dad3c45bb6105232190848db6100eafe53d4ddff55cb35d7,237567,Cho2017,Q15-E006,MU_BETA_SHARED,20260926,6.915790656754394e-15,1.0,2
s15_1_retained_2_t068,15,1,retained_labeled_MI,2,s15.mat,95011e9b668784c8dad3c45bb6105232190848db6100eafe53d4ddff55cb35d7,241151,Cho2017,Q15-E006,MU_BETA_SHARED,20260926,0.03191302344202995,0.9680869579315186,2
s15_1_retained_2_t069,15,1,retained_labeled_MI,2,s15.mat,95011e9b668784c8dad3c45bb6105232190848db6100eafe53d4ddff55cb35d7,244735,Cho2017,Q15-E006,MU_BETA_SHARED,20260926,9.410334111340651e-14,1.0,2
s15_1_retained_2_t070,15,1,retained_labeled_MI,2,s15.mat,95011e9b668784c8dad3c45bb6105232190848db6100eafe53d4ddff55cb35d7,248319,Cho2017,Q15-E006,MU_BETA_SHARED,20260926,2.531021002575147e-16,1.0,2
s15_1_retained_2_t071,15,1,retained_labeled_MI,2,s15.mat,95011e9b668784c8dad3c45bb6105232190848db6100eafe53d4ddff55cb35d7,251903,Cho2017,Q15-E006,MU_BETA_SHARED,20260926,1.6162836034086337e-22,1.0,2
s15_1_retained_2_t072,15,1,retained_labeled_MI,2,s15.mat,95011e9b668784c8dad3c45bb6105232190848db6100eafe53d4ddff55cb35d7,255487,Cho2017,Q15-E006,MU_BETA_SHARED,20260926,0.000916068849619478,0.9990838766098022,2
s15_1_retained_2_t073,15,1,retained_labeled_MI,2,s15.mat,95011e9b668784c8dad3c45bb6105232190848db6100eafe53d4ddff55cb35d7,259071,Cho2017,Q15-E006,MU_BETA_SHARED,20260926,7.260087442253343e-14,1.0,2
s15_1_retained_2_t074,15,1,retained_labeled_MI,2,s15.mat,95011e9b668784c8dad3c45bb6105232190848db6100eafe53d4ddff55cb35d7,262655,Cho2017,Q15-E006,MU_BETA_SHARED,20260926,6.81796961092902e-18,1.0,2
s15_1_retained_2_t075,15,1,retained_labeled_MI,2,s15.mat,95011e9b668784c8dad3c45bb6105232190848db6100eafe53d4ddff55cb35d7,266239,Cho2017,Q15-E006,MU_BETA_SHARED,20260926,2.1940684291621437e-06,0.9999978542327881,2
s15_1_retained_2_t076,15,1,retained_labeled_MI,2,s15.mat,95011e9b668784c8dad3c45bb6105232190848db6100eafe53d4ddff55cb35d7,269823,Cho2017,Q15-E006,MU_BETA_SHARED,20260926,0.3668363094329834,0.6331636905670166,2
s15_1_retained_2_t077,15,1,retained_labeled_MI,2,s15.mat,95011e9b668784c8dad3c45bb6105232190848db6100eafe53d4ddff55cb35d7,273407,Cho2017,Q15-E006,MU_BETA_SHARED,20260926,0.00020350012346170843,0.9997965693473816,2
s15_1_retained_2_t078,15,1,retained_labeled_MI,2,s15.mat,95011e9b668784c8dad3c45bb6105232190848db6100eafe53d4ddff55cb35d7,276991,Cho2017,Q15-E006,MU_BETA_SHARED,20260926,0.3712061047554016,0.6287938356399536,2
s15_1_retained_2_t079,15,1,retained_labeled_MI,2,s15.mat,95011e9b668784c8dad3c45bb6105232190848db6100eafe53d4ddff55cb35d7,280575,Cho2017,Q15-E006,MU_BETA_SHARED,20260926,9.329171746230713e-08,0.9999998807907104,2
s15_1_retained_2_t080,15,1,retained_labeled_MI,2,s15.mat,95011e9b668784c8dad3c45bb6105232190848db6100eafe53d4ddff55cb35d7,284159,Cho2017,Q15-E006,MU_BETA_SHARED,20260926,2.53955249718274e-07,0.9999997615814209,2
s15_1_retained_2_t081,15,1,retained_labeled_MI,2,s15.mat,95011e9b668784c8dad3c45bb6105232190848db6100eafe53d4ddff55cb35d7,287743,Cho2017,Q15-E006,MU_BETA_SHARED,20260926,0.0021410007029771805,0.9978589415550232,2
s15_1_retained_2_t082,15,1,retained_labeled_MI,2,s15.mat,95011e9b668784c8dad3c45bb6105232190848db6100eafe53d4ddff55cb35d7,291327,Cho2017,Q15-E006,MU_BETA_SHARED,20260926,4.030869388271796e-11,1.0,2
s15_1_retained_2_t083,15,1,retained_labeled_MI,2,s15.mat,95011e9b668784c8dad3c45bb6105232190848db6100eafe53d4ddff55cb35d7,294911,Cho2017,Q15-E006,MU_BETA_SHARED,20260926,6.184668109199265e-06,0.9999938011169434,2
s15_1_retained_2_t084,15,1,retained_labeled_MI,2,s15.mat,95011e9b668784c8dad3c45bb6105232190848db6100eafe53d4ddff55cb35d7,298495,Cho2017,Q15-E006,MU_BETA_SHARED,20260926,2.4601351924502524e-06,0.9999974966049194,2
s15_1_retained_2_t085,15,1,retained_labeled_MI,2,s15.mat,95011e9b668784c8dad3c45bb6105232190848db6100eafe53d4ddff55cb35d7,302079,Cho2017,Q15-E006,MU_BETA_SHARED,20260926,1.5250094520524726e-08,1.0,2
s15_1_retained_2_t086,15,1,retained_labeled_MI,2,s15.mat,95011e9b668784c8dad3c45bb6105232190848db6100eafe53d4ddff55cb35d7,305663,Cho2017,Q15-E006,MU_BETA_SHARED,20260926,1.182956474083643e-18,1.0,2
s15_1_retained_2_t087,15,1,retained_labeled_MI,2,s15.mat,95011e9b668784c8dad3c45bb6105232190848db6100eafe53d4ddff55cb35d7,309247,Cho2017,Q15-E006,MU_BETA_SHARED,20260926,0.9998493194580078,0.00015070888912305236,1
s15_1_retained_2_t088,15,1,retained_labeled_MI,2,s15.mat,95011e9b668784c8dad3c45bb6105232190848db6100eafe53d4ddff55cb35d7,312831,Cho2017,Q15-E006,MU_BETA_SHARED,20260926,1.672417585261353e-16,1.0,2
s15_1_retained_2_t089,15,1,retained_labeled_MI,2,s15.mat,95011e9b668784c8dad3c45bb6105232190848db6100eafe53d4ddff55cb35d7,316415,Cho2017,Q15-E006,MU_BETA_SHARED,20260926,0.76752108335495,0.23247890174388885,1
s15_1_retained_2_t090,15,1,retained_labeled_MI,2,s15.mat,95011e9b668784c8dad3c45bb6105232190848db6100eafe53d4ddff55cb35d7,319999,Cho2017,Q15-E006,MU_BETA_SHARED,20260926,0.9998527765274048,0.00014714412100147456,1
s15_1_retained_2_t091,15,1,retained_labeled_MI,2,s15.mat,95011e9b668784c8dad3c45bb6105232190848db6100eafe53d4ddff55cb35d7,323583,Cho2017,Q15-E006,MU_BETA_SHARED,20260926,0.0019181391689926386,0.9980819225311279,2
s15_1_retained_2_t092,15,1,retained_labeled_MI,2,s15.mat,95011e9b668784c8dad3c45bb6105232190848db6100eafe53d4ddff55cb35d7,327167,Cho2017,Q15-E006,MU_BETA_SHARED,20260926,4.322694217959928e-22,1.0,2
s15_1_retained_2_t093,15,1,retained_labeled_MI,2,s15.mat,95011e9b668784c8dad3c45bb6105232190848db6100eafe53d4ddff55cb35d7,330751,Cho2017,Q15-E006,MU_BETA_SHARED,20260926,1.861362974864278e-08,1.0,2
s15_1_retained_2_t094,15,1,retained_labeled_MI,2,s15.mat,95011e9b668784c8dad3c45bb6105232190848db6100eafe53d4ddff55cb35d7,334335,Cho2017,Q15-E006,MU_BETA_SHARED,20260926,1.1218305928650807e-07,0.9999998807907104,2
s15_1_retained_2_t095,15,1,retained_labeled_MI,2,s15.mat,95011e9b668784c8dad3c45bb6105232190848db6100eafe53d4ddff55cb35d7,337919,Cho2017,Q15-E006,MU_BETA_SHARED,20260926,1.4710305818214164e-23,1.0,2
s15_1_retained_2_t096,15,1,retained_labeled_MI,2,s15.mat,95011e9b668784c8dad3c45bb6105232190848db6100eafe53d4ddff55cb35d7,341503,Cho2017,Q15-E006,MU_BETA_SHARED,20260926,1.0979204362380472e-23,1.0,2
s15_1_retained_2_t097,15,1,retained_labeled_MI,2,s15.mat,95011e9b668784c8dad3c45bb6105232190848db6100eafe53d4ddff55cb35d7,345087,Cho2017,Q15-E006,MU_BETA_SHARED,20260926,6.928351226065388e-10,1.0,2
s15_1_retained_2_t098,15,1,retained_labeled_MI,2,s15.mat,95011e9b668784c8dad3c45bb6105232190848db6100eafe53d4ddff55cb35d7,348671,Cho2017,Q15-E006,MU_BETA_SHARED,20260926,9.217523705095623e-17,1.0,2
s15_1_retained_2_t099,15,1,retained_labeled_MI,2,s15.mat,95011e9b668784c8dad3c45bb6105232190848db6100eafe53d4ddff55cb35d7,352255,Cho2017,Q15-E006,MU_BETA_SHARED,20260926,1.124939075225484e-08,1.0,2
s15_1_retained_2_t100,15,1,retained_labeled_MI,2,s15.mat,95011e9b668784c8dad3c45bb6105232190848db6100eafe53d4ddff55cb35d7,355839,Cho2017,Q15-E006,MU_BETA_SHARED,20260926,2.5302973859062677e-23,1.0,2
s15_1_retained_1_t001,15,1,retained_labeled_MI,1,s15.mat,95011e9b668784c8dad3c45bb6105232190848db6100eafe53d4ddff55cb35d7,1023,Cho2017,Q15-E006,CSP4_LDA,deterministic,0.5203825694635682,0.47961743053643174,1
s15_1_retained_1_t002,15,1,retained_labeled_MI,1,s15.mat,95011e9b668784c8dad3c45bb6105232190848db6100eafe53d4ddff55cb35d7,4607,Cho2017,Q15-E006,CSP4_LDA,deterministic,0.6613799067747748,0.3386200932252253,1
s15_1_retained_1_t003,15,1,retained_labeled_MI,1,s15.mat,95011e9b668784c8dad3c45bb6105232190848db6100eafe53d4ddff55cb35d7,8191,Cho2017,Q15-E006,CSP4_LDA,deterministic,0.5578154110638651,0.44218458893613494,1
s15_1_retained_1_t004,15,1,retained_labeled_MI,1,s15.mat,95011e9b668784c8dad3c45bb6105232190848db6100eafe53d4ddff55cb35d7,11775,Cho2017,Q15-E006,CSP4_LDA,deterministic,0.7399326784150739,0.260067321584926,1
s15_1_retained_1_t005,15,1,retained_labeled_MI,1,s15.mat,95011e9b668784c8dad3c45bb6105232190848db6100eafe53d4ddff55cb35d7,15359,Cho2017,Q15-E006,CSP4_LDA,deterministic,0.5880579965071866,0.41194200349281335,1
s15_1_retained_1_t006,15,1,retained_labeled_MI,1,s15.mat,95011e9b668784c8dad3c45bb6105232190848db6100eafe53d4ddff55cb35d7,18943,Cho2017,Q15-E006,CSP4_LDA,deterministic,0.5791076986161172,0.42089230138388284,1
s15_1_retained_1_t007,15,1,retained_labeled_MI,1,s15.mat,95011e9b668784c8dad3c45bb6105232190848db6100eafe53d4ddff55cb35d7,22527,Cho2017,Q15-E006,CSP4_LDA,deterministic,0.6762488396027451,0.3237511603972549,1
s15_1_retained_1_t008,15,1,retained_labeled_MI,1,s15.mat,95011e9b668784c8dad3c45bb6105232190848db6100eafe53d4ddff55cb35d7,26111,Cho2017,Q15-E006,CSP4_LDA,deterministic,0.7733838095950007,0.22661619040499928,1
s15_1_retained_1_t009,15,1,retained_labeled_MI,1,s15.mat,95011e9b668784c8dad3c45bb6105232190848db6100eafe53d4ddff55cb35d7,29695,Cho2017,Q15-E006,CSP4_LDA,deterministic,0.7518767496447387,0.24812325035526128,1
s15_1_retained_1_t010,15,1,retained_labeled_MI,1,s15.mat,95011e9b668784c8dad3c45bb6105232190848db6100eafe53d4ddff55cb35d7,33279,Cho2017,Q15-E006,CSP4_LDA,deterministic,0.68693883725782,0.31306116274217993,1
s15_1_retained_1_t011,15,1,retained_labeled_MI,1,s15.mat,95011e9b668784c8dad3c45bb6105232190848db6100eafe53d4ddff55cb35d7,36863,Cho2017,Q15-E006,CSP4_LDA,deterministic,0.4871739419372997,0.5128260580627003,2
s15_1_retained_1_t012,15,1,retained_labeled_MI,1,s15.mat,95011e9b668784c8dad3c45bb6105232190848db6100eafe53d4ddff55cb35d7,40447,Cho2017,Q15-E006,CSP4_LDA,deterministic,0.5566675071840077,0.44333249281599224,1
s15_1_retained_1_t013,15,1,retained_labeled_MI,1,s15.mat,95011e9b668784c8dad3c45bb6105232190848db6100eafe53d4ddff55cb35d7,44031,Cho2017,Q15-E006,CSP4_LDA,deterministic,0.6835343874138984,0.3164656125861017,1
s15_1_retained_1_t014,15,1,retained_labeled_MI,1,s15.mat,95011e9b668784c8dad3c45bb6105232190848db6100eafe53d4ddff55cb35d7,47615,Cho2017,Q15-E006,CSP4_LDA,deterministic,0.5315290956415877,0.46847090435841227,1
s15_1_retained_1_t015,15,1,retained_labeled_MI,1,s15.mat,95011e9b668784c8dad3c45bb6105232190848db6100eafe53d4ddff55cb35d7,51199,Cho2017,Q15-E006,CSP4_LDA,deterministic,0.606410623634479,0.39358937636552105,1
s15_1_retained_1_t016,15,1,retained_labeled_MI,1,s15.mat,95011e9b668784c8dad3c45bb6105232190848db6100eafe53d4ddff55cb35d7,54783,Cho2017,Q15-E006,CSP4_LDA,deterministic,0.7362558730028697,0.2637441269971304,1
s15_1_retained_1_t017,15,1,retained_labeled_MI,1,s15.mat,95011e9b668784c8dad3c45bb6105232190848db6100eafe53d4ddff55cb35d7,58367,Cho2017,Q15-E006,CSP4_LDA,deterministic,0.6910821894558827,0.30891781054411727,1
s15_1_retained_1_t018,15,1,retained_labeled_MI,1,s15.mat,95011e9b668784c8dad3c45bb6105232190848db6100eafe53d4ddff55cb35d7,61951,Cho2017,Q15-E006,CSP4_LDA,deterministic,0.689704385610096,0.31029561438990405,1
s15_1_retained_1_t019,15,1,retained_labeled_MI,1,s15.mat,95011e9b668784c8dad3c45bb6105232190848db6100eafe53d4ddff55cb35d7,65535,Cho2017,Q15-E006,CSP4_LDA,deterministic,0.6156510567677087,0.38434894323229135,1
s15_1_retained_1_t020,15,1,retained_labeled_MI,1,s15.mat,95011e9b668784c8dad3c45bb6105232190848db6100eafe53d4ddff55cb35d7,69119,Cho2017,Q15-E006,CSP4_LDA,deterministic,0.7418800878193803,0.2581199121806197,1
s15_1_retained_1_t021,15,1,retained_labeled_MI,1,s15.mat,95011e9b668784c8dad3c45bb6105232190848db6100eafe53d4ddff55cb35d7,72703,Cho2017,Q15-E006,CSP4_LDA,deterministic,0.6342637166063956,0.3657362833936044,1
s15_1_retained_1_t022,15,1,retained_labeled_MI,1,s15.mat,95011e9b668784c8dad3c45bb6105232190848db6100eafe53d4ddff55cb35d7,76287,Cho2017,Q15-E006,CSP4_LDA,deterministic,0.632827765743409,0.36717223425659096,1
s15_1_retained_1_t023,15,1,retained_labeled_MI,1,s15.mat,95011e9b668784c8dad3c45bb6105232190848db6100eafe53d4ddff55cb35d7,79871,Cho2017,Q15-E006,CSP4_LDA,deterministic,0.5857356688886838,0.4142643311113162,1
s15_1_retained_1_t024,15,1,retained_labeled_MI,1,s15.mat,95011e9b668784c8dad3c45bb6105232190848db6100eafe53d4ddff55cb35d7,83455,Cho2017,Q15-E006,CSP4_LDA,deterministic,0.6728005443559091,0.327199455644091,1
s15_1_retained_1_t025,15,1,retained_labeled_MI,1,s15.mat,95011e9b668784c8dad3c45bb6105232190848db6100eafe53d4ddff55cb35d7,87039,Cho2017,Q15-E006,CSP4_LDA,deterministic,0.5945139610015935,0.4054860389984066,1
s15_1_retained_1_t026,15,1,retained_labeled_MI,1,s15.mat,95011e9b668784c8dad3c45bb6105232190848db6100eafe53d4ddff55cb35d7,90623,Cho2017,Q15-E006,CSP4_LDA,deterministic,0.6868381660939831,0.313161833906017,1
s15_1_retained_1_t027,15,1,retained_labeled_MI,1,s15.mat,95011e9b668784c8dad3c45bb6105232190848db6100eafe53d4ddff55cb35d7,94207,Cho2017,Q15-E006,CSP4_LDA,deterministic,0.6804785611448821,0.31952143885511786,1
s15_1_retained_1_t028,15,1,retained_labeled_MI,1,s15.mat,95011e9b668784c8dad3c45bb6105232190848db6100eafe53d4ddff55cb35d7,97791,Cho2017,Q15-E006,CSP4_LDA,deterministic,0.4652830458564259,0.5347169541435741,2
s15_1_retained_1_t029,15,1,retained_labeled_MI,1,s15.mat,95011e9b668784c8dad3c45bb6105232190848db6100eafe53d4ddff55cb35d7,101375,Cho2017,Q15-E006,CSP4_LDA,deterministic,0.7160726262272836,0.2839273737727163,1
s15_1_retained_1_t030,15,1,retained_labeled_MI,1,s15.mat,95011e9b668784c8dad3c45bb6105232190848db6100eafe53d4ddff55cb35d7,104959,Cho2017,Q15-E006,CSP4_LDA,deterministic,0.6561531203918642,0.34384687960813576,1
s15_1_retained_1_t031,15,1,retained_labeled_MI,1,s15.mat,95011e9b668784c8dad3c45bb6105232190848db6100eafe53d4ddff55cb35d7,108543,Cho2017,Q15-E006,CSP4_LDA,deterministic,0.6428872956439058,0.35711270435609416,1
s15_1_retained_1_t032,15,1,retained_labeled_MI,1,s15.mat,95011e9b668784c8dad3c45bb6105232190848db6100eafe53d4ddff55cb35d7,112127,Cho2017,Q15-E006,CSP4_LDA,deterministic,0.6103390261072048,0.3896609738927952,1
s15_1_retained_1_t033,15,1,retained_labeled_MI,1,s15.mat,95011e9b668784c8dad3c45bb6105232190848db6100eafe53d4ddff55cb35d7,115711,Cho2017,Q15-E006,CSP4_LDA,deterministic,0.670573249091327,0.32942675090867296,1
s15_1_retained_1_t034,15,1,retained_labeled_MI,1,s15.mat,95011e9b668784c8dad3c45bb6105232190848db6100eafe53d4ddff55cb35d7,119295,Cho2017,Q15-E006,CSP4_LDA,deterministic,0.6232025457486609,0.37679745425133915,1
s15_1_retained_1_t035,15,1,retained_labeled_MI,1,s15.mat,95011e9b668784c8dad3c45bb6105232190848db6100eafe53d4ddff55cb35d7,122879,Cho2017,Q15-E006,CSP4_LDA,deterministic,0.6877268013884079,0.31227319861159214,1
s15_1_retained_1_t036,15,1,retained_labeled_MI,1,s15.mat,95011e9b668784c8dad3c45bb6105232190848db6100eafe53d4ddff55cb35d7,126463,Cho2017,Q15-E006,CSP4_LDA,deterministic,0.6370896407941153,0.3629103592058847,1
s15_1_retained_1_t037,15,1,retained_labeled_MI,1,s15.mat,95011e9b668784c8dad3c45bb6105232190848db6100eafe53d4ddff55cb35d7,130047,Cho2017,Q15-E006,CSP4_LDA,deterministic,0.690945463660086,0.3090545363399139,1
s15_1_retained_1_t038,15,1,retained_labeled_MI,1,s15.mat,95011e9b668784c8dad3c45bb6105232190848db6100eafe53d4ddff55cb35d7,133631,Cho2017,Q15-E006,CSP4_LDA,deterministic,0.7084591544322334,0.2915408455677666,1
s15_1_retained_1_t039,15,1,retained_labeled_MI,1,s15.mat,95011e9b668784c8dad3c45bb6105232190848db6100eafe53d4ddff55cb35d7,137215,Cho2017,Q15-E006,CSP4_LDA,deterministic,0.5257416191837005,0.4742583808162995,1
s15_1_retained_1_t040,15,1,retained_labeled_MI,1,s15.mat,95011e9b668784c8dad3c45bb6105232190848db6100eafe53d4ddff55cb35d7,140799,Cho2017,Q15-E006,CSP4_LDA,deterministic,0.6239945933890458,0.3760054066109541,1
s15_1_retained_1_t041,15,1,retained_labeled_MI,1,s15.mat,95011e9b668784c8dad3c45bb6105232190848db6100eafe53d4ddff55cb35d7,144383,Cho2017,Q15-E006,CSP4_LDA,deterministic,0.6378884942953775,0.3621115057046225,1
s15_1_retained_1_t042,15,1,retained_labeled_MI,1,s15.mat,95011e9b668784c8dad3c45bb6105232190848db6100eafe53d4ddff55cb35d7,147967,Cho2017,Q15-E006,CSP4_LDA,deterministic,0.6481590736132902,0.35184092638670983,1
s15_1_retained_1_t043,15,1,retained_labeled_MI,1,s15.mat,95011e9b668784c8dad3c45bb6105232190848db6100eafe53d4ddff55cb35d7,151551,Cho2017,Q15-E006,CSP4_LDA,deterministic,0.5483490013872354,0.4516509986127646,1
s15_1_retained_1_t044,15,1,retained_labeled_MI,1,s15.mat,95011e9b668784c8dad3c45bb6105232190848db6100eafe53d4ddff55cb35d7,155135,Cho2017,Q15-E006,CSP4_LDA,deterministic,0.5898488136955727,0.41015118630442726,1
s15_1_retained_1_t045,15,1,retained_labeled_MI,1,s15.mat,95011e9b668784c8dad3c45bb6105232190848db6100eafe53d4ddff55cb35d7,158719,Cho2017,Q15-E006,CSP4_LDA,deterministic,0.5497636450037939,0.4502363549962061,1
s15_1_retained_1_t046,15,1,retained_labeled_MI,1,s15.mat,95011e9b668784c8dad3c45bb6105232190848db6100eafe53d4ddff55cb35d7,162303,Cho2017,Q15-E006,CSP4_LDA,deterministic,0.7335429458358713,0.26645705416412874,1
s15_1_retained_1_t047,15,1,retained_labeled_MI,1,s15.mat,95011e9b668784c8dad3c45bb6105232190848db6100eafe53d4ddff55cb35d7,165887,Cho2017,Q15-E006,CSP4_LDA,deterministic,0.611425742370495,0.3885742576295051,1
s15_1_retained_1_t048,15,1,retained_labeled_MI,1,s15.mat,95011e9b668784c8dad3c45bb6105232190848db6100eafe53d4ddff55cb35d7,169471,Cho2017,Q15-E006,CSP4_LDA,deterministic,0.5379269769069129,0.46207302309308707,1
s15_1_retained_1_t049,15,1,retained_labeled_MI,1,s15.mat,95011e9b668784c8dad3c45bb6105232190848db6100eafe53d4ddff55cb35d7,173055,Cho2017,Q15-E006,CSP4_LDA,deterministic,0.6028139788045911,0.3971860211954089,1
s15_1_retained_1_t050,15,1,retained_labeled_MI,1,s15.mat,95011e9b668784c8dad3c45bb6105232190848db6100eafe53d4ddff55cb35d7,176639,Cho2017,Q15-E006,CSP4_LDA,deterministic,0.7238734136459302,0.27612658635406984,1
s15_1_retained_1_t051,15,1,retained_labeled_MI,1,s15.mat,95011e9b668784c8dad3c45bb6105232190848db6100eafe53d4ddff55cb35d7,180223,Cho2017,Q15-E006,CSP4_LDA,deterministic,0.6495791696997177,0.35042083030028226,1
s15_1_retained_1_t052,15,1,retained_labeled_MI,1,s15.mat,95011e9b668784c8dad3c45bb6105232190848db6100eafe53d4ddff55cb35d7,183807,Cho2017,Q15-E006,CSP4_LDA,deterministic,0.6779099549264338,0.32209004507356614,1
s15_1_retained_1_t053,15,1,retained_labeled_MI,1,s15.mat,95011e9b668784c8dad3c45bb6105232190848db6100eafe53d4ddff55cb35d7,187391,Cho2017,Q15-E006,CSP4_LDA,deterministic,0.7685901943074285,0.23140980569257147,1
s15_1_retained_1_t054,15,1,retained_labeled_MI,1,s15.mat,95011e9b668784c8dad3c45bb6105232190848db6100eafe53d4ddff55cb35d7,190975,Cho2017,Q15-E006,CSP4_LDA,deterministic,0.6530914265640534,0.3469085734359466,1
s15_1_retained_1_t055,15,1,retained_labeled_MI,1,s15.mat,95011e9b668784c8dad3c45bb6105232190848db6100eafe53d4ddff55cb35d7,194559,Cho2017,Q15-E006,CSP4_LDA,deterministic,0.6755856691480953,0.3244143308519048,1
s15_1_retained_1_t056,15,1,retained_labeled_MI,1,s15.mat,95011e9b668784c8dad3c45bb6105232190848db6100eafe53d4ddff55cb35d7,198143,Cho2017,Q15-E006,CSP4_LDA,deterministic,0.5918902402351143,0.4081097597648858,1
s15_1_retained_1_t057,15,1,retained_labeled_MI,1,s15.mat,95011e9b668784c8dad3c45bb6105232190848db6100eafe53d4ddff55cb35d7,201727,Cho2017,Q15-E006,CSP4_LDA,deterministic,0.5929546452480974,0.40704535475190257,1
s15_1_retained_1_t058,15,1,retained_labeled_MI,1,s15.mat,95011e9b668784c8dad3c45bb6105232190848db6100eafe53d4ddff55cb35d7,205311,Cho2017,Q15-E006,CSP4_LDA,deterministic,0.650698572710464,0.34930142728953595,1
s15_1_retained_1_t059,15,1,retained_labeled_MI,1,s15.mat,95011e9b668784c8dad3c45bb6105232190848db6100eafe53d4ddff55cb35d7,208895,Cho2017,Q15-E006,CSP4_LDA,deterministic,0.6482795000057,0.35172049999430005,1
s15_1_retained_1_t060,15,1,retained_labeled_MI,1,s15.mat,95011e9b668784c8dad3c45bb6105232190848db6100eafe53d4ddff55cb35d7,212479,Cho2017,Q15-E006,CSP4_LDA,deterministic,0.6302428496826944,0.36975715031730566,1
s15_1_retained_1_t061,15,1,retained_labeled_MI,1,s15.mat,95011e9b668784c8dad3c45bb6105232190848db6100eafe53d4ddff55cb35d7,216063,Cho2017,Q15-E006,CSP4_LDA,deterministic,0.6813796185435206,0.3186203814564794,1
s15_1_retained_1_t062,15,1,retained_labeled_MI,1,s15.mat,95011e9b668784c8dad3c45bb6105232190848db6100eafe53d4ddff55cb35d7,219647,Cho2017,Q15-E006,CSP4_LDA,deterministic,0.7744180599367911,0.2255819400632089,1
s15_1_retained_1_t063,15,1,retained_labeled_MI,1,s15.mat,95011e9b668784c8dad3c45bb6105232190848db6100eafe53d4ddff55cb35d7,223231,Cho2017,Q15-E006,CSP4_LDA,deterministic,0.6572524105479401,0.34274758945205985,1
s15_1_retained_1_t064,15,1,retained_labeled_MI,1,s15.mat,95011e9b668784c8dad3c45bb6105232190848db6100eafe53d4ddff55cb35d7,226815,Cho2017,Q15-E006,CSP4_LDA,deterministic,0.730137954782614,0.269862045217386,1
s15_1_retained_1_t065,15,1,retained_labeled_MI,1,s15.mat,95011e9b668784c8dad3c45bb6105232190848db6100eafe53d4ddff55cb35d7,230399,Cho2017,Q15-E006,CSP4_LDA,deterministic,0.7515082897961152,0.2484917102038848,1
s15_1_retained_1_t066,15,1,retained_labeled_MI,1,s15.mat,95011e9b668784c8dad3c45bb6105232190848db6100eafe53d4ddff55cb35d7,233983,Cho2017,Q15-E006,CSP4_LDA,deterministic,0.7324625508946714,0.26753744910532856,1
s15_1_retained_1_t067,15,1,retained_labeled_MI,1,s15.mat,95011e9b668784c8dad3c45bb6105232190848db6100eafe53d4ddff55cb35d7,237567,Cho2017,Q15-E006,CSP4_LDA,deterministic,0.5422779215677653,0.45772207843223467,1
s15_1_retained_1_t068,15,1,retained_labeled_MI,1,s15.mat,95011e9b668784c8dad3c45bb6105232190848db6100eafe53d4ddff55cb35d7,241151,Cho2017,Q15-E006,CSP4_LDA,deterministic,0.726320986122974,0.273679013877026,1
s15_1_retained_1_t069,15,1,retained_labeled_MI,1,s15.mat,95011e9b668784c8dad3c45bb6105232190848db6100eafe53d4ddff55cb35d7,244735,Cho2017,Q15-E006,CSP4_LDA,deterministic,0.7475563094486792,0.2524436905513208,1
s15_1_retained_1_t070,15,1,retained_labeled_MI,1,s15.mat,95011e9b668784c8dad3c45bb6105232190848db6100eafe53d4ddff55cb35d7,248319,Cho2017,Q15-E006,CSP4_LDA,deterministic,0.6916353943841047,0.3083646056158953,1
s15_1_retained_1_t071,15,1,retained_labeled_MI,1,s15.mat,95011e9b668784c8dad3c45bb6105232190848db6100eafe53d4ddff55cb35d7,251903,Cho2017,Q15-E006,CSP4_LDA,deterministic,0.6478931657823277,0.35210683421767225,1
s15_1_retained_1_t072,15,1,retained_labeled_MI,1,s15.mat,95011e9b668784c8dad3c45bb6105232190848db6100eafe53d4ddff55cb35d7,255487,Cho2017,Q15-E006,CSP4_LDA,deterministic,0.6998011419075643,0.30019885809243574,1
s15_1_retained_1_t073,15,1,retained_labeled_MI,1,s15.mat,95011e9b668784c8dad3c45bb6105232190848db6100eafe53d4ddff55cb35d7,259071,Cho2017,Q15-E006,CSP4_LDA,deterministic,0.6830448744383604,0.3169551255616396,1
s15_1_retained_1_t074,15,1,retained_labeled_MI,1,s15.mat,95011e9b668784c8dad3c45bb6105232190848db6100eafe53d4ddff55cb35d7,262655,Cho2017,Q15-E006,CSP4_LDA,deterministic,0.49823983644682446,0.5017601635531755,2
s15_1_retained_1_t075,15,1,retained_labeled_MI,1,s15.mat,95011e9b668784c8dad3c45bb6105232190848db6100eafe53d4ddff55cb35d7,266239,Cho2017,Q15-E006,CSP4_LDA,deterministic,0.5233576482849458,0.47664235171505415,1
s15_1_retained_1_t076,15,1,retained_labeled_MI,1,s15.mat,95011e9b668784c8dad3c45bb6105232190848db6100eafe53d4ddff55cb35d7,269823,Cho2017,Q15-E006,CSP4_LDA,deterministic,0.650601586920627,0.3493984130793731,1
s15_1_retained_1_t077,15,1,retained_labeled_MI,1,s15.mat,95011e9b668784c8dad3c45bb6105232190848db6100eafe53d4ddff55cb35d7,273407,Cho2017,Q15-E006,CSP4_LDA,deterministic,0.7173278134523762,0.28267218654762377,1
s15_1_retained_1_t078,15,1,retained_labeled_MI,1,s15.mat,95011e9b668784c8dad3c45bb6105232190848db6100eafe53d4ddff55cb35d7,276991,Cho2017,Q15-E006,CSP4_LDA,deterministic,0.6129105652219546,0.3870894347780454,1
s15_1_retained_1_t079,15,1,retained_labeled_MI,1,s15.mat,95011e9b668784c8dad3c45bb6105232190848db6100eafe53d4ddff55cb35d7,280575,Cho2017,Q15-E006,CSP4_LDA,deterministic,0.7093077810390795,0.2906922189609204,1
s15_1_retained_1_t080,15,1,retained_labeled_MI,1,s15.mat,95011e9b668784c8dad3c45bb6105232190848db6100eafe53d4ddff55cb35d7,284159,Cho2017,Q15-E006,CSP4_LDA,deterministic,0.6775594778532192,0.3224405221467807,1
s15_1_retained_1_t081,15,1,retained_labeled_MI,1,s15.mat,95011e9b668784c8dad3c45bb6105232190848db6100eafe53d4ddff55cb35d7,287743,Cho2017,Q15-E006,CSP4_LDA,deterministic,0.6605910832989346,0.3394089167010655,1
s15_1_retained_1_t082,15,1,retained_labeled_MI,1,s15.mat,95011e9b668784c8dad3c45bb6105232190848db6100eafe53d4ddff55cb35d7,291327,Cho2017,Q15-E006,CSP4_LDA,deterministic,0.7469386427973574,0.25306135720264256,1
s15_1_retained_1_t083,15,1,retained_labeled_MI,1,s15.mat,95011e9b668784c8dad3c45bb6105232190848db6100eafe53d4ddff55cb35d7,294911,Cho2017,Q15-E006,CSP4_LDA,deterministic,0.6504004190018746,0.3495995809981253,1
s15_1_retained_1_t084,15,1,retained_labeled_MI,1,s15.mat,95011e9b668784c8dad3c45bb6105232190848db6100eafe53d4ddff55cb35d7,298495,Cho2017,Q15-E006,CSP4_LDA,deterministic,0.6583150491125145,0.3416849508874855,1
s15_1_retained_1_t085,15,1,retained_labeled_MI,1,s15.mat,95011e9b668784c8dad3c45bb6105232190848db6100eafe53d4ddff55cb35d7,302079,Cho2017,Q15-E006,CSP4_LDA,deterministic,0.6984490952395968,0.3015509047604033,1
s15_1_retained_1_t086,15,1,retained_labeled_MI,1,s15.mat,95011e9b668784c8dad3c45bb6105232190848db6100eafe53d4ddff55cb35d7,305663,Cho2017,Q15-E006,CSP4_LDA,deterministic,0.721624919055601,0.278375080944399,1
s15_1_retained_1_t087,15,1,retained_labeled_MI,1,s15.mat,95011e9b668784c8dad3c45bb6105232190848db6100eafe53d4ddff55cb35d7,309247,Cho2017,Q15-E006,CSP4_LDA,deterministic,0.8038098733677848,0.19619012663221522,1
s15_1_retained_1_t088,15,1,retained_labeled_MI,1,s15.mat,95011e9b668784c8dad3c45bb6105232190848db6100eafe53d4ddff55cb35d7,312831,Cho2017,Q15-E006,CSP4_LDA,deterministic,0.6847412124299627,0.31525878757003734,1
s15_1_retained_1_t089,15,1,retained_labeled_MI,1,s15.mat,95011e9b668784c8dad3c45bb6105232190848db6100eafe53d4ddff55cb35d7,316415,Cho2017,Q15-E006,CSP4_LDA,deterministic,0.7172211832993238,0.2827788167006761,1
s15_1_retained_1_t090,15,1,retained_labeled_MI,1,s15.mat,95011e9b668784c8dad3c45bb6105232190848db6100eafe53d4ddff55cb35d7,319999,Cho2017,Q15-E006,CSP4_LDA,deterministic,0.6926309053083682,0.30736909469163176,1
s15_1_retained_1_t091,15,1,retained_labeled_MI,1,s15.mat,95011e9b668784c8dad3c45bb6105232190848db6100eafe53d4ddff55cb35d7,323583,Cho2017,Q15-E006,CSP4_LDA,deterministic,0.6348180253786895,0.36518197462131047,1
s15_1_retained_1_t092,15,1,retained_labeled_MI,1,s15.mat,95011e9b668784c8dad3c45bb6105232190848db6100eafe53d4ddff55cb35d7,327167,Cho2017,Q15-E006,CSP4_LDA,deterministic,0.7201993289111248,0.27980067108887513,1
s15_1_retained_1_t093,15,1,retained_labeled_MI,1,s15.mat,95011e9b668784c8dad3c45bb6105232190848db6100eafe53d4ddff55cb35d7,330751,Cho2017,Q15-E006,CSP4_LDA,deterministic,0.5306800125399531,0.46931998746004694,1
s15_1_retained_1_t094,15,1,retained_labeled_MI,1,s15.mat,95011e9b668784c8dad3c45bb6105232190848db6100eafe53d4ddff55cb35d7,334335,Cho2017,Q15-E006,CSP4_LDA,deterministic,0.6472329711466724,0.3527670288533276,1
s15_1_retained_1_t095,15,1,retained_labeled_MI,1,s15.mat,95011e9b668784c8dad3c45bb6105232190848db6100eafe53d4ddff55cb35d7,337919,Cho2017,Q15-E006,CSP4_LDA,deterministic,0.6106480740699697,0.3893519259300303,1
s15_1_retained_1_t096,15,1,retained_labeled_MI,1,s15.mat,95011e9b668784c8dad3c45bb6105232190848db6100eafe53d4ddff55cb35d7,341503,Cho2017,Q15-E006,CSP4_LDA,deterministic,0.7170665940423413,0.2829334059576587,1
s15_1_retained_1_t097,15,1,retained_labeled_MI,1,s15.mat,95011e9b668784c8dad3c45bb6105232190848db6100eafe53d4ddff55cb35d7,345087,Cho2017,Q15-E006,CSP4_LDA,deterministic,0.7572987417396774,0.24270125826032266,1
s15_1_retained_1_t098,15,1,retained_labeled_MI,1,s15.mat,95011e9b668784c8dad3c45bb6105232190848db6100eafe53d4ddff55cb35d7,348671,Cho2017,Q15-E006,CSP4_LDA,deterministic,0.6720075133766688,0.3279924866233312,1
s15_1_retained_1_t099,15,1,retained_labeled_MI,1,s15.mat,95011e9b668784c8dad3c45bb6105232190848db6100eafe53d4ddff55cb35d7,352255,Cho2017,Q15-E006,CSP4_LDA,deterministic,0.6627930801410951,0.337206919858905,1
s15_1_retained_1_t100,15,1,retained_labeled_MI,1,s15.mat,95011e9b668784c8dad3c45bb6105232190848db6100eafe53d4ddff55cb35d7,355839,Cho2017,Q15-E006,CSP4_LDA,deterministic,0.624762679844924,0.3752373201550761,1
s15_1_retained_2_t001,15,1,retained_labeled_MI,2,s15.mat,95011e9b668784c8dad3c45bb6105232190848db6100eafe53d4ddff55cb35d7,1023,Cho2017,Q15-E006,CSP4_LDA,deterministic,0.7166698420251731,0.2833301579748269,1
s15_1_retained_2_t002,15,1,retained_labeled_MI,2,s15.mat,95011e9b668784c8dad3c45bb6105232190848db6100eafe53d4ddff55cb35d7,4607,Cho2017,Q15-E006,CSP4_LDA,deterministic,0.6028046141493661,0.39719538585063385,1
s15_1_retained_2_t003,15,1,retained_labeled_MI,2,s15.mat,95011e9b668784c8dad3c45bb6105232190848db6100eafe53d4ddff55cb35d7,8191,Cho2017,Q15-E006,CSP4_LDA,deterministic,0.5780802057723748,0.42191979422762516,1
s15_1_retained_2_t004,15,1,retained_labeled_MI,2,s15.mat,95011e9b668784c8dad3c45bb6105232190848db6100eafe53d4ddff55cb35d7,11775,Cho2017,Q15-E006,CSP4_LDA,deterministic,0.5393812277228549,0.4606187722771451,1
s15_1_retained_2_t005,15,1,retained_labeled_MI,2,s15.mat,95011e9b668784c8dad3c45bb6105232190848db6100eafe53d4ddff55cb35d7,15359,Cho2017,Q15-E006,CSP4_LDA,deterministic,0.651778745876946,0.3482212541230541,1
s15_1_retained_2_t006,15,1,retained_labeled_MI,2,s15.mat,95011e9b668784c8dad3c45bb6105232190848db6100eafe53d4ddff55cb35d7,18943,Cho2017,Q15-E006,CSP4_LDA,deterministic,0.7049392721007202,0.29506072789927984,1
s15_1_retained_2_t007,15,1,retained_labeled_MI,2,s15.mat,95011e9b668784c8dad3c45bb6105232190848db6100eafe53d4ddff55cb35d7,22527,Cho2017,Q15-E006,CSP4_LDA,deterministic,0.5961264393218042,0.40387356067819585,1
s15_1_retained_2_t008,15,1,retained_labeled_MI,2,s15.mat,95011e9b668784c8dad3c45bb6105232190848db6100eafe53d4ddff55cb35d7,26111,Cho2017,Q15-E006,CSP4_LDA,deterministic,0.8296914693715298,0.1703085306284702,1
s15_1_retained_2_t009,15,1,retained_labeled_MI,2,s15.mat,95011e9b668784c8dad3c45bb6105232190848db6100eafe53d4ddff55cb35d7,29695,Cho2017,Q15-E006,CSP4_LDA,deterministic,0.6153095336142518,0.3846904663857483,1
s15_1_retained_2_t010,15,1,retained_labeled_MI,2,s15.mat,95011e9b668784c8dad3c45bb6105232190848db6100eafe53d4ddff55cb35d7,33279,Cho2017,Q15-E006,CSP4_LDA,deterministic,0.5936584173321475,0.4063415826678524,1
s15_1_retained_2_t011,15,1,retained_labeled_MI,2,s15.mat,95011e9b668784c8dad3c45bb6105232190848db6100eafe53d4ddff55cb35d7,36863,Cho2017,Q15-E006,CSP4_LDA,deterministic,0.5870184278835611,0.4129815721164389,1
s15_1_retained_2_t012,15,1,retained_labeled_MI,2,s15.mat,95011e9b668784c8dad3c45bb6105232190848db6100eafe53d4ddff55cb35d7,40447,Cho2017,Q15-E006,CSP4_LDA,deterministic,0.6396262288819483,0.36037377111805174,1
s15_1_retained_2_t013,15,1,retained_labeled_MI,2,s15.mat,95011e9b668784c8dad3c45bb6105232190848db6100eafe53d4ddff55cb35d7,44031,Cho2017,Q15-E006,CSP4_LDA,deterministic,0.8147958406111888,0.1852041593888112,1
s15_1_retained_2_t014,15,1,retained_labeled_MI,2,s15.mat,95011e9b668784c8dad3c45bb6105232190848db6100eafe53d4ddff55cb35d7,47615,Cho2017,Q15-E006,CSP4_LDA,deterministic,0.5201233049550359,0.4798766950449641,1
s15_1_retained_2_t015,15,1,retained_labeled_MI,2,s15.mat,95011e9b668784c8dad3c45bb6105232190848db6100eafe53d4ddff55cb35d7,51199,Cho2017,Q15-E006,CSP4_LDA,deterministic,0.7033912570704874,0.2966087429295126,1
s15_1_retained_2_t016,15,1,retained_labeled_MI,2,s15.mat,95011e9b668784c8dad3c45bb6105232190848db6100eafe53d4ddff55cb35d7,54783,Cho2017,Q15-E006,CSP4_LDA,deterministic,0.5499099965758293,0.4500900034241707,1
s15_1_retained_2_t017,15,1,retained_labeled_MI,2,s15.mat,95011e9b668784c8dad3c45bb6105232190848db6100eafe53d4ddff55cb35d7,58367,Cho2017,Q15-E006,CSP4_LDA,deterministic,0.5587831092341234,0.44121689076587656,1
s15_1_retained_2_t018,15,1,retained_labeled_MI,2,s15.mat,95011e9b668784c8dad3c45bb6105232190848db6100eafe53d4ddff55cb35d7,61951,Cho2017,Q15-E006,CSP4_LDA,deterministic,0.6108303816465371,0.38916961835346287,1
s15_1_retained_2_t019,15,1,retained_labeled_MI,2,s15.mat,95011e9b668784c8dad3c45bb6105232190848db6100eafe53d4ddff55cb35d7,65535,Cho2017,Q15-E006,CSP4_LDA,deterministic,0.6443199546394796,0.3556800453605205,1
s15_1_retained_2_t020,15,1,retained_labeled_MI,2,s15.mat,95011e9b668784c8dad3c45bb6105232190848db6100eafe53d4ddff55cb35d7,69119,Cho2017,Q15-E006,CSP4_LDA,deterministic,0.5621818611049179,0.43781813889508214,1
s15_1_retained_2_t021,15,1,retained_labeled_MI,2,s15.mat,95011e9b668784c8dad3c45bb6105232190848db6100eafe53d4ddff55cb35d7,72703,Cho2017,Q15-E006,CSP4_LDA,deterministic,0.584088833157522,0.415911166842478,1
s15_1_retained_2_t022,15,1,retained_labeled_MI,2,s15.mat,95011e9b668784c8dad3c45bb6105232190848db6100eafe53d4ddff55cb35d7,76287,Cho2017,Q15-E006,CSP4_LDA,deterministic,0.6704190998949416,0.32958090010505836,1
s15_1_retained_2_t023,15,1,retained_labeled_MI,2,s15.mat,95011e9b668784c8dad3c45bb6105232190848db6100eafe53d4ddff55cb35d7,79871,Cho2017,Q15-E006,CSP4_LDA,deterministic,0.4778739298714998,0.5221260701285002,2
s15_1_retained_2_t024,15,1,retained_labeled_MI,2,s15.mat,95011e9b668784c8dad3c45bb6105232190848db6100eafe53d4ddff55cb35d7,83455,Cho2017,Q15-E006,CSP4_LDA,deterministic,0.6667288513431349,0.33327114865686513,1
s15_1_retained_2_t025,15,1,retained_labeled_MI,2,s15.mat,95011e9b668784c8dad3c45bb6105232190848db6100eafe53d4ddff55cb35d7,87039,Cho2017,Q15-E006,CSP4_LDA,deterministic,0.6057463635153225,0.3942536364846775,1
s15_1_retained_2_t026,15,1,retained_labeled_MI,2,s15.mat,95011e9b668784c8dad3c45bb6105232190848db6100eafe53d4ddff55cb35d7,90623,Cho2017,Q15-E006,CSP4_LDA,deterministic,0.5825975233513052,0.41740247664869473,1
s15_1_retained_2_t027,15,1,retained_labeled_MI,2,s15.mat,95011e9b668784c8dad3c45bb6105232190848db6100eafe53d4ddff55cb35d7,94207,Cho2017,Q15-E006,CSP4_LDA,deterministic,0.6324727391490161,0.3675272608509838,1
s15_1_retained_2_t028,15,1,retained_labeled_MI,2,s15.mat,95011e9b668784c8dad3c45bb6105232190848db6100eafe53d4ddff55cb35d7,97791,Cho2017,Q15-E006,CSP4_LDA,deterministic,0.7621071229090564,0.23789287709094362,1
s15_1_retained_2_t029,15,1,retained_labeled_MI,2,s15.mat,95011e9b668784c8dad3c45bb6105232190848db6100eafe53d4ddff55cb35d7,101375,Cho2017,Q15-E006,CSP4_LDA,deterministic,0.6443033244695229,0.35569667553047707,1
s15_1_retained_2_t030,15,1,retained_labeled_MI,2,s15.mat,95011e9b668784c8dad3c45bb6105232190848db6100eafe53d4ddff55cb35d7,104959,Cho2017,Q15-E006,CSP4_LDA,deterministic,0.6803946512435157,0.3196053487564842,1
s15_1_retained_2_t031,15,1,retained_labeled_MI,2,s15.mat,95011e9b668784c8dad3c45bb6105232190848db6100eafe53d4ddff55cb35d7,108543,Cho2017,Q15-E006,CSP4_LDA,deterministic,0.6993011566408979,0.30069884335910213,1
s15_1_retained_2_t032,15,1,retained_labeled_MI,2,s15.mat,95011e9b668784c8dad3c45bb6105232190848db6100eafe53d4ddff55cb35d7,112127,Cho2017,Q15-E006,CSP4_LDA,deterministic,0.6123878868526957,0.3876121131473042,1
s15_1_retained_2_t033,15,1,retained_labeled_MI,2,s15.mat,95011e9b668784c8dad3c45bb6105232190848db6100eafe53d4ddff55cb35d7,115711,Cho2017,Q15-E006,CSP4_LDA,deterministic,0.6410216579248811,0.358978342075119,1
s15_1_retained_2_t034,15,1,retained_labeled_MI,2,s15.mat,95011e9b668784c8dad3c45bb6105232190848db6100eafe53d4ddff55cb35d7,119295,Cho2017,Q15-E006,CSP4_LDA,deterministic,0.534072986697743,0.46592701330225705,1
s15_1_retained_2_t035,15,1,retained_labeled_MI,2,s15.mat,95011e9b668784c8dad3c45bb6105232190848db6100eafe53d4ddff55cb35d7,122879,Cho2017,Q15-E006,CSP4_LDA,deterministic,0.6333907181973919,0.36660928180260816,1
s15_1_retained_2_t036,15,1,retained_labeled_MI,2,s15.mat,95011e9b668784c8dad3c45bb6105232190848db6100eafe53d4ddff55cb35d7,126463,Cho2017,Q15-E006,CSP4_LDA,deterministic,0.5465798579383722,0.45342014206162784,1
s15_1_retained_2_t037,15,1,retained_labeled_MI,2,s15.mat,95011e9b668784c8dad3c45bb6105232190848db6100eafe53d4ddff55cb35d7,130047,Cho2017,Q15-E006,CSP4_LDA,deterministic,0.5713010763447673,0.42869892365523266,1
s15_1_retained_2_t038,15,1,retained_labeled_MI,2,s15.mat,95011e9b668784c8dad3c45bb6105232190848db6100eafe53d4ddff55cb35d7,133631,Cho2017,Q15-E006,CSP4_LDA,deterministic,0.6844661174117368,0.31553388258826326,1
s15_1_retained_2_t039,15,1,retained_labeled_MI,2,s15.mat,95011e9b668784c8dad3c45bb6105232190848db6100eafe53d4ddff55cb35d7,137215,Cho2017,Q15-E006,CSP4_LDA,deterministic,0.5420411890752401,0.45795881092475993,1
s15_1_retained_2_t040,15,1,retained_labeled_MI,2,s15.mat,95011e9b668784c8dad3c45bb6105232190848db6100eafe53d4ddff55cb35d7,140799,Cho2017,Q15-E006,CSP4_LDA,deterministic,0.7315217829605968,0.2684782170394032,1
s15_1_retained_2_t041,15,1,retained_labeled_MI,2,s15.mat,95011e9b668784c8dad3c45bb6105232190848db6100eafe53d4ddff55cb35d7,144383,Cho2017,Q15-E006,CSP4_LDA,deterministic,0.6609056021012771,0.33909439789872287,1
s15_1_retained_2_t042,15,1,retained_labeled_MI,2,s15.mat,95011e9b668784c8dad3c45bb6105232190848db6100eafe53d4ddff55cb35d7,147967,Cho2017,Q15-E006,CSP4_LDA,deterministic,0.754094695265607,0.24590530473439298,1
s15_1_retained_2_t043,15,1,retained_labeled_MI,2,s15.mat,95011e9b668784c8dad3c45bb6105232190848db6100eafe53d4ddff55cb35d7,151551,Cho2017,Q15-E006,CSP4_LDA,deterministic,0.6667063207445054,0.3332936792554946,1
s15_1_retained_2_t044,15,1,retained_labeled_MI,2,s15.mat,95011e9b668784c8dad3c45bb6105232190848db6100eafe53d4ddff55cb35d7,155135,Cho2017,Q15-E006,CSP4_LDA,deterministic,0.75082062062108,0.24917937937891996,1
s15_1_retained_2_t045,15,1,retained_labeled_MI,2,s15.mat,95011e9b668784c8dad3c45bb6105232190848db6100eafe53d4ddff55cb35d7,158719,Cho2017,Q15-E006,CSP4_LDA,deterministic,0.5600443058564166,0.4399556941435833,1
s15_1_retained_2_t046,15,1,retained_labeled_MI,2,s15.mat,95011e9b668784c8dad3c45bb6105232190848db6100eafe53d4ddff55cb35d7,162303,Cho2017,Q15-E006,CSP4_LDA,deterministic,0.753833179618804,0.24616682038119592,1
s15_1_retained_2_t047,15,1,retained_labeled_MI,2,s15.mat,95011e9b668784c8dad3c45bb6105232190848db6100eafe53d4ddff55cb35d7,165887,Cho2017,Q15-E006,CSP4_LDA,deterministic,0.6263880462440834,0.37361195375591666,1
s15_1_retained_2_t048,15,1,retained_labeled_MI,2,s15.mat,95011e9b668784c8dad3c45bb6105232190848db6100eafe53d4ddff55cb35d7,169471,Cho2017,Q15-E006,CSP4_LDA,deterministic,0.6630484431179717,0.33695155688202827,1
s15_1_retained_2_t049,15,1,retained_labeled_MI,2,s15.mat,95011e9b668784c8dad3c45bb6105232190848db6100eafe53d4ddff55cb35d7,173055,Cho2017,Q15-E006,CSP4_LDA,deterministic,0.7568316389060246,0.24316836109397544,1
s15_1_retained_2_t050,15,1,retained_labeled_MI,2,s15.mat,95011e9b668784c8dad3c45bb6105232190848db6100eafe53d4ddff55cb35d7,176639,Cho2017,Q15-E006,CSP4_LDA,deterministic,0.6319786826710552,0.3680213173289449,1
s15_1_retained_2_t051,15,1,retained_labeled_MI,2,s15.mat,95011e9b668784c8dad3c45bb6105232190848db6100eafe53d4ddff55cb35d7,180223,Cho2017,Q15-E006,CSP4_LDA,deterministic,0.6612332431535722,0.33876675684642776,1
s15_1_retained_2_t052,15,1,retained_labeled_MI,2,s15.mat,95011e9b668784c8dad3c45bb6105232190848db6100eafe53d4ddff55cb35d7,183807,Cho2017,Q15-E006,CSP4_LDA,deterministic,0.6929761627011841,0.30702383729881594,1
s15_1_retained_2_t053,15,1,retained_labeled_MI,2,s15.mat,95011e9b668784c8dad3c45bb6105232190848db6100eafe53d4ddff55cb35d7,187391,Cho2017,Q15-E006,CSP4_LDA,deterministic,0.6266541405129529,0.37334585948704707,1
s15_1_retained_2_t054,15,1,retained_labeled_MI,2,s15.mat,95011e9b668784c8dad3c45bb6105232190848db6100eafe53d4ddff55cb35d7,190975,Cho2017,Q15-E006,CSP4_LDA,deterministic,0.6802090793071311,0.3197909206928689,1
s15_1_retained_2_t055,15,1,retained_labeled_MI,2,s15.mat,95011e9b668784c8dad3c45bb6105232190848db6100eafe53d4ddff55cb35d7,194559,Cho2017,Q15-E006,CSP4_LDA,deterministic,0.6605979461881593,0.33940205381184074,1
s15_1_retained_2_t056,15,1,retained_labeled_MI,2,s15.mat,95011e9b668784c8dad3c45bb6105232190848db6100eafe53d4ddff55cb35d7,198143,Cho2017,Q15-E006,CSP4_LDA,deterministic,0.651967867047037,0.348032132952963,1
s15_1_retained_2_t057,15,1,retained_labeled_MI,2,s15.mat,95011e9b668784c8dad3c45bb6105232190848db6100eafe53d4ddff55cb35d7,201727,Cho2017,Q15-E006,CSP4_LDA,deterministic,0.7057519698941401,0.2942480301058598,1
s15_1_retained_2_t058,15,1,retained_labeled_MI,2,s15.mat,95011e9b668784c8dad3c45bb6105232190848db6100eafe53d4ddff55cb35d7,205311,Cho2017,Q15-E006,CSP4_LDA,deterministic,0.7146284935402836,0.2853715064597165,1
s15_1_retained_2_t059,15,1,retained_labeled_MI,2,s15.mat,95011e9b668784c8dad3c45bb6105232190848db6100eafe53d4ddff55cb35d7,208895,Cho2017,Q15-E006,CSP4_LDA,deterministic,0.823328915263709,0.17667108473629098,1
s15_1_retained_2_t060,15,1,retained_labeled_MI,2,s15.mat,95011e9b668784c8dad3c45bb6105232190848db6100eafe53d4ddff55cb35d7,212479,Cho2017,Q15-E006,CSP4_LDA,deterministic,0.5252212146503605,0.47477878534963946,1
s15_1_retained_2_t061,15,1,retained_labeled_MI,2,s15.mat,95011e9b668784c8dad3c45bb6105232190848db6100eafe53d4ddff55cb35d7,216063,Cho2017,Q15-E006,CSP4_LDA,deterministic,0.746307980778405,0.25369201922159507,1
s15_1_retained_2_t062,15,1,retained_labeled_MI,2,s15.mat,95011e9b668784c8dad3c45bb6105232190848db6100eafe53d4ddff55cb35d7,219647,Cho2017,Q15-E006,CSP4_LDA,deterministic,0.6110447970648162,0.3889552029351838,1
s15_1_retained_2_t063,15,1,retained_labeled_MI,2,s15.mat,95011e9b668784c8dad3c45bb6105232190848db6100eafe53d4ddff55cb35d7,223231,Cho2017,Q15-E006,CSP4_LDA,deterministic,0.6553035735301387,0.34469642646986137,1
s15_1_retained_2_t064,15,1,retained_labeled_MI,2,s15.mat,95011e9b668784c8dad3c45bb6105232190848db6100eafe53d4ddff55cb35d7,226815,Cho2017,Q15-E006,CSP4_LDA,deterministic,0.6812230507323106,0.3187769492676894,1
s15_1_retained_2_t065,15,1,retained_labeled_MI,2,s15.mat,95011e9b668784c8dad3c45bb6105232190848db6100eafe53d4ddff55cb35d7,230399,Cho2017,Q15-E006,CSP4_LDA,deterministic,0.7815272900227728,0.21847270997722723,1
s15_1_retained_2_t066,15,1,retained_labeled_MI,2,s15.mat,95011e9b668784c8dad3c45bb6105232190848db6100eafe53d4ddff55cb35d7,233983,Cho2017,Q15-E006,CSP4_LDA,deterministic,0.6265617565103561,0.3734382434896439,1
s15_1_retained_2_t067,15,1,retained_labeled_MI,2,s15.mat,95011e9b668784c8dad3c45bb6105232190848db6100eafe53d4ddff55cb35d7,237567,Cho2017,Q15-E006,CSP4_LDA,deterministic,0.605077482810133,0.39492251718986704,1
s15_1_retained_2_t068,15,1,retained_labeled_MI,2,s15.mat,95011e9b668784c8dad3c45bb6105232190848db6100eafe53d4ddff55cb35d7,241151,Cho2017,Q15-E006,CSP4_LDA,deterministic,0.6598161459449581,0.34018385405504187,1
s15_1_retained_2_t069,15,1,retained_labeled_MI,2,s15.mat,95011e9b668784c8dad3c45bb6105232190848db6100eafe53d4ddff55cb35d7,244735,Cho2017,Q15-E006,CSP4_LDA,deterministic,0.6381532439238655,0.3618467560761345,1
s15_1_retained_2_t070,15,1,retained_labeled_MI,2,s15.mat,95011e9b668784c8dad3c45bb6105232190848db6100eafe53d4ddff55cb35d7,248319,Cho2017,Q15-E006,CSP4_LDA,deterministic,0.7272385805172688,0.2727614194827313,1
s15_1_retained_2_t071,15,1,retained_labeled_MI,2,s15.mat,95011e9b668784c8dad3c45bb6105232190848db6100eafe53d4ddff55cb35d7,251903,Cho2017,Q15-E006,CSP4_LDA,deterministic,0.6857698015544111,0.3142301984455888,1
s15_1_retained_2_t072,15,1,retained_labeled_MI,2,s15.mat,95011e9b668784c8dad3c45bb6105232190848db6100eafe53d4ddff55cb35d7,255487,Cho2017,Q15-E006,CSP4_LDA,deterministic,0.6406032089448649,0.3593967910551351,1
s15_1_retained_2_t073,15,1,retained_labeled_MI,2,s15.mat,95011e9b668784c8dad3c45bb6105232190848db6100eafe53d4ddff55cb35d7,259071,Cho2017,Q15-E006,CSP4_LDA,deterministic,0.6236643712675816,0.3763356287324184,1
s15_1_retained_2_t074,15,1,retained_labeled_MI,2,s15.mat,95011e9b668784c8dad3c45bb6105232190848db6100eafe53d4ddff55cb35d7,262655,Cho2017,Q15-E006,CSP4_LDA,deterministic,0.767751869904757,0.2322481300952431,1
s15_1_retained_2_t075,15,1,retained_labeled_MI,2,s15.mat,95011e9b668784c8dad3c45bb6105232190848db6100eafe53d4ddff55cb35d7,266239,Cho2017,Q15-E006,CSP4_LDA,deterministic,0.6772371519413056,0.3227628480586944,1
s15_1_retained_2_t076,15,1,retained_labeled_MI,2,s15.mat,95011e9b668784c8dad3c45bb6105232190848db6100eafe53d4ddff55cb35d7,269823,Cho2017,Q15-E006,CSP4_LDA,deterministic,0.7124446344166252,0.2875553655833748,1
s15_1_retained_2_t077,15,1,retained_labeled_MI,2,s15.mat,95011e9b668784c8dad3c45bb6105232190848db6100eafe53d4ddff55cb35d7,273407,Cho2017,Q15-E006,CSP4_LDA,deterministic,0.6640887725332123,0.33591122746678775,1
s15_1_retained_2_t078,15,1,retained_labeled_MI,2,s15.mat,95011e9b668784c8dad3c45bb6105232190848db6100eafe53d4ddff55cb35d7,276991,Cho2017,Q15-E006,CSP4_LDA,deterministic,0.6100870706097905,0.3899129293902095,1
s15_1_retained_2_t079,15,1,retained_labeled_MI,2,s15.mat,95011e9b668784c8dad3c45bb6105232190848db6100eafe53d4ddff55cb35d7,280575,Cho2017,Q15-E006,CSP4_LDA,deterministic,0.675572031589458,0.32442796841054206,1
s15_1_retained_2_t080,15,1,retained_labeled_MI,2,s15.mat,95011e9b668784c8dad3c45bb6105232190848db6100eafe53d4ddff55cb35d7,284159,Cho2017,Q15-E006,CSP4_LDA,deterministic,0.6705412382974232,0.32945876170257676,1
s15_1_retained_2_t081,15,1,retained_labeled_MI,2,s15.mat,95011e9b668784c8dad3c45bb6105232190848db6100eafe53d4ddff55cb35d7,287743,Cho2017,Q15-E006,CSP4_LDA,deterministic,0.6494991590439156,0.35050084095608436,1
s15_1_retained_2_t082,15,1,retained_labeled_MI,2,s15.mat,95011e9b668784c8dad3c45bb6105232190848db6100eafe53d4ddff55cb35d7,291327,Cho2017,Q15-E006,CSP4_LDA,deterministic,0.6550765911038279,0.3449234088961721,1
s15_1_retained_2_t083,15,1,retained_labeled_MI,2,s15.mat,95011e9b668784c8dad3c45bb6105232190848db6100eafe53d4ddff55cb35d7,294911,Cho2017,Q15-E006,CSP4_LDA,deterministic,0.7195175033311214,0.28048249666887853,1
s15_1_retained_2_t084,15,1,retained_labeled_MI,2,s15.mat,95011e9b668784c8dad3c45bb6105232190848db6100eafe53d4ddff55cb35d7,298495,Cho2017,Q15-E006,CSP4_LDA,deterministic,0.6418604339393013,0.35813956606069874,1
s15_1_retained_2_t085,15,1,retained_labeled_MI,2,s15.mat,95011e9b668784c8dad3c45bb6105232190848db6100eafe53d4ddff55cb35d7,302079,Cho2017,Q15-E006,CSP4_LDA,deterministic,0.6765214818287406,0.32347851817125944,1
s15_1_retained_2_t086,15,1,retained_labeled_MI,2,s15.mat,95011e9b668784c8dad3c45bb6105232190848db6100eafe53d4ddff55cb35d7,305663,Cho2017,Q15-E006,CSP4_LDA,deterministic,0.6464365859074777,0.3535634140925224,1
s15_1_retained_2_t087,15,1,retained_labeled_MI,2,s15.mat,95011e9b668784c8dad3c45bb6105232190848db6100eafe53d4ddff55cb35d7,309247,Cho2017,Q15-E006,CSP4_LDA,deterministic,0.7148205332681069,0.2851794667318931,1
s15_1_retained_2_t088,15,1,retained_labeled_MI,2,s15.mat,95011e9b668784c8dad3c45bb6105232190848db6100eafe53d4ddff55cb35d7,312831,Cho2017,Q15-E006,CSP4_LDA,deterministic,0.6221107171181037,0.3778892828818962,1
s15_1_retained_2_t089,15,1,retained_labeled_MI,2,s15.mat,95011e9b668784c8dad3c45bb6105232190848db6100eafe53d4ddff55cb35d7,316415,Cho2017,Q15-E006,CSP4_LDA,deterministic,0.647146533636578,0.352853466363422,1
s15_1_retained_2_t090,15,1,retained_labeled_MI,2,s15.mat,95011e9b668784c8dad3c45bb6105232190848db6100eafe53d4ddff55cb35d7,319999,Cho2017,Q15-E006,CSP4_LDA,deterministic,0.6752138099609999,0.32478619003900017,1
s15_1_retained_2_t091,15,1,retained_labeled_MI,2,s15.mat,95011e9b668784c8dad3c45bb6105232190848db6100eafe53d4ddff55cb35d7,323583,Cho2017,Q15-E006,CSP4_LDA,deterministic,0.6960616499079668,0.30393835009203324,1
s15_1_retained_2_t092,15,1,retained_labeled_MI,2,s15.mat,95011e9b668784c8dad3c45bb6105232190848db6100eafe53d4ddff55cb35d7,327167,Cho2017,Q15-E006,CSP4_LDA,deterministic,0.6166980623713101,0.38330193762868986,1
s15_1_retained_2_t093,15,1,retained_labeled_MI,2,s15.mat,95011e9b668784c8dad3c45bb6105232190848db6100eafe53d4ddff55cb35d7,330751,Cho2017,Q15-E006,CSP4_LDA,deterministic,0.6717587152634761,0.3282412847365239,1
s15_1_retained_2_t094,15,1,retained_labeled_MI,2,s15.mat,95011e9b668784c8dad3c45bb6105232190848db6100eafe53d4ddff55cb35d7,334335,Cho2017,Q15-E006,CSP4_LDA,deterministic,0.7075192014289897,0.2924807985710102,1
s15_1_retained_2_t095,15,1,retained_labeled_MI,2,s15.mat,95011e9b668784c8dad3c45bb6105232190848db6100eafe53d4ddff55cb35d7,337919,Cho2017,Q15-E006,CSP4_LDA,deterministic,0.7126559277379773,0.28734407226202274,1
s15_1_retained_2_t096,15,1,retained_labeled_MI,2,s15.mat,95011e9b668784c8dad3c45bb6105232190848db6100eafe53d4ddff55cb35d7,341503,Cho2017,Q15-E006,CSP4_LDA,deterministic,0.6963662158404681,0.3036337841595319,1
s15_1_retained_2_t097,15,1,retained_labeled_MI,2,s15.mat,95011e9b668784c8dad3c45bb6105232190848db6100eafe53d4ddff55cb35d7,345087,Cho2017,Q15-E006,CSP4_LDA,deterministic,0.6263746620628792,0.3736253379371208,1
s15_1_retained_2_t098,15,1,retained_labeled_MI,2,s15.mat,95011e9b668784c8dad3c45bb6105232190848db6100eafe53d4ddff55cb35d7,348671,Cho2017,Q15-E006,CSP4_LDA,deterministic,0.7111140109948129,0.2888859890051871,1
s15_1_retained_2_t099,15,1,retained_labeled_MI,2,s15.mat,95011e9b668784c8dad3c45bb6105232190848db6100eafe53d4ddff55cb35d7,352255,Cho2017,Q15-E006,CSP4_LDA,deterministic,0.6985727813003573,0.3014272186996428,1
s15_1_retained_2_t100,15,1,retained_labeled_MI,2,s15.mat,95011e9b668784c8dad3c45bb6105232190848db6100eafe53d4ddff55cb35d7,355839,Cho2017,Q15-E006,CSP4_LDA,deterministic,0.6455678475080036,0.3544321524919965,1
