sample_id,subject,session,run,label,file_id,raw_sha256,cue_sample_native,dataset,experiment_id,model,seed,p_left,p_right,predicted_label
s50_1_retained_1_t001,50,1,retained_labeled_MI,1,s50.mat,b5df79bb64eb585ff01eb77cc176c9a02964c564dd40a4eeec7764b510950d40,1023,Cho2017,Q15-E006,BROAD_EEGNET,20260924,0.0009235043544322252,0.9990764856338501,2
s50_1_retained_1_t002,50,1,retained_labeled_MI,1,s50.mat,b5df79bb64eb585ff01eb77cc176c9a02964c564dd40a4eeec7764b510950d40,4607,Cho2017,Q15-E006,BROAD_EEGNET,20260924,1.2024178874803226e-10,1.0,2
s50_1_retained_1_t003,50,1,retained_labeled_MI,1,s50.mat,b5df79bb64eb585ff01eb77cc176c9a02964c564dd40a4eeec7764b510950d40,8191,Cho2017,Q15-E006,BROAD_EEGNET,20260924,4.969703576614137e-13,1.0,2
s50_1_retained_1_t004,50,1,retained_labeled_MI,1,s50.mat,b5df79bb64eb585ff01eb77cc176c9a02964c564dd40a4eeec7764b510950d40,11775,Cho2017,Q15-E006,BROAD_EEGNET,20260924,3.3128574533023694e-15,1.0,2
s50_1_retained_1_t005,50,1,retained_labeled_MI,1,s50.mat,b5df79bb64eb585ff01eb77cc176c9a02964c564dd40a4eeec7764b510950d40,15359,Cho2017,Q15-E006,BROAD_EEGNET,20260924,4.4594340732324964e-15,1.0,2
s50_1_retained_1_t006,50,1,retained_labeled_MI,1,s50.mat,b5df79bb64eb585ff01eb77cc176c9a02964c564dd40a4eeec7764b510950d40,18943,Cho2017,Q15-E006,BROAD_EEGNET,20260924,2.595413883810238e-09,1.0,2
s50_1_retained_1_t007,50,1,retained_labeled_MI,1,s50.mat,b5df79bb64eb585ff01eb77cc176c9a02964c564dd40a4eeec7764b510950d40,22527,Cho2017,Q15-E006,BROAD_EEGNET,20260924,0.0027464930899441242,0.9972534775733948,2
s50_1_retained_1_t008,50,1,retained_labeled_MI,1,s50.mat,b5df79bb64eb585ff01eb77cc176c9a02964c564dd40a4eeec7764b510950d40,26111,Cho2017,Q15-E006,BROAD_EEGNET,20260924,3.56815160751367e-10,1.0,2
s50_1_retained_1_t009,50,1,retained_labeled_MI,1,s50.mat,b5df79bb64eb585ff01eb77cc176c9a02964c564dd40a4eeec7764b510950d40,29695,Cho2017,Q15-E006,BROAD_EEGNET,20260924,1.6901416247452894e-12,1.0,2
s50_1_retained_1_t010,50,1,retained_labeled_MI,1,s50.mat,b5df79bb64eb585ff01eb77cc176c9a02964c564dd40a4eeec7764b510950d40,33279,Cho2017,Q15-E006,BROAD_EEGNET,20260924,8.564266656962971e-11,1.0,2
s50_1_retained_1_t011,50,1,retained_labeled_MI,1,s50.mat,b5df79bb64eb585ff01eb77cc176c9a02964c564dd40a4eeec7764b510950d40,36863,Cho2017,Q15-E006,BROAD_EEGNET,20260924,5.803958428348132e-17,1.0,2
s50_1_retained_1_t012,50,1,retained_labeled_MI,1,s50.mat,b5df79bb64eb585ff01eb77cc176c9a02964c564dd40a4eeec7764b510950d40,40447,Cho2017,Q15-E006,BROAD_EEGNET,20260924,1.1689472398318684e-18,1.0,2
s50_1_retained_1_t013,50,1,retained_labeled_MI,1,s50.mat,b5df79bb64eb585ff01eb77cc176c9a02964c564dd40a4eeec7764b510950d40,44031,Cho2017,Q15-E006,BROAD_EEGNET,20260924,4.667618722087319e-12,1.0,2
s50_1_retained_1_t014,50,1,retained_labeled_MI,1,s50.mat,b5df79bb64eb585ff01eb77cc176c9a02964c564dd40a4eeec7764b510950d40,47615,Cho2017,Q15-E006,BROAD_EEGNET,20260924,8.299009049417272e-12,1.0,2
s50_1_retained_1_t015,50,1,retained_labeled_MI,1,s50.mat,b5df79bb64eb585ff01eb77cc176c9a02964c564dd40a4eeec7764b510950d40,51199,Cho2017,Q15-E006,BROAD_EEGNET,20260924,2.420167402306106e-05,0.9999758005142212,2
s50_1_retained_1_t016,50,1,retained_labeled_MI,1,s50.mat,b5df79bb64eb585ff01eb77cc176c9a02964c564dd40a4eeec7764b510950d40,54783,Cho2017,Q15-E006,BROAD_EEGNET,20260924,0.9970278143882751,0.00297223636880517,1
s50_1_retained_1_t017,50,1,retained_labeled_MI,1,s50.mat,b5df79bb64eb585ff01eb77cc176c9a02964c564dd40a4eeec7764b510950d40,58367,Cho2017,Q15-E006,BROAD_EEGNET,20260924,0.9998406171798706,0.00015937260468490422,1
s50_1_retained_1_t018,50,1,retained_labeled_MI,1,s50.mat,b5df79bb64eb585ff01eb77cc176c9a02964c564dd40a4eeec7764b510950d40,61951,Cho2017,Q15-E006,BROAD_EEGNET,20260924,0.007839078083634377,0.9921608567237854,2
s50_1_retained_1_t019,50,1,retained_labeled_MI,1,s50.mat,b5df79bb64eb585ff01eb77cc176c9a02964c564dd40a4eeec7764b510950d40,65535,Cho2017,Q15-E006,BROAD_EEGNET,20260924,0.9999998807907104,1.0998659405458966e-07,1
s50_1_retained_1_t020,50,1,retained_labeled_MI,1,s50.mat,b5df79bb64eb585ff01eb77cc176c9a02964c564dd40a4eeec7764b510950d40,69119,Cho2017,Q15-E006,BROAD_EEGNET,20260924,0.0016600481467321515,0.9983398914337158,2
s50_1_retained_1_t021,50,1,retained_labeled_MI,1,s50.mat,b5df79bb64eb585ff01eb77cc176c9a02964c564dd40a4eeec7764b510950d40,72703,Cho2017,Q15-E006,BROAD_EEGNET,20260924,2.441093904792524e-08,1.0,2
s50_1_retained_1_t022,50,1,retained_labeled_MI,1,s50.mat,b5df79bb64eb585ff01eb77cc176c9a02964c564dd40a4eeec7764b510950d40,76287,Cho2017,Q15-E006,BROAD_EEGNET,20260924,1.090212919940825e-10,1.0,2
s50_1_retained_1_t023,50,1,retained_labeled_MI,1,s50.mat,b5df79bb64eb585ff01eb77cc176c9a02964c564dd40a4eeec7764b510950d40,79871,Cho2017,Q15-E006,BROAD_EEGNET,20260924,4.933547805853998e-14,1.0,2
s50_1_retained_1_t024,50,1,retained_labeled_MI,1,s50.mat,b5df79bb64eb585ff01eb77cc176c9a02964c564dd40a4eeec7764b510950d40,83455,Cho2017,Q15-E006,BROAD_EEGNET,20260924,0.046034522354602814,0.9539655447006226,2
s50_1_retained_1_t025,50,1,retained_labeled_MI,1,s50.mat,b5df79bb64eb585ff01eb77cc176c9a02964c564dd40a4eeec7764b510950d40,87039,Cho2017,Q15-E006,BROAD_EEGNET,20260924,3.2221512810792774e-05,0.9999678134918213,2
s50_1_retained_1_t026,50,1,retained_labeled_MI,1,s50.mat,b5df79bb64eb585ff01eb77cc176c9a02964c564dd40a4eeec7764b510950d40,90623,Cho2017,Q15-E006,BROAD_EEGNET,20260924,0.9983446598052979,0.0016553591703996062,1
s50_1_retained_1_t027,50,1,retained_labeled_MI,1,s50.mat,b5df79bb64eb585ff01eb77cc176c9a02964c564dd40a4eeec7764b510950d40,94207,Cho2017,Q15-E006,BROAD_EEGNET,20260924,0.0028041291516274214,0.997195839881897,2
s50_1_retained_1_t028,50,1,retained_labeled_MI,1,s50.mat,b5df79bb64eb585ff01eb77cc176c9a02964c564dd40a4eeec7764b510950d40,97791,Cho2017,Q15-E006,BROAD_EEGNET,20260924,1.3444380329019623e-06,0.9999986886978149,2
s50_1_retained_1_t029,50,1,retained_labeled_MI,1,s50.mat,b5df79bb64eb585ff01eb77cc176c9a02964c564dd40a4eeec7764b510950d40,101375,Cho2017,Q15-E006,BROAD_EEGNET,20260924,0.7820578813552856,0.21794207394123077,1
s50_1_retained_1_t030,50,1,retained_labeled_MI,1,s50.mat,b5df79bb64eb585ff01eb77cc176c9a02964c564dd40a4eeec7764b510950d40,104959,Cho2017,Q15-E006,BROAD_EEGNET,20260924,3.362284951326233e-13,1.0,2
s50_1_retained_1_t031,50,1,retained_labeled_MI,1,s50.mat,b5df79bb64eb585ff01eb77cc176c9a02964c564dd40a4eeec7764b510950d40,108543,Cho2017,Q15-E006,BROAD_EEGNET,20260924,0.00014586742327082902,0.9998540878295898,2
s50_1_retained_1_t032,50,1,retained_labeled_MI,1,s50.mat,b5df79bb64eb585ff01eb77cc176c9a02964c564dd40a4eeec7764b510950d40,112127,Cho2017,Q15-E006,BROAD_EEGNET,20260924,0.9999995231628418,5.054395160186687e-07,1
s50_1_retained_1_t033,50,1,retained_labeled_MI,1,s50.mat,b5df79bb64eb585ff01eb77cc176c9a02964c564dd40a4eeec7764b510950d40,115711,Cho2017,Q15-E006,BROAD_EEGNET,20260924,0.9946329593658447,0.005367042031139135,1
s50_1_retained_1_t034,50,1,retained_labeled_MI,1,s50.mat,b5df79bb64eb585ff01eb77cc176c9a02964c564dd40a4eeec7764b510950d40,119295,Cho2017,Q15-E006,BROAD_EEGNET,20260924,0.0002983697922900319,0.9997015595436096,2
s50_1_retained_1_t035,50,1,retained_labeled_MI,1,s50.mat,b5df79bb64eb585ff01eb77cc176c9a02964c564dd40a4eeec7764b510950d40,122879,Cho2017,Q15-E006,BROAD_EEGNET,20260924,1.0,1.939327587408002e-09,1
s50_1_retained_1_t036,50,1,retained_labeled_MI,1,s50.mat,b5df79bb64eb585ff01eb77cc176c9a02964c564dd40a4eeec7764b510950d40,126463,Cho2017,Q15-E006,BROAD_EEGNET,20260924,0.9999998807907104,1.0947006501282885e-07,1
s50_1_retained_1_t037,50,1,retained_labeled_MI,1,s50.mat,b5df79bb64eb585ff01eb77cc176c9a02964c564dd40a4eeec7764b510950d40,130047,Cho2017,Q15-E006,BROAD_EEGNET,20260924,0.9909119606018066,0.00908805150538683,1
s50_1_retained_1_t038,50,1,retained_labeled_MI,1,s50.mat,b5df79bb64eb585ff01eb77cc176c9a02964c564dd40a4eeec7764b510950d40,133631,Cho2017,Q15-E006,BROAD_EEGNET,20260924,0.00010710354399634525,0.9998928308486938,2
s50_1_retained_1_t039,50,1,retained_labeled_MI,1,s50.mat,b5df79bb64eb585ff01eb77cc176c9a02964c564dd40a4eeec7764b510950d40,137215,Cho2017,Q15-E006,BROAD_EEGNET,20260924,9.744937869982095e-07,0.9999990463256836,2
s50_1_retained_1_t040,50,1,retained_labeled_MI,1,s50.mat,b5df79bb64eb585ff01eb77cc176c9a02964c564dd40a4eeec7764b510950d40,140799,Cho2017,Q15-E006,BROAD_EEGNET,20260924,0.019342178478837013,0.9806578159332275,2
s50_1_retained_1_t041,50,1,retained_labeled_MI,1,s50.mat,b5df79bb64eb585ff01eb77cc176c9a02964c564dd40a4eeec7764b510950d40,144383,Cho2017,Q15-E006,BROAD_EEGNET,20260924,4.646955161729445e-24,1.0,2
s50_1_retained_1_t042,50,1,retained_labeled_MI,1,s50.mat,b5df79bb64eb585ff01eb77cc176c9a02964c564dd40a4eeec7764b510950d40,147967,Cho2017,Q15-E006,BROAD_EEGNET,20260924,8.546171181366153e-18,1.0,2
s50_1_retained_1_t043,50,1,retained_labeled_MI,1,s50.mat,b5df79bb64eb585ff01eb77cc176c9a02964c564dd40a4eeec7764b510950d40,151551,Cho2017,Q15-E006,BROAD_EEGNET,20260924,4.9610513959507e-19,1.0,2
s50_1_retained_1_t044,50,1,retained_labeled_MI,1,s50.mat,b5df79bb64eb585ff01eb77cc176c9a02964c564dd40a4eeec7764b510950d40,155135,Cho2017,Q15-E006,BROAD_EEGNET,20260924,1.5231513160269652e-20,1.0,2
s50_1_retained_1_t045,50,1,retained_labeled_MI,1,s50.mat,b5df79bb64eb585ff01eb77cc176c9a02964c564dd40a4eeec7764b510950d40,158719,Cho2017,Q15-E006,BROAD_EEGNET,20260924,2.4335773264713874e-15,1.0,2
s50_1_retained_1_t046,50,1,retained_labeled_MI,1,s50.mat,b5df79bb64eb585ff01eb77cc176c9a02964c564dd40a4eeec7764b510950d40,162303,Cho2017,Q15-E006,BROAD_EEGNET,20260924,8.026331682620125e-11,1.0,2
s50_1_retained_1_t047,50,1,retained_labeled_MI,1,s50.mat,b5df79bb64eb585ff01eb77cc176c9a02964c564dd40a4eeec7764b510950d40,165887,Cho2017,Q15-E006,BROAD_EEGNET,20260924,1.7085825145652343e-14,1.0,2
s50_1_retained_1_t048,50,1,retained_labeled_MI,1,s50.mat,b5df79bb64eb585ff01eb77cc176c9a02964c564dd40a4eeec7764b510950d40,169471,Cho2017,Q15-E006,BROAD_EEGNET,20260924,1.7686204585998293e-19,1.0,2
s50_1_retained_1_t049,50,1,retained_labeled_MI,1,s50.mat,b5df79bb64eb585ff01eb77cc176c9a02964c564dd40a4eeec7764b510950d40,173055,Cho2017,Q15-E006,BROAD_EEGNET,20260924,1.509566898473343e-16,1.0,2
s50_1_retained_1_t050,50,1,retained_labeled_MI,1,s50.mat,b5df79bb64eb585ff01eb77cc176c9a02964c564dd40a4eeec7764b510950d40,176639,Cho2017,Q15-E006,BROAD_EEGNET,20260924,8.73827598709429e-23,1.0,2
s50_1_retained_1_t051,50,1,retained_labeled_MI,1,s50.mat,b5df79bb64eb585ff01eb77cc176c9a02964c564dd40a4eeec7764b510950d40,180223,Cho2017,Q15-E006,BROAD_EEGNET,20260924,2.2366095223790688e-17,1.0,2
s50_1_retained_1_t052,50,1,retained_labeled_MI,1,s50.mat,b5df79bb64eb585ff01eb77cc176c9a02964c564dd40a4eeec7764b510950d40,183807,Cho2017,Q15-E006,BROAD_EEGNET,20260924,4.285671625148037e-21,1.0,2
s50_1_retained_1_t053,50,1,retained_labeled_MI,1,s50.mat,b5df79bb64eb585ff01eb77cc176c9a02964c564dd40a4eeec7764b510950d40,187391,Cho2017,Q15-E006,BROAD_EEGNET,20260924,2.2502171237448465e-09,1.0,2
s50_1_retained_1_t054,50,1,retained_labeled_MI,1,s50.mat,b5df79bb64eb585ff01eb77cc176c9a02964c564dd40a4eeec7764b510950d40,190975,Cho2017,Q15-E006,BROAD_EEGNET,20260924,1.0510743751052098e-14,1.0,2
s50_1_retained_1_t055,50,1,retained_labeled_MI,1,s50.mat,b5df79bb64eb585ff01eb77cc176c9a02964c564dd40a4eeec7764b510950d40,194559,Cho2017,Q15-E006,BROAD_EEGNET,20260924,1.3217022214941157e-20,1.0,2
s50_1_retained_1_t056,50,1,retained_labeled_MI,1,s50.mat,b5df79bb64eb585ff01eb77cc176c9a02964c564dd40a4eeec7764b510950d40,198143,Cho2017,Q15-E006,BROAD_EEGNET,20260924,1.4436002579184895e-18,1.0,2
s50_1_retained_1_t057,50,1,retained_labeled_MI,1,s50.mat,b5df79bb64eb585ff01eb77cc176c9a02964c564dd40a4eeec7764b510950d40,201727,Cho2017,Q15-E006,BROAD_EEGNET,20260924,9.362862912141437e-16,1.0,2
s50_1_retained_1_t058,50,1,retained_labeled_MI,1,s50.mat,b5df79bb64eb585ff01eb77cc176c9a02964c564dd40a4eeec7764b510950d40,205311,Cho2017,Q15-E006,BROAD_EEGNET,20260924,1.731140258810198e-19,1.0,2
s50_1_retained_1_t059,50,1,retained_labeled_MI,1,s50.mat,b5df79bb64eb585ff01eb77cc176c9a02964c564dd40a4eeec7764b510950d40,208895,Cho2017,Q15-E006,BROAD_EEGNET,20260924,7.209536646986616e-19,1.0,2
s50_1_retained_1_t060,50,1,retained_labeled_MI,1,s50.mat,b5df79bb64eb585ff01eb77cc176c9a02964c564dd40a4eeec7764b510950d40,212479,Cho2017,Q15-E006,BROAD_EEGNET,20260924,3.6066711572857457e-07,0.9999996423721313,2
s50_1_retained_1_t061,50,1,retained_labeled_MI,1,s50.mat,b5df79bb64eb585ff01eb77cc176c9a02964c564dd40a4eeec7764b510950d40,216063,Cho2017,Q15-E006,BROAD_EEGNET,20260924,3.6022985483441516e-08,1.0,2
s50_1_retained_1_t062,50,1,retained_labeled_MI,1,s50.mat,b5df79bb64eb585ff01eb77cc176c9a02964c564dd40a4eeec7764b510950d40,219647,Cho2017,Q15-E006,BROAD_EEGNET,20260924,2.485661416279372e-13,1.0,2
s50_1_retained_1_t063,50,1,retained_labeled_MI,1,s50.mat,b5df79bb64eb585ff01eb77cc176c9a02964c564dd40a4eeec7764b510950d40,223231,Cho2017,Q15-E006,BROAD_EEGNET,20260924,7.284124882043705e-14,1.0,2
s50_1_retained_1_t064,50,1,retained_labeled_MI,1,s50.mat,b5df79bb64eb585ff01eb77cc176c9a02964c564dd40a4eeec7764b510950d40,226815,Cho2017,Q15-E006,BROAD_EEGNET,20260924,1.2482488729714108e-13,1.0,2
s50_1_retained_1_t065,50,1,retained_labeled_MI,1,s50.mat,b5df79bb64eb585ff01eb77cc176c9a02964c564dd40a4eeec7764b510950d40,230399,Cho2017,Q15-E006,BROAD_EEGNET,20260924,8.436784257326302e-14,1.0,2
s50_1_retained_1_t066,50,1,retained_labeled_MI,1,s50.mat,b5df79bb64eb585ff01eb77cc176c9a02964c564dd40a4eeec7764b510950d40,233983,Cho2017,Q15-E006,BROAD_EEGNET,20260924,0.7495094537734985,0.2504905164241791,1
s50_1_retained_1_t067,50,1,retained_labeled_MI,1,s50.mat,b5df79bb64eb585ff01eb77cc176c9a02964c564dd40a4eeec7764b510950d40,237567,Cho2017,Q15-E006,BROAD_EEGNET,20260924,5.234376931895213e-09,1.0,2
s50_1_retained_1_t068,50,1,retained_labeled_MI,1,s50.mat,b5df79bb64eb585ff01eb77cc176c9a02964c564dd40a4eeec7764b510950d40,241151,Cho2017,Q15-E006,BROAD_EEGNET,20260924,1.2578312191963037e-23,1.0,2
s50_1_retained_1_t069,50,1,retained_labeled_MI,1,s50.mat,b5df79bb64eb585ff01eb77cc176c9a02964c564dd40a4eeec7764b510950d40,244735,Cho2017,Q15-E006,BROAD_EEGNET,20260924,3.142502924546875e-11,1.0,2
s50_1_retained_1_t070,50,1,retained_labeled_MI,1,s50.mat,b5df79bb64eb585ff01eb77cc176c9a02964c564dd40a4eeec7764b510950d40,248319,Cho2017,Q15-E006,BROAD_EEGNET,20260924,2.6652204887511743e-09,1.0,2
s50_1_retained_1_t071,50,1,retained_labeled_MI,1,s50.mat,b5df79bb64eb585ff01eb77cc176c9a02964c564dd40a4eeec7764b510950d40,251903,Cho2017,Q15-E006,BROAD_EEGNET,20260924,6.058010373692391e-20,1.0,2
s50_1_retained_1_t072,50,1,retained_labeled_MI,1,s50.mat,b5df79bb64eb585ff01eb77cc176c9a02964c564dd40a4eeec7764b510950d40,255487,Cho2017,Q15-E006,BROAD_EEGNET,20260924,0.9999854564666748,1.4534147339873016e-05,1
s50_1_retained_1_t073,50,1,retained_labeled_MI,1,s50.mat,b5df79bb64eb585ff01eb77cc176c9a02964c564dd40a4eeec7764b510950d40,259071,Cho2017,Q15-E006,BROAD_EEGNET,20260924,1.1907727874146067e-15,1.0,2
s50_1_retained_1_t074,50,1,retained_labeled_MI,1,s50.mat,b5df79bb64eb585ff01eb77cc176c9a02964c564dd40a4eeec7764b510950d40,262655,Cho2017,Q15-E006,BROAD_EEGNET,20260924,1.9167471293967883e-14,1.0,2
s50_1_retained_1_t075,50,1,retained_labeled_MI,1,s50.mat,b5df79bb64eb585ff01eb77cc176c9a02964c564dd40a4eeec7764b510950d40,266239,Cho2017,Q15-E006,BROAD_EEGNET,20260924,2.3062789455963184e-09,1.0,2
s50_1_retained_1_t076,50,1,retained_labeled_MI,1,s50.mat,b5df79bb64eb585ff01eb77cc176c9a02964c564dd40a4eeec7764b510950d40,269823,Cho2017,Q15-E006,BROAD_EEGNET,20260924,1.9703925990821602e-10,1.0,2
s50_1_retained_1_t077,50,1,retained_labeled_MI,1,s50.mat,b5df79bb64eb585ff01eb77cc176c9a02964c564dd40a4eeec7764b510950d40,273407,Cho2017,Q15-E006,BROAD_EEGNET,20260924,2.8744246566292375e-12,1.0,2
s50_1_retained_1_t078,50,1,retained_labeled_MI,1,s50.mat,b5df79bb64eb585ff01eb77cc176c9a02964c564dd40a4eeec7764b510950d40,276991,Cho2017,Q15-E006,BROAD_EEGNET,20260924,2.4918653825759898e-17,1.0,2
s50_1_retained_1_t079,50,1,retained_labeled_MI,1,s50.mat,b5df79bb64eb585ff01eb77cc176c9a02964c564dd40a4eeec7764b510950d40,280575,Cho2017,Q15-E006,BROAD_EEGNET,20260924,0.0009055867558345199,0.9990944862365723,2
s50_1_retained_1_t080,50,1,retained_labeled_MI,1,s50.mat,b5df79bb64eb585ff01eb77cc176c9a02964c564dd40a4eeec7764b510950d40,284159,Cho2017,Q15-E006,BROAD_EEGNET,20260924,3.662238047541511e-12,1.0,2
s50_1_retained_1_t081,50,1,retained_labeled_MI,1,s50.mat,b5df79bb64eb585ff01eb77cc176c9a02964c564dd40a4eeec7764b510950d40,287743,Cho2017,Q15-E006,BROAD_EEGNET,20260924,2.1431922903047962e-08,1.0,2
s50_1_retained_1_t082,50,1,retained_labeled_MI,1,s50.mat,b5df79bb64eb585ff01eb77cc176c9a02964c564dd40a4eeec7764b510950d40,291327,Cho2017,Q15-E006,BROAD_EEGNET,20260924,3.888889210656998e-08,1.0,2
s50_1_retained_1_t083,50,1,retained_labeled_MI,1,s50.mat,b5df79bb64eb585ff01eb77cc176c9a02964c564dd40a4eeec7764b510950d40,294911,Cho2017,Q15-E006,BROAD_EEGNET,20260924,0.00010982084495481104,0.9998902082443237,2
s50_1_retained_1_t084,50,1,retained_labeled_MI,1,s50.mat,b5df79bb64eb585ff01eb77cc176c9a02964c564dd40a4eeec7764b510950d40,298495,Cho2017,Q15-E006,BROAD_EEGNET,20260924,0.9999942779541016,5.730597877118271e-06,1
s50_1_retained_1_t085,50,1,retained_labeled_MI,1,s50.mat,b5df79bb64eb585ff01eb77cc176c9a02964c564dd40a4eeec7764b510950d40,302079,Cho2017,Q15-E006,BROAD_EEGNET,20260924,0.9999978542327881,2.127740572177572e-06,1
s50_1_retained_1_t086,50,1,retained_labeled_MI,1,s50.mat,b5df79bb64eb585ff01eb77cc176c9a02964c564dd40a4eeec7764b510950d40,305663,Cho2017,Q15-E006,BROAD_EEGNET,20260924,0.0002879237581510097,0.9997120499610901,2
s50_1_retained_1_t087,50,1,retained_labeled_MI,1,s50.mat,b5df79bb64eb585ff01eb77cc176c9a02964c564dd40a4eeec7764b510950d40,309247,Cho2017,Q15-E006,BROAD_EEGNET,20260924,0.9901394248008728,0.009860525839030743,1
s50_1_retained_1_t088,50,1,retained_labeled_MI,1,s50.mat,b5df79bb64eb585ff01eb77cc176c9a02964c564dd40a4eeec7764b510950d40,312831,Cho2017,Q15-E006,BROAD_EEGNET,20260924,0.24531066417694092,0.7546893954277039,2
s50_1_retained_1_t089,50,1,retained_labeled_MI,1,s50.mat,b5df79bb64eb585ff01eb77cc176c9a02964c564dd40a4eeec7764b510950d40,316415,Cho2017,Q15-E006,BROAD_EEGNET,20260924,0.19665540754795074,0.8033446073532104,2
s50_1_retained_1_t090,50,1,retained_labeled_MI,1,s50.mat,b5df79bb64eb585ff01eb77cc176c9a02964c564dd40a4eeec7764b510950d40,319999,Cho2017,Q15-E006,BROAD_EEGNET,20260924,0.04690192639827728,0.9530980587005615,2
s50_1_retained_1_t091,50,1,retained_labeled_MI,1,s50.mat,b5df79bb64eb585ff01eb77cc176c9a02964c564dd40a4eeec7764b510950d40,323583,Cho2017,Q15-E006,BROAD_EEGNET,20260924,0.12740077078342438,0.8725992441177368,2
s50_1_retained_1_t092,50,1,retained_labeled_MI,1,s50.mat,b5df79bb64eb585ff01eb77cc176c9a02964c564dd40a4eeec7764b510950d40,327167,Cho2017,Q15-E006,BROAD_EEGNET,20260924,3.251444923080271e-06,0.9999967813491821,2
s50_1_retained_1_t093,50,1,retained_labeled_MI,1,s50.mat,b5df79bb64eb585ff01eb77cc176c9a02964c564dd40a4eeec7764b510950d40,330751,Cho2017,Q15-E006,BROAD_EEGNET,20260924,0.7334729433059692,0.26652711629867554,1
s50_1_retained_1_t094,50,1,retained_labeled_MI,1,s50.mat,b5df79bb64eb585ff01eb77cc176c9a02964c564dd40a4eeec7764b510950d40,334335,Cho2017,Q15-E006,BROAD_EEGNET,20260924,1.4527232451655436e-05,0.9999854564666748,2
s50_1_retained_1_t095,50,1,retained_labeled_MI,1,s50.mat,b5df79bb64eb585ff01eb77cc176c9a02964c564dd40a4eeec7764b510950d40,337919,Cho2017,Q15-E006,BROAD_EEGNET,20260924,3.9558457501698285e-05,0.9999604225158691,2
s50_1_retained_1_t096,50,1,retained_labeled_MI,1,s50.mat,b5df79bb64eb585ff01eb77cc176c9a02964c564dd40a4eeec7764b510950d40,341503,Cho2017,Q15-E006,BROAD_EEGNET,20260924,0.9992926120758057,0.0007073493907228112,1
s50_1_retained_1_t097,50,1,retained_labeled_MI,1,s50.mat,b5df79bb64eb585ff01eb77cc176c9a02964c564dd40a4eeec7764b510950d40,345087,Cho2017,Q15-E006,BROAD_EEGNET,20260924,0.0004229217302054167,0.9995771050453186,2
s50_1_retained_1_t098,50,1,retained_labeled_MI,1,s50.mat,b5df79bb64eb585ff01eb77cc176c9a02964c564dd40a4eeec7764b510950d40,348671,Cho2017,Q15-E006,BROAD_EEGNET,20260924,5.389038778957911e-05,0.999946117401123,2
s50_1_retained_1_t099,50,1,retained_labeled_MI,1,s50.mat,b5df79bb64eb585ff01eb77cc176c9a02964c564dd40a4eeec7764b510950d40,352255,Cho2017,Q15-E006,BROAD_EEGNET,20260924,0.09022367745637894,0.9097763299942017,2
s50_1_retained_1_t100,50,1,retained_labeled_MI,1,s50.mat,b5df79bb64eb585ff01eb77cc176c9a02964c564dd40a4eeec7764b510950d40,355839,Cho2017,Q15-E006,BROAD_EEGNET,20260924,0.1831752210855484,0.8168248534202576,2
s50_1_retained_2_t001,50,1,retained_labeled_MI,2,s50.mat,b5df79bb64eb585ff01eb77cc176c9a02964c564dd40a4eeec7764b510950d40,1023,Cho2017,Q15-E006,BROAD_EEGNET,20260924,3.671713377784158e-09,1.0,2
s50_1_retained_2_t002,50,1,retained_labeled_MI,2,s50.mat,b5df79bb64eb585ff01eb77cc176c9a02964c564dd40a4eeec7764b510950d40,4607,Cho2017,Q15-E006,BROAD_EEGNET,20260924,9.664482408799913e-11,1.0,2
s50_1_retained_2_t003,50,1,retained_labeled_MI,2,s50.mat,b5df79bb64eb585ff01eb77cc176c9a02964c564dd40a4eeec7764b510950d40,8191,Cho2017,Q15-E006,BROAD_EEGNET,20260924,3.3172366221100036e-13,1.0,2
s50_1_retained_2_t004,50,1,retained_labeled_MI,2,s50.mat,b5df79bb64eb585ff01eb77cc176c9a02964c564dd40a4eeec7764b510950d40,11775,Cho2017,Q15-E006,BROAD_EEGNET,20260924,2.31731647759581e-12,1.0,2
s50_1_retained_2_t005,50,1,retained_labeled_MI,2,s50.mat,b5df79bb64eb585ff01eb77cc176c9a02964c564dd40a4eeec7764b510950d40,15359,Cho2017,Q15-E006,BROAD_EEGNET,20260924,5.043694628614759e-12,1.0,2
s50_1_retained_2_t006,50,1,retained_labeled_MI,2,s50.mat,b5df79bb64eb585ff01eb77cc176c9a02964c564dd40a4eeec7764b510950d40,18943,Cho2017,Q15-E006,BROAD_EEGNET,20260924,6.458914185064785e-19,1.0,2
s50_1_retained_2_t007,50,1,retained_labeled_MI,2,s50.mat,b5df79bb64eb585ff01eb77cc176c9a02964c564dd40a4eeec7764b510950d40,22527,Cho2017,Q15-E006,BROAD_EEGNET,20260924,3.1926322834517236e-17,1.0,2
s50_1_retained_2_t008,50,1,retained_labeled_MI,2,s50.mat,b5df79bb64eb585ff01eb77cc176c9a02964c564dd40a4eeec7764b510950d40,26111,Cho2017,Q15-E006,BROAD_EEGNET,20260924,6.534826846316122e-11,1.0,2
s50_1_retained_2_t009,50,1,retained_labeled_MI,2,s50.mat,b5df79bb64eb585ff01eb77cc176c9a02964c564dd40a4eeec7764b510950d40,29695,Cho2017,Q15-E006,BROAD_EEGNET,20260924,2.0375560505318802e-13,1.0,2
s50_1_retained_2_t010,50,1,retained_labeled_MI,2,s50.mat,b5df79bb64eb585ff01eb77cc176c9a02964c564dd40a4eeec7764b510950d40,33279,Cho2017,Q15-E006,BROAD_EEGNET,20260924,3.378278989885075e-09,1.0,2
s50_1_retained_2_t011,50,1,retained_labeled_MI,2,s50.mat,b5df79bb64eb585ff01eb77cc176c9a02964c564dd40a4eeec7764b510950d40,36863,Cho2017,Q15-E006,BROAD_EEGNET,20260924,8.907706115692665e-14,1.0,2
s50_1_retained_2_t012,50,1,retained_labeled_MI,2,s50.mat,b5df79bb64eb585ff01eb77cc176c9a02964c564dd40a4eeec7764b510950d40,40447,Cho2017,Q15-E006,BROAD_EEGNET,20260924,2.9006181137547493e-12,1.0,2
s50_1_retained_2_t013,50,1,retained_labeled_MI,2,s50.mat,b5df79bb64eb585ff01eb77cc176c9a02964c564dd40a4eeec7764b510950d40,44031,Cho2017,Q15-E006,BROAD_EEGNET,20260924,5.17234380326137e-11,1.0,2
s50_1_retained_2_t014,50,1,retained_labeled_MI,2,s50.mat,b5df79bb64eb585ff01eb77cc176c9a02964c564dd40a4eeec7764b510950d40,47615,Cho2017,Q15-E006,BROAD_EEGNET,20260924,0.9999792575836182,2.0726323782582767e-05,1
s50_1_retained_2_t015,50,1,retained_labeled_MI,2,s50.mat,b5df79bb64eb585ff01eb77cc176c9a02964c564dd40a4eeec7764b510950d40,51199,Cho2017,Q15-E006,BROAD_EEGNET,20260924,7.370779334103794e-13,1.0,2
s50_1_retained_2_t016,50,1,retained_labeled_MI,2,s50.mat,b5df79bb64eb585ff01eb77cc176c9a02964c564dd40a4eeec7764b510950d40,54783,Cho2017,Q15-E006,BROAD_EEGNET,20260924,5.928348922878968e-10,1.0,2
s50_1_retained_2_t017,50,1,retained_labeled_MI,2,s50.mat,b5df79bb64eb585ff01eb77cc176c9a02964c564dd40a4eeec7764b510950d40,58367,Cho2017,Q15-E006,BROAD_EEGNET,20260924,1.524656730077581e-13,1.0,2
s50_1_retained_2_t018,50,1,retained_labeled_MI,2,s50.mat,b5df79bb64eb585ff01eb77cc176c9a02964c564dd40a4eeec7764b510950d40,61951,Cho2017,Q15-E006,BROAD_EEGNET,20260924,0.0028915819711983204,0.9971083998680115,2
s50_1_retained_2_t019,50,1,retained_labeled_MI,2,s50.mat,b5df79bb64eb585ff01eb77cc176c9a02964c564dd40a4eeec7764b510950d40,65535,Cho2017,Q15-E006,BROAD_EEGNET,20260924,0.0018972379621118307,0.9981028437614441,2
s50_1_retained_2_t020,50,1,retained_labeled_MI,2,s50.mat,b5df79bb64eb585ff01eb77cc176c9a02964c564dd40a4eeec7764b510950d40,69119,Cho2017,Q15-E006,BROAD_EEGNET,20260924,0.9902048110961914,0.009795187041163445,1
s50_1_retained_2_t021,50,1,retained_labeled_MI,2,s50.mat,b5df79bb64eb585ff01eb77cc176c9a02964c564dd40a4eeec7764b510950d40,72703,Cho2017,Q15-E006,BROAD_EEGNET,20260924,3.0272429285105318e-05,0.9999697208404541,2
s50_1_retained_2_t022,50,1,retained_labeled_MI,2,s50.mat,b5df79bb64eb585ff01eb77cc176c9a02964c564dd40a4eeec7764b510950d40,76287,Cho2017,Q15-E006,BROAD_EEGNET,20260924,0.138362318277359,0.8616376519203186,2
s50_1_retained_2_t023,50,1,retained_labeled_MI,2,s50.mat,b5df79bb64eb585ff01eb77cc176c9a02964c564dd40a4eeec7764b510950d40,79871,Cho2017,Q15-E006,BROAD_EEGNET,20260924,1.948184316776999e-13,1.0,2
s50_1_retained_2_t024,50,1,retained_labeled_MI,2,s50.mat,b5df79bb64eb585ff01eb77cc176c9a02964c564dd40a4eeec7764b510950d40,83455,Cho2017,Q15-E006,BROAD_EEGNET,20260924,1.3228701391199138e-05,0.9999867677688599,2
s50_1_retained_2_t025,50,1,retained_labeled_MI,2,s50.mat,b5df79bb64eb585ff01eb77cc176c9a02964c564dd40a4eeec7764b510950d40,87039,Cho2017,Q15-E006,BROAD_EEGNET,20260924,9.220199714832233e-09,1.0,2
s50_1_retained_2_t026,50,1,retained_labeled_MI,2,s50.mat,b5df79bb64eb585ff01eb77cc176c9a02964c564dd40a4eeec7764b510950d40,90623,Cho2017,Q15-E006,BROAD_EEGNET,20260924,4.729395208791232e-10,1.0,2
s50_1_retained_2_t027,50,1,retained_labeled_MI,2,s50.mat,b5df79bb64eb585ff01eb77cc176c9a02964c564dd40a4eeec7764b510950d40,94207,Cho2017,Q15-E006,BROAD_EEGNET,20260924,5.917785074416315e-06,0.9999940395355225,2
s50_1_retained_2_t028,50,1,retained_labeled_MI,2,s50.mat,b5df79bb64eb585ff01eb77cc176c9a02964c564dd40a4eeec7764b510950d40,97791,Cho2017,Q15-E006,BROAD_EEGNET,20260924,2.895932647973395e-18,1.0,2
s50_1_retained_2_t029,50,1,retained_labeled_MI,2,s50.mat,b5df79bb64eb585ff01eb77cc176c9a02964c564dd40a4eeec7764b510950d40,101375,Cho2017,Q15-E006,BROAD_EEGNET,20260924,5.641268008282907e-10,1.0,2
s50_1_retained_2_t030,50,1,retained_labeled_MI,2,s50.mat,b5df79bb64eb585ff01eb77cc176c9a02964c564dd40a4eeec7764b510950d40,104959,Cho2017,Q15-E006,BROAD_EEGNET,20260924,2.256912921438925e-05,0.9999774694442749,2
s50_1_retained_2_t031,50,1,retained_labeled_MI,2,s50.mat,b5df79bb64eb585ff01eb77cc176c9a02964c564dd40a4eeec7764b510950d40,108543,Cho2017,Q15-E006,BROAD_EEGNET,20260924,1.345950204267865e-05,0.9999865293502808,2
s50_1_retained_2_t032,50,1,retained_labeled_MI,2,s50.mat,b5df79bb64eb585ff01eb77cc176c9a02964c564dd40a4eeec7764b510950d40,112127,Cho2017,Q15-E006,BROAD_EEGNET,20260924,1.760310830434264e-08,1.0,2
s50_1_retained_2_t033,50,1,retained_labeled_MI,2,s50.mat,b5df79bb64eb585ff01eb77cc176c9a02964c564dd40a4eeec7764b510950d40,115711,Cho2017,Q15-E006,BROAD_EEGNET,20260924,0.7410105466842651,0.25898945331573486,1
s50_1_retained_2_t034,50,1,retained_labeled_MI,2,s50.mat,b5df79bb64eb585ff01eb77cc176c9a02964c564dd40a4eeec7764b510950d40,119295,Cho2017,Q15-E006,BROAD_EEGNET,20260924,0.0063437954522669315,0.9936562180519104,2
s50_1_retained_2_t035,50,1,retained_labeled_MI,2,s50.mat,b5df79bb64eb585ff01eb77cc176c9a02964c564dd40a4eeec7764b510950d40,122879,Cho2017,Q15-E006,BROAD_EEGNET,20260924,2.4287612177431583e-05,0.9999756813049316,2
s50_1_retained_2_t036,50,1,retained_labeled_MI,2,s50.mat,b5df79bb64eb585ff01eb77cc176c9a02964c564dd40a4eeec7764b510950d40,126463,Cho2017,Q15-E006,BROAD_EEGNET,20260924,9.382147254655138e-05,0.9999061822891235,2
s50_1_retained_2_t037,50,1,retained_labeled_MI,2,s50.mat,b5df79bb64eb585ff01eb77cc176c9a02964c564dd40a4eeec7764b510950d40,130047,Cho2017,Q15-E006,BROAD_EEGNET,20260924,1.8328815087897965e-07,0.9999997615814209,2
s50_1_retained_2_t038,50,1,retained_labeled_MI,2,s50.mat,b5df79bb64eb585ff01eb77cc176c9a02964c564dd40a4eeec7764b510950d40,133631,Cho2017,Q15-E006,BROAD_EEGNET,20260924,0.9999991655349731,8.470248644698586e-07,1
s50_1_retained_2_t039,50,1,retained_labeled_MI,2,s50.mat,b5df79bb64eb585ff01eb77cc176c9a02964c564dd40a4eeec7764b510950d40,137215,Cho2017,Q15-E006,BROAD_EEGNET,20260924,0.9999998807907104,7.8095183653204e-08,1
s50_1_retained_2_t040,50,1,retained_labeled_MI,2,s50.mat,b5df79bb64eb585ff01eb77cc176c9a02964c564dd40a4eeec7764b510950d40,140799,Cho2017,Q15-E006,BROAD_EEGNET,20260924,0.0030508197378367186,0.9969492554664612,2
s50_1_retained_2_t041,50,1,retained_labeled_MI,2,s50.mat,b5df79bb64eb585ff01eb77cc176c9a02964c564dd40a4eeec7764b510950d40,144383,Cho2017,Q15-E006,BROAD_EEGNET,20260924,7.644358094647952e-19,1.0,2
s50_1_retained_2_t042,50,1,retained_labeled_MI,2,s50.mat,b5df79bb64eb585ff01eb77cc176c9a02964c564dd40a4eeec7764b510950d40,147967,Cho2017,Q15-E006,BROAD_EEGNET,20260924,1.6444868061745403e-16,1.0,2
s50_1_retained_2_t043,50,1,retained_labeled_MI,2,s50.mat,b5df79bb64eb585ff01eb77cc176c9a02964c564dd40a4eeec7764b510950d40,151551,Cho2017,Q15-E006,BROAD_EEGNET,20260924,7.297189762167644e-12,1.0,2
s50_1_retained_2_t044,50,1,retained_labeled_MI,2,s50.mat,b5df79bb64eb585ff01eb77cc176c9a02964c564dd40a4eeec7764b510950d40,155135,Cho2017,Q15-E006,BROAD_EEGNET,20260924,4.0844207898661777e-13,1.0,2
s50_1_retained_2_t045,50,1,retained_labeled_MI,2,s50.mat,b5df79bb64eb585ff01eb77cc176c9a02964c564dd40a4eeec7764b510950d40,158719,Cho2017,Q15-E006,BROAD_EEGNET,20260924,1.9357668246122728e-11,1.0,2
s50_1_retained_2_t046,50,1,retained_labeled_MI,2,s50.mat,b5df79bb64eb585ff01eb77cc176c9a02964c564dd40a4eeec7764b510950d40,162303,Cho2017,Q15-E006,BROAD_EEGNET,20260924,1.1485212812251843e-19,1.0,2
s50_1_retained_2_t047,50,1,retained_labeled_MI,2,s50.mat,b5df79bb64eb585ff01eb77cc176c9a02964c564dd40a4eeec7764b510950d40,165887,Cho2017,Q15-E006,BROAD_EEGNET,20260924,4.1962322505639804e-11,1.0,2
s50_1_retained_2_t048,50,1,retained_labeled_MI,2,s50.mat,b5df79bb64eb585ff01eb77cc176c9a02964c564dd40a4eeec7764b510950d40,169471,Cho2017,Q15-E006,BROAD_EEGNET,20260924,1.7057943362127573e-15,1.0,2
s50_1_retained_2_t049,50,1,retained_labeled_MI,2,s50.mat,b5df79bb64eb585ff01eb77cc176c9a02964c564dd40a4eeec7764b510950d40,173055,Cho2017,Q15-E006,BROAD_EEGNET,20260924,1.6161180562145076e-21,1.0,2
s50_1_retained_2_t050,50,1,retained_labeled_MI,2,s50.mat,b5df79bb64eb585ff01eb77cc176c9a02964c564dd40a4eeec7764b510950d40,176639,Cho2017,Q15-E006,BROAD_EEGNET,20260924,1.1685872635662908e-31,1.0,2
s50_1_retained_2_t051,50,1,retained_labeled_MI,2,s50.mat,b5df79bb64eb585ff01eb77cc176c9a02964c564dd40a4eeec7764b510950d40,180223,Cho2017,Q15-E006,BROAD_EEGNET,20260924,9.298464651522917e-18,1.0,2
s50_1_retained_2_t052,50,1,retained_labeled_MI,2,s50.mat,b5df79bb64eb585ff01eb77cc176c9a02964c564dd40a4eeec7764b510950d40,183807,Cho2017,Q15-E006,BROAD_EEGNET,20260924,6.301719986780081e-18,1.0,2
s50_1_retained_2_t053,50,1,retained_labeled_MI,2,s50.mat,b5df79bb64eb585ff01eb77cc176c9a02964c564dd40a4eeec7764b510950d40,187391,Cho2017,Q15-E006,BROAD_EEGNET,20260924,1.6296523592390644e-12,1.0,2
s50_1_retained_2_t054,50,1,retained_labeled_MI,2,s50.mat,b5df79bb64eb585ff01eb77cc176c9a02964c564dd40a4eeec7764b510950d40,190975,Cho2017,Q15-E006,BROAD_EEGNET,20260924,6.116448174760495e-23,1.0,2
s50_1_retained_2_t055,50,1,retained_labeled_MI,2,s50.mat,b5df79bb64eb585ff01eb77cc176c9a02964c564dd40a4eeec7764b510950d40,194559,Cho2017,Q15-E006,BROAD_EEGNET,20260924,1.6671189177202444e-15,1.0,2
s50_1_retained_2_t056,50,1,retained_labeled_MI,2,s50.mat,b5df79bb64eb585ff01eb77cc176c9a02964c564dd40a4eeec7764b510950d40,198143,Cho2017,Q15-E006,BROAD_EEGNET,20260924,3.7261349926631096e-17,1.0,2
s50_1_retained_2_t057,50,1,retained_labeled_MI,2,s50.mat,b5df79bb64eb585ff01eb77cc176c9a02964c564dd40a4eeec7764b510950d40,201727,Cho2017,Q15-E006,BROAD_EEGNET,20260924,2.003163767957211e-17,1.0,2
s50_1_retained_2_t058,50,1,retained_labeled_MI,2,s50.mat,b5df79bb64eb585ff01eb77cc176c9a02964c564dd40a4eeec7764b510950d40,205311,Cho2017,Q15-E006,BROAD_EEGNET,20260924,1.6673160646387178e-15,1.0,2
s50_1_retained_2_t059,50,1,retained_labeled_MI,2,s50.mat,b5df79bb64eb585ff01eb77cc176c9a02964c564dd40a4eeec7764b510950d40,208895,Cho2017,Q15-E006,BROAD_EEGNET,20260924,3.325442321511218e-08,1.0,2
s50_1_retained_2_t060,50,1,retained_labeled_MI,2,s50.mat,b5df79bb64eb585ff01eb77cc176c9a02964c564dd40a4eeec7764b510950d40,212479,Cho2017,Q15-E006,BROAD_EEGNET,20260924,1.0628958989400417e-05,0.99998939037323,2
s50_1_retained_2_t061,50,1,retained_labeled_MI,2,s50.mat,b5df79bb64eb585ff01eb77cc176c9a02964c564dd40a4eeec7764b510950d40,216063,Cho2017,Q15-E006,BROAD_EEGNET,20260924,3.6267473395494544e-18,1.0,2
s50_1_retained_2_t062,50,1,retained_labeled_MI,2,s50.mat,b5df79bb64eb585ff01eb77cc176c9a02964c564dd40a4eeec7764b510950d40,219647,Cho2017,Q15-E006,BROAD_EEGNET,20260924,4.248563653663773e-11,1.0,2
s50_1_retained_2_t063,50,1,retained_labeled_MI,2,s50.mat,b5df79bb64eb585ff01eb77cc176c9a02964c564dd40a4eeec7764b510950d40,223231,Cho2017,Q15-E006,BROAD_EEGNET,20260924,1.2032680388074368e-05,0.9999879598617554,2
s50_1_retained_2_t064,50,1,retained_labeled_MI,2,s50.mat,b5df79bb64eb585ff01eb77cc176c9a02964c564dd40a4eeec7764b510950d40,226815,Cho2017,Q15-E006,BROAD_EEGNET,20260924,1.1383861518374228e-12,1.0,2
s50_1_retained_2_t065,50,1,retained_labeled_MI,2,s50.mat,b5df79bb64eb585ff01eb77cc176c9a02964c564dd40a4eeec7764b510950d40,230399,Cho2017,Q15-E006,BROAD_EEGNET,20260924,8.747009339060696e-09,1.0,2
s50_1_retained_2_t066,50,1,retained_labeled_MI,2,s50.mat,b5df79bb64eb585ff01eb77cc176c9a02964c564dd40a4eeec7764b510950d40,233983,Cho2017,Q15-E006,BROAD_EEGNET,20260924,3.6662879221265043e-14,1.0,2
s50_1_retained_2_t067,50,1,retained_labeled_MI,2,s50.mat,b5df79bb64eb585ff01eb77cc176c9a02964c564dd40a4eeec7764b510950d40,237567,Cho2017,Q15-E006,BROAD_EEGNET,20260924,5.427457691229188e-23,1.0,2
s50_1_retained_2_t068,50,1,retained_labeled_MI,2,s50.mat,b5df79bb64eb585ff01eb77cc176c9a02964c564dd40a4eeec7764b510950d40,241151,Cho2017,Q15-E006,BROAD_EEGNET,20260924,6.2514961740242625e-15,1.0,2
s50_1_retained_2_t069,50,1,retained_labeled_MI,2,s50.mat,b5df79bb64eb585ff01eb77cc176c9a02964c564dd40a4eeec7764b510950d40,244735,Cho2017,Q15-E006,BROAD_EEGNET,20260924,1.3453064312237469e-14,1.0,2
s50_1_retained_2_t070,50,1,retained_labeled_MI,2,s50.mat,b5df79bb64eb585ff01eb77cc176c9a02964c564dd40a4eeec7764b510950d40,248319,Cho2017,Q15-E006,BROAD_EEGNET,20260924,9.790845366982985e-16,1.0,2
s50_1_retained_2_t071,50,1,retained_labeled_MI,2,s50.mat,b5df79bb64eb585ff01eb77cc176c9a02964c564dd40a4eeec7764b510950d40,251903,Cho2017,Q15-E006,BROAD_EEGNET,20260924,8.008164270600915e-11,1.0,2
s50_1_retained_2_t072,50,1,retained_labeled_MI,2,s50.mat,b5df79bb64eb585ff01eb77cc176c9a02964c564dd40a4eeec7764b510950d40,255487,Cho2017,Q15-E006,BROAD_EEGNET,20260924,1.8522617040162004e-07,0.9999997615814209,2
s50_1_retained_2_t073,50,1,retained_labeled_MI,2,s50.mat,b5df79bb64eb585ff01eb77cc176c9a02964c564dd40a4eeec7764b510950d40,259071,Cho2017,Q15-E006,BROAD_EEGNET,20260924,4.914267719868803e-06,0.9999951124191284,2
s50_1_retained_2_t074,50,1,retained_labeled_MI,2,s50.mat,b5df79bb64eb585ff01eb77cc176c9a02964c564dd40a4eeec7764b510950d40,262655,Cho2017,Q15-E006,BROAD_EEGNET,20260924,4.6433955846668164e-23,1.0,2
s50_1_retained_2_t075,50,1,retained_labeled_MI,2,s50.mat,b5df79bb64eb585ff01eb77cc176c9a02964c564dd40a4eeec7764b510950d40,266239,Cho2017,Q15-E006,BROAD_EEGNET,20260924,1.3235531996734165e-21,1.0,2
s50_1_retained_2_t076,50,1,retained_labeled_MI,2,s50.mat,b5df79bb64eb585ff01eb77cc176c9a02964c564dd40a4eeec7764b510950d40,269823,Cho2017,Q15-E006,BROAD_EEGNET,20260924,1.4635607722445147e-27,1.0,2
s50_1_retained_2_t077,50,1,retained_labeled_MI,2,s50.mat,b5df79bb64eb585ff01eb77cc176c9a02964c564dd40a4eeec7764b510950d40,273407,Cho2017,Q15-E006,BROAD_EEGNET,20260924,5.53703452386666e-17,1.0,2
s50_1_retained_2_t078,50,1,retained_labeled_MI,2,s50.mat,b5df79bb64eb585ff01eb77cc176c9a02964c564dd40a4eeec7764b510950d40,276991,Cho2017,Q15-E006,BROAD_EEGNET,20260924,4.081424776813947e-05,0.9999592304229736,2
s50_1_retained_2_t079,50,1,retained_labeled_MI,2,s50.mat,b5df79bb64eb585ff01eb77cc176c9a02964c564dd40a4eeec7764b510950d40,280575,Cho2017,Q15-E006,BROAD_EEGNET,20260924,8.145938893040772e-14,1.0,2
s50_1_retained_2_t080,50,1,retained_labeled_MI,2,s50.mat,b5df79bb64eb585ff01eb77cc176c9a02964c564dd40a4eeec7764b510950d40,284159,Cho2017,Q15-E006,BROAD_EEGNET,20260924,1.5038755550281532e-25,1.0,2
s50_1_retained_2_t081,50,1,retained_labeled_MI,2,s50.mat,b5df79bb64eb585ff01eb77cc176c9a02964c564dd40a4eeec7764b510950d40,287743,Cho2017,Q15-E006,BROAD_EEGNET,20260924,5.716288775658995e-09,1.0,2
s50_1_retained_2_t082,50,1,retained_labeled_MI,2,s50.mat,b5df79bb64eb585ff01eb77cc176c9a02964c564dd40a4eeec7764b510950d40,291327,Cho2017,Q15-E006,BROAD_EEGNET,20260924,0.00035665309405885637,0.9996433258056641,2
s50_1_retained_2_t083,50,1,retained_labeled_MI,2,s50.mat,b5df79bb64eb585ff01eb77cc176c9a02964c564dd40a4eeec7764b510950d40,294911,Cho2017,Q15-E006,BROAD_EEGNET,20260924,0.9998691082000732,0.00013091090659145266,1
s50_1_retained_2_t084,50,1,retained_labeled_MI,2,s50.mat,b5df79bb64eb585ff01eb77cc176c9a02964c564dd40a4eeec7764b510950d40,298495,Cho2017,Q15-E006,BROAD_EEGNET,20260924,9.929070074576885e-06,0.9999901056289673,2
s50_1_retained_2_t085,50,1,retained_labeled_MI,2,s50.mat,b5df79bb64eb585ff01eb77cc176c9a02964c564dd40a4eeec7764b510950d40,302079,Cho2017,Q15-E006,BROAD_EEGNET,20260924,0.923076868057251,0.07692310959100723,1
s50_1_retained_2_t086,50,1,retained_labeled_MI,2,s50.mat,b5df79bb64eb585ff01eb77cc176c9a02964c564dd40a4eeec7764b510950d40,305663,Cho2017,Q15-E006,BROAD_EEGNET,20260924,0.9999916553497314,8.35237733554095e-06,1
s50_1_retained_2_t087,50,1,retained_labeled_MI,2,s50.mat,b5df79bb64eb585ff01eb77cc176c9a02964c564dd40a4eeec7764b510950d40,309247,Cho2017,Q15-E006,BROAD_EEGNET,20260924,0.05547317862510681,0.9445267915725708,2
s50_1_retained_2_t088,50,1,retained_labeled_MI,2,s50.mat,b5df79bb64eb585ff01eb77cc176c9a02964c564dd40a4eeec7764b510950d40,312831,Cho2017,Q15-E006,BROAD_EEGNET,20260924,4.151968369114911e-06,0.9999958276748657,2
s50_1_retained_2_t089,50,1,retained_labeled_MI,2,s50.mat,b5df79bb64eb585ff01eb77cc176c9a02964c564dd40a4eeec7764b510950d40,316415,Cho2017,Q15-E006,BROAD_EEGNET,20260924,0.0008873152546584606,0.9991126656532288,2
s50_1_retained_2_t090,50,1,retained_labeled_MI,2,s50.mat,b5df79bb64eb585ff01eb77cc176c9a02964c564dd40a4eeec7764b510950d40,319999,Cho2017,Q15-E006,BROAD_EEGNET,20260924,2.642245977568791e-09,1.0,2
s50_1_retained_2_t091,50,1,retained_labeled_MI,2,s50.mat,b5df79bb64eb585ff01eb77cc176c9a02964c564dd40a4eeec7764b510950d40,323583,Cho2017,Q15-E006,BROAD_EEGNET,20260924,1.2345664046620186e-08,1.0,2
s50_1_retained_2_t092,50,1,retained_labeled_MI,2,s50.mat,b5df79bb64eb585ff01eb77cc176c9a02964c564dd40a4eeec7764b510950d40,327167,Cho2017,Q15-E006,BROAD_EEGNET,20260924,0.0003738157683983445,0.9996261596679688,2
s50_1_retained_2_t093,50,1,retained_labeled_MI,2,s50.mat,b5df79bb64eb585ff01eb77cc176c9a02964c564dd40a4eeec7764b510950d40,330751,Cho2017,Q15-E006,BROAD_EEGNET,20260924,1.1044734904430697e-08,1.0,2
s50_1_retained_2_t094,50,1,retained_labeled_MI,2,s50.mat,b5df79bb64eb585ff01eb77cc176c9a02964c564dd40a4eeec7764b510950d40,334335,Cho2017,Q15-E006,BROAD_EEGNET,20260924,1.0580676956806201e-07,0.9999998807907104,2
s50_1_retained_2_t095,50,1,retained_labeled_MI,2,s50.mat,b5df79bb64eb585ff01eb77cc176c9a02964c564dd40a4eeec7764b510950d40,337919,Cho2017,Q15-E006,BROAD_EEGNET,20260924,1.116595626626804e-06,0.999998927116394,2
s50_1_retained_2_t096,50,1,retained_labeled_MI,2,s50.mat,b5df79bb64eb585ff01eb77cc176c9a02964c564dd40a4eeec7764b510950d40,341503,Cho2017,Q15-E006,BROAD_EEGNET,20260924,4.272921432857402e-05,0.9999573230743408,2
s50_1_retained_2_t097,50,1,retained_labeled_MI,2,s50.mat,b5df79bb64eb585ff01eb77cc176c9a02964c564dd40a4eeec7764b510950d40,345087,Cho2017,Q15-E006,BROAD_EEGNET,20260924,8.142497875951449e-08,0.9999998807907104,2
s50_1_retained_2_t098,50,1,retained_labeled_MI,2,s50.mat,b5df79bb64eb585ff01eb77cc176c9a02964c564dd40a4eeec7764b510950d40,348671,Cho2017,Q15-E006,BROAD_EEGNET,20260924,0.0024964427575469017,0.9975035786628723,2
s50_1_retained_2_t099,50,1,retained_labeled_MI,2,s50.mat,b5df79bb64eb585ff01eb77cc176c9a02964c564dd40a4eeec7764b510950d40,352255,Cho2017,Q15-E006,BROAD_EEGNET,20260924,7.767717336861456e-15,1.0,2
s50_1_retained_2_t100,50,1,retained_labeled_MI,2,s50.mat,b5df79bb64eb585ff01eb77cc176c9a02964c564dd40a4eeec7764b510950d40,355839,Cho2017,Q15-E006,BROAD_EEGNET,20260924,0.9905669093132019,0.009433089755475521,1
s50_1_retained_1_t001,50,1,retained_labeled_MI,1,s50.mat,b5df79bb64eb585ff01eb77cc176c9a02964c564dd40a4eeec7764b510950d40,1023,Cho2017,Q15-E006,BROAD_EEGNET,20260925,0.08137597143650055,0.9186239838600159,2
s50_1_retained_1_t002,50,1,retained_labeled_MI,1,s50.mat,b5df79bb64eb585ff01eb77cc176c9a02964c564dd40a4eeec7764b510950d40,4607,Cho2017,Q15-E006,BROAD_EEGNET,20260925,0.9975678324699402,0.0024321528617292643,1
s50_1_retained_1_t003,50,1,retained_labeled_MI,1,s50.mat,b5df79bb64eb585ff01eb77cc176c9a02964c564dd40a4eeec7764b510950d40,8191,Cho2017,Q15-E006,BROAD_EEGNET,20260925,5.137390512999218e-11,1.0,2
s50_1_retained_1_t004,50,1,retained_labeled_MI,1,s50.mat,b5df79bb64eb585ff01eb77cc176c9a02964c564dd40a4eeec7764b510950d40,11775,Cho2017,Q15-E006,BROAD_EEGNET,20260925,8.427843423142178e-10,1.0,2
s50_1_retained_1_t005,50,1,retained_labeled_MI,1,s50.mat,b5df79bb64eb585ff01eb77cc176c9a02964c564dd40a4eeec7764b510950d40,15359,Cho2017,Q15-E006,BROAD_EEGNET,20260925,4.4448351249615214e-12,1.0,2
s50_1_retained_1_t006,50,1,retained_labeled_MI,1,s50.mat,b5df79bb64eb585ff01eb77cc176c9a02964c564dd40a4eeec7764b510950d40,18943,Cho2017,Q15-E006,BROAD_EEGNET,20260925,1.963463198723526e-14,1.0,2
s50_1_retained_1_t007,50,1,retained_labeled_MI,1,s50.mat,b5df79bb64eb585ff01eb77cc176c9a02964c564dd40a4eeec7764b510950d40,22527,Cho2017,Q15-E006,BROAD_EEGNET,20260925,2.380346142416556e-09,1.0,2
s50_1_retained_1_t008,50,1,retained_labeled_MI,1,s50.mat,b5df79bb64eb585ff01eb77cc176c9a02964c564dd40a4eeec7764b510950d40,26111,Cho2017,Q15-E006,BROAD_EEGNET,20260925,7.968906567609735e-13,1.0,2
s50_1_retained_1_t009,50,1,retained_labeled_MI,1,s50.mat,b5df79bb64eb585ff01eb77cc176c9a02964c564dd40a4eeec7764b510950d40,29695,Cho2017,Q15-E006,BROAD_EEGNET,20260925,4.574741938891645e-14,1.0,2
s50_1_retained_1_t010,50,1,retained_labeled_MI,1,s50.mat,b5df79bb64eb585ff01eb77cc176c9a02964c564dd40a4eeec7764b510950d40,33279,Cho2017,Q15-E006,BROAD_EEGNET,20260925,1.1843390712584778e-09,1.0,2
s50_1_retained_1_t011,50,1,retained_labeled_MI,1,s50.mat,b5df79bb64eb585ff01eb77cc176c9a02964c564dd40a4eeec7764b510950d40,36863,Cho2017,Q15-E006,BROAD_EEGNET,20260925,6.274800991301621e-12,1.0,2
s50_1_retained_1_t012,50,1,retained_labeled_MI,1,s50.mat,b5df79bb64eb585ff01eb77cc176c9a02964c564dd40a4eeec7764b510950d40,40447,Cho2017,Q15-E006,BROAD_EEGNET,20260925,6.206316697240972e-18,1.0,2
s50_1_retained_1_t013,50,1,retained_labeled_MI,1,s50.mat,b5df79bb64eb585ff01eb77cc176c9a02964c564dd40a4eeec7764b510950d40,44031,Cho2017,Q15-E006,BROAD_EEGNET,20260925,0.0007216242956928909,0.9992783665657043,2
s50_1_retained_1_t014,50,1,retained_labeled_MI,1,s50.mat,b5df79bb64eb585ff01eb77cc176c9a02964c564dd40a4eeec7764b510950d40,47615,Cho2017,Q15-E006,BROAD_EEGNET,20260925,7.043181149413158e-09,1.0,2
s50_1_retained_1_t015,50,1,retained_labeled_MI,1,s50.mat,b5df79bb64eb585ff01eb77cc176c9a02964c564dd40a4eeec7764b510950d40,51199,Cho2017,Q15-E006,BROAD_EEGNET,20260925,3.671489334777789e-09,1.0,2
s50_1_retained_1_t016,50,1,retained_labeled_MI,1,s50.mat,b5df79bb64eb585ff01eb77cc176c9a02964c564dd40a4eeec7764b510950d40,54783,Cho2017,Q15-E006,BROAD_EEGNET,20260925,1.0,1.3212339666779371e-08,1
s50_1_retained_1_t017,50,1,retained_labeled_MI,1,s50.mat,b5df79bb64eb585ff01eb77cc176c9a02964c564dd40a4eeec7764b510950d40,58367,Cho2017,Q15-E006,BROAD_EEGNET,20260925,0.9992560744285583,0.0007439545588567853,1
s50_1_retained_1_t018,50,1,retained_labeled_MI,1,s50.mat,b5df79bb64eb585ff01eb77cc176c9a02964c564dd40a4eeec7764b510950d40,61951,Cho2017,Q15-E006,BROAD_EEGNET,20260925,0.9995778203010559,0.0004222143907099962,1
s50_1_retained_1_t019,50,1,retained_labeled_MI,1,s50.mat,b5df79bb64eb585ff01eb77cc176c9a02964c564dd40a4eeec7764b510950d40,65535,Cho2017,Q15-E006,BROAD_EEGNET,20260925,1.0,2.956824566489509e-19,1
s50_1_retained_1_t020,50,1,retained_labeled_MI,1,s50.mat,b5df79bb64eb585ff01eb77cc176c9a02964c564dd40a4eeec7764b510950d40,69119,Cho2017,Q15-E006,BROAD_EEGNET,20260925,0.9979859590530396,0.0020139834377914667,1
s50_1_retained_1_t021,50,1,retained_labeled_MI,1,s50.mat,b5df79bb64eb585ff01eb77cc176c9a02964c564dd40a4eeec7764b510950d40,72703,Cho2017,Q15-E006,BROAD_EEGNET,20260925,2.76906075846739e-09,1.0,2
s50_1_retained_1_t022,50,1,retained_labeled_MI,1,s50.mat,b5df79bb64eb585ff01eb77cc176c9a02964c564dd40a4eeec7764b510950d40,76287,Cho2017,Q15-E006,BROAD_EEGNET,20260925,0.00015607431123498827,0.999843955039978,2
s50_1_retained_1_t023,50,1,retained_labeled_MI,1,s50.mat,b5df79bb64eb585ff01eb77cc176c9a02964c564dd40a4eeec7764b510950d40,79871,Cho2017,Q15-E006,BROAD_EEGNET,20260925,2.54695264878535e-09,1.0,2
s50_1_retained_1_t024,50,1,retained_labeled_MI,1,s50.mat,b5df79bb64eb585ff01eb77cc176c9a02964c564dd40a4eeec7764b510950d40,83455,Cho2017,Q15-E006,BROAD_EEGNET,20260925,0.12554390728473663,0.8744560480117798,2
s50_1_retained_1_t025,50,1,retained_labeled_MI,1,s50.mat,b5df79bb64eb585ff01eb77cc176c9a02964c564dd40a4eeec7764b510950d40,87039,Cho2017,Q15-E006,BROAD_EEGNET,20260925,0.9131114482879639,0.08688856661319733,1
s50_1_retained_1_t026,50,1,retained_labeled_MI,1,s50.mat,b5df79bb64eb585ff01eb77cc176c9a02964c564dd40a4eeec7764b510950d40,90623,Cho2017,Q15-E006,BROAD_EEGNET,20260925,0.9997410178184509,0.00025896631996147335,1
s50_1_retained_1_t027,50,1,retained_labeled_MI,1,s50.mat,b5df79bb64eb585ff01eb77cc176c9a02964c564dd40a4eeec7764b510950d40,94207,Cho2017,Q15-E006,BROAD_EEGNET,20260925,1.0,1.4434093920101532e-08,1
s50_1_retained_1_t028,50,1,retained_labeled_MI,1,s50.mat,b5df79bb64eb585ff01eb77cc176c9a02964c564dd40a4eeec7764b510950d40,97791,Cho2017,Q15-E006,BROAD_EEGNET,20260925,0.06592027842998505,0.9340797662734985,2
s50_1_retained_1_t029,50,1,retained_labeled_MI,1,s50.mat,b5df79bb64eb585ff01eb77cc176c9a02964c564dd40a4eeec7764b510950d40,101375,Cho2017,Q15-E006,BROAD_EEGNET,20260925,0.999984622001648,1.536140189273283e-05,1
s50_1_retained_1_t030,50,1,retained_labeled_MI,1,s50.mat,b5df79bb64eb585ff01eb77cc176c9a02964c564dd40a4eeec7764b510950d40,104959,Cho2017,Q15-E006,BROAD_EEGNET,20260925,2.8232992501459e-16,1.0,2
s50_1_retained_1_t031,50,1,retained_labeled_MI,1,s50.mat,b5df79bb64eb585ff01eb77cc176c9a02964c564dd40a4eeec7764b510950d40,108543,Cho2017,Q15-E006,BROAD_EEGNET,20260925,0.012616298161447048,0.9873837828636169,2
s50_1_retained_1_t032,50,1,retained_labeled_MI,1,s50.mat,b5df79bb64eb585ff01eb77cc176c9a02964c564dd40a4eeec7764b510950d40,112127,Cho2017,Q15-E006,BROAD_EEGNET,20260925,1.0,9.025899472270282e-11,1
s50_1_retained_1_t033,50,1,retained_labeled_MI,1,s50.mat,b5df79bb64eb585ff01eb77cc176c9a02964c564dd40a4eeec7764b510950d40,115711,Cho2017,Q15-E006,BROAD_EEGNET,20260925,0.9999986886978149,1.2952474435223849e-06,1
s50_1_retained_1_t034,50,1,retained_labeled_MI,1,s50.mat,b5df79bb64eb585ff01eb77cc176c9a02964c564dd40a4eeec7764b510950d40,119295,Cho2017,Q15-E006,BROAD_EEGNET,20260925,0.9911965131759644,0.008803516626358032,1
s50_1_retained_1_t035,50,1,retained_labeled_MI,1,s50.mat,b5df79bb64eb585ff01eb77cc176c9a02964c564dd40a4eeec7764b510950d40,122879,Cho2017,Q15-E006,BROAD_EEGNET,20260925,1.0,1.3759402506252627e-08,1
s50_1_retained_1_t036,50,1,retained_labeled_MI,1,s50.mat,b5df79bb64eb585ff01eb77cc176c9a02964c564dd40a4eeec7764b510950d40,126463,Cho2017,Q15-E006,BROAD_EEGNET,20260925,1.0,3.765892813383095e-15,1
s50_1_retained_1_t037,50,1,retained_labeled_MI,1,s50.mat,b5df79bb64eb585ff01eb77cc176c9a02964c564dd40a4eeec7764b510950d40,130047,Cho2017,Q15-E006,BROAD_EEGNET,20260925,0.8513242602348328,0.14867573976516724,1
s50_1_retained_1_t038,50,1,retained_labeled_MI,1,s50.mat,b5df79bb64eb585ff01eb77cc176c9a02964c564dd40a4eeec7764b510950d40,133631,Cho2017,Q15-E006,BROAD_EEGNET,20260925,0.00048492997302673757,0.9995150566101074,2
s50_1_retained_1_t039,50,1,retained_labeled_MI,1,s50.mat,b5df79bb64eb585ff01eb77cc176c9a02964c564dd40a4eeec7764b510950d40,137215,Cho2017,Q15-E006,BROAD_EEGNET,20260925,0.00012399979459587485,0.9998760223388672,2
s50_1_retained_1_t040,50,1,retained_labeled_MI,1,s50.mat,b5df79bb64eb585ff01eb77cc176c9a02964c564dd40a4eeec7764b510950d40,140799,Cho2017,Q15-E006,BROAD_EEGNET,20260925,6.861404835944995e-05,0.9999313354492188,2
s50_1_retained_1_t041,50,1,retained_labeled_MI,1,s50.mat,b5df79bb64eb585ff01eb77cc176c9a02964c564dd40a4eeec7764b510950d40,144383,Cho2017,Q15-E006,BROAD_EEGNET,20260925,4.5284597242067115e-26,1.0,2
s50_1_retained_1_t042,50,1,retained_labeled_MI,1,s50.mat,b5df79bb64eb585ff01eb77cc176c9a02964c564dd40a4eeec7764b510950d40,147967,Cho2017,Q15-E006,BROAD_EEGNET,20260925,1.6209141174804696e-15,1.0,2
s50_1_retained_1_t043,50,1,retained_labeled_MI,1,s50.mat,b5df79bb64eb585ff01eb77cc176c9a02964c564dd40a4eeec7764b510950d40,151551,Cho2017,Q15-E006,BROAD_EEGNET,20260925,1.988377529499212e-26,1.0,2
s50_1_retained_1_t044,50,1,retained_labeled_MI,1,s50.mat,b5df79bb64eb585ff01eb77cc176c9a02964c564dd40a4eeec7764b510950d40,155135,Cho2017,Q15-E006,BROAD_EEGNET,20260925,1.4803364899303828e-22,1.0,2
s50_1_retained_1_t045,50,1,retained_labeled_MI,1,s50.mat,b5df79bb64eb585ff01eb77cc176c9a02964c564dd40a4eeec7764b510950d40,158719,Cho2017,Q15-E006,BROAD_EEGNET,20260925,0.0005907751619815826,0.9994091987609863,2
s50_1_retained_1_t046,50,1,retained_labeled_MI,1,s50.mat,b5df79bb64eb585ff01eb77cc176c9a02964c564dd40a4eeec7764b510950d40,162303,Cho2017,Q15-E006,BROAD_EEGNET,20260925,2.096407578430159e-18,1.0,2
s50_1_retained_1_t047,50,1,retained_labeled_MI,1,s50.mat,b5df79bb64eb585ff01eb77cc176c9a02964c564dd40a4eeec7764b510950d40,165887,Cho2017,Q15-E006,BROAD_EEGNET,20260925,1.572863887744358e-11,1.0,2
s50_1_retained_1_t048,50,1,retained_labeled_MI,1,s50.mat,b5df79bb64eb585ff01eb77cc176c9a02964c564dd40a4eeec7764b510950d40,169471,Cho2017,Q15-E006,BROAD_EEGNET,20260925,3.3787261234126528e-15,1.0,2
s50_1_retained_1_t049,50,1,retained_labeled_MI,1,s50.mat,b5df79bb64eb585ff01eb77cc176c9a02964c564dd40a4eeec7764b510950d40,173055,Cho2017,Q15-E006,BROAD_EEGNET,20260925,4.363845210189655e-24,1.0,2
s50_1_retained_1_t050,50,1,retained_labeled_MI,1,s50.mat,b5df79bb64eb585ff01eb77cc176c9a02964c564dd40a4eeec7764b510950d40,176639,Cho2017,Q15-E006,BROAD_EEGNET,20260925,2.5961573068234106e-16,1.0,2
s50_1_retained_1_t051,50,1,retained_labeled_MI,1,s50.mat,b5df79bb64eb585ff01eb77cc176c9a02964c564dd40a4eeec7764b510950d40,180223,Cho2017,Q15-E006,BROAD_EEGNET,20260925,1.550337987175778e-22,1.0,2
s50_1_retained_1_t052,50,1,retained_labeled_MI,1,s50.mat,b5df79bb64eb585ff01eb77cc176c9a02964c564dd40a4eeec7764b510950d40,183807,Cho2017,Q15-E006,BROAD_EEGNET,20260925,2.4503997886958755e-31,1.0,2
s50_1_retained_1_t053,50,1,retained_labeled_MI,1,s50.mat,b5df79bb64eb585ff01eb77cc176c9a02964c564dd40a4eeec7764b510950d40,187391,Cho2017,Q15-E006,BROAD_EEGNET,20260925,1.6978243877474597e-07,0.9999998807907104,2
s50_1_retained_1_t054,50,1,retained_labeled_MI,1,s50.mat,b5df79bb64eb585ff01eb77cc176c9a02964c564dd40a4eeec7764b510950d40,190975,Cho2017,Q15-E006,BROAD_EEGNET,20260925,0.014086820185184479,0.9859132170677185,2
s50_1_retained_1_t055,50,1,retained_labeled_MI,1,s50.mat,b5df79bb64eb585ff01eb77cc176c9a02964c564dd40a4eeec7764b510950d40,194559,Cho2017,Q15-E006,BROAD_EEGNET,20260925,8.503758461286814e-12,1.0,2
s50_1_retained_1_t056,50,1,retained_labeled_MI,1,s50.mat,b5df79bb64eb585ff01eb77cc176c9a02964c564dd40a4eeec7764b510950d40,198143,Cho2017,Q15-E006,BROAD_EEGNET,20260925,3.288608467033431e-14,1.0,2
s50_1_retained_1_t057,50,1,retained_labeled_MI,1,s50.mat,b5df79bb64eb585ff01eb77cc176c9a02964c564dd40a4eeec7764b510950d40,201727,Cho2017,Q15-E006,BROAD_EEGNET,20260925,2.179215528030909e-07,0.9999997615814209,2
s50_1_retained_1_t058,50,1,retained_labeled_MI,1,s50.mat,b5df79bb64eb585ff01eb77cc176c9a02964c564dd40a4eeec7764b510950d40,205311,Cho2017,Q15-E006,BROAD_EEGNET,20260925,6.334093850721937e-16,1.0,2
s50_1_retained_1_t059,50,1,retained_labeled_MI,1,s50.mat,b5df79bb64eb585ff01eb77cc176c9a02964c564dd40a4eeec7764b510950d40,208895,Cho2017,Q15-E006,BROAD_EEGNET,20260925,1.6638318227343281e-18,1.0,2
s50_1_retained_1_t060,50,1,retained_labeled_MI,1,s50.mat,b5df79bb64eb585ff01eb77cc176c9a02964c564dd40a4eeec7764b510950d40,212479,Cho2017,Q15-E006,BROAD_EEGNET,20260925,3.949689241340291e-25,1.0,2
s50_1_retained_1_t061,50,1,retained_labeled_MI,1,s50.mat,b5df79bb64eb585ff01eb77cc176c9a02964c564dd40a4eeec7764b510950d40,216063,Cho2017,Q15-E006,BROAD_EEGNET,20260925,0.024187428876757622,0.975812554359436,2
s50_1_retained_1_t062,50,1,retained_labeled_MI,1,s50.mat,b5df79bb64eb585ff01eb77cc176c9a02964c564dd40a4eeec7764b510950d40,219647,Cho2017,Q15-E006,BROAD_EEGNET,20260925,5.398017644854536e-14,1.0,2
s50_1_retained_1_t063,50,1,retained_labeled_MI,1,s50.mat,b5df79bb64eb585ff01eb77cc176c9a02964c564dd40a4eeec7764b510950d40,223231,Cho2017,Q15-E006,BROAD_EEGNET,20260925,7.864124781864321e-26,1.0,2
s50_1_retained_1_t064,50,1,retained_labeled_MI,1,s50.mat,b5df79bb64eb585ff01eb77cc176c9a02964c564dd40a4eeec7764b510950d40,226815,Cho2017,Q15-E006,BROAD_EEGNET,20260925,1.2160362798096453e-19,1.0,2
s50_1_retained_1_t065,50,1,retained_labeled_MI,1,s50.mat,b5df79bb64eb585ff01eb77cc176c9a02964c564dd40a4eeec7764b510950d40,230399,Cho2017,Q15-E006,BROAD_EEGNET,20260925,4.447203479401199e-22,1.0,2
s50_1_retained_1_t066,50,1,retained_labeled_MI,1,s50.mat,b5df79bb64eb585ff01eb77cc176c9a02964c564dd40a4eeec7764b510950d40,233983,Cho2017,Q15-E006,BROAD_EEGNET,20260925,0.9441327452659607,0.055867262184619904,1
s50_1_retained_1_t067,50,1,retained_labeled_MI,1,s50.mat,b5df79bb64eb585ff01eb77cc176c9a02964c564dd40a4eeec7764b510950d40,237567,Cho2017,Q15-E006,BROAD_EEGNET,20260925,4.651260986213745e-18,1.0,2
s50_1_retained_1_t068,50,1,retained_labeled_MI,1,s50.mat,b5df79bb64eb585ff01eb77cc176c9a02964c564dd40a4eeec7764b510950d40,241151,Cho2017,Q15-E006,BROAD_EEGNET,20260925,7.659435185983308e-15,1.0,2
s50_1_retained_1_t069,50,1,retained_labeled_MI,1,s50.mat,b5df79bb64eb585ff01eb77cc176c9a02964c564dd40a4eeec7764b510950d40,244735,Cho2017,Q15-E006,BROAD_EEGNET,20260925,2.0308915438249642e-08,1.0,2
s50_1_retained_1_t070,50,1,retained_labeled_MI,1,s50.mat,b5df79bb64eb585ff01eb77cc176c9a02964c564dd40a4eeec7764b510950d40,248319,Cho2017,Q15-E006,BROAD_EEGNET,20260925,0.86154705286026,0.13845294713974,1
s50_1_retained_1_t071,50,1,retained_labeled_MI,1,s50.mat,b5df79bb64eb585ff01eb77cc176c9a02964c564dd40a4eeec7764b510950d40,251903,Cho2017,Q15-E006,BROAD_EEGNET,20260925,4.806992443798144e-16,1.0,2
s50_1_retained_1_t072,50,1,retained_labeled_MI,1,s50.mat,b5df79bb64eb585ff01eb77cc176c9a02964c564dd40a4eeec7764b510950d40,255487,Cho2017,Q15-E006,BROAD_EEGNET,20260925,5.09872215559426e-08,1.0,2
s50_1_retained_1_t073,50,1,retained_labeled_MI,1,s50.mat,b5df79bb64eb585ff01eb77cc176c9a02964c564dd40a4eeec7764b510950d40,259071,Cho2017,Q15-E006,BROAD_EEGNET,20260925,3.6162347123941743e-14,1.0,2
s50_1_retained_1_t074,50,1,retained_labeled_MI,1,s50.mat,b5df79bb64eb585ff01eb77cc176c9a02964c564dd40a4eeec7764b510950d40,262655,Cho2017,Q15-E006,BROAD_EEGNET,20260925,0.3079831898212433,0.6920167803764343,2
s50_1_retained_1_t075,50,1,retained_labeled_MI,1,s50.mat,b5df79bb64eb585ff01eb77cc176c9a02964c564dd40a4eeec7764b510950d40,266239,Cho2017,Q15-E006,BROAD_EEGNET,20260925,2.251486365695835e-18,1.0,2
s50_1_retained_1_t076,50,1,retained_labeled_MI,1,s50.mat,b5df79bb64eb585ff01eb77cc176c9a02964c564dd40a4eeec7764b510950d40,269823,Cho2017,Q15-E006,BROAD_EEGNET,20260925,3.0271490013449067e-28,1.0,2
s50_1_retained_1_t077,50,1,retained_labeled_MI,1,s50.mat,b5df79bb64eb585ff01eb77cc176c9a02964c564dd40a4eeec7764b510950d40,273407,Cho2017,Q15-E006,BROAD_EEGNET,20260925,1.3802678008249629e-14,1.0,2
s50_1_retained_1_t078,50,1,retained_labeled_MI,1,s50.mat,b5df79bb64eb585ff01eb77cc176c9a02964c564dd40a4eeec7764b510950d40,276991,Cho2017,Q15-E006,BROAD_EEGNET,20260925,1.9360451750018006e-17,1.0,2
s50_1_retained_1_t079,50,1,retained_labeled_MI,1,s50.mat,b5df79bb64eb585ff01eb77cc176c9a02964c564dd40a4eeec7764b510950d40,280575,Cho2017,Q15-E006,BROAD_EEGNET,20260925,4.57624288127418e-14,1.0,2
s50_1_retained_1_t080,50,1,retained_labeled_MI,1,s50.mat,b5df79bb64eb585ff01eb77cc176c9a02964c564dd40a4eeec7764b510950d40,284159,Cho2017,Q15-E006,BROAD_EEGNET,20260925,3.1664263360842507e-14,1.0,2
s50_1_retained_1_t081,50,1,retained_labeled_MI,1,s50.mat,b5df79bb64eb585ff01eb77cc176c9a02964c564dd40a4eeec7764b510950d40,287743,Cho2017,Q15-E006,BROAD_EEGNET,20260925,0.4398711323738098,0.560128927230835,2
s50_1_retained_1_t082,50,1,retained_labeled_MI,1,s50.mat,b5df79bb64eb585ff01eb77cc176c9a02964c564dd40a4eeec7764b510950d40,291327,Cho2017,Q15-E006,BROAD_EEGNET,20260925,0.3732752799987793,0.6267247796058655,2
s50_1_retained_1_t083,50,1,retained_labeled_MI,1,s50.mat,b5df79bb64eb585ff01eb77cc176c9a02964c564dd40a4eeec7764b510950d40,294911,Cho2017,Q15-E006,BROAD_EEGNET,20260925,3.5070254256197586e-08,1.0,2
s50_1_retained_1_t084,50,1,retained_labeled_MI,1,s50.mat,b5df79bb64eb585ff01eb77cc176c9a02964c564dd40a4eeec7764b510950d40,298495,Cho2017,Q15-E006,BROAD_EEGNET,20260925,1.0,6.569829315988818e-12,1
s50_1_retained_1_t085,50,1,retained_labeled_MI,1,s50.mat,b5df79bb64eb585ff01eb77cc176c9a02964c564dd40a4eeec7764b510950d40,302079,Cho2017,Q15-E006,BROAD_EEGNET,20260925,1.0,5.540075620480422e-10,1
s50_1_retained_1_t086,50,1,retained_labeled_MI,1,s50.mat,b5df79bb64eb585ff01eb77cc176c9a02964c564dd40a4eeec7764b510950d40,305663,Cho2017,Q15-E006,BROAD_EEGNET,20260925,0.8968732357025146,0.10312676429748535,1
s50_1_retained_1_t087,50,1,retained_labeled_MI,1,s50.mat,b5df79bb64eb585ff01eb77cc176c9a02964c564dd40a4eeec7764b510950d40,309247,Cho2017,Q15-E006,BROAD_EEGNET,20260925,0.0006251810700632632,0.9993748068809509,2
s50_1_retained_1_t088,50,1,retained_labeled_MI,1,s50.mat,b5df79bb64eb585ff01eb77cc176c9a02964c564dd40a4eeec7764b510950d40,312831,Cho2017,Q15-E006,BROAD_EEGNET,20260925,0.6090074777603149,0.39099255204200745,1
s50_1_retained_1_t089,50,1,retained_labeled_MI,1,s50.mat,b5df79bb64eb585ff01eb77cc176c9a02964c564dd40a4eeec7764b510950d40,316415,Cho2017,Q15-E006,BROAD_EEGNET,20260925,0.9999997615814209,2.500287337170448e-07,1
s50_1_retained_1_t090,50,1,retained_labeled_MI,1,s50.mat,b5df79bb64eb585ff01eb77cc176c9a02964c564dd40a4eeec7764b510950d40,319999,Cho2017,Q15-E006,BROAD_EEGNET,20260925,0.9998087286949158,0.0001913336745928973,1
s50_1_retained_1_t091,50,1,retained_labeled_MI,1,s50.mat,b5df79bb64eb585ff01eb77cc176c9a02964c564dd40a4eeec7764b510950d40,323583,Cho2017,Q15-E006,BROAD_EEGNET,20260925,0.9999759197235107,2.4117096472764388e-05,1
s50_1_retained_1_t092,50,1,retained_labeled_MI,1,s50.mat,b5df79bb64eb585ff01eb77cc176c9a02964c564dd40a4eeec7764b510950d40,327167,Cho2017,Q15-E006,BROAD_EEGNET,20260925,4.159197986020047e-10,1.0,2
s50_1_retained_1_t093,50,1,retained_labeled_MI,1,s50.mat,b5df79bb64eb585ff01eb77cc176c9a02964c564dd40a4eeec7764b510950d40,330751,Cho2017,Q15-E006,BROAD_EEGNET,20260925,0.00018392392667010427,0.9998161196708679,2
s50_1_retained_1_t094,50,1,retained_labeled_MI,1,s50.mat,b5df79bb64eb585ff01eb77cc176c9a02964c564dd40a4eeec7764b510950d40,334335,Cho2017,Q15-E006,BROAD_EEGNET,20260925,0.9190300107002258,0.08097006380558014,1
s50_1_retained_1_t095,50,1,retained_labeled_MI,1,s50.mat,b5df79bb64eb585ff01eb77cc176c9a02964c564dd40a4eeec7764b510950d40,337919,Cho2017,Q15-E006,BROAD_EEGNET,20260925,0.03746552765369415,0.9625344276428223,2
s50_1_retained_1_t096,50,1,retained_labeled_MI,1,s50.mat,b5df79bb64eb585ff01eb77cc176c9a02964c564dd40a4eeec7764b510950d40,341503,Cho2017,Q15-E006,BROAD_EEGNET,20260925,0.9999958276748657,4.119645382161252e-06,1
s50_1_retained_1_t097,50,1,retained_labeled_MI,1,s50.mat,b5df79bb64eb585ff01eb77cc176c9a02964c564dd40a4eeec7764b510950d40,345087,Cho2017,Q15-E006,BROAD_EEGNET,20260925,0.9806828498840332,0.01931721530854702,1
s50_1_retained_1_t098,50,1,retained_labeled_MI,1,s50.mat,b5df79bb64eb585ff01eb77cc176c9a02964c564dd40a4eeec7764b510950d40,348671,Cho2017,Q15-E006,BROAD_EEGNET,20260925,0.03442556411027908,0.9655745029449463,2
s50_1_retained_1_t099,50,1,retained_labeled_MI,1,s50.mat,b5df79bb64eb585ff01eb77cc176c9a02964c564dd40a4eeec7764b510950d40,352255,Cho2017,Q15-E006,BROAD_EEGNET,20260925,0.992388129234314,0.007611929439008236,1
s50_1_retained_1_t100,50,1,retained_labeled_MI,1,s50.mat,b5df79bb64eb585ff01eb77cc176c9a02964c564dd40a4eeec7764b510950d40,355839,Cho2017,Q15-E006,BROAD_EEGNET,20260925,1.8321862915726683e-09,1.0,2
s50_1_retained_2_t001,50,1,retained_labeled_MI,2,s50.mat,b5df79bb64eb585ff01eb77cc176c9a02964c564dd40a4eeec7764b510950d40,1023,Cho2017,Q15-E006,BROAD_EEGNET,20260925,2.255006736895382e-10,1.0,2
s50_1_retained_2_t002,50,1,retained_labeled_MI,2,s50.mat,b5df79bb64eb585ff01eb77cc176c9a02964c564dd40a4eeec7764b510950d40,4607,Cho2017,Q15-E006,BROAD_EEGNET,20260925,2.746292260269456e-08,1.0,2
s50_1_retained_2_t003,50,1,retained_labeled_MI,2,s50.mat,b5df79bb64eb585ff01eb77cc176c9a02964c564dd40a4eeec7764b510950d40,8191,Cho2017,Q15-E006,BROAD_EEGNET,20260925,2.6009662834418877e-15,1.0,2
s50_1_retained_2_t004,50,1,retained_labeled_MI,2,s50.mat,b5df79bb64eb585ff01eb77cc176c9a02964c564dd40a4eeec7764b510950d40,11775,Cho2017,Q15-E006,BROAD_EEGNET,20260925,9.11269371073331e-09,1.0,2
s50_1_retained_2_t005,50,1,retained_labeled_MI,2,s50.mat,b5df79bb64eb585ff01eb77cc176c9a02964c564dd40a4eeec7764b510950d40,15359,Cho2017,Q15-E006,BROAD_EEGNET,20260925,3.4924476505215907e-11,1.0,2
s50_1_retained_2_t006,50,1,retained_labeled_MI,2,s50.mat,b5df79bb64eb585ff01eb77cc176c9a02964c564dd40a4eeec7764b510950d40,18943,Cho2017,Q15-E006,BROAD_EEGNET,20260925,2.0693643823385894e-15,1.0,2
s50_1_retained_2_t007,50,1,retained_labeled_MI,2,s50.mat,b5df79bb64eb585ff01eb77cc176c9a02964c564dd40a4eeec7764b510950d40,22527,Cho2017,Q15-E006,BROAD_EEGNET,20260925,1.164079932383831e-24,1.0,2
s50_1_retained_2_t008,50,1,retained_labeled_MI,2,s50.mat,b5df79bb64eb585ff01eb77cc176c9a02964c564dd40a4eeec7764b510950d40,26111,Cho2017,Q15-E006,BROAD_EEGNET,20260925,1.98604598648192e-15,1.0,2
s50_1_retained_2_t009,50,1,retained_labeled_MI,2,s50.mat,b5df79bb64eb585ff01eb77cc176c9a02964c564dd40a4eeec7764b510950d40,29695,Cho2017,Q15-E006,BROAD_EEGNET,20260925,3.237096363983261e-19,1.0,2
s50_1_retained_2_t010,50,1,retained_labeled_MI,2,s50.mat,b5df79bb64eb585ff01eb77cc176c9a02964c564dd40a4eeec7764b510950d40,33279,Cho2017,Q15-E006,BROAD_EEGNET,20260925,3.5203361059554794e-11,1.0,2
s50_1_retained_2_t011,50,1,retained_labeled_MI,2,s50.mat,b5df79bb64eb585ff01eb77cc176c9a02964c564dd40a4eeec7764b510950d40,36863,Cho2017,Q15-E006,BROAD_EEGNET,20260925,2.3806872128162896e-16,1.0,2
s50_1_retained_2_t012,50,1,retained_labeled_MI,2,s50.mat,b5df79bb64eb585ff01eb77cc176c9a02964c564dd40a4eeec7764b510950d40,40447,Cho2017,Q15-E006,BROAD_EEGNET,20260925,2.8213413864278808e-15,1.0,2
s50_1_retained_2_t013,50,1,retained_labeled_MI,2,s50.mat,b5df79bb64eb585ff01eb77cc176c9a02964c564dd40a4eeec7764b510950d40,44031,Cho2017,Q15-E006,BROAD_EEGNET,20260925,2.894333439584784e-09,1.0,2
s50_1_retained_2_t014,50,1,retained_labeled_MI,2,s50.mat,b5df79bb64eb585ff01eb77cc176c9a02964c564dd40a4eeec7764b510950d40,47615,Cho2017,Q15-E006,BROAD_EEGNET,20260925,1.0,5.988661172864895e-14,1
s50_1_retained_2_t015,50,1,retained_labeled_MI,2,s50.mat,b5df79bb64eb585ff01eb77cc176c9a02964c564dd40a4eeec7764b510950d40,51199,Cho2017,Q15-E006,BROAD_EEGNET,20260925,1.3715749425102786e-08,1.0,2
s50_1_retained_2_t016,50,1,retained_labeled_MI,2,s50.mat,b5df79bb64eb585ff01eb77cc176c9a02964c564dd40a4eeec7764b510950d40,54783,Cho2017,Q15-E006,BROAD_EEGNET,20260925,0.00026650584186427295,0.9997335076332092,2
s50_1_retained_2_t017,50,1,retained_labeled_MI,2,s50.mat,b5df79bb64eb585ff01eb77cc176c9a02964c564dd40a4eeec7764b510950d40,58367,Cho2017,Q15-E006,BROAD_EEGNET,20260925,4.680577037063927e-10,1.0,2
s50_1_retained_2_t018,50,1,retained_labeled_MI,2,s50.mat,b5df79bb64eb585ff01eb77cc176c9a02964c564dd40a4eeec7764b510950d40,61951,Cho2017,Q15-E006,BROAD_EEGNET,20260925,1.0,8.50661832640931e-11,1
s50_1_retained_2_t019,50,1,retained_labeled_MI,2,s50.mat,b5df79bb64eb585ff01eb77cc176c9a02964c564dd40a4eeec7764b510950d40,65535,Cho2017,Q15-E006,BROAD_EEGNET,20260925,9.31783961277688e-06,0.999990701675415,2
s50_1_retained_2_t020,50,1,retained_labeled_MI,2,s50.mat,b5df79bb64eb585ff01eb77cc176c9a02964c564dd40a4eeec7764b510950d40,69119,Cho2017,Q15-E006,BROAD_EEGNET,20260925,0.1806332916021347,0.8193666934967041,2
s50_1_retained_2_t021,50,1,retained_labeled_MI,2,s50.mat,b5df79bb64eb585ff01eb77cc176c9a02964c564dd40a4eeec7764b510950d40,72703,Cho2017,Q15-E006,BROAD_EEGNET,20260925,0.0005433197366073728,0.9994567036628723,2
s50_1_retained_2_t022,50,1,retained_labeled_MI,2,s50.mat,b5df79bb64eb585ff01eb77cc176c9a02964c564dd40a4eeec7764b510950d40,76287,Cho2017,Q15-E006,BROAD_EEGNET,20260925,0.0017350740963593125,0.9982649683952332,2
s50_1_retained_2_t023,50,1,retained_labeled_MI,2,s50.mat,b5df79bb64eb585ff01eb77cc176c9a02964c564dd40a4eeec7764b510950d40,79871,Cho2017,Q15-E006,BROAD_EEGNET,20260925,7.099111964947724e-09,1.0,2
s50_1_retained_2_t024,50,1,retained_labeled_MI,2,s50.mat,b5df79bb64eb585ff01eb77cc176c9a02964c564dd40a4eeec7764b510950d40,83455,Cho2017,Q15-E006,BROAD_EEGNET,20260925,0.9999877214431763,1.2336962754488923e-05,1
s50_1_retained_2_t025,50,1,retained_labeled_MI,2,s50.mat,b5df79bb64eb585ff01eb77cc176c9a02964c564dd40a4eeec7764b510950d40,87039,Cho2017,Q15-E006,BROAD_EEGNET,20260925,5.93230152501345e-12,1.0,2
s50_1_retained_2_t026,50,1,retained_labeled_MI,2,s50.mat,b5df79bb64eb585ff01eb77cc176c9a02964c564dd40a4eeec7764b510950d40,90623,Cho2017,Q15-E006,BROAD_EEGNET,20260925,1.2867997778442941e-09,1.0,2
s50_1_retained_2_t027,50,1,retained_labeled_MI,2,s50.mat,b5df79bb64eb585ff01eb77cc176c9a02964c564dd40a4eeec7764b510950d40,94207,Cho2017,Q15-E006,BROAD_EEGNET,20260925,3.5604502954811323e-06,0.9999964237213135,2
s50_1_retained_2_t028,50,1,retained_labeled_MI,2,s50.mat,b5df79bb64eb585ff01eb77cc176c9a02964c564dd40a4eeec7764b510950d40,97791,Cho2017,Q15-E006,BROAD_EEGNET,20260925,3.6760667398993974e-08,1.0,2
s50_1_retained_2_t029,50,1,retained_labeled_MI,2,s50.mat,b5df79bb64eb585ff01eb77cc176c9a02964c564dd40a4eeec7764b510950d40,101375,Cho2017,Q15-E006,BROAD_EEGNET,20260925,7.215969358501106e-13,1.0,2
s50_1_retained_2_t030,50,1,retained_labeled_MI,2,s50.mat,b5df79bb64eb585ff01eb77cc176c9a02964c564dd40a4eeec7764b510950d40,104959,Cho2017,Q15-E006,BROAD_EEGNET,20260925,2.981363286380656e-05,0.9999701976776123,2
s50_1_retained_2_t031,50,1,retained_labeled_MI,2,s50.mat,b5df79bb64eb585ff01eb77cc176c9a02964c564dd40a4eeec7764b510950d40,108543,Cho2017,Q15-E006,BROAD_EEGNET,20260925,0.00023562305432278663,0.9997643828392029,2
s50_1_retained_2_t032,50,1,retained_labeled_MI,2,s50.mat,b5df79bb64eb585ff01eb77cc176c9a02964c564dd40a4eeec7764b510950d40,112127,Cho2017,Q15-E006,BROAD_EEGNET,20260925,4.542967417364707e-06,0.9999954700469971,2
s50_1_retained_2_t033,50,1,retained_labeled_MI,2,s50.mat,b5df79bb64eb585ff01eb77cc176c9a02964c564dd40a4eeec7764b510950d40,115711,Cho2017,Q15-E006,BROAD_EEGNET,20260925,0.00011614429240580648,0.9998838901519775,2
s50_1_retained_2_t034,50,1,retained_labeled_MI,2,s50.mat,b5df79bb64eb585ff01eb77cc176c9a02964c564dd40a4eeec7764b510950d40,119295,Cho2017,Q15-E006,BROAD_EEGNET,20260925,4.1096998870671086e-07,0.9999996423721313,2
s50_1_retained_2_t035,50,1,retained_labeled_MI,2,s50.mat,b5df79bb64eb585ff01eb77cc176c9a02964c564dd40a4eeec7764b510950d40,122879,Cho2017,Q15-E006,BROAD_EEGNET,20260925,0.09149547666311264,0.9085044860839844,2
s50_1_retained_2_t036,50,1,retained_labeled_MI,2,s50.mat,b5df79bb64eb585ff01eb77cc176c9a02964c564dd40a4eeec7764b510950d40,126463,Cho2017,Q15-E006,BROAD_EEGNET,20260925,4.724532118416391e-06,0.999995231628418,2
s50_1_retained_2_t037,50,1,retained_labeled_MI,2,s50.mat,b5df79bb64eb585ff01eb77cc176c9a02964c564dd40a4eeec7764b510950d40,130047,Cho2017,Q15-E006,BROAD_EEGNET,20260925,4.258333685669413e-10,1.0,2
s50_1_retained_2_t038,50,1,retained_labeled_MI,2,s50.mat,b5df79bb64eb585ff01eb77cc176c9a02964c564dd40a4eeec7764b510950d40,133631,Cho2017,Q15-E006,BROAD_EEGNET,20260925,1.0,4.453219304423328e-08,1
s50_1_retained_2_t039,50,1,retained_labeled_MI,2,s50.mat,b5df79bb64eb585ff01eb77cc176c9a02964c564dd40a4eeec7764b510950d40,137215,Cho2017,Q15-E006,BROAD_EEGNET,20260925,1.0,8.961916293138367e-18,1
s50_1_retained_2_t040,50,1,retained_labeled_MI,2,s50.mat,b5df79bb64eb585ff01eb77cc176c9a02964c564dd40a4eeec7764b510950d40,140799,Cho2017,Q15-E006,BROAD_EEGNET,20260925,0.00290802214294672,0.9970920085906982,2
s50_1_retained_2_t041,50,1,retained_labeled_MI,2,s50.mat,b5df79bb64eb585ff01eb77cc176c9a02964c564dd40a4eeec7764b510950d40,144383,Cho2017,Q15-E006,BROAD_EEGNET,20260925,1.7891740550524394e-20,1.0,2
s50_1_retained_2_t042,50,1,retained_labeled_MI,2,s50.mat,b5df79bb64eb585ff01eb77cc176c9a02964c564dd40a4eeec7764b510950d40,147967,Cho2017,Q15-E006,BROAD_EEGNET,20260925,1.4480321306712014e-14,1.0,2
s50_1_retained_2_t043,50,1,retained_labeled_MI,2,s50.mat,b5df79bb64eb585ff01eb77cc176c9a02964c564dd40a4eeec7764b510950d40,151551,Cho2017,Q15-E006,BROAD_EEGNET,20260925,5.260274462694571e-22,1.0,2
s50_1_retained_2_t044,50,1,retained_labeled_MI,2,s50.mat,b5df79bb64eb585ff01eb77cc176c9a02964c564dd40a4eeec7764b510950d40,155135,Cho2017,Q15-E006,BROAD_EEGNET,20260925,1.0606474466073879e-12,1.0,2
s50_1_retained_2_t045,50,1,retained_labeled_MI,2,s50.mat,b5df79bb64eb585ff01eb77cc176c9a02964c564dd40a4eeec7764b510950d40,158719,Cho2017,Q15-E006,BROAD_EEGNET,20260925,2.0796313889709372e-12,1.0,2
s50_1_retained_2_t046,50,1,retained_labeled_MI,2,s50.mat,b5df79bb64eb585ff01eb77cc176c9a02964c564dd40a4eeec7764b510950d40,162303,Cho2017,Q15-E006,BROAD_EEGNET,20260925,1.1595725490920472e-09,1.0,2
s50_1_retained_2_t047,50,1,retained_labeled_MI,2,s50.mat,b5df79bb64eb585ff01eb77cc176c9a02964c564dd40a4eeec7764b510950d40,165887,Cho2017,Q15-E006,BROAD_EEGNET,20260925,5.688653982360847e-05,0.9999431371688843,2
s50_1_retained_2_t048,50,1,retained_labeled_MI,2,s50.mat,b5df79bb64eb585ff01eb77cc176c9a02964c564dd40a4eeec7764b510950d40,169471,Cho2017,Q15-E006,BROAD_EEGNET,20260925,1.1164315114307345e-16,1.0,2
s50_1_retained_2_t049,50,1,retained_labeled_MI,2,s50.mat,b5df79bb64eb585ff01eb77cc176c9a02964c564dd40a4eeec7764b510950d40,173055,Cho2017,Q15-E006,BROAD_EEGNET,20260925,1.903574020763725e-24,1.0,2
s50_1_retained_2_t050,50,1,retained_labeled_MI,2,s50.mat,b5df79bb64eb585ff01eb77cc176c9a02964c564dd40a4eeec7764b510950d40,176639,Cho2017,Q15-E006,BROAD_EEGNET,20260925,5.5029490976682656e-30,1.0,2
s50_1_retained_2_t051,50,1,retained_labeled_MI,2,s50.mat,b5df79bb64eb585ff01eb77cc176c9a02964c564dd40a4eeec7764b510950d40,180223,Cho2017,Q15-E006,BROAD_EEGNET,20260925,2.0320014142984175e-25,1.0,2
s50_1_retained_2_t052,50,1,retained_labeled_MI,2,s50.mat,b5df79bb64eb585ff01eb77cc176c9a02964c564dd40a4eeec7764b510950d40,183807,Cho2017,Q15-E006,BROAD_EEGNET,20260925,2.0595362590515977e-15,1.0,2
s50_1_retained_2_t053,50,1,retained_labeled_MI,2,s50.mat,b5df79bb64eb585ff01eb77cc176c9a02964c564dd40a4eeec7764b510950d40,187391,Cho2017,Q15-E006,BROAD_EEGNET,20260925,4.189396496812742e-14,1.0,2
s50_1_retained_2_t054,50,1,retained_labeled_MI,2,s50.mat,b5df79bb64eb585ff01eb77cc176c9a02964c564dd40a4eeec7764b510950d40,190975,Cho2017,Q15-E006,BROAD_EEGNET,20260925,1.2022600364870327e-17,1.0,2
s50_1_retained_2_t055,50,1,retained_labeled_MI,2,s50.mat,b5df79bb64eb585ff01eb77cc176c9a02964c564dd40a4eeec7764b510950d40,194559,Cho2017,Q15-E006,BROAD_EEGNET,20260925,2.9851207511902e-21,1.0,2
s50_1_retained_2_t056,50,1,retained_labeled_MI,2,s50.mat,b5df79bb64eb585ff01eb77cc176c9a02964c564dd40a4eeec7764b510950d40,198143,Cho2017,Q15-E006,BROAD_EEGNET,20260925,1.5728643926276106e-18,1.0,2
s50_1_retained_2_t057,50,1,retained_labeled_MI,2,s50.mat,b5df79bb64eb585ff01eb77cc176c9a02964c564dd40a4eeec7764b510950d40,201727,Cho2017,Q15-E006,BROAD_EEGNET,20260925,2.3122750934305327e-19,1.0,2
s50_1_retained_2_t058,50,1,retained_labeled_MI,2,s50.mat,b5df79bb64eb585ff01eb77cc176c9a02964c564dd40a4eeec7764b510950d40,205311,Cho2017,Q15-E006,BROAD_EEGNET,20260925,2.88901597048638e-17,1.0,2
s50_1_retained_2_t059,50,1,retained_labeled_MI,2,s50.mat,b5df79bb64eb585ff01eb77cc176c9a02964c564dd40a4eeec7764b510950d40,208895,Cho2017,Q15-E006,BROAD_EEGNET,20260925,4.322109276866644e-18,1.0,2
s50_1_retained_2_t060,50,1,retained_labeled_MI,2,s50.mat,b5df79bb64eb585ff01eb77cc176c9a02964c564dd40a4eeec7764b510950d40,212479,Cho2017,Q15-E006,BROAD_EEGNET,20260925,0.07863730192184448,0.9213626384735107,2
s50_1_retained_2_t061,50,1,retained_labeled_MI,2,s50.mat,b5df79bb64eb585ff01eb77cc176c9a02964c564dd40a4eeec7764b510950d40,216063,Cho2017,Q15-E006,BROAD_EEGNET,20260925,5.0782039164032344e-12,1.0,2
s50_1_retained_2_t062,50,1,retained_labeled_MI,2,s50.mat,b5df79bb64eb585ff01eb77cc176c9a02964c564dd40a4eeec7764b510950d40,219647,Cho2017,Q15-E006,BROAD_EEGNET,20260925,4.009064876408196e-14,1.0,2
s50_1_retained_2_t063,50,1,retained_labeled_MI,2,s50.mat,b5df79bb64eb585ff01eb77cc176c9a02964c564dd40a4eeec7764b510950d40,223231,Cho2017,Q15-E006,BROAD_EEGNET,20260925,5.634774424834177e-06,0.9999943971633911,2
s50_1_retained_2_t064,50,1,retained_labeled_MI,2,s50.mat,b5df79bb64eb585ff01eb77cc176c9a02964c564dd40a4eeec7764b510950d40,226815,Cho2017,Q15-E006,BROAD_EEGNET,20260925,2.395164673493905e-21,1.0,2
s50_1_retained_2_t065,50,1,retained_labeled_MI,2,s50.mat,b5df79bb64eb585ff01eb77cc176c9a02964c564dd40a4eeec7764b510950d40,230399,Cho2017,Q15-E006,BROAD_EEGNET,20260925,1.4006592443693305e-18,1.0,2
s50_1_retained_2_t066,50,1,retained_labeled_MI,2,s50.mat,b5df79bb64eb585ff01eb77cc176c9a02964c564dd40a4eeec7764b510950d40,233983,Cho2017,Q15-E006,BROAD_EEGNET,20260925,1.6448114249341306e-18,1.0,2
s50_1_retained_2_t067,50,1,retained_labeled_MI,2,s50.mat,b5df79bb64eb585ff01eb77cc176c9a02964c564dd40a4eeec7764b510950d40,237567,Cho2017,Q15-E006,BROAD_EEGNET,20260925,9.934136554261738e-33,1.0,2
s50_1_retained_2_t068,50,1,retained_labeled_MI,2,s50.mat,b5df79bb64eb585ff01eb77cc176c9a02964c564dd40a4eeec7764b510950d40,241151,Cho2017,Q15-E006,BROAD_EEGNET,20260925,1.769243046427625e-17,1.0,2
s50_1_retained_2_t069,50,1,retained_labeled_MI,2,s50.mat,b5df79bb64eb585ff01eb77cc176c9a02964c564dd40a4eeec7764b510950d40,244735,Cho2017,Q15-E006,BROAD_EEGNET,20260925,2.2510859838095797e-15,1.0,2
s50_1_retained_2_t070,50,1,retained_labeled_MI,2,s50.mat,b5df79bb64eb585ff01eb77cc176c9a02964c564dd40a4eeec7764b510950d40,248319,Cho2017,Q15-E006,BROAD_EEGNET,20260925,9.826344021494045e-18,1.0,2
s50_1_retained_2_t071,50,1,retained_labeled_MI,2,s50.mat,b5df79bb64eb585ff01eb77cc176c9a02964c564dd40a4eeec7764b510950d40,251903,Cho2017,Q15-E006,BROAD_EEGNET,20260925,0.0003575333103071898,0.9996424913406372,2
s50_1_retained_2_t072,50,1,retained_labeled_MI,2,s50.mat,b5df79bb64eb585ff01eb77cc176c9a02964c564dd40a4eeec7764b510950d40,255487,Cho2017,Q15-E006,BROAD_EEGNET,20260925,0.999964714050293,3.531204129103571e-05,1
s50_1_retained_2_t073,50,1,retained_labeled_MI,2,s50.mat,b5df79bb64eb585ff01eb77cc176c9a02964c564dd40a4eeec7764b510950d40,259071,Cho2017,Q15-E006,BROAD_EEGNET,20260925,4.378805158467003e-07,0.9999995231628418,2
s50_1_retained_2_t074,50,1,retained_labeled_MI,2,s50.mat,b5df79bb64eb585ff01eb77cc176c9a02964c564dd40a4eeec7764b510950d40,262655,Cho2017,Q15-E006,BROAD_EEGNET,20260925,5.748564059666894e-13,1.0,2
s50_1_retained_2_t075,50,1,retained_labeled_MI,2,s50.mat,b5df79bb64eb585ff01eb77cc176c9a02964c564dd40a4eeec7764b510950d40,266239,Cho2017,Q15-E006,BROAD_EEGNET,20260925,1.5119123856438494e-16,1.0,2
s50_1_retained_2_t076,50,1,retained_labeled_MI,2,s50.mat,b5df79bb64eb585ff01eb77cc176c9a02964c564dd40a4eeec7764b510950d40,269823,Cho2017,Q15-E006,BROAD_EEGNET,20260925,1.401298464324817e-45,1.0,2
s50_1_retained_2_t077,50,1,retained_labeled_MI,2,s50.mat,b5df79bb64eb585ff01eb77cc176c9a02964c564dd40a4eeec7764b510950d40,273407,Cho2017,Q15-E006,BROAD_EEGNET,20260925,2.0631175654309917e-19,1.0,2
s50_1_retained_2_t078,50,1,retained_labeled_MI,2,s50.mat,b5df79bb64eb585ff01eb77cc176c9a02964c564dd40a4eeec7764b510950d40,276991,Cho2017,Q15-E006,BROAD_EEGNET,20260925,0.9078937768936157,0.09210618585348129,1
s50_1_retained_2_t079,50,1,retained_labeled_MI,2,s50.mat,b5df79bb64eb585ff01eb77cc176c9a02964c564dd40a4eeec7764b510950d40,280575,Cho2017,Q15-E006,BROAD_EEGNET,20260925,1.8924130925496163e-13,1.0,2
s50_1_retained_2_t080,50,1,retained_labeled_MI,2,s50.mat,b5df79bb64eb585ff01eb77cc176c9a02964c564dd40a4eeec7764b510950d40,284159,Cho2017,Q15-E006,BROAD_EEGNET,20260925,7.831009978153865e-20,1.0,2
s50_1_retained_2_t081,50,1,retained_labeled_MI,2,s50.mat,b5df79bb64eb585ff01eb77cc176c9a02964c564dd40a4eeec7764b510950d40,287743,Cho2017,Q15-E006,BROAD_EEGNET,20260925,0.0001915618486236781,0.9998084902763367,2
s50_1_retained_2_t082,50,1,retained_labeled_MI,2,s50.mat,b5df79bb64eb585ff01eb77cc176c9a02964c564dd40a4eeec7764b510950d40,291327,Cho2017,Q15-E006,BROAD_EEGNET,20260925,7.821882718417328e-06,0.9999921321868896,2
s50_1_retained_2_t083,50,1,retained_labeled_MI,2,s50.mat,b5df79bb64eb585ff01eb77cc176c9a02964c564dd40a4eeec7764b510950d40,294911,Cho2017,Q15-E006,BROAD_EEGNET,20260925,0.05557091161608696,0.9444290995597839,2
s50_1_retained_2_t084,50,1,retained_labeled_MI,2,s50.mat,b5df79bb64eb585ff01eb77cc176c9a02964c564dd40a4eeec7764b510950d40,298495,Cho2017,Q15-E006,BROAD_EEGNET,20260925,1.0066090183613596e-09,1.0,2
s50_1_retained_2_t085,50,1,retained_labeled_MI,2,s50.mat,b5df79bb64eb585ff01eb77cc176c9a02964c564dd40a4eeec7764b510950d40,302079,Cho2017,Q15-E006,BROAD_EEGNET,20260925,9.523650987830479e-06,0.9999904632568359,2
s50_1_retained_2_t086,50,1,retained_labeled_MI,2,s50.mat,b5df79bb64eb585ff01eb77cc176c9a02964c564dd40a4eeec7764b510950d40,305663,Cho2017,Q15-E006,BROAD_EEGNET,20260925,0.9970153570175171,0.002984701655805111,1
s50_1_retained_2_t087,50,1,retained_labeled_MI,2,s50.mat,b5df79bb64eb585ff01eb77cc176c9a02964c564dd40a4eeec7764b510950d40,309247,Cho2017,Q15-E006,BROAD_EEGNET,20260925,0.0035047787241637707,0.9964951872825623,2
s50_1_retained_2_t088,50,1,retained_labeled_MI,2,s50.mat,b5df79bb64eb585ff01eb77cc176c9a02964c564dd40a4eeec7764b510950d40,312831,Cho2017,Q15-E006,BROAD_EEGNET,20260925,0.007360618561506271,0.992639422416687,2
s50_1_retained_2_t089,50,1,retained_labeled_MI,2,s50.mat,b5df79bb64eb585ff01eb77cc176c9a02964c564dd40a4eeec7764b510950d40,316415,Cho2017,Q15-E006,BROAD_EEGNET,20260925,0.0586143434047699,0.9413856267929077,2
s50_1_retained_2_t090,50,1,retained_labeled_MI,2,s50.mat,b5df79bb64eb585ff01eb77cc176c9a02964c564dd40a4eeec7764b510950d40,319999,Cho2017,Q15-E006,BROAD_EEGNET,20260925,2.572504490672145e-05,0.999974250793457,2
s50_1_retained_2_t091,50,1,retained_labeled_MI,2,s50.mat,b5df79bb64eb585ff01eb77cc176c9a02964c564dd40a4eeec7764b510950d40,323583,Cho2017,Q15-E006,BROAD_EEGNET,20260925,5.5747448324261484e-11,1.0,2
s50_1_retained_2_t092,50,1,retained_labeled_MI,2,s50.mat,b5df79bb64eb585ff01eb77cc176c9a02964c564dd40a4eeec7764b510950d40,327167,Cho2017,Q15-E006,BROAD_EEGNET,20260925,0.2476142942905426,0.752385675907135,2
s50_1_retained_2_t093,50,1,retained_labeled_MI,2,s50.mat,b5df79bb64eb585ff01eb77cc176c9a02964c564dd40a4eeec7764b510950d40,330751,Cho2017,Q15-E006,BROAD_EEGNET,20260925,4.572026682581054e-06,0.9999954700469971,2
s50_1_retained_2_t094,50,1,retained_labeled_MI,2,s50.mat,b5df79bb64eb585ff01eb77cc176c9a02964c564dd40a4eeec7764b510950d40,334335,Cho2017,Q15-E006,BROAD_EEGNET,20260925,8.936306272744332e-08,0.9999998807907104,2
s50_1_retained_2_t095,50,1,retained_labeled_MI,2,s50.mat,b5df79bb64eb585ff01eb77cc176c9a02964c564dd40a4eeec7764b510950d40,337919,Cho2017,Q15-E006,BROAD_EEGNET,20260925,0.9924420118331909,0.0075580100528895855,1
s50_1_retained_2_t096,50,1,retained_labeled_MI,2,s50.mat,b5df79bb64eb585ff01eb77cc176c9a02964c564dd40a4eeec7764b510950d40,341503,Cho2017,Q15-E006,BROAD_EEGNET,20260925,0.006681220605969429,0.9933187961578369,2
s50_1_retained_2_t097,50,1,retained_labeled_MI,2,s50.mat,b5df79bb64eb585ff01eb77cc176c9a02964c564dd40a4eeec7764b510950d40,345087,Cho2017,Q15-E006,BROAD_EEGNET,20260925,0.16646675765514374,0.8335332870483398,2
s50_1_retained_2_t098,50,1,retained_labeled_MI,2,s50.mat,b5df79bb64eb585ff01eb77cc176c9a02964c564dd40a4eeec7764b510950d40,348671,Cho2017,Q15-E006,BROAD_EEGNET,20260925,6.536783075716812e-06,0.9999934434890747,2
s50_1_retained_2_t099,50,1,retained_labeled_MI,2,s50.mat,b5df79bb64eb585ff01eb77cc176c9a02964c564dd40a4eeec7764b510950d40,352255,Cho2017,Q15-E006,BROAD_EEGNET,20260925,4.046234701460261e-12,1.0,2
s50_1_retained_2_t100,50,1,retained_labeled_MI,2,s50.mat,b5df79bb64eb585ff01eb77cc176c9a02964c564dd40a4eeec7764b510950d40,355839,Cho2017,Q15-E006,BROAD_EEGNET,20260925,6.13519296166487e-06,0.9999939203262329,2
s50_1_retained_1_t001,50,1,retained_labeled_MI,1,s50.mat,b5df79bb64eb585ff01eb77cc176c9a02964c564dd40a4eeec7764b510950d40,1023,Cho2017,Q15-E006,BROAD_EEGNET,20260926,1.0,3.3290834533517e-09,1
s50_1_retained_1_t002,50,1,retained_labeled_MI,1,s50.mat,b5df79bb64eb585ff01eb77cc176c9a02964c564dd40a4eeec7764b510950d40,4607,Cho2017,Q15-E006,BROAD_EEGNET,20260926,0.9999996423721313,3.5911989471060224e-07,1
s50_1_retained_1_t003,50,1,retained_labeled_MI,1,s50.mat,b5df79bb64eb585ff01eb77cc176c9a02964c564dd40a4eeec7764b510950d40,8191,Cho2017,Q15-E006,BROAD_EEGNET,20260926,0.5864062905311584,0.41359370946884155,1
s50_1_retained_1_t004,50,1,retained_labeled_MI,1,s50.mat,b5df79bb64eb585ff01eb77cc176c9a02964c564dd40a4eeec7764b510950d40,11775,Cho2017,Q15-E006,BROAD_EEGNET,20260926,0.9999899864196777,1.0017293789132964e-05,1
s50_1_retained_1_t005,50,1,retained_labeled_MI,1,s50.mat,b5df79bb64eb585ff01eb77cc176c9a02964c564dd40a4eeec7764b510950d40,15359,Cho2017,Q15-E006,BROAD_EEGNET,20260926,0.00016948750999290496,0.9998304843902588,2
s50_1_retained_1_t006,50,1,retained_labeled_MI,1,s50.mat,b5df79bb64eb585ff01eb77cc176c9a02964c564dd40a4eeec7764b510950d40,18943,Cho2017,Q15-E006,BROAD_EEGNET,20260926,0.9999260902404785,7.39091556170024e-05,1
s50_1_retained_1_t007,50,1,retained_labeled_MI,1,s50.mat,b5df79bb64eb585ff01eb77cc176c9a02964c564dd40a4eeec7764b510950d40,22527,Cho2017,Q15-E006,BROAD_EEGNET,20260926,0.9999966621398926,3.3757155506464187e-06,1
s50_1_retained_1_t008,50,1,retained_labeled_MI,1,s50.mat,b5df79bb64eb585ff01eb77cc176c9a02964c564dd40a4eeec7764b510950d40,26111,Cho2017,Q15-E006,BROAD_EEGNET,20260926,0.008840574882924557,0.9911593794822693,2
s50_1_retained_1_t009,50,1,retained_labeled_MI,1,s50.mat,b5df79bb64eb585ff01eb77cc176c9a02964c564dd40a4eeec7764b510950d40,29695,Cho2017,Q15-E006,BROAD_EEGNET,20260926,0.9991981387138367,0.0008018493535928428,1
s50_1_retained_1_t010,50,1,retained_labeled_MI,1,s50.mat,b5df79bb64eb585ff01eb77cc176c9a02964c564dd40a4eeec7764b510950d40,33279,Cho2017,Q15-E006,BROAD_EEGNET,20260926,0.9869014620780945,0.01309851836413145,1
s50_1_retained_1_t011,50,1,retained_labeled_MI,1,s50.mat,b5df79bb64eb585ff01eb77cc176c9a02964c564dd40a4eeec7764b510950d40,36863,Cho2017,Q15-E006,BROAD_EEGNET,20260926,0.00015254343452397734,0.999847412109375,2
s50_1_retained_1_t012,50,1,retained_labeled_MI,1,s50.mat,b5df79bb64eb585ff01eb77cc176c9a02964c564dd40a4eeec7764b510950d40,40447,Cho2017,Q15-E006,BROAD_EEGNET,20260926,2.5567613803900713e-08,1.0,2
s50_1_retained_1_t013,50,1,retained_labeled_MI,1,s50.mat,b5df79bb64eb585ff01eb77cc176c9a02964c564dd40a4eeec7764b510950d40,44031,Cho2017,Q15-E006,BROAD_EEGNET,20260926,0.974685788154602,0.025314217433333397,1
s50_1_retained_1_t014,50,1,retained_labeled_MI,1,s50.mat,b5df79bb64eb585ff01eb77cc176c9a02964c564dd40a4eeec7764b510950d40,47615,Cho2017,Q15-E006,BROAD_EEGNET,20260926,2.2520023346128681e-10,1.0,2
s50_1_retained_1_t015,50,1,retained_labeled_MI,1,s50.mat,b5df79bb64eb585ff01eb77cc176c9a02964c564dd40a4eeec7764b510950d40,51199,Cho2017,Q15-E006,BROAD_EEGNET,20260926,0.9999771118164062,2.2900847397977486e-05,1
s50_1_retained_1_t016,50,1,retained_labeled_MI,1,s50.mat,b5df79bb64eb585ff01eb77cc176c9a02964c564dd40a4eeec7764b510950d40,54783,Cho2017,Q15-E006,BROAD_EEGNET,20260926,1.0,6.045799711557054e-12,1
s50_1_retained_1_t017,50,1,retained_labeled_MI,1,s50.mat,b5df79bb64eb585ff01eb77cc176c9a02964c564dd40a4eeec7764b510950d40,58367,Cho2017,Q15-E006,BROAD_EEGNET,20260926,1.0,7.802144347257567e-13,1
s50_1_retained_1_t018,50,1,retained_labeled_MI,1,s50.mat,b5df79bb64eb585ff01eb77cc176c9a02964c564dd40a4eeec7764b510950d40,61951,Cho2017,Q15-E006,BROAD_EEGNET,20260926,1.0,1.7396931895063972e-08,1
s50_1_retained_1_t019,50,1,retained_labeled_MI,1,s50.mat,b5df79bb64eb585ff01eb77cc176c9a02964c564dd40a4eeec7764b510950d40,65535,Cho2017,Q15-E006,BROAD_EEGNET,20260926,1.0,8.265731713452337e-14,1
s50_1_retained_1_t020,50,1,retained_labeled_MI,1,s50.mat,b5df79bb64eb585ff01eb77cc176c9a02964c564dd40a4eeec7764b510950d40,69119,Cho2017,Q15-E006,BROAD_EEGNET,20260926,1.0,4.083461069281924e-10,1
s50_1_retained_1_t021,50,1,retained_labeled_MI,1,s50.mat,b5df79bb64eb585ff01eb77cc176c9a02964c564dd40a4eeec7764b510950d40,72703,Cho2017,Q15-E006,BROAD_EEGNET,20260926,0.0014313257997855544,0.9985686540603638,2
s50_1_retained_1_t022,50,1,retained_labeled_MI,1,s50.mat,b5df79bb64eb585ff01eb77cc176c9a02964c564dd40a4eeec7764b510950d40,76287,Cho2017,Q15-E006,BROAD_EEGNET,20260926,0.01067353319376707,0.9893264770507812,2
s50_1_retained_1_t023,50,1,retained_labeled_MI,1,s50.mat,b5df79bb64eb585ff01eb77cc176c9a02964c564dd40a4eeec7764b510950d40,79871,Cho2017,Q15-E006,BROAD_EEGNET,20260926,1.008621711662272e-05,0.9999898672103882,2
s50_1_retained_1_t024,50,1,retained_labeled_MI,1,s50.mat,b5df79bb64eb585ff01eb77cc176c9a02964c564dd40a4eeec7764b510950d40,83455,Cho2017,Q15-E006,BROAD_EEGNET,20260926,0.9921836256980896,0.00781638827174902,1
s50_1_retained_1_t025,50,1,retained_labeled_MI,1,s50.mat,b5df79bb64eb585ff01eb77cc176c9a02964c564dd40a4eeec7764b510950d40,87039,Cho2017,Q15-E006,BROAD_EEGNET,20260926,0.9898287057876587,0.01017133891582489,1
s50_1_retained_1_t026,50,1,retained_labeled_MI,1,s50.mat,b5df79bb64eb585ff01eb77cc176c9a02964c564dd40a4eeec7764b510950d40,90623,Cho2017,Q15-E006,BROAD_EEGNET,20260926,1.0,2.462213488652054e-10,1
s50_1_retained_1_t027,50,1,retained_labeled_MI,1,s50.mat,b5df79bb64eb585ff01eb77cc176c9a02964c564dd40a4eeec7764b510950d40,94207,Cho2017,Q15-E006,BROAD_EEGNET,20260926,1.0,1.6244177877822175e-11,1
s50_1_retained_1_t028,50,1,retained_labeled_MI,1,s50.mat,b5df79bb64eb585ff01eb77cc176c9a02964c564dd40a4eeec7764b510950d40,97791,Cho2017,Q15-E006,BROAD_EEGNET,20260926,0.43916404247283936,0.5608359575271606,2
s50_1_retained_1_t029,50,1,retained_labeled_MI,1,s50.mat,b5df79bb64eb585ff01eb77cc176c9a02964c564dd40a4eeec7764b510950d40,101375,Cho2017,Q15-E006,BROAD_EEGNET,20260926,1.0,1.0530288189277044e-14,1
s50_1_retained_1_t030,50,1,retained_labeled_MI,1,s50.mat,b5df79bb64eb585ff01eb77cc176c9a02964c564dd40a4eeec7764b510950d40,104959,Cho2017,Q15-E006,BROAD_EEGNET,20260926,0.9999864101409912,1.356531083729351e-05,1
s50_1_retained_1_t031,50,1,retained_labeled_MI,1,s50.mat,b5df79bb64eb585ff01eb77cc176c9a02964c564dd40a4eeec7764b510950d40,108543,Cho2017,Q15-E006,BROAD_EEGNET,20260926,0.9999998807907104,1.7783563066586794e-07,1
s50_1_retained_1_t032,50,1,retained_labeled_MI,1,s50.mat,b5df79bb64eb585ff01eb77cc176c9a02964c564dd40a4eeec7764b510950d40,112127,Cho2017,Q15-E006,BROAD_EEGNET,20260926,1.0,6.257307172408133e-11,1
s50_1_retained_1_t033,50,1,retained_labeled_MI,1,s50.mat,b5df79bb64eb585ff01eb77cc176c9a02964c564dd40a4eeec7764b510950d40,115711,Cho2017,Q15-E006,BROAD_EEGNET,20260926,1.0,6.447446743162999e-14,1
s50_1_retained_1_t034,50,1,retained_labeled_MI,1,s50.mat,b5df79bb64eb585ff01eb77cc176c9a02964c564dd40a4eeec7764b510950d40,119295,Cho2017,Q15-E006,BROAD_EEGNET,20260926,1.0,5.44818523628976e-10,1
s50_1_retained_1_t035,50,1,retained_labeled_MI,1,s50.mat,b5df79bb64eb585ff01eb77cc176c9a02964c564dd40a4eeec7764b510950d40,122879,Cho2017,Q15-E006,BROAD_EEGNET,20260926,1.0,1.027633977912501e-09,1
s50_1_retained_1_t036,50,1,retained_labeled_MI,1,s50.mat,b5df79bb64eb585ff01eb77cc176c9a02964c564dd40a4eeec7764b510950d40,126463,Cho2017,Q15-E006,BROAD_EEGNET,20260926,1.0,5.145222758153034e-16,1
s50_1_retained_1_t037,50,1,retained_labeled_MI,1,s50.mat,b5df79bb64eb585ff01eb77cc176c9a02964c564dd40a4eeec7764b510950d40,130047,Cho2017,Q15-E006,BROAD_EEGNET,20260926,1.0,5.221712819081237e-13,1
s50_1_retained_1_t038,50,1,retained_labeled_MI,1,s50.mat,b5df79bb64eb585ff01eb77cc176c9a02964c564dd40a4eeec7764b510950d40,133631,Cho2017,Q15-E006,BROAD_EEGNET,20260926,0.9999997615814209,2.0974506753645983e-07,1
s50_1_retained_1_t039,50,1,retained_labeled_MI,1,s50.mat,b5df79bb64eb585ff01eb77cc176c9a02964c564dd40a4eeec7764b510950d40,137215,Cho2017,Q15-E006,BROAD_EEGNET,20260926,0.9999998807907104,1.7284354214552877e-07,1
s50_1_retained_1_t040,50,1,retained_labeled_MI,1,s50.mat,b5df79bb64eb585ff01eb77cc176c9a02964c564dd40a4eeec7764b510950d40,140799,Cho2017,Q15-E006,BROAD_EEGNET,20260926,1.0,1.2964827109901802e-15,1
s50_1_retained_1_t041,50,1,retained_labeled_MI,1,s50.mat,b5df79bb64eb585ff01eb77cc176c9a02964c564dd40a4eeec7764b510950d40,144383,Cho2017,Q15-E006,BROAD_EEGNET,20260926,3.5806571041518964e-09,1.0,2
s50_1_retained_1_t042,50,1,retained_labeled_MI,1,s50.mat,b5df79bb64eb585ff01eb77cc176c9a02964c564dd40a4eeec7764b510950d40,147967,Cho2017,Q15-E006,BROAD_EEGNET,20260926,1.6699674461051472e-06,0.9999983310699463,2
s50_1_retained_1_t043,50,1,retained_labeled_MI,1,s50.mat,b5df79bb64eb585ff01eb77cc176c9a02964c564dd40a4eeec7764b510950d40,151551,Cho2017,Q15-E006,BROAD_EEGNET,20260926,1.6567978491366375e-06,0.9999983310699463,2
s50_1_retained_1_t044,50,1,retained_labeled_MI,1,s50.mat,b5df79bb64eb585ff01eb77cc176c9a02964c564dd40a4eeec7764b510950d40,155135,Cho2017,Q15-E006,BROAD_EEGNET,20260926,3.3194024785798693e-12,1.0,2
s50_1_retained_1_t045,50,1,retained_labeled_MI,1,s50.mat,b5df79bb64eb585ff01eb77cc176c9a02964c564dd40a4eeec7764b510950d40,158719,Cho2017,Q15-E006,BROAD_EEGNET,20260926,7.225846729852492e-07,0.9999992847442627,2
s50_1_retained_1_t046,50,1,retained_labeled_MI,1,s50.mat,b5df79bb64eb585ff01eb77cc176c9a02964c564dd40a4eeec7764b510950d40,162303,Cho2017,Q15-E006,BROAD_EEGNET,20260926,0.9999998807907104,1.237291940014984e-07,1
s50_1_retained_1_t047,50,1,retained_labeled_MI,1,s50.mat,b5df79bb64eb585ff01eb77cc176c9a02964c564dd40a4eeec7764b510950d40,165887,Cho2017,Q15-E006,BROAD_EEGNET,20260926,0.11490905284881592,0.8850909471511841,2
s50_1_retained_1_t048,50,1,retained_labeled_MI,1,s50.mat,b5df79bb64eb585ff01eb77cc176c9a02964c564dd40a4eeec7764b510950d40,169471,Cho2017,Q15-E006,BROAD_EEGNET,20260926,6.217200620994845e-08,0.9999998807907104,2
s50_1_retained_1_t049,50,1,retained_labeled_MI,1,s50.mat,b5df79bb64eb585ff01eb77cc176c9a02964c564dd40a4eeec7764b510950d40,173055,Cho2017,Q15-E006,BROAD_EEGNET,20260926,4.636138261487899e-12,1.0,2
s50_1_retained_1_t050,50,1,retained_labeled_MI,1,s50.mat,b5df79bb64eb585ff01eb77cc176c9a02964c564dd40a4eeec7764b510950d40,176639,Cho2017,Q15-E006,BROAD_EEGNET,20260926,5.006264109397307e-05,0.9999499320983887,2
s50_1_retained_1_t051,50,1,retained_labeled_MI,1,s50.mat,b5df79bb64eb585ff01eb77cc176c9a02964c564dd40a4eeec7764b510950d40,180223,Cho2017,Q15-E006,BROAD_EEGNET,20260926,0.0001100650115404278,0.9998899698257446,2
s50_1_retained_1_t052,50,1,retained_labeled_MI,1,s50.mat,b5df79bb64eb585ff01eb77cc176c9a02964c564dd40a4eeec7764b510950d40,183807,Cho2017,Q15-E006,BROAD_EEGNET,20260926,2.208989380114555e-20,1.0,2
s50_1_retained_1_t053,50,1,retained_labeled_MI,1,s50.mat,b5df79bb64eb585ff01eb77cc176c9a02964c564dd40a4eeec7764b510950d40,187391,Cho2017,Q15-E006,BROAD_EEGNET,20260926,0.9999140501022339,8.58953280840069e-05,1
s50_1_retained_1_t054,50,1,retained_labeled_MI,1,s50.mat,b5df79bb64eb585ff01eb77cc176c9a02964c564dd40a4eeec7764b510950d40,190975,Cho2017,Q15-E006,BROAD_EEGNET,20260926,0.9999960660934448,3.9335891415248625e-06,1
s50_1_retained_1_t055,50,1,retained_labeled_MI,1,s50.mat,b5df79bb64eb585ff01eb77cc176c9a02964c564dd40a4eeec7764b510950d40,194559,Cho2017,Q15-E006,BROAD_EEGNET,20260926,7.512087449867977e-07,0.9999992847442627,2
s50_1_retained_1_t056,50,1,retained_labeled_MI,1,s50.mat,b5df79bb64eb585ff01eb77cc176c9a02964c564dd40a4eeec7764b510950d40,198143,Cho2017,Q15-E006,BROAD_EEGNET,20260926,0.9999995231628418,5.342390636542405e-07,1
s50_1_retained_1_t057,50,1,retained_labeled_MI,1,s50.mat,b5df79bb64eb585ff01eb77cc176c9a02964c564dd40a4eeec7764b510950d40,201727,Cho2017,Q15-E006,BROAD_EEGNET,20260926,0.9999992847442627,6.679127295683429e-07,1
s50_1_retained_1_t058,50,1,retained_labeled_MI,1,s50.mat,b5df79bb64eb585ff01eb77cc176c9a02964c564dd40a4eeec7764b510950d40,205311,Cho2017,Q15-E006,BROAD_EEGNET,20260926,0.00015006073226686567,0.9998499155044556,2
s50_1_retained_1_t059,50,1,retained_labeled_MI,1,s50.mat,b5df79bb64eb585ff01eb77cc176c9a02964c564dd40a4eeec7764b510950d40,208895,Cho2017,Q15-E006,BROAD_EEGNET,20260926,0.9971215128898621,0.0028784286696463823,1
s50_1_retained_1_t060,50,1,retained_labeled_MI,1,s50.mat,b5df79bb64eb585ff01eb77cc176c9a02964c564dd40a4eeec7764b510950d40,212479,Cho2017,Q15-E006,BROAD_EEGNET,20260926,1.0,1.475442168441532e-08,1
s50_1_retained_1_t061,50,1,retained_labeled_MI,1,s50.mat,b5df79bb64eb585ff01eb77cc176c9a02964c564dd40a4eeec7764b510950d40,216063,Cho2017,Q15-E006,BROAD_EEGNET,20260926,0.9974173307418823,0.0025826487690210342,1
s50_1_retained_1_t062,50,1,retained_labeled_MI,1,s50.mat,b5df79bb64eb585ff01eb77cc176c9a02964c564dd40a4eeec7764b510950d40,219647,Cho2017,Q15-E006,BROAD_EEGNET,20260926,0.004836436826735735,0.9951635599136353,2
s50_1_retained_1_t063,50,1,retained_labeled_MI,1,s50.mat,b5df79bb64eb585ff01eb77cc176c9a02964c564dd40a4eeec7764b510950d40,223231,Cho2017,Q15-E006,BROAD_EEGNET,20260926,0.02723325416445732,0.9727666974067688,2
s50_1_retained_1_t064,50,1,retained_labeled_MI,1,s50.mat,b5df79bb64eb585ff01eb77cc176c9a02964c564dd40a4eeec7764b510950d40,226815,Cho2017,Q15-E006,BROAD_EEGNET,20260926,3.64329508784067e-07,0.9999996423721313,2
s50_1_retained_1_t065,50,1,retained_labeled_MI,1,s50.mat,b5df79bb64eb585ff01eb77cc176c9a02964c564dd40a4eeec7764b510950d40,230399,Cho2017,Q15-E006,BROAD_EEGNET,20260926,0.9999860525131226,1.3947294974059332e-05,1
s50_1_retained_1_t066,50,1,retained_labeled_MI,1,s50.mat,b5df79bb64eb585ff01eb77cc176c9a02964c564dd40a4eeec7764b510950d40,233983,Cho2017,Q15-E006,BROAD_EEGNET,20260926,0.9999459981918335,5.4053496569395065e-05,1
s50_1_retained_1_t067,50,1,retained_labeled_MI,1,s50.mat,b5df79bb64eb585ff01eb77cc176c9a02964c564dd40a4eeec7764b510950d40,237567,Cho2017,Q15-E006,BROAD_EEGNET,20260926,0.011411645449697971,0.9885883331298828,2
s50_1_retained_1_t068,50,1,retained_labeled_MI,1,s50.mat,b5df79bb64eb585ff01eb77cc176c9a02964c564dd40a4eeec7764b510950d40,241151,Cho2017,Q15-E006,BROAD_EEGNET,20260926,0.0002443883859086782,0.9997555613517761,2
s50_1_retained_1_t069,50,1,retained_labeled_MI,1,s50.mat,b5df79bb64eb585ff01eb77cc176c9a02964c564dd40a4eeec7764b510950d40,244735,Cho2017,Q15-E006,BROAD_EEGNET,20260926,0.9998583793640137,0.00014161593571770936,1
s50_1_retained_1_t070,50,1,retained_labeled_MI,1,s50.mat,b5df79bb64eb585ff01eb77cc176c9a02964c564dd40a4eeec7764b510950d40,248319,Cho2017,Q15-E006,BROAD_EEGNET,20260926,0.8614261746406555,0.1385737806558609,1
s50_1_retained_1_t071,50,1,retained_labeled_MI,1,s50.mat,b5df79bb64eb585ff01eb77cc176c9a02964c564dd40a4eeec7764b510950d40,251903,Cho2017,Q15-E006,BROAD_EEGNET,20260926,0.9105903506278992,0.08940959721803665,1
s50_1_retained_1_t072,50,1,retained_labeled_MI,1,s50.mat,b5df79bb64eb585ff01eb77cc176c9a02964c564dd40a4eeec7764b510950d40,255487,Cho2017,Q15-E006,BROAD_EEGNET,20260926,0.9999995231628418,5.022268965149124e-07,1
s50_1_retained_1_t073,50,1,retained_labeled_MI,1,s50.mat,b5df79bb64eb585ff01eb77cc176c9a02964c564dd40a4eeec7764b510950d40,259071,Cho2017,Q15-E006,BROAD_EEGNET,20260926,0.9999696016311646,3.0453287763521075e-05,1
s50_1_retained_1_t074,50,1,retained_labeled_MI,1,s50.mat,b5df79bb64eb585ff01eb77cc176c9a02964c564dd40a4eeec7764b510950d40,262655,Cho2017,Q15-E006,BROAD_EEGNET,20260926,0.9725143313407898,0.027485651895403862,1
s50_1_retained_1_t075,50,1,retained_labeled_MI,1,s50.mat,b5df79bb64eb585ff01eb77cc176c9a02964c564dd40a4eeec7764b510950d40,266239,Cho2017,Q15-E006,BROAD_EEGNET,20260926,0.9999998807907104,6.158108334375356e-08,1
s50_1_retained_1_t076,50,1,retained_labeled_MI,1,s50.mat,b5df79bb64eb585ff01eb77cc176c9a02964c564dd40a4eeec7764b510950d40,269823,Cho2017,Q15-E006,BROAD_EEGNET,20260926,0.0001082161907106638,0.9998917579650879,2
s50_1_retained_1_t077,50,1,retained_labeled_MI,1,s50.mat,b5df79bb64eb585ff01eb77cc176c9a02964c564dd40a4eeec7764b510950d40,273407,Cho2017,Q15-E006,BROAD_EEGNET,20260926,0.9591262340545654,0.040873803198337555,1
s50_1_retained_1_t078,50,1,retained_labeled_MI,1,s50.mat,b5df79bb64eb585ff01eb77cc176c9a02964c564dd40a4eeec7764b510950d40,276991,Cho2017,Q15-E006,BROAD_EEGNET,20260926,0.999990701675415,9.254421456716955e-06,1
s50_1_retained_1_t079,50,1,retained_labeled_MI,1,s50.mat,b5df79bb64eb585ff01eb77cc176c9a02964c564dd40a4eeec7764b510950d40,280575,Cho2017,Q15-E006,BROAD_EEGNET,20260926,0.999948263168335,5.171411612536758e-05,1
s50_1_retained_1_t080,50,1,retained_labeled_MI,1,s50.mat,b5df79bb64eb585ff01eb77cc176c9a02964c564dd40a4eeec7764b510950d40,284159,Cho2017,Q15-E006,BROAD_EEGNET,20260926,1.0,4.8288555376529985e-08,1
s50_1_retained_1_t081,50,1,retained_labeled_MI,1,s50.mat,b5df79bb64eb585ff01eb77cc176c9a02964c564dd40a4eeec7764b510950d40,287743,Cho2017,Q15-E006,BROAD_EEGNET,20260926,1.0,6.838722921287399e-09,1
s50_1_retained_1_t082,50,1,retained_labeled_MI,1,s50.mat,b5df79bb64eb585ff01eb77cc176c9a02964c564dd40a4eeec7764b510950d40,291327,Cho2017,Q15-E006,BROAD_EEGNET,20260926,0.9999865293502808,1.3458744433592074e-05,1
s50_1_retained_1_t083,50,1,retained_labeled_MI,1,s50.mat,b5df79bb64eb585ff01eb77cc176c9a02964c564dd40a4eeec7764b510950d40,294911,Cho2017,Q15-E006,BROAD_EEGNET,20260926,0.9979088306427002,0.002091219648718834,1
s50_1_retained_1_t084,50,1,retained_labeled_MI,1,s50.mat,b5df79bb64eb585ff01eb77cc176c9a02964c564dd40a4eeec7764b510950d40,298495,Cho2017,Q15-E006,BROAD_EEGNET,20260926,1.0,5.785076237496689e-11,1
s50_1_retained_1_t085,50,1,retained_labeled_MI,1,s50.mat,b5df79bb64eb585ff01eb77cc176c9a02964c564dd40a4eeec7764b510950d40,302079,Cho2017,Q15-E006,BROAD_EEGNET,20260926,1.0,5.54684946520341e-15,1
s50_1_retained_1_t086,50,1,retained_labeled_MI,1,s50.mat,b5df79bb64eb585ff01eb77cc176c9a02964c564dd40a4eeec7764b510950d40,305663,Cho2017,Q15-E006,BROAD_EEGNET,20260926,0.9999915361404419,8.457200237899087e-06,1
s50_1_retained_1_t087,50,1,retained_labeled_MI,1,s50.mat,b5df79bb64eb585ff01eb77cc176c9a02964c564dd40a4eeec7764b510950d40,309247,Cho2017,Q15-E006,BROAD_EEGNET,20260926,1.0,1.7404564900402875e-08,1
s50_1_retained_1_t088,50,1,retained_labeled_MI,1,s50.mat,b5df79bb64eb585ff01eb77cc176c9a02964c564dd40a4eeec7764b510950d40,312831,Cho2017,Q15-E006,BROAD_EEGNET,20260926,1.0,1.2245682246003753e-09,1
s50_1_retained_1_t089,50,1,retained_labeled_MI,1,s50.mat,b5df79bb64eb585ff01eb77cc176c9a02964c564dd40a4eeec7764b510950d40,316415,Cho2017,Q15-E006,BROAD_EEGNET,20260926,1.0,1.8073134655516299e-10,1
s50_1_retained_1_t090,50,1,retained_labeled_MI,1,s50.mat,b5df79bb64eb585ff01eb77cc176c9a02964c564dd40a4eeec7764b510950d40,319999,Cho2017,Q15-E006,BROAD_EEGNET,20260926,0.9999998807907104,1.3827363432028505e-07,1
s50_1_retained_1_t091,50,1,retained_labeled_MI,1,s50.mat,b5df79bb64eb585ff01eb77cc176c9a02964c564dd40a4eeec7764b510950d40,323583,Cho2017,Q15-E006,BROAD_EEGNET,20260926,0.9999980926513672,1.9577794319047825e-06,1
s50_1_retained_1_t092,50,1,retained_labeled_MI,1,s50.mat,b5df79bb64eb585ff01eb77cc176c9a02964c564dd40a4eeec7764b510950d40,327167,Cho2017,Q15-E006,BROAD_EEGNET,20260926,0.004214437212795019,0.9957855343818665,2
s50_1_retained_1_t093,50,1,retained_labeled_MI,1,s50.mat,b5df79bb64eb585ff01eb77cc176c9a02964c564dd40a4eeec7764b510950d40,330751,Cho2017,Q15-E006,BROAD_EEGNET,20260926,0.9999984502792358,1.5967359558999306e-06,1
s50_1_retained_1_t094,50,1,retained_labeled_MI,1,s50.mat,b5df79bb64eb585ff01eb77cc176c9a02964c564dd40a4eeec7764b510950d40,334335,Cho2017,Q15-E006,BROAD_EEGNET,20260926,0.0002509907353669405,0.9997490048408508,2
s50_1_retained_1_t095,50,1,retained_labeled_MI,1,s50.mat,b5df79bb64eb585ff01eb77cc176c9a02964c564dd40a4eeec7764b510950d40,337919,Cho2017,Q15-E006,BROAD_EEGNET,20260926,0.9914833903312683,0.008516564033925533,1
s50_1_retained_1_t096,50,1,retained_labeled_MI,1,s50.mat,b5df79bb64eb585ff01eb77cc176c9a02964c564dd40a4eeec7764b510950d40,341503,Cho2017,Q15-E006,BROAD_EEGNET,20260926,1.0,1.656053766341259e-13,1
s50_1_retained_1_t097,50,1,retained_labeled_MI,1,s50.mat,b5df79bb64eb585ff01eb77cc176c9a02964c564dd40a4eeec7764b510950d40,345087,Cho2017,Q15-E006,BROAD_EEGNET,20260926,0.9999988079071045,1.2363240102786222e-06,1
s50_1_retained_1_t098,50,1,retained_labeled_MI,1,s50.mat,b5df79bb64eb585ff01eb77cc176c9a02964c564dd40a4eeec7764b510950d40,348671,Cho2017,Q15-E006,BROAD_EEGNET,20260926,0.9994044303894043,0.0005955540691502392,1
s50_1_retained_1_t099,50,1,retained_labeled_MI,1,s50.mat,b5df79bb64eb585ff01eb77cc176c9a02964c564dd40a4eeec7764b510950d40,352255,Cho2017,Q15-E006,BROAD_EEGNET,20260926,1.0,6.784379915497629e-12,1
s50_1_retained_1_t100,50,1,retained_labeled_MI,1,s50.mat,b5df79bb64eb585ff01eb77cc176c9a02964c564dd40a4eeec7764b510950d40,355839,Cho2017,Q15-E006,BROAD_EEGNET,20260926,0.9999997615814209,2.348610053104494e-07,1
s50_1_retained_2_t001,50,1,retained_labeled_MI,2,s50.mat,b5df79bb64eb585ff01eb77cc176c9a02964c564dd40a4eeec7764b510950d40,1023,Cho2017,Q15-E006,BROAD_EEGNET,20260926,0.9999744892120361,2.5496827220194973e-05,1
s50_1_retained_2_t002,50,1,retained_labeled_MI,2,s50.mat,b5df79bb64eb585ff01eb77cc176c9a02964c564dd40a4eeec7764b510950d40,4607,Cho2017,Q15-E006,BROAD_EEGNET,20260926,0.4062613844871521,0.5937386155128479,2
s50_1_retained_2_t003,50,1,retained_labeled_MI,2,s50.mat,b5df79bb64eb585ff01eb77cc176c9a02964c564dd40a4eeec7764b510950d40,8191,Cho2017,Q15-E006,BROAD_EEGNET,20260926,7.738625527053955e-07,0.9999992847442627,2
s50_1_retained_2_t004,50,1,retained_labeled_MI,2,s50.mat,b5df79bb64eb585ff01eb77cc176c9a02964c564dd40a4eeec7764b510950d40,11775,Cho2017,Q15-E006,BROAD_EEGNET,20260926,0.7973450422286987,0.20265498757362366,1
s50_1_retained_2_t005,50,1,retained_labeled_MI,2,s50.mat,b5df79bb64eb585ff01eb77cc176c9a02964c564dd40a4eeec7764b510950d40,15359,Cho2017,Q15-E006,BROAD_EEGNET,20260926,0.003429523902013898,0.9965704679489136,2
s50_1_retained_2_t006,50,1,retained_labeled_MI,2,s50.mat,b5df79bb64eb585ff01eb77cc176c9a02964c564dd40a4eeec7764b510950d40,18943,Cho2017,Q15-E006,BROAD_EEGNET,20260926,3.315568619655096e-08,1.0,2
s50_1_retained_2_t007,50,1,retained_labeled_MI,2,s50.mat,b5df79bb64eb585ff01eb77cc176c9a02964c564dd40a4eeec7764b510950d40,22527,Cho2017,Q15-E006,BROAD_EEGNET,20260926,1.0315586251863351e-07,0.9999998807907104,2
s50_1_retained_2_t008,50,1,retained_labeled_MI,2,s50.mat,b5df79bb64eb585ff01eb77cc176c9a02964c564dd40a4eeec7764b510950d40,26111,Cho2017,Q15-E006,BROAD_EEGNET,20260926,0.9999990463256836,9.01216480997391e-07,1
s50_1_retained_2_t009,50,1,retained_labeled_MI,2,s50.mat,b5df79bb64eb585ff01eb77cc176c9a02964c564dd40a4eeec7764b510950d40,29695,Cho2017,Q15-E006,BROAD_EEGNET,20260926,0.9989690780639648,0.0010308953933417797,1
s50_1_retained_2_t010,50,1,retained_labeled_MI,2,s50.mat,b5df79bb64eb585ff01eb77cc176c9a02964c564dd40a4eeec7764b510950d40,33279,Cho2017,Q15-E006,BROAD_EEGNET,20260926,0.0013620425015687943,0.9986379742622375,2
s50_1_retained_2_t011,50,1,retained_labeled_MI,2,s50.mat,b5df79bb64eb585ff01eb77cc176c9a02964c564dd40a4eeec7764b510950d40,36863,Cho2017,Q15-E006,BROAD_EEGNET,20260926,0.11932770907878876,0.88067227602005,2
s50_1_retained_2_t012,50,1,retained_labeled_MI,2,s50.mat,b5df79bb64eb585ff01eb77cc176c9a02964c564dd40a4eeec7764b510950d40,40447,Cho2017,Q15-E006,BROAD_EEGNET,20260926,0.00016585903358645737,0.9998340606689453,2
s50_1_retained_2_t013,50,1,retained_labeled_MI,2,s50.mat,b5df79bb64eb585ff01eb77cc176c9a02964c564dd40a4eeec7764b510950d40,44031,Cho2017,Q15-E006,BROAD_EEGNET,20260926,0.9999819993972778,1.799782876332756e-05,1
s50_1_retained_2_t014,50,1,retained_labeled_MI,2,s50.mat,b5df79bb64eb585ff01eb77cc176c9a02964c564dd40a4eeec7764b510950d40,47615,Cho2017,Q15-E006,BROAD_EEGNET,20260926,1.0,2.0412406574049635e-12,1
s50_1_retained_2_t015,50,1,retained_labeled_MI,2,s50.mat,b5df79bb64eb585ff01eb77cc176c9a02964c564dd40a4eeec7764b510950d40,51199,Cho2017,Q15-E006,BROAD_EEGNET,20260926,0.005612121894955635,0.9943878054618835,2
s50_1_retained_2_t016,50,1,retained_labeled_MI,2,s50.mat,b5df79bb64eb585ff01eb77cc176c9a02964c564dd40a4eeec7764b510950d40,54783,Cho2017,Q15-E006,BROAD_EEGNET,20260926,0.9184428453445435,0.08155718445777893,1
s50_1_retained_2_t017,50,1,retained_labeled_MI,2,s50.mat,b5df79bb64eb585ff01eb77cc176c9a02964c564dd40a4eeec7764b510950d40,58367,Cho2017,Q15-E006,BROAD_EEGNET,20260926,0.9975807666778564,0.0024192275013774633,1
s50_1_retained_2_t018,50,1,retained_labeled_MI,2,s50.mat,b5df79bb64eb585ff01eb77cc176c9a02964c564dd40a4eeec7764b510950d40,61951,Cho2017,Q15-E006,BROAD_EEGNET,20260926,1.0,2.153692779671701e-10,1
s50_1_retained_2_t019,50,1,retained_labeled_MI,2,s50.mat,b5df79bb64eb585ff01eb77cc176c9a02964c564dd40a4eeec7764b510950d40,65535,Cho2017,Q15-E006,BROAD_EEGNET,20260926,0.9999963045120239,3.69747635886597e-06,1
s50_1_retained_2_t020,50,1,retained_labeled_MI,2,s50.mat,b5df79bb64eb585ff01eb77cc176c9a02964c564dd40a4eeec7764b510950d40,69119,Cho2017,Q15-E006,BROAD_EEGNET,20260926,1.0,3.016595491196067e-13,1
s50_1_retained_2_t021,50,1,retained_labeled_MI,2,s50.mat,b5df79bb64eb585ff01eb77cc176c9a02964c564dd40a4eeec7764b510950d40,72703,Cho2017,Q15-E006,BROAD_EEGNET,20260926,0.9869478940963745,0.013052079826593399,1
s50_1_retained_2_t022,50,1,retained_labeled_MI,2,s50.mat,b5df79bb64eb585ff01eb77cc176c9a02964c564dd40a4eeec7764b510950d40,76287,Cho2017,Q15-E006,BROAD_EEGNET,20260926,0.9999988079071045,1.2083989986422239e-06,1
s50_1_retained_2_t023,50,1,retained_labeled_MI,2,s50.mat,b5df79bb64eb585ff01eb77cc176c9a02964c564dd40a4eeec7764b510950d40,79871,Cho2017,Q15-E006,BROAD_EEGNET,20260926,1.9130354189655918e-07,0.9999997615814209,2
s50_1_retained_2_t024,50,1,retained_labeled_MI,2,s50.mat,b5df79bb64eb585ff01eb77cc176c9a02964c564dd40a4eeec7764b510950d40,83455,Cho2017,Q15-E006,BROAD_EEGNET,20260926,0.9999983310699463,1.6980411601252854e-06,1
s50_1_retained_2_t025,50,1,retained_labeled_MI,2,s50.mat,b5df79bb64eb585ff01eb77cc176c9a02964c564dd40a4eeec7764b510950d40,87039,Cho2017,Q15-E006,BROAD_EEGNET,20260926,0.0009759671520441771,0.9990240335464478,2
s50_1_retained_2_t026,50,1,retained_labeled_MI,2,s50.mat,b5df79bb64eb585ff01eb77cc176c9a02964c564dd40a4eeec7764b510950d40,90623,Cho2017,Q15-E006,BROAD_EEGNET,20260926,0.988867998123169,0.011131960898637772,1
s50_1_retained_2_t027,50,1,retained_labeled_MI,2,s50.mat,b5df79bb64eb585ff01eb77cc176c9a02964c564dd40a4eeec7764b510950d40,94207,Cho2017,Q15-E006,BROAD_EEGNET,20260926,0.9999947547912598,5.2476325436146e-06,1
s50_1_retained_2_t028,50,1,retained_labeled_MI,2,s50.mat,b5df79bb64eb585ff01eb77cc176c9a02964c564dd40a4eeec7764b510950d40,97791,Cho2017,Q15-E006,BROAD_EEGNET,20260926,0.06295804679393768,0.9370419979095459,2
s50_1_retained_2_t029,50,1,retained_labeled_MI,2,s50.mat,b5df79bb64eb585ff01eb77cc176c9a02964c564dd40a4eeec7764b510950d40,101375,Cho2017,Q15-E006,BROAD_EEGNET,20260926,0.9996646642684937,0.00033533255918882787,1
s50_1_retained_2_t030,50,1,retained_labeled_MI,2,s50.mat,b5df79bb64eb585ff01eb77cc176c9a02964c564dd40a4eeec7764b510950d40,104959,Cho2017,Q15-E006,BROAD_EEGNET,20260926,0.9979154467582703,0.002084585139527917,1
s50_1_retained_2_t031,50,1,retained_labeled_MI,2,s50.mat,b5df79bb64eb585ff01eb77cc176c9a02964c564dd40a4eeec7764b510950d40,108543,Cho2017,Q15-E006,BROAD_EEGNET,20260926,0.9978916049003601,0.002108372049406171,1
s50_1_retained_2_t032,50,1,retained_labeled_MI,2,s50.mat,b5df79bb64eb585ff01eb77cc176c9a02964c564dd40a4eeec7764b510950d40,112127,Cho2017,Q15-E006,BROAD_EEGNET,20260926,0.9999960660934448,3.925479632016504e-06,1
s50_1_retained_2_t033,50,1,retained_labeled_MI,2,s50.mat,b5df79bb64eb585ff01eb77cc176c9a02964c564dd40a4eeec7764b510950d40,115711,Cho2017,Q15-E006,BROAD_EEGNET,20260926,1.0,8.583451727162128e-10,1
s50_1_retained_2_t034,50,1,retained_labeled_MI,2,s50.mat,b5df79bb64eb585ff01eb77cc176c9a02964c564dd40a4eeec7764b510950d40,119295,Cho2017,Q15-E006,BROAD_EEGNET,20260926,0.9999972581863403,2.783269110295805e-06,1
s50_1_retained_2_t035,50,1,retained_labeled_MI,2,s50.mat,b5df79bb64eb585ff01eb77cc176c9a02964c564dd40a4eeec7764b510950d40,122879,Cho2017,Q15-E006,BROAD_EEGNET,20260926,1.0,2.3233201473793486e-10,1
s50_1_retained_2_t036,50,1,retained_labeled_MI,2,s50.mat,b5df79bb64eb585ff01eb77cc176c9a02964c564dd40a4eeec7764b510950d40,126463,Cho2017,Q15-E006,BROAD_EEGNET,20260926,0.9999997615814209,2.876485041269916e-07,1
s50_1_retained_2_t037,50,1,retained_labeled_MI,2,s50.mat,b5df79bb64eb585ff01eb77cc176c9a02964c564dd40a4eeec7764b510950d40,130047,Cho2017,Q15-E006,BROAD_EEGNET,20260926,0.9606759548187256,0.03932410106062889,1
s50_1_retained_2_t038,50,1,retained_labeled_MI,2,s50.mat,b5df79bb64eb585ff01eb77cc176c9a02964c564dd40a4eeec7764b510950d40,133631,Cho2017,Q15-E006,BROAD_EEGNET,20260926,1.0,8.596059627996588e-12,1
s50_1_retained_2_t039,50,1,retained_labeled_MI,2,s50.mat,b5df79bb64eb585ff01eb77cc176c9a02964c564dd40a4eeec7764b510950d40,137215,Cho2017,Q15-E006,BROAD_EEGNET,20260926,1.0,7.244713075976739e-12,1
s50_1_retained_2_t040,50,1,retained_labeled_MI,2,s50.mat,b5df79bb64eb585ff01eb77cc176c9a02964c564dd40a4eeec7764b510950d40,140799,Cho2017,Q15-E006,BROAD_EEGNET,20260926,1.0,1.4720169527748794e-10,1
s50_1_retained_2_t041,50,1,retained_labeled_MI,2,s50.mat,b5df79bb64eb585ff01eb77cc176c9a02964c564dd40a4eeec7764b510950d40,144383,Cho2017,Q15-E006,BROAD_EEGNET,20260926,2.421338463065581e-09,1.0,2
s50_1_retained_2_t042,50,1,retained_labeled_MI,2,s50.mat,b5df79bb64eb585ff01eb77cc176c9a02964c564dd40a4eeec7764b510950d40,147967,Cho2017,Q15-E006,BROAD_EEGNET,20260926,3.7570246149698505e-06,0.9999961853027344,2
s50_1_retained_2_t043,50,1,retained_labeled_MI,2,s50.mat,b5df79bb64eb585ff01eb77cc176c9a02964c564dd40a4eeec7764b510950d40,151551,Cho2017,Q15-E006,BROAD_EEGNET,20260926,4.835067102249013e-06,0.9999951124191284,2
s50_1_retained_2_t044,50,1,retained_labeled_MI,2,s50.mat,b5df79bb64eb585ff01eb77cc176c9a02964c564dd40a4eeec7764b510950d40,155135,Cho2017,Q15-E006,BROAD_EEGNET,20260926,0.7842239737510681,0.2157759815454483,1
s50_1_retained_2_t045,50,1,retained_labeled_MI,2,s50.mat,b5df79bb64eb585ff01eb77cc176c9a02964c564dd40a4eeec7764b510950d40,158719,Cho2017,Q15-E006,BROAD_EEGNET,20260926,0.9865579009056091,0.01344210933893919,1
s50_1_retained_2_t046,50,1,retained_labeled_MI,2,s50.mat,b5df79bb64eb585ff01eb77cc176c9a02964c564dd40a4eeec7764b510950d40,162303,Cho2017,Q15-E006,BROAD_EEGNET,20260926,0.8944871425628662,0.10551284998655319,1
s50_1_retained_2_t047,50,1,retained_labeled_MI,2,s50.mat,b5df79bb64eb585ff01eb77cc176c9a02964c564dd40a4eeec7764b510950d40,165887,Cho2017,Q15-E006,BROAD_EEGNET,20260926,0.9951800107955933,0.00482000969350338,1
s50_1_retained_2_t048,50,1,retained_labeled_MI,2,s50.mat,b5df79bb64eb585ff01eb77cc176c9a02964c564dd40a4eeec7764b510950d40,169471,Cho2017,Q15-E006,BROAD_EEGNET,20260926,0.650188684463501,0.3498113751411438,1
s50_1_retained_2_t049,50,1,retained_labeled_MI,2,s50.mat,b5df79bb64eb585ff01eb77cc176c9a02964c564dd40a4eeec7764b510950d40,173055,Cho2017,Q15-E006,BROAD_EEGNET,20260926,7.084594577655423e-10,1.0,2
s50_1_retained_2_t050,50,1,retained_labeled_MI,2,s50.mat,b5df79bb64eb585ff01eb77cc176c9a02964c564dd40a4eeec7764b510950d40,176639,Cho2017,Q15-E006,BROAD_EEGNET,20260926,6.669867988732652e-19,1.0,2
s50_1_retained_2_t051,50,1,retained_labeled_MI,2,s50.mat,b5df79bb64eb585ff01eb77cc176c9a02964c564dd40a4eeec7764b510950d40,180223,Cho2017,Q15-E006,BROAD_EEGNET,20260926,0.006876104976981878,0.9931239485740662,2
s50_1_retained_2_t052,50,1,retained_labeled_MI,2,s50.mat,b5df79bb64eb585ff01eb77cc176c9a02964c564dd40a4eeec7764b510950d40,183807,Cho2017,Q15-E006,BROAD_EEGNET,20260926,9.347117524427517e-10,1.0,2
s50_1_retained_2_t053,50,1,retained_labeled_MI,2,s50.mat,b5df79bb64eb585ff01eb77cc176c9a02964c564dd40a4eeec7764b510950d40,187391,Cho2017,Q15-E006,BROAD_EEGNET,20260926,0.5161091685295105,0.4838908016681671,1
s50_1_retained_2_t054,50,1,retained_labeled_MI,2,s50.mat,b5df79bb64eb585ff01eb77cc176c9a02964c564dd40a4eeec7764b510950d40,190975,Cho2017,Q15-E006,BROAD_EEGNET,20260926,3.2626246149192184e-10,1.0,2
s50_1_retained_2_t055,50,1,retained_labeled_MI,2,s50.mat,b5df79bb64eb585ff01eb77cc176c9a02964c564dd40a4eeec7764b510950d40,194559,Cho2017,Q15-E006,BROAD_EEGNET,20260926,3.906756319338456e-05,0.9999608993530273,2
s50_1_retained_2_t056,50,1,retained_labeled_MI,2,s50.mat,b5df79bb64eb585ff01eb77cc176c9a02964c564dd40a4eeec7764b510950d40,198143,Cho2017,Q15-E006,BROAD_EEGNET,20260926,0.9356115460395813,0.0643884614109993,1
s50_1_retained_2_t057,50,1,retained_labeled_MI,2,s50.mat,b5df79bb64eb585ff01eb77cc176c9a02964c564dd40a4eeec7764b510950d40,201727,Cho2017,Q15-E006,BROAD_EEGNET,20260926,0.9242349863052368,0.07576506584882736,1
s50_1_retained_2_t058,50,1,retained_labeled_MI,2,s50.mat,b5df79bb64eb585ff01eb77cc176c9a02964c564dd40a4eeec7764b510950d40,205311,Cho2017,Q15-E006,BROAD_EEGNET,20260926,0.05372503772377968,0.9462749361991882,2
s50_1_retained_2_t059,50,1,retained_labeled_MI,2,s50.mat,b5df79bb64eb585ff01eb77cc176c9a02964c564dd40a4eeec7764b510950d40,208895,Cho2017,Q15-E006,BROAD_EEGNET,20260926,0.000300360843539238,0.9996997117996216,2
s50_1_retained_2_t060,50,1,retained_labeled_MI,2,s50.mat,b5df79bb64eb585ff01eb77cc176c9a02964c564dd40a4eeec7764b510950d40,212479,Cho2017,Q15-E006,BROAD_EEGNET,20260926,0.999464213848114,0.0005358356866054237,1
s50_1_retained_2_t061,50,1,retained_labeled_MI,2,s50.mat,b5df79bb64eb585ff01eb77cc176c9a02964c564dd40a4eeec7764b510950d40,216063,Cho2017,Q15-E006,BROAD_EEGNET,20260926,0.004549049306660891,0.9954509139060974,2
s50_1_retained_2_t062,50,1,retained_labeled_MI,2,s50.mat,b5df79bb64eb585ff01eb77cc176c9a02964c564dd40a4eeec7764b510950d40,219647,Cho2017,Q15-E006,BROAD_EEGNET,20260926,0.5997917056083679,0.4002082943916321,1
s50_1_retained_2_t063,50,1,retained_labeled_MI,2,s50.mat,b5df79bb64eb585ff01eb77cc176c9a02964c564dd40a4eeec7764b510950d40,223231,Cho2017,Q15-E006,BROAD_EEGNET,20260926,0.999858021736145,0.00014201753947418183,1
s50_1_retained_2_t064,50,1,retained_labeled_MI,2,s50.mat,b5df79bb64eb585ff01eb77cc176c9a02964c564dd40a4eeec7764b510950d40,226815,Cho2017,Q15-E006,BROAD_EEGNET,20260926,1.0350820645044223e-08,1.0,2
s50_1_retained_2_t065,50,1,retained_labeled_MI,2,s50.mat,b5df79bb64eb585ff01eb77cc176c9a02964c564dd40a4eeec7764b510950d40,230399,Cho2017,Q15-E006,BROAD_EEGNET,20260926,0.9021878838539124,0.09781213849782944,1
s50_1_retained_2_t066,50,1,retained_labeled_MI,2,s50.mat,b5df79bb64eb585ff01eb77cc176c9a02964c564dd40a4eeec7764b510950d40,233983,Cho2017,Q15-E006,BROAD_EEGNET,20260926,0.9868278503417969,0.01317221112549305,1
s50_1_retained_2_t067,50,1,retained_labeled_MI,2,s50.mat,b5df79bb64eb585ff01eb77cc176c9a02964c564dd40a4eeec7764b510950d40,237567,Cho2017,Q15-E006,BROAD_EEGNET,20260926,6.598726258744136e-07,0.9999992847442627,2
s50_1_retained_2_t068,50,1,retained_labeled_MI,2,s50.mat,b5df79bb64eb585ff01eb77cc176c9a02964c564dd40a4eeec7764b510950d40,241151,Cho2017,Q15-E006,BROAD_EEGNET,20260926,1.802908045078766e-08,1.0,2
s50_1_retained_2_t069,50,1,retained_labeled_MI,2,s50.mat,b5df79bb64eb585ff01eb77cc176c9a02964c564dd40a4eeec7764b510950d40,244735,Cho2017,Q15-E006,BROAD_EEGNET,20260926,0.7601699829101562,0.23983006179332733,1
s50_1_retained_2_t070,50,1,retained_labeled_MI,2,s50.mat,b5df79bb64eb585ff01eb77cc176c9a02964c564dd40a4eeec7764b510950d40,248319,Cho2017,Q15-E006,BROAD_EEGNET,20260926,0.0070870667695999146,0.9929129481315613,2
s50_1_retained_2_t071,50,1,retained_labeled_MI,2,s50.mat,b5df79bb64eb585ff01eb77cc176c9a02964c564dd40a4eeec7764b510950d40,251903,Cho2017,Q15-E006,BROAD_EEGNET,20260926,0.9999934434890747,6.5190902205358725e-06,1
s50_1_retained_2_t072,50,1,retained_labeled_MI,2,s50.mat,b5df79bb64eb585ff01eb77cc176c9a02964c564dd40a4eeec7764b510950d40,255487,Cho2017,Q15-E006,BROAD_EEGNET,20260926,0.9999997615814209,2.909679039930779e-07,1
s50_1_retained_2_t073,50,1,retained_labeled_MI,2,s50.mat,b5df79bb64eb585ff01eb77cc176c9a02964c564dd40a4eeec7764b510950d40,259071,Cho2017,Q15-E006,BROAD_EEGNET,20260926,0.9980241060256958,0.0019759065471589565,1
s50_1_retained_2_t074,50,1,retained_labeled_MI,2,s50.mat,b5df79bb64eb585ff01eb77cc176c9a02964c564dd40a4eeec7764b510950d40,262655,Cho2017,Q15-E006,BROAD_EEGNET,20260926,0.3596624732017517,0.6403375267982483,2
s50_1_retained_2_t075,50,1,retained_labeled_MI,2,s50.mat,b5df79bb64eb585ff01eb77cc176c9a02964c564dd40a4eeec7764b510950d40,266239,Cho2017,Q15-E006,BROAD_EEGNET,20260926,8.119220495927948e-08,0.9999998807907104,2
s50_1_retained_2_t076,50,1,retained_labeled_MI,2,s50.mat,b5df79bb64eb585ff01eb77cc176c9a02964c564dd40a4eeec7764b510950d40,269823,Cho2017,Q15-E006,BROAD_EEGNET,20260926,1.1301200022640887e-19,1.0,2
s50_1_retained_2_t077,50,1,retained_labeled_MI,2,s50.mat,b5df79bb64eb585ff01eb77cc176c9a02964c564dd40a4eeec7764b510950d40,273407,Cho2017,Q15-E006,BROAD_EEGNET,20260926,1.4567895050277002e-05,0.9999854564666748,2
s50_1_retained_2_t078,50,1,retained_labeled_MI,2,s50.mat,b5df79bb64eb585ff01eb77cc176c9a02964c564dd40a4eeec7764b510950d40,276991,Cho2017,Q15-E006,BROAD_EEGNET,20260926,0.9999997615814209,1.83566115197209e-07,1
s50_1_retained_2_t079,50,1,retained_labeled_MI,2,s50.mat,b5df79bb64eb585ff01eb77cc176c9a02964c564dd40a4eeec7764b510950d40,280575,Cho2017,Q15-E006,BROAD_EEGNET,20260926,0.9999966621398926,3.3792750855354825e-06,1
s50_1_retained_2_t080,50,1,retained_labeled_MI,2,s50.mat,b5df79bb64eb585ff01eb77cc176c9a02964c564dd40a4eeec7764b510950d40,284159,Cho2017,Q15-E006,BROAD_EEGNET,20260926,7.942749756517653e-12,1.0,2
s50_1_retained_2_t081,50,1,retained_labeled_MI,2,s50.mat,b5df79bb64eb585ff01eb77cc176c9a02964c564dd40a4eeec7764b510950d40,287743,Cho2017,Q15-E006,BROAD_EEGNET,20260926,0.9431284666061401,0.05687149241566658,1
s50_1_retained_2_t082,50,1,retained_labeled_MI,2,s50.mat,b5df79bb64eb585ff01eb77cc176c9a02964c564dd40a4eeec7764b510950d40,291327,Cho2017,Q15-E006,BROAD_EEGNET,20260926,0.9769021272659302,0.023097893223166466,1
s50_1_retained_2_t083,50,1,retained_labeled_MI,2,s50.mat,b5df79bb64eb585ff01eb77cc176c9a02964c564dd40a4eeec7764b510950d40,294911,Cho2017,Q15-E006,BROAD_EEGNET,20260926,0.9999722242355347,2.7769943699240685e-05,1
s50_1_retained_2_t084,50,1,retained_labeled_MI,2,s50.mat,b5df79bb64eb585ff01eb77cc176c9a02964c564dd40a4eeec7764b510950d40,298495,Cho2017,Q15-E006,BROAD_EEGNET,20260926,0.9996238946914673,0.00037607940612360835,1
s50_1_retained_2_t085,50,1,retained_labeled_MI,2,s50.mat,b5df79bb64eb585ff01eb77cc176c9a02964c564dd40a4eeec7764b510950d40,302079,Cho2017,Q15-E006,BROAD_EEGNET,20260926,0.9998496770858765,0.00015027796325739473,1
s50_1_retained_2_t086,50,1,retained_labeled_MI,2,s50.mat,b5df79bb64eb585ff01eb77cc176c9a02964c564dd40a4eeec7764b510950d40,305663,Cho2017,Q15-E006,BROAD_EEGNET,20260926,1.0,1.935563688493236e-11,1
s50_1_retained_2_t087,50,1,retained_labeled_MI,2,s50.mat,b5df79bb64eb585ff01eb77cc176c9a02964c564dd40a4eeec7764b510950d40,309247,Cho2017,Q15-E006,BROAD_EEGNET,20260926,0.9997832179069519,0.00021675060270354152,1
s50_1_retained_2_t088,50,1,retained_labeled_MI,2,s50.mat,b5df79bb64eb585ff01eb77cc176c9a02964c564dd40a4eeec7764b510950d40,312831,Cho2017,Q15-E006,BROAD_EEGNET,20260926,0.011749428696930408,0.9882506132125854,2
s50_1_retained_2_t089,50,1,retained_labeled_MI,2,s50.mat,b5df79bb64eb585ff01eb77cc176c9a02964c564dd40a4eeec7764b510950d40,316415,Cho2017,Q15-E006,BROAD_EEGNET,20260926,0.9910627603530884,0.008937186561524868,1
s50_1_retained_2_t090,50,1,retained_labeled_MI,2,s50.mat,b5df79bb64eb585ff01eb77cc176c9a02964c564dd40a4eeec7764b510950d40,319999,Cho2017,Q15-E006,BROAD_EEGNET,20260926,0.9998668432235718,0.00013312112423591316,1
s50_1_retained_2_t091,50,1,retained_labeled_MI,2,s50.mat,b5df79bb64eb585ff01eb77cc176c9a02964c564dd40a4eeec7764b510950d40,323583,Cho2017,Q15-E006,BROAD_EEGNET,20260926,0.999148964881897,0.0008510593906976283,1
s50_1_retained_2_t092,50,1,retained_labeled_MI,2,s50.mat,b5df79bb64eb585ff01eb77cc176c9a02964c564dd40a4eeec7764b510950d40,327167,Cho2017,Q15-E006,BROAD_EEGNET,20260926,0.9993849992752075,0.0006149628898128867,1
s50_1_retained_2_t093,50,1,retained_labeled_MI,2,s50.mat,b5df79bb64eb585ff01eb77cc176c9a02964c564dd40a4eeec7764b510950d40,330751,Cho2017,Q15-E006,BROAD_EEGNET,20260926,0.2667429745197296,0.733256995677948,2
s50_1_retained_2_t094,50,1,retained_labeled_MI,2,s50.mat,b5df79bb64eb585ff01eb77cc176c9a02964c564dd40a4eeec7764b510950d40,334335,Cho2017,Q15-E006,BROAD_EEGNET,20260926,0.11996431648731232,0.8800357580184937,2
s50_1_retained_2_t095,50,1,retained_labeled_MI,2,s50.mat,b5df79bb64eb585ff01eb77cc176c9a02964c564dd40a4eeec7764b510950d40,337919,Cho2017,Q15-E006,BROAD_EEGNET,20260926,0.9999983310699463,1.7018379594446742e-06,1
s50_1_retained_2_t096,50,1,retained_labeled_MI,2,s50.mat,b5df79bb64eb585ff01eb77cc176c9a02964c564dd40a4eeec7764b510950d40,341503,Cho2017,Q15-E006,BROAD_EEGNET,20260926,0.9883012175559998,0.011698774993419647,1
s50_1_retained_2_t097,50,1,retained_labeled_MI,2,s50.mat,b5df79bb64eb585ff01eb77cc176c9a02964c564dd40a4eeec7764b510950d40,345087,Cho2017,Q15-E006,BROAD_EEGNET,20260926,0.9996503591537476,0.0003496043791528791,1
s50_1_retained_2_t098,50,1,retained_labeled_MI,2,s50.mat,b5df79bb64eb585ff01eb77cc176c9a02964c564dd40a4eeec7764b510950d40,348671,Cho2017,Q15-E006,BROAD_EEGNET,20260926,0.9999039173126221,9.606127423467115e-05,1
s50_1_retained_2_t099,50,1,retained_labeled_MI,2,s50.mat,b5df79bb64eb585ff01eb77cc176c9a02964c564dd40a4eeec7764b510950d40,352255,Cho2017,Q15-E006,BROAD_EEGNET,20260926,1.3373826845963777e-07,0.9999998807907104,2
s50_1_retained_2_t100,50,1,retained_labeled_MI,2,s50.mat,b5df79bb64eb585ff01eb77cc176c9a02964c564dd40a4eeec7764b510950d40,355839,Cho2017,Q15-E006,BROAD_EEGNET,20260926,0.9829233288764954,0.017076615244150162,1
s50_1_retained_1_t001,50,1,retained_labeled_MI,1,s50.mat,b5df79bb64eb585ff01eb77cc176c9a02964c564dd40a4eeec7764b510950d40,1023,Cho2017,Q15-E006,MU_BETA_SHARED,20260924,8.185455351722437e-13,1.0,2
s50_1_retained_1_t002,50,1,retained_labeled_MI,1,s50.mat,b5df79bb64eb585ff01eb77cc176c9a02964c564dd40a4eeec7764b510950d40,4607,Cho2017,Q15-E006,MU_BETA_SHARED,20260924,9.205471352698481e-17,1.0,2
s50_1_retained_1_t003,50,1,retained_labeled_MI,1,s50.mat,b5df79bb64eb585ff01eb77cc176c9a02964c564dd40a4eeec7764b510950d40,8191,Cho2017,Q15-E006,MU_BETA_SHARED,20260924,1.4833895223276272e-10,1.0,2
s50_1_retained_1_t004,50,1,retained_labeled_MI,1,s50.mat,b5df79bb64eb585ff01eb77cc176c9a02964c564dd40a4eeec7764b510950d40,11775,Cho2017,Q15-E006,MU_BETA_SHARED,20260924,2.9629102893524263e-19,1.0,2
s50_1_retained_1_t005,50,1,retained_labeled_MI,1,s50.mat,b5df79bb64eb585ff01eb77cc176c9a02964c564dd40a4eeec7764b510950d40,15359,Cho2017,Q15-E006,MU_BETA_SHARED,20260924,2.3197180670056655e-23,1.0,2
s50_1_retained_1_t006,50,1,retained_labeled_MI,1,s50.mat,b5df79bb64eb585ff01eb77cc176c9a02964c564dd40a4eeec7764b510950d40,18943,Cho2017,Q15-E006,MU_BETA_SHARED,20260924,9.075136753189383e-10,1.0,2
s50_1_retained_1_t007,50,1,retained_labeled_MI,1,s50.mat,b5df79bb64eb585ff01eb77cc176c9a02964c564dd40a4eeec7764b510950d40,22527,Cho2017,Q15-E006,MU_BETA_SHARED,20260924,6.975227062611111e-09,1.0,2
s50_1_retained_1_t008,50,1,retained_labeled_MI,1,s50.mat,b5df79bb64eb585ff01eb77cc176c9a02964c564dd40a4eeec7764b510950d40,26111,Cho2017,Q15-E006,MU_BETA_SHARED,20260924,1.3360291415687247e-18,1.0,2
s50_1_retained_1_t009,50,1,retained_labeled_MI,1,s50.mat,b5df79bb64eb585ff01eb77cc176c9a02964c564dd40a4eeec7764b510950d40,29695,Cho2017,Q15-E006,MU_BETA_SHARED,20260924,4.775790765458587e-13,1.0,2
s50_1_retained_1_t010,50,1,retained_labeled_MI,1,s50.mat,b5df79bb64eb585ff01eb77cc176c9a02964c564dd40a4eeec7764b510950d40,33279,Cho2017,Q15-E006,MU_BETA_SHARED,20260924,1.6390827624408375e-15,1.0,2
s50_1_retained_1_t011,50,1,retained_labeled_MI,1,s50.mat,b5df79bb64eb585ff01eb77cc176c9a02964c564dd40a4eeec7764b510950d40,36863,Cho2017,Q15-E006,MU_BETA_SHARED,20260924,1.1171545665477794e-18,1.0,2
s50_1_retained_1_t012,50,1,retained_labeled_MI,1,s50.mat,b5df79bb64eb585ff01eb77cc176c9a02964c564dd40a4eeec7764b510950d40,40447,Cho2017,Q15-E006,MU_BETA_SHARED,20260924,8.634932759886087e-21,1.0,2
s50_1_retained_1_t013,50,1,retained_labeled_MI,1,s50.mat,b5df79bb64eb585ff01eb77cc176c9a02964c564dd40a4eeec7764b510950d40,44031,Cho2017,Q15-E006,MU_BETA_SHARED,20260924,1.2915408825478822e-16,1.0,2
s50_1_retained_1_t014,50,1,retained_labeled_MI,1,s50.mat,b5df79bb64eb585ff01eb77cc176c9a02964c564dd40a4eeec7764b510950d40,47615,Cho2017,Q15-E006,MU_BETA_SHARED,20260924,5.50241451488619e-26,1.0,2
s50_1_retained_1_t015,50,1,retained_labeled_MI,1,s50.mat,b5df79bb64eb585ff01eb77cc176c9a02964c564dd40a4eeec7764b510950d40,51199,Cho2017,Q15-E006,MU_BETA_SHARED,20260924,2.798855765206998e-12,1.0,2
s50_1_retained_1_t016,50,1,retained_labeled_MI,1,s50.mat,b5df79bb64eb585ff01eb77cc176c9a02964c564dd40a4eeec7764b510950d40,54783,Cho2017,Q15-E006,MU_BETA_SHARED,20260924,2.7813641736429418e-06,0.9999972581863403,2
s50_1_retained_1_t017,50,1,retained_labeled_MI,1,s50.mat,b5df79bb64eb585ff01eb77cc176c9a02964c564dd40a4eeec7764b510950d40,58367,Cho2017,Q15-E006,MU_BETA_SHARED,20260924,0.00018060655565932393,0.9998194575309753,2
s50_1_retained_1_t018,50,1,retained_labeled_MI,1,s50.mat,b5df79bb64eb585ff01eb77cc176c9a02964c564dd40a4eeec7764b510950d40,61951,Cho2017,Q15-E006,MU_BETA_SHARED,20260924,1.5949998009097584e-14,1.0,2
s50_1_retained_1_t019,50,1,retained_labeled_MI,1,s50.mat,b5df79bb64eb585ff01eb77cc176c9a02964c564dd40a4eeec7764b510950d40,65535,Cho2017,Q15-E006,MU_BETA_SHARED,20260924,7.771048871063613e-08,0.9999998807907104,2
s50_1_retained_1_t020,50,1,retained_labeled_MI,1,s50.mat,b5df79bb64eb585ff01eb77cc176c9a02964c564dd40a4eeec7764b510950d40,69119,Cho2017,Q15-E006,MU_BETA_SHARED,20260924,9.733368624975647e-12,1.0,2
s50_1_retained_1_t021,50,1,retained_labeled_MI,1,s50.mat,b5df79bb64eb585ff01eb77cc176c9a02964c564dd40a4eeec7764b510950d40,72703,Cho2017,Q15-E006,MU_BETA_SHARED,20260924,2.2942727578856292e-11,1.0,2
s50_1_retained_1_t022,50,1,retained_labeled_MI,1,s50.mat,b5df79bb64eb585ff01eb77cc176c9a02964c564dd40a4eeec7764b510950d40,76287,Cho2017,Q15-E006,MU_BETA_SHARED,20260924,5.895809887055e-16,1.0,2
s50_1_retained_1_t023,50,1,retained_labeled_MI,1,s50.mat,b5df79bb64eb585ff01eb77cc176c9a02964c564dd40a4eeec7764b510950d40,79871,Cho2017,Q15-E006,MU_BETA_SHARED,20260924,3.130950106074517e-26,1.0,2
s50_1_retained_1_t024,50,1,retained_labeled_MI,1,s50.mat,b5df79bb64eb585ff01eb77cc176c9a02964c564dd40a4eeec7764b510950d40,83455,Cho2017,Q15-E006,MU_BETA_SHARED,20260924,6.93768029691455e-08,0.9999998807907104,2
s50_1_retained_1_t025,50,1,retained_labeled_MI,1,s50.mat,b5df79bb64eb585ff01eb77cc176c9a02964c564dd40a4eeec7764b510950d40,87039,Cho2017,Q15-E006,MU_BETA_SHARED,20260924,8.090895953216659e-09,1.0,2
s50_1_retained_1_t026,50,1,retained_labeled_MI,1,s50.mat,b5df79bb64eb585ff01eb77cc176c9a02964c564dd40a4eeec7764b510950d40,90623,Cho2017,Q15-E006,MU_BETA_SHARED,20260924,5.1112632348804254e-08,1.0,2
s50_1_retained_1_t027,50,1,retained_labeled_MI,1,s50.mat,b5df79bb64eb585ff01eb77cc176c9a02964c564dd40a4eeec7764b510950d40,94207,Cho2017,Q15-E006,MU_BETA_SHARED,20260924,4.4708565837936476e-05,0.9999552965164185,2
s50_1_retained_1_t028,50,1,retained_labeled_MI,1,s50.mat,b5df79bb64eb585ff01eb77cc176c9a02964c564dd40a4eeec7764b510950d40,97791,Cho2017,Q15-E006,MU_BETA_SHARED,20260924,1.5064685610077788e-13,1.0,2
s50_1_retained_1_t029,50,1,retained_labeled_MI,1,s50.mat,b5df79bb64eb585ff01eb77cc176c9a02964c564dd40a4eeec7764b510950d40,101375,Cho2017,Q15-E006,MU_BETA_SHARED,20260924,9.74696235181427e-13,1.0,2
s50_1_retained_1_t030,50,1,retained_labeled_MI,1,s50.mat,b5df79bb64eb585ff01eb77cc176c9a02964c564dd40a4eeec7764b510950d40,104959,Cho2017,Q15-E006,MU_BETA_SHARED,20260924,7.3584016276414e-21,1.0,2
s50_1_retained_1_t031,50,1,retained_labeled_MI,1,s50.mat,b5df79bb64eb585ff01eb77cc176c9a02964c564dd40a4eeec7764b510950d40,108543,Cho2017,Q15-E006,MU_BETA_SHARED,20260924,1.604585821851634e-12,1.0,2
s50_1_retained_1_t032,50,1,retained_labeled_MI,1,s50.mat,b5df79bb64eb585ff01eb77cc176c9a02964c564dd40a4eeec7764b510950d40,112127,Cho2017,Q15-E006,MU_BETA_SHARED,20260924,0.0011689967941492796,0.9988309741020203,2
s50_1_retained_1_t033,50,1,retained_labeled_MI,1,s50.mat,b5df79bb64eb585ff01eb77cc176c9a02964c564dd40a4eeec7764b510950d40,115711,Cho2017,Q15-E006,MU_BETA_SHARED,20260924,4.438392977590411e-07,0.9999995231628418,2
s50_1_retained_1_t034,50,1,retained_labeled_MI,1,s50.mat,b5df79bb64eb585ff01eb77cc176c9a02964c564dd40a4eeec7764b510950d40,119295,Cho2017,Q15-E006,MU_BETA_SHARED,20260924,5.337547244466112e-12,1.0,2
s50_1_retained_1_t035,50,1,retained_labeled_MI,1,s50.mat,b5df79bb64eb585ff01eb77cc176c9a02964c564dd40a4eeec7764b510950d40,122879,Cho2017,Q15-E006,MU_BETA_SHARED,20260924,5.075759257344714e-10,1.0,2
s50_1_retained_1_t036,50,1,retained_labeled_MI,1,s50.mat,b5df79bb64eb585ff01eb77cc176c9a02964c564dd40a4eeec7764b510950d40,126463,Cho2017,Q15-E006,MU_BETA_SHARED,20260924,5.6403026974294335e-05,0.9999436140060425,2
s50_1_retained_1_t037,50,1,retained_labeled_MI,1,s50.mat,b5df79bb64eb585ff01eb77cc176c9a02964c564dd40a4eeec7764b510950d40,130047,Cho2017,Q15-E006,MU_BETA_SHARED,20260924,4.4680946302833036e-05,0.9999552965164185,2
s50_1_retained_1_t038,50,1,retained_labeled_MI,1,s50.mat,b5df79bb64eb585ff01eb77cc176c9a02964c564dd40a4eeec7764b510950d40,133631,Cho2017,Q15-E006,MU_BETA_SHARED,20260924,7.061342574949086e-16,1.0,2
s50_1_retained_1_t039,50,1,retained_labeled_MI,1,s50.mat,b5df79bb64eb585ff01eb77cc176c9a02964c564dd40a4eeec7764b510950d40,137215,Cho2017,Q15-E006,MU_BETA_SHARED,20260924,4.7818545997890816e-12,1.0,2
s50_1_retained_1_t040,50,1,retained_labeled_MI,1,s50.mat,b5df79bb64eb585ff01eb77cc176c9a02964c564dd40a4eeec7764b510950d40,140799,Cho2017,Q15-E006,MU_BETA_SHARED,20260924,3.715849513936248e-14,1.0,2
s50_1_retained_1_t041,50,1,retained_labeled_MI,1,s50.mat,b5df79bb64eb585ff01eb77cc176c9a02964c564dd40a4eeec7764b510950d40,144383,Cho2017,Q15-E006,MU_BETA_SHARED,20260924,8.974183439783666e-21,1.0,2
s50_1_retained_1_t042,50,1,retained_labeled_MI,1,s50.mat,b5df79bb64eb585ff01eb77cc176c9a02964c564dd40a4eeec7764b510950d40,147967,Cho2017,Q15-E006,MU_BETA_SHARED,20260924,2.521245731579804e-19,1.0,2
s50_1_retained_1_t043,50,1,retained_labeled_MI,1,s50.mat,b5df79bb64eb585ff01eb77cc176c9a02964c564dd40a4eeec7764b510950d40,151551,Cho2017,Q15-E006,MU_BETA_SHARED,20260924,5.41502902989525e-23,1.0,2
s50_1_retained_1_t044,50,1,retained_labeled_MI,1,s50.mat,b5df79bb64eb585ff01eb77cc176c9a02964c564dd40a4eeec7764b510950d40,155135,Cho2017,Q15-E006,MU_BETA_SHARED,20260924,3.907173974914119e-18,1.0,2
s50_1_retained_1_t045,50,1,retained_labeled_MI,1,s50.mat,b5df79bb64eb585ff01eb77cc176c9a02964c564dd40a4eeec7764b510950d40,158719,Cho2017,Q15-E006,MU_BETA_SHARED,20260924,1.5291727126725596e-18,1.0,2
s50_1_retained_1_t046,50,1,retained_labeled_MI,1,s50.mat,b5df79bb64eb585ff01eb77cc176c9a02964c564dd40a4eeec7764b510950d40,162303,Cho2017,Q15-E006,MU_BETA_SHARED,20260924,1.215555145036475e-17,1.0,2
s50_1_retained_1_t047,50,1,retained_labeled_MI,1,s50.mat,b5df79bb64eb585ff01eb77cc176c9a02964c564dd40a4eeec7764b510950d40,165887,Cho2017,Q15-E006,MU_BETA_SHARED,20260924,1.8687748813225747e-21,1.0,2
s50_1_retained_1_t048,50,1,retained_labeled_MI,1,s50.mat,b5df79bb64eb585ff01eb77cc176c9a02964c564dd40a4eeec7764b510950d40,169471,Cho2017,Q15-E006,MU_BETA_SHARED,20260924,4.394375807684763e-19,1.0,2
s50_1_retained_1_t049,50,1,retained_labeled_MI,1,s50.mat,b5df79bb64eb585ff01eb77cc176c9a02964c564dd40a4eeec7764b510950d40,173055,Cho2017,Q15-E006,MU_BETA_SHARED,20260924,4.3369363859490806e-20,1.0,2
s50_1_retained_1_t050,50,1,retained_labeled_MI,1,s50.mat,b5df79bb64eb585ff01eb77cc176c9a02964c564dd40a4eeec7764b510950d40,176639,Cho2017,Q15-E006,MU_BETA_SHARED,20260924,3.66541384642065e-25,1.0,2
s50_1_retained_1_t051,50,1,retained_labeled_MI,1,s50.mat,b5df79bb64eb585ff01eb77cc176c9a02964c564dd40a4eeec7764b510950d40,180223,Cho2017,Q15-E006,MU_BETA_SHARED,20260924,1.2499279116080801e-18,1.0,2
s50_1_retained_1_t052,50,1,retained_labeled_MI,1,s50.mat,b5df79bb64eb585ff01eb77cc176c9a02964c564dd40a4eeec7764b510950d40,183807,Cho2017,Q15-E006,MU_BETA_SHARED,20260924,8.999714951822506e-38,1.0,2
s50_1_retained_1_t053,50,1,retained_labeled_MI,1,s50.mat,b5df79bb64eb585ff01eb77cc176c9a02964c564dd40a4eeec7764b510950d40,187391,Cho2017,Q15-E006,MU_BETA_SHARED,20260924,1.3465695267546925e-14,1.0,2
s50_1_retained_1_t054,50,1,retained_labeled_MI,1,s50.mat,b5df79bb64eb585ff01eb77cc176c9a02964c564dd40a4eeec7764b510950d40,190975,Cho2017,Q15-E006,MU_BETA_SHARED,20260924,7.008996013255026e-20,1.0,2
s50_1_retained_1_t055,50,1,retained_labeled_MI,1,s50.mat,b5df79bb64eb585ff01eb77cc176c9a02964c564dd40a4eeec7764b510950d40,194559,Cho2017,Q15-E006,MU_BETA_SHARED,20260924,2.050877696358862e-18,1.0,2
s50_1_retained_1_t056,50,1,retained_labeled_MI,1,s50.mat,b5df79bb64eb585ff01eb77cc176c9a02964c564dd40a4eeec7764b510950d40,198143,Cho2017,Q15-E006,MU_BETA_SHARED,20260924,9.305452935981506e-11,1.0,2
s50_1_retained_1_t057,50,1,retained_labeled_MI,1,s50.mat,b5df79bb64eb585ff01eb77cc176c9a02964c564dd40a4eeec7764b510950d40,201727,Cho2017,Q15-E006,MU_BETA_SHARED,20260924,7.793265588418308e-09,1.0,2
s50_1_retained_1_t058,50,1,retained_labeled_MI,1,s50.mat,b5df79bb64eb585ff01eb77cc176c9a02964c564dd40a4eeec7764b510950d40,205311,Cho2017,Q15-E006,MU_BETA_SHARED,20260924,1.831732571239066e-16,1.0,2
s50_1_retained_1_t059,50,1,retained_labeled_MI,1,s50.mat,b5df79bb64eb585ff01eb77cc176c9a02964c564dd40a4eeec7764b510950d40,208895,Cho2017,Q15-E006,MU_BETA_SHARED,20260924,2.826427141649785e-14,1.0,2
s50_1_retained_1_t060,50,1,retained_labeled_MI,1,s50.mat,b5df79bb64eb585ff01eb77cc176c9a02964c564dd40a4eeec7764b510950d40,212479,Cho2017,Q15-E006,MU_BETA_SHARED,20260924,1.2927067185794505e-12,1.0,2
s50_1_retained_1_t061,50,1,retained_labeled_MI,1,s50.mat,b5df79bb64eb585ff01eb77cc176c9a02964c564dd40a4eeec7764b510950d40,216063,Cho2017,Q15-E006,MU_BETA_SHARED,20260924,1.6486969463811764e-14,1.0,2
s50_1_retained_1_t062,50,1,retained_labeled_MI,1,s50.mat,b5df79bb64eb585ff01eb77cc176c9a02964c564dd40a4eeec7764b510950d40,219647,Cho2017,Q15-E006,MU_BETA_SHARED,20260924,2.0606411159239787e-18,1.0,2
s50_1_retained_1_t063,50,1,retained_labeled_MI,1,s50.mat,b5df79bb64eb585ff01eb77cc176c9a02964c564dd40a4eeec7764b510950d40,223231,Cho2017,Q15-E006,MU_BETA_SHARED,20260924,9.911400505579319e-23,1.0,2
s50_1_retained_1_t064,50,1,retained_labeled_MI,1,s50.mat,b5df79bb64eb585ff01eb77cc176c9a02964c564dd40a4eeec7764b510950d40,226815,Cho2017,Q15-E006,MU_BETA_SHARED,20260924,7.238329253145938e-20,1.0,2
s50_1_retained_1_t065,50,1,retained_labeled_MI,1,s50.mat,b5df79bb64eb585ff01eb77cc176c9a02964c564dd40a4eeec7764b510950d40,230399,Cho2017,Q15-E006,MU_BETA_SHARED,20260924,6.559279627701024e-18,1.0,2
s50_1_retained_1_t066,50,1,retained_labeled_MI,1,s50.mat,b5df79bb64eb585ff01eb77cc176c9a02964c564dd40a4eeec7764b510950d40,233983,Cho2017,Q15-E006,MU_BETA_SHARED,20260924,1.0094900609880497e-11,1.0,2
s50_1_retained_1_t067,50,1,retained_labeled_MI,1,s50.mat,b5df79bb64eb585ff01eb77cc176c9a02964c564dd40a4eeec7764b510950d40,237567,Cho2017,Q15-E006,MU_BETA_SHARED,20260924,4.779102163474122e-19,1.0,2
s50_1_retained_1_t068,50,1,retained_labeled_MI,1,s50.mat,b5df79bb64eb585ff01eb77cc176c9a02964c564dd40a4eeec7764b510950d40,241151,Cho2017,Q15-E006,MU_BETA_SHARED,20260924,2.6416427360954978e-23,1.0,2
s50_1_retained_1_t069,50,1,retained_labeled_MI,1,s50.mat,b5df79bb64eb585ff01eb77cc176c9a02964c564dd40a4eeec7764b510950d40,244735,Cho2017,Q15-E006,MU_BETA_SHARED,20260924,1.4892604429392678e-14,1.0,2
s50_1_retained_1_t070,50,1,retained_labeled_MI,1,s50.mat,b5df79bb64eb585ff01eb77cc176c9a02964c564dd40a4eeec7764b510950d40,248319,Cho2017,Q15-E006,MU_BETA_SHARED,20260924,5.222401753328886e-16,1.0,2
s50_1_retained_1_t071,50,1,retained_labeled_MI,1,s50.mat,b5df79bb64eb585ff01eb77cc176c9a02964c564dd40a4eeec7764b510950d40,251903,Cho2017,Q15-E006,MU_BETA_SHARED,20260924,1.6052514087412055e-18,1.0,2
s50_1_retained_1_t072,50,1,retained_labeled_MI,1,s50.mat,b5df79bb64eb585ff01eb77cc176c9a02964c564dd40a4eeec7764b510950d40,255487,Cho2017,Q15-E006,MU_BETA_SHARED,20260924,1.55936686496716e-06,0.9999984502792358,2
s50_1_retained_1_t073,50,1,retained_labeled_MI,1,s50.mat,b5df79bb64eb585ff01eb77cc176c9a02964c564dd40a4eeec7764b510950d40,259071,Cho2017,Q15-E006,MU_BETA_SHARED,20260924,7.071934489192824e-24,1.0,2
s50_1_retained_1_t074,50,1,retained_labeled_MI,1,s50.mat,b5df79bb64eb585ff01eb77cc176c9a02964c564dd40a4eeec7764b510950d40,262655,Cho2017,Q15-E006,MU_BETA_SHARED,20260924,9.204621786995659e-11,1.0,2
s50_1_retained_1_t075,50,1,retained_labeled_MI,1,s50.mat,b5df79bb64eb585ff01eb77cc176c9a02964c564dd40a4eeec7764b510950d40,266239,Cho2017,Q15-E006,MU_BETA_SHARED,20260924,6.09516187521919e-11,1.0,2
s50_1_retained_1_t076,50,1,retained_labeled_MI,1,s50.mat,b5df79bb64eb585ff01eb77cc176c9a02964c564dd40a4eeec7764b510950d40,269823,Cho2017,Q15-E006,MU_BETA_SHARED,20260924,4.520122770429308e-19,1.0,2
s50_1_retained_1_t077,50,1,retained_labeled_MI,1,s50.mat,b5df79bb64eb585ff01eb77cc176c9a02964c564dd40a4eeec7764b510950d40,273407,Cho2017,Q15-E006,MU_BETA_SHARED,20260924,5.57252191631368e-19,1.0,2
s50_1_retained_1_t078,50,1,retained_labeled_MI,1,s50.mat,b5df79bb64eb585ff01eb77cc176c9a02964c564dd40a4eeec7764b510950d40,276991,Cho2017,Q15-E006,MU_BETA_SHARED,20260924,3.402422212574559e-22,1.0,2
s50_1_retained_1_t079,50,1,retained_labeled_MI,1,s50.mat,b5df79bb64eb585ff01eb77cc176c9a02964c564dd40a4eeec7764b510950d40,280575,Cho2017,Q15-E006,MU_BETA_SHARED,20260924,4.8458797264065885e-15,1.0,2
s50_1_retained_1_t080,50,1,retained_labeled_MI,1,s50.mat,b5df79bb64eb585ff01eb77cc176c9a02964c564dd40a4eeec7764b510950d40,284159,Cho2017,Q15-E006,MU_BETA_SHARED,20260924,1.3888145996089393e-20,1.0,2
s50_1_retained_1_t081,50,1,retained_labeled_MI,1,s50.mat,b5df79bb64eb585ff01eb77cc176c9a02964c564dd40a4eeec7764b510950d40,287743,Cho2017,Q15-E006,MU_BETA_SHARED,20260924,2.1886997422781995e-12,1.0,2
s50_1_retained_1_t082,50,1,retained_labeled_MI,1,s50.mat,b5df79bb64eb585ff01eb77cc176c9a02964c564dd40a4eeec7764b510950d40,291327,Cho2017,Q15-E006,MU_BETA_SHARED,20260924,6.088485398009222e-17,1.0,2
s50_1_retained_1_t083,50,1,retained_labeled_MI,1,s50.mat,b5df79bb64eb585ff01eb77cc176c9a02964c564dd40a4eeec7764b510950d40,294911,Cho2017,Q15-E006,MU_BETA_SHARED,20260924,1.0230009249651353e-13,1.0,2
s50_1_retained_1_t084,50,1,retained_labeled_MI,1,s50.mat,b5df79bb64eb585ff01eb77cc176c9a02964c564dd40a4eeec7764b510950d40,298495,Cho2017,Q15-E006,MU_BETA_SHARED,20260924,7.602245055693402e-09,1.0,2
s50_1_retained_1_t085,50,1,retained_labeled_MI,1,s50.mat,b5df79bb64eb585ff01eb77cc176c9a02964c564dd40a4eeec7764b510950d40,302079,Cho2017,Q15-E006,MU_BETA_SHARED,20260924,1.5083749076438835e-06,0.9999984502792358,2
s50_1_retained_1_t086,50,1,retained_labeled_MI,1,s50.mat,b5df79bb64eb585ff01eb77cc176c9a02964c564dd40a4eeec7764b510950d40,305663,Cho2017,Q15-E006,MU_BETA_SHARED,20260924,2.6982216916500434e-13,1.0,2
s50_1_retained_1_t087,50,1,retained_labeled_MI,1,s50.mat,b5df79bb64eb585ff01eb77cc176c9a02964c564dd40a4eeec7764b510950d40,309247,Cho2017,Q15-E006,MU_BETA_SHARED,20260924,0.0036196382716298103,0.9963803887367249,2
s50_1_retained_1_t088,50,1,retained_labeled_MI,1,s50.mat,b5df79bb64eb585ff01eb77cc176c9a02964c564dd40a4eeec7764b510950d40,312831,Cho2017,Q15-E006,MU_BETA_SHARED,20260924,2.5904340873239562e-05,0.9999741315841675,2
s50_1_retained_1_t089,50,1,retained_labeled_MI,1,s50.mat,b5df79bb64eb585ff01eb77cc176c9a02964c564dd40a4eeec7764b510950d40,316415,Cho2017,Q15-E006,MU_BETA_SHARED,20260924,9.255652893216276e-16,1.0,2
s50_1_retained_1_t090,50,1,retained_labeled_MI,1,s50.mat,b5df79bb64eb585ff01eb77cc176c9a02964c564dd40a4eeec7764b510950d40,319999,Cho2017,Q15-E006,MU_BETA_SHARED,20260924,2.754998039053956e-14,1.0,2
s50_1_retained_1_t091,50,1,retained_labeled_MI,1,s50.mat,b5df79bb64eb585ff01eb77cc176c9a02964c564dd40a4eeec7764b510950d40,323583,Cho2017,Q15-E006,MU_BETA_SHARED,20260924,1.018783990502925e-08,1.0,2
s50_1_retained_1_t092,50,1,retained_labeled_MI,1,s50.mat,b5df79bb64eb585ff01eb77cc176c9a02964c564dd40a4eeec7764b510950d40,327167,Cho2017,Q15-E006,MU_BETA_SHARED,20260924,2.5464887143389348e-11,1.0,2
s50_1_retained_1_t093,50,1,retained_labeled_MI,1,s50.mat,b5df79bb64eb585ff01eb77cc176c9a02964c564dd40a4eeec7764b510950d40,330751,Cho2017,Q15-E006,MU_BETA_SHARED,20260924,1.4405744877876714e-05,0.9999855756759644,2
s50_1_retained_1_t094,50,1,retained_labeled_MI,1,s50.mat,b5df79bb64eb585ff01eb77cc176c9a02964c564dd40a4eeec7764b510950d40,334335,Cho2017,Q15-E006,MU_BETA_SHARED,20260924,3.105593626246485e-16,1.0,2
s50_1_retained_1_t095,50,1,retained_labeled_MI,1,s50.mat,b5df79bb64eb585ff01eb77cc176c9a02964c564dd40a4eeec7764b510950d40,337919,Cho2017,Q15-E006,MU_BETA_SHARED,20260924,4.17807683320893e-16,1.0,2
s50_1_retained_1_t096,50,1,retained_labeled_MI,1,s50.mat,b5df79bb64eb585ff01eb77cc176c9a02964c564dd40a4eeec7764b510950d40,341503,Cho2017,Q15-E006,MU_BETA_SHARED,20260924,6.007761754744934e-08,0.9999998807907104,2
s50_1_retained_1_t097,50,1,retained_labeled_MI,1,s50.mat,b5df79bb64eb585ff01eb77cc176c9a02964c564dd40a4eeec7764b510950d40,345087,Cho2017,Q15-E006,MU_BETA_SHARED,20260924,3.4979042774253843e-13,1.0,2
s50_1_retained_1_t098,50,1,retained_labeled_MI,1,s50.mat,b5df79bb64eb585ff01eb77cc176c9a02964c564dd40a4eeec7764b510950d40,348671,Cho2017,Q15-E006,MU_BETA_SHARED,20260924,2.2567686386310015e-08,1.0,2
s50_1_retained_1_t099,50,1,retained_labeled_MI,1,s50.mat,b5df79bb64eb585ff01eb77cc176c9a02964c564dd40a4eeec7764b510950d40,352255,Cho2017,Q15-E006,MU_BETA_SHARED,20260924,6.457050449881763e-09,1.0,2
s50_1_retained_1_t100,50,1,retained_labeled_MI,1,s50.mat,b5df79bb64eb585ff01eb77cc176c9a02964c564dd40a4eeec7764b510950d40,355839,Cho2017,Q15-E006,MU_BETA_SHARED,20260924,7.44191492284274e-14,1.0,2
s50_1_retained_2_t001,50,1,retained_labeled_MI,2,s50.mat,b5df79bb64eb585ff01eb77cc176c9a02964c564dd40a4eeec7764b510950d40,1023,Cho2017,Q15-E006,MU_BETA_SHARED,20260924,3.5756914790185945e-11,1.0,2
s50_1_retained_2_t002,50,1,retained_labeled_MI,2,s50.mat,b5df79bb64eb585ff01eb77cc176c9a02964c564dd40a4eeec7764b510950d40,4607,Cho2017,Q15-E006,MU_BETA_SHARED,20260924,1.089856598207158e-19,1.0,2
s50_1_retained_2_t003,50,1,retained_labeled_MI,2,s50.mat,b5df79bb64eb585ff01eb77cc176c9a02964c564dd40a4eeec7764b510950d40,8191,Cho2017,Q15-E006,MU_BETA_SHARED,20260924,5.90080473446584e-16,1.0,2
s50_1_retained_2_t004,50,1,retained_labeled_MI,2,s50.mat,b5df79bb64eb585ff01eb77cc176c9a02964c564dd40a4eeec7764b510950d40,11775,Cho2017,Q15-E006,MU_BETA_SHARED,20260924,1.606313492931292e-15,1.0,2
s50_1_retained_2_t005,50,1,retained_labeled_MI,2,s50.mat,b5df79bb64eb585ff01eb77cc176c9a02964c564dd40a4eeec7764b510950d40,15359,Cho2017,Q15-E006,MU_BETA_SHARED,20260924,1.1408927372728848e-19,1.0,2
s50_1_retained_2_t006,50,1,retained_labeled_MI,2,s50.mat,b5df79bb64eb585ff01eb77cc176c9a02964c564dd40a4eeec7764b510950d40,18943,Cho2017,Q15-E006,MU_BETA_SHARED,20260924,3.907715264054736e-23,1.0,2
s50_1_retained_2_t007,50,1,retained_labeled_MI,2,s50.mat,b5df79bb64eb585ff01eb77cc176c9a02964c564dd40a4eeec7764b510950d40,22527,Cho2017,Q15-E006,MU_BETA_SHARED,20260924,3.5062114360959716e-29,1.0,2
s50_1_retained_2_t008,50,1,retained_labeled_MI,2,s50.mat,b5df79bb64eb585ff01eb77cc176c9a02964c564dd40a4eeec7764b510950d40,26111,Cho2017,Q15-E006,MU_BETA_SHARED,20260924,4.426585182625909e-16,1.0,2
s50_1_retained_2_t009,50,1,retained_labeled_MI,2,s50.mat,b5df79bb64eb585ff01eb77cc176c9a02964c564dd40a4eeec7764b510950d40,29695,Cho2017,Q15-E006,MU_BETA_SHARED,20260924,4.626902227783565e-14,1.0,2
s50_1_retained_2_t010,50,1,retained_labeled_MI,2,s50.mat,b5df79bb64eb585ff01eb77cc176c9a02964c564dd40a4eeec7764b510950d40,33279,Cho2017,Q15-E006,MU_BETA_SHARED,20260924,3.127034555110311e-19,1.0,2
s50_1_retained_2_t011,50,1,retained_labeled_MI,2,s50.mat,b5df79bb64eb585ff01eb77cc176c9a02964c564dd40a4eeec7764b510950d40,36863,Cho2017,Q15-E006,MU_BETA_SHARED,20260924,7.324310306171288e-16,1.0,2
s50_1_retained_2_t012,50,1,retained_labeled_MI,2,s50.mat,b5df79bb64eb585ff01eb77cc176c9a02964c564dd40a4eeec7764b510950d40,40447,Cho2017,Q15-E006,MU_BETA_SHARED,20260924,1.2105793434592388e-19,1.0,2
s50_1_retained_2_t013,50,1,retained_labeled_MI,2,s50.mat,b5df79bb64eb585ff01eb77cc176c9a02964c564dd40a4eeec7764b510950d40,44031,Cho2017,Q15-E006,MU_BETA_SHARED,20260924,4.515227929154526e-19,1.0,2
s50_1_retained_2_t014,50,1,retained_labeled_MI,2,s50.mat,b5df79bb64eb585ff01eb77cc176c9a02964c564dd40a4eeec7764b510950d40,47615,Cho2017,Q15-E006,MU_BETA_SHARED,20260924,0.0023604354355484247,0.997639536857605,2
s50_1_retained_2_t015,50,1,retained_labeled_MI,2,s50.mat,b5df79bb64eb585ff01eb77cc176c9a02964c564dd40a4eeec7764b510950d40,51199,Cho2017,Q15-E006,MU_BETA_SHARED,20260924,4.667045991125033e-17,1.0,2
s50_1_retained_2_t016,50,1,retained_labeled_MI,2,s50.mat,b5df79bb64eb585ff01eb77cc176c9a02964c564dd40a4eeec7764b510950d40,54783,Cho2017,Q15-E006,MU_BETA_SHARED,20260924,3.7440732314269345e-17,1.0,2
s50_1_retained_2_t017,50,1,retained_labeled_MI,2,s50.mat,b5df79bb64eb585ff01eb77cc176c9a02964c564dd40a4eeec7764b510950d40,58367,Cho2017,Q15-E006,MU_BETA_SHARED,20260924,9.038739878273314e-21,1.0,2
s50_1_retained_2_t018,50,1,retained_labeled_MI,2,s50.mat,b5df79bb64eb585ff01eb77cc176c9a02964c564dd40a4eeec7764b510950d40,61951,Cho2017,Q15-E006,MU_BETA_SHARED,20260924,6.716872717749123e-12,1.0,2
s50_1_retained_2_t019,50,1,retained_labeled_MI,2,s50.mat,b5df79bb64eb585ff01eb77cc176c9a02964c564dd40a4eeec7764b510950d40,65535,Cho2017,Q15-E006,MU_BETA_SHARED,20260924,5.498409505477753e-10,1.0,2
s50_1_retained_2_t020,50,1,retained_labeled_MI,2,s50.mat,b5df79bb64eb585ff01eb77cc176c9a02964c564dd40a4eeec7764b510950d40,69119,Cho2017,Q15-E006,MU_BETA_SHARED,20260924,0.002087183529511094,0.9979128241539001,2
s50_1_retained_2_t021,50,1,retained_labeled_MI,2,s50.mat,b5df79bb64eb585ff01eb77cc176c9a02964c564dd40a4eeec7764b510950d40,72703,Cho2017,Q15-E006,MU_BETA_SHARED,20260924,4.42002120668028e-16,1.0,2
s50_1_retained_2_t022,50,1,retained_labeled_MI,2,s50.mat,b5df79bb64eb585ff01eb77cc176c9a02964c564dd40a4eeec7764b510950d40,76287,Cho2017,Q15-E006,MU_BETA_SHARED,20260924,5.029201360917668e-11,1.0,2
s50_1_retained_2_t023,50,1,retained_labeled_MI,2,s50.mat,b5df79bb64eb585ff01eb77cc176c9a02964c564dd40a4eeec7764b510950d40,79871,Cho2017,Q15-E006,MU_BETA_SHARED,20260924,9.933017440084037e-22,1.0,2
s50_1_retained_2_t024,50,1,retained_labeled_MI,2,s50.mat,b5df79bb64eb585ff01eb77cc176c9a02964c564dd40a4eeec7764b510950d40,83455,Cho2017,Q15-E006,MU_BETA_SHARED,20260924,7.07562047147503e-12,1.0,2
s50_1_retained_2_t025,50,1,retained_labeled_MI,2,s50.mat,b5df79bb64eb585ff01eb77cc176c9a02964c564dd40a4eeec7764b510950d40,87039,Cho2017,Q15-E006,MU_BETA_SHARED,20260924,3.131599580347144e-12,1.0,2
s50_1_retained_2_t026,50,1,retained_labeled_MI,2,s50.mat,b5df79bb64eb585ff01eb77cc176c9a02964c564dd40a4eeec7764b510950d40,90623,Cho2017,Q15-E006,MU_BETA_SHARED,20260924,1.8353556223220483e-16,1.0,2
s50_1_retained_2_t027,50,1,retained_labeled_MI,2,s50.mat,b5df79bb64eb585ff01eb77cc176c9a02964c564dd40a4eeec7764b510950d40,94207,Cho2017,Q15-E006,MU_BETA_SHARED,20260924,1.4714904641999205e-12,1.0,2
s50_1_retained_2_t028,50,1,retained_labeled_MI,2,s50.mat,b5df79bb64eb585ff01eb77cc176c9a02964c564dd40a4eeec7764b510950d40,97791,Cho2017,Q15-E006,MU_BETA_SHARED,20260924,4.46135031586907e-14,1.0,2
s50_1_retained_2_t029,50,1,retained_labeled_MI,2,s50.mat,b5df79bb64eb585ff01eb77cc176c9a02964c564dd40a4eeec7764b510950d40,101375,Cho2017,Q15-E006,MU_BETA_SHARED,20260924,5.229681366235826e-15,1.0,2
s50_1_retained_2_t030,50,1,retained_labeled_MI,2,s50.mat,b5df79bb64eb585ff01eb77cc176c9a02964c564dd40a4eeec7764b510950d40,104959,Cho2017,Q15-E006,MU_BETA_SHARED,20260924,8.615311866959786e-16,1.0,2
s50_1_retained_2_t031,50,1,retained_labeled_MI,2,s50.mat,b5df79bb64eb585ff01eb77cc176c9a02964c564dd40a4eeec7764b510950d40,108543,Cho2017,Q15-E006,MU_BETA_SHARED,20260924,1.6665966160291437e-16,1.0,2
s50_1_retained_2_t032,50,1,retained_labeled_MI,2,s50.mat,b5df79bb64eb585ff01eb77cc176c9a02964c564dd40a4eeec7764b510950d40,112127,Cho2017,Q15-E006,MU_BETA_SHARED,20260924,9.000554641869218e-12,1.0,2
s50_1_retained_2_t033,50,1,retained_labeled_MI,2,s50.mat,b5df79bb64eb585ff01eb77cc176c9a02964c564dd40a4eeec7764b510950d40,115711,Cho2017,Q15-E006,MU_BETA_SHARED,20260924,2.7379394324650308e-12,1.0,2
s50_1_retained_2_t034,50,1,retained_labeled_MI,2,s50.mat,b5df79bb64eb585ff01eb77cc176c9a02964c564dd40a4eeec7764b510950d40,119295,Cho2017,Q15-E006,MU_BETA_SHARED,20260924,1.4084028419070058e-16,1.0,2
s50_1_retained_2_t035,50,1,retained_labeled_MI,2,s50.mat,b5df79bb64eb585ff01eb77cc176c9a02964c564dd40a4eeec7764b510950d40,122879,Cho2017,Q15-E006,MU_BETA_SHARED,20260924,1.8571694182512033e-10,1.0,2
s50_1_retained_2_t036,50,1,retained_labeled_MI,2,s50.mat,b5df79bb64eb585ff01eb77cc176c9a02964c564dd40a4eeec7764b510950d40,126463,Cho2017,Q15-E006,MU_BETA_SHARED,20260924,3.340966612233918e-16,1.0,2
s50_1_retained_2_t037,50,1,retained_labeled_MI,2,s50.mat,b5df79bb64eb585ff01eb77cc176c9a02964c564dd40a4eeec7764b510950d40,130047,Cho2017,Q15-E006,MU_BETA_SHARED,20260924,3.3970555860483864e-13,1.0,2
s50_1_retained_2_t038,50,1,retained_labeled_MI,2,s50.mat,b5df79bb64eb585ff01eb77cc176c9a02964c564dd40a4eeec7764b510950d40,133631,Cho2017,Q15-E006,MU_BETA_SHARED,20260924,5.2180992859973685e-09,1.0,2
s50_1_retained_2_t039,50,1,retained_labeled_MI,2,s50.mat,b5df79bb64eb585ff01eb77cc176c9a02964c564dd40a4eeec7764b510950d40,137215,Cho2017,Q15-E006,MU_BETA_SHARED,20260924,1.8297581505510863e-10,1.0,2
s50_1_retained_2_t040,50,1,retained_labeled_MI,2,s50.mat,b5df79bb64eb585ff01eb77cc176c9a02964c564dd40a4eeec7764b510950d40,140799,Cho2017,Q15-E006,MU_BETA_SHARED,20260924,1.3120873063598992e-06,0.9999986886978149,2
s50_1_retained_2_t041,50,1,retained_labeled_MI,2,s50.mat,b5df79bb64eb585ff01eb77cc176c9a02964c564dd40a4eeec7764b510950d40,144383,Cho2017,Q15-E006,MU_BETA_SHARED,20260924,1.2797154092491506e-18,1.0,2
s50_1_retained_2_t042,50,1,retained_labeled_MI,2,s50.mat,b5df79bb64eb585ff01eb77cc176c9a02964c564dd40a4eeec7764b510950d40,147967,Cho2017,Q15-E006,MU_BETA_SHARED,20260924,2.2424358517416473e-17,1.0,2
s50_1_retained_2_t043,50,1,retained_labeled_MI,2,s50.mat,b5df79bb64eb585ff01eb77cc176c9a02964c564dd40a4eeec7764b510950d40,151551,Cho2017,Q15-E006,MU_BETA_SHARED,20260924,1.8719879812945095e-11,1.0,2
s50_1_retained_2_t044,50,1,retained_labeled_MI,2,s50.mat,b5df79bb64eb585ff01eb77cc176c9a02964c564dd40a4eeec7764b510950d40,155135,Cho2017,Q15-E006,MU_BETA_SHARED,20260924,3.131658947615868e-16,1.0,2
s50_1_retained_2_t045,50,1,retained_labeled_MI,2,s50.mat,b5df79bb64eb585ff01eb77cc176c9a02964c564dd40a4eeec7764b510950d40,158719,Cho2017,Q15-E006,MU_BETA_SHARED,20260924,1.2567557705768225e-17,1.0,2
s50_1_retained_2_t046,50,1,retained_labeled_MI,2,s50.mat,b5df79bb64eb585ff01eb77cc176c9a02964c564dd40a4eeec7764b510950d40,162303,Cho2017,Q15-E006,MU_BETA_SHARED,20260924,2.16796671472818e-20,1.0,2
s50_1_retained_2_t047,50,1,retained_labeled_MI,2,s50.mat,b5df79bb64eb585ff01eb77cc176c9a02964c564dd40a4eeec7764b510950d40,165887,Cho2017,Q15-E006,MU_BETA_SHARED,20260924,8.631924830033403e-16,1.0,2
s50_1_retained_2_t048,50,1,retained_labeled_MI,2,s50.mat,b5df79bb64eb585ff01eb77cc176c9a02964c564dd40a4eeec7764b510950d40,169471,Cho2017,Q15-E006,MU_BETA_SHARED,20260924,6.272444472134864e-23,1.0,2
s50_1_retained_2_t049,50,1,retained_labeled_MI,2,s50.mat,b5df79bb64eb585ff01eb77cc176c9a02964c564dd40a4eeec7764b510950d40,173055,Cho2017,Q15-E006,MU_BETA_SHARED,20260924,5.4821391625963926e-24,1.0,2
s50_1_retained_2_t050,50,1,retained_labeled_MI,2,s50.mat,b5df79bb64eb585ff01eb77cc176c9a02964c564dd40a4eeec7764b510950d40,176639,Cho2017,Q15-E006,MU_BETA_SHARED,20260924,9.119394143396779e-30,1.0,2
s50_1_retained_2_t051,50,1,retained_labeled_MI,2,s50.mat,b5df79bb64eb585ff01eb77cc176c9a02964c564dd40a4eeec7764b510950d40,180223,Cho2017,Q15-E006,MU_BETA_SHARED,20260924,6.116559907999271e-17,1.0,2
s50_1_retained_2_t052,50,1,retained_labeled_MI,2,s50.mat,b5df79bb64eb585ff01eb77cc176c9a02964c564dd40a4eeec7764b510950d40,183807,Cho2017,Q15-E006,MU_BETA_SHARED,20260924,1.3183214678391035e-23,1.0,2
s50_1_retained_2_t053,50,1,retained_labeled_MI,2,s50.mat,b5df79bb64eb585ff01eb77cc176c9a02964c564dd40a4eeec7764b510950d40,187391,Cho2017,Q15-E006,MU_BETA_SHARED,20260924,3.7901858208807444e-18,1.0,2
s50_1_retained_2_t054,50,1,retained_labeled_MI,2,s50.mat,b5df79bb64eb585ff01eb77cc176c9a02964c564dd40a4eeec7764b510950d40,190975,Cho2017,Q15-E006,MU_BETA_SHARED,20260924,1.847133981223556e-24,1.0,2
s50_1_retained_2_t055,50,1,retained_labeled_MI,2,s50.mat,b5df79bb64eb585ff01eb77cc176c9a02964c564dd40a4eeec7764b510950d40,194559,Cho2017,Q15-E006,MU_BETA_SHARED,20260924,4.91160822950476e-13,1.0,2
s50_1_retained_2_t056,50,1,retained_labeled_MI,2,s50.mat,b5df79bb64eb585ff01eb77cc176c9a02964c564dd40a4eeec7764b510950d40,198143,Cho2017,Q15-E006,MU_BETA_SHARED,20260924,7.671034363276874e-10,1.0,2
s50_1_retained_2_t057,50,1,retained_labeled_MI,2,s50.mat,b5df79bb64eb585ff01eb77cc176c9a02964c564dd40a4eeec7764b510950d40,201727,Cho2017,Q15-E006,MU_BETA_SHARED,20260924,3.120760757018698e-15,1.0,2
s50_1_retained_2_t058,50,1,retained_labeled_MI,2,s50.mat,b5df79bb64eb585ff01eb77cc176c9a02964c564dd40a4eeec7764b510950d40,205311,Cho2017,Q15-E006,MU_BETA_SHARED,20260924,4.115959447390801e-21,1.0,2
s50_1_retained_2_t059,50,1,retained_labeled_MI,2,s50.mat,b5df79bb64eb585ff01eb77cc176c9a02964c564dd40a4eeec7764b510950d40,208895,Cho2017,Q15-E006,MU_BETA_SHARED,20260924,1.737102622119055e-13,1.0,2
s50_1_retained_2_t060,50,1,retained_labeled_MI,2,s50.mat,b5df79bb64eb585ff01eb77cc176c9a02964c564dd40a4eeec7764b510950d40,212479,Cho2017,Q15-E006,MU_BETA_SHARED,20260924,7.936517789535261e-14,1.0,2
s50_1_retained_2_t061,50,1,retained_labeled_MI,2,s50.mat,b5df79bb64eb585ff01eb77cc176c9a02964c564dd40a4eeec7764b510950d40,216063,Cho2017,Q15-E006,MU_BETA_SHARED,20260924,2.1368167730700523e-19,1.0,2
s50_1_retained_2_t062,50,1,retained_labeled_MI,2,s50.mat,b5df79bb64eb585ff01eb77cc176c9a02964c564dd40a4eeec7764b510950d40,219647,Cho2017,Q15-E006,MU_BETA_SHARED,20260924,2.402546486206963e-16,1.0,2
s50_1_retained_2_t063,50,1,retained_labeled_MI,2,s50.mat,b5df79bb64eb585ff01eb77cc176c9a02964c564dd40a4eeec7764b510950d40,223231,Cho2017,Q15-E006,MU_BETA_SHARED,20260924,3.738956131245203e-21,1.0,2
s50_1_retained_2_t064,50,1,retained_labeled_MI,2,s50.mat,b5df79bb64eb585ff01eb77cc176c9a02964c564dd40a4eeec7764b510950d40,226815,Cho2017,Q15-E006,MU_BETA_SHARED,20260924,1.1138428811107637e-20,1.0,2
s50_1_retained_2_t065,50,1,retained_labeled_MI,2,s50.mat,b5df79bb64eb585ff01eb77cc176c9a02964c564dd40a4eeec7764b510950d40,230399,Cho2017,Q15-E006,MU_BETA_SHARED,20260924,2.3607149221560597e-12,1.0,2
s50_1_retained_2_t066,50,1,retained_labeled_MI,2,s50.mat,b5df79bb64eb585ff01eb77cc176c9a02964c564dd40a4eeec7764b510950d40,233983,Cho2017,Q15-E006,MU_BETA_SHARED,20260924,1.8633748766471795e-18,1.0,2
s50_1_retained_2_t067,50,1,retained_labeled_MI,2,s50.mat,b5df79bb64eb585ff01eb77cc176c9a02964c564dd40a4eeec7764b510950d40,237567,Cho2017,Q15-E006,MU_BETA_SHARED,20260924,7.401623494857914e-19,1.0,2
s50_1_retained_2_t068,50,1,retained_labeled_MI,2,s50.mat,b5df79bb64eb585ff01eb77cc176c9a02964c564dd40a4eeec7764b510950d40,241151,Cho2017,Q15-E006,MU_BETA_SHARED,20260924,9.709752914154696e-18,1.0,2
s50_1_retained_2_t069,50,1,retained_labeled_MI,2,s50.mat,b5df79bb64eb585ff01eb77cc176c9a02964c564dd40a4eeec7764b510950d40,244735,Cho2017,Q15-E006,MU_BETA_SHARED,20260924,1.6342357222792932e-14,1.0,2
s50_1_retained_2_t070,50,1,retained_labeled_MI,2,s50.mat,b5df79bb64eb585ff01eb77cc176c9a02964c564dd40a4eeec7764b510950d40,248319,Cho2017,Q15-E006,MU_BETA_SHARED,20260924,6.510412899038688e-20,1.0,2
s50_1_retained_2_t071,50,1,retained_labeled_MI,2,s50.mat,b5df79bb64eb585ff01eb77cc176c9a02964c564dd40a4eeec7764b510950d40,251903,Cho2017,Q15-E006,MU_BETA_SHARED,20260924,3.894087946521539e-14,1.0,2
s50_1_retained_2_t072,50,1,retained_labeled_MI,2,s50.mat,b5df79bb64eb585ff01eb77cc176c9a02964c564dd40a4eeec7764b510950d40,255487,Cho2017,Q15-E006,MU_BETA_SHARED,20260924,2.5622725478618904e-16,1.0,2
s50_1_retained_2_t073,50,1,retained_labeled_MI,2,s50.mat,b5df79bb64eb585ff01eb77cc176c9a02964c564dd40a4eeec7764b510950d40,259071,Cho2017,Q15-E006,MU_BETA_SHARED,20260924,3.3534395032544824e-17,1.0,2
s50_1_retained_2_t074,50,1,retained_labeled_MI,2,s50.mat,b5df79bb64eb585ff01eb77cc176c9a02964c564dd40a4eeec7764b510950d40,262655,Cho2017,Q15-E006,MU_BETA_SHARED,20260924,1.6561679361978875e-20,1.0,2
s50_1_retained_2_t075,50,1,retained_labeled_MI,2,s50.mat,b5df79bb64eb585ff01eb77cc176c9a02964c564dd40a4eeec7764b510950d40,266239,Cho2017,Q15-E006,MU_BETA_SHARED,20260924,1.6038487947656512e-19,1.0,2
s50_1_retained_2_t076,50,1,retained_labeled_MI,2,s50.mat,b5df79bb64eb585ff01eb77cc176c9a02964c564dd40a4eeec7764b510950d40,269823,Cho2017,Q15-E006,MU_BETA_SHARED,20260924,2.023177886734153e-31,1.0,2
s50_1_retained_2_t077,50,1,retained_labeled_MI,2,s50.mat,b5df79bb64eb585ff01eb77cc176c9a02964c564dd40a4eeec7764b510950d40,273407,Cho2017,Q15-E006,MU_BETA_SHARED,20260924,5.417377057996577e-18,1.0,2
s50_1_retained_2_t078,50,1,retained_labeled_MI,2,s50.mat,b5df79bb64eb585ff01eb77cc176c9a02964c564dd40a4eeec7764b510950d40,276991,Cho2017,Q15-E006,MU_BETA_SHARED,20260924,6.0407874110323355e-15,1.0,2
s50_1_retained_2_t079,50,1,retained_labeled_MI,2,s50.mat,b5df79bb64eb585ff01eb77cc176c9a02964c564dd40a4eeec7764b510950d40,280575,Cho2017,Q15-E006,MU_BETA_SHARED,20260924,9.259306619258299e-20,1.0,2
s50_1_retained_2_t080,50,1,retained_labeled_MI,2,s50.mat,b5df79bb64eb585ff01eb77cc176c9a02964c564dd40a4eeec7764b510950d40,284159,Cho2017,Q15-E006,MU_BETA_SHARED,20260924,7.573851239911001e-27,1.0,2
s50_1_retained_2_t081,50,1,retained_labeled_MI,2,s50.mat,b5df79bb64eb585ff01eb77cc176c9a02964c564dd40a4eeec7764b510950d40,287743,Cho2017,Q15-E006,MU_BETA_SHARED,20260924,7.801741220984563e-17,1.0,2
s50_1_retained_2_t082,50,1,retained_labeled_MI,2,s50.mat,b5df79bb64eb585ff01eb77cc176c9a02964c564dd40a4eeec7764b510950d40,291327,Cho2017,Q15-E006,MU_BETA_SHARED,20260924,4.0877875086622883e-13,1.0,2
s50_1_retained_2_t083,50,1,retained_labeled_MI,2,s50.mat,b5df79bb64eb585ff01eb77cc176c9a02964c564dd40a4eeec7764b510950d40,294911,Cho2017,Q15-E006,MU_BETA_SHARED,20260924,3.856213612318804e-11,1.0,2
s50_1_retained_2_t084,50,1,retained_labeled_MI,2,s50.mat,b5df79bb64eb585ff01eb77cc176c9a02964c564dd40a4eeec7764b510950d40,298495,Cho2017,Q15-E006,MU_BETA_SHARED,20260924,7.54368681236961e-13,1.0,2
s50_1_retained_2_t085,50,1,retained_labeled_MI,2,s50.mat,b5df79bb64eb585ff01eb77cc176c9a02964c564dd40a4eeec7764b510950d40,302079,Cho2017,Q15-E006,MU_BETA_SHARED,20260924,2.0469399508726838e-09,1.0,2
s50_1_retained_2_t086,50,1,retained_labeled_MI,2,s50.mat,b5df79bb64eb585ff01eb77cc176c9a02964c564dd40a4eeec7764b510950d40,305663,Cho2017,Q15-E006,MU_BETA_SHARED,20260924,3.0047456789361604e-07,0.9999996423721313,2
s50_1_retained_2_t087,50,1,retained_labeled_MI,2,s50.mat,b5df79bb64eb585ff01eb77cc176c9a02964c564dd40a4eeec7764b510950d40,309247,Cho2017,Q15-E006,MU_BETA_SHARED,20260924,2.807885488790435e-13,1.0,2
s50_1_retained_2_t088,50,1,retained_labeled_MI,2,s50.mat,b5df79bb64eb585ff01eb77cc176c9a02964c564dd40a4eeec7764b510950d40,312831,Cho2017,Q15-E006,MU_BETA_SHARED,20260924,3.861049327480437e-11,1.0,2
s50_1_retained_2_t089,50,1,retained_labeled_MI,2,s50.mat,b5df79bb64eb585ff01eb77cc176c9a02964c564dd40a4eeec7764b510950d40,316415,Cho2017,Q15-E006,MU_BETA_SHARED,20260924,1.6145372538911573e-10,1.0,2
s50_1_retained_2_t090,50,1,retained_labeled_MI,2,s50.mat,b5df79bb64eb585ff01eb77cc176c9a02964c564dd40a4eeec7764b510950d40,319999,Cho2017,Q15-E006,MU_BETA_SHARED,20260924,1.2312632014712804e-18,1.0,2
s50_1_retained_2_t091,50,1,retained_labeled_MI,2,s50.mat,b5df79bb64eb585ff01eb77cc176c9a02964c564dd40a4eeec7764b510950d40,323583,Cho2017,Q15-E006,MU_BETA_SHARED,20260924,4.222570084264769e-17,1.0,2
s50_1_retained_2_t092,50,1,retained_labeled_MI,2,s50.mat,b5df79bb64eb585ff01eb77cc176c9a02964c564dd40a4eeec7764b510950d40,327167,Cho2017,Q15-E006,MU_BETA_SHARED,20260924,5.066576701912538e-15,1.0,2
s50_1_retained_2_t093,50,1,retained_labeled_MI,2,s50.mat,b5df79bb64eb585ff01eb77cc176c9a02964c564dd40a4eeec7764b510950d40,330751,Cho2017,Q15-E006,MU_BETA_SHARED,20260924,2.1155688450886743e-17,1.0,2
s50_1_retained_2_t094,50,1,retained_labeled_MI,2,s50.mat,b5df79bb64eb585ff01eb77cc176c9a02964c564dd40a4eeec7764b510950d40,334335,Cho2017,Q15-E006,MU_BETA_SHARED,20260924,1.6527299215405242e-18,1.0,2
s50_1_retained_2_t095,50,1,retained_labeled_MI,2,s50.mat,b5df79bb64eb585ff01eb77cc176c9a02964c564dd40a4eeec7764b510950d40,337919,Cho2017,Q15-E006,MU_BETA_SHARED,20260924,1.3212338124610201e-12,1.0,2
s50_1_retained_2_t096,50,1,retained_labeled_MI,2,s50.mat,b5df79bb64eb585ff01eb77cc176c9a02964c564dd40a4eeec7764b510950d40,341503,Cho2017,Q15-E006,MU_BETA_SHARED,20260924,1.1539810079730373e-10,1.0,2
s50_1_retained_2_t097,50,1,retained_labeled_MI,2,s50.mat,b5df79bb64eb585ff01eb77cc176c9a02964c564dd40a4eeec7764b510950d40,345087,Cho2017,Q15-E006,MU_BETA_SHARED,20260924,2.089305439767486e-07,0.9999997615814209,2
s50_1_retained_2_t098,50,1,retained_labeled_MI,2,s50.mat,b5df79bb64eb585ff01eb77cc176c9a02964c564dd40a4eeec7764b510950d40,348671,Cho2017,Q15-E006,MU_BETA_SHARED,20260924,8.582768285143871e-13,1.0,2
s50_1_retained_2_t099,50,1,retained_labeled_MI,2,s50.mat,b5df79bb64eb585ff01eb77cc176c9a02964c564dd40a4eeec7764b510950d40,352255,Cho2017,Q15-E006,MU_BETA_SHARED,20260924,2.1060081403498306e-20,1.0,2
s50_1_retained_2_t100,50,1,retained_labeled_MI,2,s50.mat,b5df79bb64eb585ff01eb77cc176c9a02964c564dd40a4eeec7764b510950d40,355839,Cho2017,Q15-E006,MU_BETA_SHARED,20260924,1.0374023688697331e-12,1.0,2
s50_1_retained_1_t001,50,1,retained_labeled_MI,1,s50.mat,b5df79bb64eb585ff01eb77cc176c9a02964c564dd40a4eeec7764b510950d40,1023,Cho2017,Q15-E006,MU_BETA_SHARED,20260925,0.00011024115519830957,0.9998897314071655,2
s50_1_retained_1_t002,50,1,retained_labeled_MI,1,s50.mat,b5df79bb64eb585ff01eb77cc176c9a02964c564dd40a4eeec7764b510950d40,4607,Cho2017,Q15-E006,MU_BETA_SHARED,20260925,0.9464411735534668,0.053558800369501114,1
s50_1_retained_1_t003,50,1,retained_labeled_MI,1,s50.mat,b5df79bb64eb585ff01eb77cc176c9a02964c564dd40a4eeec7764b510950d40,8191,Cho2017,Q15-E006,MU_BETA_SHARED,20260925,6.344115455192423e-09,1.0,2
s50_1_retained_1_t004,50,1,retained_labeled_MI,1,s50.mat,b5df79bb64eb585ff01eb77cc176c9a02964c564dd40a4eeec7764b510950d40,11775,Cho2017,Q15-E006,MU_BETA_SHARED,20260925,3.916411330439837e-14,1.0,2
s50_1_retained_1_t005,50,1,retained_labeled_MI,1,s50.mat,b5df79bb64eb585ff01eb77cc176c9a02964c564dd40a4eeec7764b510950d40,15359,Cho2017,Q15-E006,MU_BETA_SHARED,20260925,2.25161110188523e-14,1.0,2
s50_1_retained_1_t006,50,1,retained_labeled_MI,1,s50.mat,b5df79bb64eb585ff01eb77cc176c9a02964c564dd40a4eeec7764b510950d40,18943,Cho2017,Q15-E006,MU_BETA_SHARED,20260925,1.6428059552708874e-06,0.9999983310699463,2
s50_1_retained_1_t007,50,1,retained_labeled_MI,1,s50.mat,b5df79bb64eb585ff01eb77cc176c9a02964c564dd40a4eeec7764b510950d40,22527,Cho2017,Q15-E006,MU_BETA_SHARED,20260925,1.2944314953244884e-08,1.0,2
s50_1_retained_1_t008,50,1,retained_labeled_MI,1,s50.mat,b5df79bb64eb585ff01eb77cc176c9a02964c564dd40a4eeec7764b510950d40,26111,Cho2017,Q15-E006,MU_BETA_SHARED,20260925,9.179324837541992e-22,1.0,2
s50_1_retained_1_t009,50,1,retained_labeled_MI,1,s50.mat,b5df79bb64eb585ff01eb77cc176c9a02964c564dd40a4eeec7764b510950d40,29695,Cho2017,Q15-E006,MU_BETA_SHARED,20260925,1.6830395566103107e-07,0.9999998807907104,2
s50_1_retained_1_t010,50,1,retained_labeled_MI,1,s50.mat,b5df79bb64eb585ff01eb77cc176c9a02964c564dd40a4eeec7764b510950d40,33279,Cho2017,Q15-E006,MU_BETA_SHARED,20260925,1.3821702850691509e-05,0.9999861717224121,2
s50_1_retained_1_t011,50,1,retained_labeled_MI,1,s50.mat,b5df79bb64eb585ff01eb77cc176c9a02964c564dd40a4eeec7764b510950d40,36863,Cho2017,Q15-E006,MU_BETA_SHARED,20260925,1.2855515263421324e-12,1.0,2
s50_1_retained_1_t012,50,1,retained_labeled_MI,1,s50.mat,b5df79bb64eb585ff01eb77cc176c9a02964c564dd40a4eeec7764b510950d40,40447,Cho2017,Q15-E006,MU_BETA_SHARED,20260925,5.884021252115601e-21,1.0,2
s50_1_retained_1_t013,50,1,retained_labeled_MI,1,s50.mat,b5df79bb64eb585ff01eb77cc176c9a02964c564dd40a4eeec7764b510950d40,44031,Cho2017,Q15-E006,MU_BETA_SHARED,20260925,0.0013881160411983728,0.9986118078231812,2
s50_1_retained_1_t014,50,1,retained_labeled_MI,1,s50.mat,b5df79bb64eb585ff01eb77cc176c9a02964c564dd40a4eeec7764b510950d40,47615,Cho2017,Q15-E006,MU_BETA_SHARED,20260925,1.0949605751178065e-13,1.0,2
s50_1_retained_1_t015,50,1,retained_labeled_MI,1,s50.mat,b5df79bb64eb585ff01eb77cc176c9a02964c564dd40a4eeec7764b510950d40,51199,Cho2017,Q15-E006,MU_BETA_SHARED,20260925,1.762466308719013e-05,0.9999823570251465,2
s50_1_retained_1_t016,50,1,retained_labeled_MI,1,s50.mat,b5df79bb64eb585ff01eb77cc176c9a02964c564dd40a4eeec7764b510950d40,54783,Cho2017,Q15-E006,MU_BETA_SHARED,20260925,1.0,2.165843893120467e-11,1
s50_1_retained_1_t017,50,1,retained_labeled_MI,1,s50.mat,b5df79bb64eb585ff01eb77cc176c9a02964c564dd40a4eeec7764b510950d40,58367,Cho2017,Q15-E006,MU_BETA_SHARED,20260925,1.0,9.034842372943747e-14,1
s50_1_retained_1_t018,50,1,retained_labeled_MI,1,s50.mat,b5df79bb64eb585ff01eb77cc176c9a02964c564dd40a4eeec7764b510950d40,61951,Cho2017,Q15-E006,MU_BETA_SHARED,20260925,0.8539913296699524,0.1460086554288864,1
s50_1_retained_1_t019,50,1,retained_labeled_MI,1,s50.mat,b5df79bb64eb585ff01eb77cc176c9a02964c564dd40a4eeec7764b510950d40,65535,Cho2017,Q15-E006,MU_BETA_SHARED,20260925,1.0,1.6557676764100666e-30,1
s50_1_retained_1_t020,50,1,retained_labeled_MI,1,s50.mat,b5df79bb64eb585ff01eb77cc176c9a02964c564dd40a4eeec7764b510950d40,69119,Cho2017,Q15-E006,MU_BETA_SHARED,20260925,1.0,2.771778735826953e-15,1
s50_1_retained_1_t021,50,1,retained_labeled_MI,1,s50.mat,b5df79bb64eb585ff01eb77cc176c9a02964c564dd40a4eeec7764b510950d40,72703,Cho2017,Q15-E006,MU_BETA_SHARED,20260925,1.002785965376063e-09,1.0,2
s50_1_retained_1_t022,50,1,retained_labeled_MI,1,s50.mat,b5df79bb64eb585ff01eb77cc176c9a02964c564dd40a4eeec7764b510950d40,76287,Cho2017,Q15-E006,MU_BETA_SHARED,20260925,0.005612856242805719,0.994387149810791,2
s50_1_retained_1_t023,50,1,retained_labeled_MI,1,s50.mat,b5df79bb64eb585ff01eb77cc176c9a02964c564dd40a4eeec7764b510950d40,79871,Cho2017,Q15-E006,MU_BETA_SHARED,20260925,5.260204125079326e-05,0.9999474287033081,2
s50_1_retained_1_t024,50,1,retained_labeled_MI,1,s50.mat,b5df79bb64eb585ff01eb77cc176c9a02964c564dd40a4eeec7764b510950d40,83455,Cho2017,Q15-E006,MU_BETA_SHARED,20260925,1.0,3.0821070140518714e-09,1
s50_1_retained_1_t025,50,1,retained_labeled_MI,1,s50.mat,b5df79bb64eb585ff01eb77cc176c9a02964c564dd40a4eeec7764b510950d40,87039,Cho2017,Q15-E006,MU_BETA_SHARED,20260925,0.9908435344696045,0.009156509302556515,1
s50_1_retained_1_t026,50,1,retained_labeled_MI,1,s50.mat,b5df79bb64eb585ff01eb77cc176c9a02964c564dd40a4eeec7764b510950d40,90623,Cho2017,Q15-E006,MU_BETA_SHARED,20260925,1.0,1.2675845928455942e-09,1
s50_1_retained_1_t027,50,1,retained_labeled_MI,1,s50.mat,b5df79bb64eb585ff01eb77cc176c9a02964c564dd40a4eeec7764b510950d40,94207,Cho2017,Q15-E006,MU_BETA_SHARED,20260925,1.0,1.2528489530538867e-11,1
s50_1_retained_1_t028,50,1,retained_labeled_MI,1,s50.mat,b5df79bb64eb585ff01eb77cc176c9a02964c564dd40a4eeec7764b510950d40,97791,Cho2017,Q15-E006,MU_BETA_SHARED,20260925,0.999998927116394,1.128149165197101e-06,1
s50_1_retained_1_t029,50,1,retained_labeled_MI,1,s50.mat,b5df79bb64eb585ff01eb77cc176c9a02964c564dd40a4eeec7764b510950d40,101375,Cho2017,Q15-E006,MU_BETA_SHARED,20260925,0.999794065952301,0.0002059765683952719,1
s50_1_retained_1_t030,50,1,retained_labeled_MI,1,s50.mat,b5df79bb64eb585ff01eb77cc176c9a02964c564dd40a4eeec7764b510950d40,104959,Cho2017,Q15-E006,MU_BETA_SHARED,20260925,4.765026806290151e-13,1.0,2
s50_1_retained_1_t031,50,1,retained_labeled_MI,1,s50.mat,b5df79bb64eb585ff01eb77cc176c9a02964c564dd40a4eeec7764b510950d40,108543,Cho2017,Q15-E006,MU_BETA_SHARED,20260925,0.999962329864502,3.767375528695993e-05,1
s50_1_retained_1_t032,50,1,retained_labeled_MI,1,s50.mat,b5df79bb64eb585ff01eb77cc176c9a02964c564dd40a4eeec7764b510950d40,112127,Cho2017,Q15-E006,MU_BETA_SHARED,20260925,0.006160978693515062,0.9938390851020813,2
s50_1_retained_1_t033,50,1,retained_labeled_MI,1,s50.mat,b5df79bb64eb585ff01eb77cc176c9a02964c564dd40a4eeec7764b510950d40,115711,Cho2017,Q15-E006,MU_BETA_SHARED,20260925,1.0,6.645517469650031e-10,1
s50_1_retained_1_t034,50,1,retained_labeled_MI,1,s50.mat,b5df79bb64eb585ff01eb77cc176c9a02964c564dd40a4eeec7764b510950d40,119295,Cho2017,Q15-E006,MU_BETA_SHARED,20260925,0.9999923706054688,7.672176252526697e-06,1
s50_1_retained_1_t035,50,1,retained_labeled_MI,1,s50.mat,b5df79bb64eb585ff01eb77cc176c9a02964c564dd40a4eeec7764b510950d40,122879,Cho2017,Q15-E006,MU_BETA_SHARED,20260925,1.0,6.741377595043119e-11,1
s50_1_retained_1_t036,50,1,retained_labeled_MI,1,s50.mat,b5df79bb64eb585ff01eb77cc176c9a02964c564dd40a4eeec7764b510950d40,126463,Cho2017,Q15-E006,MU_BETA_SHARED,20260925,1.0,6.904139868481201e-30,1
s50_1_retained_1_t037,50,1,retained_labeled_MI,1,s50.mat,b5df79bb64eb585ff01eb77cc176c9a02964c564dd40a4eeec7764b510950d40,130047,Cho2017,Q15-E006,MU_BETA_SHARED,20260925,0.9807140231132507,0.01928592659533024,1
s50_1_retained_1_t038,50,1,retained_labeled_MI,1,s50.mat,b5df79bb64eb585ff01eb77cc176c9a02964c564dd40a4eeec7764b510950d40,133631,Cho2017,Q15-E006,MU_BETA_SHARED,20260925,4.210290338590994e-09,1.0,2
s50_1_retained_1_t039,50,1,retained_labeled_MI,1,s50.mat,b5df79bb64eb585ff01eb77cc176c9a02964c564dd40a4eeec7764b510950d40,137215,Cho2017,Q15-E006,MU_BETA_SHARED,20260925,0.9978985786437988,0.0021013880614191294,1
s50_1_retained_1_t040,50,1,retained_labeled_MI,1,s50.mat,b5df79bb64eb585ff01eb77cc176c9a02964c564dd40a4eeec7764b510950d40,140799,Cho2017,Q15-E006,MU_BETA_SHARED,20260925,0.00034475294523872435,0.9996552467346191,2
s50_1_retained_1_t041,50,1,retained_labeled_MI,1,s50.mat,b5df79bb64eb585ff01eb77cc176c9a02964c564dd40a4eeec7764b510950d40,144383,Cho2017,Q15-E006,MU_BETA_SHARED,20260925,1.2373091013545923e-25,1.0,2
s50_1_retained_1_t042,50,1,retained_labeled_MI,1,s50.mat,b5df79bb64eb585ff01eb77cc176c9a02964c564dd40a4eeec7764b510950d40,147967,Cho2017,Q15-E006,MU_BETA_SHARED,20260925,4.792546296882721e-16,1.0,2
s50_1_retained_1_t043,50,1,retained_labeled_MI,1,s50.mat,b5df79bb64eb585ff01eb77cc176c9a02964c564dd40a4eeec7764b510950d40,151551,Cho2017,Q15-E006,MU_BETA_SHARED,20260925,1.9646470043372186e-29,1.0,2
s50_1_retained_1_t044,50,1,retained_labeled_MI,1,s50.mat,b5df79bb64eb585ff01eb77cc176c9a02964c564dd40a4eeec7764b510950d40,155135,Cho2017,Q15-E006,MU_BETA_SHARED,20260925,6.950821434749937e-19,1.0,2
s50_1_retained_1_t045,50,1,retained_labeled_MI,1,s50.mat,b5df79bb64eb585ff01eb77cc176c9a02964c564dd40a4eeec7764b510950d40,158719,Cho2017,Q15-E006,MU_BETA_SHARED,20260925,0.2634015679359436,0.7365984916687012,2
s50_1_retained_1_t046,50,1,retained_labeled_MI,1,s50.mat,b5df79bb64eb585ff01eb77cc176c9a02964c564dd40a4eeec7764b510950d40,162303,Cho2017,Q15-E006,MU_BETA_SHARED,20260925,5.162722516161011e-08,1.0,2
s50_1_retained_1_t047,50,1,retained_labeled_MI,1,s50.mat,b5df79bb64eb585ff01eb77cc176c9a02964c564dd40a4eeec7764b510950d40,165887,Cho2017,Q15-E006,MU_BETA_SHARED,20260925,8.518613725527757e-08,0.9999998807907104,2
s50_1_retained_1_t048,50,1,retained_labeled_MI,1,s50.mat,b5df79bb64eb585ff01eb77cc176c9a02964c564dd40a4eeec7764b510950d40,169471,Cho2017,Q15-E006,MU_BETA_SHARED,20260925,5.189614166731856e-16,1.0,2
s50_1_retained_1_t049,50,1,retained_labeled_MI,1,s50.mat,b5df79bb64eb585ff01eb77cc176c9a02964c564dd40a4eeec7764b510950d40,173055,Cho2017,Q15-E006,MU_BETA_SHARED,20260925,4.564835768762896e-31,1.0,2
s50_1_retained_1_t050,50,1,retained_labeled_MI,1,s50.mat,b5df79bb64eb585ff01eb77cc176c9a02964c564dd40a4eeec7764b510950d40,176639,Cho2017,Q15-E006,MU_BETA_SHARED,20260925,4.800918343428329e-12,1.0,2
s50_1_retained_1_t051,50,1,retained_labeled_MI,1,s50.mat,b5df79bb64eb585ff01eb77cc176c9a02964c564dd40a4eeec7764b510950d40,180223,Cho2017,Q15-E006,MU_BETA_SHARED,20260925,1.3439773938443802e-26,1.0,2
s50_1_retained_1_t052,50,1,retained_labeled_MI,1,s50.mat,b5df79bb64eb585ff01eb77cc176c9a02964c564dd40a4eeec7764b510950d40,183807,Cho2017,Q15-E006,MU_BETA_SHARED,20260925,1.0167289616872336e-29,1.0,2
s50_1_retained_1_t053,50,1,retained_labeled_MI,1,s50.mat,b5df79bb64eb585ff01eb77cc176c9a02964c564dd40a4eeec7764b510950d40,187391,Cho2017,Q15-E006,MU_BETA_SHARED,20260925,0.0009255714830942452,0.9990744590759277,2
s50_1_retained_1_t054,50,1,retained_labeled_MI,1,s50.mat,b5df79bb64eb585ff01eb77cc176c9a02964c564dd40a4eeec7764b510950d40,190975,Cho2017,Q15-E006,MU_BETA_SHARED,20260925,0.9999991655349731,8.077906272774271e-07,1
s50_1_retained_1_t055,50,1,retained_labeled_MI,1,s50.mat,b5df79bb64eb585ff01eb77cc176c9a02964c564dd40a4eeec7764b510950d40,194559,Cho2017,Q15-E006,MU_BETA_SHARED,20260925,0.0002982131263706833,0.9997017979621887,2
s50_1_retained_1_t056,50,1,retained_labeled_MI,1,s50.mat,b5df79bb64eb585ff01eb77cc176c9a02964c564dd40a4eeec7764b510950d40,198143,Cho2017,Q15-E006,MU_BETA_SHARED,20260925,0.9662015438079834,0.03379848599433899,1
s50_1_retained_1_t057,50,1,retained_labeled_MI,1,s50.mat,b5df79bb64eb585ff01eb77cc176c9a02964c564dd40a4eeec7764b510950d40,201727,Cho2017,Q15-E006,MU_BETA_SHARED,20260925,0.9958970546722412,0.0041029443964362144,1
s50_1_retained_1_t058,50,1,retained_labeled_MI,1,s50.mat,b5df79bb64eb585ff01eb77cc176c9a02964c564dd40a4eeec7764b510950d40,205311,Cho2017,Q15-E006,MU_BETA_SHARED,20260925,1.5349745057902183e-20,1.0,2
s50_1_retained_1_t059,50,1,retained_labeled_MI,1,s50.mat,b5df79bb64eb585ff01eb77cc176c9a02964c564dd40a4eeec7764b510950d40,208895,Cho2017,Q15-E006,MU_BETA_SHARED,20260925,4.725080569867313e-12,1.0,2
s50_1_retained_1_t060,50,1,retained_labeled_MI,1,s50.mat,b5df79bb64eb585ff01eb77cc176c9a02964c564dd40a4eeec7764b510950d40,212479,Cho2017,Q15-E006,MU_BETA_SHARED,20260925,1.6163038714228688e-35,1.0,2
s50_1_retained_1_t061,50,1,retained_labeled_MI,1,s50.mat,b5df79bb64eb585ff01eb77cc176c9a02964c564dd40a4eeec7764b510950d40,216063,Cho2017,Q15-E006,MU_BETA_SHARED,20260925,0.19898571074008942,0.8010143041610718,2
s50_1_retained_1_t062,50,1,retained_labeled_MI,1,s50.mat,b5df79bb64eb585ff01eb77cc176c9a02964c564dd40a4eeec7764b510950d40,219647,Cho2017,Q15-E006,MU_BETA_SHARED,20260925,7.879459174477317e-21,1.0,2
s50_1_retained_1_t063,50,1,retained_labeled_MI,1,s50.mat,b5df79bb64eb585ff01eb77cc176c9a02964c564dd40a4eeec7764b510950d40,223231,Cho2017,Q15-E006,MU_BETA_SHARED,20260925,1.4337254451781586e-28,1.0,2
s50_1_retained_1_t064,50,1,retained_labeled_MI,1,s50.mat,b5df79bb64eb585ff01eb77cc176c9a02964c564dd40a4eeec7764b510950d40,226815,Cho2017,Q15-E006,MU_BETA_SHARED,20260925,6.001184094415885e-17,1.0,2
s50_1_retained_1_t065,50,1,retained_labeled_MI,1,s50.mat,b5df79bb64eb585ff01eb77cc176c9a02964c564dd40a4eeec7764b510950d40,230399,Cho2017,Q15-E006,MU_BETA_SHARED,20260925,1.2496073850890895e-27,1.0,2
s50_1_retained_1_t066,50,1,retained_labeled_MI,1,s50.mat,b5df79bb64eb585ff01eb77cc176c9a02964c564dd40a4eeec7764b510950d40,233983,Cho2017,Q15-E006,MU_BETA_SHARED,20260925,1.0,5.3385577208908686e-11,1
s50_1_retained_1_t067,50,1,retained_labeled_MI,1,s50.mat,b5df79bb64eb585ff01eb77cc176c9a02964c564dd40a4eeec7764b510950d40,237567,Cho2017,Q15-E006,MU_BETA_SHARED,20260925,2.8132999944398274e-13,1.0,2
s50_1_retained_1_t068,50,1,retained_labeled_MI,1,s50.mat,b5df79bb64eb585ff01eb77cc176c9a02964c564dd40a4eeec7764b510950d40,241151,Cho2017,Q15-E006,MU_BETA_SHARED,20260925,5.534527253403228e-15,1.0,2
s50_1_retained_1_t069,50,1,retained_labeled_MI,1,s50.mat,b5df79bb64eb585ff01eb77cc176c9a02964c564dd40a4eeec7764b510950d40,244735,Cho2017,Q15-E006,MU_BETA_SHARED,20260925,2.6742414775071666e-05,0.9999732971191406,2
s50_1_retained_1_t070,50,1,retained_labeled_MI,1,s50.mat,b5df79bb64eb585ff01eb77cc176c9a02964c564dd40a4eeec7764b510950d40,248319,Cho2017,Q15-E006,MU_BETA_SHARED,20260925,0.00010502629447728395,0.9998949766159058,2
s50_1_retained_1_t071,50,1,retained_labeled_MI,1,s50.mat,b5df79bb64eb585ff01eb77cc176c9a02964c564dd40a4eeec7764b510950d40,251903,Cho2017,Q15-E006,MU_BETA_SHARED,20260925,7.583311826793795e-14,1.0,2
s50_1_retained_1_t072,50,1,retained_labeled_MI,1,s50.mat,b5df79bb64eb585ff01eb77cc176c9a02964c564dd40a4eeec7764b510950d40,255487,Cho2017,Q15-E006,MU_BETA_SHARED,20260925,0.005619050469249487,0.9943810105323792,2
s50_1_retained_1_t073,50,1,retained_labeled_MI,1,s50.mat,b5df79bb64eb585ff01eb77cc176c9a02964c564dd40a4eeec7764b510950d40,259071,Cho2017,Q15-E006,MU_BETA_SHARED,20260925,4.530217076036819e-13,1.0,2
s50_1_retained_1_t074,50,1,retained_labeled_MI,1,s50.mat,b5df79bb64eb585ff01eb77cc176c9a02964c564dd40a4eeec7764b510950d40,262655,Cho2017,Q15-E006,MU_BETA_SHARED,20260925,0.019184838980436325,0.9808151721954346,2
s50_1_retained_1_t075,50,1,retained_labeled_MI,1,s50.mat,b5df79bb64eb585ff01eb77cc176c9a02964c564dd40a4eeec7764b510950d40,266239,Cho2017,Q15-E006,MU_BETA_SHARED,20260925,3.579567164327304e-15,1.0,2
s50_1_retained_1_t076,50,1,retained_labeled_MI,1,s50.mat,b5df79bb64eb585ff01eb77cc176c9a02964c564dd40a4eeec7764b510950d40,269823,Cho2017,Q15-E006,MU_BETA_SHARED,20260925,1.628703179037096e-25,1.0,2
s50_1_retained_1_t077,50,1,retained_labeled_MI,1,s50.mat,b5df79bb64eb585ff01eb77cc176c9a02964c564dd40a4eeec7764b510950d40,273407,Cho2017,Q15-E006,MU_BETA_SHARED,20260925,0.009271394461393356,0.9907286167144775,2
s50_1_retained_1_t078,50,1,retained_labeled_MI,1,s50.mat,b5df79bb64eb585ff01eb77cc176c9a02964c564dd40a4eeec7764b510950d40,276991,Cho2017,Q15-E006,MU_BETA_SHARED,20260925,5.0505745687079e-17,1.0,2
s50_1_retained_1_t079,50,1,retained_labeled_MI,1,s50.mat,b5df79bb64eb585ff01eb77cc176c9a02964c564dd40a4eeec7764b510950d40,280575,Cho2017,Q15-E006,MU_BETA_SHARED,20260925,2.127174080550679e-24,1.0,2
s50_1_retained_1_t080,50,1,retained_labeled_MI,1,s50.mat,b5df79bb64eb585ff01eb77cc176c9a02964c564dd40a4eeec7764b510950d40,284159,Cho2017,Q15-E006,MU_BETA_SHARED,20260925,6.078535434326723e-15,1.0,2
s50_1_retained_1_t081,50,1,retained_labeled_MI,1,s50.mat,b5df79bb64eb585ff01eb77cc176c9a02964c564dd40a4eeec7764b510950d40,287743,Cho2017,Q15-E006,MU_BETA_SHARED,20260925,0.10802514106035233,0.8919748663902283,2
s50_1_retained_1_t082,50,1,retained_labeled_MI,1,s50.mat,b5df79bb64eb585ff01eb77cc176c9a02964c564dd40a4eeec7764b510950d40,291327,Cho2017,Q15-E006,MU_BETA_SHARED,20260925,0.006520355120301247,0.9934796094894409,2
s50_1_retained_1_t083,50,1,retained_labeled_MI,1,s50.mat,b5df79bb64eb585ff01eb77cc176c9a02964c564dd40a4eeec7764b510950d40,294911,Cho2017,Q15-E006,MU_BETA_SHARED,20260925,1.62803534542455e-10,1.0,2
s50_1_retained_1_t084,50,1,retained_labeled_MI,1,s50.mat,b5df79bb64eb585ff01eb77cc176c9a02964c564dd40a4eeec7764b510950d40,298495,Cho2017,Q15-E006,MU_BETA_SHARED,20260925,1.0,2.6151835197033143e-15,1
s50_1_retained_1_t085,50,1,retained_labeled_MI,1,s50.mat,b5df79bb64eb585ff01eb77cc176c9a02964c564dd40a4eeec7764b510950d40,302079,Cho2017,Q15-E006,MU_BETA_SHARED,20260925,1.0,4.300308769695409e-15,1
s50_1_retained_1_t086,50,1,retained_labeled_MI,1,s50.mat,b5df79bb64eb585ff01eb77cc176c9a02964c564dd40a4eeec7764b510950d40,305663,Cho2017,Q15-E006,MU_BETA_SHARED,20260925,0.003329665632918477,0.9966703057289124,2
s50_1_retained_1_t087,50,1,retained_labeled_MI,1,s50.mat,b5df79bb64eb585ff01eb77cc176c9a02964c564dd40a4eeec7764b510950d40,309247,Cho2017,Q15-E006,MU_BETA_SHARED,20260925,0.0002092807844746858,0.9997907280921936,2
s50_1_retained_1_t088,50,1,retained_labeled_MI,1,s50.mat,b5df79bb64eb585ff01eb77cc176c9a02964c564dd40a4eeec7764b510950d40,312831,Cho2017,Q15-E006,MU_BETA_SHARED,20260925,0.2841681241989136,0.7158319354057312,2
s50_1_retained_1_t089,50,1,retained_labeled_MI,1,s50.mat,b5df79bb64eb585ff01eb77cc176c9a02964c564dd40a4eeec7764b510950d40,316415,Cho2017,Q15-E006,MU_BETA_SHARED,20260925,0.9614167213439941,0.03858329355716705,1
s50_1_retained_1_t090,50,1,retained_labeled_MI,1,s50.mat,b5df79bb64eb585ff01eb77cc176c9a02964c564dd40a4eeec7764b510950d40,319999,Cho2017,Q15-E006,MU_BETA_SHARED,20260925,0.9867827892303467,0.01321722473949194,1
s50_1_retained_1_t091,50,1,retained_labeled_MI,1,s50.mat,b5df79bb64eb585ff01eb77cc176c9a02964c564dd40a4eeec7764b510950d40,323583,Cho2017,Q15-E006,MU_BETA_SHARED,20260925,0.9999996423721313,4.001628894911846e-07,1
s50_1_retained_1_t092,50,1,retained_labeled_MI,1,s50.mat,b5df79bb64eb585ff01eb77cc176c9a02964c564dd40a4eeec7764b510950d40,327167,Cho2017,Q15-E006,MU_BETA_SHARED,20260925,0.14430022239685059,0.8556997776031494,2
s50_1_retained_1_t093,50,1,retained_labeled_MI,1,s50.mat,b5df79bb64eb585ff01eb77cc176c9a02964c564dd40a4eeec7764b510950d40,330751,Cho2017,Q15-E006,MU_BETA_SHARED,20260925,0.999967098236084,3.291219400125556e-05,1
s50_1_retained_1_t094,50,1,retained_labeled_MI,1,s50.mat,b5df79bb64eb585ff01eb77cc176c9a02964c564dd40a4eeec7764b510950d40,334335,Cho2017,Q15-E006,MU_BETA_SHARED,20260925,0.1440388560295105,0.8559610843658447,2
s50_1_retained_1_t095,50,1,retained_labeled_MI,1,s50.mat,b5df79bb64eb585ff01eb77cc176c9a02964c564dd40a4eeec7764b510950d40,337919,Cho2017,Q15-E006,MU_BETA_SHARED,20260925,0.9999825954437256,1.7463111362303607e-05,1
s50_1_retained_1_t096,50,1,retained_labeled_MI,1,s50.mat,b5df79bb64eb585ff01eb77cc176c9a02964c564dd40a4eeec7764b510950d40,341503,Cho2017,Q15-E006,MU_BETA_SHARED,20260925,0.6843975186347961,0.31560248136520386,1
s50_1_retained_1_t097,50,1,retained_labeled_MI,1,s50.mat,b5df79bb64eb585ff01eb77cc176c9a02964c564dd40a4eeec7764b510950d40,345087,Cho2017,Q15-E006,MU_BETA_SHARED,20260925,0.006926515139639378,0.9930735230445862,2
s50_1_retained_1_t098,50,1,retained_labeled_MI,1,s50.mat,b5df79bb64eb585ff01eb77cc176c9a02964c564dd40a4eeec7764b510950d40,348671,Cho2017,Q15-E006,MU_BETA_SHARED,20260925,0.9999997615814209,2.765510771496338e-07,1
s50_1_retained_1_t099,50,1,retained_labeled_MI,1,s50.mat,b5df79bb64eb585ff01eb77cc176c9a02964c564dd40a4eeec7764b510950d40,352255,Cho2017,Q15-E006,MU_BETA_SHARED,20260925,0.9992313385009766,0.000768614758271724,1
s50_1_retained_1_t100,50,1,retained_labeled_MI,1,s50.mat,b5df79bb64eb585ff01eb77cc176c9a02964c564dd40a4eeec7764b510950d40,355839,Cho2017,Q15-E006,MU_BETA_SHARED,20260925,4.515434000040841e-07,0.9999995231628418,2
s50_1_retained_2_t001,50,1,retained_labeled_MI,2,s50.mat,b5df79bb64eb585ff01eb77cc176c9a02964c564dd40a4eeec7764b510950d40,1023,Cho2017,Q15-E006,MU_BETA_SHARED,20260925,3.0377176468698863e-12,1.0,2
s50_1_retained_2_t002,50,1,retained_labeled_MI,2,s50.mat,b5df79bb64eb585ff01eb77cc176c9a02964c564dd40a4eeec7764b510950d40,4607,Cho2017,Q15-E006,MU_BETA_SHARED,20260925,1.5508842040462545e-12,1.0,2
s50_1_retained_2_t003,50,1,retained_labeled_MI,2,s50.mat,b5df79bb64eb585ff01eb77cc176c9a02964c564dd40a4eeec7764b510950d40,8191,Cho2017,Q15-E006,MU_BETA_SHARED,20260925,2.229026208402929e-12,1.0,2
s50_1_retained_2_t004,50,1,retained_labeled_MI,2,s50.mat,b5df79bb64eb585ff01eb77cc176c9a02964c564dd40a4eeec7764b510950d40,11775,Cho2017,Q15-E006,MU_BETA_SHARED,20260925,4.2241074527105127e-10,1.0,2
s50_1_retained_2_t005,50,1,retained_labeled_MI,2,s50.mat,b5df79bb64eb585ff01eb77cc176c9a02964c564dd40a4eeec7764b510950d40,15359,Cho2017,Q15-E006,MU_BETA_SHARED,20260925,8.67266314319437e-10,1.0,2
s50_1_retained_2_t006,50,1,retained_labeled_MI,2,s50.mat,b5df79bb64eb585ff01eb77cc176c9a02964c564dd40a4eeec7764b510950d40,18943,Cho2017,Q15-E006,MU_BETA_SHARED,20260925,2.057756045656713e-20,1.0,2
s50_1_retained_2_t007,50,1,retained_labeled_MI,2,s50.mat,b5df79bb64eb585ff01eb77cc176c9a02964c564dd40a4eeec7764b510950d40,22527,Cho2017,Q15-E006,MU_BETA_SHARED,20260925,3.0960550902065516e-19,1.0,2
s50_1_retained_2_t008,50,1,retained_labeled_MI,2,s50.mat,b5df79bb64eb585ff01eb77cc176c9a02964c564dd40a4eeec7764b510950d40,26111,Cho2017,Q15-E006,MU_BETA_SHARED,20260925,1.2099339983251411e-05,0.9999879598617554,2
s50_1_retained_2_t009,50,1,retained_labeled_MI,2,s50.mat,b5df79bb64eb585ff01eb77cc176c9a02964c564dd40a4eeec7764b510950d40,29695,Cho2017,Q15-E006,MU_BETA_SHARED,20260925,1.9532515091731196e-21,1.0,2
s50_1_retained_2_t010,50,1,retained_labeled_MI,2,s50.mat,b5df79bb64eb585ff01eb77cc176c9a02964c564dd40a4eeec7764b510950d40,33279,Cho2017,Q15-E006,MU_BETA_SHARED,20260925,8.387725392822176e-05,0.9999160766601562,2
s50_1_retained_2_t011,50,1,retained_labeled_MI,2,s50.mat,b5df79bb64eb585ff01eb77cc176c9a02964c564dd40a4eeec7764b510950d40,36863,Cho2017,Q15-E006,MU_BETA_SHARED,20260925,1.6596894011574638e-14,1.0,2
s50_1_retained_2_t012,50,1,retained_labeled_MI,2,s50.mat,b5df79bb64eb585ff01eb77cc176c9a02964c564dd40a4eeec7764b510950d40,40447,Cho2017,Q15-E006,MU_BETA_SHARED,20260925,5.2055448531416635e-20,1.0,2
s50_1_retained_2_t013,50,1,retained_labeled_MI,2,s50.mat,b5df79bb64eb585ff01eb77cc176c9a02964c564dd40a4eeec7764b510950d40,44031,Cho2017,Q15-E006,MU_BETA_SHARED,20260925,6.742955883964896e-05,0.9999325275421143,2
s50_1_retained_2_t014,50,1,retained_labeled_MI,2,s50.mat,b5df79bb64eb585ff01eb77cc176c9a02964c564dd40a4eeec7764b510950d40,47615,Cho2017,Q15-E006,MU_BETA_SHARED,20260925,1.0,1.5597183917678836e-12,1
s50_1_retained_2_t015,50,1,retained_labeled_MI,2,s50.mat,b5df79bb64eb585ff01eb77cc176c9a02964c564dd40a4eeec7764b510950d40,51199,Cho2017,Q15-E006,MU_BETA_SHARED,20260925,0.00023338095343206078,0.9997666478157043,2
s50_1_retained_2_t016,50,1,retained_labeled_MI,2,s50.mat,b5df79bb64eb585ff01eb77cc176c9a02964c564dd40a4eeec7764b510950d40,54783,Cho2017,Q15-E006,MU_BETA_SHARED,20260925,9.847640285443049e-06,0.9999901056289673,2
s50_1_retained_2_t017,50,1,retained_labeled_MI,2,s50.mat,b5df79bb64eb585ff01eb77cc176c9a02964c564dd40a4eeec7764b510950d40,58367,Cho2017,Q15-E006,MU_BETA_SHARED,20260925,1.9334567014084314e-07,0.9999997615814209,2
s50_1_retained_2_t018,50,1,retained_labeled_MI,2,s50.mat,b5df79bb64eb585ff01eb77cc176c9a02964c564dd40a4eeec7764b510950d40,61951,Cho2017,Q15-E006,MU_BETA_SHARED,20260925,1.0,7.527302861436778e-20,1
s50_1_retained_2_t019,50,1,retained_labeled_MI,2,s50.mat,b5df79bb64eb585ff01eb77cc176c9a02964c564dd40a4eeec7764b510950d40,65535,Cho2017,Q15-E006,MU_BETA_SHARED,20260925,3.6625601751438808e-06,0.9999963045120239,2
s50_1_retained_2_t020,50,1,retained_labeled_MI,2,s50.mat,b5df79bb64eb585ff01eb77cc176c9a02964c564dd40a4eeec7764b510950d40,69119,Cho2017,Q15-E006,MU_BETA_SHARED,20260925,0.99564528465271,0.004354727920144796,1
s50_1_retained_2_t021,50,1,retained_labeled_MI,2,s50.mat,b5df79bb64eb585ff01eb77cc176c9a02964c564dd40a4eeec7764b510950d40,72703,Cho2017,Q15-E006,MU_BETA_SHARED,20260925,0.00041837149183265865,0.9995816349983215,2
s50_1_retained_2_t022,50,1,retained_labeled_MI,2,s50.mat,b5df79bb64eb585ff01eb77cc176c9a02964c564dd40a4eeec7764b510950d40,76287,Cho2017,Q15-E006,MU_BETA_SHARED,20260925,0.9999997615814209,2.8242675398360007e-07,1
s50_1_retained_2_t023,50,1,retained_labeled_MI,2,s50.mat,b5df79bb64eb585ff01eb77cc176c9a02964c564dd40a4eeec7764b510950d40,79871,Cho2017,Q15-E006,MU_BETA_SHARED,20260925,9.296390561649645e-14,1.0,2
s50_1_retained_2_t024,50,1,retained_labeled_MI,2,s50.mat,b5df79bb64eb585ff01eb77cc176c9a02964c564dd40a4eeec7764b510950d40,83455,Cho2017,Q15-E006,MU_BETA_SHARED,20260925,0.9999964237213135,3.527951776050031e-06,1
s50_1_retained_2_t025,50,1,retained_labeled_MI,2,s50.mat,b5df79bb64eb585ff01eb77cc176c9a02964c564dd40a4eeec7764b510950d40,87039,Cho2017,Q15-E006,MU_BETA_SHARED,20260925,0.00013229202886577696,0.9998676776885986,2
s50_1_retained_2_t026,50,1,retained_labeled_MI,2,s50.mat,b5df79bb64eb585ff01eb77cc176c9a02964c564dd40a4eeec7764b510950d40,90623,Cho2017,Q15-E006,MU_BETA_SHARED,20260925,0.0004066746623720974,0.9995933175086975,2
s50_1_retained_2_t027,50,1,retained_labeled_MI,2,s50.mat,b5df79bb64eb585ff01eb77cc176c9a02964c564dd40a4eeec7764b510950d40,94207,Cho2017,Q15-E006,MU_BETA_SHARED,20260925,0.5350408554077148,0.46495917439460754,1
s50_1_retained_2_t028,50,1,retained_labeled_MI,2,s50.mat,b5df79bb64eb585ff01eb77cc176c9a02964c564dd40a4eeec7764b510950d40,97791,Cho2017,Q15-E006,MU_BETA_SHARED,20260925,5.400242457653803e-07,0.9999994039535522,2
s50_1_retained_2_t029,50,1,retained_labeled_MI,2,s50.mat,b5df79bb64eb585ff01eb77cc176c9a02964c564dd40a4eeec7764b510950d40,101375,Cho2017,Q15-E006,MU_BETA_SHARED,20260925,6.729194979016029e-07,0.9999992847442627,2
s50_1_retained_2_t030,50,1,retained_labeled_MI,2,s50.mat,b5df79bb64eb585ff01eb77cc176c9a02964c564dd40a4eeec7764b510950d40,104959,Cho2017,Q15-E006,MU_BETA_SHARED,20260925,0.0007487810798920691,0.9992511868476868,2
s50_1_retained_2_t031,50,1,retained_labeled_MI,2,s50.mat,b5df79bb64eb585ff01eb77cc176c9a02964c564dd40a4eeec7764b510950d40,108543,Cho2017,Q15-E006,MU_BETA_SHARED,20260925,0.01205050852149725,0.9879494905471802,2
s50_1_retained_2_t032,50,1,retained_labeled_MI,2,s50.mat,b5df79bb64eb585ff01eb77cc176c9a02964c564dd40a4eeec7764b510950d40,112127,Cho2017,Q15-E006,MU_BETA_SHARED,20260925,0.7979215979576111,0.20207837224006653,1
s50_1_retained_2_t033,50,1,retained_labeled_MI,2,s50.mat,b5df79bb64eb585ff01eb77cc176c9a02964c564dd40a4eeec7764b510950d40,115711,Cho2017,Q15-E006,MU_BETA_SHARED,20260925,0.9550145268440247,0.044985514134168625,1
s50_1_retained_2_t034,50,1,retained_labeled_MI,2,s50.mat,b5df79bb64eb585ff01eb77cc176c9a02964c564dd40a4eeec7764b510950d40,119295,Cho2017,Q15-E006,MU_BETA_SHARED,20260925,0.994664192199707,0.005335754249244928,1
s50_1_retained_2_t035,50,1,retained_labeled_MI,2,s50.mat,b5df79bb64eb585ff01eb77cc176c9a02964c564dd40a4eeec7764b510950d40,122879,Cho2017,Q15-E006,MU_BETA_SHARED,20260925,1.3332607977645239e-06,0.9999986886978149,2
s50_1_retained_2_t036,50,1,retained_labeled_MI,2,s50.mat,b5df79bb64eb585ff01eb77cc176c9a02964c564dd40a4eeec7764b510950d40,126463,Cho2017,Q15-E006,MU_BETA_SHARED,20260925,5.0739352275286365e-08,1.0,2
s50_1_retained_2_t037,50,1,retained_labeled_MI,2,s50.mat,b5df79bb64eb585ff01eb77cc176c9a02964c564dd40a4eeec7764b510950d40,130047,Cho2017,Q15-E006,MU_BETA_SHARED,20260925,3.2187363103730604e-05,0.9999678134918213,2
s50_1_retained_2_t038,50,1,retained_labeled_MI,2,s50.mat,b5df79bb64eb585ff01eb77cc176c9a02964c564dd40a4eeec7764b510950d40,133631,Cho2017,Q15-E006,MU_BETA_SHARED,20260925,1.0,2.0213114737543947e-08,1
s50_1_retained_2_t039,50,1,retained_labeled_MI,2,s50.mat,b5df79bb64eb585ff01eb77cc176c9a02964c564dd40a4eeec7764b510950d40,137215,Cho2017,Q15-E006,MU_BETA_SHARED,20260925,1.0,3.392723303161361e-17,1
s50_1_retained_2_t040,50,1,retained_labeled_MI,2,s50.mat,b5df79bb64eb585ff01eb77cc176c9a02964c564dd40a4eeec7764b510950d40,140799,Cho2017,Q15-E006,MU_BETA_SHARED,20260925,3.0641381792984035e-11,1.0,2
s50_1_retained_2_t041,50,1,retained_labeled_MI,2,s50.mat,b5df79bb64eb585ff01eb77cc176c9a02964c564dd40a4eeec7764b510950d40,144383,Cho2017,Q15-E006,MU_BETA_SHARED,20260925,3.9585300548089095e-24,1.0,2
s50_1_retained_2_t042,50,1,retained_labeled_MI,2,s50.mat,b5df79bb64eb585ff01eb77cc176c9a02964c564dd40a4eeec7764b510950d40,147967,Cho2017,Q15-E006,MU_BETA_SHARED,20260925,1.420386902272776e-15,1.0,2
s50_1_retained_2_t043,50,1,retained_labeled_MI,2,s50.mat,b5df79bb64eb585ff01eb77cc176c9a02964c564dd40a4eeec7764b510950d40,151551,Cho2017,Q15-E006,MU_BETA_SHARED,20260925,3.30355909294866e-10,1.0,2
s50_1_retained_2_t044,50,1,retained_labeled_MI,2,s50.mat,b5df79bb64eb585ff01eb77cc176c9a02964c564dd40a4eeec7764b510950d40,155135,Cho2017,Q15-E006,MU_BETA_SHARED,20260925,1.305061059220236e-09,1.0,2
s50_1_retained_2_t045,50,1,retained_labeled_MI,2,s50.mat,b5df79bb64eb585ff01eb77cc176c9a02964c564dd40a4eeec7764b510950d40,158719,Cho2017,Q15-E006,MU_BETA_SHARED,20260925,2.8458000400632955e-09,1.0,2
s50_1_retained_2_t046,50,1,retained_labeled_MI,2,s50.mat,b5df79bb64eb585ff01eb77cc176c9a02964c564dd40a4eeec7764b510950d40,162303,Cho2017,Q15-E006,MU_BETA_SHARED,20260925,1.069308308565553e-09,1.0,2
s50_1_retained_2_t047,50,1,retained_labeled_MI,2,s50.mat,b5df79bb64eb585ff01eb77cc176c9a02964c564dd40a4eeec7764b510950d40,165887,Cho2017,Q15-E006,MU_BETA_SHARED,20260925,6.079579895068576e-11,1.0,2
s50_1_retained_2_t048,50,1,retained_labeled_MI,2,s50.mat,b5df79bb64eb585ff01eb77cc176c9a02964c564dd40a4eeec7764b510950d40,169471,Cho2017,Q15-E006,MU_BETA_SHARED,20260925,2.877113048266895e-19,1.0,2
s50_1_retained_2_t049,50,1,retained_labeled_MI,2,s50.mat,b5df79bb64eb585ff01eb77cc176c9a02964c564dd40a4eeec7764b510950d40,173055,Cho2017,Q15-E006,MU_BETA_SHARED,20260925,1.815206275861814e-30,1.0,2
s50_1_retained_2_t050,50,1,retained_labeled_MI,2,s50.mat,b5df79bb64eb585ff01eb77cc176c9a02964c564dd40a4eeec7764b510950d40,176639,Cho2017,Q15-E006,MU_BETA_SHARED,20260925,4.370129748239147e-37,1.0,2
s50_1_retained_2_t051,50,1,retained_labeled_MI,2,s50.mat,b5df79bb64eb585ff01eb77cc176c9a02964c564dd40a4eeec7764b510950d40,180223,Cho2017,Q15-E006,MU_BETA_SHARED,20260925,2.7565582612005803e-26,1.0,2
s50_1_retained_2_t052,50,1,retained_labeled_MI,2,s50.mat,b5df79bb64eb585ff01eb77cc176c9a02964c564dd40a4eeec7764b510950d40,183807,Cho2017,Q15-E006,MU_BETA_SHARED,20260925,7.606105849322642e-12,1.0,2
s50_1_retained_2_t053,50,1,retained_labeled_MI,2,s50.mat,b5df79bb64eb585ff01eb77cc176c9a02964c564dd40a4eeec7764b510950d40,187391,Cho2017,Q15-E006,MU_BETA_SHARED,20260925,3.422810366846207e-21,1.0,2
s50_1_retained_2_t054,50,1,retained_labeled_MI,2,s50.mat,b5df79bb64eb585ff01eb77cc176c9a02964c564dd40a4eeec7764b510950d40,190975,Cho2017,Q15-E006,MU_BETA_SHARED,20260925,3.4348777155912558e-09,1.0,2
s50_1_retained_2_t055,50,1,retained_labeled_MI,2,s50.mat,b5df79bb64eb585ff01eb77cc176c9a02964c564dd40a4eeec7764b510950d40,194559,Cho2017,Q15-E006,MU_BETA_SHARED,20260925,9.853861060449276e-10,1.0,2
s50_1_retained_2_t056,50,1,retained_labeled_MI,2,s50.mat,b5df79bb64eb585ff01eb77cc176c9a02964c564dd40a4eeec7764b510950d40,198143,Cho2017,Q15-E006,MU_BETA_SHARED,20260925,4.3487162655619915e-12,1.0,2
s50_1_retained_2_t057,50,1,retained_labeled_MI,2,s50.mat,b5df79bb64eb585ff01eb77cc176c9a02964c564dd40a4eeec7764b510950d40,201727,Cho2017,Q15-E006,MU_BETA_SHARED,20260925,5.587228596448668e-12,1.0,2
s50_1_retained_2_t058,50,1,retained_labeled_MI,2,s50.mat,b5df79bb64eb585ff01eb77cc176c9a02964c564dd40a4eeec7764b510950d40,205311,Cho2017,Q15-E006,MU_BETA_SHARED,20260925,1.370366881605422e-23,1.0,2
s50_1_retained_2_t059,50,1,retained_labeled_MI,2,s50.mat,b5df79bb64eb585ff01eb77cc176c9a02964c564dd40a4eeec7764b510950d40,208895,Cho2017,Q15-E006,MU_BETA_SHARED,20260925,3.2648191853929405e-23,1.0,2
s50_1_retained_2_t060,50,1,retained_labeled_MI,2,s50.mat,b5df79bb64eb585ff01eb77cc176c9a02964c564dd40a4eeec7764b510950d40,212479,Cho2017,Q15-E006,MU_BETA_SHARED,20260925,0.9881894588470459,0.011810527183115482,1
s50_1_retained_2_t061,50,1,retained_labeled_MI,2,s50.mat,b5df79bb64eb585ff01eb77cc176c9a02964c564dd40a4eeec7764b510950d40,216063,Cho2017,Q15-E006,MU_BETA_SHARED,20260925,4.54512846772559e-05,0.9999545812606812,2
s50_1_retained_2_t062,50,1,retained_labeled_MI,2,s50.mat,b5df79bb64eb585ff01eb77cc176c9a02964c564dd40a4eeec7764b510950d40,219647,Cho2017,Q15-E006,MU_BETA_SHARED,20260925,8.375530304027823e-12,1.0,2
s50_1_retained_2_t063,50,1,retained_labeled_MI,2,s50.mat,b5df79bb64eb585ff01eb77cc176c9a02964c564dd40a4eeec7764b510950d40,223231,Cho2017,Q15-E006,MU_BETA_SHARED,20260925,5.833678540234644e-10,1.0,2
s50_1_retained_2_t064,50,1,retained_labeled_MI,2,s50.mat,b5df79bb64eb585ff01eb77cc176c9a02964c564dd40a4eeec7764b510950d40,226815,Cho2017,Q15-E006,MU_BETA_SHARED,20260925,8.351488632460857e-16,1.0,2
s50_1_retained_2_t065,50,1,retained_labeled_MI,2,s50.mat,b5df79bb64eb585ff01eb77cc176c9a02964c564dd40a4eeec7764b510950d40,230399,Cho2017,Q15-E006,MU_BETA_SHARED,20260925,1.6701595662027557e-10,1.0,2
s50_1_retained_2_t066,50,1,retained_labeled_MI,2,s50.mat,b5df79bb64eb585ff01eb77cc176c9a02964c564dd40a4eeec7764b510950d40,233983,Cho2017,Q15-E006,MU_BETA_SHARED,20260925,2.335731382974865e-20,1.0,2
s50_1_retained_2_t067,50,1,retained_labeled_MI,2,s50.mat,b5df79bb64eb585ff01eb77cc176c9a02964c564dd40a4eeec7764b510950d40,237567,Cho2017,Q15-E006,MU_BETA_SHARED,20260925,2.0002738495061213e-28,1.0,2
s50_1_retained_2_t068,50,1,retained_labeled_MI,2,s50.mat,b5df79bb64eb585ff01eb77cc176c9a02964c564dd40a4eeec7764b510950d40,241151,Cho2017,Q15-E006,MU_BETA_SHARED,20260925,2.989120137140151e-21,1.0,2
s50_1_retained_2_t069,50,1,retained_labeled_MI,2,s50.mat,b5df79bb64eb585ff01eb77cc176c9a02964c564dd40a4eeec7764b510950d40,244735,Cho2017,Q15-E006,MU_BETA_SHARED,20260925,2.931646874023893e-17,1.0,2
s50_1_retained_2_t070,50,1,retained_labeled_MI,2,s50.mat,b5df79bb64eb585ff01eb77cc176c9a02964c564dd40a4eeec7764b510950d40,248319,Cho2017,Q15-E006,MU_BETA_SHARED,20260925,9.063200190340126e-10,1.0,2
s50_1_retained_2_t071,50,1,retained_labeled_MI,2,s50.mat,b5df79bb64eb585ff01eb77cc176c9a02964c564dd40a4eeec7764b510950d40,251903,Cho2017,Q15-E006,MU_BETA_SHARED,20260925,0.9981690645217896,0.0018309304723516107,1
s50_1_retained_2_t072,50,1,retained_labeled_MI,2,s50.mat,b5df79bb64eb585ff01eb77cc176c9a02964c564dd40a4eeec7764b510950d40,255487,Cho2017,Q15-E006,MU_BETA_SHARED,20260925,1.0,1.1123884036123854e-09,1
s50_1_retained_2_t073,50,1,retained_labeled_MI,2,s50.mat,b5df79bb64eb585ff01eb77cc176c9a02964c564dd40a4eeec7764b510950d40,259071,Cho2017,Q15-E006,MU_BETA_SHARED,20260925,1.445913918110553e-12,1.0,2
s50_1_retained_2_t074,50,1,retained_labeled_MI,2,s50.mat,b5df79bb64eb585ff01eb77cc176c9a02964c564dd40a4eeec7764b510950d40,262655,Cho2017,Q15-E006,MU_BETA_SHARED,20260925,1.4215451038523952e-10,1.0,2
s50_1_retained_2_t075,50,1,retained_labeled_MI,2,s50.mat,b5df79bb64eb585ff01eb77cc176c9a02964c564dd40a4eeec7764b510950d40,266239,Cho2017,Q15-E006,MU_BETA_SHARED,20260925,2.005224652990023e-09,1.0,2
s50_1_retained_2_t076,50,1,retained_labeled_MI,2,s50.mat,b5df79bb64eb585ff01eb77cc176c9a02964c564dd40a4eeec7764b510950d40,269823,Cho2017,Q15-E006,MU_BETA_SHARED,20260925,0.0,1.0,2
s50_1_retained_2_t077,50,1,retained_labeled_MI,2,s50.mat,b5df79bb64eb585ff01eb77cc176c9a02964c564dd40a4eeec7764b510950d40,273407,Cho2017,Q15-E006,MU_BETA_SHARED,20260925,7.715175165401433e-09,1.0,2
s50_1_retained_2_t078,50,1,retained_labeled_MI,2,s50.mat,b5df79bb64eb585ff01eb77cc176c9a02964c564dd40a4eeec7764b510950d40,276991,Cho2017,Q15-E006,MU_BETA_SHARED,20260925,0.07095777988433838,0.9290421605110168,2
s50_1_retained_2_t079,50,1,retained_labeled_MI,2,s50.mat,b5df79bb64eb585ff01eb77cc176c9a02964c564dd40a4eeec7764b510950d40,280575,Cho2017,Q15-E006,MU_BETA_SHARED,20260925,2.3992491457619795e-16,1.0,2
s50_1_retained_2_t080,50,1,retained_labeled_MI,2,s50.mat,b5df79bb64eb585ff01eb77cc176c9a02964c564dd40a4eeec7764b510950d40,284159,Cho2017,Q15-E006,MU_BETA_SHARED,20260925,2.2541831682515445e-12,1.0,2
s50_1_retained_2_t081,50,1,retained_labeled_MI,2,s50.mat,b5df79bb64eb585ff01eb77cc176c9a02964c564dd40a4eeec7764b510950d40,287743,Cho2017,Q15-E006,MU_BETA_SHARED,20260925,4.956200727601612e-11,1.0,2
s50_1_retained_2_t082,50,1,retained_labeled_MI,2,s50.mat,b5df79bb64eb585ff01eb77cc176c9a02964c564dd40a4eeec7764b510950d40,291327,Cho2017,Q15-E006,MU_BETA_SHARED,20260925,0.9744278788566589,0.025572115555405617,1
s50_1_retained_2_t083,50,1,retained_labeled_MI,2,s50.mat,b5df79bb64eb585ff01eb77cc176c9a02964c564dd40a4eeec7764b510950d40,294911,Cho2017,Q15-E006,MU_BETA_SHARED,20260925,0.9999847412109375,1.5275576515705325e-05,1
s50_1_retained_2_t084,50,1,retained_labeled_MI,2,s50.mat,b5df79bb64eb585ff01eb77cc176c9a02964c564dd40a4eeec7764b510950d40,298495,Cho2017,Q15-E006,MU_BETA_SHARED,20260925,4.724184377025153e-10,1.0,2
s50_1_retained_2_t085,50,1,retained_labeled_MI,2,s50.mat,b5df79bb64eb585ff01eb77cc176c9a02964c564dd40a4eeec7764b510950d40,302079,Cho2017,Q15-E006,MU_BETA_SHARED,20260925,1.5137883835336652e-08,1.0,2
s50_1_retained_2_t086,50,1,retained_labeled_MI,2,s50.mat,b5df79bb64eb585ff01eb77cc176c9a02964c564dd40a4eeec7764b510950d40,305663,Cho2017,Q15-E006,MU_BETA_SHARED,20260925,0.9999996423721313,4.146169487739826e-07,1
s50_1_retained_2_t087,50,1,retained_labeled_MI,2,s50.mat,b5df79bb64eb585ff01eb77cc176c9a02964c564dd40a4eeec7764b510950d40,309247,Cho2017,Q15-E006,MU_BETA_SHARED,20260925,0.9970822930335999,0.002917747013270855,1
s50_1_retained_2_t088,50,1,retained_labeled_MI,2,s50.mat,b5df79bb64eb585ff01eb77cc176c9a02964c564dd40a4eeec7764b510950d40,312831,Cho2017,Q15-E006,MU_BETA_SHARED,20260925,0.9999949932098389,4.966659162164433e-06,1
s50_1_retained_2_t089,50,1,retained_labeled_MI,2,s50.mat,b5df79bb64eb585ff01eb77cc176c9a02964c564dd40a4eeec7764b510950d40,316415,Cho2017,Q15-E006,MU_BETA_SHARED,20260925,0.9999896287918091,1.0364460649725515e-05,1
s50_1_retained_2_t090,50,1,retained_labeled_MI,2,s50.mat,b5df79bb64eb585ff01eb77cc176c9a02964c564dd40a4eeec7764b510950d40,319999,Cho2017,Q15-E006,MU_BETA_SHARED,20260925,1.065672859112965e-05,0.99998939037323,2
s50_1_retained_2_t091,50,1,retained_labeled_MI,2,s50.mat,b5df79bb64eb585ff01eb77cc176c9a02964c564dd40a4eeec7764b510950d40,323583,Cho2017,Q15-E006,MU_BETA_SHARED,20260925,7.222310249854758e-11,1.0,2
s50_1_retained_2_t092,50,1,retained_labeled_MI,2,s50.mat,b5df79bb64eb585ff01eb77cc176c9a02964c564dd40a4eeec7764b510950d40,327167,Cho2017,Q15-E006,MU_BETA_SHARED,20260925,0.7910255789756775,0.20897439122200012,1
s50_1_retained_2_t093,50,1,retained_labeled_MI,2,s50.mat,b5df79bb64eb585ff01eb77cc176c9a02964c564dd40a4eeec7764b510950d40,330751,Cho2017,Q15-E006,MU_BETA_SHARED,20260925,0.17124424874782562,0.828755795955658,2
s50_1_retained_2_t094,50,1,retained_labeled_MI,2,s50.mat,b5df79bb64eb585ff01eb77cc176c9a02964c564dd40a4eeec7764b510950d40,334335,Cho2017,Q15-E006,MU_BETA_SHARED,20260925,0.0051607294008135796,0.9948392510414124,2
s50_1_retained_2_t095,50,1,retained_labeled_MI,2,s50.mat,b5df79bb64eb585ff01eb77cc176c9a02964c564dd40a4eeec7764b510950d40,337919,Cho2017,Q15-E006,MU_BETA_SHARED,20260925,0.9999855756759644,1.4415143596124835e-05,1
s50_1_retained_2_t096,50,1,retained_labeled_MI,2,s50.mat,b5df79bb64eb585ff01eb77cc176c9a02964c564dd40a4eeec7764b510950d40,341503,Cho2017,Q15-E006,MU_BETA_SHARED,20260925,0.9896816611289978,0.010318356566131115,1
s50_1_retained_2_t097,50,1,retained_labeled_MI,2,s50.mat,b5df79bb64eb585ff01eb77cc176c9a02964c564dd40a4eeec7764b510950d40,345087,Cho2017,Q15-E006,MU_BETA_SHARED,20260925,2.6000836442108266e-05,0.9999740123748779,2
s50_1_retained_2_t098,50,1,retained_labeled_MI,2,s50.mat,b5df79bb64eb585ff01eb77cc176c9a02964c564dd40a4eeec7764b510950d40,348671,Cho2017,Q15-E006,MU_BETA_SHARED,20260925,1.1745985375455348e-06,0.9999988079071045,2
s50_1_retained_2_t099,50,1,retained_labeled_MI,2,s50.mat,b5df79bb64eb585ff01eb77cc176c9a02964c564dd40a4eeec7764b510950d40,352255,Cho2017,Q15-E006,MU_BETA_SHARED,20260925,1.3271750018417627e-11,1.0,2
s50_1_retained_2_t100,50,1,retained_labeled_MI,2,s50.mat,b5df79bb64eb585ff01eb77cc176c9a02964c564dd40a4eeec7764b510950d40,355839,Cho2017,Q15-E006,MU_BETA_SHARED,20260925,4.569212978822179e-05,0.999954342842102,2
s50_1_retained_1_t001,50,1,retained_labeled_MI,1,s50.mat,b5df79bb64eb585ff01eb77cc176c9a02964c564dd40a4eeec7764b510950d40,1023,Cho2017,Q15-E006,MU_BETA_SHARED,20260926,0.0022664647549390793,0.997733473777771,2
s50_1_retained_1_t002,50,1,retained_labeled_MI,1,s50.mat,b5df79bb64eb585ff01eb77cc176c9a02964c564dd40a4eeec7764b510950d40,4607,Cho2017,Q15-E006,MU_BETA_SHARED,20260926,1.7638775773320958e-07,0.9999998807907104,2
s50_1_retained_1_t003,50,1,retained_labeled_MI,1,s50.mat,b5df79bb64eb585ff01eb77cc176c9a02964c564dd40a4eeec7764b510950d40,8191,Cho2017,Q15-E006,MU_BETA_SHARED,20260926,2.858907599545546e-08,1.0,2
s50_1_retained_1_t004,50,1,retained_labeled_MI,1,s50.mat,b5df79bb64eb585ff01eb77cc176c9a02964c564dd40a4eeec7764b510950d40,11775,Cho2017,Q15-E006,MU_BETA_SHARED,20260926,1.0164119979699793e-12,1.0,2
s50_1_retained_1_t005,50,1,retained_labeled_MI,1,s50.mat,b5df79bb64eb585ff01eb77cc176c9a02964c564dd40a4eeec7764b510950d40,15359,Cho2017,Q15-E006,MU_BETA_SHARED,20260926,3.6822343337981032e-16,1.0,2
s50_1_retained_1_t006,50,1,retained_labeled_MI,1,s50.mat,b5df79bb64eb585ff01eb77cc176c9a02964c564dd40a4eeec7764b510950d40,18943,Cho2017,Q15-E006,MU_BETA_SHARED,20260926,0.9955239295959473,0.004476082511246204,1
s50_1_retained_1_t007,50,1,retained_labeled_MI,1,s50.mat,b5df79bb64eb585ff01eb77cc176c9a02964c564dd40a4eeec7764b510950d40,22527,Cho2017,Q15-E006,MU_BETA_SHARED,20260926,4.029828026830273e-09,1.0,2
s50_1_retained_1_t008,50,1,retained_labeled_MI,1,s50.mat,b5df79bb64eb585ff01eb77cc176c9a02964c564dd40a4eeec7764b510950d40,26111,Cho2017,Q15-E006,MU_BETA_SHARED,20260926,6.290140388782528e-19,1.0,2
s50_1_retained_1_t009,50,1,retained_labeled_MI,1,s50.mat,b5df79bb64eb585ff01eb77cc176c9a02964c564dd40a4eeec7764b510950d40,29695,Cho2017,Q15-E006,MU_BETA_SHARED,20260926,2.0921779586569045e-10,1.0,2
s50_1_retained_1_t010,50,1,retained_labeled_MI,1,s50.mat,b5df79bb64eb585ff01eb77cc176c9a02964c564dd40a4eeec7764b510950d40,33279,Cho2017,Q15-E006,MU_BETA_SHARED,20260926,4.186403668171579e-09,1.0,2
s50_1_retained_1_t011,50,1,retained_labeled_MI,1,s50.mat,b5df79bb64eb585ff01eb77cc176c9a02964c564dd40a4eeec7764b510950d40,36863,Cho2017,Q15-E006,MU_BETA_SHARED,20260926,1.8659125893688566e-12,1.0,2
s50_1_retained_1_t012,50,1,retained_labeled_MI,1,s50.mat,b5df79bb64eb585ff01eb77cc176c9a02964c564dd40a4eeec7764b510950d40,40447,Cho2017,Q15-E006,MU_BETA_SHARED,20260926,4.804614144688843e-14,1.0,2
s50_1_retained_1_t013,50,1,retained_labeled_MI,1,s50.mat,b5df79bb64eb585ff01eb77cc176c9a02964c564dd40a4eeec7764b510950d40,44031,Cho2017,Q15-E006,MU_BETA_SHARED,20260926,2.597765058620638e-10,1.0,2
s50_1_retained_1_t014,50,1,retained_labeled_MI,1,s50.mat,b5df79bb64eb585ff01eb77cc176c9a02964c564dd40a4eeec7764b510950d40,47615,Cho2017,Q15-E006,MU_BETA_SHARED,20260926,1.8863702991528066e-16,1.0,2
s50_1_retained_1_t015,50,1,retained_labeled_MI,1,s50.mat,b5df79bb64eb585ff01eb77cc176c9a02964c564dd40a4eeec7764b510950d40,51199,Cho2017,Q15-E006,MU_BETA_SHARED,20260926,0.001427238923497498,0.9985727071762085,2
s50_1_retained_1_t016,50,1,retained_labeled_MI,1,s50.mat,b5df79bb64eb585ff01eb77cc176c9a02964c564dd40a4eeec7764b510950d40,54783,Cho2017,Q15-E006,MU_BETA_SHARED,20260926,1.0,1.4949684157272713e-08,1
s50_1_retained_1_t017,50,1,retained_labeled_MI,1,s50.mat,b5df79bb64eb585ff01eb77cc176c9a02964c564dd40a4eeec7764b510950d40,58367,Cho2017,Q15-E006,MU_BETA_SHARED,20260926,0.564570426940918,0.43542951345443726,1
s50_1_retained_1_t018,50,1,retained_labeled_MI,1,s50.mat,b5df79bb64eb585ff01eb77cc176c9a02964c564dd40a4eeec7764b510950d40,61951,Cho2017,Q15-E006,MU_BETA_SHARED,20260926,0.9999476671218872,5.228187364991754e-05,1
s50_1_retained_1_t019,50,1,retained_labeled_MI,1,s50.mat,b5df79bb64eb585ff01eb77cc176c9a02964c564dd40a4eeec7764b510950d40,65535,Cho2017,Q15-E006,MU_BETA_SHARED,20260926,0.005355312488973141,0.9946447610855103,2
s50_1_retained_1_t020,50,1,retained_labeled_MI,1,s50.mat,b5df79bb64eb585ff01eb77cc176c9a02964c564dd40a4eeec7764b510950d40,69119,Cho2017,Q15-E006,MU_BETA_SHARED,20260926,0.9999881982803345,1.1800331776612438e-05,1
s50_1_retained_1_t021,50,1,retained_labeled_MI,1,s50.mat,b5df79bb64eb585ff01eb77cc176c9a02964c564dd40a4eeec7764b510950d40,72703,Cho2017,Q15-E006,MU_BETA_SHARED,20260926,0.01420336589217186,0.9857966303825378,2
s50_1_retained_1_t022,50,1,retained_labeled_MI,1,s50.mat,b5df79bb64eb585ff01eb77cc176c9a02964c564dd40a4eeec7764b510950d40,76287,Cho2017,Q15-E006,MU_BETA_SHARED,20260926,3.6618676840793896e-12,1.0,2
s50_1_retained_1_t023,50,1,retained_labeled_MI,1,s50.mat,b5df79bb64eb585ff01eb77cc176c9a02964c564dd40a4eeec7764b510950d40,79871,Cho2017,Q15-E006,MU_BETA_SHARED,20260926,1.2212645547355749e-14,1.0,2
s50_1_retained_1_t024,50,1,retained_labeled_MI,1,s50.mat,b5df79bb64eb585ff01eb77cc176c9a02964c564dd40a4eeec7764b510950d40,83455,Cho2017,Q15-E006,MU_BETA_SHARED,20260926,0.8794505000114441,0.1205495074391365,1
s50_1_retained_1_t025,50,1,retained_labeled_MI,1,s50.mat,b5df79bb64eb585ff01eb77cc176c9a02964c564dd40a4eeec7764b510950d40,87039,Cho2017,Q15-E006,MU_BETA_SHARED,20260926,0.9982764720916748,0.0017234981060028076,1
s50_1_retained_1_t026,50,1,retained_labeled_MI,1,s50.mat,b5df79bb64eb585ff01eb77cc176c9a02964c564dd40a4eeec7764b510950d40,90623,Cho2017,Q15-E006,MU_BETA_SHARED,20260926,7.754083344480023e-05,0.9999223947525024,2
s50_1_retained_1_t027,50,1,retained_labeled_MI,1,s50.mat,b5df79bb64eb585ff01eb77cc176c9a02964c564dd40a4eeec7764b510950d40,94207,Cho2017,Q15-E006,MU_BETA_SHARED,20260926,0.9998887777328491,0.00011116355744889006,1
s50_1_retained_1_t028,50,1,retained_labeled_MI,1,s50.mat,b5df79bb64eb585ff01eb77cc176c9a02964c564dd40a4eeec7764b510950d40,97791,Cho2017,Q15-E006,MU_BETA_SHARED,20260926,2.3190994397737086e-05,0.9999767541885376,2
s50_1_retained_1_t029,50,1,retained_labeled_MI,1,s50.mat,b5df79bb64eb585ff01eb77cc176c9a02964c564dd40a4eeec7764b510950d40,101375,Cho2017,Q15-E006,MU_BETA_SHARED,20260926,1.1600990546867251e-05,0.9999884366989136,2
s50_1_retained_1_t030,50,1,retained_labeled_MI,1,s50.mat,b5df79bb64eb585ff01eb77cc176c9a02964c564dd40a4eeec7764b510950d40,104959,Cho2017,Q15-E006,MU_BETA_SHARED,20260926,1.5394472541174764e-07,0.9999998807907104,2
s50_1_retained_1_t031,50,1,retained_labeled_MI,1,s50.mat,b5df79bb64eb585ff01eb77cc176c9a02964c564dd40a4eeec7764b510950d40,108543,Cho2017,Q15-E006,MU_BETA_SHARED,20260926,0.9995300769805908,0.00046996018500067294,1
s50_1_retained_1_t032,50,1,retained_labeled_MI,1,s50.mat,b5df79bb64eb585ff01eb77cc176c9a02964c564dd40a4eeec7764b510950d40,112127,Cho2017,Q15-E006,MU_BETA_SHARED,20260926,0.9620667099952698,0.03793330118060112,1
s50_1_retained_1_t033,50,1,retained_labeled_MI,1,s50.mat,b5df79bb64eb585ff01eb77cc176c9a02964c564dd40a4eeec7764b510950d40,115711,Cho2017,Q15-E006,MU_BETA_SHARED,20260926,0.004542825743556023,0.9954571723937988,2
s50_1_retained_1_t034,50,1,retained_labeled_MI,1,s50.mat,b5df79bb64eb585ff01eb77cc176c9a02964c564dd40a4eeec7764b510950d40,119295,Cho2017,Q15-E006,MU_BETA_SHARED,20260926,0.9999997615814209,2.778382111046085e-07,1
s50_1_retained_1_t035,50,1,retained_labeled_MI,1,s50.mat,b5df79bb64eb585ff01eb77cc176c9a02964c564dd40a4eeec7764b510950d40,122879,Cho2017,Q15-E006,MU_BETA_SHARED,20260926,3.287946128693875e-06,0.9999966621398926,2
s50_1_retained_1_t036,50,1,retained_labeled_MI,1,s50.mat,b5df79bb64eb585ff01eb77cc176c9a02964c564dd40a4eeec7764b510950d40,126463,Cho2017,Q15-E006,MU_BETA_SHARED,20260926,1.0,1.1229282392832829e-08,1
s50_1_retained_1_t037,50,1,retained_labeled_MI,1,s50.mat,b5df79bb64eb585ff01eb77cc176c9a02964c564dd40a4eeec7764b510950d40,130047,Cho2017,Q15-E006,MU_BETA_SHARED,20260926,0.9999550580978394,4.4971631723456085e-05,1
s50_1_retained_1_t038,50,1,retained_labeled_MI,1,s50.mat,b5df79bb64eb585ff01eb77cc176c9a02964c564dd40a4eeec7764b510950d40,133631,Cho2017,Q15-E006,MU_BETA_SHARED,20260926,2.387304505191423e-07,0.9999997615814209,2
s50_1_retained_1_t039,50,1,retained_labeled_MI,1,s50.mat,b5df79bb64eb585ff01eb77cc176c9a02964c564dd40a4eeec7764b510950d40,137215,Cho2017,Q15-E006,MU_BETA_SHARED,20260926,0.0009879485005512834,0.9990119934082031,2
s50_1_retained_1_t040,50,1,retained_labeled_MI,1,s50.mat,b5df79bb64eb585ff01eb77cc176c9a02964c564dd40a4eeec7764b510950d40,140799,Cho2017,Q15-E006,MU_BETA_SHARED,20260926,0.18899400532245636,0.8110060095787048,2
s50_1_retained_1_t041,50,1,retained_labeled_MI,1,s50.mat,b5df79bb64eb585ff01eb77cc176c9a02964c564dd40a4eeec7764b510950d40,144383,Cho2017,Q15-E006,MU_BETA_SHARED,20260926,5.586034040866705e-20,1.0,2
s50_1_retained_1_t042,50,1,retained_labeled_MI,1,s50.mat,b5df79bb64eb585ff01eb77cc176c9a02964c564dd40a4eeec7764b510950d40,147967,Cho2017,Q15-E006,MU_BETA_SHARED,20260926,2.2380788929319835e-16,1.0,2
s50_1_retained_1_t043,50,1,retained_labeled_MI,1,s50.mat,b5df79bb64eb585ff01eb77cc176c9a02964c564dd40a4eeec7764b510950d40,151551,Cho2017,Q15-E006,MU_BETA_SHARED,20260926,8.655652050955149e-19,1.0,2
s50_1_retained_1_t044,50,1,retained_labeled_MI,1,s50.mat,b5df79bb64eb585ff01eb77cc176c9a02964c564dd40a4eeec7764b510950d40,155135,Cho2017,Q15-E006,MU_BETA_SHARED,20260926,1.4175385746486264e-24,1.0,2
s50_1_retained_1_t045,50,1,retained_labeled_MI,1,s50.mat,b5df79bb64eb585ff01eb77cc176c9a02964c564dd40a4eeec7764b510950d40,158719,Cho2017,Q15-E006,MU_BETA_SHARED,20260926,1.349957984204717e-19,1.0,2
s50_1_retained_1_t046,50,1,retained_labeled_MI,1,s50.mat,b5df79bb64eb585ff01eb77cc176c9a02964c564dd40a4eeec7764b510950d40,162303,Cho2017,Q15-E006,MU_BETA_SHARED,20260926,7.424951036227867e-05,0.9999257326126099,2
s50_1_retained_1_t047,50,1,retained_labeled_MI,1,s50.mat,b5df79bb64eb585ff01eb77cc176c9a02964c564dd40a4eeec7764b510950d40,165887,Cho2017,Q15-E006,MU_BETA_SHARED,20260926,0.0006098458543419838,0.9993901252746582,2
s50_1_retained_1_t048,50,1,retained_labeled_MI,1,s50.mat,b5df79bb64eb585ff01eb77cc176c9a02964c564dd40a4eeec7764b510950d40,169471,Cho2017,Q15-E006,MU_BETA_SHARED,20260926,3.245164485981937e-15,1.0,2
s50_1_retained_1_t049,50,1,retained_labeled_MI,1,s50.mat,b5df79bb64eb585ff01eb77cc176c9a02964c564dd40a4eeec7764b510950d40,173055,Cho2017,Q15-E006,MU_BETA_SHARED,20260926,3.413273735855125e-24,1.0,2
s50_1_retained_1_t050,50,1,retained_labeled_MI,1,s50.mat,b5df79bb64eb585ff01eb77cc176c9a02964c564dd40a4eeec7764b510950d40,176639,Cho2017,Q15-E006,MU_BETA_SHARED,20260926,1.5557842374270357e-20,1.0,2
s50_1_retained_1_t051,50,1,retained_labeled_MI,1,s50.mat,b5df79bb64eb585ff01eb77cc176c9a02964c564dd40a4eeec7764b510950d40,180223,Cho2017,Q15-E006,MU_BETA_SHARED,20260926,4.4195527056046265e-22,1.0,2
s50_1_retained_1_t052,50,1,retained_labeled_MI,1,s50.mat,b5df79bb64eb585ff01eb77cc176c9a02964c564dd40a4eeec7764b510950d40,183807,Cho2017,Q15-E006,MU_BETA_SHARED,20260926,8.732810754361329e-38,1.0,2
s50_1_retained_1_t053,50,1,retained_labeled_MI,1,s50.mat,b5df79bb64eb585ff01eb77cc176c9a02964c564dd40a4eeec7764b510950d40,187391,Cho2017,Q15-E006,MU_BETA_SHARED,20260926,9.674842658569105e-06,0.9999903440475464,2
s50_1_retained_1_t054,50,1,retained_labeled_MI,1,s50.mat,b5df79bb64eb585ff01eb77cc176c9a02964c564dd40a4eeec7764b510950d40,190975,Cho2017,Q15-E006,MU_BETA_SHARED,20260926,4.587446755474102e-14,1.0,2
s50_1_retained_1_t055,50,1,retained_labeled_MI,1,s50.mat,b5df79bb64eb585ff01eb77cc176c9a02964c564dd40a4eeec7764b510950d40,194559,Cho2017,Q15-E006,MU_BETA_SHARED,20260926,2.0440610994541597e-16,1.0,2
s50_1_retained_1_t056,50,1,retained_labeled_MI,1,s50.mat,b5df79bb64eb585ff01eb77cc176c9a02964c564dd40a4eeec7764b510950d40,198143,Cho2017,Q15-E006,MU_BETA_SHARED,20260926,0.9827456474304199,0.017254287376999855,1
s50_1_retained_1_t057,50,1,retained_labeled_MI,1,s50.mat,b5df79bb64eb585ff01eb77cc176c9a02964c564dd40a4eeec7764b510950d40,201727,Cho2017,Q15-E006,MU_BETA_SHARED,20260926,2.6987005963263755e-09,1.0,2
s50_1_retained_1_t058,50,1,retained_labeled_MI,1,s50.mat,b5df79bb64eb585ff01eb77cc176c9a02964c564dd40a4eeec7764b510950d40,205311,Cho2017,Q15-E006,MU_BETA_SHARED,20260926,1.0342388160082192e-13,1.0,2
s50_1_retained_1_t059,50,1,retained_labeled_MI,1,s50.mat,b5df79bb64eb585ff01eb77cc176c9a02964c564dd40a4eeec7764b510950d40,208895,Cho2017,Q15-E006,MU_BETA_SHARED,20260926,6.463392492150888e-05,0.9999353885650635,2
s50_1_retained_1_t060,50,1,retained_labeled_MI,1,s50.mat,b5df79bb64eb585ff01eb77cc176c9a02964c564dd40a4eeec7764b510950d40,212479,Cho2017,Q15-E006,MU_BETA_SHARED,20260926,1.9827330259201408e-20,1.0,2
s50_1_retained_1_t061,50,1,retained_labeled_MI,1,s50.mat,b5df79bb64eb585ff01eb77cc176c9a02964c564dd40a4eeec7764b510950d40,216063,Cho2017,Q15-E006,MU_BETA_SHARED,20260926,0.0001148836308857426,0.999885082244873,2
s50_1_retained_1_t062,50,1,retained_labeled_MI,1,s50.mat,b5df79bb64eb585ff01eb77cc176c9a02964c564dd40a4eeec7764b510950d40,219647,Cho2017,Q15-E006,MU_BETA_SHARED,20260926,9.948692911154744e-12,1.0,2
s50_1_retained_1_t063,50,1,retained_labeled_MI,1,s50.mat,b5df79bb64eb585ff01eb77cc176c9a02964c564dd40a4eeec7764b510950d40,223231,Cho2017,Q15-E006,MU_BETA_SHARED,20260926,9.056735815864474e-33,1.0,2
s50_1_retained_1_t064,50,1,retained_labeled_MI,1,s50.mat,b5df79bb64eb585ff01eb77cc176c9a02964c564dd40a4eeec7764b510950d40,226815,Cho2017,Q15-E006,MU_BETA_SHARED,20260926,5.721873202832153e-24,1.0,2
s50_1_retained_1_t065,50,1,retained_labeled_MI,1,s50.mat,b5df79bb64eb585ff01eb77cc176c9a02964c564dd40a4eeec7764b510950d40,230399,Cho2017,Q15-E006,MU_BETA_SHARED,20260926,7.0309565461390555e-12,1.0,2
s50_1_retained_1_t066,50,1,retained_labeled_MI,1,s50.mat,b5df79bb64eb585ff01eb77cc176c9a02964c564dd40a4eeec7764b510950d40,233983,Cho2017,Q15-E006,MU_BETA_SHARED,20260926,4.952465133101214e-06,0.9999949932098389,2
s50_1_retained_1_t067,50,1,retained_labeled_MI,1,s50.mat,b5df79bb64eb585ff01eb77cc176c9a02964c564dd40a4eeec7764b510950d40,237567,Cho2017,Q15-E006,MU_BETA_SHARED,20260926,6.483923265030741e-26,1.0,2
s50_1_retained_1_t068,50,1,retained_labeled_MI,1,s50.mat,b5df79bb64eb585ff01eb77cc176c9a02964c564dd40a4eeec7764b510950d40,241151,Cho2017,Q15-E006,MU_BETA_SHARED,20260926,1.5146546126706961e-12,1.0,2
s50_1_retained_1_t069,50,1,retained_labeled_MI,1,s50.mat,b5df79bb64eb585ff01eb77cc176c9a02964c564dd40a4eeec7764b510950d40,244735,Cho2017,Q15-E006,MU_BETA_SHARED,20260926,3.7867295077376184e-08,1.0,2
s50_1_retained_1_t070,50,1,retained_labeled_MI,1,s50.mat,b5df79bb64eb585ff01eb77cc176c9a02964c564dd40a4eeec7764b510950d40,248319,Cho2017,Q15-E006,MU_BETA_SHARED,20260926,3.107626352430448e-12,1.0,2
s50_1_retained_1_t071,50,1,retained_labeled_MI,1,s50.mat,b5df79bb64eb585ff01eb77cc176c9a02964c564dd40a4eeec7764b510950d40,251903,Cho2017,Q15-E006,MU_BETA_SHARED,20260926,9.888688479176011e-11,1.0,2
s50_1_retained_1_t072,50,1,retained_labeled_MI,1,s50.mat,b5df79bb64eb585ff01eb77cc176c9a02964c564dd40a4eeec7764b510950d40,255487,Cho2017,Q15-E006,MU_BETA_SHARED,20260926,2.4497504719223073e-12,1.0,2
s50_1_retained_1_t073,50,1,retained_labeled_MI,1,s50.mat,b5df79bb64eb585ff01eb77cc176c9a02964c564dd40a4eeec7764b510950d40,259071,Cho2017,Q15-E006,MU_BETA_SHARED,20260926,1.1052403533129331e-16,1.0,2
s50_1_retained_1_t074,50,1,retained_labeled_MI,1,s50.mat,b5df79bb64eb585ff01eb77cc176c9a02964c564dd40a4eeec7764b510950d40,262655,Cho2017,Q15-E006,MU_BETA_SHARED,20260926,1.0752314980040404e-16,1.0,2
s50_1_retained_1_t075,50,1,retained_labeled_MI,1,s50.mat,b5df79bb64eb585ff01eb77cc176c9a02964c564dd40a4eeec7764b510950d40,266239,Cho2017,Q15-E006,MU_BETA_SHARED,20260926,0.00024786469293758273,0.9997521042823792,2
s50_1_retained_1_t076,50,1,retained_labeled_MI,1,s50.mat,b5df79bb64eb585ff01eb77cc176c9a02964c564dd40a4eeec7764b510950d40,269823,Cho2017,Q15-E006,MU_BETA_SHARED,20260926,3.9068928162239123e-17,1.0,2
s50_1_retained_1_t077,50,1,retained_labeled_MI,1,s50.mat,b5df79bb64eb585ff01eb77cc176c9a02964c564dd40a4eeec7764b510950d40,273407,Cho2017,Q15-E006,MU_BETA_SHARED,20260926,1.9656098508653647e-18,1.0,2
s50_1_retained_1_t078,50,1,retained_labeled_MI,1,s50.mat,b5df79bb64eb585ff01eb77cc176c9a02964c564dd40a4eeec7764b510950d40,276991,Cho2017,Q15-E006,MU_BETA_SHARED,20260926,7.532769927820482e-07,0.9999992847442627,2
s50_1_retained_1_t079,50,1,retained_labeled_MI,1,s50.mat,b5df79bb64eb585ff01eb77cc176c9a02964c564dd40a4eeec7764b510950d40,280575,Cho2017,Q15-E006,MU_BETA_SHARED,20260926,1.4415515448007454e-09,1.0,2
s50_1_retained_1_t080,50,1,retained_labeled_MI,1,s50.mat,b5df79bb64eb585ff01eb77cc176c9a02964c564dd40a4eeec7764b510950d40,284159,Cho2017,Q15-E006,MU_BETA_SHARED,20260926,1.237529811959348e-08,1.0,2
s50_1_retained_1_t081,50,1,retained_labeled_MI,1,s50.mat,b5df79bb64eb585ff01eb77cc176c9a02964c564dd40a4eeec7764b510950d40,287743,Cho2017,Q15-E006,MU_BETA_SHARED,20260926,7.589759479742497e-05,0.9999240636825562,2
s50_1_retained_1_t082,50,1,retained_labeled_MI,1,s50.mat,b5df79bb64eb585ff01eb77cc176c9a02964c564dd40a4eeec7764b510950d40,291327,Cho2017,Q15-E006,MU_BETA_SHARED,20260926,3.472320742048396e-08,1.0,2
s50_1_retained_1_t083,50,1,retained_labeled_MI,1,s50.mat,b5df79bb64eb585ff01eb77cc176c9a02964c564dd40a4eeec7764b510950d40,294911,Cho2017,Q15-E006,MU_BETA_SHARED,20260926,4.6209379434003495e-06,0.9999953508377075,2
s50_1_retained_1_t084,50,1,retained_labeled_MI,1,s50.mat,b5df79bb64eb585ff01eb77cc176c9a02964c564dd40a4eeec7764b510950d40,298495,Cho2017,Q15-E006,MU_BETA_SHARED,20260926,0.2579931616783142,0.742006778717041,2
s50_1_retained_1_t085,50,1,retained_labeled_MI,1,s50.mat,b5df79bb64eb585ff01eb77cc176c9a02964c564dd40a4eeec7764b510950d40,302079,Cho2017,Q15-E006,MU_BETA_SHARED,20260926,1.0,2.848296876134526e-10,1
s50_1_retained_1_t086,50,1,retained_labeled_MI,1,s50.mat,b5df79bb64eb585ff01eb77cc176c9a02964c564dd40a4eeec7764b510950d40,305663,Cho2017,Q15-E006,MU_BETA_SHARED,20260926,1.930788675963413e-05,0.9999806880950928,2
s50_1_retained_1_t087,50,1,retained_labeled_MI,1,s50.mat,b5df79bb64eb585ff01eb77cc176c9a02964c564dd40a4eeec7764b510950d40,309247,Cho2017,Q15-E006,MU_BETA_SHARED,20260926,2.233828809039551e-06,0.9999977350234985,2
s50_1_retained_1_t088,50,1,retained_labeled_MI,1,s50.mat,b5df79bb64eb585ff01eb77cc176c9a02964c564dd40a4eeec7764b510950d40,312831,Cho2017,Q15-E006,MU_BETA_SHARED,20260926,0.6931322813034058,0.30686768889427185,1
s50_1_retained_1_t089,50,1,retained_labeled_MI,1,s50.mat,b5df79bb64eb585ff01eb77cc176c9a02964c564dd40a4eeec7764b510950d40,316415,Cho2017,Q15-E006,MU_BETA_SHARED,20260926,2.98991551517247e-08,1.0,2
s50_1_retained_1_t090,50,1,retained_labeled_MI,1,s50.mat,b5df79bb64eb585ff01eb77cc176c9a02964c564dd40a4eeec7764b510950d40,319999,Cho2017,Q15-E006,MU_BETA_SHARED,20260926,9.6430541329795e-10,1.0,2
s50_1_retained_1_t091,50,1,retained_labeled_MI,1,s50.mat,b5df79bb64eb585ff01eb77cc176c9a02964c564dd40a4eeec7764b510950d40,323583,Cho2017,Q15-E006,MU_BETA_SHARED,20260926,0.0004112080205231905,0.9995887875556946,2
s50_1_retained_1_t092,50,1,retained_labeled_MI,1,s50.mat,b5df79bb64eb585ff01eb77cc176c9a02964c564dd40a4eeec7764b510950d40,327167,Cho2017,Q15-E006,MU_BETA_SHARED,20260926,7.216779340524226e-05,0.9999278783798218,2
s50_1_retained_1_t093,50,1,retained_labeled_MI,1,s50.mat,b5df79bb64eb585ff01eb77cc176c9a02964c564dd40a4eeec7764b510950d40,330751,Cho2017,Q15-E006,MU_BETA_SHARED,20260926,0.10055523365736008,0.8994448184967041,2
s50_1_retained_1_t094,50,1,retained_labeled_MI,1,s50.mat,b5df79bb64eb585ff01eb77cc176c9a02964c564dd40a4eeec7764b510950d40,334335,Cho2017,Q15-E006,MU_BETA_SHARED,20260926,1.4275926794871108e-11,1.0,2
s50_1_retained_1_t095,50,1,retained_labeled_MI,1,s50.mat,b5df79bb64eb585ff01eb77cc176c9a02964c564dd40a4eeec7764b510950d40,337919,Cho2017,Q15-E006,MU_BETA_SHARED,20260926,3.804862783347851e-13,1.0,2
s50_1_retained_1_t096,50,1,retained_labeled_MI,1,s50.mat,b5df79bb64eb585ff01eb77cc176c9a02964c564dd40a4eeec7764b510950d40,341503,Cho2017,Q15-E006,MU_BETA_SHARED,20260926,0.9996029734611511,0.00039708707481622696,1
s50_1_retained_1_t097,50,1,retained_labeled_MI,1,s50.mat,b5df79bb64eb585ff01eb77cc176c9a02964c564dd40a4eeec7764b510950d40,345087,Cho2017,Q15-E006,MU_BETA_SHARED,20260926,0.9999328851699829,6.708507135044783e-05,1
s50_1_retained_1_t098,50,1,retained_labeled_MI,1,s50.mat,b5df79bb64eb585ff01eb77cc176c9a02964c564dd40a4eeec7764b510950d40,348671,Cho2017,Q15-E006,MU_BETA_SHARED,20260926,0.0023127077147364616,0.9976873397827148,2
s50_1_retained_1_t099,50,1,retained_labeled_MI,1,s50.mat,b5df79bb64eb585ff01eb77cc176c9a02964c564dd40a4eeec7764b510950d40,352255,Cho2017,Q15-E006,MU_BETA_SHARED,20260926,0.17835034430027008,0.8216496109962463,2
s50_1_retained_1_t100,50,1,retained_labeled_MI,1,s50.mat,b5df79bb64eb585ff01eb77cc176c9a02964c564dd40a4eeec7764b510950d40,355839,Cho2017,Q15-E006,MU_BETA_SHARED,20260926,0.9873364567756653,0.012663543224334717,1
s50_1_retained_2_t001,50,1,retained_labeled_MI,2,s50.mat,b5df79bb64eb585ff01eb77cc176c9a02964c564dd40a4eeec7764b510950d40,1023,Cho2017,Q15-E006,MU_BETA_SHARED,20260926,0.03310494124889374,0.9668951034545898,2
s50_1_retained_2_t002,50,1,retained_labeled_MI,2,s50.mat,b5df79bb64eb585ff01eb77cc176c9a02964c564dd40a4eeec7764b510950d40,4607,Cho2017,Q15-E006,MU_BETA_SHARED,20260926,3.5975060086457233e-07,0.9999996423721313,2
s50_1_retained_2_t003,50,1,retained_labeled_MI,2,s50.mat,b5df79bb64eb585ff01eb77cc176c9a02964c564dd40a4eeec7764b510950d40,8191,Cho2017,Q15-E006,MU_BETA_SHARED,20260926,1.0430385396532904e-13,1.0,2
s50_1_retained_2_t004,50,1,retained_labeled_MI,2,s50.mat,b5df79bb64eb585ff01eb77cc176c9a02964c564dd40a4eeec7764b510950d40,11775,Cho2017,Q15-E006,MU_BETA_SHARED,20260926,4.276597792340908e-06,0.9999957084655762,2
s50_1_retained_2_t005,50,1,retained_labeled_MI,2,s50.mat,b5df79bb64eb585ff01eb77cc176c9a02964c564dd40a4eeec7764b510950d40,15359,Cho2017,Q15-E006,MU_BETA_SHARED,20260926,3.6869064658912043e-13,1.0,2
s50_1_retained_2_t006,50,1,retained_labeled_MI,2,s50.mat,b5df79bb64eb585ff01eb77cc176c9a02964c564dd40a4eeec7764b510950d40,18943,Cho2017,Q15-E006,MU_BETA_SHARED,20260926,6.68437948317496e-21,1.0,2
s50_1_retained_2_t007,50,1,retained_labeled_MI,2,s50.mat,b5df79bb64eb585ff01eb77cc176c9a02964c564dd40a4eeec7764b510950d40,22527,Cho2017,Q15-E006,MU_BETA_SHARED,20260926,1.5390516023490567e-25,1.0,2
s50_1_retained_2_t008,50,1,retained_labeled_MI,2,s50.mat,b5df79bb64eb585ff01eb77cc176c9a02964c564dd40a4eeec7764b510950d40,26111,Cho2017,Q15-E006,MU_BETA_SHARED,20260926,0.00047067453851923347,0.9995293617248535,2
s50_1_retained_2_t009,50,1,retained_labeled_MI,2,s50.mat,b5df79bb64eb585ff01eb77cc176c9a02964c564dd40a4eeec7764b510950d40,29695,Cho2017,Q15-E006,MU_BETA_SHARED,20260926,1.046544361588131e-12,1.0,2
s50_1_retained_2_t010,50,1,retained_labeled_MI,2,s50.mat,b5df79bb64eb585ff01eb77cc176c9a02964c564dd40a4eeec7764b510950d40,33279,Cho2017,Q15-E006,MU_BETA_SHARED,20260926,3.032227179305784e-14,1.0,2
s50_1_retained_2_t011,50,1,retained_labeled_MI,2,s50.mat,b5df79bb64eb585ff01eb77cc176c9a02964c564dd40a4eeec7764b510950d40,36863,Cho2017,Q15-E006,MU_BETA_SHARED,20260926,7.0535381192522034e-15,1.0,2
s50_1_retained_2_t012,50,1,retained_labeled_MI,2,s50.mat,b5df79bb64eb585ff01eb77cc176c9a02964c564dd40a4eeec7764b510950d40,40447,Cho2017,Q15-E006,MU_BETA_SHARED,20260926,4.679415732723212e-18,1.0,2
s50_1_retained_2_t013,50,1,retained_labeled_MI,2,s50.mat,b5df79bb64eb585ff01eb77cc176c9a02964c564dd40a4eeec7764b510950d40,44031,Cho2017,Q15-E006,MU_BETA_SHARED,20260926,4.422603083753529e-08,1.0,2
s50_1_retained_2_t014,50,1,retained_labeled_MI,2,s50.mat,b5df79bb64eb585ff01eb77cc176c9a02964c564dd40a4eeec7764b510950d40,47615,Cho2017,Q15-E006,MU_BETA_SHARED,20260926,1.0,6.499874527499117e-10,1
s50_1_retained_2_t015,50,1,retained_labeled_MI,2,s50.mat,b5df79bb64eb585ff01eb77cc176c9a02964c564dd40a4eeec7764b510950d40,51199,Cho2017,Q15-E006,MU_BETA_SHARED,20260926,2.3082598090695683e-06,0.9999977350234985,2
s50_1_retained_2_t016,50,1,retained_labeled_MI,2,s50.mat,b5df79bb64eb585ff01eb77cc176c9a02964c564dd40a4eeec7764b510950d40,54783,Cho2017,Q15-E006,MU_BETA_SHARED,20260926,4.3811777317159795e-08,1.0,2
s50_1_retained_2_t017,50,1,retained_labeled_MI,2,s50.mat,b5df79bb64eb585ff01eb77cc176c9a02964c564dd40a4eeec7764b510950d40,58367,Cho2017,Q15-E006,MU_BETA_SHARED,20260926,3.2577906949882163e-07,0.9999996423721313,2
s50_1_retained_2_t018,50,1,retained_labeled_MI,2,s50.mat,b5df79bb64eb585ff01eb77cc176c9a02964c564dd40a4eeec7764b510950d40,61951,Cho2017,Q15-E006,MU_BETA_SHARED,20260926,9.079383858079382e-07,0.9999990463256836,2
s50_1_retained_2_t019,50,1,retained_labeled_MI,2,s50.mat,b5df79bb64eb585ff01eb77cc176c9a02964c564dd40a4eeec7764b510950d40,65535,Cho2017,Q15-E006,MU_BETA_SHARED,20260926,0.0016311373328790069,0.9983689188957214,2
s50_1_retained_2_t020,50,1,retained_labeled_MI,2,s50.mat,b5df79bb64eb585ff01eb77cc176c9a02964c564dd40a4eeec7764b510950d40,69119,Cho2017,Q15-E006,MU_BETA_SHARED,20260926,0.9608578681945801,0.03914215788245201,1
s50_1_retained_2_t021,50,1,retained_labeled_MI,2,s50.mat,b5df79bb64eb585ff01eb77cc176c9a02964c564dd40a4eeec7764b510950d40,72703,Cho2017,Q15-E006,MU_BETA_SHARED,20260926,1.66178253380167e-07,0.9999998807907104,2
s50_1_retained_2_t022,50,1,retained_labeled_MI,2,s50.mat,b5df79bb64eb585ff01eb77cc176c9a02964c564dd40a4eeec7764b510950d40,76287,Cho2017,Q15-E006,MU_BETA_SHARED,20260926,0.008197684772312641,0.9918022751808167,2
s50_1_retained_2_t023,50,1,retained_labeled_MI,2,s50.mat,b5df79bb64eb585ff01eb77cc176c9a02964c564dd40a4eeec7764b510950d40,79871,Cho2017,Q15-E006,MU_BETA_SHARED,20260926,1.774227737384032e-13,1.0,2
s50_1_retained_2_t024,50,1,retained_labeled_MI,2,s50.mat,b5df79bb64eb585ff01eb77cc176c9a02964c564dd40a4eeec7764b510950d40,83455,Cho2017,Q15-E006,MU_BETA_SHARED,20260926,0.23943307995796204,0.7605668902397156,2
s50_1_retained_2_t025,50,1,retained_labeled_MI,2,s50.mat,b5df79bb64eb585ff01eb77cc176c9a02964c564dd40a4eeec7764b510950d40,87039,Cho2017,Q15-E006,MU_BETA_SHARED,20260926,8.407834151125115e-11,1.0,2
s50_1_retained_2_t026,50,1,retained_labeled_MI,2,s50.mat,b5df79bb64eb585ff01eb77cc176c9a02964c564dd40a4eeec7764b510950d40,90623,Cho2017,Q15-E006,MU_BETA_SHARED,20260926,2.548535485402681e-05,0.9999744892120361,2
s50_1_retained_2_t027,50,1,retained_labeled_MI,2,s50.mat,b5df79bb64eb585ff01eb77cc176c9a02964c564dd40a4eeec7764b510950d40,94207,Cho2017,Q15-E006,MU_BETA_SHARED,20260926,0.00010388926602900028,0.9998960494995117,2
s50_1_retained_2_t028,50,1,retained_labeled_MI,2,s50.mat,b5df79bb64eb585ff01eb77cc176c9a02964c564dd40a4eeec7764b510950d40,97791,Cho2017,Q15-E006,MU_BETA_SHARED,20260926,1.8244235874646797e-13,1.0,2
s50_1_retained_2_t029,50,1,retained_labeled_MI,2,s50.mat,b5df79bb64eb585ff01eb77cc176c9a02964c564dd40a4eeec7764b510950d40,101375,Cho2017,Q15-E006,MU_BETA_SHARED,20260926,0.0008286917582154274,0.9991713762283325,2
s50_1_retained_2_t030,50,1,retained_labeled_MI,2,s50.mat,b5df79bb64eb585ff01eb77cc176c9a02964c564dd40a4eeec7764b510950d40,104959,Cho2017,Q15-E006,MU_BETA_SHARED,20260926,2.574551960510263e-10,1.0,2
s50_1_retained_2_t031,50,1,retained_labeled_MI,2,s50.mat,b5df79bb64eb585ff01eb77cc176c9a02964c564dd40a4eeec7764b510950d40,108543,Cho2017,Q15-E006,MU_BETA_SHARED,20260926,1.3055791896476876e-06,0.9999986886978149,2
s50_1_retained_2_t032,50,1,retained_labeled_MI,2,s50.mat,b5df79bb64eb585ff01eb77cc176c9a02964c564dd40a4eeec7764b510950d40,112127,Cho2017,Q15-E006,MU_BETA_SHARED,20260926,2.0737306272167189e-07,0.9999997615814209,2
s50_1_retained_2_t033,50,1,retained_labeled_MI,2,s50.mat,b5df79bb64eb585ff01eb77cc176c9a02964c564dd40a4eeec7764b510950d40,115711,Cho2017,Q15-E006,MU_BETA_SHARED,20260926,0.9999872446060181,1.2760709068970755e-05,1
s50_1_retained_2_t034,50,1,retained_labeled_MI,2,s50.mat,b5df79bb64eb585ff01eb77cc176c9a02964c564dd40a4eeec7764b510950d40,119295,Cho2017,Q15-E006,MU_BETA_SHARED,20260926,1.5338140713083703e-07,0.9999998807907104,2
s50_1_retained_2_t035,50,1,retained_labeled_MI,2,s50.mat,b5df79bb64eb585ff01eb77cc176c9a02964c564dd40a4eeec7764b510950d40,122879,Cho2017,Q15-E006,MU_BETA_SHARED,20260926,1.0,1.3048645497448774e-09,1
s50_1_retained_2_t036,50,1,retained_labeled_MI,2,s50.mat,b5df79bb64eb585ff01eb77cc176c9a02964c564dd40a4eeec7764b510950d40,126463,Cho2017,Q15-E006,MU_BETA_SHARED,20260926,0.00510730454698205,0.9948927164077759,2
s50_1_retained_2_t037,50,1,retained_labeled_MI,2,s50.mat,b5df79bb64eb585ff01eb77cc176c9a02964c564dd40a4eeec7764b510950d40,130047,Cho2017,Q15-E006,MU_BETA_SHARED,20260926,0.0001382970658596605,0.9998617172241211,2
s50_1_retained_2_t038,50,1,retained_labeled_MI,2,s50.mat,b5df79bb64eb585ff01eb77cc176c9a02964c564dd40a4eeec7764b510950d40,133631,Cho2017,Q15-E006,MU_BETA_SHARED,20260926,0.003589657135307789,0.9964103102684021,2
s50_1_retained_2_t039,50,1,retained_labeled_MI,2,s50.mat,b5df79bb64eb585ff01eb77cc176c9a02964c564dd40a4eeec7764b510950d40,137215,Cho2017,Q15-E006,MU_BETA_SHARED,20260926,0.007289409171789885,0.9927105903625488,2
s50_1_retained_2_t040,50,1,retained_labeled_MI,2,s50.mat,b5df79bb64eb585ff01eb77cc176c9a02964c564dd40a4eeec7764b510950d40,140799,Cho2017,Q15-E006,MU_BETA_SHARED,20260926,0.04758909344673157,0.9524109363555908,2
s50_1_retained_2_t041,50,1,retained_labeled_MI,2,s50.mat,b5df79bb64eb585ff01eb77cc176c9a02964c564dd40a4eeec7764b510950d40,144383,Cho2017,Q15-E006,MU_BETA_SHARED,20260926,7.169792169517091e-20,1.0,2
s50_1_retained_2_t042,50,1,retained_labeled_MI,2,s50.mat,b5df79bb64eb585ff01eb77cc176c9a02964c564dd40a4eeec7764b510950d40,147967,Cho2017,Q15-E006,MU_BETA_SHARED,20260926,4.816675704122364e-12,1.0,2
s50_1_retained_2_t043,50,1,retained_labeled_MI,2,s50.mat,b5df79bb64eb585ff01eb77cc176c9a02964c564dd40a4eeec7764b510950d40,151551,Cho2017,Q15-E006,MU_BETA_SHARED,20260926,4.007575255150397e-17,1.0,2
s50_1_retained_2_t044,50,1,retained_labeled_MI,2,s50.mat,b5df79bb64eb585ff01eb77cc176c9a02964c564dd40a4eeec7764b510950d40,155135,Cho2017,Q15-E006,MU_BETA_SHARED,20260926,3.819291123363655e-07,0.9999996423721313,2
s50_1_retained_2_t045,50,1,retained_labeled_MI,2,s50.mat,b5df79bb64eb585ff01eb77cc176c9a02964c564dd40a4eeec7764b510950d40,158719,Cho2017,Q15-E006,MU_BETA_SHARED,20260926,6.668917194474488e-05,0.9999333620071411,2
s50_1_retained_2_t046,50,1,retained_labeled_MI,2,s50.mat,b5df79bb64eb585ff01eb77cc176c9a02964c564dd40a4eeec7764b510950d40,162303,Cho2017,Q15-E006,MU_BETA_SHARED,20260926,2.8350741893001796e-12,1.0,2
s50_1_retained_2_t047,50,1,retained_labeled_MI,2,s50.mat,b5df79bb64eb585ff01eb77cc176c9a02964c564dd40a4eeec7764b510950d40,165887,Cho2017,Q15-E006,MU_BETA_SHARED,20260926,1.7303260197278417e-14,1.0,2
s50_1_retained_2_t048,50,1,retained_labeled_MI,2,s50.mat,b5df79bb64eb585ff01eb77cc176c9a02964c564dd40a4eeec7764b510950d40,169471,Cho2017,Q15-E006,MU_BETA_SHARED,20260926,2.3494584056038548e-08,1.0,2
s50_1_retained_2_t049,50,1,retained_labeled_MI,2,s50.mat,b5df79bb64eb585ff01eb77cc176c9a02964c564dd40a4eeec7764b510950d40,173055,Cho2017,Q15-E006,MU_BETA_SHARED,20260926,8.426105088273468e-18,1.0,2
s50_1_retained_2_t050,50,1,retained_labeled_MI,2,s50.mat,b5df79bb64eb585ff01eb77cc176c9a02964c564dd40a4eeec7764b510950d40,176639,Cho2017,Q15-E006,MU_BETA_SHARED,20260926,1.6862163185003202e-31,1.0,2
s50_1_retained_2_t051,50,1,retained_labeled_MI,2,s50.mat,b5df79bb64eb585ff01eb77cc176c9a02964c564dd40a4eeec7764b510950d40,180223,Cho2017,Q15-E006,MU_BETA_SHARED,20260926,5.3006066463347595e-20,1.0,2
s50_1_retained_2_t052,50,1,retained_labeled_MI,2,s50.mat,b5df79bb64eb585ff01eb77cc176c9a02964c564dd40a4eeec7764b510950d40,183807,Cho2017,Q15-E006,MU_BETA_SHARED,20260926,2.824199855445526e-19,1.0,2
s50_1_retained_2_t053,50,1,retained_labeled_MI,2,s50.mat,b5df79bb64eb585ff01eb77cc176c9a02964c564dd40a4eeec7764b510950d40,187391,Cho2017,Q15-E006,MU_BETA_SHARED,20260926,5.5167944068942225e-17,1.0,2
s50_1_retained_2_t054,50,1,retained_labeled_MI,2,s50.mat,b5df79bb64eb585ff01eb77cc176c9a02964c564dd40a4eeec7764b510950d40,190975,Cho2017,Q15-E006,MU_BETA_SHARED,20260926,8.638961097157478e-19,1.0,2
s50_1_retained_2_t055,50,1,retained_labeled_MI,2,s50.mat,b5df79bb64eb585ff01eb77cc176c9a02964c564dd40a4eeec7764b510950d40,194559,Cho2017,Q15-E006,MU_BETA_SHARED,20260926,3.3995281938060343e-15,1.0,2
s50_1_retained_2_t056,50,1,retained_labeled_MI,2,s50.mat,b5df79bb64eb585ff01eb77cc176c9a02964c564dd40a4eeec7764b510950d40,198143,Cho2017,Q15-E006,MU_BETA_SHARED,20260926,3.677967218979061e-12,1.0,2
s50_1_retained_2_t057,50,1,retained_labeled_MI,2,s50.mat,b5df79bb64eb585ff01eb77cc176c9a02964c564dd40a4eeec7764b510950d40,201727,Cho2017,Q15-E006,MU_BETA_SHARED,20260926,5.592103047443418e-15,1.0,2
s50_1_retained_2_t058,50,1,retained_labeled_MI,2,s50.mat,b5df79bb64eb585ff01eb77cc176c9a02964c564dd40a4eeec7764b510950d40,205311,Cho2017,Q15-E006,MU_BETA_SHARED,20260926,6.447860467141662e-19,1.0,2
s50_1_retained_2_t059,50,1,retained_labeled_MI,2,s50.mat,b5df79bb64eb585ff01eb77cc176c9a02964c564dd40a4eeec7764b510950d40,208895,Cho2017,Q15-E006,MU_BETA_SHARED,20260926,8.873037131706951e-07,0.9999991655349731,2
s50_1_retained_2_t060,50,1,retained_labeled_MI,2,s50.mat,b5df79bb64eb585ff01eb77cc176c9a02964c564dd40a4eeec7764b510950d40,212479,Cho2017,Q15-E006,MU_BETA_SHARED,20260926,0.0015379773685708642,0.9984620809555054,2
s50_1_retained_2_t061,50,1,retained_labeled_MI,2,s50.mat,b5df79bb64eb585ff01eb77cc176c9a02964c564dd40a4eeec7764b510950d40,216063,Cho2017,Q15-E006,MU_BETA_SHARED,20260926,1.435221228506057e-18,1.0,2
s50_1_retained_2_t062,50,1,retained_labeled_MI,2,s50.mat,b5df79bb64eb585ff01eb77cc176c9a02964c564dd40a4eeec7764b510950d40,219647,Cho2017,Q15-E006,MU_BETA_SHARED,20260926,1.1474653496303435e-20,1.0,2
s50_1_retained_2_t063,50,1,retained_labeled_MI,2,s50.mat,b5df79bb64eb585ff01eb77cc176c9a02964c564dd40a4eeec7764b510950d40,223231,Cho2017,Q15-E006,MU_BETA_SHARED,20260926,5.757946203166497e-13,1.0,2
s50_1_retained_2_t064,50,1,retained_labeled_MI,2,s50.mat,b5df79bb64eb585ff01eb77cc176c9a02964c564dd40a4eeec7764b510950d40,226815,Cho2017,Q15-E006,MU_BETA_SHARED,20260926,1.2696580711703959e-13,1.0,2
s50_1_retained_2_t065,50,1,retained_labeled_MI,2,s50.mat,b5df79bb64eb585ff01eb77cc176c9a02964c564dd40a4eeec7764b510950d40,230399,Cho2017,Q15-E006,MU_BETA_SHARED,20260926,5.555473308049841e-06,0.9999943971633911,2
s50_1_retained_2_t066,50,1,retained_labeled_MI,2,s50.mat,b5df79bb64eb585ff01eb77cc176c9a02964c564dd40a4eeec7764b510950d40,233983,Cho2017,Q15-E006,MU_BETA_SHARED,20260926,4.347373854315851e-19,1.0,2
s50_1_retained_2_t067,50,1,retained_labeled_MI,2,s50.mat,b5df79bb64eb585ff01eb77cc176c9a02964c564dd40a4eeec7764b510950d40,237567,Cho2017,Q15-E006,MU_BETA_SHARED,20260926,3.4602291097012647e-19,1.0,2
s50_1_retained_2_t068,50,1,retained_labeled_MI,2,s50.mat,b5df79bb64eb585ff01eb77cc176c9a02964c564dd40a4eeec7764b510950d40,241151,Cho2017,Q15-E006,MU_BETA_SHARED,20260926,1.7896280192689328e-16,1.0,2
s50_1_retained_2_t069,50,1,retained_labeled_MI,2,s50.mat,b5df79bb64eb585ff01eb77cc176c9a02964c564dd40a4eeec7764b510950d40,244735,Cho2017,Q15-E006,MU_BETA_SHARED,20260926,1.6674077483319616e-12,1.0,2
s50_1_retained_2_t070,50,1,retained_labeled_MI,2,s50.mat,b5df79bb64eb585ff01eb77cc176c9a02964c564dd40a4eeec7764b510950d40,248319,Cho2017,Q15-E006,MU_BETA_SHARED,20260926,1.8676925591119017e-20,1.0,2
s50_1_retained_2_t071,50,1,retained_labeled_MI,2,s50.mat,b5df79bb64eb585ff01eb77cc176c9a02964c564dd40a4eeec7764b510950d40,251903,Cho2017,Q15-E006,MU_BETA_SHARED,20260926,1.52638210230982e-13,1.0,2
s50_1_retained_2_t072,50,1,retained_labeled_MI,2,s50.mat,b5df79bb64eb585ff01eb77cc176c9a02964c564dd40a4eeec7764b510950d40,255487,Cho2017,Q15-E006,MU_BETA_SHARED,20260926,0.6053681373596191,0.39463186264038086,1
s50_1_retained_2_t073,50,1,retained_labeled_MI,2,s50.mat,b5df79bb64eb585ff01eb77cc176c9a02964c564dd40a4eeec7764b510950d40,259071,Cho2017,Q15-E006,MU_BETA_SHARED,20260926,1.0858487026199626e-10,1.0,2
s50_1_retained_2_t074,50,1,retained_labeled_MI,2,s50.mat,b5df79bb64eb585ff01eb77cc176c9a02964c564dd40a4eeec7764b510950d40,262655,Cho2017,Q15-E006,MU_BETA_SHARED,20260926,4.629195637928518e-11,1.0,2
s50_1_retained_2_t075,50,1,retained_labeled_MI,2,s50.mat,b5df79bb64eb585ff01eb77cc176c9a02964c564dd40a4eeec7764b510950d40,266239,Cho2017,Q15-E006,MU_BETA_SHARED,20260926,1.2408909892653324e-19,1.0,2
s50_1_retained_2_t076,50,1,retained_labeled_MI,2,s50.mat,b5df79bb64eb585ff01eb77cc176c9a02964c564dd40a4eeec7764b510950d40,269823,Cho2017,Q15-E006,MU_BETA_SHARED,20260926,8.280042617238033e-33,1.0,2
s50_1_retained_2_t077,50,1,retained_labeled_MI,2,s50.mat,b5df79bb64eb585ff01eb77cc176c9a02964c564dd40a4eeec7764b510950d40,273407,Cho2017,Q15-E006,MU_BETA_SHARED,20260926,1.229842076227593e-16,1.0,2
s50_1_retained_2_t078,50,1,retained_labeled_MI,2,s50.mat,b5df79bb64eb585ff01eb77cc176c9a02964c564dd40a4eeec7764b510950d40,276991,Cho2017,Q15-E006,MU_BETA_SHARED,20260926,1.8442029841025942e-06,0.9999982118606567,2
s50_1_retained_2_t079,50,1,retained_labeled_MI,2,s50.mat,b5df79bb64eb585ff01eb77cc176c9a02964c564dd40a4eeec7764b510950d40,280575,Cho2017,Q15-E006,MU_BETA_SHARED,20260926,1.760947107804032e-14,1.0,2
s50_1_retained_2_t080,50,1,retained_labeled_MI,2,s50.mat,b5df79bb64eb585ff01eb77cc176c9a02964c564dd40a4eeec7764b510950d40,284159,Cho2017,Q15-E006,MU_BETA_SHARED,20260926,5.740589511283873e-16,1.0,2
s50_1_retained_2_t081,50,1,retained_labeled_MI,2,s50.mat,b5df79bb64eb585ff01eb77cc176c9a02964c564dd40a4eeec7764b510950d40,287743,Cho2017,Q15-E006,MU_BETA_SHARED,20260926,8.030462339547739e-08,0.9999998807907104,2
s50_1_retained_2_t082,50,1,retained_labeled_MI,2,s50.mat,b5df79bb64eb585ff01eb77cc176c9a02964c564dd40a4eeec7764b510950d40,291327,Cho2017,Q15-E006,MU_BETA_SHARED,20260926,0.0007764498586766422,0.9992235898971558,2
s50_1_retained_2_t083,50,1,retained_labeled_MI,2,s50.mat,b5df79bb64eb585ff01eb77cc176c9a02964c564dd40a4eeec7764b510950d40,294911,Cho2017,Q15-E006,MU_BETA_SHARED,20260926,2.5949409518943867e-06,0.9999973773956299,2
s50_1_retained_2_t084,50,1,retained_labeled_MI,2,s50.mat,b5df79bb64eb585ff01eb77cc176c9a02964c564dd40a4eeec7764b510950d40,298495,Cho2017,Q15-E006,MU_BETA_SHARED,20260926,6.468862068231829e-08,0.9999998807907104,2
s50_1_retained_2_t085,50,1,retained_labeled_MI,2,s50.mat,b5df79bb64eb585ff01eb77cc176c9a02964c564dd40a4eeec7764b510950d40,302079,Cho2017,Q15-E006,MU_BETA_SHARED,20260926,4.1138184315059334e-05,0.999958872795105,2
s50_1_retained_2_t086,50,1,retained_labeled_MI,2,s50.mat,b5df79bb64eb585ff01eb77cc176c9a02964c564dd40a4eeec7764b510950d40,305663,Cho2017,Q15-E006,MU_BETA_SHARED,20260926,0.9737057089805603,0.026294352486729622,1
s50_1_retained_2_t087,50,1,retained_labeled_MI,2,s50.mat,b5df79bb64eb585ff01eb77cc176c9a02964c564dd40a4eeec7764b510950d40,309247,Cho2017,Q15-E006,MU_BETA_SHARED,20260926,1.3958578165329527e-05,0.9999860525131226,2
s50_1_retained_2_t088,50,1,retained_labeled_MI,2,s50.mat,b5df79bb64eb585ff01eb77cc176c9a02964c564dd40a4eeec7764b510950d40,312831,Cho2017,Q15-E006,MU_BETA_SHARED,20260926,6.783390515963106e-10,1.0,2
s50_1_retained_2_t089,50,1,retained_labeled_MI,2,s50.mat,b5df79bb64eb585ff01eb77cc176c9a02964c564dd40a4eeec7764b510950d40,316415,Cho2017,Q15-E006,MU_BETA_SHARED,20260926,1.0616717283085109e-08,1.0,2
s50_1_retained_2_t090,50,1,retained_labeled_MI,2,s50.mat,b5df79bb64eb585ff01eb77cc176c9a02964c564dd40a4eeec7764b510950d40,319999,Cho2017,Q15-E006,MU_BETA_SHARED,20260926,0.9947975873947144,0.005202341824769974,1
s50_1_retained_2_t091,50,1,retained_labeled_MI,2,s50.mat,b5df79bb64eb585ff01eb77cc176c9a02964c564dd40a4eeec7764b510950d40,323583,Cho2017,Q15-E006,MU_BETA_SHARED,20260926,5.798418897029478e-06,0.999994158744812,2
s50_1_retained_2_t092,50,1,retained_labeled_MI,2,s50.mat,b5df79bb64eb585ff01eb77cc176c9a02964c564dd40a4eeec7764b510950d40,327167,Cho2017,Q15-E006,MU_BETA_SHARED,20260926,0.00022413856640923768,0.9997758269309998,2
s50_1_retained_2_t093,50,1,retained_labeled_MI,2,s50.mat,b5df79bb64eb585ff01eb77cc176c9a02964c564dd40a4eeec7764b510950d40,330751,Cho2017,Q15-E006,MU_BETA_SHARED,20260926,3.647188577815541e-07,0.9999996423721313,2
s50_1_retained_2_t094,50,1,retained_labeled_MI,2,s50.mat,b5df79bb64eb585ff01eb77cc176c9a02964c564dd40a4eeec7764b510950d40,334335,Cho2017,Q15-E006,MU_BETA_SHARED,20260926,9.79417151825146e-08,0.9999998807907104,2
s50_1_retained_2_t095,50,1,retained_labeled_MI,2,s50.mat,b5df79bb64eb585ff01eb77cc176c9a02964c564dd40a4eeec7764b510950d40,337919,Cho2017,Q15-E006,MU_BETA_SHARED,20260926,0.0012985800858587027,0.9987014532089233,2
s50_1_retained_2_t096,50,1,retained_labeled_MI,2,s50.mat,b5df79bb64eb585ff01eb77cc176c9a02964c564dd40a4eeec7764b510950d40,341503,Cho2017,Q15-E006,MU_BETA_SHARED,20260926,0.00036770396400243044,0.9996322393417358,2
s50_1_retained_2_t097,50,1,retained_labeled_MI,2,s50.mat,b5df79bb64eb585ff01eb77cc176c9a02964c564dd40a4eeec7764b510950d40,345087,Cho2017,Q15-E006,MU_BETA_SHARED,20260926,1.5936127795157518e-07,0.9999998807907104,2
s50_1_retained_2_t098,50,1,retained_labeled_MI,2,s50.mat,b5df79bb64eb585ff01eb77cc176c9a02964c564dd40a4eeec7764b510950d40,348671,Cho2017,Q15-E006,MU_BETA_SHARED,20260926,3.1450049391423818e-06,0.9999969005584717,2
s50_1_retained_2_t099,50,1,retained_labeled_MI,2,s50.mat,b5df79bb64eb585ff01eb77cc176c9a02964c564dd40a4eeec7764b510950d40,352255,Cho2017,Q15-E006,MU_BETA_SHARED,20260926,1.977782773110448e-07,0.9999997615814209,2
s50_1_retained_2_t100,50,1,retained_labeled_MI,2,s50.mat,b5df79bb64eb585ff01eb77cc176c9a02964c564dd40a4eeec7764b510950d40,355839,Cho2017,Q15-E006,MU_BETA_SHARED,20260926,0.4758378267288208,0.5241621732711792,2
s50_1_retained_1_t001,50,1,retained_labeled_MI,1,s50.mat,b5df79bb64eb585ff01eb77cc176c9a02964c564dd40a4eeec7764b510950d40,1023,Cho2017,Q15-E006,CSP4_LDA,deterministic,0.6665464166695401,0.33345358333046,1
s50_1_retained_1_t002,50,1,retained_labeled_MI,1,s50.mat,b5df79bb64eb585ff01eb77cc176c9a02964c564dd40a4eeec7764b510950d40,4607,Cho2017,Q15-E006,CSP4_LDA,deterministic,0.7550696718056882,0.24493032819431187,1
s50_1_retained_1_t003,50,1,retained_labeled_MI,1,s50.mat,b5df79bb64eb585ff01eb77cc176c9a02964c564dd40a4eeec7764b510950d40,8191,Cho2017,Q15-E006,CSP4_LDA,deterministic,0.808663771063899,0.191336228936101,1
s50_1_retained_1_t004,50,1,retained_labeled_MI,1,s50.mat,b5df79bb64eb585ff01eb77cc176c9a02964c564dd40a4eeec7764b510950d40,11775,Cho2017,Q15-E006,CSP4_LDA,deterministic,0.8169913587259968,0.1830086412740032,1
s50_1_retained_1_t005,50,1,retained_labeled_MI,1,s50.mat,b5df79bb64eb585ff01eb77cc176c9a02964c564dd40a4eeec7764b510950d40,15359,Cho2017,Q15-E006,CSP4_LDA,deterministic,0.7569295292401904,0.24307047075980961,1
s50_1_retained_1_t006,50,1,retained_labeled_MI,1,s50.mat,b5df79bb64eb585ff01eb77cc176c9a02964c564dd40a4eeec7764b510950d40,18943,Cho2017,Q15-E006,CSP4_LDA,deterministic,0.8018837125258855,0.19811628747411447,1
s50_1_retained_1_t007,50,1,retained_labeled_MI,1,s50.mat,b5df79bb64eb585ff01eb77cc176c9a02964c564dd40a4eeec7764b510950d40,22527,Cho2017,Q15-E006,CSP4_LDA,deterministic,0.7324817028837232,0.2675182971162769,1
s50_1_retained_1_t008,50,1,retained_labeled_MI,1,s50.mat,b5df79bb64eb585ff01eb77cc176c9a02964c564dd40a4eeec7764b510950d40,26111,Cho2017,Q15-E006,CSP4_LDA,deterministic,0.7929875322612557,0.20701246773874424,1
s50_1_retained_1_t009,50,1,retained_labeled_MI,1,s50.mat,b5df79bb64eb585ff01eb77cc176c9a02964c564dd40a4eeec7764b510950d40,29695,Cho2017,Q15-E006,CSP4_LDA,deterministic,0.7233698355240697,0.27663016447593025,1
s50_1_retained_1_t010,50,1,retained_labeled_MI,1,s50.mat,b5df79bb64eb585ff01eb77cc176c9a02964c564dd40a4eeec7764b510950d40,33279,Cho2017,Q15-E006,CSP4_LDA,deterministic,0.7618886888635701,0.2381113111364299,1
s50_1_retained_1_t011,50,1,retained_labeled_MI,1,s50.mat,b5df79bb64eb585ff01eb77cc176c9a02964c564dd40a4eeec7764b510950d40,36863,Cho2017,Q15-E006,CSP4_LDA,deterministic,0.6282355996138522,0.3717644003861478,1
s50_1_retained_1_t012,50,1,retained_labeled_MI,1,s50.mat,b5df79bb64eb585ff01eb77cc176c9a02964c564dd40a4eeec7764b510950d40,40447,Cho2017,Q15-E006,CSP4_LDA,deterministic,0.6076978070934145,0.39230219290658547,1
s50_1_retained_1_t013,50,1,retained_labeled_MI,1,s50.mat,b5df79bb64eb585ff01eb77cc176c9a02964c564dd40a4eeec7764b510950d40,44031,Cho2017,Q15-E006,CSP4_LDA,deterministic,0.7391593230897295,0.2608406769102705,1
s50_1_retained_1_t014,50,1,retained_labeled_MI,1,s50.mat,b5df79bb64eb585ff01eb77cc176c9a02964c564dd40a4eeec7764b510950d40,47615,Cho2017,Q15-E006,CSP4_LDA,deterministic,0.6563920758433611,0.3436079241566389,1
s50_1_retained_1_t015,50,1,retained_labeled_MI,1,s50.mat,b5df79bb64eb585ff01eb77cc176c9a02964c564dd40a4eeec7764b510950d40,51199,Cho2017,Q15-E006,CSP4_LDA,deterministic,0.6826619835855561,0.31733801641444387,1
s50_1_retained_1_t016,50,1,retained_labeled_MI,1,s50.mat,b5df79bb64eb585ff01eb77cc176c9a02964c564dd40a4eeec7764b510950d40,54783,Cho2017,Q15-E006,CSP4_LDA,deterministic,0.7324017487047129,0.26759825129528714,1
s50_1_retained_1_t017,50,1,retained_labeled_MI,1,s50.mat,b5df79bb64eb585ff01eb77cc176c9a02964c564dd40a4eeec7764b510950d40,58367,Cho2017,Q15-E006,CSP4_LDA,deterministic,0.7710077228496868,0.22899227715031326,1
s50_1_retained_1_t018,50,1,retained_labeled_MI,1,s50.mat,b5df79bb64eb585ff01eb77cc176c9a02964c564dd40a4eeec7764b510950d40,61951,Cho2017,Q15-E006,CSP4_LDA,deterministic,0.7336511578025579,0.26634884219744215,1
s50_1_retained_1_t019,50,1,retained_labeled_MI,1,s50.mat,b5df79bb64eb585ff01eb77cc176c9a02964c564dd40a4eeec7764b510950d40,65535,Cho2017,Q15-E006,CSP4_LDA,deterministic,0.7300269982276237,0.2699730017723763,1
s50_1_retained_1_t020,50,1,retained_labeled_MI,1,s50.mat,b5df79bb64eb585ff01eb77cc176c9a02964c564dd40a4eeec7764b510950d40,69119,Cho2017,Q15-E006,CSP4_LDA,deterministic,0.8059031548675308,0.1940968451324692,1
s50_1_retained_1_t021,50,1,retained_labeled_MI,1,s50.mat,b5df79bb64eb585ff01eb77cc176c9a02964c564dd40a4eeec7764b510950d40,72703,Cho2017,Q15-E006,CSP4_LDA,deterministic,0.5853464241398805,0.41465357586011947,1
s50_1_retained_1_t022,50,1,retained_labeled_MI,1,s50.mat,b5df79bb64eb585ff01eb77cc176c9a02964c564dd40a4eeec7764b510950d40,76287,Cho2017,Q15-E006,CSP4_LDA,deterministic,0.6550707816885429,0.34492921831145706,1
s50_1_retained_1_t023,50,1,retained_labeled_MI,1,s50.mat,b5df79bb64eb585ff01eb77cc176c9a02964c564dd40a4eeec7764b510950d40,79871,Cho2017,Q15-E006,CSP4_LDA,deterministic,0.6651556225580164,0.3348443774419836,1
s50_1_retained_1_t024,50,1,retained_labeled_MI,1,s50.mat,b5df79bb64eb585ff01eb77cc176c9a02964c564dd40a4eeec7764b510950d40,83455,Cho2017,Q15-E006,CSP4_LDA,deterministic,0.7384941861961536,0.2615058138038464,1
s50_1_retained_1_t025,50,1,retained_labeled_MI,1,s50.mat,b5df79bb64eb585ff01eb77cc176c9a02964c564dd40a4eeec7764b510950d40,87039,Cho2017,Q15-E006,CSP4_LDA,deterministic,0.755208920896761,0.24479107910323908,1
s50_1_retained_1_t026,50,1,retained_labeled_MI,1,s50.mat,b5df79bb64eb585ff01eb77cc176c9a02964c564dd40a4eeec7764b510950d40,90623,Cho2017,Q15-E006,CSP4_LDA,deterministic,0.6924329949083223,0.3075670050916776,1
s50_1_retained_1_t027,50,1,retained_labeled_MI,1,s50.mat,b5df79bb64eb585ff01eb77cc176c9a02964c564dd40a4eeec7764b510950d40,94207,Cho2017,Q15-E006,CSP4_LDA,deterministic,0.770971152505541,0.22902884749445895,1
s50_1_retained_1_t028,50,1,retained_labeled_MI,1,s50.mat,b5df79bb64eb585ff01eb77cc176c9a02964c564dd40a4eeec7764b510950d40,97791,Cho2017,Q15-E006,CSP4_LDA,deterministic,0.7377474754269627,0.26225252457303727,1
s50_1_retained_1_t029,50,1,retained_labeled_MI,1,s50.mat,b5df79bb64eb585ff01eb77cc176c9a02964c564dd40a4eeec7764b510950d40,101375,Cho2017,Q15-E006,CSP4_LDA,deterministic,0.6876526651855168,0.3123473348144831,1
s50_1_retained_1_t030,50,1,retained_labeled_MI,1,s50.mat,b5df79bb64eb585ff01eb77cc176c9a02964c564dd40a4eeec7764b510950d40,104959,Cho2017,Q15-E006,CSP4_LDA,deterministic,0.694351866847656,0.305648133152344,1
s50_1_retained_1_t031,50,1,retained_labeled_MI,1,s50.mat,b5df79bb64eb585ff01eb77cc176c9a02964c564dd40a4eeec7764b510950d40,108543,Cho2017,Q15-E006,CSP4_LDA,deterministic,0.7464692648765097,0.2535307351234903,1
s50_1_retained_1_t032,50,1,retained_labeled_MI,1,s50.mat,b5df79bb64eb585ff01eb77cc176c9a02964c564dd40a4eeec7764b510950d40,112127,Cho2017,Q15-E006,CSP4_LDA,deterministic,0.5899289057255606,0.4100710942744395,1
s50_1_retained_1_t033,50,1,retained_labeled_MI,1,s50.mat,b5df79bb64eb585ff01eb77cc176c9a02964c564dd40a4eeec7764b510950d40,115711,Cho2017,Q15-E006,CSP4_LDA,deterministic,0.7250481570663836,0.2749518429336164,1
s50_1_retained_1_t034,50,1,retained_labeled_MI,1,s50.mat,b5df79bb64eb585ff01eb77cc176c9a02964c564dd40a4eeec7764b510950d40,119295,Cho2017,Q15-E006,CSP4_LDA,deterministic,0.8218091224984179,0.1781908775015821,1
s50_1_retained_1_t035,50,1,retained_labeled_MI,1,s50.mat,b5df79bb64eb585ff01eb77cc176c9a02964c564dd40a4eeec7764b510950d40,122879,Cho2017,Q15-E006,CSP4_LDA,deterministic,0.7340704665267451,0.2659295334732549,1
s50_1_retained_1_t036,50,1,retained_labeled_MI,1,s50.mat,b5df79bb64eb585ff01eb77cc176c9a02964c564dd40a4eeec7764b510950d40,126463,Cho2017,Q15-E006,CSP4_LDA,deterministic,0.8137259142240548,0.1862740857759452,1
s50_1_retained_1_t037,50,1,retained_labeled_MI,1,s50.mat,b5df79bb64eb585ff01eb77cc176c9a02964c564dd40a4eeec7764b510950d40,130047,Cho2017,Q15-E006,CSP4_LDA,deterministic,0.8024792474689953,0.19752075253100462,1
s50_1_retained_1_t038,50,1,retained_labeled_MI,1,s50.mat,b5df79bb64eb585ff01eb77cc176c9a02964c564dd40a4eeec7764b510950d40,133631,Cho2017,Q15-E006,CSP4_LDA,deterministic,0.7328211199423853,0.2671788800576147,1
s50_1_retained_1_t039,50,1,retained_labeled_MI,1,s50.mat,b5df79bb64eb585ff01eb77cc176c9a02964c564dd40a4eeec7764b510950d40,137215,Cho2017,Q15-E006,CSP4_LDA,deterministic,0.7453352599631852,0.25466474003681483,1
s50_1_retained_1_t040,50,1,retained_labeled_MI,1,s50.mat,b5df79bb64eb585ff01eb77cc176c9a02964c564dd40a4eeec7764b510950d40,140799,Cho2017,Q15-E006,CSP4_LDA,deterministic,0.7785204015317555,0.22147959846824453,1
s50_1_retained_1_t041,50,1,retained_labeled_MI,1,s50.mat,b5df79bb64eb585ff01eb77cc176c9a02964c564dd40a4eeec7764b510950d40,144383,Cho2017,Q15-E006,CSP4_LDA,deterministic,0.6708952779566111,0.32910472204338886,1
s50_1_retained_1_t042,50,1,retained_labeled_MI,1,s50.mat,b5df79bb64eb585ff01eb77cc176c9a02964c564dd40a4eeec7764b510950d40,147967,Cho2017,Q15-E006,CSP4_LDA,deterministic,0.648994874158217,0.351005125841783,1
s50_1_retained_1_t043,50,1,retained_labeled_MI,1,s50.mat,b5df79bb64eb585ff01eb77cc176c9a02964c564dd40a4eeec7764b510950d40,151551,Cho2017,Q15-E006,CSP4_LDA,deterministic,0.768031743064397,0.23196825693560302,1
s50_1_retained_1_t044,50,1,retained_labeled_MI,1,s50.mat,b5df79bb64eb585ff01eb77cc176c9a02964c564dd40a4eeec7764b510950d40,155135,Cho2017,Q15-E006,CSP4_LDA,deterministic,0.7810724478833402,0.21892755211665987,1
s50_1_retained_1_t045,50,1,retained_labeled_MI,1,s50.mat,b5df79bb64eb585ff01eb77cc176c9a02964c564dd40a4eeec7764b510950d40,158719,Cho2017,Q15-E006,CSP4_LDA,deterministic,0.7600104655447866,0.23998953445521337,1
s50_1_retained_1_t046,50,1,retained_labeled_MI,1,s50.mat,b5df79bb64eb585ff01eb77cc176c9a02964c564dd40a4eeec7764b510950d40,162303,Cho2017,Q15-E006,CSP4_LDA,deterministic,0.7496791463616153,0.2503208536383848,1
s50_1_retained_1_t047,50,1,retained_labeled_MI,1,s50.mat,b5df79bb64eb585ff01eb77cc176c9a02964c564dd40a4eeec7764b510950d40,165887,Cho2017,Q15-E006,CSP4_LDA,deterministic,0.7798700926693451,0.22012990733065485,1
s50_1_retained_1_t048,50,1,retained_labeled_MI,1,s50.mat,b5df79bb64eb585ff01eb77cc176c9a02964c564dd40a4eeec7764b510950d40,169471,Cho2017,Q15-E006,CSP4_LDA,deterministic,0.8111452195182839,0.18885478048171608,1
s50_1_retained_1_t049,50,1,retained_labeled_MI,1,s50.mat,b5df79bb64eb585ff01eb77cc176c9a02964c564dd40a4eeec7764b510950d40,173055,Cho2017,Q15-E006,CSP4_LDA,deterministic,0.7311870443202612,0.26881295567973884,1
s50_1_retained_1_t050,50,1,retained_labeled_MI,1,s50.mat,b5df79bb64eb585ff01eb77cc176c9a02964c564dd40a4eeec7764b510950d40,176639,Cho2017,Q15-E006,CSP4_LDA,deterministic,0.844586327107135,0.15541367289286503,1
s50_1_retained_1_t051,50,1,retained_labeled_MI,1,s50.mat,b5df79bb64eb585ff01eb77cc176c9a02964c564dd40a4eeec7764b510950d40,180223,Cho2017,Q15-E006,CSP4_LDA,deterministic,0.7572810812099822,0.24271891879001786,1
s50_1_retained_1_t052,50,1,retained_labeled_MI,1,s50.mat,b5df79bb64eb585ff01eb77cc176c9a02964c564dd40a4eeec7764b510950d40,183807,Cho2017,Q15-E006,CSP4_LDA,deterministic,0.6958650270581846,0.30413497294181535,1
s50_1_retained_1_t053,50,1,retained_labeled_MI,1,s50.mat,b5df79bb64eb585ff01eb77cc176c9a02964c564dd40a4eeec7764b510950d40,187391,Cho2017,Q15-E006,CSP4_LDA,deterministic,0.778320566622022,0.221679433377978,1
s50_1_retained_1_t054,50,1,retained_labeled_MI,1,s50.mat,b5df79bb64eb585ff01eb77cc176c9a02964c564dd40a4eeec7764b510950d40,190975,Cho2017,Q15-E006,CSP4_LDA,deterministic,0.782250006895075,0.21774999310492504,1
s50_1_retained_1_t055,50,1,retained_labeled_MI,1,s50.mat,b5df79bb64eb585ff01eb77cc176c9a02964c564dd40a4eeec7764b510950d40,194559,Cho2017,Q15-E006,CSP4_LDA,deterministic,0.6802703008636488,0.3197296991363512,1
s50_1_retained_1_t056,50,1,retained_labeled_MI,1,s50.mat,b5df79bb64eb585ff01eb77cc176c9a02964c564dd40a4eeec7764b510950d40,198143,Cho2017,Q15-E006,CSP4_LDA,deterministic,0.6570251493935892,0.3429748506064107,1
s50_1_retained_1_t057,50,1,retained_labeled_MI,1,s50.mat,b5df79bb64eb585ff01eb77cc176c9a02964c564dd40a4eeec7764b510950d40,201727,Cho2017,Q15-E006,CSP4_LDA,deterministic,0.7117531287798768,0.28824687122012316,1
s50_1_retained_1_t058,50,1,retained_labeled_MI,1,s50.mat,b5df79bb64eb585ff01eb77cc176c9a02964c564dd40a4eeec7764b510950d40,205311,Cho2017,Q15-E006,CSP4_LDA,deterministic,0.7726143937196358,0.2273856062803642,1
s50_1_retained_1_t059,50,1,retained_labeled_MI,1,s50.mat,b5df79bb64eb585ff01eb77cc176c9a02964c564dd40a4eeec7764b510950d40,208895,Cho2017,Q15-E006,CSP4_LDA,deterministic,0.7866293333855598,0.2133706666144402,1
s50_1_retained_1_t060,50,1,retained_labeled_MI,1,s50.mat,b5df79bb64eb585ff01eb77cc176c9a02964c564dd40a4eeec7764b510950d40,212479,Cho2017,Q15-E006,CSP4_LDA,deterministic,0.7842274408439986,0.21577255915600135,1
s50_1_retained_1_t061,50,1,retained_labeled_MI,1,s50.mat,b5df79bb64eb585ff01eb77cc176c9a02964c564dd40a4eeec7764b510950d40,216063,Cho2017,Q15-E006,CSP4_LDA,deterministic,0.7848708864954071,0.21512911350459282,1
s50_1_retained_1_t062,50,1,retained_labeled_MI,1,s50.mat,b5df79bb64eb585ff01eb77cc176c9a02964c564dd40a4eeec7764b510950d40,219647,Cho2017,Q15-E006,CSP4_LDA,deterministic,0.8013617130896538,0.1986382869103463,1
s50_1_retained_1_t063,50,1,retained_labeled_MI,1,s50.mat,b5df79bb64eb585ff01eb77cc176c9a02964c564dd40a4eeec7764b510950d40,223231,Cho2017,Q15-E006,CSP4_LDA,deterministic,0.6925626107191516,0.30743738928084835,1
s50_1_retained_1_t064,50,1,retained_labeled_MI,1,s50.mat,b5df79bb64eb585ff01eb77cc176c9a02964c564dd40a4eeec7764b510950d40,226815,Cho2017,Q15-E006,CSP4_LDA,deterministic,0.6648543497119074,0.3351456502880926,1
s50_1_retained_1_t065,50,1,retained_labeled_MI,1,s50.mat,b5df79bb64eb585ff01eb77cc176c9a02964c564dd40a4eeec7764b510950d40,230399,Cho2017,Q15-E006,CSP4_LDA,deterministic,0.7726449937525537,0.22735500624744626,1
s50_1_retained_1_t066,50,1,retained_labeled_MI,1,s50.mat,b5df79bb64eb585ff01eb77cc176c9a02964c564dd40a4eeec7764b510950d40,233983,Cho2017,Q15-E006,CSP4_LDA,deterministic,0.7662473171734862,0.23375268282651387,1
s50_1_retained_1_t067,50,1,retained_labeled_MI,1,s50.mat,b5df79bb64eb585ff01eb77cc176c9a02964c564dd40a4eeec7764b510950d40,237567,Cho2017,Q15-E006,CSP4_LDA,deterministic,0.7881115592545278,0.21188844074547222,1
s50_1_retained_1_t068,50,1,retained_labeled_MI,1,s50.mat,b5df79bb64eb585ff01eb77cc176c9a02964c564dd40a4eeec7764b510950d40,241151,Cho2017,Q15-E006,CSP4_LDA,deterministic,0.7099447490738251,0.29005525092617485,1
s50_1_retained_1_t069,50,1,retained_labeled_MI,1,s50.mat,b5df79bb64eb585ff01eb77cc176c9a02964c564dd40a4eeec7764b510950d40,244735,Cho2017,Q15-E006,CSP4_LDA,deterministic,0.6723750301694639,0.32762496983053613,1
s50_1_retained_1_t070,50,1,retained_labeled_MI,1,s50.mat,b5df79bb64eb585ff01eb77cc176c9a02964c564dd40a4eeec7764b510950d40,248319,Cho2017,Q15-E006,CSP4_LDA,deterministic,0.7494497591870093,0.2505502408129907,1
s50_1_retained_1_t071,50,1,retained_labeled_MI,1,s50.mat,b5df79bb64eb585ff01eb77cc176c9a02964c564dd40a4eeec7764b510950d40,251903,Cho2017,Q15-E006,CSP4_LDA,deterministic,0.7290591757333643,0.2709408242666357,1
s50_1_retained_1_t072,50,1,retained_labeled_MI,1,s50.mat,b5df79bb64eb585ff01eb77cc176c9a02964c564dd40a4eeec7764b510950d40,255487,Cho2017,Q15-E006,CSP4_LDA,deterministic,0.8272565045153304,0.1727434954846696,1
s50_1_retained_1_t073,50,1,retained_labeled_MI,1,s50.mat,b5df79bb64eb585ff01eb77cc176c9a02964c564dd40a4eeec7764b510950d40,259071,Cho2017,Q15-E006,CSP4_LDA,deterministic,0.6809530395061636,0.3190469604938364,1
s50_1_retained_1_t074,50,1,retained_labeled_MI,1,s50.mat,b5df79bb64eb585ff01eb77cc176c9a02964c564dd40a4eeec7764b510950d40,262655,Cho2017,Q15-E006,CSP4_LDA,deterministic,0.8140006678741333,0.1859993321258667,1
s50_1_retained_1_t075,50,1,retained_labeled_MI,1,s50.mat,b5df79bb64eb585ff01eb77cc176c9a02964c564dd40a4eeec7764b510950d40,266239,Cho2017,Q15-E006,CSP4_LDA,deterministic,0.7610239814497604,0.23897601855023967,1
s50_1_retained_1_t076,50,1,retained_labeled_MI,1,s50.mat,b5df79bb64eb585ff01eb77cc176c9a02964c564dd40a4eeec7764b510950d40,269823,Cho2017,Q15-E006,CSP4_LDA,deterministic,0.7501000887065685,0.2498999112934315,1
s50_1_retained_1_t077,50,1,retained_labeled_MI,1,s50.mat,b5df79bb64eb585ff01eb77cc176c9a02964c564dd40a4eeec7764b510950d40,273407,Cho2017,Q15-E006,CSP4_LDA,deterministic,0.766707324590083,0.23329267540991705,1
s50_1_retained_1_t078,50,1,retained_labeled_MI,1,s50.mat,b5df79bb64eb585ff01eb77cc176c9a02964c564dd40a4eeec7764b510950d40,276991,Cho2017,Q15-E006,CSP4_LDA,deterministic,0.7019780555992046,0.2980219444007954,1
s50_1_retained_1_t079,50,1,retained_labeled_MI,1,s50.mat,b5df79bb64eb585ff01eb77cc176c9a02964c564dd40a4eeec7764b510950d40,280575,Cho2017,Q15-E006,CSP4_LDA,deterministic,0.7915081369408108,0.20849186305918915,1
s50_1_retained_1_t080,50,1,retained_labeled_MI,1,s50.mat,b5df79bb64eb585ff01eb77cc176c9a02964c564dd40a4eeec7764b510950d40,284159,Cho2017,Q15-E006,CSP4_LDA,deterministic,0.7866306476656714,0.2133693523343286,1
s50_1_retained_1_t081,50,1,retained_labeled_MI,1,s50.mat,b5df79bb64eb585ff01eb77cc176c9a02964c564dd40a4eeec7764b510950d40,287743,Cho2017,Q15-E006,CSP4_LDA,deterministic,0.7005195932545053,0.2994804067454947,1
s50_1_retained_1_t082,50,1,retained_labeled_MI,1,s50.mat,b5df79bb64eb585ff01eb77cc176c9a02964c564dd40a4eeec7764b510950d40,291327,Cho2017,Q15-E006,CSP4_LDA,deterministic,0.6234591133024188,0.3765408866975812,1
s50_1_retained_1_t083,50,1,retained_labeled_MI,1,s50.mat,b5df79bb64eb585ff01eb77cc176c9a02964c564dd40a4eeec7764b510950d40,294911,Cho2017,Q15-E006,CSP4_LDA,deterministic,0.6996743610482676,0.30032563895173237,1
s50_1_retained_1_t084,50,1,retained_labeled_MI,1,s50.mat,b5df79bb64eb585ff01eb77cc176c9a02964c564dd40a4eeec7764b510950d40,298495,Cho2017,Q15-E006,CSP4_LDA,deterministic,0.7071165530053571,0.2928834469946428,1
s50_1_retained_1_t085,50,1,retained_labeled_MI,1,s50.mat,b5df79bb64eb585ff01eb77cc176c9a02964c564dd40a4eeec7764b510950d40,302079,Cho2017,Q15-E006,CSP4_LDA,deterministic,0.7274248500280869,0.2725751499719132,1
s50_1_retained_1_t086,50,1,retained_labeled_MI,1,s50.mat,b5df79bb64eb585ff01eb77cc176c9a02964c564dd40a4eeec7764b510950d40,305663,Cho2017,Q15-E006,CSP4_LDA,deterministic,0.7897387002012136,0.2102612997987864,1
s50_1_retained_1_t087,50,1,retained_labeled_MI,1,s50.mat,b5df79bb64eb585ff01eb77cc176c9a02964c564dd40a4eeec7764b510950d40,309247,Cho2017,Q15-E006,CSP4_LDA,deterministic,0.8025307161641835,0.19746928383581647,1
s50_1_retained_1_t088,50,1,retained_labeled_MI,1,s50.mat,b5df79bb64eb585ff01eb77cc176c9a02964c564dd40a4eeec7764b510950d40,312831,Cho2017,Q15-E006,CSP4_LDA,deterministic,0.7707092353138955,0.22929076468610457,1
s50_1_retained_1_t089,50,1,retained_labeled_MI,1,s50.mat,b5df79bb64eb585ff01eb77cc176c9a02964c564dd40a4eeec7764b510950d40,316415,Cho2017,Q15-E006,CSP4_LDA,deterministic,0.7355962795316695,0.26440372046833044,1
s50_1_retained_1_t090,50,1,retained_labeled_MI,1,s50.mat,b5df79bb64eb585ff01eb77cc176c9a02964c564dd40a4eeec7764b510950d40,319999,Cho2017,Q15-E006,CSP4_LDA,deterministic,0.7251062664975554,0.27489373350244456,1
s50_1_retained_1_t091,50,1,retained_labeled_MI,1,s50.mat,b5df79bb64eb585ff01eb77cc176c9a02964c564dd40a4eeec7764b510950d40,323583,Cho2017,Q15-E006,CSP4_LDA,deterministic,0.6726711817002511,0.3273288182997489,1
s50_1_retained_1_t092,50,1,retained_labeled_MI,1,s50.mat,b5df79bb64eb585ff01eb77cc176c9a02964c564dd40a4eeec7764b510950d40,327167,Cho2017,Q15-E006,CSP4_LDA,deterministic,0.6562179041416665,0.34378209585833347,1
s50_1_retained_1_t093,50,1,retained_labeled_MI,1,s50.mat,b5df79bb64eb585ff01eb77cc176c9a02964c564dd40a4eeec7764b510950d40,330751,Cho2017,Q15-E006,CSP4_LDA,deterministic,0.7041546133818255,0.29584538661817456,1
s50_1_retained_1_t094,50,1,retained_labeled_MI,1,s50.mat,b5df79bb64eb585ff01eb77cc176c9a02964c564dd40a4eeec7764b510950d40,334335,Cho2017,Q15-E006,CSP4_LDA,deterministic,0.7758334729775092,0.22416652702249082,1
s50_1_retained_1_t095,50,1,retained_labeled_MI,1,s50.mat,b5df79bb64eb585ff01eb77cc176c9a02964c564dd40a4eeec7764b510950d40,337919,Cho2017,Q15-E006,CSP4_LDA,deterministic,0.785929663847562,0.214070336152438,1
s50_1_retained_1_t096,50,1,retained_labeled_MI,1,s50.mat,b5df79bb64eb585ff01eb77cc176c9a02964c564dd40a4eeec7764b510950d40,341503,Cho2017,Q15-E006,CSP4_LDA,deterministic,0.7427225100274142,0.25727748997258576,1
s50_1_retained_1_t097,50,1,retained_labeled_MI,1,s50.mat,b5df79bb64eb585ff01eb77cc176c9a02964c564dd40a4eeec7764b510950d40,345087,Cho2017,Q15-E006,CSP4_LDA,deterministic,0.6650849963379811,0.3349150036620189,1
s50_1_retained_1_t098,50,1,retained_labeled_MI,1,s50.mat,b5df79bb64eb585ff01eb77cc176c9a02964c564dd40a4eeec7764b510950d40,348671,Cho2017,Q15-E006,CSP4_LDA,deterministic,0.7361451278803912,0.26385487211960873,1
s50_1_retained_1_t099,50,1,retained_labeled_MI,1,s50.mat,b5df79bb64eb585ff01eb77cc176c9a02964c564dd40a4eeec7764b510950d40,352255,Cho2017,Q15-E006,CSP4_LDA,deterministic,0.7335702391960359,0.26642976080396413,1
s50_1_retained_1_t100,50,1,retained_labeled_MI,1,s50.mat,b5df79bb64eb585ff01eb77cc176c9a02964c564dd40a4eeec7764b510950d40,355839,Cho2017,Q15-E006,CSP4_LDA,deterministic,0.6486470188733802,0.35135298112661983,1
s50_1_retained_2_t001,50,1,retained_labeled_MI,2,s50.mat,b5df79bb64eb585ff01eb77cc176c9a02964c564dd40a4eeec7764b510950d40,1023,Cho2017,Q15-E006,CSP4_LDA,deterministic,0.7827056993154111,0.21729430068458885,1
s50_1_retained_2_t002,50,1,retained_labeled_MI,2,s50.mat,b5df79bb64eb585ff01eb77cc176c9a02964c564dd40a4eeec7764b510950d40,4607,Cho2017,Q15-E006,CSP4_LDA,deterministic,0.8056833694496961,0.19431663055030396,1
s50_1_retained_2_t003,50,1,retained_labeled_MI,2,s50.mat,b5df79bb64eb585ff01eb77cc176c9a02964c564dd40a4eeec7764b510950d40,8191,Cho2017,Q15-E006,CSP4_LDA,deterministic,0.7092156019154641,0.2907843980845359,1
s50_1_retained_2_t004,50,1,retained_labeled_MI,2,s50.mat,b5df79bb64eb585ff01eb77cc176c9a02964c564dd40a4eeec7764b510950d40,11775,Cho2017,Q15-E006,CSP4_LDA,deterministic,0.7592923586452336,0.24070764135476647,1
s50_1_retained_2_t005,50,1,retained_labeled_MI,2,s50.mat,b5df79bb64eb585ff01eb77cc176c9a02964c564dd40a4eeec7764b510950d40,15359,Cho2017,Q15-E006,CSP4_LDA,deterministic,0.8153487681730642,0.1846512318269357,1
s50_1_retained_2_t006,50,1,retained_labeled_MI,2,s50.mat,b5df79bb64eb585ff01eb77cc176c9a02964c564dd40a4eeec7764b510950d40,18943,Cho2017,Q15-E006,CSP4_LDA,deterministic,0.7721383305778401,0.2278616694221599,1
s50_1_retained_2_t007,50,1,retained_labeled_MI,2,s50.mat,b5df79bb64eb585ff01eb77cc176c9a02964c564dd40a4eeec7764b510950d40,22527,Cho2017,Q15-E006,CSP4_LDA,deterministic,0.5976889444174682,0.4023110555825317,1
s50_1_retained_2_t008,50,1,retained_labeled_MI,2,s50.mat,b5df79bb64eb585ff01eb77cc176c9a02964c564dd40a4eeec7764b510950d40,26111,Cho2017,Q15-E006,CSP4_LDA,deterministic,0.7368986485804292,0.2631013514195708,1
s50_1_retained_2_t009,50,1,retained_labeled_MI,2,s50.mat,b5df79bb64eb585ff01eb77cc176c9a02964c564dd40a4eeec7764b510950d40,29695,Cho2017,Q15-E006,CSP4_LDA,deterministic,0.6649573912208262,0.33504260877917386,1
s50_1_retained_2_t010,50,1,retained_labeled_MI,2,s50.mat,b5df79bb64eb585ff01eb77cc176c9a02964c564dd40a4eeec7764b510950d40,33279,Cho2017,Q15-E006,CSP4_LDA,deterministic,0.7300707706894962,0.26992922931050384,1
s50_1_retained_2_t011,50,1,retained_labeled_MI,2,s50.mat,b5df79bb64eb585ff01eb77cc176c9a02964c564dd40a4eeec7764b510950d40,36863,Cho2017,Q15-E006,CSP4_LDA,deterministic,0.711548873236373,0.28845112676362705,1
s50_1_retained_2_t012,50,1,retained_labeled_MI,2,s50.mat,b5df79bb64eb585ff01eb77cc176c9a02964c564dd40a4eeec7764b510950d40,40447,Cho2017,Q15-E006,CSP4_LDA,deterministic,0.7103494600830877,0.28965053991691225,1
s50_1_retained_2_t013,50,1,retained_labeled_MI,2,s50.mat,b5df79bb64eb585ff01eb77cc176c9a02964c564dd40a4eeec7764b510950d40,44031,Cho2017,Q15-E006,CSP4_LDA,deterministic,0.8135963716317743,0.18640362836822566,1
s50_1_retained_2_t014,50,1,retained_labeled_MI,2,s50.mat,b5df79bb64eb585ff01eb77cc176c9a02964c564dd40a4eeec7764b510950d40,47615,Cho2017,Q15-E006,CSP4_LDA,deterministic,0.7533457315877787,0.24665426841222124,1
s50_1_retained_2_t015,50,1,retained_labeled_MI,2,s50.mat,b5df79bb64eb585ff01eb77cc176c9a02964c564dd40a4eeec7764b510950d40,51199,Cho2017,Q15-E006,CSP4_LDA,deterministic,0.5684051229260174,0.4315948770739826,1
s50_1_retained_2_t016,50,1,retained_labeled_MI,2,s50.mat,b5df79bb64eb585ff01eb77cc176c9a02964c564dd40a4eeec7764b510950d40,54783,Cho2017,Q15-E006,CSP4_LDA,deterministic,0.6334979831867259,0.3665020168132741,1
s50_1_retained_2_t017,50,1,retained_labeled_MI,2,s50.mat,b5df79bb64eb585ff01eb77cc176c9a02964c564dd40a4eeec7764b510950d40,58367,Cho2017,Q15-E006,CSP4_LDA,deterministic,0.6237979553299307,0.3762020446700694,1
s50_1_retained_2_t018,50,1,retained_labeled_MI,2,s50.mat,b5df79bb64eb585ff01eb77cc176c9a02964c564dd40a4eeec7764b510950d40,61951,Cho2017,Q15-E006,CSP4_LDA,deterministic,0.7451763697545636,0.2548236302454364,1
s50_1_retained_2_t019,50,1,retained_labeled_MI,2,s50.mat,b5df79bb64eb585ff01eb77cc176c9a02964c564dd40a4eeec7764b510950d40,65535,Cho2017,Q15-E006,CSP4_LDA,deterministic,0.773440808584996,0.22655919141500405,1
s50_1_retained_2_t020,50,1,retained_labeled_MI,2,s50.mat,b5df79bb64eb585ff01eb77cc176c9a02964c564dd40a4eeec7764b510950d40,69119,Cho2017,Q15-E006,CSP4_LDA,deterministic,0.7387494080960444,0.2612505919039556,1
s50_1_retained_2_t021,50,1,retained_labeled_MI,2,s50.mat,b5df79bb64eb585ff01eb77cc176c9a02964c564dd40a4eeec7764b510950d40,72703,Cho2017,Q15-E006,CSP4_LDA,deterministic,0.7749935109577306,0.2250064890422694,1
s50_1_retained_2_t022,50,1,retained_labeled_MI,2,s50.mat,b5df79bb64eb585ff01eb77cc176c9a02964c564dd40a4eeec7764b510950d40,76287,Cho2017,Q15-E006,CSP4_LDA,deterministic,0.5808599043520604,0.41914009564793964,1
s50_1_retained_2_t023,50,1,retained_labeled_MI,2,s50.mat,b5df79bb64eb585ff01eb77cc176c9a02964c564dd40a4eeec7764b510950d40,79871,Cho2017,Q15-E006,CSP4_LDA,deterministic,0.5685637206979706,0.43143627930202944,1
s50_1_retained_2_t024,50,1,retained_labeled_MI,2,s50.mat,b5df79bb64eb585ff01eb77cc176c9a02964c564dd40a4eeec7764b510950d40,83455,Cho2017,Q15-E006,CSP4_LDA,deterministic,0.7789046436251162,0.22109535637488378,1
s50_1_retained_2_t025,50,1,retained_labeled_MI,2,s50.mat,b5df79bb64eb585ff01eb77cc176c9a02964c564dd40a4eeec7764b510950d40,87039,Cho2017,Q15-E006,CSP4_LDA,deterministic,0.7351483160683934,0.26485168393160663,1
s50_1_retained_2_t026,50,1,retained_labeled_MI,2,s50.mat,b5df79bb64eb585ff01eb77cc176c9a02964c564dd40a4eeec7764b510950d40,90623,Cho2017,Q15-E006,CSP4_LDA,deterministic,0.6496390064025768,0.3503609935974232,1
s50_1_retained_2_t027,50,1,retained_labeled_MI,2,s50.mat,b5df79bb64eb585ff01eb77cc176c9a02964c564dd40a4eeec7764b510950d40,94207,Cho2017,Q15-E006,CSP4_LDA,deterministic,0.7031870180906389,0.2968129819093611,1
s50_1_retained_2_t028,50,1,retained_labeled_MI,2,s50.mat,b5df79bb64eb585ff01eb77cc176c9a02964c564dd40a4eeec7764b510950d40,97791,Cho2017,Q15-E006,CSP4_LDA,deterministic,0.6933312186827334,0.30666878131726655,1
s50_1_retained_2_t029,50,1,retained_labeled_MI,2,s50.mat,b5df79bb64eb585ff01eb77cc176c9a02964c564dd40a4eeec7764b510950d40,101375,Cho2017,Q15-E006,CSP4_LDA,deterministic,0.766878117238345,0.23312188276165507,1
s50_1_retained_2_t030,50,1,retained_labeled_MI,2,s50.mat,b5df79bb64eb585ff01eb77cc176c9a02964c564dd40a4eeec7764b510950d40,104959,Cho2017,Q15-E006,CSP4_LDA,deterministic,0.6948678113266782,0.3051321886733218,1
s50_1_retained_2_t031,50,1,retained_labeled_MI,2,s50.mat,b5df79bb64eb585ff01eb77cc176c9a02964c564dd40a4eeec7764b510950d40,108543,Cho2017,Q15-E006,CSP4_LDA,deterministic,0.7073154157110118,0.29268458428898825,1
s50_1_retained_2_t032,50,1,retained_labeled_MI,2,s50.mat,b5df79bb64eb585ff01eb77cc176c9a02964c564dd40a4eeec7764b510950d40,112127,Cho2017,Q15-E006,CSP4_LDA,deterministic,0.7289453884804649,0.27105461151953514,1
s50_1_retained_2_t033,50,1,retained_labeled_MI,2,s50.mat,b5df79bb64eb585ff01eb77cc176c9a02964c564dd40a4eeec7764b510950d40,115711,Cho2017,Q15-E006,CSP4_LDA,deterministic,0.8050652599560865,0.1949347400439135,1
s50_1_retained_2_t034,50,1,retained_labeled_MI,2,s50.mat,b5df79bb64eb585ff01eb77cc176c9a02964c564dd40a4eeec7764b510950d40,119295,Cho2017,Q15-E006,CSP4_LDA,deterministic,0.7414994239288804,0.25850057607111965,1
s50_1_retained_2_t035,50,1,retained_labeled_MI,2,s50.mat,b5df79bb64eb585ff01eb77cc176c9a02964c564dd40a4eeec7764b510950d40,122879,Cho2017,Q15-E006,CSP4_LDA,deterministic,0.6889678599507294,0.31103214004927054,1
s50_1_retained_2_t036,50,1,retained_labeled_MI,2,s50.mat,b5df79bb64eb585ff01eb77cc176c9a02964c564dd40a4eeec7764b510950d40,126463,Cho2017,Q15-E006,CSP4_LDA,deterministic,0.7227240147431615,0.27727598525683844,1
s50_1_retained_2_t037,50,1,retained_labeled_MI,2,s50.mat,b5df79bb64eb585ff01eb77cc176c9a02964c564dd40a4eeec7764b510950d40,130047,Cho2017,Q15-E006,CSP4_LDA,deterministic,0.7598745293650908,0.24012547063490913,1
s50_1_retained_2_t038,50,1,retained_labeled_MI,2,s50.mat,b5df79bb64eb585ff01eb77cc176c9a02964c564dd40a4eeec7764b510950d40,133631,Cho2017,Q15-E006,CSP4_LDA,deterministic,0.7705323967356876,0.22946760326431243,1
s50_1_retained_2_t039,50,1,retained_labeled_MI,2,s50.mat,b5df79bb64eb585ff01eb77cc176c9a02964c564dd40a4eeec7764b510950d40,137215,Cho2017,Q15-E006,CSP4_LDA,deterministic,0.6705438440463818,0.32945615595361827,1
s50_1_retained_2_t040,50,1,retained_labeled_MI,2,s50.mat,b5df79bb64eb585ff01eb77cc176c9a02964c564dd40a4eeec7764b510950d40,140799,Cho2017,Q15-E006,CSP4_LDA,deterministic,0.7570277413209672,0.24297225867903283,1
s50_1_retained_2_t041,50,1,retained_labeled_MI,2,s50.mat,b5df79bb64eb585ff01eb77cc176c9a02964c564dd40a4eeec7764b510950d40,144383,Cho2017,Q15-E006,CSP4_LDA,deterministic,0.753601359586134,0.246398640413866,1
s50_1_retained_2_t042,50,1,retained_labeled_MI,2,s50.mat,b5df79bb64eb585ff01eb77cc176c9a02964c564dd40a4eeec7764b510950d40,147967,Cho2017,Q15-E006,CSP4_LDA,deterministic,0.7287601777827648,0.27123982221723514,1
s50_1_retained_2_t043,50,1,retained_labeled_MI,2,s50.mat,b5df79bb64eb585ff01eb77cc176c9a02964c564dd40a4eeec7764b510950d40,151551,Cho2017,Q15-E006,CSP4_LDA,deterministic,0.6768963600296137,0.32310363997038627,1
s50_1_retained_2_t044,50,1,retained_labeled_MI,2,s50.mat,b5df79bb64eb585ff01eb77cc176c9a02964c564dd40a4eeec7764b510950d40,155135,Cho2017,Q15-E006,CSP4_LDA,deterministic,0.7235012623039464,0.2764987376960536,1
s50_1_retained_2_t045,50,1,retained_labeled_MI,2,s50.mat,b5df79bb64eb585ff01eb77cc176c9a02964c564dd40a4eeec7764b510950d40,158719,Cho2017,Q15-E006,CSP4_LDA,deterministic,0.7305839814952639,0.26941601850473607,1
s50_1_retained_2_t046,50,1,retained_labeled_MI,2,s50.mat,b5df79bb64eb585ff01eb77cc176c9a02964c564dd40a4eeec7764b510950d40,162303,Cho2017,Q15-E006,CSP4_LDA,deterministic,0.819630995469748,0.18036900453025198,1
s50_1_retained_2_t047,50,1,retained_labeled_MI,2,s50.mat,b5df79bb64eb585ff01eb77cc176c9a02964c564dd40a4eeec7764b510950d40,165887,Cho2017,Q15-E006,CSP4_LDA,deterministic,0.7372672257540754,0.26273277424592456,1
s50_1_retained_2_t048,50,1,retained_labeled_MI,2,s50.mat,b5df79bb64eb585ff01eb77cc176c9a02964c564dd40a4eeec7764b510950d40,169471,Cho2017,Q15-E006,CSP4_LDA,deterministic,0.7850780659573645,0.21492193404263546,1
s50_1_retained_2_t049,50,1,retained_labeled_MI,2,s50.mat,b5df79bb64eb585ff01eb77cc176c9a02964c564dd40a4eeec7764b510950d40,173055,Cho2017,Q15-E006,CSP4_LDA,deterministic,0.754040566610679,0.24595943338932105,1
s50_1_retained_2_t050,50,1,retained_labeled_MI,2,s50.mat,b5df79bb64eb585ff01eb77cc176c9a02964c564dd40a4eeec7764b510950d40,176639,Cho2017,Q15-E006,CSP4_LDA,deterministic,0.7049128756014472,0.2950871243985528,1
s50_1_retained_2_t051,50,1,retained_labeled_MI,2,s50.mat,b5df79bb64eb585ff01eb77cc176c9a02964c564dd40a4eeec7764b510950d40,180223,Cho2017,Q15-E006,CSP4_LDA,deterministic,0.7807325197259839,0.21926748027401613,1
s50_1_retained_2_t052,50,1,retained_labeled_MI,2,s50.mat,b5df79bb64eb585ff01eb77cc176c9a02964c564dd40a4eeec7764b510950d40,183807,Cho2017,Q15-E006,CSP4_LDA,deterministic,0.7382921773797733,0.2617078226202268,1
s50_1_retained_2_t053,50,1,retained_labeled_MI,2,s50.mat,b5df79bb64eb585ff01eb77cc176c9a02964c564dd40a4eeec7764b510950d40,187391,Cho2017,Q15-E006,CSP4_LDA,deterministic,0.7378524412716742,0.26214755872832585,1
s50_1_retained_2_t054,50,1,retained_labeled_MI,2,s50.mat,b5df79bb64eb585ff01eb77cc176c9a02964c564dd40a4eeec7764b510950d40,190975,Cho2017,Q15-E006,CSP4_LDA,deterministic,0.7675445719954592,0.23245542800454083,1
s50_1_retained_2_t055,50,1,retained_labeled_MI,2,s50.mat,b5df79bb64eb585ff01eb77cc176c9a02964c564dd40a4eeec7764b510950d40,194559,Cho2017,Q15-E006,CSP4_LDA,deterministic,0.7450208807218345,0.2549791192781655,1
s50_1_retained_2_t056,50,1,retained_labeled_MI,2,s50.mat,b5df79bb64eb585ff01eb77cc176c9a02964c564dd40a4eeec7764b510950d40,198143,Cho2017,Q15-E006,CSP4_LDA,deterministic,0.8190030651685423,0.1809969348314578,1
s50_1_retained_2_t057,50,1,retained_labeled_MI,2,s50.mat,b5df79bb64eb585ff01eb77cc176c9a02964c564dd40a4eeec7764b510950d40,201727,Cho2017,Q15-E006,CSP4_LDA,deterministic,0.7136110668241346,0.28638893317586545,1
s50_1_retained_2_t058,50,1,retained_labeled_MI,2,s50.mat,b5df79bb64eb585ff01eb77cc176c9a02964c564dd40a4eeec7764b510950d40,205311,Cho2017,Q15-E006,CSP4_LDA,deterministic,0.7032043631488885,0.29679563685111154,1
s50_1_retained_2_t059,50,1,retained_labeled_MI,2,s50.mat,b5df79bb64eb585ff01eb77cc176c9a02964c564dd40a4eeec7764b510950d40,208895,Cho2017,Q15-E006,CSP4_LDA,deterministic,0.7248018795596747,0.2751981204403253,1
s50_1_retained_2_t060,50,1,retained_labeled_MI,2,s50.mat,b5df79bb64eb585ff01eb77cc176c9a02964c564dd40a4eeec7764b510950d40,212479,Cho2017,Q15-E006,CSP4_LDA,deterministic,0.6914618519863773,0.30853814801362267,1
s50_1_retained_2_t061,50,1,retained_labeled_MI,2,s50.mat,b5df79bb64eb585ff01eb77cc176c9a02964c564dd40a4eeec7764b510950d40,216063,Cho2017,Q15-E006,CSP4_LDA,deterministic,0.6757467796875612,0.32425322031243875,1
s50_1_retained_2_t062,50,1,retained_labeled_MI,2,s50.mat,b5df79bb64eb585ff01eb77cc176c9a02964c564dd40a4eeec7764b510950d40,219647,Cho2017,Q15-E006,CSP4_LDA,deterministic,0.7179449280749138,0.28205507192508616,1
s50_1_retained_2_t063,50,1,retained_labeled_MI,2,s50.mat,b5df79bb64eb585ff01eb77cc176c9a02964c564dd40a4eeec7764b510950d40,223231,Cho2017,Q15-E006,CSP4_LDA,deterministic,0.7531178396776077,0.24688216032239224,1
s50_1_retained_2_t064,50,1,retained_labeled_MI,2,s50.mat,b5df79bb64eb585ff01eb77cc176c9a02964c564dd40a4eeec7764b510950d40,226815,Cho2017,Q15-E006,CSP4_LDA,deterministic,0.691626826035417,0.308373173964583,1
s50_1_retained_2_t065,50,1,retained_labeled_MI,2,s50.mat,b5df79bb64eb585ff01eb77cc176c9a02964c564dd40a4eeec7764b510950d40,230399,Cho2017,Q15-E006,CSP4_LDA,deterministic,0.7097064692836166,0.2902935307163835,1
s50_1_retained_2_t066,50,1,retained_labeled_MI,2,s50.mat,b5df79bb64eb585ff01eb77cc176c9a02964c564dd40a4eeec7764b510950d40,233983,Cho2017,Q15-E006,CSP4_LDA,deterministic,0.6932206202668436,0.30677937973315633,1
s50_1_retained_2_t067,50,1,retained_labeled_MI,2,s50.mat,b5df79bb64eb585ff01eb77cc176c9a02964c564dd40a4eeec7764b510950d40,237567,Cho2017,Q15-E006,CSP4_LDA,deterministic,0.7346574115422562,0.2653425884577438,1
s50_1_retained_2_t068,50,1,retained_labeled_MI,2,s50.mat,b5df79bb64eb585ff01eb77cc176c9a02964c564dd40a4eeec7764b510950d40,241151,Cho2017,Q15-E006,CSP4_LDA,deterministic,0.7612305761218396,0.2387694238781603,1
s50_1_retained_2_t069,50,1,retained_labeled_MI,2,s50.mat,b5df79bb64eb585ff01eb77cc176c9a02964c564dd40a4eeec7764b510950d40,244735,Cho2017,Q15-E006,CSP4_LDA,deterministic,0.7925335062349406,0.20746649376505938,1
s50_1_retained_2_t070,50,1,retained_labeled_MI,2,s50.mat,b5df79bb64eb585ff01eb77cc176c9a02964c564dd40a4eeec7764b510950d40,248319,Cho2017,Q15-E006,CSP4_LDA,deterministic,0.7990223198906234,0.2009776801093766,1
s50_1_retained_2_t071,50,1,retained_labeled_MI,2,s50.mat,b5df79bb64eb585ff01eb77cc176c9a02964c564dd40a4eeec7764b510950d40,251903,Cho2017,Q15-E006,CSP4_LDA,deterministic,0.7163402531351508,0.28365974686484924,1
s50_1_retained_2_t072,50,1,retained_labeled_MI,2,s50.mat,b5df79bb64eb585ff01eb77cc176c9a02964c564dd40a4eeec7764b510950d40,255487,Cho2017,Q15-E006,CSP4_LDA,deterministic,0.7839842108860744,0.2160157891139256,1
s50_1_retained_2_t073,50,1,retained_labeled_MI,2,s50.mat,b5df79bb64eb585ff01eb77cc176c9a02964c564dd40a4eeec7764b510950d40,259071,Cho2017,Q15-E006,CSP4_LDA,deterministic,0.7355421407211812,0.2644578592788188,1
s50_1_retained_2_t074,50,1,retained_labeled_MI,2,s50.mat,b5df79bb64eb585ff01eb77cc176c9a02964c564dd40a4eeec7764b510950d40,262655,Cho2017,Q15-E006,CSP4_LDA,deterministic,0.7017960989883354,0.2982039010116646,1
s50_1_retained_2_t075,50,1,retained_labeled_MI,2,s50.mat,b5df79bb64eb585ff01eb77cc176c9a02964c564dd40a4eeec7764b510950d40,266239,Cho2017,Q15-E006,CSP4_LDA,deterministic,0.7383392759772541,0.26166072402274587,1
s50_1_retained_2_t076,50,1,retained_labeled_MI,2,s50.mat,b5df79bb64eb585ff01eb77cc176c9a02964c564dd40a4eeec7764b510950d40,269823,Cho2017,Q15-E006,CSP4_LDA,deterministic,0.7560291864459505,0.24397081355404945,1
s50_1_retained_2_t077,50,1,retained_labeled_MI,2,s50.mat,b5df79bb64eb585ff01eb77cc176c9a02964c564dd40a4eeec7764b510950d40,273407,Cho2017,Q15-E006,CSP4_LDA,deterministic,0.7445019965264977,0.25549800347350227,1
s50_1_retained_2_t078,50,1,retained_labeled_MI,2,s50.mat,b5df79bb64eb585ff01eb77cc176c9a02964c564dd40a4eeec7764b510950d40,276991,Cho2017,Q15-E006,CSP4_LDA,deterministic,0.7863985161646523,0.2136014838353477,1
s50_1_retained_2_t079,50,1,retained_labeled_MI,2,s50.mat,b5df79bb64eb585ff01eb77cc176c9a02964c564dd40a4eeec7764b510950d40,280575,Cho2017,Q15-E006,CSP4_LDA,deterministic,0.751975156529133,0.24802484347086698,1
s50_1_retained_2_t080,50,1,retained_labeled_MI,2,s50.mat,b5df79bb64eb585ff01eb77cc176c9a02964c564dd40a4eeec7764b510950d40,284159,Cho2017,Q15-E006,CSP4_LDA,deterministic,0.7566972310977205,0.2433027689022795,1
s50_1_retained_2_t081,50,1,retained_labeled_MI,2,s50.mat,b5df79bb64eb585ff01eb77cc176c9a02964c564dd40a4eeec7764b510950d40,287743,Cho2017,Q15-E006,CSP4_LDA,deterministic,0.6820011743424241,0.31799882565757587,1
s50_1_retained_2_t082,50,1,retained_labeled_MI,2,s50.mat,b5df79bb64eb585ff01eb77cc176c9a02964c564dd40a4eeec7764b510950d40,291327,Cho2017,Q15-E006,CSP4_LDA,deterministic,0.542736045988001,0.45726395401199904,1
s50_1_retained_2_t083,50,1,retained_labeled_MI,2,s50.mat,b5df79bb64eb585ff01eb77cc176c9a02964c564dd40a4eeec7764b510950d40,294911,Cho2017,Q15-E006,CSP4_LDA,deterministic,0.7674722037689485,0.2325277962310515,1
s50_1_retained_2_t084,50,1,retained_labeled_MI,2,s50.mat,b5df79bb64eb585ff01eb77cc176c9a02964c564dd40a4eeec7764b510950d40,298495,Cho2017,Q15-E006,CSP4_LDA,deterministic,0.6811452586953068,0.3188547413046931,1
s50_1_retained_2_t085,50,1,retained_labeled_MI,2,s50.mat,b5df79bb64eb585ff01eb77cc176c9a02964c564dd40a4eeec7764b510950d40,302079,Cho2017,Q15-E006,CSP4_LDA,deterministic,0.6109971097451443,0.38900289025485574,1
s50_1_retained_2_t086,50,1,retained_labeled_MI,2,s50.mat,b5df79bb64eb585ff01eb77cc176c9a02964c564dd40a4eeec7764b510950d40,305663,Cho2017,Q15-E006,CSP4_LDA,deterministic,0.726557545145728,0.273442454854272,1
s50_1_retained_2_t087,50,1,retained_labeled_MI,2,s50.mat,b5df79bb64eb585ff01eb77cc176c9a02964c564dd40a4eeec7764b510950d40,309247,Cho2017,Q15-E006,CSP4_LDA,deterministic,0.6964669616836264,0.30353303831637357,1
s50_1_retained_2_t088,50,1,retained_labeled_MI,2,s50.mat,b5df79bb64eb585ff01eb77cc176c9a02964c564dd40a4eeec7764b510950d40,312831,Cho2017,Q15-E006,CSP4_LDA,deterministic,0.6576940993102368,0.3423059006897632,1
s50_1_retained_2_t089,50,1,retained_labeled_MI,2,s50.mat,b5df79bb64eb585ff01eb77cc176c9a02964c564dd40a4eeec7764b510950d40,316415,Cho2017,Q15-E006,CSP4_LDA,deterministic,0.7954438123945211,0.2045561876054789,1
s50_1_retained_2_t090,50,1,retained_labeled_MI,2,s50.mat,b5df79bb64eb585ff01eb77cc176c9a02964c564dd40a4eeec7764b510950d40,319999,Cho2017,Q15-E006,CSP4_LDA,deterministic,0.61196582670209,0.38803417329791,1
s50_1_retained_2_t091,50,1,retained_labeled_MI,2,s50.mat,b5df79bb64eb585ff01eb77cc176c9a02964c564dd40a4eeec7764b510950d40,323583,Cho2017,Q15-E006,CSP4_LDA,deterministic,0.6310162058418263,0.36898379415817373,1
s50_1_retained_2_t092,50,1,retained_labeled_MI,2,s50.mat,b5df79bb64eb585ff01eb77cc176c9a02964c564dd40a4eeec7764b510950d40,327167,Cho2017,Q15-E006,CSP4_LDA,deterministic,0.6840233807287383,0.31597661927126175,1
s50_1_retained_2_t093,50,1,retained_labeled_MI,2,s50.mat,b5df79bb64eb585ff01eb77cc176c9a02964c564dd40a4eeec7764b510950d40,330751,Cho2017,Q15-E006,CSP4_LDA,deterministic,0.6295955264690065,0.3704044735309935,1
s50_1_retained_2_t094,50,1,retained_labeled_MI,2,s50.mat,b5df79bb64eb585ff01eb77cc176c9a02964c564dd40a4eeec7764b510950d40,334335,Cho2017,Q15-E006,CSP4_LDA,deterministic,0.7055499631248914,0.2944500368751087,1
s50_1_retained_2_t095,50,1,retained_labeled_MI,2,s50.mat,b5df79bb64eb585ff01eb77cc176c9a02964c564dd40a4eeec7764b510950d40,337919,Cho2017,Q15-E006,CSP4_LDA,deterministic,0.7730156775759991,0.22698432242400088,1
s50_1_retained_2_t096,50,1,retained_labeled_MI,2,s50.mat,b5df79bb64eb585ff01eb77cc176c9a02964c564dd40a4eeec7764b510950d40,341503,Cho2017,Q15-E006,CSP4_LDA,deterministic,0.6278115352664423,0.3721884647335577,1
s50_1_retained_2_t097,50,1,retained_labeled_MI,2,s50.mat,b5df79bb64eb585ff01eb77cc176c9a02964c564dd40a4eeec7764b510950d40,345087,Cho2017,Q15-E006,CSP4_LDA,deterministic,0.6897672813624445,0.3102327186375555,1
s50_1_retained_2_t098,50,1,retained_labeled_MI,2,s50.mat,b5df79bb64eb585ff01eb77cc176c9a02964c564dd40a4eeec7764b510950d40,348671,Cho2017,Q15-E006,CSP4_LDA,deterministic,0.7125531297430664,0.2874468702569336,1
s50_1_retained_2_t099,50,1,retained_labeled_MI,2,s50.mat,b5df79bb64eb585ff01eb77cc176c9a02964c564dd40a4eeec7764b510950d40,352255,Cho2017,Q15-E006,CSP4_LDA,deterministic,0.706083999824579,0.29391600017542097,1
s50_1_retained_2_t100,50,1,retained_labeled_MI,2,s50.mat,b5df79bb64eb585ff01eb77cc176c9a02964c564dd40a4eeec7764b510950d40,355839,Cho2017,Q15-E006,CSP4_LDA,deterministic,0.7394465255572299,0.2605534744427701,1
