sample_id,subject,session,run,label,file_id,raw_sha256,cue_sample_native,dataset,experiment_id,model,seed,p_left,p_right,predicted_label
s35_1_retained_1_t001,35,1,retained_labeled_MI,1,s35.mat,656951a3620d0ba432e24273d191fff428735e092833491599ca302e9bfcb51d,1023,Cho2017,Q15-E006,BROAD_EEGNET,20260924,2.9778272292446673e-08,1.0,2
s35_1_retained_1_t002,35,1,retained_labeled_MI,1,s35.mat,656951a3620d0ba432e24273d191fff428735e092833491599ca302e9bfcb51d,4607,Cho2017,Q15-E006,BROAD_EEGNET,20260924,1.7068626988691292e-14,1.0,2
s35_1_retained_1_t003,35,1,retained_labeled_MI,1,s35.mat,656951a3620d0ba432e24273d191fff428735e092833491599ca302e9bfcb51d,8191,Cho2017,Q15-E006,BROAD_EEGNET,20260924,1.060654619688961e-10,1.0,2
s35_1_retained_1_t004,35,1,retained_labeled_MI,1,s35.mat,656951a3620d0ba432e24273d191fff428735e092833491599ca302e9bfcb51d,11775,Cho2017,Q15-E006,BROAD_EEGNET,20260924,0.0015937573043629527,0.9984062314033508,2
s35_1_retained_1_t005,35,1,retained_labeled_MI,1,s35.mat,656951a3620d0ba432e24273d191fff428735e092833491599ca302e9bfcb51d,15359,Cho2017,Q15-E006,BROAD_EEGNET,20260924,0.000774933083448559,0.9992250204086304,2
s35_1_retained_1_t006,35,1,retained_labeled_MI,1,s35.mat,656951a3620d0ba432e24273d191fff428735e092833491599ca302e9bfcb51d,18943,Cho2017,Q15-E006,BROAD_EEGNET,20260924,3.639701873225931e-09,1.0,2
s35_1_retained_1_t007,35,1,retained_labeled_MI,1,s35.mat,656951a3620d0ba432e24273d191fff428735e092833491599ca302e9bfcb51d,22527,Cho2017,Q15-E006,BROAD_EEGNET,20260924,9.1672601578919e-20,1.0,2
s35_1_retained_1_t008,35,1,retained_labeled_MI,1,s35.mat,656951a3620d0ba432e24273d191fff428735e092833491599ca302e9bfcb51d,26111,Cho2017,Q15-E006,BROAD_EEGNET,20260924,6.840175602036529e-15,1.0,2
s35_1_retained_1_t009,35,1,retained_labeled_MI,1,s35.mat,656951a3620d0ba432e24273d191fff428735e092833491599ca302e9bfcb51d,29695,Cho2017,Q15-E006,BROAD_EEGNET,20260924,6.125371612925382e-14,1.0,2
s35_1_retained_1_t010,35,1,retained_labeled_MI,1,s35.mat,656951a3620d0ba432e24273d191fff428735e092833491599ca302e9bfcb51d,33279,Cho2017,Q15-E006,BROAD_EEGNET,20260924,2.854772506306587e-15,1.0,2
s35_1_retained_1_t011,35,1,retained_labeled_MI,1,s35.mat,656951a3620d0ba432e24273d191fff428735e092833491599ca302e9bfcb51d,36863,Cho2017,Q15-E006,BROAD_EEGNET,20260924,1.99947372027387e-12,1.0,2
s35_1_retained_1_t012,35,1,retained_labeled_MI,1,s35.mat,656951a3620d0ba432e24273d191fff428735e092833491599ca302e9bfcb51d,40447,Cho2017,Q15-E006,BROAD_EEGNET,20260924,5.860143210156821e-05,0.999941349029541,2
s35_1_retained_1_t013,35,1,retained_labeled_MI,1,s35.mat,656951a3620d0ba432e24273d191fff428735e092833491599ca302e9bfcb51d,44031,Cho2017,Q15-E006,BROAD_EEGNET,20260924,6.534782425706082e-17,1.0,2
s35_1_retained_1_t014,35,1,retained_labeled_MI,1,s35.mat,656951a3620d0ba432e24273d191fff428735e092833491599ca302e9bfcb51d,47615,Cho2017,Q15-E006,BROAD_EEGNET,20260924,0.957841694355011,0.042158301919698715,1
s35_1_retained_1_t015,35,1,retained_labeled_MI,1,s35.mat,656951a3620d0ba432e24273d191fff428735e092833491599ca302e9bfcb51d,51199,Cho2017,Q15-E006,BROAD_EEGNET,20260924,6.958536556054204e-28,1.0,2
s35_1_retained_1_t016,35,1,retained_labeled_MI,1,s35.mat,656951a3620d0ba432e24273d191fff428735e092833491599ca302e9bfcb51d,54783,Cho2017,Q15-E006,BROAD_EEGNET,20260924,5.873698091966926e-16,1.0,2
s35_1_retained_1_t017,35,1,retained_labeled_MI,1,s35.mat,656951a3620d0ba432e24273d191fff428735e092833491599ca302e9bfcb51d,58367,Cho2017,Q15-E006,BROAD_EEGNET,20260924,4.057802982515568e-09,1.0,2
s35_1_retained_1_t018,35,1,retained_labeled_MI,1,s35.mat,656951a3620d0ba432e24273d191fff428735e092833491599ca302e9bfcb51d,61951,Cho2017,Q15-E006,BROAD_EEGNET,20260924,0.987386167049408,0.012613803148269653,1
s35_1_retained_1_t019,35,1,retained_labeled_MI,1,s35.mat,656951a3620d0ba432e24273d191fff428735e092833491599ca302e9bfcb51d,65535,Cho2017,Q15-E006,BROAD_EEGNET,20260924,2.5369269397998776e-16,1.0,2
s35_1_retained_1_t020,35,1,retained_labeled_MI,1,s35.mat,656951a3620d0ba432e24273d191fff428735e092833491599ca302e9bfcb51d,69119,Cho2017,Q15-E006,BROAD_EEGNET,20260924,1.488043954549212e-12,1.0,2
s35_1_retained_1_t021,35,1,retained_labeled_MI,1,s35.mat,656951a3620d0ba432e24273d191fff428735e092833491599ca302e9bfcb51d,72703,Cho2017,Q15-E006,BROAD_EEGNET,20260924,1.7028128039553447e-12,1.0,2
s35_1_retained_1_t022,35,1,retained_labeled_MI,1,s35.mat,656951a3620d0ba432e24273d191fff428735e092833491599ca302e9bfcb51d,76287,Cho2017,Q15-E006,BROAD_EEGNET,20260924,7.386784760254894e-12,1.0,2
s35_1_retained_1_t023,35,1,retained_labeled_MI,1,s35.mat,656951a3620d0ba432e24273d191fff428735e092833491599ca302e9bfcb51d,79871,Cho2017,Q15-E006,BROAD_EEGNET,20260924,3.5803139326162636e-05,0.9999642372131348,2
s35_1_retained_1_t024,35,1,retained_labeled_MI,1,s35.mat,656951a3620d0ba432e24273d191fff428735e092833491599ca302e9bfcb51d,83455,Cho2017,Q15-E006,BROAD_EEGNET,20260924,2.0931197178058678e-14,1.0,2
s35_1_retained_1_t025,35,1,retained_labeled_MI,1,s35.mat,656951a3620d0ba432e24273d191fff428735e092833491599ca302e9bfcb51d,87039,Cho2017,Q15-E006,BROAD_EEGNET,20260924,3.179582291901184e-11,1.0,2
s35_1_retained_1_t026,35,1,retained_labeled_MI,1,s35.mat,656951a3620d0ba432e24273d191fff428735e092833491599ca302e9bfcb51d,90623,Cho2017,Q15-E006,BROAD_EEGNET,20260924,1.659033674328292e-11,1.0,2
s35_1_retained_1_t027,35,1,retained_labeled_MI,1,s35.mat,656951a3620d0ba432e24273d191fff428735e092833491599ca302e9bfcb51d,94207,Cho2017,Q15-E006,BROAD_EEGNET,20260924,1.0,2.706579578515278e-11,1
s35_1_retained_1_t028,35,1,retained_labeled_MI,1,s35.mat,656951a3620d0ba432e24273d191fff428735e092833491599ca302e9bfcb51d,97791,Cho2017,Q15-E006,BROAD_EEGNET,20260924,1.2766617524644632e-20,1.0,2
s35_1_retained_1_t029,35,1,retained_labeled_MI,1,s35.mat,656951a3620d0ba432e24273d191fff428735e092833491599ca302e9bfcb51d,101375,Cho2017,Q15-E006,BROAD_EEGNET,20260924,2.0426191582103572e-16,1.0,2
s35_1_retained_1_t030,35,1,retained_labeled_MI,1,s35.mat,656951a3620d0ba432e24273d191fff428735e092833491599ca302e9bfcb51d,104959,Cho2017,Q15-E006,BROAD_EEGNET,20260924,3.54058746248338e-17,1.0,2
s35_1_retained_1_t031,35,1,retained_labeled_MI,1,s35.mat,656951a3620d0ba432e24273d191fff428735e092833491599ca302e9bfcb51d,108543,Cho2017,Q15-E006,BROAD_EEGNET,20260924,0.9646382331848145,0.03536180406808853,1
s35_1_retained_1_t032,35,1,retained_labeled_MI,1,s35.mat,656951a3620d0ba432e24273d191fff428735e092833491599ca302e9bfcb51d,112127,Cho2017,Q15-E006,BROAD_EEGNET,20260924,9.655485612436454e-12,1.0,2
s35_1_retained_1_t033,35,1,retained_labeled_MI,1,s35.mat,656951a3620d0ba432e24273d191fff428735e092833491599ca302e9bfcb51d,115711,Cho2017,Q15-E006,BROAD_EEGNET,20260924,6.467483493199921e-11,1.0,2
s35_1_retained_1_t034,35,1,retained_labeled_MI,1,s35.mat,656951a3620d0ba432e24273d191fff428735e092833491599ca302e9bfcb51d,119295,Cho2017,Q15-E006,BROAD_EEGNET,20260924,6.661056062284842e-08,0.9999998807907104,2
s35_1_retained_1_t035,35,1,retained_labeled_MI,1,s35.mat,656951a3620d0ba432e24273d191fff428735e092833491599ca302e9bfcb51d,122879,Cho2017,Q15-E006,BROAD_EEGNET,20260924,1.0,7.184987089628778e-20,1
s35_1_retained_1_t036,35,1,retained_labeled_MI,1,s35.mat,656951a3620d0ba432e24273d191fff428735e092833491599ca302e9bfcb51d,126463,Cho2017,Q15-E006,BROAD_EEGNET,20260924,0.000611472234595567,0.9993884563446045,2
s35_1_retained_1_t037,35,1,retained_labeled_MI,1,s35.mat,656951a3620d0ba432e24273d191fff428735e092833491599ca302e9bfcb51d,130047,Cho2017,Q15-E006,BROAD_EEGNET,20260924,9.090411756673689e-11,1.0,2
s35_1_retained_1_t038,35,1,retained_labeled_MI,1,s35.mat,656951a3620d0ba432e24273d191fff428735e092833491599ca302e9bfcb51d,133631,Cho2017,Q15-E006,BROAD_EEGNET,20260924,1.3491216793764171e-15,1.0,2
s35_1_retained_1_t039,35,1,retained_labeled_MI,1,s35.mat,656951a3620d0ba432e24273d191fff428735e092833491599ca302e9bfcb51d,137215,Cho2017,Q15-E006,BROAD_EEGNET,20260924,1.1303984658039834e-11,1.0,2
s35_1_retained_1_t040,35,1,retained_labeled_MI,1,s35.mat,656951a3620d0ba432e24273d191fff428735e092833491599ca302e9bfcb51d,140799,Cho2017,Q15-E006,BROAD_EEGNET,20260924,1.2981837880675608e-17,1.0,2
s35_1_retained_1_t041,35,1,retained_labeled_MI,1,s35.mat,656951a3620d0ba432e24273d191fff428735e092833491599ca302e9bfcb51d,144383,Cho2017,Q15-E006,BROAD_EEGNET,20260924,7.524367864680313e-22,1.0,2
s35_1_retained_1_t042,35,1,retained_labeled_MI,1,s35.mat,656951a3620d0ba432e24273d191fff428735e092833491599ca302e9bfcb51d,147967,Cho2017,Q15-E006,BROAD_EEGNET,20260924,3.823467381128027e-19,1.0,2
s35_1_retained_1_t043,35,1,retained_labeled_MI,1,s35.mat,656951a3620d0ba432e24273d191fff428735e092833491599ca302e9bfcb51d,151551,Cho2017,Q15-E006,BROAD_EEGNET,20260924,2.8834659659970896e-10,1.0,2
s35_1_retained_1_t044,35,1,retained_labeled_MI,1,s35.mat,656951a3620d0ba432e24273d191fff428735e092833491599ca302e9bfcb51d,155135,Cho2017,Q15-E006,BROAD_EEGNET,20260924,0.11962682753801346,0.8803732395172119,2
s35_1_retained_1_t045,35,1,retained_labeled_MI,1,s35.mat,656951a3620d0ba432e24273d191fff428735e092833491599ca302e9bfcb51d,158719,Cho2017,Q15-E006,BROAD_EEGNET,20260924,3.808048033805342e-14,1.0,2
s35_1_retained_1_t046,35,1,retained_labeled_MI,1,s35.mat,656951a3620d0ba432e24273d191fff428735e092833491599ca302e9bfcb51d,162303,Cho2017,Q15-E006,BROAD_EEGNET,20260924,2.3712562053446033e-20,1.0,2
s35_1_retained_1_t047,35,1,retained_labeled_MI,1,s35.mat,656951a3620d0ba432e24273d191fff428735e092833491599ca302e9bfcb51d,165887,Cho2017,Q15-E006,BROAD_EEGNET,20260924,2.5063835352328624e-14,1.0,2
s35_1_retained_1_t048,35,1,retained_labeled_MI,1,s35.mat,656951a3620d0ba432e24273d191fff428735e092833491599ca302e9bfcb51d,169471,Cho2017,Q15-E006,BROAD_EEGNET,20260924,7.894326130400824e-20,1.0,2
s35_1_retained_1_t049,35,1,retained_labeled_MI,1,s35.mat,656951a3620d0ba432e24273d191fff428735e092833491599ca302e9bfcb51d,173055,Cho2017,Q15-E006,BROAD_EEGNET,20260924,0.0008019338129088283,0.9991980195045471,2
s35_1_retained_1_t050,35,1,retained_labeled_MI,1,s35.mat,656951a3620d0ba432e24273d191fff428735e092833491599ca302e9bfcb51d,176639,Cho2017,Q15-E006,BROAD_EEGNET,20260924,9.084671121464078e-23,1.0,2
s35_1_retained_1_t051,35,1,retained_labeled_MI,1,s35.mat,656951a3620d0ba432e24273d191fff428735e092833491599ca302e9bfcb51d,180223,Cho2017,Q15-E006,BROAD_EEGNET,20260924,1.3327307871657465e-14,1.0,2
s35_1_retained_1_t052,35,1,retained_labeled_MI,1,s35.mat,656951a3620d0ba432e24273d191fff428735e092833491599ca302e9bfcb51d,183807,Cho2017,Q15-E006,BROAD_EEGNET,20260924,4.3608722188892557e-10,1.0,2
s35_1_retained_1_t053,35,1,retained_labeled_MI,1,s35.mat,656951a3620d0ba432e24273d191fff428735e092833491599ca302e9bfcb51d,187391,Cho2017,Q15-E006,BROAD_EEGNET,20260924,2.092563100575262e-08,1.0,2
s35_1_retained_1_t054,35,1,retained_labeled_MI,1,s35.mat,656951a3620d0ba432e24273d191fff428735e092833491599ca302e9bfcb51d,190975,Cho2017,Q15-E006,BROAD_EEGNET,20260924,1.2194089488160031e-11,1.0,2
s35_1_retained_1_t055,35,1,retained_labeled_MI,1,s35.mat,656951a3620d0ba432e24273d191fff428735e092833491599ca302e9bfcb51d,194559,Cho2017,Q15-E006,BROAD_EEGNET,20260924,1.5923889984392758e-10,1.0,2
s35_1_retained_1_t056,35,1,retained_labeled_MI,1,s35.mat,656951a3620d0ba432e24273d191fff428735e092833491599ca302e9bfcb51d,198143,Cho2017,Q15-E006,BROAD_EEGNET,20260924,1.8257611134747664e-12,1.0,2
s35_1_retained_1_t057,35,1,retained_labeled_MI,1,s35.mat,656951a3620d0ba432e24273d191fff428735e092833491599ca302e9bfcb51d,201727,Cho2017,Q15-E006,BROAD_EEGNET,20260924,2.0082923413156095e-07,0.9999997615814209,2
s35_1_retained_1_t058,35,1,retained_labeled_MI,1,s35.mat,656951a3620d0ba432e24273d191fff428735e092833491599ca302e9bfcb51d,205311,Cho2017,Q15-E006,BROAD_EEGNET,20260924,1.6367541320505552e-05,0.9999836683273315,2
s35_1_retained_1_t059,35,1,retained_labeled_MI,1,s35.mat,656951a3620d0ba432e24273d191fff428735e092833491599ca302e9bfcb51d,208895,Cho2017,Q15-E006,BROAD_EEGNET,20260924,1.2815424920366818e-33,1.0,2
s35_1_retained_1_t060,35,1,retained_labeled_MI,1,s35.mat,656951a3620d0ba432e24273d191fff428735e092833491599ca302e9bfcb51d,212479,Cho2017,Q15-E006,BROAD_EEGNET,20260924,4.9182349764813066e-21,1.0,2
s35_1_retained_1_t061,35,1,retained_labeled_MI,1,s35.mat,656951a3620d0ba432e24273d191fff428735e092833491599ca302e9bfcb51d,216063,Cho2017,Q15-E006,BROAD_EEGNET,20260924,4.3449066566836336e-10,1.0,2
s35_1_retained_1_t062,35,1,retained_labeled_MI,1,s35.mat,656951a3620d0ba432e24273d191fff428735e092833491599ca302e9bfcb51d,219647,Cho2017,Q15-E006,BROAD_EEGNET,20260924,2.307544491486624e-06,0.9999977350234985,2
s35_1_retained_1_t063,35,1,retained_labeled_MI,1,s35.mat,656951a3620d0ba432e24273d191fff428735e092833491599ca302e9bfcb51d,223231,Cho2017,Q15-E006,BROAD_EEGNET,20260924,6.000780413778164e-41,1.0,2
s35_1_retained_1_t064,35,1,retained_labeled_MI,1,s35.mat,656951a3620d0ba432e24273d191fff428735e092833491599ca302e9bfcb51d,226815,Cho2017,Q15-E006,BROAD_EEGNET,20260924,6.897915619197982e-26,1.0,2
s35_1_retained_1_t065,35,1,retained_labeled_MI,1,s35.mat,656951a3620d0ba432e24273d191fff428735e092833491599ca302e9bfcb51d,230399,Cho2017,Q15-E006,BROAD_EEGNET,20260924,1.927693248082729e-12,1.0,2
s35_1_retained_1_t066,35,1,retained_labeled_MI,1,s35.mat,656951a3620d0ba432e24273d191fff428735e092833491599ca302e9bfcb51d,233983,Cho2017,Q15-E006,BROAD_EEGNET,20260924,1.1030914376375378e-10,1.0,2
s35_1_retained_1_t067,35,1,retained_labeled_MI,1,s35.mat,656951a3620d0ba432e24273d191fff428735e092833491599ca302e9bfcb51d,237567,Cho2017,Q15-E006,BROAD_EEGNET,20260924,1.3263895652926294e-06,0.9999986886978149,2
s35_1_retained_1_t068,35,1,retained_labeled_MI,1,s35.mat,656951a3620d0ba432e24273d191fff428735e092833491599ca302e9bfcb51d,241151,Cho2017,Q15-E006,BROAD_EEGNET,20260924,7.504050549347885e-13,1.0,2
s35_1_retained_1_t069,35,1,retained_labeled_MI,1,s35.mat,656951a3620d0ba432e24273d191fff428735e092833491599ca302e9bfcb51d,244735,Cho2017,Q15-E006,BROAD_EEGNET,20260924,1.1783234147932182e-16,1.0,2
s35_1_retained_1_t070,35,1,retained_labeled_MI,1,s35.mat,656951a3620d0ba432e24273d191fff428735e092833491599ca302e9bfcb51d,248319,Cho2017,Q15-E006,BROAD_EEGNET,20260924,2.813227428788423e-11,1.0,2
s35_1_retained_1_t071,35,1,retained_labeled_MI,1,s35.mat,656951a3620d0ba432e24273d191fff428735e092833491599ca302e9bfcb51d,251903,Cho2017,Q15-E006,BROAD_EEGNET,20260924,3.3469577803701966e-11,1.0,2
s35_1_retained_1_t072,35,1,retained_labeled_MI,1,s35.mat,656951a3620d0ba432e24273d191fff428735e092833491599ca302e9bfcb51d,255487,Cho2017,Q15-E006,BROAD_EEGNET,20260924,5.789861320416867e-13,1.0,2
s35_1_retained_1_t073,35,1,retained_labeled_MI,1,s35.mat,656951a3620d0ba432e24273d191fff428735e092833491599ca302e9bfcb51d,259071,Cho2017,Q15-E006,BROAD_EEGNET,20260924,4.619937787365969e-13,1.0,2
s35_1_retained_1_t074,35,1,retained_labeled_MI,1,s35.mat,656951a3620d0ba432e24273d191fff428735e092833491599ca302e9bfcb51d,262655,Cho2017,Q15-E006,BROAD_EEGNET,20260924,7.925598613696823e-17,1.0,2
s35_1_retained_1_t075,35,1,retained_labeled_MI,1,s35.mat,656951a3620d0ba432e24273d191fff428735e092833491599ca302e9bfcb51d,266239,Cho2017,Q15-E006,BROAD_EEGNET,20260924,6.948574565867426e-32,1.0,2
s35_1_retained_1_t076,35,1,retained_labeled_MI,1,s35.mat,656951a3620d0ba432e24273d191fff428735e092833491599ca302e9bfcb51d,269823,Cho2017,Q15-E006,BROAD_EEGNET,20260924,2.3012458476135207e-22,1.0,2
s35_1_retained_1_t077,35,1,retained_labeled_MI,1,s35.mat,656951a3620d0ba432e24273d191fff428735e092833491599ca302e9bfcb51d,273407,Cho2017,Q15-E006,BROAD_EEGNET,20260924,2.832524127155769e-15,1.0,2
s35_1_retained_1_t078,35,1,retained_labeled_MI,1,s35.mat,656951a3620d0ba432e24273d191fff428735e092833491599ca302e9bfcb51d,276991,Cho2017,Q15-E006,BROAD_EEGNET,20260924,1.9847394882052074e-19,1.0,2
s35_1_retained_1_t079,35,1,retained_labeled_MI,1,s35.mat,656951a3620d0ba432e24273d191fff428735e092833491599ca302e9bfcb51d,280575,Cho2017,Q15-E006,BROAD_EEGNET,20260924,9.795996253744577e-17,1.0,2
s35_1_retained_1_t080,35,1,retained_labeled_MI,1,s35.mat,656951a3620d0ba432e24273d191fff428735e092833491599ca302e9bfcb51d,284159,Cho2017,Q15-E006,BROAD_EEGNET,20260924,2.8330170579794235e-14,1.0,2
s35_1_retained_1_t081,35,1,retained_labeled_MI,1,s35.mat,656951a3620d0ba432e24273d191fff428735e092833491599ca302e9bfcb51d,287743,Cho2017,Q15-E006,BROAD_EEGNET,20260924,0.0,1.0,2
s35_1_retained_1_t082,35,1,retained_labeled_MI,1,s35.mat,656951a3620d0ba432e24273d191fff428735e092833491599ca302e9bfcb51d,291327,Cho2017,Q15-E006,BROAD_EEGNET,20260924,2.2122321729791614e-31,1.0,2
s35_1_retained_1_t083,35,1,retained_labeled_MI,1,s35.mat,656951a3620d0ba432e24273d191fff428735e092833491599ca302e9bfcb51d,294911,Cho2017,Q15-E006,BROAD_EEGNET,20260924,7.729079289069083e-24,1.0,2
s35_1_retained_1_t084,35,1,retained_labeled_MI,1,s35.mat,656951a3620d0ba432e24273d191fff428735e092833491599ca302e9bfcb51d,298495,Cho2017,Q15-E006,BROAD_EEGNET,20260924,6.484004345140656e-24,1.0,2
s35_1_retained_1_t085,35,1,retained_labeled_MI,1,s35.mat,656951a3620d0ba432e24273d191fff428735e092833491599ca302e9bfcb51d,302079,Cho2017,Q15-E006,BROAD_EEGNET,20260924,8.287030219268193e-17,1.0,2
s35_1_retained_1_t086,35,1,retained_labeled_MI,1,s35.mat,656951a3620d0ba432e24273d191fff428735e092833491599ca302e9bfcb51d,305663,Cho2017,Q15-E006,BROAD_EEGNET,20260924,5.985833695368311e-20,1.0,2
s35_1_retained_1_t087,35,1,retained_labeled_MI,1,s35.mat,656951a3620d0ba432e24273d191fff428735e092833491599ca302e9bfcb51d,309247,Cho2017,Q15-E006,BROAD_EEGNET,20260924,1.4430676630214317e-31,1.0,2
s35_1_retained_1_t088,35,1,retained_labeled_MI,1,s35.mat,656951a3620d0ba432e24273d191fff428735e092833491599ca302e9bfcb51d,312831,Cho2017,Q15-E006,BROAD_EEGNET,20260924,1.0722978754929002e-10,1.0,2
s35_1_retained_1_t089,35,1,retained_labeled_MI,1,s35.mat,656951a3620d0ba432e24273d191fff428735e092833491599ca302e9bfcb51d,316415,Cho2017,Q15-E006,BROAD_EEGNET,20260924,9.653637188194252e-21,1.0,2
s35_1_retained_1_t090,35,1,retained_labeled_MI,1,s35.mat,656951a3620d0ba432e24273d191fff428735e092833491599ca302e9bfcb51d,319999,Cho2017,Q15-E006,BROAD_EEGNET,20260924,4.623153354674277e-25,1.0,2
s35_1_retained_1_t091,35,1,retained_labeled_MI,1,s35.mat,656951a3620d0ba432e24273d191fff428735e092833491599ca302e9bfcb51d,323583,Cho2017,Q15-E006,BROAD_EEGNET,20260924,8.433155843465972e-16,1.0,2
s35_1_retained_1_t092,35,1,retained_labeled_MI,1,s35.mat,656951a3620d0ba432e24273d191fff428735e092833491599ca302e9bfcb51d,327167,Cho2017,Q15-E006,BROAD_EEGNET,20260924,1.6246063752497865e-19,1.0,2
s35_1_retained_1_t093,35,1,retained_labeled_MI,1,s35.mat,656951a3620d0ba432e24273d191fff428735e092833491599ca302e9bfcb51d,330751,Cho2017,Q15-E006,BROAD_EEGNET,20260924,2.8165689688918825e-21,1.0,2
s35_1_retained_1_t094,35,1,retained_labeled_MI,1,s35.mat,656951a3620d0ba432e24273d191fff428735e092833491599ca302e9bfcb51d,334335,Cho2017,Q15-E006,BROAD_EEGNET,20260924,2.1999923046128776e-19,1.0,2
s35_1_retained_1_t095,35,1,retained_labeled_MI,1,s35.mat,656951a3620d0ba432e24273d191fff428735e092833491599ca302e9bfcb51d,337919,Cho2017,Q15-E006,BROAD_EEGNET,20260924,7.012841235455244e-14,1.0,2
s35_1_retained_1_t096,35,1,retained_labeled_MI,1,s35.mat,656951a3620d0ba432e24273d191fff428735e092833491599ca302e9bfcb51d,341503,Cho2017,Q15-E006,BROAD_EEGNET,20260924,7.838180502546283e-28,1.0,2
s35_1_retained_1_t097,35,1,retained_labeled_MI,1,s35.mat,656951a3620d0ba432e24273d191fff428735e092833491599ca302e9bfcb51d,345087,Cho2017,Q15-E006,BROAD_EEGNET,20260924,5.264874403110298e-07,0.9999995231628418,2
s35_1_retained_1_t098,35,1,retained_labeled_MI,1,s35.mat,656951a3620d0ba432e24273d191fff428735e092833491599ca302e9bfcb51d,348671,Cho2017,Q15-E006,BROAD_EEGNET,20260924,4.810402346980883e-17,1.0,2
s35_1_retained_1_t099,35,1,retained_labeled_MI,1,s35.mat,656951a3620d0ba432e24273d191fff428735e092833491599ca302e9bfcb51d,352255,Cho2017,Q15-E006,BROAD_EEGNET,20260924,3.941271788099332e-12,1.0,2
s35_1_retained_1_t100,35,1,retained_labeled_MI,1,s35.mat,656951a3620d0ba432e24273d191fff428735e092833491599ca302e9bfcb51d,355839,Cho2017,Q15-E006,BROAD_EEGNET,20260924,2.4151433881449615e-17,1.0,2
s35_1_retained_2_t001,35,1,retained_labeled_MI,2,s35.mat,656951a3620d0ba432e24273d191fff428735e092833491599ca302e9bfcb51d,1023,Cho2017,Q15-E006,BROAD_EEGNET,20260924,2.122365746822992e-18,1.0,2
s35_1_retained_2_t002,35,1,retained_labeled_MI,2,s35.mat,656951a3620d0ba432e24273d191fff428735e092833491599ca302e9bfcb51d,4607,Cho2017,Q15-E006,BROAD_EEGNET,20260924,1.3477807866713405e-20,1.0,2
s35_1_retained_2_t003,35,1,retained_labeled_MI,2,s35.mat,656951a3620d0ba432e24273d191fff428735e092833491599ca302e9bfcb51d,8191,Cho2017,Q15-E006,BROAD_EEGNET,20260924,5.67203174400381e-20,1.0,2
s35_1_retained_2_t004,35,1,retained_labeled_MI,2,s35.mat,656951a3620d0ba432e24273d191fff428735e092833491599ca302e9bfcb51d,11775,Cho2017,Q15-E006,BROAD_EEGNET,20260924,4.5000150643934253e-17,1.0,2
s35_1_retained_2_t005,35,1,retained_labeled_MI,2,s35.mat,656951a3620d0ba432e24273d191fff428735e092833491599ca302e9bfcb51d,15359,Cho2017,Q15-E006,BROAD_EEGNET,20260924,7.571282374395603e-19,1.0,2
s35_1_retained_2_t006,35,1,retained_labeled_MI,2,s35.mat,656951a3620d0ba432e24273d191fff428735e092833491599ca302e9bfcb51d,18943,Cho2017,Q15-E006,BROAD_EEGNET,20260924,2.613854910293867e-09,1.0,2
s35_1_retained_2_t007,35,1,retained_labeled_MI,2,s35.mat,656951a3620d0ba432e24273d191fff428735e092833491599ca302e9bfcb51d,22527,Cho2017,Q15-E006,BROAD_EEGNET,20260924,2.8921500415890478e-05,0.9999710321426392,2
s35_1_retained_2_t008,35,1,retained_labeled_MI,2,s35.mat,656951a3620d0ba432e24273d191fff428735e092833491599ca302e9bfcb51d,26111,Cho2017,Q15-E006,BROAD_EEGNET,20260924,1.4507013368358912e-08,1.0,2
s35_1_retained_2_t009,35,1,retained_labeled_MI,2,s35.mat,656951a3620d0ba432e24273d191fff428735e092833491599ca302e9bfcb51d,29695,Cho2017,Q15-E006,BROAD_EEGNET,20260924,1.010842988757977e-29,1.0,2
s35_1_retained_2_t010,35,1,retained_labeled_MI,2,s35.mat,656951a3620d0ba432e24273d191fff428735e092833491599ca302e9bfcb51d,33279,Cho2017,Q15-E006,BROAD_EEGNET,20260924,2.3046765606248323e-18,1.0,2
s35_1_retained_2_t011,35,1,retained_labeled_MI,2,s35.mat,656951a3620d0ba432e24273d191fff428735e092833491599ca302e9bfcb51d,36863,Cho2017,Q15-E006,BROAD_EEGNET,20260924,2.854457465920443e-22,1.0,2
s35_1_retained_2_t012,35,1,retained_labeled_MI,2,s35.mat,656951a3620d0ba432e24273d191fff428735e092833491599ca302e9bfcb51d,40447,Cho2017,Q15-E006,BROAD_EEGNET,20260924,3.385583929220962e-26,1.0,2
s35_1_retained_2_t013,35,1,retained_labeled_MI,2,s35.mat,656951a3620d0ba432e24273d191fff428735e092833491599ca302e9bfcb51d,44031,Cho2017,Q15-E006,BROAD_EEGNET,20260924,7.389136913998212e-16,1.0,2
s35_1_retained_2_t014,35,1,retained_labeled_MI,2,s35.mat,656951a3620d0ba432e24273d191fff428735e092833491599ca302e9bfcb51d,47615,Cho2017,Q15-E006,BROAD_EEGNET,20260924,3.1848390880085805e-37,1.0,2
s35_1_retained_2_t015,35,1,retained_labeled_MI,2,s35.mat,656951a3620d0ba432e24273d191fff428735e092833491599ca302e9bfcb51d,51199,Cho2017,Q15-E006,BROAD_EEGNET,20260924,2.6087693691347025e-28,1.0,2
s35_1_retained_2_t016,35,1,retained_labeled_MI,2,s35.mat,656951a3620d0ba432e24273d191fff428735e092833491599ca302e9bfcb51d,54783,Cho2017,Q15-E006,BROAD_EEGNET,20260924,6.246976460427822e-12,1.0,2
s35_1_retained_2_t017,35,1,retained_labeled_MI,2,s35.mat,656951a3620d0ba432e24273d191fff428735e092833491599ca302e9bfcb51d,58367,Cho2017,Q15-E006,BROAD_EEGNET,20260924,1.4138611751586717e-16,1.0,2
s35_1_retained_2_t018,35,1,retained_labeled_MI,2,s35.mat,656951a3620d0ba432e24273d191fff428735e092833491599ca302e9bfcb51d,61951,Cho2017,Q15-E006,BROAD_EEGNET,20260924,1.0859207745934708e-37,1.0,2
s35_1_retained_2_t019,35,1,retained_labeled_MI,2,s35.mat,656951a3620d0ba432e24273d191fff428735e092833491599ca302e9bfcb51d,65535,Cho2017,Q15-E006,BROAD_EEGNET,20260924,1.5153253433533954e-38,1.0,2
s35_1_retained_2_t020,35,1,retained_labeled_MI,2,s35.mat,656951a3620d0ba432e24273d191fff428735e092833491599ca302e9bfcb51d,69119,Cho2017,Q15-E006,BROAD_EEGNET,20260924,4.70872249143688e-28,1.0,2
s35_1_retained_2_t021,35,1,retained_labeled_MI,2,s35.mat,656951a3620d0ba432e24273d191fff428735e092833491599ca302e9bfcb51d,72703,Cho2017,Q15-E006,BROAD_EEGNET,20260924,8.265799069512303e-13,1.0,2
s35_1_retained_2_t022,35,1,retained_labeled_MI,2,s35.mat,656951a3620d0ba432e24273d191fff428735e092833491599ca302e9bfcb51d,76287,Cho2017,Q15-E006,BROAD_EEGNET,20260924,8.784144905934806e-27,1.0,2
s35_1_retained_2_t023,35,1,retained_labeled_MI,2,s35.mat,656951a3620d0ba432e24273d191fff428735e092833491599ca302e9bfcb51d,79871,Cho2017,Q15-E006,BROAD_EEGNET,20260924,2.849347050795933e-20,1.0,2
s35_1_retained_2_t024,35,1,retained_labeled_MI,2,s35.mat,656951a3620d0ba432e24273d191fff428735e092833491599ca302e9bfcb51d,83455,Cho2017,Q15-E006,BROAD_EEGNET,20260924,3.3924889264978775e-14,1.0,2
s35_1_retained_2_t025,35,1,retained_labeled_MI,2,s35.mat,656951a3620d0ba432e24273d191fff428735e092833491599ca302e9bfcb51d,87039,Cho2017,Q15-E006,BROAD_EEGNET,20260924,3.2768517174881773e-13,1.0,2
s35_1_retained_2_t026,35,1,retained_labeled_MI,2,s35.mat,656951a3620d0ba432e24273d191fff428735e092833491599ca302e9bfcb51d,90623,Cho2017,Q15-E006,BROAD_EEGNET,20260924,0.004321621265262365,0.9956783652305603,2
s35_1_retained_2_t027,35,1,retained_labeled_MI,2,s35.mat,656951a3620d0ba432e24273d191fff428735e092833491599ca302e9bfcb51d,94207,Cho2017,Q15-E006,BROAD_EEGNET,20260924,4.3783576771292404e-29,1.0,2
s35_1_retained_2_t028,35,1,retained_labeled_MI,2,s35.mat,656951a3620d0ba432e24273d191fff428735e092833491599ca302e9bfcb51d,97791,Cho2017,Q15-E006,BROAD_EEGNET,20260924,4.291630928317727e-19,1.0,2
s35_1_retained_2_t029,35,1,retained_labeled_MI,2,s35.mat,656951a3620d0ba432e24273d191fff428735e092833491599ca302e9bfcb51d,101375,Cho2017,Q15-E006,BROAD_EEGNET,20260924,1.7230713135600176e-17,1.0,2
s35_1_retained_2_t030,35,1,retained_labeled_MI,2,s35.mat,656951a3620d0ba432e24273d191fff428735e092833491599ca302e9bfcb51d,104959,Cho2017,Q15-E006,BROAD_EEGNET,20260924,2.043261448459195e-28,1.0,2
s35_1_retained_2_t031,35,1,retained_labeled_MI,2,s35.mat,656951a3620d0ba432e24273d191fff428735e092833491599ca302e9bfcb51d,108543,Cho2017,Q15-E006,BROAD_EEGNET,20260924,8.645787558103635e-11,1.0,2
s35_1_retained_2_t032,35,1,retained_labeled_MI,2,s35.mat,656951a3620d0ba432e24273d191fff428735e092833491599ca302e9bfcb51d,112127,Cho2017,Q15-E006,BROAD_EEGNET,20260924,1.0575487439193704e-23,1.0,2
s35_1_retained_2_t033,35,1,retained_labeled_MI,2,s35.mat,656951a3620d0ba432e24273d191fff428735e092833491599ca302e9bfcb51d,115711,Cho2017,Q15-E006,BROAD_EEGNET,20260924,5.27238463815077e-16,1.0,2
s35_1_retained_2_t034,35,1,retained_labeled_MI,2,s35.mat,656951a3620d0ba432e24273d191fff428735e092833491599ca302e9bfcb51d,119295,Cho2017,Q15-E006,BROAD_EEGNET,20260924,2.7704532781570104e-18,1.0,2
s35_1_retained_2_t035,35,1,retained_labeled_MI,2,s35.mat,656951a3620d0ba432e24273d191fff428735e092833491599ca302e9bfcb51d,122879,Cho2017,Q15-E006,BROAD_EEGNET,20260924,3.621734509517971e-11,1.0,2
s35_1_retained_2_t036,35,1,retained_labeled_MI,2,s35.mat,656951a3620d0ba432e24273d191fff428735e092833491599ca302e9bfcb51d,126463,Cho2017,Q15-E006,BROAD_EEGNET,20260924,2.4329924502213083e-15,1.0,2
s35_1_retained_2_t037,35,1,retained_labeled_MI,2,s35.mat,656951a3620d0ba432e24273d191fff428735e092833491599ca302e9bfcb51d,130047,Cho2017,Q15-E006,BROAD_EEGNET,20260924,1.196519359286663e-11,1.0,2
s35_1_retained_2_t038,35,1,retained_labeled_MI,2,s35.mat,656951a3620d0ba432e24273d191fff428735e092833491599ca302e9bfcb51d,133631,Cho2017,Q15-E006,BROAD_EEGNET,20260924,2.9336193196893845e-11,1.0,2
s35_1_retained_2_t039,35,1,retained_labeled_MI,2,s35.mat,656951a3620d0ba432e24273d191fff428735e092833491599ca302e9bfcb51d,137215,Cho2017,Q15-E006,BROAD_EEGNET,20260924,1.9623794776657544e-12,1.0,2
s35_1_retained_2_t040,35,1,retained_labeled_MI,2,s35.mat,656951a3620d0ba432e24273d191fff428735e092833491599ca302e9bfcb51d,140799,Cho2017,Q15-E006,BROAD_EEGNET,20260924,1.4489729121772508e-27,1.0,2
s35_1_retained_2_t041,35,1,retained_labeled_MI,2,s35.mat,656951a3620d0ba432e24273d191fff428735e092833491599ca302e9bfcb51d,144383,Cho2017,Q15-E006,BROAD_EEGNET,20260924,1.3481353562383447e-05,0.9999865293502808,2
s35_1_retained_2_t042,35,1,retained_labeled_MI,2,s35.mat,656951a3620d0ba432e24273d191fff428735e092833491599ca302e9bfcb51d,147967,Cho2017,Q15-E006,BROAD_EEGNET,20260924,4.4936596761344094e-13,1.0,2
s35_1_retained_2_t043,35,1,retained_labeled_MI,2,s35.mat,656951a3620d0ba432e24273d191fff428735e092833491599ca302e9bfcb51d,151551,Cho2017,Q15-E006,BROAD_EEGNET,20260924,2.454832725984346e-10,1.0,2
s35_1_retained_2_t044,35,1,retained_labeled_MI,2,s35.mat,656951a3620d0ba432e24273d191fff428735e092833491599ca302e9bfcb51d,155135,Cho2017,Q15-E006,BROAD_EEGNET,20260924,2.133811741096483e-26,1.0,2
s35_1_retained_2_t045,35,1,retained_labeled_MI,2,s35.mat,656951a3620d0ba432e24273d191fff428735e092833491599ca302e9bfcb51d,158719,Cho2017,Q15-E006,BROAD_EEGNET,20260924,1.0,3.492146660732942e-08,1
s35_1_retained_2_t046,35,1,retained_labeled_MI,2,s35.mat,656951a3620d0ba432e24273d191fff428735e092833491599ca302e9bfcb51d,162303,Cho2017,Q15-E006,BROAD_EEGNET,20260924,6.033502031321802e-10,1.0,2
s35_1_retained_2_t047,35,1,retained_labeled_MI,2,s35.mat,656951a3620d0ba432e24273d191fff428735e092833491599ca302e9bfcb51d,165887,Cho2017,Q15-E006,BROAD_EEGNET,20260924,5.377761226554867e-06,0.9999946355819702,2
s35_1_retained_2_t048,35,1,retained_labeled_MI,2,s35.mat,656951a3620d0ba432e24273d191fff428735e092833491599ca302e9bfcb51d,169471,Cho2017,Q15-E006,BROAD_EEGNET,20260924,4.492260328868802e-18,1.0,2
s35_1_retained_2_t049,35,1,retained_labeled_MI,2,s35.mat,656951a3620d0ba432e24273d191fff428735e092833491599ca302e9bfcb51d,173055,Cho2017,Q15-E006,BROAD_EEGNET,20260924,7.503457577495709e-11,1.0,2
s35_1_retained_2_t050,35,1,retained_labeled_MI,2,s35.mat,656951a3620d0ba432e24273d191fff428735e092833491599ca302e9bfcb51d,176639,Cho2017,Q15-E006,BROAD_EEGNET,20260924,1.7430493016285485e-14,1.0,2
s35_1_retained_2_t051,35,1,retained_labeled_MI,2,s35.mat,656951a3620d0ba432e24273d191fff428735e092833491599ca302e9bfcb51d,180223,Cho2017,Q15-E006,BROAD_EEGNET,20260924,1.7700332801451964e-24,1.0,2
s35_1_retained_2_t052,35,1,retained_labeled_MI,2,s35.mat,656951a3620d0ba432e24273d191fff428735e092833491599ca302e9bfcb51d,183807,Cho2017,Q15-E006,BROAD_EEGNET,20260924,5.759324291890362e-15,1.0,2
s35_1_retained_2_t053,35,1,retained_labeled_MI,2,s35.mat,656951a3620d0ba432e24273d191fff428735e092833491599ca302e9bfcb51d,187391,Cho2017,Q15-E006,BROAD_EEGNET,20260924,8.752062827093303e-21,1.0,2
s35_1_retained_2_t054,35,1,retained_labeled_MI,2,s35.mat,656951a3620d0ba432e24273d191fff428735e092833491599ca302e9bfcb51d,190975,Cho2017,Q15-E006,BROAD_EEGNET,20260924,2.0645019027654143e-09,1.0,2
s35_1_retained_2_t055,35,1,retained_labeled_MI,2,s35.mat,656951a3620d0ba432e24273d191fff428735e092833491599ca302e9bfcb51d,194559,Cho2017,Q15-E006,BROAD_EEGNET,20260924,0.18796861171722412,0.8120313882827759,2
s35_1_retained_2_t056,35,1,retained_labeled_MI,2,s35.mat,656951a3620d0ba432e24273d191fff428735e092833491599ca302e9bfcb51d,198143,Cho2017,Q15-E006,BROAD_EEGNET,20260924,9.665371836220515e-10,1.0,2
s35_1_retained_2_t057,35,1,retained_labeled_MI,2,s35.mat,656951a3620d0ba432e24273d191fff428735e092833491599ca302e9bfcb51d,201727,Cho2017,Q15-E006,BROAD_EEGNET,20260924,0.00903160311281681,0.9909684062004089,2
s35_1_retained_2_t058,35,1,retained_labeled_MI,2,s35.mat,656951a3620d0ba432e24273d191fff428735e092833491599ca302e9bfcb51d,205311,Cho2017,Q15-E006,BROAD_EEGNET,20260924,3.2542461667617317e-06,0.9999967813491821,2
s35_1_retained_2_t059,35,1,retained_labeled_MI,2,s35.mat,656951a3620d0ba432e24273d191fff428735e092833491599ca302e9bfcb51d,208895,Cho2017,Q15-E006,BROAD_EEGNET,20260924,3.215872385707894e-22,1.0,2
s35_1_retained_2_t060,35,1,retained_labeled_MI,2,s35.mat,656951a3620d0ba432e24273d191fff428735e092833491599ca302e9bfcb51d,212479,Cho2017,Q15-E006,BROAD_EEGNET,20260924,1.390132579462747e-15,1.0,2
s35_1_retained_2_t061,35,1,retained_labeled_MI,2,s35.mat,656951a3620d0ba432e24273d191fff428735e092833491599ca302e9bfcb51d,216063,Cho2017,Q15-E006,BROAD_EEGNET,20260924,0.04010903462767601,0.9598909616470337,2
s35_1_retained_2_t062,35,1,retained_labeled_MI,2,s35.mat,656951a3620d0ba432e24273d191fff428735e092833491599ca302e9bfcb51d,219647,Cho2017,Q15-E006,BROAD_EEGNET,20260924,2.1379785053454725e-08,1.0,2
s35_1_retained_2_t063,35,1,retained_labeled_MI,2,s35.mat,656951a3620d0ba432e24273d191fff428735e092833491599ca302e9bfcb51d,223231,Cho2017,Q15-E006,BROAD_EEGNET,20260924,0.9967541098594666,0.0032458340283483267,1
s35_1_retained_2_t064,35,1,retained_labeled_MI,2,s35.mat,656951a3620d0ba432e24273d191fff428735e092833491599ca302e9bfcb51d,226815,Cho2017,Q15-E006,BROAD_EEGNET,20260924,7.300322835135375e-08,0.9999998807907104,2
s35_1_retained_2_t065,35,1,retained_labeled_MI,2,s35.mat,656951a3620d0ba432e24273d191fff428735e092833491599ca302e9bfcb51d,230399,Cho2017,Q15-E006,BROAD_EEGNET,20260924,5.113249823551769e-09,1.0,2
s35_1_retained_2_t066,35,1,retained_labeled_MI,2,s35.mat,656951a3620d0ba432e24273d191fff428735e092833491599ca302e9bfcb51d,233983,Cho2017,Q15-E006,BROAD_EEGNET,20260924,0.8759465217590332,0.12405344843864441,1
s35_1_retained_2_t067,35,1,retained_labeled_MI,2,s35.mat,656951a3620d0ba432e24273d191fff428735e092833491599ca302e9bfcb51d,237567,Cho2017,Q15-E006,BROAD_EEGNET,20260924,0.01596876233816147,0.9840312004089355,2
s35_1_retained_2_t068,35,1,retained_labeled_MI,2,s35.mat,656951a3620d0ba432e24273d191fff428735e092833491599ca302e9bfcb51d,241151,Cho2017,Q15-E006,BROAD_EEGNET,20260924,6.480179484376694e-14,1.0,2
s35_1_retained_2_t069,35,1,retained_labeled_MI,2,s35.mat,656951a3620d0ba432e24273d191fff428735e092833491599ca302e9bfcb51d,244735,Cho2017,Q15-E006,BROAD_EEGNET,20260924,7.061878879233972e-24,1.0,2
s35_1_retained_2_t070,35,1,retained_labeled_MI,2,s35.mat,656951a3620d0ba432e24273d191fff428735e092833491599ca302e9bfcb51d,248319,Cho2017,Q15-E006,BROAD_EEGNET,20260924,2.7195784246282755e-15,1.0,2
s35_1_retained_2_t071,35,1,retained_labeled_MI,2,s35.mat,656951a3620d0ba432e24273d191fff428735e092833491599ca302e9bfcb51d,251903,Cho2017,Q15-E006,BROAD_EEGNET,20260924,7.116610634128051e-10,1.0,2
s35_1_retained_2_t072,35,1,retained_labeled_MI,2,s35.mat,656951a3620d0ba432e24273d191fff428735e092833491599ca302e9bfcb51d,255487,Cho2017,Q15-E006,BROAD_EEGNET,20260924,1.9553886612774552e-16,1.0,2
s35_1_retained_2_t073,35,1,retained_labeled_MI,2,s35.mat,656951a3620d0ba432e24273d191fff428735e092833491599ca302e9bfcb51d,259071,Cho2017,Q15-E006,BROAD_EEGNET,20260924,1.0,9.92849980008259e-09,1
s35_1_retained_2_t074,35,1,retained_labeled_MI,2,s35.mat,656951a3620d0ba432e24273d191fff428735e092833491599ca302e9bfcb51d,262655,Cho2017,Q15-E006,BROAD_EEGNET,20260924,0.012475975789129734,0.9875240325927734,2
s35_1_retained_2_t075,35,1,retained_labeled_MI,2,s35.mat,656951a3620d0ba432e24273d191fff428735e092833491599ca302e9bfcb51d,266239,Cho2017,Q15-E006,BROAD_EEGNET,20260924,0.9997608065605164,0.00023924119886942208,1
s35_1_retained_2_t076,35,1,retained_labeled_MI,2,s35.mat,656951a3620d0ba432e24273d191fff428735e092833491599ca302e9bfcb51d,269823,Cho2017,Q15-E006,BROAD_EEGNET,20260924,2.1343034006804373e-08,1.0,2
s35_1_retained_2_t077,35,1,retained_labeled_MI,2,s35.mat,656951a3620d0ba432e24273d191fff428735e092833491599ca302e9bfcb51d,273407,Cho2017,Q15-E006,BROAD_EEGNET,20260924,4.967338485593986e-19,1.0,2
s35_1_retained_2_t078,35,1,retained_labeled_MI,2,s35.mat,656951a3620d0ba432e24273d191fff428735e092833491599ca302e9bfcb51d,276991,Cho2017,Q15-E006,BROAD_EEGNET,20260924,0.003250344656407833,0.9967496395111084,2
s35_1_retained_2_t079,35,1,retained_labeled_MI,2,s35.mat,656951a3620d0ba432e24273d191fff428735e092833491599ca302e9bfcb51d,280575,Cho2017,Q15-E006,BROAD_EEGNET,20260924,3.6156023585480204e-24,1.0,2
s35_1_retained_2_t080,35,1,retained_labeled_MI,2,s35.mat,656951a3620d0ba432e24273d191fff428735e092833491599ca302e9bfcb51d,284159,Cho2017,Q15-E006,BROAD_EEGNET,20260924,1.1041626732941415e-14,1.0,2
s35_1_retained_2_t081,35,1,retained_labeled_MI,2,s35.mat,656951a3620d0ba432e24273d191fff428735e092833491599ca302e9bfcb51d,287743,Cho2017,Q15-E006,BROAD_EEGNET,20260924,0.9154499173164368,0.08455005288124084,1
s35_1_retained_2_t082,35,1,retained_labeled_MI,2,s35.mat,656951a3620d0ba432e24273d191fff428735e092833491599ca302e9bfcb51d,291327,Cho2017,Q15-E006,BROAD_EEGNET,20260924,6.103709893068299e-07,0.9999994039535522,2
s35_1_retained_2_t083,35,1,retained_labeled_MI,2,s35.mat,656951a3620d0ba432e24273d191fff428735e092833491599ca302e9bfcb51d,294911,Cho2017,Q15-E006,BROAD_EEGNET,20260924,3.155591066228425e-11,1.0,2
s35_1_retained_2_t084,35,1,retained_labeled_MI,2,s35.mat,656951a3620d0ba432e24273d191fff428735e092833491599ca302e9bfcb51d,298495,Cho2017,Q15-E006,BROAD_EEGNET,20260924,3.0075859423042757e-25,1.0,2
s35_1_retained_2_t085,35,1,retained_labeled_MI,2,s35.mat,656951a3620d0ba432e24273d191fff428735e092833491599ca302e9bfcb51d,302079,Cho2017,Q15-E006,BROAD_EEGNET,20260924,2.0746181161879207e-10,1.0,2
s35_1_retained_2_t086,35,1,retained_labeled_MI,2,s35.mat,656951a3620d0ba432e24273d191fff428735e092833491599ca302e9bfcb51d,305663,Cho2017,Q15-E006,BROAD_EEGNET,20260924,5.613196569085285e-23,1.0,2
s35_1_retained_2_t087,35,1,retained_labeled_MI,2,s35.mat,656951a3620d0ba432e24273d191fff428735e092833491599ca302e9bfcb51d,309247,Cho2017,Q15-E006,BROAD_EEGNET,20260924,1.7876519677884062e-06,0.9999982118606567,2
s35_1_retained_2_t088,35,1,retained_labeled_MI,2,s35.mat,656951a3620d0ba432e24273d191fff428735e092833491599ca302e9bfcb51d,312831,Cho2017,Q15-E006,BROAD_EEGNET,20260924,1.6166033355718978e-12,1.0,2
s35_1_retained_2_t089,35,1,retained_labeled_MI,2,s35.mat,656951a3620d0ba432e24273d191fff428735e092833491599ca302e9bfcb51d,316415,Cho2017,Q15-E006,BROAD_EEGNET,20260924,1.5356048876924433e-08,1.0,2
s35_1_retained_2_t090,35,1,retained_labeled_MI,2,s35.mat,656951a3620d0ba432e24273d191fff428735e092833491599ca302e9bfcb51d,319999,Cho2017,Q15-E006,BROAD_EEGNET,20260924,1.6582771643003304e-15,1.0,2
s35_1_retained_2_t091,35,1,retained_labeled_MI,2,s35.mat,656951a3620d0ba432e24273d191fff428735e092833491599ca302e9bfcb51d,323583,Cho2017,Q15-E006,BROAD_EEGNET,20260924,1.8638365156808945e-11,1.0,2
s35_1_retained_2_t092,35,1,retained_labeled_MI,2,s35.mat,656951a3620d0ba432e24273d191fff428735e092833491599ca302e9bfcb51d,327167,Cho2017,Q15-E006,BROAD_EEGNET,20260924,1.8328044396316305e-21,1.0,2
s35_1_retained_2_t093,35,1,retained_labeled_MI,2,s35.mat,656951a3620d0ba432e24273d191fff428735e092833491599ca302e9bfcb51d,330751,Cho2017,Q15-E006,BROAD_EEGNET,20260924,1.3805655021856294e-25,1.0,2
s35_1_retained_2_t094,35,1,retained_labeled_MI,2,s35.mat,656951a3620d0ba432e24273d191fff428735e092833491599ca302e9bfcb51d,334335,Cho2017,Q15-E006,BROAD_EEGNET,20260924,6.639738807595955e-14,1.0,2
s35_1_retained_2_t095,35,1,retained_labeled_MI,2,s35.mat,656951a3620d0ba432e24273d191fff428735e092833491599ca302e9bfcb51d,337919,Cho2017,Q15-E006,BROAD_EEGNET,20260924,3.8847997220351274e-14,1.0,2
s35_1_retained_2_t096,35,1,retained_labeled_MI,2,s35.mat,656951a3620d0ba432e24273d191fff428735e092833491599ca302e9bfcb51d,341503,Cho2017,Q15-E006,BROAD_EEGNET,20260924,9.227207621023345e-15,1.0,2
s35_1_retained_2_t097,35,1,retained_labeled_MI,2,s35.mat,656951a3620d0ba432e24273d191fff428735e092833491599ca302e9bfcb51d,345087,Cho2017,Q15-E006,BROAD_EEGNET,20260924,2.3642057714600685e-17,1.0,2
s35_1_retained_2_t098,35,1,retained_labeled_MI,2,s35.mat,656951a3620d0ba432e24273d191fff428735e092833491599ca302e9bfcb51d,348671,Cho2017,Q15-E006,BROAD_EEGNET,20260924,1.9317941735153e-07,0.9999997615814209,2
s35_1_retained_2_t099,35,1,retained_labeled_MI,2,s35.mat,656951a3620d0ba432e24273d191fff428735e092833491599ca302e9bfcb51d,352255,Cho2017,Q15-E006,BROAD_EEGNET,20260924,4.084903076662059e-17,1.0,2
s35_1_retained_2_t100,35,1,retained_labeled_MI,2,s35.mat,656951a3620d0ba432e24273d191fff428735e092833491599ca302e9bfcb51d,355839,Cho2017,Q15-E006,BROAD_EEGNET,20260924,1.9714648264330048e-28,1.0,2
s35_1_retained_1_t001,35,1,retained_labeled_MI,1,s35.mat,656951a3620d0ba432e24273d191fff428735e092833491599ca302e9bfcb51d,1023,Cho2017,Q15-E006,BROAD_EEGNET,20260925,7.683422231785642e-10,1.0,2
s35_1_retained_1_t002,35,1,retained_labeled_MI,1,s35.mat,656951a3620d0ba432e24273d191fff428735e092833491599ca302e9bfcb51d,4607,Cho2017,Q15-E006,BROAD_EEGNET,20260925,5.224057417763106e-07,0.9999995231628418,2
s35_1_retained_1_t003,35,1,retained_labeled_MI,1,s35.mat,656951a3620d0ba432e24273d191fff428735e092833491599ca302e9bfcb51d,8191,Cho2017,Q15-E006,BROAD_EEGNET,20260925,2.152153138013091e-05,0.9999784231185913,2
s35_1_retained_1_t004,35,1,retained_labeled_MI,1,s35.mat,656951a3620d0ba432e24273d191fff428735e092833491599ca302e9bfcb51d,11775,Cho2017,Q15-E006,BROAD_EEGNET,20260925,0.9999998807907104,6.912597427799483e-08,1
s35_1_retained_1_t005,35,1,retained_labeled_MI,1,s35.mat,656951a3620d0ba432e24273d191fff428735e092833491599ca302e9bfcb51d,15359,Cho2017,Q15-E006,BROAD_EEGNET,20260925,0.9749432802200317,0.025056660175323486,1
s35_1_retained_1_t006,35,1,retained_labeled_MI,1,s35.mat,656951a3620d0ba432e24273d191fff428735e092833491599ca302e9bfcb51d,18943,Cho2017,Q15-E006,BROAD_EEGNET,20260925,3.3750073846761097e-09,1.0,2
s35_1_retained_1_t007,35,1,retained_labeled_MI,1,s35.mat,656951a3620d0ba432e24273d191fff428735e092833491599ca302e9bfcb51d,22527,Cho2017,Q15-E006,BROAD_EEGNET,20260925,0.0926283597946167,0.9073716402053833,2
s35_1_retained_1_t008,35,1,retained_labeled_MI,1,s35.mat,656951a3620d0ba432e24273d191fff428735e092833491599ca302e9bfcb51d,26111,Cho2017,Q15-E006,BROAD_EEGNET,20260925,6.817217346188897e-10,1.0,2
s35_1_retained_1_t009,35,1,retained_labeled_MI,1,s35.mat,656951a3620d0ba432e24273d191fff428735e092833491599ca302e9bfcb51d,29695,Cho2017,Q15-E006,BROAD_EEGNET,20260925,0.00026806595269590616,0.9997319579124451,2
s35_1_retained_1_t010,35,1,retained_labeled_MI,1,s35.mat,656951a3620d0ba432e24273d191fff428735e092833491599ca302e9bfcb51d,33279,Cho2017,Q15-E006,BROAD_EEGNET,20260925,1.802302540454548e-05,0.9999819993972778,2
s35_1_retained_1_t011,35,1,retained_labeled_MI,1,s35.mat,656951a3620d0ba432e24273d191fff428735e092833491599ca302e9bfcb51d,36863,Cho2017,Q15-E006,BROAD_EEGNET,20260925,2.718411735713744e-07,0.9999997615814209,2
s35_1_retained_1_t012,35,1,retained_labeled_MI,1,s35.mat,656951a3620d0ba432e24273d191fff428735e092833491599ca302e9bfcb51d,40447,Cho2017,Q15-E006,BROAD_EEGNET,20260925,0.9999995231628418,5.031800469623704e-07,1
s35_1_retained_1_t013,35,1,retained_labeled_MI,1,s35.mat,656951a3620d0ba432e24273d191fff428735e092833491599ca302e9bfcb51d,44031,Cho2017,Q15-E006,BROAD_EEGNET,20260925,1.7058501100564172e-07,0.9999998807907104,2
s35_1_retained_1_t014,35,1,retained_labeled_MI,1,s35.mat,656951a3620d0ba432e24273d191fff428735e092833491599ca302e9bfcb51d,47615,Cho2017,Q15-E006,BROAD_EEGNET,20260925,0.9999988079071045,1.1606825864873827e-06,1
s35_1_retained_1_t015,35,1,retained_labeled_MI,1,s35.mat,656951a3620d0ba432e24273d191fff428735e092833491599ca302e9bfcb51d,51199,Cho2017,Q15-E006,BROAD_EEGNET,20260925,2.112426625694716e-22,1.0,2
s35_1_retained_1_t016,35,1,retained_labeled_MI,1,s35.mat,656951a3620d0ba432e24273d191fff428735e092833491599ca302e9bfcb51d,54783,Cho2017,Q15-E006,BROAD_EEGNET,20260925,1.832080598340724e-10,1.0,2
s35_1_retained_1_t017,35,1,retained_labeled_MI,1,s35.mat,656951a3620d0ba432e24273d191fff428735e092833491599ca302e9bfcb51d,58367,Cho2017,Q15-E006,BROAD_EEGNET,20260925,0.6279131174087524,0.37208691239356995,1
s35_1_retained_1_t018,35,1,retained_labeled_MI,1,s35.mat,656951a3620d0ba432e24273d191fff428735e092833491599ca302e9bfcb51d,61951,Cho2017,Q15-E006,BROAD_EEGNET,20260925,1.0,1.221768575199178e-09,1
s35_1_retained_1_t019,35,1,retained_labeled_MI,1,s35.mat,656951a3620d0ba432e24273d191fff428735e092833491599ca302e9bfcb51d,65535,Cho2017,Q15-E006,BROAD_EEGNET,20260925,4.760274396886643e-10,1.0,2
s35_1_retained_1_t020,35,1,retained_labeled_MI,1,s35.mat,656951a3620d0ba432e24273d191fff428735e092833491599ca302e9bfcb51d,69119,Cho2017,Q15-E006,BROAD_EEGNET,20260925,0.015175915323197842,0.9848240613937378,2
s35_1_retained_1_t021,35,1,retained_labeled_MI,1,s35.mat,656951a3620d0ba432e24273d191fff428735e092833491599ca302e9bfcb51d,72703,Cho2017,Q15-E006,BROAD_EEGNET,20260925,1.638419711014194e-08,1.0,2
s35_1_retained_1_t022,35,1,retained_labeled_MI,1,s35.mat,656951a3620d0ba432e24273d191fff428735e092833491599ca302e9bfcb51d,76287,Cho2017,Q15-E006,BROAD_EEGNET,20260925,1.033298872243904e-06,0.999998927116394,2
s35_1_retained_1_t023,35,1,retained_labeled_MI,1,s35.mat,656951a3620d0ba432e24273d191fff428735e092833491599ca302e9bfcb51d,79871,Cho2017,Q15-E006,BROAD_EEGNET,20260925,0.9999992847442627,6.715616791552748e-07,1
s35_1_retained_1_t024,35,1,retained_labeled_MI,1,s35.mat,656951a3620d0ba432e24273d191fff428735e092833491599ca302e9bfcb51d,83455,Cho2017,Q15-E006,BROAD_EEGNET,20260925,0.00010924751404672861,0.9998906850814819,2
s35_1_retained_1_t025,35,1,retained_labeled_MI,1,s35.mat,656951a3620d0ba432e24273d191fff428735e092833491599ca302e9bfcb51d,87039,Cho2017,Q15-E006,BROAD_EEGNET,20260925,4.615148974790317e-12,1.0,2
s35_1_retained_1_t026,35,1,retained_labeled_MI,1,s35.mat,656951a3620d0ba432e24273d191fff428735e092833491599ca302e9bfcb51d,90623,Cho2017,Q15-E006,BROAD_EEGNET,20260925,0.7086045742034912,0.29139548540115356,1
s35_1_retained_1_t027,35,1,retained_labeled_MI,1,s35.mat,656951a3620d0ba432e24273d191fff428735e092833491599ca302e9bfcb51d,94207,Cho2017,Q15-E006,BROAD_EEGNET,20260925,1.0,4.7575849904257366e-26,1
s35_1_retained_1_t028,35,1,retained_labeled_MI,1,s35.mat,656951a3620d0ba432e24273d191fff428735e092833491599ca302e9bfcb51d,97791,Cho2017,Q15-E006,BROAD_EEGNET,20260925,5.2683000864604324e-17,1.0,2
s35_1_retained_1_t029,35,1,retained_labeled_MI,1,s35.mat,656951a3620d0ba432e24273d191fff428735e092833491599ca302e9bfcb51d,101375,Cho2017,Q15-E006,BROAD_EEGNET,20260925,1.4354850641495887e-09,1.0,2
s35_1_retained_1_t030,35,1,retained_labeled_MI,1,s35.mat,656951a3620d0ba432e24273d191fff428735e092833491599ca302e9bfcb51d,104959,Cho2017,Q15-E006,BROAD_EEGNET,20260925,5.983130080267074e-08,0.9999998807907104,2
s35_1_retained_1_t031,35,1,retained_labeled_MI,1,s35.mat,656951a3620d0ba432e24273d191fff428735e092833491599ca302e9bfcb51d,108543,Cho2017,Q15-E006,BROAD_EEGNET,20260925,1.0,5.15472612040537e-18,1
s35_1_retained_1_t032,35,1,retained_labeled_MI,1,s35.mat,656951a3620d0ba432e24273d191fff428735e092833491599ca302e9bfcb51d,112127,Cho2017,Q15-E006,BROAD_EEGNET,20260925,0.05659490078687668,0.9434050917625427,2
s35_1_retained_1_t033,35,1,retained_labeled_MI,1,s35.mat,656951a3620d0ba432e24273d191fff428735e092833491599ca302e9bfcb51d,115711,Cho2017,Q15-E006,BROAD_EEGNET,20260925,5.243130999588175e-06,0.9999947547912598,2
s35_1_retained_1_t034,35,1,retained_labeled_MI,1,s35.mat,656951a3620d0ba432e24273d191fff428735e092833491599ca302e9bfcb51d,119295,Cho2017,Q15-E006,BROAD_EEGNET,20260925,0.999997615814209,2.430729864499881e-06,1
s35_1_retained_1_t035,35,1,retained_labeled_MI,1,s35.mat,656951a3620d0ba432e24273d191fff428735e092833491599ca302e9bfcb51d,122879,Cho2017,Q15-E006,BROAD_EEGNET,20260925,1.0,3.728434824029041e-41,1
s35_1_retained_1_t036,35,1,retained_labeled_MI,1,s35.mat,656951a3620d0ba432e24273d191fff428735e092833491599ca302e9bfcb51d,126463,Cho2017,Q15-E006,BROAD_EEGNET,20260925,0.9999998807907104,1.1452272730139157e-07,1
s35_1_retained_1_t037,35,1,retained_labeled_MI,1,s35.mat,656951a3620d0ba432e24273d191fff428735e092833491599ca302e9bfcb51d,130047,Cho2017,Q15-E006,BROAD_EEGNET,20260925,4.9740188842406496e-05,0.9999502897262573,2
s35_1_retained_1_t038,35,1,retained_labeled_MI,1,s35.mat,656951a3620d0ba432e24273d191fff428735e092833491599ca302e9bfcb51d,133631,Cho2017,Q15-E006,BROAD_EEGNET,20260925,1.5202907377442898e-07,0.9999998807907104,2
s35_1_retained_1_t039,35,1,retained_labeled_MI,1,s35.mat,656951a3620d0ba432e24273d191fff428735e092833491599ca302e9bfcb51d,137215,Cho2017,Q15-E006,BROAD_EEGNET,20260925,0.00789527129381895,0.9921047687530518,2
s35_1_retained_1_t040,35,1,retained_labeled_MI,1,s35.mat,656951a3620d0ba432e24273d191fff428735e092833491599ca302e9bfcb51d,140799,Cho2017,Q15-E006,BROAD_EEGNET,20260925,2.658418407283647e-12,1.0,2
s35_1_retained_1_t041,35,1,retained_labeled_MI,1,s35.mat,656951a3620d0ba432e24273d191fff428735e092833491599ca302e9bfcb51d,144383,Cho2017,Q15-E006,BROAD_EEGNET,20260925,4.1537233722022116e-12,1.0,2
s35_1_retained_1_t042,35,1,retained_labeled_MI,1,s35.mat,656951a3620d0ba432e24273d191fff428735e092833491599ca302e9bfcb51d,147967,Cho2017,Q15-E006,BROAD_EEGNET,20260925,3.8675962432677125e-10,1.0,2
s35_1_retained_1_t043,35,1,retained_labeled_MI,1,s35.mat,656951a3620d0ba432e24273d191fff428735e092833491599ca302e9bfcb51d,151551,Cho2017,Q15-E006,BROAD_EEGNET,20260925,3.016781491282927e-08,1.0,2
s35_1_retained_1_t044,35,1,retained_labeled_MI,1,s35.mat,656951a3620d0ba432e24273d191fff428735e092833491599ca302e9bfcb51d,155135,Cho2017,Q15-E006,BROAD_EEGNET,20260925,1.7245874914806336e-05,0.9999827146530151,2
s35_1_retained_1_t045,35,1,retained_labeled_MI,1,s35.mat,656951a3620d0ba432e24273d191fff428735e092833491599ca302e9bfcb51d,158719,Cho2017,Q15-E006,BROAD_EEGNET,20260925,2.1794267779373655e-12,1.0,2
s35_1_retained_1_t046,35,1,retained_labeled_MI,1,s35.mat,656951a3620d0ba432e24273d191fff428735e092833491599ca302e9bfcb51d,162303,Cho2017,Q15-E006,BROAD_EEGNET,20260925,4.1327277244818106e-07,0.9999996423721313,2
s35_1_retained_1_t047,35,1,retained_labeled_MI,1,s35.mat,656951a3620d0ba432e24273d191fff428735e092833491599ca302e9bfcb51d,165887,Cho2017,Q15-E006,BROAD_EEGNET,20260925,5.9765272453660145e-05,0.9999402761459351,2
s35_1_retained_1_t048,35,1,retained_labeled_MI,1,s35.mat,656951a3620d0ba432e24273d191fff428735e092833491599ca302e9bfcb51d,169471,Cho2017,Q15-E006,BROAD_EEGNET,20260925,3.6436728200611723e-14,1.0,2
s35_1_retained_1_t049,35,1,retained_labeled_MI,1,s35.mat,656951a3620d0ba432e24273d191fff428735e092833491599ca302e9bfcb51d,173055,Cho2017,Q15-E006,BROAD_EEGNET,20260925,0.09430194646120071,0.9056980609893799,2
s35_1_retained_1_t050,35,1,retained_labeled_MI,1,s35.mat,656951a3620d0ba432e24273d191fff428735e092833491599ca302e9bfcb51d,176639,Cho2017,Q15-E006,BROAD_EEGNET,20260925,5.242990937404102e-06,0.9999947547912598,2
s35_1_retained_1_t051,35,1,retained_labeled_MI,1,s35.mat,656951a3620d0ba432e24273d191fff428735e092833491599ca302e9bfcb51d,180223,Cho2017,Q15-E006,BROAD_EEGNET,20260925,4.555068995604206e-12,1.0,2
s35_1_retained_1_t052,35,1,retained_labeled_MI,1,s35.mat,656951a3620d0ba432e24273d191fff428735e092833491599ca302e9bfcb51d,183807,Cho2017,Q15-E006,BROAD_EEGNET,20260925,5.2395041194586156e-08,1.0,2
s35_1_retained_1_t053,35,1,retained_labeled_MI,1,s35.mat,656951a3620d0ba432e24273d191fff428735e092833491599ca302e9bfcb51d,187391,Cho2017,Q15-E006,BROAD_EEGNET,20260925,0.00028735282830893993,0.9997126460075378,2
s35_1_retained_1_t054,35,1,retained_labeled_MI,1,s35.mat,656951a3620d0ba432e24273d191fff428735e092833491599ca302e9bfcb51d,190975,Cho2017,Q15-E006,BROAD_EEGNET,20260925,8.035445919762907e-11,1.0,2
s35_1_retained_1_t055,35,1,retained_labeled_MI,1,s35.mat,656951a3620d0ba432e24273d191fff428735e092833491599ca302e9bfcb51d,194559,Cho2017,Q15-E006,BROAD_EEGNET,20260925,0.0017242907779291272,0.9982757568359375,2
s35_1_retained_1_t056,35,1,retained_labeled_MI,1,s35.mat,656951a3620d0ba432e24273d191fff428735e092833491599ca302e9bfcb51d,198143,Cho2017,Q15-E006,BROAD_EEGNET,20260925,1.5523988622589968e-05,0.9999845027923584,2
s35_1_retained_1_t057,35,1,retained_labeled_MI,1,s35.mat,656951a3620d0ba432e24273d191fff428735e092833491599ca302e9bfcb51d,201727,Cho2017,Q15-E006,BROAD_EEGNET,20260925,0.9994309544563293,0.0005690616671927273,1
s35_1_retained_1_t058,35,1,retained_labeled_MI,1,s35.mat,656951a3620d0ba432e24273d191fff428735e092833491599ca302e9bfcb51d,205311,Cho2017,Q15-E006,BROAD_EEGNET,20260925,1.0,2.3029262052887134e-08,1
s35_1_retained_1_t059,35,1,retained_labeled_MI,1,s35.mat,656951a3620d0ba432e24273d191fff428735e092833491599ca302e9bfcb51d,208895,Cho2017,Q15-E006,BROAD_EEGNET,20260925,2.8423948991553997e-23,1.0,2
s35_1_retained_1_t060,35,1,retained_labeled_MI,1,s35.mat,656951a3620d0ba432e24273d191fff428735e092833491599ca302e9bfcb51d,212479,Cho2017,Q15-E006,BROAD_EEGNET,20260925,1.974365020974457e-14,1.0,2
s35_1_retained_1_t061,35,1,retained_labeled_MI,1,s35.mat,656951a3620d0ba432e24273d191fff428735e092833491599ca302e9bfcb51d,216063,Cho2017,Q15-E006,BROAD_EEGNET,20260925,0.0007178204250521958,0.99928218126297,2
s35_1_retained_1_t062,35,1,retained_labeled_MI,1,s35.mat,656951a3620d0ba432e24273d191fff428735e092833491599ca302e9bfcb51d,219647,Cho2017,Q15-E006,BROAD_EEGNET,20260925,0.0003360699047334492,0.9996639490127563,2
s35_1_retained_1_t063,35,1,retained_labeled_MI,1,s35.mat,656951a3620d0ba432e24273d191fff428735e092833491599ca302e9bfcb51d,223231,Cho2017,Q15-E006,BROAD_EEGNET,20260925,1.7337181300031054e-26,1.0,2
s35_1_retained_1_t064,35,1,retained_labeled_MI,1,s35.mat,656951a3620d0ba432e24273d191fff428735e092833491599ca302e9bfcb51d,226815,Cho2017,Q15-E006,BROAD_EEGNET,20260925,3.7388363516299705e-09,1.0,2
s35_1_retained_1_t065,35,1,retained_labeled_MI,1,s35.mat,656951a3620d0ba432e24273d191fff428735e092833491599ca302e9bfcb51d,230399,Cho2017,Q15-E006,BROAD_EEGNET,20260925,5.0781174820713204e-08,1.0,2
s35_1_retained_1_t066,35,1,retained_labeled_MI,1,s35.mat,656951a3620d0ba432e24273d191fff428735e092833491599ca302e9bfcb51d,233983,Cho2017,Q15-E006,BROAD_EEGNET,20260925,6.313219391707037e-11,1.0,2
s35_1_retained_1_t067,35,1,retained_labeled_MI,1,s35.mat,656951a3620d0ba432e24273d191fff428735e092833491599ca302e9bfcb51d,237567,Cho2017,Q15-E006,BROAD_EEGNET,20260925,3.838891426966029e-09,1.0,2
s35_1_retained_1_t068,35,1,retained_labeled_MI,1,s35.mat,656951a3620d0ba432e24273d191fff428735e092833491599ca302e9bfcb51d,241151,Cho2017,Q15-E006,BROAD_EEGNET,20260925,1.4365012646067044e-07,0.9999998807907104,2
s35_1_retained_1_t069,35,1,retained_labeled_MI,1,s35.mat,656951a3620d0ba432e24273d191fff428735e092833491599ca302e9bfcb51d,244735,Cho2017,Q15-E006,BROAD_EEGNET,20260925,1.6684752190965213e-10,1.0,2
s35_1_retained_1_t070,35,1,retained_labeled_MI,1,s35.mat,656951a3620d0ba432e24273d191fff428735e092833491599ca302e9bfcb51d,248319,Cho2017,Q15-E006,BROAD_EEGNET,20260925,1.0,1.443953290269917e-10,1
s35_1_retained_1_t071,35,1,retained_labeled_MI,1,s35.mat,656951a3620d0ba432e24273d191fff428735e092833491599ca302e9bfcb51d,251903,Cho2017,Q15-E006,BROAD_EEGNET,20260925,3.506836037558969e-06,0.999996542930603,2
s35_1_retained_1_t072,35,1,retained_labeled_MI,1,s35.mat,656951a3620d0ba432e24273d191fff428735e092833491599ca302e9bfcb51d,255487,Cho2017,Q15-E006,BROAD_EEGNET,20260925,8.211626663978677e-06,0.999991774559021,2
s35_1_retained_1_t073,35,1,retained_labeled_MI,1,s35.mat,656951a3620d0ba432e24273d191fff428735e092833491599ca302e9bfcb51d,259071,Cho2017,Q15-E006,BROAD_EEGNET,20260925,2.1871267463779986e-08,1.0,2
s35_1_retained_1_t074,35,1,retained_labeled_MI,1,s35.mat,656951a3620d0ba432e24273d191fff428735e092833491599ca302e9bfcb51d,262655,Cho2017,Q15-E006,BROAD_EEGNET,20260925,1.4980951659857196e-14,1.0,2
s35_1_retained_1_t075,35,1,retained_labeled_MI,1,s35.mat,656951a3620d0ba432e24273d191fff428735e092833491599ca302e9bfcb51d,266239,Cho2017,Q15-E006,BROAD_EEGNET,20260925,6.067204065498e-31,1.0,2
s35_1_retained_1_t076,35,1,retained_labeled_MI,1,s35.mat,656951a3620d0ba432e24273d191fff428735e092833491599ca302e9bfcb51d,269823,Cho2017,Q15-E006,BROAD_EEGNET,20260925,5.543854438017082e-12,1.0,2
s35_1_retained_1_t077,35,1,retained_labeled_MI,1,s35.mat,656951a3620d0ba432e24273d191fff428735e092833491599ca302e9bfcb51d,273407,Cho2017,Q15-E006,BROAD_EEGNET,20260925,4.3767566610883324e-13,1.0,2
s35_1_retained_1_t078,35,1,retained_labeled_MI,1,s35.mat,656951a3620d0ba432e24273d191fff428735e092833491599ca302e9bfcb51d,276991,Cho2017,Q15-E006,BROAD_EEGNET,20260925,6.713015032744352e-09,1.0,2
s35_1_retained_1_t079,35,1,retained_labeled_MI,1,s35.mat,656951a3620d0ba432e24273d191fff428735e092833491599ca302e9bfcb51d,280575,Cho2017,Q15-E006,BROAD_EEGNET,20260925,1.9815841675874246e-12,1.0,2
s35_1_retained_1_t080,35,1,retained_labeled_MI,1,s35.mat,656951a3620d0ba432e24273d191fff428735e092833491599ca302e9bfcb51d,284159,Cho2017,Q15-E006,BROAD_EEGNET,20260925,9.493180547215374e-12,1.0,2
s35_1_retained_1_t081,35,1,retained_labeled_MI,1,s35.mat,656951a3620d0ba432e24273d191fff428735e092833491599ca302e9bfcb51d,287743,Cho2017,Q15-E006,BROAD_EEGNET,20260925,4.859783789070011e-37,1.0,2
s35_1_retained_1_t082,35,1,retained_labeled_MI,1,s35.mat,656951a3620d0ba432e24273d191fff428735e092833491599ca302e9bfcb51d,291327,Cho2017,Q15-E006,BROAD_EEGNET,20260925,7.732048545360464e-19,1.0,2
s35_1_retained_1_t083,35,1,retained_labeled_MI,1,s35.mat,656951a3620d0ba432e24273d191fff428735e092833491599ca302e9bfcb51d,294911,Cho2017,Q15-E006,BROAD_EEGNET,20260925,6.166712106236982e-12,1.0,2
s35_1_retained_1_t084,35,1,retained_labeled_MI,1,s35.mat,656951a3620d0ba432e24273d191fff428735e092833491599ca302e9bfcb51d,298495,Cho2017,Q15-E006,BROAD_EEGNET,20260925,6.679771319406669e-12,1.0,2
s35_1_retained_1_t085,35,1,retained_labeled_MI,1,s35.mat,656951a3620d0ba432e24273d191fff428735e092833491599ca302e9bfcb51d,302079,Cho2017,Q15-E006,BROAD_EEGNET,20260925,6.372554484102011e-09,1.0,2
s35_1_retained_1_t086,35,1,retained_labeled_MI,1,s35.mat,656951a3620d0ba432e24273d191fff428735e092833491599ca302e9bfcb51d,305663,Cho2017,Q15-E006,BROAD_EEGNET,20260925,2.0156607206445187e-05,0.9999798536300659,2
s35_1_retained_1_t087,35,1,retained_labeled_MI,1,s35.mat,656951a3620d0ba432e24273d191fff428735e092833491599ca302e9bfcb51d,309247,Cho2017,Q15-E006,BROAD_EEGNET,20260925,1.4611211004566473e-22,1.0,2
s35_1_retained_1_t088,35,1,retained_labeled_MI,1,s35.mat,656951a3620d0ba432e24273d191fff428735e092833491599ca302e9bfcb51d,312831,Cho2017,Q15-E006,BROAD_EEGNET,20260925,0.9164656400680542,0.08353430032730103,1
s35_1_retained_1_t089,35,1,retained_labeled_MI,1,s35.mat,656951a3620d0ba432e24273d191fff428735e092833491599ca302e9bfcb51d,316415,Cho2017,Q15-E006,BROAD_EEGNET,20260925,3.2807069560991664e-11,1.0,2
s35_1_retained_1_t090,35,1,retained_labeled_MI,1,s35.mat,656951a3620d0ba432e24273d191fff428735e092833491599ca302e9bfcb51d,319999,Cho2017,Q15-E006,BROAD_EEGNET,20260925,9.872624104900751e-07,0.9999990463256836,2
s35_1_retained_1_t091,35,1,retained_labeled_MI,1,s35.mat,656951a3620d0ba432e24273d191fff428735e092833491599ca302e9bfcb51d,323583,Cho2017,Q15-E006,BROAD_EEGNET,20260925,5.5079687338865924e-11,1.0,2
s35_1_retained_1_t092,35,1,retained_labeled_MI,1,s35.mat,656951a3620d0ba432e24273d191fff428735e092833491599ca302e9bfcb51d,327167,Cho2017,Q15-E006,BROAD_EEGNET,20260925,9.568389104045588e-15,1.0,2
s35_1_retained_1_t093,35,1,retained_labeled_MI,1,s35.mat,656951a3620d0ba432e24273d191fff428735e092833491599ca302e9bfcb51d,330751,Cho2017,Q15-E006,BROAD_EEGNET,20260925,1.8070797408367006e-13,1.0,2
s35_1_retained_1_t094,35,1,retained_labeled_MI,1,s35.mat,656951a3620d0ba432e24273d191fff428735e092833491599ca302e9bfcb51d,334335,Cho2017,Q15-E006,BROAD_EEGNET,20260925,6.058533108443953e-05,0.9999394416809082,2
s35_1_retained_1_t095,35,1,retained_labeled_MI,1,s35.mat,656951a3620d0ba432e24273d191fff428735e092833491599ca302e9bfcb51d,337919,Cho2017,Q15-E006,BROAD_EEGNET,20260925,0.000286956928903237,0.9997130036354065,2
s35_1_retained_1_t096,35,1,retained_labeled_MI,1,s35.mat,656951a3620d0ba432e24273d191fff428735e092833491599ca302e9bfcb51d,341503,Cho2017,Q15-E006,BROAD_EEGNET,20260925,1.0753464091406428e-12,1.0,2
s35_1_retained_1_t097,35,1,retained_labeled_MI,1,s35.mat,656951a3620d0ba432e24273d191fff428735e092833491599ca302e9bfcb51d,345087,Cho2017,Q15-E006,BROAD_EEGNET,20260925,0.39377492666244507,0.6062250733375549,2
s35_1_retained_1_t098,35,1,retained_labeled_MI,1,s35.mat,656951a3620d0ba432e24273d191fff428735e092833491599ca302e9bfcb51d,348671,Cho2017,Q15-E006,BROAD_EEGNET,20260925,5.079947222864066e-16,1.0,2
s35_1_retained_1_t099,35,1,retained_labeled_MI,1,s35.mat,656951a3620d0ba432e24273d191fff428735e092833491599ca302e9bfcb51d,352255,Cho2017,Q15-E006,BROAD_EEGNET,20260925,0.0009750169119797647,0.9990249872207642,2
s35_1_retained_1_t100,35,1,retained_labeled_MI,1,s35.mat,656951a3620d0ba432e24273d191fff428735e092833491599ca302e9bfcb51d,355839,Cho2017,Q15-E006,BROAD_EEGNET,20260925,3.17504256689924e-19,1.0,2
s35_1_retained_2_t001,35,1,retained_labeled_MI,2,s35.mat,656951a3620d0ba432e24273d191fff428735e092833491599ca302e9bfcb51d,1023,Cho2017,Q15-E006,BROAD_EEGNET,20260925,4.534668638103477e-17,1.0,2
s35_1_retained_2_t002,35,1,retained_labeled_MI,2,s35.mat,656951a3620d0ba432e24273d191fff428735e092833491599ca302e9bfcb51d,4607,Cho2017,Q15-E006,BROAD_EEGNET,20260925,6.278440167761801e-08,0.9999998807907104,2
s35_1_retained_2_t003,35,1,retained_labeled_MI,2,s35.mat,656951a3620d0ba432e24273d191fff428735e092833491599ca302e9bfcb51d,8191,Cho2017,Q15-E006,BROAD_EEGNET,20260925,1.5764236907501138e-14,1.0,2
s35_1_retained_2_t004,35,1,retained_labeled_MI,2,s35.mat,656951a3620d0ba432e24273d191fff428735e092833491599ca302e9bfcb51d,11775,Cho2017,Q15-E006,BROAD_EEGNET,20260925,8.577078915550373e-06,0.9999914169311523,2
s35_1_retained_2_t005,35,1,retained_labeled_MI,2,s35.mat,656951a3620d0ba432e24273d191fff428735e092833491599ca302e9bfcb51d,15359,Cho2017,Q15-E006,BROAD_EEGNET,20260925,7.387034777275869e-13,1.0,2
s35_1_retained_2_t006,35,1,retained_labeled_MI,2,s35.mat,656951a3620d0ba432e24273d191fff428735e092833491599ca302e9bfcb51d,18943,Cho2017,Q15-E006,BROAD_EEGNET,20260925,3.657038541859947e-05,0.9999634027481079,2
s35_1_retained_2_t007,35,1,retained_labeled_MI,2,s35.mat,656951a3620d0ba432e24273d191fff428735e092833491599ca302e9bfcb51d,22527,Cho2017,Q15-E006,BROAD_EEGNET,20260925,1.0,8.025894402199918e-13,1
s35_1_retained_2_t008,35,1,retained_labeled_MI,2,s35.mat,656951a3620d0ba432e24273d191fff428735e092833491599ca302e9bfcb51d,26111,Cho2017,Q15-E006,BROAD_EEGNET,20260925,5.856315510754939e-06,0.999994158744812,2
s35_1_retained_2_t009,35,1,retained_labeled_MI,2,s35.mat,656951a3620d0ba432e24273d191fff428735e092833491599ca302e9bfcb51d,29695,Cho2017,Q15-E006,BROAD_EEGNET,20260925,3.8857353207473466e-13,1.0,2
s35_1_retained_2_t010,35,1,retained_labeled_MI,2,s35.mat,656951a3620d0ba432e24273d191fff428735e092833491599ca302e9bfcb51d,33279,Cho2017,Q15-E006,BROAD_EEGNET,20260925,0.031926728785037994,0.968073308467865,2
s35_1_retained_2_t011,35,1,retained_labeled_MI,2,s35.mat,656951a3620d0ba432e24273d191fff428735e092833491599ca302e9bfcb51d,36863,Cho2017,Q15-E006,BROAD_EEGNET,20260925,1.1040177803675797e-17,1.0,2
s35_1_retained_2_t012,35,1,retained_labeled_MI,2,s35.mat,656951a3620d0ba432e24273d191fff428735e092833491599ca302e9bfcb51d,40447,Cho2017,Q15-E006,BROAD_EEGNET,20260925,8.017999784080965e-13,1.0,2
s35_1_retained_2_t013,35,1,retained_labeled_MI,2,s35.mat,656951a3620d0ba432e24273d191fff428735e092833491599ca302e9bfcb51d,44031,Cho2017,Q15-E006,BROAD_EEGNET,20260925,2.582174751797339e-10,1.0,2
s35_1_retained_2_t014,35,1,retained_labeled_MI,2,s35.mat,656951a3620d0ba432e24273d191fff428735e092833491599ca302e9bfcb51d,47615,Cho2017,Q15-E006,BROAD_EEGNET,20260925,1.2632536366478101e-33,1.0,2
s35_1_retained_2_t015,35,1,retained_labeled_MI,2,s35.mat,656951a3620d0ba432e24273d191fff428735e092833491599ca302e9bfcb51d,51199,Cho2017,Q15-E006,BROAD_EEGNET,20260925,1.570388581000927e-14,1.0,2
s35_1_retained_2_t016,35,1,retained_labeled_MI,2,s35.mat,656951a3620d0ba432e24273d191fff428735e092833491599ca302e9bfcb51d,54783,Cho2017,Q15-E006,BROAD_EEGNET,20260925,3.104088438111302e-13,1.0,2
s35_1_retained_2_t017,35,1,retained_labeled_MI,2,s35.mat,656951a3620d0ba432e24273d191fff428735e092833491599ca302e9bfcb51d,58367,Cho2017,Q15-E006,BROAD_EEGNET,20260925,2.904181886295709e-13,1.0,2
s35_1_retained_2_t018,35,1,retained_labeled_MI,2,s35.mat,656951a3620d0ba432e24273d191fff428735e092833491599ca302e9bfcb51d,61951,Cho2017,Q15-E006,BROAD_EEGNET,20260925,5.388352737868163e-20,1.0,2
s35_1_retained_2_t019,35,1,retained_labeled_MI,2,s35.mat,656951a3620d0ba432e24273d191fff428735e092833491599ca302e9bfcb51d,65535,Cho2017,Q15-E006,BROAD_EEGNET,20260925,1.2302944003480173e-28,1.0,2
s35_1_retained_2_t020,35,1,retained_labeled_MI,2,s35.mat,656951a3620d0ba432e24273d191fff428735e092833491599ca302e9bfcb51d,69119,Cho2017,Q15-E006,BROAD_EEGNET,20260925,2.412825158791615e-30,1.0,2
s35_1_retained_2_t021,35,1,retained_labeled_MI,2,s35.mat,656951a3620d0ba432e24273d191fff428735e092833491599ca302e9bfcb51d,72703,Cho2017,Q15-E006,BROAD_EEGNET,20260925,1.6665273506077938e-05,0.9999833106994629,2
s35_1_retained_2_t022,35,1,retained_labeled_MI,2,s35.mat,656951a3620d0ba432e24273d191fff428735e092833491599ca302e9bfcb51d,76287,Cho2017,Q15-E006,BROAD_EEGNET,20260925,5.19268088922206e-17,1.0,2
s35_1_retained_2_t023,35,1,retained_labeled_MI,2,s35.mat,656951a3620d0ba432e24273d191fff428735e092833491599ca302e9bfcb51d,79871,Cho2017,Q15-E006,BROAD_EEGNET,20260925,4.171514216179078e-24,1.0,2
s35_1_retained_2_t024,35,1,retained_labeled_MI,2,s35.mat,656951a3620d0ba432e24273d191fff428735e092833491599ca302e9bfcb51d,83455,Cho2017,Q15-E006,BROAD_EEGNET,20260925,6.303556513028406e-15,1.0,2
s35_1_retained_2_t025,35,1,retained_labeled_MI,2,s35.mat,656951a3620d0ba432e24273d191fff428735e092833491599ca302e9bfcb51d,87039,Cho2017,Q15-E006,BROAD_EEGNET,20260925,1.6047923488129653e-14,1.0,2
s35_1_retained_2_t026,35,1,retained_labeled_MI,2,s35.mat,656951a3620d0ba432e24273d191fff428735e092833491599ca302e9bfcb51d,90623,Cho2017,Q15-E006,BROAD_EEGNET,20260925,0.0022967862896621227,0.9977032542228699,2
s35_1_retained_2_t027,35,1,retained_labeled_MI,2,s35.mat,656951a3620d0ba432e24273d191fff428735e092833491599ca302e9bfcb51d,94207,Cho2017,Q15-E006,BROAD_EEGNET,20260925,1.613363934535102e-22,1.0,2
s35_1_retained_2_t028,35,1,retained_labeled_MI,2,s35.mat,656951a3620d0ba432e24273d191fff428735e092833491599ca302e9bfcb51d,97791,Cho2017,Q15-E006,BROAD_EEGNET,20260925,6.899832897033775e-06,0.999993085861206,2
s35_1_retained_2_t029,35,1,retained_labeled_MI,2,s35.mat,656951a3620d0ba432e24273d191fff428735e092833491599ca302e9bfcb51d,101375,Cho2017,Q15-E006,BROAD_EEGNET,20260925,1.1816954529562376e-15,1.0,2
s35_1_retained_2_t030,35,1,retained_labeled_MI,2,s35.mat,656951a3620d0ba432e24273d191fff428735e092833491599ca302e9bfcb51d,104959,Cho2017,Q15-E006,BROAD_EEGNET,20260925,1.329173827312229e-22,1.0,2
s35_1_retained_2_t031,35,1,retained_labeled_MI,2,s35.mat,656951a3620d0ba432e24273d191fff428735e092833491599ca302e9bfcb51d,108543,Cho2017,Q15-E006,BROAD_EEGNET,20260925,5.2727194138624256e-11,1.0,2
s35_1_retained_2_t032,35,1,retained_labeled_MI,2,s35.mat,656951a3620d0ba432e24273d191fff428735e092833491599ca302e9bfcb51d,112127,Cho2017,Q15-E006,BROAD_EEGNET,20260925,1.1105448971451132e-15,1.0,2
s35_1_retained_2_t033,35,1,retained_labeled_MI,2,s35.mat,656951a3620d0ba432e24273d191fff428735e092833491599ca302e9bfcb51d,115711,Cho2017,Q15-E006,BROAD_EEGNET,20260925,1.7322759979926383e-12,1.0,2
s35_1_retained_2_t034,35,1,retained_labeled_MI,2,s35.mat,656951a3620d0ba432e24273d191fff428735e092833491599ca302e9bfcb51d,119295,Cho2017,Q15-E006,BROAD_EEGNET,20260925,8.661333747787623e-19,1.0,2
s35_1_retained_2_t035,35,1,retained_labeled_MI,2,s35.mat,656951a3620d0ba432e24273d191fff428735e092833491599ca302e9bfcb51d,122879,Cho2017,Q15-E006,BROAD_EEGNET,20260925,3.847275365842506e-06,0.9999961853027344,2
s35_1_retained_2_t036,35,1,retained_labeled_MI,2,s35.mat,656951a3620d0ba432e24273d191fff428735e092833491599ca302e9bfcb51d,126463,Cho2017,Q15-E006,BROAD_EEGNET,20260925,5.24926158096406e-10,1.0,2
s35_1_retained_2_t037,35,1,retained_labeled_MI,2,s35.mat,656951a3620d0ba432e24273d191fff428735e092833491599ca302e9bfcb51d,130047,Cho2017,Q15-E006,BROAD_EEGNET,20260925,1.804234123214954e-10,1.0,2
s35_1_retained_2_t038,35,1,retained_labeled_MI,2,s35.mat,656951a3620d0ba432e24273d191fff428735e092833491599ca302e9bfcb51d,133631,Cho2017,Q15-E006,BROAD_EEGNET,20260925,4.40434364326614e-12,1.0,2
s35_1_retained_2_t039,35,1,retained_labeled_MI,2,s35.mat,656951a3620d0ba432e24273d191fff428735e092833491599ca302e9bfcb51d,137215,Cho2017,Q15-E006,BROAD_EEGNET,20260925,9.157446584140416e-06,0.9999908208847046,2
s35_1_retained_2_t040,35,1,retained_labeled_MI,2,s35.mat,656951a3620d0ba432e24273d191fff428735e092833491599ca302e9bfcb51d,140799,Cho2017,Q15-E006,BROAD_EEGNET,20260925,0.7340530157089233,0.26594698429107666,1
s35_1_retained_2_t041,35,1,retained_labeled_MI,2,s35.mat,656951a3620d0ba432e24273d191fff428735e092833491599ca302e9bfcb51d,144383,Cho2017,Q15-E006,BROAD_EEGNET,20260925,3.112107468429548e-14,1.0,2
s35_1_retained_2_t042,35,1,retained_labeled_MI,2,s35.mat,656951a3620d0ba432e24273d191fff428735e092833491599ca302e9bfcb51d,147967,Cho2017,Q15-E006,BROAD_EEGNET,20260925,3.013322566403076e-05,0.9999698400497437,2
s35_1_retained_2_t043,35,1,retained_labeled_MI,2,s35.mat,656951a3620d0ba432e24273d191fff428735e092833491599ca302e9bfcb51d,151551,Cho2017,Q15-E006,BROAD_EEGNET,20260925,0.5444225668907166,0.45557737350463867,1
s35_1_retained_2_t044,35,1,retained_labeled_MI,2,s35.mat,656951a3620d0ba432e24273d191fff428735e092833491599ca302e9bfcb51d,155135,Cho2017,Q15-E006,BROAD_EEGNET,20260925,2.9696074796337794e-20,1.0,2
s35_1_retained_2_t045,35,1,retained_labeled_MI,2,s35.mat,656951a3620d0ba432e24273d191fff428735e092833491599ca302e9bfcb51d,158719,Cho2017,Q15-E006,BROAD_EEGNET,20260925,0.01435630302876234,0.985643744468689,2
s35_1_retained_2_t046,35,1,retained_labeled_MI,2,s35.mat,656951a3620d0ba432e24273d191fff428735e092833491599ca302e9bfcb51d,162303,Cho2017,Q15-E006,BROAD_EEGNET,20260925,1.9725888705579564e-05,0.9999803304672241,2
s35_1_retained_2_t047,35,1,retained_labeled_MI,2,s35.mat,656951a3620d0ba432e24273d191fff428735e092833491599ca302e9bfcb51d,165887,Cho2017,Q15-E006,BROAD_EEGNET,20260925,0.003339894348755479,0.9966601133346558,2
s35_1_retained_2_t048,35,1,retained_labeled_MI,2,s35.mat,656951a3620d0ba432e24273d191fff428735e092833491599ca302e9bfcb51d,169471,Cho2017,Q15-E006,BROAD_EEGNET,20260925,2.1093521894444134e-13,1.0,2
s35_1_retained_2_t049,35,1,retained_labeled_MI,2,s35.mat,656951a3620d0ba432e24273d191fff428735e092833491599ca302e9bfcb51d,173055,Cho2017,Q15-E006,BROAD_EEGNET,20260925,8.170312639776967e-07,0.9999991655349731,2
s35_1_retained_2_t050,35,1,retained_labeled_MI,2,s35.mat,656951a3620d0ba432e24273d191fff428735e092833491599ca302e9bfcb51d,176639,Cho2017,Q15-E006,BROAD_EEGNET,20260925,0.7581990957260132,0.241800919175148,1
s35_1_retained_2_t051,35,1,retained_labeled_MI,2,s35.mat,656951a3620d0ba432e24273d191fff428735e092833491599ca302e9bfcb51d,180223,Cho2017,Q15-E006,BROAD_EEGNET,20260925,3.299173476989381e-05,0.9999669790267944,2
s35_1_retained_2_t052,35,1,retained_labeled_MI,2,s35.mat,656951a3620d0ba432e24273d191fff428735e092833491599ca302e9bfcb51d,183807,Cho2017,Q15-E006,BROAD_EEGNET,20260925,0.9691469073295593,0.030853059142827988,1
s35_1_retained_2_t053,35,1,retained_labeled_MI,2,s35.mat,656951a3620d0ba432e24273d191fff428735e092833491599ca302e9bfcb51d,187391,Cho2017,Q15-E006,BROAD_EEGNET,20260925,2.099025522284137e-07,0.9999997615814209,2
s35_1_retained_2_t054,35,1,retained_labeled_MI,2,s35.mat,656951a3620d0ba432e24273d191fff428735e092833491599ca302e9bfcb51d,190975,Cho2017,Q15-E006,BROAD_EEGNET,20260925,0.967934250831604,0.032065778970718384,1
s35_1_retained_2_t055,35,1,retained_labeled_MI,2,s35.mat,656951a3620d0ba432e24273d191fff428735e092833491599ca302e9bfcb51d,194559,Cho2017,Q15-E006,BROAD_EEGNET,20260925,0.5008680820465088,0.4991319477558136,1
s35_1_retained_2_t056,35,1,retained_labeled_MI,2,s35.mat,656951a3620d0ba432e24273d191fff428735e092833491599ca302e9bfcb51d,198143,Cho2017,Q15-E006,BROAD_EEGNET,20260925,0.037159331142902374,0.9628406763076782,2
s35_1_retained_2_t057,35,1,retained_labeled_MI,2,s35.mat,656951a3620d0ba432e24273d191fff428735e092833491599ca302e9bfcb51d,201727,Cho2017,Q15-E006,BROAD_EEGNET,20260925,0.9999984502792358,1.5609886077072588e-06,1
s35_1_retained_2_t058,35,1,retained_labeled_MI,2,s35.mat,656951a3620d0ba432e24273d191fff428735e092833491599ca302e9bfcb51d,205311,Cho2017,Q15-E006,BROAD_EEGNET,20260925,1.0,9.242450138557956e-10,1
s35_1_retained_2_t059,35,1,retained_labeled_MI,2,s35.mat,656951a3620d0ba432e24273d191fff428735e092833491599ca302e9bfcb51d,208895,Cho2017,Q15-E006,BROAD_EEGNET,20260925,2.6255522200813175e-09,1.0,2
s35_1_retained_2_t060,35,1,retained_labeled_MI,2,s35.mat,656951a3620d0ba432e24273d191fff428735e092833491599ca302e9bfcb51d,212479,Cho2017,Q15-E006,BROAD_EEGNET,20260925,5.412890621836475e-12,1.0,2
s35_1_retained_2_t061,35,1,retained_labeled_MI,2,s35.mat,656951a3620d0ba432e24273d191fff428735e092833491599ca302e9bfcb51d,216063,Cho2017,Q15-E006,BROAD_EEGNET,20260925,0.9992247819900513,0.0007752584642730653,1
s35_1_retained_2_t062,35,1,retained_labeled_MI,2,s35.mat,656951a3620d0ba432e24273d191fff428735e092833491599ca302e9bfcb51d,219647,Cho2017,Q15-E006,BROAD_EEGNET,20260925,1.485526581745944e-07,0.9999998807907104,2
s35_1_retained_2_t063,35,1,retained_labeled_MI,2,s35.mat,656951a3620d0ba432e24273d191fff428735e092833491599ca302e9bfcb51d,223231,Cho2017,Q15-E006,BROAD_EEGNET,20260925,0.008456988260149956,0.9915430545806885,2
s35_1_retained_2_t064,35,1,retained_labeled_MI,2,s35.mat,656951a3620d0ba432e24273d191fff428735e092833491599ca302e9bfcb51d,226815,Cho2017,Q15-E006,BROAD_EEGNET,20260925,0.9992129802703857,0.0007869659457355738,1
s35_1_retained_2_t065,35,1,retained_labeled_MI,2,s35.mat,656951a3620d0ba432e24273d191fff428735e092833491599ca302e9bfcb51d,230399,Cho2017,Q15-E006,BROAD_EEGNET,20260925,0.005619653034955263,0.9943804144859314,2
s35_1_retained_2_t066,35,1,retained_labeled_MI,2,s35.mat,656951a3620d0ba432e24273d191fff428735e092833491599ca302e9bfcb51d,233983,Cho2017,Q15-E006,BROAD_EEGNET,20260925,1.0,4.821904653340425e-09,1
s35_1_retained_2_t067,35,1,retained_labeled_MI,2,s35.mat,656951a3620d0ba432e24273d191fff428735e092833491599ca302e9bfcb51d,237567,Cho2017,Q15-E006,BROAD_EEGNET,20260925,0.000686570827383548,0.999313473701477,2
s35_1_retained_2_t068,35,1,retained_labeled_MI,2,s35.mat,656951a3620d0ba432e24273d191fff428735e092833491599ca302e9bfcb51d,241151,Cho2017,Q15-E006,BROAD_EEGNET,20260925,4.283615562955534e-12,1.0,2
s35_1_retained_2_t069,35,1,retained_labeled_MI,2,s35.mat,656951a3620d0ba432e24273d191fff428735e092833491599ca302e9bfcb51d,244735,Cho2017,Q15-E006,BROAD_EEGNET,20260925,0.9414582848548889,0.05854165926575661,1
s35_1_retained_2_t070,35,1,retained_labeled_MI,2,s35.mat,656951a3620d0ba432e24273d191fff428735e092833491599ca302e9bfcb51d,248319,Cho2017,Q15-E006,BROAD_EEGNET,20260925,0.0007119203801266849,0.9992881417274475,2
s35_1_retained_2_t071,35,1,retained_labeled_MI,2,s35.mat,656951a3620d0ba432e24273d191fff428735e092833491599ca302e9bfcb51d,251903,Cho2017,Q15-E006,BROAD_EEGNET,20260925,9.583519567968324e-05,0.9999041557312012,2
s35_1_retained_2_t072,35,1,retained_labeled_MI,2,s35.mat,656951a3620d0ba432e24273d191fff428735e092833491599ca302e9bfcb51d,255487,Cho2017,Q15-E006,BROAD_EEGNET,20260925,8.487465730233623e-10,1.0,2
s35_1_retained_2_t073,35,1,retained_labeled_MI,2,s35.mat,656951a3620d0ba432e24273d191fff428735e092833491599ca302e9bfcb51d,259071,Cho2017,Q15-E006,BROAD_EEGNET,20260925,0.9999996423721313,3.249676296945836e-07,1
s35_1_retained_2_t074,35,1,retained_labeled_MI,2,s35.mat,656951a3620d0ba432e24273d191fff428735e092833491599ca302e9bfcb51d,262655,Cho2017,Q15-E006,BROAD_EEGNET,20260925,0.3652642071247101,0.6347358226776123,2
s35_1_retained_2_t075,35,1,retained_labeled_MI,2,s35.mat,656951a3620d0ba432e24273d191fff428735e092833491599ca302e9bfcb51d,266239,Cho2017,Q15-E006,BROAD_EEGNET,20260925,1.0,2.550019657238112e-13,1
s35_1_retained_2_t076,35,1,retained_labeled_MI,2,s35.mat,656951a3620d0ba432e24273d191fff428735e092833491599ca302e9bfcb51d,269823,Cho2017,Q15-E006,BROAD_EEGNET,20260925,0.11826173216104507,0.8817383050918579,2
s35_1_retained_2_t077,35,1,retained_labeled_MI,2,s35.mat,656951a3620d0ba432e24273d191fff428735e092833491599ca302e9bfcb51d,273407,Cho2017,Q15-E006,BROAD_EEGNET,20260925,6.822119757998735e-07,0.9999992847442627,2
s35_1_retained_2_t078,35,1,retained_labeled_MI,2,s35.mat,656951a3620d0ba432e24273d191fff428735e092833491599ca302e9bfcb51d,276991,Cho2017,Q15-E006,BROAD_EEGNET,20260925,0.0579691007733345,0.9420309066772461,2
s35_1_retained_2_t079,35,1,retained_labeled_MI,2,s35.mat,656951a3620d0ba432e24273d191fff428735e092833491599ca302e9bfcb51d,280575,Cho2017,Q15-E006,BROAD_EEGNET,20260925,3.120955049951135e-09,1.0,2
s35_1_retained_2_t080,35,1,retained_labeled_MI,2,s35.mat,656951a3620d0ba432e24273d191fff428735e092833491599ca302e9bfcb51d,284159,Cho2017,Q15-E006,BROAD_EEGNET,20260925,6.518157897517085e-05,0.9999347925186157,2
s35_1_retained_2_t081,35,1,retained_labeled_MI,2,s35.mat,656951a3620d0ba432e24273d191fff428735e092833491599ca302e9bfcb51d,287743,Cho2017,Q15-E006,BROAD_EEGNET,20260925,0.0016507101245224476,0.9983493089675903,2
s35_1_retained_2_t082,35,1,retained_labeled_MI,2,s35.mat,656951a3620d0ba432e24273d191fff428735e092833491599ca302e9bfcb51d,291327,Cho2017,Q15-E006,BROAD_EEGNET,20260925,0.989777147769928,0.010222859680652618,1
s35_1_retained_2_t083,35,1,retained_labeled_MI,2,s35.mat,656951a3620d0ba432e24273d191fff428735e092833491599ca302e9bfcb51d,294911,Cho2017,Q15-E006,BROAD_EEGNET,20260925,4.972515108003783e-11,1.0,2
s35_1_retained_2_t084,35,1,retained_labeled_MI,2,s35.mat,656951a3620d0ba432e24273d191fff428735e092833491599ca302e9bfcb51d,298495,Cho2017,Q15-E006,BROAD_EEGNET,20260925,4.1864069787287024e-15,1.0,2
s35_1_retained_2_t085,35,1,retained_labeled_MI,2,s35.mat,656951a3620d0ba432e24273d191fff428735e092833491599ca302e9bfcb51d,302079,Cho2017,Q15-E006,BROAD_EEGNET,20260925,8.507543280966701e-11,1.0,2
s35_1_retained_2_t086,35,1,retained_labeled_MI,2,s35.mat,656951a3620d0ba432e24273d191fff428735e092833491599ca302e9bfcb51d,305663,Cho2017,Q15-E006,BROAD_EEGNET,20260925,4.801428894231352e-13,1.0,2
s35_1_retained_2_t087,35,1,retained_labeled_MI,2,s35.mat,656951a3620d0ba432e24273d191fff428735e092833491599ca302e9bfcb51d,309247,Cho2017,Q15-E006,BROAD_EEGNET,20260925,0.00253969244658947,0.9974602460861206,2
s35_1_retained_2_t088,35,1,retained_labeled_MI,2,s35.mat,656951a3620d0ba432e24273d191fff428735e092833491599ca302e9bfcb51d,312831,Cho2017,Q15-E006,BROAD_EEGNET,20260925,1.4987967006163672e-05,0.9999849796295166,2
s35_1_retained_2_t089,35,1,retained_labeled_MI,2,s35.mat,656951a3620d0ba432e24273d191fff428735e092833491599ca302e9bfcb51d,316415,Cho2017,Q15-E006,BROAD_EEGNET,20260925,0.05344322696328163,0.946556806564331,2
s35_1_retained_2_t090,35,1,retained_labeled_MI,2,s35.mat,656951a3620d0ba432e24273d191fff428735e092833491599ca302e9bfcb51d,319999,Cho2017,Q15-E006,BROAD_EEGNET,20260925,2.6248045403853837e-10,1.0,2
s35_1_retained_2_t091,35,1,retained_labeled_MI,2,s35.mat,656951a3620d0ba432e24273d191fff428735e092833491599ca302e9bfcb51d,323583,Cho2017,Q15-E006,BROAD_EEGNET,20260925,0.0010258386610075831,0.9989742040634155,2
s35_1_retained_2_t092,35,1,retained_labeled_MI,2,s35.mat,656951a3620d0ba432e24273d191fff428735e092833491599ca302e9bfcb51d,327167,Cho2017,Q15-E006,BROAD_EEGNET,20260925,2.0600039035700846e-11,1.0,2
s35_1_retained_2_t093,35,1,retained_labeled_MI,2,s35.mat,656951a3620d0ba432e24273d191fff428735e092833491599ca302e9bfcb51d,330751,Cho2017,Q15-E006,BROAD_EEGNET,20260925,1.0864029899027783e-19,1.0,2
s35_1_retained_2_t094,35,1,retained_labeled_MI,2,s35.mat,656951a3620d0ba432e24273d191fff428735e092833491599ca302e9bfcb51d,334335,Cho2017,Q15-E006,BROAD_EEGNET,20260925,0.9848490357398987,0.015150950290262699,1
s35_1_retained_2_t095,35,1,retained_labeled_MI,2,s35.mat,656951a3620d0ba432e24273d191fff428735e092833491599ca302e9bfcb51d,337919,Cho2017,Q15-E006,BROAD_EEGNET,20260925,3.988627570589154e-12,1.0,2
s35_1_retained_2_t096,35,1,retained_labeled_MI,2,s35.mat,656951a3620d0ba432e24273d191fff428735e092833491599ca302e9bfcb51d,341503,Cho2017,Q15-E006,BROAD_EEGNET,20260925,1.941865834798051e-10,1.0,2
s35_1_retained_2_t097,35,1,retained_labeled_MI,2,s35.mat,656951a3620d0ba432e24273d191fff428735e092833491599ca302e9bfcb51d,345087,Cho2017,Q15-E006,BROAD_EEGNET,20260925,8.064104051186405e-09,1.0,2
s35_1_retained_2_t098,35,1,retained_labeled_MI,2,s35.mat,656951a3620d0ba432e24273d191fff428735e092833491599ca302e9bfcb51d,348671,Cho2017,Q15-E006,BROAD_EEGNET,20260925,1.0,3.4721895497691335e-11,1
s35_1_retained_2_t099,35,1,retained_labeled_MI,2,s35.mat,656951a3620d0ba432e24273d191fff428735e092833491599ca302e9bfcb51d,352255,Cho2017,Q15-E006,BROAD_EEGNET,20260925,8.433085341152946e-10,1.0,2
s35_1_retained_2_t100,35,1,retained_labeled_MI,2,s35.mat,656951a3620d0ba432e24273d191fff428735e092833491599ca302e9bfcb51d,355839,Cho2017,Q15-E006,BROAD_EEGNET,20260925,6.363469554266506e-24,1.0,2
s35_1_retained_1_t001,35,1,retained_labeled_MI,1,s35.mat,656951a3620d0ba432e24273d191fff428735e092833491599ca302e9bfcb51d,1023,Cho2017,Q15-E006,BROAD_EEGNET,20260926,1.0,2.6317600442665734e-12,1
s35_1_retained_1_t002,35,1,retained_labeled_MI,1,s35.mat,656951a3620d0ba432e24273d191fff428735e092833491599ca302e9bfcb51d,4607,Cho2017,Q15-E006,BROAD_EEGNET,20260926,1.0,5.666759075872996e-11,1
s35_1_retained_1_t003,35,1,retained_labeled_MI,1,s35.mat,656951a3620d0ba432e24273d191fff428735e092833491599ca302e9bfcb51d,8191,Cho2017,Q15-E006,BROAD_EEGNET,20260926,1.0,3.706870543851437e-08,1
s35_1_retained_1_t004,35,1,retained_labeled_MI,1,s35.mat,656951a3620d0ba432e24273d191fff428735e092833491599ca302e9bfcb51d,11775,Cho2017,Q15-E006,BROAD_EEGNET,20260926,1.0,1.2010081817948048e-10,1
s35_1_retained_1_t005,35,1,retained_labeled_MI,1,s35.mat,656951a3620d0ba432e24273d191fff428735e092833491599ca302e9bfcb51d,15359,Cho2017,Q15-E006,BROAD_EEGNET,20260926,1.0,5.832865386436875e-14,1
s35_1_retained_1_t006,35,1,retained_labeled_MI,1,s35.mat,656951a3620d0ba432e24273d191fff428735e092833491599ca302e9bfcb51d,18943,Cho2017,Q15-E006,BROAD_EEGNET,20260926,1.0,8.330466871875331e-10,1
s35_1_retained_1_t007,35,1,retained_labeled_MI,1,s35.mat,656951a3620d0ba432e24273d191fff428735e092833491599ca302e9bfcb51d,22527,Cho2017,Q15-E006,BROAD_EEGNET,20260926,0.9999885559082031,1.1470999197626952e-05,1
s35_1_retained_1_t008,35,1,retained_labeled_MI,1,s35.mat,656951a3620d0ba432e24273d191fff428735e092833491599ca302e9bfcb51d,26111,Cho2017,Q15-E006,BROAD_EEGNET,20260926,0.9999998807907104,1.5128422603538638e-07,1
s35_1_retained_1_t009,35,1,retained_labeled_MI,1,s35.mat,656951a3620d0ba432e24273d191fff428735e092833491599ca302e9bfcb51d,29695,Cho2017,Q15-E006,BROAD_EEGNET,20260926,1.0,2.258736664373373e-08,1
s35_1_retained_1_t010,35,1,retained_labeled_MI,1,s35.mat,656951a3620d0ba432e24273d191fff428735e092833491599ca302e9bfcb51d,33279,Cho2017,Q15-E006,BROAD_EEGNET,20260926,1.0,1.7854850931087185e-09,1
s35_1_retained_1_t011,35,1,retained_labeled_MI,1,s35.mat,656951a3620d0ba432e24273d191fff428735e092833491599ca302e9bfcb51d,36863,Cho2017,Q15-E006,BROAD_EEGNET,20260926,0.9999970197677612,3.005455937454826e-06,1
s35_1_retained_1_t012,35,1,retained_labeled_MI,1,s35.mat,656951a3620d0ba432e24273d191fff428735e092833491599ca302e9bfcb51d,40447,Cho2017,Q15-E006,BROAD_EEGNET,20260926,1.0,4.936376828135192e-12,1
s35_1_retained_1_t013,35,1,retained_labeled_MI,1,s35.mat,656951a3620d0ba432e24273d191fff428735e092833491599ca302e9bfcb51d,44031,Cho2017,Q15-E006,BROAD_EEGNET,20260926,1.0,1.0201737232762298e-09,1
s35_1_retained_1_t014,35,1,retained_labeled_MI,1,s35.mat,656951a3620d0ba432e24273d191fff428735e092833491599ca302e9bfcb51d,47615,Cho2017,Q15-E006,BROAD_EEGNET,20260926,1.0,7.706521648259501e-18,1
s35_1_retained_1_t015,35,1,retained_labeled_MI,1,s35.mat,656951a3620d0ba432e24273d191fff428735e092833491599ca302e9bfcb51d,51199,Cho2017,Q15-E006,BROAD_EEGNET,20260926,0.9619458913803101,0.03805413469672203,1
s35_1_retained_1_t016,35,1,retained_labeled_MI,1,s35.mat,656951a3620d0ba432e24273d191fff428735e092833491599ca302e9bfcb51d,54783,Cho2017,Q15-E006,BROAD_EEGNET,20260926,0.8275148868560791,0.17248506844043732,1
s35_1_retained_1_t017,35,1,retained_labeled_MI,1,s35.mat,656951a3620d0ba432e24273d191fff428735e092833491599ca302e9bfcb51d,58367,Cho2017,Q15-E006,BROAD_EEGNET,20260926,1.0,1.977184963062456e-13,1
s35_1_retained_1_t018,35,1,retained_labeled_MI,1,s35.mat,656951a3620d0ba432e24273d191fff428735e092833491599ca302e9bfcb51d,61951,Cho2017,Q15-E006,BROAD_EEGNET,20260926,1.0,4.531009893786911e-29,1
s35_1_retained_1_t019,35,1,retained_labeled_MI,1,s35.mat,656951a3620d0ba432e24273d191fff428735e092833491599ca302e9bfcb51d,65535,Cho2017,Q15-E006,BROAD_EEGNET,20260926,0.9999984502792358,1.5054934010549914e-06,1
s35_1_retained_1_t020,35,1,retained_labeled_MI,1,s35.mat,656951a3620d0ba432e24273d191fff428735e092833491599ca302e9bfcb51d,69119,Cho2017,Q15-E006,BROAD_EEGNET,20260926,1.0,6.915541750363019e-11,1
s35_1_retained_1_t021,35,1,retained_labeled_MI,1,s35.mat,656951a3620d0ba432e24273d191fff428735e092833491599ca302e9bfcb51d,72703,Cho2017,Q15-E006,BROAD_EEGNET,20260926,1.0,1.523027037819702e-08,1
s35_1_retained_1_t022,35,1,retained_labeled_MI,1,s35.mat,656951a3620d0ba432e24273d191fff428735e092833491599ca302e9bfcb51d,76287,Cho2017,Q15-E006,BROAD_EEGNET,20260926,0.9999903440475464,9.65671097219456e-06,1
s35_1_retained_1_t023,35,1,retained_labeled_MI,1,s35.mat,656951a3620d0ba432e24273d191fff428735e092833491599ca302e9bfcb51d,79871,Cho2017,Q15-E006,BROAD_EEGNET,20260926,1.0,2.549538995686698e-16,1
s35_1_retained_1_t024,35,1,retained_labeled_MI,1,s35.mat,656951a3620d0ba432e24273d191fff428735e092833491599ca302e9bfcb51d,83455,Cho2017,Q15-E006,BROAD_EEGNET,20260926,0.9999998807907104,8.76981616215744e-08,1
s35_1_retained_1_t025,35,1,retained_labeled_MI,1,s35.mat,656951a3620d0ba432e24273d191fff428735e092833491599ca302e9bfcb51d,87039,Cho2017,Q15-E006,BROAD_EEGNET,20260926,0.9999862909317017,1.3746473086939659e-05,1
s35_1_retained_1_t026,35,1,retained_labeled_MI,1,s35.mat,656951a3620d0ba432e24273d191fff428735e092833491599ca302e9bfcb51d,90623,Cho2017,Q15-E006,BROAD_EEGNET,20260926,1.0,6.327475432499341e-09,1
s35_1_retained_1_t027,35,1,retained_labeled_MI,1,s35.mat,656951a3620d0ba432e24273d191fff428735e092833491599ca302e9bfcb51d,94207,Cho2017,Q15-E006,BROAD_EEGNET,20260926,1.0,1.079602058150004e-28,1
s35_1_retained_1_t028,35,1,retained_labeled_MI,1,s35.mat,656951a3620d0ba432e24273d191fff428735e092833491599ca302e9bfcb51d,97791,Cho2017,Q15-E006,BROAD_EEGNET,20260926,0.013196690939366817,0.9868033528327942,2
s35_1_retained_1_t029,35,1,retained_labeled_MI,1,s35.mat,656951a3620d0ba432e24273d191fff428735e092833491599ca302e9bfcb51d,101375,Cho2017,Q15-E006,BROAD_EEGNET,20260926,0.26602399349212646,0.7339760661125183,2
s35_1_retained_1_t030,35,1,retained_labeled_MI,1,s35.mat,656951a3620d0ba432e24273d191fff428735e092833491599ca302e9bfcb51d,104959,Cho2017,Q15-E006,BROAD_EEGNET,20260926,0.9921262264251709,0.00787376333028078,1
s35_1_retained_1_t031,35,1,retained_labeled_MI,1,s35.mat,656951a3620d0ba432e24273d191fff428735e092833491599ca302e9bfcb51d,108543,Cho2017,Q15-E006,BROAD_EEGNET,20260926,1.0,8.399564998319704e-18,1
s35_1_retained_1_t032,35,1,retained_labeled_MI,1,s35.mat,656951a3620d0ba432e24273d191fff428735e092833491599ca302e9bfcb51d,112127,Cho2017,Q15-E006,BROAD_EEGNET,20260926,0.9999998807907104,6.556648202149518e-08,1
s35_1_retained_1_t033,35,1,retained_labeled_MI,1,s35.mat,656951a3620d0ba432e24273d191fff428735e092833491599ca302e9bfcb51d,115711,Cho2017,Q15-E006,BROAD_EEGNET,20260926,1.0,1.9649759250284227e-11,1
s35_1_retained_1_t034,35,1,retained_labeled_MI,1,s35.mat,656951a3620d0ba432e24273d191fff428735e092833491599ca302e9bfcb51d,119295,Cho2017,Q15-E006,BROAD_EEGNET,20260926,1.0,1.0939335646099196e-13,1
s35_1_retained_1_t035,35,1,retained_labeled_MI,1,s35.mat,656951a3620d0ba432e24273d191fff428735e092833491599ca302e9bfcb51d,122879,Cho2017,Q15-E006,BROAD_EEGNET,20260926,1.0,1.0059361156002132e-40,1
s35_1_retained_1_t036,35,1,retained_labeled_MI,1,s35.mat,656951a3620d0ba432e24273d191fff428735e092833491599ca302e9bfcb51d,126463,Cho2017,Q15-E006,BROAD_EEGNET,20260926,1.0,5.811573494426325e-19,1
s35_1_retained_1_t037,35,1,retained_labeled_MI,1,s35.mat,656951a3620d0ba432e24273d191fff428735e092833491599ca302e9bfcb51d,130047,Cho2017,Q15-E006,BROAD_EEGNET,20260926,0.9999992847442627,7.241603157126519e-07,1
s35_1_retained_1_t038,35,1,retained_labeled_MI,1,s35.mat,656951a3620d0ba432e24273d191fff428735e092833491599ca302e9bfcb51d,133631,Cho2017,Q15-E006,BROAD_EEGNET,20260926,1.0,5.924121193601195e-10,1
s35_1_retained_1_t039,35,1,retained_labeled_MI,1,s35.mat,656951a3620d0ba432e24273d191fff428735e092833491599ca302e9bfcb51d,137215,Cho2017,Q15-E006,BROAD_EEGNET,20260926,1.0,1.2630287926640449e-08,1
s35_1_retained_1_t040,35,1,retained_labeled_MI,1,s35.mat,656951a3620d0ba432e24273d191fff428735e092833491599ca302e9bfcb51d,140799,Cho2017,Q15-E006,BROAD_EEGNET,20260926,0.999294638633728,0.0007053653243929148,1
s35_1_retained_1_t041,35,1,retained_labeled_MI,1,s35.mat,656951a3620d0ba432e24273d191fff428735e092833491599ca302e9bfcb51d,144383,Cho2017,Q15-E006,BROAD_EEGNET,20260926,1.3465191841532942e-06,0.9999986886978149,2
s35_1_retained_1_t042,35,1,retained_labeled_MI,1,s35.mat,656951a3620d0ba432e24273d191fff428735e092833491599ca302e9bfcb51d,147967,Cho2017,Q15-E006,BROAD_EEGNET,20260926,1.0,5.351561416233608e-09,1
s35_1_retained_1_t043,35,1,retained_labeled_MI,1,s35.mat,656951a3620d0ba432e24273d191fff428735e092833491599ca302e9bfcb51d,151551,Cho2017,Q15-E006,BROAD_EEGNET,20260926,1.0,3.460957909151574e-10,1
s35_1_retained_1_t044,35,1,retained_labeled_MI,1,s35.mat,656951a3620d0ba432e24273d191fff428735e092833491599ca302e9bfcb51d,155135,Cho2017,Q15-E006,BROAD_EEGNET,20260926,1.0,1.89491485981352e-18,1
s35_1_retained_1_t045,35,1,retained_labeled_MI,1,s35.mat,656951a3620d0ba432e24273d191fff428735e092833491599ca302e9bfcb51d,158719,Cho2017,Q15-E006,BROAD_EEGNET,20260926,1.0,8.026342611378023e-12,1
s35_1_retained_1_t046,35,1,retained_labeled_MI,1,s35.mat,656951a3620d0ba432e24273d191fff428735e092833491599ca302e9bfcb51d,162303,Cho2017,Q15-E006,BROAD_EEGNET,20260926,0.9714330434799194,0.028567004948854446,1
s35_1_retained_1_t047,35,1,retained_labeled_MI,1,s35.mat,656951a3620d0ba432e24273d191fff428735e092833491599ca302e9bfcb51d,165887,Cho2017,Q15-E006,BROAD_EEGNET,20260926,1.0,1.9889473401590863e-10,1
s35_1_retained_1_t048,35,1,retained_labeled_MI,1,s35.mat,656951a3620d0ba432e24273d191fff428735e092833491599ca302e9bfcb51d,169471,Cho2017,Q15-E006,BROAD_EEGNET,20260926,0.33849036693573,0.66150963306427,2
s35_1_retained_1_t049,35,1,retained_labeled_MI,1,s35.mat,656951a3620d0ba432e24273d191fff428735e092833491599ca302e9bfcb51d,173055,Cho2017,Q15-E006,BROAD_EEGNET,20260926,1.0,2.7022978937131037e-15,1
s35_1_retained_1_t050,35,1,retained_labeled_MI,1,s35.mat,656951a3620d0ba432e24273d191fff428735e092833491599ca302e9bfcb51d,176639,Cho2017,Q15-E006,BROAD_EEGNET,20260926,0.9999881982803345,1.1786486538767349e-05,1
s35_1_retained_1_t051,35,1,retained_labeled_MI,1,s35.mat,656951a3620d0ba432e24273d191fff428735e092833491599ca302e9bfcb51d,180223,Cho2017,Q15-E006,BROAD_EEGNET,20260926,1.0,3.819116045633564e-08,1
s35_1_retained_1_t052,35,1,retained_labeled_MI,1,s35.mat,656951a3620d0ba432e24273d191fff428735e092833491599ca302e9bfcb51d,183807,Cho2017,Q15-E006,BROAD_EEGNET,20260926,0.9999910593032837,8.961607818491757e-06,1
s35_1_retained_1_t053,35,1,retained_labeled_MI,1,s35.mat,656951a3620d0ba432e24273d191fff428735e092833491599ca302e9bfcb51d,187391,Cho2017,Q15-E006,BROAD_EEGNET,20260926,0.9999961853027344,3.819608082267223e-06,1
s35_1_retained_1_t054,35,1,retained_labeled_MI,1,s35.mat,656951a3620d0ba432e24273d191fff428735e092833491599ca302e9bfcb51d,190975,Cho2017,Q15-E006,BROAD_EEGNET,20260926,0.9999995231628418,4.799426847057475e-07,1
s35_1_retained_1_t055,35,1,retained_labeled_MI,1,s35.mat,656951a3620d0ba432e24273d191fff428735e092833491599ca302e9bfcb51d,194559,Cho2017,Q15-E006,BROAD_EEGNET,20260926,1.0,2.1393491422827537e-08,1
s35_1_retained_1_t056,35,1,retained_labeled_MI,1,s35.mat,656951a3620d0ba432e24273d191fff428735e092833491599ca302e9bfcb51d,198143,Cho2017,Q15-E006,BROAD_EEGNET,20260926,0.9999980926513672,1.8561534034233773e-06,1
s35_1_retained_1_t057,35,1,retained_labeled_MI,1,s35.mat,656951a3620d0ba432e24273d191fff428735e092833491599ca302e9bfcb51d,201727,Cho2017,Q15-E006,BROAD_EEGNET,20260926,1.0,3.813105386996085e-11,1
s35_1_retained_1_t058,35,1,retained_labeled_MI,1,s35.mat,656951a3620d0ba432e24273d191fff428735e092833491599ca302e9bfcb51d,205311,Cho2017,Q15-E006,BROAD_EEGNET,20260926,1.0,5.236721056789406e-10,1
s35_1_retained_1_t059,35,1,retained_labeled_MI,1,s35.mat,656951a3620d0ba432e24273d191fff428735e092833491599ca302e9bfcb51d,208895,Cho2017,Q15-E006,BROAD_EEGNET,20260926,2.5634209245157553e-20,1.0,2
s35_1_retained_1_t060,35,1,retained_labeled_MI,1,s35.mat,656951a3620d0ba432e24273d191fff428735e092833491599ca302e9bfcb51d,212479,Cho2017,Q15-E006,BROAD_EEGNET,20260926,7.868012517064926e-07,0.9999991655349731,2
s35_1_retained_1_t061,35,1,retained_labeled_MI,1,s35.mat,656951a3620d0ba432e24273d191fff428735e092833491599ca302e9bfcb51d,216063,Cho2017,Q15-E006,BROAD_EEGNET,20260926,1.0,5.3416357437535006e-14,1
s35_1_retained_1_t062,35,1,retained_labeled_MI,1,s35.mat,656951a3620d0ba432e24273d191fff428735e092833491599ca302e9bfcb51d,219647,Cho2017,Q15-E006,BROAD_EEGNET,20260926,1.0,4.1709733444861286e-09,1
s35_1_retained_1_t063,35,1,retained_labeled_MI,1,s35.mat,656951a3620d0ba432e24273d191fff428735e092833491599ca302e9bfcb51d,223231,Cho2017,Q15-E006,BROAD_EEGNET,20260926,4.9007463735770374e-27,1.0,2
s35_1_retained_1_t064,35,1,retained_labeled_MI,1,s35.mat,656951a3620d0ba432e24273d191fff428735e092833491599ca302e9bfcb51d,226815,Cho2017,Q15-E006,BROAD_EEGNET,20260926,0.99003005027771,0.009969977661967278,1
s35_1_retained_1_t065,35,1,retained_labeled_MI,1,s35.mat,656951a3620d0ba432e24273d191fff428735e092833491599ca302e9bfcb51d,230399,Cho2017,Q15-E006,BROAD_EEGNET,20260926,1.0,1.2067021860906468e-11,1
s35_1_retained_1_t066,35,1,retained_labeled_MI,1,s35.mat,656951a3620d0ba432e24273d191fff428735e092833491599ca302e9bfcb51d,233983,Cho2017,Q15-E006,BROAD_EEGNET,20260926,1.0,1.2486423695385961e-16,1
s35_1_retained_1_t067,35,1,retained_labeled_MI,1,s35.mat,656951a3620d0ba432e24273d191fff428735e092833491599ca302e9bfcb51d,237567,Cho2017,Q15-E006,BROAD_EEGNET,20260926,1.0,8.002751564727129e-13,1
s35_1_retained_1_t068,35,1,retained_labeled_MI,1,s35.mat,656951a3620d0ba432e24273d191fff428735e092833491599ca302e9bfcb51d,241151,Cho2017,Q15-E006,BROAD_EEGNET,20260926,0.9999297857284546,7.018871110631153e-05,1
s35_1_retained_1_t069,35,1,retained_labeled_MI,1,s35.mat,656951a3620d0ba432e24273d191fff428735e092833491599ca302e9bfcb51d,244735,Cho2017,Q15-E006,BROAD_EEGNET,20260926,1.6196273122659477e-07,0.9999998807907104,2
s35_1_retained_1_t070,35,1,retained_labeled_MI,1,s35.mat,656951a3620d0ba432e24273d191fff428735e092833491599ca302e9bfcb51d,248319,Cho2017,Q15-E006,BROAD_EEGNET,20260926,1.0,1.9457972042898823e-16,1
s35_1_retained_1_t071,35,1,retained_labeled_MI,1,s35.mat,656951a3620d0ba432e24273d191fff428735e092833491599ca302e9bfcb51d,251903,Cho2017,Q15-E006,BROAD_EEGNET,20260926,1.0,1.7767735796102996e-14,1
s35_1_retained_1_t072,35,1,retained_labeled_MI,1,s35.mat,656951a3620d0ba432e24273d191fff428735e092833491599ca302e9bfcb51d,255487,Cho2017,Q15-E006,BROAD_EEGNET,20260926,1.0,9.110555865277092e-09,1
s35_1_retained_1_t073,35,1,retained_labeled_MI,1,s35.mat,656951a3620d0ba432e24273d191fff428735e092833491599ca302e9bfcb51d,259071,Cho2017,Q15-E006,BROAD_EEGNET,20260926,0.999488115310669,0.0005118318367749453,1
s35_1_retained_1_t074,35,1,retained_labeled_MI,1,s35.mat,656951a3620d0ba432e24273d191fff428735e092833491599ca302e9bfcb51d,262655,Cho2017,Q15-E006,BROAD_EEGNET,20260926,0.017923662438988686,0.9820762872695923,2
s35_1_retained_1_t075,35,1,retained_labeled_MI,1,s35.mat,656951a3620d0ba432e24273d191fff428735e092833491599ca302e9bfcb51d,266239,Cho2017,Q15-E006,BROAD_EEGNET,20260926,5.930148950020198e-13,1.0,2
s35_1_retained_1_t076,35,1,retained_labeled_MI,1,s35.mat,656951a3620d0ba432e24273d191fff428735e092833491599ca302e9bfcb51d,269823,Cho2017,Q15-E006,BROAD_EEGNET,20260926,3.679377186927013e-05,0.9999631643295288,2
s35_1_retained_1_t077,35,1,retained_labeled_MI,1,s35.mat,656951a3620d0ba432e24273d191fff428735e092833491599ca302e9bfcb51d,273407,Cho2017,Q15-E006,BROAD_EEGNET,20260926,0.9998635053634644,0.00013650803884956986,1
s35_1_retained_1_t078,35,1,retained_labeled_MI,1,s35.mat,656951a3620d0ba432e24273d191fff428735e092833491599ca302e9bfcb51d,276991,Cho2017,Q15-E006,BROAD_EEGNET,20260926,0.9999622106552124,3.773333446588367e-05,1
s35_1_retained_1_t079,35,1,retained_labeled_MI,1,s35.mat,656951a3620d0ba432e24273d191fff428735e092833491599ca302e9bfcb51d,280575,Cho2017,Q15-E006,BROAD_EEGNET,20260926,0.716406524181366,0.28359347581863403,1
s35_1_retained_1_t080,35,1,retained_labeled_MI,1,s35.mat,656951a3620d0ba432e24273d191fff428735e092833491599ca302e9bfcb51d,284159,Cho2017,Q15-E006,BROAD_EEGNET,20260926,0.9997348189353943,0.000265154434600845,1
s35_1_retained_1_t081,35,1,retained_labeled_MI,1,s35.mat,656951a3620d0ba432e24273d191fff428735e092833491599ca302e9bfcb51d,287743,Cho2017,Q15-E006,BROAD_EEGNET,20260926,4.919087620735019e-25,1.0,2
s35_1_retained_1_t082,35,1,retained_labeled_MI,1,s35.mat,656951a3620d0ba432e24273d191fff428735e092833491599ca302e9bfcb51d,291327,Cho2017,Q15-E006,BROAD_EEGNET,20260926,0.0002509720507077873,0.9997490048408508,2
s35_1_retained_1_t083,35,1,retained_labeled_MI,1,s35.mat,656951a3620d0ba432e24273d191fff428735e092833491599ca302e9bfcb51d,294911,Cho2017,Q15-E006,BROAD_EEGNET,20260926,0.9998284578323364,0.0001715066027827561,1
s35_1_retained_1_t084,35,1,retained_labeled_MI,1,s35.mat,656951a3620d0ba432e24273d191fff428735e092833491599ca302e9bfcb51d,298495,Cho2017,Q15-E006,BROAD_EEGNET,20260926,0.9731193780899048,0.026880627498030663,1
s35_1_retained_1_t085,35,1,retained_labeled_MI,1,s35.mat,656951a3620d0ba432e24273d191fff428735e092833491599ca302e9bfcb51d,302079,Cho2017,Q15-E006,BROAD_EEGNET,20260926,0.003429464064538479,0.9965705871582031,2
s35_1_retained_1_t086,35,1,retained_labeled_MI,1,s35.mat,656951a3620d0ba432e24273d191fff428735e092833491599ca302e9bfcb51d,305663,Cho2017,Q15-E006,BROAD_EEGNET,20260926,0.9999998807907104,1.4309703999515477e-07,1
s35_1_retained_1_t087,35,1,retained_labeled_MI,1,s35.mat,656951a3620d0ba432e24273d191fff428735e092833491599ca302e9bfcb51d,309247,Cho2017,Q15-E006,BROAD_EEGNET,20260926,1.585571496320881e-08,1.0,2
s35_1_retained_1_t088,35,1,retained_labeled_MI,1,s35.mat,656951a3620d0ba432e24273d191fff428735e092833491599ca302e9bfcb51d,312831,Cho2017,Q15-E006,BROAD_EEGNET,20260926,0.5590104460716248,0.44098958373069763,1
s35_1_retained_1_t089,35,1,retained_labeled_MI,1,s35.mat,656951a3620d0ba432e24273d191fff428735e092833491599ca302e9bfcb51d,316415,Cho2017,Q15-E006,BROAD_EEGNET,20260926,0.9418883323669434,0.058111634105443954,1
s35_1_retained_1_t090,35,1,retained_labeled_MI,1,s35.mat,656951a3620d0ba432e24273d191fff428735e092833491599ca302e9bfcb51d,319999,Cho2017,Q15-E006,BROAD_EEGNET,20260926,0.9749329686164856,0.025067074224352837,1
s35_1_retained_1_t091,35,1,retained_labeled_MI,1,s35.mat,656951a3620d0ba432e24273d191fff428735e092833491599ca302e9bfcb51d,323583,Cho2017,Q15-E006,BROAD_EEGNET,20260926,3.394408665258197e-08,1.0,2
s35_1_retained_1_t092,35,1,retained_labeled_MI,1,s35.mat,656951a3620d0ba432e24273d191fff428735e092833491599ca302e9bfcb51d,327167,Cho2017,Q15-E006,BROAD_EEGNET,20260926,9.167023390377338e-11,1.0,2
s35_1_retained_1_t093,35,1,retained_labeled_MI,1,s35.mat,656951a3620d0ba432e24273d191fff428735e092833491599ca302e9bfcb51d,330751,Cho2017,Q15-E006,BROAD_EEGNET,20260926,0.8365564346313477,0.16344361007213593,1
s35_1_retained_1_t094,35,1,retained_labeled_MI,1,s35.mat,656951a3620d0ba432e24273d191fff428735e092833491599ca302e9bfcb51d,334335,Cho2017,Q15-E006,BROAD_EEGNET,20260926,0.9977626800537109,0.0022372747771441936,1
s35_1_retained_1_t095,35,1,retained_labeled_MI,1,s35.mat,656951a3620d0ba432e24273d191fff428735e092833491599ca302e9bfcb51d,337919,Cho2017,Q15-E006,BROAD_EEGNET,20260926,1.0,1.400178861743484e-10,1
s35_1_retained_1_t096,35,1,retained_labeled_MI,1,s35.mat,656951a3620d0ba432e24273d191fff428735e092833491599ca302e9bfcb51d,341503,Cho2017,Q15-E006,BROAD_EEGNET,20260926,0.00014595773245673627,0.9998539686203003,2
s35_1_retained_1_t097,35,1,retained_labeled_MI,1,s35.mat,656951a3620d0ba432e24273d191fff428735e092833491599ca302e9bfcb51d,345087,Cho2017,Q15-E006,BROAD_EEGNET,20260926,1.0,2.1549953488353424e-10,1
s35_1_retained_1_t098,35,1,retained_labeled_MI,1,s35.mat,656951a3620d0ba432e24273d191fff428735e092833491599ca302e9bfcb51d,348671,Cho2017,Q15-E006,BROAD_EEGNET,20260926,1.1714400898199528e-05,0.999988317489624,2
s35_1_retained_1_t099,35,1,retained_labeled_MI,1,s35.mat,656951a3620d0ba432e24273d191fff428735e092833491599ca302e9bfcb51d,352255,Cho2017,Q15-E006,BROAD_EEGNET,20260926,0.9999990463256836,9.933520459526335e-07,1
s35_1_retained_1_t100,35,1,retained_labeled_MI,1,s35.mat,656951a3620d0ba432e24273d191fff428735e092833491599ca302e9bfcb51d,355839,Cho2017,Q15-E006,BROAD_EEGNET,20260926,1.285667167394422e-05,0.9999871253967285,2
s35_1_retained_2_t001,35,1,retained_labeled_MI,2,s35.mat,656951a3620d0ba432e24273d191fff428735e092833491599ca302e9bfcb51d,1023,Cho2017,Q15-E006,BROAD_EEGNET,20260926,0.9152527451515198,0.08474721014499664,1
s35_1_retained_2_t002,35,1,retained_labeled_MI,2,s35.mat,656951a3620d0ba432e24273d191fff428735e092833491599ca302e9bfcb51d,4607,Cho2017,Q15-E006,BROAD_EEGNET,20260926,0.0004054597520735115,0.999594509601593,2
s35_1_retained_2_t003,35,1,retained_labeled_MI,2,s35.mat,656951a3620d0ba432e24273d191fff428735e092833491599ca302e9bfcb51d,8191,Cho2017,Q15-E006,BROAD_EEGNET,20260926,0.0051598092541098595,0.9948402047157288,2
s35_1_retained_2_t004,35,1,retained_labeled_MI,2,s35.mat,656951a3620d0ba432e24273d191fff428735e092833491599ca302e9bfcb51d,11775,Cho2017,Q15-E006,BROAD_EEGNET,20260926,0.9999526739120483,4.737964263767935e-05,1
s35_1_retained_2_t005,35,1,retained_labeled_MI,2,s35.mat,656951a3620d0ba432e24273d191fff428735e092833491599ca302e9bfcb51d,15359,Cho2017,Q15-E006,BROAD_EEGNET,20260926,0.9985461235046387,0.0014539057156071067,1
s35_1_retained_2_t006,35,1,retained_labeled_MI,2,s35.mat,656951a3620d0ba432e24273d191fff428735e092833491599ca302e9bfcb51d,18943,Cho2017,Q15-E006,BROAD_EEGNET,20260926,0.9999997615814209,1.8438301196965767e-07,1
s35_1_retained_2_t007,35,1,retained_labeled_MI,2,s35.mat,656951a3620d0ba432e24273d191fff428735e092833491599ca302e9bfcb51d,22527,Cho2017,Q15-E006,BROAD_EEGNET,20260926,1.0,9.12798596982374e-16,1
s35_1_retained_2_t008,35,1,retained_labeled_MI,2,s35.mat,656951a3620d0ba432e24273d191fff428735e092833491599ca302e9bfcb51d,26111,Cho2017,Q15-E006,BROAD_EEGNET,20260926,0.9999998807907104,1.2658534842557856e-07,1
s35_1_retained_2_t009,35,1,retained_labeled_MI,2,s35.mat,656951a3620d0ba432e24273d191fff428735e092833491599ca302e9bfcb51d,29695,Cho2017,Q15-E006,BROAD_EEGNET,20260926,0.9960529804229736,0.003946984652429819,1
s35_1_retained_2_t010,35,1,retained_labeled_MI,2,s35.mat,656951a3620d0ba432e24273d191fff428735e092833491599ca302e9bfcb51d,33279,Cho2017,Q15-E006,BROAD_EEGNET,20260926,0.9999970197677612,2.9612938305945136e-06,1
s35_1_retained_2_t011,35,1,retained_labeled_MI,2,s35.mat,656951a3620d0ba432e24273d191fff428735e092833491599ca302e9bfcb51d,36863,Cho2017,Q15-E006,BROAD_EEGNET,20260926,2.733499741225387e-06,0.9999972581863403,2
s35_1_retained_2_t012,35,1,retained_labeled_MI,2,s35.mat,656951a3620d0ba432e24273d191fff428735e092833491599ca302e9bfcb51d,40447,Cho2017,Q15-E006,BROAD_EEGNET,20260926,2.923647102193172e-08,1.0,2
s35_1_retained_2_t013,35,1,retained_labeled_MI,2,s35.mat,656951a3620d0ba432e24273d191fff428735e092833491599ca302e9bfcb51d,44031,Cho2017,Q15-E006,BROAD_EEGNET,20260926,0.33881428837776184,0.6611857414245605,2
s35_1_retained_2_t014,35,1,retained_labeled_MI,2,s35.mat,656951a3620d0ba432e24273d191fff428735e092833491599ca302e9bfcb51d,47615,Cho2017,Q15-E006,BROAD_EEGNET,20260926,6.943414942263198e-15,1.0,2
s35_1_retained_2_t015,35,1,retained_labeled_MI,2,s35.mat,656951a3620d0ba432e24273d191fff428735e092833491599ca302e9bfcb51d,51199,Cho2017,Q15-E006,BROAD_EEGNET,20260926,3.3174838431904163e-09,1.0,2
s35_1_retained_2_t016,35,1,retained_labeled_MI,2,s35.mat,656951a3620d0ba432e24273d191fff428735e092833491599ca302e9bfcb51d,54783,Cho2017,Q15-E006,BROAD_EEGNET,20260926,0.9830402731895447,0.016959691420197487,1
s35_1_retained_2_t017,35,1,retained_labeled_MI,2,s35.mat,656951a3620d0ba432e24273d191fff428735e092833491599ca302e9bfcb51d,58367,Cho2017,Q15-E006,BROAD_EEGNET,20260926,0.006335429847240448,0.9936646223068237,2
s35_1_retained_2_t018,35,1,retained_labeled_MI,2,s35.mat,656951a3620d0ba432e24273d191fff428735e092833491599ca302e9bfcb51d,61951,Cho2017,Q15-E006,BROAD_EEGNET,20260926,2.2768568280762125e-11,1.0,2
s35_1_retained_2_t019,35,1,retained_labeled_MI,2,s35.mat,656951a3620d0ba432e24273d191fff428735e092833491599ca302e9bfcb51d,65535,Cho2017,Q15-E006,BROAD_EEGNET,20260926,8.923819265799931e-16,1.0,2
s35_1_retained_2_t020,35,1,retained_labeled_MI,2,s35.mat,656951a3620d0ba432e24273d191fff428735e092833491599ca302e9bfcb51d,69119,Cho2017,Q15-E006,BROAD_EEGNET,20260926,3.012960436699075e-10,1.0,2
s35_1_retained_2_t021,35,1,retained_labeled_MI,2,s35.mat,656951a3620d0ba432e24273d191fff428735e092833491599ca302e9bfcb51d,72703,Cho2017,Q15-E006,BROAD_EEGNET,20260926,0.9999995231628418,4.18739602991991e-07,1
s35_1_retained_2_t022,35,1,retained_labeled_MI,2,s35.mat,656951a3620d0ba432e24273d191fff428735e092833491599ca302e9bfcb51d,76287,Cho2017,Q15-E006,BROAD_EEGNET,20260926,0.1290140450000763,0.8709859848022461,2
s35_1_retained_2_t023,35,1,retained_labeled_MI,2,s35.mat,656951a3620d0ba432e24273d191fff428735e092833491599ca302e9bfcb51d,79871,Cho2017,Q15-E006,BROAD_EEGNET,20260926,0.03751851245760918,0.9624815583229065,2
s35_1_retained_2_t024,35,1,retained_labeled_MI,2,s35.mat,656951a3620d0ba432e24273d191fff428735e092833491599ca302e9bfcb51d,83455,Cho2017,Q15-E006,BROAD_EEGNET,20260926,0.0006126074586063623,0.9993873834609985,2
s35_1_retained_2_t025,35,1,retained_labeled_MI,2,s35.mat,656951a3620d0ba432e24273d191fff428735e092833491599ca302e9bfcb51d,87039,Cho2017,Q15-E006,BROAD_EEGNET,20260926,0.0019528898410499096,0.9980471134185791,2
s35_1_retained_2_t026,35,1,retained_labeled_MI,2,s35.mat,656951a3620d0ba432e24273d191fff428735e092833491599ca302e9bfcb51d,90623,Cho2017,Q15-E006,BROAD_EEGNET,20260926,1.0,9.414459489764937e-11,1
s35_1_retained_2_t027,35,1,retained_labeled_MI,2,s35.mat,656951a3620d0ba432e24273d191fff428735e092833491599ca302e9bfcb51d,94207,Cho2017,Q15-E006,BROAD_EEGNET,20260926,1.915155145582048e-09,1.0,2
s35_1_retained_2_t028,35,1,retained_labeled_MI,2,s35.mat,656951a3620d0ba432e24273d191fff428735e092833491599ca302e9bfcb51d,97791,Cho2017,Q15-E006,BROAD_EEGNET,20260926,0.14854058623313904,0.8514594435691833,2
s35_1_retained_2_t029,35,1,retained_labeled_MI,2,s35.mat,656951a3620d0ba432e24273d191fff428735e092833491599ca302e9bfcb51d,101375,Cho2017,Q15-E006,BROAD_EEGNET,20260926,0.019681831821799278,0.9803181886672974,2
s35_1_retained_2_t030,35,1,retained_labeled_MI,2,s35.mat,656951a3620d0ba432e24273d191fff428735e092833491599ca302e9bfcb51d,104959,Cho2017,Q15-E006,BROAD_EEGNET,20260926,1.4270264614424377e-07,0.9999998807907104,2
s35_1_retained_2_t031,35,1,retained_labeled_MI,2,s35.mat,656951a3620d0ba432e24273d191fff428735e092833491599ca302e9bfcb51d,108543,Cho2017,Q15-E006,BROAD_EEGNET,20260926,0.7157813310623169,0.2842186987400055,1
s35_1_retained_2_t032,35,1,retained_labeled_MI,2,s35.mat,656951a3620d0ba432e24273d191fff428735e092833491599ca302e9bfcb51d,112127,Cho2017,Q15-E006,BROAD_EEGNET,20260926,3.705370909301564e-05,0.9999629259109497,2
s35_1_retained_2_t033,35,1,retained_labeled_MI,2,s35.mat,656951a3620d0ba432e24273d191fff428735e092833491599ca302e9bfcb51d,115711,Cho2017,Q15-E006,BROAD_EEGNET,20260926,0.02006421983242035,0.9799357652664185,2
s35_1_retained_2_t034,35,1,retained_labeled_MI,2,s35.mat,656951a3620d0ba432e24273d191fff428735e092833491599ca302e9bfcb51d,119295,Cho2017,Q15-E006,BROAD_EEGNET,20260926,1.5044406609376892e-05,0.9999849796295166,2
s35_1_retained_2_t035,35,1,retained_labeled_MI,2,s35.mat,656951a3620d0ba432e24273d191fff428735e092833491599ca302e9bfcb51d,122879,Cho2017,Q15-E006,BROAD_EEGNET,20260926,1.0,6.60696879693258e-14,1
s35_1_retained_2_t036,35,1,retained_labeled_MI,2,s35.mat,656951a3620d0ba432e24273d191fff428735e092833491599ca302e9bfcb51d,126463,Cho2017,Q15-E006,BROAD_EEGNET,20260926,0.9780288338661194,0.02197113260626793,1
s35_1_retained_2_t037,35,1,retained_labeled_MI,2,s35.mat,656951a3620d0ba432e24273d191fff428735e092833491599ca302e9bfcb51d,130047,Cho2017,Q15-E006,BROAD_EEGNET,20260926,0.9996262788772583,0.0003737419901881367,1
s35_1_retained_2_t038,35,1,retained_labeled_MI,2,s35.mat,656951a3620d0ba432e24273d191fff428735e092833491599ca302e9bfcb51d,133631,Cho2017,Q15-E006,BROAD_EEGNET,20260926,0.9969180822372437,0.003081867704167962,1
s35_1_retained_2_t039,35,1,retained_labeled_MI,2,s35.mat,656951a3620d0ba432e24273d191fff428735e092833491599ca302e9bfcb51d,137215,Cho2017,Q15-E006,BROAD_EEGNET,20260926,0.9999949932098389,5.0260155148862395e-06,1
s35_1_retained_2_t040,35,1,retained_labeled_MI,2,s35.mat,656951a3620d0ba432e24273d191fff428735e092833491599ca302e9bfcb51d,140799,Cho2017,Q15-E006,BROAD_EEGNET,20260926,0.6080510020256042,0.39194902777671814,1
s35_1_retained_2_t041,35,1,retained_labeled_MI,2,s35.mat,656951a3620d0ba432e24273d191fff428735e092833491599ca302e9bfcb51d,144383,Cho2017,Q15-E006,BROAD_EEGNET,20260926,1.0,1.3714574423007358e-19,1
s35_1_retained_2_t042,35,1,retained_labeled_MI,2,s35.mat,656951a3620d0ba432e24273d191fff428735e092833491599ca302e9bfcb51d,147967,Cho2017,Q15-E006,BROAD_EEGNET,20260926,1.0,3.3807693645775966e-19,1
s35_1_retained_2_t043,35,1,retained_labeled_MI,2,s35.mat,656951a3620d0ba432e24273d191fff428735e092833491599ca302e9bfcb51d,151551,Cho2017,Q15-E006,BROAD_EEGNET,20260926,1.0,2.713550489843722e-20,1
s35_1_retained_2_t044,35,1,retained_labeled_MI,2,s35.mat,656951a3620d0ba432e24273d191fff428735e092833491599ca302e9bfcb51d,155135,Cho2017,Q15-E006,BROAD_EEGNET,20260926,0.9995813965797424,0.00041862085345201194,1
s35_1_retained_2_t045,35,1,retained_labeled_MI,2,s35.mat,656951a3620d0ba432e24273d191fff428735e092833491599ca302e9bfcb51d,158719,Cho2017,Q15-E006,BROAD_EEGNET,20260926,1.0,1.67348281901816e-24,1
s35_1_retained_2_t046,35,1,retained_labeled_MI,2,s35.mat,656951a3620d0ba432e24273d191fff428735e092833491599ca302e9bfcb51d,162303,Cho2017,Q15-E006,BROAD_EEGNET,20260926,1.0,3.59866192400915e-10,1
s35_1_retained_2_t047,35,1,retained_labeled_MI,2,s35.mat,656951a3620d0ba432e24273d191fff428735e092833491599ca302e9bfcb51d,165887,Cho2017,Q15-E006,BROAD_EEGNET,20260926,1.0,5.8007964751083385e-12,1
s35_1_retained_2_t048,35,1,retained_labeled_MI,2,s35.mat,656951a3620d0ba432e24273d191fff428735e092833491599ca302e9bfcb51d,169471,Cho2017,Q15-E006,BROAD_EEGNET,20260926,0.06977158784866333,0.9302284121513367,2
s35_1_retained_2_t049,35,1,retained_labeled_MI,2,s35.mat,656951a3620d0ba432e24273d191fff428735e092833491599ca302e9bfcb51d,173055,Cho2017,Q15-E006,BROAD_EEGNET,20260926,0.9999982118606567,1.7744762317306595e-06,1
s35_1_retained_2_t050,35,1,retained_labeled_MI,2,s35.mat,656951a3620d0ba432e24273d191fff428735e092833491599ca302e9bfcb51d,176639,Cho2017,Q15-E006,BROAD_EEGNET,20260926,1.0,1.2686833805730657e-08,1
s35_1_retained_2_t051,35,1,retained_labeled_MI,2,s35.mat,656951a3620d0ba432e24273d191fff428735e092833491599ca302e9bfcb51d,180223,Cho2017,Q15-E006,BROAD_EEGNET,20260926,2.2934289063414326e-06,0.9999977350234985,2
s35_1_retained_2_t052,35,1,retained_labeled_MI,2,s35.mat,656951a3620d0ba432e24273d191fff428735e092833491599ca302e9bfcb51d,183807,Cho2017,Q15-E006,BROAD_EEGNET,20260926,0.9999945163726807,5.533028343052138e-06,1
s35_1_retained_2_t053,35,1,retained_labeled_MI,2,s35.mat,656951a3620d0ba432e24273d191fff428735e092833491599ca302e9bfcb51d,187391,Cho2017,Q15-E006,BROAD_EEGNET,20260926,0.9999986886978149,1.3179176221456146e-06,1
s35_1_retained_2_t054,35,1,retained_labeled_MI,2,s35.mat,656951a3620d0ba432e24273d191fff428735e092833491599ca302e9bfcb51d,190975,Cho2017,Q15-E006,BROAD_EEGNET,20260926,1.0,4.08671780769386e-14,1
s35_1_retained_2_t055,35,1,retained_labeled_MI,2,s35.mat,656951a3620d0ba432e24273d191fff428735e092833491599ca302e9bfcb51d,194559,Cho2017,Q15-E006,BROAD_EEGNET,20260926,1.0,9.19080510956567e-17,1
s35_1_retained_2_t056,35,1,retained_labeled_MI,2,s35.mat,656951a3620d0ba432e24273d191fff428735e092833491599ca302e9bfcb51d,198143,Cho2017,Q15-E006,BROAD_EEGNET,20260926,1.0,3.647450785848605e-09,1
s35_1_retained_2_t057,35,1,retained_labeled_MI,2,s35.mat,656951a3620d0ba432e24273d191fff428735e092833491599ca302e9bfcb51d,201727,Cho2017,Q15-E006,BROAD_EEGNET,20260926,1.0,2.6235535965923873e-10,1
s35_1_retained_2_t058,35,1,retained_labeled_MI,2,s35.mat,656951a3620d0ba432e24273d191fff428735e092833491599ca302e9bfcb51d,205311,Cho2017,Q15-E006,BROAD_EEGNET,20260926,1.0,2.93325572164882e-11,1
s35_1_retained_2_t059,35,1,retained_labeled_MI,2,s35.mat,656951a3620d0ba432e24273d191fff428735e092833491599ca302e9bfcb51d,208895,Cho2017,Q15-E006,BROAD_EEGNET,20260926,0.010755264200270176,0.9892446994781494,2
s35_1_retained_2_t060,35,1,retained_labeled_MI,2,s35.mat,656951a3620d0ba432e24273d191fff428735e092833491599ca302e9bfcb51d,212479,Cho2017,Q15-E006,BROAD_EEGNET,20260926,0.977951169013977,0.022048858925700188,1
s35_1_retained_2_t061,35,1,retained_labeled_MI,2,s35.mat,656951a3620d0ba432e24273d191fff428735e092833491599ca302e9bfcb51d,216063,Cho2017,Q15-E006,BROAD_EEGNET,20260926,1.0,2.5561636615429977e-14,1
s35_1_retained_2_t062,35,1,retained_labeled_MI,2,s35.mat,656951a3620d0ba432e24273d191fff428735e092833491599ca302e9bfcb51d,219647,Cho2017,Q15-E006,BROAD_EEGNET,20260926,1.0,6.2294194381592714e-18,1
s35_1_retained_2_t063,35,1,retained_labeled_MI,2,s35.mat,656951a3620d0ba432e24273d191fff428735e092833491599ca302e9bfcb51d,223231,Cho2017,Q15-E006,BROAD_EEGNET,20260926,1.0,3.663840674535297e-14,1
s35_1_retained_2_t064,35,1,retained_labeled_MI,2,s35.mat,656951a3620d0ba432e24273d191fff428735e092833491599ca302e9bfcb51d,226815,Cho2017,Q15-E006,BROAD_EEGNET,20260926,1.0,2.477904400025109e-23,1
s35_1_retained_2_t065,35,1,retained_labeled_MI,2,s35.mat,656951a3620d0ba432e24273d191fff428735e092833491599ca302e9bfcb51d,230399,Cho2017,Q15-E006,BROAD_EEGNET,20260926,1.0,1.65404551166759e-10,1
s35_1_retained_2_t066,35,1,retained_labeled_MI,2,s35.mat,656951a3620d0ba432e24273d191fff428735e092833491599ca302e9bfcb51d,233983,Cho2017,Q15-E006,BROAD_EEGNET,20260926,1.0,1.041044160599025e-11,1
s35_1_retained_2_t067,35,1,retained_labeled_MI,2,s35.mat,656951a3620d0ba432e24273d191fff428735e092833491599ca302e9bfcb51d,237567,Cho2017,Q15-E006,BROAD_EEGNET,20260926,1.0,1.212775851966441e-10,1
s35_1_retained_2_t068,35,1,retained_labeled_MI,2,s35.mat,656951a3620d0ba432e24273d191fff428735e092833491599ca302e9bfcb51d,241151,Cho2017,Q15-E006,BROAD_EEGNET,20260926,0.9999949932098389,5.047490958531853e-06,1
s35_1_retained_2_t069,35,1,retained_labeled_MI,2,s35.mat,656951a3620d0ba432e24273d191fff428735e092833491599ca302e9bfcb51d,244735,Cho2017,Q15-E006,BROAD_EEGNET,20260926,1.0,6.281800635221657e-10,1
s35_1_retained_2_t070,35,1,retained_labeled_MI,2,s35.mat,656951a3620d0ba432e24273d191fff428735e092833491599ca302e9bfcb51d,248319,Cho2017,Q15-E006,BROAD_EEGNET,20260926,0.9999988079071045,1.2260678659004043e-06,1
s35_1_retained_2_t071,35,1,retained_labeled_MI,2,s35.mat,656951a3620d0ba432e24273d191fff428735e092833491599ca302e9bfcb51d,251903,Cho2017,Q15-E006,BROAD_EEGNET,20260926,1.0,1.3148979682853223e-09,1
s35_1_retained_2_t072,35,1,retained_labeled_MI,2,s35.mat,656951a3620d0ba432e24273d191fff428735e092833491599ca302e9bfcb51d,255487,Cho2017,Q15-E006,BROAD_EEGNET,20260926,0.9999094009399414,9.064572077477351e-05,1
s35_1_retained_2_t073,35,1,retained_labeled_MI,2,s35.mat,656951a3620d0ba432e24273d191fff428735e092833491599ca302e9bfcb51d,259071,Cho2017,Q15-E006,BROAD_EEGNET,20260926,1.0,5.947639923053382e-20,1
s35_1_retained_2_t074,35,1,retained_labeled_MI,2,s35.mat,656951a3620d0ba432e24273d191fff428735e092833491599ca302e9bfcb51d,262655,Cho2017,Q15-E006,BROAD_EEGNET,20260926,1.0,9.455866706233485e-15,1
s35_1_retained_2_t075,35,1,retained_labeled_MI,2,s35.mat,656951a3620d0ba432e24273d191fff428735e092833491599ca302e9bfcb51d,266239,Cho2017,Q15-E006,BROAD_EEGNET,20260926,1.0,5.235199213478204e-19,1
s35_1_retained_2_t076,35,1,retained_labeled_MI,2,s35.mat,656951a3620d0ba432e24273d191fff428735e092833491599ca302e9bfcb51d,269823,Cho2017,Q15-E006,BROAD_EEGNET,20260926,1.0,5.2218073615106775e-11,1
s35_1_retained_2_t077,35,1,retained_labeled_MI,2,s35.mat,656951a3620d0ba432e24273d191fff428735e092833491599ca302e9bfcb51d,273407,Cho2017,Q15-E006,BROAD_EEGNET,20260926,0.999997615814209,2.4225537345046178e-06,1
s35_1_retained_2_t078,35,1,retained_labeled_MI,2,s35.mat,656951a3620d0ba432e24273d191fff428735e092833491599ca302e9bfcb51d,276991,Cho2017,Q15-E006,BROAD_EEGNET,20260926,1.0,2.1931157519368416e-13,1
s35_1_retained_2_t079,35,1,retained_labeled_MI,2,s35.mat,656951a3620d0ba432e24273d191fff428735e092833491599ca302e9bfcb51d,280575,Cho2017,Q15-E006,BROAD_EEGNET,20260926,0.9993104934692383,0.000689492211677134,1
s35_1_retained_2_t080,35,1,retained_labeled_MI,2,s35.mat,656951a3620d0ba432e24273d191fff428735e092833491599ca302e9bfcb51d,284159,Cho2017,Q15-E006,BROAD_EEGNET,20260926,1.0,3.984818117835909e-12,1
s35_1_retained_2_t081,35,1,retained_labeled_MI,2,s35.mat,656951a3620d0ba432e24273d191fff428735e092833491599ca302e9bfcb51d,287743,Cho2017,Q15-E006,BROAD_EEGNET,20260926,1.0,2.290389445386028e-19,1
s35_1_retained_2_t082,35,1,retained_labeled_MI,2,s35.mat,656951a3620d0ba432e24273d191fff428735e092833491599ca302e9bfcb51d,291327,Cho2017,Q15-E006,BROAD_EEGNET,20260926,1.0,4.92834415754247e-19,1
s35_1_retained_2_t083,35,1,retained_labeled_MI,2,s35.mat,656951a3620d0ba432e24273d191fff428735e092833491599ca302e9bfcb51d,294911,Cho2017,Q15-E006,BROAD_EEGNET,20260926,0.9998637437820435,0.00013622753613162786,1
s35_1_retained_2_t084,35,1,retained_labeled_MI,2,s35.mat,656951a3620d0ba432e24273d191fff428735e092833491599ca302e9bfcb51d,298495,Cho2017,Q15-E006,BROAD_EEGNET,20260926,0.8510283827781677,0.14897166192531586,1
s35_1_retained_2_t085,35,1,retained_labeled_MI,2,s35.mat,656951a3620d0ba432e24273d191fff428735e092833491599ca302e9bfcb51d,302079,Cho2017,Q15-E006,BROAD_EEGNET,20260926,1.0,9.704575809621474e-09,1
s35_1_retained_2_t086,35,1,retained_labeled_MI,2,s35.mat,656951a3620d0ba432e24273d191fff428735e092833491599ca302e9bfcb51d,305663,Cho2017,Q15-E006,BROAD_EEGNET,20260926,1.393556703987997e-05,0.9999860525131226,2
s35_1_retained_2_t087,35,1,retained_labeled_MI,2,s35.mat,656951a3620d0ba432e24273d191fff428735e092833491599ca302e9bfcb51d,309247,Cho2017,Q15-E006,BROAD_EEGNET,20260926,1.0,2.5532546115889475e-14,1
s35_1_retained_2_t088,35,1,retained_labeled_MI,2,s35.mat,656951a3620d0ba432e24273d191fff428735e092833491599ca302e9bfcb51d,312831,Cho2017,Q15-E006,BROAD_EEGNET,20260926,0.9999998807907104,1.092112569267556e-07,1
s35_1_retained_2_t089,35,1,retained_labeled_MI,2,s35.mat,656951a3620d0ba432e24273d191fff428735e092833491599ca302e9bfcb51d,316415,Cho2017,Q15-E006,BROAD_EEGNET,20260926,0.9999957084655762,4.320608695707051e-06,1
s35_1_retained_2_t090,35,1,retained_labeled_MI,2,s35.mat,656951a3620d0ba432e24273d191fff428735e092833491599ca302e9bfcb51d,319999,Cho2017,Q15-E006,BROAD_EEGNET,20260926,0.004429267253726721,0.995570719242096,2
s35_1_retained_2_t091,35,1,retained_labeled_MI,2,s35.mat,656951a3620d0ba432e24273d191fff428735e092833491599ca302e9bfcb51d,323583,Cho2017,Q15-E006,BROAD_EEGNET,20260926,0.9993245601654053,0.0006754912901669741,1
s35_1_retained_2_t092,35,1,retained_labeled_MI,2,s35.mat,656951a3620d0ba432e24273d191fff428735e092833491599ca302e9bfcb51d,327167,Cho2017,Q15-E006,BROAD_EEGNET,20260926,0.0016184842679649591,0.998381495475769,2
s35_1_retained_2_t093,35,1,retained_labeled_MI,2,s35.mat,656951a3620d0ba432e24273d191fff428735e092833491599ca302e9bfcb51d,330751,Cho2017,Q15-E006,BROAD_EEGNET,20260926,2.09809041251674e-08,1.0,2
s35_1_retained_2_t094,35,1,retained_labeled_MI,2,s35.mat,656951a3620d0ba432e24273d191fff428735e092833491599ca302e9bfcb51d,334335,Cho2017,Q15-E006,BROAD_EEGNET,20260926,1.0,2.0549385804091713e-10,1
s35_1_retained_2_t095,35,1,retained_labeled_MI,2,s35.mat,656951a3620d0ba432e24273d191fff428735e092833491599ca302e9bfcb51d,337919,Cho2017,Q15-E006,BROAD_EEGNET,20260926,4.597946201556624e-07,0.9999995231628418,2
s35_1_retained_2_t096,35,1,retained_labeled_MI,2,s35.mat,656951a3620d0ba432e24273d191fff428735e092833491599ca302e9bfcb51d,341503,Cho2017,Q15-E006,BROAD_EEGNET,20260926,0.9999997615814209,1.935081854753662e-07,1
s35_1_retained_2_t097,35,1,retained_labeled_MI,2,s35.mat,656951a3620d0ba432e24273d191fff428735e092833491599ca302e9bfcb51d,345087,Cho2017,Q15-E006,BROAD_EEGNET,20260926,0.9963012933731079,0.0036987208295613527,1
s35_1_retained_2_t098,35,1,retained_labeled_MI,2,s35.mat,656951a3620d0ba432e24273d191fff428735e092833491599ca302e9bfcb51d,348671,Cho2017,Q15-E006,BROAD_EEGNET,20260926,1.0,1.3792007900331749e-12,1
s35_1_retained_2_t099,35,1,retained_labeled_MI,2,s35.mat,656951a3620d0ba432e24273d191fff428735e092833491599ca302e9bfcb51d,352255,Cho2017,Q15-E006,BROAD_EEGNET,20260926,1.0,1.6564417892883654e-10,1
s35_1_retained_2_t100,35,1,retained_labeled_MI,2,s35.mat,656951a3620d0ba432e24273d191fff428735e092833491599ca302e9bfcb51d,355839,Cho2017,Q15-E006,BROAD_EEGNET,20260926,0.15760555863380432,0.8423944711685181,2
s35_1_retained_1_t001,35,1,retained_labeled_MI,1,s35.mat,656951a3620d0ba432e24273d191fff428735e092833491599ca302e9bfcb51d,1023,Cho2017,Q15-E006,MU_BETA_SHARED,20260924,2.8170637733637705e-07,0.9999997615814209,2
s35_1_retained_1_t002,35,1,retained_labeled_MI,1,s35.mat,656951a3620d0ba432e24273d191fff428735e092833491599ca302e9bfcb51d,4607,Cho2017,Q15-E006,MU_BETA_SHARED,20260924,1.7314633884643604e-12,1.0,2
s35_1_retained_1_t003,35,1,retained_labeled_MI,1,s35.mat,656951a3620d0ba432e24273d191fff428735e092833491599ca302e9bfcb51d,8191,Cho2017,Q15-E006,MU_BETA_SHARED,20260924,1.4051267744827345e-12,1.0,2
s35_1_retained_1_t004,35,1,retained_labeled_MI,1,s35.mat,656951a3620d0ba432e24273d191fff428735e092833491599ca302e9bfcb51d,11775,Cho2017,Q15-E006,MU_BETA_SHARED,20260924,1.5469635354435185e-16,1.0,2
s35_1_retained_1_t005,35,1,retained_labeled_MI,1,s35.mat,656951a3620d0ba432e24273d191fff428735e092833491599ca302e9bfcb51d,15359,Cho2017,Q15-E006,MU_BETA_SHARED,20260924,3.298383510763614e-10,1.0,2
s35_1_retained_1_t006,35,1,retained_labeled_MI,1,s35.mat,656951a3620d0ba432e24273d191fff428735e092833491599ca302e9bfcb51d,18943,Cho2017,Q15-E006,MU_BETA_SHARED,20260924,3.222527530466566e-15,1.0,2
s35_1_retained_1_t007,35,1,retained_labeled_MI,1,s35.mat,656951a3620d0ba432e24273d191fff428735e092833491599ca302e9bfcb51d,22527,Cho2017,Q15-E006,MU_BETA_SHARED,20260924,1.353569981894913e-23,1.0,2
s35_1_retained_1_t008,35,1,retained_labeled_MI,1,s35.mat,656951a3620d0ba432e24273d191fff428735e092833491599ca302e9bfcb51d,26111,Cho2017,Q15-E006,MU_BETA_SHARED,20260924,2.17163107839366e-22,1.0,2
s35_1_retained_1_t009,35,1,retained_labeled_MI,1,s35.mat,656951a3620d0ba432e24273d191fff428735e092833491599ca302e9bfcb51d,29695,Cho2017,Q15-E006,MU_BETA_SHARED,20260924,5.897426528844174e-17,1.0,2
s35_1_retained_1_t010,35,1,retained_labeled_MI,1,s35.mat,656951a3620d0ba432e24273d191fff428735e092833491599ca302e9bfcb51d,33279,Cho2017,Q15-E006,MU_BETA_SHARED,20260924,4.618455276420366e-14,1.0,2
s35_1_retained_1_t011,35,1,retained_labeled_MI,1,s35.mat,656951a3620d0ba432e24273d191fff428735e092833491599ca302e9bfcb51d,36863,Cho2017,Q15-E006,MU_BETA_SHARED,20260924,5.923786855907217e-16,1.0,2
s35_1_retained_1_t012,35,1,retained_labeled_MI,1,s35.mat,656951a3620d0ba432e24273d191fff428735e092833491599ca302e9bfcb51d,40447,Cho2017,Q15-E006,MU_BETA_SHARED,20260924,6.573391830855257e-11,1.0,2
s35_1_retained_1_t013,35,1,retained_labeled_MI,1,s35.mat,656951a3620d0ba432e24273d191fff428735e092833491599ca302e9bfcb51d,44031,Cho2017,Q15-E006,MU_BETA_SHARED,20260924,1.8803506742246867e-15,1.0,2
s35_1_retained_1_t014,35,1,retained_labeled_MI,1,s35.mat,656951a3620d0ba432e24273d191fff428735e092833491599ca302e9bfcb51d,47615,Cho2017,Q15-E006,MU_BETA_SHARED,20260924,0.009637738578021526,0.990362286567688,2
s35_1_retained_1_t015,35,1,retained_labeled_MI,1,s35.mat,656951a3620d0ba432e24273d191fff428735e092833491599ca302e9bfcb51d,51199,Cho2017,Q15-E006,MU_BETA_SHARED,20260924,2.7984800475472536e-21,1.0,2
s35_1_retained_1_t016,35,1,retained_labeled_MI,1,s35.mat,656951a3620d0ba432e24273d191fff428735e092833491599ca302e9bfcb51d,54783,Cho2017,Q15-E006,MU_BETA_SHARED,20260924,9.421781693669906e-20,1.0,2
s35_1_retained_1_t017,35,1,retained_labeled_MI,1,s35.mat,656951a3620d0ba432e24273d191fff428735e092833491599ca302e9bfcb51d,58367,Cho2017,Q15-E006,MU_BETA_SHARED,20260924,2.959304351048131e-13,1.0,2
s35_1_retained_1_t018,35,1,retained_labeled_MI,1,s35.mat,656951a3620d0ba432e24273d191fff428735e092833491599ca302e9bfcb51d,61951,Cho2017,Q15-E006,MU_BETA_SHARED,20260924,2.309892988705542e-05,0.9999768733978271,2
s35_1_retained_1_t019,35,1,retained_labeled_MI,1,s35.mat,656951a3620d0ba432e24273d191fff428735e092833491599ca302e9bfcb51d,65535,Cho2017,Q15-E006,MU_BETA_SHARED,20260924,2.186122036704012e-19,1.0,2
s35_1_retained_1_t020,35,1,retained_labeled_MI,1,s35.mat,656951a3620d0ba432e24273d191fff428735e092833491599ca302e9bfcb51d,69119,Cho2017,Q15-E006,MU_BETA_SHARED,20260924,4.400023436421964e-14,1.0,2
s35_1_retained_1_t021,35,1,retained_labeled_MI,1,s35.mat,656951a3620d0ba432e24273d191fff428735e092833491599ca302e9bfcb51d,72703,Cho2017,Q15-E006,MU_BETA_SHARED,20260924,7.909472188316613e-09,1.0,2
s35_1_retained_1_t022,35,1,retained_labeled_MI,1,s35.mat,656951a3620d0ba432e24273d191fff428735e092833491599ca302e9bfcb51d,76287,Cho2017,Q15-E006,MU_BETA_SHARED,20260924,1.0624376609058052e-15,1.0,2
s35_1_retained_1_t023,35,1,retained_labeled_MI,1,s35.mat,656951a3620d0ba432e24273d191fff428735e092833491599ca302e9bfcb51d,79871,Cho2017,Q15-E006,MU_BETA_SHARED,20260924,2.460029122630658e-07,0.9999997615814209,2
s35_1_retained_1_t024,35,1,retained_labeled_MI,1,s35.mat,656951a3620d0ba432e24273d191fff428735e092833491599ca302e9bfcb51d,83455,Cho2017,Q15-E006,MU_BETA_SHARED,20260924,2.5513987624015133e-15,1.0,2
s35_1_retained_1_t025,35,1,retained_labeled_MI,1,s35.mat,656951a3620d0ba432e24273d191fff428735e092833491599ca302e9bfcb51d,87039,Cho2017,Q15-E006,MU_BETA_SHARED,20260924,3.098021750247426e-08,1.0,2
s35_1_retained_1_t026,35,1,retained_labeled_MI,1,s35.mat,656951a3620d0ba432e24273d191fff428735e092833491599ca302e9bfcb51d,90623,Cho2017,Q15-E006,MU_BETA_SHARED,20260924,3.044234586635497e-10,1.0,2
s35_1_retained_1_t027,35,1,retained_labeled_MI,1,s35.mat,656951a3620d0ba432e24273d191fff428735e092833491599ca302e9bfcb51d,94207,Cho2017,Q15-E006,MU_BETA_SHARED,20260924,3.346607172716176e-06,0.9999966621398926,2
s35_1_retained_1_t028,35,1,retained_labeled_MI,1,s35.mat,656951a3620d0ba432e24273d191fff428735e092833491599ca302e9bfcb51d,97791,Cho2017,Q15-E006,MU_BETA_SHARED,20260924,1.3685189276032873e-21,1.0,2
s35_1_retained_1_t029,35,1,retained_labeled_MI,1,s35.mat,656951a3620d0ba432e24273d191fff428735e092833491599ca302e9bfcb51d,101375,Cho2017,Q15-E006,MU_BETA_SHARED,20260924,1.623159443004963e-16,1.0,2
s35_1_retained_1_t030,35,1,retained_labeled_MI,1,s35.mat,656951a3620d0ba432e24273d191fff428735e092833491599ca302e9bfcb51d,104959,Cho2017,Q15-E006,MU_BETA_SHARED,20260924,2.4701329490604454e-19,1.0,2
s35_1_retained_1_t031,35,1,retained_labeled_MI,1,s35.mat,656951a3620d0ba432e24273d191fff428735e092833491599ca302e9bfcb51d,108543,Cho2017,Q15-E006,MU_BETA_SHARED,20260924,0.11893543601036072,0.8810645937919617,2
s35_1_retained_1_t032,35,1,retained_labeled_MI,1,s35.mat,656951a3620d0ba432e24273d191fff428735e092833491599ca302e9bfcb51d,112127,Cho2017,Q15-E006,MU_BETA_SHARED,20260924,2.7769839761049298e-09,1.0,2
s35_1_retained_1_t033,35,1,retained_labeled_MI,1,s35.mat,656951a3620d0ba432e24273d191fff428735e092833491599ca302e9bfcb51d,115711,Cho2017,Q15-E006,MU_BETA_SHARED,20260924,1.1392604915005933e-10,1.0,2
s35_1_retained_1_t034,35,1,retained_labeled_MI,1,s35.mat,656951a3620d0ba432e24273d191fff428735e092833491599ca302e9bfcb51d,119295,Cho2017,Q15-E006,MU_BETA_SHARED,20260924,5.001427272333103e-09,1.0,2
s35_1_retained_1_t035,35,1,retained_labeled_MI,1,s35.mat,656951a3620d0ba432e24273d191fff428735e092833491599ca302e9bfcb51d,122879,Cho2017,Q15-E006,MU_BETA_SHARED,20260924,1.0,4.977456814769798e-12,1
s35_1_retained_1_t036,35,1,retained_labeled_MI,1,s35.mat,656951a3620d0ba432e24273d191fff428735e092833491599ca302e9bfcb51d,126463,Cho2017,Q15-E006,MU_BETA_SHARED,20260924,0.00023577250249218196,0.9997642636299133,2
s35_1_retained_1_t037,35,1,retained_labeled_MI,1,s35.mat,656951a3620d0ba432e24273d191fff428735e092833491599ca302e9bfcb51d,130047,Cho2017,Q15-E006,MU_BETA_SHARED,20260924,9.872285581016452e-20,1.0,2
s35_1_retained_1_t038,35,1,retained_labeled_MI,1,s35.mat,656951a3620d0ba432e24273d191fff428735e092833491599ca302e9bfcb51d,133631,Cho2017,Q15-E006,MU_BETA_SHARED,20260924,3.1577952824408384e-18,1.0,2
s35_1_retained_1_t039,35,1,retained_labeled_MI,1,s35.mat,656951a3620d0ba432e24273d191fff428735e092833491599ca302e9bfcb51d,137215,Cho2017,Q15-E006,MU_BETA_SHARED,20260924,1.2767280566094996e-08,1.0,2
s35_1_retained_1_t040,35,1,retained_labeled_MI,1,s35.mat,656951a3620d0ba432e24273d191fff428735e092833491599ca302e9bfcb51d,140799,Cho2017,Q15-E006,MU_BETA_SHARED,20260924,9.76581906542004e-23,1.0,2
s35_1_retained_1_t041,35,1,retained_labeled_MI,1,s35.mat,656951a3620d0ba432e24273d191fff428735e092833491599ca302e9bfcb51d,144383,Cho2017,Q15-E006,MU_BETA_SHARED,20260924,7.012103397929792e-11,1.0,2
s35_1_retained_1_t042,35,1,retained_labeled_MI,1,s35.mat,656951a3620d0ba432e24273d191fff428735e092833491599ca302e9bfcb51d,147967,Cho2017,Q15-E006,MU_BETA_SHARED,20260924,0.00042960778228007257,0.9995704293251038,2
s35_1_retained_1_t043,35,1,retained_labeled_MI,1,s35.mat,656951a3620d0ba432e24273d191fff428735e092833491599ca302e9bfcb51d,151551,Cho2017,Q15-E006,MU_BETA_SHARED,20260924,0.9935264587402344,0.006473556160926819,1
s35_1_retained_1_t044,35,1,retained_labeled_MI,1,s35.mat,656951a3620d0ba432e24273d191fff428735e092833491599ca302e9bfcb51d,155135,Cho2017,Q15-E006,MU_BETA_SHARED,20260924,0.9999071359634399,9.28770168684423e-05,1
s35_1_retained_1_t045,35,1,retained_labeled_MI,1,s35.mat,656951a3620d0ba432e24273d191fff428735e092833491599ca302e9bfcb51d,158719,Cho2017,Q15-E006,MU_BETA_SHARED,20260924,9.626662176742684e-06,0.9999903440475464,2
s35_1_retained_1_t046,35,1,retained_labeled_MI,1,s35.mat,656951a3620d0ba432e24273d191fff428735e092833491599ca302e9bfcb51d,162303,Cho2017,Q15-E006,MU_BETA_SHARED,20260924,0.0008080755942501128,0.99919193983078,2
s35_1_retained_1_t047,35,1,retained_labeled_MI,1,s35.mat,656951a3620d0ba432e24273d191fff428735e092833491599ca302e9bfcb51d,165887,Cho2017,Q15-E006,MU_BETA_SHARED,20260924,4.064663880853914e-05,0.9999593496322632,2
s35_1_retained_1_t048,35,1,retained_labeled_MI,1,s35.mat,656951a3620d0ba432e24273d191fff428735e092833491599ca302e9bfcb51d,169471,Cho2017,Q15-E006,MU_BETA_SHARED,20260924,0.00010937645129160956,0.9998905658721924,2
s35_1_retained_1_t049,35,1,retained_labeled_MI,1,s35.mat,656951a3620d0ba432e24273d191fff428735e092833491599ca302e9bfcb51d,173055,Cho2017,Q15-E006,MU_BETA_SHARED,20260924,0.9969791173934937,0.0030209654942154884,1
s35_1_retained_1_t050,35,1,retained_labeled_MI,1,s35.mat,656951a3620d0ba432e24273d191fff428735e092833491599ca302e9bfcb51d,176639,Cho2017,Q15-E006,MU_BETA_SHARED,20260924,1.1219307261001177e-08,1.0,2
s35_1_retained_1_t051,35,1,retained_labeled_MI,1,s35.mat,656951a3620d0ba432e24273d191fff428735e092833491599ca302e9bfcb51d,180223,Cho2017,Q15-E006,MU_BETA_SHARED,20260924,3.0539484274783035e-09,1.0,2
s35_1_retained_1_t052,35,1,retained_labeled_MI,1,s35.mat,656951a3620d0ba432e24273d191fff428735e092833491599ca302e9bfcb51d,183807,Cho2017,Q15-E006,MU_BETA_SHARED,20260924,0.0014881719835102558,0.9985118508338928,2
s35_1_retained_1_t053,35,1,retained_labeled_MI,1,s35.mat,656951a3620d0ba432e24273d191fff428735e092833491599ca302e9bfcb51d,187391,Cho2017,Q15-E006,MU_BETA_SHARED,20260924,0.6048024892807007,0.3951975405216217,1
s35_1_retained_1_t054,35,1,retained_labeled_MI,1,s35.mat,656951a3620d0ba432e24273d191fff428735e092833491599ca302e9bfcb51d,190975,Cho2017,Q15-E006,MU_BETA_SHARED,20260924,9.5004432973904e-16,1.0,2
s35_1_retained_1_t055,35,1,retained_labeled_MI,1,s35.mat,656951a3620d0ba432e24273d191fff428735e092833491599ca302e9bfcb51d,194559,Cho2017,Q15-E006,MU_BETA_SHARED,20260924,7.884425485826796e-07,0.9999991655349731,2
s35_1_retained_1_t056,35,1,retained_labeled_MI,1,s35.mat,656951a3620d0ba432e24273d191fff428735e092833491599ca302e9bfcb51d,198143,Cho2017,Q15-E006,MU_BETA_SHARED,20260924,1.2680950209076408e-20,1.0,2
s35_1_retained_1_t057,35,1,retained_labeled_MI,1,s35.mat,656951a3620d0ba432e24273d191fff428735e092833491599ca302e9bfcb51d,201727,Cho2017,Q15-E006,MU_BETA_SHARED,20260924,9.898536416249764e-19,1.0,2
s35_1_retained_1_t058,35,1,retained_labeled_MI,1,s35.mat,656951a3620d0ba432e24273d191fff428735e092833491599ca302e9bfcb51d,205311,Cho2017,Q15-E006,MU_BETA_SHARED,20260924,3.14598054274029e-08,1.0,2
s35_1_retained_1_t059,35,1,retained_labeled_MI,1,s35.mat,656951a3620d0ba432e24273d191fff428735e092833491599ca302e9bfcb51d,208895,Cho2017,Q15-E006,MU_BETA_SHARED,20260924,1.0142523695161094e-24,1.0,2
s35_1_retained_1_t060,35,1,retained_labeled_MI,1,s35.mat,656951a3620d0ba432e24273d191fff428735e092833491599ca302e9bfcb51d,212479,Cho2017,Q15-E006,MU_BETA_SHARED,20260924,1.6307501448962473e-23,1.0,2
s35_1_retained_1_t061,35,1,retained_labeled_MI,1,s35.mat,656951a3620d0ba432e24273d191fff428735e092833491599ca302e9bfcb51d,216063,Cho2017,Q15-E006,MU_BETA_SHARED,20260924,4.33806306432416e-08,1.0,2
s35_1_retained_1_t062,35,1,retained_labeled_MI,1,s35.mat,656951a3620d0ba432e24273d191fff428735e092833491599ca302e9bfcb51d,219647,Cho2017,Q15-E006,MU_BETA_SHARED,20260924,0.0010594816412776709,0.9989405274391174,2
s35_1_retained_1_t063,35,1,retained_labeled_MI,1,s35.mat,656951a3620d0ba432e24273d191fff428735e092833491599ca302e9bfcb51d,223231,Cho2017,Q15-E006,MU_BETA_SHARED,20260924,2.2871381447540447e-37,1.0,2
s35_1_retained_1_t064,35,1,retained_labeled_MI,1,s35.mat,656951a3620d0ba432e24273d191fff428735e092833491599ca302e9bfcb51d,226815,Cho2017,Q15-E006,MU_BETA_SHARED,20260924,9.981320445158918e-17,1.0,2
s35_1_retained_1_t065,35,1,retained_labeled_MI,1,s35.mat,656951a3620d0ba432e24273d191fff428735e092833491599ca302e9bfcb51d,230399,Cho2017,Q15-E006,MU_BETA_SHARED,20260924,0.00026230307412333786,0.9997376799583435,2
s35_1_retained_1_t066,35,1,retained_labeled_MI,1,s35.mat,656951a3620d0ba432e24273d191fff428735e092833491599ca302e9bfcb51d,233983,Cho2017,Q15-E006,MU_BETA_SHARED,20260924,3.054081781309753e-13,1.0,2
s35_1_retained_1_t067,35,1,retained_labeled_MI,1,s35.mat,656951a3620d0ba432e24273d191fff428735e092833491599ca302e9bfcb51d,237567,Cho2017,Q15-E006,MU_BETA_SHARED,20260924,9.910905934509178e-16,1.0,2
s35_1_retained_1_t068,35,1,retained_labeled_MI,1,s35.mat,656951a3620d0ba432e24273d191fff428735e092833491599ca302e9bfcb51d,241151,Cho2017,Q15-E006,MU_BETA_SHARED,20260924,7.016600077831072e-18,1.0,2
s35_1_retained_1_t069,35,1,retained_labeled_MI,1,s35.mat,656951a3620d0ba432e24273d191fff428735e092833491599ca302e9bfcb51d,244735,Cho2017,Q15-E006,MU_BETA_SHARED,20260924,2.7881950813776887e-15,1.0,2
s35_1_retained_1_t070,35,1,retained_labeled_MI,1,s35.mat,656951a3620d0ba432e24273d191fff428735e092833491599ca302e9bfcb51d,248319,Cho2017,Q15-E006,MU_BETA_SHARED,20260924,8.112863838505291e-07,0.9999991655349731,2
s35_1_retained_1_t071,35,1,retained_labeled_MI,1,s35.mat,656951a3620d0ba432e24273d191fff428735e092833491599ca302e9bfcb51d,251903,Cho2017,Q15-E006,MU_BETA_SHARED,20260924,1.852186848338988e-08,1.0,2
s35_1_retained_1_t072,35,1,retained_labeled_MI,1,s35.mat,656951a3620d0ba432e24273d191fff428735e092833491599ca302e9bfcb51d,255487,Cho2017,Q15-E006,MU_BETA_SHARED,20260924,6.862395096618457e-10,1.0,2
s35_1_retained_1_t073,35,1,retained_labeled_MI,1,s35.mat,656951a3620d0ba432e24273d191fff428735e092833491599ca302e9bfcb51d,259071,Cho2017,Q15-E006,MU_BETA_SHARED,20260924,1.3622742799264398e-13,1.0,2
s35_1_retained_1_t074,35,1,retained_labeled_MI,1,s35.mat,656951a3620d0ba432e24273d191fff428735e092833491599ca302e9bfcb51d,262655,Cho2017,Q15-E006,MU_BETA_SHARED,20260924,1.592756767232616e-21,1.0,2
s35_1_retained_1_t075,35,1,retained_labeled_MI,1,s35.mat,656951a3620d0ba432e24273d191fff428735e092833491599ca302e9bfcb51d,266239,Cho2017,Q15-E006,MU_BETA_SHARED,20260924,2.5652634976187693e-25,1.0,2
s35_1_retained_1_t076,35,1,retained_labeled_MI,1,s35.mat,656951a3620d0ba432e24273d191fff428735e092833491599ca302e9bfcb51d,269823,Cho2017,Q15-E006,MU_BETA_SHARED,20260924,2.759073340879812e-18,1.0,2
s35_1_retained_1_t077,35,1,retained_labeled_MI,1,s35.mat,656951a3620d0ba432e24273d191fff428735e092833491599ca302e9bfcb51d,273407,Cho2017,Q15-E006,MU_BETA_SHARED,20260924,5.69037601327177e-13,1.0,2
s35_1_retained_1_t078,35,1,retained_labeled_MI,1,s35.mat,656951a3620d0ba432e24273d191fff428735e092833491599ca302e9bfcb51d,276991,Cho2017,Q15-E006,MU_BETA_SHARED,20260924,3.3497597057285944e-12,1.0,2
s35_1_retained_1_t079,35,1,retained_labeled_MI,1,s35.mat,656951a3620d0ba432e24273d191fff428735e092833491599ca302e9bfcb51d,280575,Cho2017,Q15-E006,MU_BETA_SHARED,20260924,1.4940343904440367e-18,1.0,2
s35_1_retained_1_t080,35,1,retained_labeled_MI,1,s35.mat,656951a3620d0ba432e24273d191fff428735e092833491599ca302e9bfcb51d,284159,Cho2017,Q15-E006,MU_BETA_SHARED,20260924,2.324720180842758e-18,1.0,2
s35_1_retained_1_t081,35,1,retained_labeled_MI,1,s35.mat,656951a3620d0ba432e24273d191fff428735e092833491599ca302e9bfcb51d,287743,Cho2017,Q15-E006,MU_BETA_SHARED,20260924,9.75205047650693e-22,1.0,2
s35_1_retained_1_t082,35,1,retained_labeled_MI,1,s35.mat,656951a3620d0ba432e24273d191fff428735e092833491599ca302e9bfcb51d,291327,Cho2017,Q15-E006,MU_BETA_SHARED,20260924,1.2272404773958279e-17,1.0,2
s35_1_retained_1_t083,35,1,retained_labeled_MI,1,s35.mat,656951a3620d0ba432e24273d191fff428735e092833491599ca302e9bfcb51d,294911,Cho2017,Q15-E006,MU_BETA_SHARED,20260924,1.387372040594909e-23,1.0,2
s35_1_retained_1_t084,35,1,retained_labeled_MI,1,s35.mat,656951a3620d0ba432e24273d191fff428735e092833491599ca302e9bfcb51d,298495,Cho2017,Q15-E006,MU_BETA_SHARED,20260924,8.967133825324925e-21,1.0,2
s35_1_retained_1_t085,35,1,retained_labeled_MI,1,s35.mat,656951a3620d0ba432e24273d191fff428735e092833491599ca302e9bfcb51d,302079,Cho2017,Q15-E006,MU_BETA_SHARED,20260924,4.5961731743360656e-20,1.0,2
s35_1_retained_1_t086,35,1,retained_labeled_MI,1,s35.mat,656951a3620d0ba432e24273d191fff428735e092833491599ca302e9bfcb51d,305663,Cho2017,Q15-E006,MU_BETA_SHARED,20260924,2.120405121976088e-20,1.0,2
s35_1_retained_1_t087,35,1,retained_labeled_MI,1,s35.mat,656951a3620d0ba432e24273d191fff428735e092833491599ca302e9bfcb51d,309247,Cho2017,Q15-E006,MU_BETA_SHARED,20260924,1.6157290026378271e-22,1.0,2
s35_1_retained_1_t088,35,1,retained_labeled_MI,1,s35.mat,656951a3620d0ba432e24273d191fff428735e092833491599ca302e9bfcb51d,312831,Cho2017,Q15-E006,MU_BETA_SHARED,20260924,5.919815695783147e-22,1.0,2
s35_1_retained_1_t089,35,1,retained_labeled_MI,1,s35.mat,656951a3620d0ba432e24273d191fff428735e092833491599ca302e9bfcb51d,316415,Cho2017,Q15-E006,MU_BETA_SHARED,20260924,1.5705612374589274e-19,1.0,2
s35_1_retained_1_t090,35,1,retained_labeled_MI,1,s35.mat,656951a3620d0ba432e24273d191fff428735e092833491599ca302e9bfcb51d,319999,Cho2017,Q15-E006,MU_BETA_SHARED,20260924,8.166633059907003e-13,1.0,2
s35_1_retained_1_t091,35,1,retained_labeled_MI,1,s35.mat,656951a3620d0ba432e24273d191fff428735e092833491599ca302e9bfcb51d,323583,Cho2017,Q15-E006,MU_BETA_SHARED,20260924,4.0150978579457436e-20,1.0,2
s35_1_retained_1_t092,35,1,retained_labeled_MI,1,s35.mat,656951a3620d0ba432e24273d191fff428735e092833491599ca302e9bfcb51d,327167,Cho2017,Q15-E006,MU_BETA_SHARED,20260924,4.262153985297882e-17,1.0,2
s35_1_retained_1_t093,35,1,retained_labeled_MI,1,s35.mat,656951a3620d0ba432e24273d191fff428735e092833491599ca302e9bfcb51d,330751,Cho2017,Q15-E006,MU_BETA_SHARED,20260924,4.36029772420638e-18,1.0,2
s35_1_retained_1_t094,35,1,retained_labeled_MI,1,s35.mat,656951a3620d0ba432e24273d191fff428735e092833491599ca302e9bfcb51d,334335,Cho2017,Q15-E006,MU_BETA_SHARED,20260924,9.518353246577276e-18,1.0,2
s35_1_retained_1_t095,35,1,retained_labeled_MI,1,s35.mat,656951a3620d0ba432e24273d191fff428735e092833491599ca302e9bfcb51d,337919,Cho2017,Q15-E006,MU_BETA_SHARED,20260924,1.3356318750100925e-14,1.0,2
s35_1_retained_1_t096,35,1,retained_labeled_MI,1,s35.mat,656951a3620d0ba432e24273d191fff428735e092833491599ca302e9bfcb51d,341503,Cho2017,Q15-E006,MU_BETA_SHARED,20260924,2.0526052307564365e-20,1.0,2
s35_1_retained_1_t097,35,1,retained_labeled_MI,1,s35.mat,656951a3620d0ba432e24273d191fff428735e092833491599ca302e9bfcb51d,345087,Cho2017,Q15-E006,MU_BETA_SHARED,20260924,1.2091503848151504e-16,1.0,2
s35_1_retained_1_t098,35,1,retained_labeled_MI,1,s35.mat,656951a3620d0ba432e24273d191fff428735e092833491599ca302e9bfcb51d,348671,Cho2017,Q15-E006,MU_BETA_SHARED,20260924,1.464241677687698e-20,1.0,2
s35_1_retained_1_t099,35,1,retained_labeled_MI,1,s35.mat,656951a3620d0ba432e24273d191fff428735e092833491599ca302e9bfcb51d,352255,Cho2017,Q15-E006,MU_BETA_SHARED,20260924,1.833671831995981e-13,1.0,2
s35_1_retained_1_t100,35,1,retained_labeled_MI,1,s35.mat,656951a3620d0ba432e24273d191fff428735e092833491599ca302e9bfcb51d,355839,Cho2017,Q15-E006,MU_BETA_SHARED,20260924,4.080369966746941e-25,1.0,2
s35_1_retained_2_t001,35,1,retained_labeled_MI,2,s35.mat,656951a3620d0ba432e24273d191fff428735e092833491599ca302e9bfcb51d,1023,Cho2017,Q15-E006,MU_BETA_SHARED,20260924,4.0291739335608913e-17,1.0,2
s35_1_retained_2_t002,35,1,retained_labeled_MI,2,s35.mat,656951a3620d0ba432e24273d191fff428735e092833491599ca302e9bfcb51d,4607,Cho2017,Q15-E006,MU_BETA_SHARED,20260924,1.5610030079611316e-21,1.0,2
s35_1_retained_2_t003,35,1,retained_labeled_MI,2,s35.mat,656951a3620d0ba432e24273d191fff428735e092833491599ca302e9bfcb51d,8191,Cho2017,Q15-E006,MU_BETA_SHARED,20260924,8.365420249152854e-24,1.0,2
s35_1_retained_2_t004,35,1,retained_labeled_MI,2,s35.mat,656951a3620d0ba432e24273d191fff428735e092833491599ca302e9bfcb51d,11775,Cho2017,Q15-E006,MU_BETA_SHARED,20260924,9.513064815058758e-12,1.0,2
s35_1_retained_2_t005,35,1,retained_labeled_MI,2,s35.mat,656951a3620d0ba432e24273d191fff428735e092833491599ca302e9bfcb51d,15359,Cho2017,Q15-E006,MU_BETA_SHARED,20260924,6.08530058721477e-18,1.0,2
s35_1_retained_2_t006,35,1,retained_labeled_MI,2,s35.mat,656951a3620d0ba432e24273d191fff428735e092833491599ca302e9bfcb51d,18943,Cho2017,Q15-E006,MU_BETA_SHARED,20260924,4.999515165187445e-22,1.0,2
s35_1_retained_2_t007,35,1,retained_labeled_MI,2,s35.mat,656951a3620d0ba432e24273d191fff428735e092833491599ca302e9bfcb51d,22527,Cho2017,Q15-E006,MU_BETA_SHARED,20260924,1.4492493576739873e-12,1.0,2
s35_1_retained_2_t008,35,1,retained_labeled_MI,2,s35.mat,656951a3620d0ba432e24273d191fff428735e092833491599ca302e9bfcb51d,26111,Cho2017,Q15-E006,MU_BETA_SHARED,20260924,2.522157558759036e-13,1.0,2
s35_1_retained_2_t009,35,1,retained_labeled_MI,2,s35.mat,656951a3620d0ba432e24273d191fff428735e092833491599ca302e9bfcb51d,29695,Cho2017,Q15-E006,MU_BETA_SHARED,20260924,5.397033610655995e-20,1.0,2
s35_1_retained_2_t010,35,1,retained_labeled_MI,2,s35.mat,656951a3620d0ba432e24273d191fff428735e092833491599ca302e9bfcb51d,33279,Cho2017,Q15-E006,MU_BETA_SHARED,20260924,1.9859542422258206e-16,1.0,2
s35_1_retained_2_t011,35,1,retained_labeled_MI,2,s35.mat,656951a3620d0ba432e24273d191fff428735e092833491599ca302e9bfcb51d,36863,Cho2017,Q15-E006,MU_BETA_SHARED,20260924,1.6393958395364162e-22,1.0,2
s35_1_retained_2_t012,35,1,retained_labeled_MI,2,s35.mat,656951a3620d0ba432e24273d191fff428735e092833491599ca302e9bfcb51d,40447,Cho2017,Q15-E006,MU_BETA_SHARED,20260924,1.333543263925374e-27,1.0,2
s35_1_retained_2_t013,35,1,retained_labeled_MI,2,s35.mat,656951a3620d0ba432e24273d191fff428735e092833491599ca302e9bfcb51d,44031,Cho2017,Q15-E006,MU_BETA_SHARED,20260924,7.169962672120854e-18,1.0,2
s35_1_retained_2_t014,35,1,retained_labeled_MI,2,s35.mat,656951a3620d0ba432e24273d191fff428735e092833491599ca302e9bfcb51d,47615,Cho2017,Q15-E006,MU_BETA_SHARED,20260924,2.01302314655203e-24,1.0,2
s35_1_retained_2_t015,35,1,retained_labeled_MI,2,s35.mat,656951a3620d0ba432e24273d191fff428735e092833491599ca302e9bfcb51d,51199,Cho2017,Q15-E006,MU_BETA_SHARED,20260924,1.9532166739137098e-26,1.0,2
s35_1_retained_2_t016,35,1,retained_labeled_MI,2,s35.mat,656951a3620d0ba432e24273d191fff428735e092833491599ca302e9bfcb51d,54783,Cho2017,Q15-E006,MU_BETA_SHARED,20260924,3.4572065262666873e-12,1.0,2
s35_1_retained_2_t017,35,1,retained_labeled_MI,2,s35.mat,656951a3620d0ba432e24273d191fff428735e092833491599ca302e9bfcb51d,58367,Cho2017,Q15-E006,MU_BETA_SHARED,20260924,1.7239591102325563e-13,1.0,2
s35_1_retained_2_t018,35,1,retained_labeled_MI,2,s35.mat,656951a3620d0ba432e24273d191fff428735e092833491599ca302e9bfcb51d,61951,Cho2017,Q15-E006,MU_BETA_SHARED,20260924,2.701447028024481e-19,1.0,2
s35_1_retained_2_t019,35,1,retained_labeled_MI,2,s35.mat,656951a3620d0ba432e24273d191fff428735e092833491599ca302e9bfcb51d,65535,Cho2017,Q15-E006,MU_BETA_SHARED,20260924,0.0,1.0,2
s35_1_retained_2_t020,35,1,retained_labeled_MI,2,s35.mat,656951a3620d0ba432e24273d191fff428735e092833491599ca302e9bfcb51d,69119,Cho2017,Q15-E006,MU_BETA_SHARED,20260924,1.773643992961372e-30,1.0,2
s35_1_retained_2_t021,35,1,retained_labeled_MI,2,s35.mat,656951a3620d0ba432e24273d191fff428735e092833491599ca302e9bfcb51d,72703,Cho2017,Q15-E006,MU_BETA_SHARED,20260924,3.2120590909290314e-11,1.0,2
s35_1_retained_2_t022,35,1,retained_labeled_MI,2,s35.mat,656951a3620d0ba432e24273d191fff428735e092833491599ca302e9bfcb51d,76287,Cho2017,Q15-E006,MU_BETA_SHARED,20260924,2.0192577351670453e-19,1.0,2
s35_1_retained_2_t023,35,1,retained_labeled_MI,2,s35.mat,656951a3620d0ba432e24273d191fff428735e092833491599ca302e9bfcb51d,79871,Cho2017,Q15-E006,MU_BETA_SHARED,20260924,3.6238773043399535e-22,1.0,2
s35_1_retained_2_t024,35,1,retained_labeled_MI,2,s35.mat,656951a3620d0ba432e24273d191fff428735e092833491599ca302e9bfcb51d,83455,Cho2017,Q15-E006,MU_BETA_SHARED,20260924,8.140828235050218e-14,1.0,2
s35_1_retained_2_t025,35,1,retained_labeled_MI,2,s35.mat,656951a3620d0ba432e24273d191fff428735e092833491599ca302e9bfcb51d,87039,Cho2017,Q15-E006,MU_BETA_SHARED,20260924,1.224880368980814e-14,1.0,2
s35_1_retained_2_t026,35,1,retained_labeled_MI,2,s35.mat,656951a3620d0ba432e24273d191fff428735e092833491599ca302e9bfcb51d,90623,Cho2017,Q15-E006,MU_BETA_SHARED,20260924,2.2771819985223374e-08,1.0,2
s35_1_retained_2_t027,35,1,retained_labeled_MI,2,s35.mat,656951a3620d0ba432e24273d191fff428735e092833491599ca302e9bfcb51d,94207,Cho2017,Q15-E006,MU_BETA_SHARED,20260924,2.6102039943502766e-27,1.0,2
s35_1_retained_2_t028,35,1,retained_labeled_MI,2,s35.mat,656951a3620d0ba432e24273d191fff428735e092833491599ca302e9bfcb51d,97791,Cho2017,Q15-E006,MU_BETA_SHARED,20260924,8.679421344350802e-20,1.0,2
s35_1_retained_2_t029,35,1,retained_labeled_MI,2,s35.mat,656951a3620d0ba432e24273d191fff428735e092833491599ca302e9bfcb51d,101375,Cho2017,Q15-E006,MU_BETA_SHARED,20260924,5.022200222289412e-16,1.0,2
s35_1_retained_2_t030,35,1,retained_labeled_MI,2,s35.mat,656951a3620d0ba432e24273d191fff428735e092833491599ca302e9bfcb51d,104959,Cho2017,Q15-E006,MU_BETA_SHARED,20260924,5.658172280338416e-30,1.0,2
s35_1_retained_2_t031,35,1,retained_labeled_MI,2,s35.mat,656951a3620d0ba432e24273d191fff428735e092833491599ca302e9bfcb51d,108543,Cho2017,Q15-E006,MU_BETA_SHARED,20260924,5.777262042617626e-21,1.0,2
s35_1_retained_2_t032,35,1,retained_labeled_MI,2,s35.mat,656951a3620d0ba432e24273d191fff428735e092833491599ca302e9bfcb51d,112127,Cho2017,Q15-E006,MU_BETA_SHARED,20260924,3.6742250578838e-22,1.0,2
s35_1_retained_2_t033,35,1,retained_labeled_MI,2,s35.mat,656951a3620d0ba432e24273d191fff428735e092833491599ca302e9bfcb51d,115711,Cho2017,Q15-E006,MU_BETA_SHARED,20260924,5.767241339441759e-14,1.0,2
s35_1_retained_2_t034,35,1,retained_labeled_MI,2,s35.mat,656951a3620d0ba432e24273d191fff428735e092833491599ca302e9bfcb51d,119295,Cho2017,Q15-E006,MU_BETA_SHARED,20260924,1.0233959964097607e-19,1.0,2
s35_1_retained_2_t035,35,1,retained_labeled_MI,2,s35.mat,656951a3620d0ba432e24273d191fff428735e092833491599ca302e9bfcb51d,122879,Cho2017,Q15-E006,MU_BETA_SHARED,20260924,1.2045755492791181e-14,1.0,2
s35_1_retained_2_t036,35,1,retained_labeled_MI,2,s35.mat,656951a3620d0ba432e24273d191fff428735e092833491599ca302e9bfcb51d,126463,Cho2017,Q15-E006,MU_BETA_SHARED,20260924,2.8498521196215897e-24,1.0,2
s35_1_retained_2_t037,35,1,retained_labeled_MI,2,s35.mat,656951a3620d0ba432e24273d191fff428735e092833491599ca302e9bfcb51d,130047,Cho2017,Q15-E006,MU_BETA_SHARED,20260924,3.204076815064433e-13,1.0,2
s35_1_retained_2_t038,35,1,retained_labeled_MI,2,s35.mat,656951a3620d0ba432e24273d191fff428735e092833491599ca302e9bfcb51d,133631,Cho2017,Q15-E006,MU_BETA_SHARED,20260924,3.2329116947948933e-06,0.9999967813491821,2
s35_1_retained_2_t039,35,1,retained_labeled_MI,2,s35.mat,656951a3620d0ba432e24273d191fff428735e092833491599ca302e9bfcb51d,137215,Cho2017,Q15-E006,MU_BETA_SHARED,20260924,2.973955441820306e-16,1.0,2
s35_1_retained_2_t040,35,1,retained_labeled_MI,2,s35.mat,656951a3620d0ba432e24273d191fff428735e092833491599ca302e9bfcb51d,140799,Cho2017,Q15-E006,MU_BETA_SHARED,20260924,2.9141384279665926e-19,1.0,2
s35_1_retained_2_t041,35,1,retained_labeled_MI,2,s35.mat,656951a3620d0ba432e24273d191fff428735e092833491599ca302e9bfcb51d,144383,Cho2017,Q15-E006,MU_BETA_SHARED,20260924,1.0,8.658486372326024e-09,1
s35_1_retained_2_t042,35,1,retained_labeled_MI,2,s35.mat,656951a3620d0ba432e24273d191fff428735e092833491599ca302e9bfcb51d,147967,Cho2017,Q15-E006,MU_BETA_SHARED,20260924,0.002597928512841463,0.9974020719528198,2
s35_1_retained_2_t043,35,1,retained_labeled_MI,2,s35.mat,656951a3620d0ba432e24273d191fff428735e092833491599ca302e9bfcb51d,151551,Cho2017,Q15-E006,MU_BETA_SHARED,20260924,1.0,2.608220781821942e-14,1
s35_1_retained_2_t044,35,1,retained_labeled_MI,2,s35.mat,656951a3620d0ba432e24273d191fff428735e092833491599ca302e9bfcb51d,155135,Cho2017,Q15-E006,MU_BETA_SHARED,20260924,0.004561739973723888,0.995438277721405,2
s35_1_retained_2_t045,35,1,retained_labeled_MI,2,s35.mat,656951a3620d0ba432e24273d191fff428735e092833491599ca302e9bfcb51d,158719,Cho2017,Q15-E006,MU_BETA_SHARED,20260924,1.0,2.7996393480672356e-24,1
s35_1_retained_2_t046,35,1,retained_labeled_MI,2,s35.mat,656951a3620d0ba432e24273d191fff428735e092833491599ca302e9bfcb51d,162303,Cho2017,Q15-E006,MU_BETA_SHARED,20260924,0.003933431580662727,0.9960666298866272,2
s35_1_retained_2_t047,35,1,retained_labeled_MI,2,s35.mat,656951a3620d0ba432e24273d191fff428735e092833491599ca302e9bfcb51d,165887,Cho2017,Q15-E006,MU_BETA_SHARED,20260924,0.0009870750363916159,0.9990129470825195,2
s35_1_retained_2_t048,35,1,retained_labeled_MI,2,s35.mat,656951a3620d0ba432e24273d191fff428735e092833491599ca302e9bfcb51d,169471,Cho2017,Q15-E006,MU_BETA_SHARED,20260924,8.383161387293114e-10,1.0,2
s35_1_retained_2_t049,35,1,retained_labeled_MI,2,s35.mat,656951a3620d0ba432e24273d191fff428735e092833491599ca302e9bfcb51d,173055,Cho2017,Q15-E006,MU_BETA_SHARED,20260924,0.00017692438268568367,0.9998231530189514,2
s35_1_retained_2_t050,35,1,retained_labeled_MI,2,s35.mat,656951a3620d0ba432e24273d191fff428735e092833491599ca302e9bfcb51d,176639,Cho2017,Q15-E006,MU_BETA_SHARED,20260924,3.903184442322072e-09,1.0,2
s35_1_retained_2_t051,35,1,retained_labeled_MI,2,s35.mat,656951a3620d0ba432e24273d191fff428735e092833491599ca302e9bfcb51d,180223,Cho2017,Q15-E006,MU_BETA_SHARED,20260924,1.0044230640294424e-23,1.0,2
s35_1_retained_2_t052,35,1,retained_labeled_MI,2,s35.mat,656951a3620d0ba432e24273d191fff428735e092833491599ca302e9bfcb51d,183807,Cho2017,Q15-E006,MU_BETA_SHARED,20260924,1.78951735970833e-14,1.0,2
s35_1_retained_2_t053,35,1,retained_labeled_MI,2,s35.mat,656951a3620d0ba432e24273d191fff428735e092833491599ca302e9bfcb51d,187391,Cho2017,Q15-E006,MU_BETA_SHARED,20260924,1.71688441241713e-09,1.0,2
s35_1_retained_2_t054,35,1,retained_labeled_MI,2,s35.mat,656951a3620d0ba432e24273d191fff428735e092833491599ca302e9bfcb51d,190975,Cho2017,Q15-E006,MU_BETA_SHARED,20260924,8.748807234226774e-10,1.0,2
s35_1_retained_2_t055,35,1,retained_labeled_MI,2,s35.mat,656951a3620d0ba432e24273d191fff428735e092833491599ca302e9bfcb51d,194559,Cho2017,Q15-E006,MU_BETA_SHARED,20260924,0.00023960621911101043,0.9997604489326477,2
s35_1_retained_2_t056,35,1,retained_labeled_MI,2,s35.mat,656951a3620d0ba432e24273d191fff428735e092833491599ca302e9bfcb51d,198143,Cho2017,Q15-E006,MU_BETA_SHARED,20260924,1.454562303937479e-10,1.0,2
s35_1_retained_2_t057,35,1,retained_labeled_MI,2,s35.mat,656951a3620d0ba432e24273d191fff428735e092833491599ca302e9bfcb51d,201727,Cho2017,Q15-E006,MU_BETA_SHARED,20260924,4.305173838953236e-12,1.0,2
s35_1_retained_2_t058,35,1,retained_labeled_MI,2,s35.mat,656951a3620d0ba432e24273d191fff428735e092833491599ca302e9bfcb51d,205311,Cho2017,Q15-E006,MU_BETA_SHARED,20260924,1.6644527534026565e-08,1.0,2
s35_1_retained_2_t059,35,1,retained_labeled_MI,2,s35.mat,656951a3620d0ba432e24273d191fff428735e092833491599ca302e9bfcb51d,208895,Cho2017,Q15-E006,MU_BETA_SHARED,20260924,1.0897578483516556e-17,1.0,2
s35_1_retained_2_t060,35,1,retained_labeled_MI,2,s35.mat,656951a3620d0ba432e24273d191fff428735e092833491599ca302e9bfcb51d,212479,Cho2017,Q15-E006,MU_BETA_SHARED,20260924,2.753899018548278e-11,1.0,2
s35_1_retained_2_t061,35,1,retained_labeled_MI,2,s35.mat,656951a3620d0ba432e24273d191fff428735e092833491599ca302e9bfcb51d,216063,Cho2017,Q15-E006,MU_BETA_SHARED,20260924,0.9999998807907104,1.7778391736555932e-07,1
s35_1_retained_2_t062,35,1,retained_labeled_MI,2,s35.mat,656951a3620d0ba432e24273d191fff428735e092833491599ca302e9bfcb51d,219647,Cho2017,Q15-E006,MU_BETA_SHARED,20260924,0.9028557538986206,0.09714429825544357,1
s35_1_retained_2_t063,35,1,retained_labeled_MI,2,s35.mat,656951a3620d0ba432e24273d191fff428735e092833491599ca302e9bfcb51d,223231,Cho2017,Q15-E006,MU_BETA_SHARED,20260924,4.435876665986882e-11,1.0,2
s35_1_retained_2_t064,35,1,retained_labeled_MI,2,s35.mat,656951a3620d0ba432e24273d191fff428735e092833491599ca302e9bfcb51d,226815,Cho2017,Q15-E006,MU_BETA_SHARED,20260924,1.0,1.8117886511003715e-15,1
s35_1_retained_2_t065,35,1,retained_labeled_MI,2,s35.mat,656951a3620d0ba432e24273d191fff428735e092833491599ca302e9bfcb51d,230399,Cho2017,Q15-E006,MU_BETA_SHARED,20260924,0.03384827449917793,0.9661516547203064,2
s35_1_retained_2_t066,35,1,retained_labeled_MI,2,s35.mat,656951a3620d0ba432e24273d191fff428735e092833491599ca302e9bfcb51d,233983,Cho2017,Q15-E006,MU_BETA_SHARED,20260924,6.372312782332301e-05,0.9999362230300903,2
s35_1_retained_2_t067,35,1,retained_labeled_MI,2,s35.mat,656951a3620d0ba432e24273d191fff428735e092833491599ca302e9bfcb51d,237567,Cho2017,Q15-E006,MU_BETA_SHARED,20260924,6.301850707934875e-11,1.0,2
s35_1_retained_2_t068,35,1,retained_labeled_MI,2,s35.mat,656951a3620d0ba432e24273d191fff428735e092833491599ca302e9bfcb51d,241151,Cho2017,Q15-E006,MU_BETA_SHARED,20260924,5.016146387148979e-10,1.0,2
s35_1_retained_2_t069,35,1,retained_labeled_MI,2,s35.mat,656951a3620d0ba432e24273d191fff428735e092833491599ca302e9bfcb51d,244735,Cho2017,Q15-E006,MU_BETA_SHARED,20260924,2.6063408768988057e-14,1.0,2
s35_1_retained_2_t070,35,1,retained_labeled_MI,2,s35.mat,656951a3620d0ba432e24273d191fff428735e092833491599ca302e9bfcb51d,248319,Cho2017,Q15-E006,MU_BETA_SHARED,20260924,2.0526339993226592e-15,1.0,2
s35_1_retained_2_t071,35,1,retained_labeled_MI,2,s35.mat,656951a3620d0ba432e24273d191fff428735e092833491599ca302e9bfcb51d,251903,Cho2017,Q15-E006,MU_BETA_SHARED,20260924,1.6197336663026363e-06,0.9999983310699463,2
s35_1_retained_2_t072,35,1,retained_labeled_MI,2,s35.mat,656951a3620d0ba432e24273d191fff428735e092833491599ca302e9bfcb51d,255487,Cho2017,Q15-E006,MU_BETA_SHARED,20260924,1.3119834147521145e-18,1.0,2
s35_1_retained_2_t073,35,1,retained_labeled_MI,2,s35.mat,656951a3620d0ba432e24273d191fff428735e092833491599ca302e9bfcb51d,259071,Cho2017,Q15-E006,MU_BETA_SHARED,20260924,6.359607505146414e-05,0.9999363422393799,2
s35_1_retained_2_t074,35,1,retained_labeled_MI,2,s35.mat,656951a3620d0ba432e24273d191fff428735e092833491599ca302e9bfcb51d,262655,Cho2017,Q15-E006,MU_BETA_SHARED,20260924,0.0076467497274279594,0.9923532605171204,2
s35_1_retained_2_t075,35,1,retained_labeled_MI,2,s35.mat,656951a3620d0ba432e24273d191fff428735e092833491599ca302e9bfcb51d,266239,Cho2017,Q15-E006,MU_BETA_SHARED,20260924,0.10150221735239029,0.8984977602958679,2
s35_1_retained_2_t076,35,1,retained_labeled_MI,2,s35.mat,656951a3620d0ba432e24273d191fff428735e092833491599ca302e9bfcb51d,269823,Cho2017,Q15-E006,MU_BETA_SHARED,20260924,4.2980991487272246e-13,1.0,2
s35_1_retained_2_t077,35,1,retained_labeled_MI,2,s35.mat,656951a3620d0ba432e24273d191fff428735e092833491599ca302e9bfcb51d,273407,Cho2017,Q15-E006,MU_BETA_SHARED,20260924,5.2074965569076995e-14,1.0,2
s35_1_retained_2_t078,35,1,retained_labeled_MI,2,s35.mat,656951a3620d0ba432e24273d191fff428735e092833491599ca302e9bfcb51d,276991,Cho2017,Q15-E006,MU_BETA_SHARED,20260924,5.6441322158207186e-06,0.9999943971633911,2
s35_1_retained_2_t079,35,1,retained_labeled_MI,2,s35.mat,656951a3620d0ba432e24273d191fff428735e092833491599ca302e9bfcb51d,280575,Cho2017,Q15-E006,MU_BETA_SHARED,20260924,1.4959407853299816e-16,1.0,2
s35_1_retained_2_t080,35,1,retained_labeled_MI,2,s35.mat,656951a3620d0ba432e24273d191fff428735e092833491599ca302e9bfcb51d,284159,Cho2017,Q15-E006,MU_BETA_SHARED,20260924,6.669942376191784e-12,1.0,2
s35_1_retained_2_t081,35,1,retained_labeled_MI,2,s35.mat,656951a3620d0ba432e24273d191fff428735e092833491599ca302e9bfcb51d,287743,Cho2017,Q15-E006,MU_BETA_SHARED,20260924,0.99801105260849,0.001988957868888974,1
s35_1_retained_2_t082,35,1,retained_labeled_MI,2,s35.mat,656951a3620d0ba432e24273d191fff428735e092833491599ca302e9bfcb51d,291327,Cho2017,Q15-E006,MU_BETA_SHARED,20260924,2.1137251671188295e-10,1.0,2
s35_1_retained_2_t083,35,1,retained_labeled_MI,2,s35.mat,656951a3620d0ba432e24273d191fff428735e092833491599ca302e9bfcb51d,294911,Cho2017,Q15-E006,MU_BETA_SHARED,20260924,1.304481154172643e-13,1.0,2
s35_1_retained_2_t084,35,1,retained_labeled_MI,2,s35.mat,656951a3620d0ba432e24273d191fff428735e092833491599ca302e9bfcb51d,298495,Cho2017,Q15-E006,MU_BETA_SHARED,20260924,2.9872377761807745e-22,1.0,2
s35_1_retained_2_t085,35,1,retained_labeled_MI,2,s35.mat,656951a3620d0ba432e24273d191fff428735e092833491599ca302e9bfcb51d,302079,Cho2017,Q15-E006,MU_BETA_SHARED,20260924,1.4748855314947098e-15,1.0,2
s35_1_retained_2_t086,35,1,retained_labeled_MI,2,s35.mat,656951a3620d0ba432e24273d191fff428735e092833491599ca302e9bfcb51d,305663,Cho2017,Q15-E006,MU_BETA_SHARED,20260924,2.2255516685528833e-19,1.0,2
s35_1_retained_2_t087,35,1,retained_labeled_MI,2,s35.mat,656951a3620d0ba432e24273d191fff428735e092833491599ca302e9bfcb51d,309247,Cho2017,Q15-E006,MU_BETA_SHARED,20260924,1.6824695876493934e-06,0.9999983310699463,2
s35_1_retained_2_t088,35,1,retained_labeled_MI,2,s35.mat,656951a3620d0ba432e24273d191fff428735e092833491599ca302e9bfcb51d,312831,Cho2017,Q15-E006,MU_BETA_SHARED,20260924,4.940844261502875e-11,1.0,2
s35_1_retained_2_t089,35,1,retained_labeled_MI,2,s35.mat,656951a3620d0ba432e24273d191fff428735e092833491599ca302e9bfcb51d,316415,Cho2017,Q15-E006,MU_BETA_SHARED,20260924,1.924471985172453e-15,1.0,2
s35_1_retained_2_t090,35,1,retained_labeled_MI,2,s35.mat,656951a3620d0ba432e24273d191fff428735e092833491599ca302e9bfcb51d,319999,Cho2017,Q15-E006,MU_BETA_SHARED,20260924,1.6321999315301267e-16,1.0,2
s35_1_retained_2_t091,35,1,retained_labeled_MI,2,s35.mat,656951a3620d0ba432e24273d191fff428735e092833491599ca302e9bfcb51d,323583,Cho2017,Q15-E006,MU_BETA_SHARED,20260924,5.5041169918276095e-14,1.0,2
s35_1_retained_2_t092,35,1,retained_labeled_MI,2,s35.mat,656951a3620d0ba432e24273d191fff428735e092833491599ca302e9bfcb51d,327167,Cho2017,Q15-E006,MU_BETA_SHARED,20260924,1.531234067438557e-17,1.0,2
s35_1_retained_2_t093,35,1,retained_labeled_MI,2,s35.mat,656951a3620d0ba432e24273d191fff428735e092833491599ca302e9bfcb51d,330751,Cho2017,Q15-E006,MU_BETA_SHARED,20260924,1.0166462665406157e-24,1.0,2
s35_1_retained_2_t094,35,1,retained_labeled_MI,2,s35.mat,656951a3620d0ba432e24273d191fff428735e092833491599ca302e9bfcb51d,334335,Cho2017,Q15-E006,MU_BETA_SHARED,20260924,3.131202046132718e-18,1.0,2
s35_1_retained_2_t095,35,1,retained_labeled_MI,2,s35.mat,656951a3620d0ba432e24273d191fff428735e092833491599ca302e9bfcb51d,337919,Cho2017,Q15-E006,MU_BETA_SHARED,20260924,1.1482499869397653e-26,1.0,2
s35_1_retained_2_t096,35,1,retained_labeled_MI,2,s35.mat,656951a3620d0ba432e24273d191fff428735e092833491599ca302e9bfcb51d,341503,Cho2017,Q15-E006,MU_BETA_SHARED,20260924,7.288424732758827e-20,1.0,2
s35_1_retained_2_t097,35,1,retained_labeled_MI,2,s35.mat,656951a3620d0ba432e24273d191fff428735e092833491599ca302e9bfcb51d,345087,Cho2017,Q15-E006,MU_BETA_SHARED,20260924,2.5994388712797514e-15,1.0,2
s35_1_retained_2_t098,35,1,retained_labeled_MI,2,s35.mat,656951a3620d0ba432e24273d191fff428735e092833491599ca302e9bfcb51d,348671,Cho2017,Q15-E006,MU_BETA_SHARED,20260924,1.3728923421695739e-18,1.0,2
s35_1_retained_2_t099,35,1,retained_labeled_MI,2,s35.mat,656951a3620d0ba432e24273d191fff428735e092833491599ca302e9bfcb51d,352255,Cho2017,Q15-E006,MU_BETA_SHARED,20260924,3.081562110392798e-19,1.0,2
s35_1_retained_2_t100,35,1,retained_labeled_MI,2,s35.mat,656951a3620d0ba432e24273d191fff428735e092833491599ca302e9bfcb51d,355839,Cho2017,Q15-E006,MU_BETA_SHARED,20260924,1.1601309470312088e-15,1.0,2
s35_1_retained_1_t001,35,1,retained_labeled_MI,1,s35.mat,656951a3620d0ba432e24273d191fff428735e092833491599ca302e9bfcb51d,1023,Cho2017,Q15-E006,MU_BETA_SHARED,20260925,3.982686757808551e-05,0.99996018409729,2
s35_1_retained_1_t002,35,1,retained_labeled_MI,1,s35.mat,656951a3620d0ba432e24273d191fff428735e092833491599ca302e9bfcb51d,4607,Cho2017,Q15-E006,MU_BETA_SHARED,20260925,0.9996285438537598,0.00037149630952626467,1
s35_1_retained_1_t003,35,1,retained_labeled_MI,1,s35.mat,656951a3620d0ba432e24273d191fff428735e092833491599ca302e9bfcb51d,8191,Cho2017,Q15-E006,MU_BETA_SHARED,20260925,0.0020426560658961535,0.9979573488235474,2
s35_1_retained_1_t004,35,1,retained_labeled_MI,1,s35.mat,656951a3620d0ba432e24273d191fff428735e092833491599ca302e9bfcb51d,11775,Cho2017,Q15-E006,MU_BETA_SHARED,20260925,1.0,2.300177843334028e-12,1
s35_1_retained_1_t005,35,1,retained_labeled_MI,1,s35.mat,656951a3620d0ba432e24273d191fff428735e092833491599ca302e9bfcb51d,15359,Cho2017,Q15-E006,MU_BETA_SHARED,20260925,1.0,2.6141827591530387e-10,1
s35_1_retained_1_t006,35,1,retained_labeled_MI,1,s35.mat,656951a3620d0ba432e24273d191fff428735e092833491599ca302e9bfcb51d,18943,Cho2017,Q15-E006,MU_BETA_SHARED,20260925,0.999955415725708,4.454097870620899e-05,1
s35_1_retained_1_t007,35,1,retained_labeled_MI,1,s35.mat,656951a3620d0ba432e24273d191fff428735e092833491599ca302e9bfcb51d,22527,Cho2017,Q15-E006,MU_BETA_SHARED,20260925,2.789062136798748e-07,0.9999997615814209,2
s35_1_retained_1_t008,35,1,retained_labeled_MI,1,s35.mat,656951a3620d0ba432e24273d191fff428735e092833491599ca302e9bfcb51d,26111,Cho2017,Q15-E006,MU_BETA_SHARED,20260925,3.0500425054924563e-05,0.999969482421875,2
s35_1_retained_1_t009,35,1,retained_labeled_MI,1,s35.mat,656951a3620d0ba432e24273d191fff428735e092833491599ca302e9bfcb51d,29695,Cho2017,Q15-E006,MU_BETA_SHARED,20260925,6.602679150091717e-07,0.9999992847442627,2
s35_1_retained_1_t010,35,1,retained_labeled_MI,1,s35.mat,656951a3620d0ba432e24273d191fff428735e092833491599ca302e9bfcb51d,33279,Cho2017,Q15-E006,MU_BETA_SHARED,20260925,0.010447975248098373,0.9895520806312561,2
s35_1_retained_1_t011,35,1,retained_labeled_MI,1,s35.mat,656951a3620d0ba432e24273d191fff428735e092833491599ca302e9bfcb51d,36863,Cho2017,Q15-E006,MU_BETA_SHARED,20260925,0.9998921155929565,0.00010783679317682981,1
s35_1_retained_1_t012,35,1,retained_labeled_MI,1,s35.mat,656951a3620d0ba432e24273d191fff428735e092833491599ca302e9bfcb51d,40447,Cho2017,Q15-E006,MU_BETA_SHARED,20260925,1.0,6.920729451759949e-14,1
s35_1_retained_1_t013,35,1,retained_labeled_MI,1,s35.mat,656951a3620d0ba432e24273d191fff428735e092833491599ca302e9bfcb51d,44031,Cho2017,Q15-E006,MU_BETA_SHARED,20260925,0.9999997615814209,1.979715023026074e-07,1
s35_1_retained_1_t014,35,1,retained_labeled_MI,1,s35.mat,656951a3620d0ba432e24273d191fff428735e092833491599ca302e9bfcb51d,47615,Cho2017,Q15-E006,MU_BETA_SHARED,20260925,1.0,4.956841576747333e-23,1
s35_1_retained_1_t015,35,1,retained_labeled_MI,1,s35.mat,656951a3620d0ba432e24273d191fff428735e092833491599ca302e9bfcb51d,51199,Cho2017,Q15-E006,MU_BETA_SHARED,20260925,7.414311411478712e-19,1.0,2
s35_1_retained_1_t016,35,1,retained_labeled_MI,1,s35.mat,656951a3620d0ba432e24273d191fff428735e092833491599ca302e9bfcb51d,54783,Cho2017,Q15-E006,MU_BETA_SHARED,20260925,2.6656547902348393e-07,0.9999997615814209,2
s35_1_retained_1_t017,35,1,retained_labeled_MI,1,s35.mat,656951a3620d0ba432e24273d191fff428735e092833491599ca302e9bfcb51d,58367,Cho2017,Q15-E006,MU_BETA_SHARED,20260925,0.9999898672103882,1.0122043022420257e-05,1
s35_1_retained_1_t018,35,1,retained_labeled_MI,1,s35.mat,656951a3620d0ba432e24273d191fff428735e092833491599ca302e9bfcb51d,61951,Cho2017,Q15-E006,MU_BETA_SHARED,20260925,1.0,1.7336062116232475e-33,1
s35_1_retained_1_t019,35,1,retained_labeled_MI,1,s35.mat,656951a3620d0ba432e24273d191fff428735e092833491599ca302e9bfcb51d,65535,Cho2017,Q15-E006,MU_BETA_SHARED,20260925,3.451983138802461e-05,0.9999654293060303,2
s35_1_retained_1_t020,35,1,retained_labeled_MI,1,s35.mat,656951a3620d0ba432e24273d191fff428735e092833491599ca302e9bfcb51d,69119,Cho2017,Q15-E006,MU_BETA_SHARED,20260925,1.0,1.185555653648862e-08,1
s35_1_retained_1_t021,35,1,retained_labeled_MI,1,s35.mat,656951a3620d0ba432e24273d191fff428735e092833491599ca302e9bfcb51d,72703,Cho2017,Q15-E006,MU_BETA_SHARED,20260925,0.060903698205947876,0.9390962719917297,2
s35_1_retained_1_t022,35,1,retained_labeled_MI,1,s35.mat,656951a3620d0ba432e24273d191fff428735e092833491599ca302e9bfcb51d,76287,Cho2017,Q15-E006,MU_BETA_SHARED,20260925,0.031020106747746468,0.9689798951148987,2
s35_1_retained_1_t023,35,1,retained_labeled_MI,1,s35.mat,656951a3620d0ba432e24273d191fff428735e092833491599ca302e9bfcb51d,79871,Cho2017,Q15-E006,MU_BETA_SHARED,20260925,1.0,3.685695141013995e-14,1
s35_1_retained_1_t024,35,1,retained_labeled_MI,1,s35.mat,656951a3620d0ba432e24273d191fff428735e092833491599ca302e9bfcb51d,83455,Cho2017,Q15-E006,MU_BETA_SHARED,20260925,0.05366034805774689,0.9463396072387695,2
s35_1_retained_1_t025,35,1,retained_labeled_MI,1,s35.mat,656951a3620d0ba432e24273d191fff428735e092833491599ca302e9bfcb51d,87039,Cho2017,Q15-E006,MU_BETA_SHARED,20260925,0.9999178647994995,8.218034781748429e-05,1
s35_1_retained_1_t026,35,1,retained_labeled_MI,1,s35.mat,656951a3620d0ba432e24273d191fff428735e092833491599ca302e9bfcb51d,90623,Cho2017,Q15-E006,MU_BETA_SHARED,20260925,0.9999988079071045,1.220404101331951e-06,1
s35_1_retained_1_t027,35,1,retained_labeled_MI,1,s35.mat,656951a3620d0ba432e24273d191fff428735e092833491599ca302e9bfcb51d,94207,Cho2017,Q15-E006,MU_BETA_SHARED,20260925,1.0,8.72696740613059e-34,1
s35_1_retained_1_t028,35,1,retained_labeled_MI,1,s35.mat,656951a3620d0ba432e24273d191fff428735e092833491599ca302e9bfcb51d,97791,Cho2017,Q15-E006,MU_BETA_SHARED,20260925,2.9508773202735483e-10,1.0,2
s35_1_retained_1_t029,35,1,retained_labeled_MI,1,s35.mat,656951a3620d0ba432e24273d191fff428735e092833491599ca302e9bfcb51d,101375,Cho2017,Q15-E006,MU_BETA_SHARED,20260925,0.9999969005584717,3.0688565857417416e-06,1
s35_1_retained_1_t030,35,1,retained_labeled_MI,1,s35.mat,656951a3620d0ba432e24273d191fff428735e092833491599ca302e9bfcb51d,104959,Cho2017,Q15-E006,MU_BETA_SHARED,20260925,0.009563391096889973,0.9904366135597229,2
s35_1_retained_1_t031,35,1,retained_labeled_MI,1,s35.mat,656951a3620d0ba432e24273d191fff428735e092833491599ca302e9bfcb51d,108543,Cho2017,Q15-E006,MU_BETA_SHARED,20260925,1.0,8.891655657007605e-35,1
s35_1_retained_1_t032,35,1,retained_labeled_MI,1,s35.mat,656951a3620d0ba432e24273d191fff428735e092833491599ca302e9bfcb51d,112127,Cho2017,Q15-E006,MU_BETA_SHARED,20260925,1.0,1.3734608746542379e-14,1
s35_1_retained_1_t033,35,1,retained_labeled_MI,1,s35.mat,656951a3620d0ba432e24273d191fff428735e092833491599ca302e9bfcb51d,115711,Cho2017,Q15-E006,MU_BETA_SHARED,20260925,1.0,1.0528761835906092e-14,1
s35_1_retained_1_t034,35,1,retained_labeled_MI,1,s35.mat,656951a3620d0ba432e24273d191fff428735e092833491599ca302e9bfcb51d,119295,Cho2017,Q15-E006,MU_BETA_SHARED,20260925,1.0,3.2315131903715155e-08,1
s35_1_retained_1_t035,35,1,retained_labeled_MI,1,s35.mat,656951a3620d0ba432e24273d191fff428735e092833491599ca302e9bfcb51d,122879,Cho2017,Q15-E006,MU_BETA_SHARED,20260925,1.0,0.0,1
s35_1_retained_1_t036,35,1,retained_labeled_MI,1,s35.mat,656951a3620d0ba432e24273d191fff428735e092833491599ca302e9bfcb51d,126463,Cho2017,Q15-E006,MU_BETA_SHARED,20260925,1.0,4.3989056524100887e-26,1
s35_1_retained_1_t037,35,1,retained_labeled_MI,1,s35.mat,656951a3620d0ba432e24273d191fff428735e092833491599ca302e9bfcb51d,130047,Cho2017,Q15-E006,MU_BETA_SHARED,20260925,0.9998866319656372,0.00011338035255903378,1
s35_1_retained_1_t038,35,1,retained_labeled_MI,1,s35.mat,656951a3620d0ba432e24273d191fff428735e092833491599ca302e9bfcb51d,133631,Cho2017,Q15-E006,MU_BETA_SHARED,20260925,8.946229172579478e-06,0.9999910593032837,2
s35_1_retained_1_t039,35,1,retained_labeled_MI,1,s35.mat,656951a3620d0ba432e24273d191fff428735e092833491599ca302e9bfcb51d,137215,Cho2017,Q15-E006,MU_BETA_SHARED,20260925,0.999832034111023,0.00016790902009233832,1
s35_1_retained_1_t040,35,1,retained_labeled_MI,1,s35.mat,656951a3620d0ba432e24273d191fff428735e092833491599ca302e9bfcb51d,140799,Cho2017,Q15-E006,MU_BETA_SHARED,20260925,2.405561583262994e-10,1.0,2
s35_1_retained_1_t041,35,1,retained_labeled_MI,1,s35.mat,656951a3620d0ba432e24273d191fff428735e092833491599ca302e9bfcb51d,144383,Cho2017,Q15-E006,MU_BETA_SHARED,20260925,0.985057532787323,0.014942444860935211,1
s35_1_retained_1_t042,35,1,retained_labeled_MI,1,s35.mat,656951a3620d0ba432e24273d191fff428735e092833491599ca302e9bfcb51d,147967,Cho2017,Q15-E006,MU_BETA_SHARED,20260925,1.0,2.9560199638544934e-14,1
s35_1_retained_1_t043,35,1,retained_labeled_MI,1,s35.mat,656951a3620d0ba432e24273d191fff428735e092833491599ca302e9bfcb51d,151551,Cho2017,Q15-E006,MU_BETA_SHARED,20260925,1.0,1.0323389549888456e-13,1
s35_1_retained_1_t044,35,1,retained_labeled_MI,1,s35.mat,656951a3620d0ba432e24273d191fff428735e092833491599ca302e9bfcb51d,155135,Cho2017,Q15-E006,MU_BETA_SHARED,20260925,1.0,7.370577958902727e-18,1
s35_1_retained_1_t045,35,1,retained_labeled_MI,1,s35.mat,656951a3620d0ba432e24273d191fff428735e092833491599ca302e9bfcb51d,158719,Cho2017,Q15-E006,MU_BETA_SHARED,20260925,1.0,1.7844950777473612e-12,1
s35_1_retained_1_t046,35,1,retained_labeled_MI,1,s35.mat,656951a3620d0ba432e24273d191fff428735e092833491599ca302e9bfcb51d,162303,Cho2017,Q15-E006,MU_BETA_SHARED,20260925,2.0916084420008474e-09,1.0,2
s35_1_retained_1_t047,35,1,retained_labeled_MI,1,s35.mat,656951a3620d0ba432e24273d191fff428735e092833491599ca302e9bfcb51d,165887,Cho2017,Q15-E006,MU_BETA_SHARED,20260925,0.9999606609344482,3.936532812076621e-05,1
s35_1_retained_1_t048,35,1,retained_labeled_MI,1,s35.mat,656951a3620d0ba432e24273d191fff428735e092833491599ca302e9bfcb51d,169471,Cho2017,Q15-E006,MU_BETA_SHARED,20260925,0.06609944999217987,0.9339005947113037,2
s35_1_retained_1_t049,35,1,retained_labeled_MI,1,s35.mat,656951a3620d0ba432e24273d191fff428735e092833491599ca302e9bfcb51d,173055,Cho2017,Q15-E006,MU_BETA_SHARED,20260925,1.0,5.924474988492776e-20,1
s35_1_retained_1_t050,35,1,retained_labeled_MI,1,s35.mat,656951a3620d0ba432e24273d191fff428735e092833491599ca302e9bfcb51d,176639,Cho2017,Q15-E006,MU_BETA_SHARED,20260925,0.9999476671218872,5.2385585149750113e-05,1
s35_1_retained_1_t051,35,1,retained_labeled_MI,1,s35.mat,656951a3620d0ba432e24273d191fff428735e092833491599ca302e9bfcb51d,180223,Cho2017,Q15-E006,MU_BETA_SHARED,20260925,0.028834177181124687,0.9711658358573914,2
s35_1_retained_1_t052,35,1,retained_labeled_MI,1,s35.mat,656951a3620d0ba432e24273d191fff428735e092833491599ca302e9bfcb51d,183807,Cho2017,Q15-E006,MU_BETA_SHARED,20260925,0.9999861717224121,1.3768711141892709e-05,1
s35_1_retained_1_t053,35,1,retained_labeled_MI,1,s35.mat,656951a3620d0ba432e24273d191fff428735e092833491599ca302e9bfcb51d,187391,Cho2017,Q15-E006,MU_BETA_SHARED,20260925,1.0,1.4162367278913734e-08,1
s35_1_retained_1_t054,35,1,retained_labeled_MI,1,s35.mat,656951a3620d0ba432e24273d191fff428735e092833491599ca302e9bfcb51d,190975,Cho2017,Q15-E006,MU_BETA_SHARED,20260925,0.0007363745244219899,0.9992635846138,2
s35_1_retained_1_t055,35,1,retained_labeled_MI,1,s35.mat,656951a3620d0ba432e24273d191fff428735e092833491599ca302e9bfcb51d,194559,Cho2017,Q15-E006,MU_BETA_SHARED,20260925,0.9999516010284424,4.84437623526901e-05,1
s35_1_retained_1_t056,35,1,retained_labeled_MI,1,s35.mat,656951a3620d0ba432e24273d191fff428735e092833491599ca302e9bfcb51d,198143,Cho2017,Q15-E006,MU_BETA_SHARED,20260925,1.0,4.4781334196386524e-08,1
s35_1_retained_1_t057,35,1,retained_labeled_MI,1,s35.mat,656951a3620d0ba432e24273d191fff428735e092833491599ca302e9bfcb51d,201727,Cho2017,Q15-E006,MU_BETA_SHARED,20260925,0.9999997615814209,2.3014096939277806e-07,1
s35_1_retained_1_t058,35,1,retained_labeled_MI,1,s35.mat,656951a3620d0ba432e24273d191fff428735e092833491599ca302e9bfcb51d,205311,Cho2017,Q15-E006,MU_BETA_SHARED,20260925,1.0,6.05839203792895e-16,1
s35_1_retained_1_t059,35,1,retained_labeled_MI,1,s35.mat,656951a3620d0ba432e24273d191fff428735e092833491599ca302e9bfcb51d,208895,Cho2017,Q15-E006,MU_BETA_SHARED,20260925,7.77857191739167e-22,1.0,2
s35_1_retained_1_t060,35,1,retained_labeled_MI,1,s35.mat,656951a3620d0ba432e24273d191fff428735e092833491599ca302e9bfcb51d,212479,Cho2017,Q15-E006,MU_BETA_SHARED,20260925,6.421680609491887e-08,0.9999998807907104,2
s35_1_retained_1_t061,35,1,retained_labeled_MI,1,s35.mat,656951a3620d0ba432e24273d191fff428735e092833491599ca302e9bfcb51d,216063,Cho2017,Q15-E006,MU_BETA_SHARED,20260925,0.8356460928916931,0.16435392200946808,1
s35_1_retained_1_t062,35,1,retained_labeled_MI,1,s35.mat,656951a3620d0ba432e24273d191fff428735e092833491599ca302e9bfcb51d,219647,Cho2017,Q15-E006,MU_BETA_SHARED,20260925,0.9999994039535522,6.26136909431807e-07,1
s35_1_retained_1_t063,35,1,retained_labeled_MI,1,s35.mat,656951a3620d0ba432e24273d191fff428735e092833491599ca302e9bfcb51d,223231,Cho2017,Q15-E006,MU_BETA_SHARED,20260925,3.861638066213719e-26,1.0,2
s35_1_retained_1_t064,35,1,retained_labeled_MI,1,s35.mat,656951a3620d0ba432e24273d191fff428735e092833491599ca302e9bfcb51d,226815,Cho2017,Q15-E006,MU_BETA_SHARED,20260925,1.052874267770676e-06,0.999998927116394,2
s35_1_retained_1_t065,35,1,retained_labeled_MI,1,s35.mat,656951a3620d0ba432e24273d191fff428735e092833491599ca302e9bfcb51d,230399,Cho2017,Q15-E006,MU_BETA_SHARED,20260925,0.9994136095046997,0.0005863916012458503,1
s35_1_retained_1_t066,35,1,retained_labeled_MI,1,s35.mat,656951a3620d0ba432e24273d191fff428735e092833491599ca302e9bfcb51d,233983,Cho2017,Q15-E006,MU_BETA_SHARED,20260925,0.0003600486961659044,0.9996399879455566,2
s35_1_retained_1_t067,35,1,retained_labeled_MI,1,s35.mat,656951a3620d0ba432e24273d191fff428735e092833491599ca302e9bfcb51d,237567,Cho2017,Q15-E006,MU_BETA_SHARED,20260925,1.2021295958675182e-07,0.9999998807907104,2
s35_1_retained_1_t068,35,1,retained_labeled_MI,1,s35.mat,656951a3620d0ba432e24273d191fff428735e092833491599ca302e9bfcb51d,241151,Cho2017,Q15-E006,MU_BETA_SHARED,20260925,1.0,2.5022153238296596e-09,1
s35_1_retained_1_t069,35,1,retained_labeled_MI,1,s35.mat,656951a3620d0ba432e24273d191fff428735e092833491599ca302e9bfcb51d,244735,Cho2017,Q15-E006,MU_BETA_SHARED,20260925,7.427603577525588e-06,0.9999926090240479,2
s35_1_retained_1_t070,35,1,retained_labeled_MI,1,s35.mat,656951a3620d0ba432e24273d191fff428735e092833491599ca302e9bfcb51d,248319,Cho2017,Q15-E006,MU_BETA_SHARED,20260925,1.0,1.0433699281070607e-26,1
s35_1_retained_1_t071,35,1,retained_labeled_MI,1,s35.mat,656951a3620d0ba432e24273d191fff428735e092833491599ca302e9bfcb51d,251903,Cho2017,Q15-E006,MU_BETA_SHARED,20260925,1.8454049399707628e-09,1.0,2
s35_1_retained_1_t072,35,1,retained_labeled_MI,1,s35.mat,656951a3620d0ba432e24273d191fff428735e092833491599ca302e9bfcb51d,255487,Cho2017,Q15-E006,MU_BETA_SHARED,20260925,0.9058955311775208,0.09410449117422104,1
s35_1_retained_1_t073,35,1,retained_labeled_MI,1,s35.mat,656951a3620d0ba432e24273d191fff428735e092833491599ca302e9bfcb51d,259071,Cho2017,Q15-E006,MU_BETA_SHARED,20260925,0.7303546667098999,0.2696453034877777,1
s35_1_retained_1_t074,35,1,retained_labeled_MI,1,s35.mat,656951a3620d0ba432e24273d191fff428735e092833491599ca302e9bfcb51d,262655,Cho2017,Q15-E006,MU_BETA_SHARED,20260925,7.247328431825295e-11,1.0,2
s35_1_retained_1_t075,35,1,retained_labeled_MI,1,s35.mat,656951a3620d0ba432e24273d191fff428735e092833491599ca302e9bfcb51d,266239,Cho2017,Q15-E006,MU_BETA_SHARED,20260925,2.5433811173359013e-23,1.0,2
s35_1_retained_1_t076,35,1,retained_labeled_MI,1,s35.mat,656951a3620d0ba432e24273d191fff428735e092833491599ca302e9bfcb51d,269823,Cho2017,Q15-E006,MU_BETA_SHARED,20260925,1.1704512359322905e-10,1.0,2
s35_1_retained_1_t077,35,1,retained_labeled_MI,1,s35.mat,656951a3620d0ba432e24273d191fff428735e092833491599ca302e9bfcb51d,273407,Cho2017,Q15-E006,MU_BETA_SHARED,20260925,0.36547785997390747,0.6345221400260925,2
s35_1_retained_1_t078,35,1,retained_labeled_MI,1,s35.mat,656951a3620d0ba432e24273d191fff428735e092833491599ca302e9bfcb51d,276991,Cho2017,Q15-E006,MU_BETA_SHARED,20260925,0.9999791383743286,2.0822328224312514e-05,1
s35_1_retained_1_t079,35,1,retained_labeled_MI,1,s35.mat,656951a3620d0ba432e24273d191fff428735e092833491599ca302e9bfcb51d,280575,Cho2017,Q15-E006,MU_BETA_SHARED,20260925,6.844726954113867e-07,0.9999992847442627,2
s35_1_retained_1_t080,35,1,retained_labeled_MI,1,s35.mat,656951a3620d0ba432e24273d191fff428735e092833491599ca302e9bfcb51d,284159,Cho2017,Q15-E006,MU_BETA_SHARED,20260925,5.943499127170071e-05,0.9999405145645142,2
s35_1_retained_1_t081,35,1,retained_labeled_MI,1,s35.mat,656951a3620d0ba432e24273d191fff428735e092833491599ca302e9bfcb51d,287743,Cho2017,Q15-E006,MU_BETA_SHARED,20260925,9.833781641215365e-23,1.0,2
s35_1_retained_1_t082,35,1,retained_labeled_MI,1,s35.mat,656951a3620d0ba432e24273d191fff428735e092833491599ca302e9bfcb51d,291327,Cho2017,Q15-E006,MU_BETA_SHARED,20260925,0.9754236340522766,0.02457639016211033,1
s35_1_retained_1_t083,35,1,retained_labeled_MI,1,s35.mat,656951a3620d0ba432e24273d191fff428735e092833491599ca302e9bfcb51d,294911,Cho2017,Q15-E006,MU_BETA_SHARED,20260925,2.512137825760874e-06,0.9999974966049194,2
s35_1_retained_1_t084,35,1,retained_labeled_MI,1,s35.mat,656951a3620d0ba432e24273d191fff428735e092833491599ca302e9bfcb51d,298495,Cho2017,Q15-E006,MU_BETA_SHARED,20260925,1.0006884643837255e-12,1.0,2
s35_1_retained_1_t085,35,1,retained_labeled_MI,1,s35.mat,656951a3620d0ba432e24273d191fff428735e092833491599ca302e9bfcb51d,302079,Cho2017,Q15-E006,MU_BETA_SHARED,20260925,2.940251514482739e-11,1.0,2
s35_1_retained_1_t086,35,1,retained_labeled_MI,1,s35.mat,656951a3620d0ba432e24273d191fff428735e092833491599ca302e9bfcb51d,305663,Cho2017,Q15-E006,MU_BETA_SHARED,20260925,2.015815198319615e-06,0.9999979734420776,2
s35_1_retained_1_t087,35,1,retained_labeled_MI,1,s35.mat,656951a3620d0ba432e24273d191fff428735e092833491599ca302e9bfcb51d,309247,Cho2017,Q15-E006,MU_BETA_SHARED,20260925,1.2276068621589072e-15,1.0,2
s35_1_retained_1_t088,35,1,retained_labeled_MI,1,s35.mat,656951a3620d0ba432e24273d191fff428735e092833491599ca302e9bfcb51d,312831,Cho2017,Q15-E006,MU_BETA_SHARED,20260925,0.5446458458900452,0.45535412430763245,1
s35_1_retained_1_t089,35,1,retained_labeled_MI,1,s35.mat,656951a3620d0ba432e24273d191fff428735e092833491599ca302e9bfcb51d,316415,Cho2017,Q15-E006,MU_BETA_SHARED,20260925,0.004111270420253277,0.9958887696266174,2
s35_1_retained_1_t090,35,1,retained_labeled_MI,1,s35.mat,656951a3620d0ba432e24273d191fff428735e092833491599ca302e9bfcb51d,319999,Cho2017,Q15-E006,MU_BETA_SHARED,20260925,1.0,1.4460244557312762e-08,1
s35_1_retained_1_t091,35,1,retained_labeled_MI,1,s35.mat,656951a3620d0ba432e24273d191fff428735e092833491599ca302e9bfcb51d,323583,Cho2017,Q15-E006,MU_BETA_SHARED,20260925,1.1974634617217816e-07,0.9999998807907104,2
s35_1_retained_1_t092,35,1,retained_labeled_MI,1,s35.mat,656951a3620d0ba432e24273d191fff428735e092833491599ca302e9bfcb51d,327167,Cho2017,Q15-E006,MU_BETA_SHARED,20260925,4.525639845515128e-13,1.0,2
s35_1_retained_1_t093,35,1,retained_labeled_MI,1,s35.mat,656951a3620d0ba432e24273d191fff428735e092833491599ca302e9bfcb51d,330751,Cho2017,Q15-E006,MU_BETA_SHARED,20260925,3.0680027407470334e-08,1.0,2
s35_1_retained_1_t094,35,1,retained_labeled_MI,1,s35.mat,656951a3620d0ba432e24273d191fff428735e092833491599ca302e9bfcb51d,334335,Cho2017,Q15-E006,MU_BETA_SHARED,20260925,0.9999573230743408,4.271075886208564e-05,1
s35_1_retained_1_t095,35,1,retained_labeled_MI,1,s35.mat,656951a3620d0ba432e24273d191fff428735e092833491599ca302e9bfcb51d,337919,Cho2017,Q15-E006,MU_BETA_SHARED,20260925,0.9086475968360901,0.0913524180650711,1
s35_1_retained_1_t096,35,1,retained_labeled_MI,1,s35.mat,656951a3620d0ba432e24273d191fff428735e092833491599ca302e9bfcb51d,341503,Cho2017,Q15-E006,MU_BETA_SHARED,20260925,1.7113110928335118e-08,1.0,2
s35_1_retained_1_t097,35,1,retained_labeled_MI,1,s35.mat,656951a3620d0ba432e24273d191fff428735e092833491599ca302e9bfcb51d,345087,Cho2017,Q15-E006,MU_BETA_SHARED,20260925,1.0,5.174455308676329e-11,1
s35_1_retained_1_t098,35,1,retained_labeled_MI,1,s35.mat,656951a3620d0ba432e24273d191fff428735e092833491599ca302e9bfcb51d,348671,Cho2017,Q15-E006,MU_BETA_SHARED,20260925,6.316950162954527e-08,0.9999998807907104,2
s35_1_retained_1_t099,35,1,retained_labeled_MI,1,s35.mat,656951a3620d0ba432e24273d191fff428735e092833491599ca302e9bfcb51d,352255,Cho2017,Q15-E006,MU_BETA_SHARED,20260925,3.8274890201694944e-11,1.0,2
s35_1_retained_1_t100,35,1,retained_labeled_MI,1,s35.mat,656951a3620d0ba432e24273d191fff428735e092833491599ca302e9bfcb51d,355839,Cho2017,Q15-E006,MU_BETA_SHARED,20260925,5.6743746296912894e-18,1.0,2
s35_1_retained_2_t001,35,1,retained_labeled_MI,2,s35.mat,656951a3620d0ba432e24273d191fff428735e092833491599ca302e9bfcb51d,1023,Cho2017,Q15-E006,MU_BETA_SHARED,20260925,0.0010316731641069055,0.9989683628082275,2
s35_1_retained_2_t002,35,1,retained_labeled_MI,2,s35.mat,656951a3620d0ba432e24273d191fff428735e092833491599ca302e9bfcb51d,4607,Cho2017,Q15-E006,MU_BETA_SHARED,20260925,1.3076710558834748e-07,0.9999998807907104,2
s35_1_retained_2_t003,35,1,retained_labeled_MI,2,s35.mat,656951a3620d0ba432e24273d191fff428735e092833491599ca302e9bfcb51d,8191,Cho2017,Q15-E006,MU_BETA_SHARED,20260925,1.732928037179171e-11,1.0,2
s35_1_retained_2_t004,35,1,retained_labeled_MI,2,s35.mat,656951a3620d0ba432e24273d191fff428735e092833491599ca302e9bfcb51d,11775,Cho2017,Q15-E006,MU_BETA_SHARED,20260925,0.00025144076789729297,0.9997485280036926,2
s35_1_retained_2_t005,35,1,retained_labeled_MI,2,s35.mat,656951a3620d0ba432e24273d191fff428735e092833491599ca302e9bfcb51d,15359,Cho2017,Q15-E006,MU_BETA_SHARED,20260925,0.01792258955538273,0.982077419757843,2
s35_1_retained_2_t006,35,1,retained_labeled_MI,2,s35.mat,656951a3620d0ba432e24273d191fff428735e092833491599ca302e9bfcb51d,18943,Cho2017,Q15-E006,MU_BETA_SHARED,20260925,0.0014900288078933954,0.99850994348526,2
s35_1_retained_2_t007,35,1,retained_labeled_MI,2,s35.mat,656951a3620d0ba432e24273d191fff428735e092833491599ca302e9bfcb51d,22527,Cho2017,Q15-E006,MU_BETA_SHARED,20260925,1.0,4.2402794917839376e-16,1
s35_1_retained_2_t008,35,1,retained_labeled_MI,2,s35.mat,656951a3620d0ba432e24273d191fff428735e092833491599ca302e9bfcb51d,26111,Cho2017,Q15-E006,MU_BETA_SHARED,20260925,1.4517359536725394e-09,1.0,2
s35_1_retained_2_t009,35,1,retained_labeled_MI,2,s35.mat,656951a3620d0ba432e24273d191fff428735e092833491599ca302e9bfcb51d,29695,Cho2017,Q15-E006,MU_BETA_SHARED,20260925,1.6146473047484733e-11,1.0,2
s35_1_retained_2_t010,35,1,retained_labeled_MI,2,s35.mat,656951a3620d0ba432e24273d191fff428735e092833491599ca302e9bfcb51d,33279,Cho2017,Q15-E006,MU_BETA_SHARED,20260925,1.0,6.89904340253622e-12,1
s35_1_retained_2_t011,35,1,retained_labeled_MI,2,s35.mat,656951a3620d0ba432e24273d191fff428735e092833491599ca302e9bfcb51d,36863,Cho2017,Q15-E006,MU_BETA_SHARED,20260925,2.803675513973758e-08,1.0,2
s35_1_retained_2_t012,35,1,retained_labeled_MI,2,s35.mat,656951a3620d0ba432e24273d191fff428735e092833491599ca302e9bfcb51d,40447,Cho2017,Q15-E006,MU_BETA_SHARED,20260925,7.501954613076123e-11,1.0,2
s35_1_retained_2_t013,35,1,retained_labeled_MI,2,s35.mat,656951a3620d0ba432e24273d191fff428735e092833491599ca302e9bfcb51d,44031,Cho2017,Q15-E006,MU_BETA_SHARED,20260925,0.03754735365509987,0.9624525904655457,2
s35_1_retained_2_t014,35,1,retained_labeled_MI,2,s35.mat,656951a3620d0ba432e24273d191fff428735e092833491599ca302e9bfcb51d,47615,Cho2017,Q15-E006,MU_BETA_SHARED,20260925,1.2460050937594162e-33,1.0,2
s35_1_retained_2_t015,35,1,retained_labeled_MI,2,s35.mat,656951a3620d0ba432e24273d191fff428735e092833491599ca302e9bfcb51d,51199,Cho2017,Q15-E006,MU_BETA_SHARED,20260925,4.0435611402180743e-14,1.0,2
s35_1_retained_2_t016,35,1,retained_labeled_MI,2,s35.mat,656951a3620d0ba432e24273d191fff428735e092833491599ca302e9bfcb51d,54783,Cho2017,Q15-E006,MU_BETA_SHARED,20260925,1.5463340330423847e-10,1.0,2
s35_1_retained_2_t017,35,1,retained_labeled_MI,2,s35.mat,656951a3620d0ba432e24273d191fff428735e092833491599ca302e9bfcb51d,58367,Cho2017,Q15-E006,MU_BETA_SHARED,20260925,1.1585252757129183e-08,1.0,2
s35_1_retained_2_t018,35,1,retained_labeled_MI,2,s35.mat,656951a3620d0ba432e24273d191fff428735e092833491599ca302e9bfcb51d,61951,Cho2017,Q15-E006,MU_BETA_SHARED,20260925,2.2740226768291905e-07,0.9999997615814209,2
s35_1_retained_2_t019,35,1,retained_labeled_MI,2,s35.mat,656951a3620d0ba432e24273d191fff428735e092833491599ca302e9bfcb51d,65535,Cho2017,Q15-E006,MU_BETA_SHARED,20260925,5.800954930858749e-22,1.0,2
s35_1_retained_2_t020,35,1,retained_labeled_MI,2,s35.mat,656951a3620d0ba432e24273d191fff428735e092833491599ca302e9bfcb51d,69119,Cho2017,Q15-E006,MU_BETA_SHARED,20260925,1.0374412820574441e-32,1.0,2
s35_1_retained_2_t021,35,1,retained_labeled_MI,2,s35.mat,656951a3620d0ba432e24273d191fff428735e092833491599ca302e9bfcb51d,72703,Cho2017,Q15-E006,MU_BETA_SHARED,20260925,0.0015372798079624772,0.9984627962112427,2
s35_1_retained_2_t022,35,1,retained_labeled_MI,2,s35.mat,656951a3620d0ba432e24273d191fff428735e092833491599ca302e9bfcb51d,76287,Cho2017,Q15-E006,MU_BETA_SHARED,20260925,9.206873596845355e-10,1.0,2
s35_1_retained_2_t023,35,1,retained_labeled_MI,2,s35.mat,656951a3620d0ba432e24273d191fff428735e092833491599ca302e9bfcb51d,79871,Cho2017,Q15-E006,MU_BETA_SHARED,20260925,1.3922016162550932e-16,1.0,2
s35_1_retained_2_t024,35,1,retained_labeled_MI,2,s35.mat,656951a3620d0ba432e24273d191fff428735e092833491599ca302e9bfcb51d,83455,Cho2017,Q15-E006,MU_BETA_SHARED,20260925,4.943393137144709e-17,1.0,2
s35_1_retained_2_t025,35,1,retained_labeled_MI,2,s35.mat,656951a3620d0ba432e24273d191fff428735e092833491599ca302e9bfcb51d,87039,Cho2017,Q15-E006,MU_BETA_SHARED,20260925,1.086644009653761e-18,1.0,2
s35_1_retained_2_t026,35,1,retained_labeled_MI,2,s35.mat,656951a3620d0ba432e24273d191fff428735e092833491599ca302e9bfcb51d,90623,Cho2017,Q15-E006,MU_BETA_SHARED,20260925,1.0,5.5453991620879606e-08,1
s35_1_retained_2_t027,35,1,retained_labeled_MI,2,s35.mat,656951a3620d0ba432e24273d191fff428735e092833491599ca302e9bfcb51d,94207,Cho2017,Q15-E006,MU_BETA_SHARED,20260925,1.572510891124973e-25,1.0,2
s35_1_retained_2_t028,35,1,retained_labeled_MI,2,s35.mat,656951a3620d0ba432e24273d191fff428735e092833491599ca302e9bfcb51d,97791,Cho2017,Q15-E006,MU_BETA_SHARED,20260925,0.00045062132994644344,0.9995493292808533,2
s35_1_retained_2_t029,35,1,retained_labeled_MI,2,s35.mat,656951a3620d0ba432e24273d191fff428735e092833491599ca302e9bfcb51d,101375,Cho2017,Q15-E006,MU_BETA_SHARED,20260925,8.926643424445047e-09,1.0,2
s35_1_retained_2_t030,35,1,retained_labeled_MI,2,s35.mat,656951a3620d0ba432e24273d191fff428735e092833491599ca302e9bfcb51d,104959,Cho2017,Q15-E006,MU_BETA_SHARED,20260925,4.87589876807314e-23,1.0,2
s35_1_retained_2_t031,35,1,retained_labeled_MI,2,s35.mat,656951a3620d0ba432e24273d191fff428735e092833491599ca302e9bfcb51d,108543,Cho2017,Q15-E006,MU_BETA_SHARED,20260925,1.4017614846650872e-09,1.0,2
s35_1_retained_2_t032,35,1,retained_labeled_MI,2,s35.mat,656951a3620d0ba432e24273d191fff428735e092833491599ca302e9bfcb51d,112127,Cho2017,Q15-E006,MU_BETA_SHARED,20260925,0.0008810687577351928,0.999118983745575,2
s35_1_retained_2_t033,35,1,retained_labeled_MI,2,s35.mat,656951a3620d0ba432e24273d191fff428735e092833491599ca302e9bfcb51d,115711,Cho2017,Q15-E006,MU_BETA_SHARED,20260925,4.829313393628354e-09,1.0,2
s35_1_retained_2_t034,35,1,retained_labeled_MI,2,s35.mat,656951a3620d0ba432e24273d191fff428735e092833491599ca302e9bfcb51d,119295,Cho2017,Q15-E006,MU_BETA_SHARED,20260925,4.102773063099181e-15,1.0,2
s35_1_retained_2_t035,35,1,retained_labeled_MI,2,s35.mat,656951a3620d0ba432e24273d191fff428735e092833491599ca302e9bfcb51d,122879,Cho2017,Q15-E006,MU_BETA_SHARED,20260925,0.8686096668243408,0.1313903033733368,1
s35_1_retained_2_t036,35,1,retained_labeled_MI,2,s35.mat,656951a3620d0ba432e24273d191fff428735e092833491599ca302e9bfcb51d,126463,Cho2017,Q15-E006,MU_BETA_SHARED,20260925,5.809964922359745e-12,1.0,2
s35_1_retained_2_t037,35,1,retained_labeled_MI,2,s35.mat,656951a3620d0ba432e24273d191fff428735e092833491599ca302e9bfcb51d,130047,Cho2017,Q15-E006,MU_BETA_SHARED,20260925,5.592333263138016e-09,1.0,2
s35_1_retained_2_t038,35,1,retained_labeled_MI,2,s35.mat,656951a3620d0ba432e24273d191fff428735e092833491599ca302e9bfcb51d,133631,Cho2017,Q15-E006,MU_BETA_SHARED,20260925,0.9999943971633911,5.654190317727625e-06,1
s35_1_retained_2_t039,35,1,retained_labeled_MI,2,s35.mat,656951a3620d0ba432e24273d191fff428735e092833491599ca302e9bfcb51d,137215,Cho2017,Q15-E006,MU_BETA_SHARED,20260925,4.092182734893868e-07,0.9999996423721313,2
s35_1_retained_2_t040,35,1,retained_labeled_MI,2,s35.mat,656951a3620d0ba432e24273d191fff428735e092833491599ca302e9bfcb51d,140799,Cho2017,Q15-E006,MU_BETA_SHARED,20260925,0.11519605666399002,0.8848040103912354,2
s35_1_retained_2_t041,35,1,retained_labeled_MI,2,s35.mat,656951a3620d0ba432e24273d191fff428735e092833491599ca302e9bfcb51d,144383,Cho2017,Q15-E006,MU_BETA_SHARED,20260925,1.0,2.031072421360136e-09,1
s35_1_retained_2_t042,35,1,retained_labeled_MI,2,s35.mat,656951a3620d0ba432e24273d191fff428735e092833491599ca302e9bfcb51d,147967,Cho2017,Q15-E006,MU_BETA_SHARED,20260925,1.0,4.992381833456017e-13,1
s35_1_retained_2_t043,35,1,retained_labeled_MI,2,s35.mat,656951a3620d0ba432e24273d191fff428735e092833491599ca302e9bfcb51d,151551,Cho2017,Q15-E006,MU_BETA_SHARED,20260925,1.0,1.156767908593254e-15,1
s35_1_retained_2_t044,35,1,retained_labeled_MI,2,s35.mat,656951a3620d0ba432e24273d191fff428735e092833491599ca302e9bfcb51d,155135,Cho2017,Q15-E006,MU_BETA_SHARED,20260925,0.9977879524230957,0.002212001010775566,1
s35_1_retained_2_t045,35,1,retained_labeled_MI,2,s35.mat,656951a3620d0ba432e24273d191fff428735e092833491599ca302e9bfcb51d,158719,Cho2017,Q15-E006,MU_BETA_SHARED,20260925,1.0,7.024093766913687e-27,1
s35_1_retained_2_t046,35,1,retained_labeled_MI,2,s35.mat,656951a3620d0ba432e24273d191fff428735e092833491599ca302e9bfcb51d,162303,Cho2017,Q15-E006,MU_BETA_SHARED,20260925,0.9842426776885986,0.015757324174046516,1
s35_1_retained_2_t047,35,1,retained_labeled_MI,2,s35.mat,656951a3620d0ba432e24273d191fff428735e092833491599ca302e9bfcb51d,165887,Cho2017,Q15-E006,MU_BETA_SHARED,20260925,0.9999998807907104,7.904920806822702e-08,1
s35_1_retained_2_t048,35,1,retained_labeled_MI,2,s35.mat,656951a3620d0ba432e24273d191fff428735e092833491599ca302e9bfcb51d,169471,Cho2017,Q15-E006,MU_BETA_SHARED,20260925,0.9329806566238403,0.06701941788196564,1
s35_1_retained_2_t049,35,1,retained_labeled_MI,2,s35.mat,656951a3620d0ba432e24273d191fff428735e092833491599ca302e9bfcb51d,173055,Cho2017,Q15-E006,MU_BETA_SHARED,20260925,0.4179500639438629,0.5820499658584595,2
s35_1_retained_2_t050,35,1,retained_labeled_MI,2,s35.mat,656951a3620d0ba432e24273d191fff428735e092833491599ca302e9bfcb51d,176639,Cho2017,Q15-E006,MU_BETA_SHARED,20260925,0.01588781736791134,0.9841122031211853,2
s35_1_retained_2_t051,35,1,retained_labeled_MI,2,s35.mat,656951a3620d0ba432e24273d191fff428735e092833491599ca302e9bfcb51d,180223,Cho2017,Q15-E006,MU_BETA_SHARED,20260925,9.948861480875643e-16,1.0,2
s35_1_retained_2_t052,35,1,retained_labeled_MI,2,s35.mat,656951a3620d0ba432e24273d191fff428735e092833491599ca302e9bfcb51d,183807,Cho2017,Q15-E006,MU_BETA_SHARED,20260925,1.0,9.035149017844191e-11,1
s35_1_retained_2_t053,35,1,retained_labeled_MI,2,s35.mat,656951a3620d0ba432e24273d191fff428735e092833491599ca302e9bfcb51d,187391,Cho2017,Q15-E006,MU_BETA_SHARED,20260925,1.0,5.6755182151202455e-12,1
s35_1_retained_2_t054,35,1,retained_labeled_MI,2,s35.mat,656951a3620d0ba432e24273d191fff428735e092833491599ca302e9bfcb51d,190975,Cho2017,Q15-E006,MU_BETA_SHARED,20260925,1.0,3.5446691697312016e-13,1
s35_1_retained_2_t055,35,1,retained_labeled_MI,2,s35.mat,656951a3620d0ba432e24273d191fff428735e092833491599ca302e9bfcb51d,194559,Cho2017,Q15-E006,MU_BETA_SHARED,20260925,0.9995550513267517,0.00044487902778200805,1
s35_1_retained_2_t056,35,1,retained_labeled_MI,2,s35.mat,656951a3620d0ba432e24273d191fff428735e092833491599ca302e9bfcb51d,198143,Cho2017,Q15-E006,MU_BETA_SHARED,20260925,0.49067652225494385,0.5093234777450562,2
s35_1_retained_2_t057,35,1,retained_labeled_MI,2,s35.mat,656951a3620d0ba432e24273d191fff428735e092833491599ca302e9bfcb51d,201727,Cho2017,Q15-E006,MU_BETA_SHARED,20260925,1.0,4.40909930787825e-09,1
s35_1_retained_2_t058,35,1,retained_labeled_MI,2,s35.mat,656951a3620d0ba432e24273d191fff428735e092833491599ca302e9bfcb51d,205311,Cho2017,Q15-E006,MU_BETA_SHARED,20260925,1.0,8.281502014916348e-24,1
s35_1_retained_2_t059,35,1,retained_labeled_MI,2,s35.mat,656951a3620d0ba432e24273d191fff428735e092833491599ca302e9bfcb51d,208895,Cho2017,Q15-E006,MU_BETA_SHARED,20260925,1.0,1.2363755574895663e-09,1
s35_1_retained_2_t060,35,1,retained_labeled_MI,2,s35.mat,656951a3620d0ba432e24273d191fff428735e092833491599ca302e9bfcb51d,212479,Cho2017,Q15-E006,MU_BETA_SHARED,20260925,1.267497852340069e-16,1.0,2
s35_1_retained_2_t061,35,1,retained_labeled_MI,2,s35.mat,656951a3620d0ba432e24273d191fff428735e092833491599ca302e9bfcb51d,216063,Cho2017,Q15-E006,MU_BETA_SHARED,20260925,1.0,1.3312506526443838e-35,1
s35_1_retained_2_t062,35,1,retained_labeled_MI,2,s35.mat,656951a3620d0ba432e24273d191fff428735e092833491599ca302e9bfcb51d,219647,Cho2017,Q15-E006,MU_BETA_SHARED,20260925,1.0,1.7431318058794482e-22,1
s35_1_retained_2_t063,35,1,retained_labeled_MI,2,s35.mat,656951a3620d0ba432e24273d191fff428735e092833491599ca302e9bfcb51d,223231,Cho2017,Q15-E006,MU_BETA_SHARED,20260925,1.0,2.873317252530261e-12,1
s35_1_retained_2_t064,35,1,retained_labeled_MI,2,s35.mat,656951a3620d0ba432e24273d191fff428735e092833491599ca302e9bfcb51d,226815,Cho2017,Q15-E006,MU_BETA_SHARED,20260925,1.0,1.362995639089292e-22,1
s35_1_retained_2_t065,35,1,retained_labeled_MI,2,s35.mat,656951a3620d0ba432e24273d191fff428735e092833491599ca302e9bfcb51d,230399,Cho2017,Q15-E006,MU_BETA_SHARED,20260925,1.0,3.814855526222555e-20,1
s35_1_retained_2_t066,35,1,retained_labeled_MI,2,s35.mat,656951a3620d0ba432e24273d191fff428735e092833491599ca302e9bfcb51d,233983,Cho2017,Q15-E006,MU_BETA_SHARED,20260925,1.0,4.726371424362006e-15,1
s35_1_retained_2_t067,35,1,retained_labeled_MI,2,s35.mat,656951a3620d0ba432e24273d191fff428735e092833491599ca302e9bfcb51d,237567,Cho2017,Q15-E006,MU_BETA_SHARED,20260925,1.0,2.8628373976991028e-11,1
s35_1_retained_2_t068,35,1,retained_labeled_MI,2,s35.mat,656951a3620d0ba432e24273d191fff428735e092833491599ca302e9bfcb51d,241151,Cho2017,Q15-E006,MU_BETA_SHARED,20260925,0.9997105002403259,0.00028945269878022373,1
s35_1_retained_2_t069,35,1,retained_labeled_MI,2,s35.mat,656951a3620d0ba432e24273d191fff428735e092833491599ca302e9bfcb51d,244735,Cho2017,Q15-E006,MU_BETA_SHARED,20260925,1.0,1.2180224606694878e-09,1
s35_1_retained_2_t070,35,1,retained_labeled_MI,2,s35.mat,656951a3620d0ba432e24273d191fff428735e092833491599ca302e9bfcb51d,248319,Cho2017,Q15-E006,MU_BETA_SHARED,20260925,1.0,1.4917737878317183e-10,1
s35_1_retained_2_t071,35,1,retained_labeled_MI,2,s35.mat,656951a3620d0ba432e24273d191fff428735e092833491599ca302e9bfcb51d,251903,Cho2017,Q15-E006,MU_BETA_SHARED,20260925,1.0,5.879907902261484e-16,1
s35_1_retained_2_t072,35,1,retained_labeled_MI,2,s35.mat,656951a3620d0ba432e24273d191fff428735e092833491599ca302e9bfcb51d,255487,Cho2017,Q15-E006,MU_BETA_SHARED,20260925,0.9900187253952026,0.00998122338205576,1
s35_1_retained_2_t073,35,1,retained_labeled_MI,2,s35.mat,656951a3620d0ba432e24273d191fff428735e092833491599ca302e9bfcb51d,259071,Cho2017,Q15-E006,MU_BETA_SHARED,20260925,1.0,1.98357580017971e-17,1
s35_1_retained_2_t074,35,1,retained_labeled_MI,2,s35.mat,656951a3620d0ba432e24273d191fff428735e092833491599ca302e9bfcb51d,262655,Cho2017,Q15-E006,MU_BETA_SHARED,20260925,1.0,5.077791292402732e-18,1
s35_1_retained_2_t075,35,1,retained_labeled_MI,2,s35.mat,656951a3620d0ba432e24273d191fff428735e092833491599ca302e9bfcb51d,266239,Cho2017,Q15-E006,MU_BETA_SHARED,20260925,1.0,4.531544700855084e-22,1
s35_1_retained_2_t076,35,1,retained_labeled_MI,2,s35.mat,656951a3620d0ba432e24273d191fff428735e092833491599ca302e9bfcb51d,269823,Cho2017,Q15-E006,MU_BETA_SHARED,20260925,1.0,1.4209974863454988e-10,1
s35_1_retained_2_t077,35,1,retained_labeled_MI,2,s35.mat,656951a3620d0ba432e24273d191fff428735e092833491599ca302e9bfcb51d,273407,Cho2017,Q15-E006,MU_BETA_SHARED,20260925,0.007056080736219883,0.9929439425468445,2
s35_1_retained_2_t078,35,1,retained_labeled_MI,2,s35.mat,656951a3620d0ba432e24273d191fff428735e092833491599ca302e9bfcb51d,276991,Cho2017,Q15-E006,MU_BETA_SHARED,20260925,1.0,2.773940799283281e-12,1
s35_1_retained_2_t079,35,1,retained_labeled_MI,2,s35.mat,656951a3620d0ba432e24273d191fff428735e092833491599ca302e9bfcb51d,280575,Cho2017,Q15-E006,MU_BETA_SHARED,20260925,0.999998927116394,1.0949382840408362e-06,1
s35_1_retained_2_t080,35,1,retained_labeled_MI,2,s35.mat,656951a3620d0ba432e24273d191fff428735e092833491599ca302e9bfcb51d,284159,Cho2017,Q15-E006,MU_BETA_SHARED,20260925,0.9999992847442627,7.546387905676966e-07,1
s35_1_retained_2_t081,35,1,retained_labeled_MI,2,s35.mat,656951a3620d0ba432e24273d191fff428735e092833491599ca302e9bfcb51d,287743,Cho2017,Q15-E006,MU_BETA_SHARED,20260925,1.0,7.687160684691479e-21,1
s35_1_retained_2_t082,35,1,retained_labeled_MI,2,s35.mat,656951a3620d0ba432e24273d191fff428735e092833491599ca302e9bfcb51d,291327,Cho2017,Q15-E006,MU_BETA_SHARED,20260925,1.0,7.952739161654065e-12,1
s35_1_retained_2_t083,35,1,retained_labeled_MI,2,s35.mat,656951a3620d0ba432e24273d191fff428735e092833491599ca302e9bfcb51d,294911,Cho2017,Q15-E006,MU_BETA_SHARED,20260925,0.0030047425534576178,0.996995210647583,2
s35_1_retained_2_t084,35,1,retained_labeled_MI,2,s35.mat,656951a3620d0ba432e24273d191fff428735e092833491599ca302e9bfcb51d,298495,Cho2017,Q15-E006,MU_BETA_SHARED,20260925,2.4372918687731726e-06,0.999997615814209,2
s35_1_retained_2_t085,35,1,retained_labeled_MI,2,s35.mat,656951a3620d0ba432e24273d191fff428735e092833491599ca302e9bfcb51d,302079,Cho2017,Q15-E006,MU_BETA_SHARED,20260925,0.9999990463256836,9.076206310965063e-07,1
s35_1_retained_2_t086,35,1,retained_labeled_MI,2,s35.mat,656951a3620d0ba432e24273d191fff428735e092833491599ca302e9bfcb51d,305663,Cho2017,Q15-E006,MU_BETA_SHARED,20260925,7.118798822994266e-13,1.0,2
s35_1_retained_2_t087,35,1,retained_labeled_MI,2,s35.mat,656951a3620d0ba432e24273d191fff428735e092833491599ca302e9bfcb51d,309247,Cho2017,Q15-E006,MU_BETA_SHARED,20260925,0.061942677944898605,0.9380573630332947,2
s35_1_retained_2_t088,35,1,retained_labeled_MI,2,s35.mat,656951a3620d0ba432e24273d191fff428735e092833491599ca302e9bfcb51d,312831,Cho2017,Q15-E006,MU_BETA_SHARED,20260925,0.9999440908432007,5.586797487922013e-05,1
s35_1_retained_2_t089,35,1,retained_labeled_MI,2,s35.mat,656951a3620d0ba432e24273d191fff428735e092833491599ca302e9bfcb51d,316415,Cho2017,Q15-E006,MU_BETA_SHARED,20260925,6.405316526070237e-05,0.9999359846115112,2
s35_1_retained_2_t090,35,1,retained_labeled_MI,2,s35.mat,656951a3620d0ba432e24273d191fff428735e092833491599ca302e9bfcb51d,319999,Cho2017,Q15-E006,MU_BETA_SHARED,20260925,0.08117101341485977,0.9188289642333984,2
s35_1_retained_2_t091,35,1,retained_labeled_MI,2,s35.mat,656951a3620d0ba432e24273d191fff428735e092833491599ca302e9bfcb51d,323583,Cho2017,Q15-E006,MU_BETA_SHARED,20260925,0.989520788192749,0.010479231365025043,1
s35_1_retained_2_t092,35,1,retained_labeled_MI,2,s35.mat,656951a3620d0ba432e24273d191fff428735e092833491599ca302e9bfcb51d,327167,Cho2017,Q15-E006,MU_BETA_SHARED,20260925,7.250393707636249e-08,0.9999998807907104,2
s35_1_retained_2_t093,35,1,retained_labeled_MI,2,s35.mat,656951a3620d0ba432e24273d191fff428735e092833491599ca302e9bfcb51d,330751,Cho2017,Q15-E006,MU_BETA_SHARED,20260925,4.216919778936542e-17,1.0,2
s35_1_retained_2_t094,35,1,retained_labeled_MI,2,s35.mat,656951a3620d0ba432e24273d191fff428735e092833491599ca302e9bfcb51d,334335,Cho2017,Q15-E006,MU_BETA_SHARED,20260925,0.9992851614952087,0.0007148951408453286,1
s35_1_retained_2_t095,35,1,retained_labeled_MI,2,s35.mat,656951a3620d0ba432e24273d191fff428735e092833491599ca302e9bfcb51d,337919,Cho2017,Q15-E006,MU_BETA_SHARED,20260925,7.03643618523396e-14,1.0,2
s35_1_retained_2_t096,35,1,retained_labeled_MI,2,s35.mat,656951a3620d0ba432e24273d191fff428735e092833491599ca302e9bfcb51d,341503,Cho2017,Q15-E006,MU_BETA_SHARED,20260925,9.892300737238124e-13,1.0,2
s35_1_retained_2_t097,35,1,retained_labeled_MI,2,s35.mat,656951a3620d0ba432e24273d191fff428735e092833491599ca302e9bfcb51d,345087,Cho2017,Q15-E006,MU_BETA_SHARED,20260925,0.0006789118051528931,0.9993211030960083,2
s35_1_retained_2_t098,35,1,retained_labeled_MI,2,s35.mat,656951a3620d0ba432e24273d191fff428735e092833491599ca302e9bfcb51d,348671,Cho2017,Q15-E006,MU_BETA_SHARED,20260925,1.0,7.356667358626723e-12,1
s35_1_retained_2_t099,35,1,retained_labeled_MI,2,s35.mat,656951a3620d0ba432e24273d191fff428735e092833491599ca302e9bfcb51d,352255,Cho2017,Q15-E006,MU_BETA_SHARED,20260925,4.378397297499781e-11,1.0,2
s35_1_retained_2_t100,35,1,retained_labeled_MI,2,s35.mat,656951a3620d0ba432e24273d191fff428735e092833491599ca302e9bfcb51d,355839,Cho2017,Q15-E006,MU_BETA_SHARED,20260925,1.0915710176029325e-11,1.0,2
s35_1_retained_1_t001,35,1,retained_labeled_MI,1,s35.mat,656951a3620d0ba432e24273d191fff428735e092833491599ca302e9bfcb51d,1023,Cho2017,Q15-E006,MU_BETA_SHARED,20260926,1.0,1.4873905330049092e-13,1
s35_1_retained_1_t002,35,1,retained_labeled_MI,1,s35.mat,656951a3620d0ba432e24273d191fff428735e092833491599ca302e9bfcb51d,4607,Cho2017,Q15-E006,MU_BETA_SHARED,20260926,0.9988969564437866,0.0011030244641005993,1
s35_1_retained_1_t003,35,1,retained_labeled_MI,1,s35.mat,656951a3620d0ba432e24273d191fff428735e092833491599ca302e9bfcb51d,8191,Cho2017,Q15-E006,MU_BETA_SHARED,20260926,0.004420556128025055,0.9955794215202332,2
s35_1_retained_1_t004,35,1,retained_labeled_MI,1,s35.mat,656951a3620d0ba432e24273d191fff428735e092833491599ca302e9bfcb51d,11775,Cho2017,Q15-E006,MU_BETA_SHARED,20260926,1.0,8.24193252708938e-13,1
s35_1_retained_1_t005,35,1,retained_labeled_MI,1,s35.mat,656951a3620d0ba432e24273d191fff428735e092833491599ca302e9bfcb51d,15359,Cho2017,Q15-E006,MU_BETA_SHARED,20260926,0.9999556541442871,4.438126416062005e-05,1
s35_1_retained_1_t006,35,1,retained_labeled_MI,1,s35.mat,656951a3620d0ba432e24273d191fff428735e092833491599ca302e9bfcb51d,18943,Cho2017,Q15-E006,MU_BETA_SHARED,20260926,0.999775230884552,0.0002247302618343383,1
s35_1_retained_1_t007,35,1,retained_labeled_MI,1,s35.mat,656951a3620d0ba432e24273d191fff428735e092833491599ca302e9bfcb51d,22527,Cho2017,Q15-E006,MU_BETA_SHARED,20260926,0.9972196817398071,0.002780359238386154,1
s35_1_retained_1_t008,35,1,retained_labeled_MI,1,s35.mat,656951a3620d0ba432e24273d191fff428735e092833491599ca302e9bfcb51d,26111,Cho2017,Q15-E006,MU_BETA_SHARED,20260926,1.0,4.371300413655299e-13,1
s35_1_retained_1_t009,35,1,retained_labeled_MI,1,s35.mat,656951a3620d0ba432e24273d191fff428735e092833491599ca302e9bfcb51d,29695,Cho2017,Q15-E006,MU_BETA_SHARED,20260926,0.9998880624771118,0.00011196483683306724,1
s35_1_retained_1_t010,35,1,retained_labeled_MI,1,s35.mat,656951a3620d0ba432e24273d191fff428735e092833491599ca302e9bfcb51d,33279,Cho2017,Q15-E006,MU_BETA_SHARED,20260926,0.999607503414154,0.00039248078246600926,1
s35_1_retained_1_t011,35,1,retained_labeled_MI,1,s35.mat,656951a3620d0ba432e24273d191fff428735e092833491599ca302e9bfcb51d,36863,Cho2017,Q15-E006,MU_BETA_SHARED,20260926,1.0,9.672108447489336e-09,1
s35_1_retained_1_t012,35,1,retained_labeled_MI,1,s35.mat,656951a3620d0ba432e24273d191fff428735e092833491599ca302e9bfcb51d,40447,Cho2017,Q15-E006,MU_BETA_SHARED,20260926,0.9999988079071045,1.138774791797914e-06,1
s35_1_retained_1_t013,35,1,retained_labeled_MI,1,s35.mat,656951a3620d0ba432e24273d191fff428735e092833491599ca302e9bfcb51d,44031,Cho2017,Q15-E006,MU_BETA_SHARED,20260926,1.0,4.221880223892471e-12,1
s35_1_retained_1_t014,35,1,retained_labeled_MI,1,s35.mat,656951a3620d0ba432e24273d191fff428735e092833491599ca302e9bfcb51d,47615,Cho2017,Q15-E006,MU_BETA_SHARED,20260926,1.0,5.217711839847009e-20,1
s35_1_retained_1_t015,35,1,retained_labeled_MI,1,s35.mat,656951a3620d0ba432e24273d191fff428735e092833491599ca302e9bfcb51d,51199,Cho2017,Q15-E006,MU_BETA_SHARED,20260926,1.923484482801996e-08,1.0,2
s35_1_retained_1_t016,35,1,retained_labeled_MI,1,s35.mat,656951a3620d0ba432e24273d191fff428735e092833491599ca302e9bfcb51d,54783,Cho2017,Q15-E006,MU_BETA_SHARED,20260926,7.067135811666958e-06,0.9999929666519165,2
s35_1_retained_1_t017,35,1,retained_labeled_MI,1,s35.mat,656951a3620d0ba432e24273d191fff428735e092833491599ca302e9bfcb51d,58367,Cho2017,Q15-E006,MU_BETA_SHARED,20260926,1.0,5.536153827034873e-11,1
s35_1_retained_1_t018,35,1,retained_labeled_MI,1,s35.mat,656951a3620d0ba432e24273d191fff428735e092833491599ca302e9bfcb51d,61951,Cho2017,Q15-E006,MU_BETA_SHARED,20260926,1.0,3.401398115550665e-29,1
s35_1_retained_1_t019,35,1,retained_labeled_MI,1,s35.mat,656951a3620d0ba432e24273d191fff428735e092833491599ca302e9bfcb51d,65535,Cho2017,Q15-E006,MU_BETA_SHARED,20260926,0.026066979393363,0.9739330410957336,2
s35_1_retained_1_t020,35,1,retained_labeled_MI,1,s35.mat,656951a3620d0ba432e24273d191fff428735e092833491599ca302e9bfcb51d,69119,Cho2017,Q15-E006,MU_BETA_SHARED,20260926,1.0,5.794357177542106e-17,1
s35_1_retained_1_t021,35,1,retained_labeled_MI,1,s35.mat,656951a3620d0ba432e24273d191fff428735e092833491599ca302e9bfcb51d,72703,Cho2017,Q15-E006,MU_BETA_SHARED,20260926,0.9993394017219543,0.0006605903618037701,1
s35_1_retained_1_t022,35,1,retained_labeled_MI,1,s35.mat,656951a3620d0ba432e24273d191fff428735e092833491599ca302e9bfcb51d,76287,Cho2017,Q15-E006,MU_BETA_SHARED,20260926,0.2567427158355713,0.7432572841644287,2
s35_1_retained_1_t023,35,1,retained_labeled_MI,1,s35.mat,656951a3620d0ba432e24273d191fff428735e092833491599ca302e9bfcb51d,79871,Cho2017,Q15-E006,MU_BETA_SHARED,20260926,1.0,5.9079004709194916e-12,1
s35_1_retained_1_t024,35,1,retained_labeled_MI,1,s35.mat,656951a3620d0ba432e24273d191fff428735e092833491599ca302e9bfcb51d,83455,Cho2017,Q15-E006,MU_BETA_SHARED,20260926,0.012432768940925598,0.9875671863555908,2
s35_1_retained_1_t025,35,1,retained_labeled_MI,1,s35.mat,656951a3620d0ba432e24273d191fff428735e092833491599ca302e9bfcb51d,87039,Cho2017,Q15-E006,MU_BETA_SHARED,20260926,0.9995542168617249,0.0004457904724404216,1
s35_1_retained_1_t026,35,1,retained_labeled_MI,1,s35.mat,656951a3620d0ba432e24273d191fff428735e092833491599ca302e9bfcb51d,90623,Cho2017,Q15-E006,MU_BETA_SHARED,20260926,0.9894603490829468,0.010539697483181953,1
s35_1_retained_1_t027,35,1,retained_labeled_MI,1,s35.mat,656951a3620d0ba432e24273d191fff428735e092833491599ca302e9bfcb51d,94207,Cho2017,Q15-E006,MU_BETA_SHARED,20260926,1.0,8.959332061741355e-30,1
s35_1_retained_1_t028,35,1,retained_labeled_MI,1,s35.mat,656951a3620d0ba432e24273d191fff428735e092833491599ca302e9bfcb51d,97791,Cho2017,Q15-E006,MU_BETA_SHARED,20260926,2.542087258916581e-06,0.9999974966049194,2
s35_1_retained_1_t029,35,1,retained_labeled_MI,1,s35.mat,656951a3620d0ba432e24273d191fff428735e092833491599ca302e9bfcb51d,101375,Cho2017,Q15-E006,MU_BETA_SHARED,20260926,0.9620722532272339,0.03792771324515343,1
s35_1_retained_1_t030,35,1,retained_labeled_MI,1,s35.mat,656951a3620d0ba432e24273d191fff428735e092833491599ca302e9bfcb51d,104959,Cho2017,Q15-E006,MU_BETA_SHARED,20260926,3.735803329618648e-05,0.9999626874923706,2
s35_1_retained_1_t031,35,1,retained_labeled_MI,1,s35.mat,656951a3620d0ba432e24273d191fff428735e092833491599ca302e9bfcb51d,108543,Cho2017,Q15-E006,MU_BETA_SHARED,20260926,1.0,3.844655707076248e-29,1
s35_1_retained_1_t032,35,1,retained_labeled_MI,1,s35.mat,656951a3620d0ba432e24273d191fff428735e092833491599ca302e9bfcb51d,112127,Cho2017,Q15-E006,MU_BETA_SHARED,20260926,1.0,3.92595195709605e-19,1
s35_1_retained_1_t033,35,1,retained_labeled_MI,1,s35.mat,656951a3620d0ba432e24273d191fff428735e092833491599ca302e9bfcb51d,115711,Cho2017,Q15-E006,MU_BETA_SHARED,20260926,1.0,2.700688848750676e-16,1
s35_1_retained_1_t034,35,1,retained_labeled_MI,1,s35.mat,656951a3620d0ba432e24273d191fff428735e092833491599ca302e9bfcb51d,119295,Cho2017,Q15-E006,MU_BETA_SHARED,20260926,0.9990645051002502,0.0009355159709230065,1
s35_1_retained_1_t035,35,1,retained_labeled_MI,1,s35.mat,656951a3620d0ba432e24273d191fff428735e092833491599ca302e9bfcb51d,122879,Cho2017,Q15-E006,MU_BETA_SHARED,20260926,1.0,1.0098267891731177e-34,1
s35_1_retained_1_t036,35,1,retained_labeled_MI,1,s35.mat,656951a3620d0ba432e24273d191fff428735e092833491599ca302e9bfcb51d,126463,Cho2017,Q15-E006,MU_BETA_SHARED,20260926,1.0,2.474327029415902e-21,1
s35_1_retained_1_t037,35,1,retained_labeled_MI,1,s35.mat,656951a3620d0ba432e24273d191fff428735e092833491599ca302e9bfcb51d,130047,Cho2017,Q15-E006,MU_BETA_SHARED,20260926,0.02036927454173565,0.979630708694458,2
s35_1_retained_1_t038,35,1,retained_labeled_MI,1,s35.mat,656951a3620d0ba432e24273d191fff428735e092833491599ca302e9bfcb51d,133631,Cho2017,Q15-E006,MU_BETA_SHARED,20260926,0.8785825967788696,0.12141737341880798,1
s35_1_retained_1_t039,35,1,retained_labeled_MI,1,s35.mat,656951a3620d0ba432e24273d191fff428735e092833491599ca302e9bfcb51d,137215,Cho2017,Q15-E006,MU_BETA_SHARED,20260926,1.0,1.7697665555260755e-09,1
s35_1_retained_1_t040,35,1,retained_labeled_MI,1,s35.mat,656951a3620d0ba432e24273d191fff428735e092833491599ca302e9bfcb51d,140799,Cho2017,Q15-E006,MU_BETA_SHARED,20260926,2.5116851307127597e-11,1.0,2
s35_1_retained_1_t041,35,1,retained_labeled_MI,1,s35.mat,656951a3620d0ba432e24273d191fff428735e092833491599ca302e9bfcb51d,144383,Cho2017,Q15-E006,MU_BETA_SHARED,20260926,1.3440059092317824e-06,0.9999986886978149,2
s35_1_retained_1_t042,35,1,retained_labeled_MI,1,s35.mat,656951a3620d0ba432e24273d191fff428735e092833491599ca302e9bfcb51d,147967,Cho2017,Q15-E006,MU_BETA_SHARED,20260926,0.00017535724327899516,0.9998247027397156,2
s35_1_retained_1_t043,35,1,retained_labeled_MI,1,s35.mat,656951a3620d0ba432e24273d191fff428735e092833491599ca302e9bfcb51d,151551,Cho2017,Q15-E006,MU_BETA_SHARED,20260926,0.001600744784809649,0.9983991980552673,2
s35_1_retained_1_t044,35,1,retained_labeled_MI,1,s35.mat,656951a3620d0ba432e24273d191fff428735e092833491599ca302e9bfcb51d,155135,Cho2017,Q15-E006,MU_BETA_SHARED,20260926,1.0,5.208745079698929e-08,1
s35_1_retained_1_t045,35,1,retained_labeled_MI,1,s35.mat,656951a3620d0ba432e24273d191fff428735e092833491599ca302e9bfcb51d,158719,Cho2017,Q15-E006,MU_BETA_SHARED,20260926,0.8872030973434448,0.11279693990945816,1
s35_1_retained_1_t046,35,1,retained_labeled_MI,1,s35.mat,656951a3620d0ba432e24273d191fff428735e092833491599ca302e9bfcb51d,162303,Cho2017,Q15-E006,MU_BETA_SHARED,20260926,1.98569307698071e-12,1.0,2
s35_1_retained_1_t047,35,1,retained_labeled_MI,1,s35.mat,656951a3620d0ba432e24273d191fff428735e092833491599ca302e9bfcb51d,165887,Cho2017,Q15-E006,MU_BETA_SHARED,20260926,0.7476271390914917,0.2523729205131531,1
s35_1_retained_1_t048,35,1,retained_labeled_MI,1,s35.mat,656951a3620d0ba432e24273d191fff428735e092833491599ca302e9bfcb51d,169471,Cho2017,Q15-E006,MU_BETA_SHARED,20260926,5.0239887059433386e-05,0.9999498128890991,2
s35_1_retained_1_t049,35,1,retained_labeled_MI,1,s35.mat,656951a3620d0ba432e24273d191fff428735e092833491599ca302e9bfcb51d,173055,Cho2017,Q15-E006,MU_BETA_SHARED,20260926,1.0,7.574551473240113e-14,1
s35_1_retained_1_t050,35,1,retained_labeled_MI,1,s35.mat,656951a3620d0ba432e24273d191fff428735e092833491599ca302e9bfcb51d,176639,Cho2017,Q15-E006,MU_BETA_SHARED,20260926,0.2878093421459198,0.7121906280517578,2
s35_1_retained_1_t051,35,1,retained_labeled_MI,1,s35.mat,656951a3620d0ba432e24273d191fff428735e092833491599ca302e9bfcb51d,180223,Cho2017,Q15-E006,MU_BETA_SHARED,20260926,0.9853336215019226,0.014666362665593624,1
s35_1_retained_1_t052,35,1,retained_labeled_MI,1,s35.mat,656951a3620d0ba432e24273d191fff428735e092833491599ca302e9bfcb51d,183807,Cho2017,Q15-E006,MU_BETA_SHARED,20260926,0.9999995231628418,4.5962451622472145e-07,1
s35_1_retained_1_t053,35,1,retained_labeled_MI,1,s35.mat,656951a3620d0ba432e24273d191fff428735e092833491599ca302e9bfcb51d,187391,Cho2017,Q15-E006,MU_BETA_SHARED,20260926,0.953780472278595,0.046219516545534134,1
s35_1_retained_1_t054,35,1,retained_labeled_MI,1,s35.mat,656951a3620d0ba432e24273d191fff428735e092833491599ca302e9bfcb51d,190975,Cho2017,Q15-E006,MU_BETA_SHARED,20260926,1.0,1.3861706227302761e-09,1
s35_1_retained_1_t055,35,1,retained_labeled_MI,1,s35.mat,656951a3620d0ba432e24273d191fff428735e092833491599ca302e9bfcb51d,194559,Cho2017,Q15-E006,MU_BETA_SHARED,20260926,0.8140220642089844,0.18597790598869324,1
s35_1_retained_1_t056,35,1,retained_labeled_MI,1,s35.mat,656951a3620d0ba432e24273d191fff428735e092833491599ca302e9bfcb51d,198143,Cho2017,Q15-E006,MU_BETA_SHARED,20260926,0.0006783826975151896,0.9993215799331665,2
s35_1_retained_1_t057,35,1,retained_labeled_MI,1,s35.mat,656951a3620d0ba432e24273d191fff428735e092833491599ca302e9bfcb51d,201727,Cho2017,Q15-E006,MU_BETA_SHARED,20260926,0.9999984502792358,1.5015863255030126e-06,1
s35_1_retained_1_t058,35,1,retained_labeled_MI,1,s35.mat,656951a3620d0ba432e24273d191fff428735e092833491599ca302e9bfcb51d,205311,Cho2017,Q15-E006,MU_BETA_SHARED,20260926,1.0,1.841439106627433e-20,1
s35_1_retained_1_t059,35,1,retained_labeled_MI,1,s35.mat,656951a3620d0ba432e24273d191fff428735e092833491599ca302e9bfcb51d,208895,Cho2017,Q15-E006,MU_BETA_SHARED,20260926,7.324986237002706e-22,1.0,2
s35_1_retained_1_t060,35,1,retained_labeled_MI,1,s35.mat,656951a3620d0ba432e24273d191fff428735e092833491599ca302e9bfcb51d,212479,Cho2017,Q15-E006,MU_BETA_SHARED,20260926,9.78797074891824e-16,1.0,2
s35_1_retained_1_t061,35,1,retained_labeled_MI,1,s35.mat,656951a3620d0ba432e24273d191fff428735e092833491599ca302e9bfcb51d,216063,Cho2017,Q15-E006,MU_BETA_SHARED,20260926,1.0,3.5986378321695156e-08,1
s35_1_retained_1_t062,35,1,retained_labeled_MI,1,s35.mat,656951a3620d0ba432e24273d191fff428735e092833491599ca302e9bfcb51d,219647,Cho2017,Q15-E006,MU_BETA_SHARED,20260926,0.9999514818191528,4.8512181820115075e-05,1
s35_1_retained_1_t063,35,1,retained_labeled_MI,1,s35.mat,656951a3620d0ba432e24273d191fff428735e092833491599ca302e9bfcb51d,223231,Cho2017,Q15-E006,MU_BETA_SHARED,20260926,1.2850727587115903e-32,1.0,2
s35_1_retained_1_t064,35,1,retained_labeled_MI,1,s35.mat,656951a3620d0ba432e24273d191fff428735e092833491599ca302e9bfcb51d,226815,Cho2017,Q15-E006,MU_BETA_SHARED,20260926,1.7524451223493998e-08,1.0,2
s35_1_retained_1_t065,35,1,retained_labeled_MI,1,s35.mat,656951a3620d0ba432e24273d191fff428735e092833491599ca302e9bfcb51d,230399,Cho2017,Q15-E006,MU_BETA_SHARED,20260926,0.31015023589134216,0.6898497343063354,2
s35_1_retained_1_t066,35,1,retained_labeled_MI,1,s35.mat,656951a3620d0ba432e24273d191fff428735e092833491599ca302e9bfcb51d,233983,Cho2017,Q15-E006,MU_BETA_SHARED,20260926,1.0799994015542325e-05,0.9999891519546509,2
s35_1_retained_1_t067,35,1,retained_labeled_MI,1,s35.mat,656951a3620d0ba432e24273d191fff428735e092833491599ca302e9bfcb51d,237567,Cho2017,Q15-E006,MU_BETA_SHARED,20260926,0.6912561655044556,0.3087438642978668,1
s35_1_retained_1_t068,35,1,retained_labeled_MI,1,s35.mat,656951a3620d0ba432e24273d191fff428735e092833491599ca302e9bfcb51d,241151,Cho2017,Q15-E006,MU_BETA_SHARED,20260926,0.9999386072158813,6.141676567494869e-05,1
s35_1_retained_1_t069,35,1,retained_labeled_MI,1,s35.mat,656951a3620d0ba432e24273d191fff428735e092833491599ca302e9bfcb51d,244735,Cho2017,Q15-E006,MU_BETA_SHARED,20260926,0.0002727010869421065,0.9997273087501526,2
s35_1_retained_1_t070,35,1,retained_labeled_MI,1,s35.mat,656951a3620d0ba432e24273d191fff428735e092833491599ca302e9bfcb51d,248319,Cho2017,Q15-E006,MU_BETA_SHARED,20260926,1.0,3.579836851676776e-17,1
s35_1_retained_1_t071,35,1,retained_labeled_MI,1,s35.mat,656951a3620d0ba432e24273d191fff428735e092833491599ca302e9bfcb51d,251903,Cho2017,Q15-E006,MU_BETA_SHARED,20260926,0.38163426518440247,0.6183657646179199,2
s35_1_retained_1_t072,35,1,retained_labeled_MI,1,s35.mat,656951a3620d0ba432e24273d191fff428735e092833491599ca302e9bfcb51d,255487,Cho2017,Q15-E006,MU_BETA_SHARED,20260926,0.9999898672103882,1.0079342246172018e-05,1
s35_1_retained_1_t073,35,1,retained_labeled_MI,1,s35.mat,656951a3620d0ba432e24273d191fff428735e092833491599ca302e9bfcb51d,259071,Cho2017,Q15-E006,MU_BETA_SHARED,20260926,6.741477136529284e-06,0.9999932050704956,2
s35_1_retained_1_t074,35,1,retained_labeled_MI,1,s35.mat,656951a3620d0ba432e24273d191fff428735e092833491599ca302e9bfcb51d,262655,Cho2017,Q15-E006,MU_BETA_SHARED,20260926,3.1954702772729604e-10,1.0,2
s35_1_retained_1_t075,35,1,retained_labeled_MI,1,s35.mat,656951a3620d0ba432e24273d191fff428735e092833491599ca302e9bfcb51d,266239,Cho2017,Q15-E006,MU_BETA_SHARED,20260926,1.5338317353771887e-22,1.0,2
s35_1_retained_1_t076,35,1,retained_labeled_MI,1,s35.mat,656951a3620d0ba432e24273d191fff428735e092833491599ca302e9bfcb51d,269823,Cho2017,Q15-E006,MU_BETA_SHARED,20260926,8.540991802696851e-10,1.0,2
s35_1_retained_1_t077,35,1,retained_labeled_MI,1,s35.mat,656951a3620d0ba432e24273d191fff428735e092833491599ca302e9bfcb51d,273407,Cho2017,Q15-E006,MU_BETA_SHARED,20260926,0.02509947679936886,0.9749005436897278,2
s35_1_retained_1_t078,35,1,retained_labeled_MI,1,s35.mat,656951a3620d0ba432e24273d191fff428735e092833491599ca302e9bfcb51d,276991,Cho2017,Q15-E006,MU_BETA_SHARED,20260926,6.036618287907913e-05,0.9999396800994873,2
s35_1_retained_1_t079,35,1,retained_labeled_MI,1,s35.mat,656951a3620d0ba432e24273d191fff428735e092833491599ca302e9bfcb51d,280575,Cho2017,Q15-E006,MU_BETA_SHARED,20260926,0.00019198407244402915,0.9998080134391785,2
s35_1_retained_1_t080,35,1,retained_labeled_MI,1,s35.mat,656951a3620d0ba432e24273d191fff428735e092833491599ca302e9bfcb51d,284159,Cho2017,Q15-E006,MU_BETA_SHARED,20260926,0.660670816898346,0.33932918310165405,1
s35_1_retained_1_t081,35,1,retained_labeled_MI,1,s35.mat,656951a3620d0ba432e24273d191fff428735e092833491599ca302e9bfcb51d,287743,Cho2017,Q15-E006,MU_BETA_SHARED,20260926,3.462010838315674e-27,1.0,2
s35_1_retained_1_t082,35,1,retained_labeled_MI,1,s35.mat,656951a3620d0ba432e24273d191fff428735e092833491599ca302e9bfcb51d,291327,Cho2017,Q15-E006,MU_BETA_SHARED,20260926,2.4127288270392455e-05,0.9999759197235107,2
s35_1_retained_1_t083,35,1,retained_labeled_MI,1,s35.mat,656951a3620d0ba432e24273d191fff428735e092833491599ca302e9bfcb51d,294911,Cho2017,Q15-E006,MU_BETA_SHARED,20260926,7.015233532969845e-11,1.0,2
s35_1_retained_1_t084,35,1,retained_labeled_MI,1,s35.mat,656951a3620d0ba432e24273d191fff428735e092833491599ca302e9bfcb51d,298495,Cho2017,Q15-E006,MU_BETA_SHARED,20260926,1.9362739749340108e-06,0.9999980926513672,2
s35_1_retained_1_t085,35,1,retained_labeled_MI,1,s35.mat,656951a3620d0ba432e24273d191fff428735e092833491599ca302e9bfcb51d,302079,Cho2017,Q15-E006,MU_BETA_SHARED,20260926,4.730316705306969e-17,1.0,2
s35_1_retained_1_t086,35,1,retained_labeled_MI,1,s35.mat,656951a3620d0ba432e24273d191fff428735e092833491599ca302e9bfcb51d,305663,Cho2017,Q15-E006,MU_BETA_SHARED,20260926,6.844277322670678e-07,0.9999992847442627,2
s35_1_retained_1_t087,35,1,retained_labeled_MI,1,s35.mat,656951a3620d0ba432e24273d191fff428735e092833491599ca302e9bfcb51d,309247,Cho2017,Q15-E006,MU_BETA_SHARED,20260926,2.5008452553058655e-17,1.0,2
s35_1_retained_1_t088,35,1,retained_labeled_MI,1,s35.mat,656951a3620d0ba432e24273d191fff428735e092833491599ca302e9bfcb51d,312831,Cho2017,Q15-E006,MU_BETA_SHARED,20260926,1.025484493766271e-06,0.999998927116394,2
s35_1_retained_1_t089,35,1,retained_labeled_MI,1,s35.mat,656951a3620d0ba432e24273d191fff428735e092833491599ca302e9bfcb51d,316415,Cho2017,Q15-E006,MU_BETA_SHARED,20260926,1.0,1.16047527143337e-09,1
s35_1_retained_1_t090,35,1,retained_labeled_MI,1,s35.mat,656951a3620d0ba432e24273d191fff428735e092833491599ca302e9bfcb51d,319999,Cho2017,Q15-E006,MU_BETA_SHARED,20260926,0.0006357599049806595,0.9993641972541809,2
s35_1_retained_1_t091,35,1,retained_labeled_MI,1,s35.mat,656951a3620d0ba432e24273d191fff428735e092833491599ca302e9bfcb51d,323583,Cho2017,Q15-E006,MU_BETA_SHARED,20260926,0.9293756484985352,0.07062434405088425,1
s35_1_retained_1_t092,35,1,retained_labeled_MI,1,s35.mat,656951a3620d0ba432e24273d191fff428735e092833491599ca302e9bfcb51d,327167,Cho2017,Q15-E006,MU_BETA_SHARED,20260926,1.1767048135880032e-07,0.9999998807907104,2
s35_1_retained_1_t093,35,1,retained_labeled_MI,1,s35.mat,656951a3620d0ba432e24273d191fff428735e092833491599ca302e9bfcb51d,330751,Cho2017,Q15-E006,MU_BETA_SHARED,20260926,1.025839621582314e-10,1.0,2
s35_1_retained_1_t094,35,1,retained_labeled_MI,1,s35.mat,656951a3620d0ba432e24273d191fff428735e092833491599ca302e9bfcb51d,334335,Cho2017,Q15-E006,MU_BETA_SHARED,20260926,0.00040031850221566856,0.9995997548103333,2
s35_1_retained_1_t095,35,1,retained_labeled_MI,1,s35.mat,656951a3620d0ba432e24273d191fff428735e092833491599ca302e9bfcb51d,337919,Cho2017,Q15-E006,MU_BETA_SHARED,20260926,0.9999953508377075,4.676130174630089e-06,1
s35_1_retained_1_t096,35,1,retained_labeled_MI,1,s35.mat,656951a3620d0ba432e24273d191fff428735e092833491599ca302e9bfcb51d,341503,Cho2017,Q15-E006,MU_BETA_SHARED,20260926,3.942303010262549e-05,0.9999605417251587,2
s35_1_retained_1_t097,35,1,retained_labeled_MI,1,s35.mat,656951a3620d0ba432e24273d191fff428735e092833491599ca302e9bfcb51d,345087,Cho2017,Q15-E006,MU_BETA_SHARED,20260926,0.007346654776483774,0.9926533699035645,2
s35_1_retained_1_t098,35,1,retained_labeled_MI,1,s35.mat,656951a3620d0ba432e24273d191fff428735e092833491599ca302e9bfcb51d,348671,Cho2017,Q15-E006,MU_BETA_SHARED,20260926,8.110385973925105e-11,1.0,2
s35_1_retained_1_t099,35,1,retained_labeled_MI,1,s35.mat,656951a3620d0ba432e24273d191fff428735e092833491599ca302e9bfcb51d,352255,Cho2017,Q15-E006,MU_BETA_SHARED,20260926,0.13144724071025848,0.8685528039932251,2
s35_1_retained_1_t100,35,1,retained_labeled_MI,1,s35.mat,656951a3620d0ba432e24273d191fff428735e092833491599ca302e9bfcb51d,355839,Cho2017,Q15-E006,MU_BETA_SHARED,20260926,1.2480521505153774e-08,1.0,2
s35_1_retained_2_t001,35,1,retained_labeled_MI,2,s35.mat,656951a3620d0ba432e24273d191fff428735e092833491599ca302e9bfcb51d,1023,Cho2017,Q15-E006,MU_BETA_SHARED,20260926,0.994019627571106,0.005980424117296934,1
s35_1_retained_2_t002,35,1,retained_labeled_MI,2,s35.mat,656951a3620d0ba432e24273d191fff428735e092833491599ca302e9bfcb51d,4607,Cho2017,Q15-E006,MU_BETA_SHARED,20260926,7.051649486555789e-09,1.0,2
s35_1_retained_2_t003,35,1,retained_labeled_MI,2,s35.mat,656951a3620d0ba432e24273d191fff428735e092833491599ca302e9bfcb51d,8191,Cho2017,Q15-E006,MU_BETA_SHARED,20260926,3.3999545800272868e-12,1.0,2
s35_1_retained_2_t004,35,1,retained_labeled_MI,2,s35.mat,656951a3620d0ba432e24273d191fff428735e092833491599ca302e9bfcb51d,11775,Cho2017,Q15-E006,MU_BETA_SHARED,20260926,0.9999775886535645,2.2396490749088116e-05,1
s35_1_retained_2_t005,35,1,retained_labeled_MI,2,s35.mat,656951a3620d0ba432e24273d191fff428735e092833491599ca302e9bfcb51d,15359,Cho2017,Q15-E006,MU_BETA_SHARED,20260926,1.0,1.787820380627636e-08,1
s35_1_retained_2_t006,35,1,retained_labeled_MI,2,s35.mat,656951a3620d0ba432e24273d191fff428735e092833491599ca302e9bfcb51d,18943,Cho2017,Q15-E006,MU_BETA_SHARED,20260926,2.2212941985344514e-05,0.9999778270721436,2
s35_1_retained_2_t007,35,1,retained_labeled_MI,2,s35.mat,656951a3620d0ba432e24273d191fff428735e092833491599ca302e9bfcb51d,22527,Cho2017,Q15-E006,MU_BETA_SHARED,20260926,1.0,1.7743431168781854e-09,1
s35_1_retained_2_t008,35,1,retained_labeled_MI,2,s35.mat,656951a3620d0ba432e24273d191fff428735e092833491599ca302e9bfcb51d,26111,Cho2017,Q15-E006,MU_BETA_SHARED,20260926,0.00016493831935804337,0.9998350143432617,2
s35_1_retained_2_t009,35,1,retained_labeled_MI,2,s35.mat,656951a3620d0ba432e24273d191fff428735e092833491599ca302e9bfcb51d,29695,Cho2017,Q15-E006,MU_BETA_SHARED,20260926,4.639885446522385e-05,0.9999536275863647,2
s35_1_retained_2_t010,35,1,retained_labeled_MI,2,s35.mat,656951a3620d0ba432e24273d191fff428735e092833491599ca302e9bfcb51d,33279,Cho2017,Q15-E006,MU_BETA_SHARED,20260926,1.0,5.6329434172663895e-11,1
s35_1_retained_2_t011,35,1,retained_labeled_MI,2,s35.mat,656951a3620d0ba432e24273d191fff428735e092833491599ca302e9bfcb51d,36863,Cho2017,Q15-E006,MU_BETA_SHARED,20260926,3.279754778873212e-08,1.0,2
s35_1_retained_2_t012,35,1,retained_labeled_MI,2,s35.mat,656951a3620d0ba432e24273d191fff428735e092833491599ca302e9bfcb51d,40447,Cho2017,Q15-E006,MU_BETA_SHARED,20260926,1.1521655629564975e-08,1.0,2
s35_1_retained_2_t013,35,1,retained_labeled_MI,2,s35.mat,656951a3620d0ba432e24273d191fff428735e092833491599ca302e9bfcb51d,44031,Cho2017,Q15-E006,MU_BETA_SHARED,20260926,8.410329996877408e-07,0.9999991655349731,2
s35_1_retained_2_t014,35,1,retained_labeled_MI,2,s35.mat,656951a3620d0ba432e24273d191fff428735e092833491599ca302e9bfcb51d,47615,Cho2017,Q15-E006,MU_BETA_SHARED,20260926,7.828855754269532e-21,1.0,2
s35_1_retained_2_t015,35,1,retained_labeled_MI,2,s35.mat,656951a3620d0ba432e24273d191fff428735e092833491599ca302e9bfcb51d,51199,Cho2017,Q15-E006,MU_BETA_SHARED,20260926,1.2952400383831224e-18,1.0,2
s35_1_retained_2_t016,35,1,retained_labeled_MI,2,s35.mat,656951a3620d0ba432e24273d191fff428735e092833491599ca302e9bfcb51d,54783,Cho2017,Q15-E006,MU_BETA_SHARED,20260926,1.6500837318744743e-06,0.9999983310699463,2
s35_1_retained_2_t017,35,1,retained_labeled_MI,2,s35.mat,656951a3620d0ba432e24273d191fff428735e092833491599ca302e9bfcb51d,58367,Cho2017,Q15-E006,MU_BETA_SHARED,20260926,0.001237346907146275,0.9987627267837524,2
s35_1_retained_2_t018,35,1,retained_labeled_MI,2,s35.mat,656951a3620d0ba432e24273d191fff428735e092833491599ca302e9bfcb51d,61951,Cho2017,Q15-E006,MU_BETA_SHARED,20260926,0.00013147735444363207,0.9998685121536255,2
s35_1_retained_2_t019,35,1,retained_labeled_MI,2,s35.mat,656951a3620d0ba432e24273d191fff428735e092833491599ca302e9bfcb51d,65535,Cho2017,Q15-E006,MU_BETA_SHARED,20260926,1.8843531506718136e-05,0.999981164932251,2
s35_1_retained_2_t020,35,1,retained_labeled_MI,2,s35.mat,656951a3620d0ba432e24273d191fff428735e092833491599ca302e9bfcb51d,69119,Cho2017,Q15-E006,MU_BETA_SHARED,20260926,1.1993583370895067e-07,0.9999998807907104,2
s35_1_retained_2_t021,35,1,retained_labeled_MI,2,s35.mat,656951a3620d0ba432e24273d191fff428735e092833491599ca302e9bfcb51d,72703,Cho2017,Q15-E006,MU_BETA_SHARED,20260926,0.99983811378479,0.00016190079622901976,1
s35_1_retained_2_t022,35,1,retained_labeled_MI,2,s35.mat,656951a3620d0ba432e24273d191fff428735e092833491599ca302e9bfcb51d,76287,Cho2017,Q15-E006,MU_BETA_SHARED,20260926,0.9899362325668335,0.010063773021101952,1
s35_1_retained_2_t023,35,1,retained_labeled_MI,2,s35.mat,656951a3620d0ba432e24273d191fff428735e092833491599ca302e9bfcb51d,79871,Cho2017,Q15-E006,MU_BETA_SHARED,20260926,1.358271329272658e-16,1.0,2
s35_1_retained_2_t024,35,1,retained_labeled_MI,2,s35.mat,656951a3620d0ba432e24273d191fff428735e092833491599ca302e9bfcb51d,83455,Cho2017,Q15-E006,MU_BETA_SHARED,20260926,5.035639787820401e-06,0.9999949932098389,2
s35_1_retained_2_t025,35,1,retained_labeled_MI,2,s35.mat,656951a3620d0ba432e24273d191fff428735e092833491599ca302e9bfcb51d,87039,Cho2017,Q15-E006,MU_BETA_SHARED,20260926,1.7701453367338638e-12,1.0,2
s35_1_retained_2_t026,35,1,retained_labeled_MI,2,s35.mat,656951a3620d0ba432e24273d191fff428735e092833491599ca302e9bfcb51d,90623,Cho2017,Q15-E006,MU_BETA_SHARED,20260926,0.9997147917747498,0.0002851378812920302,1
s35_1_retained_2_t027,35,1,retained_labeled_MI,2,s35.mat,656951a3620d0ba432e24273d191fff428735e092833491599ca302e9bfcb51d,94207,Cho2017,Q15-E006,MU_BETA_SHARED,20260926,7.176193233399131e-13,1.0,2
s35_1_retained_2_t028,35,1,retained_labeled_MI,2,s35.mat,656951a3620d0ba432e24273d191fff428735e092833491599ca302e9bfcb51d,97791,Cho2017,Q15-E006,MU_BETA_SHARED,20260926,2.7684848191711353e-07,0.9999997615814209,2
s35_1_retained_2_t029,35,1,retained_labeled_MI,2,s35.mat,656951a3620d0ba432e24273d191fff428735e092833491599ca302e9bfcb51d,101375,Cho2017,Q15-E006,MU_BETA_SHARED,20260926,0.9988399147987366,0.001160118030384183,1
s35_1_retained_2_t030,35,1,retained_labeled_MI,2,s35.mat,656951a3620d0ba432e24273d191fff428735e092833491599ca302e9bfcb51d,104959,Cho2017,Q15-E006,MU_BETA_SHARED,20260926,2.2628462659213255e-08,1.0,2
s35_1_retained_2_t031,35,1,retained_labeled_MI,2,s35.mat,656951a3620d0ba432e24273d191fff428735e092833491599ca302e9bfcb51d,108543,Cho2017,Q15-E006,MU_BETA_SHARED,20260926,9.682680213174422e-10,1.0,2
s35_1_retained_2_t032,35,1,retained_labeled_MI,2,s35.mat,656951a3620d0ba432e24273d191fff428735e092833491599ca302e9bfcb51d,112127,Cho2017,Q15-E006,MU_BETA_SHARED,20260926,7.800081220921129e-06,0.9999922513961792,2
s35_1_retained_2_t033,35,1,retained_labeled_MI,2,s35.mat,656951a3620d0ba432e24273d191fff428735e092833491599ca302e9bfcb51d,115711,Cho2017,Q15-E006,MU_BETA_SHARED,20260926,0.0009614652954041958,0.999038577079773,2
s35_1_retained_2_t034,35,1,retained_labeled_MI,2,s35.mat,656951a3620d0ba432e24273d191fff428735e092833491599ca302e9bfcb51d,119295,Cho2017,Q15-E006,MU_BETA_SHARED,20260926,1.222717890478342e-12,1.0,2
s35_1_retained_2_t035,35,1,retained_labeled_MI,2,s35.mat,656951a3620d0ba432e24273d191fff428735e092833491599ca302e9bfcb51d,122879,Cho2017,Q15-E006,MU_BETA_SHARED,20260926,0.9999926090240479,7.4374138421262614e-06,1
s35_1_retained_2_t036,35,1,retained_labeled_MI,2,s35.mat,656951a3620d0ba432e24273d191fff428735e092833491599ca302e9bfcb51d,126463,Cho2017,Q15-E006,MU_BETA_SHARED,20260926,3.6660790101450402e-06,0.9999963045120239,2
s35_1_retained_2_t037,35,1,retained_labeled_MI,2,s35.mat,656951a3620d0ba432e24273d191fff428735e092833491599ca302e9bfcb51d,130047,Cho2017,Q15-E006,MU_BETA_SHARED,20260926,5.717551175621338e-06,0.9999942779541016,2
s35_1_retained_2_t038,35,1,retained_labeled_MI,2,s35.mat,656951a3620d0ba432e24273d191fff428735e092833491599ca302e9bfcb51d,133631,Cho2017,Q15-E006,MU_BETA_SHARED,20260926,0.990939736366272,0.009060254320502281,1
s35_1_retained_2_t039,35,1,retained_labeled_MI,2,s35.mat,656951a3620d0ba432e24273d191fff428735e092833491599ca302e9bfcb51d,137215,Cho2017,Q15-E006,MU_BETA_SHARED,20260926,0.45268937945365906,0.5473106503486633,2
s35_1_retained_2_t040,35,1,retained_labeled_MI,2,s35.mat,656951a3620d0ba432e24273d191fff428735e092833491599ca302e9bfcb51d,140799,Cho2017,Q15-E006,MU_BETA_SHARED,20260926,1.838772512030573e-08,1.0,2
s35_1_retained_2_t041,35,1,retained_labeled_MI,2,s35.mat,656951a3620d0ba432e24273d191fff428735e092833491599ca302e9bfcb51d,144383,Cho2017,Q15-E006,MU_BETA_SHARED,20260926,1.0,7.530736470581897e-16,1
s35_1_retained_2_t042,35,1,retained_labeled_MI,2,s35.mat,656951a3620d0ba432e24273d191fff428735e092833491599ca302e9bfcb51d,147967,Cho2017,Q15-E006,MU_BETA_SHARED,20260926,1.0,2.0475162411445998e-18,1
s35_1_retained_2_t043,35,1,retained_labeled_MI,2,s35.mat,656951a3620d0ba432e24273d191fff428735e092833491599ca302e9bfcb51d,151551,Cho2017,Q15-E006,MU_BETA_SHARED,20260926,0.0009839929407462478,0.9990160465240479,2
s35_1_retained_2_t044,35,1,retained_labeled_MI,2,s35.mat,656951a3620d0ba432e24273d191fff428735e092833491599ca302e9bfcb51d,155135,Cho2017,Q15-E006,MU_BETA_SHARED,20260926,0.020568624138832092,0.9794313311576843,2
s35_1_retained_2_t045,35,1,retained_labeled_MI,2,s35.mat,656951a3620d0ba432e24273d191fff428735e092833491599ca302e9bfcb51d,158719,Cho2017,Q15-E006,MU_BETA_SHARED,20260926,1.0,4.4991064564424705e-24,1
s35_1_retained_2_t046,35,1,retained_labeled_MI,2,s35.mat,656951a3620d0ba432e24273d191fff428735e092833491599ca302e9bfcb51d,162303,Cho2017,Q15-E006,MU_BETA_SHARED,20260926,0.000669133267365396,0.9993308782577515,2
s35_1_retained_2_t047,35,1,retained_labeled_MI,2,s35.mat,656951a3620d0ba432e24273d191fff428735e092833491599ca302e9bfcb51d,165887,Cho2017,Q15-E006,MU_BETA_SHARED,20260926,0.9993003606796265,0.0006996261654421687,1
s35_1_retained_2_t048,35,1,retained_labeled_MI,2,s35.mat,656951a3620d0ba432e24273d191fff428735e092833491599ca302e9bfcb51d,169471,Cho2017,Q15-E006,MU_BETA_SHARED,20260926,1.0,1.469173560586512e-09,1
s35_1_retained_2_t049,35,1,retained_labeled_MI,2,s35.mat,656951a3620d0ba432e24273d191fff428735e092833491599ca302e9bfcb51d,173055,Cho2017,Q15-E006,MU_BETA_SHARED,20260926,0.953829288482666,0.04617071896791458,1
s35_1_retained_2_t050,35,1,retained_labeled_MI,2,s35.mat,656951a3620d0ba432e24273d191fff428735e092833491599ca302e9bfcb51d,176639,Cho2017,Q15-E006,MU_BETA_SHARED,20260926,0.7054111957550049,0.2945888042449951,1
s35_1_retained_2_t051,35,1,retained_labeled_MI,2,s35.mat,656951a3620d0ba432e24273d191fff428735e092833491599ca302e9bfcb51d,180223,Cho2017,Q15-E006,MU_BETA_SHARED,20260926,1.3243458386142867e-14,1.0,2
s35_1_retained_2_t052,35,1,retained_labeled_MI,2,s35.mat,656951a3620d0ba432e24273d191fff428735e092833491599ca302e9bfcb51d,183807,Cho2017,Q15-E006,MU_BETA_SHARED,20260926,0.01953386701643467,0.9804660677909851,2
s35_1_retained_2_t053,35,1,retained_labeled_MI,2,s35.mat,656951a3620d0ba432e24273d191fff428735e092833491599ca302e9bfcb51d,187391,Cho2017,Q15-E006,MU_BETA_SHARED,20260926,6.558155130065302e-10,1.0,2
s35_1_retained_2_t054,35,1,retained_labeled_MI,2,s35.mat,656951a3620d0ba432e24273d191fff428735e092833491599ca302e9bfcb51d,190975,Cho2017,Q15-E006,MU_BETA_SHARED,20260926,1.0,5.959245097386656e-09,1
s35_1_retained_2_t055,35,1,retained_labeled_MI,2,s35.mat,656951a3620d0ba432e24273d191fff428735e092833491599ca302e9bfcb51d,194559,Cho2017,Q15-E006,MU_BETA_SHARED,20260926,1.0,1.3226811645949965e-08,1
s35_1_retained_2_t056,35,1,retained_labeled_MI,2,s35.mat,656951a3620d0ba432e24273d191fff428735e092833491599ca302e9bfcb51d,198143,Cho2017,Q15-E006,MU_BETA_SHARED,20260926,0.48508700728416443,0.5149129629135132,2
s35_1_retained_2_t057,35,1,retained_labeled_MI,2,s35.mat,656951a3620d0ba432e24273d191fff428735e092833491599ca302e9bfcb51d,201727,Cho2017,Q15-E006,MU_BETA_SHARED,20260926,0.9999995231628418,5.149971684659249e-07,1
s35_1_retained_2_t058,35,1,retained_labeled_MI,2,s35.mat,656951a3620d0ba432e24273d191fff428735e092833491599ca302e9bfcb51d,205311,Cho2017,Q15-E006,MU_BETA_SHARED,20260926,1.0,2.4345144566950694e-08,1
s35_1_retained_2_t059,35,1,retained_labeled_MI,2,s35.mat,656951a3620d0ba432e24273d191fff428735e092833491599ca302e9bfcb51d,208895,Cho2017,Q15-E006,MU_BETA_SHARED,20260926,0.04265874996781349,0.9573412537574768,2
s35_1_retained_2_t060,35,1,retained_labeled_MI,2,s35.mat,656951a3620d0ba432e24273d191fff428735e092833491599ca302e9bfcb51d,212479,Cho2017,Q15-E006,MU_BETA_SHARED,20260926,3.9889431005264014e-14,1.0,2
s35_1_retained_2_t061,35,1,retained_labeled_MI,2,s35.mat,656951a3620d0ba432e24273d191fff428735e092833491599ca302e9bfcb51d,216063,Cho2017,Q15-E006,MU_BETA_SHARED,20260926,1.0,2.8690910758299992e-11,1
s35_1_retained_2_t062,35,1,retained_labeled_MI,2,s35.mat,656951a3620d0ba432e24273d191fff428735e092833491599ca302e9bfcb51d,219647,Cho2017,Q15-E006,MU_BETA_SHARED,20260926,0.9996989965438843,0.0003009966167155653,1
s35_1_retained_2_t063,35,1,retained_labeled_MI,2,s35.mat,656951a3620d0ba432e24273d191fff428735e092833491599ca302e9bfcb51d,223231,Cho2017,Q15-E006,MU_BETA_SHARED,20260926,1.0,4.235925152307196e-11,1
s35_1_retained_2_t064,35,1,retained_labeled_MI,2,s35.mat,656951a3620d0ba432e24273d191fff428735e092833491599ca302e9bfcb51d,226815,Cho2017,Q15-E006,MU_BETA_SHARED,20260926,1.0,1.787503088254705e-12,1
s35_1_retained_2_t065,35,1,retained_labeled_MI,2,s35.mat,656951a3620d0ba432e24273d191fff428735e092833491599ca302e9bfcb51d,230399,Cho2017,Q15-E006,MU_BETA_SHARED,20260926,1.0,6.946124448195534e-13,1
s35_1_retained_2_t066,35,1,retained_labeled_MI,2,s35.mat,656951a3620d0ba432e24273d191fff428735e092833491599ca302e9bfcb51d,233983,Cho2017,Q15-E006,MU_BETA_SHARED,20260926,0.9405345320701599,0.059465423226356506,1
s35_1_retained_2_t067,35,1,retained_labeled_MI,2,s35.mat,656951a3620d0ba432e24273d191fff428735e092833491599ca302e9bfcb51d,237567,Cho2017,Q15-E006,MU_BETA_SHARED,20260926,1.0,1.4263787199986222e-11,1
s35_1_retained_2_t068,35,1,retained_labeled_MI,2,s35.mat,656951a3620d0ba432e24273d191fff428735e092833491599ca302e9bfcb51d,241151,Cho2017,Q15-E006,MU_BETA_SHARED,20260926,1.0,4.0135375911631854e-08,1
s35_1_retained_2_t069,35,1,retained_labeled_MI,2,s35.mat,656951a3620d0ba432e24273d191fff428735e092833491599ca302e9bfcb51d,244735,Cho2017,Q15-E006,MU_BETA_SHARED,20260926,1.0,4.811220311040643e-09,1
s35_1_retained_2_t070,35,1,retained_labeled_MI,2,s35.mat,656951a3620d0ba432e24273d191fff428735e092833491599ca302e9bfcb51d,248319,Cho2017,Q15-E006,MU_BETA_SHARED,20260926,0.8223732709884644,0.17762669920921326,1
s35_1_retained_2_t071,35,1,retained_labeled_MI,2,s35.mat,656951a3620d0ba432e24273d191fff428735e092833491599ca302e9bfcb51d,251903,Cho2017,Q15-E006,MU_BETA_SHARED,20260926,1.0,4.988454338680933e-19,1
s35_1_retained_2_t072,35,1,retained_labeled_MI,2,s35.mat,656951a3620d0ba432e24273d191fff428735e092833491599ca302e9bfcb51d,255487,Cho2017,Q15-E006,MU_BETA_SHARED,20260926,0.02051883563399315,0.9794812202453613,2
s35_1_retained_2_t073,35,1,retained_labeled_MI,2,s35.mat,656951a3620d0ba432e24273d191fff428735e092833491599ca302e9bfcb51d,259071,Cho2017,Q15-E006,MU_BETA_SHARED,20260926,1.0,8.93788954184501e-16,1
s35_1_retained_2_t074,35,1,retained_labeled_MI,2,s35.mat,656951a3620d0ba432e24273d191fff428735e092833491599ca302e9bfcb51d,262655,Cho2017,Q15-E006,MU_BETA_SHARED,20260926,1.0,1.2417266326281151e-08,1
s35_1_retained_2_t075,35,1,retained_labeled_MI,2,s35.mat,656951a3620d0ba432e24273d191fff428735e092833491599ca302e9bfcb51d,266239,Cho2017,Q15-E006,MU_BETA_SHARED,20260926,1.0,1.835443472555931e-12,1
s35_1_retained_2_t076,35,1,retained_labeled_MI,2,s35.mat,656951a3620d0ba432e24273d191fff428735e092833491599ca302e9bfcb51d,269823,Cho2017,Q15-E006,MU_BETA_SHARED,20260926,1.0,4.5083757071318044e-20,1
s35_1_retained_2_t077,35,1,retained_labeled_MI,2,s35.mat,656951a3620d0ba432e24273d191fff428735e092833491599ca302e9bfcb51d,273407,Cho2017,Q15-E006,MU_BETA_SHARED,20260926,0.054811857640743256,0.9451881051063538,2
s35_1_retained_2_t078,35,1,retained_labeled_MI,2,s35.mat,656951a3620d0ba432e24273d191fff428735e092833491599ca302e9bfcb51d,276991,Cho2017,Q15-E006,MU_BETA_SHARED,20260926,0.9999998807907104,6.128124141469016e-08,1
s35_1_retained_2_t079,35,1,retained_labeled_MI,2,s35.mat,656951a3620d0ba432e24273d191fff428735e092833491599ca302e9bfcb51d,280575,Cho2017,Q15-E006,MU_BETA_SHARED,20260926,0.2538105249404907,0.7461894154548645,2
s35_1_retained_2_t080,35,1,retained_labeled_MI,2,s35.mat,656951a3620d0ba432e24273d191fff428735e092833491599ca302e9bfcb51d,284159,Cho2017,Q15-E006,MU_BETA_SHARED,20260926,0.9999839067459106,1.6058394976425916e-05,1
s35_1_retained_2_t081,35,1,retained_labeled_MI,2,s35.mat,656951a3620d0ba432e24273d191fff428735e092833491599ca302e9bfcb51d,287743,Cho2017,Q15-E006,MU_BETA_SHARED,20260926,1.0,1.5166761482551658e-26,1
s35_1_retained_2_t082,35,1,retained_labeled_MI,2,s35.mat,656951a3620d0ba432e24273d191fff428735e092833491599ca302e9bfcb51d,291327,Cho2017,Q15-E006,MU_BETA_SHARED,20260926,0.999934196472168,6.578755710506812e-05,1
s35_1_retained_2_t083,35,1,retained_labeled_MI,2,s35.mat,656951a3620d0ba432e24273d191fff428735e092833491599ca302e9bfcb51d,294911,Cho2017,Q15-E006,MU_BETA_SHARED,20260926,0.730904221534729,0.2690957486629486,1
s35_1_retained_2_t084,35,1,retained_labeled_MI,2,s35.mat,656951a3620d0ba432e24273d191fff428735e092833491599ca302e9bfcb51d,298495,Cho2017,Q15-E006,MU_BETA_SHARED,20260926,0.004353807773441076,0.9956461787223816,2
s35_1_retained_2_t085,35,1,retained_labeled_MI,2,s35.mat,656951a3620d0ba432e24273d191fff428735e092833491599ca302e9bfcb51d,302079,Cho2017,Q15-E006,MU_BETA_SHARED,20260926,0.42272937297821045,0.5772706270217896,2
s35_1_retained_2_t086,35,1,retained_labeled_MI,2,s35.mat,656951a3620d0ba432e24273d191fff428735e092833491599ca302e9bfcb51d,305663,Cho2017,Q15-E006,MU_BETA_SHARED,20260926,1.1865647138620261e-05,0.9999880790710449,2
s35_1_retained_2_t087,35,1,retained_labeled_MI,2,s35.mat,656951a3620d0ba432e24273d191fff428735e092833491599ca302e9bfcb51d,309247,Cho2017,Q15-E006,MU_BETA_SHARED,20260926,1.0,2.174339597260655e-09,1
s35_1_retained_2_t088,35,1,retained_labeled_MI,2,s35.mat,656951a3620d0ba432e24273d191fff428735e092833491599ca302e9bfcb51d,312831,Cho2017,Q15-E006,MU_BETA_SHARED,20260926,1.0,6.056311452340424e-09,1
s35_1_retained_2_t089,35,1,retained_labeled_MI,2,s35.mat,656951a3620d0ba432e24273d191fff428735e092833491599ca302e9bfcb51d,316415,Cho2017,Q15-E006,MU_BETA_SHARED,20260926,3.6501381378442697e-16,1.0,2
s35_1_retained_2_t090,35,1,retained_labeled_MI,2,s35.mat,656951a3620d0ba432e24273d191fff428735e092833491599ca302e9bfcb51d,319999,Cho2017,Q15-E006,MU_BETA_SHARED,20260926,1.0664954475103627e-09,1.0,2
s35_1_retained_2_t091,35,1,retained_labeled_MI,2,s35.mat,656951a3620d0ba432e24273d191fff428735e092833491599ca302e9bfcb51d,323583,Cho2017,Q15-E006,MU_BETA_SHARED,20260926,0.9953664541244507,0.0046335188671946526,1
s35_1_retained_2_t092,35,1,retained_labeled_MI,2,s35.mat,656951a3620d0ba432e24273d191fff428735e092833491599ca302e9bfcb51d,327167,Cho2017,Q15-E006,MU_BETA_SHARED,20260926,0.0028761045541614294,0.9971238970756531,2
s35_1_retained_2_t093,35,1,retained_labeled_MI,2,s35.mat,656951a3620d0ba432e24273d191fff428735e092833491599ca302e9bfcb51d,330751,Cho2017,Q15-E006,MU_BETA_SHARED,20260926,2.9458069487962694e-16,1.0,2
s35_1_retained_2_t094,35,1,retained_labeled_MI,2,s35.mat,656951a3620d0ba432e24273d191fff428735e092833491599ca302e9bfcb51d,334335,Cho2017,Q15-E006,MU_BETA_SHARED,20260926,0.9998801946640015,0.00011977764370385557,1
s35_1_retained_2_t095,35,1,retained_labeled_MI,2,s35.mat,656951a3620d0ba432e24273d191fff428735e092833491599ca302e9bfcb51d,337919,Cho2017,Q15-E006,MU_BETA_SHARED,20260926,2.307563591163325e-13,1.0,2
s35_1_retained_2_t096,35,1,retained_labeled_MI,2,s35.mat,656951a3620d0ba432e24273d191fff428735e092833491599ca302e9bfcb51d,341503,Cho2017,Q15-E006,MU_BETA_SHARED,20260926,7.297855063370662e-06,0.9999927282333374,2
s35_1_retained_2_t097,35,1,retained_labeled_MI,2,s35.mat,656951a3620d0ba432e24273d191fff428735e092833491599ca302e9bfcb51d,345087,Cho2017,Q15-E006,MU_BETA_SHARED,20260926,0.0024599931202828884,0.9975399971008301,2
s35_1_retained_2_t098,35,1,retained_labeled_MI,2,s35.mat,656951a3620d0ba432e24273d191fff428735e092833491599ca302e9bfcb51d,348671,Cho2017,Q15-E006,MU_BETA_SHARED,20260926,1.0,1.7773872651449807e-10,1
s35_1_retained_2_t099,35,1,retained_labeled_MI,2,s35.mat,656951a3620d0ba432e24273d191fff428735e092833491599ca302e9bfcb51d,352255,Cho2017,Q15-E006,MU_BETA_SHARED,20260926,0.9999158382415771,8.417315984843299e-05,1
s35_1_retained_2_t100,35,1,retained_labeled_MI,2,s35.mat,656951a3620d0ba432e24273d191fff428735e092833491599ca302e9bfcb51d,355839,Cho2017,Q15-E006,MU_BETA_SHARED,20260926,0.0002692149137146771,0.9997307658195496,2
s35_1_retained_1_t001,35,1,retained_labeled_MI,1,s35.mat,656951a3620d0ba432e24273d191fff428735e092833491599ca302e9bfcb51d,1023,Cho2017,Q15-E006,CSP4_LDA,deterministic,0.7909959878880023,0.20900401211199768,1
s35_1_retained_1_t002,35,1,retained_labeled_MI,1,s35.mat,656951a3620d0ba432e24273d191fff428735e092833491599ca302e9bfcb51d,4607,Cho2017,Q15-E006,CSP4_LDA,deterministic,0.8042479099355907,0.1957520900644093,1
s35_1_retained_1_t003,35,1,retained_labeled_MI,1,s35.mat,656951a3620d0ba432e24273d191fff428735e092833491599ca302e9bfcb51d,8191,Cho2017,Q15-E006,CSP4_LDA,deterministic,0.7414994059218578,0.25850059407814224,1
s35_1_retained_1_t004,35,1,retained_labeled_MI,1,s35.mat,656951a3620d0ba432e24273d191fff428735e092833491599ca302e9bfcb51d,11775,Cho2017,Q15-E006,CSP4_LDA,deterministic,0.7903358392091986,0.20966416079080136,1
s35_1_retained_1_t005,35,1,retained_labeled_MI,1,s35.mat,656951a3620d0ba432e24273d191fff428735e092833491599ca302e9bfcb51d,15359,Cho2017,Q15-E006,CSP4_LDA,deterministic,0.7291865961761342,0.27081340382386576,1
s35_1_retained_1_t006,35,1,retained_labeled_MI,1,s35.mat,656951a3620d0ba432e24273d191fff428735e092833491599ca302e9bfcb51d,18943,Cho2017,Q15-E006,CSP4_LDA,deterministic,0.660627287892305,0.339372712107695,1
s35_1_retained_1_t007,35,1,retained_labeled_MI,1,s35.mat,656951a3620d0ba432e24273d191fff428735e092833491599ca302e9bfcb51d,22527,Cho2017,Q15-E006,CSP4_LDA,deterministic,0.6903060949896529,0.30969390501034705,1
s35_1_retained_1_t008,35,1,retained_labeled_MI,1,s35.mat,656951a3620d0ba432e24273d191fff428735e092833491599ca302e9bfcb51d,26111,Cho2017,Q15-E006,CSP4_LDA,deterministic,0.6499428738687302,0.3500571261312698,1
s35_1_retained_1_t009,35,1,retained_labeled_MI,1,s35.mat,656951a3620d0ba432e24273d191fff428735e092833491599ca302e9bfcb51d,29695,Cho2017,Q15-E006,CSP4_LDA,deterministic,0.6646677344093288,0.33533226559067125,1
s35_1_retained_1_t010,35,1,retained_labeled_MI,1,s35.mat,656951a3620d0ba432e24273d191fff428735e092833491599ca302e9bfcb51d,33279,Cho2017,Q15-E006,CSP4_LDA,deterministic,0.7213606455681334,0.2786393544318666,1
s35_1_retained_1_t011,35,1,retained_labeled_MI,1,s35.mat,656951a3620d0ba432e24273d191fff428735e092833491599ca302e9bfcb51d,36863,Cho2017,Q15-E006,CSP4_LDA,deterministic,0.7329626048236986,0.2670373951763014,1
s35_1_retained_1_t012,35,1,retained_labeled_MI,1,s35.mat,656951a3620d0ba432e24273d191fff428735e092833491599ca302e9bfcb51d,40447,Cho2017,Q15-E006,CSP4_LDA,deterministic,0.6876125667862727,0.3123874332137273,1
s35_1_retained_1_t013,35,1,retained_labeled_MI,1,s35.mat,656951a3620d0ba432e24273d191fff428735e092833491599ca302e9bfcb51d,44031,Cho2017,Q15-E006,CSP4_LDA,deterministic,0.6325192581041141,0.3674807418958858,1
s35_1_retained_1_t014,35,1,retained_labeled_MI,1,s35.mat,656951a3620d0ba432e24273d191fff428735e092833491599ca302e9bfcb51d,47615,Cho2017,Q15-E006,CSP4_LDA,deterministic,0.7601279456337213,0.23987205436627873,1
s35_1_retained_1_t015,35,1,retained_labeled_MI,1,s35.mat,656951a3620d0ba432e24273d191fff428735e092833491599ca302e9bfcb51d,51199,Cho2017,Q15-E006,CSP4_LDA,deterministic,0.6763122085661841,0.3236877914338158,1
s35_1_retained_1_t016,35,1,retained_labeled_MI,1,s35.mat,656951a3620d0ba432e24273d191fff428735e092833491599ca302e9bfcb51d,54783,Cho2017,Q15-E006,CSP4_LDA,deterministic,0.760257580350727,0.23974241964927306,1
s35_1_retained_1_t017,35,1,retained_labeled_MI,1,s35.mat,656951a3620d0ba432e24273d191fff428735e092833491599ca302e9bfcb51d,58367,Cho2017,Q15-E006,CSP4_LDA,deterministic,0.7216459286456087,0.2783540713543912,1
s35_1_retained_1_t018,35,1,retained_labeled_MI,1,s35.mat,656951a3620d0ba432e24273d191fff428735e092833491599ca302e9bfcb51d,61951,Cho2017,Q15-E006,CSP4_LDA,deterministic,0.6457119103380329,0.3542880896619672,1
s35_1_retained_1_t019,35,1,retained_labeled_MI,1,s35.mat,656951a3620d0ba432e24273d191fff428735e092833491599ca302e9bfcb51d,65535,Cho2017,Q15-E006,CSP4_LDA,deterministic,0.6757340045484759,0.32426599545152407,1
s35_1_retained_1_t020,35,1,retained_labeled_MI,1,s35.mat,656951a3620d0ba432e24273d191fff428735e092833491599ca302e9bfcb51d,69119,Cho2017,Q15-E006,CSP4_LDA,deterministic,0.7221513276094635,0.2778486723905364,1
s35_1_retained_1_t021,35,1,retained_labeled_MI,1,s35.mat,656951a3620d0ba432e24273d191fff428735e092833491599ca302e9bfcb51d,72703,Cho2017,Q15-E006,CSP4_LDA,deterministic,0.7667808944224515,0.23321910557754857,1
s35_1_retained_1_t022,35,1,retained_labeled_MI,1,s35.mat,656951a3620d0ba432e24273d191fff428735e092833491599ca302e9bfcb51d,76287,Cho2017,Q15-E006,CSP4_LDA,deterministic,0.7055618543426716,0.2944381456573284,1
s35_1_retained_1_t023,35,1,retained_labeled_MI,1,s35.mat,656951a3620d0ba432e24273d191fff428735e092833491599ca302e9bfcb51d,79871,Cho2017,Q15-E006,CSP4_LDA,deterministic,0.6772653343086055,0.3227346656913945,1
s35_1_retained_1_t024,35,1,retained_labeled_MI,1,s35.mat,656951a3620d0ba432e24273d191fff428735e092833491599ca302e9bfcb51d,83455,Cho2017,Q15-E006,CSP4_LDA,deterministic,0.7752867772572248,0.22471322274277516,1
s35_1_retained_1_t025,35,1,retained_labeled_MI,1,s35.mat,656951a3620d0ba432e24273d191fff428735e092833491599ca302e9bfcb51d,87039,Cho2017,Q15-E006,CSP4_LDA,deterministic,0.6639272393022677,0.3360727606977323,1
s35_1_retained_1_t026,35,1,retained_labeled_MI,1,s35.mat,656951a3620d0ba432e24273d191fff428735e092833491599ca302e9bfcb51d,90623,Cho2017,Q15-E006,CSP4_LDA,deterministic,0.7509638090919959,0.24903619090800413,1
s35_1_retained_1_t027,35,1,retained_labeled_MI,1,s35.mat,656951a3620d0ba432e24273d191fff428735e092833491599ca302e9bfcb51d,94207,Cho2017,Q15-E006,CSP4_LDA,deterministic,0.7803327888049626,0.21966721119503738,1
s35_1_retained_1_t028,35,1,retained_labeled_MI,1,s35.mat,656951a3620d0ba432e24273d191fff428735e092833491599ca302e9bfcb51d,97791,Cho2017,Q15-E006,CSP4_LDA,deterministic,0.6578290927493606,0.3421709072506394,1
s35_1_retained_1_t029,35,1,retained_labeled_MI,1,s35.mat,656951a3620d0ba432e24273d191fff428735e092833491599ca302e9bfcb51d,101375,Cho2017,Q15-E006,CSP4_LDA,deterministic,0.6096878002133226,0.3903121997866774,1
s35_1_retained_1_t030,35,1,retained_labeled_MI,1,s35.mat,656951a3620d0ba432e24273d191fff428735e092833491599ca302e9bfcb51d,104959,Cho2017,Q15-E006,CSP4_LDA,deterministic,0.6595826059027898,0.3404173940972101,1
s35_1_retained_1_t031,35,1,retained_labeled_MI,1,s35.mat,656951a3620d0ba432e24273d191fff428735e092833491599ca302e9bfcb51d,108543,Cho2017,Q15-E006,CSP4_LDA,deterministic,0.7215281403073022,0.2784718596926978,1
s35_1_retained_1_t032,35,1,retained_labeled_MI,1,s35.mat,656951a3620d0ba432e24273d191fff428735e092833491599ca302e9bfcb51d,112127,Cho2017,Q15-E006,CSP4_LDA,deterministic,0.6674010191525308,0.33259898084746925,1
s35_1_retained_1_t033,35,1,retained_labeled_MI,1,s35.mat,656951a3620d0ba432e24273d191fff428735e092833491599ca302e9bfcb51d,115711,Cho2017,Q15-E006,CSP4_LDA,deterministic,0.6224872051822745,0.3775127948177255,1
s35_1_retained_1_t034,35,1,retained_labeled_MI,1,s35.mat,656951a3620d0ba432e24273d191fff428735e092833491599ca302e9bfcb51d,119295,Cho2017,Q15-E006,CSP4_LDA,deterministic,0.6641653592028246,0.3358346407971754,1
s35_1_retained_1_t035,35,1,retained_labeled_MI,1,s35.mat,656951a3620d0ba432e24273d191fff428735e092833491599ca302e9bfcb51d,122879,Cho2017,Q15-E006,CSP4_LDA,deterministic,0.726014009091176,0.27398599090882403,1
s35_1_retained_1_t036,35,1,retained_labeled_MI,1,s35.mat,656951a3620d0ba432e24273d191fff428735e092833491599ca302e9bfcb51d,126463,Cho2017,Q15-E006,CSP4_LDA,deterministic,0.7163990529643764,0.2836009470356235,1
s35_1_retained_1_t037,35,1,retained_labeled_MI,1,s35.mat,656951a3620d0ba432e24273d191fff428735e092833491599ca302e9bfcb51d,130047,Cho2017,Q15-E006,CSP4_LDA,deterministic,0.7655073704012277,0.23449262959877226,1
s35_1_retained_1_t038,35,1,retained_labeled_MI,1,s35.mat,656951a3620d0ba432e24273d191fff428735e092833491599ca302e9bfcb51d,133631,Cho2017,Q15-E006,CSP4_LDA,deterministic,0.6154740613444063,0.3845259386555937,1
s35_1_retained_1_t039,35,1,retained_labeled_MI,1,s35.mat,656951a3620d0ba432e24273d191fff428735e092833491599ca302e9bfcb51d,137215,Cho2017,Q15-E006,CSP4_LDA,deterministic,0.7379470342330021,0.2620529657669978,1
s35_1_retained_1_t040,35,1,retained_labeled_MI,1,s35.mat,656951a3620d0ba432e24273d191fff428735e092833491599ca302e9bfcb51d,140799,Cho2017,Q15-E006,CSP4_LDA,deterministic,0.5953887333820447,0.4046112666179554,1
s35_1_retained_1_t041,35,1,retained_labeled_MI,1,s35.mat,656951a3620d0ba432e24273d191fff428735e092833491599ca302e9bfcb51d,144383,Cho2017,Q15-E006,CSP4_LDA,deterministic,0.769119856746374,0.23088014325362605,1
s35_1_retained_1_t042,35,1,retained_labeled_MI,1,s35.mat,656951a3620d0ba432e24273d191fff428735e092833491599ca302e9bfcb51d,147967,Cho2017,Q15-E006,CSP4_LDA,deterministic,0.8650256709809786,0.13497432901902137,1
s35_1_retained_1_t043,35,1,retained_labeled_MI,1,s35.mat,656951a3620d0ba432e24273d191fff428735e092833491599ca302e9bfcb51d,151551,Cho2017,Q15-E006,CSP4_LDA,deterministic,0.8582569931718456,0.1417430068281544,1
s35_1_retained_1_t044,35,1,retained_labeled_MI,1,s35.mat,656951a3620d0ba432e24273d191fff428735e092833491599ca302e9bfcb51d,155135,Cho2017,Q15-E006,CSP4_LDA,deterministic,0.8497123558927298,0.1502876441072703,1
s35_1_retained_1_t045,35,1,retained_labeled_MI,1,s35.mat,656951a3620d0ba432e24273d191fff428735e092833491599ca302e9bfcb51d,158719,Cho2017,Q15-E006,CSP4_LDA,deterministic,0.796531391021891,0.2034686089781091,1
s35_1_retained_1_t046,35,1,retained_labeled_MI,1,s35.mat,656951a3620d0ba432e24273d191fff428735e092833491599ca302e9bfcb51d,162303,Cho2017,Q15-E006,CSP4_LDA,deterministic,0.7148635177773157,0.28513648222268423,1
s35_1_retained_1_t047,35,1,retained_labeled_MI,1,s35.mat,656951a3620d0ba432e24273d191fff428735e092833491599ca302e9bfcb51d,165887,Cho2017,Q15-E006,CSP4_LDA,deterministic,0.832405004189697,0.167594995810303,1
s35_1_retained_1_t048,35,1,retained_labeled_MI,1,s35.mat,656951a3620d0ba432e24273d191fff428735e092833491599ca302e9bfcb51d,169471,Cho2017,Q15-E006,CSP4_LDA,deterministic,0.8042570292704948,0.19574297072950517,1
s35_1_retained_1_t049,35,1,retained_labeled_MI,1,s35.mat,656951a3620d0ba432e24273d191fff428735e092833491599ca302e9bfcb51d,173055,Cho2017,Q15-E006,CSP4_LDA,deterministic,0.8409074023843658,0.15909259761563424,1
s35_1_retained_1_t050,35,1,retained_labeled_MI,1,s35.mat,656951a3620d0ba432e24273d191fff428735e092833491599ca302e9bfcb51d,176639,Cho2017,Q15-E006,CSP4_LDA,deterministic,0.7514220099134727,0.2485779900865272,1
s35_1_retained_1_t051,35,1,retained_labeled_MI,1,s35.mat,656951a3620d0ba432e24273d191fff428735e092833491599ca302e9bfcb51d,180223,Cho2017,Q15-E006,CSP4_LDA,deterministic,0.7305674790777952,0.26943252092220477,1
s35_1_retained_1_t052,35,1,retained_labeled_MI,1,s35.mat,656951a3620d0ba432e24273d191fff428735e092833491599ca302e9bfcb51d,183807,Cho2017,Q15-E006,CSP4_LDA,deterministic,0.834357874653777,0.16564212534622308,1
s35_1_retained_1_t053,35,1,retained_labeled_MI,1,s35.mat,656951a3620d0ba432e24273d191fff428735e092833491599ca302e9bfcb51d,187391,Cho2017,Q15-E006,CSP4_LDA,deterministic,0.8365003112024507,0.1634996887975493,1
s35_1_retained_1_t054,35,1,retained_labeled_MI,1,s35.mat,656951a3620d0ba432e24273d191fff428735e092833491599ca302e9bfcb51d,190975,Cho2017,Q15-E006,CSP4_LDA,deterministic,0.7995914530543994,0.20040854694560065,1
s35_1_retained_1_t055,35,1,retained_labeled_MI,1,s35.mat,656951a3620d0ba432e24273d191fff428735e092833491599ca302e9bfcb51d,194559,Cho2017,Q15-E006,CSP4_LDA,deterministic,0.7648781608102618,0.23512183918973817,1
s35_1_retained_1_t056,35,1,retained_labeled_MI,1,s35.mat,656951a3620d0ba432e24273d191fff428735e092833491599ca302e9bfcb51d,198143,Cho2017,Q15-E006,CSP4_LDA,deterministic,0.7421814770768171,0.2578185229231828,1
s35_1_retained_1_t057,35,1,retained_labeled_MI,1,s35.mat,656951a3620d0ba432e24273d191fff428735e092833491599ca302e9bfcb51d,201727,Cho2017,Q15-E006,CSP4_LDA,deterministic,0.7245713506982718,0.27542864930172817,1
s35_1_retained_1_t058,35,1,retained_labeled_MI,1,s35.mat,656951a3620d0ba432e24273d191fff428735e092833491599ca302e9bfcb51d,205311,Cho2017,Q15-E006,CSP4_LDA,deterministic,0.6856808662517052,0.3143191337482948,1
s35_1_retained_1_t059,35,1,retained_labeled_MI,1,s35.mat,656951a3620d0ba432e24273d191fff428735e092833491599ca302e9bfcb51d,208895,Cho2017,Q15-E006,CSP4_LDA,deterministic,0.4809046700394065,0.5190953299605935,2
s35_1_retained_1_t060,35,1,retained_labeled_MI,1,s35.mat,656951a3620d0ba432e24273d191fff428735e092833491599ca302e9bfcb51d,212479,Cho2017,Q15-E006,CSP4_LDA,deterministic,0.6176109030830177,0.3823890969169823,1
s35_1_retained_1_t061,35,1,retained_labeled_MI,1,s35.mat,656951a3620d0ba432e24273d191fff428735e092833491599ca302e9bfcb51d,216063,Cho2017,Q15-E006,CSP4_LDA,deterministic,0.9149237735852043,0.08507622641479576,1
s35_1_retained_1_t062,35,1,retained_labeled_MI,1,s35.mat,656951a3620d0ba432e24273d191fff428735e092833491599ca302e9bfcb51d,219647,Cho2017,Q15-E006,CSP4_LDA,deterministic,0.8298660630763799,0.17013393692362008,1
s35_1_retained_1_t063,35,1,retained_labeled_MI,1,s35.mat,656951a3620d0ba432e24273d191fff428735e092833491599ca302e9bfcb51d,223231,Cho2017,Q15-E006,CSP4_LDA,deterministic,0.6939691018144103,0.30603089818558976,1
s35_1_retained_1_t064,35,1,retained_labeled_MI,1,s35.mat,656951a3620d0ba432e24273d191fff428735e092833491599ca302e9bfcb51d,226815,Cho2017,Q15-E006,CSP4_LDA,deterministic,0.6561636916111426,0.3438363083888574,1
s35_1_retained_1_t065,35,1,retained_labeled_MI,1,s35.mat,656951a3620d0ba432e24273d191fff428735e092833491599ca302e9bfcb51d,230399,Cho2017,Q15-E006,CSP4_LDA,deterministic,0.783318914673477,0.216681085326523,1
s35_1_retained_1_t066,35,1,retained_labeled_MI,1,s35.mat,656951a3620d0ba432e24273d191fff428735e092833491599ca302e9bfcb51d,233983,Cho2017,Q15-E006,CSP4_LDA,deterministic,0.9052711383696476,0.09472886163035243,1
s35_1_retained_1_t067,35,1,retained_labeled_MI,1,s35.mat,656951a3620d0ba432e24273d191fff428735e092833491599ca302e9bfcb51d,237567,Cho2017,Q15-E006,CSP4_LDA,deterministic,0.7372555710532396,0.2627444289467604,1
s35_1_retained_1_t068,35,1,retained_labeled_MI,1,s35.mat,656951a3620d0ba432e24273d191fff428735e092833491599ca302e9bfcb51d,241151,Cho2017,Q15-E006,CSP4_LDA,deterministic,0.6561444667695704,0.34385553323042967,1
s35_1_retained_1_t069,35,1,retained_labeled_MI,1,s35.mat,656951a3620d0ba432e24273d191fff428735e092833491599ca302e9bfcb51d,244735,Cho2017,Q15-E006,CSP4_LDA,deterministic,0.6751588269972799,0.32484117300272014,1
s35_1_retained_1_t070,35,1,retained_labeled_MI,1,s35.mat,656951a3620d0ba432e24273d191fff428735e092833491599ca302e9bfcb51d,248319,Cho2017,Q15-E006,CSP4_LDA,deterministic,0.79487034502406,0.20512965497594007,1
s35_1_retained_1_t071,35,1,retained_labeled_MI,1,s35.mat,656951a3620d0ba432e24273d191fff428735e092833491599ca302e9bfcb51d,251903,Cho2017,Q15-E006,CSP4_LDA,deterministic,0.7017225034820755,0.29827749651792446,1
s35_1_retained_1_t072,35,1,retained_labeled_MI,1,s35.mat,656951a3620d0ba432e24273d191fff428735e092833491599ca302e9bfcb51d,255487,Cho2017,Q15-E006,CSP4_LDA,deterministic,0.6693755428515604,0.33062445714843963,1
s35_1_retained_1_t073,35,1,retained_labeled_MI,1,s35.mat,656951a3620d0ba432e24273d191fff428735e092833491599ca302e9bfcb51d,259071,Cho2017,Q15-E006,CSP4_LDA,deterministic,0.5769945981595421,0.4230054018404579,1
s35_1_retained_1_t074,35,1,retained_labeled_MI,1,s35.mat,656951a3620d0ba432e24273d191fff428735e092833491599ca302e9bfcb51d,262655,Cho2017,Q15-E006,CSP4_LDA,deterministic,0.557130103977648,0.44286989602235205,1
s35_1_retained_1_t075,35,1,retained_labeled_MI,1,s35.mat,656951a3620d0ba432e24273d191fff428735e092833491599ca302e9bfcb51d,266239,Cho2017,Q15-E006,CSP4_LDA,deterministic,0.5190738612110288,0.4809261387889712,1
s35_1_retained_1_t076,35,1,retained_labeled_MI,1,s35.mat,656951a3620d0ba432e24273d191fff428735e092833491599ca302e9bfcb51d,269823,Cho2017,Q15-E006,CSP4_LDA,deterministic,0.5798413714900713,0.4201586285099287,1
s35_1_retained_1_t077,35,1,retained_labeled_MI,1,s35.mat,656951a3620d0ba432e24273d191fff428735e092833491599ca302e9bfcb51d,273407,Cho2017,Q15-E006,CSP4_LDA,deterministic,0.6408996557381412,0.3591003442618587,1
s35_1_retained_1_t078,35,1,retained_labeled_MI,1,s35.mat,656951a3620d0ba432e24273d191fff428735e092833491599ca302e9bfcb51d,276991,Cho2017,Q15-E006,CSP4_LDA,deterministic,0.6313563001543407,0.3686436998456593,1
s35_1_retained_1_t079,35,1,retained_labeled_MI,1,s35.mat,656951a3620d0ba432e24273d191fff428735e092833491599ca302e9bfcb51d,280575,Cho2017,Q15-E006,CSP4_LDA,deterministic,0.5473253425740937,0.4526746574259063,1
s35_1_retained_1_t080,35,1,retained_labeled_MI,1,s35.mat,656951a3620d0ba432e24273d191fff428735e092833491599ca302e9bfcb51d,284159,Cho2017,Q15-E006,CSP4_LDA,deterministic,0.6251504410553055,0.37484955894469457,1
s35_1_retained_1_t081,35,1,retained_labeled_MI,1,s35.mat,656951a3620d0ba432e24273d191fff428735e092833491599ca302e9bfcb51d,287743,Cho2017,Q15-E006,CSP4_LDA,deterministic,0.5565696037305895,0.4434303962694105,1
s35_1_retained_1_t082,35,1,retained_labeled_MI,1,s35.mat,656951a3620d0ba432e24273d191fff428735e092833491599ca302e9bfcb51d,291327,Cho2017,Q15-E006,CSP4_LDA,deterministic,0.5048895787168033,0.49511042128319677,1
s35_1_retained_1_t083,35,1,retained_labeled_MI,1,s35.mat,656951a3620d0ba432e24273d191fff428735e092833491599ca302e9bfcb51d,294911,Cho2017,Q15-E006,CSP4_LDA,deterministic,0.6308748938228489,0.3691251061771511,1
s35_1_retained_1_t084,35,1,retained_labeled_MI,1,s35.mat,656951a3620d0ba432e24273d191fff428735e092833491599ca302e9bfcb51d,298495,Cho2017,Q15-E006,CSP4_LDA,deterministic,0.6227649320376596,0.37723506796234046,1
s35_1_retained_1_t085,35,1,retained_labeled_MI,1,s35.mat,656951a3620d0ba432e24273d191fff428735e092833491599ca302e9bfcb51d,302079,Cho2017,Q15-E006,CSP4_LDA,deterministic,0.5010888589507663,0.4989111410492337,1
s35_1_retained_1_t086,35,1,retained_labeled_MI,1,s35.mat,656951a3620d0ba432e24273d191fff428735e092833491599ca302e9bfcb51d,305663,Cho2017,Q15-E006,CSP4_LDA,deterministic,0.5334303220273435,0.4665696779726565,1
s35_1_retained_1_t087,35,1,retained_labeled_MI,1,s35.mat,656951a3620d0ba432e24273d191fff428735e092833491599ca302e9bfcb51d,309247,Cho2017,Q15-E006,CSP4_LDA,deterministic,0.41161788672281263,0.5883821132771874,2
s35_1_retained_1_t088,35,1,retained_labeled_MI,1,s35.mat,656951a3620d0ba432e24273d191fff428735e092833491599ca302e9bfcb51d,312831,Cho2017,Q15-E006,CSP4_LDA,deterministic,0.7360521950093507,0.2639478049906493,1
s35_1_retained_1_t089,35,1,retained_labeled_MI,1,s35.mat,656951a3620d0ba432e24273d191fff428735e092833491599ca302e9bfcb51d,316415,Cho2017,Q15-E006,CSP4_LDA,deterministic,0.5433201726525297,0.45667982734747026,1
s35_1_retained_1_t090,35,1,retained_labeled_MI,1,s35.mat,656951a3620d0ba432e24273d191fff428735e092833491599ca302e9bfcb51d,319999,Cho2017,Q15-E006,CSP4_LDA,deterministic,0.6070293744659061,0.39297062553409395,1
s35_1_retained_1_t091,35,1,retained_labeled_MI,1,s35.mat,656951a3620d0ba432e24273d191fff428735e092833491599ca302e9bfcb51d,323583,Cho2017,Q15-E006,CSP4_LDA,deterministic,0.7340515736802485,0.26594842631975146,1
s35_1_retained_1_t092,35,1,retained_labeled_MI,1,s35.mat,656951a3620d0ba432e24273d191fff428735e092833491599ca302e9bfcb51d,327167,Cho2017,Q15-E006,CSP4_LDA,deterministic,0.5926998516746801,0.4073001483253199,1
s35_1_retained_1_t093,35,1,retained_labeled_MI,1,s35.mat,656951a3620d0ba432e24273d191fff428735e092833491599ca302e9bfcb51d,330751,Cho2017,Q15-E006,CSP4_LDA,deterministic,0.6389244948161921,0.36107550518380793,1
s35_1_retained_1_t094,35,1,retained_labeled_MI,1,s35.mat,656951a3620d0ba432e24273d191fff428735e092833491599ca302e9bfcb51d,334335,Cho2017,Q15-E006,CSP4_LDA,deterministic,0.635325465605459,0.364674534394541,1
s35_1_retained_1_t095,35,1,retained_labeled_MI,1,s35.mat,656951a3620d0ba432e24273d191fff428735e092833491599ca302e9bfcb51d,337919,Cho2017,Q15-E006,CSP4_LDA,deterministic,0.6101887222075923,0.3898112777924076,1
s35_1_retained_1_t096,35,1,retained_labeled_MI,1,s35.mat,656951a3620d0ba432e24273d191fff428735e092833491599ca302e9bfcb51d,341503,Cho2017,Q15-E006,CSP4_LDA,deterministic,0.6238025692675294,0.3761974307324706,1
s35_1_retained_1_t097,35,1,retained_labeled_MI,1,s35.mat,656951a3620d0ba432e24273d191fff428735e092833491599ca302e9bfcb51d,345087,Cho2017,Q15-E006,CSP4_LDA,deterministic,0.6010695107256849,0.3989304892743151,1
s35_1_retained_1_t098,35,1,retained_labeled_MI,1,s35.mat,656951a3620d0ba432e24273d191fff428735e092833491599ca302e9bfcb51d,348671,Cho2017,Q15-E006,CSP4_LDA,deterministic,0.6096756972505881,0.3903243027494119,1
s35_1_retained_1_t099,35,1,retained_labeled_MI,1,s35.mat,656951a3620d0ba432e24273d191fff428735e092833491599ca302e9bfcb51d,352255,Cho2017,Q15-E006,CSP4_LDA,deterministic,0.627808337761133,0.372191662238867,1
s35_1_retained_1_t100,35,1,retained_labeled_MI,1,s35.mat,656951a3620d0ba432e24273d191fff428735e092833491599ca302e9bfcb51d,355839,Cho2017,Q15-E006,CSP4_LDA,deterministic,0.5962918917018953,0.40370810829810466,1
s35_1_retained_2_t001,35,1,retained_labeled_MI,2,s35.mat,656951a3620d0ba432e24273d191fff428735e092833491599ca302e9bfcb51d,1023,Cho2017,Q15-E006,CSP4_LDA,deterministic,0.8251674070738764,0.1748325929261237,1
s35_1_retained_2_t002,35,1,retained_labeled_MI,2,s35.mat,656951a3620d0ba432e24273d191fff428735e092833491599ca302e9bfcb51d,4607,Cho2017,Q15-E006,CSP4_LDA,deterministic,0.7608886484989692,0.23911135150103086,1
s35_1_retained_2_t003,35,1,retained_labeled_MI,2,s35.mat,656951a3620d0ba432e24273d191fff428735e092833491599ca302e9bfcb51d,8191,Cho2017,Q15-E006,CSP4_LDA,deterministic,0.7446424681182653,0.25535753188173477,1
s35_1_retained_2_t004,35,1,retained_labeled_MI,2,s35.mat,656951a3620d0ba432e24273d191fff428735e092833491599ca302e9bfcb51d,11775,Cho2017,Q15-E006,CSP4_LDA,deterministic,0.7733421259567816,0.22665787404321833,1
s35_1_retained_2_t005,35,1,retained_labeled_MI,2,s35.mat,656951a3620d0ba432e24273d191fff428735e092833491599ca302e9bfcb51d,15359,Cho2017,Q15-E006,CSP4_LDA,deterministic,0.8305928955787693,0.16940710442123078,1
s35_1_retained_2_t006,35,1,retained_labeled_MI,2,s35.mat,656951a3620d0ba432e24273d191fff428735e092833491599ca302e9bfcb51d,18943,Cho2017,Q15-E006,CSP4_LDA,deterministic,0.6362189974149131,0.363781002585087,1
s35_1_retained_2_t007,35,1,retained_labeled_MI,2,s35.mat,656951a3620d0ba432e24273d191fff428735e092833491599ca302e9bfcb51d,22527,Cho2017,Q15-E006,CSP4_LDA,deterministic,0.7514203489425444,0.24857965105745566,1
s35_1_retained_2_t008,35,1,retained_labeled_MI,2,s35.mat,656951a3620d0ba432e24273d191fff428735e092833491599ca302e9bfcb51d,26111,Cho2017,Q15-E006,CSP4_LDA,deterministic,0.6689159537379109,0.3310840462620891,1
s35_1_retained_2_t009,35,1,retained_labeled_MI,2,s35.mat,656951a3620d0ba432e24273d191fff428735e092833491599ca302e9bfcb51d,29695,Cho2017,Q15-E006,CSP4_LDA,deterministic,0.6958043480619078,0.3041956519380922,1
s35_1_retained_2_t010,35,1,retained_labeled_MI,2,s35.mat,656951a3620d0ba432e24273d191fff428735e092833491599ca302e9bfcb51d,33279,Cho2017,Q15-E006,CSP4_LDA,deterministic,0.7554065355376502,0.24459346446234972,1
s35_1_retained_2_t011,35,1,retained_labeled_MI,2,s35.mat,656951a3620d0ba432e24273d191fff428735e092833491599ca302e9bfcb51d,36863,Cho2017,Q15-E006,CSP4_LDA,deterministic,0.7844623035106257,0.2155376964893742,1
s35_1_retained_2_t012,35,1,retained_labeled_MI,2,s35.mat,656951a3620d0ba432e24273d191fff428735e092833491599ca302e9bfcb51d,40447,Cho2017,Q15-E006,CSP4_LDA,deterministic,0.4621458835310269,0.5378541164689731,2
s35_1_retained_2_t013,35,1,retained_labeled_MI,2,s35.mat,656951a3620d0ba432e24273d191fff428735e092833491599ca302e9bfcb51d,44031,Cho2017,Q15-E006,CSP4_LDA,deterministic,0.6395442288463484,0.3604557711536515,1
s35_1_retained_2_t014,35,1,retained_labeled_MI,2,s35.mat,656951a3620d0ba432e24273d191fff428735e092833491599ca302e9bfcb51d,47615,Cho2017,Q15-E006,CSP4_LDA,deterministic,0.7566676104290964,0.24333238957090358,1
s35_1_retained_2_t015,35,1,retained_labeled_MI,2,s35.mat,656951a3620d0ba432e24273d191fff428735e092833491599ca302e9bfcb51d,51199,Cho2017,Q15-E006,CSP4_LDA,deterministic,0.6981624894904483,0.3018375105095517,1
s35_1_retained_2_t016,35,1,retained_labeled_MI,2,s35.mat,656951a3620d0ba432e24273d191fff428735e092833491599ca302e9bfcb51d,54783,Cho2017,Q15-E006,CSP4_LDA,deterministic,0.7838130262519611,0.21618697374803889,1
s35_1_retained_2_t017,35,1,retained_labeled_MI,2,s35.mat,656951a3620d0ba432e24273d191fff428735e092833491599ca302e9bfcb51d,58367,Cho2017,Q15-E006,CSP4_LDA,deterministic,0.7637531208189806,0.23624687918101936,1
s35_1_retained_2_t018,35,1,retained_labeled_MI,2,s35.mat,656951a3620d0ba432e24273d191fff428735e092833491599ca302e9bfcb51d,61951,Cho2017,Q15-E006,CSP4_LDA,deterministic,0.6547546611961877,0.34524533880381225,1
s35_1_retained_2_t019,35,1,retained_labeled_MI,2,s35.mat,656951a3620d0ba432e24273d191fff428735e092833491599ca302e9bfcb51d,65535,Cho2017,Q15-E006,CSP4_LDA,deterministic,0.5696704944282365,0.43032950557176347,1
s35_1_retained_2_t020,35,1,retained_labeled_MI,2,s35.mat,656951a3620d0ba432e24273d191fff428735e092833491599ca302e9bfcb51d,69119,Cho2017,Q15-E006,CSP4_LDA,deterministic,0.7387904404750613,0.26120955952493874,1
s35_1_retained_2_t021,35,1,retained_labeled_MI,2,s35.mat,656951a3620d0ba432e24273d191fff428735e092833491599ca302e9bfcb51d,72703,Cho2017,Q15-E006,CSP4_LDA,deterministic,0.6756590276700344,0.3243409723299656,1
s35_1_retained_2_t022,35,1,retained_labeled_MI,2,s35.mat,656951a3620d0ba432e24273d191fff428735e092833491599ca302e9bfcb51d,76287,Cho2017,Q15-E006,CSP4_LDA,deterministic,0.6888466786434657,0.31115332135653434,1
s35_1_retained_2_t023,35,1,retained_labeled_MI,2,s35.mat,656951a3620d0ba432e24273d191fff428735e092833491599ca302e9bfcb51d,79871,Cho2017,Q15-E006,CSP4_LDA,deterministic,0.7799089009089388,0.22009109909106114,1
s35_1_retained_2_t024,35,1,retained_labeled_MI,2,s35.mat,656951a3620d0ba432e24273d191fff428735e092833491599ca302e9bfcb51d,83455,Cho2017,Q15-E006,CSP4_LDA,deterministic,0.6175249721763988,0.3824750278236012,1
s35_1_retained_2_t025,35,1,retained_labeled_MI,2,s35.mat,656951a3620d0ba432e24273d191fff428735e092833491599ca302e9bfcb51d,87039,Cho2017,Q15-E006,CSP4_LDA,deterministic,0.6945032614356046,0.30549673856439535,1
s35_1_retained_2_t026,35,1,retained_labeled_MI,2,s35.mat,656951a3620d0ba432e24273d191fff428735e092833491599ca302e9bfcb51d,90623,Cho2017,Q15-E006,CSP4_LDA,deterministic,0.7281294067606122,0.2718705932393878,1
s35_1_retained_2_t027,35,1,retained_labeled_MI,2,s35.mat,656951a3620d0ba432e24273d191fff428735e092833491599ca302e9bfcb51d,94207,Cho2017,Q15-E006,CSP4_LDA,deterministic,0.6848252115692639,0.31517478843073615,1
s35_1_retained_2_t028,35,1,retained_labeled_MI,2,s35.mat,656951a3620d0ba432e24273d191fff428735e092833491599ca302e9bfcb51d,97791,Cho2017,Q15-E006,CSP4_LDA,deterministic,0.7073489056714711,0.29265109432852887,1
s35_1_retained_2_t029,35,1,retained_labeled_MI,2,s35.mat,656951a3620d0ba432e24273d191fff428735e092833491599ca302e9bfcb51d,101375,Cho2017,Q15-E006,CSP4_LDA,deterministic,0.6766653480471252,0.3233346519528748,1
s35_1_retained_2_t030,35,1,retained_labeled_MI,2,s35.mat,656951a3620d0ba432e24273d191fff428735e092833491599ca302e9bfcb51d,104959,Cho2017,Q15-E006,CSP4_LDA,deterministic,0.7937279905026037,0.20627200949739632,1
s35_1_retained_2_t031,35,1,retained_labeled_MI,2,s35.mat,656951a3620d0ba432e24273d191fff428735e092833491599ca302e9bfcb51d,108543,Cho2017,Q15-E006,CSP4_LDA,deterministic,0.7514174685724965,0.24858253142750356,1
s35_1_retained_2_t032,35,1,retained_labeled_MI,2,s35.mat,656951a3620d0ba432e24273d191fff428735e092833491599ca302e9bfcb51d,112127,Cho2017,Q15-E006,CSP4_LDA,deterministic,0.738594730741625,0.26140526925837504,1
s35_1_retained_2_t033,35,1,retained_labeled_MI,2,s35.mat,656951a3620d0ba432e24273d191fff428735e092833491599ca302e9bfcb51d,115711,Cho2017,Q15-E006,CSP4_LDA,deterministic,0.7643953572842814,0.23560464271571863,1
s35_1_retained_2_t034,35,1,retained_labeled_MI,2,s35.mat,656951a3620d0ba432e24273d191fff428735e092833491599ca302e9bfcb51d,119295,Cho2017,Q15-E006,CSP4_LDA,deterministic,0.640663206049109,0.359336793950891,1
s35_1_retained_2_t035,35,1,retained_labeled_MI,2,s35.mat,656951a3620d0ba432e24273d191fff428735e092833491599ca302e9bfcb51d,122879,Cho2017,Q15-E006,CSP4_LDA,deterministic,0.6752775782665021,0.32472242173349786,1
s35_1_retained_2_t036,35,1,retained_labeled_MI,2,s35.mat,656951a3620d0ba432e24273d191fff428735e092833491599ca302e9bfcb51d,126463,Cho2017,Q15-E006,CSP4_LDA,deterministic,0.6534150004487462,0.3465849995512538,1
s35_1_retained_2_t037,35,1,retained_labeled_MI,2,s35.mat,656951a3620d0ba432e24273d191fff428735e092833491599ca302e9bfcb51d,130047,Cho2017,Q15-E006,CSP4_LDA,deterministic,0.6876742648523129,0.3123257351476871,1
s35_1_retained_2_t038,35,1,retained_labeled_MI,2,s35.mat,656951a3620d0ba432e24273d191fff428735e092833491599ca302e9bfcb51d,133631,Cho2017,Q15-E006,CSP4_LDA,deterministic,0.7082514437542817,0.2917485562457182,1
s35_1_retained_2_t039,35,1,retained_labeled_MI,2,s35.mat,656951a3620d0ba432e24273d191fff428735e092833491599ca302e9bfcb51d,137215,Cho2017,Q15-E006,CSP4_LDA,deterministic,0.7495323313780429,0.25046766862195713,1
s35_1_retained_2_t040,35,1,retained_labeled_MI,2,s35.mat,656951a3620d0ba432e24273d191fff428735e092833491599ca302e9bfcb51d,140799,Cho2017,Q15-E006,CSP4_LDA,deterministic,0.5146508348212406,0.4853491651787593,1
s35_1_retained_2_t041,35,1,retained_labeled_MI,2,s35.mat,656951a3620d0ba432e24273d191fff428735e092833491599ca302e9bfcb51d,144383,Cho2017,Q15-E006,CSP4_LDA,deterministic,0.8707962296994955,0.1292037703005045,1
s35_1_retained_2_t042,35,1,retained_labeled_MI,2,s35.mat,656951a3620d0ba432e24273d191fff428735e092833491599ca302e9bfcb51d,147967,Cho2017,Q15-E006,CSP4_LDA,deterministic,0.8824162227925014,0.1175837772074986,1
s35_1_retained_2_t043,35,1,retained_labeled_MI,2,s35.mat,656951a3620d0ba432e24273d191fff428735e092833491599ca302e9bfcb51d,151551,Cho2017,Q15-E006,CSP4_LDA,deterministic,0.8764096162053365,0.12359038379466344,1
s35_1_retained_2_t044,35,1,retained_labeled_MI,2,s35.mat,656951a3620d0ba432e24273d191fff428735e092833491599ca302e9bfcb51d,155135,Cho2017,Q15-E006,CSP4_LDA,deterministic,0.8162729691593066,0.1837270308406934,1
s35_1_retained_2_t045,35,1,retained_labeled_MI,2,s35.mat,656951a3620d0ba432e24273d191fff428735e092833491599ca302e9bfcb51d,158719,Cho2017,Q15-E006,CSP4_LDA,deterministic,0.9027645783809719,0.09723542161902811,1
s35_1_retained_2_t046,35,1,retained_labeled_MI,2,s35.mat,656951a3620d0ba432e24273d191fff428735e092833491599ca302e9bfcb51d,162303,Cho2017,Q15-E006,CSP4_LDA,deterministic,0.8612909636410795,0.1387090363589205,1
s35_1_retained_2_t047,35,1,retained_labeled_MI,2,s35.mat,656951a3620d0ba432e24273d191fff428735e092833491599ca302e9bfcb51d,165887,Cho2017,Q15-E006,CSP4_LDA,deterministic,0.8230599219353879,0.17694007806461207,1
s35_1_retained_2_t048,35,1,retained_labeled_MI,2,s35.mat,656951a3620d0ba432e24273d191fff428735e092833491599ca302e9bfcb51d,169471,Cho2017,Q15-E006,CSP4_LDA,deterministic,0.807040357133008,0.19295964286699194,1
s35_1_retained_2_t049,35,1,retained_labeled_MI,2,s35.mat,656951a3620d0ba432e24273d191fff428735e092833491599ca302e9bfcb51d,173055,Cho2017,Q15-E006,CSP4_LDA,deterministic,0.84746386557011,0.15253613442989,1
s35_1_retained_2_t050,35,1,retained_labeled_MI,2,s35.mat,656951a3620d0ba432e24273d191fff428735e092833491599ca302e9bfcb51d,176639,Cho2017,Q15-E006,CSP4_LDA,deterministic,0.8357243721251839,0.16427562787481606,1
s35_1_retained_2_t051,35,1,retained_labeled_MI,2,s35.mat,656951a3620d0ba432e24273d191fff428735e092833491599ca302e9bfcb51d,180223,Cho2017,Q15-E006,CSP4_LDA,deterministic,0.8582126571083367,0.14178734289166325,1
s35_1_retained_2_t052,35,1,retained_labeled_MI,2,s35.mat,656951a3620d0ba432e24273d191fff428735e092833491599ca302e9bfcb51d,183807,Cho2017,Q15-E006,CSP4_LDA,deterministic,0.8385733804723483,0.16142661952765175,1
s35_1_retained_2_t053,35,1,retained_labeled_MI,2,s35.mat,656951a3620d0ba432e24273d191fff428735e092833491599ca302e9bfcb51d,187391,Cho2017,Q15-E006,CSP4_LDA,deterministic,0.7901284486114134,0.20987155138858657,1
s35_1_retained_2_t054,35,1,retained_labeled_MI,2,s35.mat,656951a3620d0ba432e24273d191fff428735e092833491599ca302e9bfcb51d,190975,Cho2017,Q15-E006,CSP4_LDA,deterministic,0.8007852102146569,0.19921478978534313,1
s35_1_retained_2_t055,35,1,retained_labeled_MI,2,s35.mat,656951a3620d0ba432e24273d191fff428735e092833491599ca302e9bfcb51d,194559,Cho2017,Q15-E006,CSP4_LDA,deterministic,0.8210037120675514,0.1789962879324486,1
s35_1_retained_2_t056,35,1,retained_labeled_MI,2,s35.mat,656951a3620d0ba432e24273d191fff428735e092833491599ca302e9bfcb51d,198143,Cho2017,Q15-E006,CSP4_LDA,deterministic,0.8002766617359933,0.1997233382640067,1
s35_1_retained_2_t057,35,1,retained_labeled_MI,2,s35.mat,656951a3620d0ba432e24273d191fff428735e092833491599ca302e9bfcb51d,201727,Cho2017,Q15-E006,CSP4_LDA,deterministic,0.8117382966686666,0.18826170333133346,1
s35_1_retained_2_t058,35,1,retained_labeled_MI,2,s35.mat,656951a3620d0ba432e24273d191fff428735e092833491599ca302e9bfcb51d,205311,Cho2017,Q15-E006,CSP4_LDA,deterministic,0.7196184799519185,0.2803815200480814,1
s35_1_retained_2_t059,35,1,retained_labeled_MI,2,s35.mat,656951a3620d0ba432e24273d191fff428735e092833491599ca302e9bfcb51d,208895,Cho2017,Q15-E006,CSP4_LDA,deterministic,0.7314874584760738,0.2685125415239262,1
s35_1_retained_2_t060,35,1,retained_labeled_MI,2,s35.mat,656951a3620d0ba432e24273d191fff428735e092833491599ca302e9bfcb51d,212479,Cho2017,Q15-E006,CSP4_LDA,deterministic,0.6621203709216656,0.3378796290783343,1
s35_1_retained_2_t061,35,1,retained_labeled_MI,2,s35.mat,656951a3620d0ba432e24273d191fff428735e092833491599ca302e9bfcb51d,216063,Cho2017,Q15-E006,CSP4_LDA,deterministic,0.8959013420279367,0.10409865797206329,1
s35_1_retained_2_t062,35,1,retained_labeled_MI,2,s35.mat,656951a3620d0ba432e24273d191fff428735e092833491599ca302e9bfcb51d,219647,Cho2017,Q15-E006,CSP4_LDA,deterministic,0.8978601081797862,0.10213989182021375,1
s35_1_retained_2_t063,35,1,retained_labeled_MI,2,s35.mat,656951a3620d0ba432e24273d191fff428735e092833491599ca302e9bfcb51d,223231,Cho2017,Q15-E006,CSP4_LDA,deterministic,0.8664368165690978,0.1335631834309022,1
s35_1_retained_2_t064,35,1,retained_labeled_MI,2,s35.mat,656951a3620d0ba432e24273d191fff428735e092833491599ca302e9bfcb51d,226815,Cho2017,Q15-E006,CSP4_LDA,deterministic,0.8528637639629763,0.14713623603702375,1
s35_1_retained_2_t065,35,1,retained_labeled_MI,2,s35.mat,656951a3620d0ba432e24273d191fff428735e092833491599ca302e9bfcb51d,230399,Cho2017,Q15-E006,CSP4_LDA,deterministic,0.8653147214471995,0.13468527855280055,1
s35_1_retained_2_t066,35,1,retained_labeled_MI,2,s35.mat,656951a3620d0ba432e24273d191fff428735e092833491599ca302e9bfcb51d,233983,Cho2017,Q15-E006,CSP4_LDA,deterministic,0.8411540837997129,0.15884591620028704,1
s35_1_retained_2_t067,35,1,retained_labeled_MI,2,s35.mat,656951a3620d0ba432e24273d191fff428735e092833491599ca302e9bfcb51d,237567,Cho2017,Q15-E006,CSP4_LDA,deterministic,0.8284060864861408,0.17159391351385922,1
s35_1_retained_2_t068,35,1,retained_labeled_MI,2,s35.mat,656951a3620d0ba432e24273d191fff428735e092833491599ca302e9bfcb51d,241151,Cho2017,Q15-E006,CSP4_LDA,deterministic,0.7386896949926771,0.2613103050073229,1
s35_1_retained_2_t069,35,1,retained_labeled_MI,2,s35.mat,656951a3620d0ba432e24273d191fff428735e092833491599ca302e9bfcb51d,244735,Cho2017,Q15-E006,CSP4_LDA,deterministic,0.6742172682380214,0.3257827317619786,1
s35_1_retained_2_t070,35,1,retained_labeled_MI,2,s35.mat,656951a3620d0ba432e24273d191fff428735e092833491599ca302e9bfcb51d,248319,Cho2017,Q15-E006,CSP4_LDA,deterministic,0.6964310358937884,0.30356896410621165,1
s35_1_retained_2_t071,35,1,retained_labeled_MI,2,s35.mat,656951a3620d0ba432e24273d191fff428735e092833491599ca302e9bfcb51d,251903,Cho2017,Q15-E006,CSP4_LDA,deterministic,0.6454144626088066,0.35458553739119336,1
s35_1_retained_2_t072,35,1,retained_labeled_MI,2,s35.mat,656951a3620d0ba432e24273d191fff428735e092833491599ca302e9bfcb51d,255487,Cho2017,Q15-E006,CSP4_LDA,deterministic,0.5875983531493667,0.41240164685063324,1
s35_1_retained_2_t073,35,1,retained_labeled_MI,2,s35.mat,656951a3620d0ba432e24273d191fff428735e092833491599ca302e9bfcb51d,259071,Cho2017,Q15-E006,CSP4_LDA,deterministic,0.7024464349236721,0.29755356507632785,1
s35_1_retained_2_t074,35,1,retained_labeled_MI,2,s35.mat,656951a3620d0ba432e24273d191fff428735e092833491599ca302e9bfcb51d,262655,Cho2017,Q15-E006,CSP4_LDA,deterministic,0.7686794806536068,0.23132051934639314,1
s35_1_retained_2_t075,35,1,retained_labeled_MI,2,s35.mat,656951a3620d0ba432e24273d191fff428735e092833491599ca302e9bfcb51d,266239,Cho2017,Q15-E006,CSP4_LDA,deterministic,0.75614526867924,0.24385473132076002,1
s35_1_retained_2_t076,35,1,retained_labeled_MI,2,s35.mat,656951a3620d0ba432e24273d191fff428735e092833491599ca302e9bfcb51d,269823,Cho2017,Q15-E006,CSP4_LDA,deterministic,0.7826644926668098,0.21733550733319024,1
s35_1_retained_2_t077,35,1,retained_labeled_MI,2,s35.mat,656951a3620d0ba432e24273d191fff428735e092833491599ca302e9bfcb51d,273407,Cho2017,Q15-E006,CSP4_LDA,deterministic,0.5432030793939594,0.4567969206060406,1
s35_1_retained_2_t078,35,1,retained_labeled_MI,2,s35.mat,656951a3620d0ba432e24273d191fff428735e092833491599ca302e9bfcb51d,276991,Cho2017,Q15-E006,CSP4_LDA,deterministic,0.5620974343527629,0.4379025656472371,1
s35_1_retained_2_t079,35,1,retained_labeled_MI,2,s35.mat,656951a3620d0ba432e24273d191fff428735e092833491599ca302e9bfcb51d,280575,Cho2017,Q15-E006,CSP4_LDA,deterministic,0.6330571177827711,0.366942882217229,1
s35_1_retained_2_t080,35,1,retained_labeled_MI,2,s35.mat,656951a3620d0ba432e24273d191fff428735e092833491599ca302e9bfcb51d,284159,Cho2017,Q15-E006,CSP4_LDA,deterministic,0.6693406787974652,0.33065932120253483,1
s35_1_retained_2_t081,35,1,retained_labeled_MI,2,s35.mat,656951a3620d0ba432e24273d191fff428735e092833491599ca302e9bfcb51d,287743,Cho2017,Q15-E006,CSP4_LDA,deterministic,0.8676426273172059,0.1323573726827941,1
s35_1_retained_2_t082,35,1,retained_labeled_MI,2,s35.mat,656951a3620d0ba432e24273d191fff428735e092833491599ca302e9bfcb51d,291327,Cho2017,Q15-E006,CSP4_LDA,deterministic,0.7450484570104041,0.2549515429895958,1
s35_1_retained_2_t083,35,1,retained_labeled_MI,2,s35.mat,656951a3620d0ba432e24273d191fff428735e092833491599ca302e9bfcb51d,294911,Cho2017,Q15-E006,CSP4_LDA,deterministic,0.7099838154899543,0.29001618451004574,1
s35_1_retained_2_t084,35,1,retained_labeled_MI,2,s35.mat,656951a3620d0ba432e24273d191fff428735e092833491599ca302e9bfcb51d,298495,Cho2017,Q15-E006,CSP4_LDA,deterministic,0.6415772445230253,0.35842275547697466,1
s35_1_retained_2_t085,35,1,retained_labeled_MI,2,s35.mat,656951a3620d0ba432e24273d191fff428735e092833491599ca302e9bfcb51d,302079,Cho2017,Q15-E006,CSP4_LDA,deterministic,0.7229061578718038,0.2770938421281962,1
s35_1_retained_2_t086,35,1,retained_labeled_MI,2,s35.mat,656951a3620d0ba432e24273d191fff428735e092833491599ca302e9bfcb51d,305663,Cho2017,Q15-E006,CSP4_LDA,deterministic,0.6710073362725093,0.32899266372749064,1
s35_1_retained_2_t087,35,1,retained_labeled_MI,2,s35.mat,656951a3620d0ba432e24273d191fff428735e092833491599ca302e9bfcb51d,309247,Cho2017,Q15-E006,CSP4_LDA,deterministic,0.8083394208958374,0.1916605791041625,1
s35_1_retained_2_t088,35,1,retained_labeled_MI,2,s35.mat,656951a3620d0ba432e24273d191fff428735e092833491599ca302e9bfcb51d,312831,Cho2017,Q15-E006,CSP4_LDA,deterministic,0.5762212599146896,0.42377874008531036,1
s35_1_retained_2_t089,35,1,retained_labeled_MI,2,s35.mat,656951a3620d0ba432e24273d191fff428735e092833491599ca302e9bfcb51d,316415,Cho2017,Q15-E006,CSP4_LDA,deterministic,0.5857235371388023,0.4142764628611976,1
s35_1_retained_2_t090,35,1,retained_labeled_MI,2,s35.mat,656951a3620d0ba432e24273d191fff428735e092833491599ca302e9bfcb51d,319999,Cho2017,Q15-E006,CSP4_LDA,deterministic,0.6513609890861258,0.3486390109138742,1
s35_1_retained_2_t091,35,1,retained_labeled_MI,2,s35.mat,656951a3620d0ba432e24273d191fff428735e092833491599ca302e9bfcb51d,323583,Cho2017,Q15-E006,CSP4_LDA,deterministic,0.5742203329665589,0.425779667033441,1
s35_1_retained_2_t092,35,1,retained_labeled_MI,2,s35.mat,656951a3620d0ba432e24273d191fff428735e092833491599ca302e9bfcb51d,327167,Cho2017,Q15-E006,CSP4_LDA,deterministic,0.6025859661834709,0.3974140338165291,1
s35_1_retained_2_t093,35,1,retained_labeled_MI,2,s35.mat,656951a3620d0ba432e24273d191fff428735e092833491599ca302e9bfcb51d,330751,Cho2017,Q15-E006,CSP4_LDA,deterministic,0.6112283326957677,0.38877166730423235,1
s35_1_retained_2_t094,35,1,retained_labeled_MI,2,s35.mat,656951a3620d0ba432e24273d191fff428735e092833491599ca302e9bfcb51d,334335,Cho2017,Q15-E006,CSP4_LDA,deterministic,0.5302092216012513,0.4697907783987487,1
s35_1_retained_2_t095,35,1,retained_labeled_MI,2,s35.mat,656951a3620d0ba432e24273d191fff428735e092833491599ca302e9bfcb51d,337919,Cho2017,Q15-E006,CSP4_LDA,deterministic,0.49058763900746305,0.509412360992537,2
s35_1_retained_2_t096,35,1,retained_labeled_MI,2,s35.mat,656951a3620d0ba432e24273d191fff428735e092833491599ca302e9bfcb51d,341503,Cho2017,Q15-E006,CSP4_LDA,deterministic,0.5934968237967004,0.4065031762032995,1
s35_1_retained_2_t097,35,1,retained_labeled_MI,2,s35.mat,656951a3620d0ba432e24273d191fff428735e092833491599ca302e9bfcb51d,345087,Cho2017,Q15-E006,CSP4_LDA,deterministic,0.5382912029461209,0.4617087970538792,1
s35_1_retained_2_t098,35,1,retained_labeled_MI,2,s35.mat,656951a3620d0ba432e24273d191fff428735e092833491599ca302e9bfcb51d,348671,Cho2017,Q15-E006,CSP4_LDA,deterministic,0.7808186825061032,0.21918131749389683,1
s35_1_retained_2_t099,35,1,retained_labeled_MI,2,s35.mat,656951a3620d0ba432e24273d191fff428735e092833491599ca302e9bfcb51d,352255,Cho2017,Q15-E006,CSP4_LDA,deterministic,0.7221027469016453,0.27789725309835467,1
s35_1_retained_2_t100,35,1,retained_labeled_MI,2,s35.mat,656951a3620d0ba432e24273d191fff428735e092833491599ca302e9bfcb51d,355839,Cho2017,Q15-E006,CSP4_LDA,deterministic,0.6180348101316167,0.3819651898683833,1
