sample_id,subject,session,run,label,file_id,raw_sha256,cue_sample_native,dataset,experiment_id,model,seed,p_left,p_right,predicted_label
s03_1_offline_train_t001,3,1,offline_train,1,session1/s3/sess01_subj03_EEG_MI.mat,ed9be7033fc8620647c545b0b09b5619a2074fa3ce9e1171570df847a74c7bea,150451,Lee2019_MI,Q15-E007,BROAD_EEGNET,20260924,0.8712355494499207,0.12876448035240173,1
s03_1_offline_train_t002,3,1,offline_train,2,session1/s3/sess01_subj03_EEG_MI.mat,ed9be7033fc8620647c545b0b09b5619a2074fa3ce9e1171570df847a74c7bea,161902,Lee2019_MI,Q15-E007,BROAD_EEGNET,20260924,0.6704999208450317,0.3295000493526459,1
s03_1_offline_train_t003,3,1,offline_train,1,session1/s3/sess01_subj03_EEG_MI.mat,ed9be7033fc8620647c545b0b09b5619a2074fa3ce9e1171570df847a74c7bea,172585,Lee2019_MI,Q15-E007,BROAD_EEGNET,20260924,0.9708327054977417,0.029167283326387405,1
s03_1_offline_train_t004,3,1,offline_train,1,session1/s3/sess01_subj03_EEG_MI.mat,ed9be7033fc8620647c545b0b09b5619a2074fa3ce9e1171570df847a74c7bea,184102,Lee2019_MI,Q15-E007,BROAD_EEGNET,20260924,0.5529649257659912,0.4470350742340088,1
s03_1_offline_train_t005,3,1,offline_train,2,session1/s3/sess01_subj03_EEG_MI.mat,ed9be7033fc8620647c545b0b09b5619a2074fa3ce9e1171570df847a74c7bea,195251,Lee2019_MI,Q15-E007,BROAD_EEGNET,20260924,0.18480151891708374,0.8151984214782715,2
s03_1_offline_train_t006,3,1,offline_train,2,session1/s3/sess01_subj03_EEG_MI.mat,ed9be7033fc8620647c545b0b09b5619a2074fa3ce9e1171570df847a74c7bea,205935,Lee2019_MI,Q15-E007,BROAD_EEGNET,20260924,0.5526657104492188,0.44733431935310364,1
s03_1_offline_train_t007,3,1,offline_train,1,session1/s3/sess01_subj03_EEG_MI.mat,ed9be7033fc8620647c545b0b09b5619a2074fa3ce9e1171570df847a74c7bea,216800,Lee2019_MI,Q15-E007,BROAD_EEGNET,20260924,0.625973105430603,0.37402692437171936,1
s03_1_offline_train_t008,3,1,offline_train,2,session1/s3/sess01_subj03_EEG_MI.mat,ed9be7033fc8620647c545b0b09b5619a2074fa3ce9e1171570df847a74c7bea,227934,Lee2019_MI,Q15-E007,BROAD_EEGNET,20260924,0.42072275280952454,0.5792772769927979,2
s03_1_offline_train_t009,3,1,offline_train,1,session1/s3/sess01_subj03_EEG_MI.mat,ed9be7033fc8620647c545b0b09b5619a2074fa3ce9e1171570df847a74c7bea,239450,Lee2019_MI,Q15-E007,BROAD_EEGNET,20260924,0.37415826320648193,0.6258417367935181,2
s03_1_offline_train_t010,3,1,offline_train,1,session1/s3/sess01_subj03_EEG_MI.mat,ed9be7033fc8620647c545b0b09b5619a2074fa3ce9e1171570df847a74c7bea,250967,Lee2019_MI,Q15-E007,BROAD_EEGNET,20260924,0.830256998538971,0.16974300146102905,1
s03_1_offline_train_t011,3,1,offline_train,2,session1/s3/sess01_subj03_EEG_MI.mat,ed9be7033fc8620647c545b0b09b5619a2074fa3ce9e1171570df847a74c7bea,261650,Lee2019_MI,Q15-E007,BROAD_EEGNET,20260924,0.36716321110725403,0.6328367590904236,2
s03_1_offline_train_t012,3,1,offline_train,2,session1/s3/sess01_subj03_EEG_MI.mat,ed9be7033fc8620647c545b0b09b5619a2074fa3ce9e1171570df847a74c7bea,273167,Lee2019_MI,Q15-E007,BROAD_EEGNET,20260924,0.1630183905363083,0.8369815945625305,2
s03_1_offline_train_t013,3,1,offline_train,1,session1/s3/sess01_subj03_EEG_MI.mat,ed9be7033fc8620647c545b0b09b5619a2074fa3ce9e1171570df847a74c7bea,284683,Lee2019_MI,Q15-E007,BROAD_EEGNET,20260924,0.868130087852478,0.13186995685100555,1
s03_1_offline_train_t014,3,1,offline_train,1,session1/s3/sess01_subj03_EEG_MI.mat,ed9be7033fc8620647c545b0b09b5619a2074fa3ce9e1171570df847a74c7bea,295732,Lee2019_MI,Q15-E007,BROAD_EEGNET,20260924,0.6621848940849304,0.3378151059150696,1
s03_1_offline_train_t015,3,1,offline_train,2,session1/s3/sess01_subj03_EEG_MI.mat,ed9be7033fc8620647c545b0b09b5619a2074fa3ce9e1171570df847a74c7bea,307066,Lee2019_MI,Q15-E007,BROAD_EEGNET,20260924,0.7353461980819702,0.2646538019180298,1
s03_1_offline_train_t016,3,1,offline_train,1,session1/s3/sess01_subj03_EEG_MI.mat,ed9be7033fc8620647c545b0b09b5619a2074fa3ce9e1171570df847a74c7bea,317749,Lee2019_MI,Q15-E007,BROAD_EEGNET,20260924,0.8379958868026733,0.16200408339500427,1
s03_1_offline_train_t017,3,1,offline_train,1,session1/s3/sess01_subj03_EEG_MI.mat,ed9be7033fc8620647c545b0b09b5619a2074fa3ce9e1171570df847a74c7bea,328714,Lee2019_MI,Q15-E007,BROAD_EEGNET,20260924,0.8425271511077881,0.15747281908988953,1
s03_1_offline_train_t018,3,1,offline_train,1,session1/s3/sess01_subj03_EEG_MI.mat,ed9be7033fc8620647c545b0b09b5619a2074fa3ce9e1171570df847a74c7bea,340231,Lee2019_MI,Q15-E007,BROAD_EEGNET,20260924,0.5978376269340515,0.4021623134613037,1
s03_1_offline_train_t019,3,1,offline_train,1,session1/s3/sess01_subj03_EEG_MI.mat,ed9be7033fc8620647c545b0b09b5619a2074fa3ce9e1171570df847a74c7bea,351565,Lee2019_MI,Q15-E007,BROAD_EEGNET,20260924,0.5253423452377319,0.4746576249599457,1
s03_1_offline_train_t020,3,1,offline_train,2,session1/s3/sess01_subj03_EEG_MI.mat,ed9be7033fc8620647c545b0b09b5619a2074fa3ce9e1171570df847a74c7bea,363082,Lee2019_MI,Q15-E007,BROAD_EEGNET,20260924,0.6087613105773926,0.3912387192249298,1
s03_1_offline_train_t021,3,1,offline_train,2,session1/s3/sess01_subj03_EEG_MI.mat,ed9be7033fc8620647c545b0b09b5619a2074fa3ce9e1171570df847a74c7bea,374315,Lee2019_MI,Q15-E007,BROAD_EEGNET,20260924,0.2773604989051819,0.7226395010948181,2
s03_1_offline_train_t022,3,1,offline_train,1,session1/s3/sess01_subj03_EEG_MI.mat,ed9be7033fc8620647c545b0b09b5619a2074fa3ce9e1171570df847a74c7bea,384898,Lee2019_MI,Q15-E007,BROAD_EEGNET,20260924,0.9951691031455994,0.004830909427255392,1
s03_1_offline_train_t023,3,1,offline_train,2,session1/s3/sess01_subj03_EEG_MI.mat,ed9be7033fc8620647c545b0b09b5619a2074fa3ce9e1171570df847a74c7bea,396331,Lee2019_MI,Q15-E007,BROAD_EEGNET,20260924,0.27708864212036133,0.7229113578796387,2
s03_1_offline_train_t024,3,1,offline_train,2,session1/s3/sess01_subj03_EEG_MI.mat,ed9be7033fc8620647c545b0b09b5619a2074fa3ce9e1171570df847a74c7bea,407847,Lee2019_MI,Q15-E007,BROAD_EEGNET,20260924,0.42476293444633484,0.5752370953559875,2
s03_1_offline_train_t025,3,1,offline_train,2,session1/s3/sess01_subj03_EEG_MI.mat,ed9be7033fc8620647c545b0b09b5619a2074fa3ce9e1171570df847a74c7bea,419080,Lee2019_MI,Q15-E007,BROAD_EEGNET,20260924,0.0944124087691307,0.9055875539779663,2
s03_1_offline_train_t026,3,1,offline_train,1,session1/s3/sess01_subj03_EEG_MI.mat,ed9be7033fc8620647c545b0b09b5619a2074fa3ce9e1171570df847a74c7bea,430413,Lee2019_MI,Q15-E007,BROAD_EEGNET,20260924,0.8898701071739197,0.11012988537549973,1
s03_1_offline_train_t027,3,1,offline_train,2,session1/s3/sess01_subj03_EEG_MI.mat,ed9be7033fc8620647c545b0b09b5619a2074fa3ce9e1171570df847a74c7bea,441747,Lee2019_MI,Q15-E007,BROAD_EEGNET,20260924,0.4914831817150116,0.5085168480873108,2
s03_1_offline_train_t028,3,1,offline_train,1,session1/s3/sess01_subj03_EEG_MI.mat,ed9be7033fc8620647c545b0b09b5619a2074fa3ce9e1171570df847a74c7bea,452696,Lee2019_MI,Q15-E007,BROAD_EEGNET,20260924,0.618321418762207,0.38167861104011536,1
s03_1_offline_train_t029,3,1,offline_train,1,session1/s3/sess01_subj03_EEG_MI.mat,ed9be7033fc8620647c545b0b09b5619a2074fa3ce9e1171570df847a74c7bea,463946,Lee2019_MI,Q15-E007,BROAD_EEGNET,20260924,0.9672902226448059,0.03270972892642021,1
s03_1_offline_train_t030,3,1,offline_train,2,session1/s3/sess01_subj03_EEG_MI.mat,ed9be7033fc8620647c545b0b09b5619a2074fa3ce9e1171570df847a74c7bea,474713,Lee2019_MI,Q15-E007,BROAD_EEGNET,20260924,0.3280857503414154,0.6719142198562622,2
s03_1_offline_train_t031,3,1,offline_train,1,session1/s3/sess01_subj03_EEG_MI.mat,ed9be7033fc8620647c545b0b09b5619a2074fa3ce9e1171570df847a74c7bea,485946,Lee2019_MI,Q15-E007,BROAD_EEGNET,20260924,0.8808477520942688,0.11915223300457001,1
s03_1_offline_train_t032,3,1,offline_train,2,session1/s3/sess01_subj03_EEG_MI.mat,ed9be7033fc8620647c545b0b09b5619a2074fa3ce9e1171570df847a74c7bea,496546,Lee2019_MI,Q15-E007,BROAD_EEGNET,20260924,0.7126447558403015,0.2873552441596985,1
s03_1_offline_train_t033,3,1,offline_train,1,session1/s3/sess01_subj03_EEG_MI.mat,ed9be7033fc8620647c545b0b09b5619a2074fa3ce9e1171570df847a74c7bea,507412,Lee2019_MI,Q15-E007,BROAD_EEGNET,20260924,0.8936702013015747,0.1063297837972641,1
s03_1_offline_train_t034,3,1,offline_train,2,session1/s3/sess01_subj03_EEG_MI.mat,ed9be7033fc8620647c545b0b09b5619a2074fa3ce9e1171570df847a74c7bea,517995,Lee2019_MI,Q15-E007,BROAD_EEGNET,20260924,0.05096856877207756,0.949031412601471,2
s03_1_offline_train_t035,3,1,offline_train,2,session1/s3/sess01_subj03_EEG_MI.mat,ed9be7033fc8620647c545b0b09b5619a2074fa3ce9e1171570df847a74c7bea,528678,Lee2019_MI,Q15-E007,BROAD_EEGNET,20260924,0.2923288643360138,0.7076711058616638,2
s03_1_offline_train_t036,3,1,offline_train,1,session1/s3/sess01_subj03_EEG_MI.mat,ed9be7033fc8620647c545b0b09b5619a2074fa3ce9e1171570df847a74c7bea,540011,Lee2019_MI,Q15-E007,BROAD_EEGNET,20260924,0.8380446434020996,0.16195538640022278,1
s03_1_offline_train_t037,3,1,offline_train,1,session1/s3/sess01_subj03_EEG_MI.mat,ed9be7033fc8620647c545b0b09b5619a2074fa3ce9e1171570df847a74c7bea,551245,Lee2019_MI,Q15-E007,BROAD_EEGNET,20260924,0.8475968837738037,0.1524030715227127,1
s03_1_offline_train_t038,3,1,offline_train,2,session1/s3/sess01_subj03_EEG_MI.mat,ed9be7033fc8620647c545b0b09b5619a2074fa3ce9e1171570df847a74c7bea,562111,Lee2019_MI,Q15-E007,BROAD_EEGNET,20260924,0.5777953267097473,0.4222046434879303,1
s03_1_offline_train_t039,3,1,offline_train,1,session1/s3/sess01_subj03_EEG_MI.mat,ed9be7033fc8620647c545b0b09b5619a2074fa3ce9e1171570df847a74c7bea,573627,Lee2019_MI,Q15-E007,BROAD_EEGNET,20260924,0.9684516191482544,0.031548306345939636,1
s03_1_offline_train_t040,3,1,offline_train,1,session1/s3/sess01_subj03_EEG_MI.mat,ed9be7033fc8620647c545b0b09b5619a2074fa3ce9e1171570df847a74c7bea,584211,Lee2019_MI,Q15-E007,BROAD_EEGNET,20260924,0.7067645788192749,0.2932354211807251,1
s03_1_offline_train_t041,3,1,offline_train,1,session1/s3/sess01_subj03_EEG_MI.mat,ed9be7033fc8620647c545b0b09b5619a2074fa3ce9e1171570df847a74c7bea,595177,Lee2019_MI,Q15-E007,BROAD_EEGNET,20260924,0.8473373055458069,0.15266264975070953,1
s03_1_offline_train_t042,3,1,offline_train,1,session1/s3/sess01_subj03_EEG_MI.mat,ed9be7033fc8620647c545b0b09b5619a2074fa3ce9e1171570df847a74c7bea,606144,Lee2019_MI,Q15-E007,BROAD_EEGNET,20260924,0.9410284757614136,0.0589715801179409,1
s03_1_offline_train_t043,3,1,offline_train,2,session1/s3/sess01_subj03_EEG_MI.mat,ed9be7033fc8620647c545b0b09b5619a2074fa3ce9e1171570df847a74c7bea,617477,Lee2019_MI,Q15-E007,BROAD_EEGNET,20260924,0.16151465475559235,0.8384853005409241,2
s03_1_offline_train_t044,3,1,offline_train,1,session1/s3/sess01_subj03_EEG_MI.mat,ed9be7033fc8620647c545b0b09b5619a2074fa3ce9e1171570df847a74c7bea,628792,Lee2019_MI,Q15-E007,BROAD_EEGNET,20260924,0.9968010187149048,0.003199019469320774,1
s03_1_offline_train_t045,3,1,offline_train,2,session1/s3/sess01_subj03_EEG_MI.mat,ed9be7033fc8620647c545b0b09b5619a2074fa3ce9e1171570df847a74c7bea,639576,Lee2019_MI,Q15-E007,BROAD_EEGNET,20260924,0.5956891179084778,0.4043108820915222,1
s03_1_offline_train_t046,3,1,offline_train,1,session1/s3/sess01_subj03_EEG_MI.mat,ed9be7033fc8620647c545b0b09b5619a2074fa3ce9e1171570df847a74c7bea,650626,Lee2019_MI,Q15-E007,BROAD_EEGNET,20260924,0.9816672801971436,0.018332762643694878,1
s03_1_offline_train_t047,3,1,offline_train,1,session1/s3/sess01_subj03_EEG_MI.mat,ed9be7033fc8620647c545b0b09b5619a2074fa3ce9e1171570df847a74c7bea,661592,Lee2019_MI,Q15-E007,BROAD_EEGNET,20260924,0.7221094965934753,0.27789050340652466,1
s03_1_offline_train_t048,3,1,offline_train,1,session1/s3/sess01_subj03_EEG_MI.mat,ed9be7033fc8620647c545b0b09b5619a2074fa3ce9e1171570df847a74c7bea,672824,Lee2019_MI,Q15-E007,BROAD_EEGNET,20260924,0.8831380605697632,0.11686188727617264,1
s03_1_offline_train_t049,3,1,offline_train,2,session1/s3/sess01_subj03_EEG_MI.mat,ed9be7033fc8620647c545b0b09b5619a2074fa3ce9e1171570df847a74c7bea,684058,Lee2019_MI,Q15-E007,BROAD_EEGNET,20260924,0.06655599921941757,0.9334439635276794,2
s03_1_offline_train_t050,3,1,offline_train,1,session1/s3/sess01_subj03_EEG_MI.mat,ed9be7033fc8620647c545b0b09b5619a2074fa3ce9e1171570df847a74c7bea,710075,Lee2019_MI,Q15-E007,BROAD_EEGNET,20260924,0.8846763968467712,0.11532356590032578,1
s03_1_offline_train_t051,3,1,offline_train,1,session1/s3/sess01_subj03_EEG_MI.mat,ed9be7033fc8620647c545b0b09b5619a2074fa3ce9e1171570df847a74c7bea,720941,Lee2019_MI,Q15-E007,BROAD_EEGNET,20260924,0.7606233954429626,0.23937666416168213,1
s03_1_offline_train_t052,3,1,offline_train,1,session1/s3/sess01_subj03_EEG_MI.mat,ed9be7033fc8620647c545b0b09b5619a2074fa3ce9e1171570df847a74c7bea,732174,Lee2019_MI,Q15-E007,BROAD_EEGNET,20260924,0.41779065132141113,0.5822094082832336,2
s03_1_offline_train_t053,3,1,offline_train,1,session1/s3/sess01_subj03_EEG_MI.mat,ed9be7033fc8620647c545b0b09b5619a2074fa3ce9e1171570df847a74c7bea,743408,Lee2019_MI,Q15-E007,BROAD_EEGNET,20260924,0.8109471797943115,0.18905286490917206,1
s03_1_offline_train_t054,3,1,offline_train,2,session1/s3/sess01_subj03_EEG_MI.mat,ed9be7033fc8620647c545b0b09b5619a2074fa3ce9e1171570df847a74c7bea,754090,Lee2019_MI,Q15-E007,BROAD_EEGNET,20260924,0.3497917354106903,0.6502082943916321,2
s03_1_offline_train_t055,3,1,offline_train,1,session1/s3/sess01_subj03_EEG_MI.mat,ed9be7033fc8620647c545b0b09b5619a2074fa3ce9e1171570df847a74c7bea,764774,Lee2019_MI,Q15-E007,BROAD_EEGNET,20260924,0.7834106683731079,0.2165893167257309,1
s03_1_offline_train_t056,3,1,offline_train,1,session1/s3/sess01_subj03_EEG_MI.mat,ed9be7033fc8620647c545b0b09b5619a2074fa3ce9e1171570df847a74c7bea,775824,Lee2019_MI,Q15-E007,BROAD_EEGNET,20260924,0.8917596340179443,0.10824041068553925,1
s03_1_offline_train_t057,3,1,offline_train,2,session1/s3/sess01_subj03_EEG_MI.mat,ed9be7033fc8620647c545b0b09b5619a2074fa3ce9e1171570df847a74c7bea,787340,Lee2019_MI,Q15-E007,BROAD_EEGNET,20260924,0.11437208950519562,0.8856278657913208,2
s03_1_offline_train_t058,3,1,offline_train,2,session1/s3/sess01_subj03_EEG_MI.mat,ed9be7033fc8620647c545b0b09b5619a2074fa3ce9e1171570df847a74c7bea,798206,Lee2019_MI,Q15-E007,BROAD_EEGNET,20260924,0.1184433177113533,0.8815566897392273,2
s03_1_offline_train_t059,3,1,offline_train,1,session1/s3/sess01_subj03_EEG_MI.mat,ed9be7033fc8620647c545b0b09b5619a2074fa3ce9e1171570df847a74c7bea,809356,Lee2019_MI,Q15-E007,BROAD_EEGNET,20260924,0.9980030655860901,0.001996990293264389,1
s03_1_offline_train_t060,3,1,offline_train,1,session1/s3/sess01_subj03_EEG_MI.mat,ed9be7033fc8620647c545b0b09b5619a2074fa3ce9e1171570df847a74c7bea,820122,Lee2019_MI,Q15-E007,BROAD_EEGNET,20260924,0.9747461676597595,0.02525385096669197,1
s03_1_offline_train_t061,3,1,offline_train,2,session1/s3/sess01_subj03_EEG_MI.mat,ed9be7033fc8620647c545b0b09b5619a2074fa3ce9e1171570df847a74c7bea,831456,Lee2019_MI,Q15-E007,BROAD_EEGNET,20260924,0.4569065272808075,0.5430935025215149,2
s03_1_offline_train_t062,3,1,offline_train,2,session1/s3/sess01_subj03_EEG_MI.mat,ed9be7033fc8620647c545b0b09b5619a2074fa3ce9e1171570df847a74c7bea,842239,Lee2019_MI,Q15-E007,BROAD_EEGNET,20260924,0.1110476702451706,0.888952374458313,2
s03_1_offline_train_t063,3,1,offline_train,1,session1/s3/sess01_subj03_EEG_MI.mat,ed9be7033fc8620647c545b0b09b5619a2074fa3ce9e1171570df847a74c7bea,853289,Lee2019_MI,Q15-E007,BROAD_EEGNET,20260924,0.9361372590065002,0.06386277824640274,1
s03_1_offline_train_t064,3,1,offline_train,2,session1/s3/sess01_subj03_EEG_MI.mat,ed9be7033fc8620647c545b0b09b5619a2074fa3ce9e1171570df847a74c7bea,864522,Lee2019_MI,Q15-E007,BROAD_EEGNET,20260924,0.7461784482002258,0.2538215219974518,1
s03_1_offline_train_t065,3,1,offline_train,2,session1/s3/sess01_subj03_EEG_MI.mat,ed9be7033fc8620647c545b0b09b5619a2074fa3ce9e1171570df847a74c7bea,875955,Lee2019_MI,Q15-E007,BROAD_EEGNET,20260924,0.04449603706598282,0.9555039405822754,2
s03_1_offline_train_t066,3,1,offline_train,2,session1/s3/sess01_subj03_EEG_MI.mat,ed9be7033fc8620647c545b0b09b5619a2074fa3ce9e1171570df847a74c7bea,887471,Lee2019_MI,Q15-E007,BROAD_EEGNET,20260924,0.3288738429546356,0.671126127243042,2
s03_1_offline_train_t067,3,1,offline_train,2,session1/s3/sess01_subj03_EEG_MI.mat,ed9be7033fc8620647c545b0b09b5619a2074fa3ce9e1171570df847a74c7bea,898604,Lee2019_MI,Q15-E007,BROAD_EEGNET,20260924,0.8166266679763794,0.183373361825943,1
s03_1_offline_train_t068,3,1,offline_train,1,session1/s3/sess01_subj03_EEG_MI.mat,ed9be7033fc8620647c545b0b09b5619a2074fa3ce9e1171570df847a74c7bea,909288,Lee2019_MI,Q15-E007,BROAD_EEGNET,20260924,0.8808704614639282,0.11912951618432999,1
s03_1_offline_train_t069,3,1,offline_train,1,session1/s3/sess01_subj03_EEG_MI.mat,ed9be7033fc8620647c545b0b09b5619a2074fa3ce9e1171570df847a74c7bea,919971,Lee2019_MI,Q15-E007,BROAD_EEGNET,20260924,0.9796745181083679,0.02032545953989029,1
s03_1_offline_train_t070,3,1,offline_train,2,session1/s3/sess01_subj03_EEG_MI.mat,ed9be7033fc8620647c545b0b09b5619a2074fa3ce9e1171570df847a74c7bea,930752,Lee2019_MI,Q15-E007,BROAD_EEGNET,20260924,0.23358367383480072,0.7664163112640381,2
s03_1_offline_train_t071,3,1,offline_train,1,session1/s3/sess01_subj03_EEG_MI.mat,ed9be7033fc8620647c545b0b09b5619a2074fa3ce9e1171570df847a74c7bea,942170,Lee2019_MI,Q15-E007,BROAD_EEGNET,20260924,0.877063512802124,0.12293650954961777,1
s03_1_offline_train_t072,3,1,offline_train,2,session1/s3/sess01_subj03_EEG_MI.mat,ed9be7033fc8620647c545b0b09b5619a2074fa3ce9e1171570df847a74c7bea,952937,Lee2019_MI,Q15-E007,BROAD_EEGNET,20260924,0.638136625289917,0.3618633449077606,1
s03_1_offline_train_t073,3,1,offline_train,2,session1/s3/sess01_subj03_EEG_MI.mat,ed9be7033fc8620647c545b0b09b5619a2074fa3ce9e1171570df847a74c7bea,964270,Lee2019_MI,Q15-E007,BROAD_EEGNET,20260924,0.7188238501548767,0.2811761796474457,1
s03_1_offline_train_t074,3,1,offline_train,2,session1/s3/sess01_subj03_EEG_MI.mat,ed9be7033fc8620647c545b0b09b5619a2074fa3ce9e1171570df847a74c7bea,975053,Lee2019_MI,Q15-E007,BROAD_EEGNET,20260924,0.5531350374221802,0.4468649625778198,1
s03_1_offline_train_t075,3,1,offline_train,1,session1/s3/sess01_subj03_EEG_MI.mat,ed9be7033fc8620647c545b0b09b5619a2074fa3ce9e1171570df847a74c7bea,986568,Lee2019_MI,Q15-E007,BROAD_EEGNET,20260924,0.7069221138954163,0.29307782649993896,1
s03_1_offline_train_t076,3,1,offline_train,2,session1/s3/sess01_subj03_EEG_MI.mat,ed9be7033fc8620647c545b0b09b5619a2074fa3ce9e1171570df847a74c7bea,997436,Lee2019_MI,Q15-E007,BROAD_EEGNET,20260924,0.1830306053161621,0.8169693946838379,2
s03_1_offline_train_t077,3,1,offline_train,1,session1/s3/sess01_subj03_EEG_MI.mat,ed9be7033fc8620647c545b0b09b5619a2074fa3ce9e1171570df847a74c7bea,1008202,Lee2019_MI,Q15-E007,BROAD_EEGNET,20260924,0.9842823147773743,0.015717733651399612,1
s03_1_offline_train_t078,3,1,offline_train,1,session1/s3/sess01_subj03_EEG_MI.mat,ed9be7033fc8620647c545b0b09b5619a2074fa3ce9e1171570df847a74c7bea,1018986,Lee2019_MI,Q15-E007,BROAD_EEGNET,20260924,0.8763704895973206,0.12362953275442123,1
s03_1_offline_train_t079,3,1,offline_train,2,session1/s3/sess01_subj03_EEG_MI.mat,ed9be7033fc8620647c545b0b09b5619a2074fa3ce9e1171570df847a74c7bea,1030118,Lee2019_MI,Q15-E007,BROAD_EEGNET,20260924,0.16633932292461395,0.8336606621742249,2
s03_1_offline_train_t080,3,1,offline_train,2,session1/s3/sess01_subj03_EEG_MI.mat,ed9be7033fc8620647c545b0b09b5619a2074fa3ce9e1171570df847a74c7bea,1041185,Lee2019_MI,Q15-E007,BROAD_EEGNET,20260924,0.15133287012577057,0.8486671447753906,2
s03_1_offline_train_t081,3,1,offline_train,2,session1/s3/sess01_subj03_EEG_MI.mat,ed9be7033fc8620647c545b0b09b5619a2074fa3ce9e1171570df847a74c7bea,1052051,Lee2019_MI,Q15-E007,BROAD_EEGNET,20260924,0.050717078149318695,0.9492828845977783,2
s03_1_offline_train_t082,3,1,offline_train,1,session1/s3/sess01_subj03_EEG_MI.mat,ed9be7033fc8620647c545b0b09b5619a2074fa3ce9e1171570df847a74c7bea,1063468,Lee2019_MI,Q15-E007,BROAD_EEGNET,20260924,0.7743731737136841,0.2256268560886383,1
s03_1_offline_train_t083,3,1,offline_train,2,session1/s3/sess01_subj03_EEG_MI.mat,ed9be7033fc8620647c545b0b09b5619a2074fa3ce9e1171570df847a74c7bea,1074618,Lee2019_MI,Q15-E007,BROAD_EEGNET,20260924,0.6304380893707275,0.36956191062927246,1
s03_1_offline_train_t084,3,1,offline_train,2,session1/s3/sess01_subj03_EEG_MI.mat,ed9be7033fc8620647c545b0b09b5619a2074fa3ce9e1171570df847a74c7bea,1085751,Lee2019_MI,Q15-E007,BROAD_EEGNET,20260924,0.6394668221473694,0.3605331480503082,1
s03_1_offline_train_t085,3,1,offline_train,1,session1/s3/sess01_subj03_EEG_MI.mat,ed9be7033fc8620647c545b0b09b5619a2074fa3ce9e1171570df847a74c7bea,1097184,Lee2019_MI,Q15-E007,BROAD_EEGNET,20260924,0.6494215726852417,0.3505784869194031,1
s03_1_offline_train_t086,3,1,offline_train,2,session1/s3/sess01_subj03_EEG_MI.mat,ed9be7033fc8620647c545b0b09b5619a2074fa3ce9e1171570df847a74c7bea,1108050,Lee2019_MI,Q15-E007,BROAD_EEGNET,20260924,0.7125876545906067,0.2874123752117157,1
s03_1_offline_train_t087,3,1,offline_train,1,session1/s3/sess01_subj03_EEG_MI.mat,ed9be7033fc8620647c545b0b09b5619a2074fa3ce9e1171570df847a74c7bea,1119383,Lee2019_MI,Q15-E007,BROAD_EEGNET,20260924,0.6025406122207642,0.39745935797691345,1
s03_1_offline_train_t088,3,1,offline_train,2,session1/s3/sess01_subj03_EEG_MI.mat,ed9be7033fc8620647c545b0b09b5619a2074fa3ce9e1171570df847a74c7bea,1130717,Lee2019_MI,Q15-E007,BROAD_EEGNET,20260924,0.8912825584411621,0.10871739685535431,1
s03_1_offline_train_t089,3,1,offline_train,2,session1/s3/sess01_subj03_EEG_MI.mat,ed9be7033fc8620647c545b0b09b5619a2074fa3ce9e1171570df847a74c7bea,1141666,Lee2019_MI,Q15-E007,BROAD_EEGNET,20260924,0.8701357245445251,0.12986427545547485,1
s03_1_offline_train_t090,3,1,offline_train,2,session1/s3/sess01_subj03_EEG_MI.mat,ed9be7033fc8620647c545b0b09b5619a2074fa3ce9e1171570df847a74c7bea,1152816,Lee2019_MI,Q15-E007,BROAD_EEGNET,20260924,0.1565467119216919,0.8434533476829529,2
s03_1_offline_train_t091,3,1,offline_train,2,session1/s3/sess01_subj03_EEG_MI.mat,ed9be7033fc8620647c545b0b09b5619a2074fa3ce9e1171570df847a74c7bea,1163399,Lee2019_MI,Q15-E007,BROAD_EEGNET,20260924,0.6164382100105286,0.38356176018714905,1
s03_1_offline_train_t092,3,1,offline_train,2,session1/s3/sess01_subj03_EEG_MI.mat,ed9be7033fc8620647c545b0b09b5619a2074fa3ce9e1171570df847a74c7bea,1173999,Lee2019_MI,Q15-E007,BROAD_EEGNET,20260924,0.5734202265739441,0.4265797734260559,1
s03_1_offline_train_t093,3,1,offline_train,1,session1/s3/sess01_subj03_EEG_MI.mat,ed9be7033fc8620647c545b0b09b5619a2074fa3ce9e1171570df847a74c7bea,1185049,Lee2019_MI,Q15-E007,BROAD_EEGNET,20260924,0.8529967665672302,0.14700323343276978,1
s03_1_offline_train_t094,3,1,offline_train,2,session1/s3/sess01_subj03_EEG_MI.mat,ed9be7033fc8620647c545b0b09b5619a2074fa3ce9e1171570df847a74c7bea,1196382,Lee2019_MI,Q15-E007,BROAD_EEGNET,20260924,0.6030283570289612,0.39697161316871643,1
s03_1_offline_train_t095,3,1,offline_train,1,session1/s3/sess01_subj03_EEG_MI.mat,ed9be7033fc8620647c545b0b09b5619a2074fa3ce9e1171570df847a74c7bea,1207898,Lee2019_MI,Q15-E007,BROAD_EEGNET,20260924,0.8429126739501953,0.1570873260498047,1
s03_1_offline_train_t096,3,1,offline_train,1,session1/s3/sess01_subj03_EEG_MI.mat,ed9be7033fc8620647c545b0b09b5619a2074fa3ce9e1171570df847a74c7bea,1218582,Lee2019_MI,Q15-E007,BROAD_EEGNET,20260924,0.9851436018943787,0.01485636830329895,1
s03_1_offline_train_t097,3,1,offline_train,2,session1/s3/sess01_subj03_EEG_MI.mat,ed9be7033fc8620647c545b0b09b5619a2074fa3ce9e1171570df847a74c7bea,1229714,Lee2019_MI,Q15-E007,BROAD_EEGNET,20260924,0.41739097237586975,0.5826090574264526,2
s03_1_offline_train_t098,3,1,offline_train,1,session1/s3/sess01_subj03_EEG_MI.mat,ed9be7033fc8620647c545b0b09b5619a2074fa3ce9e1171570df847a74c7bea,1240764,Lee2019_MI,Q15-E007,BROAD_EEGNET,20260924,0.9838111996650696,0.01618874818086624,1
s03_1_offline_train_t099,3,1,offline_train,2,session1/s3/sess01_subj03_EEG_MI.mat,ed9be7033fc8620647c545b0b09b5619a2074fa3ce9e1171570df847a74c7bea,1251364,Lee2019_MI,Q15-E007,BROAD_EEGNET,20260924,0.16762693226337433,0.8323731422424316,2
s03_1_offline_train_t100,3,1,offline_train,2,session1/s3/sess01_subj03_EEG_MI.mat,ed9be7033fc8620647c545b0b09b5619a2074fa3ce9e1171570df847a74c7bea,1262231,Lee2019_MI,Q15-E007,BROAD_EEGNET,20260924,0.8343013525009155,0.16569866240024567,1
s03_2_offline_train_t001,3,2,offline_train,1,session2/s3/sess02_subj03_EEG_MI.mat,46c12e798f4bca1443479f032bf54633cd60d4d286af9ec80f0e1bbd2c35295c,145012,Lee2019_MI,Q15-E007,BROAD_EEGNET,20260924,0.948204517364502,0.05179551616311073,1
s03_2_offline_train_t002,3,2,offline_train,2,session2/s3/sess02_subj03_EEG_MI.mat,46c12e798f4bca1443479f032bf54633cd60d4d286af9ec80f0e1bbd2c35295c,156547,Lee2019_MI,Q15-E007,BROAD_EEGNET,20260924,0.04434714466333389,0.9556528329849243,2
s03_2_offline_train_t003,3,2,offline_train,1,session2/s3/sess02_subj03_EEG_MI.mat,46c12e798f4bca1443479f032bf54633cd60d4d286af9ec80f0e1bbd2c35295c,167230,Lee2019_MI,Q15-E007,BROAD_EEGNET,20260924,0.9816311001777649,0.0183689147233963,1
s03_2_offline_train_t004,3,2,offline_train,1,session2/s3/sess02_subj03_EEG_MI.mat,46c12e798f4bca1443479f032bf54633cd60d4d286af9ec80f0e1bbd2c35295c,178747,Lee2019_MI,Q15-E007,BROAD_EEGNET,20260924,0.7958155870437622,0.2041843682527542,1
s03_2_offline_train_t005,3,2,offline_train,2,session2/s3/sess02_subj03_EEG_MI.mat,46c12e798f4bca1443479f032bf54633cd60d4d286af9ec80f0e1bbd2c35295c,189896,Lee2019_MI,Q15-E007,BROAD_EEGNET,20260924,0.003076346591114998,0.9969236254692078,2
s03_2_offline_train_t006,3,2,offline_train,2,session2/s3/sess02_subj03_EEG_MI.mat,46c12e798f4bca1443479f032bf54633cd60d4d286af9ec80f0e1bbd2c35295c,200579,Lee2019_MI,Q15-E007,BROAD_EEGNET,20260924,0.1215709000825882,0.878429114818573,2
s03_2_offline_train_t007,3,2,offline_train,1,session2/s3/sess02_subj03_EEG_MI.mat,46c12e798f4bca1443479f032bf54633cd60d4d286af9ec80f0e1bbd2c35295c,211446,Lee2019_MI,Q15-E007,BROAD_EEGNET,20260924,0.36807242035865784,0.6319276094436646,2
s03_2_offline_train_t008,3,2,offline_train,2,session2/s3/sess02_subj03_EEG_MI.mat,46c12e798f4bca1443479f032bf54633cd60d4d286af9ec80f0e1bbd2c35295c,222579,Lee2019_MI,Q15-E007,BROAD_EEGNET,20260924,0.0041061644442379475,0.9958938360214233,2
s03_2_offline_train_t009,3,2,offline_train,1,session2/s3/sess02_subj03_EEG_MI.mat,46c12e798f4bca1443479f032bf54633cd60d4d286af9ec80f0e1bbd2c35295c,234095,Lee2019_MI,Q15-E007,BROAD_EEGNET,20260924,0.9960856437683105,0.003914336673915386,1
s03_2_offline_train_t010,3,2,offline_train,1,session2/s3/sess02_subj03_EEG_MI.mat,46c12e798f4bca1443479f032bf54633cd60d4d286af9ec80f0e1bbd2c35295c,245612,Lee2019_MI,Q15-E007,BROAD_EEGNET,20260924,0.9802454113960266,0.019754581153392792,1
s03_2_offline_train_t011,3,2,offline_train,2,session2/s3/sess02_subj03_EEG_MI.mat,46c12e798f4bca1443479f032bf54633cd60d4d286af9ec80f0e1bbd2c35295c,256295,Lee2019_MI,Q15-E007,BROAD_EEGNET,20260924,0.029447495937347412,0.9705525636672974,2
s03_2_offline_train_t012,3,2,offline_train,2,session2/s3/sess02_subj03_EEG_MI.mat,46c12e798f4bca1443479f032bf54633cd60d4d286af9ec80f0e1bbd2c35295c,267812,Lee2019_MI,Q15-E007,BROAD_EEGNET,20260924,0.2236824929714203,0.7763174772262573,2
s03_2_offline_train_t013,3,2,offline_train,1,session2/s3/sess02_subj03_EEG_MI.mat,46c12e798f4bca1443479f032bf54633cd60d4d286af9ec80f0e1bbd2c35295c,279328,Lee2019_MI,Q15-E007,BROAD_EEGNET,20260924,0.9958910942077637,0.0041088988073170185,1
s03_2_offline_train_t014,3,2,offline_train,1,session2/s3/sess02_subj03_EEG_MI.mat,46c12e798f4bca1443479f032bf54633cd60d4d286af9ec80f0e1bbd2c35295c,290378,Lee2019_MI,Q15-E007,BROAD_EEGNET,20260924,0.9739116430282593,0.026088306680321693,1
s03_2_offline_train_t015,3,2,offline_train,2,session2/s3/sess02_subj03_EEG_MI.mat,46c12e798f4bca1443479f032bf54633cd60d4d286af9ec80f0e1bbd2c35295c,301711,Lee2019_MI,Q15-E007,BROAD_EEGNET,20260924,0.5905182957649231,0.4094817340373993,1
s03_2_offline_train_t016,3,2,offline_train,1,session2/s3/sess02_subj03_EEG_MI.mat,46c12e798f4bca1443479f032bf54633cd60d4d286af9ec80f0e1bbd2c35295c,312394,Lee2019_MI,Q15-E007,BROAD_EEGNET,20260924,0.45207643508911133,0.5479235649108887,2
s03_2_offline_train_t017,3,2,offline_train,1,session2/s3/sess02_subj03_EEG_MI.mat,46c12e798f4bca1443479f032bf54633cd60d4d286af9ec80f0e1bbd2c35295c,323361,Lee2019_MI,Q15-E007,BROAD_EEGNET,20260924,0.9821161031723022,0.01788388006389141,1
s03_2_offline_train_t018,3,2,offline_train,1,session2/s3/sess02_subj03_EEG_MI.mat,46c12e798f4bca1443479f032bf54633cd60d4d286af9ec80f0e1bbd2c35295c,334777,Lee2019_MI,Q15-E007,BROAD_EEGNET,20260924,0.8842124938964844,0.11578748375177383,1
s03_2_offline_train_t019,3,2,offline_train,1,session2/s3/sess02_subj03_EEG_MI.mat,46c12e798f4bca1443479f032bf54633cd60d4d286af9ec80f0e1bbd2c35295c,346110,Lee2019_MI,Q15-E007,BROAD_EEGNET,20260924,0.40435096621513367,0.5956490635871887,2
s03_2_offline_train_t020,3,2,offline_train,2,session2/s3/sess02_subj03_EEG_MI.mat,46c12e798f4bca1443479f032bf54633cd60d4d286af9ec80f0e1bbd2c35295c,357627,Lee2019_MI,Q15-E007,BROAD_EEGNET,20260924,0.005837015341967344,0.9941629767417908,2
s03_2_offline_train_t021,3,2,offline_train,2,session2/s3/sess02_subj03_EEG_MI.mat,46c12e798f4bca1443479f032bf54633cd60d4d286af9ec80f0e1bbd2c35295c,368860,Lee2019_MI,Q15-E007,BROAD_EEGNET,20260924,0.11835183203220367,0.8816481828689575,2
s03_2_offline_train_t022,3,2,offline_train,1,session2/s3/sess02_subj03_EEG_MI.mat,46c12e798f4bca1443479f032bf54633cd60d4d286af9ec80f0e1bbd2c35295c,379460,Lee2019_MI,Q15-E007,BROAD_EEGNET,20260924,0.621649444103241,0.37835055589675903,1
s03_2_offline_train_t023,3,2,offline_train,2,session2/s3/sess02_subj03_EEG_MI.mat,46c12e798f4bca1443479f032bf54633cd60d4d286af9ec80f0e1bbd2c35295c,390876,Lee2019_MI,Q15-E007,BROAD_EEGNET,20260924,0.04495968669652939,0.9550403356552124,2
s03_2_offline_train_t024,3,2,offline_train,2,session2/s3/sess02_subj03_EEG_MI.mat,46c12e798f4bca1443479f032bf54633cd60d4d286af9ec80f0e1bbd2c35295c,402393,Lee2019_MI,Q15-E007,BROAD_EEGNET,20260924,0.12937937676906586,0.870620608329773,2
s03_2_offline_train_t025,3,2,offline_train,2,session2/s3/sess02_subj03_EEG_MI.mat,46c12e798f4bca1443479f032bf54633cd60d4d286af9ec80f0e1bbd2c35295c,413642,Lee2019_MI,Q15-E007,BROAD_EEGNET,20260924,0.10432305932044983,0.8956769108772278,2
s03_2_offline_train_t026,3,2,offline_train,1,session2/s3/sess02_subj03_EEG_MI.mat,46c12e798f4bca1443479f032bf54633cd60d4d286af9ec80f0e1bbd2c35295c,424959,Lee2019_MI,Q15-E007,BROAD_EEGNET,20260924,0.9786079525947571,0.021392060443758965,1
s03_2_offline_train_t027,3,2,offline_train,2,session2/s3/sess02_subj03_EEG_MI.mat,46c12e798f4bca1443479f032bf54633cd60d4d286af9ec80f0e1bbd2c35295c,436292,Lee2019_MI,Q15-E007,BROAD_EEGNET,20260924,0.09178216010332108,0.9082178473472595,2
s03_2_offline_train_t028,3,2,offline_train,1,session2/s3/sess02_subj03_EEG_MI.mat,46c12e798f4bca1443479f032bf54633cd60d4d286af9ec80f0e1bbd2c35295c,447259,Lee2019_MI,Q15-E007,BROAD_EEGNET,20260924,0.9368364810943604,0.06316357851028442,1
s03_2_offline_train_t029,3,2,offline_train,1,session2/s3/sess02_subj03_EEG_MI.mat,46c12e798f4bca1443479f032bf54633cd60d4d286af9ec80f0e1bbd2c35295c,458492,Lee2019_MI,Q15-E007,BROAD_EEGNET,20260924,0.9976977705955505,0.0023022033274173737,1
s03_2_offline_train_t030,3,2,offline_train,2,session2/s3/sess02_subj03_EEG_MI.mat,46c12e798f4bca1443479f032bf54633cd60d4d286af9ec80f0e1bbd2c35295c,469175,Lee2019_MI,Q15-E007,BROAD_EEGNET,20260924,0.0044275978580117226,0.9955723285675049,2
s03_2_offline_train_t031,3,2,offline_train,1,session2/s3/sess02_subj03_EEG_MI.mat,46c12e798f4bca1443479f032bf54633cd60d4d286af9ec80f0e1bbd2c35295c,480408,Lee2019_MI,Q15-E007,BROAD_EEGNET,20260924,0.9972014427185059,0.0027985400520265102,1
s03_2_offline_train_t032,3,2,offline_train,2,session2/s3/sess02_subj03_EEG_MI.mat,46c12e798f4bca1443479f032bf54633cd60d4d286af9ec80f0e1bbd2c35295c,491008,Lee2019_MI,Q15-E007,BROAD_EEGNET,20260924,0.0537259615957737,0.9462741017341614,2
s03_2_offline_train_t033,3,2,offline_train,1,session2/s3/sess02_subj03_EEG_MI.mat,46c12e798f4bca1443479f032bf54633cd60d4d286af9ec80f0e1bbd2c35295c,501874,Lee2019_MI,Q15-E007,BROAD_EEGNET,20260924,0.8321000933647156,0.1678999364376068,1
s03_2_offline_train_t034,3,2,offline_train,2,session2/s3/sess02_subj03_EEG_MI.mat,46c12e798f4bca1443479f032bf54633cd60d4d286af9ec80f0e1bbd2c35295c,512457,Lee2019_MI,Q15-E007,BROAD_EEGNET,20260924,0.7520343661308289,0.24796558916568756,1
s03_2_offline_train_t035,3,2,offline_train,2,session2/s3/sess02_subj03_EEG_MI.mat,46c12e798f4bca1443479f032bf54633cd60d4d286af9ec80f0e1bbd2c35295c,523140,Lee2019_MI,Q15-E007,BROAD_EEGNET,20260924,0.0016607691068202257,0.9983391761779785,2
s03_2_offline_train_t036,3,2,offline_train,1,session2/s3/sess02_subj03_EEG_MI.mat,46c12e798f4bca1443479f032bf54633cd60d4d286af9ec80f0e1bbd2c35295c,534474,Lee2019_MI,Q15-E007,BROAD_EEGNET,20260924,0.9813665151596069,0.018633512780070305,1
s03_2_offline_train_t037,3,2,offline_train,1,session2/s3/sess02_subj03_EEG_MI.mat,46c12e798f4bca1443479f032bf54633cd60d4d286af9ec80f0e1bbd2c35295c,545707,Lee2019_MI,Q15-E007,BROAD_EEGNET,20260924,0.677304208278656,0.3226958215236664,1
s03_2_offline_train_t038,3,2,offline_train,2,session2/s3/sess02_subj03_EEG_MI.mat,46c12e798f4bca1443479f032bf54633cd60d4d286af9ec80f0e1bbd2c35295c,556573,Lee2019_MI,Q15-E007,BROAD_EEGNET,20260924,0.014996761456131935,0.9850032925605774,2
s03_2_offline_train_t039,3,2,offline_train,1,session2/s3/sess02_subj03_EEG_MI.mat,46c12e798f4bca1443479f032bf54633cd60d4d286af9ec80f0e1bbd2c35295c,568090,Lee2019_MI,Q15-E007,BROAD_EEGNET,20260924,0.9685616493225098,0.03143835440278053,1
s03_2_offline_train_t040,3,2,offline_train,1,session2/s3/sess02_subj03_EEG_MI.mat,46c12e798f4bca1443479f032bf54633cd60d4d286af9ec80f0e1bbd2c35295c,578673,Lee2019_MI,Q15-E007,BROAD_EEGNET,20260924,0.9959606528282166,0.004039412830024958,1
s03_2_offline_train_t041,3,2,offline_train,1,session2/s3/sess02_subj03_EEG_MI.mat,46c12e798f4bca1443479f032bf54633cd60d4d286af9ec80f0e1bbd2c35295c,589639,Lee2019_MI,Q15-E007,BROAD_EEGNET,20260924,0.461006760597229,0.538993239402771,2
s03_2_offline_train_t042,3,2,offline_train,1,session2/s3/sess02_subj03_EEG_MI.mat,46c12e798f4bca1443479f032bf54633cd60d4d286af9ec80f0e1bbd2c35295c,600606,Lee2019_MI,Q15-E007,BROAD_EEGNET,20260924,0.502672016620636,0.497327983379364,1
s03_2_offline_train_t043,3,2,offline_train,2,session2/s3/sess02_subj03_EEG_MI.mat,46c12e798f4bca1443479f032bf54633cd60d4d286af9ec80f0e1bbd2c35295c,611922,Lee2019_MI,Q15-E007,BROAD_EEGNET,20260924,0.27467408776283264,0.7253259420394897,2
s03_2_offline_train_t044,3,2,offline_train,1,session2/s3/sess02_subj03_EEG_MI.mat,46c12e798f4bca1443479f032bf54633cd60d4d286af9ec80f0e1bbd2c35295c,623255,Lee2019_MI,Q15-E007,BROAD_EEGNET,20260924,0.27761605381965637,0.722383975982666,2
s03_2_offline_train_t045,3,2,offline_train,2,session2/s3/sess02_subj03_EEG_MI.mat,46c12e798f4bca1443479f032bf54633cd60d4d286af9ec80f0e1bbd2c35295c,634039,Lee2019_MI,Q15-E007,BROAD_EEGNET,20260924,0.2589205801486969,0.7410794496536255,2
s03_2_offline_train_t046,3,2,offline_train,1,session2/s3/sess02_subj03_EEG_MI.mat,46c12e798f4bca1443479f032bf54633cd60d4d286af9ec80f0e1bbd2c35295c,645088,Lee2019_MI,Q15-E007,BROAD_EEGNET,20260924,0.5728431940078735,0.4271567761898041,1
s03_2_offline_train_t047,3,2,offline_train,1,session2/s3/sess02_subj03_EEG_MI.mat,46c12e798f4bca1443479f032bf54633cd60d4d286af9ec80f0e1bbd2c35295c,656055,Lee2019_MI,Q15-E007,BROAD_EEGNET,20260924,0.8301131725311279,0.16988681256771088,1
s03_2_offline_train_t048,3,2,offline_train,1,session2/s3/sess02_subj03_EEG_MI.mat,46c12e798f4bca1443479f032bf54633cd60d4d286af9ec80f0e1bbd2c35295c,667288,Lee2019_MI,Q15-E007,BROAD_EEGNET,20260924,0.44035544991493225,0.5596445798873901,2
s03_2_offline_train_t049,3,2,offline_train,2,session2/s3/sess02_subj03_EEG_MI.mat,46c12e798f4bca1443479f032bf54633cd60d4d286af9ec80f0e1bbd2c35295c,678521,Lee2019_MI,Q15-E007,BROAD_EEGNET,20260924,0.0015996706206351519,0.9984002709388733,2
s03_2_offline_train_t050,3,2,offline_train,1,session2/s3/sess02_subj03_EEG_MI.mat,46c12e798f4bca1443479f032bf54633cd60d4d286af9ec80f0e1bbd2c35295c,741403,Lee2019_MI,Q15-E007,BROAD_EEGNET,20260924,0.5437991619110107,0.45620083808898926,1
s03_2_offline_train_t051,3,2,offline_train,1,session2/s3/sess02_subj03_EEG_MI.mat,46c12e798f4bca1443479f032bf54633cd60d4d286af9ec80f0e1bbd2c35295c,752270,Lee2019_MI,Q15-E007,BROAD_EEGNET,20260924,0.5658374428749084,0.43416258692741394,1
s03_2_offline_train_t052,3,2,offline_train,1,session2/s3/sess02_subj03_EEG_MI.mat,46c12e798f4bca1443479f032bf54633cd60d4d286af9ec80f0e1bbd2c35295c,763503,Lee2019_MI,Q15-E007,BROAD_EEGNET,20260924,0.9098156690597534,0.09018430858850479,1
s03_2_offline_train_t053,3,2,offline_train,1,session2/s3/sess02_subj03_EEG_MI.mat,46c12e798f4bca1443479f032bf54633cd60d4d286af9ec80f0e1bbd2c35295c,774753,Lee2019_MI,Q15-E007,BROAD_EEGNET,20260924,0.9635432958602905,0.03645667806267738,1
s03_2_offline_train_t054,3,2,offline_train,2,session2/s3/sess02_subj03_EEG_MI.mat,46c12e798f4bca1443479f032bf54633cd60d4d286af9ec80f0e1bbd2c35295c,785419,Lee2019_MI,Q15-E007,BROAD_EEGNET,20260924,0.22296682000160217,0.7770332098007202,2
s03_2_offline_train_t055,3,2,offline_train,1,session2/s3/sess02_subj03_EEG_MI.mat,46c12e798f4bca1443479f032bf54633cd60d4d286af9ec80f0e1bbd2c35295c,796102,Lee2019_MI,Q15-E007,BROAD_EEGNET,20260924,0.9974523186683655,0.0025476166047155857,1
s03_2_offline_train_t056,3,2,offline_train,1,session2/s3/sess02_subj03_EEG_MI.mat,46c12e798f4bca1443479f032bf54633cd60d4d286af9ec80f0e1bbd2c35295c,807152,Lee2019_MI,Q15-E007,BROAD_EEGNET,20260924,0.7345958352088928,0.2654041051864624,1
s03_2_offline_train_t057,3,2,offline_train,2,session2/s3/sess02_subj03_EEG_MI.mat,46c12e798f4bca1443479f032bf54633cd60d4d286af9ec80f0e1bbd2c35295c,818669,Lee2019_MI,Q15-E007,BROAD_EEGNET,20260924,0.08259274810552597,0.9174072742462158,2
s03_2_offline_train_t058,3,2,offline_train,2,session2/s3/sess02_subj03_EEG_MI.mat,46c12e798f4bca1443479f032bf54633cd60d4d286af9ec80f0e1bbd2c35295c,829535,Lee2019_MI,Q15-E007,BROAD_EEGNET,20260924,0.18640853464603424,0.813591480255127,2
s03_2_offline_train_t059,3,2,offline_train,1,session2/s3/sess02_subj03_EEG_MI.mat,46c12e798f4bca1443479f032bf54633cd60d4d286af9ec80f0e1bbd2c35295c,840685,Lee2019_MI,Q15-E007,BROAD_EEGNET,20260924,0.9657336473464966,0.03426630422472954,1
s03_2_offline_train_t060,3,2,offline_train,1,session2/s3/sess02_subj03_EEG_MI.mat,46c12e798f4bca1443479f032bf54633cd60d4d286af9ec80f0e1bbd2c35295c,851468,Lee2019_MI,Q15-E007,BROAD_EEGNET,20260924,0.912559449672699,0.08744058012962341,1
s03_2_offline_train_t061,3,2,offline_train,2,session2/s3/sess02_subj03_EEG_MI.mat,46c12e798f4bca1443479f032bf54633cd60d4d286af9ec80f0e1bbd2c35295c,862801,Lee2019_MI,Q15-E007,BROAD_EEGNET,20260924,0.439456045627594,0.5605438947677612,2
s03_2_offline_train_t062,3,2,offline_train,2,session2/s3/sess02_subj03_EEG_MI.mat,46c12e798f4bca1443479f032bf54633cd60d4d286af9ec80f0e1bbd2c35295c,873568,Lee2019_MI,Q15-E007,BROAD_EEGNET,20260924,0.46338194608688354,0.5366180539131165,2
s03_2_offline_train_t063,3,2,offline_train,1,session2/s3/sess02_subj03_EEG_MI.mat,46c12e798f4bca1443479f032bf54633cd60d4d286af9ec80f0e1bbd2c35295c,884618,Lee2019_MI,Q15-E007,BROAD_EEGNET,20260924,0.9979807734489441,0.0020192789379507303,1
s03_2_offline_train_t064,3,2,offline_train,2,session2/s3/sess02_subj03_EEG_MI.mat,46c12e798f4bca1443479f032bf54633cd60d4d286af9ec80f0e1bbd2c35295c,895851,Lee2019_MI,Q15-E007,BROAD_EEGNET,20260924,0.3698253631591797,0.6301746964454651,2
s03_2_offline_train_t065,3,2,offline_train,2,session2/s3/sess02_subj03_EEG_MI.mat,46c12e798f4bca1443479f032bf54633cd60d4d286af9ec80f0e1bbd2c35295c,907284,Lee2019_MI,Q15-E007,BROAD_EEGNET,20260924,0.0022572942543774843,0.997742772102356,2
s03_2_offline_train_t066,3,2,offline_train,2,session2/s3/sess02_subj03_EEG_MI.mat,46c12e798f4bca1443479f032bf54633cd60d4d286af9ec80f0e1bbd2c35295c,918800,Lee2019_MI,Q15-E007,BROAD_EEGNET,20260924,0.0707377940416336,0.9292622208595276,2
s03_2_offline_train_t067,3,2,offline_train,2,session2/s3/sess02_subj03_EEG_MI.mat,46c12e798f4bca1443479f032bf54633cd60d4d286af9ec80f0e1bbd2c35295c,929950,Lee2019_MI,Q15-E007,BROAD_EEGNET,20260924,0.08543362468481064,0.9145663976669312,2
s03_2_offline_train_t068,3,2,offline_train,1,session2/s3/sess02_subj03_EEG_MI.mat,46c12e798f4bca1443479f032bf54633cd60d4d286af9ec80f0e1bbd2c35295c,940633,Lee2019_MI,Q15-E007,BROAD_EEGNET,20260924,0.8830959796905518,0.11690399050712585,1
s03_2_offline_train_t069,3,2,offline_train,1,session2/s3/sess02_subj03_EEG_MI.mat,46c12e798f4bca1443479f032bf54633cd60d4d286af9ec80f0e1bbd2c35295c,951299,Lee2019_MI,Q15-E007,BROAD_EEGNET,20260924,0.8693124055862427,0.13068757951259613,1
s03_2_offline_train_t070,3,2,offline_train,2,session2/s3/sess02_subj03_EEG_MI.mat,46c12e798f4bca1443479f032bf54633cd60d4d286af9ec80f0e1bbd2c35295c,962082,Lee2019_MI,Q15-E007,BROAD_EEGNET,20260924,0.0044381581246852875,0.9955618381500244,2
s03_2_offline_train_t071,3,2,offline_train,1,session2/s3/sess02_subj03_EEG_MI.mat,46c12e798f4bca1443479f032bf54633cd60d4d286af9ec80f0e1bbd2c35295c,973499,Lee2019_MI,Q15-E007,BROAD_EEGNET,20260924,0.993759274482727,0.006240798160433769,1
s03_2_offline_train_t072,3,2,offline_train,2,session2/s3/sess02_subj03_EEG_MI.mat,46c12e798f4bca1443479f032bf54633cd60d4d286af9ec80f0e1bbd2c35295c,984282,Lee2019_MI,Q15-E007,BROAD_EEGNET,20260924,0.07059040665626526,0.9294096231460571,2
s03_2_offline_train_t073,3,2,offline_train,2,session2/s3/sess02_subj03_EEG_MI.mat,46c12e798f4bca1443479f032bf54633cd60d4d286af9ec80f0e1bbd2c35295c,995615,Lee2019_MI,Q15-E007,BROAD_EEGNET,20260924,0.19331322610378265,0.8066867589950562,2
s03_2_offline_train_t074,3,2,offline_train,2,session2/s3/sess02_subj03_EEG_MI.mat,46c12e798f4bca1443479f032bf54633cd60d4d286af9ec80f0e1bbd2c35295c,1006382,Lee2019_MI,Q15-E007,BROAD_EEGNET,20260924,0.23794208467006683,0.7620579600334167,2
s03_2_offline_train_t075,3,2,offline_train,1,session2/s3/sess02_subj03_EEG_MI.mat,46c12e798f4bca1443479f032bf54633cd60d4d286af9ec80f0e1bbd2c35295c,1017898,Lee2019_MI,Q15-E007,BROAD_EEGNET,20260924,0.9998928308486938,0.00010714073141571134,1
s03_2_offline_train_t076,3,2,offline_train,2,session2/s3/sess02_subj03_EEG_MI.mat,46c12e798f4bca1443479f032bf54633cd60d4d286af9ec80f0e1bbd2c35295c,1028765,Lee2019_MI,Q15-E007,BROAD_EEGNET,20260924,0.002163217170163989,0.9978367686271667,2
s03_2_offline_train_t077,3,2,offline_train,1,session2/s3/sess02_subj03_EEG_MI.mat,46c12e798f4bca1443479f032bf54633cd60d4d286af9ec80f0e1bbd2c35295c,1039548,Lee2019_MI,Q15-E007,BROAD_EEGNET,20260924,0.9933269023895264,0.006673114374279976,1
s03_2_offline_train_t078,3,2,offline_train,1,session2/s3/sess02_subj03_EEG_MI.mat,46c12e798f4bca1443479f032bf54633cd60d4d286af9ec80f0e1bbd2c35295c,1050315,Lee2019_MI,Q15-E007,BROAD_EEGNET,20260924,0.9938715696334839,0.006128404289484024,1
s03_2_offline_train_t079,3,2,offline_train,2,session2/s3/sess02_subj03_EEG_MI.mat,46c12e798f4bca1443479f032bf54633cd60d4d286af9ec80f0e1bbd2c35295c,1061464,Lee2019_MI,Q15-E007,BROAD_EEGNET,20260924,0.9354584813117981,0.06454145908355713,1
s03_2_offline_train_t080,3,2,offline_train,2,session2/s3/sess02_subj03_EEG_MI.mat,46c12e798f4bca1443479f032bf54633cd60d4d286af9ec80f0e1bbd2c35295c,1072514,Lee2019_MI,Q15-E007,BROAD_EEGNET,20260924,0.2973233759403229,0.7026765942573547,2
s03_2_offline_train_t081,3,2,offline_train,2,session2/s3/sess02_subj03_EEG_MI.mat,46c12e798f4bca1443479f032bf54633cd60d4d286af9ec80f0e1bbd2c35295c,1083381,Lee2019_MI,Q15-E007,BROAD_EEGNET,20260924,0.2376333475112915,0.7623665928840637,2
s03_2_offline_train_t082,3,2,offline_train,1,session2/s3/sess02_subj03_EEG_MI.mat,46c12e798f4bca1443479f032bf54633cd60d4d286af9ec80f0e1bbd2c35295c,1094797,Lee2019_MI,Q15-E007,BROAD_EEGNET,20260924,0.9989926218986511,0.0010073449229821563,1
s03_2_offline_train_t083,3,2,offline_train,2,session2/s3/sess02_subj03_EEG_MI.mat,46c12e798f4bca1443479f032bf54633cd60d4d286af9ec80f0e1bbd2c35295c,1105947,Lee2019_MI,Q15-E007,BROAD_EEGNET,20260924,0.8231661319732666,0.17683382332324982,1
s03_2_offline_train_t084,3,2,offline_train,2,session2/s3/sess02_subj03_EEG_MI.mat,46c12e798f4bca1443479f032bf54633cd60d4d286af9ec80f0e1bbd2c35295c,1116997,Lee2019_MI,Q15-E007,BROAD_EEGNET,20260924,0.09726136177778244,0.9027385711669922,2
s03_2_offline_train_t085,3,2,offline_train,1,session2/s3/sess02_subj03_EEG_MI.mat,46c12e798f4bca1443479f032bf54633cd60d4d286af9ec80f0e1bbd2c35295c,1128430,Lee2019_MI,Q15-E007,BROAD_EEGNET,20260924,0.7519142627716064,0.24808570742607117,1
s03_2_offline_train_t086,3,2,offline_train,2,session2/s3/sess02_subj03_EEG_MI.mat,46c12e798f4bca1443479f032bf54633cd60d4d286af9ec80f0e1bbd2c35295c,1139296,Lee2019_MI,Q15-E007,BROAD_EEGNET,20260924,0.003198017366230488,0.9968019723892212,2
s03_2_offline_train_t087,3,2,offline_train,1,session2/s3/sess02_subj03_EEG_MI.mat,46c12e798f4bca1443479f032bf54633cd60d4d286af9ec80f0e1bbd2c35295c,1150630,Lee2019_MI,Q15-E007,BROAD_EEGNET,20260924,0.9250636696815491,0.07493628561496735,1
s03_2_offline_train_t088,3,2,offline_train,2,session2/s3/sess02_subj03_EEG_MI.mat,46c12e798f4bca1443479f032bf54633cd60d4d286af9ec80f0e1bbd2c35295c,1161946,Lee2019_MI,Q15-E007,BROAD_EEGNET,20260924,0.3531293570995331,0.6468706130981445,2
s03_2_offline_train_t089,3,2,offline_train,2,session2/s3/sess02_subj03_EEG_MI.mat,46c12e798f4bca1443479f032bf54633cd60d4d286af9ec80f0e1bbd2c35295c,1172912,Lee2019_MI,Q15-E007,BROAD_EEGNET,20260924,0.43128564953804016,0.5687143206596375,2
s03_2_offline_train_t090,3,2,offline_train,2,session2/s3/sess02_subj03_EEG_MI.mat,46c12e798f4bca1443479f032bf54633cd60d4d286af9ec80f0e1bbd2c35295c,1184062,Lee2019_MI,Q15-E007,BROAD_EEGNET,20260924,0.22970934212207794,0.7702906131744385,2
s03_2_offline_train_t091,3,2,offline_train,2,session2/s3/sess02_subj03_EEG_MI.mat,46c12e798f4bca1443479f032bf54633cd60d4d286af9ec80f0e1bbd2c35295c,1194645,Lee2019_MI,Q15-E007,BROAD_EEGNET,20260924,0.4421124756336212,0.5578875541687012,2
s03_2_offline_train_t092,3,2,offline_train,2,session2/s3/sess02_subj03_EEG_MI.mat,46c12e798f4bca1443479f032bf54633cd60d4d286af9ec80f0e1bbd2c35295c,1205228,Lee2019_MI,Q15-E007,BROAD_EEGNET,20260924,0.7045493721961975,0.2954506278038025,1
s03_2_offline_train_t093,3,2,offline_train,1,session2/s3/sess02_subj03_EEG_MI.mat,46c12e798f4bca1443479f032bf54633cd60d4d286af9ec80f0e1bbd2c35295c,1216295,Lee2019_MI,Q15-E007,BROAD_EEGNET,20260924,0.990724503993988,0.009275498799979687,1
s03_2_offline_train_t094,3,2,offline_train,2,session2/s3/sess02_subj03_EEG_MI.mat,46c12e798f4bca1443479f032bf54633cd60d4d286af9ec80f0e1bbd2c35295c,1227611,Lee2019_MI,Q15-E007,BROAD_EEGNET,20260924,0.7100376486778259,0.2899622917175293,1
s03_2_offline_train_t095,3,2,offline_train,1,session2/s3/sess02_subj03_EEG_MI.mat,46c12e798f4bca1443479f032bf54633cd60d4d286af9ec80f0e1bbd2c35295c,1239128,Lee2019_MI,Q15-E007,BROAD_EEGNET,20260924,0.29055050015449524,0.7094495296478271,2
s03_2_offline_train_t096,3,2,offline_train,1,session2/s3/sess02_subj03_EEG_MI.mat,46c12e798f4bca1443479f032bf54633cd60d4d286af9ec80f0e1bbd2c35295c,1249811,Lee2019_MI,Q15-E007,BROAD_EEGNET,20260924,0.966200053691864,0.03379989042878151,1
s03_2_offline_train_t097,3,2,offline_train,2,session2/s3/sess02_subj03_EEG_MI.mat,46c12e798f4bca1443479f032bf54633cd60d4d286af9ec80f0e1bbd2c35295c,1260961,Lee2019_MI,Q15-E007,BROAD_EEGNET,20260924,0.044739969074726105,0.9552599787712097,2
s03_2_offline_train_t098,3,2,offline_train,1,session2/s3/sess02_subj03_EEG_MI.mat,46c12e798f4bca1443479f032bf54633cd60d4d286af9ec80f0e1bbd2c35295c,1272011,Lee2019_MI,Q15-E007,BROAD_EEGNET,20260924,0.9907562136650085,0.009243744425475597,1
s03_2_offline_train_t099,3,2,offline_train,2,session2/s3/sess02_subj03_EEG_MI.mat,46c12e798f4bca1443479f032bf54633cd60d4d286af9ec80f0e1bbd2c35295c,1282611,Lee2019_MI,Q15-E007,BROAD_EEGNET,20260924,0.0022531473077833652,0.9977468848228455,2
s03_2_offline_train_t100,3,2,offline_train,2,session2/s3/sess02_subj03_EEG_MI.mat,46c12e798f4bca1443479f032bf54633cd60d4d286af9ec80f0e1bbd2c35295c,1293477,Lee2019_MI,Q15-E007,BROAD_EEGNET,20260924,0.011609935201704502,0.9883900880813599,2
s03_1_offline_train_t001,3,1,offline_train,1,session1/s3/sess01_subj03_EEG_MI.mat,ed9be7033fc8620647c545b0b09b5619a2074fa3ce9e1171570df847a74c7bea,150451,Lee2019_MI,Q15-E007,BROAD_EEGNET,20260925,0.6732969880104065,0.3267030119895935,1
s03_1_offline_train_t002,3,1,offline_train,2,session1/s3/sess01_subj03_EEG_MI.mat,ed9be7033fc8620647c545b0b09b5619a2074fa3ce9e1171570df847a74c7bea,161902,Lee2019_MI,Q15-E007,BROAD_EEGNET,20260925,0.46276819705963135,0.5372318029403687,2
s03_1_offline_train_t003,3,1,offline_train,1,session1/s3/sess01_subj03_EEG_MI.mat,ed9be7033fc8620647c545b0b09b5619a2074fa3ce9e1171570df847a74c7bea,172585,Lee2019_MI,Q15-E007,BROAD_EEGNET,20260925,0.9542366862297058,0.045763324946165085,1
s03_1_offline_train_t004,3,1,offline_train,1,session1/s3/sess01_subj03_EEG_MI.mat,ed9be7033fc8620647c545b0b09b5619a2074fa3ce9e1171570df847a74c7bea,184102,Lee2019_MI,Q15-E007,BROAD_EEGNET,20260925,0.45155614614486694,0.5484438538551331,2
s03_1_offline_train_t005,3,1,offline_train,2,session1/s3/sess01_subj03_EEG_MI.mat,ed9be7033fc8620647c545b0b09b5619a2074fa3ce9e1171570df847a74c7bea,195251,Lee2019_MI,Q15-E007,BROAD_EEGNET,20260925,0.1627066284418106,0.8372933864593506,2
s03_1_offline_train_t006,3,1,offline_train,2,session1/s3/sess01_subj03_EEG_MI.mat,ed9be7033fc8620647c545b0b09b5619a2074fa3ce9e1171570df847a74c7bea,205935,Lee2019_MI,Q15-E007,BROAD_EEGNET,20260925,0.35983240604400635,0.6401675939559937,2
s03_1_offline_train_t007,3,1,offline_train,1,session1/s3/sess01_subj03_EEG_MI.mat,ed9be7033fc8620647c545b0b09b5619a2074fa3ce9e1171570df847a74c7bea,216800,Lee2019_MI,Q15-E007,BROAD_EEGNET,20260925,0.5413582921028137,0.4586417078971863,1
s03_1_offline_train_t008,3,1,offline_train,2,session1/s3/sess01_subj03_EEG_MI.mat,ed9be7033fc8620647c545b0b09b5619a2074fa3ce9e1171570df847a74c7bea,227934,Lee2019_MI,Q15-E007,BROAD_EEGNET,20260925,0.44778043031692505,0.5522196292877197,2
s03_1_offline_train_t009,3,1,offline_train,1,session1/s3/sess01_subj03_EEG_MI.mat,ed9be7033fc8620647c545b0b09b5619a2074fa3ce9e1171570df847a74c7bea,239450,Lee2019_MI,Q15-E007,BROAD_EEGNET,20260925,0.44362276792526245,0.5563772320747375,2
s03_1_offline_train_t010,3,1,offline_train,1,session1/s3/sess01_subj03_EEG_MI.mat,ed9be7033fc8620647c545b0b09b5619a2074fa3ce9e1171570df847a74c7bea,250967,Lee2019_MI,Q15-E007,BROAD_EEGNET,20260925,0.7460852265357971,0.25391480326652527,1
s03_1_offline_train_t011,3,1,offline_train,2,session1/s3/sess01_subj03_EEG_MI.mat,ed9be7033fc8620647c545b0b09b5619a2074fa3ce9e1171570df847a74c7bea,261650,Lee2019_MI,Q15-E007,BROAD_EEGNET,20260925,0.32537639141082764,0.6746236085891724,2
s03_1_offline_train_t012,3,1,offline_train,2,session1/s3/sess01_subj03_EEG_MI.mat,ed9be7033fc8620647c545b0b09b5619a2074fa3ce9e1171570df847a74c7bea,273167,Lee2019_MI,Q15-E007,BROAD_EEGNET,20260925,0.2626784145832062,0.7373216152191162,2
s03_1_offline_train_t013,3,1,offline_train,1,session1/s3/sess01_subj03_EEG_MI.mat,ed9be7033fc8620647c545b0b09b5619a2074fa3ce9e1171570df847a74c7bea,284683,Lee2019_MI,Q15-E007,BROAD_EEGNET,20260925,0.8650704622268677,0.13492952287197113,1
s03_1_offline_train_t014,3,1,offline_train,1,session1/s3/sess01_subj03_EEG_MI.mat,ed9be7033fc8620647c545b0b09b5619a2074fa3ce9e1171570df847a74c7bea,295732,Lee2019_MI,Q15-E007,BROAD_EEGNET,20260925,0.7426354289054871,0.25736454129219055,1
s03_1_offline_train_t015,3,1,offline_train,2,session1/s3/sess01_subj03_EEG_MI.mat,ed9be7033fc8620647c545b0b09b5619a2074fa3ce9e1171570df847a74c7bea,307066,Lee2019_MI,Q15-E007,BROAD_EEGNET,20260925,0.7682600617408752,0.23173992335796356,1
s03_1_offline_train_t016,3,1,offline_train,1,session1/s3/sess01_subj03_EEG_MI.mat,ed9be7033fc8620647c545b0b09b5619a2074fa3ce9e1171570df847a74c7bea,317749,Lee2019_MI,Q15-E007,BROAD_EEGNET,20260925,0.9692062735557556,0.030793774873018265,1
s03_1_offline_train_t017,3,1,offline_train,1,session1/s3/sess01_subj03_EEG_MI.mat,ed9be7033fc8620647c545b0b09b5619a2074fa3ce9e1171570df847a74c7bea,328714,Lee2019_MI,Q15-E007,BROAD_EEGNET,20260925,0.837465226650238,0.16253474354743958,1
s03_1_offline_train_t018,3,1,offline_train,1,session1/s3/sess01_subj03_EEG_MI.mat,ed9be7033fc8620647c545b0b09b5619a2074fa3ce9e1171570df847a74c7bea,340231,Lee2019_MI,Q15-E007,BROAD_EEGNET,20260925,0.6723102331161499,0.3276897370815277,1
s03_1_offline_train_t019,3,1,offline_train,1,session1/s3/sess01_subj03_EEG_MI.mat,ed9be7033fc8620647c545b0b09b5619a2074fa3ce9e1171570df847a74c7bea,351565,Lee2019_MI,Q15-E007,BROAD_EEGNET,20260925,0.6964394450187683,0.3035605847835541,1
s03_1_offline_train_t020,3,1,offline_train,2,session1/s3/sess01_subj03_EEG_MI.mat,ed9be7033fc8620647c545b0b09b5619a2074fa3ce9e1171570df847a74c7bea,363082,Lee2019_MI,Q15-E007,BROAD_EEGNET,20260925,0.6203593611717224,0.3796406388282776,1
s03_1_offline_train_t021,3,1,offline_train,2,session1/s3/sess01_subj03_EEG_MI.mat,ed9be7033fc8620647c545b0b09b5619a2074fa3ce9e1171570df847a74c7bea,374315,Lee2019_MI,Q15-E007,BROAD_EEGNET,20260925,0.3697896897792816,0.6302103400230408,2
s03_1_offline_train_t022,3,1,offline_train,1,session1/s3/sess01_subj03_EEG_MI.mat,ed9be7033fc8620647c545b0b09b5619a2074fa3ce9e1171570df847a74c7bea,384898,Lee2019_MI,Q15-E007,BROAD_EEGNET,20260925,0.9982889294624329,0.001711081014946103,1
s03_1_offline_train_t023,3,1,offline_train,2,session1/s3/sess01_subj03_EEG_MI.mat,ed9be7033fc8620647c545b0b09b5619a2074fa3ce9e1171570df847a74c7bea,396331,Lee2019_MI,Q15-E007,BROAD_EEGNET,20260925,0.3306586742401123,0.6693412661552429,2
s03_1_offline_train_t024,3,1,offline_train,2,session1/s3/sess01_subj03_EEG_MI.mat,ed9be7033fc8620647c545b0b09b5619a2074fa3ce9e1171570df847a74c7bea,407847,Lee2019_MI,Q15-E007,BROAD_EEGNET,20260925,0.5393053293228149,0.46069467067718506,1
s03_1_offline_train_t025,3,1,offline_train,2,session1/s3/sess01_subj03_EEG_MI.mat,ed9be7033fc8620647c545b0b09b5619a2074fa3ce9e1171570df847a74c7bea,419080,Lee2019_MI,Q15-E007,BROAD_EEGNET,20260925,0.130346417427063,0.869653582572937,2
s03_1_offline_train_t026,3,1,offline_train,1,session1/s3/sess01_subj03_EEG_MI.mat,ed9be7033fc8620647c545b0b09b5619a2074fa3ce9e1171570df847a74c7bea,430413,Lee2019_MI,Q15-E007,BROAD_EEGNET,20260925,0.7684581279754639,0.23154190182685852,1
s03_1_offline_train_t027,3,1,offline_train,2,session1/s3/sess01_subj03_EEG_MI.mat,ed9be7033fc8620647c545b0b09b5619a2074fa3ce9e1171570df847a74c7bea,441747,Lee2019_MI,Q15-E007,BROAD_EEGNET,20260925,0.5170583724975586,0.4829416573047638,1
s03_1_offline_train_t028,3,1,offline_train,1,session1/s3/sess01_subj03_EEG_MI.mat,ed9be7033fc8620647c545b0b09b5619a2074fa3ce9e1171570df847a74c7bea,452696,Lee2019_MI,Q15-E007,BROAD_EEGNET,20260925,0.6949952244758606,0.30500471591949463,1
s03_1_offline_train_t029,3,1,offline_train,1,session1/s3/sess01_subj03_EEG_MI.mat,ed9be7033fc8620647c545b0b09b5619a2074fa3ce9e1171570df847a74c7bea,463946,Lee2019_MI,Q15-E007,BROAD_EEGNET,20260925,0.9832282066345215,0.016771849244832993,1
s03_1_offline_train_t030,3,1,offline_train,2,session1/s3/sess01_subj03_EEG_MI.mat,ed9be7033fc8620647c545b0b09b5619a2074fa3ce9e1171570df847a74c7bea,474713,Lee2019_MI,Q15-E007,BROAD_EEGNET,20260925,0.3555370271205902,0.6444630026817322,2
s03_1_offline_train_t031,3,1,offline_train,1,session1/s3/sess01_subj03_EEG_MI.mat,ed9be7033fc8620647c545b0b09b5619a2074fa3ce9e1171570df847a74c7bea,485946,Lee2019_MI,Q15-E007,BROAD_EEGNET,20260925,0.8851471543312073,0.11485283076763153,1
s03_1_offline_train_t032,3,1,offline_train,2,session1/s3/sess01_subj03_EEG_MI.mat,ed9be7033fc8620647c545b0b09b5619a2074fa3ce9e1171570df847a74c7bea,496546,Lee2019_MI,Q15-E007,BROAD_EEGNET,20260925,0.7044670581817627,0.29553288221359253,1
s03_1_offline_train_t033,3,1,offline_train,1,session1/s3/sess01_subj03_EEG_MI.mat,ed9be7033fc8620647c545b0b09b5619a2074fa3ce9e1171570df847a74c7bea,507412,Lee2019_MI,Q15-E007,BROAD_EEGNET,20260925,0.92706298828125,0.0729370191693306,1
s03_1_offline_train_t034,3,1,offline_train,2,session1/s3/sess01_subj03_EEG_MI.mat,ed9be7033fc8620647c545b0b09b5619a2074fa3ce9e1171570df847a74c7bea,517995,Lee2019_MI,Q15-E007,BROAD_EEGNET,20260925,0.10235054790973663,0.8976494669914246,2
s03_1_offline_train_t035,3,1,offline_train,2,session1/s3/sess01_subj03_EEG_MI.mat,ed9be7033fc8620647c545b0b09b5619a2074fa3ce9e1171570df847a74c7bea,528678,Lee2019_MI,Q15-E007,BROAD_EEGNET,20260925,0.2780511677265167,0.7219488620758057,2
s03_1_offline_train_t036,3,1,offline_train,1,session1/s3/sess01_subj03_EEG_MI.mat,ed9be7033fc8620647c545b0b09b5619a2074fa3ce9e1171570df847a74c7bea,540011,Lee2019_MI,Q15-E007,BROAD_EEGNET,20260925,0.8548485040664673,0.14515145123004913,1
s03_1_offline_train_t037,3,1,offline_train,1,session1/s3/sess01_subj03_EEG_MI.mat,ed9be7033fc8620647c545b0b09b5619a2074fa3ce9e1171570df847a74c7bea,551245,Lee2019_MI,Q15-E007,BROAD_EEGNET,20260925,0.9218569397926331,0.07814302295446396,1
s03_1_offline_train_t038,3,1,offline_train,2,session1/s3/sess01_subj03_EEG_MI.mat,ed9be7033fc8620647c545b0b09b5619a2074fa3ce9e1171570df847a74c7bea,562111,Lee2019_MI,Q15-E007,BROAD_EEGNET,20260925,0.577396035194397,0.42260393500328064,1
s03_1_offline_train_t039,3,1,offline_train,1,session1/s3/sess01_subj03_EEG_MI.mat,ed9be7033fc8620647c545b0b09b5619a2074fa3ce9e1171570df847a74c7bea,573627,Lee2019_MI,Q15-E007,BROAD_EEGNET,20260925,0.986504852771759,0.0134951276704669,1
s03_1_offline_train_t040,3,1,offline_train,1,session1/s3/sess01_subj03_EEG_MI.mat,ed9be7033fc8620647c545b0b09b5619a2074fa3ce9e1171570df847a74c7bea,584211,Lee2019_MI,Q15-E007,BROAD_EEGNET,20260925,0.9234287738800049,0.07657124847173691,1
s03_1_offline_train_t041,3,1,offline_train,1,session1/s3/sess01_subj03_EEG_MI.mat,ed9be7033fc8620647c545b0b09b5619a2074fa3ce9e1171570df847a74c7bea,595177,Lee2019_MI,Q15-E007,BROAD_EEGNET,20260925,0.9026721119880676,0.0973278060555458,1
s03_1_offline_train_t042,3,1,offline_train,1,session1/s3/sess01_subj03_EEG_MI.mat,ed9be7033fc8620647c545b0b09b5619a2074fa3ce9e1171570df847a74c7bea,606144,Lee2019_MI,Q15-E007,BROAD_EEGNET,20260925,0.9579659700393677,0.0420340895652771,1
s03_1_offline_train_t043,3,1,offline_train,2,session1/s3/sess01_subj03_EEG_MI.mat,ed9be7033fc8620647c545b0b09b5619a2074fa3ce9e1171570df847a74c7bea,617477,Lee2019_MI,Q15-E007,BROAD_EEGNET,20260925,0.19387879967689514,0.8061211705207825,2
s03_1_offline_train_t044,3,1,offline_train,1,session1/s3/sess01_subj03_EEG_MI.mat,ed9be7033fc8620647c545b0b09b5619a2074fa3ce9e1171570df847a74c7bea,628792,Lee2019_MI,Q15-E007,BROAD_EEGNET,20260925,0.9994144439697266,0.0005855904310010374,1
s03_1_offline_train_t045,3,1,offline_train,2,session1/s3/sess01_subj03_EEG_MI.mat,ed9be7033fc8620647c545b0b09b5619a2074fa3ce9e1171570df847a74c7bea,639576,Lee2019_MI,Q15-E007,BROAD_EEGNET,20260925,0.41156262159347534,0.5884373784065247,2
s03_1_offline_train_t046,3,1,offline_train,1,session1/s3/sess01_subj03_EEG_MI.mat,ed9be7033fc8620647c545b0b09b5619a2074fa3ce9e1171570df847a74c7bea,650626,Lee2019_MI,Q15-E007,BROAD_EEGNET,20260925,0.9975322484970093,0.002467671874910593,1
s03_1_offline_train_t047,3,1,offline_train,1,session1/s3/sess01_subj03_EEG_MI.mat,ed9be7033fc8620647c545b0b09b5619a2074fa3ce9e1171570df847a74c7bea,661592,Lee2019_MI,Q15-E007,BROAD_EEGNET,20260925,0.8212664127349854,0.17873360216617584,1
s03_1_offline_train_t048,3,1,offline_train,1,session1/s3/sess01_subj03_EEG_MI.mat,ed9be7033fc8620647c545b0b09b5619a2074fa3ce9e1171570df847a74c7bea,672824,Lee2019_MI,Q15-E007,BROAD_EEGNET,20260925,0.8215475678443909,0.17845238745212555,1
s03_1_offline_train_t049,3,1,offline_train,2,session1/s3/sess01_subj03_EEG_MI.mat,ed9be7033fc8620647c545b0b09b5619a2074fa3ce9e1171570df847a74c7bea,684058,Lee2019_MI,Q15-E007,BROAD_EEGNET,20260925,0.1897449791431427,0.8102549910545349,2
s03_1_offline_train_t050,3,1,offline_train,1,session1/s3/sess01_subj03_EEG_MI.mat,ed9be7033fc8620647c545b0b09b5619a2074fa3ce9e1171570df847a74c7bea,710075,Lee2019_MI,Q15-E007,BROAD_EEGNET,20260925,0.9157149195671082,0.08428512513637543,1
s03_1_offline_train_t051,3,1,offline_train,1,session1/s3/sess01_subj03_EEG_MI.mat,ed9be7033fc8620647c545b0b09b5619a2074fa3ce9e1171570df847a74c7bea,720941,Lee2019_MI,Q15-E007,BROAD_EEGNET,20260925,0.7827740907669067,0.21722592413425446,1
s03_1_offline_train_t052,3,1,offline_train,1,session1/s3/sess01_subj03_EEG_MI.mat,ed9be7033fc8620647c545b0b09b5619a2074fa3ce9e1171570df847a74c7bea,732174,Lee2019_MI,Q15-E007,BROAD_EEGNET,20260925,0.3385600745677948,0.6614399552345276,2
s03_1_offline_train_t053,3,1,offline_train,1,session1/s3/sess01_subj03_EEG_MI.mat,ed9be7033fc8620647c545b0b09b5619a2074fa3ce9e1171570df847a74c7bea,743408,Lee2019_MI,Q15-E007,BROAD_EEGNET,20260925,0.866705060005188,0.13329489529132843,1
s03_1_offline_train_t054,3,1,offline_train,2,session1/s3/sess01_subj03_EEG_MI.mat,ed9be7033fc8620647c545b0b09b5619a2074fa3ce9e1171570df847a74c7bea,754090,Lee2019_MI,Q15-E007,BROAD_EEGNET,20260925,0.4754689633846283,0.5245310664176941,2
s03_1_offline_train_t055,3,1,offline_train,1,session1/s3/sess01_subj03_EEG_MI.mat,ed9be7033fc8620647c545b0b09b5619a2074fa3ce9e1171570df847a74c7bea,764774,Lee2019_MI,Q15-E007,BROAD_EEGNET,20260925,0.9204276204109192,0.07957243174314499,1
s03_1_offline_train_t056,3,1,offline_train,1,session1/s3/sess01_subj03_EEG_MI.mat,ed9be7033fc8620647c545b0b09b5619a2074fa3ce9e1171570df847a74c7bea,775824,Lee2019_MI,Q15-E007,BROAD_EEGNET,20260925,0.925574779510498,0.07442523539066315,1
s03_1_offline_train_t057,3,1,offline_train,2,session1/s3/sess01_subj03_EEG_MI.mat,ed9be7033fc8620647c545b0b09b5619a2074fa3ce9e1171570df847a74c7bea,787340,Lee2019_MI,Q15-E007,BROAD_EEGNET,20260925,0.4924435019493103,0.5075564980506897,2
s03_1_offline_train_t058,3,1,offline_train,2,session1/s3/sess01_subj03_EEG_MI.mat,ed9be7033fc8620647c545b0b09b5619a2074fa3ce9e1171570df847a74c7bea,798206,Lee2019_MI,Q15-E007,BROAD_EEGNET,20260925,0.19728389382362366,0.802716076374054,2
s03_1_offline_train_t059,3,1,offline_train,1,session1/s3/sess01_subj03_EEG_MI.mat,ed9be7033fc8620647c545b0b09b5619a2074fa3ce9e1171570df847a74c7bea,809356,Lee2019_MI,Q15-E007,BROAD_EEGNET,20260925,0.998571515083313,0.001428450457751751,1
s03_1_offline_train_t060,3,1,offline_train,1,session1/s3/sess01_subj03_EEG_MI.mat,ed9be7033fc8620647c545b0b09b5619a2074fa3ce9e1171570df847a74c7bea,820122,Lee2019_MI,Q15-E007,BROAD_EEGNET,20260925,0.9930510520935059,0.006948916241526604,1
s03_1_offline_train_t061,3,1,offline_train,2,session1/s3/sess01_subj03_EEG_MI.mat,ed9be7033fc8620647c545b0b09b5619a2074fa3ce9e1171570df847a74c7bea,831456,Lee2019_MI,Q15-E007,BROAD_EEGNET,20260925,0.7385274767875671,0.26147252321243286,1
s03_1_offline_train_t062,3,1,offline_train,2,session1/s3/sess01_subj03_EEG_MI.mat,ed9be7033fc8620647c545b0b09b5619a2074fa3ce9e1171570df847a74c7bea,842239,Lee2019_MI,Q15-E007,BROAD_EEGNET,20260925,0.25184202194213867,0.7481579184532166,2
s03_1_offline_train_t063,3,1,offline_train,1,session1/s3/sess01_subj03_EEG_MI.mat,ed9be7033fc8620647c545b0b09b5619a2074fa3ce9e1171570df847a74c7bea,853289,Lee2019_MI,Q15-E007,BROAD_EEGNET,20260925,0.9663317203521729,0.03366825729608536,1
s03_1_offline_train_t064,3,1,offline_train,2,session1/s3/sess01_subj03_EEG_MI.mat,ed9be7033fc8620647c545b0b09b5619a2074fa3ce9e1171570df847a74c7bea,864522,Lee2019_MI,Q15-E007,BROAD_EEGNET,20260925,0.4926808476448059,0.5073191523551941,2
s03_1_offline_train_t065,3,1,offline_train,2,session1/s3/sess01_subj03_EEG_MI.mat,ed9be7033fc8620647c545b0b09b5619a2074fa3ce9e1171570df847a74c7bea,875955,Lee2019_MI,Q15-E007,BROAD_EEGNET,20260925,0.11297239363193512,0.8870276212692261,2
s03_1_offline_train_t066,3,1,offline_train,2,session1/s3/sess01_subj03_EEG_MI.mat,ed9be7033fc8620647c545b0b09b5619a2074fa3ce9e1171570df847a74c7bea,887471,Lee2019_MI,Q15-E007,BROAD_EEGNET,20260925,0.3829113245010376,0.6170886754989624,2
s03_1_offline_train_t067,3,1,offline_train,2,session1/s3/sess01_subj03_EEG_MI.mat,ed9be7033fc8620647c545b0b09b5619a2074fa3ce9e1171570df847a74c7bea,898604,Lee2019_MI,Q15-E007,BROAD_EEGNET,20260925,0.8634364604949951,0.13656358420848846,1
s03_1_offline_train_t068,3,1,offline_train,1,session1/s3/sess01_subj03_EEG_MI.mat,ed9be7033fc8620647c545b0b09b5619a2074fa3ce9e1171570df847a74c7bea,909288,Lee2019_MI,Q15-E007,BROAD_EEGNET,20260925,0.9020764231681824,0.09792353212833405,1
s03_1_offline_train_t069,3,1,offline_train,1,session1/s3/sess01_subj03_EEG_MI.mat,ed9be7033fc8620647c545b0b09b5619a2074fa3ce9e1171570df847a74c7bea,919971,Lee2019_MI,Q15-E007,BROAD_EEGNET,20260925,0.9950971007347107,0.004902835935354233,1
s03_1_offline_train_t070,3,1,offline_train,2,session1/s3/sess01_subj03_EEG_MI.mat,ed9be7033fc8620647c545b0b09b5619a2074fa3ce9e1171570df847a74c7bea,930752,Lee2019_MI,Q15-E007,BROAD_EEGNET,20260925,0.7935174703598022,0.20648257434368134,1
s03_1_offline_train_t071,3,1,offline_train,1,session1/s3/sess01_subj03_EEG_MI.mat,ed9be7033fc8620647c545b0b09b5619a2074fa3ce9e1171570df847a74c7bea,942170,Lee2019_MI,Q15-E007,BROAD_EEGNET,20260925,0.8081614971160889,0.1918385624885559,1
s03_1_offline_train_t072,3,1,offline_train,2,session1/s3/sess01_subj03_EEG_MI.mat,ed9be7033fc8620647c545b0b09b5619a2074fa3ce9e1171570df847a74c7bea,952937,Lee2019_MI,Q15-E007,BROAD_EEGNET,20260925,0.8648983836174011,0.1351015716791153,1
s03_1_offline_train_t073,3,1,offline_train,2,session1/s3/sess01_subj03_EEG_MI.mat,ed9be7033fc8620647c545b0b09b5619a2074fa3ce9e1171570df847a74c7bea,964270,Lee2019_MI,Q15-E007,BROAD_EEGNET,20260925,0.8591193556785583,0.14088064432144165,1
s03_1_offline_train_t074,3,1,offline_train,2,session1/s3/sess01_subj03_EEG_MI.mat,ed9be7033fc8620647c545b0b09b5619a2074fa3ce9e1171570df847a74c7bea,975053,Lee2019_MI,Q15-E007,BROAD_EEGNET,20260925,0.4569624960422516,0.543037474155426,2
s03_1_offline_train_t075,3,1,offline_train,1,session1/s3/sess01_subj03_EEG_MI.mat,ed9be7033fc8620647c545b0b09b5619a2074fa3ce9e1171570df847a74c7bea,986568,Lee2019_MI,Q15-E007,BROAD_EEGNET,20260925,0.7401246428489685,0.25987541675567627,1
s03_1_offline_train_t076,3,1,offline_train,2,session1/s3/sess01_subj03_EEG_MI.mat,ed9be7033fc8620647c545b0b09b5619a2074fa3ce9e1171570df847a74c7bea,997436,Lee2019_MI,Q15-E007,BROAD_EEGNET,20260925,0.5043180584907532,0.4956819415092468,1
s03_1_offline_train_t077,3,1,offline_train,1,session1/s3/sess01_subj03_EEG_MI.mat,ed9be7033fc8620647c545b0b09b5619a2074fa3ce9e1171570df847a74c7bea,1008202,Lee2019_MI,Q15-E007,BROAD_EEGNET,20260925,0.9463449716567993,0.05365503206849098,1
s03_1_offline_train_t078,3,1,offline_train,1,session1/s3/sess01_subj03_EEG_MI.mat,ed9be7033fc8620647c545b0b09b5619a2074fa3ce9e1171570df847a74c7bea,1018986,Lee2019_MI,Q15-E007,BROAD_EEGNET,20260925,0.5600342154502869,0.43996578454971313,1
s03_1_offline_train_t079,3,1,offline_train,2,session1/s3/sess01_subj03_EEG_MI.mat,ed9be7033fc8620647c545b0b09b5619a2074fa3ce9e1171570df847a74c7bea,1030118,Lee2019_MI,Q15-E007,BROAD_EEGNET,20260925,0.07415174692869186,0.9258482456207275,2
s03_1_offline_train_t080,3,1,offline_train,2,session1/s3/sess01_subj03_EEG_MI.mat,ed9be7033fc8620647c545b0b09b5619a2074fa3ce9e1171570df847a74c7bea,1041185,Lee2019_MI,Q15-E007,BROAD_EEGNET,20260925,0.06430511176586151,0.9356949329376221,2
s03_1_offline_train_t081,3,1,offline_train,2,session1/s3/sess01_subj03_EEG_MI.mat,ed9be7033fc8620647c545b0b09b5619a2074fa3ce9e1171570df847a74c7bea,1052051,Lee2019_MI,Q15-E007,BROAD_EEGNET,20260925,0.018515238538384438,0.9814847707748413,2
s03_1_offline_train_t082,3,1,offline_train,1,session1/s3/sess01_subj03_EEG_MI.mat,ed9be7033fc8620647c545b0b09b5619a2074fa3ce9e1171570df847a74c7bea,1063468,Lee2019_MI,Q15-E007,BROAD_EEGNET,20260925,0.23208779096603394,0.7679122090339661,2
s03_1_offline_train_t083,3,1,offline_train,2,session1/s3/sess01_subj03_EEG_MI.mat,ed9be7033fc8620647c545b0b09b5619a2074fa3ce9e1171570df847a74c7bea,1074618,Lee2019_MI,Q15-E007,BROAD_EEGNET,20260925,0.4491277039051056,0.5508723258972168,2
s03_1_offline_train_t084,3,1,offline_train,2,session1/s3/sess01_subj03_EEG_MI.mat,ed9be7033fc8620647c545b0b09b5619a2074fa3ce9e1171570df847a74c7bea,1085751,Lee2019_MI,Q15-E007,BROAD_EEGNET,20260925,0.6814530491828918,0.31854695081710815,1
s03_1_offline_train_t085,3,1,offline_train,1,session1/s3/sess01_subj03_EEG_MI.mat,ed9be7033fc8620647c545b0b09b5619a2074fa3ce9e1171570df847a74c7bea,1097184,Lee2019_MI,Q15-E007,BROAD_EEGNET,20260925,0.5057001709938049,0.4942997992038727,1
s03_1_offline_train_t086,3,1,offline_train,2,session1/s3/sess01_subj03_EEG_MI.mat,ed9be7033fc8620647c545b0b09b5619a2074fa3ce9e1171570df847a74c7bea,1108050,Lee2019_MI,Q15-E007,BROAD_EEGNET,20260925,0.22737520933151245,0.7726247906684875,2
s03_1_offline_train_t087,3,1,offline_train,1,session1/s3/sess01_subj03_EEG_MI.mat,ed9be7033fc8620647c545b0b09b5619a2074fa3ce9e1171570df847a74c7bea,1119383,Lee2019_MI,Q15-E007,BROAD_EEGNET,20260925,0.509162187576294,0.49083778262138367,1
s03_1_offline_train_t088,3,1,offline_train,2,session1/s3/sess01_subj03_EEG_MI.mat,ed9be7033fc8620647c545b0b09b5619a2074fa3ce9e1171570df847a74c7bea,1130717,Lee2019_MI,Q15-E007,BROAD_EEGNET,20260925,0.7756801247596741,0.22431989014148712,1
s03_1_offline_train_t089,3,1,offline_train,2,session1/s3/sess01_subj03_EEG_MI.mat,ed9be7033fc8620647c545b0b09b5619a2074fa3ce9e1171570df847a74c7bea,1141666,Lee2019_MI,Q15-E007,BROAD_EEGNET,20260925,0.6873155832290649,0.31268447637557983,1
s03_1_offline_train_t090,3,1,offline_train,2,session1/s3/sess01_subj03_EEG_MI.mat,ed9be7033fc8620647c545b0b09b5619a2074fa3ce9e1171570df847a74c7bea,1152816,Lee2019_MI,Q15-E007,BROAD_EEGNET,20260925,0.2618243396282196,0.738175630569458,2
s03_1_offline_train_t091,3,1,offline_train,2,session1/s3/sess01_subj03_EEG_MI.mat,ed9be7033fc8620647c545b0b09b5619a2074fa3ce9e1171570df847a74c7bea,1163399,Lee2019_MI,Q15-E007,BROAD_EEGNET,20260925,0.6733978986740112,0.32660210132598877,1
s03_1_offline_train_t092,3,1,offline_train,2,session1/s3/sess01_subj03_EEG_MI.mat,ed9be7033fc8620647c545b0b09b5619a2074fa3ce9e1171570df847a74c7bea,1173999,Lee2019_MI,Q15-E007,BROAD_EEGNET,20260925,0.6628429889678955,0.3371569812297821,1
s03_1_offline_train_t093,3,1,offline_train,1,session1/s3/sess01_subj03_EEG_MI.mat,ed9be7033fc8620647c545b0b09b5619a2074fa3ce9e1171570df847a74c7bea,1185049,Lee2019_MI,Q15-E007,BROAD_EEGNET,20260925,0.9075149297714233,0.09248502552509308,1
s03_1_offline_train_t094,3,1,offline_train,2,session1/s3/sess01_subj03_EEG_MI.mat,ed9be7033fc8620647c545b0b09b5619a2074fa3ce9e1171570df847a74c7bea,1196382,Lee2019_MI,Q15-E007,BROAD_EEGNET,20260925,0.5165639519691467,0.48343604803085327,1
s03_1_offline_train_t095,3,1,offline_train,1,session1/s3/sess01_subj03_EEG_MI.mat,ed9be7033fc8620647c545b0b09b5619a2074fa3ce9e1171570df847a74c7bea,1207898,Lee2019_MI,Q15-E007,BROAD_EEGNET,20260925,0.972968578338623,0.027031388133764267,1
s03_1_offline_train_t096,3,1,offline_train,1,session1/s3/sess01_subj03_EEG_MI.mat,ed9be7033fc8620647c545b0b09b5619a2074fa3ce9e1171570df847a74c7bea,1218582,Lee2019_MI,Q15-E007,BROAD_EEGNET,20260925,0.9949628114700317,0.005037148017436266,1
s03_1_offline_train_t097,3,1,offline_train,2,session1/s3/sess01_subj03_EEG_MI.mat,ed9be7033fc8620647c545b0b09b5619a2074fa3ce9e1171570df847a74c7bea,1229714,Lee2019_MI,Q15-E007,BROAD_EEGNET,20260925,0.7638383507728577,0.23616161942481995,1
s03_1_offline_train_t098,3,1,offline_train,1,session1/s3/sess01_subj03_EEG_MI.mat,ed9be7033fc8620647c545b0b09b5619a2074fa3ce9e1171570df847a74c7bea,1240764,Lee2019_MI,Q15-E007,BROAD_EEGNET,20260925,0.9919626116752625,0.008037402294576168,1
s03_1_offline_train_t099,3,1,offline_train,2,session1/s3/sess01_subj03_EEG_MI.mat,ed9be7033fc8620647c545b0b09b5619a2074fa3ce9e1171570df847a74c7bea,1251364,Lee2019_MI,Q15-E007,BROAD_EEGNET,20260925,0.7719794511795044,0.2280205637216568,1
s03_1_offline_train_t100,3,1,offline_train,2,session1/s3/sess01_subj03_EEG_MI.mat,ed9be7033fc8620647c545b0b09b5619a2074fa3ce9e1171570df847a74c7bea,1262231,Lee2019_MI,Q15-E007,BROAD_EEGNET,20260925,0.8602575659751892,0.1397424191236496,1
s03_2_offline_train_t001,3,2,offline_train,1,session2/s3/sess02_subj03_EEG_MI.mat,46c12e798f4bca1443479f032bf54633cd60d4d286af9ec80f0e1bbd2c35295c,145012,Lee2019_MI,Q15-E007,BROAD_EEGNET,20260925,0.9554401636123657,0.04455980286002159,1
s03_2_offline_train_t002,3,2,offline_train,2,session2/s3/sess02_subj03_EEG_MI.mat,46c12e798f4bca1443479f032bf54633cd60d4d286af9ec80f0e1bbd2c35295c,156547,Lee2019_MI,Q15-E007,BROAD_EEGNET,20260925,0.09862321615219116,0.9013767838478088,2
s03_2_offline_train_t003,3,2,offline_train,1,session2/s3/sess02_subj03_EEG_MI.mat,46c12e798f4bca1443479f032bf54633cd60d4d286af9ec80f0e1bbd2c35295c,167230,Lee2019_MI,Q15-E007,BROAD_EEGNET,20260925,0.9789141416549683,0.02108585461974144,1
s03_2_offline_train_t004,3,2,offline_train,1,session2/s3/sess02_subj03_EEG_MI.mat,46c12e798f4bca1443479f032bf54633cd60d4d286af9ec80f0e1bbd2c35295c,178747,Lee2019_MI,Q15-E007,BROAD_EEGNET,20260925,0.7948350310325623,0.20516499876976013,1
s03_2_offline_train_t005,3,2,offline_train,2,session2/s3/sess02_subj03_EEG_MI.mat,46c12e798f4bca1443479f032bf54633cd60d4d286af9ec80f0e1bbd2c35295c,189896,Lee2019_MI,Q15-E007,BROAD_EEGNET,20260925,0.015480558387935162,0.9845194816589355,2
s03_2_offline_train_t006,3,2,offline_train,2,session2/s3/sess02_subj03_EEG_MI.mat,46c12e798f4bca1443479f032bf54633cd60d4d286af9ec80f0e1bbd2c35295c,200579,Lee2019_MI,Q15-E007,BROAD_EEGNET,20260925,0.028519146144390106,0.9714808464050293,2
s03_2_offline_train_t007,3,2,offline_train,1,session2/s3/sess02_subj03_EEG_MI.mat,46c12e798f4bca1443479f032bf54633cd60d4d286af9ec80f0e1bbd2c35295c,211446,Lee2019_MI,Q15-E007,BROAD_EEGNET,20260925,0.8020557165145874,0.1979442983865738,1
s03_2_offline_train_t008,3,2,offline_train,2,session2/s3/sess02_subj03_EEG_MI.mat,46c12e798f4bca1443479f032bf54633cd60d4d286af9ec80f0e1bbd2c35295c,222579,Lee2019_MI,Q15-E007,BROAD_EEGNET,20260925,0.008231479674577713,0.991768479347229,2
s03_2_offline_train_t009,3,2,offline_train,1,session2/s3/sess02_subj03_EEG_MI.mat,46c12e798f4bca1443479f032bf54633cd60d4d286af9ec80f0e1bbd2c35295c,234095,Lee2019_MI,Q15-E007,BROAD_EEGNET,20260925,0.9988262057304382,0.0011737378081306815,1
s03_2_offline_train_t010,3,2,offline_train,1,session2/s3/sess02_subj03_EEG_MI.mat,46c12e798f4bca1443479f032bf54633cd60d4d286af9ec80f0e1bbd2c35295c,245612,Lee2019_MI,Q15-E007,BROAD_EEGNET,20260925,0.9970136880874634,0.0029862981755286455,1
s03_2_offline_train_t011,3,2,offline_train,2,session2/s3/sess02_subj03_EEG_MI.mat,46c12e798f4bca1443479f032bf54633cd60d4d286af9ec80f0e1bbd2c35295c,256295,Lee2019_MI,Q15-E007,BROAD_EEGNET,20260925,0.04086911305785179,0.9591309428215027,2
s03_2_offline_train_t012,3,2,offline_train,2,session2/s3/sess02_subj03_EEG_MI.mat,46c12e798f4bca1443479f032bf54633cd60d4d286af9ec80f0e1bbd2c35295c,267812,Lee2019_MI,Q15-E007,BROAD_EEGNET,20260925,0.22481457889080048,0.7751854658126831,2
s03_2_offline_train_t013,3,2,offline_train,1,session2/s3/sess02_subj03_EEG_MI.mat,46c12e798f4bca1443479f032bf54633cd60d4d286af9ec80f0e1bbd2c35295c,279328,Lee2019_MI,Q15-E007,BROAD_EEGNET,20260925,0.9948241710662842,0.0051758368499577045,1
s03_2_offline_train_t014,3,2,offline_train,1,session2/s3/sess02_subj03_EEG_MI.mat,46c12e798f4bca1443479f032bf54633cd60d4d286af9ec80f0e1bbd2c35295c,290378,Lee2019_MI,Q15-E007,BROAD_EEGNET,20260925,0.9395830631256104,0.06041688472032547,1
s03_2_offline_train_t015,3,2,offline_train,2,session2/s3/sess02_subj03_EEG_MI.mat,46c12e798f4bca1443479f032bf54633cd60d4d286af9ec80f0e1bbd2c35295c,301711,Lee2019_MI,Q15-E007,BROAD_EEGNET,20260925,0.6249849796295166,0.375014990568161,1
s03_2_offline_train_t016,3,2,offline_train,1,session2/s3/sess02_subj03_EEG_MI.mat,46c12e798f4bca1443479f032bf54633cd60d4d286af9ec80f0e1bbd2c35295c,312394,Lee2019_MI,Q15-E007,BROAD_EEGNET,20260925,0.6051161885261536,0.3948838412761688,1
s03_2_offline_train_t017,3,2,offline_train,1,session2/s3/sess02_subj03_EEG_MI.mat,46c12e798f4bca1443479f032bf54633cd60d4d286af9ec80f0e1bbd2c35295c,323361,Lee2019_MI,Q15-E007,BROAD_EEGNET,20260925,0.9995571970939636,0.00044280229485593736,1
s03_2_offline_train_t018,3,2,offline_train,1,session2/s3/sess02_subj03_EEG_MI.mat,46c12e798f4bca1443479f032bf54633cd60d4d286af9ec80f0e1bbd2c35295c,334777,Lee2019_MI,Q15-E007,BROAD_EEGNET,20260925,0.7381927371025085,0.26180729269981384,1
s03_2_offline_train_t019,3,2,offline_train,1,session2/s3/sess02_subj03_EEG_MI.mat,46c12e798f4bca1443479f032bf54633cd60d4d286af9ec80f0e1bbd2c35295c,346110,Lee2019_MI,Q15-E007,BROAD_EEGNET,20260925,0.543572187423706,0.45642781257629395,1
s03_2_offline_train_t020,3,2,offline_train,2,session2/s3/sess02_subj03_EEG_MI.mat,46c12e798f4bca1443479f032bf54633cd60d4d286af9ec80f0e1bbd2c35295c,357627,Lee2019_MI,Q15-E007,BROAD_EEGNET,20260925,0.011718363501131535,0.9882816672325134,2
s03_2_offline_train_t021,3,2,offline_train,2,session2/s3/sess02_subj03_EEG_MI.mat,46c12e798f4bca1443479f032bf54633cd60d4d286af9ec80f0e1bbd2c35295c,368860,Lee2019_MI,Q15-E007,BROAD_EEGNET,20260925,0.14732564985752106,0.8526743054389954,2
s03_2_offline_train_t022,3,2,offline_train,1,session2/s3/sess02_subj03_EEG_MI.mat,46c12e798f4bca1443479f032bf54633cd60d4d286af9ec80f0e1bbd2c35295c,379460,Lee2019_MI,Q15-E007,BROAD_EEGNET,20260925,0.4055115282535553,0.5944884419441223,2
s03_2_offline_train_t023,3,2,offline_train,2,session2/s3/sess02_subj03_EEG_MI.mat,46c12e798f4bca1443479f032bf54633cd60d4d286af9ec80f0e1bbd2c35295c,390876,Lee2019_MI,Q15-E007,BROAD_EEGNET,20260925,0.09079417586326599,0.9092057943344116,2
s03_2_offline_train_t024,3,2,offline_train,2,session2/s3/sess02_subj03_EEG_MI.mat,46c12e798f4bca1443479f032bf54633cd60d4d286af9ec80f0e1bbd2c35295c,402393,Lee2019_MI,Q15-E007,BROAD_EEGNET,20260925,0.15762507915496826,0.8423749208450317,2
s03_2_offline_train_t025,3,2,offline_train,2,session2/s3/sess02_subj03_EEG_MI.mat,46c12e798f4bca1443479f032bf54633cd60d4d286af9ec80f0e1bbd2c35295c,413642,Lee2019_MI,Q15-E007,BROAD_EEGNET,20260925,0.12130597978830338,0.8786939978599548,2
s03_2_offline_train_t026,3,2,offline_train,1,session2/s3/sess02_subj03_EEG_MI.mat,46c12e798f4bca1443479f032bf54633cd60d4d286af9ec80f0e1bbd2c35295c,424959,Lee2019_MI,Q15-E007,BROAD_EEGNET,20260925,0.9586396813392639,0.041360389441251755,1
s03_2_offline_train_t027,3,2,offline_train,2,session2/s3/sess02_subj03_EEG_MI.mat,46c12e798f4bca1443479f032bf54633cd60d4d286af9ec80f0e1bbd2c35295c,436292,Lee2019_MI,Q15-E007,BROAD_EEGNET,20260925,0.1241060271859169,0.8758939504623413,2
s03_2_offline_train_t028,3,2,offline_train,1,session2/s3/sess02_subj03_EEG_MI.mat,46c12e798f4bca1443479f032bf54633cd60d4d286af9ec80f0e1bbd2c35295c,447259,Lee2019_MI,Q15-E007,BROAD_EEGNET,20260925,0.9866353869438171,0.013364576734602451,1
s03_2_offline_train_t029,3,2,offline_train,1,session2/s3/sess02_subj03_EEG_MI.mat,46c12e798f4bca1443479f032bf54633cd60d4d286af9ec80f0e1bbd2c35295c,458492,Lee2019_MI,Q15-E007,BROAD_EEGNET,20260925,0.9964960217475891,0.0035040397197008133,1
s03_2_offline_train_t030,3,2,offline_train,2,session2/s3/sess02_subj03_EEG_MI.mat,46c12e798f4bca1443479f032bf54633cd60d4d286af9ec80f0e1bbd2c35295c,469175,Lee2019_MI,Q15-E007,BROAD_EEGNET,20260925,0.013154531829059124,0.9868454933166504,2
s03_2_offline_train_t031,3,2,offline_train,1,session2/s3/sess02_subj03_EEG_MI.mat,46c12e798f4bca1443479f032bf54633cd60d4d286af9ec80f0e1bbd2c35295c,480408,Lee2019_MI,Q15-E007,BROAD_EEGNET,20260925,0.9994319081306458,0.0005680550821125507,1
s03_2_offline_train_t032,3,2,offline_train,2,session2/s3/sess02_subj03_EEG_MI.mat,46c12e798f4bca1443479f032bf54633cd60d4d286af9ec80f0e1bbd2c35295c,491008,Lee2019_MI,Q15-E007,BROAD_EEGNET,20260925,0.043418753892183304,0.9565812349319458,2
s03_2_offline_train_t033,3,2,offline_train,1,session2/s3/sess02_subj03_EEG_MI.mat,46c12e798f4bca1443479f032bf54633cd60d4d286af9ec80f0e1bbd2c35295c,501874,Lee2019_MI,Q15-E007,BROAD_EEGNET,20260925,0.8147134184837341,0.18528655171394348,1
s03_2_offline_train_t034,3,2,offline_train,2,session2/s3/sess02_subj03_EEG_MI.mat,46c12e798f4bca1443479f032bf54633cd60d4d286af9ec80f0e1bbd2c35295c,512457,Lee2019_MI,Q15-E007,BROAD_EEGNET,20260925,0.4641074240207672,0.5358926057815552,2
s03_2_offline_train_t035,3,2,offline_train,2,session2/s3/sess02_subj03_EEG_MI.mat,46c12e798f4bca1443479f032bf54633cd60d4d286af9ec80f0e1bbd2c35295c,523140,Lee2019_MI,Q15-E007,BROAD_EEGNET,20260925,2.549152668507304e-05,0.9999744892120361,2
s03_2_offline_train_t036,3,2,offline_train,1,session2/s3/sess02_subj03_EEG_MI.mat,46c12e798f4bca1443479f032bf54633cd60d4d286af9ec80f0e1bbd2c35295c,534474,Lee2019_MI,Q15-E007,BROAD_EEGNET,20260925,0.9828429818153381,0.017157062888145447,1
s03_2_offline_train_t037,3,2,offline_train,1,session2/s3/sess02_subj03_EEG_MI.mat,46c12e798f4bca1443479f032bf54633cd60d4d286af9ec80f0e1bbd2c35295c,545707,Lee2019_MI,Q15-E007,BROAD_EEGNET,20260925,0.7193976044654846,0.2806023359298706,1
s03_2_offline_train_t038,3,2,offline_train,2,session2/s3/sess02_subj03_EEG_MI.mat,46c12e798f4bca1443479f032bf54633cd60d4d286af9ec80f0e1bbd2c35295c,556573,Lee2019_MI,Q15-E007,BROAD_EEGNET,20260925,0.013378460891544819,0.986621618270874,2
s03_2_offline_train_t039,3,2,offline_train,1,session2/s3/sess02_subj03_EEG_MI.mat,46c12e798f4bca1443479f032bf54633cd60d4d286af9ec80f0e1bbd2c35295c,568090,Lee2019_MI,Q15-E007,BROAD_EEGNET,20260925,0.970153272151947,0.02984670177102089,1
s03_2_offline_train_t040,3,2,offline_train,1,session2/s3/sess02_subj03_EEG_MI.mat,46c12e798f4bca1443479f032bf54633cd60d4d286af9ec80f0e1bbd2c35295c,578673,Lee2019_MI,Q15-E007,BROAD_EEGNET,20260925,0.9952905178070068,0.004709476139396429,1
s03_2_offline_train_t041,3,2,offline_train,1,session2/s3/sess02_subj03_EEG_MI.mat,46c12e798f4bca1443479f032bf54633cd60d4d286af9ec80f0e1bbd2c35295c,589639,Lee2019_MI,Q15-E007,BROAD_EEGNET,20260925,0.4500851035118103,0.5499149560928345,2
s03_2_offline_train_t042,3,2,offline_train,1,session2/s3/sess02_subj03_EEG_MI.mat,46c12e798f4bca1443479f032bf54633cd60d4d286af9ec80f0e1bbd2c35295c,600606,Lee2019_MI,Q15-E007,BROAD_EEGNET,20260925,0.4947090446949005,0.5052909255027771,2
s03_2_offline_train_t043,3,2,offline_train,2,session2/s3/sess02_subj03_EEG_MI.mat,46c12e798f4bca1443479f032bf54633cd60d4d286af9ec80f0e1bbd2c35295c,611922,Lee2019_MI,Q15-E007,BROAD_EEGNET,20260925,0.06057075783610344,0.9394292235374451,2
s03_2_offline_train_t044,3,2,offline_train,1,session2/s3/sess02_subj03_EEG_MI.mat,46c12e798f4bca1443479f032bf54633cd60d4d286af9ec80f0e1bbd2c35295c,623255,Lee2019_MI,Q15-E007,BROAD_EEGNET,20260925,0.34621334075927734,0.6537866592407227,2
s03_2_offline_train_t045,3,2,offline_train,2,session2/s3/sess02_subj03_EEG_MI.mat,46c12e798f4bca1443479f032bf54633cd60d4d286af9ec80f0e1bbd2c35295c,634039,Lee2019_MI,Q15-E007,BROAD_EEGNET,20260925,0.08224278688430786,0.9177571535110474,2
s03_2_offline_train_t046,3,2,offline_train,1,session2/s3/sess02_subj03_EEG_MI.mat,46c12e798f4bca1443479f032bf54633cd60d4d286af9ec80f0e1bbd2c35295c,645088,Lee2019_MI,Q15-E007,BROAD_EEGNET,20260925,0.7881989479064941,0.21180108189582825,1
s03_2_offline_train_t047,3,2,offline_train,1,session2/s3/sess02_subj03_EEG_MI.mat,46c12e798f4bca1443479f032bf54633cd60d4d286af9ec80f0e1bbd2c35295c,656055,Lee2019_MI,Q15-E007,BROAD_EEGNET,20260925,0.8118913173675537,0.18810869753360748,1
s03_2_offline_train_t048,3,2,offline_train,1,session2/s3/sess02_subj03_EEG_MI.mat,46c12e798f4bca1443479f032bf54633cd60d4d286af9ec80f0e1bbd2c35295c,667288,Lee2019_MI,Q15-E007,BROAD_EEGNET,20260925,0.7966963648796082,0.20330366492271423,1
s03_2_offline_train_t049,3,2,offline_train,2,session2/s3/sess02_subj03_EEG_MI.mat,46c12e798f4bca1443479f032bf54633cd60d4d286af9ec80f0e1bbd2c35295c,678521,Lee2019_MI,Q15-E007,BROAD_EEGNET,20260925,0.025827687233686447,0.9741723537445068,2
s03_2_offline_train_t050,3,2,offline_train,1,session2/s3/sess02_subj03_EEG_MI.mat,46c12e798f4bca1443479f032bf54633cd60d4d286af9ec80f0e1bbd2c35295c,741403,Lee2019_MI,Q15-E007,BROAD_EEGNET,20260925,0.6339689493179321,0.36603105068206787,1
s03_2_offline_train_t051,3,2,offline_train,1,session2/s3/sess02_subj03_EEG_MI.mat,46c12e798f4bca1443479f032bf54633cd60d4d286af9ec80f0e1bbd2c35295c,752270,Lee2019_MI,Q15-E007,BROAD_EEGNET,20260925,0.624705970287323,0.3752940595149994,1
s03_2_offline_train_t052,3,2,offline_train,1,session2/s3/sess02_subj03_EEG_MI.mat,46c12e798f4bca1443479f032bf54633cd60d4d286af9ec80f0e1bbd2c35295c,763503,Lee2019_MI,Q15-E007,BROAD_EEGNET,20260925,0.9207112193107605,0.07928876578807831,1
s03_2_offline_train_t053,3,2,offline_train,1,session2/s3/sess02_subj03_EEG_MI.mat,46c12e798f4bca1443479f032bf54633cd60d4d286af9ec80f0e1bbd2c35295c,774753,Lee2019_MI,Q15-E007,BROAD_EEGNET,20260925,0.9551895260810852,0.04481051117181778,1
s03_2_offline_train_t054,3,2,offline_train,2,session2/s3/sess02_subj03_EEG_MI.mat,46c12e798f4bca1443479f032bf54633cd60d4d286af9ec80f0e1bbd2c35295c,785419,Lee2019_MI,Q15-E007,BROAD_EEGNET,20260925,0.2543357014656067,0.7456642389297485,2
s03_2_offline_train_t055,3,2,offline_train,1,session2/s3/sess02_subj03_EEG_MI.mat,46c12e798f4bca1443479f032bf54633cd60d4d286af9ec80f0e1bbd2c35295c,796102,Lee2019_MI,Q15-E007,BROAD_EEGNET,20260925,0.9993602633476257,0.0006397078977897763,1
s03_2_offline_train_t056,3,2,offline_train,1,session2/s3/sess02_subj03_EEG_MI.mat,46c12e798f4bca1443479f032bf54633cd60d4d286af9ec80f0e1bbd2c35295c,807152,Lee2019_MI,Q15-E007,BROAD_EEGNET,20260925,0.027750931680202484,0.9722490906715393,2
s03_2_offline_train_t057,3,2,offline_train,2,session2/s3/sess02_subj03_EEG_MI.mat,46c12e798f4bca1443479f032bf54633cd60d4d286af9ec80f0e1bbd2c35295c,818669,Lee2019_MI,Q15-E007,BROAD_EEGNET,20260925,0.03660975769162178,0.9633902907371521,2
s03_2_offline_train_t058,3,2,offline_train,2,session2/s3/sess02_subj03_EEG_MI.mat,46c12e798f4bca1443479f032bf54633cd60d4d286af9ec80f0e1bbd2c35295c,829535,Lee2019_MI,Q15-E007,BROAD_EEGNET,20260925,0.13574348390102386,0.8642564415931702,2
s03_2_offline_train_t059,3,2,offline_train,1,session2/s3/sess02_subj03_EEG_MI.mat,46c12e798f4bca1443479f032bf54633cd60d4d286af9ec80f0e1bbd2c35295c,840685,Lee2019_MI,Q15-E007,BROAD_EEGNET,20260925,0.9471918940544128,0.05280813202261925,1
s03_2_offline_train_t060,3,2,offline_train,1,session2/s3/sess02_subj03_EEG_MI.mat,46c12e798f4bca1443479f032bf54633cd60d4d286af9ec80f0e1bbd2c35295c,851468,Lee2019_MI,Q15-E007,BROAD_EEGNET,20260925,0.8995253443717957,0.10047467797994614,1
s03_2_offline_train_t061,3,2,offline_train,2,session2/s3/sess02_subj03_EEG_MI.mat,46c12e798f4bca1443479f032bf54633cd60d4d286af9ec80f0e1bbd2c35295c,862801,Lee2019_MI,Q15-E007,BROAD_EEGNET,20260925,0.28005844354629517,0.7199415564537048,2
s03_2_offline_train_t062,3,2,offline_train,2,session2/s3/sess02_subj03_EEG_MI.mat,46c12e798f4bca1443479f032bf54633cd60d4d286af9ec80f0e1bbd2c35295c,873568,Lee2019_MI,Q15-E007,BROAD_EEGNET,20260925,0.15124981105327606,0.8487501740455627,2
s03_2_offline_train_t063,3,2,offline_train,1,session2/s3/sess02_subj03_EEG_MI.mat,46c12e798f4bca1443479f032bf54633cd60d4d286af9ec80f0e1bbd2c35295c,884618,Lee2019_MI,Q15-E007,BROAD_EEGNET,20260925,0.999796450138092,0.00020354220760054886,1
s03_2_offline_train_t064,3,2,offline_train,2,session2/s3/sess02_subj03_EEG_MI.mat,46c12e798f4bca1443479f032bf54633cd60d4d286af9ec80f0e1bbd2c35295c,895851,Lee2019_MI,Q15-E007,BROAD_EEGNET,20260925,0.2145039439201355,0.7854960560798645,2
s03_2_offline_train_t065,3,2,offline_train,2,session2/s3/sess02_subj03_EEG_MI.mat,46c12e798f4bca1443479f032bf54633cd60d4d286af9ec80f0e1bbd2c35295c,907284,Lee2019_MI,Q15-E007,BROAD_EEGNET,20260925,0.003897879971191287,0.9961020946502686,2
s03_2_offline_train_t066,3,2,offline_train,2,session2/s3/sess02_subj03_EEG_MI.mat,46c12e798f4bca1443479f032bf54633cd60d4d286af9ec80f0e1bbd2c35295c,918800,Lee2019_MI,Q15-E007,BROAD_EEGNET,20260925,0.029293078929185867,0.9707068800926208,2
s03_2_offline_train_t067,3,2,offline_train,2,session2/s3/sess02_subj03_EEG_MI.mat,46c12e798f4bca1443479f032bf54633cd60d4d286af9ec80f0e1bbd2c35295c,929950,Lee2019_MI,Q15-E007,BROAD_EEGNET,20260925,0.038548123091459274,0.9614518880844116,2
s03_2_offline_train_t068,3,2,offline_train,1,session2/s3/sess02_subj03_EEG_MI.mat,46c12e798f4bca1443479f032bf54633cd60d4d286af9ec80f0e1bbd2c35295c,940633,Lee2019_MI,Q15-E007,BROAD_EEGNET,20260925,0.9524983167648315,0.04750162735581398,1
s03_2_offline_train_t069,3,2,offline_train,1,session2/s3/sess02_subj03_EEG_MI.mat,46c12e798f4bca1443479f032bf54633cd60d4d286af9ec80f0e1bbd2c35295c,951299,Lee2019_MI,Q15-E007,BROAD_EEGNET,20260925,0.9295175671577454,0.07048247754573822,1
s03_2_offline_train_t070,3,2,offline_train,2,session2/s3/sess02_subj03_EEG_MI.mat,46c12e798f4bca1443479f032bf54633cd60d4d286af9ec80f0e1bbd2c35295c,962082,Lee2019_MI,Q15-E007,BROAD_EEGNET,20260925,0.010794547386467457,0.9892054796218872,2
s03_2_offline_train_t071,3,2,offline_train,1,session2/s3/sess02_subj03_EEG_MI.mat,46c12e798f4bca1443479f032bf54633cd60d4d286af9ec80f0e1bbd2c35295c,973499,Lee2019_MI,Q15-E007,BROAD_EEGNET,20260925,0.9944197535514832,0.005580195225775242,1
s03_2_offline_train_t072,3,2,offline_train,2,session2/s3/sess02_subj03_EEG_MI.mat,46c12e798f4bca1443479f032bf54633cd60d4d286af9ec80f0e1bbd2c35295c,984282,Lee2019_MI,Q15-E007,BROAD_EEGNET,20260925,0.07313617318868637,0.9268638491630554,2
s03_2_offline_train_t073,3,2,offline_train,2,session2/s3/sess02_subj03_EEG_MI.mat,46c12e798f4bca1443479f032bf54633cd60d4d286af9ec80f0e1bbd2c35295c,995615,Lee2019_MI,Q15-E007,BROAD_EEGNET,20260925,0.30757027864456177,0.6924297213554382,2
s03_2_offline_train_t074,3,2,offline_train,2,session2/s3/sess02_subj03_EEG_MI.mat,46c12e798f4bca1443479f032bf54633cd60d4d286af9ec80f0e1bbd2c35295c,1006382,Lee2019_MI,Q15-E007,BROAD_EEGNET,20260925,0.11035576462745667,0.889644205570221,2
s03_2_offline_train_t075,3,2,offline_train,1,session2/s3/sess02_subj03_EEG_MI.mat,46c12e798f4bca1443479f032bf54633cd60d4d286af9ec80f0e1bbd2c35295c,1017898,Lee2019_MI,Q15-E007,BROAD_EEGNET,20260925,0.9999756813049316,2.43645172304241e-05,1
s03_2_offline_train_t076,3,2,offline_train,2,session2/s3/sess02_subj03_EEG_MI.mat,46c12e798f4bca1443479f032bf54633cd60d4d286af9ec80f0e1bbd2c35295c,1028765,Lee2019_MI,Q15-E007,BROAD_EEGNET,20260925,0.004743259400129318,0.9952567219734192,2
s03_2_offline_train_t077,3,2,offline_train,1,session2/s3/sess02_subj03_EEG_MI.mat,46c12e798f4bca1443479f032bf54633cd60d4d286af9ec80f0e1bbd2c35295c,1039548,Lee2019_MI,Q15-E007,BROAD_EEGNET,20260925,0.9940185546875,0.005981498397886753,1
s03_2_offline_train_t078,3,2,offline_train,1,session2/s3/sess02_subj03_EEG_MI.mat,46c12e798f4bca1443479f032bf54633cd60d4d286af9ec80f0e1bbd2c35295c,1050315,Lee2019_MI,Q15-E007,BROAD_EEGNET,20260925,0.9811145663261414,0.018885495141148567,1
s03_2_offline_train_t079,3,2,offline_train,2,session2/s3/sess02_subj03_EEG_MI.mat,46c12e798f4bca1443479f032bf54633cd60d4d286af9ec80f0e1bbd2c35295c,1061464,Lee2019_MI,Q15-E007,BROAD_EEGNET,20260925,0.8652211427688599,0.13477888703346252,1
s03_2_offline_train_t080,3,2,offline_train,2,session2/s3/sess02_subj03_EEG_MI.mat,46c12e798f4bca1443479f032bf54633cd60d4d286af9ec80f0e1bbd2c35295c,1072514,Lee2019_MI,Q15-E007,BROAD_EEGNET,20260925,0.17550374567508698,0.8244962692260742,2
s03_2_offline_train_t081,3,2,offline_train,2,session2/s3/sess02_subj03_EEG_MI.mat,46c12e798f4bca1443479f032bf54633cd60d4d286af9ec80f0e1bbd2c35295c,1083381,Lee2019_MI,Q15-E007,BROAD_EEGNET,20260925,0.17742833495140076,0.8225716352462769,2
s03_2_offline_train_t082,3,2,offline_train,1,session2/s3/sess02_subj03_EEG_MI.mat,46c12e798f4bca1443479f032bf54633cd60d4d286af9ec80f0e1bbd2c35295c,1094797,Lee2019_MI,Q15-E007,BROAD_EEGNET,20260925,0.9998080134391785,0.00019204358977731317,1
s03_2_offline_train_t083,3,2,offline_train,2,session2/s3/sess02_subj03_EEG_MI.mat,46c12e798f4bca1443479f032bf54633cd60d4d286af9ec80f0e1bbd2c35295c,1105947,Lee2019_MI,Q15-E007,BROAD_EEGNET,20260925,0.3853451907634735,0.6146547794342041,2
s03_2_offline_train_t084,3,2,offline_train,2,session2/s3/sess02_subj03_EEG_MI.mat,46c12e798f4bca1443479f032bf54633cd60d4d286af9ec80f0e1bbd2c35295c,1116997,Lee2019_MI,Q15-E007,BROAD_EEGNET,20260925,0.058460455387830734,0.9415395259857178,2
s03_2_offline_train_t085,3,2,offline_train,1,session2/s3/sess02_subj03_EEG_MI.mat,46c12e798f4bca1443479f032bf54633cd60d4d286af9ec80f0e1bbd2c35295c,1128430,Lee2019_MI,Q15-E007,BROAD_EEGNET,20260925,0.3630355894565582,0.6369643807411194,2
s03_2_offline_train_t086,3,2,offline_train,2,session2/s3/sess02_subj03_EEG_MI.mat,46c12e798f4bca1443479f032bf54633cd60d4d286af9ec80f0e1bbd2c35295c,1139296,Lee2019_MI,Q15-E007,BROAD_EEGNET,20260925,0.009587222710251808,0.9904127717018127,2
s03_2_offline_train_t087,3,2,offline_train,1,session2/s3/sess02_subj03_EEG_MI.mat,46c12e798f4bca1443479f032bf54633cd60d4d286af9ec80f0e1bbd2c35295c,1150630,Lee2019_MI,Q15-E007,BROAD_EEGNET,20260925,0.9031120538711548,0.09688793122768402,1
s03_2_offline_train_t088,3,2,offline_train,2,session2/s3/sess02_subj03_EEG_MI.mat,46c12e798f4bca1443479f032bf54633cd60d4d286af9ec80f0e1bbd2c35295c,1161946,Lee2019_MI,Q15-E007,BROAD_EEGNET,20260925,0.34990736842155457,0.650092601776123,2
s03_2_offline_train_t089,3,2,offline_train,2,session2/s3/sess02_subj03_EEG_MI.mat,46c12e798f4bca1443479f032bf54633cd60d4d286af9ec80f0e1bbd2c35295c,1172912,Lee2019_MI,Q15-E007,BROAD_EEGNET,20260925,0.3451032042503357,0.6548967361450195,2
s03_2_offline_train_t090,3,2,offline_train,2,session2/s3/sess02_subj03_EEG_MI.mat,46c12e798f4bca1443479f032bf54633cd60d4d286af9ec80f0e1bbd2c35295c,1184062,Lee2019_MI,Q15-E007,BROAD_EEGNET,20260925,0.03957810252904892,0.9604218602180481,2
s03_2_offline_train_t091,3,2,offline_train,2,session2/s3/sess02_subj03_EEG_MI.mat,46c12e798f4bca1443479f032bf54633cd60d4d286af9ec80f0e1bbd2c35295c,1194645,Lee2019_MI,Q15-E007,BROAD_EEGNET,20260925,0.25828489661216736,0.741715133190155,2
s03_2_offline_train_t092,3,2,offline_train,2,session2/s3/sess02_subj03_EEG_MI.mat,46c12e798f4bca1443479f032bf54633cd60d4d286af9ec80f0e1bbd2c35295c,1205228,Lee2019_MI,Q15-E007,BROAD_EEGNET,20260925,0.4482108950614929,0.5517891049385071,2
s03_2_offline_train_t093,3,2,offline_train,1,session2/s3/sess02_subj03_EEG_MI.mat,46c12e798f4bca1443479f032bf54633cd60d4d286af9ec80f0e1bbd2c35295c,1216295,Lee2019_MI,Q15-E007,BROAD_EEGNET,20260925,0.8662022352218628,0.1337978094816208,1
s03_2_offline_train_t094,3,2,offline_train,2,session2/s3/sess02_subj03_EEG_MI.mat,46c12e798f4bca1443479f032bf54633cd60d4d286af9ec80f0e1bbd2c35295c,1227611,Lee2019_MI,Q15-E007,BROAD_EEGNET,20260925,0.13118238747119904,0.8688176274299622,2
s03_2_offline_train_t095,3,2,offline_train,1,session2/s3/sess02_subj03_EEG_MI.mat,46c12e798f4bca1443479f032bf54633cd60d4d286af9ec80f0e1bbd2c35295c,1239128,Lee2019_MI,Q15-E007,BROAD_EEGNET,20260925,0.1051197201013565,0.8948802947998047,2
s03_2_offline_train_t096,3,2,offline_train,1,session2/s3/sess02_subj03_EEG_MI.mat,46c12e798f4bca1443479f032bf54633cd60d4d286af9ec80f0e1bbd2c35295c,1249811,Lee2019_MI,Q15-E007,BROAD_EEGNET,20260925,0.862585186958313,0.13741488754749298,1
s03_2_offline_train_t097,3,2,offline_train,2,session2/s3/sess02_subj03_EEG_MI.mat,46c12e798f4bca1443479f032bf54633cd60d4d286af9ec80f0e1bbd2c35295c,1260961,Lee2019_MI,Q15-E007,BROAD_EEGNET,20260925,0.104192353785038,0.8958076238632202,2
s03_2_offline_train_t098,3,2,offline_train,1,session2/s3/sess02_subj03_EEG_MI.mat,46c12e798f4bca1443479f032bf54633cd60d4d286af9ec80f0e1bbd2c35295c,1272011,Lee2019_MI,Q15-E007,BROAD_EEGNET,20260925,0.9951672554016113,0.004832729697227478,1
s03_2_offline_train_t099,3,2,offline_train,2,session2/s3/sess02_subj03_EEG_MI.mat,46c12e798f4bca1443479f032bf54633cd60d4d286af9ec80f0e1bbd2c35295c,1282611,Lee2019_MI,Q15-E007,BROAD_EEGNET,20260925,0.007277637720108032,0.9927223324775696,2
s03_2_offline_train_t100,3,2,offline_train,2,session2/s3/sess02_subj03_EEG_MI.mat,46c12e798f4bca1443479f032bf54633cd60d4d286af9ec80f0e1bbd2c35295c,1293477,Lee2019_MI,Q15-E007,BROAD_EEGNET,20260925,0.004790583625435829,0.9952093958854675,2
s03_1_offline_train_t001,3,1,offline_train,1,session1/s3/sess01_subj03_EEG_MI.mat,ed9be7033fc8620647c545b0b09b5619a2074fa3ce9e1171570df847a74c7bea,150451,Lee2019_MI,Q15-E007,BROAD_EEGNET,20260926,0.8348739147186279,0.16512605547904968,1
s03_1_offline_train_t002,3,1,offline_train,2,session1/s3/sess01_subj03_EEG_MI.mat,ed9be7033fc8620647c545b0b09b5619a2074fa3ce9e1171570df847a74c7bea,161902,Lee2019_MI,Q15-E007,BROAD_EEGNET,20260926,0.3122105300426483,0.6877894997596741,2
s03_1_offline_train_t003,3,1,offline_train,1,session1/s3/sess01_subj03_EEG_MI.mat,ed9be7033fc8620647c545b0b09b5619a2074fa3ce9e1171570df847a74c7bea,172585,Lee2019_MI,Q15-E007,BROAD_EEGNET,20260926,0.9843972325325012,0.015602780506014824,1
s03_1_offline_train_t004,3,1,offline_train,1,session1/s3/sess01_subj03_EEG_MI.mat,ed9be7033fc8620647c545b0b09b5619a2074fa3ce9e1171570df847a74c7bea,184102,Lee2019_MI,Q15-E007,BROAD_EEGNET,20260926,0.45682817697525024,0.5431718230247498,2
s03_1_offline_train_t005,3,1,offline_train,2,session1/s3/sess01_subj03_EEG_MI.mat,ed9be7033fc8620647c545b0b09b5619a2074fa3ce9e1171570df847a74c7bea,195251,Lee2019_MI,Q15-E007,BROAD_EEGNET,20260926,0.08604900538921356,0.91395103931427,2
s03_1_offline_train_t006,3,1,offline_train,2,session1/s3/sess01_subj03_EEG_MI.mat,ed9be7033fc8620647c545b0b09b5619a2074fa3ce9e1171570df847a74c7bea,205935,Lee2019_MI,Q15-E007,BROAD_EEGNET,20260926,0.19719529151916504,0.8028047680854797,2
s03_1_offline_train_t007,3,1,offline_train,1,session1/s3/sess01_subj03_EEG_MI.mat,ed9be7033fc8620647c545b0b09b5619a2074fa3ce9e1171570df847a74c7bea,216800,Lee2019_MI,Q15-E007,BROAD_EEGNET,20260926,0.5822818279266357,0.41771823167800903,1
s03_1_offline_train_t008,3,1,offline_train,2,session1/s3/sess01_subj03_EEG_MI.mat,ed9be7033fc8620647c545b0b09b5619a2074fa3ce9e1171570df847a74c7bea,227934,Lee2019_MI,Q15-E007,BROAD_EEGNET,20260926,0.3339994251728058,0.6660006046295166,2
s03_1_offline_train_t009,3,1,offline_train,1,session1/s3/sess01_subj03_EEG_MI.mat,ed9be7033fc8620647c545b0b09b5619a2074fa3ce9e1171570df847a74c7bea,239450,Lee2019_MI,Q15-E007,BROAD_EEGNET,20260926,0.6909441351890564,0.3090558648109436,1
s03_1_offline_train_t010,3,1,offline_train,1,session1/s3/sess01_subj03_EEG_MI.mat,ed9be7033fc8620647c545b0b09b5619a2074fa3ce9e1171570df847a74c7bea,250967,Lee2019_MI,Q15-E007,BROAD_EEGNET,20260926,0.6581628322601318,0.34183719754219055,1
s03_1_offline_train_t011,3,1,offline_train,2,session1/s3/sess01_subj03_EEG_MI.mat,ed9be7033fc8620647c545b0b09b5619a2074fa3ce9e1171570df847a74c7bea,261650,Lee2019_MI,Q15-E007,BROAD_EEGNET,20260926,0.2539013624191284,0.7460986375808716,2
s03_1_offline_train_t012,3,1,offline_train,2,session1/s3/sess01_subj03_EEG_MI.mat,ed9be7033fc8620647c545b0b09b5619a2074fa3ce9e1171570df847a74c7bea,273167,Lee2019_MI,Q15-E007,BROAD_EEGNET,20260926,0.11250156164169312,0.8874984383583069,2
s03_1_offline_train_t013,3,1,offline_train,1,session1/s3/sess01_subj03_EEG_MI.mat,ed9be7033fc8620647c545b0b09b5619a2074fa3ce9e1171570df847a74c7bea,284683,Lee2019_MI,Q15-E007,BROAD_EEGNET,20260926,0.7811483144760132,0.21885164082050323,1
s03_1_offline_train_t014,3,1,offline_train,1,session1/s3/sess01_subj03_EEG_MI.mat,ed9be7033fc8620647c545b0b09b5619a2074fa3ce9e1171570df847a74c7bea,295732,Lee2019_MI,Q15-E007,BROAD_EEGNET,20260926,0.8970774412155151,0.10292255133390427,1
s03_1_offline_train_t015,3,1,offline_train,2,session1/s3/sess01_subj03_EEG_MI.mat,ed9be7033fc8620647c545b0b09b5619a2074fa3ce9e1171570df847a74c7bea,307066,Lee2019_MI,Q15-E007,BROAD_EEGNET,20260926,0.5336366891860962,0.4663632810115814,1
s03_1_offline_train_t016,3,1,offline_train,1,session1/s3/sess01_subj03_EEG_MI.mat,ed9be7033fc8620647c545b0b09b5619a2074fa3ce9e1171570df847a74c7bea,317749,Lee2019_MI,Q15-E007,BROAD_EEGNET,20260926,0.9657145738601685,0.03428543731570244,1
s03_1_offline_train_t017,3,1,offline_train,1,session1/s3/sess01_subj03_EEG_MI.mat,ed9be7033fc8620647c545b0b09b5619a2074fa3ce9e1171570df847a74c7bea,328714,Lee2019_MI,Q15-E007,BROAD_EEGNET,20260926,0.8524353504180908,0.14756466448307037,1
s03_1_offline_train_t018,3,1,offline_train,1,session1/s3/sess01_subj03_EEG_MI.mat,ed9be7033fc8620647c545b0b09b5619a2074fa3ce9e1171570df847a74c7bea,340231,Lee2019_MI,Q15-E007,BROAD_EEGNET,20260926,0.4763733744621277,0.5236265659332275,2
s03_1_offline_train_t019,3,1,offline_train,1,session1/s3/sess01_subj03_EEG_MI.mat,ed9be7033fc8620647c545b0b09b5619a2074fa3ce9e1171570df847a74c7bea,351565,Lee2019_MI,Q15-E007,BROAD_EEGNET,20260926,0.7807350754737854,0.2192649245262146,1
s03_1_offline_train_t020,3,1,offline_train,2,session1/s3/sess01_subj03_EEG_MI.mat,ed9be7033fc8620647c545b0b09b5619a2074fa3ce9e1171570df847a74c7bea,363082,Lee2019_MI,Q15-E007,BROAD_EEGNET,20260926,0.5188074111938477,0.48119261860847473,1
s03_1_offline_train_t021,3,1,offline_train,2,session1/s3/sess01_subj03_EEG_MI.mat,ed9be7033fc8620647c545b0b09b5619a2074fa3ce9e1171570df847a74c7bea,374315,Lee2019_MI,Q15-E007,BROAD_EEGNET,20260926,0.2844371497631073,0.7155628800392151,2
s03_1_offline_train_t022,3,1,offline_train,1,session1/s3/sess01_subj03_EEG_MI.mat,ed9be7033fc8620647c545b0b09b5619a2074fa3ce9e1171570df847a74c7bea,384898,Lee2019_MI,Q15-E007,BROAD_EEGNET,20260926,0.9975221753120422,0.0024778388906270266,1
s03_1_offline_train_t023,3,1,offline_train,2,session1/s3/sess01_subj03_EEG_MI.mat,ed9be7033fc8620647c545b0b09b5619a2074fa3ce9e1171570df847a74c7bea,396331,Lee2019_MI,Q15-E007,BROAD_EEGNET,20260926,0.15314997732639313,0.8468499779701233,2
s03_1_offline_train_t024,3,1,offline_train,2,session1/s3/sess01_subj03_EEG_MI.mat,ed9be7033fc8620647c545b0b09b5619a2074fa3ce9e1171570df847a74c7bea,407847,Lee2019_MI,Q15-E007,BROAD_EEGNET,20260926,0.5902179479598999,0.4097820818424225,1
s03_1_offline_train_t025,3,1,offline_train,2,session1/s3/sess01_subj03_EEG_MI.mat,ed9be7033fc8620647c545b0b09b5619a2074fa3ce9e1171570df847a74c7bea,419080,Lee2019_MI,Q15-E007,BROAD_EEGNET,20260926,0.13542486727237701,0.8645751476287842,2
s03_1_offline_train_t026,3,1,offline_train,1,session1/s3/sess01_subj03_EEG_MI.mat,ed9be7033fc8620647c545b0b09b5619a2074fa3ce9e1171570df847a74c7bea,430413,Lee2019_MI,Q15-E007,BROAD_EEGNET,20260926,0.7286913990974426,0.271308571100235,1
s03_1_offline_train_t027,3,1,offline_train,2,session1/s3/sess01_subj03_EEG_MI.mat,ed9be7033fc8620647c545b0b09b5619a2074fa3ce9e1171570df847a74c7bea,441747,Lee2019_MI,Q15-E007,BROAD_EEGNET,20260926,0.2818169891834259,0.7181830406188965,2
s03_1_offline_train_t028,3,1,offline_train,1,session1/s3/sess01_subj03_EEG_MI.mat,ed9be7033fc8620647c545b0b09b5619a2074fa3ce9e1171570df847a74c7bea,452696,Lee2019_MI,Q15-E007,BROAD_EEGNET,20260926,0.779451847076416,0.22054816782474518,1
s03_1_offline_train_t029,3,1,offline_train,1,session1/s3/sess01_subj03_EEG_MI.mat,ed9be7033fc8620647c545b0b09b5619a2074fa3ce9e1171570df847a74c7bea,463946,Lee2019_MI,Q15-E007,BROAD_EEGNET,20260926,0.9755280613899231,0.024471960961818695,1
s03_1_offline_train_t030,3,1,offline_train,2,session1/s3/sess01_subj03_EEG_MI.mat,ed9be7033fc8620647c545b0b09b5619a2074fa3ce9e1171570df847a74c7bea,474713,Lee2019_MI,Q15-E007,BROAD_EEGNET,20260926,0.35113269090652466,0.6488673090934753,2
s03_1_offline_train_t031,3,1,offline_train,1,session1/s3/sess01_subj03_EEG_MI.mat,ed9be7033fc8620647c545b0b09b5619a2074fa3ce9e1171570df847a74c7bea,485946,Lee2019_MI,Q15-E007,BROAD_EEGNET,20260926,0.8041671514511108,0.19583280384540558,1
s03_1_offline_train_t032,3,1,offline_train,2,session1/s3/sess01_subj03_EEG_MI.mat,ed9be7033fc8620647c545b0b09b5619a2074fa3ce9e1171570df847a74c7bea,496546,Lee2019_MI,Q15-E007,BROAD_EEGNET,20260926,0.7176724672317505,0.2823275625705719,1
s03_1_offline_train_t033,3,1,offline_train,1,session1/s3/sess01_subj03_EEG_MI.mat,ed9be7033fc8620647c545b0b09b5619a2074fa3ce9e1171570df847a74c7bea,507412,Lee2019_MI,Q15-E007,BROAD_EEGNET,20260926,0.8993220329284668,0.100677989423275,1
s03_1_offline_train_t034,3,1,offline_train,2,session1/s3/sess01_subj03_EEG_MI.mat,ed9be7033fc8620647c545b0b09b5619a2074fa3ce9e1171570df847a74c7bea,517995,Lee2019_MI,Q15-E007,BROAD_EEGNET,20260926,0.04359310120344162,0.9564069509506226,2
s03_1_offline_train_t035,3,1,offline_train,2,session1/s3/sess01_subj03_EEG_MI.mat,ed9be7033fc8620647c545b0b09b5619a2074fa3ce9e1171570df847a74c7bea,528678,Lee2019_MI,Q15-E007,BROAD_EEGNET,20260926,0.24275296926498413,0.7572470307350159,2
s03_1_offline_train_t036,3,1,offline_train,1,session1/s3/sess01_subj03_EEG_MI.mat,ed9be7033fc8620647c545b0b09b5619a2074fa3ce9e1171570df847a74c7bea,540011,Lee2019_MI,Q15-E007,BROAD_EEGNET,20260926,0.5542234778404236,0.4457765221595764,1
s03_1_offline_train_t037,3,1,offline_train,1,session1/s3/sess01_subj03_EEG_MI.mat,ed9be7033fc8620647c545b0b09b5619a2074fa3ce9e1171570df847a74c7bea,551245,Lee2019_MI,Q15-E007,BROAD_EEGNET,20260926,0.8880009055137634,0.11199906468391418,1
s03_1_offline_train_t038,3,1,offline_train,2,session1/s3/sess01_subj03_EEG_MI.mat,ed9be7033fc8620647c545b0b09b5619a2074fa3ce9e1171570df847a74c7bea,562111,Lee2019_MI,Q15-E007,BROAD_EEGNET,20260926,0.43234458565711975,0.5676553845405579,2
s03_1_offline_train_t039,3,1,offline_train,1,session1/s3/sess01_subj03_EEG_MI.mat,ed9be7033fc8620647c545b0b09b5619a2074fa3ce9e1171570df847a74c7bea,573627,Lee2019_MI,Q15-E007,BROAD_EEGNET,20260926,0.9808736443519592,0.019126398488879204,1
s03_1_offline_train_t040,3,1,offline_train,1,session1/s3/sess01_subj03_EEG_MI.mat,ed9be7033fc8620647c545b0b09b5619a2074fa3ce9e1171570df847a74c7bea,584211,Lee2019_MI,Q15-E007,BROAD_EEGNET,20260926,0.864169716835022,0.13583022356033325,1
s03_1_offline_train_t041,3,1,offline_train,1,session1/s3/sess01_subj03_EEG_MI.mat,ed9be7033fc8620647c545b0b09b5619a2074fa3ce9e1171570df847a74c7bea,595177,Lee2019_MI,Q15-E007,BROAD_EEGNET,20260926,0.7570996284484863,0.24290038645267487,1
s03_1_offline_train_t042,3,1,offline_train,1,session1/s3/sess01_subj03_EEG_MI.mat,ed9be7033fc8620647c545b0b09b5619a2074fa3ce9e1171570df847a74c7bea,606144,Lee2019_MI,Q15-E007,BROAD_EEGNET,20260926,0.9805597066879272,0.019440267235040665,1
s03_1_offline_train_t043,3,1,offline_train,2,session1/s3/sess01_subj03_EEG_MI.mat,ed9be7033fc8620647c545b0b09b5619a2074fa3ce9e1171570df847a74c7bea,617477,Lee2019_MI,Q15-E007,BROAD_EEGNET,20260926,0.3453873097896576,0.6546127200126648,2
s03_1_offline_train_t044,3,1,offline_train,1,session1/s3/sess01_subj03_EEG_MI.mat,ed9be7033fc8620647c545b0b09b5619a2074fa3ce9e1171570df847a74c7bea,628792,Lee2019_MI,Q15-E007,BROAD_EEGNET,20260926,0.9960615038871765,0.0039384979754686356,1
s03_1_offline_train_t045,3,1,offline_train,2,session1/s3/sess01_subj03_EEG_MI.mat,ed9be7033fc8620647c545b0b09b5619a2074fa3ce9e1171570df847a74c7bea,639576,Lee2019_MI,Q15-E007,BROAD_EEGNET,20260926,0.34961822628974915,0.6503817439079285,2
s03_1_offline_train_t046,3,1,offline_train,1,session1/s3/sess01_subj03_EEG_MI.mat,ed9be7033fc8620647c545b0b09b5619a2074fa3ce9e1171570df847a74c7bea,650626,Lee2019_MI,Q15-E007,BROAD_EEGNET,20260926,0.9968066215515137,0.003193443873897195,1
s03_1_offline_train_t047,3,1,offline_train,1,session1/s3/sess01_subj03_EEG_MI.mat,ed9be7033fc8620647c545b0b09b5619a2074fa3ce9e1171570df847a74c7bea,661592,Lee2019_MI,Q15-E007,BROAD_EEGNET,20260926,0.5839939713478088,0.41600602865219116,1
s03_1_offline_train_t048,3,1,offline_train,1,session1/s3/sess01_subj03_EEG_MI.mat,ed9be7033fc8620647c545b0b09b5619a2074fa3ce9e1171570df847a74c7bea,672824,Lee2019_MI,Q15-E007,BROAD_EEGNET,20260926,0.6914067268371582,0.3085933029651642,1
s03_1_offline_train_t049,3,1,offline_train,2,session1/s3/sess01_subj03_EEG_MI.mat,ed9be7033fc8620647c545b0b09b5619a2074fa3ce9e1171570df847a74c7bea,684058,Lee2019_MI,Q15-E007,BROAD_EEGNET,20260926,0.06730957329273224,0.9326903820037842,2
s03_1_offline_train_t050,3,1,offline_train,1,session1/s3/sess01_subj03_EEG_MI.mat,ed9be7033fc8620647c545b0b09b5619a2074fa3ce9e1171570df847a74c7bea,710075,Lee2019_MI,Q15-E007,BROAD_EEGNET,20260926,0.8724165558815002,0.12758338451385498,1
s03_1_offline_train_t051,3,1,offline_train,1,session1/s3/sess01_subj03_EEG_MI.mat,ed9be7033fc8620647c545b0b09b5619a2074fa3ce9e1171570df847a74c7bea,720941,Lee2019_MI,Q15-E007,BROAD_EEGNET,20260926,0.7700121402740479,0.22998781502246857,1
s03_1_offline_train_t052,3,1,offline_train,1,session1/s3/sess01_subj03_EEG_MI.mat,ed9be7033fc8620647c545b0b09b5619a2074fa3ce9e1171570df847a74c7bea,732174,Lee2019_MI,Q15-E007,BROAD_EEGNET,20260926,0.2742699980735779,0.7257299423217773,2
s03_1_offline_train_t053,3,1,offline_train,1,session1/s3/sess01_subj03_EEG_MI.mat,ed9be7033fc8620647c545b0b09b5619a2074fa3ce9e1171570df847a74c7bea,743408,Lee2019_MI,Q15-E007,BROAD_EEGNET,20260926,0.881014347076416,0.1189856305718422,1
s03_1_offline_train_t054,3,1,offline_train,2,session1/s3/sess01_subj03_EEG_MI.mat,ed9be7033fc8620647c545b0b09b5619a2074fa3ce9e1171570df847a74c7bea,754090,Lee2019_MI,Q15-E007,BROAD_EEGNET,20260926,0.366696298122406,0.633303701877594,2
s03_1_offline_train_t055,3,1,offline_train,1,session1/s3/sess01_subj03_EEG_MI.mat,ed9be7033fc8620647c545b0b09b5619a2074fa3ce9e1171570df847a74c7bea,764774,Lee2019_MI,Q15-E007,BROAD_EEGNET,20260926,0.8586763143539429,0.1413237452507019,1
s03_1_offline_train_t056,3,1,offline_train,1,session1/s3/sess01_subj03_EEG_MI.mat,ed9be7033fc8620647c545b0b09b5619a2074fa3ce9e1171570df847a74c7bea,775824,Lee2019_MI,Q15-E007,BROAD_EEGNET,20260926,0.8372586369514465,0.16274134814739227,1
s03_1_offline_train_t057,3,1,offline_train,2,session1/s3/sess01_subj03_EEG_MI.mat,ed9be7033fc8620647c545b0b09b5619a2074fa3ce9e1171570df847a74c7bea,787340,Lee2019_MI,Q15-E007,BROAD_EEGNET,20260926,0.48718327283859253,0.5128167271614075,2
s03_1_offline_train_t058,3,1,offline_train,2,session1/s3/sess01_subj03_EEG_MI.mat,ed9be7033fc8620647c545b0b09b5619a2074fa3ce9e1171570df847a74c7bea,798206,Lee2019_MI,Q15-E007,BROAD_EEGNET,20260926,0.12241684645414352,0.8775830864906311,2
s03_1_offline_train_t059,3,1,offline_train,1,session1/s3/sess01_subj03_EEG_MI.mat,ed9be7033fc8620647c545b0b09b5619a2074fa3ce9e1171570df847a74c7bea,809356,Lee2019_MI,Q15-E007,BROAD_EEGNET,20260926,0.9974405765533447,0.0025594120379537344,1
s03_1_offline_train_t060,3,1,offline_train,1,session1/s3/sess01_subj03_EEG_MI.mat,ed9be7033fc8620647c545b0b09b5619a2074fa3ce9e1171570df847a74c7bea,820122,Lee2019_MI,Q15-E007,BROAD_EEGNET,20260926,0.9803295135498047,0.019670499488711357,1
s03_1_offline_train_t061,3,1,offline_train,2,session1/s3/sess01_subj03_EEG_MI.mat,ed9be7033fc8620647c545b0b09b5619a2074fa3ce9e1171570df847a74c7bea,831456,Lee2019_MI,Q15-E007,BROAD_EEGNET,20260926,0.46064305305480957,0.5393569469451904,2
s03_1_offline_train_t062,3,1,offline_train,2,session1/s3/sess01_subj03_EEG_MI.mat,ed9be7033fc8620647c545b0b09b5619a2074fa3ce9e1171570df847a74c7bea,842239,Lee2019_MI,Q15-E007,BROAD_EEGNET,20260926,0.20087265968322754,0.7991273403167725,2
s03_1_offline_train_t063,3,1,offline_train,1,session1/s3/sess01_subj03_EEG_MI.mat,ed9be7033fc8620647c545b0b09b5619a2074fa3ce9e1171570df847a74c7bea,853289,Lee2019_MI,Q15-E007,BROAD_EEGNET,20260926,0.8083751201629639,0.19162487983703613,1
s03_1_offline_train_t064,3,1,offline_train,2,session1/s3/sess01_subj03_EEG_MI.mat,ed9be7033fc8620647c545b0b09b5619a2074fa3ce9e1171570df847a74c7bea,864522,Lee2019_MI,Q15-E007,BROAD_EEGNET,20260926,0.18682672083377838,0.8131732940673828,2
s03_1_offline_train_t065,3,1,offline_train,2,session1/s3/sess01_subj03_EEG_MI.mat,ed9be7033fc8620647c545b0b09b5619a2074fa3ce9e1171570df847a74c7bea,875955,Lee2019_MI,Q15-E007,BROAD_EEGNET,20260926,0.024074601009488106,0.9759254455566406,2
s03_1_offline_train_t066,3,1,offline_train,2,session1/s3/sess01_subj03_EEG_MI.mat,ed9be7033fc8620647c545b0b09b5619a2074fa3ce9e1171570df847a74c7bea,887471,Lee2019_MI,Q15-E007,BROAD_EEGNET,20260926,0.16021589934825897,0.8397841453552246,2
s03_1_offline_train_t067,3,1,offline_train,2,session1/s3/sess01_subj03_EEG_MI.mat,ed9be7033fc8620647c545b0b09b5619a2074fa3ce9e1171570df847a74c7bea,898604,Lee2019_MI,Q15-E007,BROAD_EEGNET,20260926,0.7649170160293579,0.2350829690694809,1
s03_1_offline_train_t068,3,1,offline_train,1,session1/s3/sess01_subj03_EEG_MI.mat,ed9be7033fc8620647c545b0b09b5619a2074fa3ce9e1171570df847a74c7bea,909288,Lee2019_MI,Q15-E007,BROAD_EEGNET,20260926,0.7750698924064636,0.22493010759353638,1
s03_1_offline_train_t069,3,1,offline_train,1,session1/s3/sess01_subj03_EEG_MI.mat,ed9be7033fc8620647c545b0b09b5619a2074fa3ce9e1171570df847a74c7bea,919971,Lee2019_MI,Q15-E007,BROAD_EEGNET,20260926,0.9710381031036377,0.028961878269910812,1
s03_1_offline_train_t070,3,1,offline_train,2,session1/s3/sess01_subj03_EEG_MI.mat,ed9be7033fc8620647c545b0b09b5619a2074fa3ce9e1171570df847a74c7bea,930752,Lee2019_MI,Q15-E007,BROAD_EEGNET,20260926,0.05164976418018341,0.948350191116333,2
s03_1_offline_train_t071,3,1,offline_train,1,session1/s3/sess01_subj03_EEG_MI.mat,ed9be7033fc8620647c545b0b09b5619a2074fa3ce9e1171570df847a74c7bea,942170,Lee2019_MI,Q15-E007,BROAD_EEGNET,20260926,0.8423268795013428,0.15767315030097961,1
s03_1_offline_train_t072,3,1,offline_train,2,session1/s3/sess01_subj03_EEG_MI.mat,ed9be7033fc8620647c545b0b09b5619a2074fa3ce9e1171570df847a74c7bea,952937,Lee2019_MI,Q15-E007,BROAD_EEGNET,20260926,0.777563214302063,0.22243677079677582,1
s03_1_offline_train_t073,3,1,offline_train,2,session1/s3/sess01_subj03_EEG_MI.mat,ed9be7033fc8620647c545b0b09b5619a2074fa3ce9e1171570df847a74c7bea,964270,Lee2019_MI,Q15-E007,BROAD_EEGNET,20260926,0.40906354784965515,0.5909364819526672,2
s03_1_offline_train_t074,3,1,offline_train,2,session1/s3/sess01_subj03_EEG_MI.mat,ed9be7033fc8620647c545b0b09b5619a2074fa3ce9e1171570df847a74c7bea,975053,Lee2019_MI,Q15-E007,BROAD_EEGNET,20260926,0.44706985354423523,0.5529301166534424,2
s03_1_offline_train_t075,3,1,offline_train,1,session1/s3/sess01_subj03_EEG_MI.mat,ed9be7033fc8620647c545b0b09b5619a2074fa3ce9e1171570df847a74c7bea,986568,Lee2019_MI,Q15-E007,BROAD_EEGNET,20260926,0.9283028841018677,0.07169710099697113,1
s03_1_offline_train_t076,3,1,offline_train,2,session1/s3/sess01_subj03_EEG_MI.mat,ed9be7033fc8620647c545b0b09b5619a2074fa3ce9e1171570df847a74c7bea,997436,Lee2019_MI,Q15-E007,BROAD_EEGNET,20260926,0.22836120426654816,0.771638810634613,2
s03_1_offline_train_t077,3,1,offline_train,1,session1/s3/sess01_subj03_EEG_MI.mat,ed9be7033fc8620647c545b0b09b5619a2074fa3ce9e1171570df847a74c7bea,1008202,Lee2019_MI,Q15-E007,BROAD_EEGNET,20260926,0.9609065055847168,0.039093516767024994,1
s03_1_offline_train_t078,3,1,offline_train,1,session1/s3/sess01_subj03_EEG_MI.mat,ed9be7033fc8620647c545b0b09b5619a2074fa3ce9e1171570df847a74c7bea,1018986,Lee2019_MI,Q15-E007,BROAD_EEGNET,20260926,0.7791854739189148,0.2208145707845688,1
s03_1_offline_train_t079,3,1,offline_train,2,session1/s3/sess01_subj03_EEG_MI.mat,ed9be7033fc8620647c545b0b09b5619a2074fa3ce9e1171570df847a74c7bea,1030118,Lee2019_MI,Q15-E007,BROAD_EEGNET,20260926,0.10096237808465958,0.8990375995635986,2
s03_1_offline_train_t080,3,1,offline_train,2,session1/s3/sess01_subj03_EEG_MI.mat,ed9be7033fc8620647c545b0b09b5619a2074fa3ce9e1171570df847a74c7bea,1041185,Lee2019_MI,Q15-E007,BROAD_EEGNET,20260926,0.12334306538105011,0.8766568899154663,2
s03_1_offline_train_t081,3,1,offline_train,2,session1/s3/sess01_subj03_EEG_MI.mat,ed9be7033fc8620647c545b0b09b5619a2074fa3ce9e1171570df847a74c7bea,1052051,Lee2019_MI,Q15-E007,BROAD_EEGNET,20260926,0.0903988629579544,0.909601092338562,2
s03_1_offline_train_t082,3,1,offline_train,1,session1/s3/sess01_subj03_EEG_MI.mat,ed9be7033fc8620647c545b0b09b5619a2074fa3ce9e1171570df847a74c7bea,1063468,Lee2019_MI,Q15-E007,BROAD_EEGNET,20260926,0.9450981616973877,0.0549018494784832,1
s03_1_offline_train_t083,3,1,offline_train,2,session1/s3/sess01_subj03_EEG_MI.mat,ed9be7033fc8620647c545b0b09b5619a2074fa3ce9e1171570df847a74c7bea,1074618,Lee2019_MI,Q15-E007,BROAD_EEGNET,20260926,0.5352286696434021,0.4647713303565979,1
s03_1_offline_train_t084,3,1,offline_train,2,session1/s3/sess01_subj03_EEG_MI.mat,ed9be7033fc8620647c545b0b09b5619a2074fa3ce9e1171570df847a74c7bea,1085751,Lee2019_MI,Q15-E007,BROAD_EEGNET,20260926,0.8354901075363159,0.16450995206832886,1
s03_1_offline_train_t085,3,1,offline_train,1,session1/s3/sess01_subj03_EEG_MI.mat,ed9be7033fc8620647c545b0b09b5619a2074fa3ce9e1171570df847a74c7bea,1097184,Lee2019_MI,Q15-E007,BROAD_EEGNET,20260926,0.8430662751197815,0.15693369507789612,1
s03_1_offline_train_t086,3,1,offline_train,2,session1/s3/sess01_subj03_EEG_MI.mat,ed9be7033fc8620647c545b0b09b5619a2074fa3ce9e1171570df847a74c7bea,1108050,Lee2019_MI,Q15-E007,BROAD_EEGNET,20260926,0.45009511709213257,0.5499048233032227,2
s03_1_offline_train_t087,3,1,offline_train,1,session1/s3/sess01_subj03_EEG_MI.mat,ed9be7033fc8620647c545b0b09b5619a2074fa3ce9e1171570df847a74c7bea,1119383,Lee2019_MI,Q15-E007,BROAD_EEGNET,20260926,0.4332985281944275,0.5667014718055725,2
s03_1_offline_train_t088,3,1,offline_train,2,session1/s3/sess01_subj03_EEG_MI.mat,ed9be7033fc8620647c545b0b09b5619a2074fa3ce9e1171570df847a74c7bea,1130717,Lee2019_MI,Q15-E007,BROAD_EEGNET,20260926,0.9236764907836914,0.07632351666688919,1
s03_1_offline_train_t089,3,1,offline_train,2,session1/s3/sess01_subj03_EEG_MI.mat,ed9be7033fc8620647c545b0b09b5619a2074fa3ce9e1171570df847a74c7bea,1141666,Lee2019_MI,Q15-E007,BROAD_EEGNET,20260926,0.7978179454803467,0.2021820843219757,1
s03_1_offline_train_t090,3,1,offline_train,2,session1/s3/sess01_subj03_EEG_MI.mat,ed9be7033fc8620647c545b0b09b5619a2074fa3ce9e1171570df847a74c7bea,1152816,Lee2019_MI,Q15-E007,BROAD_EEGNET,20260926,0.10214147716760635,0.8978585600852966,2
s03_1_offline_train_t091,3,1,offline_train,2,session1/s3/sess01_subj03_EEG_MI.mat,ed9be7033fc8620647c545b0b09b5619a2074fa3ce9e1171570df847a74c7bea,1163399,Lee2019_MI,Q15-E007,BROAD_EEGNET,20260926,0.5035405158996582,0.4964594841003418,1
s03_1_offline_train_t092,3,1,offline_train,2,session1/s3/sess01_subj03_EEG_MI.mat,ed9be7033fc8620647c545b0b09b5619a2074fa3ce9e1171570df847a74c7bea,1173999,Lee2019_MI,Q15-E007,BROAD_EEGNET,20260926,0.5028983950614929,0.4971016049385071,1
s03_1_offline_train_t093,3,1,offline_train,1,session1/s3/sess01_subj03_EEG_MI.mat,ed9be7033fc8620647c545b0b09b5619a2074fa3ce9e1171570df847a74c7bea,1185049,Lee2019_MI,Q15-E007,BROAD_EEGNET,20260926,0.7671816349029541,0.2328183352947235,1
s03_1_offline_train_t094,3,1,offline_train,2,session1/s3/sess01_subj03_EEG_MI.mat,ed9be7033fc8620647c545b0b09b5619a2074fa3ce9e1171570df847a74c7bea,1196382,Lee2019_MI,Q15-E007,BROAD_EEGNET,20260926,0.34584543108940125,0.6541545391082764,2
s03_1_offline_train_t095,3,1,offline_train,1,session1/s3/sess01_subj03_EEG_MI.mat,ed9be7033fc8620647c545b0b09b5619a2074fa3ce9e1171570df847a74c7bea,1207898,Lee2019_MI,Q15-E007,BROAD_EEGNET,20260926,0.9724335074424744,0.02756652608513832,1
s03_1_offline_train_t096,3,1,offline_train,1,session1/s3/sess01_subj03_EEG_MI.mat,ed9be7033fc8620647c545b0b09b5619a2074fa3ce9e1171570df847a74c7bea,1218582,Lee2019_MI,Q15-E007,BROAD_EEGNET,20260926,0.9857081770896912,0.014291798695921898,1
s03_1_offline_train_t097,3,1,offline_train,2,session1/s3/sess01_subj03_EEG_MI.mat,ed9be7033fc8620647c545b0b09b5619a2074fa3ce9e1171570df847a74c7bea,1229714,Lee2019_MI,Q15-E007,BROAD_EEGNET,20260926,0.16226381063461304,0.8377362489700317,2
s03_1_offline_train_t098,3,1,offline_train,1,session1/s3/sess01_subj03_EEG_MI.mat,ed9be7033fc8620647c545b0b09b5619a2074fa3ce9e1171570df847a74c7bea,1240764,Lee2019_MI,Q15-E007,BROAD_EEGNET,20260926,0.9919222593307495,0.008077778853476048,1
s03_1_offline_train_t099,3,1,offline_train,2,session1/s3/sess01_subj03_EEG_MI.mat,ed9be7033fc8620647c545b0b09b5619a2074fa3ce9e1171570df847a74c7bea,1251364,Lee2019_MI,Q15-E007,BROAD_EEGNET,20260926,0.4338003396987915,0.5661996603012085,2
s03_1_offline_train_t100,3,1,offline_train,2,session1/s3/sess01_subj03_EEG_MI.mat,ed9be7033fc8620647c545b0b09b5619a2074fa3ce9e1171570df847a74c7bea,1262231,Lee2019_MI,Q15-E007,BROAD_EEGNET,20260926,0.9183716773986816,0.08162836730480194,1
s03_2_offline_train_t001,3,2,offline_train,1,session2/s3/sess02_subj03_EEG_MI.mat,46c12e798f4bca1443479f032bf54633cd60d4d286af9ec80f0e1bbd2c35295c,145012,Lee2019_MI,Q15-E007,BROAD_EEGNET,20260926,0.9668155312538147,0.03318440169095993,1
s03_2_offline_train_t002,3,2,offline_train,2,session2/s3/sess02_subj03_EEG_MI.mat,46c12e798f4bca1443479f032bf54633cd60d4d286af9ec80f0e1bbd2c35295c,156547,Lee2019_MI,Q15-E007,BROAD_EEGNET,20260926,0.059884507209062576,0.9401154518127441,2
s03_2_offline_train_t003,3,2,offline_train,1,session2/s3/sess02_subj03_EEG_MI.mat,46c12e798f4bca1443479f032bf54633cd60d4d286af9ec80f0e1bbd2c35295c,167230,Lee2019_MI,Q15-E007,BROAD_EEGNET,20260926,0.9947433471679688,0.005256594158709049,1
s03_2_offline_train_t004,3,2,offline_train,1,session2/s3/sess02_subj03_EEG_MI.mat,46c12e798f4bca1443479f032bf54633cd60d4d286af9ec80f0e1bbd2c35295c,178747,Lee2019_MI,Q15-E007,BROAD_EEGNET,20260926,0.8472858667373657,0.1527140885591507,1
s03_2_offline_train_t005,3,2,offline_train,2,session2/s3/sess02_subj03_EEG_MI.mat,46c12e798f4bca1443479f032bf54633cd60d4d286af9ec80f0e1bbd2c35295c,189896,Lee2019_MI,Q15-E007,BROAD_EEGNET,20260926,0.017095370218157768,0.9829045534133911,2
s03_2_offline_train_t006,3,2,offline_train,2,session2/s3/sess02_subj03_EEG_MI.mat,46c12e798f4bca1443479f032bf54633cd60d4d286af9ec80f0e1bbd2c35295c,200579,Lee2019_MI,Q15-E007,BROAD_EEGNET,20260926,0.09985165297985077,0.9001483917236328,2
s03_2_offline_train_t007,3,2,offline_train,1,session2/s3/sess02_subj03_EEG_MI.mat,46c12e798f4bca1443479f032bf54633cd60d4d286af9ec80f0e1bbd2c35295c,211446,Lee2019_MI,Q15-E007,BROAD_EEGNET,20260926,0.8452983498573303,0.15470169484615326,1
s03_2_offline_train_t008,3,2,offline_train,2,session2/s3/sess02_subj03_EEG_MI.mat,46c12e798f4bca1443479f032bf54633cd60d4d286af9ec80f0e1bbd2c35295c,222579,Lee2019_MI,Q15-E007,BROAD_EEGNET,20260926,0.01508063543587923,0.9849193096160889,2
s03_2_offline_train_t009,3,2,offline_train,1,session2/s3/sess02_subj03_EEG_MI.mat,46c12e798f4bca1443479f032bf54633cd60d4d286af9ec80f0e1bbd2c35295c,234095,Lee2019_MI,Q15-E007,BROAD_EEGNET,20260926,0.9987841248512268,0.0012158852769061923,1
s03_2_offline_train_t010,3,2,offline_train,1,session2/s3/sess02_subj03_EEG_MI.mat,46c12e798f4bca1443479f032bf54633cd60d4d286af9ec80f0e1bbd2c35295c,245612,Lee2019_MI,Q15-E007,BROAD_EEGNET,20260926,0.9854728579521179,0.014527118764817715,1
s03_2_offline_train_t011,3,2,offline_train,2,session2/s3/sess02_subj03_EEG_MI.mat,46c12e798f4bca1443479f032bf54633cd60d4d286af9ec80f0e1bbd2c35295c,256295,Lee2019_MI,Q15-E007,BROAD_EEGNET,20260926,0.03874516487121582,0.961254894733429,2
s03_2_offline_train_t012,3,2,offline_train,2,session2/s3/sess02_subj03_EEG_MI.mat,46c12e798f4bca1443479f032bf54633cd60d4d286af9ec80f0e1bbd2c35295c,267812,Lee2019_MI,Q15-E007,BROAD_EEGNET,20260926,0.3476247191429138,0.6523752808570862,2
s03_2_offline_train_t013,3,2,offline_train,1,session2/s3/sess02_subj03_EEG_MI.mat,46c12e798f4bca1443479f032bf54633cd60d4d286af9ec80f0e1bbd2c35295c,279328,Lee2019_MI,Q15-E007,BROAD_EEGNET,20260926,0.998910665512085,0.0010893500875681639,1
s03_2_offline_train_t014,3,2,offline_train,1,session2/s3/sess02_subj03_EEG_MI.mat,46c12e798f4bca1443479f032bf54633cd60d4d286af9ec80f0e1bbd2c35295c,290378,Lee2019_MI,Q15-E007,BROAD_EEGNET,20260926,0.9825817346572876,0.01741824485361576,1
s03_2_offline_train_t015,3,2,offline_train,2,session2/s3/sess02_subj03_EEG_MI.mat,46c12e798f4bca1443479f032bf54633cd60d4d286af9ec80f0e1bbd2c35295c,301711,Lee2019_MI,Q15-E007,BROAD_EEGNET,20260926,0.7928178906440735,0.2071821540594101,1
s03_2_offline_train_t016,3,2,offline_train,1,session2/s3/sess02_subj03_EEG_MI.mat,46c12e798f4bca1443479f032bf54633cd60d4d286af9ec80f0e1bbd2c35295c,312394,Lee2019_MI,Q15-E007,BROAD_EEGNET,20260926,0.8965449333190918,0.10345505177974701,1
s03_2_offline_train_t017,3,2,offline_train,1,session2/s3/sess02_subj03_EEG_MI.mat,46c12e798f4bca1443479f032bf54633cd60d4d286af9ec80f0e1bbd2c35295c,323361,Lee2019_MI,Q15-E007,BROAD_EEGNET,20260926,0.9962849617004395,0.003714985214173794,1
s03_2_offline_train_t018,3,2,offline_train,1,session2/s3/sess02_subj03_EEG_MI.mat,46c12e798f4bca1443479f032bf54633cd60d4d286af9ec80f0e1bbd2c35295c,334777,Lee2019_MI,Q15-E007,BROAD_EEGNET,20260926,0.9433045387268066,0.05669545382261276,1
s03_2_offline_train_t019,3,2,offline_train,1,session2/s3/sess02_subj03_EEG_MI.mat,46c12e798f4bca1443479f032bf54633cd60d4d286af9ec80f0e1bbd2c35295c,346110,Lee2019_MI,Q15-E007,BROAD_EEGNET,20260926,0.7828977108001709,0.2171022891998291,1
s03_2_offline_train_t020,3,2,offline_train,2,session2/s3/sess02_subj03_EEG_MI.mat,46c12e798f4bca1443479f032bf54633cd60d4d286af9ec80f0e1bbd2c35295c,357627,Lee2019_MI,Q15-E007,BROAD_EEGNET,20260926,0.019080864265561104,0.9809191823005676,2
s03_2_offline_train_t021,3,2,offline_train,2,session2/s3/sess02_subj03_EEG_MI.mat,46c12e798f4bca1443479f032bf54633cd60d4d286af9ec80f0e1bbd2c35295c,368860,Lee2019_MI,Q15-E007,BROAD_EEGNET,20260926,0.22321940958499908,0.7767805457115173,2
s03_2_offline_train_t022,3,2,offline_train,1,session2/s3/sess02_subj03_EEG_MI.mat,46c12e798f4bca1443479f032bf54633cd60d4d286af9ec80f0e1bbd2c35295c,379460,Lee2019_MI,Q15-E007,BROAD_EEGNET,20260926,0.6324030160903931,0.36759698390960693,1
s03_2_offline_train_t023,3,2,offline_train,2,session2/s3/sess02_subj03_EEG_MI.mat,46c12e798f4bca1443479f032bf54633cd60d4d286af9ec80f0e1bbd2c35295c,390876,Lee2019_MI,Q15-E007,BROAD_EEGNET,20260926,0.23433279991149902,0.765667200088501,2
s03_2_offline_train_t024,3,2,offline_train,2,session2/s3/sess02_subj03_EEG_MI.mat,46c12e798f4bca1443479f032bf54633cd60d4d286af9ec80f0e1bbd2c35295c,402393,Lee2019_MI,Q15-E007,BROAD_EEGNET,20260926,0.17949557304382324,0.820504367351532,2
s03_2_offline_train_t025,3,2,offline_train,2,session2/s3/sess02_subj03_EEG_MI.mat,46c12e798f4bca1443479f032bf54633cd60d4d286af9ec80f0e1bbd2c35295c,413642,Lee2019_MI,Q15-E007,BROAD_EEGNET,20260926,0.12287069857120514,0.877129316329956,2
s03_2_offline_train_t026,3,2,offline_train,1,session2/s3/sess02_subj03_EEG_MI.mat,46c12e798f4bca1443479f032bf54633cd60d4d286af9ec80f0e1bbd2c35295c,424959,Lee2019_MI,Q15-E007,BROAD_EEGNET,20260926,0.9579058885574341,0.042094092816114426,1
s03_2_offline_train_t027,3,2,offline_train,2,session2/s3/sess02_subj03_EEG_MI.mat,46c12e798f4bca1443479f032bf54633cd60d4d286af9ec80f0e1bbd2c35295c,436292,Lee2019_MI,Q15-E007,BROAD_EEGNET,20260926,0.05898245424032211,0.9410175681114197,2
s03_2_offline_train_t028,3,2,offline_train,1,session2/s3/sess02_subj03_EEG_MI.mat,46c12e798f4bca1443479f032bf54633cd60d4d286af9ec80f0e1bbd2c35295c,447259,Lee2019_MI,Q15-E007,BROAD_EEGNET,20260926,0.9911280870437622,0.008871836587786674,1
s03_2_offline_train_t029,3,2,offline_train,1,session2/s3/sess02_subj03_EEG_MI.mat,46c12e798f4bca1443479f032bf54633cd60d4d286af9ec80f0e1bbd2c35295c,458492,Lee2019_MI,Q15-E007,BROAD_EEGNET,20260926,0.9968744516372681,0.003125481540337205,1
s03_2_offline_train_t030,3,2,offline_train,2,session2/s3/sess02_subj03_EEG_MI.mat,46c12e798f4bca1443479f032bf54633cd60d4d286af9ec80f0e1bbd2c35295c,469175,Lee2019_MI,Q15-E007,BROAD_EEGNET,20260926,0.026840345934033394,0.973159670829773,2
s03_2_offline_train_t031,3,2,offline_train,1,session2/s3/sess02_subj03_EEG_MI.mat,46c12e798f4bca1443479f032bf54633cd60d4d286af9ec80f0e1bbd2c35295c,480408,Lee2019_MI,Q15-E007,BROAD_EEGNET,20260926,0.9993606209754944,0.0006394460797309875,1
s03_2_offline_train_t032,3,2,offline_train,2,session2/s3/sess02_subj03_EEG_MI.mat,46c12e798f4bca1443479f032bf54633cd60d4d286af9ec80f0e1bbd2c35295c,491008,Lee2019_MI,Q15-E007,BROAD_EEGNET,20260926,0.07911660522222519,0.9208834171295166,2
s03_2_offline_train_t033,3,2,offline_train,1,session2/s3/sess02_subj03_EEG_MI.mat,46c12e798f4bca1443479f032bf54633cd60d4d286af9ec80f0e1bbd2c35295c,501874,Lee2019_MI,Q15-E007,BROAD_EEGNET,20260926,0.9807636737823486,0.019236337393522263,1
s03_2_offline_train_t034,3,2,offline_train,2,session2/s3/sess02_subj03_EEG_MI.mat,46c12e798f4bca1443479f032bf54633cd60d4d286af9ec80f0e1bbd2c35295c,512457,Lee2019_MI,Q15-E007,BROAD_EEGNET,20260926,0.7953230738639832,0.20467694103717804,1
s03_2_offline_train_t035,3,2,offline_train,2,session2/s3/sess02_subj03_EEG_MI.mat,46c12e798f4bca1443479f032bf54633cd60d4d286af9ec80f0e1bbd2c35295c,523140,Lee2019_MI,Q15-E007,BROAD_EEGNET,20260926,0.1990191489458084,0.8009808659553528,2
s03_2_offline_train_t036,3,2,offline_train,1,session2/s3/sess02_subj03_EEG_MI.mat,46c12e798f4bca1443479f032bf54633cd60d4d286af9ec80f0e1bbd2c35295c,534474,Lee2019_MI,Q15-E007,BROAD_EEGNET,20260926,0.9955946803092957,0.004405328072607517,1
s03_2_offline_train_t037,3,2,offline_train,1,session2/s3/sess02_subj03_EEG_MI.mat,46c12e798f4bca1443479f032bf54633cd60d4d286af9ec80f0e1bbd2c35295c,545707,Lee2019_MI,Q15-E007,BROAD_EEGNET,20260926,0.8457532525062561,0.15424670279026031,1
s03_2_offline_train_t038,3,2,offline_train,2,session2/s3/sess02_subj03_EEG_MI.mat,46c12e798f4bca1443479f032bf54633cd60d4d286af9ec80f0e1bbd2c35295c,556573,Lee2019_MI,Q15-E007,BROAD_EEGNET,20260926,0.024991756305098534,0.9750081896781921,2
s03_2_offline_train_t039,3,2,offline_train,1,session2/s3/sess02_subj03_EEG_MI.mat,46c12e798f4bca1443479f032bf54633cd60d4d286af9ec80f0e1bbd2c35295c,568090,Lee2019_MI,Q15-E007,BROAD_EEGNET,20260926,0.9860300421714783,0.013969936408102512,1
s03_2_offline_train_t040,3,2,offline_train,1,session2/s3/sess02_subj03_EEG_MI.mat,46c12e798f4bca1443479f032bf54633cd60d4d286af9ec80f0e1bbd2c35295c,578673,Lee2019_MI,Q15-E007,BROAD_EEGNET,20260926,0.9995059967041016,0.0004939504433423281,1
s03_2_offline_train_t041,3,2,offline_train,1,session2/s3/sess02_subj03_EEG_MI.mat,46c12e798f4bca1443479f032bf54633cd60d4d286af9ec80f0e1bbd2c35295c,589639,Lee2019_MI,Q15-E007,BROAD_EEGNET,20260926,0.7790658473968506,0.22093412280082703,1
s03_2_offline_train_t042,3,2,offline_train,1,session2/s3/sess02_subj03_EEG_MI.mat,46c12e798f4bca1443479f032bf54633cd60d4d286af9ec80f0e1bbd2c35295c,600606,Lee2019_MI,Q15-E007,BROAD_EEGNET,20260926,0.8298727869987488,0.17012718319892883,1
s03_2_offline_train_t043,3,2,offline_train,2,session2/s3/sess02_subj03_EEG_MI.mat,46c12e798f4bca1443479f032bf54633cd60d4d286af9ec80f0e1bbd2c35295c,611922,Lee2019_MI,Q15-E007,BROAD_EEGNET,20260926,0.2900228500366211,0.7099771499633789,2
s03_2_offline_train_t044,3,2,offline_train,1,session2/s3/sess02_subj03_EEG_MI.mat,46c12e798f4bca1443479f032bf54633cd60d4d286af9ec80f0e1bbd2c35295c,623255,Lee2019_MI,Q15-E007,BROAD_EEGNET,20260926,0.6697275042533875,0.33027252554893494,1
s03_2_offline_train_t045,3,2,offline_train,2,session2/s3/sess02_subj03_EEG_MI.mat,46c12e798f4bca1443479f032bf54633cd60d4d286af9ec80f0e1bbd2c35295c,634039,Lee2019_MI,Q15-E007,BROAD_EEGNET,20260926,0.3497174382209778,0.6502825617790222,2
s03_2_offline_train_t046,3,2,offline_train,1,session2/s3/sess02_subj03_EEG_MI.mat,46c12e798f4bca1443479f032bf54633cd60d4d286af9ec80f0e1bbd2c35295c,645088,Lee2019_MI,Q15-E007,BROAD_EEGNET,20260926,0.7875288128852844,0.21247121691703796,1
s03_2_offline_train_t047,3,2,offline_train,1,session2/s3/sess02_subj03_EEG_MI.mat,46c12e798f4bca1443479f032bf54633cd60d4d286af9ec80f0e1bbd2c35295c,656055,Lee2019_MI,Q15-E007,BROAD_EEGNET,20260926,0.8989145159721375,0.10108555853366852,1
s03_2_offline_train_t048,3,2,offline_train,1,session2/s3/sess02_subj03_EEG_MI.mat,46c12e798f4bca1443479f032bf54633cd60d4d286af9ec80f0e1bbd2c35295c,667288,Lee2019_MI,Q15-E007,BROAD_EEGNET,20260926,0.940792441368103,0.05920751392841339,1
s03_2_offline_train_t049,3,2,offline_train,2,session2/s3/sess02_subj03_EEG_MI.mat,46c12e798f4bca1443479f032bf54633cd60d4d286af9ec80f0e1bbd2c35295c,678521,Lee2019_MI,Q15-E007,BROAD_EEGNET,20260926,0.0035535020288079977,0.9964465498924255,2
s03_2_offline_train_t050,3,2,offline_train,1,session2/s3/sess02_subj03_EEG_MI.mat,46c12e798f4bca1443479f032bf54633cd60d4d286af9ec80f0e1bbd2c35295c,741403,Lee2019_MI,Q15-E007,BROAD_EEGNET,20260926,0.743665337562561,0.25633469223976135,1
s03_2_offline_train_t051,3,2,offline_train,1,session2/s3/sess02_subj03_EEG_MI.mat,46c12e798f4bca1443479f032bf54633cd60d4d286af9ec80f0e1bbd2c35295c,752270,Lee2019_MI,Q15-E007,BROAD_EEGNET,20260926,0.7021369338035583,0.29786309599876404,1
s03_2_offline_train_t052,3,2,offline_train,1,session2/s3/sess02_subj03_EEG_MI.mat,46c12e798f4bca1443479f032bf54633cd60d4d286af9ec80f0e1bbd2c35295c,763503,Lee2019_MI,Q15-E007,BROAD_EEGNET,20260926,0.945516049861908,0.054483912885189056,1
s03_2_offline_train_t053,3,2,offline_train,1,session2/s3/sess02_subj03_EEG_MI.mat,46c12e798f4bca1443479f032bf54633cd60d4d286af9ec80f0e1bbd2c35295c,774753,Lee2019_MI,Q15-E007,BROAD_EEGNET,20260926,0.885046124458313,0.1149538904428482,1
s03_2_offline_train_t054,3,2,offline_train,2,session2/s3/sess02_subj03_EEG_MI.mat,46c12e798f4bca1443479f032bf54633cd60d4d286af9ec80f0e1bbd2c35295c,785419,Lee2019_MI,Q15-E007,BROAD_EEGNET,20260926,0.3365592360496521,0.6634407639503479,2
s03_2_offline_train_t055,3,2,offline_train,1,session2/s3/sess02_subj03_EEG_MI.mat,46c12e798f4bca1443479f032bf54633cd60d4d286af9ec80f0e1bbd2c35295c,796102,Lee2019_MI,Q15-E007,BROAD_EEGNET,20260926,0.9980893731117249,0.0019105521496385336,1
s03_2_offline_train_t056,3,2,offline_train,1,session2/s3/sess02_subj03_EEG_MI.mat,46c12e798f4bca1443479f032bf54633cd60d4d286af9ec80f0e1bbd2c35295c,807152,Lee2019_MI,Q15-E007,BROAD_EEGNET,20260926,0.760092556476593,0.2399073988199234,1
s03_2_offline_train_t057,3,2,offline_train,2,session2/s3/sess02_subj03_EEG_MI.mat,46c12e798f4bca1443479f032bf54633cd60d4d286af9ec80f0e1bbd2c35295c,818669,Lee2019_MI,Q15-E007,BROAD_EEGNET,20260926,0.31264597177505493,0.6873540878295898,2
s03_2_offline_train_t058,3,2,offline_train,2,session2/s3/sess02_subj03_EEG_MI.mat,46c12e798f4bca1443479f032bf54633cd60d4d286af9ec80f0e1bbd2c35295c,829535,Lee2019_MI,Q15-E007,BROAD_EEGNET,20260926,0.41842731833457947,0.5815727114677429,2
s03_2_offline_train_t059,3,2,offline_train,1,session2/s3/sess02_subj03_EEG_MI.mat,46c12e798f4bca1443479f032bf54633cd60d4d286af9ec80f0e1bbd2c35295c,840685,Lee2019_MI,Q15-E007,BROAD_EEGNET,20260926,0.9865362048149109,0.013463830575346947,1
s03_2_offline_train_t060,3,2,offline_train,1,session2/s3/sess02_subj03_EEG_MI.mat,46c12e798f4bca1443479f032bf54633cd60d4d286af9ec80f0e1bbd2c35295c,851468,Lee2019_MI,Q15-E007,BROAD_EEGNET,20260926,0.9461420774459839,0.05385793000459671,1
s03_2_offline_train_t061,3,2,offline_train,2,session2/s3/sess02_subj03_EEG_MI.mat,46c12e798f4bca1443479f032bf54633cd60d4d286af9ec80f0e1bbd2c35295c,862801,Lee2019_MI,Q15-E007,BROAD_EEGNET,20260926,0.3750477135181427,0.6249522566795349,2
s03_2_offline_train_t062,3,2,offline_train,2,session2/s3/sess02_subj03_EEG_MI.mat,46c12e798f4bca1443479f032bf54633cd60d4d286af9ec80f0e1bbd2c35295c,873568,Lee2019_MI,Q15-E007,BROAD_EEGNET,20260926,0.5192962884902954,0.4807037115097046,1
s03_2_offline_train_t063,3,2,offline_train,1,session2/s3/sess02_subj03_EEG_MI.mat,46c12e798f4bca1443479f032bf54633cd60d4d286af9ec80f0e1bbd2c35295c,884618,Lee2019_MI,Q15-E007,BROAD_EEGNET,20260926,0.9991434812545776,0.0008565549505874515,1
s03_2_offline_train_t064,3,2,offline_train,2,session2/s3/sess02_subj03_EEG_MI.mat,46c12e798f4bca1443479f032bf54633cd60d4d286af9ec80f0e1bbd2c35295c,895851,Lee2019_MI,Q15-E007,BROAD_EEGNET,20260926,0.3641492426395416,0.6358507871627808,2
s03_2_offline_train_t065,3,2,offline_train,2,session2/s3/sess02_subj03_EEG_MI.mat,46c12e798f4bca1443479f032bf54633cd60d4d286af9ec80f0e1bbd2c35295c,907284,Lee2019_MI,Q15-E007,BROAD_EEGNET,20260926,0.018208803609013557,0.9817912578582764,2
s03_2_offline_train_t066,3,2,offline_train,2,session2/s3/sess02_subj03_EEG_MI.mat,46c12e798f4bca1443479f032bf54633cd60d4d286af9ec80f0e1bbd2c35295c,918800,Lee2019_MI,Q15-E007,BROAD_EEGNET,20260926,0.19534218311309814,0.8046577572822571,2
s03_2_offline_train_t067,3,2,offline_train,2,session2/s3/sess02_subj03_EEG_MI.mat,46c12e798f4bca1443479f032bf54633cd60d4d286af9ec80f0e1bbd2c35295c,929950,Lee2019_MI,Q15-E007,BROAD_EEGNET,20260926,0.0832536518573761,0.9167463779449463,2
s03_2_offline_train_t068,3,2,offline_train,1,session2/s3/sess02_subj03_EEG_MI.mat,46c12e798f4bca1443479f032bf54633cd60d4d286af9ec80f0e1bbd2c35295c,940633,Lee2019_MI,Q15-E007,BROAD_EEGNET,20260926,0.9890508651733398,0.010949141345918179,1
s03_2_offline_train_t069,3,2,offline_train,1,session2/s3/sess02_subj03_EEG_MI.mat,46c12e798f4bca1443479f032bf54633cd60d4d286af9ec80f0e1bbd2c35295c,951299,Lee2019_MI,Q15-E007,BROAD_EEGNET,20260926,0.9603330492973328,0.03966701403260231,1
s03_2_offline_train_t070,3,2,offline_train,2,session2/s3/sess02_subj03_EEG_MI.mat,46c12e798f4bca1443479f032bf54633cd60d4d286af9ec80f0e1bbd2c35295c,962082,Lee2019_MI,Q15-E007,BROAD_EEGNET,20260926,0.0144181028008461,0.9855819344520569,2
s03_2_offline_train_t071,3,2,offline_train,1,session2/s3/sess02_subj03_EEG_MI.mat,46c12e798f4bca1443479f032bf54633cd60d4d286af9ec80f0e1bbd2c35295c,973499,Lee2019_MI,Q15-E007,BROAD_EEGNET,20260926,0.9959497451782227,0.004050244577229023,1
s03_2_offline_train_t072,3,2,offline_train,2,session2/s3/sess02_subj03_EEG_MI.mat,46c12e798f4bca1443479f032bf54633cd60d4d286af9ec80f0e1bbd2c35295c,984282,Lee2019_MI,Q15-E007,BROAD_EEGNET,20260926,0.05851387605071068,0.9414860606193542,2
s03_2_offline_train_t073,3,2,offline_train,2,session2/s3/sess02_subj03_EEG_MI.mat,46c12e798f4bca1443479f032bf54633cd60d4d286af9ec80f0e1bbd2c35295c,995615,Lee2019_MI,Q15-E007,BROAD_EEGNET,20260926,0.29506900906562805,0.7049310207366943,2
s03_2_offline_train_t074,3,2,offline_train,2,session2/s3/sess02_subj03_EEG_MI.mat,46c12e798f4bca1443479f032bf54633cd60d4d286af9ec80f0e1bbd2c35295c,1006382,Lee2019_MI,Q15-E007,BROAD_EEGNET,20260926,0.24321915209293365,0.7567808628082275,2
s03_2_offline_train_t075,3,2,offline_train,1,session2/s3/sess02_subj03_EEG_MI.mat,46c12e798f4bca1443479f032bf54633cd60d4d286af9ec80f0e1bbd2c35295c,1017898,Lee2019_MI,Q15-E007,BROAD_EEGNET,20260926,0.9999088048934937,9.124280768446624e-05,1
s03_2_offline_train_t076,3,2,offline_train,2,session2/s3/sess02_subj03_EEG_MI.mat,46c12e798f4bca1443479f032bf54633cd60d4d286af9ec80f0e1bbd2c35295c,1028765,Lee2019_MI,Q15-E007,BROAD_EEGNET,20260926,0.0019222494447603822,0.9980777502059937,2
s03_2_offline_train_t077,3,2,offline_train,1,session2/s3/sess02_subj03_EEG_MI.mat,46c12e798f4bca1443479f032bf54633cd60d4d286af9ec80f0e1bbd2c35295c,1039548,Lee2019_MI,Q15-E007,BROAD_EEGNET,20260926,0.9983976483345032,0.0016023002099245787,1
s03_2_offline_train_t078,3,2,offline_train,1,session2/s3/sess02_subj03_EEG_MI.mat,46c12e798f4bca1443479f032bf54633cd60d4d286af9ec80f0e1bbd2c35295c,1050315,Lee2019_MI,Q15-E007,BROAD_EEGNET,20260926,0.9980188608169556,0.0019811028614640236,1
s03_2_offline_train_t079,3,2,offline_train,2,session2/s3/sess02_subj03_EEG_MI.mat,46c12e798f4bca1443479f032bf54633cd60d4d286af9ec80f0e1bbd2c35295c,1061464,Lee2019_MI,Q15-E007,BROAD_EEGNET,20260926,0.8183816075325012,0.18161842226982117,1
s03_2_offline_train_t080,3,2,offline_train,2,session2/s3/sess02_subj03_EEG_MI.mat,46c12e798f4bca1443479f032bf54633cd60d4d286af9ec80f0e1bbd2c35295c,1072514,Lee2019_MI,Q15-E007,BROAD_EEGNET,20260926,0.5969990491867065,0.40300098061561584,1
s03_2_offline_train_t081,3,2,offline_train,2,session2/s3/sess02_subj03_EEG_MI.mat,46c12e798f4bca1443479f032bf54633cd60d4d286af9ec80f0e1bbd2c35295c,1083381,Lee2019_MI,Q15-E007,BROAD_EEGNET,20260926,0.13734948635101318,0.8626505732536316,2
s03_2_offline_train_t082,3,2,offline_train,1,session2/s3/sess02_subj03_EEG_MI.mat,46c12e798f4bca1443479f032bf54633cd60d4d286af9ec80f0e1bbd2c35295c,1094797,Lee2019_MI,Q15-E007,BROAD_EEGNET,20260926,0.999866247177124,0.00013376497372519225,1
s03_2_offline_train_t083,3,2,offline_train,2,session2/s3/sess02_subj03_EEG_MI.mat,46c12e798f4bca1443479f032bf54633cd60d4d286af9ec80f0e1bbd2c35295c,1105947,Lee2019_MI,Q15-E007,BROAD_EEGNET,20260926,0.9266189336776733,0.07338111847639084,1
s03_2_offline_train_t084,3,2,offline_train,2,session2/s3/sess02_subj03_EEG_MI.mat,46c12e798f4bca1443479f032bf54633cd60d4d286af9ec80f0e1bbd2c35295c,1116997,Lee2019_MI,Q15-E007,BROAD_EEGNET,20260926,0.12202787399291992,0.8779720664024353,2
s03_2_offline_train_t085,3,2,offline_train,1,session2/s3/sess02_subj03_EEG_MI.mat,46c12e798f4bca1443479f032bf54633cd60d4d286af9ec80f0e1bbd2c35295c,1128430,Lee2019_MI,Q15-E007,BROAD_EEGNET,20260926,0.9077579975128174,0.0922420471906662,1
s03_2_offline_train_t086,3,2,offline_train,2,session2/s3/sess02_subj03_EEG_MI.mat,46c12e798f4bca1443479f032bf54633cd60d4d286af9ec80f0e1bbd2c35295c,1139296,Lee2019_MI,Q15-E007,BROAD_EEGNET,20260926,0.006133172661066055,0.9938668608665466,2
s03_2_offline_train_t087,3,2,offline_train,1,session2/s3/sess02_subj03_EEG_MI.mat,46c12e798f4bca1443479f032bf54633cd60d4d286af9ec80f0e1bbd2c35295c,1150630,Lee2019_MI,Q15-E007,BROAD_EEGNET,20260926,0.9943137168884277,0.00568625470623374,1
s03_2_offline_train_t088,3,2,offline_train,2,session2/s3/sess02_subj03_EEG_MI.mat,46c12e798f4bca1443479f032bf54633cd60d4d286af9ec80f0e1bbd2c35295c,1161946,Lee2019_MI,Q15-E007,BROAD_EEGNET,20260926,0.8731493949890137,0.1268506795167923,1
s03_2_offline_train_t089,3,2,offline_train,2,session2/s3/sess02_subj03_EEG_MI.mat,46c12e798f4bca1443479f032bf54633cd60d4d286af9ec80f0e1bbd2c35295c,1172912,Lee2019_MI,Q15-E007,BROAD_EEGNET,20260926,0.9319535493850708,0.06804650276899338,1
s03_2_offline_train_t090,3,2,offline_train,2,session2/s3/sess02_subj03_EEG_MI.mat,46c12e798f4bca1443479f032bf54633cd60d4d286af9ec80f0e1bbd2c35295c,1184062,Lee2019_MI,Q15-E007,BROAD_EEGNET,20260926,0.47555193305015564,0.5244480967521667,2
s03_2_offline_train_t091,3,2,offline_train,2,session2/s3/sess02_subj03_EEG_MI.mat,46c12e798f4bca1443479f032bf54633cd60d4d286af9ec80f0e1bbd2c35295c,1194645,Lee2019_MI,Q15-E007,BROAD_EEGNET,20260926,0.3683672249317169,0.6316327452659607,2
s03_2_offline_train_t092,3,2,offline_train,2,session2/s3/sess02_subj03_EEG_MI.mat,46c12e798f4bca1443479f032bf54633cd60d4d286af9ec80f0e1bbd2c35295c,1205228,Lee2019_MI,Q15-E007,BROAD_EEGNET,20260926,0.5928324460983276,0.40716755390167236,1
s03_2_offline_train_t093,3,2,offline_train,1,session2/s3/sess02_subj03_EEG_MI.mat,46c12e798f4bca1443479f032bf54633cd60d4d286af9ec80f0e1bbd2c35295c,1216295,Lee2019_MI,Q15-E007,BROAD_EEGNET,20260926,0.9931831955909729,0.006816809996962547,1
s03_2_offline_train_t094,3,2,offline_train,2,session2/s3/sess02_subj03_EEG_MI.mat,46c12e798f4bca1443479f032bf54633cd60d4d286af9ec80f0e1bbd2c35295c,1227611,Lee2019_MI,Q15-E007,BROAD_EEGNET,20260926,0.8016096949577332,0.19839029014110565,1
s03_2_offline_train_t095,3,2,offline_train,1,session2/s3/sess02_subj03_EEG_MI.mat,46c12e798f4bca1443479f032bf54633cd60d4d286af9ec80f0e1bbd2c35295c,1239128,Lee2019_MI,Q15-E007,BROAD_EEGNET,20260926,0.9490770101547241,0.05092298239469528,1
s03_2_offline_train_t096,3,2,offline_train,1,session2/s3/sess02_subj03_EEG_MI.mat,46c12e798f4bca1443479f032bf54633cd60d4d286af9ec80f0e1bbd2c35295c,1249811,Lee2019_MI,Q15-E007,BROAD_EEGNET,20260926,0.9824924468994141,0.017507554963231087,1
s03_2_offline_train_t097,3,2,offline_train,2,session2/s3/sess02_subj03_EEG_MI.mat,46c12e798f4bca1443479f032bf54633cd60d4d286af9ec80f0e1bbd2c35295c,1260961,Lee2019_MI,Q15-E007,BROAD_EEGNET,20260926,0.13526111841201782,0.8647388815879822,2
s03_2_offline_train_t098,3,2,offline_train,1,session2/s3/sess02_subj03_EEG_MI.mat,46c12e798f4bca1443479f032bf54633cd60d4d286af9ec80f0e1bbd2c35295c,1272011,Lee2019_MI,Q15-E007,BROAD_EEGNET,20260926,0.9983397722244263,0.0016601905226707458,1
s03_2_offline_train_t099,3,2,offline_train,2,session2/s3/sess02_subj03_EEG_MI.mat,46c12e798f4bca1443479f032bf54633cd60d4d286af9ec80f0e1bbd2c35295c,1282611,Lee2019_MI,Q15-E007,BROAD_EEGNET,20260926,0.012023727409541607,0.9879762530326843,2
s03_2_offline_train_t100,3,2,offline_train,2,session2/s3/sess02_subj03_EEG_MI.mat,46c12e798f4bca1443479f032bf54633cd60d4d286af9ec80f0e1bbd2c35295c,1293477,Lee2019_MI,Q15-E007,BROAD_EEGNET,20260926,0.02649148553609848,0.9735085368156433,2
s03_1_offline_train_t001,3,1,offline_train,1,session1/s3/sess01_subj03_EEG_MI.mat,ed9be7033fc8620647c545b0b09b5619a2074fa3ce9e1171570df847a74c7bea,150451,Lee2019_MI,Q15-E007,MU_BETA_SHARED,20260924,0.7641912698745728,0.23580873012542725,1
s03_1_offline_train_t002,3,1,offline_train,2,session1/s3/sess01_subj03_EEG_MI.mat,ed9be7033fc8620647c545b0b09b5619a2074fa3ce9e1171570df847a74c7bea,161902,Lee2019_MI,Q15-E007,MU_BETA_SHARED,20260924,0.5292696356773376,0.47073042392730713,1
s03_1_offline_train_t003,3,1,offline_train,1,session1/s3/sess01_subj03_EEG_MI.mat,ed9be7033fc8620647c545b0b09b5619a2074fa3ce9e1171570df847a74c7bea,172585,Lee2019_MI,Q15-E007,MU_BETA_SHARED,20260924,0.9664135575294495,0.03358641639351845,1
s03_1_offline_train_t004,3,1,offline_train,1,session1/s3/sess01_subj03_EEG_MI.mat,ed9be7033fc8620647c545b0b09b5619a2074fa3ce9e1171570df847a74c7bea,184102,Lee2019_MI,Q15-E007,MU_BETA_SHARED,20260924,0.5733978152275085,0.42660215497016907,1
s03_1_offline_train_t005,3,1,offline_train,2,session1/s3/sess01_subj03_EEG_MI.mat,ed9be7033fc8620647c545b0b09b5619a2074fa3ce9e1171570df847a74c7bea,195251,Lee2019_MI,Q15-E007,MU_BETA_SHARED,20260924,0.10085083544254303,0.8991491794586182,2
s03_1_offline_train_t006,3,1,offline_train,2,session1/s3/sess01_subj03_EEG_MI.mat,ed9be7033fc8620647c545b0b09b5619a2074fa3ce9e1171570df847a74c7bea,205935,Lee2019_MI,Q15-E007,MU_BETA_SHARED,20260924,0.3374847173690796,0.6625152826309204,2
s03_1_offline_train_t007,3,1,offline_train,1,session1/s3/sess01_subj03_EEG_MI.mat,ed9be7033fc8620647c545b0b09b5619a2074fa3ce9e1171570df847a74c7bea,216800,Lee2019_MI,Q15-E007,MU_BETA_SHARED,20260924,0.5078583359718323,0.49214163422584534,1
s03_1_offline_train_t008,3,1,offline_train,2,session1/s3/sess01_subj03_EEG_MI.mat,ed9be7033fc8620647c545b0b09b5619a2074fa3ce9e1171570df847a74c7bea,227934,Lee2019_MI,Q15-E007,MU_BETA_SHARED,20260924,0.2901831269264221,0.7098168730735779,2
s03_1_offline_train_t009,3,1,offline_train,1,session1/s3/sess01_subj03_EEG_MI.mat,ed9be7033fc8620647c545b0b09b5619a2074fa3ce9e1171570df847a74c7bea,239450,Lee2019_MI,Q15-E007,MU_BETA_SHARED,20260924,0.44518616795539856,0.5548138618469238,2
s03_1_offline_train_t010,3,1,offline_train,1,session1/s3/sess01_subj03_EEG_MI.mat,ed9be7033fc8620647c545b0b09b5619a2074fa3ce9e1171570df847a74c7bea,250967,Lee2019_MI,Q15-E007,MU_BETA_SHARED,20260924,0.8566847443580627,0.14331524074077606,1
s03_1_offline_train_t011,3,1,offline_train,2,session1/s3/sess01_subj03_EEG_MI.mat,ed9be7033fc8620647c545b0b09b5619a2074fa3ce9e1171570df847a74c7bea,261650,Lee2019_MI,Q15-E007,MU_BETA_SHARED,20260924,0.15660521388053894,0.8433948159217834,2
s03_1_offline_train_t012,3,1,offline_train,2,session1/s3/sess01_subj03_EEG_MI.mat,ed9be7033fc8620647c545b0b09b5619a2074fa3ce9e1171570df847a74c7bea,273167,Lee2019_MI,Q15-E007,MU_BETA_SHARED,20260924,0.17961198091506958,0.8203880190849304,2
s03_1_offline_train_t013,3,1,offline_train,1,session1/s3/sess01_subj03_EEG_MI.mat,ed9be7033fc8620647c545b0b09b5619a2074fa3ce9e1171570df847a74c7bea,284683,Lee2019_MI,Q15-E007,MU_BETA_SHARED,20260924,0.8486275672912598,0.15137246251106262,1
s03_1_offline_train_t014,3,1,offline_train,1,session1/s3/sess01_subj03_EEG_MI.mat,ed9be7033fc8620647c545b0b09b5619a2074fa3ce9e1171570df847a74c7bea,295732,Lee2019_MI,Q15-E007,MU_BETA_SHARED,20260924,0.9090919494628906,0.09090807288885117,1
s03_1_offline_train_t015,3,1,offline_train,2,session1/s3/sess01_subj03_EEG_MI.mat,ed9be7033fc8620647c545b0b09b5619a2074fa3ce9e1171570df847a74c7bea,307066,Lee2019_MI,Q15-E007,MU_BETA_SHARED,20260924,0.6885272860527039,0.31147271394729614,1
s03_1_offline_train_t016,3,1,offline_train,1,session1/s3/sess01_subj03_EEG_MI.mat,ed9be7033fc8620647c545b0b09b5619a2074fa3ce9e1171570df847a74c7bea,317749,Lee2019_MI,Q15-E007,MU_BETA_SHARED,20260924,0.9726903438568115,0.02730964496731758,1
s03_1_offline_train_t017,3,1,offline_train,1,session1/s3/sess01_subj03_EEG_MI.mat,ed9be7033fc8620647c545b0b09b5619a2074fa3ce9e1171570df847a74c7bea,328714,Lee2019_MI,Q15-E007,MU_BETA_SHARED,20260924,0.8840563297271729,0.11594371497631073,1
s03_1_offline_train_t018,3,1,offline_train,1,session1/s3/sess01_subj03_EEG_MI.mat,ed9be7033fc8620647c545b0b09b5619a2074fa3ce9e1171570df847a74c7bea,340231,Lee2019_MI,Q15-E007,MU_BETA_SHARED,20260924,0.7575505971908569,0.24244943261146545,1
s03_1_offline_train_t019,3,1,offline_train,1,session1/s3/sess01_subj03_EEG_MI.mat,ed9be7033fc8620647c545b0b09b5619a2074fa3ce9e1171570df847a74c7bea,351565,Lee2019_MI,Q15-E007,MU_BETA_SHARED,20260924,0.48146647214889526,0.5185335278511047,2
s03_1_offline_train_t020,3,1,offline_train,2,session1/s3/sess01_subj03_EEG_MI.mat,ed9be7033fc8620647c545b0b09b5619a2074fa3ce9e1171570df847a74c7bea,363082,Lee2019_MI,Q15-E007,MU_BETA_SHARED,20260924,0.41554778814315796,0.5844521522521973,2
s03_1_offline_train_t021,3,1,offline_train,2,session1/s3/sess01_subj03_EEG_MI.mat,ed9be7033fc8620647c545b0b09b5619a2074fa3ce9e1171570df847a74c7bea,374315,Lee2019_MI,Q15-E007,MU_BETA_SHARED,20260924,0.17421478033065796,0.825785219669342,2
s03_1_offline_train_t022,3,1,offline_train,1,session1/s3/sess01_subj03_EEG_MI.mat,ed9be7033fc8620647c545b0b09b5619a2074fa3ce9e1171570df847a74c7bea,384898,Lee2019_MI,Q15-E007,MU_BETA_SHARED,20260924,0.9968609809875488,0.0031389736104756594,1
s03_1_offline_train_t023,3,1,offline_train,2,session1/s3/sess01_subj03_EEG_MI.mat,ed9be7033fc8620647c545b0b09b5619a2074fa3ce9e1171570df847a74c7bea,396331,Lee2019_MI,Q15-E007,MU_BETA_SHARED,20260924,0.3571985960006714,0.6428013443946838,2
s03_1_offline_train_t024,3,1,offline_train,2,session1/s3/sess01_subj03_EEG_MI.mat,ed9be7033fc8620647c545b0b09b5619a2074fa3ce9e1171570df847a74c7bea,407847,Lee2019_MI,Q15-E007,MU_BETA_SHARED,20260924,0.40731388330459595,0.592686116695404,2
s03_1_offline_train_t025,3,1,offline_train,2,session1/s3/sess01_subj03_EEG_MI.mat,ed9be7033fc8620647c545b0b09b5619a2074fa3ce9e1171570df847a74c7bea,419080,Lee2019_MI,Q15-E007,MU_BETA_SHARED,20260924,0.10039053857326508,0.8996094465255737,2
s03_1_offline_train_t026,3,1,offline_train,1,session1/s3/sess01_subj03_EEG_MI.mat,ed9be7033fc8620647c545b0b09b5619a2074fa3ce9e1171570df847a74c7bea,430413,Lee2019_MI,Q15-E007,MU_BETA_SHARED,20260924,0.9146175384521484,0.08538241684436798,1
s03_1_offline_train_t027,3,1,offline_train,2,session1/s3/sess01_subj03_EEG_MI.mat,ed9be7033fc8620647c545b0b09b5619a2074fa3ce9e1171570df847a74c7bea,441747,Lee2019_MI,Q15-E007,MU_BETA_SHARED,20260924,0.3171561658382416,0.682843804359436,2
s03_1_offline_train_t028,3,1,offline_train,1,session1/s3/sess01_subj03_EEG_MI.mat,ed9be7033fc8620647c545b0b09b5619a2074fa3ce9e1171570df847a74c7bea,452696,Lee2019_MI,Q15-E007,MU_BETA_SHARED,20260924,0.5961868762969971,0.4038131535053253,1
s03_1_offline_train_t029,3,1,offline_train,1,session1/s3/sess01_subj03_EEG_MI.mat,ed9be7033fc8620647c545b0b09b5619a2074fa3ce9e1171570df847a74c7bea,463946,Lee2019_MI,Q15-E007,MU_BETA_SHARED,20260924,0.9839604496955872,0.01603955216705799,1
s03_1_offline_train_t030,3,1,offline_train,2,session1/s3/sess01_subj03_EEG_MI.mat,ed9be7033fc8620647c545b0b09b5619a2074fa3ce9e1171570df847a74c7bea,474713,Lee2019_MI,Q15-E007,MU_BETA_SHARED,20260924,0.20450374484062195,0.7954962253570557,2
s03_1_offline_train_t031,3,1,offline_train,1,session1/s3/sess01_subj03_EEG_MI.mat,ed9be7033fc8620647c545b0b09b5619a2074fa3ce9e1171570df847a74c7bea,485946,Lee2019_MI,Q15-E007,MU_BETA_SHARED,20260924,0.8743292689323425,0.12567071616649628,1
s03_1_offline_train_t032,3,1,offline_train,2,session1/s3/sess01_subj03_EEG_MI.mat,ed9be7033fc8620647c545b0b09b5619a2074fa3ce9e1171570df847a74c7bea,496546,Lee2019_MI,Q15-E007,MU_BETA_SHARED,20260924,0.5561521649360657,0.44384780526161194,1
s03_1_offline_train_t033,3,1,offline_train,1,session1/s3/sess01_subj03_EEG_MI.mat,ed9be7033fc8620647c545b0b09b5619a2074fa3ce9e1171570df847a74c7bea,507412,Lee2019_MI,Q15-E007,MU_BETA_SHARED,20260924,0.9229878187179565,0.07701222598552704,1
s03_1_offline_train_t034,3,1,offline_train,2,session1/s3/sess01_subj03_EEG_MI.mat,ed9be7033fc8620647c545b0b09b5619a2074fa3ce9e1171570df847a74c7bea,517995,Lee2019_MI,Q15-E007,MU_BETA_SHARED,20260924,0.01710432954132557,0.9828957319259644,2
s03_1_offline_train_t035,3,1,offline_train,2,session1/s3/sess01_subj03_EEG_MI.mat,ed9be7033fc8620647c545b0b09b5619a2074fa3ce9e1171570df847a74c7bea,528678,Lee2019_MI,Q15-E007,MU_BETA_SHARED,20260924,0.19415244460105896,0.8058475852012634,2
s03_1_offline_train_t036,3,1,offline_train,1,session1/s3/sess01_subj03_EEG_MI.mat,ed9be7033fc8620647c545b0b09b5619a2074fa3ce9e1171570df847a74c7bea,540011,Lee2019_MI,Q15-E007,MU_BETA_SHARED,20260924,0.775042712688446,0.22495727241039276,1
s03_1_offline_train_t037,3,1,offline_train,1,session1/s3/sess01_subj03_EEG_MI.mat,ed9be7033fc8620647c545b0b09b5619a2074fa3ce9e1171570df847a74c7bea,551245,Lee2019_MI,Q15-E007,MU_BETA_SHARED,20260924,0.8412309885025024,0.15876901149749756,1
s03_1_offline_train_t038,3,1,offline_train,2,session1/s3/sess01_subj03_EEG_MI.mat,ed9be7033fc8620647c545b0b09b5619a2074fa3ce9e1171570df847a74c7bea,562111,Lee2019_MI,Q15-E007,MU_BETA_SHARED,20260924,0.6515955924987793,0.3484043478965759,1
s03_1_offline_train_t039,3,1,offline_train,1,session1/s3/sess01_subj03_EEG_MI.mat,ed9be7033fc8620647c545b0b09b5619a2074fa3ce9e1171570df847a74c7bea,573627,Lee2019_MI,Q15-E007,MU_BETA_SHARED,20260924,0.9761475324630737,0.02385241910815239,1
s03_1_offline_train_t040,3,1,offline_train,1,session1/s3/sess01_subj03_EEG_MI.mat,ed9be7033fc8620647c545b0b09b5619a2074fa3ce9e1171570df847a74c7bea,584211,Lee2019_MI,Q15-E007,MU_BETA_SHARED,20260924,0.9209139347076416,0.07908604294061661,1
s03_1_offline_train_t041,3,1,offline_train,1,session1/s3/sess01_subj03_EEG_MI.mat,ed9be7033fc8620647c545b0b09b5619a2074fa3ce9e1171570df847a74c7bea,595177,Lee2019_MI,Q15-E007,MU_BETA_SHARED,20260924,0.8986982703208923,0.10130169987678528,1
s03_1_offline_train_t042,3,1,offline_train,1,session1/s3/sess01_subj03_EEG_MI.mat,ed9be7033fc8620647c545b0b09b5619a2074fa3ce9e1171570df847a74c7bea,606144,Lee2019_MI,Q15-E007,MU_BETA_SHARED,20260924,0.9636577367782593,0.03634220361709595,1
s03_1_offline_train_t043,3,1,offline_train,2,session1/s3/sess01_subj03_EEG_MI.mat,ed9be7033fc8620647c545b0b09b5619a2074fa3ce9e1171570df847a74c7bea,617477,Lee2019_MI,Q15-E007,MU_BETA_SHARED,20260924,0.08237803727388382,0.9176219701766968,2
s03_1_offline_train_t044,3,1,offline_train,1,session1/s3/sess01_subj03_EEG_MI.mat,ed9be7033fc8620647c545b0b09b5619a2074fa3ce9e1171570df847a74c7bea,628792,Lee2019_MI,Q15-E007,MU_BETA_SHARED,20260924,0.9985657334327698,0.0014343365328386426,1
s03_1_offline_train_t045,3,1,offline_train,2,session1/s3/sess01_subj03_EEG_MI.mat,ed9be7033fc8620647c545b0b09b5619a2074fa3ce9e1171570df847a74c7bea,639576,Lee2019_MI,Q15-E007,MU_BETA_SHARED,20260924,0.5347163677215576,0.46528366208076477,1
s03_1_offline_train_t046,3,1,offline_train,1,session1/s3/sess01_subj03_EEG_MI.mat,ed9be7033fc8620647c545b0b09b5619a2074fa3ce9e1171570df847a74c7bea,650626,Lee2019_MI,Q15-E007,MU_BETA_SHARED,20260924,0.998267412185669,0.0017325306544080377,1
s03_1_offline_train_t047,3,1,offline_train,1,session1/s3/sess01_subj03_EEG_MI.mat,ed9be7033fc8620647c545b0b09b5619a2074fa3ce9e1171570df847a74c7bea,661592,Lee2019_MI,Q15-E007,MU_BETA_SHARED,20260924,0.7315134406089783,0.26848655939102173,1
s03_1_offline_train_t048,3,1,offline_train,1,session1/s3/sess01_subj03_EEG_MI.mat,ed9be7033fc8620647c545b0b09b5619a2074fa3ce9e1171570df847a74c7bea,672824,Lee2019_MI,Q15-E007,MU_BETA_SHARED,20260924,0.909143328666687,0.09085669368505478,1
s03_1_offline_train_t049,3,1,offline_train,2,session1/s3/sess01_subj03_EEG_MI.mat,ed9be7033fc8620647c545b0b09b5619a2074fa3ce9e1171570df847a74c7bea,684058,Lee2019_MI,Q15-E007,MU_BETA_SHARED,20260924,0.03669983148574829,0.9633002281188965,2
s03_1_offline_train_t050,3,1,offline_train,1,session1/s3/sess01_subj03_EEG_MI.mat,ed9be7033fc8620647c545b0b09b5619a2074fa3ce9e1171570df847a74c7bea,710075,Lee2019_MI,Q15-E007,MU_BETA_SHARED,20260924,0.9440721869468689,0.055927783250808716,1
s03_1_offline_train_t051,3,1,offline_train,1,session1/s3/sess01_subj03_EEG_MI.mat,ed9be7033fc8620647c545b0b09b5619a2074fa3ce9e1171570df847a74c7bea,720941,Lee2019_MI,Q15-E007,MU_BETA_SHARED,20260924,0.8332125544548035,0.16678743064403534,1
s03_1_offline_train_t052,3,1,offline_train,1,session1/s3/sess01_subj03_EEG_MI.mat,ed9be7033fc8620647c545b0b09b5619a2074fa3ce9e1171570df847a74c7bea,732174,Lee2019_MI,Q15-E007,MU_BETA_SHARED,20260924,0.1887383610010147,0.8112615942955017,2
s03_1_offline_train_t053,3,1,offline_train,1,session1/s3/sess01_subj03_EEG_MI.mat,ed9be7033fc8620647c545b0b09b5619a2074fa3ce9e1171570df847a74c7bea,743408,Lee2019_MI,Q15-E007,MU_BETA_SHARED,20260924,0.9046409726142883,0.09535904973745346,1
s03_1_offline_train_t054,3,1,offline_train,2,session1/s3/sess01_subj03_EEG_MI.mat,ed9be7033fc8620647c545b0b09b5619a2074fa3ce9e1171570df847a74c7bea,754090,Lee2019_MI,Q15-E007,MU_BETA_SHARED,20260924,0.3025290369987488,0.6974709630012512,2
s03_1_offline_train_t055,3,1,offline_train,1,session1/s3/sess01_subj03_EEG_MI.mat,ed9be7033fc8620647c545b0b09b5619a2074fa3ce9e1171570df847a74c7bea,764774,Lee2019_MI,Q15-E007,MU_BETA_SHARED,20260924,0.7102490663528442,0.2897509038448334,1
s03_1_offline_train_t056,3,1,offline_train,1,session1/s3/sess01_subj03_EEG_MI.mat,ed9be7033fc8620647c545b0b09b5619a2074fa3ce9e1171570df847a74c7bea,775824,Lee2019_MI,Q15-E007,MU_BETA_SHARED,20260924,0.9322642683982849,0.0677356943488121,1
s03_1_offline_train_t057,3,1,offline_train,2,session1/s3/sess01_subj03_EEG_MI.mat,ed9be7033fc8620647c545b0b09b5619a2074fa3ce9e1171570df847a74c7bea,787340,Lee2019_MI,Q15-E007,MU_BETA_SHARED,20260924,0.09539957344532013,0.9046004414558411,2
s03_1_offline_train_t058,3,1,offline_train,2,session1/s3/sess01_subj03_EEG_MI.mat,ed9be7033fc8620647c545b0b09b5619a2074fa3ce9e1171570df847a74c7bea,798206,Lee2019_MI,Q15-E007,MU_BETA_SHARED,20260924,0.11862967908382416,0.8813703656196594,2
s03_1_offline_train_t059,3,1,offline_train,1,session1/s3/sess01_subj03_EEG_MI.mat,ed9be7033fc8620647c545b0b09b5619a2074fa3ce9e1171570df847a74c7bea,809356,Lee2019_MI,Q15-E007,MU_BETA_SHARED,20260924,0.9995014667510986,0.0004985130508430302,1
s03_1_offline_train_t060,3,1,offline_train,1,session1/s3/sess01_subj03_EEG_MI.mat,ed9be7033fc8620647c545b0b09b5619a2074fa3ce9e1171570df847a74c7bea,820122,Lee2019_MI,Q15-E007,MU_BETA_SHARED,20260924,0.985008955001831,0.014991020783782005,1
s03_1_offline_train_t061,3,1,offline_train,2,session1/s3/sess01_subj03_EEG_MI.mat,ed9be7033fc8620647c545b0b09b5619a2074fa3ce9e1171570df847a74c7bea,831456,Lee2019_MI,Q15-E007,MU_BETA_SHARED,20260924,0.21232527494430542,0.7876747250556946,2
s03_1_offline_train_t062,3,1,offline_train,2,session1/s3/sess01_subj03_EEG_MI.mat,ed9be7033fc8620647c545b0b09b5619a2074fa3ce9e1171570df847a74c7bea,842239,Lee2019_MI,Q15-E007,MU_BETA_SHARED,20260924,0.04288652911782265,0.95711350440979,2
s03_1_offline_train_t063,3,1,offline_train,1,session1/s3/sess01_subj03_EEG_MI.mat,ed9be7033fc8620647c545b0b09b5619a2074fa3ce9e1171570df847a74c7bea,853289,Lee2019_MI,Q15-E007,MU_BETA_SHARED,20260924,0.9478177428245544,0.05218220129609108,1
s03_1_offline_train_t064,3,1,offline_train,2,session1/s3/sess01_subj03_EEG_MI.mat,ed9be7033fc8620647c545b0b09b5619a2074fa3ce9e1171570df847a74c7bea,864522,Lee2019_MI,Q15-E007,MU_BETA_SHARED,20260924,0.3524836003780365,0.6475164294242859,2
s03_1_offline_train_t065,3,1,offline_train,2,session1/s3/sess01_subj03_EEG_MI.mat,ed9be7033fc8620647c545b0b09b5619a2074fa3ce9e1171570df847a74c7bea,875955,Lee2019_MI,Q15-E007,MU_BETA_SHARED,20260924,0.014715638943016529,0.9852843880653381,2
s03_1_offline_train_t066,3,1,offline_train,2,session1/s3/sess01_subj03_EEG_MI.mat,ed9be7033fc8620647c545b0b09b5619a2074fa3ce9e1171570df847a74c7bea,887471,Lee2019_MI,Q15-E007,MU_BETA_SHARED,20260924,0.15679962933063507,0.8432003855705261,2
s03_1_offline_train_t067,3,1,offline_train,2,session1/s3/sess01_subj03_EEG_MI.mat,ed9be7033fc8620647c545b0b09b5619a2074fa3ce9e1171570df847a74c7bea,898604,Lee2019_MI,Q15-E007,MU_BETA_SHARED,20260924,0.7966527938842773,0.20334719121456146,1
s03_1_offline_train_t068,3,1,offline_train,1,session1/s3/sess01_subj03_EEG_MI.mat,ed9be7033fc8620647c545b0b09b5619a2074fa3ce9e1171570df847a74c7bea,909288,Lee2019_MI,Q15-E007,MU_BETA_SHARED,20260924,0.7993055582046509,0.20069444179534912,1
s03_1_offline_train_t069,3,1,offline_train,1,session1/s3/sess01_subj03_EEG_MI.mat,ed9be7033fc8620647c545b0b09b5619a2074fa3ce9e1171570df847a74c7bea,919971,Lee2019_MI,Q15-E007,MU_BETA_SHARED,20260924,0.9579603672027588,0.04203967750072479,1
s03_1_offline_train_t070,3,1,offline_train,2,session1/s3/sess01_subj03_EEG_MI.mat,ed9be7033fc8620647c545b0b09b5619a2074fa3ce9e1171570df847a74c7bea,930752,Lee2019_MI,Q15-E007,MU_BETA_SHARED,20260924,0.05260242521762848,0.9473975896835327,2
s03_1_offline_train_t071,3,1,offline_train,1,session1/s3/sess01_subj03_EEG_MI.mat,ed9be7033fc8620647c545b0b09b5619a2074fa3ce9e1171570df847a74c7bea,942170,Lee2019_MI,Q15-E007,MU_BETA_SHARED,20260924,0.7610756158828735,0.23892442882061005,1
s03_1_offline_train_t072,3,1,offline_train,2,session1/s3/sess01_subj03_EEG_MI.mat,ed9be7033fc8620647c545b0b09b5619a2074fa3ce9e1171570df847a74c7bea,952937,Lee2019_MI,Q15-E007,MU_BETA_SHARED,20260924,0.5952863693237305,0.40471363067626953,1
s03_1_offline_train_t073,3,1,offline_train,2,session1/s3/sess01_subj03_EEG_MI.mat,ed9be7033fc8620647c545b0b09b5619a2074fa3ce9e1171570df847a74c7bea,964270,Lee2019_MI,Q15-E007,MU_BETA_SHARED,20260924,0.6882572770118713,0.3117426633834839,1
s03_1_offline_train_t074,3,1,offline_train,2,session1/s3/sess01_subj03_EEG_MI.mat,ed9be7033fc8620647c545b0b09b5619a2074fa3ce9e1171570df847a74c7bea,975053,Lee2019_MI,Q15-E007,MU_BETA_SHARED,20260924,0.4372309446334839,0.5627690553665161,2
s03_1_offline_train_t075,3,1,offline_train,1,session1/s3/sess01_subj03_EEG_MI.mat,ed9be7033fc8620647c545b0b09b5619a2074fa3ce9e1171570df847a74c7bea,986568,Lee2019_MI,Q15-E007,MU_BETA_SHARED,20260924,0.9504798054695129,0.04952019080519676,1
s03_1_offline_train_t076,3,1,offline_train,2,session1/s3/sess01_subj03_EEG_MI.mat,ed9be7033fc8620647c545b0b09b5619a2074fa3ce9e1171570df847a74c7bea,997436,Lee2019_MI,Q15-E007,MU_BETA_SHARED,20260924,0.09146309643983841,0.9085368514060974,2
s03_1_offline_train_t077,3,1,offline_train,1,session1/s3/sess01_subj03_EEG_MI.mat,ed9be7033fc8620647c545b0b09b5619a2074fa3ce9e1171570df847a74c7bea,1008202,Lee2019_MI,Q15-E007,MU_BETA_SHARED,20260924,0.9796500205993652,0.020350022241473198,1
s03_1_offline_train_t078,3,1,offline_train,1,session1/s3/sess01_subj03_EEG_MI.mat,ed9be7033fc8620647c545b0b09b5619a2074fa3ce9e1171570df847a74c7bea,1018986,Lee2019_MI,Q15-E007,MU_BETA_SHARED,20260924,0.928844690322876,0.07115533202886581,1
s03_1_offline_train_t079,3,1,offline_train,2,session1/s3/sess01_subj03_EEG_MI.mat,ed9be7033fc8620647c545b0b09b5619a2074fa3ce9e1171570df847a74c7bea,1030118,Lee2019_MI,Q15-E007,MU_BETA_SHARED,20260924,0.4009093642234802,0.5990906357765198,2
s03_1_offline_train_t080,3,1,offline_train,2,session1/s3/sess01_subj03_EEG_MI.mat,ed9be7033fc8620647c545b0b09b5619a2074fa3ce9e1171570df847a74c7bea,1041185,Lee2019_MI,Q15-E007,MU_BETA_SHARED,20260924,0.2782749831676483,0.7217250466346741,2
s03_1_offline_train_t081,3,1,offline_train,2,session1/s3/sess01_subj03_EEG_MI.mat,ed9be7033fc8620647c545b0b09b5619a2074fa3ce9e1171570df847a74c7bea,1052051,Lee2019_MI,Q15-E007,MU_BETA_SHARED,20260924,0.20993568003177643,0.79006427526474,2
s03_1_offline_train_t082,3,1,offline_train,1,session1/s3/sess01_subj03_EEG_MI.mat,ed9be7033fc8620647c545b0b09b5619a2074fa3ce9e1171570df847a74c7bea,1063468,Lee2019_MI,Q15-E007,MU_BETA_SHARED,20260924,0.9807794690132141,0.019220547750592232,1
s03_1_offline_train_t083,3,1,offline_train,2,session1/s3/sess01_subj03_EEG_MI.mat,ed9be7033fc8620647c545b0b09b5619a2074fa3ce9e1171570df847a74c7bea,1074618,Lee2019_MI,Q15-E007,MU_BETA_SHARED,20260924,0.8440917134284973,0.15590828657150269,1
s03_1_offline_train_t084,3,1,offline_train,2,session1/s3/sess01_subj03_EEG_MI.mat,ed9be7033fc8620647c545b0b09b5619a2074fa3ce9e1171570df847a74c7bea,1085751,Lee2019_MI,Q15-E007,MU_BETA_SHARED,20260924,0.6858680248260498,0.3141319751739502,1
s03_1_offline_train_t085,3,1,offline_train,1,session1/s3/sess01_subj03_EEG_MI.mat,ed9be7033fc8620647c545b0b09b5619a2074fa3ce9e1171570df847a74c7bea,1097184,Lee2019_MI,Q15-E007,MU_BETA_SHARED,20260924,0.9220031499862671,0.07799685746431351,1
s03_1_offline_train_t086,3,1,offline_train,2,session1/s3/sess01_subj03_EEG_MI.mat,ed9be7033fc8620647c545b0b09b5619a2074fa3ce9e1171570df847a74c7bea,1108050,Lee2019_MI,Q15-E007,MU_BETA_SHARED,20260924,0.900394856929779,0.09960514307022095,1
s03_1_offline_train_t087,3,1,offline_train,1,session1/s3/sess01_subj03_EEG_MI.mat,ed9be7033fc8620647c545b0b09b5619a2074fa3ce9e1171570df847a74c7bea,1119383,Lee2019_MI,Q15-E007,MU_BETA_SHARED,20260924,0.8487390875816345,0.15126094222068787,1
s03_1_offline_train_t088,3,1,offline_train,2,session1/s3/sess01_subj03_EEG_MI.mat,ed9be7033fc8620647c545b0b09b5619a2074fa3ce9e1171570df847a74c7bea,1130717,Lee2019_MI,Q15-E007,MU_BETA_SHARED,20260924,0.8427959680557251,0.1572040170431137,1
s03_1_offline_train_t089,3,1,offline_train,2,session1/s3/sess01_subj03_EEG_MI.mat,ed9be7033fc8620647c545b0b09b5619a2074fa3ce9e1171570df847a74c7bea,1141666,Lee2019_MI,Q15-E007,MU_BETA_SHARED,20260924,0.6771026849746704,0.3228973150253296,1
s03_1_offline_train_t090,3,1,offline_train,2,session1/s3/sess01_subj03_EEG_MI.mat,ed9be7033fc8620647c545b0b09b5619a2074fa3ce9e1171570df847a74c7bea,1152816,Lee2019_MI,Q15-E007,MU_BETA_SHARED,20260924,0.1461324691772461,0.8538675308227539,2
s03_1_offline_train_t091,3,1,offline_train,2,session1/s3/sess01_subj03_EEG_MI.mat,ed9be7033fc8620647c545b0b09b5619a2074fa3ce9e1171570df847a74c7bea,1163399,Lee2019_MI,Q15-E007,MU_BETA_SHARED,20260924,0.6239868402481079,0.3760131299495697,1
s03_1_offline_train_t092,3,1,offline_train,2,session1/s3/sess01_subj03_EEG_MI.mat,ed9be7033fc8620647c545b0b09b5619a2074fa3ce9e1171570df847a74c7bea,1173999,Lee2019_MI,Q15-E007,MU_BETA_SHARED,20260924,0.34173452854156494,0.6582654118537903,2
s03_1_offline_train_t093,3,1,offline_train,1,session1/s3/sess01_subj03_EEG_MI.mat,ed9be7033fc8620647c545b0b09b5619a2074fa3ce9e1171570df847a74c7bea,1185049,Lee2019_MI,Q15-E007,MU_BETA_SHARED,20260924,0.8888221979141235,0.11117784678936005,1
s03_1_offline_train_t094,3,1,offline_train,2,session1/s3/sess01_subj03_EEG_MI.mat,ed9be7033fc8620647c545b0b09b5619a2074fa3ce9e1171570df847a74c7bea,1196382,Lee2019_MI,Q15-E007,MU_BETA_SHARED,20260924,0.24551117420196533,0.7544888854026794,2
s03_1_offline_train_t095,3,1,offline_train,1,session1/s3/sess01_subj03_EEG_MI.mat,ed9be7033fc8620647c545b0b09b5619a2074fa3ce9e1171570df847a74c7bea,1207898,Lee2019_MI,Q15-E007,MU_BETA_SHARED,20260924,0.9128322601318359,0.08716779202222824,1
s03_1_offline_train_t096,3,1,offline_train,1,session1/s3/sess01_subj03_EEG_MI.mat,ed9be7033fc8620647c545b0b09b5619a2074fa3ce9e1171570df847a74c7bea,1218582,Lee2019_MI,Q15-E007,MU_BETA_SHARED,20260924,0.9649966955184937,0.03500336781144142,1
s03_1_offline_train_t097,3,1,offline_train,2,session1/s3/sess01_subj03_EEG_MI.mat,ed9be7033fc8620647c545b0b09b5619a2074fa3ce9e1171570df847a74c7bea,1229714,Lee2019_MI,Q15-E007,MU_BETA_SHARED,20260924,0.05505935847759247,0.9449405670166016,2
s03_1_offline_train_t098,3,1,offline_train,1,session1/s3/sess01_subj03_EEG_MI.mat,ed9be7033fc8620647c545b0b09b5619a2074fa3ce9e1171570df847a74c7bea,1240764,Lee2019_MI,Q15-E007,MU_BETA_SHARED,20260924,0.9269281625747681,0.07307187467813492,1
s03_1_offline_train_t099,3,1,offline_train,2,session1/s3/sess01_subj03_EEG_MI.mat,ed9be7033fc8620647c545b0b09b5619a2074fa3ce9e1171570df847a74c7bea,1251364,Lee2019_MI,Q15-E007,MU_BETA_SHARED,20260924,0.05641615018248558,0.9435839056968689,2
s03_1_offline_train_t100,3,1,offline_train,2,session1/s3/sess01_subj03_EEG_MI.mat,ed9be7033fc8620647c545b0b09b5619a2074fa3ce9e1171570df847a74c7bea,1262231,Lee2019_MI,Q15-E007,MU_BETA_SHARED,20260924,0.6181407570838928,0.3818591833114624,1
s03_2_offline_train_t001,3,2,offline_train,1,session2/s3/sess02_subj03_EEG_MI.mat,46c12e798f4bca1443479f032bf54633cd60d4d286af9ec80f0e1bbd2c35295c,145012,Lee2019_MI,Q15-E007,MU_BETA_SHARED,20260924,0.9757811427116394,0.024218812584877014,1
s03_2_offline_train_t002,3,2,offline_train,2,session2/s3/sess02_subj03_EEG_MI.mat,46c12e798f4bca1443479f032bf54633cd60d4d286af9ec80f0e1bbd2c35295c,156547,Lee2019_MI,Q15-E007,MU_BETA_SHARED,20260924,0.07620018720626831,0.9237998723983765,2
s03_2_offline_train_t003,3,2,offline_train,1,session2/s3/sess02_subj03_EEG_MI.mat,46c12e798f4bca1443479f032bf54633cd60d4d286af9ec80f0e1bbd2c35295c,167230,Lee2019_MI,Q15-E007,MU_BETA_SHARED,20260924,0.9928103685379028,0.007189606782048941,1
s03_2_offline_train_t004,3,2,offline_train,1,session2/s3/sess02_subj03_EEG_MI.mat,46c12e798f4bca1443479f032bf54633cd60d4d286af9ec80f0e1bbd2c35295c,178747,Lee2019_MI,Q15-E007,MU_BETA_SHARED,20260924,0.636119544506073,0.3638803958892822,1
s03_2_offline_train_t005,3,2,offline_train,2,session2/s3/sess02_subj03_EEG_MI.mat,46c12e798f4bca1443479f032bf54633cd60d4d286af9ec80f0e1bbd2c35295c,189896,Lee2019_MI,Q15-E007,MU_BETA_SHARED,20260924,0.0034907031804323196,0.9965092539787292,2
s03_2_offline_train_t006,3,2,offline_train,2,session2/s3/sess02_subj03_EEG_MI.mat,46c12e798f4bca1443479f032bf54633cd60d4d286af9ec80f0e1bbd2c35295c,200579,Lee2019_MI,Q15-E007,MU_BETA_SHARED,20260924,0.04690936207771301,0.9530906081199646,2
s03_2_offline_train_t007,3,2,offline_train,1,session2/s3/sess02_subj03_EEG_MI.mat,46c12e798f4bca1443479f032bf54633cd60d4d286af9ec80f0e1bbd2c35295c,211446,Lee2019_MI,Q15-E007,MU_BETA_SHARED,20260924,0.7639037370681763,0.23609627783298492,1
s03_2_offline_train_t008,3,2,offline_train,2,session2/s3/sess02_subj03_EEG_MI.mat,46c12e798f4bca1443479f032bf54633cd60d4d286af9ec80f0e1bbd2c35295c,222579,Lee2019_MI,Q15-E007,MU_BETA_SHARED,20260924,0.004871646407991648,0.9951283931732178,2
s03_2_offline_train_t009,3,2,offline_train,1,session2/s3/sess02_subj03_EEG_MI.mat,46c12e798f4bca1443479f032bf54633cd60d4d286af9ec80f0e1bbd2c35295c,234095,Lee2019_MI,Q15-E007,MU_BETA_SHARED,20260924,0.9669632315635681,0.03303680196404457,1
s03_2_offline_train_t010,3,2,offline_train,1,session2/s3/sess02_subj03_EEG_MI.mat,46c12e798f4bca1443479f032bf54633cd60d4d286af9ec80f0e1bbd2c35295c,245612,Lee2019_MI,Q15-E007,MU_BETA_SHARED,20260924,0.9961351156234741,0.0038648792542517185,1
s03_2_offline_train_t011,3,2,offline_train,2,session2/s3/sess02_subj03_EEG_MI.mat,46c12e798f4bca1443479f032bf54633cd60d4d286af9ec80f0e1bbd2c35295c,256295,Lee2019_MI,Q15-E007,MU_BETA_SHARED,20260924,0.011022846214473248,0.9889771342277527,2
s03_2_offline_train_t012,3,2,offline_train,2,session2/s3/sess02_subj03_EEG_MI.mat,46c12e798f4bca1443479f032bf54633cd60d4d286af9ec80f0e1bbd2c35295c,267812,Lee2019_MI,Q15-E007,MU_BETA_SHARED,20260924,0.12121657282114029,0.8787834048271179,2
s03_2_offline_train_t013,3,2,offline_train,1,session2/s3/sess02_subj03_EEG_MI.mat,46c12e798f4bca1443479f032bf54633cd60d4d286af9ec80f0e1bbd2c35295c,279328,Lee2019_MI,Q15-E007,MU_BETA_SHARED,20260924,0.9980708956718445,0.0019291018834337592,1
s03_2_offline_train_t014,3,2,offline_train,1,session2/s3/sess02_subj03_EEG_MI.mat,46c12e798f4bca1443479f032bf54633cd60d4d286af9ec80f0e1bbd2c35295c,290378,Lee2019_MI,Q15-E007,MU_BETA_SHARED,20260924,0.991868257522583,0.008131662383675575,1
s03_2_offline_train_t015,3,2,offline_train,2,session2/s3/sess02_subj03_EEG_MI.mat,46c12e798f4bca1443479f032bf54633cd60d4d286af9ec80f0e1bbd2c35295c,301711,Lee2019_MI,Q15-E007,MU_BETA_SHARED,20260924,0.6633599400520325,0.33664005994796753,1
s03_2_offline_train_t016,3,2,offline_train,1,session2/s3/sess02_subj03_EEG_MI.mat,46c12e798f4bca1443479f032bf54633cd60d4d286af9ec80f0e1bbd2c35295c,312394,Lee2019_MI,Q15-E007,MU_BETA_SHARED,20260924,0.7378594875335693,0.26214051246643066,1
s03_2_offline_train_t017,3,2,offline_train,1,session2/s3/sess02_subj03_EEG_MI.mat,46c12e798f4bca1443479f032bf54633cd60d4d286af9ec80f0e1bbd2c35295c,323361,Lee2019_MI,Q15-E007,MU_BETA_SHARED,20260924,0.9898790121078491,0.010120938532054424,1
s03_2_offline_train_t018,3,2,offline_train,1,session2/s3/sess02_subj03_EEG_MI.mat,46c12e798f4bca1443479f032bf54633cd60d4d286af9ec80f0e1bbd2c35295c,334777,Lee2019_MI,Q15-E007,MU_BETA_SHARED,20260924,0.809027373790741,0.19097264111042023,1
s03_2_offline_train_t019,3,2,offline_train,1,session2/s3/sess02_subj03_EEG_MI.mat,46c12e798f4bca1443479f032bf54633cd60d4d286af9ec80f0e1bbd2c35295c,346110,Lee2019_MI,Q15-E007,MU_BETA_SHARED,20260924,0.43397021293640137,0.5660297870635986,2
s03_2_offline_train_t020,3,2,offline_train,2,session2/s3/sess02_subj03_EEG_MI.mat,46c12e798f4bca1443479f032bf54633cd60d4d286af9ec80f0e1bbd2c35295c,357627,Lee2019_MI,Q15-E007,MU_BETA_SHARED,20260924,0.009031873196363449,0.9909681677818298,2
s03_2_offline_train_t021,3,2,offline_train,2,session2/s3/sess02_subj03_EEG_MI.mat,46c12e798f4bca1443479f032bf54633cd60d4d286af9ec80f0e1bbd2c35295c,368860,Lee2019_MI,Q15-E007,MU_BETA_SHARED,20260924,0.23726272583007812,0.7627373337745667,2
s03_2_offline_train_t022,3,2,offline_train,1,session2/s3/sess02_subj03_EEG_MI.mat,46c12e798f4bca1443479f032bf54633cd60d4d286af9ec80f0e1bbd2c35295c,379460,Lee2019_MI,Q15-E007,MU_BETA_SHARED,20260924,0.5789405107498169,0.4210595190525055,1
s03_2_offline_train_t023,3,2,offline_train,2,session2/s3/sess02_subj03_EEG_MI.mat,46c12e798f4bca1443479f032bf54633cd60d4d286af9ec80f0e1bbd2c35295c,390876,Lee2019_MI,Q15-E007,MU_BETA_SHARED,20260924,0.022085219621658325,0.9779148101806641,2
s03_2_offline_train_t024,3,2,offline_train,2,session2/s3/sess02_subj03_EEG_MI.mat,46c12e798f4bca1443479f032bf54633cd60d4d286af9ec80f0e1bbd2c35295c,402393,Lee2019_MI,Q15-E007,MU_BETA_SHARED,20260924,0.0731465145945549,0.9268534779548645,2
s03_2_offline_train_t025,3,2,offline_train,2,session2/s3/sess02_subj03_EEG_MI.mat,46c12e798f4bca1443479f032bf54633cd60d4d286af9ec80f0e1bbd2c35295c,413642,Lee2019_MI,Q15-E007,MU_BETA_SHARED,20260924,0.09167106449604034,0.9083290100097656,2
s03_2_offline_train_t026,3,2,offline_train,1,session2/s3/sess02_subj03_EEG_MI.mat,46c12e798f4bca1443479f032bf54633cd60d4d286af9ec80f0e1bbd2c35295c,424959,Lee2019_MI,Q15-E007,MU_BETA_SHARED,20260924,0.9817577004432678,0.018242353573441505,1
s03_2_offline_train_t027,3,2,offline_train,2,session2/s3/sess02_subj03_EEG_MI.mat,46c12e798f4bca1443479f032bf54633cd60d4d286af9ec80f0e1bbd2c35295c,436292,Lee2019_MI,Q15-E007,MU_BETA_SHARED,20260924,0.032868001610040665,0.9671319723129272,2
s03_2_offline_train_t028,3,2,offline_train,1,session2/s3/sess02_subj03_EEG_MI.mat,46c12e798f4bca1443479f032bf54633cd60d4d286af9ec80f0e1bbd2c35295c,447259,Lee2019_MI,Q15-E007,MU_BETA_SHARED,20260924,0.752490758895874,0.24750928580760956,1
s03_2_offline_train_t029,3,2,offline_train,1,session2/s3/sess02_subj03_EEG_MI.mat,46c12e798f4bca1443479f032bf54633cd60d4d286af9ec80f0e1bbd2c35295c,458492,Lee2019_MI,Q15-E007,MU_BETA_SHARED,20260924,0.9989029169082642,0.0010971283772960305,1
s03_2_offline_train_t030,3,2,offline_train,2,session2/s3/sess02_subj03_EEG_MI.mat,46c12e798f4bca1443479f032bf54633cd60d4d286af9ec80f0e1bbd2c35295c,469175,Lee2019_MI,Q15-E007,MU_BETA_SHARED,20260924,0.0059987399727106094,0.9940012097358704,2
s03_2_offline_train_t031,3,2,offline_train,1,session2/s3/sess02_subj03_EEG_MI.mat,46c12e798f4bca1443479f032bf54633cd60d4d286af9ec80f0e1bbd2c35295c,480408,Lee2019_MI,Q15-E007,MU_BETA_SHARED,20260924,0.9981802701950073,0.0018198037287220359,1
s03_2_offline_train_t032,3,2,offline_train,2,session2/s3/sess02_subj03_EEG_MI.mat,46c12e798f4bca1443479f032bf54633cd60d4d286af9ec80f0e1bbd2c35295c,491008,Lee2019_MI,Q15-E007,MU_BETA_SHARED,20260924,0.0289290938526392,0.9710709452629089,2
s03_2_offline_train_t033,3,2,offline_train,1,session2/s3/sess02_subj03_EEG_MI.mat,46c12e798f4bca1443479f032bf54633cd60d4d286af9ec80f0e1bbd2c35295c,501874,Lee2019_MI,Q15-E007,MU_BETA_SHARED,20260924,0.7655740976333618,0.23442594707012177,1
s03_2_offline_train_t034,3,2,offline_train,2,session2/s3/sess02_subj03_EEG_MI.mat,46c12e798f4bca1443479f032bf54633cd60d4d286af9ec80f0e1bbd2c35295c,512457,Lee2019_MI,Q15-E007,MU_BETA_SHARED,20260924,0.5351850390434265,0.4648149311542511,1
s03_2_offline_train_t035,3,2,offline_train,2,session2/s3/sess02_subj03_EEG_MI.mat,46c12e798f4bca1443479f032bf54633cd60d4d286af9ec80f0e1bbd2c35295c,523140,Lee2019_MI,Q15-E007,MU_BETA_SHARED,20260924,0.8210104703903198,0.17898954451084137,1
s03_2_offline_train_t036,3,2,offline_train,1,session2/s3/sess02_subj03_EEG_MI.mat,46c12e798f4bca1443479f032bf54633cd60d4d286af9ec80f0e1bbd2c35295c,534474,Lee2019_MI,Q15-E007,MU_BETA_SHARED,20260924,0.9708935618400574,0.029106425121426582,1
s03_2_offline_train_t037,3,2,offline_train,1,session2/s3/sess02_subj03_EEG_MI.mat,46c12e798f4bca1443479f032bf54633cd60d4d286af9ec80f0e1bbd2c35295c,545707,Lee2019_MI,Q15-E007,MU_BETA_SHARED,20260924,0.6333144307136536,0.3666855990886688,1
s03_2_offline_train_t038,3,2,offline_train,2,session2/s3/sess02_subj03_EEG_MI.mat,46c12e798f4bca1443479f032bf54633cd60d4d286af9ec80f0e1bbd2c35295c,556573,Lee2019_MI,Q15-E007,MU_BETA_SHARED,20260924,0.0026475805789232254,0.9973524808883667,2
s03_2_offline_train_t039,3,2,offline_train,1,session2/s3/sess02_subj03_EEG_MI.mat,46c12e798f4bca1443479f032bf54633cd60d4d286af9ec80f0e1bbd2c35295c,568090,Lee2019_MI,Q15-E007,MU_BETA_SHARED,20260924,0.972214937210083,0.027785059064626694,1
s03_2_offline_train_t040,3,2,offline_train,1,session2/s3/sess02_subj03_EEG_MI.mat,46c12e798f4bca1443479f032bf54633cd60d4d286af9ec80f0e1bbd2c35295c,578673,Lee2019_MI,Q15-E007,MU_BETA_SHARED,20260924,0.9967781901359558,0.003221782622858882,1
s03_2_offline_train_t041,3,2,offline_train,1,session2/s3/sess02_subj03_EEG_MI.mat,46c12e798f4bca1443479f032bf54633cd60d4d286af9ec80f0e1bbd2c35295c,589639,Lee2019_MI,Q15-E007,MU_BETA_SHARED,20260924,0.7385404706001282,0.2614595293998718,1
s03_2_offline_train_t042,3,2,offline_train,1,session2/s3/sess02_subj03_EEG_MI.mat,46c12e798f4bca1443479f032bf54633cd60d4d286af9ec80f0e1bbd2c35295c,600606,Lee2019_MI,Q15-E007,MU_BETA_SHARED,20260924,0.6056830883026123,0.3943168520927429,1
s03_2_offline_train_t043,3,2,offline_train,2,session2/s3/sess02_subj03_EEG_MI.mat,46c12e798f4bca1443479f032bf54633cd60d4d286af9ec80f0e1bbd2c35295c,611922,Lee2019_MI,Q15-E007,MU_BETA_SHARED,20260924,0.09533786028623581,0.9046621322631836,2
s03_2_offline_train_t044,3,2,offline_train,1,session2/s3/sess02_subj03_EEG_MI.mat,46c12e798f4bca1443479f032bf54633cd60d4d286af9ec80f0e1bbd2c35295c,623255,Lee2019_MI,Q15-E007,MU_BETA_SHARED,20260924,0.4117962718009949,0.5882036685943604,2
s03_2_offline_train_t045,3,2,offline_train,2,session2/s3/sess02_subj03_EEG_MI.mat,46c12e798f4bca1443479f032bf54633cd60d4d286af9ec80f0e1bbd2c35295c,634039,Lee2019_MI,Q15-E007,MU_BETA_SHARED,20260924,0.2832096517086029,0.7167903780937195,2
s03_2_offline_train_t046,3,2,offline_train,1,session2/s3/sess02_subj03_EEG_MI.mat,46c12e798f4bca1443479f032bf54633cd60d4d286af9ec80f0e1bbd2c35295c,645088,Lee2019_MI,Q15-E007,MU_BETA_SHARED,20260924,0.852928638458252,0.14707131683826447,1
s03_2_offline_train_t047,3,2,offline_train,1,session2/s3/sess02_subj03_EEG_MI.mat,46c12e798f4bca1443479f032bf54633cd60d4d286af9ec80f0e1bbd2c35295c,656055,Lee2019_MI,Q15-E007,MU_BETA_SHARED,20260924,0.8943707942962646,0.10562914609909058,1
s03_2_offline_train_t048,3,2,offline_train,1,session2/s3/sess02_subj03_EEG_MI.mat,46c12e798f4bca1443479f032bf54633cd60d4d286af9ec80f0e1bbd2c35295c,667288,Lee2019_MI,Q15-E007,MU_BETA_SHARED,20260924,0.8698926568031311,0.1301073133945465,1
s03_2_offline_train_t049,3,2,offline_train,2,session2/s3/sess02_subj03_EEG_MI.mat,46c12e798f4bca1443479f032bf54633cd60d4d286af9ec80f0e1bbd2c35295c,678521,Lee2019_MI,Q15-E007,MU_BETA_SHARED,20260924,0.0070741805247962475,0.9929258823394775,2
s03_2_offline_train_t050,3,2,offline_train,1,session2/s3/sess02_subj03_EEG_MI.mat,46c12e798f4bca1443479f032bf54633cd60d4d286af9ec80f0e1bbd2c35295c,741403,Lee2019_MI,Q15-E007,MU_BETA_SHARED,20260924,0.5256308317184448,0.4743691086769104,1
s03_2_offline_train_t051,3,2,offline_train,1,session2/s3/sess02_subj03_EEG_MI.mat,46c12e798f4bca1443479f032bf54633cd60d4d286af9ec80f0e1bbd2c35295c,752270,Lee2019_MI,Q15-E007,MU_BETA_SHARED,20260924,0.7011656165122986,0.2988344132900238,1
s03_2_offline_train_t052,3,2,offline_train,1,session2/s3/sess02_subj03_EEG_MI.mat,46c12e798f4bca1443479f032bf54633cd60d4d286af9ec80f0e1bbd2c35295c,763503,Lee2019_MI,Q15-E007,MU_BETA_SHARED,20260924,0.9401996731758118,0.059800393879413605,1
s03_2_offline_train_t053,3,2,offline_train,1,session2/s3/sess02_subj03_EEG_MI.mat,46c12e798f4bca1443479f032bf54633cd60d4d286af9ec80f0e1bbd2c35295c,774753,Lee2019_MI,Q15-E007,MU_BETA_SHARED,20260924,0.9118189811706543,0.0881810113787651,1
s03_2_offline_train_t054,3,2,offline_train,2,session2/s3/sess02_subj03_EEG_MI.mat,46c12e798f4bca1443479f032bf54633cd60d4d286af9ec80f0e1bbd2c35295c,785419,Lee2019_MI,Q15-E007,MU_BETA_SHARED,20260924,0.19093436002731323,0.8090656399726868,2
s03_2_offline_train_t055,3,2,offline_train,1,session2/s3/sess02_subj03_EEG_MI.mat,46c12e798f4bca1443479f032bf54633cd60d4d286af9ec80f0e1bbd2c35295c,796102,Lee2019_MI,Q15-E007,MU_BETA_SHARED,20260924,0.9996204376220703,0.0003794863587245345,1
s03_2_offline_train_t056,3,2,offline_train,1,session2/s3/sess02_subj03_EEG_MI.mat,46c12e798f4bca1443479f032bf54633cd60d4d286af9ec80f0e1bbd2c35295c,807152,Lee2019_MI,Q15-E007,MU_BETA_SHARED,20260924,0.9556891918182373,0.044310808181762695,1
s03_2_offline_train_t057,3,2,offline_train,2,session2/s3/sess02_subj03_EEG_MI.mat,46c12e798f4bca1443479f032bf54633cd60d4d286af9ec80f0e1bbd2c35295c,818669,Lee2019_MI,Q15-E007,MU_BETA_SHARED,20260924,0.03891146183013916,0.9610885977745056,2
s03_2_offline_train_t058,3,2,offline_train,2,session2/s3/sess02_subj03_EEG_MI.mat,46c12e798f4bca1443479f032bf54633cd60d4d286af9ec80f0e1bbd2c35295c,829535,Lee2019_MI,Q15-E007,MU_BETA_SHARED,20260924,0.21299025416374207,0.7870097756385803,2
s03_2_offline_train_t059,3,2,offline_train,1,session2/s3/sess02_subj03_EEG_MI.mat,46c12e798f4bca1443479f032bf54633cd60d4d286af9ec80f0e1bbd2c35295c,840685,Lee2019_MI,Q15-E007,MU_BETA_SHARED,20260924,0.9698342084884644,0.030165763571858406,1
s03_2_offline_train_t060,3,2,offline_train,1,session2/s3/sess02_subj03_EEG_MI.mat,46c12e798f4bca1443479f032bf54633cd60d4d286af9ec80f0e1bbd2c35295c,851468,Lee2019_MI,Q15-E007,MU_BETA_SHARED,20260924,0.9799797534942627,0.020020242780447006,1
s03_2_offline_train_t061,3,2,offline_train,2,session2/s3/sess02_subj03_EEG_MI.mat,46c12e798f4bca1443479f032bf54633cd60d4d286af9ec80f0e1bbd2c35295c,862801,Lee2019_MI,Q15-E007,MU_BETA_SHARED,20260924,0.7074187994003296,0.2925812304019928,1
s03_2_offline_train_t062,3,2,offline_train,2,session2/s3/sess02_subj03_EEG_MI.mat,46c12e798f4bca1443479f032bf54633cd60d4d286af9ec80f0e1bbd2c35295c,873568,Lee2019_MI,Q15-E007,MU_BETA_SHARED,20260924,0.8765674233436584,0.12343264371156693,1
s03_2_offline_train_t063,3,2,offline_train,1,session2/s3/sess02_subj03_EEG_MI.mat,46c12e798f4bca1443479f032bf54633cd60d4d286af9ec80f0e1bbd2c35295c,884618,Lee2019_MI,Q15-E007,MU_BETA_SHARED,20260924,0.9998167157173157,0.00018329700105823576,1
s03_2_offline_train_t064,3,2,offline_train,2,session2/s3/sess02_subj03_EEG_MI.mat,46c12e798f4bca1443479f032bf54633cd60d4d286af9ec80f0e1bbd2c35295c,895851,Lee2019_MI,Q15-E007,MU_BETA_SHARED,20260924,0.4660053253173828,0.5339946746826172,2
s03_2_offline_train_t065,3,2,offline_train,2,session2/s3/sess02_subj03_EEG_MI.mat,46c12e798f4bca1443479f032bf54633cd60d4d286af9ec80f0e1bbd2c35295c,907284,Lee2019_MI,Q15-E007,MU_BETA_SHARED,20260924,0.0036985662300139666,0.9963014125823975,2
s03_2_offline_train_t066,3,2,offline_train,2,session2/s3/sess02_subj03_EEG_MI.mat,46c12e798f4bca1443479f032bf54633cd60d4d286af9ec80f0e1bbd2c35295c,918800,Lee2019_MI,Q15-E007,MU_BETA_SHARED,20260924,0.1551113724708557,0.8448885679244995,2
s03_2_offline_train_t067,3,2,offline_train,2,session2/s3/sess02_subj03_EEG_MI.mat,46c12e798f4bca1443479f032bf54633cd60d4d286af9ec80f0e1bbd2c35295c,929950,Lee2019_MI,Q15-E007,MU_BETA_SHARED,20260924,0.07580360770225525,0.9241963624954224,2
s03_2_offline_train_t068,3,2,offline_train,1,session2/s3/sess02_subj03_EEG_MI.mat,46c12e798f4bca1443479f032bf54633cd60d4d286af9ec80f0e1bbd2c35295c,940633,Lee2019_MI,Q15-E007,MU_BETA_SHARED,20260924,0.9737215042114258,0.026278523728251457,1
s03_2_offline_train_t069,3,2,offline_train,1,session2/s3/sess02_subj03_EEG_MI.mat,46c12e798f4bca1443479f032bf54633cd60d4d286af9ec80f0e1bbd2c35295c,951299,Lee2019_MI,Q15-E007,MU_BETA_SHARED,20260924,0.9235717058181763,0.07642827928066254,1
s03_2_offline_train_t070,3,2,offline_train,2,session2/s3/sess02_subj03_EEG_MI.mat,46c12e798f4bca1443479f032bf54633cd60d4d286af9ec80f0e1bbd2c35295c,962082,Lee2019_MI,Q15-E007,MU_BETA_SHARED,20260924,0.011157862842082977,0.9888421297073364,2
s03_2_offline_train_t071,3,2,offline_train,1,session2/s3/sess02_subj03_EEG_MI.mat,46c12e798f4bca1443479f032bf54633cd60d4d286af9ec80f0e1bbd2c35295c,973499,Lee2019_MI,Q15-E007,MU_BETA_SHARED,20260924,0.9973520040512085,0.002647969638928771,1
s03_2_offline_train_t072,3,2,offline_train,2,session2/s3/sess02_subj03_EEG_MI.mat,46c12e798f4bca1443479f032bf54633cd60d4d286af9ec80f0e1bbd2c35295c,984282,Lee2019_MI,Q15-E007,MU_BETA_SHARED,20260924,0.037874508649110794,0.9621255397796631,2
s03_2_offline_train_t073,3,2,offline_train,2,session2/s3/sess02_subj03_EEG_MI.mat,46c12e798f4bca1443479f032bf54633cd60d4d286af9ec80f0e1bbd2c35295c,995615,Lee2019_MI,Q15-E007,MU_BETA_SHARED,20260924,0.12116826325654984,0.8788317441940308,2
s03_2_offline_train_t074,3,2,offline_train,2,session2/s3/sess02_subj03_EEG_MI.mat,46c12e798f4bca1443479f032bf54633cd60d4d286af9ec80f0e1bbd2c35295c,1006382,Lee2019_MI,Q15-E007,MU_BETA_SHARED,20260924,0.16412068903446198,0.8358793258666992,2
s03_2_offline_train_t075,3,2,offline_train,1,session2/s3/sess02_subj03_EEG_MI.mat,46c12e798f4bca1443479f032bf54633cd60d4d286af9ec80f0e1bbd2c35295c,1017898,Lee2019_MI,Q15-E007,MU_BETA_SHARED,20260924,0.9997819066047668,0.00021816010121256113,1
s03_2_offline_train_t076,3,2,offline_train,2,session2/s3/sess02_subj03_EEG_MI.mat,46c12e798f4bca1443479f032bf54633cd60d4d286af9ec80f0e1bbd2c35295c,1028765,Lee2019_MI,Q15-E007,MU_BETA_SHARED,20260924,0.0006112613482400775,0.9993886947631836,2
s03_2_offline_train_t077,3,2,offline_train,1,session2/s3/sess02_subj03_EEG_MI.mat,46c12e798f4bca1443479f032bf54633cd60d4d286af9ec80f0e1bbd2c35295c,1039548,Lee2019_MI,Q15-E007,MU_BETA_SHARED,20260924,0.9830731153488159,0.016926947981119156,1
s03_2_offline_train_t078,3,2,offline_train,1,session2/s3/sess02_subj03_EEG_MI.mat,46c12e798f4bca1443479f032bf54633cd60d4d286af9ec80f0e1bbd2c35295c,1050315,Lee2019_MI,Q15-E007,MU_BETA_SHARED,20260924,0.9971666932106018,0.0028332581277936697,1
s03_2_offline_train_t079,3,2,offline_train,2,session2/s3/sess02_subj03_EEG_MI.mat,46c12e798f4bca1443479f032bf54633cd60d4d286af9ec80f0e1bbd2c35295c,1061464,Lee2019_MI,Q15-E007,MU_BETA_SHARED,20260924,0.8447778820991516,0.1552221179008484,1
s03_2_offline_train_t080,3,2,offline_train,2,session2/s3/sess02_subj03_EEG_MI.mat,46c12e798f4bca1443479f032bf54633cd60d4d286af9ec80f0e1bbd2c35295c,1072514,Lee2019_MI,Q15-E007,MU_BETA_SHARED,20260924,0.03873417153954506,0.9612658023834229,2
s03_2_offline_train_t081,3,2,offline_train,2,session2/s3/sess02_subj03_EEG_MI.mat,46c12e798f4bca1443479f032bf54633cd60d4d286af9ec80f0e1bbd2c35295c,1083381,Lee2019_MI,Q15-E007,MU_BETA_SHARED,20260924,0.04450536146759987,0.9554945826530457,2
s03_2_offline_train_t082,3,2,offline_train,1,session2/s3/sess02_subj03_EEG_MI.mat,46c12e798f4bca1443479f032bf54633cd60d4d286af9ec80f0e1bbd2c35295c,1094797,Lee2019_MI,Q15-E007,MU_BETA_SHARED,20260924,0.9993017911911011,0.0006982470513321459,1
s03_2_offline_train_t083,3,2,offline_train,2,session2/s3/sess02_subj03_EEG_MI.mat,46c12e798f4bca1443479f032bf54633cd60d4d286af9ec80f0e1bbd2c35295c,1105947,Lee2019_MI,Q15-E007,MU_BETA_SHARED,20260924,0.573908805847168,0.42609116435050964,1
s03_2_offline_train_t084,3,2,offline_train,2,session2/s3/sess02_subj03_EEG_MI.mat,46c12e798f4bca1443479f032bf54633cd60d4d286af9ec80f0e1bbd2c35295c,1116997,Lee2019_MI,Q15-E007,MU_BETA_SHARED,20260924,0.024538299068808556,0.9754617214202881,2
s03_2_offline_train_t085,3,2,offline_train,1,session2/s3/sess02_subj03_EEG_MI.mat,46c12e798f4bca1443479f032bf54633cd60d4d286af9ec80f0e1bbd2c35295c,1128430,Lee2019_MI,Q15-E007,MU_BETA_SHARED,20260924,0.8252993226051331,0.17470070719718933,1
s03_2_offline_train_t086,3,2,offline_train,2,session2/s3/sess02_subj03_EEG_MI.mat,46c12e798f4bca1443479f032bf54633cd60d4d286af9ec80f0e1bbd2c35295c,1139296,Lee2019_MI,Q15-E007,MU_BETA_SHARED,20260924,0.0005721172783523798,0.999427855014801,2
s03_2_offline_train_t087,3,2,offline_train,1,session2/s3/sess02_subj03_EEG_MI.mat,46c12e798f4bca1443479f032bf54633cd60d4d286af9ec80f0e1bbd2c35295c,1150630,Lee2019_MI,Q15-E007,MU_BETA_SHARED,20260924,0.6997644305229187,0.3002356290817261,1
s03_2_offline_train_t088,3,2,offline_train,2,session2/s3/sess02_subj03_EEG_MI.mat,46c12e798f4bca1443479f032bf54633cd60d4d286af9ec80f0e1bbd2c35295c,1161946,Lee2019_MI,Q15-E007,MU_BETA_SHARED,20260924,0.2342527061700821,0.7657473087310791,2
s03_2_offline_train_t089,3,2,offline_train,2,session2/s3/sess02_subj03_EEG_MI.mat,46c12e798f4bca1443479f032bf54633cd60d4d286af9ec80f0e1bbd2c35295c,1172912,Lee2019_MI,Q15-E007,MU_BETA_SHARED,20260924,0.40297481417655945,0.5970252156257629,2
s03_2_offline_train_t090,3,2,offline_train,2,session2/s3/sess02_subj03_EEG_MI.mat,46c12e798f4bca1443479f032bf54633cd60d4d286af9ec80f0e1bbd2c35295c,1184062,Lee2019_MI,Q15-E007,MU_BETA_SHARED,20260924,0.013693444430828094,0.9863065481185913,2
s03_2_offline_train_t091,3,2,offline_train,2,session2/s3/sess02_subj03_EEG_MI.mat,46c12e798f4bca1443479f032bf54633cd60d4d286af9ec80f0e1bbd2c35295c,1194645,Lee2019_MI,Q15-E007,MU_BETA_SHARED,20260924,0.7296869158744812,0.2703131139278412,1
s03_2_offline_train_t092,3,2,offline_train,2,session2/s3/sess02_subj03_EEG_MI.mat,46c12e798f4bca1443479f032bf54633cd60d4d286af9ec80f0e1bbd2c35295c,1205228,Lee2019_MI,Q15-E007,MU_BETA_SHARED,20260924,0.8762034773826599,0.12379654496908188,1
s03_2_offline_train_t093,3,2,offline_train,1,session2/s3/sess02_subj03_EEG_MI.mat,46c12e798f4bca1443479f032bf54633cd60d4d286af9ec80f0e1bbd2c35295c,1216295,Lee2019_MI,Q15-E007,MU_BETA_SHARED,20260924,0.9982001781463623,0.0017997879767790437,1
s03_2_offline_train_t094,3,2,offline_train,2,session2/s3/sess02_subj03_EEG_MI.mat,46c12e798f4bca1443479f032bf54633cd60d4d286af9ec80f0e1bbd2c35295c,1227611,Lee2019_MI,Q15-E007,MU_BETA_SHARED,20260924,0.47989362478256226,0.520106315612793,2
s03_2_offline_train_t095,3,2,offline_train,1,session2/s3/sess02_subj03_EEG_MI.mat,46c12e798f4bca1443479f032bf54633cd60d4d286af9ec80f0e1bbd2c35295c,1239128,Lee2019_MI,Q15-E007,MU_BETA_SHARED,20260924,0.5681366324424744,0.43186336755752563,1
s03_2_offline_train_t096,3,2,offline_train,1,session2/s3/sess02_subj03_EEG_MI.mat,46c12e798f4bca1443479f032bf54633cd60d4d286af9ec80f0e1bbd2c35295c,1249811,Lee2019_MI,Q15-E007,MU_BETA_SHARED,20260924,0.9689571261405945,0.03104284219443798,1
s03_2_offline_train_t097,3,2,offline_train,2,session2/s3/sess02_subj03_EEG_MI.mat,46c12e798f4bca1443479f032bf54633cd60d4d286af9ec80f0e1bbd2c35295c,1260961,Lee2019_MI,Q15-E007,MU_BETA_SHARED,20260924,0.05231902375817299,0.9476810097694397,2
s03_2_offline_train_t098,3,2,offline_train,1,session2/s3/sess02_subj03_EEG_MI.mat,46c12e798f4bca1443479f032bf54633cd60d4d286af9ec80f0e1bbd2c35295c,1272011,Lee2019_MI,Q15-E007,MU_BETA_SHARED,20260924,0.997443437576294,0.0025565701071172953,1
s03_2_offline_train_t099,3,2,offline_train,2,session2/s3/sess02_subj03_EEG_MI.mat,46c12e798f4bca1443479f032bf54633cd60d4d286af9ec80f0e1bbd2c35295c,1282611,Lee2019_MI,Q15-E007,MU_BETA_SHARED,20260924,0.004118015523999929,0.9958820343017578,2
s03_2_offline_train_t100,3,2,offline_train,2,session2/s3/sess02_subj03_EEG_MI.mat,46c12e798f4bca1443479f032bf54633cd60d4d286af9ec80f0e1bbd2c35295c,1293477,Lee2019_MI,Q15-E007,MU_BETA_SHARED,20260924,0.013001973740756512,0.9869980812072754,2
s03_1_offline_train_t001,3,1,offline_train,1,session1/s3/sess01_subj03_EEG_MI.mat,ed9be7033fc8620647c545b0b09b5619a2074fa3ce9e1171570df847a74c7bea,150451,Lee2019_MI,Q15-E007,MU_BETA_SHARED,20260925,0.6101012825965881,0.38989871740341187,1
s03_1_offline_train_t002,3,1,offline_train,2,session1/s3/sess01_subj03_EEG_MI.mat,ed9be7033fc8620647c545b0b09b5619a2074fa3ce9e1171570df847a74c7bea,161902,Lee2019_MI,Q15-E007,MU_BETA_SHARED,20260925,0.5429115891456604,0.4570884108543396,1
s03_1_offline_train_t003,3,1,offline_train,1,session1/s3/sess01_subj03_EEG_MI.mat,ed9be7033fc8620647c545b0b09b5619a2074fa3ce9e1171570df847a74c7bea,172585,Lee2019_MI,Q15-E007,MU_BETA_SHARED,20260925,0.9832785725593567,0.016721464693546295,1
s03_1_offline_train_t004,3,1,offline_train,1,session1/s3/sess01_subj03_EEG_MI.mat,ed9be7033fc8620647c545b0b09b5619a2074fa3ce9e1171570df847a74c7bea,184102,Lee2019_MI,Q15-E007,MU_BETA_SHARED,20260925,0.2409694492816925,0.7590305209159851,2
s03_1_offline_train_t005,3,1,offline_train,2,session1/s3/sess01_subj03_EEG_MI.mat,ed9be7033fc8620647c545b0b09b5619a2074fa3ce9e1171570df847a74c7bea,195251,Lee2019_MI,Q15-E007,MU_BETA_SHARED,20260925,0.035202883183956146,0.9647971391677856,2
s03_1_offline_train_t006,3,1,offline_train,2,session1/s3/sess01_subj03_EEG_MI.mat,ed9be7033fc8620647c545b0b09b5619a2074fa3ce9e1171570df847a74c7bea,205935,Lee2019_MI,Q15-E007,MU_BETA_SHARED,20260925,0.10155271738767624,0.8984472751617432,2
s03_1_offline_train_t007,3,1,offline_train,1,session1/s3/sess01_subj03_EEG_MI.mat,ed9be7033fc8620647c545b0b09b5619a2074fa3ce9e1171570df847a74c7bea,216800,Lee2019_MI,Q15-E007,MU_BETA_SHARED,20260925,0.3759157359600067,0.6240842342376709,2
s03_1_offline_train_t008,3,1,offline_train,2,session1/s3/sess01_subj03_EEG_MI.mat,ed9be7033fc8620647c545b0b09b5619a2074fa3ce9e1171570df847a74c7bea,227934,Lee2019_MI,Q15-E007,MU_BETA_SHARED,20260925,0.3003292977809906,0.699670672416687,2
s03_1_offline_train_t009,3,1,offline_train,1,session1/s3/sess01_subj03_EEG_MI.mat,ed9be7033fc8620647c545b0b09b5619a2074fa3ce9e1171570df847a74c7bea,239450,Lee2019_MI,Q15-E007,MU_BETA_SHARED,20260925,0.38431316614151,0.61568683385849,2
s03_1_offline_train_t010,3,1,offline_train,1,session1/s3/sess01_subj03_EEG_MI.mat,ed9be7033fc8620647c545b0b09b5619a2074fa3ce9e1171570df847a74c7bea,250967,Lee2019_MI,Q15-E007,MU_BETA_SHARED,20260925,0.6369645595550537,0.3630354702472687,1
s03_1_offline_train_t011,3,1,offline_train,2,session1/s3/sess01_subj03_EEG_MI.mat,ed9be7033fc8620647c545b0b09b5619a2074fa3ce9e1171570df847a74c7bea,261650,Lee2019_MI,Q15-E007,MU_BETA_SHARED,20260925,0.11737824976444244,0.882621705532074,2
s03_1_offline_train_t012,3,1,offline_train,2,session1/s3/sess01_subj03_EEG_MI.mat,ed9be7033fc8620647c545b0b09b5619a2074fa3ce9e1171570df847a74c7bea,273167,Lee2019_MI,Q15-E007,MU_BETA_SHARED,20260925,0.07199137657880783,0.9280086755752563,2
s03_1_offline_train_t013,3,1,offline_train,1,session1/s3/sess01_subj03_EEG_MI.mat,ed9be7033fc8620647c545b0b09b5619a2074fa3ce9e1171570df847a74c7bea,284683,Lee2019_MI,Q15-E007,MU_BETA_SHARED,20260925,0.7300840616226196,0.26991593837738037,1
s03_1_offline_train_t014,3,1,offline_train,1,session1/s3/sess01_subj03_EEG_MI.mat,ed9be7033fc8620647c545b0b09b5619a2074fa3ce9e1171570df847a74c7bea,295732,Lee2019_MI,Q15-E007,MU_BETA_SHARED,20260925,0.5087910890579224,0.49120888113975525,1
s03_1_offline_train_t015,3,1,offline_train,2,session1/s3/sess01_subj03_EEG_MI.mat,ed9be7033fc8620647c545b0b09b5619a2074fa3ce9e1171570df847a74c7bea,307066,Lee2019_MI,Q15-E007,MU_BETA_SHARED,20260925,0.6700785756111145,0.3299213647842407,1
s03_1_offline_train_t016,3,1,offline_train,1,session1/s3/sess01_subj03_EEG_MI.mat,ed9be7033fc8620647c545b0b09b5619a2074fa3ce9e1171570df847a74c7bea,317749,Lee2019_MI,Q15-E007,MU_BETA_SHARED,20260925,0.8886794447898865,0.11132057756185532,1
s03_1_offline_train_t017,3,1,offline_train,1,session1/s3/sess01_subj03_EEG_MI.mat,ed9be7033fc8620647c545b0b09b5619a2074fa3ce9e1171570df847a74c7bea,328714,Lee2019_MI,Q15-E007,MU_BETA_SHARED,20260925,0.6788113713264465,0.32118862867355347,1
s03_1_offline_train_t018,3,1,offline_train,1,session1/s3/sess01_subj03_EEG_MI.mat,ed9be7033fc8620647c545b0b09b5619a2074fa3ce9e1171570df847a74c7bea,340231,Lee2019_MI,Q15-E007,MU_BETA_SHARED,20260925,0.8178451061248779,0.18215486407279968,1
s03_1_offline_train_t019,3,1,offline_train,1,session1/s3/sess01_subj03_EEG_MI.mat,ed9be7033fc8620647c545b0b09b5619a2074fa3ce9e1171570df847a74c7bea,351565,Lee2019_MI,Q15-E007,MU_BETA_SHARED,20260925,0.5244350433349609,0.4755649268627167,1
s03_1_offline_train_t020,3,1,offline_train,2,session1/s3/sess01_subj03_EEG_MI.mat,ed9be7033fc8620647c545b0b09b5619a2074fa3ce9e1171570df847a74c7bea,363082,Lee2019_MI,Q15-E007,MU_BETA_SHARED,20260925,0.29685744643211365,0.703142523765564,2
s03_1_offline_train_t021,3,1,offline_train,2,session1/s3/sess01_subj03_EEG_MI.mat,ed9be7033fc8620647c545b0b09b5619a2074fa3ce9e1171570df847a74c7bea,374315,Lee2019_MI,Q15-E007,MU_BETA_SHARED,20260925,0.11655223369598389,0.8834477663040161,2
s03_1_offline_train_t022,3,1,offline_train,1,session1/s3/sess01_subj03_EEG_MI.mat,ed9be7033fc8620647c545b0b09b5619a2074fa3ce9e1171570df847a74c7bea,384898,Lee2019_MI,Q15-E007,MU_BETA_SHARED,20260925,0.9971176385879517,0.0028823181055486202,1
s03_1_offline_train_t023,3,1,offline_train,2,session1/s3/sess01_subj03_EEG_MI.mat,ed9be7033fc8620647c545b0b09b5619a2074fa3ce9e1171570df847a74c7bea,396331,Lee2019_MI,Q15-E007,MU_BETA_SHARED,20260925,0.14579357206821442,0.8542064428329468,2
s03_1_offline_train_t024,3,1,offline_train,2,session1/s3/sess01_subj03_EEG_MI.mat,ed9be7033fc8620647c545b0b09b5619a2074fa3ce9e1171570df847a74c7bea,407847,Lee2019_MI,Q15-E007,MU_BETA_SHARED,20260925,0.5575568675994873,0.4424431025981903,1
s03_1_offline_train_t025,3,1,offline_train,2,session1/s3/sess01_subj03_EEG_MI.mat,ed9be7033fc8620647c545b0b09b5619a2074fa3ce9e1171570df847a74c7bea,419080,Lee2019_MI,Q15-E007,MU_BETA_SHARED,20260925,0.059521228075027466,0.9404788017272949,2
s03_1_offline_train_t026,3,1,offline_train,1,session1/s3/sess01_subj03_EEG_MI.mat,ed9be7033fc8620647c545b0b09b5619a2074fa3ce9e1171570df847a74c7bea,430413,Lee2019_MI,Q15-E007,MU_BETA_SHARED,20260925,0.7491725087165833,0.25082752108573914,1
s03_1_offline_train_t027,3,1,offline_train,2,session1/s3/sess01_subj03_EEG_MI.mat,ed9be7033fc8620647c545b0b09b5619a2074fa3ce9e1171570df847a74c7bea,441747,Lee2019_MI,Q15-E007,MU_BETA_SHARED,20260925,0.43790876865386963,0.5620912313461304,2
s03_1_offline_train_t028,3,1,offline_train,1,session1/s3/sess01_subj03_EEG_MI.mat,ed9be7033fc8620647c545b0b09b5619a2074fa3ce9e1171570df847a74c7bea,452696,Lee2019_MI,Q15-E007,MU_BETA_SHARED,20260925,0.7360178828239441,0.2639820873737335,1
s03_1_offline_train_t029,3,1,offline_train,1,session1/s3/sess01_subj03_EEG_MI.mat,ed9be7033fc8620647c545b0b09b5619a2074fa3ce9e1171570df847a74c7bea,463946,Lee2019_MI,Q15-E007,MU_BETA_SHARED,20260925,0.9863089323043823,0.013691076077520847,1
s03_1_offline_train_t030,3,1,offline_train,2,session1/s3/sess01_subj03_EEG_MI.mat,ed9be7033fc8620647c545b0b09b5619a2074fa3ce9e1171570df847a74c7bea,474713,Lee2019_MI,Q15-E007,MU_BETA_SHARED,20260925,0.22474704682826996,0.7752529382705688,2
s03_1_offline_train_t031,3,1,offline_train,1,session1/s3/sess01_subj03_EEG_MI.mat,ed9be7033fc8620647c545b0b09b5619a2074fa3ce9e1171570df847a74c7bea,485946,Lee2019_MI,Q15-E007,MU_BETA_SHARED,20260925,0.8297160267829895,0.17028404772281647,1
s03_1_offline_train_t032,3,1,offline_train,2,session1/s3/sess01_subj03_EEG_MI.mat,ed9be7033fc8620647c545b0b09b5619a2074fa3ce9e1171570df847a74c7bea,496546,Lee2019_MI,Q15-E007,MU_BETA_SHARED,20260925,0.4892663061618805,0.5107337236404419,2
s03_1_offline_train_t033,3,1,offline_train,1,session1/s3/sess01_subj03_EEG_MI.mat,ed9be7033fc8620647c545b0b09b5619a2074fa3ce9e1171570df847a74c7bea,507412,Lee2019_MI,Q15-E007,MU_BETA_SHARED,20260925,0.8389490842819214,0.1610509157180786,1
s03_1_offline_train_t034,3,1,offline_train,2,session1/s3/sess01_subj03_EEG_MI.mat,ed9be7033fc8620647c545b0b09b5619a2074fa3ce9e1171570df847a74c7bea,517995,Lee2019_MI,Q15-E007,MU_BETA_SHARED,20260925,0.04101506993174553,0.9589849710464478,2
s03_1_offline_train_t035,3,1,offline_train,2,session1/s3/sess01_subj03_EEG_MI.mat,ed9be7033fc8620647c545b0b09b5619a2074fa3ce9e1171570df847a74c7bea,528678,Lee2019_MI,Q15-E007,MU_BETA_SHARED,20260925,0.10356307774782181,0.896436870098114,2
s03_1_offline_train_t036,3,1,offline_train,1,session1/s3/sess01_subj03_EEG_MI.mat,ed9be7033fc8620647c545b0b09b5619a2074fa3ce9e1171570df847a74c7bea,540011,Lee2019_MI,Q15-E007,MU_BETA_SHARED,20260925,0.5814696550369263,0.41853031516075134,1
s03_1_offline_train_t037,3,1,offline_train,1,session1/s3/sess01_subj03_EEG_MI.mat,ed9be7033fc8620647c545b0b09b5619a2074fa3ce9e1171570df847a74c7bea,551245,Lee2019_MI,Q15-E007,MU_BETA_SHARED,20260925,0.886885404586792,0.11311463266611099,1
s03_1_offline_train_t038,3,1,offline_train,2,session1/s3/sess01_subj03_EEG_MI.mat,ed9be7033fc8620647c545b0b09b5619a2074fa3ce9e1171570df847a74c7bea,562111,Lee2019_MI,Q15-E007,MU_BETA_SHARED,20260925,0.4352709650993347,0.5647290349006653,2
s03_1_offline_train_t039,3,1,offline_train,1,session1/s3/sess01_subj03_EEG_MI.mat,ed9be7033fc8620647c545b0b09b5619a2074fa3ce9e1171570df847a74c7bea,573627,Lee2019_MI,Q15-E007,MU_BETA_SHARED,20260925,0.9762780070304871,0.023722028359770775,1
s03_1_offline_train_t040,3,1,offline_train,1,session1/s3/sess01_subj03_EEG_MI.mat,ed9be7033fc8620647c545b0b09b5619a2074fa3ce9e1171570df847a74c7bea,584211,Lee2019_MI,Q15-E007,MU_BETA_SHARED,20260925,0.8634787797927856,0.13652127981185913,1
s03_1_offline_train_t041,3,1,offline_train,1,session1/s3/sess01_subj03_EEG_MI.mat,ed9be7033fc8620647c545b0b09b5619a2074fa3ce9e1171570df847a74c7bea,595177,Lee2019_MI,Q15-E007,MU_BETA_SHARED,20260925,0.8036207556724548,0.19637927412986755,1
s03_1_offline_train_t042,3,1,offline_train,1,session1/s3/sess01_subj03_EEG_MI.mat,ed9be7033fc8620647c545b0b09b5619a2074fa3ce9e1171570df847a74c7bea,606144,Lee2019_MI,Q15-E007,MU_BETA_SHARED,20260925,0.9730756878852844,0.026924332603812218,1
s03_1_offline_train_t043,3,1,offline_train,2,session1/s3/sess01_subj03_EEG_MI.mat,ed9be7033fc8620647c545b0b09b5619a2074fa3ce9e1171570df847a74c7bea,617477,Lee2019_MI,Q15-E007,MU_BETA_SHARED,20260925,0.20085299015045166,0.7991470098495483,2
s03_1_offline_train_t044,3,1,offline_train,1,session1/s3/sess01_subj03_EEG_MI.mat,ed9be7033fc8620647c545b0b09b5619a2074fa3ce9e1171570df847a74c7bea,628792,Lee2019_MI,Q15-E007,MU_BETA_SHARED,20260925,0.9993014335632324,0.0006985572399571538,1
s03_1_offline_train_t045,3,1,offline_train,2,session1/s3/sess01_subj03_EEG_MI.mat,ed9be7033fc8620647c545b0b09b5619a2074fa3ce9e1171570df847a74c7bea,639576,Lee2019_MI,Q15-E007,MU_BETA_SHARED,20260925,0.4371366798877716,0.562863290309906,2
s03_1_offline_train_t046,3,1,offline_train,1,session1/s3/sess01_subj03_EEG_MI.mat,ed9be7033fc8620647c545b0b09b5619a2074fa3ce9e1171570df847a74c7bea,650626,Lee2019_MI,Q15-E007,MU_BETA_SHARED,20260925,0.9847095608711243,0.015290363691747189,1
s03_1_offline_train_t047,3,1,offline_train,1,session1/s3/sess01_subj03_EEG_MI.mat,ed9be7033fc8620647c545b0b09b5619a2074fa3ce9e1171570df847a74c7bea,661592,Lee2019_MI,Q15-E007,MU_BETA_SHARED,20260925,0.8597791194915771,0.14022089540958405,1
s03_1_offline_train_t048,3,1,offline_train,1,session1/s3/sess01_subj03_EEG_MI.mat,ed9be7033fc8620647c545b0b09b5619a2074fa3ce9e1171570df847a74c7bea,672824,Lee2019_MI,Q15-E007,MU_BETA_SHARED,20260925,0.8184598088264465,0.18154020607471466,1
s03_1_offline_train_t049,3,1,offline_train,2,session1/s3/sess01_subj03_EEG_MI.mat,ed9be7033fc8620647c545b0b09b5619a2074fa3ce9e1171570df847a74c7bea,684058,Lee2019_MI,Q15-E007,MU_BETA_SHARED,20260925,0.017362920567393303,0.9826371073722839,2
s03_1_offline_train_t050,3,1,offline_train,1,session1/s3/sess01_subj03_EEG_MI.mat,ed9be7033fc8620647c545b0b09b5619a2074fa3ce9e1171570df847a74c7bea,710075,Lee2019_MI,Q15-E007,MU_BETA_SHARED,20260925,0.8641521334648132,0.13584788143634796,1
s03_1_offline_train_t051,3,1,offline_train,1,session1/s3/sess01_subj03_EEG_MI.mat,ed9be7033fc8620647c545b0b09b5619a2074fa3ce9e1171570df847a74c7bea,720941,Lee2019_MI,Q15-E007,MU_BETA_SHARED,20260925,0.8329361081123352,0.167063906788826,1
s03_1_offline_train_t052,3,1,offline_train,1,session1/s3/sess01_subj03_EEG_MI.mat,ed9be7033fc8620647c545b0b09b5619a2074fa3ce9e1171570df847a74c7bea,732174,Lee2019_MI,Q15-E007,MU_BETA_SHARED,20260925,0.16353276371955872,0.8364672660827637,2
s03_1_offline_train_t053,3,1,offline_train,1,session1/s3/sess01_subj03_EEG_MI.mat,ed9be7033fc8620647c545b0b09b5619a2074fa3ce9e1171570df847a74c7bea,743408,Lee2019_MI,Q15-E007,MU_BETA_SHARED,20260925,0.8813190460205078,0.11868099123239517,1
s03_1_offline_train_t054,3,1,offline_train,2,session1/s3/sess01_subj03_EEG_MI.mat,ed9be7033fc8620647c545b0b09b5619a2074fa3ce9e1171570df847a74c7bea,754090,Lee2019_MI,Q15-E007,MU_BETA_SHARED,20260925,0.4582297205924988,0.541770339012146,2
s03_1_offline_train_t055,3,1,offline_train,1,session1/s3/sess01_subj03_EEG_MI.mat,ed9be7033fc8620647c545b0b09b5619a2074fa3ce9e1171570df847a74c7bea,764774,Lee2019_MI,Q15-E007,MU_BETA_SHARED,20260925,0.9311618208885193,0.06883813440799713,1
s03_1_offline_train_t056,3,1,offline_train,1,session1/s3/sess01_subj03_EEG_MI.mat,ed9be7033fc8620647c545b0b09b5619a2074fa3ce9e1171570df847a74c7bea,775824,Lee2019_MI,Q15-E007,MU_BETA_SHARED,20260925,0.9601283669471741,0.039871640503406525,1
s03_1_offline_train_t057,3,1,offline_train,2,session1/s3/sess01_subj03_EEG_MI.mat,ed9be7033fc8620647c545b0b09b5619a2074fa3ce9e1171570df847a74c7bea,787340,Lee2019_MI,Q15-E007,MU_BETA_SHARED,20260925,0.4990825951099396,0.5009174346923828,2
s03_1_offline_train_t058,3,1,offline_train,2,session1/s3/sess01_subj03_EEG_MI.mat,ed9be7033fc8620647c545b0b09b5619a2074fa3ce9e1171570df847a74c7bea,798206,Lee2019_MI,Q15-E007,MU_BETA_SHARED,20260925,0.20235545933246613,0.7976444959640503,2
s03_1_offline_train_t059,3,1,offline_train,1,session1/s3/sess01_subj03_EEG_MI.mat,ed9be7033fc8620647c545b0b09b5619a2074fa3ce9e1171570df847a74c7bea,809356,Lee2019_MI,Q15-E007,MU_BETA_SHARED,20260925,0.9974516034126282,0.002548328135162592,1
s03_1_offline_train_t060,3,1,offline_train,1,session1/s3/sess01_subj03_EEG_MI.mat,ed9be7033fc8620647c545b0b09b5619a2074fa3ce9e1171570df847a74c7bea,820122,Lee2019_MI,Q15-E007,MU_BETA_SHARED,20260925,0.9985173344612122,0.0014826934784650803,1
s03_1_offline_train_t061,3,1,offline_train,2,session1/s3/sess01_subj03_EEG_MI.mat,ed9be7033fc8620647c545b0b09b5619a2074fa3ce9e1171570df847a74c7bea,831456,Lee2019_MI,Q15-E007,MU_BETA_SHARED,20260925,0.6832640171051025,0.31673598289489746,1
s03_1_offline_train_t062,3,1,offline_train,2,session1/s3/sess01_subj03_EEG_MI.mat,ed9be7033fc8620647c545b0b09b5619a2074fa3ce9e1171570df847a74c7bea,842239,Lee2019_MI,Q15-E007,MU_BETA_SHARED,20260925,0.10563654452562332,0.8943634629249573,2
s03_1_offline_train_t063,3,1,offline_train,1,session1/s3/sess01_subj03_EEG_MI.mat,ed9be7033fc8620647c545b0b09b5619a2074fa3ce9e1171570df847a74c7bea,853289,Lee2019_MI,Q15-E007,MU_BETA_SHARED,20260925,0.9552753567695618,0.04472470283508301,1
s03_1_offline_train_t064,3,1,offline_train,2,session1/s3/sess01_subj03_EEG_MI.mat,ed9be7033fc8620647c545b0b09b5619a2074fa3ce9e1171570df847a74c7bea,864522,Lee2019_MI,Q15-E007,MU_BETA_SHARED,20260925,0.16088491678237915,0.8391150236129761,2
s03_1_offline_train_t065,3,1,offline_train,2,session1/s3/sess01_subj03_EEG_MI.mat,ed9be7033fc8620647c545b0b09b5619a2074fa3ce9e1171570df847a74c7bea,875955,Lee2019_MI,Q15-E007,MU_BETA_SHARED,20260925,0.01761000044643879,0.9823900461196899,2
s03_1_offline_train_t066,3,1,offline_train,2,session1/s3/sess01_subj03_EEG_MI.mat,ed9be7033fc8620647c545b0b09b5619a2074fa3ce9e1171570df847a74c7bea,887471,Lee2019_MI,Q15-E007,MU_BETA_SHARED,20260925,0.1546221524477005,0.8453778028488159,2
s03_1_offline_train_t067,3,1,offline_train,2,session1/s3/sess01_subj03_EEG_MI.mat,ed9be7033fc8620647c545b0b09b5619a2074fa3ce9e1171570df847a74c7bea,898604,Lee2019_MI,Q15-E007,MU_BETA_SHARED,20260925,0.9033218622207642,0.09667820483446121,1
s03_1_offline_train_t068,3,1,offline_train,1,session1/s3/sess01_subj03_EEG_MI.mat,ed9be7033fc8620647c545b0b09b5619a2074fa3ce9e1171570df847a74c7bea,909288,Lee2019_MI,Q15-E007,MU_BETA_SHARED,20260925,0.957111656665802,0.042888347059488297,1
s03_1_offline_train_t069,3,1,offline_train,1,session1/s3/sess01_subj03_EEG_MI.mat,ed9be7033fc8620647c545b0b09b5619a2074fa3ce9e1171570df847a74c7bea,919971,Lee2019_MI,Q15-E007,MU_BETA_SHARED,20260925,0.9705854654312134,0.029414579272270203,1
s03_1_offline_train_t070,3,1,offline_train,2,session1/s3/sess01_subj03_EEG_MI.mat,ed9be7033fc8620647c545b0b09b5619a2074fa3ce9e1171570df847a74c7bea,930752,Lee2019_MI,Q15-E007,MU_BETA_SHARED,20260925,0.13522686064243317,0.8647730946540833,2
s03_1_offline_train_t071,3,1,offline_train,1,session1/s3/sess01_subj03_EEG_MI.mat,ed9be7033fc8620647c545b0b09b5619a2074fa3ce9e1171570df847a74c7bea,942170,Lee2019_MI,Q15-E007,MU_BETA_SHARED,20260925,0.7823843359947205,0.21761569380760193,1
s03_1_offline_train_t072,3,1,offline_train,2,session1/s3/sess01_subj03_EEG_MI.mat,ed9be7033fc8620647c545b0b09b5619a2074fa3ce9e1171570df847a74c7bea,952937,Lee2019_MI,Q15-E007,MU_BETA_SHARED,20260925,0.8512009978294373,0.14879895746707916,1
s03_1_offline_train_t073,3,1,offline_train,2,session1/s3/sess01_subj03_EEG_MI.mat,ed9be7033fc8620647c545b0b09b5619a2074fa3ce9e1171570df847a74c7bea,964270,Lee2019_MI,Q15-E007,MU_BETA_SHARED,20260925,0.7620872259140015,0.2379128336906433,1
s03_1_offline_train_t074,3,1,offline_train,2,session1/s3/sess01_subj03_EEG_MI.mat,ed9be7033fc8620647c545b0b09b5619a2074fa3ce9e1171570df847a74c7bea,975053,Lee2019_MI,Q15-E007,MU_BETA_SHARED,20260925,0.5918009281158447,0.40819910168647766,1
s03_1_offline_train_t075,3,1,offline_train,1,session1/s3/sess01_subj03_EEG_MI.mat,ed9be7033fc8620647c545b0b09b5619a2074fa3ce9e1171570df847a74c7bea,986568,Lee2019_MI,Q15-E007,MU_BETA_SHARED,20260925,0.7519689202308655,0.24803106486797333,1
s03_1_offline_train_t076,3,1,offline_train,2,session1/s3/sess01_subj03_EEG_MI.mat,ed9be7033fc8620647c545b0b09b5619a2074fa3ce9e1171570df847a74c7bea,997436,Lee2019_MI,Q15-E007,MU_BETA_SHARED,20260925,0.05395013093948364,0.9460498690605164,2
s03_1_offline_train_t077,3,1,offline_train,1,session1/s3/sess01_subj03_EEG_MI.mat,ed9be7033fc8620647c545b0b09b5619a2074fa3ce9e1171570df847a74c7bea,1008202,Lee2019_MI,Q15-E007,MU_BETA_SHARED,20260925,0.8822906613349915,0.11770930886268616,1
s03_1_offline_train_t078,3,1,offline_train,1,session1/s3/sess01_subj03_EEG_MI.mat,ed9be7033fc8620647c545b0b09b5619a2074fa3ce9e1171570df847a74c7bea,1018986,Lee2019_MI,Q15-E007,MU_BETA_SHARED,20260925,0.705717146396637,0.29428282380104065,1
s03_1_offline_train_t079,3,1,offline_train,2,session1/s3/sess01_subj03_EEG_MI.mat,ed9be7033fc8620647c545b0b09b5619a2074fa3ce9e1171570df847a74c7bea,1030118,Lee2019_MI,Q15-E007,MU_BETA_SHARED,20260925,0.009648444131016731,0.9903514981269836,2
s03_1_offline_train_t080,3,1,offline_train,2,session1/s3/sess01_subj03_EEG_MI.mat,ed9be7033fc8620647c545b0b09b5619a2074fa3ce9e1171570df847a74c7bea,1041185,Lee2019_MI,Q15-E007,MU_BETA_SHARED,20260925,0.020668061450123787,0.9793319702148438,2
s03_1_offline_train_t081,3,1,offline_train,2,session1/s3/sess01_subj03_EEG_MI.mat,ed9be7033fc8620647c545b0b09b5619a2074fa3ce9e1171570df847a74c7bea,1052051,Lee2019_MI,Q15-E007,MU_BETA_SHARED,20260925,0.0029086661525070667,0.9970912933349609,2
s03_1_offline_train_t082,3,1,offline_train,1,session1/s3/sess01_subj03_EEG_MI.mat,ed9be7033fc8620647c545b0b09b5619a2074fa3ce9e1171570df847a74c7bea,1063468,Lee2019_MI,Q15-E007,MU_BETA_SHARED,20260925,0.9333117604255676,0.06668821722269058,1
s03_1_offline_train_t083,3,1,offline_train,2,session1/s3/sess01_subj03_EEG_MI.mat,ed9be7033fc8620647c545b0b09b5619a2074fa3ce9e1171570df847a74c7bea,1074618,Lee2019_MI,Q15-E007,MU_BETA_SHARED,20260925,0.7266862988471985,0.2733137011528015,1
s03_1_offline_train_t084,3,1,offline_train,2,session1/s3/sess01_subj03_EEG_MI.mat,ed9be7033fc8620647c545b0b09b5619a2074fa3ce9e1171570df847a74c7bea,1085751,Lee2019_MI,Q15-E007,MU_BETA_SHARED,20260925,0.8260811567306519,0.17391879856586456,1
s03_1_offline_train_t085,3,1,offline_train,1,session1/s3/sess01_subj03_EEG_MI.mat,ed9be7033fc8620647c545b0b09b5619a2074fa3ce9e1171570df847a74c7bea,1097184,Lee2019_MI,Q15-E007,MU_BETA_SHARED,20260925,0.9775075316429138,0.022492457181215286,1
s03_1_offline_train_t086,3,1,offline_train,2,session1/s3/sess01_subj03_EEG_MI.mat,ed9be7033fc8620647c545b0b09b5619a2074fa3ce9e1171570df847a74c7bea,1108050,Lee2019_MI,Q15-E007,MU_BETA_SHARED,20260925,0.705201268196106,0.29479876160621643,1
s03_1_offline_train_t087,3,1,offline_train,1,session1/s3/sess01_subj03_EEG_MI.mat,ed9be7033fc8620647c545b0b09b5619a2074fa3ce9e1171570df847a74c7bea,1119383,Lee2019_MI,Q15-E007,MU_BETA_SHARED,20260925,0.664563775062561,0.3354361653327942,1
s03_1_offline_train_t088,3,1,offline_train,2,session1/s3/sess01_subj03_EEG_MI.mat,ed9be7033fc8620647c545b0b09b5619a2074fa3ce9e1171570df847a74c7bea,1130717,Lee2019_MI,Q15-E007,MU_BETA_SHARED,20260925,0.9916356801986694,0.008364304900169373,1
s03_1_offline_train_t089,3,1,offline_train,2,session1/s3/sess01_subj03_EEG_MI.mat,ed9be7033fc8620647c545b0b09b5619a2074fa3ce9e1171570df847a74c7bea,1141666,Lee2019_MI,Q15-E007,MU_BETA_SHARED,20260925,0.6492051482200623,0.3507949113845825,1
s03_1_offline_train_t090,3,1,offline_train,2,session1/s3/sess01_subj03_EEG_MI.mat,ed9be7033fc8620647c545b0b09b5619a2074fa3ce9e1171570df847a74c7bea,1152816,Lee2019_MI,Q15-E007,MU_BETA_SHARED,20260925,0.2932926118373871,0.7067073583602905,2
s03_1_offline_train_t091,3,1,offline_train,2,session1/s3/sess01_subj03_EEG_MI.mat,ed9be7033fc8620647c545b0b09b5619a2074fa3ce9e1171570df847a74c7bea,1163399,Lee2019_MI,Q15-E007,MU_BETA_SHARED,20260925,0.7472889423370361,0.25271105766296387,1
s03_1_offline_train_t092,3,1,offline_train,2,session1/s3/sess01_subj03_EEG_MI.mat,ed9be7033fc8620647c545b0b09b5619a2074fa3ce9e1171570df847a74c7bea,1173999,Lee2019_MI,Q15-E007,MU_BETA_SHARED,20260925,0.9548935294151306,0.045106492936611176,1
s03_1_offline_train_t093,3,1,offline_train,1,session1/s3/sess01_subj03_EEG_MI.mat,ed9be7033fc8620647c545b0b09b5619a2074fa3ce9e1171570df847a74c7bea,1185049,Lee2019_MI,Q15-E007,MU_BETA_SHARED,20260925,0.893435001373291,0.10656500607728958,1
s03_1_offline_train_t094,3,1,offline_train,2,session1/s3/sess01_subj03_EEG_MI.mat,ed9be7033fc8620647c545b0b09b5619a2074fa3ce9e1171570df847a74c7bea,1196382,Lee2019_MI,Q15-E007,MU_BETA_SHARED,20260925,0.9199567437171936,0.0800432488322258,1
s03_1_offline_train_t095,3,1,offline_train,1,session1/s3/sess01_subj03_EEG_MI.mat,ed9be7033fc8620647c545b0b09b5619a2074fa3ce9e1171570df847a74c7bea,1207898,Lee2019_MI,Q15-E007,MU_BETA_SHARED,20260925,0.9709720611572266,0.029027998447418213,1
s03_1_offline_train_t096,3,1,offline_train,1,session1/s3/sess01_subj03_EEG_MI.mat,ed9be7033fc8620647c545b0b09b5619a2074fa3ce9e1171570df847a74c7bea,1218582,Lee2019_MI,Q15-E007,MU_BETA_SHARED,20260925,0.9992326498031616,0.0007673147483728826,1
s03_1_offline_train_t097,3,1,offline_train,2,session1/s3/sess01_subj03_EEG_MI.mat,ed9be7033fc8620647c545b0b09b5619a2074fa3ce9e1171570df847a74c7bea,1229714,Lee2019_MI,Q15-E007,MU_BETA_SHARED,20260925,0.38468655943870544,0.6153134703636169,2
s03_1_offline_train_t098,3,1,offline_train,1,session1/s3/sess01_subj03_EEG_MI.mat,ed9be7033fc8620647c545b0b09b5619a2074fa3ce9e1171570df847a74c7bea,1240764,Lee2019_MI,Q15-E007,MU_BETA_SHARED,20260925,0.9967389702796936,0.003261059056967497,1
s03_1_offline_train_t099,3,1,offline_train,2,session1/s3/sess01_subj03_EEG_MI.mat,ed9be7033fc8620647c545b0b09b5619a2074fa3ce9e1171570df847a74c7bea,1251364,Lee2019_MI,Q15-E007,MU_BETA_SHARED,20260925,0.08744160085916519,0.912558376789093,2
s03_1_offline_train_t100,3,1,offline_train,2,session1/s3/sess01_subj03_EEG_MI.mat,ed9be7033fc8620647c545b0b09b5619a2074fa3ce9e1171570df847a74c7bea,1262231,Lee2019_MI,Q15-E007,MU_BETA_SHARED,20260925,0.9821486473083496,0.017851335927844048,1
s03_2_offline_train_t001,3,2,offline_train,1,session2/s3/sess02_subj03_EEG_MI.mat,46c12e798f4bca1443479f032bf54633cd60d4d286af9ec80f0e1bbd2c35295c,145012,Lee2019_MI,Q15-E007,MU_BETA_SHARED,20260925,0.9621165990829468,0.0378834530711174,1
s03_2_offline_train_t002,3,2,offline_train,2,session2/s3/sess02_subj03_EEG_MI.mat,46c12e798f4bca1443479f032bf54633cd60d4d286af9ec80f0e1bbd2c35295c,156547,Lee2019_MI,Q15-E007,MU_BETA_SHARED,20260925,0.00875431764870882,0.991245687007904,2
s03_2_offline_train_t003,3,2,offline_train,1,session2/s3/sess02_subj03_EEG_MI.mat,46c12e798f4bca1443479f032bf54633cd60d4d286af9ec80f0e1bbd2c35295c,167230,Lee2019_MI,Q15-E007,MU_BETA_SHARED,20260925,0.9666218161582947,0.03337818384170532,1
s03_2_offline_train_t004,3,2,offline_train,1,session2/s3/sess02_subj03_EEG_MI.mat,46c12e798f4bca1443479f032bf54633cd60d4d286af9ec80f0e1bbd2c35295c,178747,Lee2019_MI,Q15-E007,MU_BETA_SHARED,20260925,0.5976895689964294,0.4023103713989258,1
s03_2_offline_train_t005,3,2,offline_train,2,session2/s3/sess02_subj03_EEG_MI.mat,46c12e798f4bca1443479f032bf54633cd60d4d286af9ec80f0e1bbd2c35295c,189896,Lee2019_MI,Q15-E007,MU_BETA_SHARED,20260925,0.0007651264313608408,0.9992349147796631,2
s03_2_offline_train_t006,3,2,offline_train,2,session2/s3/sess02_subj03_EEG_MI.mat,46c12e798f4bca1443479f032bf54633cd60d4d286af9ec80f0e1bbd2c35295c,200579,Lee2019_MI,Q15-E007,MU_BETA_SHARED,20260925,0.016873635351657867,0.9831263422966003,2
s03_2_offline_train_t007,3,2,offline_train,1,session2/s3/sess02_subj03_EEG_MI.mat,46c12e798f4bca1443479f032bf54633cd60d4d286af9ec80f0e1bbd2c35295c,211446,Lee2019_MI,Q15-E007,MU_BETA_SHARED,20260925,0.21106110513210297,0.7889388799667358,2
s03_2_offline_train_t008,3,2,offline_train,2,session2/s3/sess02_subj03_EEG_MI.mat,46c12e798f4bca1443479f032bf54633cd60d4d286af9ec80f0e1bbd2c35295c,222579,Lee2019_MI,Q15-E007,MU_BETA_SHARED,20260925,0.006870929151773453,0.9931291341781616,2
s03_2_offline_train_t009,3,2,offline_train,1,session2/s3/sess02_subj03_EEG_MI.mat,46c12e798f4bca1443479f032bf54633cd60d4d286af9ec80f0e1bbd2c35295c,234095,Lee2019_MI,Q15-E007,MU_BETA_SHARED,20260925,0.9953188300132751,0.004681178368628025,1
s03_2_offline_train_t010,3,2,offline_train,1,session2/s3/sess02_subj03_EEG_MI.mat,46c12e798f4bca1443479f032bf54633cd60d4d286af9ec80f0e1bbd2c35295c,245612,Lee2019_MI,Q15-E007,MU_BETA_SHARED,20260925,0.9964660406112671,0.003533899085596204,1
s03_2_offline_train_t011,3,2,offline_train,2,session2/s3/sess02_subj03_EEG_MI.mat,46c12e798f4bca1443479f032bf54633cd60d4d286af9ec80f0e1bbd2c35295c,256295,Lee2019_MI,Q15-E007,MU_BETA_SHARED,20260925,0.014358259737491608,0.9856417775154114,2
s03_2_offline_train_t012,3,2,offline_train,2,session2/s3/sess02_subj03_EEG_MI.mat,46c12e798f4bca1443479f032bf54633cd60d4d286af9ec80f0e1bbd2c35295c,267812,Lee2019_MI,Q15-E007,MU_BETA_SHARED,20260925,0.04000232741236687,0.9599977135658264,2
s03_2_offline_train_t013,3,2,offline_train,1,session2/s3/sess02_subj03_EEG_MI.mat,46c12e798f4bca1443479f032bf54633cd60d4d286af9ec80f0e1bbd2c35295c,279328,Lee2019_MI,Q15-E007,MU_BETA_SHARED,20260925,0.9556552767753601,0.0443447083234787,1
s03_2_offline_train_t014,3,2,offline_train,1,session2/s3/sess02_subj03_EEG_MI.mat,46c12e798f4bca1443479f032bf54633cd60d4d286af9ec80f0e1bbd2c35295c,290378,Lee2019_MI,Q15-E007,MU_BETA_SHARED,20260925,0.7335793972015381,0.2664205729961395,1
s03_2_offline_train_t015,3,2,offline_train,2,session2/s3/sess02_subj03_EEG_MI.mat,46c12e798f4bca1443479f032bf54633cd60d4d286af9ec80f0e1bbd2c35295c,301711,Lee2019_MI,Q15-E007,MU_BETA_SHARED,20260925,0.24446439743041992,0.7555356025695801,2
s03_2_offline_train_t016,3,2,offline_train,1,session2/s3/sess02_subj03_EEG_MI.mat,46c12e798f4bca1443479f032bf54633cd60d4d286af9ec80f0e1bbd2c35295c,312394,Lee2019_MI,Q15-E007,MU_BETA_SHARED,20260925,0.36119964718818665,0.6388003826141357,2
s03_2_offline_train_t017,3,2,offline_train,1,session2/s3/sess02_subj03_EEG_MI.mat,46c12e798f4bca1443479f032bf54633cd60d4d286af9ec80f0e1bbd2c35295c,323361,Lee2019_MI,Q15-E007,MU_BETA_SHARED,20260925,0.8978408575057983,0.10215914249420166,1
s03_2_offline_train_t018,3,2,offline_train,1,session2/s3/sess02_subj03_EEG_MI.mat,46c12e798f4bca1443479f032bf54633cd60d4d286af9ec80f0e1bbd2c35295c,334777,Lee2019_MI,Q15-E007,MU_BETA_SHARED,20260925,0.7564622163772583,0.24353770911693573,1
s03_2_offline_train_t019,3,2,offline_train,1,session2/s3/sess02_subj03_EEG_MI.mat,46c12e798f4bca1443479f032bf54633cd60d4d286af9ec80f0e1bbd2c35295c,346110,Lee2019_MI,Q15-E007,MU_BETA_SHARED,20260925,0.5434253811836243,0.45657458901405334,1
s03_2_offline_train_t020,3,2,offline_train,2,session2/s3/sess02_subj03_EEG_MI.mat,46c12e798f4bca1443479f032bf54633cd60d4d286af9ec80f0e1bbd2c35295c,357627,Lee2019_MI,Q15-E007,MU_BETA_SHARED,20260925,0.003790627233684063,0.9962093830108643,2
s03_2_offline_train_t021,3,2,offline_train,2,session2/s3/sess02_subj03_EEG_MI.mat,46c12e798f4bca1443479f032bf54633cd60d4d286af9ec80f0e1bbd2c35295c,368860,Lee2019_MI,Q15-E007,MU_BETA_SHARED,20260925,0.01952771469950676,0.9804722666740417,2
s03_2_offline_train_t022,3,2,offline_train,1,session2/s3/sess02_subj03_EEG_MI.mat,46c12e798f4bca1443479f032bf54633cd60d4d286af9ec80f0e1bbd2c35295c,379460,Lee2019_MI,Q15-E007,MU_BETA_SHARED,20260925,0.2443893402814865,0.7556106448173523,2
s03_2_offline_train_t023,3,2,offline_train,2,session2/s3/sess02_subj03_EEG_MI.mat,46c12e798f4bca1443479f032bf54633cd60d4d286af9ec80f0e1bbd2c35295c,390876,Lee2019_MI,Q15-E007,MU_BETA_SHARED,20260925,0.015985915437340736,0.984014093875885,2
s03_2_offline_train_t024,3,2,offline_train,2,session2/s3/sess02_subj03_EEG_MI.mat,46c12e798f4bca1443479f032bf54633cd60d4d286af9ec80f0e1bbd2c35295c,402393,Lee2019_MI,Q15-E007,MU_BETA_SHARED,20260925,0.00753531651571393,0.9924646615982056,2
s03_2_offline_train_t025,3,2,offline_train,2,session2/s3/sess02_subj03_EEG_MI.mat,46c12e798f4bca1443479f032bf54633cd60d4d286af9ec80f0e1bbd2c35295c,413642,Lee2019_MI,Q15-E007,MU_BETA_SHARED,20260925,0.02291710302233696,0.9770828485488892,2
s03_2_offline_train_t026,3,2,offline_train,1,session2/s3/sess02_subj03_EEG_MI.mat,46c12e798f4bca1443479f032bf54633cd60d4d286af9ec80f0e1bbd2c35295c,424959,Lee2019_MI,Q15-E007,MU_BETA_SHARED,20260925,0.957791268825531,0.04220873862504959,1
s03_2_offline_train_t027,3,2,offline_train,2,session2/s3/sess02_subj03_EEG_MI.mat,46c12e798f4bca1443479f032bf54633cd60d4d286af9ec80f0e1bbd2c35295c,436292,Lee2019_MI,Q15-E007,MU_BETA_SHARED,20260925,0.064695343375206,0.9353046417236328,2
s03_2_offline_train_t028,3,2,offline_train,1,session2/s3/sess02_subj03_EEG_MI.mat,46c12e798f4bca1443479f032bf54633cd60d4d286af9ec80f0e1bbd2c35295c,447259,Lee2019_MI,Q15-E007,MU_BETA_SHARED,20260925,0.953312873840332,0.04668714851140976,1
s03_2_offline_train_t029,3,2,offline_train,1,session2/s3/sess02_subj03_EEG_MI.mat,46c12e798f4bca1443479f032bf54633cd60d4d286af9ec80f0e1bbd2c35295c,458492,Lee2019_MI,Q15-E007,MU_BETA_SHARED,20260925,0.9990880489349365,0.0009119335445575416,1
s03_2_offline_train_t030,3,2,offline_train,2,session2/s3/sess02_subj03_EEG_MI.mat,46c12e798f4bca1443479f032bf54633cd60d4d286af9ec80f0e1bbd2c35295c,469175,Lee2019_MI,Q15-E007,MU_BETA_SHARED,20260925,0.005623174365609884,0.9943768382072449,2
s03_2_offline_train_t031,3,2,offline_train,1,session2/s3/sess02_subj03_EEG_MI.mat,46c12e798f4bca1443479f032bf54633cd60d4d286af9ec80f0e1bbd2c35295c,480408,Lee2019_MI,Q15-E007,MU_BETA_SHARED,20260925,0.9989460110664368,0.0010540386429056525,1
s03_2_offline_train_t032,3,2,offline_train,2,session2/s3/sess02_subj03_EEG_MI.mat,46c12e798f4bca1443479f032bf54633cd60d4d286af9ec80f0e1bbd2c35295c,491008,Lee2019_MI,Q15-E007,MU_BETA_SHARED,20260925,0.007793224882334471,0.9922067523002625,2
s03_2_offline_train_t033,3,2,offline_train,1,session2/s3/sess02_subj03_EEG_MI.mat,46c12e798f4bca1443479f032bf54633cd60d4d286af9ec80f0e1bbd2c35295c,501874,Lee2019_MI,Q15-E007,MU_BETA_SHARED,20260925,0.761598527431488,0.23840144276618958,1
s03_2_offline_train_t034,3,2,offline_train,2,session2/s3/sess02_subj03_EEG_MI.mat,46c12e798f4bca1443479f032bf54633cd60d4d286af9ec80f0e1bbd2c35295c,512457,Lee2019_MI,Q15-E007,MU_BETA_SHARED,20260925,0.5266481041908264,0.4733518958091736,1
s03_2_offline_train_t035,3,2,offline_train,2,session2/s3/sess02_subj03_EEG_MI.mat,46c12e798f4bca1443479f032bf54633cd60d4d286af9ec80f0e1bbd2c35295c,523140,Lee2019_MI,Q15-E007,MU_BETA_SHARED,20260925,0.0028424584306776524,0.9971575736999512,2
s03_2_offline_train_t036,3,2,offline_train,1,session2/s3/sess02_subj03_EEG_MI.mat,46c12e798f4bca1443479f032bf54633cd60d4d286af9ec80f0e1bbd2c35295c,534474,Lee2019_MI,Q15-E007,MU_BETA_SHARED,20260925,0.985115110874176,0.014884840697050095,1
s03_2_offline_train_t037,3,2,offline_train,1,session2/s3/sess02_subj03_EEG_MI.mat,46c12e798f4bca1443479f032bf54633cd60d4d286af9ec80f0e1bbd2c35295c,545707,Lee2019_MI,Q15-E007,MU_BETA_SHARED,20260925,0.594278872013092,0.4057210683822632,1
s03_2_offline_train_t038,3,2,offline_train,2,session2/s3/sess02_subj03_EEG_MI.mat,46c12e798f4bca1443479f032bf54633cd60d4d286af9ec80f0e1bbd2c35295c,556573,Lee2019_MI,Q15-E007,MU_BETA_SHARED,20260925,0.004627020563930273,0.9953729510307312,2
s03_2_offline_train_t039,3,2,offline_train,1,session2/s3/sess02_subj03_EEG_MI.mat,46c12e798f4bca1443479f032bf54633cd60d4d286af9ec80f0e1bbd2c35295c,568090,Lee2019_MI,Q15-E007,MU_BETA_SHARED,20260925,0.8746503591537476,0.12534962594509125,1
s03_2_offline_train_t040,3,2,offline_train,1,session2/s3/sess02_subj03_EEG_MI.mat,46c12e798f4bca1443479f032bf54633cd60d4d286af9ec80f0e1bbd2c35295c,578673,Lee2019_MI,Q15-E007,MU_BETA_SHARED,20260925,0.9600632190704346,0.039936747401952744,1
s03_2_offline_train_t041,3,2,offline_train,1,session2/s3/sess02_subj03_EEG_MI.mat,46c12e798f4bca1443479f032bf54633cd60d4d286af9ec80f0e1bbd2c35295c,589639,Lee2019_MI,Q15-E007,MU_BETA_SHARED,20260925,0.483829140663147,0.5161707997322083,2
s03_2_offline_train_t042,3,2,offline_train,1,session2/s3/sess02_subj03_EEG_MI.mat,46c12e798f4bca1443479f032bf54633cd60d4d286af9ec80f0e1bbd2c35295c,600606,Lee2019_MI,Q15-E007,MU_BETA_SHARED,20260925,0.4796670079231262,0.520332932472229,2
s03_2_offline_train_t043,3,2,offline_train,2,session2/s3/sess02_subj03_EEG_MI.mat,46c12e798f4bca1443479f032bf54633cd60d4d286af9ec80f0e1bbd2c35295c,611922,Lee2019_MI,Q15-E007,MU_BETA_SHARED,20260925,0.030418498441576958,0.9695815443992615,2
s03_2_offline_train_t044,3,2,offline_train,1,session2/s3/sess02_subj03_EEG_MI.mat,46c12e798f4bca1443479f032bf54633cd60d4d286af9ec80f0e1bbd2c35295c,623255,Lee2019_MI,Q15-E007,MU_BETA_SHARED,20260925,0.3472194969654083,0.6527804732322693,2
s03_2_offline_train_t045,3,2,offline_train,2,session2/s3/sess02_subj03_EEG_MI.mat,46c12e798f4bca1443479f032bf54633cd60d4d286af9ec80f0e1bbd2c35295c,634039,Lee2019_MI,Q15-E007,MU_BETA_SHARED,20260925,0.1036192998290062,0.8963807225227356,2
s03_2_offline_train_t046,3,2,offline_train,1,session2/s3/sess02_subj03_EEG_MI.mat,46c12e798f4bca1443479f032bf54633cd60d4d286af9ec80f0e1bbd2c35295c,645088,Lee2019_MI,Q15-E007,MU_BETA_SHARED,20260925,0.7140716314315796,0.2859283685684204,1
s03_2_offline_train_t047,3,2,offline_train,1,session2/s3/sess02_subj03_EEG_MI.mat,46c12e798f4bca1443479f032bf54633cd60d4d286af9ec80f0e1bbd2c35295c,656055,Lee2019_MI,Q15-E007,MU_BETA_SHARED,20260925,0.939365804195404,0.060634151101112366,1
s03_2_offline_train_t048,3,2,offline_train,1,session2/s3/sess02_subj03_EEG_MI.mat,46c12e798f4bca1443479f032bf54633cd60d4d286af9ec80f0e1bbd2c35295c,667288,Lee2019_MI,Q15-E007,MU_BETA_SHARED,20260925,0.5128992795944214,0.487100750207901,1
s03_2_offline_train_t049,3,2,offline_train,2,session2/s3/sess02_subj03_EEG_MI.mat,46c12e798f4bca1443479f032bf54633cd60d4d286af9ec80f0e1bbd2c35295c,678521,Lee2019_MI,Q15-E007,MU_BETA_SHARED,20260925,0.002916234778240323,0.9970837235450745,2
s03_2_offline_train_t050,3,2,offline_train,1,session2/s3/sess02_subj03_EEG_MI.mat,46c12e798f4bca1443479f032bf54633cd60d4d286af9ec80f0e1bbd2c35295c,741403,Lee2019_MI,Q15-E007,MU_BETA_SHARED,20260925,0.6333262920379639,0.36667370796203613,1
s03_2_offline_train_t051,3,2,offline_train,1,session2/s3/sess02_subj03_EEG_MI.mat,46c12e798f4bca1443479f032bf54633cd60d4d286af9ec80f0e1bbd2c35295c,752270,Lee2019_MI,Q15-E007,MU_BETA_SHARED,20260925,0.26707035303115845,0.7329295873641968,2
s03_2_offline_train_t052,3,2,offline_train,1,session2/s3/sess02_subj03_EEG_MI.mat,46c12e798f4bca1443479f032bf54633cd60d4d286af9ec80f0e1bbd2c35295c,763503,Lee2019_MI,Q15-E007,MU_BETA_SHARED,20260925,0.9297517538070679,0.07024826854467392,1
s03_2_offline_train_t053,3,2,offline_train,1,session2/s3/sess02_subj03_EEG_MI.mat,46c12e798f4bca1443479f032bf54633cd60d4d286af9ec80f0e1bbd2c35295c,774753,Lee2019_MI,Q15-E007,MU_BETA_SHARED,20260925,0.9747056365013123,0.025294413790106773,1
s03_2_offline_train_t054,3,2,offline_train,2,session2/s3/sess02_subj03_EEG_MI.mat,46c12e798f4bca1443479f032bf54633cd60d4d286af9ec80f0e1bbd2c35295c,785419,Lee2019_MI,Q15-E007,MU_BETA_SHARED,20260925,0.16119657456874847,0.8388034105300903,2
s03_2_offline_train_t055,3,2,offline_train,1,session2/s3/sess02_subj03_EEG_MI.mat,46c12e798f4bca1443479f032bf54633cd60d4d286af9ec80f0e1bbd2c35295c,796102,Lee2019_MI,Q15-E007,MU_BETA_SHARED,20260925,0.9970694184303284,0.0029306041542440653,1
s03_2_offline_train_t056,3,2,offline_train,1,session2/s3/sess02_subj03_EEG_MI.mat,46c12e798f4bca1443479f032bf54633cd60d4d286af9ec80f0e1bbd2c35295c,807152,Lee2019_MI,Q15-E007,MU_BETA_SHARED,20260925,0.05808597430586815,0.9419140219688416,2
s03_2_offline_train_t057,3,2,offline_train,2,session2/s3/sess02_subj03_EEG_MI.mat,46c12e798f4bca1443479f032bf54633cd60d4d286af9ec80f0e1bbd2c35295c,818669,Lee2019_MI,Q15-E007,MU_BETA_SHARED,20260925,0.02437010407447815,0.9756298661231995,2
s03_2_offline_train_t058,3,2,offline_train,2,session2/s3/sess02_subj03_EEG_MI.mat,46c12e798f4bca1443479f032bf54633cd60d4d286af9ec80f0e1bbd2c35295c,829535,Lee2019_MI,Q15-E007,MU_BETA_SHARED,20260925,0.02704755961894989,0.9729524254798889,2
s03_2_offline_train_t059,3,2,offline_train,1,session2/s3/sess02_subj03_EEG_MI.mat,46c12e798f4bca1443479f032bf54633cd60d4d286af9ec80f0e1bbd2c35295c,840685,Lee2019_MI,Q15-E007,MU_BETA_SHARED,20260925,0.8954218029975891,0.10457814484834671,1
s03_2_offline_train_t060,3,2,offline_train,1,session2/s3/sess02_subj03_EEG_MI.mat,46c12e798f4bca1443479f032bf54633cd60d4d286af9ec80f0e1bbd2c35295c,851468,Lee2019_MI,Q15-E007,MU_BETA_SHARED,20260925,0.7195426225662231,0.2804573178291321,1
s03_2_offline_train_t061,3,2,offline_train,2,session2/s3/sess02_subj03_EEG_MI.mat,46c12e798f4bca1443479f032bf54633cd60d4d286af9ec80f0e1bbd2c35295c,862801,Lee2019_MI,Q15-E007,MU_BETA_SHARED,20260925,0.1847461760044098,0.8152537941932678,2
s03_2_offline_train_t062,3,2,offline_train,2,session2/s3/sess02_subj03_EEG_MI.mat,46c12e798f4bca1443479f032bf54633cd60d4d286af9ec80f0e1bbd2c35295c,873568,Lee2019_MI,Q15-E007,MU_BETA_SHARED,20260925,0.3541055917739868,0.6458944082260132,2
s03_2_offline_train_t063,3,2,offline_train,1,session2/s3/sess02_subj03_EEG_MI.mat,46c12e798f4bca1443479f032bf54633cd60d4d286af9ec80f0e1bbd2c35295c,884618,Lee2019_MI,Q15-E007,MU_BETA_SHARED,20260925,0.9994094371795654,0.000590543495491147,1
s03_2_offline_train_t064,3,2,offline_train,2,session2/s3/sess02_subj03_EEG_MI.mat,46c12e798f4bca1443479f032bf54633cd60d4d286af9ec80f0e1bbd2c35295c,895851,Lee2019_MI,Q15-E007,MU_BETA_SHARED,20260925,0.27402254939079285,0.7259774804115295,2
s03_2_offline_train_t065,3,2,offline_train,2,session2/s3/sess02_subj03_EEG_MI.mat,46c12e798f4bca1443479f032bf54633cd60d4d286af9ec80f0e1bbd2c35295c,907284,Lee2019_MI,Q15-E007,MU_BETA_SHARED,20260925,0.0004637610400095582,0.9995362758636475,2
s03_2_offline_train_t066,3,2,offline_train,2,session2/s3/sess02_subj03_EEG_MI.mat,46c12e798f4bca1443479f032bf54633cd60d4d286af9ec80f0e1bbd2c35295c,918800,Lee2019_MI,Q15-E007,MU_BETA_SHARED,20260925,0.007738638669252396,0.9922613501548767,2
s03_2_offline_train_t067,3,2,offline_train,2,session2/s3/sess02_subj03_EEG_MI.mat,46c12e798f4bca1443479f032bf54633cd60d4d286af9ec80f0e1bbd2c35295c,929950,Lee2019_MI,Q15-E007,MU_BETA_SHARED,20260925,0.010465440340340137,0.9895345568656921,2
s03_2_offline_train_t068,3,2,offline_train,1,session2/s3/sess02_subj03_EEG_MI.mat,46c12e798f4bca1443479f032bf54633cd60d4d286af9ec80f0e1bbd2c35295c,940633,Lee2019_MI,Q15-E007,MU_BETA_SHARED,20260925,0.5988545417785645,0.4011455178260803,1
s03_2_offline_train_t069,3,2,offline_train,1,session2/s3/sess02_subj03_EEG_MI.mat,46c12e798f4bca1443479f032bf54633cd60d4d286af9ec80f0e1bbd2c35295c,951299,Lee2019_MI,Q15-E007,MU_BETA_SHARED,20260925,0.8947048783302307,0.10529514402151108,1
s03_2_offline_train_t070,3,2,offline_train,2,session2/s3/sess02_subj03_EEG_MI.mat,46c12e798f4bca1443479f032bf54633cd60d4d286af9ec80f0e1bbd2c35295c,962082,Lee2019_MI,Q15-E007,MU_BETA_SHARED,20260925,0.001129448413848877,0.9988705515861511,2
s03_2_offline_train_t071,3,2,offline_train,1,session2/s3/sess02_subj03_EEG_MI.mat,46c12e798f4bca1443479f032bf54633cd60d4d286af9ec80f0e1bbd2c35295c,973499,Lee2019_MI,Q15-E007,MU_BETA_SHARED,20260925,0.9659678936004639,0.034032102674245834,1
s03_2_offline_train_t072,3,2,offline_train,2,session2/s3/sess02_subj03_EEG_MI.mat,46c12e798f4bca1443479f032bf54633cd60d4d286af9ec80f0e1bbd2c35295c,984282,Lee2019_MI,Q15-E007,MU_BETA_SHARED,20260925,0.06831958889961243,0.9316803812980652,2
s03_2_offline_train_t073,3,2,offline_train,2,session2/s3/sess02_subj03_EEG_MI.mat,46c12e798f4bca1443479f032bf54633cd60d4d286af9ec80f0e1bbd2c35295c,995615,Lee2019_MI,Q15-E007,MU_BETA_SHARED,20260925,0.03414991497993469,0.9658501148223877,2
s03_2_offline_train_t074,3,2,offline_train,2,session2/s3/sess02_subj03_EEG_MI.mat,46c12e798f4bca1443479f032bf54633cd60d4d286af9ec80f0e1bbd2c35295c,1006382,Lee2019_MI,Q15-E007,MU_BETA_SHARED,20260925,0.06348130106925964,0.9365187287330627,2
s03_2_offline_train_t075,3,2,offline_train,1,session2/s3/sess02_subj03_EEG_MI.mat,46c12e798f4bca1443479f032bf54633cd60d4d286af9ec80f0e1bbd2c35295c,1017898,Lee2019_MI,Q15-E007,MU_BETA_SHARED,20260925,0.9993759989738464,0.0006240770453587174,1
s03_2_offline_train_t076,3,2,offline_train,2,session2/s3/sess02_subj03_EEG_MI.mat,46c12e798f4bca1443479f032bf54633cd60d4d286af9ec80f0e1bbd2c35295c,1028765,Lee2019_MI,Q15-E007,MU_BETA_SHARED,20260925,0.0016666712472215295,0.9983333945274353,2
s03_2_offline_train_t077,3,2,offline_train,1,session2/s3/sess02_subj03_EEG_MI.mat,46c12e798f4bca1443479f032bf54633cd60d4d286af9ec80f0e1bbd2c35295c,1039548,Lee2019_MI,Q15-E007,MU_BETA_SHARED,20260925,0.9965125918388367,0.0034873858094215393,1
s03_2_offline_train_t078,3,2,offline_train,1,session2/s3/sess02_subj03_EEG_MI.mat,46c12e798f4bca1443479f032bf54633cd60d4d286af9ec80f0e1bbd2c35295c,1050315,Lee2019_MI,Q15-E007,MU_BETA_SHARED,20260925,0.9690579175949097,0.030942097306251526,1
s03_2_offline_train_t079,3,2,offline_train,2,session2/s3/sess02_subj03_EEG_MI.mat,46c12e798f4bca1443479f032bf54633cd60d4d286af9ec80f0e1bbd2c35295c,1061464,Lee2019_MI,Q15-E007,MU_BETA_SHARED,20260925,0.7273440957069397,0.2726558446884155,1
s03_2_offline_train_t080,3,2,offline_train,2,session2/s3/sess02_subj03_EEG_MI.mat,46c12e798f4bca1443479f032bf54633cd60d4d286af9ec80f0e1bbd2c35295c,1072514,Lee2019_MI,Q15-E007,MU_BETA_SHARED,20260925,0.0996161699295044,0.9003838300704956,2
s03_2_offline_train_t081,3,2,offline_train,2,session2/s3/sess02_subj03_EEG_MI.mat,46c12e798f4bca1443479f032bf54633cd60d4d286af9ec80f0e1bbd2c35295c,1083381,Lee2019_MI,Q15-E007,MU_BETA_SHARED,20260925,0.016595909371972084,0.9834040999412537,2
s03_2_offline_train_t082,3,2,offline_train,1,session2/s3/sess02_subj03_EEG_MI.mat,46c12e798f4bca1443479f032bf54633cd60d4d286af9ec80f0e1bbd2c35295c,1094797,Lee2019_MI,Q15-E007,MU_BETA_SHARED,20260925,0.9999097585678101,9.027608757605776e-05,1
s03_2_offline_train_t083,3,2,offline_train,2,session2/s3/sess02_subj03_EEG_MI.mat,46c12e798f4bca1443479f032bf54633cd60d4d286af9ec80f0e1bbd2c35295c,1105947,Lee2019_MI,Q15-E007,MU_BETA_SHARED,20260925,0.07138903439044952,0.9286109805107117,2
s03_2_offline_train_t084,3,2,offline_train,2,session2/s3/sess02_subj03_EEG_MI.mat,46c12e798f4bca1443479f032bf54633cd60d4d286af9ec80f0e1bbd2c35295c,1116997,Lee2019_MI,Q15-E007,MU_BETA_SHARED,20260925,0.005612255074083805,0.994387686252594,2
s03_2_offline_train_t085,3,2,offline_train,1,session2/s3/sess02_subj03_EEG_MI.mat,46c12e798f4bca1443479f032bf54633cd60d4d286af9ec80f0e1bbd2c35295c,1128430,Lee2019_MI,Q15-E007,MU_BETA_SHARED,20260925,0.7655323147773743,0.23446772992610931,1
s03_2_offline_train_t086,3,2,offline_train,2,session2/s3/sess02_subj03_EEG_MI.mat,46c12e798f4bca1443479f032bf54633cd60d4d286af9ec80f0e1bbd2c35295c,1139296,Lee2019_MI,Q15-E007,MU_BETA_SHARED,20260925,0.0007386688957922161,0.9992613196372986,2
s03_2_offline_train_t087,3,2,offline_train,1,session2/s3/sess02_subj03_EEG_MI.mat,46c12e798f4bca1443479f032bf54633cd60d4d286af9ec80f0e1bbd2c35295c,1150630,Lee2019_MI,Q15-E007,MU_BETA_SHARED,20260925,0.966715395450592,0.03328464925289154,1
s03_2_offline_train_t088,3,2,offline_train,2,session2/s3/sess02_subj03_EEG_MI.mat,46c12e798f4bca1443479f032bf54633cd60d4d286af9ec80f0e1bbd2c35295c,1161946,Lee2019_MI,Q15-E007,MU_BETA_SHARED,20260925,0.2686581313610077,0.7313418388366699,2
s03_2_offline_train_t089,3,2,offline_train,2,session2/s3/sess02_subj03_EEG_MI.mat,46c12e798f4bca1443479f032bf54633cd60d4d286af9ec80f0e1bbd2c35295c,1172912,Lee2019_MI,Q15-E007,MU_BETA_SHARED,20260925,0.40068671107292175,0.5993132591247559,2
s03_2_offline_train_t090,3,2,offline_train,2,session2/s3/sess02_subj03_EEG_MI.mat,46c12e798f4bca1443479f032bf54633cd60d4d286af9ec80f0e1bbd2c35295c,1184062,Lee2019_MI,Q15-E007,MU_BETA_SHARED,20260925,0.022428398951888084,0.9775715470314026,2
s03_2_offline_train_t091,3,2,offline_train,2,session2/s3/sess02_subj03_EEG_MI.mat,46c12e798f4bca1443479f032bf54633cd60d4d286af9ec80f0e1bbd2c35295c,1194645,Lee2019_MI,Q15-E007,MU_BETA_SHARED,20260925,0.33133476972579956,0.6686652302742004,2
s03_2_offline_train_t092,3,2,offline_train,2,session2/s3/sess02_subj03_EEG_MI.mat,46c12e798f4bca1443479f032bf54633cd60d4d286af9ec80f0e1bbd2c35295c,1205228,Lee2019_MI,Q15-E007,MU_BETA_SHARED,20260925,0.5861802101135254,0.4138197898864746,1
s03_2_offline_train_t093,3,2,offline_train,1,session2/s3/sess02_subj03_EEG_MI.mat,46c12e798f4bca1443479f032bf54633cd60d4d286af9ec80f0e1bbd2c35295c,1216295,Lee2019_MI,Q15-E007,MU_BETA_SHARED,20260925,0.8191129565238953,0.18088707327842712,1
s03_2_offline_train_t094,3,2,offline_train,2,session2/s3/sess02_subj03_EEG_MI.mat,46c12e798f4bca1443479f032bf54633cd60d4d286af9ec80f0e1bbd2c35295c,1227611,Lee2019_MI,Q15-E007,MU_BETA_SHARED,20260925,0.11211179941892624,0.8878881931304932,2
s03_2_offline_train_t095,3,2,offline_train,1,session2/s3/sess02_subj03_EEG_MI.mat,46c12e798f4bca1443479f032bf54633cd60d4d286af9ec80f0e1bbd2c35295c,1239128,Lee2019_MI,Q15-E007,MU_BETA_SHARED,20260925,0.042081136256456375,0.9579189419746399,2
s03_2_offline_train_t096,3,2,offline_train,1,session2/s3/sess02_subj03_EEG_MI.mat,46c12e798f4bca1443479f032bf54633cd60d4d286af9ec80f0e1bbd2c35295c,1249811,Lee2019_MI,Q15-E007,MU_BETA_SHARED,20260925,0.9005142450332642,0.09948571771383286,1
s03_2_offline_train_t097,3,2,offline_train,2,session2/s3/sess02_subj03_EEG_MI.mat,46c12e798f4bca1443479f032bf54633cd60d4d286af9ec80f0e1bbd2c35295c,1260961,Lee2019_MI,Q15-E007,MU_BETA_SHARED,20260925,0.03948675096035004,0.9605132341384888,2
s03_2_offline_train_t098,3,2,offline_train,1,session2/s3/sess02_subj03_EEG_MI.mat,46c12e798f4bca1443479f032bf54633cd60d4d286af9ec80f0e1bbd2c35295c,1272011,Lee2019_MI,Q15-E007,MU_BETA_SHARED,20260925,0.9898020625114441,0.010197930037975311,1
s03_2_offline_train_t099,3,2,offline_train,2,session2/s3/sess02_subj03_EEG_MI.mat,46c12e798f4bca1443479f032bf54633cd60d4d286af9ec80f0e1bbd2c35295c,1282611,Lee2019_MI,Q15-E007,MU_BETA_SHARED,20260925,0.0008207255741581321,0.9991793036460876,2
s03_2_offline_train_t100,3,2,offline_train,2,session2/s3/sess02_subj03_EEG_MI.mat,46c12e798f4bca1443479f032bf54633cd60d4d286af9ec80f0e1bbd2c35295c,1293477,Lee2019_MI,Q15-E007,MU_BETA_SHARED,20260925,0.00037905448698438704,0.9996209144592285,2
s03_1_offline_train_t001,3,1,offline_train,1,session1/s3/sess01_subj03_EEG_MI.mat,ed9be7033fc8620647c545b0b09b5619a2074fa3ce9e1171570df847a74c7bea,150451,Lee2019_MI,Q15-E007,MU_BETA_SHARED,20260926,0.9415073394775391,0.058492667973041534,1
s03_1_offline_train_t002,3,1,offline_train,2,session1/s3/sess01_subj03_EEG_MI.mat,ed9be7033fc8620647c545b0b09b5619a2074fa3ce9e1171570df847a74c7bea,161902,Lee2019_MI,Q15-E007,MU_BETA_SHARED,20260926,0.7887508869171143,0.21124906837940216,1
s03_1_offline_train_t003,3,1,offline_train,1,session1/s3/sess01_subj03_EEG_MI.mat,ed9be7033fc8620647c545b0b09b5619a2074fa3ce9e1171570df847a74c7bea,172585,Lee2019_MI,Q15-E007,MU_BETA_SHARED,20260926,0.9970023036003113,0.0029976803343743086,1
s03_1_offline_train_t004,3,1,offline_train,1,session1/s3/sess01_subj03_EEG_MI.mat,ed9be7033fc8620647c545b0b09b5619a2074fa3ce9e1171570df847a74c7bea,184102,Lee2019_MI,Q15-E007,MU_BETA_SHARED,20260926,0.871779203414917,0.12822087109088898,1
s03_1_offline_train_t005,3,1,offline_train,2,session1/s3/sess01_subj03_EEG_MI.mat,ed9be7033fc8620647c545b0b09b5619a2074fa3ce9e1171570df847a74c7bea,195251,Lee2019_MI,Q15-E007,MU_BETA_SHARED,20260926,0.07403889298439026,0.9259611368179321,2
s03_1_offline_train_t006,3,1,offline_train,2,session1/s3/sess01_subj03_EEG_MI.mat,ed9be7033fc8620647c545b0b09b5619a2074fa3ce9e1171570df847a74c7bea,205935,Lee2019_MI,Q15-E007,MU_BETA_SHARED,20260926,0.13807295262813568,0.8619269728660583,2
s03_1_offline_train_t007,3,1,offline_train,1,session1/s3/sess01_subj03_EEG_MI.mat,ed9be7033fc8620647c545b0b09b5619a2074fa3ce9e1171570df847a74c7bea,216800,Lee2019_MI,Q15-E007,MU_BETA_SHARED,20260926,0.8397021889686584,0.16029784083366394,1
s03_1_offline_train_t008,3,1,offline_train,2,session1/s3/sess01_subj03_EEG_MI.mat,ed9be7033fc8620647c545b0b09b5619a2074fa3ce9e1171570df847a74c7bea,227934,Lee2019_MI,Q15-E007,MU_BETA_SHARED,20260926,0.4645448625087738,0.5354551672935486,2
s03_1_offline_train_t009,3,1,offline_train,1,session1/s3/sess01_subj03_EEG_MI.mat,ed9be7033fc8620647c545b0b09b5619a2074fa3ce9e1171570df847a74c7bea,239450,Lee2019_MI,Q15-E007,MU_BETA_SHARED,20260926,0.7601867914199829,0.23981323838233948,1
s03_1_offline_train_t010,3,1,offline_train,1,session1/s3/sess01_subj03_EEG_MI.mat,ed9be7033fc8620647c545b0b09b5619a2074fa3ce9e1171570df847a74c7bea,250967,Lee2019_MI,Q15-E007,MU_BETA_SHARED,20260926,0.8100697994232178,0.18993021547794342,1
s03_1_offline_train_t011,3,1,offline_train,2,session1/s3/sess01_subj03_EEG_MI.mat,ed9be7033fc8620647c545b0b09b5619a2074fa3ce9e1171570df847a74c7bea,261650,Lee2019_MI,Q15-E007,MU_BETA_SHARED,20260926,0.36128705739974976,0.6387129426002502,2
s03_1_offline_train_t012,3,1,offline_train,2,session1/s3/sess01_subj03_EEG_MI.mat,ed9be7033fc8620647c545b0b09b5619a2074fa3ce9e1171570df847a74c7bea,273167,Lee2019_MI,Q15-E007,MU_BETA_SHARED,20260926,0.4112730920314789,0.5887268781661987,2
s03_1_offline_train_t013,3,1,offline_train,1,session1/s3/sess01_subj03_EEG_MI.mat,ed9be7033fc8620647c545b0b09b5619a2074fa3ce9e1171570df847a74c7bea,284683,Lee2019_MI,Q15-E007,MU_BETA_SHARED,20260926,0.9426268339157104,0.057373128831386566,1
s03_1_offline_train_t014,3,1,offline_train,1,session1/s3/sess01_subj03_EEG_MI.mat,ed9be7033fc8620647c545b0b09b5619a2074fa3ce9e1171570df847a74c7bea,295732,Lee2019_MI,Q15-E007,MU_BETA_SHARED,20260926,0.9797347187995911,0.020265311002731323,1
s03_1_offline_train_t015,3,1,offline_train,2,session1/s3/sess01_subj03_EEG_MI.mat,ed9be7033fc8620647c545b0b09b5619a2074fa3ce9e1171570df847a74c7bea,307066,Lee2019_MI,Q15-E007,MU_BETA_SHARED,20260926,0.828125,0.1718750298023224,1
s03_1_offline_train_t016,3,1,offline_train,1,session1/s3/sess01_subj03_EEG_MI.mat,ed9be7033fc8620647c545b0b09b5619a2074fa3ce9e1171570df847a74c7bea,317749,Lee2019_MI,Q15-E007,MU_BETA_SHARED,20260926,0.9797365069389343,0.020263493061065674,1
s03_1_offline_train_t017,3,1,offline_train,1,session1/s3/sess01_subj03_EEG_MI.mat,ed9be7033fc8620647c545b0b09b5619a2074fa3ce9e1171570df847a74c7bea,328714,Lee2019_MI,Q15-E007,MU_BETA_SHARED,20260926,0.9294328093528748,0.07056722790002823,1
s03_1_offline_train_t018,3,1,offline_train,1,session1/s3/sess01_subj03_EEG_MI.mat,ed9be7033fc8620647c545b0b09b5619a2074fa3ce9e1171570df847a74c7bea,340231,Lee2019_MI,Q15-E007,MU_BETA_SHARED,20260926,0.752062976360321,0.24793706834316254,1
s03_1_offline_train_t019,3,1,offline_train,1,session1/s3/sess01_subj03_EEG_MI.mat,ed9be7033fc8620647c545b0b09b5619a2074fa3ce9e1171570df847a74c7bea,351565,Lee2019_MI,Q15-E007,MU_BETA_SHARED,20260926,0.6864691376686096,0.31353089213371277,1
s03_1_offline_train_t020,3,1,offline_train,2,session1/s3/sess01_subj03_EEG_MI.mat,ed9be7033fc8620647c545b0b09b5619a2074fa3ce9e1171570df847a74c7bea,363082,Lee2019_MI,Q15-E007,MU_BETA_SHARED,20260926,0.8646981716156006,0.13530190289020538,1
s03_1_offline_train_t021,3,1,offline_train,2,session1/s3/sess01_subj03_EEG_MI.mat,ed9be7033fc8620647c545b0b09b5619a2074fa3ce9e1171570df847a74c7bea,374315,Lee2019_MI,Q15-E007,MU_BETA_SHARED,20260926,0.3053811192512512,0.6946188807487488,2
s03_1_offline_train_t022,3,1,offline_train,1,session1/s3/sess01_subj03_EEG_MI.mat,ed9be7033fc8620647c545b0b09b5619a2074fa3ce9e1171570df847a74c7bea,384898,Lee2019_MI,Q15-E007,MU_BETA_SHARED,20260926,0.999161958694458,0.0008380425279028714,1
s03_1_offline_train_t023,3,1,offline_train,2,session1/s3/sess01_subj03_EEG_MI.mat,ed9be7033fc8620647c545b0b09b5619a2074fa3ce9e1171570df847a74c7bea,396331,Lee2019_MI,Q15-E007,MU_BETA_SHARED,20260926,0.3692058324813843,0.6307941675186157,2
s03_1_offline_train_t024,3,1,offline_train,2,session1/s3/sess01_subj03_EEG_MI.mat,ed9be7033fc8620647c545b0b09b5619a2074fa3ce9e1171570df847a74c7bea,407847,Lee2019_MI,Q15-E007,MU_BETA_SHARED,20260926,0.7450687289237976,0.2549313008785248,1
s03_1_offline_train_t025,3,1,offline_train,2,session1/s3/sess01_subj03_EEG_MI.mat,ed9be7033fc8620647c545b0b09b5619a2074fa3ce9e1171570df847a74c7bea,419080,Lee2019_MI,Q15-E007,MU_BETA_SHARED,20260926,0.10786246508359909,0.8921375870704651,2
s03_1_offline_train_t026,3,1,offline_train,1,session1/s3/sess01_subj03_EEG_MI.mat,ed9be7033fc8620647c545b0b09b5619a2074fa3ce9e1171570df847a74c7bea,430413,Lee2019_MI,Q15-E007,MU_BETA_SHARED,20260926,0.9654813408851624,0.03451864793896675,1
s03_1_offline_train_t027,3,1,offline_train,2,session1/s3/sess01_subj03_EEG_MI.mat,ed9be7033fc8620647c545b0b09b5619a2074fa3ce9e1171570df847a74c7bea,441747,Lee2019_MI,Q15-E007,MU_BETA_SHARED,20260926,0.7734981179237366,0.22650185227394104,1
s03_1_offline_train_t028,3,1,offline_train,1,session1/s3/sess01_subj03_EEG_MI.mat,ed9be7033fc8620647c545b0b09b5619a2074fa3ce9e1171570df847a74c7bea,452696,Lee2019_MI,Q15-E007,MU_BETA_SHARED,20260926,0.8774543404579163,0.12254567444324493,1
s03_1_offline_train_t029,3,1,offline_train,1,session1/s3/sess01_subj03_EEG_MI.mat,ed9be7033fc8620647c545b0b09b5619a2074fa3ce9e1171570df847a74c7bea,463946,Lee2019_MI,Q15-E007,MU_BETA_SHARED,20260926,0.9972707629203796,0.002729244064539671,1
s03_1_offline_train_t030,3,1,offline_train,2,session1/s3/sess01_subj03_EEG_MI.mat,ed9be7033fc8620647c545b0b09b5619a2074fa3ce9e1171570df847a74c7bea,474713,Lee2019_MI,Q15-E007,MU_BETA_SHARED,20260926,0.2993660271167755,0.7006340026855469,2
s03_1_offline_train_t031,3,1,offline_train,1,session1/s3/sess01_subj03_EEG_MI.mat,ed9be7033fc8620647c545b0b09b5619a2074fa3ce9e1171570df847a74c7bea,485946,Lee2019_MI,Q15-E007,MU_BETA_SHARED,20260926,0.9357830286026001,0.06421694904565811,1
s03_1_offline_train_t032,3,1,offline_train,2,session1/s3/sess01_subj03_EEG_MI.mat,ed9be7033fc8620647c545b0b09b5619a2074fa3ce9e1171570df847a74c7bea,496546,Lee2019_MI,Q15-E007,MU_BETA_SHARED,20260926,0.7740292549133301,0.22597075998783112,1
s03_1_offline_train_t033,3,1,offline_train,1,session1/s3/sess01_subj03_EEG_MI.mat,ed9be7033fc8620647c545b0b09b5619a2074fa3ce9e1171570df847a74c7bea,507412,Lee2019_MI,Q15-E007,MU_BETA_SHARED,20260926,0.9672242403030396,0.03277580440044403,1
s03_1_offline_train_t034,3,1,offline_train,2,session1/s3/sess01_subj03_EEG_MI.mat,ed9be7033fc8620647c545b0b09b5619a2074fa3ce9e1171570df847a74c7bea,517995,Lee2019_MI,Q15-E007,MU_BETA_SHARED,20260926,0.05857478827238083,0.9414252042770386,2
s03_1_offline_train_t035,3,1,offline_train,2,session1/s3/sess01_subj03_EEG_MI.mat,ed9be7033fc8620647c545b0b09b5619a2074fa3ce9e1171570df847a74c7bea,528678,Lee2019_MI,Q15-E007,MU_BETA_SHARED,20260926,0.14379452168941498,0.8562054634094238,2
s03_1_offline_train_t036,3,1,offline_train,1,session1/s3/sess01_subj03_EEG_MI.mat,ed9be7033fc8620647c545b0b09b5619a2074fa3ce9e1171570df847a74c7bea,540011,Lee2019_MI,Q15-E007,MU_BETA_SHARED,20260926,0.926414966583252,0.07358504086732864,1
s03_1_offline_train_t037,3,1,offline_train,1,session1/s3/sess01_subj03_EEG_MI.mat,ed9be7033fc8620647c545b0b09b5619a2074fa3ce9e1171570df847a74c7bea,551245,Lee2019_MI,Q15-E007,MU_BETA_SHARED,20260926,0.9685009717941284,0.03149901703000069,1
s03_1_offline_train_t038,3,1,offline_train,2,session1/s3/sess01_subj03_EEG_MI.mat,ed9be7033fc8620647c545b0b09b5619a2074fa3ce9e1171570df847a74c7bea,562111,Lee2019_MI,Q15-E007,MU_BETA_SHARED,20260926,0.8919559121131897,0.10804406553506851,1
s03_1_offline_train_t039,3,1,offline_train,1,session1/s3/sess01_subj03_EEG_MI.mat,ed9be7033fc8620647c545b0b09b5619a2074fa3ce9e1171570df847a74c7bea,573627,Lee2019_MI,Q15-E007,MU_BETA_SHARED,20260926,0.9959498643875122,0.004050075076520443,1
s03_1_offline_train_t040,3,1,offline_train,1,session1/s3/sess01_subj03_EEG_MI.mat,ed9be7033fc8620647c545b0b09b5619a2074fa3ce9e1171570df847a74c7bea,584211,Lee2019_MI,Q15-E007,MU_BETA_SHARED,20260926,0.9878826141357422,0.012117418460547924,1
s03_1_offline_train_t041,3,1,offline_train,1,session1/s3/sess01_subj03_EEG_MI.mat,ed9be7033fc8620647c545b0b09b5619a2074fa3ce9e1171570df847a74c7bea,595177,Lee2019_MI,Q15-E007,MU_BETA_SHARED,20260926,0.9710586667060852,0.028941284865140915,1
s03_1_offline_train_t042,3,1,offline_train,1,session1/s3/sess01_subj03_EEG_MI.mat,ed9be7033fc8620647c545b0b09b5619a2074fa3ce9e1171570df847a74c7bea,606144,Lee2019_MI,Q15-E007,MU_BETA_SHARED,20260926,0.9963255524635315,0.0036744570825248957,1
s03_1_offline_train_t043,3,1,offline_train,2,session1/s3/sess01_subj03_EEG_MI.mat,ed9be7033fc8620647c545b0b09b5619a2074fa3ce9e1171570df847a74c7bea,617477,Lee2019_MI,Q15-E007,MU_BETA_SHARED,20260926,0.3771262764930725,0.6228737235069275,2
s03_1_offline_train_t044,3,1,offline_train,1,session1/s3/sess01_subj03_EEG_MI.mat,ed9be7033fc8620647c545b0b09b5619a2074fa3ce9e1171570df847a74c7bea,628792,Lee2019_MI,Q15-E007,MU_BETA_SHARED,20260926,0.9997962117195129,0.00020382732327561826,1
s03_1_offline_train_t045,3,1,offline_train,2,session1/s3/sess01_subj03_EEG_MI.mat,ed9be7033fc8620647c545b0b09b5619a2074fa3ce9e1171570df847a74c7bea,639576,Lee2019_MI,Q15-E007,MU_BETA_SHARED,20260926,0.8753816485404968,0.12461835145950317,1
s03_1_offline_train_t046,3,1,offline_train,1,session1/s3/sess01_subj03_EEG_MI.mat,ed9be7033fc8620647c545b0b09b5619a2074fa3ce9e1171570df847a74c7bea,650626,Lee2019_MI,Q15-E007,MU_BETA_SHARED,20260926,0.9989171028137207,0.0010829175589606166,1
s03_1_offline_train_t047,3,1,offline_train,1,session1/s3/sess01_subj03_EEG_MI.mat,ed9be7033fc8620647c545b0b09b5619a2074fa3ce9e1171570df847a74c7bea,661592,Lee2019_MI,Q15-E007,MU_BETA_SHARED,20260926,0.925225019454956,0.07477498799562454,1
s03_1_offline_train_t048,3,1,offline_train,1,session1/s3/sess01_subj03_EEG_MI.mat,ed9be7033fc8620647c545b0b09b5619a2074fa3ce9e1171570df847a74c7bea,672824,Lee2019_MI,Q15-E007,MU_BETA_SHARED,20260926,0.968034565448761,0.0319654606282711,1
s03_1_offline_train_t049,3,1,offline_train,2,session1/s3/sess01_subj03_EEG_MI.mat,ed9be7033fc8620647c545b0b09b5619a2074fa3ce9e1171570df847a74c7bea,684058,Lee2019_MI,Q15-E007,MU_BETA_SHARED,20260926,0.5629254579544067,0.43707460165023804,1
s03_1_offline_train_t050,3,1,offline_train,1,session1/s3/sess01_subj03_EEG_MI.mat,ed9be7033fc8620647c545b0b09b5619a2074fa3ce9e1171570df847a74c7bea,710075,Lee2019_MI,Q15-E007,MU_BETA_SHARED,20260926,0.9587668776512146,0.041233111172914505,1
s03_1_offline_train_t051,3,1,offline_train,1,session1/s3/sess01_subj03_EEG_MI.mat,ed9be7033fc8620647c545b0b09b5619a2074fa3ce9e1171570df847a74c7bea,720941,Lee2019_MI,Q15-E007,MU_BETA_SHARED,20260926,0.9279574155807495,0.0720425546169281,1
s03_1_offline_train_t052,3,1,offline_train,1,session1/s3/sess01_subj03_EEG_MI.mat,ed9be7033fc8620647c545b0b09b5619a2074fa3ce9e1171570df847a74c7bea,732174,Lee2019_MI,Q15-E007,MU_BETA_SHARED,20260926,0.392780601978302,0.6072193384170532,2
s03_1_offline_train_t053,3,1,offline_train,1,session1/s3/sess01_subj03_EEG_MI.mat,ed9be7033fc8620647c545b0b09b5619a2074fa3ce9e1171570df847a74c7bea,743408,Lee2019_MI,Q15-E007,MU_BETA_SHARED,20260926,0.9577857851982117,0.04221424460411072,1
s03_1_offline_train_t054,3,1,offline_train,2,session1/s3/sess01_subj03_EEG_MI.mat,ed9be7033fc8620647c545b0b09b5619a2074fa3ce9e1171570df847a74c7bea,754090,Lee2019_MI,Q15-E007,MU_BETA_SHARED,20260926,0.68780916929245,0.31219083070755005,1
s03_1_offline_train_t055,3,1,offline_train,1,session1/s3/sess01_subj03_EEG_MI.mat,ed9be7033fc8620647c545b0b09b5619a2074fa3ce9e1171570df847a74c7bea,764774,Lee2019_MI,Q15-E007,MU_BETA_SHARED,20260926,0.8789885640144348,0.12101138383150101,1
s03_1_offline_train_t056,3,1,offline_train,1,session1/s3/sess01_subj03_EEG_MI.mat,ed9be7033fc8620647c545b0b09b5619a2074fa3ce9e1171570df847a74c7bea,775824,Lee2019_MI,Q15-E007,MU_BETA_SHARED,20260926,0.9522125720977783,0.04778744652867317,1
s03_1_offline_train_t057,3,1,offline_train,2,session1/s3/sess01_subj03_EEG_MI.mat,ed9be7033fc8620647c545b0b09b5619a2074fa3ce9e1171570df847a74c7bea,787340,Lee2019_MI,Q15-E007,MU_BETA_SHARED,20260926,0.566433310508728,0.43356671929359436,1
s03_1_offline_train_t058,3,1,offline_train,2,session1/s3/sess01_subj03_EEG_MI.mat,ed9be7033fc8620647c545b0b09b5619a2074fa3ce9e1171570df847a74c7bea,798206,Lee2019_MI,Q15-E007,MU_BETA_SHARED,20260926,0.4196714460849762,0.5803285241127014,2
s03_1_offline_train_t059,3,1,offline_train,1,session1/s3/sess01_subj03_EEG_MI.mat,ed9be7033fc8620647c545b0b09b5619a2074fa3ce9e1171570df847a74c7bea,809356,Lee2019_MI,Q15-E007,MU_BETA_SHARED,20260926,0.9997424483299255,0.0002575070539023727,1
s03_1_offline_train_t060,3,1,offline_train,1,session1/s3/sess01_subj03_EEG_MI.mat,ed9be7033fc8620647c545b0b09b5619a2074fa3ce9e1171570df847a74c7bea,820122,Lee2019_MI,Q15-E007,MU_BETA_SHARED,20260926,0.9976880550384521,0.0023119321558624506,1
s03_1_offline_train_t061,3,1,offline_train,2,session1/s3/sess01_subj03_EEG_MI.mat,ed9be7033fc8620647c545b0b09b5619a2074fa3ce9e1171570df847a74c7bea,831456,Lee2019_MI,Q15-E007,MU_BETA_SHARED,20260926,0.4497445523738861,0.5502554774284363,2
s03_1_offline_train_t062,3,1,offline_train,2,session1/s3/sess01_subj03_EEG_MI.mat,ed9be7033fc8620647c545b0b09b5619a2074fa3ce9e1171570df847a74c7bea,842239,Lee2019_MI,Q15-E007,MU_BETA_SHARED,20260926,0.10615061223506927,0.8938494324684143,2
s03_1_offline_train_t063,3,1,offline_train,1,session1/s3/sess01_subj03_EEG_MI.mat,ed9be7033fc8620647c545b0b09b5619a2074fa3ce9e1171570df847a74c7bea,853289,Lee2019_MI,Q15-E007,MU_BETA_SHARED,20260926,0.9825828075408936,0.017417194321751595,1
s03_1_offline_train_t064,3,1,offline_train,2,session1/s3/sess01_subj03_EEG_MI.mat,ed9be7033fc8620647c545b0b09b5619a2074fa3ce9e1171570df847a74c7bea,864522,Lee2019_MI,Q15-E007,MU_BETA_SHARED,20260926,0.6820501089096069,0.31794992089271545,1
s03_1_offline_train_t065,3,1,offline_train,2,session1/s3/sess01_subj03_EEG_MI.mat,ed9be7033fc8620647c545b0b09b5619a2074fa3ce9e1171570df847a74c7bea,875955,Lee2019_MI,Q15-E007,MU_BETA_SHARED,20260926,0.03682936355471611,0.96317058801651,2
s03_1_offline_train_t066,3,1,offline_train,2,session1/s3/sess01_subj03_EEG_MI.mat,ed9be7033fc8620647c545b0b09b5619a2074fa3ce9e1171570df847a74c7bea,887471,Lee2019_MI,Q15-E007,MU_BETA_SHARED,20260926,0.18199984729290009,0.8180001378059387,2
s03_1_offline_train_t067,3,1,offline_train,2,session1/s3/sess01_subj03_EEG_MI.mat,ed9be7033fc8620647c545b0b09b5619a2074fa3ce9e1171570df847a74c7bea,898604,Lee2019_MI,Q15-E007,MU_BETA_SHARED,20260926,0.9883098602294922,0.011690143495798111,1
s03_1_offline_train_t068,3,1,offline_train,1,session1/s3/sess01_subj03_EEG_MI.mat,ed9be7033fc8620647c545b0b09b5619a2074fa3ce9e1171570df847a74c7bea,909288,Lee2019_MI,Q15-E007,MU_BETA_SHARED,20260926,0.9663899540901184,0.0336100198328495,1
s03_1_offline_train_t069,3,1,offline_train,1,session1/s3/sess01_subj03_EEG_MI.mat,ed9be7033fc8620647c545b0b09b5619a2074fa3ce9e1171570df847a74c7bea,919971,Lee2019_MI,Q15-E007,MU_BETA_SHARED,20260926,0.9888136982917786,0.011186320334672928,1
s03_1_offline_train_t070,3,1,offline_train,2,session1/s3/sess01_subj03_EEG_MI.mat,ed9be7033fc8620647c545b0b09b5619a2074fa3ce9e1171570df847a74c7bea,930752,Lee2019_MI,Q15-E007,MU_BETA_SHARED,20260926,0.6345518827438354,0.36544811725616455,1
s03_1_offline_train_t071,3,1,offline_train,1,session1/s3/sess01_subj03_EEG_MI.mat,ed9be7033fc8620647c545b0b09b5619a2074fa3ce9e1171570df847a74c7bea,942170,Lee2019_MI,Q15-E007,MU_BETA_SHARED,20260926,0.9046227335929871,0.09537727385759354,1
s03_1_offline_train_t072,3,1,offline_train,2,session1/s3/sess01_subj03_EEG_MI.mat,ed9be7033fc8620647c545b0b09b5619a2074fa3ce9e1171570df847a74c7bea,952937,Lee2019_MI,Q15-E007,MU_BETA_SHARED,20260926,0.9702335000038147,0.029766425490379333,1
s03_1_offline_train_t073,3,1,offline_train,2,session1/s3/sess01_subj03_EEG_MI.mat,ed9be7033fc8620647c545b0b09b5619a2074fa3ce9e1171570df847a74c7bea,964270,Lee2019_MI,Q15-E007,MU_BETA_SHARED,20260926,0.7090528607368469,0.2909471392631531,1
s03_1_offline_train_t074,3,1,offline_train,2,session1/s3/sess01_subj03_EEG_MI.mat,ed9be7033fc8620647c545b0b09b5619a2074fa3ce9e1171570df847a74c7bea,975053,Lee2019_MI,Q15-E007,MU_BETA_SHARED,20260926,0.909369170665741,0.09063077718019485,1
s03_1_offline_train_t075,3,1,offline_train,1,session1/s3/sess01_subj03_EEG_MI.mat,ed9be7033fc8620647c545b0b09b5619a2074fa3ce9e1171570df847a74c7bea,986568,Lee2019_MI,Q15-E007,MU_BETA_SHARED,20260926,0.8668543696403503,0.13314557075500488,1
s03_1_offline_train_t076,3,1,offline_train,2,session1/s3/sess01_subj03_EEG_MI.mat,ed9be7033fc8620647c545b0b09b5619a2074fa3ce9e1171570df847a74c7bea,997436,Lee2019_MI,Q15-E007,MU_BETA_SHARED,20260926,0.2089410424232483,0.7910589575767517,2
s03_1_offline_train_t077,3,1,offline_train,1,session1/s3/sess01_subj03_EEG_MI.mat,ed9be7033fc8620647c545b0b09b5619a2074fa3ce9e1171570df847a74c7bea,1008202,Lee2019_MI,Q15-E007,MU_BETA_SHARED,20260926,0.9920265078544617,0.007973482832312584,1
s03_1_offline_train_t078,3,1,offline_train,1,session1/s3/sess01_subj03_EEG_MI.mat,ed9be7033fc8620647c545b0b09b5619a2074fa3ce9e1171570df847a74c7bea,1018986,Lee2019_MI,Q15-E007,MU_BETA_SHARED,20260926,0.9826385974884033,0.017361339181661606,1
s03_1_offline_train_t079,3,1,offline_train,2,session1/s3/sess01_subj03_EEG_MI.mat,ed9be7033fc8620647c545b0b09b5619a2074fa3ce9e1171570df847a74c7bea,1030118,Lee2019_MI,Q15-E007,MU_BETA_SHARED,20260926,0.1770268678665161,0.8229731321334839,2
s03_1_offline_train_t080,3,1,offline_train,2,session1/s3/sess01_subj03_EEG_MI.mat,ed9be7033fc8620647c545b0b09b5619a2074fa3ce9e1171570df847a74c7bea,1041185,Lee2019_MI,Q15-E007,MU_BETA_SHARED,20260926,0.2102058380842209,0.7897942066192627,2
s03_1_offline_train_t081,3,1,offline_train,2,session1/s3/sess01_subj03_EEG_MI.mat,ed9be7033fc8620647c545b0b09b5619a2074fa3ce9e1171570df847a74c7bea,1052051,Lee2019_MI,Q15-E007,MU_BETA_SHARED,20260926,0.040235310792922974,0.9597646594047546,2
s03_1_offline_train_t082,3,1,offline_train,1,session1/s3/sess01_subj03_EEG_MI.mat,ed9be7033fc8620647c545b0b09b5619a2074fa3ce9e1171570df847a74c7bea,1063468,Lee2019_MI,Q15-E007,MU_BETA_SHARED,20260926,0.8678107261657715,0.1321892887353897,1
s03_1_offline_train_t083,3,1,offline_train,2,session1/s3/sess01_subj03_EEG_MI.mat,ed9be7033fc8620647c545b0b09b5619a2074fa3ce9e1171570df847a74c7bea,1074618,Lee2019_MI,Q15-E007,MU_BETA_SHARED,20260926,0.7740619778633118,0.22593802213668823,1
s03_1_offline_train_t084,3,1,offline_train,2,session1/s3/sess01_subj03_EEG_MI.mat,ed9be7033fc8620647c545b0b09b5619a2074fa3ce9e1171570df847a74c7bea,1085751,Lee2019_MI,Q15-E007,MU_BETA_SHARED,20260926,0.9518650770187378,0.04813497141003609,1
s03_1_offline_train_t085,3,1,offline_train,1,session1/s3/sess01_subj03_EEG_MI.mat,ed9be7033fc8620647c545b0b09b5619a2074fa3ce9e1171570df847a74c7bea,1097184,Lee2019_MI,Q15-E007,MU_BETA_SHARED,20260926,0.9926807284355164,0.007319229654967785,1
s03_1_offline_train_t086,3,1,offline_train,2,session1/s3/sess01_subj03_EEG_MI.mat,ed9be7033fc8620647c545b0b09b5619a2074fa3ce9e1171570df847a74c7bea,1108050,Lee2019_MI,Q15-E007,MU_BETA_SHARED,20260926,0.8584081530570984,0.14159183204174042,1
s03_1_offline_train_t087,3,1,offline_train,1,session1/s3/sess01_subj03_EEG_MI.mat,ed9be7033fc8620647c545b0b09b5619a2074fa3ce9e1171570df847a74c7bea,1119383,Lee2019_MI,Q15-E007,MU_BETA_SHARED,20260926,0.8943126797676086,0.10568734258413315,1
s03_1_offline_train_t088,3,1,offline_train,2,session1/s3/sess01_subj03_EEG_MI.mat,ed9be7033fc8620647c545b0b09b5619a2074fa3ce9e1171570df847a74c7bea,1130717,Lee2019_MI,Q15-E007,MU_BETA_SHARED,20260926,0.9697844982147217,0.03021552413702011,1
s03_1_offline_train_t089,3,1,offline_train,2,session1/s3/sess01_subj03_EEG_MI.mat,ed9be7033fc8620647c545b0b09b5619a2074fa3ce9e1171570df847a74c7bea,1141666,Lee2019_MI,Q15-E007,MU_BETA_SHARED,20260926,0.9691663980484009,0.030833635479211807,1
s03_1_offline_train_t090,3,1,offline_train,2,session1/s3/sess01_subj03_EEG_MI.mat,ed9be7033fc8620647c545b0b09b5619a2074fa3ce9e1171570df847a74c7bea,1152816,Lee2019_MI,Q15-E007,MU_BETA_SHARED,20260926,0.36664706468582153,0.6333529353141785,2
s03_1_offline_train_t091,3,1,offline_train,2,session1/s3/sess01_subj03_EEG_MI.mat,ed9be7033fc8620647c545b0b09b5619a2074fa3ce9e1171570df847a74c7bea,1163399,Lee2019_MI,Q15-E007,MU_BETA_SHARED,20260926,0.8409236073493958,0.15907645225524902,1
s03_1_offline_train_t092,3,1,offline_train,2,session1/s3/sess01_subj03_EEG_MI.mat,ed9be7033fc8620647c545b0b09b5619a2074fa3ce9e1171570df847a74c7bea,1173999,Lee2019_MI,Q15-E007,MU_BETA_SHARED,20260926,0.5277775526046753,0.4722224473953247,1
s03_1_offline_train_t093,3,1,offline_train,1,session1/s3/sess01_subj03_EEG_MI.mat,ed9be7033fc8620647c545b0b09b5619a2074fa3ce9e1171570df847a74c7bea,1185049,Lee2019_MI,Q15-E007,MU_BETA_SHARED,20260926,0.8902606964111328,0.1097392588853836,1
s03_1_offline_train_t094,3,1,offline_train,2,session1/s3/sess01_subj03_EEG_MI.mat,ed9be7033fc8620647c545b0b09b5619a2074fa3ce9e1171570df847a74c7bea,1196382,Lee2019_MI,Q15-E007,MU_BETA_SHARED,20260926,0.3936452567577362,0.6063547134399414,2
s03_1_offline_train_t095,3,1,offline_train,1,session1/s3/sess01_subj03_EEG_MI.mat,ed9be7033fc8620647c545b0b09b5619a2074fa3ce9e1171570df847a74c7bea,1207898,Lee2019_MI,Q15-E007,MU_BETA_SHARED,20260926,0.99623042345047,0.0037695374339818954,1
s03_1_offline_train_t096,3,1,offline_train,1,session1/s3/sess01_subj03_EEG_MI.mat,ed9be7033fc8620647c545b0b09b5619a2074fa3ce9e1171570df847a74c7bea,1218582,Lee2019_MI,Q15-E007,MU_BETA_SHARED,20260926,0.997238039970398,0.0027619055472314358,1
s03_1_offline_train_t097,3,1,offline_train,2,session1/s3/sess01_subj03_EEG_MI.mat,ed9be7033fc8620647c545b0b09b5619a2074fa3ce9e1171570df847a74c7bea,1229714,Lee2019_MI,Q15-E007,MU_BETA_SHARED,20260926,0.8194892406463623,0.18051078915596008,1
s03_1_offline_train_t098,3,1,offline_train,1,session1/s3/sess01_subj03_EEG_MI.mat,ed9be7033fc8620647c545b0b09b5619a2074fa3ce9e1171570df847a74c7bea,1240764,Lee2019_MI,Q15-E007,MU_BETA_SHARED,20260926,0.9979571104049683,0.00204289797693491,1
s03_1_offline_train_t099,3,1,offline_train,2,session1/s3/sess01_subj03_EEG_MI.mat,ed9be7033fc8620647c545b0b09b5619a2074fa3ce9e1171570df847a74c7bea,1251364,Lee2019_MI,Q15-E007,MU_BETA_SHARED,20260926,0.8411597013473511,0.15884026885032654,1
s03_1_offline_train_t100,3,1,offline_train,2,session1/s3/sess01_subj03_EEG_MI.mat,ed9be7033fc8620647c545b0b09b5619a2074fa3ce9e1171570df847a74c7bea,1262231,Lee2019_MI,Q15-E007,MU_BETA_SHARED,20260926,0.8414251208305359,0.15857486426830292,1
s03_2_offline_train_t001,3,2,offline_train,1,session2/s3/sess02_subj03_EEG_MI.mat,46c12e798f4bca1443479f032bf54633cd60d4d286af9ec80f0e1bbd2c35295c,145012,Lee2019_MI,Q15-E007,MU_BETA_SHARED,20260926,0.9888548254966736,0.011145191267132759,1
s03_2_offline_train_t002,3,2,offline_train,2,session2/s3/sess02_subj03_EEG_MI.mat,46c12e798f4bca1443479f032bf54633cd60d4d286af9ec80f0e1bbd2c35295c,156547,Lee2019_MI,Q15-E007,MU_BETA_SHARED,20260926,0.06690266728401184,0.9330973625183105,2
s03_2_offline_train_t003,3,2,offline_train,1,session2/s3/sess02_subj03_EEG_MI.mat,46c12e798f4bca1443479f032bf54633cd60d4d286af9ec80f0e1bbd2c35295c,167230,Lee2019_MI,Q15-E007,MU_BETA_SHARED,20260926,0.997404158115387,0.0025958712212741375,1
s03_2_offline_train_t004,3,2,offline_train,1,session2/s3/sess02_subj03_EEG_MI.mat,46c12e798f4bca1443479f032bf54633cd60d4d286af9ec80f0e1bbd2c35295c,178747,Lee2019_MI,Q15-E007,MU_BETA_SHARED,20260926,0.9897844195365906,0.010215585120022297,1
s03_2_offline_train_t005,3,2,offline_train,2,session2/s3/sess02_subj03_EEG_MI.mat,46c12e798f4bca1443479f032bf54633cd60d4d286af9ec80f0e1bbd2c35295c,189896,Lee2019_MI,Q15-E007,MU_BETA_SHARED,20260926,0.004477350972592831,0.9955226182937622,2
s03_2_offline_train_t006,3,2,offline_train,2,session2/s3/sess02_subj03_EEG_MI.mat,46c12e798f4bca1443479f032bf54633cd60d4d286af9ec80f0e1bbd2c35295c,200579,Lee2019_MI,Q15-E007,MU_BETA_SHARED,20260926,0.3141848146915436,0.6858152151107788,2
s03_2_offline_train_t007,3,2,offline_train,1,session2/s3/sess02_subj03_EEG_MI.mat,46c12e798f4bca1443479f032bf54633cd60d4d286af9ec80f0e1bbd2c35295c,211446,Lee2019_MI,Q15-E007,MU_BETA_SHARED,20260926,0.8625843524932861,0.13741566240787506,1
s03_2_offline_train_t008,3,2,offline_train,2,session2/s3/sess02_subj03_EEG_MI.mat,46c12e798f4bca1443479f032bf54633cd60d4d286af9ec80f0e1bbd2c35295c,222579,Lee2019_MI,Q15-E007,MU_BETA_SHARED,20260926,0.009547153487801552,0.9904528856277466,2
s03_2_offline_train_t009,3,2,offline_train,1,session2/s3/sess02_subj03_EEG_MI.mat,46c12e798f4bca1443479f032bf54633cd60d4d286af9ec80f0e1bbd2c35295c,234095,Lee2019_MI,Q15-E007,MU_BETA_SHARED,20260926,0.9998140931129456,0.00018598709721118212,1
s03_2_offline_train_t010,3,2,offline_train,1,session2/s3/sess02_subj03_EEG_MI.mat,46c12e798f4bca1443479f032bf54633cd60d4d286af9ec80f0e1bbd2c35295c,245612,Lee2019_MI,Q15-E007,MU_BETA_SHARED,20260926,0.9996218681335449,0.00037807520129717886,1
s03_2_offline_train_t011,3,2,offline_train,2,session2/s3/sess02_subj03_EEG_MI.mat,46c12e798f4bca1443479f032bf54633cd60d4d286af9ec80f0e1bbd2c35295c,256295,Lee2019_MI,Q15-E007,MU_BETA_SHARED,20260926,0.14636650681495667,0.8536335229873657,2
s03_2_offline_train_t012,3,2,offline_train,2,session2/s3/sess02_subj03_EEG_MI.mat,46c12e798f4bca1443479f032bf54633cd60d4d286af9ec80f0e1bbd2c35295c,267812,Lee2019_MI,Q15-E007,MU_BETA_SHARED,20260926,0.23947924375534058,0.7605207562446594,2
s03_2_offline_train_t013,3,2,offline_train,1,session2/s3/sess02_subj03_EEG_MI.mat,46c12e798f4bca1443479f032bf54633cd60d4d286af9ec80f0e1bbd2c35295c,279328,Lee2019_MI,Q15-E007,MU_BETA_SHARED,20260926,0.9997586607933044,0.00024133217812050134,1
s03_2_offline_train_t014,3,2,offline_train,1,session2/s3/sess02_subj03_EEG_MI.mat,46c12e798f4bca1443479f032bf54633cd60d4d286af9ec80f0e1bbd2c35295c,290378,Lee2019_MI,Q15-E007,MU_BETA_SHARED,20260926,0.9943566918373108,0.005643259268254042,1
s03_2_offline_train_t015,3,2,offline_train,2,session2/s3/sess02_subj03_EEG_MI.mat,46c12e798f4bca1443479f032bf54633cd60d4d286af9ec80f0e1bbd2c35295c,301711,Lee2019_MI,Q15-E007,MU_BETA_SHARED,20260926,0.9485843181610107,0.05141565948724747,1
s03_2_offline_train_t016,3,2,offline_train,1,session2/s3/sess02_subj03_EEG_MI.mat,46c12e798f4bca1443479f032bf54633cd60d4d286af9ec80f0e1bbd2c35295c,312394,Lee2019_MI,Q15-E007,MU_BETA_SHARED,20260926,0.9754716157913208,0.024528393521904945,1
s03_2_offline_train_t017,3,2,offline_train,1,session2/s3/sess02_subj03_EEG_MI.mat,46c12e798f4bca1443479f032bf54633cd60d4d286af9ec80f0e1bbd2c35295c,323361,Lee2019_MI,Q15-E007,MU_BETA_SHARED,20260926,0.99839848279953,0.0016015415312722325,1
s03_2_offline_train_t018,3,2,offline_train,1,session2/s3/sess02_subj03_EEG_MI.mat,46c12e798f4bca1443479f032bf54633cd60d4d286af9ec80f0e1bbd2c35295c,334777,Lee2019_MI,Q15-E007,MU_BETA_SHARED,20260926,0.9519713521003723,0.048028625547885895,1
s03_2_offline_train_t019,3,2,offline_train,1,session2/s3/sess02_subj03_EEG_MI.mat,46c12e798f4bca1443479f032bf54633cd60d4d286af9ec80f0e1bbd2c35295c,346110,Lee2019_MI,Q15-E007,MU_BETA_SHARED,20260926,0.8148677349090576,0.18513226509094238,1
s03_2_offline_train_t020,3,2,offline_train,2,session2/s3/sess02_subj03_EEG_MI.mat,46c12e798f4bca1443479f032bf54633cd60d4d286af9ec80f0e1bbd2c35295c,357627,Lee2019_MI,Q15-E007,MU_BETA_SHARED,20260926,0.05513801798224449,0.9448620080947876,2
s03_2_offline_train_t021,3,2,offline_train,2,session2/s3/sess02_subj03_EEG_MI.mat,46c12e798f4bca1443479f032bf54633cd60d4d286af9ec80f0e1bbd2c35295c,368860,Lee2019_MI,Q15-E007,MU_BETA_SHARED,20260926,0.35540860891342163,0.6445913910865784,2
s03_2_offline_train_t022,3,2,offline_train,1,session2/s3/sess02_subj03_EEG_MI.mat,46c12e798f4bca1443479f032bf54633cd60d4d286af9ec80f0e1bbd2c35295c,379460,Lee2019_MI,Q15-E007,MU_BETA_SHARED,20260926,0.9161512851715088,0.08384876698255539,1
s03_2_offline_train_t023,3,2,offline_train,2,session2/s3/sess02_subj03_EEG_MI.mat,46c12e798f4bca1443479f032bf54633cd60d4d286af9ec80f0e1bbd2c35295c,390876,Lee2019_MI,Q15-E007,MU_BETA_SHARED,20260926,0.37249499559402466,0.6275049448013306,2
s03_2_offline_train_t024,3,2,offline_train,2,session2/s3/sess02_subj03_EEG_MI.mat,46c12e798f4bca1443479f032bf54633cd60d4d286af9ec80f0e1bbd2c35295c,402393,Lee2019_MI,Q15-E007,MU_BETA_SHARED,20260926,0.4609299302101135,0.5390700697898865,2
s03_2_offline_train_t025,3,2,offline_train,2,session2/s3/sess02_subj03_EEG_MI.mat,46c12e798f4bca1443479f032bf54633cd60d4d286af9ec80f0e1bbd2c35295c,413642,Lee2019_MI,Q15-E007,MU_BETA_SHARED,20260926,0.5118571519851685,0.48814284801483154,1
s03_2_offline_train_t026,3,2,offline_train,1,session2/s3/sess02_subj03_EEG_MI.mat,46c12e798f4bca1443479f032bf54633cd60d4d286af9ec80f0e1bbd2c35295c,424959,Lee2019_MI,Q15-E007,MU_BETA_SHARED,20260926,0.9984844326972961,0.001515594427473843,1
s03_2_offline_train_t027,3,2,offline_train,2,session2/s3/sess02_subj03_EEG_MI.mat,46c12e798f4bca1443479f032bf54633cd60d4d286af9ec80f0e1bbd2c35295c,436292,Lee2019_MI,Q15-E007,MU_BETA_SHARED,20260926,0.2509957551956177,0.7490042448043823,2
s03_2_offline_train_t028,3,2,offline_train,1,session2/s3/sess02_subj03_EEG_MI.mat,46c12e798f4bca1443479f032bf54633cd60d4d286af9ec80f0e1bbd2c35295c,447259,Lee2019_MI,Q15-E007,MU_BETA_SHARED,20260926,0.9945616126060486,0.005438387859612703,1
s03_2_offline_train_t029,3,2,offline_train,1,session2/s3/sess02_subj03_EEG_MI.mat,46c12e798f4bca1443479f032bf54633cd60d4d286af9ec80f0e1bbd2c35295c,458492,Lee2019_MI,Q15-E007,MU_BETA_SHARED,20260926,0.9974325299263,0.002567446557804942,1
s03_2_offline_train_t030,3,2,offline_train,2,session2/s3/sess02_subj03_EEG_MI.mat,46c12e798f4bca1443479f032bf54633cd60d4d286af9ec80f0e1bbd2c35295c,469175,Lee2019_MI,Q15-E007,MU_BETA_SHARED,20260926,0.10804321616888046,0.8919567465782166,2
s03_2_offline_train_t031,3,2,offline_train,1,session2/s3/sess02_subj03_EEG_MI.mat,46c12e798f4bca1443479f032bf54633cd60d4d286af9ec80f0e1bbd2c35295c,480408,Lee2019_MI,Q15-E007,MU_BETA_SHARED,20260926,0.999913215637207,8.68144998094067e-05,1
s03_2_offline_train_t032,3,2,offline_train,2,session2/s3/sess02_subj03_EEG_MI.mat,46c12e798f4bca1443479f032bf54633cd60d4d286af9ec80f0e1bbd2c35295c,491008,Lee2019_MI,Q15-E007,MU_BETA_SHARED,20260926,0.2450326532125473,0.7549673318862915,2
s03_2_offline_train_t033,3,2,offline_train,1,session2/s3/sess02_subj03_EEG_MI.mat,46c12e798f4bca1443479f032bf54633cd60d4d286af9ec80f0e1bbd2c35295c,501874,Lee2019_MI,Q15-E007,MU_BETA_SHARED,20260926,0.9938148260116577,0.006185212172567844,1
s03_2_offline_train_t034,3,2,offline_train,2,session2/s3/sess02_subj03_EEG_MI.mat,46c12e798f4bca1443479f032bf54633cd60d4d286af9ec80f0e1bbd2c35295c,512457,Lee2019_MI,Q15-E007,MU_BETA_SHARED,20260926,0.9629654884338379,0.0370345413684845,1
s03_2_offline_train_t035,3,2,offline_train,2,session2/s3/sess02_subj03_EEG_MI.mat,46c12e798f4bca1443479f032bf54633cd60d4d286af9ec80f0e1bbd2c35295c,523140,Lee2019_MI,Q15-E007,MU_BETA_SHARED,20260926,0.01568346656858921,0.9843164682388306,2
s03_2_offline_train_t036,3,2,offline_train,1,session2/s3/sess02_subj03_EEG_MI.mat,46c12e798f4bca1443479f032bf54633cd60d4d286af9ec80f0e1bbd2c35295c,534474,Lee2019_MI,Q15-E007,MU_BETA_SHARED,20260926,0.9974784255027771,0.0025215584319084883,1
s03_2_offline_train_t037,3,2,offline_train,1,session2/s3/sess02_subj03_EEG_MI.mat,46c12e798f4bca1443479f032bf54633cd60d4d286af9ec80f0e1bbd2c35295c,545707,Lee2019_MI,Q15-E007,MU_BETA_SHARED,20260926,0.9896163940429688,0.010383649729192257,1
s03_2_offline_train_t038,3,2,offline_train,2,session2/s3/sess02_subj03_EEG_MI.mat,46c12e798f4bca1443479f032bf54633cd60d4d286af9ec80f0e1bbd2c35295c,556573,Lee2019_MI,Q15-E007,MU_BETA_SHARED,20260926,0.035158105194568634,0.9648418426513672,2
s03_2_offline_train_t039,3,2,offline_train,1,session2/s3/sess02_subj03_EEG_MI.mat,46c12e798f4bca1443479f032bf54633cd60d4d286af9ec80f0e1bbd2c35295c,568090,Lee2019_MI,Q15-E007,MU_BETA_SHARED,20260926,0.9890950322151184,0.010904996655881405,1
s03_2_offline_train_t040,3,2,offline_train,1,session2/s3/sess02_subj03_EEG_MI.mat,46c12e798f4bca1443479f032bf54633cd60d4d286af9ec80f0e1bbd2c35295c,578673,Lee2019_MI,Q15-E007,MU_BETA_SHARED,20260926,0.9992146492004395,0.0007852886919863522,1
s03_2_offline_train_t041,3,2,offline_train,1,session2/s3/sess02_subj03_EEG_MI.mat,46c12e798f4bca1443479f032bf54633cd60d4d286af9ec80f0e1bbd2c35295c,589639,Lee2019_MI,Q15-E007,MU_BETA_SHARED,20260926,0.857859194278717,0.14214080572128296,1
s03_2_offline_train_t042,3,2,offline_train,1,session2/s3/sess02_subj03_EEG_MI.mat,46c12e798f4bca1443479f032bf54633cd60d4d286af9ec80f0e1bbd2c35295c,600606,Lee2019_MI,Q15-E007,MU_BETA_SHARED,20260926,0.8771449327468872,0.1228550598025322,1
s03_2_offline_train_t043,3,2,offline_train,2,session2/s3/sess02_subj03_EEG_MI.mat,46c12e798f4bca1443479f032bf54633cd60d4d286af9ec80f0e1bbd2c35295c,611922,Lee2019_MI,Q15-E007,MU_BETA_SHARED,20260926,0.23071737587451935,0.7692825794219971,2
s03_2_offline_train_t044,3,2,offline_train,1,session2/s3/sess02_subj03_EEG_MI.mat,46c12e798f4bca1443479f032bf54633cd60d4d286af9ec80f0e1bbd2c35295c,623255,Lee2019_MI,Q15-E007,MU_BETA_SHARED,20260926,0.5037891268730164,0.49621087312698364,1
s03_2_offline_train_t045,3,2,offline_train,2,session2/s3/sess02_subj03_EEG_MI.mat,46c12e798f4bca1443479f032bf54633cd60d4d286af9ec80f0e1bbd2c35295c,634039,Lee2019_MI,Q15-E007,MU_BETA_SHARED,20260926,0.35797783732414246,0.6420221924781799,2
s03_2_offline_train_t046,3,2,offline_train,1,session2/s3/sess02_subj03_EEG_MI.mat,46c12e798f4bca1443479f032bf54633cd60d4d286af9ec80f0e1bbd2c35295c,645088,Lee2019_MI,Q15-E007,MU_BETA_SHARED,20260926,0.9369149208068848,0.06308501958847046,1
s03_2_offline_train_t047,3,2,offline_train,1,session2/s3/sess02_subj03_EEG_MI.mat,46c12e798f4bca1443479f032bf54633cd60d4d286af9ec80f0e1bbd2c35295c,656055,Lee2019_MI,Q15-E007,MU_BETA_SHARED,20260926,0.9551706910133362,0.044829342514276505,1
s03_2_offline_train_t048,3,2,offline_train,1,session2/s3/sess02_subj03_EEG_MI.mat,46c12e798f4bca1443479f032bf54633cd60d4d286af9ec80f0e1bbd2c35295c,667288,Lee2019_MI,Q15-E007,MU_BETA_SHARED,20260926,0.7199418544769287,0.2800581157207489,1
s03_2_offline_train_t049,3,2,offline_train,2,session2/s3/sess02_subj03_EEG_MI.mat,46c12e798f4bca1443479f032bf54633cd60d4d286af9ec80f0e1bbd2c35295c,678521,Lee2019_MI,Q15-E007,MU_BETA_SHARED,20260926,0.004936797544360161,0.9950632452964783,2
s03_2_offline_train_t050,3,2,offline_train,1,session2/s3/sess02_subj03_EEG_MI.mat,46c12e798f4bca1443479f032bf54633cd60d4d286af9ec80f0e1bbd2c35295c,741403,Lee2019_MI,Q15-E007,MU_BETA_SHARED,20260926,0.7010040283203125,0.2989960312843323,1
s03_2_offline_train_t051,3,2,offline_train,1,session2/s3/sess02_subj03_EEG_MI.mat,46c12e798f4bca1443479f032bf54633cd60d4d286af9ec80f0e1bbd2c35295c,752270,Lee2019_MI,Q15-E007,MU_BETA_SHARED,20260926,0.7257016897201538,0.2742982506752014,1
s03_2_offline_train_t052,3,2,offline_train,1,session2/s3/sess02_subj03_EEG_MI.mat,46c12e798f4bca1443479f032bf54633cd60d4d286af9ec80f0e1bbd2c35295c,763503,Lee2019_MI,Q15-E007,MU_BETA_SHARED,20260926,0.9859909415245056,0.014009072445333004,1
s03_2_offline_train_t053,3,2,offline_train,1,session2/s3/sess02_subj03_EEG_MI.mat,46c12e798f4bca1443479f032bf54633cd60d4d286af9ec80f0e1bbd2c35295c,774753,Lee2019_MI,Q15-E007,MU_BETA_SHARED,20260926,0.9815791845321655,0.01842084713280201,1
s03_2_offline_train_t054,3,2,offline_train,2,session2/s3/sess02_subj03_EEG_MI.mat,46c12e798f4bca1443479f032bf54633cd60d4d286af9ec80f0e1bbd2c35295c,785419,Lee2019_MI,Q15-E007,MU_BETA_SHARED,20260926,0.14311844110488892,0.8568815588951111,2
s03_2_offline_train_t055,3,2,offline_train,1,session2/s3/sess02_subj03_EEG_MI.mat,46c12e798f4bca1443479f032bf54633cd60d4d286af9ec80f0e1bbd2c35295c,796102,Lee2019_MI,Q15-E007,MU_BETA_SHARED,20260926,0.9997068047523499,0.0002931578201241791,1
s03_2_offline_train_t056,3,2,offline_train,1,session2/s3/sess02_subj03_EEG_MI.mat,46c12e798f4bca1443479f032bf54633cd60d4d286af9ec80f0e1bbd2c35295c,807152,Lee2019_MI,Q15-E007,MU_BETA_SHARED,20260926,0.8483020663261414,0.15169797837734222,1
s03_2_offline_train_t057,3,2,offline_train,2,session2/s3/sess02_subj03_EEG_MI.mat,46c12e798f4bca1443479f032bf54633cd60d4d286af9ec80f0e1bbd2c35295c,818669,Lee2019_MI,Q15-E007,MU_BETA_SHARED,20260926,0.1565753072500229,0.8434247374534607,2
s03_2_offline_train_t058,3,2,offline_train,2,session2/s3/sess02_subj03_EEG_MI.mat,46c12e798f4bca1443479f032bf54633cd60d4d286af9ec80f0e1bbd2c35295c,829535,Lee2019_MI,Q15-E007,MU_BETA_SHARED,20260926,0.22521674633026123,0.7747832536697388,2
s03_2_offline_train_t059,3,2,offline_train,1,session2/s3/sess02_subj03_EEG_MI.mat,46c12e798f4bca1443479f032bf54633cd60d4d286af9ec80f0e1bbd2c35295c,840685,Lee2019_MI,Q15-E007,MU_BETA_SHARED,20260926,0.9956642985343933,0.004335705656558275,1
s03_2_offline_train_t060,3,2,offline_train,1,session2/s3/sess02_subj03_EEG_MI.mat,46c12e798f4bca1443479f032bf54633cd60d4d286af9ec80f0e1bbd2c35295c,851468,Lee2019_MI,Q15-E007,MU_BETA_SHARED,20260926,0.9916970729827881,0.008302906528115273,1
s03_2_offline_train_t061,3,2,offline_train,2,session2/s3/sess02_subj03_EEG_MI.mat,46c12e798f4bca1443479f032bf54633cd60d4d286af9ec80f0e1bbd2c35295c,862801,Lee2019_MI,Q15-E007,MU_BETA_SHARED,20260926,0.4034540355205536,0.5965459942817688,2
s03_2_offline_train_t062,3,2,offline_train,2,session2/s3/sess02_subj03_EEG_MI.mat,46c12e798f4bca1443479f032bf54633cd60d4d286af9ec80f0e1bbd2c35295c,873568,Lee2019_MI,Q15-E007,MU_BETA_SHARED,20260926,0.5485185384750366,0.451481431722641,1
s03_2_offline_train_t063,3,2,offline_train,1,session2/s3/sess02_subj03_EEG_MI.mat,46c12e798f4bca1443479f032bf54633cd60d4d286af9ec80f0e1bbd2c35295c,884618,Lee2019_MI,Q15-E007,MU_BETA_SHARED,20260926,0.9999133348464966,8.663204789627343e-05,1
s03_2_offline_train_t064,3,2,offline_train,2,session2/s3/sess02_subj03_EEG_MI.mat,46c12e798f4bca1443479f032bf54633cd60d4d286af9ec80f0e1bbd2c35295c,895851,Lee2019_MI,Q15-E007,MU_BETA_SHARED,20260926,0.7078153491020203,0.29218462109565735,1
s03_2_offline_train_t065,3,2,offline_train,2,session2/s3/sess02_subj03_EEG_MI.mat,46c12e798f4bca1443479f032bf54633cd60d4d286af9ec80f0e1bbd2c35295c,907284,Lee2019_MI,Q15-E007,MU_BETA_SHARED,20260926,0.007752469275146723,0.992247462272644,2
s03_2_offline_train_t066,3,2,offline_train,2,session2/s3/sess02_subj03_EEG_MI.mat,46c12e798f4bca1443479f032bf54633cd60d4d286af9ec80f0e1bbd2c35295c,918800,Lee2019_MI,Q15-E007,MU_BETA_SHARED,20260926,0.09696661680936813,0.903033435344696,2
s03_2_offline_train_t067,3,2,offline_train,2,session2/s3/sess02_subj03_EEG_MI.mat,46c12e798f4bca1443479f032bf54633cd60d4d286af9ec80f0e1bbd2c35295c,929950,Lee2019_MI,Q15-E007,MU_BETA_SHARED,20260926,0.08918586373329163,0.910814106464386,2
s03_2_offline_train_t068,3,2,offline_train,1,session2/s3/sess02_subj03_EEG_MI.mat,46c12e798f4bca1443479f032bf54633cd60d4d286af9ec80f0e1bbd2c35295c,940633,Lee2019_MI,Q15-E007,MU_BETA_SHARED,20260926,0.9852142930030823,0.014785679057240486,1
s03_2_offline_train_t069,3,2,offline_train,1,session2/s3/sess02_subj03_EEG_MI.mat,46c12e798f4bca1443479f032bf54633cd60d4d286af9ec80f0e1bbd2c35295c,951299,Lee2019_MI,Q15-E007,MU_BETA_SHARED,20260926,0.9909222722053528,0.00907775480300188,1
s03_2_offline_train_t070,3,2,offline_train,2,session2/s3/sess02_subj03_EEG_MI.mat,46c12e798f4bca1443479f032bf54633cd60d4d286af9ec80f0e1bbd2c35295c,962082,Lee2019_MI,Q15-E007,MU_BETA_SHARED,20260926,0.0060976482927799225,0.993902325630188,2
s03_2_offline_train_t071,3,2,offline_train,1,session2/s3/sess02_subj03_EEG_MI.mat,46c12e798f4bca1443479f032bf54633cd60d4d286af9ec80f0e1bbd2c35295c,973499,Lee2019_MI,Q15-E007,MU_BETA_SHARED,20260926,0.9997153878211975,0.00028455836581997573,1
s03_2_offline_train_t072,3,2,offline_train,2,session2/s3/sess02_subj03_EEG_MI.mat,46c12e798f4bca1443479f032bf54633cd60d4d286af9ec80f0e1bbd2c35295c,984282,Lee2019_MI,Q15-E007,MU_BETA_SHARED,20260926,0.09191645681858063,0.9080835580825806,2
s03_2_offline_train_t073,3,2,offline_train,2,session2/s3/sess02_subj03_EEG_MI.mat,46c12e798f4bca1443479f032bf54633cd60d4d286af9ec80f0e1bbd2c35295c,995615,Lee2019_MI,Q15-E007,MU_BETA_SHARED,20260926,0.1985781490802765,0.8014218807220459,2
s03_2_offline_train_t074,3,2,offline_train,2,session2/s3/sess02_subj03_EEG_MI.mat,46c12e798f4bca1443479f032bf54633cd60d4d286af9ec80f0e1bbd2c35295c,1006382,Lee2019_MI,Q15-E007,MU_BETA_SHARED,20260926,0.29592570662498474,0.7040743231773376,2
s03_2_offline_train_t075,3,2,offline_train,1,session2/s3/sess02_subj03_EEG_MI.mat,46c12e798f4bca1443479f032bf54633cd60d4d286af9ec80f0e1bbd2c35295c,1017898,Lee2019_MI,Q15-E007,MU_BETA_SHARED,20260926,0.999956488609314,4.351753887021914e-05,1
s03_2_offline_train_t076,3,2,offline_train,2,session2/s3/sess02_subj03_EEG_MI.mat,46c12e798f4bca1443479f032bf54633cd60d4d286af9ec80f0e1bbd2c35295c,1028765,Lee2019_MI,Q15-E007,MU_BETA_SHARED,20260926,0.009354489855468273,0.9906455278396606,2
s03_2_offline_train_t077,3,2,offline_train,1,session2/s3/sess02_subj03_EEG_MI.mat,46c12e798f4bca1443479f032bf54633cd60d4d286af9ec80f0e1bbd2c35295c,1039548,Lee2019_MI,Q15-E007,MU_BETA_SHARED,20260926,0.9998724460601807,0.00012754435010720044,1
s03_2_offline_train_t078,3,2,offline_train,1,session2/s3/sess02_subj03_EEG_MI.mat,46c12e798f4bca1443479f032bf54633cd60d4d286af9ec80f0e1bbd2c35295c,1050315,Lee2019_MI,Q15-E007,MU_BETA_SHARED,20260926,0.9996235370635986,0.0003764246648643166,1
s03_2_offline_train_t079,3,2,offline_train,2,session2/s3/sess02_subj03_EEG_MI.mat,46c12e798f4bca1443479f032bf54633cd60d4d286af9ec80f0e1bbd2c35295c,1061464,Lee2019_MI,Q15-E007,MU_BETA_SHARED,20260926,0.9731876254081726,0.0268123596906662,1
s03_2_offline_train_t080,3,2,offline_train,2,session2/s3/sess02_subj03_EEG_MI.mat,46c12e798f4bca1443479f032bf54633cd60d4d286af9ec80f0e1bbd2c35295c,1072514,Lee2019_MI,Q15-E007,MU_BETA_SHARED,20260926,0.7230991125106812,0.27690088748931885,1
s03_2_offline_train_t081,3,2,offline_train,2,session2/s3/sess02_subj03_EEG_MI.mat,46c12e798f4bca1443479f032bf54633cd60d4d286af9ec80f0e1bbd2c35295c,1083381,Lee2019_MI,Q15-E007,MU_BETA_SHARED,20260926,0.16543731093406677,0.8345626592636108,2
s03_2_offline_train_t082,3,2,offline_train,1,session2/s3/sess02_subj03_EEG_MI.mat,46c12e798f4bca1443479f032bf54633cd60d4d286af9ec80f0e1bbd2c35295c,1094797,Lee2019_MI,Q15-E007,MU_BETA_SHARED,20260926,0.9999715089797974,2.8487986128311604e-05,1
s03_2_offline_train_t083,3,2,offline_train,2,session2/s3/sess02_subj03_EEG_MI.mat,46c12e798f4bca1443479f032bf54633cd60d4d286af9ec80f0e1bbd2c35295c,1105947,Lee2019_MI,Q15-E007,MU_BETA_SHARED,20260926,0.9723269939422607,0.027672983705997467,1
s03_2_offline_train_t084,3,2,offline_train,2,session2/s3/sess02_subj03_EEG_MI.mat,46c12e798f4bca1443479f032bf54633cd60d4d286af9ec80f0e1bbd2c35295c,1116997,Lee2019_MI,Q15-E007,MU_BETA_SHARED,20260926,0.07489549368619919,0.9251044988632202,2
s03_2_offline_train_t085,3,2,offline_train,1,session2/s3/sess02_subj03_EEG_MI.mat,46c12e798f4bca1443479f032bf54633cd60d4d286af9ec80f0e1bbd2c35295c,1128430,Lee2019_MI,Q15-E007,MU_BETA_SHARED,20260926,0.9777634143829346,0.02223660610616207,1
s03_2_offline_train_t086,3,2,offline_train,2,session2/s3/sess02_subj03_EEG_MI.mat,46c12e798f4bca1443479f032bf54633cd60d4d286af9ec80f0e1bbd2c35295c,1139296,Lee2019_MI,Q15-E007,MU_BETA_SHARED,20260926,0.019055062904953957,0.9809449911117554,2
s03_2_offline_train_t087,3,2,offline_train,1,session2/s3/sess02_subj03_EEG_MI.mat,46c12e798f4bca1443479f032bf54633cd60d4d286af9ec80f0e1bbd2c35295c,1150630,Lee2019_MI,Q15-E007,MU_BETA_SHARED,20260926,0.9963108897209167,0.0036890688352286816,1
s03_2_offline_train_t088,3,2,offline_train,2,session2/s3/sess02_subj03_EEG_MI.mat,46c12e798f4bca1443479f032bf54633cd60d4d286af9ec80f0e1bbd2c35295c,1161946,Lee2019_MI,Q15-E007,MU_BETA_SHARED,20260926,0.8834803700447083,0.11651962995529175,1
s03_2_offline_train_t089,3,2,offline_train,2,session2/s3/sess02_subj03_EEG_MI.mat,46c12e798f4bca1443479f032bf54633cd60d4d286af9ec80f0e1bbd2c35295c,1172912,Lee2019_MI,Q15-E007,MU_BETA_SHARED,20260926,0.7853942513465881,0.21460577845573425,1
s03_2_offline_train_t090,3,2,offline_train,2,session2/s3/sess02_subj03_EEG_MI.mat,46c12e798f4bca1443479f032bf54633cd60d4d286af9ec80f0e1bbd2c35295c,1184062,Lee2019_MI,Q15-E007,MU_BETA_SHARED,20260926,0.553713321685791,0.446286678314209,1
s03_2_offline_train_t091,3,2,offline_train,2,session2/s3/sess02_subj03_EEG_MI.mat,46c12e798f4bca1443479f032bf54633cd60d4d286af9ec80f0e1bbd2c35295c,1194645,Lee2019_MI,Q15-E007,MU_BETA_SHARED,20260926,0.7912703156471252,0.20872968435287476,1
s03_2_offline_train_t092,3,2,offline_train,2,session2/s3/sess02_subj03_EEG_MI.mat,46c12e798f4bca1443479f032bf54633cd60d4d286af9ec80f0e1bbd2c35295c,1205228,Lee2019_MI,Q15-E007,MU_BETA_SHARED,20260926,0.7452086210250854,0.25479140877723694,1
s03_2_offline_train_t093,3,2,offline_train,1,session2/s3/sess02_subj03_EEG_MI.mat,46c12e798f4bca1443479f032bf54633cd60d4d286af9ec80f0e1bbd2c35295c,1216295,Lee2019_MI,Q15-E007,MU_BETA_SHARED,20260926,0.9985851049423218,0.001414944650605321,1
s03_2_offline_train_t094,3,2,offline_train,2,session2/s3/sess02_subj03_EEG_MI.mat,46c12e798f4bca1443479f032bf54633cd60d4d286af9ec80f0e1bbd2c35295c,1227611,Lee2019_MI,Q15-E007,MU_BETA_SHARED,20260926,0.9050226807594299,0.09497739374637604,1
s03_2_offline_train_t095,3,2,offline_train,1,session2/s3/sess02_subj03_EEG_MI.mat,46c12e798f4bca1443479f032bf54633cd60d4d286af9ec80f0e1bbd2c35295c,1239128,Lee2019_MI,Q15-E007,MU_BETA_SHARED,20260926,0.8216555118560791,0.1783445179462433,1
s03_2_offline_train_t096,3,2,offline_train,1,session2/s3/sess02_subj03_EEG_MI.mat,46c12e798f4bca1443479f032bf54633cd60d4d286af9ec80f0e1bbd2c35295c,1249811,Lee2019_MI,Q15-E007,MU_BETA_SHARED,20260926,0.9611635804176331,0.03883644565939903,1
s03_2_offline_train_t097,3,2,offline_train,2,session2/s3/sess02_subj03_EEG_MI.mat,46c12e798f4bca1443479f032bf54633cd60d4d286af9ec80f0e1bbd2c35295c,1260961,Lee2019_MI,Q15-E007,MU_BETA_SHARED,20260926,0.2125798612833023,0.7874201536178589,2
s03_2_offline_train_t098,3,2,offline_train,1,session2/s3/sess02_subj03_EEG_MI.mat,46c12e798f4bca1443479f032bf54633cd60d4d286af9ec80f0e1bbd2c35295c,1272011,Lee2019_MI,Q15-E007,MU_BETA_SHARED,20260926,0.9995452761650085,0.0004546928685158491,1
s03_2_offline_train_t099,3,2,offline_train,2,session2/s3/sess02_subj03_EEG_MI.mat,46c12e798f4bca1443479f032bf54633cd60d4d286af9ec80f0e1bbd2c35295c,1282611,Lee2019_MI,Q15-E007,MU_BETA_SHARED,20260926,0.016793211922049522,0.9832067489624023,2
s03_2_offline_train_t100,3,2,offline_train,2,session2/s3/sess02_subj03_EEG_MI.mat,46c12e798f4bca1443479f032bf54633cd60d4d286af9ec80f0e1bbd2c35295c,1293477,Lee2019_MI,Q15-E007,MU_BETA_SHARED,20260926,0.005689658224582672,0.9943103790283203,2
s03_1_offline_train_t001,3,1,offline_train,1,session1/s3/sess01_subj03_EEG_MI.mat,ed9be7033fc8620647c545b0b09b5619a2074fa3ce9e1171570df847a74c7bea,150451,Lee2019_MI,Q15-E007,CSP4_LDA,deterministic,0.5797478070027657,0.4202521929972342,1
s03_1_offline_train_t002,3,1,offline_train,2,session1/s3/sess01_subj03_EEG_MI.mat,ed9be7033fc8620647c545b0b09b5619a2074fa3ce9e1171570df847a74c7bea,161902,Lee2019_MI,Q15-E007,CSP4_LDA,deterministic,0.6770714716777201,0.3229285283222799,1
s03_1_offline_train_t003,3,1,offline_train,1,session1/s3/sess01_subj03_EEG_MI.mat,ed9be7033fc8620647c545b0b09b5619a2074fa3ce9e1171570df847a74c7bea,172585,Lee2019_MI,Q15-E007,CSP4_LDA,deterministic,0.6560501618095622,0.3439498381904378,1
s03_1_offline_train_t004,3,1,offline_train,1,session1/s3/sess01_subj03_EEG_MI.mat,ed9be7033fc8620647c545b0b09b5619a2074fa3ce9e1171570df847a74c7bea,184102,Lee2019_MI,Q15-E007,CSP4_LDA,deterministic,0.5022609429397106,0.4977390570602894,1
s03_1_offline_train_t005,3,1,offline_train,2,session1/s3/sess01_subj03_EEG_MI.mat,ed9be7033fc8620647c545b0b09b5619a2074fa3ce9e1171570df847a74c7bea,195251,Lee2019_MI,Q15-E007,CSP4_LDA,deterministic,0.5630549788667112,0.43694502113328887,1
s03_1_offline_train_t006,3,1,offline_train,2,session1/s3/sess01_subj03_EEG_MI.mat,ed9be7033fc8620647c545b0b09b5619a2074fa3ce9e1171570df847a74c7bea,205935,Lee2019_MI,Q15-E007,CSP4_LDA,deterministic,0.5538275614089581,0.4461724385910419,1
s03_1_offline_train_t007,3,1,offline_train,1,session1/s3/sess01_subj03_EEG_MI.mat,ed9be7033fc8620647c545b0b09b5619a2074fa3ce9e1171570df847a74c7bea,216800,Lee2019_MI,Q15-E007,CSP4_LDA,deterministic,0.548345233025423,0.45165476697457696,1
s03_1_offline_train_t008,3,1,offline_train,2,session1/s3/sess01_subj03_EEG_MI.mat,ed9be7033fc8620647c545b0b09b5619a2074fa3ce9e1171570df847a74c7bea,227934,Lee2019_MI,Q15-E007,CSP4_LDA,deterministic,0.6059330005335588,0.3940669994664412,1
s03_1_offline_train_t009,3,1,offline_train,1,session1/s3/sess01_subj03_EEG_MI.mat,ed9be7033fc8620647c545b0b09b5619a2074fa3ce9e1171570df847a74c7bea,239450,Lee2019_MI,Q15-E007,CSP4_LDA,deterministic,0.49764873782751773,0.5023512621724823,2
s03_1_offline_train_t010,3,1,offline_train,1,session1/s3/sess01_subj03_EEG_MI.mat,ed9be7033fc8620647c545b0b09b5619a2074fa3ce9e1171570df847a74c7bea,250967,Lee2019_MI,Q15-E007,CSP4_LDA,deterministic,0.6220639219110966,0.37793607808890334,1
s03_1_offline_train_t011,3,1,offline_train,2,session1/s3/sess01_subj03_EEG_MI.mat,ed9be7033fc8620647c545b0b09b5619a2074fa3ce9e1171570df847a74c7bea,261650,Lee2019_MI,Q15-E007,CSP4_LDA,deterministic,0.5649409326832309,0.4350590673167691,1
s03_1_offline_train_t012,3,1,offline_train,2,session1/s3/sess01_subj03_EEG_MI.mat,ed9be7033fc8620647c545b0b09b5619a2074fa3ce9e1171570df847a74c7bea,273167,Lee2019_MI,Q15-E007,CSP4_LDA,deterministic,0.48772463332712235,0.5122753666728777,2
s03_1_offline_train_t013,3,1,offline_train,1,session1/s3/sess01_subj03_EEG_MI.mat,ed9be7033fc8620647c545b0b09b5619a2074fa3ce9e1171570df847a74c7bea,284683,Lee2019_MI,Q15-E007,CSP4_LDA,deterministic,0.641548355993005,0.35845164400699503,1
s03_1_offline_train_t014,3,1,offline_train,1,session1/s3/sess01_subj03_EEG_MI.mat,ed9be7033fc8620647c545b0b09b5619a2074fa3ce9e1171570df847a74c7bea,295732,Lee2019_MI,Q15-E007,CSP4_LDA,deterministic,0.43717604620252026,0.5628239537974797,2
s03_1_offline_train_t015,3,1,offline_train,2,session1/s3/sess01_subj03_EEG_MI.mat,ed9be7033fc8620647c545b0b09b5619a2074fa3ce9e1171570df847a74c7bea,307066,Lee2019_MI,Q15-E007,CSP4_LDA,deterministic,0.7228580382102225,0.2771419617897775,1
s03_1_offline_train_t016,3,1,offline_train,1,session1/s3/sess01_subj03_EEG_MI.mat,ed9be7033fc8620647c545b0b09b5619a2074fa3ce9e1171570df847a74c7bea,317749,Lee2019_MI,Q15-E007,CSP4_LDA,deterministic,0.6903206355680234,0.3096793644319766,1
s03_1_offline_train_t017,3,1,offline_train,1,session1/s3/sess01_subj03_EEG_MI.mat,ed9be7033fc8620647c545b0b09b5619a2074fa3ce9e1171570df847a74c7bea,328714,Lee2019_MI,Q15-E007,CSP4_LDA,deterministic,0.6629344330650029,0.3370655669349972,1
s03_1_offline_train_t018,3,1,offline_train,1,session1/s3/sess01_subj03_EEG_MI.mat,ed9be7033fc8620647c545b0b09b5619a2074fa3ce9e1171570df847a74c7bea,340231,Lee2019_MI,Q15-E007,CSP4_LDA,deterministic,0.536278922982224,0.46372107701777604,1
s03_1_offline_train_t019,3,1,offline_train,1,session1/s3/sess01_subj03_EEG_MI.mat,ed9be7033fc8620647c545b0b09b5619a2074fa3ce9e1171570df847a74c7bea,351565,Lee2019_MI,Q15-E007,CSP4_LDA,deterministic,0.5421909837690371,0.457809016230963,1
s03_1_offline_train_t020,3,1,offline_train,2,session1/s3/sess01_subj03_EEG_MI.mat,ed9be7033fc8620647c545b0b09b5619a2074fa3ce9e1171570df847a74c7bea,363082,Lee2019_MI,Q15-E007,CSP4_LDA,deterministic,0.6314374179673328,0.36856258203266723,1
s03_1_offline_train_t021,3,1,offline_train,2,session1/s3/sess01_subj03_EEG_MI.mat,ed9be7033fc8620647c545b0b09b5619a2074fa3ce9e1171570df847a74c7bea,374315,Lee2019_MI,Q15-E007,CSP4_LDA,deterministic,0.6557001192416911,0.34429988075830886,1
s03_1_offline_train_t022,3,1,offline_train,1,session1/s3/sess01_subj03_EEG_MI.mat,ed9be7033fc8620647c545b0b09b5619a2074fa3ce9e1171570df847a74c7bea,384898,Lee2019_MI,Q15-E007,CSP4_LDA,deterministic,0.7364339576028465,0.2635660423971535,1
s03_1_offline_train_t023,3,1,offline_train,2,session1/s3/sess01_subj03_EEG_MI.mat,ed9be7033fc8620647c545b0b09b5619a2074fa3ce9e1171570df847a74c7bea,396331,Lee2019_MI,Q15-E007,CSP4_LDA,deterministic,0.7141752974304201,0.2858247025695799,1
s03_1_offline_train_t024,3,1,offline_train,2,session1/s3/sess01_subj03_EEG_MI.mat,ed9be7033fc8620647c545b0b09b5619a2074fa3ce9e1171570df847a74c7bea,407847,Lee2019_MI,Q15-E007,CSP4_LDA,deterministic,0.5514008955108156,0.4485991044891844,1
s03_1_offline_train_t025,3,1,offline_train,2,session1/s3/sess01_subj03_EEG_MI.mat,ed9be7033fc8620647c545b0b09b5619a2074fa3ce9e1171570df847a74c7bea,419080,Lee2019_MI,Q15-E007,CSP4_LDA,deterministic,0.5447137557003462,0.4552862442996538,1
s03_1_offline_train_t026,3,1,offline_train,1,session1/s3/sess01_subj03_EEG_MI.mat,ed9be7033fc8620647c545b0b09b5619a2074fa3ce9e1171570df847a74c7bea,430413,Lee2019_MI,Q15-E007,CSP4_LDA,deterministic,0.6783243273723725,0.32167567262762753,1
s03_1_offline_train_t027,3,1,offline_train,2,session1/s3/sess01_subj03_EEG_MI.mat,ed9be7033fc8620647c545b0b09b5619a2074fa3ce9e1171570df847a74c7bea,441747,Lee2019_MI,Q15-E007,CSP4_LDA,deterministic,0.4942649692294687,0.5057350307705313,2
s03_1_offline_train_t028,3,1,offline_train,1,session1/s3/sess01_subj03_EEG_MI.mat,ed9be7033fc8620647c545b0b09b5619a2074fa3ce9e1171570df847a74c7bea,452696,Lee2019_MI,Q15-E007,CSP4_LDA,deterministic,0.6605936427079753,0.3394063572920248,1
s03_1_offline_train_t029,3,1,offline_train,1,session1/s3/sess01_subj03_EEG_MI.mat,ed9be7033fc8620647c545b0b09b5619a2074fa3ce9e1171570df847a74c7bea,463946,Lee2019_MI,Q15-E007,CSP4_LDA,deterministic,0.6006992683486174,0.3993007316513825,1
s03_1_offline_train_t030,3,1,offline_train,2,session1/s3/sess01_subj03_EEG_MI.mat,ed9be7033fc8620647c545b0b09b5619a2074fa3ce9e1171570df847a74c7bea,474713,Lee2019_MI,Q15-E007,CSP4_LDA,deterministic,0.5594566553366453,0.4405433446633546,1
s03_1_offline_train_t031,3,1,offline_train,1,session1/s3/sess01_subj03_EEG_MI.mat,ed9be7033fc8620647c545b0b09b5619a2074fa3ce9e1171570df847a74c7bea,485946,Lee2019_MI,Q15-E007,CSP4_LDA,deterministic,0.6836766169770827,0.31632338302291735,1
s03_1_offline_train_t032,3,1,offline_train,2,session1/s3/sess01_subj03_EEG_MI.mat,ed9be7033fc8620647c545b0b09b5619a2074fa3ce9e1171570df847a74c7bea,496546,Lee2019_MI,Q15-E007,CSP4_LDA,deterministic,0.5270136048454317,0.4729863951545683,1
s03_1_offline_train_t033,3,1,offline_train,1,session1/s3/sess01_subj03_EEG_MI.mat,ed9be7033fc8620647c545b0b09b5619a2074fa3ce9e1171570df847a74c7bea,507412,Lee2019_MI,Q15-E007,CSP4_LDA,deterministic,0.6521836581779128,0.34781634182208715,1
s03_1_offline_train_t034,3,1,offline_train,2,session1/s3/sess01_subj03_EEG_MI.mat,ed9be7033fc8620647c545b0b09b5619a2074fa3ce9e1171570df847a74c7bea,517995,Lee2019_MI,Q15-E007,CSP4_LDA,deterministic,0.5727439685011034,0.42725603149889657,1
s03_1_offline_train_t035,3,1,offline_train,2,session1/s3/sess01_subj03_EEG_MI.mat,ed9be7033fc8620647c545b0b09b5619a2074fa3ce9e1171570df847a74c7bea,528678,Lee2019_MI,Q15-E007,CSP4_LDA,deterministic,0.5134042647053585,0.4865957352946415,1
s03_1_offline_train_t036,3,1,offline_train,1,session1/s3/sess01_subj03_EEG_MI.mat,ed9be7033fc8620647c545b0b09b5619a2074fa3ce9e1171570df847a74c7bea,540011,Lee2019_MI,Q15-E007,CSP4_LDA,deterministic,0.6566049452090498,0.3433950547909502,1
s03_1_offline_train_t037,3,1,offline_train,1,session1/s3/sess01_subj03_EEG_MI.mat,ed9be7033fc8620647c545b0b09b5619a2074fa3ce9e1171570df847a74c7bea,551245,Lee2019_MI,Q15-E007,CSP4_LDA,deterministic,0.6970777683322624,0.3029222316677376,1
s03_1_offline_train_t038,3,1,offline_train,2,session1/s3/sess01_subj03_EEG_MI.mat,ed9be7033fc8620647c545b0b09b5619a2074fa3ce9e1171570df847a74c7bea,562111,Lee2019_MI,Q15-E007,CSP4_LDA,deterministic,0.593761723386462,0.40623827661353795,1
s03_1_offline_train_t039,3,1,offline_train,1,session1/s3/sess01_subj03_EEG_MI.mat,ed9be7033fc8620647c545b0b09b5619a2074fa3ce9e1171570df847a74c7bea,573627,Lee2019_MI,Q15-E007,CSP4_LDA,deterministic,0.7039339829630814,0.2960660170369186,1
s03_1_offline_train_t040,3,1,offline_train,1,session1/s3/sess01_subj03_EEG_MI.mat,ed9be7033fc8620647c545b0b09b5619a2074fa3ce9e1171570df847a74c7bea,584211,Lee2019_MI,Q15-E007,CSP4_LDA,deterministic,0.5796655623137377,0.4203344376862624,1
s03_1_offline_train_t041,3,1,offline_train,1,session1/s3/sess01_subj03_EEG_MI.mat,ed9be7033fc8620647c545b0b09b5619a2074fa3ce9e1171570df847a74c7bea,595177,Lee2019_MI,Q15-E007,CSP4_LDA,deterministic,0.6633215778513346,0.33667842214866545,1
s03_1_offline_train_t042,3,1,offline_train,1,session1/s3/sess01_subj03_EEG_MI.mat,ed9be7033fc8620647c545b0b09b5619a2074fa3ce9e1171570df847a74c7bea,606144,Lee2019_MI,Q15-E007,CSP4_LDA,deterministic,0.5136349869719955,0.4863650130280045,1
s03_1_offline_train_t043,3,1,offline_train,2,session1/s3/sess01_subj03_EEG_MI.mat,ed9be7033fc8620647c545b0b09b5619a2074fa3ce9e1171570df847a74c7bea,617477,Lee2019_MI,Q15-E007,CSP4_LDA,deterministic,0.5596095676709212,0.4403904323290789,1
s03_1_offline_train_t044,3,1,offline_train,1,session1/s3/sess01_subj03_EEG_MI.mat,ed9be7033fc8620647c545b0b09b5619a2074fa3ce9e1171570df847a74c7bea,628792,Lee2019_MI,Q15-E007,CSP4_LDA,deterministic,0.7809330456756748,0.21906695432432519,1
s03_1_offline_train_t045,3,1,offline_train,2,session1/s3/sess01_subj03_EEG_MI.mat,ed9be7033fc8620647c545b0b09b5619a2074fa3ce9e1171570df847a74c7bea,639576,Lee2019_MI,Q15-E007,CSP4_LDA,deterministic,0.8590691025379622,0.14093089746203785,1
s03_1_offline_train_t046,3,1,offline_train,1,session1/s3/sess01_subj03_EEG_MI.mat,ed9be7033fc8620647c545b0b09b5619a2074fa3ce9e1171570df847a74c7bea,650626,Lee2019_MI,Q15-E007,CSP4_LDA,deterministic,0.6553145589167171,0.3446854410832829,1
s03_1_offline_train_t047,3,1,offline_train,1,session1/s3/sess01_subj03_EEG_MI.mat,ed9be7033fc8620647c545b0b09b5619a2074fa3ce9e1171570df847a74c7bea,661592,Lee2019_MI,Q15-E007,CSP4_LDA,deterministic,0.7372820332901414,0.2627179667098586,1
s03_1_offline_train_t048,3,1,offline_train,1,session1/s3/sess01_subj03_EEG_MI.mat,ed9be7033fc8620647c545b0b09b5619a2074fa3ce9e1171570df847a74c7bea,672824,Lee2019_MI,Q15-E007,CSP4_LDA,deterministic,0.5662427648990527,0.43375723510094727,1
s03_1_offline_train_t049,3,1,offline_train,2,session1/s3/sess01_subj03_EEG_MI.mat,ed9be7033fc8620647c545b0b09b5619a2074fa3ce9e1171570df847a74c7bea,684058,Lee2019_MI,Q15-E007,CSP4_LDA,deterministic,0.6199721509809248,0.38002784901907516,1
s03_1_offline_train_t050,3,1,offline_train,1,session1/s3/sess01_subj03_EEG_MI.mat,ed9be7033fc8620647c545b0b09b5619a2074fa3ce9e1171570df847a74c7bea,710075,Lee2019_MI,Q15-E007,CSP4_LDA,deterministic,0.6834823645283923,0.31651763547160766,1
s03_1_offline_train_t051,3,1,offline_train,1,session1/s3/sess01_subj03_EEG_MI.mat,ed9be7033fc8620647c545b0b09b5619a2074fa3ce9e1171570df847a74c7bea,720941,Lee2019_MI,Q15-E007,CSP4_LDA,deterministic,0.4904495958272882,0.5095504041727118,2
s03_1_offline_train_t052,3,1,offline_train,1,session1/s3/sess01_subj03_EEG_MI.mat,ed9be7033fc8620647c545b0b09b5619a2074fa3ce9e1171570df847a74c7bea,732174,Lee2019_MI,Q15-E007,CSP4_LDA,deterministic,0.7176132034444052,0.2823867965555949,1
s03_1_offline_train_t053,3,1,offline_train,1,session1/s3/sess01_subj03_EEG_MI.mat,ed9be7033fc8620647c545b0b09b5619a2074fa3ce9e1171570df847a74c7bea,743408,Lee2019_MI,Q15-E007,CSP4_LDA,deterministic,0.5886136786640206,0.4113863213359794,1
s03_1_offline_train_t054,3,1,offline_train,2,session1/s3/sess01_subj03_EEG_MI.mat,ed9be7033fc8620647c545b0b09b5619a2074fa3ce9e1171570df847a74c7bea,754090,Lee2019_MI,Q15-E007,CSP4_LDA,deterministic,0.6018628132015078,0.3981371867984922,1
s03_1_offline_train_t055,3,1,offline_train,1,session1/s3/sess01_subj03_EEG_MI.mat,ed9be7033fc8620647c545b0b09b5619a2074fa3ce9e1171570df847a74c7bea,764774,Lee2019_MI,Q15-E007,CSP4_LDA,deterministic,0.6526968099781427,0.3473031900218573,1
s03_1_offline_train_t056,3,1,offline_train,1,session1/s3/sess01_subj03_EEG_MI.mat,ed9be7033fc8620647c545b0b09b5619a2074fa3ce9e1171570df847a74c7bea,775824,Lee2019_MI,Q15-E007,CSP4_LDA,deterministic,0.5883328744545194,0.41166712554548057,1
s03_1_offline_train_t057,3,1,offline_train,2,session1/s3/sess01_subj03_EEG_MI.mat,ed9be7033fc8620647c545b0b09b5619a2074fa3ce9e1171570df847a74c7bea,787340,Lee2019_MI,Q15-E007,CSP4_LDA,deterministic,0.3496651479686398,0.6503348520313602,2
s03_1_offline_train_t058,3,1,offline_train,2,session1/s3/sess01_subj03_EEG_MI.mat,ed9be7033fc8620647c545b0b09b5619a2074fa3ce9e1171570df847a74c7bea,798206,Lee2019_MI,Q15-E007,CSP4_LDA,deterministic,0.6699457052371959,0.3300542947628041,1
s03_1_offline_train_t059,3,1,offline_train,1,session1/s3/sess01_subj03_EEG_MI.mat,ed9be7033fc8620647c545b0b09b5619a2074fa3ce9e1171570df847a74c7bea,809356,Lee2019_MI,Q15-E007,CSP4_LDA,deterministic,0.7046580880418131,0.29534191195818693,1
s03_1_offline_train_t060,3,1,offline_train,1,session1/s3/sess01_subj03_EEG_MI.mat,ed9be7033fc8620647c545b0b09b5619a2074fa3ce9e1171570df847a74c7bea,820122,Lee2019_MI,Q15-E007,CSP4_LDA,deterministic,0.6618276489253685,0.3381723510746315,1
s03_1_offline_train_t061,3,1,offline_train,2,session1/s3/sess01_subj03_EEG_MI.mat,ed9be7033fc8620647c545b0b09b5619a2074fa3ce9e1171570df847a74c7bea,831456,Lee2019_MI,Q15-E007,CSP4_LDA,deterministic,0.6829129413955233,0.3170870586044768,1
s03_1_offline_train_t062,3,1,offline_train,2,session1/s3/sess01_subj03_EEG_MI.mat,ed9be7033fc8620647c545b0b09b5619a2074fa3ce9e1171570df847a74c7bea,842239,Lee2019_MI,Q15-E007,CSP4_LDA,deterministic,0.5033986009378056,0.49660139906219436,1
s03_1_offline_train_t063,3,1,offline_train,1,session1/s3/sess01_subj03_EEG_MI.mat,ed9be7033fc8620647c545b0b09b5619a2074fa3ce9e1171570df847a74c7bea,853289,Lee2019_MI,Q15-E007,CSP4_LDA,deterministic,0.665206311957552,0.33479368804244797,1
s03_1_offline_train_t064,3,1,offline_train,2,session1/s3/sess01_subj03_EEG_MI.mat,ed9be7033fc8620647c545b0b09b5619a2074fa3ce9e1171570df847a74c7bea,864522,Lee2019_MI,Q15-E007,CSP4_LDA,deterministic,0.7408035759280621,0.2591964240719379,1
s03_1_offline_train_t065,3,1,offline_train,2,session1/s3/sess01_subj03_EEG_MI.mat,ed9be7033fc8620647c545b0b09b5619a2074fa3ce9e1171570df847a74c7bea,875955,Lee2019_MI,Q15-E007,CSP4_LDA,deterministic,0.5529250979105258,0.44707490208947426,1
s03_1_offline_train_t066,3,1,offline_train,2,session1/s3/sess01_subj03_EEG_MI.mat,ed9be7033fc8620647c545b0b09b5619a2074fa3ce9e1171570df847a74c7bea,887471,Lee2019_MI,Q15-E007,CSP4_LDA,deterministic,0.5680005692318251,0.4319994307681749,1
s03_1_offline_train_t067,3,1,offline_train,2,session1/s3/sess01_subj03_EEG_MI.mat,ed9be7033fc8620647c545b0b09b5619a2074fa3ce9e1171570df847a74c7bea,898604,Lee2019_MI,Q15-E007,CSP4_LDA,deterministic,0.6536972341169283,0.3463027658830718,1
s03_1_offline_train_t068,3,1,offline_train,1,session1/s3/sess01_subj03_EEG_MI.mat,ed9be7033fc8620647c545b0b09b5619a2074fa3ce9e1171570df847a74c7bea,909288,Lee2019_MI,Q15-E007,CSP4_LDA,deterministic,0.7389568713745838,0.2610431286254162,1
s03_1_offline_train_t069,3,1,offline_train,1,session1/s3/sess01_subj03_EEG_MI.mat,ed9be7033fc8620647c545b0b09b5619a2074fa3ce9e1171570df847a74c7bea,919971,Lee2019_MI,Q15-E007,CSP4_LDA,deterministic,0.6716216818189906,0.3283783181810094,1
s03_1_offline_train_t070,3,1,offline_train,2,session1/s3/sess01_subj03_EEG_MI.mat,ed9be7033fc8620647c545b0b09b5619a2074fa3ce9e1171570df847a74c7bea,930752,Lee2019_MI,Q15-E007,CSP4_LDA,deterministic,0.6689196171603498,0.3310803828396503,1
s03_1_offline_train_t071,3,1,offline_train,1,session1/s3/sess01_subj03_EEG_MI.mat,ed9be7033fc8620647c545b0b09b5619a2074fa3ce9e1171570df847a74c7bea,942170,Lee2019_MI,Q15-E007,CSP4_LDA,deterministic,0.6694036718299188,0.3305963281700812,1
s03_1_offline_train_t072,3,1,offline_train,2,session1/s3/sess01_subj03_EEG_MI.mat,ed9be7033fc8620647c545b0b09b5619a2074fa3ce9e1171570df847a74c7bea,952937,Lee2019_MI,Q15-E007,CSP4_LDA,deterministic,0.6928492547201655,0.30715074527983455,1
s03_1_offline_train_t073,3,1,offline_train,2,session1/s3/sess01_subj03_EEG_MI.mat,ed9be7033fc8620647c545b0b09b5619a2074fa3ce9e1171570df847a74c7bea,964270,Lee2019_MI,Q15-E007,CSP4_LDA,deterministic,0.7804241323612027,0.21957586763879736,1
s03_1_offline_train_t074,3,1,offline_train,2,session1/s3/sess01_subj03_EEG_MI.mat,ed9be7033fc8620647c545b0b09b5619a2074fa3ce9e1171570df847a74c7bea,975053,Lee2019_MI,Q15-E007,CSP4_LDA,deterministic,0.7054891159449981,0.294510884055002,1
s03_1_offline_train_t075,3,1,offline_train,1,session1/s3/sess01_subj03_EEG_MI.mat,ed9be7033fc8620647c545b0b09b5619a2074fa3ce9e1171570df847a74c7bea,986568,Lee2019_MI,Q15-E007,CSP4_LDA,deterministic,0.8392052798229438,0.16079472017705618,1
s03_1_offline_train_t076,3,1,offline_train,2,session1/s3/sess01_subj03_EEG_MI.mat,ed9be7033fc8620647c545b0b09b5619a2074fa3ce9e1171570df847a74c7bea,997436,Lee2019_MI,Q15-E007,CSP4_LDA,deterministic,0.8644530799107843,0.13554692008921562,1
s03_1_offline_train_t077,3,1,offline_train,1,session1/s3/sess01_subj03_EEG_MI.mat,ed9be7033fc8620647c545b0b09b5619a2074fa3ce9e1171570df847a74c7bea,1008202,Lee2019_MI,Q15-E007,CSP4_LDA,deterministic,0.8930777529945992,0.10692224700540078,1
s03_1_offline_train_t078,3,1,offline_train,1,session1/s3/sess01_subj03_EEG_MI.mat,ed9be7033fc8620647c545b0b09b5619a2074fa3ce9e1171570df847a74c7bea,1018986,Lee2019_MI,Q15-E007,CSP4_LDA,deterministic,0.9050947280376723,0.09490527196232763,1
s03_1_offline_train_t079,3,1,offline_train,2,session1/s3/sess01_subj03_EEG_MI.mat,ed9be7033fc8620647c545b0b09b5619a2074fa3ce9e1171570df847a74c7bea,1030118,Lee2019_MI,Q15-E007,CSP4_LDA,deterministic,0.8603446601043702,0.13965533989562987,1
s03_1_offline_train_t080,3,1,offline_train,2,session1/s3/sess01_subj03_EEG_MI.mat,ed9be7033fc8620647c545b0b09b5619a2074fa3ce9e1171570df847a74c7bea,1041185,Lee2019_MI,Q15-E007,CSP4_LDA,deterministic,0.8440629006977611,0.15593709930223887,1
s03_1_offline_train_t081,3,1,offline_train,2,session1/s3/sess01_subj03_EEG_MI.mat,ed9be7033fc8620647c545b0b09b5619a2074fa3ce9e1171570df847a74c7bea,1052051,Lee2019_MI,Q15-E007,CSP4_LDA,deterministic,0.8813702731602797,0.11862972683972023,1
s03_1_offline_train_t082,3,1,offline_train,1,session1/s3/sess01_subj03_EEG_MI.mat,ed9be7033fc8620647c545b0b09b5619a2074fa3ce9e1171570df847a74c7bea,1063468,Lee2019_MI,Q15-E007,CSP4_LDA,deterministic,0.9275634268328888,0.07243657316711119,1
s03_1_offline_train_t083,3,1,offline_train,2,session1/s3/sess01_subj03_EEG_MI.mat,ed9be7033fc8620647c545b0b09b5619a2074fa3ce9e1171570df847a74c7bea,1074618,Lee2019_MI,Q15-E007,CSP4_LDA,deterministic,0.9008680875148494,0.09913191248515069,1
s03_1_offline_train_t084,3,1,offline_train,2,session1/s3/sess01_subj03_EEG_MI.mat,ed9be7033fc8620647c545b0b09b5619a2074fa3ce9e1171570df847a74c7bea,1085751,Lee2019_MI,Q15-E007,CSP4_LDA,deterministic,0.8843217326988767,0.11567826730112327,1
s03_1_offline_train_t085,3,1,offline_train,1,session1/s3/sess01_subj03_EEG_MI.mat,ed9be7033fc8620647c545b0b09b5619a2074fa3ce9e1171570df847a74c7bea,1097184,Lee2019_MI,Q15-E007,CSP4_LDA,deterministic,0.8555318875563338,0.1444681124436662,1
s03_1_offline_train_t086,3,1,offline_train,2,session1/s3/sess01_subj03_EEG_MI.mat,ed9be7033fc8620647c545b0b09b5619a2074fa3ce9e1171570df847a74c7bea,1108050,Lee2019_MI,Q15-E007,CSP4_LDA,deterministic,0.9110384946463179,0.08896150535368208,1
s03_1_offline_train_t087,3,1,offline_train,1,session1/s3/sess01_subj03_EEG_MI.mat,ed9be7033fc8620647c545b0b09b5619a2074fa3ce9e1171570df847a74c7bea,1119383,Lee2019_MI,Q15-E007,CSP4_LDA,deterministic,0.8240650105735319,0.17593498942646818,1
s03_1_offline_train_t088,3,1,offline_train,2,session1/s3/sess01_subj03_EEG_MI.mat,ed9be7033fc8620647c545b0b09b5619a2074fa3ce9e1171570df847a74c7bea,1130717,Lee2019_MI,Q15-E007,CSP4_LDA,deterministic,0.9391197781068544,0.06088022189314559,1
s03_1_offline_train_t089,3,1,offline_train,2,session1/s3/sess01_subj03_EEG_MI.mat,ed9be7033fc8620647c545b0b09b5619a2074fa3ce9e1171570df847a74c7bea,1141666,Lee2019_MI,Q15-E007,CSP4_LDA,deterministic,0.8835840226940477,0.11641597730595236,1
s03_1_offline_train_t090,3,1,offline_train,2,session1/s3/sess01_subj03_EEG_MI.mat,ed9be7033fc8620647c545b0b09b5619a2074fa3ce9e1171570df847a74c7bea,1152816,Lee2019_MI,Q15-E007,CSP4_LDA,deterministic,0.8436533906134958,0.15634660938650422,1
s03_1_offline_train_t091,3,1,offline_train,2,session1/s3/sess01_subj03_EEG_MI.mat,ed9be7033fc8620647c545b0b09b5619a2074fa3ce9e1171570df847a74c7bea,1163399,Lee2019_MI,Q15-E007,CSP4_LDA,deterministic,0.8442488904068255,0.15575110959317445,1
s03_1_offline_train_t092,3,1,offline_train,2,session1/s3/sess01_subj03_EEG_MI.mat,ed9be7033fc8620647c545b0b09b5619a2074fa3ce9e1171570df847a74c7bea,1173999,Lee2019_MI,Q15-E007,CSP4_LDA,deterministic,0.8246680354517255,0.17533196454827446,1
s03_1_offline_train_t093,3,1,offline_train,1,session1/s3/sess01_subj03_EEG_MI.mat,ed9be7033fc8620647c545b0b09b5619a2074fa3ce9e1171570df847a74c7bea,1185049,Lee2019_MI,Q15-E007,CSP4_LDA,deterministic,0.9074085794948392,0.09259142050516084,1
s03_1_offline_train_t094,3,1,offline_train,2,session1/s3/sess01_subj03_EEG_MI.mat,ed9be7033fc8620647c545b0b09b5619a2074fa3ce9e1171570df847a74c7bea,1196382,Lee2019_MI,Q15-E007,CSP4_LDA,deterministic,0.7825329443063208,0.21746705569367916,1
s03_1_offline_train_t095,3,1,offline_train,1,session1/s3/sess01_subj03_EEG_MI.mat,ed9be7033fc8620647c545b0b09b5619a2074fa3ce9e1171570df847a74c7bea,1207898,Lee2019_MI,Q15-E007,CSP4_LDA,deterministic,0.793075031056721,0.206924968943279,1
s03_1_offline_train_t096,3,1,offline_train,1,session1/s3/sess01_subj03_EEG_MI.mat,ed9be7033fc8620647c545b0b09b5619a2074fa3ce9e1171570df847a74c7bea,1218582,Lee2019_MI,Q15-E007,CSP4_LDA,deterministic,0.8548119642087447,0.14518803579125528,1
s03_1_offline_train_t097,3,1,offline_train,2,session1/s3/sess01_subj03_EEG_MI.mat,ed9be7033fc8620647c545b0b09b5619a2074fa3ce9e1171570df847a74c7bea,1229714,Lee2019_MI,Q15-E007,CSP4_LDA,deterministic,0.8116622191788372,0.18833778082116287,1
s03_1_offline_train_t098,3,1,offline_train,1,session1/s3/sess01_subj03_EEG_MI.mat,ed9be7033fc8620647c545b0b09b5619a2074fa3ce9e1171570df847a74c7bea,1240764,Lee2019_MI,Q15-E007,CSP4_LDA,deterministic,0.8729165366072689,0.12708346339273116,1
s03_1_offline_train_t099,3,1,offline_train,2,session1/s3/sess01_subj03_EEG_MI.mat,ed9be7033fc8620647c545b0b09b5619a2074fa3ce9e1171570df847a74c7bea,1251364,Lee2019_MI,Q15-E007,CSP4_LDA,deterministic,0.5064029331481883,0.49359706685181176,1
s03_1_offline_train_t100,3,1,offline_train,2,session1/s3/sess01_subj03_EEG_MI.mat,ed9be7033fc8620647c545b0b09b5619a2074fa3ce9e1171570df847a74c7bea,1262231,Lee2019_MI,Q15-E007,CSP4_LDA,deterministic,0.7867543644627322,0.21324563553726786,1
s03_2_offline_train_t001,3,2,offline_train,1,session2/s3/sess02_subj03_EEG_MI.mat,46c12e798f4bca1443479f032bf54633cd60d4d286af9ec80f0e1bbd2c35295c,145012,Lee2019_MI,Q15-E007,CSP4_LDA,deterministic,0.7940196461293363,0.20598035387066366,1
s03_2_offline_train_t002,3,2,offline_train,2,session2/s3/sess02_subj03_EEG_MI.mat,46c12e798f4bca1443479f032bf54633cd60d4d286af9ec80f0e1bbd2c35295c,156547,Lee2019_MI,Q15-E007,CSP4_LDA,deterministic,0.6048286913789649,0.3951713086210351,1
s03_2_offline_train_t003,3,2,offline_train,1,session2/s3/sess02_subj03_EEG_MI.mat,46c12e798f4bca1443479f032bf54633cd60d4d286af9ec80f0e1bbd2c35295c,167230,Lee2019_MI,Q15-E007,CSP4_LDA,deterministic,0.8242069355729515,0.1757930644270484,1
s03_2_offline_train_t004,3,2,offline_train,1,session2/s3/sess02_subj03_EEG_MI.mat,46c12e798f4bca1443479f032bf54633cd60d4d286af9ec80f0e1bbd2c35295c,178747,Lee2019_MI,Q15-E007,CSP4_LDA,deterministic,0.7234571683417246,0.27654283165827537,1
s03_2_offline_train_t005,3,2,offline_train,2,session2/s3/sess02_subj03_EEG_MI.mat,46c12e798f4bca1443479f032bf54633cd60d4d286af9ec80f0e1bbd2c35295c,189896,Lee2019_MI,Q15-E007,CSP4_LDA,deterministic,0.6106449578836912,0.38935504211630884,1
s03_2_offline_train_t006,3,2,offline_train,2,session2/s3/sess02_subj03_EEG_MI.mat,46c12e798f4bca1443479f032bf54633cd60d4d286af9ec80f0e1bbd2c35295c,200579,Lee2019_MI,Q15-E007,CSP4_LDA,deterministic,0.49969595442884773,0.5003040455711523,2
s03_2_offline_train_t007,3,2,offline_train,1,session2/s3/sess02_subj03_EEG_MI.mat,46c12e798f4bca1443479f032bf54633cd60d4d286af9ec80f0e1bbd2c35295c,211446,Lee2019_MI,Q15-E007,CSP4_LDA,deterministic,0.6268754376133521,0.373124562386648,1
s03_2_offline_train_t008,3,2,offline_train,2,session2/s3/sess02_subj03_EEG_MI.mat,46c12e798f4bca1443479f032bf54633cd60d4d286af9ec80f0e1bbd2c35295c,222579,Lee2019_MI,Q15-E007,CSP4_LDA,deterministic,0.6463396785246167,0.3536603214753833,1
s03_2_offline_train_t009,3,2,offline_train,1,session2/s3/sess02_subj03_EEG_MI.mat,46c12e798f4bca1443479f032bf54633cd60d4d286af9ec80f0e1bbd2c35295c,234095,Lee2019_MI,Q15-E007,CSP4_LDA,deterministic,0.8208258799512071,0.17917412004879285,1
s03_2_offline_train_t010,3,2,offline_train,1,session2/s3/sess02_subj03_EEG_MI.mat,46c12e798f4bca1443479f032bf54633cd60d4d286af9ec80f0e1bbd2c35295c,245612,Lee2019_MI,Q15-E007,CSP4_LDA,deterministic,0.663714976412181,0.33628502358781903,1
s03_2_offline_train_t011,3,2,offline_train,2,session2/s3/sess02_subj03_EEG_MI.mat,46c12e798f4bca1443479f032bf54633cd60d4d286af9ec80f0e1bbd2c35295c,256295,Lee2019_MI,Q15-E007,CSP4_LDA,deterministic,0.6733325510805522,0.32666744891944777,1
s03_2_offline_train_t012,3,2,offline_train,2,session2/s3/sess02_subj03_EEG_MI.mat,46c12e798f4bca1443479f032bf54633cd60d4d286af9ec80f0e1bbd2c35295c,267812,Lee2019_MI,Q15-E007,CSP4_LDA,deterministic,0.5794241575224982,0.4205758424775018,1
s03_2_offline_train_t013,3,2,offline_train,1,session2/s3/sess02_subj03_EEG_MI.mat,46c12e798f4bca1443479f032bf54633cd60d4d286af9ec80f0e1bbd2c35295c,279328,Lee2019_MI,Q15-E007,CSP4_LDA,deterministic,0.6593806046107613,0.3406193953892387,1
s03_2_offline_train_t014,3,2,offline_train,1,session2/s3/sess02_subj03_EEG_MI.mat,46c12e798f4bca1443479f032bf54633cd60d4d286af9ec80f0e1bbd2c35295c,290378,Lee2019_MI,Q15-E007,CSP4_LDA,deterministic,0.6449844492928392,0.35501555070716084,1
s03_2_offline_train_t015,3,2,offline_train,2,session2/s3/sess02_subj03_EEG_MI.mat,46c12e798f4bca1443479f032bf54633cd60d4d286af9ec80f0e1bbd2c35295c,301711,Lee2019_MI,Q15-E007,CSP4_LDA,deterministic,0.8176165450791663,0.18238345492083377,1
s03_2_offline_train_t016,3,2,offline_train,1,session2/s3/sess02_subj03_EEG_MI.mat,46c12e798f4bca1443479f032bf54633cd60d4d286af9ec80f0e1bbd2c35295c,312394,Lee2019_MI,Q15-E007,CSP4_LDA,deterministic,0.7461607905220787,0.25383920947792127,1
s03_2_offline_train_t017,3,2,offline_train,1,session2/s3/sess02_subj03_EEG_MI.mat,46c12e798f4bca1443479f032bf54633cd60d4d286af9ec80f0e1bbd2c35295c,323361,Lee2019_MI,Q15-E007,CSP4_LDA,deterministic,0.605083639229389,0.39491636077061093,1
s03_2_offline_train_t018,3,2,offline_train,1,session2/s3/sess02_subj03_EEG_MI.mat,46c12e798f4bca1443479f032bf54633cd60d4d286af9ec80f0e1bbd2c35295c,334777,Lee2019_MI,Q15-E007,CSP4_LDA,deterministic,0.6257546116442327,0.3742453883557672,1
s03_2_offline_train_t019,3,2,offline_train,1,session2/s3/sess02_subj03_EEG_MI.mat,46c12e798f4bca1443479f032bf54633cd60d4d286af9ec80f0e1bbd2c35295c,346110,Lee2019_MI,Q15-E007,CSP4_LDA,deterministic,0.729646908185248,0.270353091814752,1
s03_2_offline_train_t020,3,2,offline_train,2,session2/s3/sess02_subj03_EEG_MI.mat,46c12e798f4bca1443479f032bf54633cd60d4d286af9ec80f0e1bbd2c35295c,357627,Lee2019_MI,Q15-E007,CSP4_LDA,deterministic,0.5172158346331486,0.4827841653668515,1
s03_2_offline_train_t021,3,2,offline_train,2,session2/s3/sess02_subj03_EEG_MI.mat,46c12e798f4bca1443479f032bf54633cd60d4d286af9ec80f0e1bbd2c35295c,368860,Lee2019_MI,Q15-E007,CSP4_LDA,deterministic,0.7229276967396819,0.27707230326031806,1
s03_2_offline_train_t022,3,2,offline_train,1,session2/s3/sess02_subj03_EEG_MI.mat,46c12e798f4bca1443479f032bf54633cd60d4d286af9ec80f0e1bbd2c35295c,379460,Lee2019_MI,Q15-E007,CSP4_LDA,deterministic,0.6991330998885025,0.3008669001114975,1
s03_2_offline_train_t023,3,2,offline_train,2,session2/s3/sess02_subj03_EEG_MI.mat,46c12e798f4bca1443479f032bf54633cd60d4d286af9ec80f0e1bbd2c35295c,390876,Lee2019_MI,Q15-E007,CSP4_LDA,deterministic,0.762792418638201,0.237207581361799,1
s03_2_offline_train_t024,3,2,offline_train,2,session2/s3/sess02_subj03_EEG_MI.mat,46c12e798f4bca1443479f032bf54633cd60d4d286af9ec80f0e1bbd2c35295c,402393,Lee2019_MI,Q15-E007,CSP4_LDA,deterministic,0.8147383624685366,0.18526163753146338,1
s03_2_offline_train_t025,3,2,offline_train,2,session2/s3/sess02_subj03_EEG_MI.mat,46c12e798f4bca1443479f032bf54633cd60d4d286af9ec80f0e1bbd2c35295c,413642,Lee2019_MI,Q15-E007,CSP4_LDA,deterministic,0.7898313111256148,0.21016868887438522,1
s03_2_offline_train_t026,3,2,offline_train,1,session2/s3/sess02_subj03_EEG_MI.mat,46c12e798f4bca1443479f032bf54633cd60d4d286af9ec80f0e1bbd2c35295c,424959,Lee2019_MI,Q15-E007,CSP4_LDA,deterministic,0.7249548349795776,0.27504516502042237,1
s03_2_offline_train_t027,3,2,offline_train,2,session2/s3/sess02_subj03_EEG_MI.mat,46c12e798f4bca1443479f032bf54633cd60d4d286af9ec80f0e1bbd2c35295c,436292,Lee2019_MI,Q15-E007,CSP4_LDA,deterministic,0.5223629551966793,0.4776370448033207,1
s03_2_offline_train_t028,3,2,offline_train,1,session2/s3/sess02_subj03_EEG_MI.mat,46c12e798f4bca1443479f032bf54633cd60d4d286af9ec80f0e1bbd2c35295c,447259,Lee2019_MI,Q15-E007,CSP4_LDA,deterministic,0.6628765704584954,0.33712342954150465,1
s03_2_offline_train_t029,3,2,offline_train,1,session2/s3/sess02_subj03_EEG_MI.mat,46c12e798f4bca1443479f032bf54633cd60d4d286af9ec80f0e1bbd2c35295c,458492,Lee2019_MI,Q15-E007,CSP4_LDA,deterministic,0.8324565850846863,0.1675434149153136,1
s03_2_offline_train_t030,3,2,offline_train,2,session2/s3/sess02_subj03_EEG_MI.mat,46c12e798f4bca1443479f032bf54633cd60d4d286af9ec80f0e1bbd2c35295c,469175,Lee2019_MI,Q15-E007,CSP4_LDA,deterministic,0.6353612191412954,0.36463878085870466,1
s03_2_offline_train_t031,3,2,offline_train,1,session2/s3/sess02_subj03_EEG_MI.mat,46c12e798f4bca1443479f032bf54633cd60d4d286af9ec80f0e1bbd2c35295c,480408,Lee2019_MI,Q15-E007,CSP4_LDA,deterministic,0.7554570168333992,0.2445429831666008,1
s03_2_offline_train_t032,3,2,offline_train,2,session2/s3/sess02_subj03_EEG_MI.mat,46c12e798f4bca1443479f032bf54633cd60d4d286af9ec80f0e1bbd2c35295c,491008,Lee2019_MI,Q15-E007,CSP4_LDA,deterministic,0.44450418234706424,0.5554958176529358,2
s03_2_offline_train_t033,3,2,offline_train,1,session2/s3/sess02_subj03_EEG_MI.mat,46c12e798f4bca1443479f032bf54633cd60d4d286af9ec80f0e1bbd2c35295c,501874,Lee2019_MI,Q15-E007,CSP4_LDA,deterministic,0.5453005184945705,0.4546994815054295,1
s03_2_offline_train_t034,3,2,offline_train,2,session2/s3/sess02_subj03_EEG_MI.mat,46c12e798f4bca1443479f032bf54633cd60d4d286af9ec80f0e1bbd2c35295c,512457,Lee2019_MI,Q15-E007,CSP4_LDA,deterministic,0.5883368043860151,0.41166319561398496,1
s03_2_offline_train_t035,3,2,offline_train,2,session2/s3/sess02_subj03_EEG_MI.mat,46c12e798f4bca1443479f032bf54633cd60d4d286af9ec80f0e1bbd2c35295c,523140,Lee2019_MI,Q15-E007,CSP4_LDA,deterministic,0.8463422672799354,0.1536577327200646,1
s03_2_offline_train_t036,3,2,offline_train,1,session2/s3/sess02_subj03_EEG_MI.mat,46c12e798f4bca1443479f032bf54633cd60d4d286af9ec80f0e1bbd2c35295c,534474,Lee2019_MI,Q15-E007,CSP4_LDA,deterministic,0.60286557193444,0.39713442806555993,1
s03_2_offline_train_t037,3,2,offline_train,1,session2/s3/sess02_subj03_EEG_MI.mat,46c12e798f4bca1443479f032bf54633cd60d4d286af9ec80f0e1bbd2c35295c,545707,Lee2019_MI,Q15-E007,CSP4_LDA,deterministic,0.8317844294232063,0.16821557057679373,1
s03_2_offline_train_t038,3,2,offline_train,2,session2/s3/sess02_subj03_EEG_MI.mat,46c12e798f4bca1443479f032bf54633cd60d4d286af9ec80f0e1bbd2c35295c,556573,Lee2019_MI,Q15-E007,CSP4_LDA,deterministic,0.4826378141530975,0.5173621858469025,2
s03_2_offline_train_t039,3,2,offline_train,1,session2/s3/sess02_subj03_EEG_MI.mat,46c12e798f4bca1443479f032bf54633cd60d4d286af9ec80f0e1bbd2c35295c,568090,Lee2019_MI,Q15-E007,CSP4_LDA,deterministic,0.6540119649713219,0.3459880350286781,1
s03_2_offline_train_t040,3,2,offline_train,1,session2/s3/sess02_subj03_EEG_MI.mat,46c12e798f4bca1443479f032bf54633cd60d4d286af9ec80f0e1bbd2c35295c,578673,Lee2019_MI,Q15-E007,CSP4_LDA,deterministic,0.7479003540855181,0.25209964591448186,1
s03_2_offline_train_t041,3,2,offline_train,1,session2/s3/sess02_subj03_EEG_MI.mat,46c12e798f4bca1443479f032bf54633cd60d4d286af9ec80f0e1bbd2c35295c,589639,Lee2019_MI,Q15-E007,CSP4_LDA,deterministic,0.728641355226382,0.27135864477361804,1
s03_2_offline_train_t042,3,2,offline_train,1,session2/s3/sess02_subj03_EEG_MI.mat,46c12e798f4bca1443479f032bf54633cd60d4d286af9ec80f0e1bbd2c35295c,600606,Lee2019_MI,Q15-E007,CSP4_LDA,deterministic,0.762400495857862,0.23759950414213804,1
s03_2_offline_train_t043,3,2,offline_train,2,session2/s3/sess02_subj03_EEG_MI.mat,46c12e798f4bca1443479f032bf54633cd60d4d286af9ec80f0e1bbd2c35295c,611922,Lee2019_MI,Q15-E007,CSP4_LDA,deterministic,0.8286752779874001,0.17132472201259985,1
s03_2_offline_train_t044,3,2,offline_train,1,session2/s3/sess02_subj03_EEG_MI.mat,46c12e798f4bca1443479f032bf54633cd60d4d286af9ec80f0e1bbd2c35295c,623255,Lee2019_MI,Q15-E007,CSP4_LDA,deterministic,0.8350997459055545,0.16490025409444553,1
s03_2_offline_train_t045,3,2,offline_train,2,session2/s3/sess02_subj03_EEG_MI.mat,46c12e798f4bca1443479f032bf54633cd60d4d286af9ec80f0e1bbd2c35295c,634039,Lee2019_MI,Q15-E007,CSP4_LDA,deterministic,0.8099513171228134,0.1900486828771866,1
s03_2_offline_train_t046,3,2,offline_train,1,session2/s3/sess02_subj03_EEG_MI.mat,46c12e798f4bca1443479f032bf54633cd60d4d286af9ec80f0e1bbd2c35295c,645088,Lee2019_MI,Q15-E007,CSP4_LDA,deterministic,0.829481148134038,0.17051885186596205,1
s03_2_offline_train_t047,3,2,offline_train,1,session2/s3/sess02_subj03_EEG_MI.mat,46c12e798f4bca1443479f032bf54633cd60d4d286af9ec80f0e1bbd2c35295c,656055,Lee2019_MI,Q15-E007,CSP4_LDA,deterministic,0.7203278062732457,0.2796721937267544,1
s03_2_offline_train_t048,3,2,offline_train,1,session2/s3/sess02_subj03_EEG_MI.mat,46c12e798f4bca1443479f032bf54633cd60d4d286af9ec80f0e1bbd2c35295c,667288,Lee2019_MI,Q15-E007,CSP4_LDA,deterministic,0.8208705369361418,0.1791294630638582,1
s03_2_offline_train_t049,3,2,offline_train,2,session2/s3/sess02_subj03_EEG_MI.mat,46c12e798f4bca1443479f032bf54633cd60d4d286af9ec80f0e1bbd2c35295c,678521,Lee2019_MI,Q15-E007,CSP4_LDA,deterministic,0.6835213032518512,0.3164786967481487,1
s03_2_offline_train_t050,3,2,offline_train,1,session2/s3/sess02_subj03_EEG_MI.mat,46c12e798f4bca1443479f032bf54633cd60d4d286af9ec80f0e1bbd2c35295c,741403,Lee2019_MI,Q15-E007,CSP4_LDA,deterministic,0.6595515121582858,0.3404484878417142,1
s03_2_offline_train_t051,3,2,offline_train,1,session2/s3/sess02_subj03_EEG_MI.mat,46c12e798f4bca1443479f032bf54633cd60d4d286af9ec80f0e1bbd2c35295c,752270,Lee2019_MI,Q15-E007,CSP4_LDA,deterministic,0.7511583593293436,0.2488416406706564,1
s03_2_offline_train_t052,3,2,offline_train,1,session2/s3/sess02_subj03_EEG_MI.mat,46c12e798f4bca1443479f032bf54633cd60d4d286af9ec80f0e1bbd2c35295c,763503,Lee2019_MI,Q15-E007,CSP4_LDA,deterministic,0.7496153214181756,0.2503846785818244,1
s03_2_offline_train_t053,3,2,offline_train,1,session2/s3/sess02_subj03_EEG_MI.mat,46c12e798f4bca1443479f032bf54633cd60d4d286af9ec80f0e1bbd2c35295c,774753,Lee2019_MI,Q15-E007,CSP4_LDA,deterministic,0.8552450685890582,0.14475493141094173,1
s03_2_offline_train_t054,3,2,offline_train,2,session2/s3/sess02_subj03_EEG_MI.mat,46c12e798f4bca1443479f032bf54633cd60d4d286af9ec80f0e1bbd2c35295c,785419,Lee2019_MI,Q15-E007,CSP4_LDA,deterministic,0.804707946844365,0.19529205315563505,1
s03_2_offline_train_t055,3,2,offline_train,1,session2/s3/sess02_subj03_EEG_MI.mat,46c12e798f4bca1443479f032bf54633cd60d4d286af9ec80f0e1bbd2c35295c,796102,Lee2019_MI,Q15-E007,CSP4_LDA,deterministic,0.8340586929070808,0.16594130709291918,1
s03_2_offline_train_t056,3,2,offline_train,1,session2/s3/sess02_subj03_EEG_MI.mat,46c12e798f4bca1443479f032bf54633cd60d4d286af9ec80f0e1bbd2c35295c,807152,Lee2019_MI,Q15-E007,CSP4_LDA,deterministic,0.9361049555563881,0.06389504444361194,1
s03_2_offline_train_t057,3,2,offline_train,2,session2/s3/sess02_subj03_EEG_MI.mat,46c12e798f4bca1443479f032bf54633cd60d4d286af9ec80f0e1bbd2c35295c,818669,Lee2019_MI,Q15-E007,CSP4_LDA,deterministic,0.7469998000644311,0.25300019993556894,1
s03_2_offline_train_t058,3,2,offline_train,2,session2/s3/sess02_subj03_EEG_MI.mat,46c12e798f4bca1443479f032bf54633cd60d4d286af9ec80f0e1bbd2c35295c,829535,Lee2019_MI,Q15-E007,CSP4_LDA,deterministic,0.8341310129878069,0.1658689870121931,1
s03_2_offline_train_t059,3,2,offline_train,1,session2/s3/sess02_subj03_EEG_MI.mat,46c12e798f4bca1443479f032bf54633cd60d4d286af9ec80f0e1bbd2c35295c,840685,Lee2019_MI,Q15-E007,CSP4_LDA,deterministic,0.7513286049987049,0.24867139500129512,1
s03_2_offline_train_t060,3,2,offline_train,1,session2/s3/sess02_subj03_EEG_MI.mat,46c12e798f4bca1443479f032bf54633cd60d4d286af9ec80f0e1bbd2c35295c,851468,Lee2019_MI,Q15-E007,CSP4_LDA,deterministic,0.7440924657450265,0.2559075342549734,1
s03_2_offline_train_t061,3,2,offline_train,2,session2/s3/sess02_subj03_EEG_MI.mat,46c12e798f4bca1443479f032bf54633cd60d4d286af9ec80f0e1bbd2c35295c,862801,Lee2019_MI,Q15-E007,CSP4_LDA,deterministic,0.8659902831929235,0.13400971680707652,1
s03_2_offline_train_t062,3,2,offline_train,2,session2/s3/sess02_subj03_EEG_MI.mat,46c12e798f4bca1443479f032bf54633cd60d4d286af9ec80f0e1bbd2c35295c,873568,Lee2019_MI,Q15-E007,CSP4_LDA,deterministic,0.8446861508544112,0.15531384914558877,1
s03_2_offline_train_t063,3,2,offline_train,1,session2/s3/sess02_subj03_EEG_MI.mat,46c12e798f4bca1443479f032bf54633cd60d4d286af9ec80f0e1bbd2c35295c,884618,Lee2019_MI,Q15-E007,CSP4_LDA,deterministic,0.9201729212805415,0.07982707871945846,1
s03_2_offline_train_t064,3,2,offline_train,2,session2/s3/sess02_subj03_EEG_MI.mat,46c12e798f4bca1443479f032bf54633cd60d4d286af9ec80f0e1bbd2c35295c,895851,Lee2019_MI,Q15-E007,CSP4_LDA,deterministic,0.8641518794509735,0.13584812054902645,1
s03_2_offline_train_t065,3,2,offline_train,2,session2/s3/sess02_subj03_EEG_MI.mat,46c12e798f4bca1443479f032bf54633cd60d4d286af9ec80f0e1bbd2c35295c,907284,Lee2019_MI,Q15-E007,CSP4_LDA,deterministic,0.6044125253902306,0.3955874746097694,1
s03_2_offline_train_t066,3,2,offline_train,2,session2/s3/sess02_subj03_EEG_MI.mat,46c12e798f4bca1443479f032bf54633cd60d4d286af9ec80f0e1bbd2c35295c,918800,Lee2019_MI,Q15-E007,CSP4_LDA,deterministic,0.8570901595039802,0.14290984049601987,1
s03_2_offline_train_t067,3,2,offline_train,2,session2/s3/sess02_subj03_EEG_MI.mat,46c12e798f4bca1443479f032bf54633cd60d4d286af9ec80f0e1bbd2c35295c,929950,Lee2019_MI,Q15-E007,CSP4_LDA,deterministic,0.7785481534528624,0.22145184654713754,1
s03_2_offline_train_t068,3,2,offline_train,1,session2/s3/sess02_subj03_EEG_MI.mat,46c12e798f4bca1443479f032bf54633cd60d4d286af9ec80f0e1bbd2c35295c,940633,Lee2019_MI,Q15-E007,CSP4_LDA,deterministic,0.9013981942530505,0.0986018057469495,1
s03_2_offline_train_t069,3,2,offline_train,1,session2/s3/sess02_subj03_EEG_MI.mat,46c12e798f4bca1443479f032bf54633cd60d4d286af9ec80f0e1bbd2c35295c,951299,Lee2019_MI,Q15-E007,CSP4_LDA,deterministic,0.8225524543609131,0.17744754563908696,1
s03_2_offline_train_t070,3,2,offline_train,2,session2/s3/sess02_subj03_EEG_MI.mat,46c12e798f4bca1443479f032bf54633cd60d4d286af9ec80f0e1bbd2c35295c,962082,Lee2019_MI,Q15-E007,CSP4_LDA,deterministic,0.679173190264135,0.32082680973586497,1
s03_2_offline_train_t071,3,2,offline_train,1,session2/s3/sess02_subj03_EEG_MI.mat,46c12e798f4bca1443479f032bf54633cd60d4d286af9ec80f0e1bbd2c35295c,973499,Lee2019_MI,Q15-E007,CSP4_LDA,deterministic,0.7294333087717477,0.27056669122825233,1
s03_2_offline_train_t072,3,2,offline_train,2,session2/s3/sess02_subj03_EEG_MI.mat,46c12e798f4bca1443479f032bf54633cd60d4d286af9ec80f0e1bbd2c35295c,984282,Lee2019_MI,Q15-E007,CSP4_LDA,deterministic,0.5950814591914406,0.4049185408085593,1
s03_2_offline_train_t073,3,2,offline_train,2,session2/s3/sess02_subj03_EEG_MI.mat,46c12e798f4bca1443479f032bf54633cd60d4d286af9ec80f0e1bbd2c35295c,995615,Lee2019_MI,Q15-E007,CSP4_LDA,deterministic,0.7335476426510632,0.26645235734893685,1
s03_2_offline_train_t074,3,2,offline_train,2,session2/s3/sess02_subj03_EEG_MI.mat,46c12e798f4bca1443479f032bf54633cd60d4d286af9ec80f0e1bbd2c35295c,1006382,Lee2019_MI,Q15-E007,CSP4_LDA,deterministic,0.6783236795810593,0.3216763204189407,1
s03_2_offline_train_t075,3,2,offline_train,1,session2/s3/sess02_subj03_EEG_MI.mat,46c12e798f4bca1443479f032bf54633cd60d4d286af9ec80f0e1bbd2c35295c,1017898,Lee2019_MI,Q15-E007,CSP4_LDA,deterministic,0.6366986134840817,0.36330138651591826,1
s03_2_offline_train_t076,3,2,offline_train,2,session2/s3/sess02_subj03_EEG_MI.mat,46c12e798f4bca1443479f032bf54633cd60d4d286af9ec80f0e1bbd2c35295c,1028765,Lee2019_MI,Q15-E007,CSP4_LDA,deterministic,0.595278788461685,0.40472121153831503,1
s03_2_offline_train_t077,3,2,offline_train,1,session2/s3/sess02_subj03_EEG_MI.mat,46c12e798f4bca1443479f032bf54633cd60d4d286af9ec80f0e1bbd2c35295c,1039548,Lee2019_MI,Q15-E007,CSP4_LDA,deterministic,0.8120616237294145,0.18793837627058554,1
s03_2_offline_train_t078,3,2,offline_train,1,session2/s3/sess02_subj03_EEG_MI.mat,46c12e798f4bca1443479f032bf54633cd60d4d286af9ec80f0e1bbd2c35295c,1050315,Lee2019_MI,Q15-E007,CSP4_LDA,deterministic,0.7746048376867302,0.2253951623132698,1
s03_2_offline_train_t079,3,2,offline_train,2,session2/s3/sess02_subj03_EEG_MI.mat,46c12e798f4bca1443479f032bf54633cd60d4d286af9ec80f0e1bbd2c35295c,1061464,Lee2019_MI,Q15-E007,CSP4_LDA,deterministic,0.6656303312941769,0.3343696687058231,1
s03_2_offline_train_t080,3,2,offline_train,2,session2/s3/sess02_subj03_EEG_MI.mat,46c12e798f4bca1443479f032bf54633cd60d4d286af9ec80f0e1bbd2c35295c,1072514,Lee2019_MI,Q15-E007,CSP4_LDA,deterministic,0.6250926496013122,0.37490735039868783,1
s03_2_offline_train_t081,3,2,offline_train,2,session2/s3/sess02_subj03_EEG_MI.mat,46c12e798f4bca1443479f032bf54633cd60d4d286af9ec80f0e1bbd2c35295c,1083381,Lee2019_MI,Q15-E007,CSP4_LDA,deterministic,0.6325728975226296,0.3674271024773704,1
s03_2_offline_train_t082,3,2,offline_train,1,session2/s3/sess02_subj03_EEG_MI.mat,46c12e798f4bca1443479f032bf54633cd60d4d286af9ec80f0e1bbd2c35295c,1094797,Lee2019_MI,Q15-E007,CSP4_LDA,deterministic,0.7418876973945403,0.2581123026054597,1
s03_2_offline_train_t083,3,2,offline_train,2,session2/s3/sess02_subj03_EEG_MI.mat,46c12e798f4bca1443479f032bf54633cd60d4d286af9ec80f0e1bbd2c35295c,1105947,Lee2019_MI,Q15-E007,CSP4_LDA,deterministic,0.7858934580471978,0.2141065419528022,1
s03_2_offline_train_t084,3,2,offline_train,2,session2/s3/sess02_subj03_EEG_MI.mat,46c12e798f4bca1443479f032bf54633cd60d4d286af9ec80f0e1bbd2c35295c,1116997,Lee2019_MI,Q15-E007,CSP4_LDA,deterministic,0.5293569345411748,0.47064306545882517,1
s03_2_offline_train_t085,3,2,offline_train,1,session2/s3/sess02_subj03_EEG_MI.mat,46c12e798f4bca1443479f032bf54633cd60d4d286af9ec80f0e1bbd2c35295c,1128430,Lee2019_MI,Q15-E007,CSP4_LDA,deterministic,0.5668399561585227,0.4331600438414773,1
s03_2_offline_train_t086,3,2,offline_train,2,session2/s3/sess02_subj03_EEG_MI.mat,46c12e798f4bca1443479f032bf54633cd60d4d286af9ec80f0e1bbd2c35295c,1139296,Lee2019_MI,Q15-E007,CSP4_LDA,deterministic,0.5504470865729105,0.44955291342708953,1
s03_2_offline_train_t087,3,2,offline_train,1,session2/s3/sess02_subj03_EEG_MI.mat,46c12e798f4bca1443479f032bf54633cd60d4d286af9ec80f0e1bbd2c35295c,1150630,Lee2019_MI,Q15-E007,CSP4_LDA,deterministic,0.7771366781435495,0.22286332185645052,1
s03_2_offline_train_t088,3,2,offline_train,2,session2/s3/sess02_subj03_EEG_MI.mat,46c12e798f4bca1443479f032bf54633cd60d4d286af9ec80f0e1bbd2c35295c,1161946,Lee2019_MI,Q15-E007,CSP4_LDA,deterministic,0.676519131586495,0.323480868413505,1
s03_2_offline_train_t089,3,2,offline_train,2,session2/s3/sess02_subj03_EEG_MI.mat,46c12e798f4bca1443479f032bf54633cd60d4d286af9ec80f0e1bbd2c35295c,1172912,Lee2019_MI,Q15-E007,CSP4_LDA,deterministic,0.5469929664631363,0.4530070335368637,1
s03_2_offline_train_t090,3,2,offline_train,2,session2/s3/sess02_subj03_EEG_MI.mat,46c12e798f4bca1443479f032bf54633cd60d4d286af9ec80f0e1bbd2c35295c,1184062,Lee2019_MI,Q15-E007,CSP4_LDA,deterministic,0.6264238014785127,0.37357619852148727,1
s03_2_offline_train_t091,3,2,offline_train,2,session2/s3/sess02_subj03_EEG_MI.mat,46c12e798f4bca1443479f032bf54633cd60d4d286af9ec80f0e1bbd2c35295c,1194645,Lee2019_MI,Q15-E007,CSP4_LDA,deterministic,0.7889857106801383,0.21101428931986163,1
s03_2_offline_train_t092,3,2,offline_train,2,session2/s3/sess02_subj03_EEG_MI.mat,46c12e798f4bca1443479f032bf54633cd60d4d286af9ec80f0e1bbd2c35295c,1205228,Lee2019_MI,Q15-E007,CSP4_LDA,deterministic,0.9055072317305768,0.09449276826942324,1
s03_2_offline_train_t093,3,2,offline_train,1,session2/s3/sess02_subj03_EEG_MI.mat,46c12e798f4bca1443479f032bf54633cd60d4d286af9ec80f0e1bbd2c35295c,1216295,Lee2019_MI,Q15-E007,CSP4_LDA,deterministic,0.8789112860211974,0.12108871397880265,1
s03_2_offline_train_t094,3,2,offline_train,2,session2/s3/sess02_subj03_EEG_MI.mat,46c12e798f4bca1443479f032bf54633cd60d4d286af9ec80f0e1bbd2c35295c,1227611,Lee2019_MI,Q15-E007,CSP4_LDA,deterministic,0.8692265844723983,0.13077341552760166,1
s03_2_offline_train_t095,3,2,offline_train,1,session2/s3/sess02_subj03_EEG_MI.mat,46c12e798f4bca1443479f032bf54633cd60d4d286af9ec80f0e1bbd2c35295c,1239128,Lee2019_MI,Q15-E007,CSP4_LDA,deterministic,0.8157277496946405,0.1842722503053596,1
s03_2_offline_train_t096,3,2,offline_train,1,session2/s3/sess02_subj03_EEG_MI.mat,46c12e798f4bca1443479f032bf54633cd60d4d286af9ec80f0e1bbd2c35295c,1249811,Lee2019_MI,Q15-E007,CSP4_LDA,deterministic,0.8881842345972453,0.11181576540275469,1
s03_2_offline_train_t097,3,2,offline_train,2,session2/s3/sess02_subj03_EEG_MI.mat,46c12e798f4bca1443479f032bf54633cd60d4d286af9ec80f0e1bbd2c35295c,1260961,Lee2019_MI,Q15-E007,CSP4_LDA,deterministic,0.7762580784738544,0.22374192152614555,1
s03_2_offline_train_t098,3,2,offline_train,1,session2/s3/sess02_subj03_EEG_MI.mat,46c12e798f4bca1443479f032bf54633cd60d4d286af9ec80f0e1bbd2c35295c,1272011,Lee2019_MI,Q15-E007,CSP4_LDA,deterministic,0.7763757128214785,0.2236242871785215,1
s03_2_offline_train_t099,3,2,offline_train,2,session2/s3/sess02_subj03_EEG_MI.mat,46c12e798f4bca1443479f032bf54633cd60d4d286af9ec80f0e1bbd2c35295c,1282611,Lee2019_MI,Q15-E007,CSP4_LDA,deterministic,0.49279849665564157,0.5072015033443584,2
s03_2_offline_train_t100,3,2,offline_train,2,session2/s3/sess02_subj03_EEG_MI.mat,46c12e798f4bca1443479f032bf54633cd60d4d286af9ec80f0e1bbd2c35295c,1293477,Lee2019_MI,Q15-E007,CSP4_LDA,deterministic,0.7827557431696719,0.21724425683032808,1
