sample_id,subject,session,run,trial,label,event_sample,artifact_flagged,experiment_id,condition,fold,subset_id,train_subjects,source_session,seed,selected_epochs,y_true,y_pred,p_class_1,p_class_2,p_class_3,p_class_4
s09_0train_r0_t01,9,0train,0,1,4,250,True,Q13-E005,Q9_SHARED_SOURCE_SESSION_E,loso_s9,all,1|2|3|4|5|6|7|8,1test,20260926,20,4,3,2.8265638e-06,0.00037743393,0.5177455,0.4818742
s09_0train_r0_t02,9,0train,0,2,2,2253,False,Q13-E005,Q9_SHARED_SOURCE_SESSION_E,loso_s9,all,1|2|3|4|5|6|7|8,1test,20260926,20,2,2,0.22120169,0.7457531,0.008770876,0.024274323
s09_0train_r0_t03,9,0train,0,3,2,4171,False,Q13-E005,Q9_SHARED_SOURCE_SESSION_E,loso_s9,all,1|2|3|4|5|6|7|8,1test,20260926,20,2,1,0.44744802,0.3740193,0.106671855,0.07186082
s09_0train_r0_t04,9,0train,0,4,1,6123,True,Q13-E005,Q9_SHARED_SOURCE_SESSION_E,loso_s9,all,1|2|3|4|5|6|7|8,1test,20260926,20,1,2,0.09911185,0.7454178,0.12374601,0.031724438
s09_0train_r0_t05,9,0train,0,5,4,8131,True,Q13-E005,Q9_SHARED_SOURCE_SESSION_E,loso_s9,all,1|2|3|4|5|6|7|8,1test,20260926,20,4,4,3.479742e-05,5.2977452e-11,0.13316533,0.86679983
s09_0train_r0_t06,9,0train,0,6,4,10242,False,Q13-E005,Q9_SHARED_SOURCE_SESSION_E,loso_s9,all,1|2|3|4|5|6|7|8,1test,20260926,20,4,3,3.1390161e-06,0.0002816188,0.6772608,0.3224544
s09_0train_r0_t07,9,0train,0,7,3,12159,False,Q13-E005,Q9_SHARED_SOURCE_SESSION_E,loso_s9,all,1|2|3|4|5|6|7|8,1test,20260926,20,3,2,0.0010802196,0.98254114,0.0072505055,0.0091281375
s09_0train_r0_t08,9,0train,0,8,2,14209,False,Q13-E005,Q9_SHARED_SOURCE_SESSION_E,loso_s9,all,1|2|3|4|5|6|7|8,1test,20260926,20,2,2,0.3106205,0.6578418,0.005919235,0.025618436
s09_0train_r0_t09,9,0train,0,9,3,16140,False,Q13-E005,Q9_SHARED_SOURCE_SESSION_E,loso_s9,all,1|2|3|4|5|6|7|8,1test,20260926,20,3,3,0.20175415,0.043915663,0.5672396,0.1870906
s09_0train_r0_t10,9,0train,0,10,1,18138,False,Q13-E005,Q9_SHARED_SOURCE_SESSION_E,loso_s9,all,1|2|3|4|5|6|7|8,1test,20260926,20,1,2,0.39171222,0.48945913,0.044602178,0.07422653
s09_0train_r0_t11,9,0train,0,11,1,20044,False,Q13-E005,Q9_SHARED_SOURCE_SESSION_E,loso_s9,all,1|2|3|4|5|6|7|8,1test,20260926,20,1,1,0.9175574,0.009474902,0.0016144651,0.071353205
s09_0train_r0_t12,9,0train,0,12,2,21939,False,Q13-E005,Q9_SHARED_SOURCE_SESSION_E,loso_s9,all,1|2|3|4|5|6|7|8,1test,20260926,20,2,2,0.10934363,0.8825179,0.0014805378,0.006657958
s09_0train_r0_t13,9,0train,0,13,4,23911,False,Q13-E005,Q9_SHARED_SOURCE_SESSION_E,loso_s9,all,1|2|3|4|5|6|7|8,1test,20260926,20,4,4,3.136026e-05,5.4354233e-11,0.039481156,0.96048754
s09_0train_r0_t14,9,0train,0,14,4,25855,True,Q13-E005,Q9_SHARED_SOURCE_SESSION_E,loso_s9,all,1|2|3|4|5|6|7|8,1test,20260926,20,4,4,0.00093748874,2.8318507e-07,0.25600153,0.74306065
s09_0train_r0_t15,9,0train,0,15,2,27822,False,Q13-E005,Q9_SHARED_SOURCE_SESSION_E,loso_s9,all,1|2|3|4|5|6|7|8,1test,20260926,20,2,2,0.012138064,0.9846897,0.00021403938,0.0029581527
s09_0train_r0_t16,9,0train,0,16,4,29942,False,Q13-E005,Q9_SHARED_SOURCE_SESSION_E,loso_s9,all,1|2|3|4|5|6|7|8,1test,20260926,20,4,3,4.4029257e-08,0.00013286376,0.97578126,0.024085896
s09_0train_r0_t17,9,0train,0,17,3,31950,True,Q13-E005,Q9_SHARED_SOURCE_SESSION_E,loso_s9,all,1|2|3|4|5|6|7|8,1test,20260926,20,3,4,0.051187173,0.055928998,0.4302563,0.4626275
s09_0train_r0_t18,9,0train,0,18,3,34016,False,Q13-E005,Q9_SHARED_SOURCE_SESSION_E,loso_s9,all,1|2|3|4|5|6|7|8,1test,20260926,20,3,3,0.26858547,0.001179896,0.60193205,0.12830256
s09_0train_r0_t19,9,0train,0,19,3,36052,False,Q13-E005,Q9_SHARED_SOURCE_SESSION_E,loso_s9,all,1|2|3|4|5|6|7|8,1test,20260926,20,3,3,2.0970336e-05,1.0367365e-07,0.9478091,0.052169833
s09_0train_r0_t20,9,0train,0,20,1,38118,False,Q13-E005,Q9_SHARED_SOURCE_SESSION_E,loso_s9,all,1|2|3|4|5|6|7|8,1test,20260926,20,1,1,0.8732091,0.048510365,0.034204595,0.044075947
s09_0train_r0_t21,9,0train,0,21,3,40188,False,Q13-E005,Q9_SHARED_SOURCE_SESSION_E,loso_s9,all,1|2|3|4|5|6|7|8,1test,20260926,20,3,3,0.13908488,0.0017295872,0.65250415,0.20668143
s09_0train_r0_t22,9,0train,0,22,1,42268,True,Q13-E005,Q9_SHARED_SOURCE_SESSION_E,loso_s9,all,1|2|3|4|5|6|7|8,1test,20260926,20,1,2,0.29461917,0.51801443,0.031815626,0.15555078
s09_0train_r0_t23,9,0train,0,23,3,44180,True,Q13-E005,Q9_SHARED_SOURCE_SESSION_E,loso_s9,all,1|2|3|4|5|6|7|8,1test,20260926,20,3,3,0.011299867,3.560512e-09,0.83448976,0.15421039
s09_0train_r0_t24,9,0train,0,24,3,46211,True,Q13-E005,Q9_SHARED_SOURCE_SESSION_E,loso_s9,all,1|2|3|4|5|6|7|8,1test,20260926,20,3,3,0.007994679,0.0275459,0.957397,0.0070624324
s09_0train_r0_t25,9,0train,0,25,1,48164,True,Q13-E005,Q9_SHARED_SOURCE_SESSION_E,loso_s9,all,1|2|3|4|5|6|7|8,1test,20260926,20,1,3,0.269338,0.02299812,0.37262982,0.33503404
s09_0train_r0_t26,9,0train,0,26,1,50125,False,Q13-E005,Q9_SHARED_SOURCE_SESSION_E,loso_s9,all,1|2|3|4|5|6|7|8,1test,20260926,20,1,3,0.35607737,0.25175825,0.3589855,0.033178903
s09_0train_r0_t27,9,0train,0,27,2,52229,False,Q13-E005,Q9_SHARED_SOURCE_SESSION_E,loso_s9,all,1|2|3|4|5|6|7|8,1test,20260926,20,2,3,0.088840425,0.1785503,0.69657624,0.036033016
s09_0train_r0_t28,9,0train,0,28,2,54233,False,Q13-E005,Q9_SHARED_SOURCE_SESSION_E,loso_s9,all,1|2|3|4|5|6|7|8,1test,20260926,20,2,2,0.012731599,0.8568244,0.11750701,0.012937033
s09_0train_r0_t29,9,0train,0,29,1,56208,False,Q13-E005,Q9_SHARED_SOURCE_SESSION_E,loso_s9,all,1|2|3|4|5|6|7|8,1test,20260926,20,1,1,0.7526846,0.21784985,0.0109739425,0.018491624
s09_0train_r0_t30,9,0train,0,30,3,58234,True,Q13-E005,Q9_SHARED_SOURCE_SESSION_E,loso_s9,all,1|2|3|4|5|6|7|8,1test,20260926,20,3,3,0.0020781704,0.036070082,0.9506391,0.011212665
s09_0train_r0_t31,9,0train,0,31,2,60305,False,Q13-E005,Q9_SHARED_SOURCE_SESSION_E,loso_s9,all,1|2|3|4|5|6|7|8,1test,20260926,20,2,2,0.0005989987,0.5256112,0.20845307,0.26533672
s09_0train_r0_t32,9,0train,0,32,4,62412,False,Q13-E005,Q9_SHARED_SOURCE_SESSION_E,loso_s9,all,1|2|3|4|5|6|7|8,1test,20260926,20,4,4,2.4300396e-05,0.006732135,0.16290481,0.8303388
s09_0train_r0_t33,9,0train,0,33,4,64504,False,Q13-E005,Q9_SHARED_SOURCE_SESSION_E,loso_s9,all,1|2|3|4|5|6|7|8,1test,20260926,20,4,4,0.00018112724,4.652581e-10,0.0074483985,0.9923705
s09_0train_r0_t34,9,0train,0,34,1,66595,False,Q13-E005,Q9_SHARED_SOURCE_SESSION_E,loso_s9,all,1|2|3|4|5|6|7|8,1test,20260926,20,1,1,0.74017596,0.0005028312,0.014138709,0.24518244
s09_0train_r0_t35,9,0train,0,35,4,68638,False,Q13-E005,Q9_SHARED_SOURCE_SESSION_E,loso_s9,all,1|2|3|4|5|6|7|8,1test,20260926,20,4,4,2.0380883e-06,1.5560254e-08,0.08236374,0.9176342
s09_0train_r0_t36,9,0train,0,36,1,70702,False,Q13-E005,Q9_SHARED_SOURCE_SESSION_E,loso_s9,all,1|2|3|4|5|6|7|8,1test,20260926,20,1,3,0.036497016,3.305622e-05,0.5612226,0.40224734
s09_0train_r0_t37,9,0train,0,37,4,72722,False,Q13-E005,Q9_SHARED_SOURCE_SESSION_E,loso_s9,all,1|2|3|4|5|6|7|8,1test,20260926,20,4,3,0.0007425028,3.5185225e-05,0.82851887,0.17070338
s09_0train_r0_t38,9,0train,0,38,2,74694,False,Q13-E005,Q9_SHARED_SOURCE_SESSION_E,loso_s9,all,1|2|3|4|5|6|7|8,1test,20260926,20,2,4,0.02946946,0.031485498,0.45291606,0.48612896
s09_0train_r0_t39,9,0train,0,39,3,76657,False,Q13-E005,Q9_SHARED_SOURCE_SESSION_E,loso_s9,all,1|2|3|4|5|6|7|8,1test,20260926,20,3,3,0.021871414,0.03599383,0.8341243,0.1080105
s09_0train_r0_t40,9,0train,0,40,4,78582,False,Q13-E005,Q9_SHARED_SOURCE_SESSION_E,loso_s9,all,1|2|3|4|5|6|7|8,1test,20260926,20,4,4,1.1879287e-05,2.8238378e-07,0.17095624,0.82903165
s09_0train_r0_t41,9,0train,0,41,2,80663,False,Q13-E005,Q9_SHARED_SOURCE_SESSION_E,loso_s9,all,1|2|3|4|5|6|7|8,1test,20260926,20,2,1,0.7625155,0.13884917,0.019035872,0.07959945
s09_0train_r0_t42,9,0train,0,42,3,82641,False,Q13-E005,Q9_SHARED_SOURCE_SESSION_E,loso_s9,all,1|2|3|4|5|6|7|8,1test,20260926,20,3,4,1.6176064e-05,2.308974e-07,0.36770427,0.63227934
s09_0train_r0_t43,9,0train,0,43,2,84631,False,Q13-E005,Q9_SHARED_SOURCE_SESSION_E,loso_s9,all,1|2|3|4|5|6|7|8,1test,20260926,20,2,2,4.2314554e-05,0.9635283,0.033675738,0.0027536391
s09_0train_r0_t44,9,0train,0,44,3,86750,False,Q13-E005,Q9_SHARED_SOURCE_SESSION_E,loso_s9,all,1|2|3|4|5|6|7|8,1test,20260926,20,3,2,0.19696644,0.6777592,0.08225436,0.04301996
s09_0train_r0_t45,9,0train,0,45,1,88656,True,Q13-E005,Q9_SHARED_SOURCE_SESSION_E,loso_s9,all,1|2|3|4|5|6|7|8,1test,20260926,20,1,1,0.91209996,0.050422624,0.0038979182,0.033579558
s09_0train_r0_t46,9,0train,0,46,2,90584,False,Q13-E005,Q9_SHARED_SOURCE_SESSION_E,loso_s9,all,1|2|3|4|5|6|7|8,1test,20260926,20,2,2,0.000109570174,0.97394466,0.006081036,0.01986469
s09_0train_r0_t47,9,0train,0,47,4,92698,False,Q13-E005,Q9_SHARED_SOURCE_SESSION_E,loso_s9,all,1|2|3|4|5|6|7|8,1test,20260926,20,4,4,0.00015838203,9.4624735e-09,0.036058586,0.9637831
s09_0train_r0_t48,9,0train,0,48,1,94757,False,Q13-E005,Q9_SHARED_SOURCE_SESSION_E,loso_s9,all,1|2|3|4|5|6|7|8,1test,20260926,20,1,1,0.60013384,0.00520208,0.16970149,0.22496256
s09_0train_r1_t01,9,0train,1,1,3,250,True,Q13-E005,Q9_SHARED_SOURCE_SESSION_E,loso_s9,all,1|2|3|4|5|6|7|8,1test,20260926,20,3,3,0.044378266,0.3358573,0.55414194,0.065622486
s09_0train_r1_t02,9,0train,1,2,1,2253,False,Q13-E005,Q9_SHARED_SOURCE_SESSION_E,loso_s9,all,1|2|3|4|5|6|7|8,1test,20260926,20,1,1,0.5048327,0.0055024037,0.17965963,0.31000525
s09_0train_r1_t03,9,0train,1,3,1,4171,False,Q13-E005,Q9_SHARED_SOURCE_SESSION_E,loso_s9,all,1|2|3|4|5|6|7|8,1test,20260926,20,1,1,0.5718612,0.22418442,0.13201074,0.07194364
s09_0train_r1_t04,9,0train,1,4,4,6123,True,Q13-E005,Q9_SHARED_SOURCE_SESSION_E,loso_s9,all,1|2|3|4|5|6|7|8,1test,20260926,20,4,4,6.7165085e-05,4.8646475e-06,0.011627054,0.988301
s09_0train_r1_t05,9,0train,1,5,1,8131,True,Q13-E005,Q9_SHARED_SOURCE_SESSION_E,loso_s9,all,1|2|3|4|5|6|7|8,1test,20260926,20,1,1,0.60964537,0.0010174956,0.15678272,0.23255445
s09_0train_r1_t06,9,0train,1,6,4,10242,False,Q13-E005,Q9_SHARED_SOURCE_SESSION_E,loso_s9,all,1|2|3|4|5|6|7|8,1test,20260926,20,4,4,1.7138393e-05,2.9340904e-07,0.08236485,0.91761774
s09_0train_r1_t07,9,0train,1,7,4,12159,False,Q13-E005,Q9_SHARED_SOURCE_SESSION_E,loso_s9,all,1|2|3|4|5|6|7|8,1test,20260926,20,4,4,0.0002764567,3.6800932e-07,0.0927312,0.906992
s09_0train_r1_t08,9,0train,1,8,2,14209,True,Q13-E005,Q9_SHARED_SOURCE_SESSION_E,loso_s9,all,1|2|3|4|5|6|7|8,1test,20260926,20,2,2,0.001782821,0.88278276,0.008538552,0.10689585
s09_0train_r1_t09,9,0train,1,9,4,16140,False,Q13-E005,Q9_SHARED_SOURCE_SESSION_E,loso_s9,all,1|2|3|4|5|6|7|8,1test,20260926,20,4,4,2.0655876e-05,5.250662e-09,0.4871632,0.51281613
s09_0train_r1_t10,9,0train,1,10,2,18138,False,Q13-E005,Q9_SHARED_SOURCE_SESSION_E,loso_s9,all,1|2|3|4|5|6|7|8,1test,20260926,20,2,2,0.0027419976,0.95295376,0.010459793,0.033844505
s09_0train_r1_t11,9,0train,1,11,4,20044,False,Q13-E005,Q9_SHARED_SOURCE_SESSION_E,loso_s9,all,1|2|3|4|5|6|7|8,1test,20260926,20,4,4,0.0006658899,6.474798e-07,0.17810318,0.82123023
s09_0train_r1_t12,9,0train,1,12,3,21939,False,Q13-E005,Q9_SHARED_SOURCE_SESSION_E,loso_s9,all,1|2|3|4|5|6|7|8,1test,20260926,20,3,3,0.029571626,0.0005253106,0.83259255,0.1373105
s09_0train_r1_t13,9,0train,1,13,1,23911,False,Q13-E005,Q9_SHARED_SOURCE_SESSION_E,loso_s9,all,1|2|3|4|5|6|7|8,1test,20260926,20,1,1,0.44482255,0.42026007,0.11670175,0.018215608
s09_0train_r1_t14,9,0train,1,14,2,25855,True,Q13-E005,Q9_SHARED_SOURCE_SESSION_E,loso_s9,all,1|2|3|4|5|6|7|8,1test,20260926,20,2,2,0.0012276097,0.74995774,0.20818996,0.040624645
s09_0train_r1_t15,9,0train,1,15,3,27822,False,Q13-E005,Q9_SHARED_SOURCE_SESSION_E,loso_s9,all,1|2|3|4|5|6|7|8,1test,20260926,20,3,3,2.8041019e-05,3.7299594e-06,0.9962894,0.0036788813
s09_0train_r1_t16,9,0train,1,16,1,29942,False,Q13-E005,Q9_SHARED_SOURCE_SESSION_E,loso_s9,all,1|2|3|4|5|6|7|8,1test,20260926,20,1,1,0.6436345,0.11987753,0.09671977,0.1397682
s09_0train_r1_t17,9,0train,1,17,1,31950,False,Q13-E005,Q9_SHARED_SOURCE_SESSION_E,loso_s9,all,1|2|3|4|5|6|7|8,1test,20260926,20,1,1,0.6704419,0.013012389,0.04301905,0.27352664
s09_0train_r1_t18,9,0train,1,18,4,34016,False,Q13-E005,Q9_SHARED_SOURCE_SESSION_E,loso_s9,all,1|2|3|4|5|6|7|8,1test,20260926,20,4,4,0.00069310155,9.335558e-08,0.45814148,0.54116535
s09_0train_r1_t19,9,0train,1,19,4,36052,False,Q13-E005,Q9_SHARED_SOURCE_SESSION_E,loso_s9,all,1|2|3|4|5|6|7|8,1test,20260926,20,4,4,0.00093894737,1.2384189e-09,0.2593636,0.73969746
s09_0train_r1_t20,9,0train,1,20,2,38118,False,Q13-E005,Q9_SHARED_SOURCE_SESSION_E,loso_s9,all,1|2|3|4|5|6|7|8,1test,20260926,20,2,1,0.48906818,0.13833232,0.26252362,0.110075936
s09_0train_r1_t21,9,0train,1,21,1,40188,False,Q13-E005,Q9_SHARED_SOURCE_SESSION_E,loso_s9,all,1|2|3|4|5|6|7|8,1test,20260926,20,1,1,0.8032108,0.062480364,0.08555064,0.04875823
s09_0train_r1_t22,9,0train,1,22,3,42268,False,Q13-E005,Q9_SHARED_SOURCE_SESSION_E,loso_s9,all,1|2|3|4|5|6|7|8,1test,20260926,20,3,3,0.0016396409,2.8853248e-05,0.9163408,0.08199069
s09_0train_r1_t23,9,0train,1,23,4,44180,False,Q13-E005,Q9_SHARED_SOURCE_SESSION_E,loso_s9,all,1|2|3|4|5|6|7|8,1test,20260926,20,4,4,0.0013061184,0.0011746421,0.34262693,0.6548923
s09_0train_r1_t24,9,0train,1,24,4,46211,True,Q13-E005,Q9_SHARED_SOURCE_SESSION_E,loso_s9,all,1|2|3|4|5|6|7|8,1test,20260926,20,4,3,0.00040582073,1.856954e-10,0.67705363,0.3225405
s09_0train_r1_t25,9,0train,1,25,4,48164,False,Q13-E005,Q9_SHARED_SOURCE_SESSION_E,loso_s9,all,1|2|3|4|5|6|7|8,1test,20260926,20,4,4,0.16039886,8.230837e-06,0.26795322,0.57163966
s09_0train_r1_t26,9,0train,1,26,3,50125,False,Q13-E005,Q9_SHARED_SOURCE_SESSION_E,loso_s9,all,1|2|3|4|5|6|7|8,1test,20260926,20,3,4,0.0038589975,6.909483e-11,0.44121143,0.5549296
s09_0train_r1_t27,9,0train,1,27,3,52229,False,Q13-E005,Q9_SHARED_SOURCE_SESSION_E,loso_s9,all,1|2|3|4|5|6|7|8,1test,20260926,20,3,3,0.00015575012,1.5821348e-05,0.78751314,0.21231532
s09_0train_r1_t28,9,0train,1,28,3,54233,True,Q13-E005,Q9_SHARED_SOURCE_SESSION_E,loso_s9,all,1|2|3|4|5|6|7|8,1test,20260926,20,3,3,9.439239e-06,5.8581226e-12,0.75116545,0.24882513
s09_0train_r1_t29,9,0train,1,29,1,56208,False,Q13-E005,Q9_SHARED_SOURCE_SESSION_E,loso_s9,all,1|2|3|4|5|6|7|8,1test,20260926,20,1,1,0.34249562,0.30109748,0.14115433,0.2152526
s09_0train_r1_t30,9,0train,1,30,2,58234,False,Q13-E005,Q9_SHARED_SOURCE_SESSION_E,loso_s9,all,1|2|3|4|5|6|7|8,1test,20260926,20,2,3,0.001338385,9.243443e-05,0.712683,0.28588617
s09_0train_r1_t31,9,0train,1,31,2,60305,False,Q13-E005,Q9_SHARED_SOURCE_SESSION_E,loso_s9,all,1|2|3|4|5|6|7|8,1test,20260926,20,2,4,0.094801195,0.038274534,0.39671797,0.47020635
s09_0train_r1_t32,9,0train,1,32,2,62412,False,Q13-E005,Q9_SHARED_SOURCE_SESSION_E,loso_s9,all,1|2|3|4|5|6|7|8,1test,20260926,20,2,3,0.016254514,0.0018811366,0.53832006,0.44354436
s09_0train_r1_t33,9,0train,1,33,3,64504,False,Q13-E005,Q9_SHARED_SOURCE_SESSION_E,loso_s9,all,1|2|3|4|5|6|7|8,1test,20260926,20,3,3,0.013705571,0.00042485257,0.91346735,0.072402194
s09_0train_r1_t34,9,0train,1,34,3,66595,False,Q13-E005,Q9_SHARED_SOURCE_SESSION_E,loso_s9,all,1|2|3|4|5|6|7|8,1test,20260926,20,3,3,0.0025324528,9.4144707e-07,0.87664616,0.12082048
s09_0train_r1_t35,9,0train,1,35,2,68638,False,Q13-E005,Q9_SHARED_SOURCE_SESSION_E,loso_s9,all,1|2|3|4|5|6|7|8,1test,20260926,20,2,4,0.1175835,0.0004393183,0.30031475,0.58166236
s09_0train_r1_t36,9,0train,1,36,3,70702,False,Q13-E005,Q9_SHARED_SOURCE_SESSION_E,loso_s9,all,1|2|3|4|5|6|7|8,1test,20260926,20,3,3,0.0018401153,6.499273e-08,0.71646243,0.2816974
s09_0train_r1_t37,9,0train,1,37,1,72722,False,Q13-E005,Q9_SHARED_SOURCE_SESSION_E,loso_s9,all,1|2|3|4|5|6|7|8,1test,20260926,20,1,1,0.7545371,0.12625645,0.00830873,0.11089768
s09_0train_r1_t38,9,0train,1,38,3,74694,True,Q13-E005,Q9_SHARED_SOURCE_SESSION_E,loso_s9,all,1|2|3|4|5|6|7|8,1test,20260926,20,3,3,0.0050340085,4.853496e-07,0.7335876,0.26137793
s09_0train_r1_t39,9,0train,1,39,3,76657,False,Q13-E005,Q9_SHARED_SOURCE_SESSION_E,loso_s9,all,1|2|3|4|5|6|7|8,1test,20260926,20,3,3,0.00045765945,3.913456e-06,0.9423672,0.057171263
s09_0train_r1_t40,9,0train,1,40,2,78582,False,Q13-E005,Q9_SHARED_SOURCE_SESSION_E,loso_s9,all,1|2|3|4|5|6|7|8,1test,20260926,20,2,2,0.10756913,0.45216474,0.28246483,0.15780127
s09_0train_r1_t41,9,0train,1,41,2,80663,False,Q13-E005,Q9_SHARED_SOURCE_SESSION_E,loso_s9,all,1|2|3|4|5|6|7|8,1test,20260926,20,2,4,0.0025332756,0.0014976432,0.22379121,0.7721778
s09_0train_r1_t42,9,0train,1,42,1,82641,False,Q13-E005,Q9_SHARED_SOURCE_SESSION_E,loso_s9,all,1|2|3|4|5|6|7|8,1test,20260926,20,1,1,0.7257494,0.07790655,0.12325416,0.073089965
s09_0train_r1_t43,9,0train,1,43,2,84631,False,Q13-E005,Q9_SHARED_SOURCE_SESSION_E,loso_s9,all,1|2|3|4|5|6|7|8,1test,20260926,20,2,3,0.004632453,0.00010191645,0.7508093,0.2444563
s09_0train_r1_t44,9,0train,1,44,1,86750,True,Q13-E005,Q9_SHARED_SOURCE_SESSION_E,loso_s9,all,1|2|3|4|5|6|7|8,1test,20260926,20,1,1,0.64166087,0.04132235,0.16124424,0.15577254
s09_0train_r1_t45,9,0train,1,45,1,88656,True,Q13-E005,Q9_SHARED_SOURCE_SESSION_E,loso_s9,all,1|2|3|4|5|6|7|8,1test,20260926,20,1,3,0.08324662,0.00020710316,0.75195456,0.16459171
s09_0train_r1_t46,9,0train,1,46,4,90584,True,Q13-E005,Q9_SHARED_SOURCE_SESSION_E,loso_s9,all,1|2|3|4|5|6|7|8,1test,20260926,20,4,3,0.0019120122,7.363032e-06,0.742211,0.25586963
s09_0train_r1_t47,9,0train,1,47,4,92698,False,Q13-E005,Q9_SHARED_SOURCE_SESSION_E,loso_s9,all,1|2|3|4|5|6|7|8,1test,20260926,20,4,4,0.006293932,1.9317131e-08,0.020257628,0.9734484
s09_0train_r1_t48,9,0train,1,48,2,94757,False,Q13-E005,Q9_SHARED_SOURCE_SESSION_E,loso_s9,all,1|2|3|4|5|6|7|8,1test,20260926,20,2,4,0.061820414,0.056288775,0.3008495,0.58104134
s09_0train_r2_t01,9,0train,2,1,2,250,False,Q13-E005,Q9_SHARED_SOURCE_SESSION_E,loso_s9,all,1|2|3|4|5|6|7|8,1test,20260926,20,2,2,0.0033092902,0.9246384,0.042364735,0.029687567
s09_0train_r2_t02,9,0train,2,2,4,2253,False,Q13-E005,Q9_SHARED_SOURCE_SESSION_E,loso_s9,all,1|2|3|4|5|6|7|8,1test,20260926,20,4,4,3.1125655e-05,2.8907941e-06,0.11707568,0.88289034
s09_0train_r2_t03,9,0train,2,3,1,4171,False,Q13-E005,Q9_SHARED_SOURCE_SESSION_E,loso_s9,all,1|2|3|4|5|6|7|8,1test,20260926,20,1,1,0.8976782,0.05399788,0.02650493,0.021819007
s09_0train_r2_t04,9,0train,2,4,4,6123,False,Q13-E005,Q9_SHARED_SOURCE_SESSION_E,loso_s9,all,1|2|3|4|5|6|7|8,1test,20260926,20,4,4,0.00013336279,1.0361189e-07,0.22112425,0.7787423
s09_0train_r2_t05,9,0train,2,5,2,8131,False,Q13-E005,Q9_SHARED_SOURCE_SESSION_E,loso_s9,all,1|2|3|4|5|6|7|8,1test,20260926,20,2,2,0.00011981226,0.9468535,0.050458893,0.0025678137
s09_0train_r2_t06,9,0train,2,6,4,10242,False,Q13-E005,Q9_SHARED_SOURCE_SESSION_E,loso_s9,all,1|2|3|4|5|6|7|8,1test,20260926,20,4,3,4.5784094e-05,7.056258e-08,0.5316389,0.46831524
s09_0train_r2_t07,9,0train,2,7,1,12159,True,Q13-E005,Q9_SHARED_SOURCE_SESSION_E,loso_s9,all,1|2|3|4|5|6|7|8,1test,20260926,20,1,1,0.572411,2.7455595e-05,0.1563843,0.27117726
s09_0train_r2_t08,9,0train,2,8,2,14209,False,Q13-E005,Q9_SHARED_SOURCE_SESSION_E,loso_s9,all,1|2|3|4|5|6|7|8,1test,20260926,20,2,3,0.24463922,0.013176597,0.54485923,0.19732502
s09_0train_r2_t09,9,0train,2,9,4,16140,False,Q13-E005,Q9_SHARED_SOURCE_SESSION_E,loso_s9,all,1|2|3|4|5|6|7|8,1test,20260926,20,4,4,0.022114871,2.1681308e-06,0.010731974,0.967151
s09_0train_r2_t10,9,0train,2,10,4,18138,False,Q13-E005,Q9_SHARED_SOURCE_SESSION_E,loso_s9,all,1|2|3|4|5|6|7|8,1test,20260926,20,4,3,3.8763694e-08,2.0058557e-07,0.98591787,0.014081972
s09_0train_r2_t11,9,0train,2,11,2,20044,True,Q13-E005,Q9_SHARED_SOURCE_SESSION_E,loso_s9,all,1|2|3|4|5|6|7|8,1test,20260926,20,2,3,0.0034299837,0.02114274,0.6548084,0.3206188
s09_0train_r2_t12,9,0train,2,12,3,21939,False,Q13-E005,Q9_SHARED_SOURCE_SESSION_E,loso_s9,all,1|2|3|4|5|6|7|8,1test,20260926,20,3,3,0.0443248,9.4473384e-05,0.81188196,0.14369883
s09_0train_r2_t13,9,0train,2,13,2,23911,False,Q13-E005,Q9_SHARED_SOURCE_SESSION_E,loso_s9,all,1|2|3|4|5|6|7|8,1test,20260926,20,2,1,0.70181066,0.055711962,0.074153624,0.16832377
s09_0train_r2_t14,9,0train,2,14,1,25855,False,Q13-E005,Q9_SHARED_SOURCE_SESSION_E,loso_s9,all,1|2|3|4|5|6|7|8,1test,20260926,20,1,1,0.6680632,0.04442371,0.08449055,0.20302252
s09_0train_r2_t15,9,0train,2,15,1,27822,False,Q13-E005,Q9_SHARED_SOURCE_SESSION_E,loso_s9,all,1|2|3|4|5|6|7|8,1test,20260926,20,1,4,0.3803278,5.002226e-06,0.11725464,0.5024125
s09_0train_r2_t16,9,0train,2,16,2,29942,False,Q13-E005,Q9_SHARED_SOURCE_SESSION_E,loso_s9,all,1|2|3|4|5|6|7|8,1test,20260926,20,2,4,0.0025370375,0.0016425225,0.23717043,0.75864995
s09_0train_r2_t17,9,0train,2,17,4,31950,True,Q13-E005,Q9_SHARED_SOURCE_SESSION_E,loso_s9,all,1|2|3|4|5|6|7|8,1test,20260926,20,4,4,8.127096e-06,5.0323447e-08,0.014097775,0.9858941
s09_0train_r2_t18,9,0train,2,18,1,34016,False,Q13-E005,Q9_SHARED_SOURCE_SESSION_E,loso_s9,all,1|2|3|4|5|6|7|8,1test,20260926,20,1,1,0.45880255,0.00012905888,0.120124005,0.42094445
s09_0train_r2_t19,9,0train,2,19,4,36052,False,Q13-E005,Q9_SHARED_SOURCE_SESSION_E,loso_s9,all,1|2|3|4|5|6|7|8,1test,20260926,20,4,4,8.846763e-05,2.2357765e-06,0.052539967,0.94736934
s09_0train_r2_t20,9,0train,2,20,2,38118,False,Q13-E005,Q9_SHARED_SOURCE_SESSION_E,loso_s9,all,1|2|3|4|5|6|7|8,1test,20260926,20,2,4,0.0020350039,0.010427857,0.32572046,0.6618168
s09_0train_r2_t21,9,0train,2,21,1,40188,False,Q13-E005,Q9_SHARED_SOURCE_SESSION_E,loso_s9,all,1|2|3|4|5|6|7|8,1test,20260926,20,1,1,0.60072494,0.0006530905,0.1305874,0.26803452
s09_0train_r2_t22,9,0train,2,22,3,42268,False,Q13-E005,Q9_SHARED_SOURCE_SESSION_E,loso_s9,all,1|2|3|4|5|6|7|8,1test,20260926,20,3,3,0.0008607836,0.00049167103,0.52585465,0.4727928
s09_0train_r2_t23,9,0train,2,23,3,44180,False,Q13-E005,Q9_SHARED_SOURCE_SESSION_E,loso_s9,all,1|2|3|4|5|6|7|8,1test,20260926,20,3,3,0.0038598788,0.0038844894,0.6857101,0.3065456
s09_0train_r2_t24,9,0train,2,24,1,46211,True,Q13-E005,Q9_SHARED_SOURCE_SESSION_E,loso_s9,all,1|2|3|4|5|6|7|8,1test,20260926,20,1,2,0.1715622,0.794303,0.0034255981,0.030709235
s09_0train_r2_t25,9,0train,2,25,2,48164,True,Q13-E005,Q9_SHARED_SOURCE_SESSION_E,loso_s9,all,1|2|3|4|5|6|7|8,1test,20260926,20,2,3,6.487632e-05,0.12245554,0.66421866,0.21326095
s09_0train_r2_t26,9,0train,2,26,4,50125,False,Q13-E005,Q9_SHARED_SOURCE_SESSION_E,loso_s9,all,1|2|3|4|5|6|7|8,1test,20260926,20,4,4,4.7242942e-05,2.2222785e-08,0.012346771,0.98760605
s09_0train_r2_t27,9,0train,2,27,3,52229,False,Q13-E005,Q9_SHARED_SOURCE_SESSION_E,loso_s9,all,1|2|3|4|5|6|7|8,1test,20260926,20,3,3,0.0038861453,0.000158805,0.6323313,0.3636238
s09_0train_r2_t28,9,0train,2,28,3,54233,False,Q13-E005,Q9_SHARED_SOURCE_SESSION_E,loso_s9,all,1|2|3|4|5|6|7|8,1test,20260926,20,3,3,0.000865526,0.00046342672,0.94202775,0.05664332
s09_0train_r2_t29,9,0train,2,29,3,56208,False,Q13-E005,Q9_SHARED_SOURCE_SESSION_E,loso_s9,all,1|2|3|4|5|6|7|8,1test,20260926,20,3,3,0.009165949,2.7460197e-05,0.6894112,0.3013954
s09_0train_r2_t30,9,0train,2,30,3,58234,False,Q13-E005,Q9_SHARED_SOURCE_SESSION_E,loso_s9,all,1|2|3|4|5|6|7|8,1test,20260926,20,3,3,0.00088299817,1.7323566e-06,0.74812347,0.2509918
s09_0train_r2_t31,9,0train,2,31,1,60305,False,Q13-E005,Q9_SHARED_SOURCE_SESSION_E,loso_s9,all,1|2|3|4|5|6|7|8,1test,20260926,20,1,1,0.48983416,5.733022e-06,0.20821612,0.30194402
s09_0train_r2_t32,9,0train,2,32,3,62412,False,Q13-E005,Q9_SHARED_SOURCE_SESSION_E,loso_s9,all,1|2|3|4|5|6|7|8,1test,20260926,20,3,3,0.001182085,1.3568441e-05,0.96301013,0.035794195
s09_0train_r2_t33,9,0train,2,33,4,64504,False,Q13-E005,Q9_SHARED_SOURCE_SESSION_E,loso_s9,all,1|2|3|4|5|6|7|8,1test,20260926,20,4,3,0.06972929,7.603981e-06,0.47033468,0.4599284
s09_0train_r2_t34,9,0train,2,34,3,66595,False,Q13-E005,Q9_SHARED_SOURCE_SESSION_E,loso_s9,all,1|2|3|4|5|6|7|8,1test,20260926,20,3,4,4.4000306e-05,3.3019194e-07,0.47151363,0.528442
s09_0train_r2_t35,9,0train,2,35,1,68638,False,Q13-E005,Q9_SHARED_SOURCE_SESSION_E,loso_s9,all,1|2|3|4|5|6|7|8,1test,20260926,20,1,1,0.9681892,0.0014354988,0.009296813,0.021078499
s09_0train_r2_t36,9,0train,2,36,3,70702,False,Q13-E005,Q9_SHARED_SOURCE_SESSION_E,loso_s9,all,1|2|3|4|5|6|7|8,1test,20260926,20,3,4,0.06075562,1.0023157e-05,0.17434749,0.7648869
s09_0train_r2_t37,9,0train,2,37,1,72722,False,Q13-E005,Q9_SHARED_SOURCE_SESSION_E,loso_s9,all,1|2|3|4|5|6|7|8,1test,20260926,20,1,1,0.7987019,0.0068126544,0.06774588,0.12673946
s09_0train_r2_t38,9,0train,2,38,4,74694,False,Q13-E005,Q9_SHARED_SOURCE_SESSION_E,loso_s9,all,1|2|3|4|5|6|7|8,1test,20260926,20,4,4,1.9562665e-06,3.5311342e-07,0.34041375,0.659584
s09_0train_r2_t39,9,0train,2,39,1,76657,False,Q13-E005,Q9_SHARED_SOURCE_SESSION_E,loso_s9,all,1|2|3|4|5|6|7|8,1test,20260926,20,1,2,0.093948506,0.7121867,0.098910995,0.09495379
s09_0train_r2_t40,9,0train,2,40,2,78582,True,Q13-E005,Q9_SHARED_SOURCE_SESSION_E,loso_s9,all,1|2|3|4|5|6|7|8,1test,20260926,20,2,2,0.015748631,0.94625753,0.006111887,0.031882014
s09_0train_r2_t41,9,0train,2,41,3,80663,False,Q13-E005,Q9_SHARED_SOURCE_SESSION_E,loso_s9,all,1|2|3|4|5|6|7|8,1test,20260926,20,3,3,0.14851005,0.2045489,0.5876172,0.059323806
s09_0train_r2_t42,9,0train,2,42,2,82641,False,Q13-E005,Q9_SHARED_SOURCE_SESSION_E,loso_s9,all,1|2|3|4|5|6|7|8,1test,20260926,20,2,4,0.043713473,0.00033413348,0.32925156,0.6267009
s09_0train_r2_t43,9,0train,2,43,1,84631,False,Q13-E005,Q9_SHARED_SOURCE_SESSION_E,loso_s9,all,1|2|3|4|5|6|7|8,1test,20260926,20,1,1,0.7863198,0.04327234,0.0766048,0.0938031
s09_0train_r2_t44,9,0train,2,44,2,86750,True,Q13-E005,Q9_SHARED_SOURCE_SESSION_E,loso_s9,all,1|2|3|4|5|6|7|8,1test,20260926,20,2,3,0.16164288,0.17443405,0.566279,0.0976441
s09_0train_r2_t45,9,0train,2,45,2,88656,False,Q13-E005,Q9_SHARED_SOURCE_SESSION_E,loso_s9,all,1|2|3|4|5|6|7|8,1test,20260926,20,2,4,9.048496e-06,0.00011662355,0.11784593,0.8820284
s09_0train_r2_t46,9,0train,2,46,4,90584,False,Q13-E005,Q9_SHARED_SOURCE_SESSION_E,loso_s9,all,1|2|3|4|5|6|7|8,1test,20260926,20,4,4,0.0010229148,0.00047018327,0.06645302,0.93205386
s09_0train_r2_t47,9,0train,2,47,3,92698,False,Q13-E005,Q9_SHARED_SOURCE_SESSION_E,loso_s9,all,1|2|3|4|5|6|7|8,1test,20260926,20,3,3,0.0012535055,1.0848737e-08,0.62959415,0.36915237
s09_0train_r2_t48,9,0train,2,48,4,94757,False,Q13-E005,Q9_SHARED_SOURCE_SESSION_E,loso_s9,all,1|2|3|4|5|6|7|8,1test,20260926,20,4,4,0.057804715,5.3505573e-06,0.44162014,0.50056976
s09_0train_r3_t01,9,0train,3,1,1,250,False,Q13-E005,Q9_SHARED_SOURCE_SESSION_E,loso_s9,all,1|2|3|4|5|6|7|8,1test,20260926,20,1,2,0.14391106,0.79117465,0.02562158,0.039292682
s09_0train_r3_t02,9,0train,3,2,1,2253,False,Q13-E005,Q9_SHARED_SOURCE_SESSION_E,loso_s9,all,1|2|3|4|5|6|7|8,1test,20260926,20,1,1,0.71123993,0.23028411,0.03225793,0.02621804
s09_0train_r3_t03,9,0train,3,3,2,4171,False,Q13-E005,Q9_SHARED_SOURCE_SESSION_E,loso_s9,all,1|2|3|4|5|6|7|8,1test,20260926,20,2,3,0.0034520263,0.09965384,0.72750074,0.16939345
s09_0train_r3_t04,9,0train,3,4,4,6123,False,Q13-E005,Q9_SHARED_SOURCE_SESSION_E,loso_s9,all,1|2|3|4|5|6|7|8,1test,20260926,20,4,4,3.803199e-07,1.3395724e-12,0.32816505,0.6718346
s09_0train_r3_t05,9,0train,3,5,1,8131,False,Q13-E005,Q9_SHARED_SOURCE_SESSION_E,loso_s9,all,1|2|3|4|5|6|7|8,1test,20260926,20,1,1,0.708581,0.027697224,0.24487998,0.018841853
s09_0train_r3_t06,9,0train,3,6,4,10242,False,Q13-E005,Q9_SHARED_SOURCE_SESSION_E,loso_s9,all,1|2|3|4|5|6|7|8,1test,20260926,20,4,3,0.00012197169,4.305363e-12,0.8245238,0.17535421
s09_0train_r3_t07,9,0train,3,7,4,12159,True,Q13-E005,Q9_SHARED_SOURCE_SESSION_E,loso_s9,all,1|2|3|4|5|6|7|8,1test,20260926,20,4,3,3.8153663e-05,1.564068e-09,0.91961265,0.08034926
s09_0train_r3_t08,9,0train,3,8,4,14209,False,Q13-E005,Q9_SHARED_SOURCE_SESSION_E,loso_s9,all,1|2|3|4|5|6|7|8,1test,20260926,20,4,3,9.770588e-07,4.919149e-09,0.9837272,0.016271796
s09_0train_r3_t09,9,0train,3,9,1,16140,False,Q13-E005,Q9_SHARED_SOURCE_SESSION_E,loso_s9,all,1|2|3|4|5|6|7|8,1test,20260926,20,1,1,0.5779439,0.00075908966,0.014473383,0.4068236
s09_0train_r3_t10,9,0train,3,10,3,18138,True,Q13-E005,Q9_SHARED_SOURCE_SESSION_E,loso_s9,all,1|2|3|4|5|6|7|8,1test,20260926,20,3,4,0.005364716,2.6272722e-09,0.137287,0.8573483
s09_0train_r3_t11,9,0train,3,11,4,20044,False,Q13-E005,Q9_SHARED_SOURCE_SESSION_E,loso_s9,all,1|2|3|4|5|6|7|8,1test,20260926,20,4,3,8.022739e-06,2.0788818e-10,0.7804475,0.21954452
s09_0train_r3_t12,9,0train,3,12,4,21939,False,Q13-E005,Q9_SHARED_SOURCE_SESSION_E,loso_s9,all,1|2|3|4|5|6|7|8,1test,20260926,20,4,3,3.8104383e-05,4.1194683e-11,0.5921066,0.40785533
s09_0train_r3_t13,9,0train,3,13,2,23911,False,Q13-E005,Q9_SHARED_SOURCE_SESSION_E,loso_s9,all,1|2|3|4|5|6|7|8,1test,20260926,20,2,3,0.0013257118,0.3616103,0.55180085,0.085263155
s09_0train_r3_t14,9,0train,3,14,2,25855,False,Q13-E005,Q9_SHARED_SOURCE_SESSION_E,loso_s9,all,1|2|3|4|5|6|7|8,1test,20260926,20,2,2,0.00016329484,0.8147883,0.13656466,0.048483726
s09_0train_r3_t15,9,0train,3,15,4,27822,False,Q13-E005,Q9_SHARED_SOURCE_SESSION_E,loso_s9,all,1|2|3|4|5|6|7|8,1test,20260926,20,4,3,3.051615e-08,8.07273e-11,0.96503484,0.03496508
s09_0train_r3_t16,9,0train,3,16,1,29942,True,Q13-E005,Q9_SHARED_SOURCE_SESSION_E,loso_s9,all,1|2|3|4|5|6|7|8,1test,20260926,20,1,1,0.5861508,0.02786001,0.27224457,0.11374457
s09_0train_r3_t17,9,0train,3,17,4,31950,False,Q13-E005,Q9_SHARED_SOURCE_SESSION_E,loso_s9,all,1|2|3|4|5|6|7|8,1test,20260926,20,4,4,1.3263299e-05,2.294249e-05,0.051598825,0.948365
s09_0train_r3_t18,9,0train,3,18,3,34016,False,Q13-E005,Q9_SHARED_SOURCE_SESSION_E,loso_s9,all,1|2|3|4|5|6|7|8,1test,20260926,20,3,4,0.003071806,0.000173527,0.15734553,0.8394092
s09_0train_r3_t19,9,0train,3,19,2,36052,False,Q13-E005,Q9_SHARED_SOURCE_SESSION_E,loso_s9,all,1|2|3|4|5|6|7|8,1test,20260926,20,2,3,0.0013927107,5.6667745e-05,0.5324478,0.46610278
s09_0train_r3_t20,9,0train,3,20,3,38118,False,Q13-E005,Q9_SHARED_SOURCE_SESSION_E,loso_s9,all,1|2|3|4|5|6|7|8,1test,20260926,20,3,3,0.00926106,0.00015285081,0.8265438,0.16404222
s09_0train_r3_t21,9,0train,3,21,2,40188,False,Q13-E005,Q9_SHARED_SOURCE_SESSION_E,loso_s9,all,1|2|3|4|5|6|7|8,1test,20260926,20,2,3,0.00033654697,0.00025519653,0.5178428,0.48156542
s09_0train_r3_t22,9,0train,3,22,4,42268,False,Q13-E005,Q9_SHARED_SOURCE_SESSION_E,loso_s9,all,1|2|3|4|5|6|7|8,1test,20260926,20,4,3,6.446758e-05,5.509544e-10,0.7875718,0.21236378
s09_0train_r3_t23,9,0train,3,23,1,44180,False,Q13-E005,Q9_SHARED_SOURCE_SESSION_E,loso_s9,all,1|2|3|4|5|6|7|8,1test,20260926,20,1,4,0.32938138,0.059698053,0.20049542,0.4104252
s09_0train_r3_t24,9,0train,3,24,1,46211,False,Q13-E005,Q9_SHARED_SOURCE_SESSION_E,loso_s9,all,1|2|3|4|5|6|7|8,1test,20260926,20,1,4,0.24089827,0.00036069512,0.2826428,0.47609827
s09_0train_r3_t25,9,0train,3,25,2,48164,False,Q13-E005,Q9_SHARED_SOURCE_SESSION_E,loso_s9,all,1|2|3|4|5|6|7|8,1test,20260926,20,2,3,8.387065e-06,8.191934e-06,0.8343432,0.16564032
s09_0train_r3_t26,9,0train,3,26,3,50125,True,Q13-E005,Q9_SHARED_SOURCE_SESSION_E,loso_s9,all,1|2|3|4|5|6|7|8,1test,20260926,20,3,3,2.891611e-05,3.7721307e-05,0.85775274,0.14218059
s09_0train_r3_t27,9,0train,3,27,1,52229,False,Q13-E005,Q9_SHARED_SOURCE_SESSION_E,loso_s9,all,1|2|3|4|5|6|7|8,1test,20260926,20,1,1,0.47862536,0.058597483,0.35122132,0.11155584
s09_0train_r3_t28,9,0train,3,28,4,54233,False,Q13-E005,Q9_SHARED_SOURCE_SESSION_E,loso_s9,all,1|2|3|4|5|6|7|8,1test,20260926,20,4,3,0.0022566079,5.2277395e-05,0.8452976,0.15239358
s09_0train_r3_t29,9,0train,3,29,1,56208,False,Q13-E005,Q9_SHARED_SOURCE_SESSION_E,loso_s9,all,1|2|3|4|5|6|7|8,1test,20260926,20,1,1,0.90209186,0.004055648,0.011124357,0.08272813
s09_0train_r3_t30,9,0train,3,30,3,58234,False,Q13-E005,Q9_SHARED_SOURCE_SESSION_E,loso_s9,all,1|2|3|4|5|6|7|8,1test,20260926,20,3,3,0.0019126689,0.002121727,0.87295175,0.12301386
s09_0train_r3_t31,9,0train,3,31,3,60305,False,Q13-E005,Q9_SHARED_SOURCE_SESSION_E,loso_s9,all,1|2|3|4|5|6|7|8,1test,20260926,20,3,3,0.0006868779,5.155458e-07,0.7962879,0.20302474
s09_0train_r3_t32,9,0train,3,32,3,62412,False,Q13-E005,Q9_SHARED_SOURCE_SESSION_E,loso_s9,all,1|2|3|4|5|6|7|8,1test,20260926,20,3,4,1.2199104e-05,6.8840386e-08,0.4415835,0.5584042
s09_0train_r3_t33,9,0train,3,33,2,64504,False,Q13-E005,Q9_SHARED_SOURCE_SESSION_E,loso_s9,all,1|2|3|4|5|6|7|8,1test,20260926,20,2,3,0.000554205,6.5493455e-06,0.61559254,0.3838467
s09_0train_r3_t34,9,0train,3,34,2,66595,False,Q13-E005,Q9_SHARED_SOURCE_SESSION_E,loso_s9,all,1|2|3|4|5|6|7|8,1test,20260926,20,2,3,0.00021783645,3.1195637e-07,0.92898273,0.07079912
s09_0train_r3_t35,9,0train,3,35,2,68638,False,Q13-E005,Q9_SHARED_SOURCE_SESSION_E,loso_s9,all,1|2|3|4|5|6|7|8,1test,20260926,20,2,4,0.083676875,9.351037e-06,0.39790413,0.51840967
s09_0train_r3_t36,9,0train,3,36,3,70702,False,Q13-E005,Q9_SHARED_SOURCE_SESSION_E,loso_s9,all,1|2|3|4|5|6|7|8,1test,20260926,20,3,4,0.0008507305,6.5686874e-07,0.18330315,0.8158455
s09_0train_r3_t37,9,0train,3,37,1,72722,False,Q13-E005,Q9_SHARED_SOURCE_SESSION_E,loso_s9,all,1|2|3|4|5|6|7|8,1test,20260926,20,1,4,0.0011339174,2.6776358e-14,0.42310208,0.57576406
s09_0train_r3_t38,9,0train,3,38,2,74694,False,Q13-E005,Q9_SHARED_SOURCE_SESSION_E,loso_s9,all,1|2|3|4|5|6|7|8,1test,20260926,20,2,3,4.7329293e-05,4.731106e-07,0.9709952,0.028957047
s09_0train_r3_t39,9,0train,3,39,1,76657,True,Q13-E005,Q9_SHARED_SOURCE_SESSION_E,loso_s9,all,1|2|3|4|5|6|7|8,1test,20260926,20,1,1,0.6329371,4.568362e-05,0.09448593,0.27253133
s09_0train_r3_t40,9,0train,3,40,4,78582,True,Q13-E005,Q9_SHARED_SOURCE_SESSION_E,loso_s9,all,1|2|3|4|5|6|7|8,1test,20260926,20,4,4,0.00082795037,1.1164933e-07,0.15315996,0.846012
s09_0train_r3_t41,9,0train,3,41,4,80663,False,Q13-E005,Q9_SHARED_SOURCE_SESSION_E,loso_s9,all,1|2|3|4|5|6|7|8,1test,20260926,20,4,3,0.0024730493,0.0041486756,0.7810938,0.21228461
s09_0train_r3_t42,9,0train,3,42,3,82641,False,Q13-E005,Q9_SHARED_SOURCE_SESSION_E,loso_s9,all,1|2|3|4|5|6|7|8,1test,20260926,20,3,3,0.06647429,0.0026850263,0.68887275,0.24196796
s09_0train_r3_t43,9,0train,3,43,3,84631,False,Q13-E005,Q9_SHARED_SOURCE_SESSION_E,loso_s9,all,1|2|3|4|5|6|7|8,1test,20260926,20,3,3,3.6917092e-07,4.1071773e-09,0.9604825,0.039517205
s09_0train_r3_t44,9,0train,3,44,2,86750,False,Q13-E005,Q9_SHARED_SOURCE_SESSION_E,loso_s9,all,1|2|3|4|5|6|7|8,1test,20260926,20,2,3,3.5522335e-05,3.4712318e-06,0.87350994,0.12645103
s09_0train_r3_t45,9,0train,3,45,2,88656,False,Q13-E005,Q9_SHARED_SOURCE_SESSION_E,loso_s9,all,1|2|3|4|5|6|7|8,1test,20260926,20,2,2,0.0002862168,0.9903301,0.0074428404,0.0019407962
s09_0train_r3_t46,9,0train,3,46,1,90584,False,Q13-E005,Q9_SHARED_SOURCE_SESSION_E,loso_s9,all,1|2|3|4|5|6|7|8,1test,20260926,20,1,1,0.46965045,0.0002728535,0.2221215,0.3079552
s09_0train_r3_t47,9,0train,3,47,3,92698,False,Q13-E005,Q9_SHARED_SOURCE_SESSION_E,loso_s9,all,1|2|3|4|5|6|7|8,1test,20260926,20,3,4,4.2111624e-05,7.187055e-11,0.07114841,0.9288095
s09_0train_r3_t48,9,0train,3,48,3,94757,False,Q13-E005,Q9_SHARED_SOURCE_SESSION_E,loso_s9,all,1|2|3|4|5|6|7|8,1test,20260926,20,3,4,0.0043829097,9.243708e-09,0.24272998,0.7528871
s09_0train_r4_t01,9,0train,4,1,4,250,False,Q13-E005,Q9_SHARED_SOURCE_SESSION_E,loso_s9,all,1|2|3|4|5|6|7|8,1test,20260926,20,4,4,6.143189e-07,1.3362319e-06,0.18795471,0.8120433
s09_0train_r4_t02,9,0train,4,2,1,2253,False,Q13-E005,Q9_SHARED_SOURCE_SESSION_E,loso_s9,all,1|2|3|4|5|6|7|8,1test,20260926,20,1,2,0.29611206,0.39815596,0.28103608,0.024695909
s09_0train_r4_t03,9,0train,4,3,3,4171,False,Q13-E005,Q9_SHARED_SOURCE_SESSION_E,loso_s9,all,1|2|3|4|5|6|7|8,1test,20260926,20,3,4,5.2382802e-05,0.15100142,0.15334618,0.69560003
s09_0train_r4_t04,9,0train,4,4,4,6123,False,Q13-E005,Q9_SHARED_SOURCE_SESSION_E,loso_s9,all,1|2|3|4|5|6|7|8,1test,20260926,20,4,4,0.0008603887,1.4776695e-07,0.4835911,0.5155484
s09_0train_r4_t05,9,0train,4,5,2,8131,False,Q13-E005,Q9_SHARED_SOURCE_SESSION_E,loso_s9,all,1|2|3|4|5|6|7|8,1test,20260926,20,2,4,4.7848e-05,0.002110067,0.44652373,0.5513184
s09_0train_r4_t06,9,0train,4,6,2,10242,False,Q13-E005,Q9_SHARED_SOURCE_SESSION_E,loso_s9,all,1|2|3|4|5|6|7|8,1test,20260926,20,2,4,0.057802595,0.03433139,0.24263412,0.6652318
s09_0train_r4_t07,9,0train,4,7,3,12159,False,Q13-E005,Q9_SHARED_SOURCE_SESSION_E,loso_s9,all,1|2|3|4|5|6|7|8,1test,20260926,20,3,3,7.111195e-05,1.7995234e-07,0.97904074,0.020888064
s09_0train_r4_t08,9,0train,4,8,3,14209,False,Q13-E005,Q9_SHARED_SOURCE_SESSION_E,loso_s9,all,1|2|3|4|5|6|7|8,1test,20260926,20,3,3,1.4913792e-06,6.73182e-11,0.9854549,0.0145435585
s09_0train_r4_t09,9,0train,4,9,1,16140,True,Q13-E005,Q9_SHARED_SOURCE_SESSION_E,loso_s9,all,1|2|3|4|5|6|7|8,1test,20260926,20,1,3,0.02343345,1.9799168e-06,0.9204765,0.056088068
s09_0train_r4_t10,9,0train,4,10,1,18138,True,Q13-E005,Q9_SHARED_SOURCE_SESSION_E,loso_s9,all,1|2|3|4|5|6|7|8,1test,20260926,20,1,3,0.10246858,4.0381954e-05,0.6634446,0.23404649
s09_0train_r4_t11,9,0train,4,11,2,20044,True,Q13-E005,Q9_SHARED_SOURCE_SESSION_E,loso_s9,all,1|2|3|4|5|6|7|8,1test,20260926,20,2,3,0.0124971485,0.0017634758,0.804563,0.1811764
s09_0train_r4_t12,9,0train,4,12,2,21939,True,Q13-E005,Q9_SHARED_SOURCE_SESSION_E,loso_s9,all,1|2|3|4|5|6|7|8,1test,20260926,20,2,3,0.01967572,0.10800271,0.8324021,0.039919443
s09_0train_r4_t13,9,0train,4,13,1,23911,True,Q13-E005,Q9_SHARED_SOURCE_SESSION_E,loso_s9,all,1|2|3|4|5|6|7|8,1test,20260926,20,1,2,0.05718133,0.7989989,0.14165473,0.0021650475
s09_0train_r4_t14,9,0train,4,14,4,25855,True,Q13-E005,Q9_SHARED_SOURCE_SESSION_E,loso_s9,all,1|2|3|4|5|6|7|8,1test,20260926,20,4,4,6.73806e-05,0.09307601,0.35641995,0.5504366
s09_0train_r4_t15,9,0train,4,15,1,27822,True,Q13-E005,Q9_SHARED_SOURCE_SESSION_E,loso_s9,all,1|2|3|4|5|6|7|8,1test,20260926,20,1,2,0.09059428,0.73055977,0.019852705,0.15899318
s09_0train_r4_t16,9,0train,4,16,2,29942,False,Q13-E005,Q9_SHARED_SOURCE_SESSION_E,loso_s9,all,1|2|3|4|5|6|7|8,1test,20260926,20,2,2,0.10999262,0.8867456,0.00074666226,0.0025151041
s09_0train_r4_t17,9,0train,4,17,3,31950,False,Q13-E005,Q9_SHARED_SOURCE_SESSION_E,loso_s9,all,1|2|3|4|5|6|7|8,1test,20260926,20,3,3,0.00016888733,0.0013249521,0.98327154,0.015234625
s09_0train_r4_t18,9,0train,4,18,1,34016,False,Q13-E005,Q9_SHARED_SOURCE_SESSION_E,loso_s9,all,1|2|3|4|5|6|7|8,1test,20260926,20,1,3,0.046365593,0.069595,0.851375,0.03266439
s09_0train_r4_t19,9,0train,4,19,4,36052,False,Q13-E005,Q9_SHARED_SOURCE_SESSION_E,loso_s9,all,1|2|3|4|5|6|7|8,1test,20260926,20,4,4,2.2865069e-07,9.678637e-11,0.3514146,0.6485852
s09_0train_r4_t20,9,0train,4,20,2,38118,False,Q13-E005,Q9_SHARED_SOURCE_SESSION_E,loso_s9,all,1|2|3|4|5|6|7|8,1test,20260926,20,2,3,0.0010515971,0.0002879258,0.8303208,0.16833976
s09_0train_r4_t21,9,0train,4,21,2,40188,False,Q13-E005,Q9_SHARED_SOURCE_SESSION_E,loso_s9,all,1|2|3|4|5|6|7|8,1test,20260926,20,2,2,0.05936183,0.9101746,0.017846966,0.012616546
s09_0train_r4_t22,9,0train,4,22,2,42268,False,Q13-E005,Q9_SHARED_SOURCE_SESSION_E,loso_s9,all,1|2|3|4|5|6|7|8,1test,20260926,20,2,2,0.00031743036,0.9878154,0.010132506,0.0017346994
s09_0train_r4_t23,9,0train,4,23,1,44180,False,Q13-E005,Q9_SHARED_SOURCE_SESSION_E,loso_s9,all,1|2|3|4|5|6|7|8,1test,20260926,20,1,1,0.6726721,0.12349894,0.009577659,0.19425131
s09_0train_r4_t24,9,0train,4,24,2,46211,False,Q13-E005,Q9_SHARED_SOURCE_SESSION_E,loso_s9,all,1|2|3|4|5|6|7|8,1test,20260926,20,2,4,0.0033738497,7.533846e-07,0.39934543,0.59727997
s09_0train_r4_t25,9,0train,4,25,2,48164,False,Q13-E005,Q9_SHARED_SOURCE_SESSION_E,loso_s9,all,1|2|3|4|5|6|7|8,1test,20260926,20,2,2,0.00077429437,0.99315566,0.004230079,0.001839934
s09_0train_r4_t26,9,0train,4,26,1,50125,False,Q13-E005,Q9_SHARED_SOURCE_SESSION_E,loso_s9,all,1|2|3|4|5|6|7|8,1test,20260926,20,1,1,0.49579373,0.31425142,0.12197897,0.06797587
s09_0train_r4_t27,9,0train,4,27,4,52229,False,Q13-E005,Q9_SHARED_SOURCE_SESSION_E,loso_s9,all,1|2|3|4|5|6|7|8,1test,20260926,20,4,4,0.006802018,1.496344e-05,0.020022063,0.973161
s09_0train_r4_t28,9,0train,4,28,4,54233,False,Q13-E005,Q9_SHARED_SOURCE_SESSION_E,loso_s9,all,1|2|3|4|5|6|7|8,1test,20260926,20,4,3,0.0047632214,7.272936e-08,0.7904579,0.20477875
s09_0train_r4_t29,9,0train,4,29,4,56208,False,Q13-E005,Q9_SHARED_SOURCE_SESSION_E,loso_s9,all,1|2|3|4|5|6|7|8,1test,20260926,20,4,3,4.1062453e-05,5.2794564e-09,0.912299,0.08765991
s09_0train_r4_t30,9,0train,4,30,1,58234,False,Q13-E005,Q9_SHARED_SOURCE_SESSION_E,loso_s9,all,1|2|3|4|5|6|7|8,1test,20260926,20,1,1,0.8813333,0.09137293,0.0031975284,0.024096224
s09_0train_r4_t31,9,0train,4,31,1,60305,True,Q13-E005,Q9_SHARED_SOURCE_SESSION_E,loso_s9,all,1|2|3|4|5|6|7|8,1test,20260926,20,1,1,0.8862103,0.032742802,0.007920895,0.073125966
s09_0train_r4_t32,9,0train,4,32,3,62412,False,Q13-E005,Q9_SHARED_SOURCE_SESSION_E,loso_s9,all,1|2|3|4|5|6|7|8,1test,20260926,20,3,3,0.06441132,4.703926e-05,0.7020363,0.2335053
s09_0train_r4_t33,9,0train,4,33,4,64504,False,Q13-E005,Q9_SHARED_SOURCE_SESSION_E,loso_s9,all,1|2|3|4|5|6|7|8,1test,20260926,20,4,4,0.00024335743,1.6691569e-05,0.086431324,0.9133087
s09_0train_r4_t34,9,0train,4,34,4,66595,False,Q13-E005,Q9_SHARED_SOURCE_SESSION_E,loso_s9,all,1|2|3|4|5|6|7|8,1test,20260926,20,4,3,0.00017535897,3.1651776e-05,0.7092175,0.29057553
s09_0train_r4_t35,9,0train,4,35,3,68638,False,Q13-E005,Q9_SHARED_SOURCE_SESSION_E,loso_s9,all,1|2|3|4|5|6|7|8,1test,20260926,20,3,4,0.0019693566,2.0020123e-09,0.28064322,0.71738744
s09_0train_r4_t36,9,0train,4,36,2,70702,False,Q13-E005,Q9_SHARED_SOURCE_SESSION_E,loso_s9,all,1|2|3|4|5|6|7|8,1test,20260926,20,2,3,1.522201e-06,2.3375969e-07,0.9945581,0.0054401318
s09_0train_r4_t37,9,0train,4,37,3,72722,False,Q13-E005,Q9_SHARED_SOURCE_SESSION_E,loso_s9,all,1|2|3|4|5|6|7|8,1test,20260926,20,3,3,0.0004427738,0.008967593,0.53192586,0.45866373
s09_0train_r4_t38,9,0train,4,38,4,74694,False,Q13-E005,Q9_SHARED_SOURCE_SESSION_E,loso_s9,all,1|2|3|4|5|6|7|8,1test,20260926,20,4,3,0.08269859,0.010243579,0.68845963,0.21859814
s09_0train_r4_t39,9,0train,4,39,4,76657,False,Q13-E005,Q9_SHARED_SOURCE_SESSION_E,loso_s9,all,1|2|3|4|5|6|7|8,1test,20260926,20,4,3,0.0069140797,1.5873583e-07,0.5997471,0.39333862
s09_0train_r4_t40,9,0train,4,40,1,78582,False,Q13-E005,Q9_SHARED_SOURCE_SESSION_E,loso_s9,all,1|2|3|4|5|6|7|8,1test,20260926,20,1,1,0.8416722,3.5556823e-05,0.03435124,0.12394108
s09_0train_r4_t41,9,0train,4,41,3,80663,True,Q13-E005,Q9_SHARED_SOURCE_SESSION_E,loso_s9,all,1|2|3|4|5|6|7|8,1test,20260926,20,3,3,0.00011262529,4.2563115e-06,0.9941841,0.0056991256
s09_0train_r4_t42,9,0train,4,42,3,82641,False,Q13-E005,Q9_SHARED_SOURCE_SESSION_E,loso_s9,all,1|2|3|4|5|6|7|8,1test,20260926,20,3,3,0.0002000178,2.505654e-07,0.5819652,0.41783458
s09_0train_r4_t43,9,0train,4,43,3,84631,False,Q13-E005,Q9_SHARED_SOURCE_SESSION_E,loso_s9,all,1|2|3|4|5|6|7|8,1test,20260926,20,3,4,0.0004386955,9.776393e-06,0.49758017,0.5019714
s09_0train_r4_t44,9,0train,4,44,3,86750,False,Q13-E005,Q9_SHARED_SOURCE_SESSION_E,loso_s9,all,1|2|3|4|5|6|7|8,1test,20260926,20,3,3,0.06815494,6.109796e-07,0.5627917,0.36905277
s09_0train_r4_t45,9,0train,4,45,1,88656,False,Q13-E005,Q9_SHARED_SOURCE_SESSION_E,loso_s9,all,1|2|3|4|5|6|7|8,1test,20260926,20,1,2,0.24746253,0.6383846,0.079835676,0.03431725
s09_0train_r4_t46,9,0train,4,46,3,90584,False,Q13-E005,Q9_SHARED_SOURCE_SESSION_E,loso_s9,all,1|2|3|4|5|6|7|8,1test,20260926,20,3,3,1.1188103e-05,8.8902314e-05,0.8345565,0.1653435
s09_0train_r4_t47,9,0train,4,47,2,92698,False,Q13-E005,Q9_SHARED_SOURCE_SESSION_E,loso_s9,all,1|2|3|4|5|6|7|8,1test,20260926,20,2,3,0.014687374,0.0061440235,0.6008069,0.37836167
s09_0train_r4_t48,9,0train,4,48,4,94757,True,Q13-E005,Q9_SHARED_SOURCE_SESSION_E,loso_s9,all,1|2|3|4|5|6|7|8,1test,20260926,20,4,4,0.071873575,3.5346403e-08,0.0079154875,0.92021096
s09_0train_r5_t01,9,0train,5,1,1,250,False,Q13-E005,Q9_SHARED_SOURCE_SESSION_E,loso_s9,all,1|2|3|4|5|6|7|8,1test,20260926,20,1,1,0.61282957,0.27414376,0.032770704,0.08025594
s09_0train_r5_t02,9,0train,5,2,1,2253,False,Q13-E005,Q9_SHARED_SOURCE_SESSION_E,loso_s9,all,1|2|3|4|5|6|7|8,1test,20260926,20,1,1,0.5563908,0.177398,0.18351828,0.082692884
s09_0train_r5_t03,9,0train,5,3,3,4171,False,Q13-E005,Q9_SHARED_SOURCE_SESSION_E,loso_s9,all,1|2|3|4|5|6|7|8,1test,20260926,20,3,3,0.17202745,0.034662828,0.562027,0.23128274
s09_0train_r5_t04,9,0train,5,4,3,6123,False,Q13-E005,Q9_SHARED_SOURCE_SESSION_E,loso_s9,all,1|2|3|4|5|6|7|8,1test,20260926,20,3,3,4.688944e-05,9.326621e-06,0.6511507,0.34879303
s09_0train_r5_t05,9,0train,5,5,1,8131,False,Q13-E005,Q9_SHARED_SOURCE_SESSION_E,loso_s9,all,1|2|3|4|5|6|7|8,1test,20260926,20,1,1,0.92035633,4.3383676e-05,0.029254014,0.05034631
s09_0train_r5_t06,9,0train,5,6,3,10242,False,Q13-E005,Q9_SHARED_SOURCE_SESSION_E,loso_s9,all,1|2|3|4|5|6|7|8,1test,20260926,20,3,4,0.12730365,4.2754527e-06,0.43155044,0.44114166
s09_0train_r5_t07,9,0train,5,7,3,12159,False,Q13-E005,Q9_SHARED_SOURCE_SESSION_E,loso_s9,all,1|2|3|4|5|6|7|8,1test,20260926,20,3,3,6.9165435e-05,1.2080704e-08,0.74169874,0.25823212
s09_0train_r5_t08,9,0train,5,8,4,14209,False,Q13-E005,Q9_SHARED_SOURCE_SESSION_E,loso_s9,all,1|2|3|4|5|6|7|8,1test,20260926,20,4,4,1.18909265e-05,1.0481487e-08,0.41656753,0.5834206
s09_0train_r5_t09,9,0train,5,9,2,16140,True,Q13-E005,Q9_SHARED_SOURCE_SESSION_E,loso_s9,all,1|2|3|4|5|6|7|8,1test,20260926,20,2,3,0.010660499,0.016854484,0.8337882,0.13869682
s09_0train_r5_t10,9,0train,5,10,2,18138,False,Q13-E005,Q9_SHARED_SOURCE_SESSION_E,loso_s9,all,1|2|3|4|5|6|7|8,1test,20260926,20,2,2,5.6497658e-05,0.97864175,0.014620869,0.006680857
s09_0train_r5_t11,9,0train,5,11,4,20044,False,Q13-E005,Q9_SHARED_SOURCE_SESSION_E,loso_s9,all,1|2|3|4|5|6|7|8,1test,20260926,20,4,4,0.0011275633,3.2587398e-08,0.32817253,0.67069983
s09_0train_r5_t12,9,0train,5,12,2,21939,False,Q13-E005,Q9_SHARED_SOURCE_SESSION_E,loso_s9,all,1|2|3|4|5|6|7|8,1test,20260926,20,2,3,2.2346527e-05,0.00021237026,0.92085737,0.07890788
s09_0train_r5_t13,9,0train,5,13,3,23911,False,Q13-E005,Q9_SHARED_SOURCE_SESSION_E,loso_s9,all,1|2|3|4|5|6|7|8,1test,20260926,20,3,3,0.042073783,1.3993991e-07,0.4805317,0.47739443
s09_0train_r5_t14,9,0train,5,14,4,25855,False,Q13-E005,Q9_SHARED_SOURCE_SESSION_E,loso_s9,all,1|2|3|4|5|6|7|8,1test,20260926,20,4,4,1.543565e-05,5.0265404e-05,0.040603463,0.9593308
s09_0train_r5_t15,9,0train,5,15,3,27822,False,Q13-E005,Q9_SHARED_SOURCE_SESSION_E,loso_s9,all,1|2|3|4|5|6|7|8,1test,20260926,20,3,3,0.006079839,1.5934471e-07,0.8030698,0.19085024
s09_0train_r5_t16,9,0train,5,16,2,29942,False,Q13-E005,Q9_SHARED_SOURCE_SESSION_E,loso_s9,all,1|2|3|4|5|6|7|8,1test,20260926,20,2,3,0.0008158468,0.0027214298,0.52015567,0.47630706
s09_0train_r5_t17,9,0train,5,17,1,31950,True,Q13-E005,Q9_SHARED_SOURCE_SESSION_E,loso_s9,all,1|2|3|4|5|6|7|8,1test,20260926,20,1,4,0.2855125,0.00014630052,0.086996675,0.62734455
s09_0train_r5_t18,9,0train,5,18,2,34016,False,Q13-E005,Q9_SHARED_SOURCE_SESSION_E,loso_s9,all,1|2|3|4|5|6|7|8,1test,20260926,20,2,2,0.054350685,0.8714785,0.041991163,0.032179568
s09_0train_r5_t19,9,0train,5,19,4,36052,True,Q13-E005,Q9_SHARED_SOURCE_SESSION_E,loso_s9,all,1|2|3|4|5|6|7|8,1test,20260926,20,4,3,0.00037545603,2.5240263e-09,0.8482945,0.15133002
s09_0train_r5_t20,9,0train,5,20,1,38118,False,Q13-E005,Q9_SHARED_SOURCE_SESSION_E,loso_s9,all,1|2|3|4|5|6|7|8,1test,20260926,20,1,1,0.95386636,0.0024097022,0.01700325,0.026720703
s09_0train_r5_t21,9,0train,5,21,3,40188,False,Q13-E005,Q9_SHARED_SOURCE_SESSION_E,loso_s9,all,1|2|3|4|5|6|7|8,1test,20260926,20,3,3,1.3225988e-06,7.4269396e-06,0.9638515,0.036139693
s09_0train_r5_t22,9,0train,5,22,2,42268,False,Q13-E005,Q9_SHARED_SOURCE_SESSION_E,loso_s9,all,1|2|3|4|5|6|7|8,1test,20260926,20,2,4,0.012116864,6.641213e-06,0.11582195,0.8720545
s09_0train_r5_t23,9,0train,5,23,3,44180,False,Q13-E005,Q9_SHARED_SOURCE_SESSION_E,loso_s9,all,1|2|3|4|5|6|7|8,1test,20260926,20,3,3,2.7745484e-05,8.293862e-09,0.94835687,0.05161546
s09_0train_r5_t24,9,0train,5,24,4,46211,False,Q13-E005,Q9_SHARED_SOURCE_SESSION_E,loso_s9,all,1|2|3|4|5|6|7|8,1test,20260926,20,4,3,0.0242101,0.0010153234,0.5631981,0.41157648
s09_0train_r5_t25,9,0train,5,25,1,48164,False,Q13-E005,Q9_SHARED_SOURCE_SESSION_E,loso_s9,all,1|2|3|4|5|6|7|8,1test,20260926,20,1,4,0.10290313,1.5186619e-06,0.24927007,0.6478253
s09_0train_r5_t26,9,0train,5,26,1,50125,True,Q13-E005,Q9_SHARED_SOURCE_SESSION_E,loso_s9,all,1|2|3|4|5|6|7|8,1test,20260926,20,1,1,0.43149304,0.32917023,0.029105317,0.21023142
s09_0train_r5_t27,9,0train,5,27,2,52229,False,Q13-E005,Q9_SHARED_SOURCE_SESSION_E,loso_s9,all,1|2|3|4|5|6|7|8,1test,20260926,20,2,3,0.00023239786,7.6814e-06,0.85514295,0.14461687
s09_0train_r5_t28,9,0train,5,28,4,54233,False,Q13-E005,Q9_SHARED_SOURCE_SESSION_E,loso_s9,all,1|2|3|4|5|6|7|8,1test,20260926,20,4,3,8.9557405e-05,3.361916e-08,0.9646284,0.03528207
s09_0train_r5_t29,9,0train,5,29,1,56208,True,Q13-E005,Q9_SHARED_SOURCE_SESSION_E,loso_s9,all,1|2|3|4|5|6|7|8,1test,20260926,20,1,3,0.1512313,0.08596654,0.5113374,0.25146478
s09_0train_r5_t30,9,0train,5,30,4,58234,False,Q13-E005,Q9_SHARED_SOURCE_SESSION_E,loso_s9,all,1|2|3|4|5|6|7|8,1test,20260926,20,4,4,0.00085124816,3.7923772e-07,0.12329835,0.87584996
s09_0train_r5_t31,9,0train,5,31,2,60305,False,Q13-E005,Q9_SHARED_SOURCE_SESSION_E,loso_s9,all,1|2|3|4|5|6|7|8,1test,20260926,20,2,3,5.0717677e-05,0.010397511,0.9207578,0.068794005
s09_0train_r5_t32,9,0train,5,32,2,62412,False,Q13-E005,Q9_SHARED_SOURCE_SESSION_E,loso_s9,all,1|2|3|4|5|6|7|8,1test,20260926,20,2,3,0.02429437,0.00061676966,0.5336641,0.4414248
s09_0train_r5_t33,9,0train,5,33,3,64504,False,Q13-E005,Q9_SHARED_SOURCE_SESSION_E,loso_s9,all,1|2|3|4|5|6|7|8,1test,20260926,20,3,3,5.839275e-07,1.2435339e-06,0.9140198,0.08597835
s09_0train_r5_t34,9,0train,5,34,3,66595,False,Q13-E005,Q9_SHARED_SOURCE_SESSION_E,loso_s9,all,1|2|3|4|5|6|7|8,1test,20260926,20,3,4,0.104311384,1.4525317e-10,0.12937196,0.76631665
s09_0train_r5_t35,9,0train,5,35,4,68638,False,Q13-E005,Q9_SHARED_SOURCE_SESSION_E,loso_s9,all,1|2|3|4|5|6|7|8,1test,20260926,20,4,3,0.000102147074,1.6703989e-05,0.96641225,0.03346882
s09_0train_r5_t36,9,0train,5,36,4,70702,False,Q13-E005,Q9_SHARED_SOURCE_SESSION_E,loso_s9,all,1|2|3|4|5|6|7|8,1test,20260926,20,4,3,9.5844916e-05,4.2939333e-05,0.99628085,0.0035804217
s09_0train_r5_t37,9,0train,5,37,3,72722,True,Q13-E005,Q9_SHARED_SOURCE_SESSION_E,loso_s9,all,1|2|3|4|5|6|7|8,1test,20260926,20,3,3,0.0066895895,1.4189382e-08,0.6819787,0.3113317
s09_0train_r5_t38,9,0train,5,38,1,74694,False,Q13-E005,Q9_SHARED_SOURCE_SESSION_E,loso_s9,all,1|2|3|4|5|6|7|8,1test,20260926,20,1,1,0.6563348,0.003959324,0.071274064,0.26843184
s09_0train_r5_t39,9,0train,5,39,1,76657,False,Q13-E005,Q9_SHARED_SOURCE_SESSION_E,loso_s9,all,1|2|3|4|5|6|7|8,1test,20260926,20,1,1,0.78702766,0.15811478,0.007618612,0.047238965
s09_0train_r5_t40,9,0train,5,40,2,78582,False,Q13-E005,Q9_SHARED_SOURCE_SESSION_E,loso_s9,all,1|2|3|4|5|6|7|8,1test,20260926,20,2,3,2.5481745e-06,0.023511609,0.5107653,0.46572053
s09_0train_r5_t41,9,0train,5,41,1,80663,False,Q13-E005,Q9_SHARED_SOURCE_SESSION_E,loso_s9,all,1|2|3|4|5|6|7|8,1test,20260926,20,1,4,0.19006683,3.3305667e-05,0.39988372,0.41001618
s09_0train_r5_t42,9,0train,5,42,4,82641,False,Q13-E005,Q9_SHARED_SOURCE_SESSION_E,loso_s9,all,1|2|3|4|5|6|7|8,1test,20260926,20,4,3,9.896031e-06,7.705945e-07,0.9683044,0.03168492
s09_0train_r5_t43,9,0train,5,43,2,84631,False,Q13-E005,Q9_SHARED_SOURCE_SESSION_E,loso_s9,all,1|2|3|4|5|6|7|8,1test,20260926,20,2,4,1.759038e-07,0.079503275,0.14377481,0.7767217
s09_0train_r5_t44,9,0train,5,44,4,86750,False,Q13-E005,Q9_SHARED_SOURCE_SESSION_E,loso_s9,all,1|2|3|4|5|6|7|8,1test,20260926,20,4,4,6.9465514e-06,3.9764418e-05,0.32824895,0.6717043
s09_0train_r5_t45,9,0train,5,45,4,88656,False,Q13-E005,Q9_SHARED_SOURCE_SESSION_E,loso_s9,all,1|2|3|4|5|6|7|8,1test,20260926,20,4,4,0.002688773,6.80374e-07,0.06920812,0.9281024
s09_0train_r5_t46,9,0train,5,46,1,90584,False,Q13-E005,Q9_SHARED_SOURCE_SESSION_E,loso_s9,all,1|2|3|4|5|6|7|8,1test,20260926,20,1,2,0.10520568,0.7982968,0.082298085,0.014199468
s09_0train_r5_t47,9,0train,5,47,2,92698,False,Q13-E005,Q9_SHARED_SOURCE_SESSION_E,loso_s9,all,1|2|3|4|5|6|7|8,1test,20260926,20,2,4,3.871897e-05,4.5071613e-07,0.3953829,0.60457796
s09_0train_r5_t48,9,0train,5,48,3,94757,False,Q13-E005,Q9_SHARED_SOURCE_SESSION_E,loso_s9,all,1|2|3|4|5|6|7|8,1test,20260926,20,3,3,0.003068955,1.0389374e-07,0.65643656,0.3404944
s09_1test_r0_t01,9,1test,0,1,1,250,False,Q13-E005,Q9_SHARED_SOURCE_SESSION_E,loso_s9,all,1|2|3|4|5|6|7|8,1test,20260926,20,1,2,0.4959116,0.49902973,0.00034671815,0.0047118715
s09_1test_r0_t02,9,1test,0,2,2,2253,False,Q13-E005,Q9_SHARED_SOURCE_SESSION_E,loso_s9,all,1|2|3|4|5|6|7|8,1test,20260926,20,2,2,2.595799e-05,0.9954437,0.0040719584,0.00045835538
s09_1test_r0_t03,9,1test,0,3,2,4171,False,Q13-E005,Q9_SHARED_SOURCE_SESSION_E,loso_s9,all,1|2|3|4|5|6|7|8,1test,20260926,20,2,2,4.8915823e-05,0.99933416,0.000569345,4.755865e-05
s09_1test_r0_t04,9,1test,0,4,1,6123,False,Q13-E005,Q9_SHARED_SOURCE_SESSION_E,loso_s9,all,1|2|3|4|5|6|7|8,1test,20260926,20,1,2,0.24254313,0.74523634,0.002771233,0.00944927
s09_1test_r0_t05,9,1test,0,5,2,8131,False,Q13-E005,Q9_SHARED_SOURCE_SESSION_E,loso_s9,all,1|2|3|4|5|6|7|8,1test,20260926,20,2,2,9.527311e-07,0.4790693,0.1290459,0.39188382
s09_1test_r0_t06,9,1test,0,6,1,10242,False,Q13-E005,Q9_SHARED_SOURCE_SESSION_E,loso_s9,all,1|2|3|4|5|6|7|8,1test,20260926,20,1,2,0.37922624,0.5991805,0.00668183,0.014911397
s09_1test_r0_t07,9,1test,0,7,2,12159,False,Q13-E005,Q9_SHARED_SOURCE_SESSION_E,loso_s9,all,1|2|3|4|5|6|7|8,1test,20260926,20,2,2,6.3269886e-07,0.9935126,0.0047343415,0.001752531
s09_1test_r0_t08,9,1test,0,8,3,14209,False,Q13-E005,Q9_SHARED_SOURCE_SESSION_E,loso_s9,all,1|2|3|4|5|6|7|8,1test,20260926,20,3,2,3.122297e-05,0.88882977,0.07576055,0.035378587
s09_1test_r0_t09,9,1test,0,9,2,16140,False,Q13-E005,Q9_SHARED_SOURCE_SESSION_E,loso_s9,all,1|2|3|4|5|6|7|8,1test,20260926,20,2,2,0.00019798851,0.99784636,0.0006350605,0.001320589
s09_1test_r0_t10,9,1test,0,10,4,18138,False,Q13-E005,Q9_SHARED_SOURCE_SESSION_E,loso_s9,all,1|2|3|4|5|6|7|8,1test,20260926,20,4,4,5.917021e-05,1.6671596e-08,0.16939409,0.8305467
s09_1test_r0_t11,9,1test,0,11,1,20044,False,Q13-E005,Q9_SHARED_SOURCE_SESSION_E,loso_s9,all,1|2|3|4|5|6|7|8,1test,20260926,20,1,2,0.37370163,0.6222175,0.00012068189,0.0039601745
s09_1test_r0_t12,9,1test,0,12,3,21939,False,Q13-E005,Q9_SHARED_SOURCE_SESSION_E,loso_s9,all,1|2|3|4|5|6|7|8,1test,20260926,20,3,2,0.0040031606,0.8762322,0.11203798,0.007726647
s09_1test_r0_t13,9,1test,0,13,2,23911,False,Q13-E005,Q9_SHARED_SOURCE_SESSION_E,loso_s9,all,1|2|3|4|5|6|7|8,1test,20260926,20,2,2,1.2320897e-05,0.9955778,0.0034778714,0.0009319777
s09_1test_r0_t14,9,1test,0,14,1,25855,False,Q13-E005,Q9_SHARED_SOURCE_SESSION_E,loso_s9,all,1|2|3|4|5|6|7|8,1test,20260926,20,1,1,0.46673918,0.46461597,0.025250865,0.043393906
s09_1test_r0_t15,9,1test,0,15,4,27822,False,Q13-E005,Q9_SHARED_SOURCE_SESSION_E,loso_s9,all,1|2|3|4|5|6|7|8,1test,20260926,20,4,4,6.358254e-05,3.7485843e-05,0.2719017,0.72799724
s09_1test_r0_t16,9,1test,0,16,4,29942,True,Q13-E005,Q9_SHARED_SOURCE_SESSION_E,loso_s9,all,1|2|3|4|5|6|7|8,1test,20260926,20,4,4,2.0924795e-06,1.5126685e-10,0.08488334,0.9151145
s09_1test_r0_t17,9,1test,0,17,4,31950,False,Q13-E005,Q9_SHARED_SOURCE_SESSION_E,loso_s9,all,1|2|3|4|5|6|7|8,1test,20260926,20,4,4,2.6898471e-05,1.4253063e-09,0.27075207,0.729221
s09_1test_r0_t18,9,1test,0,18,4,34016,False,Q13-E005,Q9_SHARED_SOURCE_SESSION_E,loso_s9,all,1|2|3|4|5|6|7|8,1test,20260926,20,4,3,0.00021801346,1.5294529e-09,0.5946514,0.40513065
s09_1test_r0_t19,9,1test,0,19,4,36052,False,Q13-E005,Q9_SHARED_SOURCE_SESSION_E,loso_s9,all,1|2|3|4|5|6|7|8,1test,20260926,20,4,3,6.895776e-07,1.2098828e-08,0.98471296,0.015286363
s09_1test_r0_t20,9,1test,0,20,1,38118,False,Q13-E005,Q9_SHARED_SOURCE_SESSION_E,loso_s9,all,1|2|3|4|5|6|7|8,1test,20260926,20,1,2,0.19517544,0.76025194,0.0164613,0.028111208
s09_1test_r0_t21,9,1test,0,21,3,40188,False,Q13-E005,Q9_SHARED_SOURCE_SESSION_E,loso_s9,all,1|2|3|4|5|6|7|8,1test,20260926,20,3,2,0.015599907,0.6253263,0.31955484,0.03951908
s09_1test_r0_t22,9,1test,0,22,2,42268,False,Q13-E005,Q9_SHARED_SOURCE_SESSION_E,loso_s9,all,1|2|3|4|5|6|7|8,1test,20260926,20,2,2,0.00043970795,0.98133963,0.012814256,0.0054065017
s09_1test_r0_t23,9,1test,0,23,1,44180,False,Q13-E005,Q9_SHARED_SOURCE_SESSION_E,loso_s9,all,1|2|3|4|5|6|7|8,1test,20260926,20,1,1,0.5038169,0.46194974,0.022553498,0.011679837
s09_1test_r0_t24,9,1test,0,24,1,46211,False,Q13-E005,Q9_SHARED_SOURCE_SESSION_E,loso_s9,all,1|2|3|4|5|6|7|8,1test,20260926,20,1,1,0.70165354,0.08946887,0.07994712,0.12893045
s09_1test_r0_t25,9,1test,0,25,3,48164,False,Q13-E005,Q9_SHARED_SOURCE_SESSION_E,loso_s9,all,1|2|3|4|5|6|7|8,1test,20260926,20,3,3,0.000100225625,1.22499505e-05,0.6253338,0.37455377
s09_1test_r0_t26,9,1test,0,26,4,50125,False,Q13-E005,Q9_SHARED_SOURCE_SESSION_E,loso_s9,all,1|2|3|4|5|6|7|8,1test,20260926,20,4,4,0.0067824507,6.1636584e-08,0.02939986,0.96381754
s09_1test_r0_t27,9,1test,0,27,1,52229,False,Q13-E005,Q9_SHARED_SOURCE_SESSION_E,loso_s9,all,1|2|3|4|5|6|7|8,1test,20260926,20,1,1,0.9345142,0.024392277,0.007544725,0.033548746
s09_1test_r0_t28,9,1test,0,28,3,54233,False,Q13-E005,Q9_SHARED_SOURCE_SESSION_E,loso_s9,all,1|2|3|4|5|6|7|8,1test,20260926,20,3,3,5.32652e-07,7.7910833e-10,0.9387421,0.061257325
s09_1test_r0_t29,9,1test,0,29,3,56208,False,Q13-E005,Q9_SHARED_SOURCE_SESSION_E,loso_s9,all,1|2|3|4|5|6|7|8,1test,20260926,20,3,2,0.24834917,0.36351717,0.29989338,0.08824036
s09_1test_r0_t30,9,1test,0,30,3,58234,False,Q13-E005,Q9_SHARED_SOURCE_SESSION_E,loso_s9,all,1|2|3|4|5|6|7|8,1test,20260926,20,3,3,3.4975264e-06,2.5110398e-12,0.76695704,0.23303953
s09_1test_r0_t31,9,1test,0,31,1,60305,False,Q13-E005,Q9_SHARED_SOURCE_SESSION_E,loso_s9,all,1|2|3|4|5|6|7|8,1test,20260926,20,1,1,0.42976698,0.42234015,0.107502274,0.040390547
s09_1test_r0_t32,9,1test,0,32,2,62412,True,Q13-E005,Q9_SHARED_SOURCE_SESSION_E,loso_s9,all,1|2|3|4|5|6|7|8,1test,20260926,20,2,4,0.0018696581,0.08148609,0.24086945,0.6757748
s09_1test_r0_t33,9,1test,0,33,1,64504,False,Q13-E005,Q9_SHARED_SOURCE_SESSION_E,loso_s9,all,1|2|3|4|5|6|7|8,1test,20260926,20,1,2,0.30459437,0.6707712,0.002136117,0.022498425
s09_1test_r0_t34,9,1test,0,34,2,66595,False,Q13-E005,Q9_SHARED_SOURCE_SESSION_E,loso_s9,all,1|2|3|4|5|6|7|8,1test,20260926,20,2,3,0.000101146594,0.00033930002,0.97429764,0.025261862
s09_1test_r0_t35,9,1test,0,35,2,68638,False,Q13-E005,Q9_SHARED_SOURCE_SESSION_E,loso_s9,all,1|2|3|4|5|6|7|8,1test,20260926,20,2,3,2.0328547e-05,0.00282609,0.98742783,0.009725693
s09_1test_r0_t36,9,1test,0,36,1,70702,False,Q13-E005,Q9_SHARED_SOURCE_SESSION_E,loso_s9,all,1|2|3|4|5|6|7|8,1test,20260926,20,1,1,0.71931374,0.0907284,0.11141395,0.07854389
s09_1test_r0_t37,9,1test,0,37,2,72722,False,Q13-E005,Q9_SHARED_SOURCE_SESSION_E,loso_s9,all,1|2|3|4|5|6|7|8,1test,20260926,20,2,3,8.575184e-05,0.27759764,0.67840344,0.04391313
s09_1test_r0_t38,9,1test,0,38,3,74694,False,Q13-E005,Q9_SHARED_SOURCE_SESSION_E,loso_s9,all,1|2|3|4|5|6|7|8,1test,20260926,20,3,3,4.3589625e-05,5.141461e-10,0.9867731,0.013183336
s09_1test_r0_t39,9,1test,0,39,2,76657,True,Q13-E005,Q9_SHARED_SOURCE_SESSION_E,loso_s9,all,1|2|3|4|5|6|7|8,1test,20260926,20,2,2,8.58965e-07,0.99834216,0.0016282557,2.8672841e-05
s09_1test_r0_t40,9,1test,0,40,3,78582,False,Q13-E005,Q9_SHARED_SOURCE_SESSION_E,loso_s9,all,1|2|3|4|5|6|7|8,1test,20260926,20,3,4,0.003308999,6.0119154e-10,0.09165745,0.9050335
s09_1test_r0_t41,9,1test,0,41,3,80663,False,Q13-E005,Q9_SHARED_SOURCE_SESSION_E,loso_s9,all,1|2|3|4|5|6|7|8,1test,20260926,20,3,4,0.002476148,2.4439642e-10,0.4601238,0.53740007
s09_1test_r0_t42,9,1test,0,42,4,82641,False,Q13-E005,Q9_SHARED_SOURCE_SESSION_E,loso_s9,all,1|2|3|4|5|6|7|8,1test,20260926,20,4,3,1.3636856e-06,2.046049e-10,0.6374453,0.3625534
s09_1test_r0_t43,9,1test,0,43,3,84631,False,Q13-E005,Q9_SHARED_SOURCE_SESSION_E,loso_s9,all,1|2|3|4|5|6|7|8,1test,20260926,20,3,3,7.591185e-06,3.5647332e-10,0.8440164,0.15597612
s09_1test_r0_t44,9,1test,0,44,3,86750,False,Q13-E005,Q9_SHARED_SOURCE_SESSION_E,loso_s9,all,1|2|3|4|5|6|7|8,1test,20260926,20,3,3,0.00010691822,0.0021071595,0.9686572,0.029128749
s09_1test_r0_t45,9,1test,0,45,4,88656,False,Q13-E005,Q9_SHARED_SOURCE_SESSION_E,loso_s9,all,1|2|3|4|5|6|7|8,1test,20260926,20,4,4,3.2362525e-06,2.3677322e-07,0.111937895,0.8880586
s09_1test_r0_t46,9,1test,0,46,4,90584,False,Q13-E005,Q9_SHARED_SOURCE_SESSION_E,loso_s9,all,1|2|3|4|5|6|7|8,1test,20260926,20,4,3,0.0022545303,0.00022376394,0.91367984,0.083841816
s09_1test_r0_t47,9,1test,0,47,4,92698,False,Q13-E005,Q9_SHARED_SOURCE_SESSION_E,loso_s9,all,1|2|3|4|5|6|7|8,1test,20260926,20,4,3,0.0006961515,1.0563548e-09,0.8756109,0.123693004
s09_1test_r0_t48,9,1test,0,48,4,94757,False,Q13-E005,Q9_SHARED_SOURCE_SESSION_E,loso_s9,all,1|2|3|4|5|6|7|8,1test,20260926,20,4,3,4.0775525e-05,1.8732925e-10,0.5189644,0.48099482
s09_1test_r1_t01,9,1test,1,1,4,250,False,Q13-E005,Q9_SHARED_SOURCE_SESSION_E,loso_s9,all,1|2|3|4|5|6|7|8,1test,20260926,20,4,3,3.474256e-08,4.934475e-05,0.9540977,0.04585302
s09_1test_r1_t02,9,1test,1,2,3,2253,False,Q13-E005,Q9_SHARED_SOURCE_SESSION_E,loso_s9,all,1|2|3|4|5|6|7|8,1test,20260926,20,3,3,0.0024207453,1.1212225e-06,0.9310194,0.066558756
s09_1test_r1_t03,9,1test,1,3,2,4171,False,Q13-E005,Q9_SHARED_SOURCE_SESSION_E,loso_s9,all,1|2|3|4|5|6|7|8,1test,20260926,20,2,2,2.706193e-05,0.99831235,0.0014088231,0.00025176434
s09_1test_r1_t04,9,1test,1,4,1,6123,False,Q13-E005,Q9_SHARED_SOURCE_SESSION_E,loso_s9,all,1|2|3|4|5|6|7|8,1test,20260926,20,1,2,0.32123244,0.6492319,0.006509892,0.023025775
s09_1test_r1_t05,9,1test,1,5,1,8131,False,Q13-E005,Q9_SHARED_SOURCE_SESSION_E,loso_s9,all,1|2|3|4|5|6|7|8,1test,20260926,20,1,2,0.2864951,0.6868608,0.014862724,0.011781379
s09_1test_r1_t06,9,1test,1,6,2,10242,False,Q13-E005,Q9_SHARED_SOURCE_SESSION_E,loso_s9,all,1|2|3|4|5|6|7|8,1test,20260926,20,2,2,2.4036785e-06,0.9825582,0.015214827,0.002224686
s09_1test_r1_t07,9,1test,1,7,3,12159,False,Q13-E005,Q9_SHARED_SOURCE_SESSION_E,loso_s9,all,1|2|3|4|5|6|7|8,1test,20260926,20,3,3,0.00066438067,6.19018e-10,0.9697342,0.029601479
s09_1test_r1_t08,9,1test,1,8,4,14209,False,Q13-E005,Q9_SHARED_SOURCE_SESSION_E,loso_s9,all,1|2|3|4|5|6|7|8,1test,20260926,20,4,3,8.117976e-05,2.9112385e-07,0.7981022,0.20181638
s09_1test_r1_t09,9,1test,1,9,2,16140,False,Q13-E005,Q9_SHARED_SOURCE_SESSION_E,loso_s9,all,1|2|3|4|5|6|7|8,1test,20260926,20,2,4,0.011126819,0.014134051,0.31906614,0.6556731
s09_1test_r1_t10,9,1test,1,10,3,18138,False,Q13-E005,Q9_SHARED_SOURCE_SESSION_E,loso_s9,all,1|2|3|4|5|6|7|8,1test,20260926,20,3,3,0.0047016675,1.3424197e-12,0.8840321,0.11126625
s09_1test_r1_t11,9,1test,1,11,1,20044,True,Q13-E005,Q9_SHARED_SOURCE_SESSION_E,loso_s9,all,1|2|3|4|5|6|7|8,1test,20260926,20,1,2,0.33952203,0.5413927,0.020922054,0.0981632
s09_1test_r1_t12,9,1test,1,12,1,21939,False,Q13-E005,Q9_SHARED_SOURCE_SESSION_E,loso_s9,all,1|2|3|4|5|6|7|8,1test,20260926,20,1,1,0.4474269,0.3652325,0.10694895,0.08039171
s09_1test_r1_t13,9,1test,1,13,1,23911,False,Q13-E005,Q9_SHARED_SOURCE_SESSION_E,loso_s9,all,1|2|3|4|5|6|7|8,1test,20260926,20,1,1,0.332918,0.19786206,0.20609331,0.26312664
s09_1test_r1_t14,9,1test,1,14,4,25855,False,Q13-E005,Q9_SHARED_SOURCE_SESSION_E,loso_s9,all,1|2|3|4|5|6|7|8,1test,20260926,20,4,4,0.00046233385,3.88309e-09,0.44184038,0.5576973
s09_1test_r1_t15,9,1test,1,15,2,27822,False,Q13-E005,Q9_SHARED_SOURCE_SESSION_E,loso_s9,all,1|2|3|4|5|6|7|8,1test,20260926,20,2,2,0.00020796814,0.9252626,0.069176175,0.0053532775
s09_1test_r1_t16,9,1test,1,16,2,29942,False,Q13-E005,Q9_SHARED_SOURCE_SESSION_E,loso_s9,all,1|2|3|4|5|6|7|8,1test,20260926,20,2,3,0.00030040872,0.00030392117,0.8990227,0.100372955
s09_1test_r1_t17,9,1test,1,17,1,31950,False,Q13-E005,Q9_SHARED_SOURCE_SESSION_E,loso_s9,all,1|2|3|4|5|6|7|8,1test,20260926,20,1,2,0.031530857,0.88786286,0.058232214,0.022374
s09_1test_r1_t18,9,1test,1,18,1,34016,False,Q13-E005,Q9_SHARED_SOURCE_SESSION_E,loso_s9,all,1|2|3|4|5|6|7|8,1test,20260926,20,1,1,0.93935525,0.04336398,0.0037731489,0.013507533
s09_1test_r1_t19,9,1test,1,19,3,36052,False,Q13-E005,Q9_SHARED_SOURCE_SESSION_E,loso_s9,all,1|2|3|4|5|6|7|8,1test,20260926,20,3,3,9.9273175e-06,3.1919527e-07,0.9711406,0.028849134
s09_1test_r1_t20,9,1test,1,20,1,38118,False,Q13-E005,Q9_SHARED_SOURCE_SESSION_E,loso_s9,all,1|2|3|4|5|6|7|8,1test,20260926,20,1,2,0.16604261,0.61097103,0.20422834,0.01875802
s09_1test_r1_t21,9,1test,1,21,2,40188,False,Q13-E005,Q9_SHARED_SOURCE_SESSION_E,loso_s9,all,1|2|3|4|5|6|7|8,1test,20260926,20,2,2,0.0006179227,0.89706296,0.09091821,0.011400878
s09_1test_r1_t22,9,1test,1,22,4,42268,False,Q13-E005,Q9_SHARED_SOURCE_SESSION_E,loso_s9,all,1|2|3|4|5|6|7|8,1test,20260926,20,4,4,8.846109e-06,1.2663285e-09,0.34425738,0.65573376
s09_1test_r1_t23,9,1test,1,23,4,44180,False,Q13-E005,Q9_SHARED_SOURCE_SESSION_E,loso_s9,all,1|2|3|4|5|6|7|8,1test,20260926,20,4,3,5.252889e-06,4.0976463e-08,0.98893166,0.011062937
s09_1test_r1_t24,9,1test,1,24,3,46211,False,Q13-E005,Q9_SHARED_SOURCE_SESSION_E,loso_s9,all,1|2|3|4|5|6|7|8,1test,20260926,20,3,4,0.0018406584,9.702599e-09,0.48925775,0.5089016
s09_1test_r1_t25,9,1test,1,25,1,48164,False,Q13-E005,Q9_SHARED_SOURCE_SESSION_E,loso_s9,all,1|2|3|4|5|6|7|8,1test,20260926,20,1,1,0.76889455,0.13314234,0.032528073,0.06543503
s09_1test_r1_t26,9,1test,1,26,4,50125,False,Q13-E005,Q9_SHARED_SOURCE_SESSION_E,loso_s9,all,1|2|3|4|5|6|7|8,1test,20260926,20,4,3,0.053570107,1.0050591e-05,0.52549666,0.42092317
s09_1test_r1_t27,9,1test,1,27,4,52229,False,Q13-E005,Q9_SHARED_SOURCE_SESSION_E,loso_s9,all,1|2|3|4|5|6|7|8,1test,20260926,20,4,4,6.909788e-05,1.5154944e-10,0.12684146,0.8730894
s09_1test_r1_t28,9,1test,1,28,2,54233,False,Q13-E005,Q9_SHARED_SOURCE_SESSION_E,loso_s9,all,1|2|3|4|5|6|7|8,1test,20260926,20,2,3,0.0007550818,0.036601696,0.8778953,0.08474795
s09_1test_r1_t29,9,1test,1,29,4,56208,False,Q13-E005,Q9_SHARED_SOURCE_SESSION_E,loso_s9,all,1|2|3|4|5|6|7|8,1test,20260926,20,4,4,0.008073123,1.7124736e-05,0.35792956,0.63398015
s09_1test_r1_t30,9,1test,1,30,4,58234,False,Q13-E005,Q9_SHARED_SOURCE_SESSION_E,loso_s9,all,1|2|3|4|5|6|7|8,1test,20260926,20,4,3,5.772759e-05,1.0020611e-07,0.765445,0.23449714
s09_1test_r1_t31,9,1test,1,31,2,60305,False,Q13-E005,Q9_SHARED_SOURCE_SESSION_E,loso_s9,all,1|2|3|4|5|6|7|8,1test,20260926,20,2,4,0.40165588,0.00023058035,0.061542835,0.53657067
s09_1test_r1_t32,9,1test,1,32,1,62412,False,Q13-E005,Q9_SHARED_SOURCE_SESSION_E,loso_s9,all,1|2|3|4|5|6|7|8,1test,20260926,20,1,2,0.021833561,0.94180024,0.019995067,0.01637116
s09_1test_r1_t33,9,1test,1,33,2,64504,False,Q13-E005,Q9_SHARED_SOURCE_SESSION_E,loso_s9,all,1|2|3|4|5|6|7|8,1test,20260926,20,2,3,0.00015430414,0.00013232436,0.7220292,0.27768418
s09_1test_r1_t34,9,1test,1,34,3,66595,False,Q13-E005,Q9_SHARED_SOURCE_SESSION_E,loso_s9,all,1|2|3|4|5|6|7|8,1test,20260926,20,3,3,0.000729854,1.2439945e-06,0.96313727,0.036131635
s09_1test_r1_t35,9,1test,1,35,3,68638,False,Q13-E005,Q9_SHARED_SOURCE_SESSION_E,loso_s9,all,1|2|3|4|5|6|7|8,1test,20260926,20,3,3,0.14544189,2.7335764e-05,0.71024454,0.14428622
s09_1test_r1_t36,9,1test,1,36,3,70702,False,Q13-E005,Q9_SHARED_SOURCE_SESSION_E,loso_s9,all,1|2|3|4|5|6|7|8,1test,20260926,20,3,3,0.006896698,0.00038471736,0.86107993,0.13163868
s09_1test_r1_t37,9,1test,1,37,4,72722,False,Q13-E005,Q9_SHARED_SOURCE_SESSION_E,loso_s9,all,1|2|3|4|5|6|7|8,1test,20260926,20,4,4,0.011299379,1.1230031e-08,0.15868114,0.83001953
s09_1test_r1_t38,9,1test,1,38,3,74694,False,Q13-E005,Q9_SHARED_SOURCE_SESSION_E,loso_s9,all,1|2|3|4|5|6|7|8,1test,20260926,20,3,3,5.94467e-06,6.296335e-11,0.9962741,0.0037200076
s09_1test_r1_t39,9,1test,1,39,1,76657,False,Q13-E005,Q9_SHARED_SOURCE_SESSION_E,loso_s9,all,1|2|3|4|5|6|7|8,1test,20260926,20,1,2,0.12555154,0.7756471,0.06604924,0.032752212
s09_1test_r1_t40,9,1test,1,40,4,78582,False,Q13-E005,Q9_SHARED_SOURCE_SESSION_E,loso_s9,all,1|2|3|4|5|6|7|8,1test,20260926,20,4,4,0.011941549,4.609604e-06,0.005543055,0.98251086
s09_1test_r1_t41,9,1test,1,41,2,80663,False,Q13-E005,Q9_SHARED_SOURCE_SESSION_E,loso_s9,all,1|2|3|4|5|6|7|8,1test,20260926,20,2,3,3.126876e-07,1.132243e-05,0.8627912,0.13719723
s09_1test_r1_t42,9,1test,1,42,3,82641,False,Q13-E005,Q9_SHARED_SOURCE_SESSION_E,loso_s9,all,1|2|3|4|5|6|7|8,1test,20260926,20,3,3,0.0001214575,2.3282936e-08,0.9454034,0.05447502
s09_1test_r1_t43,9,1test,1,43,2,84631,False,Q13-E005,Q9_SHARED_SOURCE_SESSION_E,loso_s9,all,1|2|3|4|5|6|7|8,1test,20260926,20,2,3,5.5933638e-06,2.8098725e-07,0.973625,0.026369102
s09_1test_r1_t44,9,1test,1,44,3,86750,False,Q13-E005,Q9_SHARED_SOURCE_SESSION_E,loso_s9,all,1|2|3|4|5|6|7|8,1test,20260926,20,3,3,0.0038172407,0.2603581,0.7284786,0.0073461407
s09_1test_r1_t45,9,1test,1,45,4,88656,False,Q13-E005,Q9_SHARED_SOURCE_SESSION_E,loso_s9,all,1|2|3|4|5|6|7|8,1test,20260926,20,4,3,2.9094492e-06,5.4548216e-10,0.80672777,0.19326931
s09_1test_r1_t46,9,1test,1,46,2,90584,False,Q13-E005,Q9_SHARED_SOURCE_SESSION_E,loso_s9,all,1|2|3|4|5|6|7|8,1test,20260926,20,2,3,0.0006251448,1.4494637e-07,0.689502,0.3098727
s09_1test_r1_t47,9,1test,1,47,3,92698,False,Q13-E005,Q9_SHARED_SOURCE_SESSION_E,loso_s9,all,1|2|3|4|5|6|7|8,1test,20260926,20,3,4,0.0002123619,5.058532e-09,0.040461697,0.95932597
s09_1test_r1_t48,9,1test,1,48,1,94757,False,Q13-E005,Q9_SHARED_SOURCE_SESSION_E,loso_s9,all,1|2|3|4|5|6|7|8,1test,20260926,20,1,4,0.21791877,0.14053886,0.0082966415,0.6332457
s09_1test_r2_t01,9,1test,2,1,1,250,False,Q13-E005,Q9_SHARED_SOURCE_SESSION_E,loso_s9,all,1|2|3|4|5|6|7|8,1test,20260926,20,1,2,0.17045991,0.8076931,0.004743261,0.017103698
s09_1test_r2_t02,9,1test,2,2,1,2253,False,Q13-E005,Q9_SHARED_SOURCE_SESSION_E,loso_s9,all,1|2|3|4|5|6|7|8,1test,20260926,20,1,1,0.593362,0.25576976,0.06991978,0.08094852
s09_1test_r2_t03,9,1test,2,3,4,4171,False,Q13-E005,Q9_SHARED_SOURCE_SESSION_E,loso_s9,all,1|2|3|4|5|6|7|8,1test,20260926,20,4,4,3.5255178e-07,3.235365e-10,0.24137393,0.7586257
s09_1test_r2_t04,9,1test,2,4,2,6123,False,Q13-E005,Q9_SHARED_SOURCE_SESSION_E,loso_s9,all,1|2|3|4|5|6|7|8,1test,20260926,20,2,3,2.2753252e-06,0.008866812,0.68234384,0.30878708
s09_1test_r2_t05,9,1test,2,5,1,8131,False,Q13-E005,Q9_SHARED_SOURCE_SESSION_E,loso_s9,all,1|2|3|4|5|6|7|8,1test,20260926,20,1,1,0.92903066,0.03204384,0.0031830224,0.03574252
s09_1test_r2_t06,9,1test,2,6,3,10242,False,Q13-E005,Q9_SHARED_SOURCE_SESSION_E,loso_s9,all,1|2|3|4|5|6|7|8,1test,20260926,20,3,3,1.9470315e-05,2.0268142e-05,0.8637665,0.13619377
s09_1test_r2_t07,9,1test,2,7,1,12159,False,Q13-E005,Q9_SHARED_SOURCE_SESSION_E,loso_s9,all,1|2|3|4|5|6|7|8,1test,20260926,20,1,1,0.8649699,0.020276358,0.021641113,0.09311256
s09_1test_r2_t08,9,1test,2,8,3,14209,False,Q13-E005,Q9_SHARED_SOURCE_SESSION_E,loso_s9,all,1|2|3|4|5|6|7|8,1test,20260926,20,3,3,0.0001511509,5.3638818e-08,0.9473163,0.052532602
s09_1test_r2_t09,9,1test,2,9,2,16140,True,Q13-E005,Q9_SHARED_SOURCE_SESSION_E,loso_s9,all,1|2|3|4|5|6|7|8,1test,20260926,20,2,3,1.7893593e-06,2.9415427e-05,0.7362766,0.26369217
s09_1test_r2_t10,9,1test,2,10,4,18138,False,Q13-E005,Q9_SHARED_SOURCE_SESSION_E,loso_s9,all,1|2|3|4|5|6|7|8,1test,20260926,20,4,3,2.7679004e-08,3.4297173e-10,0.5951579,0.40484208
s09_1test_r2_t11,9,1test,2,11,1,20044,False,Q13-E005,Q9_SHARED_SOURCE_SESSION_E,loso_s9,all,1|2|3|4|5|6|7|8,1test,20260926,20,1,1,0.6235475,0.007177087,0.23410194,0.13517351
s09_1test_r2_t12,9,1test,2,12,3,21939,True,Q13-E005,Q9_SHARED_SOURCE_SESSION_E,loso_s9,all,1|2|3|4|5|6|7|8,1test,20260926,20,3,3,0.0004201039,1.4551945e-11,0.53934443,0.4602355
s09_1test_r2_t13,9,1test,2,13,3,23911,False,Q13-E005,Q9_SHARED_SOURCE_SESSION_E,loso_s9,all,1|2|3|4|5|6|7|8,1test,20260926,20,3,3,0.00018171968,0.1126829,0.8801002,0.00703523
s09_1test_r2_t14,9,1test,2,14,1,25855,False,Q13-E005,Q9_SHARED_SOURCE_SESSION_E,loso_s9,all,1|2|3|4|5|6|7|8,1test,20260926,20,1,1,0.59085214,0.31656,0.03688257,0.05570525
s09_1test_r2_t15,9,1test,2,15,3,27822,False,Q13-E005,Q9_SHARED_SOURCE_SESSION_E,loso_s9,all,1|2|3|4|5|6|7|8,1test,20260926,20,3,3,0.03081412,1.3237991e-08,0.70716244,0.2620234
s09_1test_r2_t16,9,1test,2,16,2,29942,False,Q13-E005,Q9_SHARED_SOURCE_SESSION_E,loso_s9,all,1|2|3|4|5|6|7|8,1test,20260926,20,2,3,1.0397073e-07,7.73683e-06,0.83225596,0.16773626
s09_1test_r2_t17,9,1test,2,17,4,31950,False,Q13-E005,Q9_SHARED_SOURCE_SESSION_E,loso_s9,all,1|2|3|4|5|6|7|8,1test,20260926,20,4,4,2.3423892e-05,6.822819e-11,0.3846286,0.615348
s09_1test_r2_t18,9,1test,2,18,4,34016,False,Q13-E005,Q9_SHARED_SOURCE_SESSION_E,loso_s9,all,1|2|3|4|5|6|7|8,1test,20260926,20,4,3,4.3903732e-05,3.6045675e-09,0.92008144,0.07987466
s09_1test_r2_t19,9,1test,2,19,4,36052,True,Q13-E005,Q9_SHARED_SOURCE_SESSION_E,loso_s9,all,1|2|3|4|5|6|7|8,1test,20260926,20,4,3,0.00033769925,5.800725e-08,0.94796,0.051702317
s09_1test_r2_t20,9,1test,2,20,3,38118,False,Q13-E005,Q9_SHARED_SOURCE_SESSION_E,loso_s9,all,1|2|3|4|5|6|7|8,1test,20260926,20,3,3,0.017584823,0.009265842,0.67665046,0.2964989
s09_1test_r2_t21,9,1test,2,21,1,40188,False,Q13-E005,Q9_SHARED_SOURCE_SESSION_E,loso_s9,all,1|2|3|4|5|6|7|8,1test,20260926,20,1,1,0.79221815,0.09451517,0.01963441,0.093632236
s09_1test_r2_t22,9,1test,2,22,4,42268,False,Q13-E005,Q9_SHARED_SOURCE_SESSION_E,loso_s9,all,1|2|3|4|5|6|7|8,1test,20260926,20,4,3,8.55324e-09,4.2564377e-12,0.7726208,0.22737917
s09_1test_r2_t23,9,1test,2,23,2,44180,False,Q13-E005,Q9_SHARED_SOURCE_SESSION_E,loso_s9,all,1|2|3|4|5|6|7|8,1test,20260926,20,2,3,0.0006135954,0.0044933343,0.8147609,0.18013221
s09_1test_r2_t24,9,1test,2,24,4,46211,False,Q13-E005,Q9_SHARED_SOURCE_SESSION_E,loso_s9,all,1|2|3|4|5|6|7|8,1test,20260926,20,4,4,1.7458282e-06,1.1405658e-09,0.096962765,0.90303546
s09_1test_r2_t25,9,1test,2,25,2,48164,False,Q13-E005,Q9_SHARED_SOURCE_SESSION_E,loso_s9,all,1|2|3|4|5|6|7|8,1test,20260926,20,2,3,4.436834e-05,4.6596034e-07,0.9561133,0.04384193
s09_1test_r2_t26,9,1test,2,26,1,50125,False,Q13-E005,Q9_SHARED_SOURCE_SESSION_E,loso_s9,all,1|2|3|4|5|6|7|8,1test,20260926,20,1,1,0.6169695,0.31792003,0.007816844,0.057293583
s09_1test_r2_t27,9,1test,2,27,3,52229,False,Q13-E005,Q9_SHARED_SOURCE_SESSION_E,loso_s9,all,1|2|3|4|5|6|7|8,1test,20260926,20,3,3,4.7727036e-07,3.6903003e-09,0.9806533,0.019346325
s09_1test_r2_t28,9,1test,2,28,2,54233,False,Q13-E005,Q9_SHARED_SOURCE_SESSION_E,loso_s9,all,1|2|3|4|5|6|7|8,1test,20260926,20,2,3,6.6981033e-07,1.1541878e-05,0.9620751,0.03791269
s09_1test_r2_t29,9,1test,2,29,1,56208,False,Q13-E005,Q9_SHARED_SOURCE_SESSION_E,loso_s9,all,1|2|3|4|5|6|7|8,1test,20260926,20,1,2,0.33273956,0.5381448,0.07059771,0.05851794
s09_1test_r2_t30,9,1test,2,30,3,58234,False,Q13-E005,Q9_SHARED_SOURCE_SESSION_E,loso_s9,all,1|2|3|4|5|6|7|8,1test,20260926,20,3,3,0.00027256995,9.79315e-12,0.9799651,0.019762374
s09_1test_r2_t31,9,1test,2,31,3,60305,False,Q13-E005,Q9_SHARED_SOURCE_SESSION_E,loso_s9,all,1|2|3|4|5|6|7|8,1test,20260926,20,3,3,3.223862e-05,1.8332827e-06,0.5335931,0.46637282
s09_1test_r2_t32,9,1test,2,32,1,62412,False,Q13-E005,Q9_SHARED_SOURCE_SESSION_E,loso_s9,all,1|2|3|4|5|6|7|8,1test,20260926,20,1,4,0.014562509,0.00096481136,0.1902881,0.79418457
s09_1test_r2_t33,9,1test,2,33,3,64504,False,Q13-E005,Q9_SHARED_SOURCE_SESSION_E,loso_s9,all,1|2|3|4|5|6|7|8,1test,20260926,20,3,3,2.5065058e-06,2.9554026e-10,0.9379225,0.06207509
s09_1test_r2_t34,9,1test,2,34,4,66595,False,Q13-E005,Q9_SHARED_SOURCE_SESSION_E,loso_s9,all,1|2|3|4|5|6|7|8,1test,20260926,20,4,4,0.021552248,7.661818e-08,0.16495524,0.81349236
s09_1test_r2_t35,9,1test,2,35,4,68638,False,Q13-E005,Q9_SHARED_SOURCE_SESSION_E,loso_s9,all,1|2|3|4|5|6|7|8,1test,20260926,20,4,3,0.0010992461,1.2946367e-06,0.87855947,0.12033998
s09_1test_r2_t36,9,1test,2,36,2,70702,True,Q13-E005,Q9_SHARED_SOURCE_SESSION_E,loso_s9,all,1|2|3|4|5|6|7|8,1test,20260926,20,2,3,0.023453169,0.008827777,0.80179924,0.16591986
s09_1test_r2_t37,9,1test,2,37,1,72722,False,Q13-E005,Q9_SHARED_SOURCE_SESSION_E,loso_s9,all,1|2|3|4|5|6|7|8,1test,20260926,20,1,3,0.021085236,0.10479347,0.43800175,0.4361196
s09_1test_r2_t38,9,1test,2,38,2,74694,False,Q13-E005,Q9_SHARED_SOURCE_SESSION_E,loso_s9,all,1|2|3|4|5|6|7|8,1test,20260926,20,2,4,0.28048447,0.00020901061,0.18323302,0.53607345
s09_1test_r2_t39,9,1test,2,39,4,76657,False,Q13-E005,Q9_SHARED_SOURCE_SESSION_E,loso_s9,all,1|2|3|4|5|6|7|8,1test,20260926,20,4,3,0.012237724,3.3657045e-08,0.84588116,0.14188102
s09_1test_r2_t40,9,1test,2,40,2,78582,False,Q13-E005,Q9_SHARED_SOURCE_SESSION_E,loso_s9,all,1|2|3|4|5|6|7|8,1test,20260926,20,2,3,0.00046464696,0.00024416644,0.82780606,0.17148511
s09_1test_r2_t41,9,1test,2,41,4,80663,False,Q13-E005,Q9_SHARED_SOURCE_SESSION_E,loso_s9,all,1|2|3|4|5|6|7|8,1test,20260926,20,4,3,0.0038657584,3.0591062e-07,0.5052347,0.4908992
s09_1test_r2_t42,9,1test,2,42,3,82641,True,Q13-E005,Q9_SHARED_SOURCE_SESSION_E,loso_s9,all,1|2|3|4|5|6|7|8,1test,20260926,20,3,3,0.004032978,2.3973935e-05,0.9065322,0.08941086
s09_1test_r2_t43,9,1test,2,43,2,84631,False,Q13-E005,Q9_SHARED_SOURCE_SESSION_E,loso_s9,all,1|2|3|4|5|6|7|8,1test,20260926,20,2,3,2.5265008e-06,7.2315706e-05,0.86173034,0.1381948
s09_1test_r2_t44,9,1test,2,44,2,86750,False,Q13-E005,Q9_SHARED_SOURCE_SESSION_E,loso_s9,all,1|2|3|4|5|6|7|8,1test,20260926,20,2,3,0.009506407,8.4146535e-07,0.7551954,0.2352974
s09_1test_r2_t45,9,1test,2,45,2,88656,False,Q13-E005,Q9_SHARED_SOURCE_SESSION_E,loso_s9,all,1|2|3|4|5|6|7|8,1test,20260926,20,2,4,0.022853414,9.823365e-10,0.2958391,0.6813075
s09_1test_r2_t46,9,1test,2,46,3,90584,False,Q13-E005,Q9_SHARED_SOURCE_SESSION_E,loso_s9,all,1|2|3|4|5|6|7|8,1test,20260926,20,3,4,0.12490318,8.871976e-06,0.39647272,0.47861528
s09_1test_r2_t47,9,1test,2,47,4,92698,False,Q13-E005,Q9_SHARED_SOURCE_SESSION_E,loso_s9,all,1|2|3|4|5|6|7|8,1test,20260926,20,4,4,0.0010839632,2.0844791e-13,0.018435476,0.98048055
s09_1test_r2_t48,9,1test,2,48,1,94757,False,Q13-E005,Q9_SHARED_SOURCE_SESSION_E,loso_s9,all,1|2|3|4|5|6|7|8,1test,20260926,20,1,1,0.6902195,0.00022232163,0.23734437,0.07221383
s09_1test_r3_t01,9,1test,3,1,2,250,False,Q13-E005,Q9_SHARED_SOURCE_SESSION_E,loso_s9,all,1|2|3|4|5|6|7|8,1test,20260926,20,2,2,0.0799242,0.7705718,0.09954056,0.04996342
s09_1test_r3_t02,9,1test,3,2,4,2253,True,Q13-E005,Q9_SHARED_SOURCE_SESSION_E,loso_s9,all,1|2|3|4|5|6|7|8,1test,20260926,20,4,4,0.015451681,0.005781833,0.19457859,0.7841879
s09_1test_r3_t03,9,1test,3,3,1,4171,False,Q13-E005,Q9_SHARED_SOURCE_SESSION_E,loso_s9,all,1|2|3|4|5|6|7|8,1test,20260926,20,1,3,0.33099926,0.08682477,0.45172948,0.13044651
s09_1test_r3_t04,9,1test,3,4,3,6123,False,Q13-E005,Q9_SHARED_SOURCE_SESSION_E,loso_s9,all,1|2|3|4|5|6|7|8,1test,20260926,20,3,3,2.5368548e-05,6.294835e-06,0.93684566,0.06312273
s09_1test_r3_t05,9,1test,3,5,3,8131,False,Q13-E005,Q9_SHARED_SOURCE_SESSION_E,loso_s9,all,1|2|3|4|5|6|7|8,1test,20260926,20,3,3,1.999141e-05,3.18603e-10,0.9743078,0.025672259
s09_1test_r3_t06,9,1test,3,6,4,10242,False,Q13-E005,Q9_SHARED_SOURCE_SESSION_E,loso_s9,all,1|2|3|4|5|6|7|8,1test,20260926,20,4,4,0.00016089072,1.0503229e-08,0.2882705,0.7115686
s09_1test_r3_t07,9,1test,3,7,1,12159,False,Q13-E005,Q9_SHARED_SOURCE_SESSION_E,loso_s9,all,1|2|3|4|5|6|7|8,1test,20260926,20,1,2,0.037371878,0.8961,0.050792653,0.01573556
s09_1test_r3_t08,9,1test,3,8,1,14209,False,Q13-E005,Q9_SHARED_SOURCE_SESSION_E,loso_s9,all,1|2|3|4|5|6|7|8,1test,20260926,20,1,2,0.14209661,0.65679395,0.16933659,0.031772915
s09_1test_r3_t09,9,1test,3,9,3,16140,True,Q13-E005,Q9_SHARED_SOURCE_SESSION_E,loso_s9,all,1|2|3|4|5|6|7|8,1test,20260926,20,3,3,0.0008535805,2.2889374e-11,0.91688246,0.08226405
s09_1test_r3_t10,9,1test,3,10,2,18138,False,Q13-E005,Q9_SHARED_SOURCE_SESSION_E,loso_s9,all,1|2|3|4|5|6|7|8,1test,20260926,20,2,3,0.00092185714,8.4642686e-08,0.54399407,0.455084
s09_1test_r3_t11,9,1test,3,11,4,20044,False,Q13-E005,Q9_SHARED_SOURCE_SESSION_E,loso_s9,all,1|2|3|4|5|6|7|8,1test,20260926,20,4,4,6.276372e-07,2.1908265e-11,0.38480976,0.6151897
s09_1test_r3_t12,9,1test,3,12,4,21939,False,Q13-E005,Q9_SHARED_SOURCE_SESSION_E,loso_s9,all,1|2|3|4|5|6|7|8,1test,20260926,20,4,3,3.2738667e-06,2.274691e-05,0.7154962,0.28447786
s09_1test_r3_t13,9,1test,3,13,4,23911,False,Q13-E005,Q9_SHARED_SOURCE_SESSION_E,loso_s9,all,1|2|3|4|5|6|7|8,1test,20260926,20,4,3,0.0008373991,3.1773732e-07,0.97204924,0.027113019
s09_1test_r3_t14,9,1test,3,14,2,25855,False,Q13-E005,Q9_SHARED_SOURCE_SESSION_E,loso_s9,all,1|2|3|4|5|6|7|8,1test,20260926,20,2,3,0.0062219314,4.2898782e-07,0.74834657,0.24543107
s09_1test_r3_t15,9,1test,3,15,1,27822,True,Q13-E005,Q9_SHARED_SOURCE_SESSION_E,loso_s9,all,1|2|3|4|5|6|7|8,1test,20260926,20,1,2,0.3224672,0.63952386,0.026916502,0.011092383
s09_1test_r3_t16,9,1test,3,16,3,29942,False,Q13-E005,Q9_SHARED_SOURCE_SESSION_E,loso_s9,all,1|2|3|4|5|6|7|8,1test,20260926,20,3,3,0.0015063854,2.4680764e-07,0.741934,0.2565593
s09_1test_r3_t17,9,1test,3,17,2,31950,False,Q13-E005,Q9_SHARED_SOURCE_SESSION_E,loso_s9,all,1|2|3|4|5|6|7|8,1test,20260926,20,2,3,0.030331174,1.0794741e-05,0.78761774,0.18204036
s09_1test_r3_t18,9,1test,3,18,4,34016,False,Q13-E005,Q9_SHARED_SOURCE_SESSION_E,loso_s9,all,1|2|3|4|5|6|7|8,1test,20260926,20,4,3,0.0010403877,9.281418e-09,0.5374257,0.4615339
s09_1test_r3_t19,9,1test,3,19,1,36052,True,Q13-E005,Q9_SHARED_SOURCE_SESSION_E,loso_s9,all,1|2|3|4|5|6|7|8,1test,20260926,20,1,2,0.0009917197,0.99862957,0.00025291977,0.00012587794
s09_1test_r3_t20,9,1test,3,20,4,38118,False,Q13-E005,Q9_SHARED_SOURCE_SESSION_E,loso_s9,all,1|2|3|4|5|6|7|8,1test,20260926,20,4,4,0.0007922768,4.5323623e-06,0.45001557,0.5491876
s09_1test_r3_t21,9,1test,3,21,3,40188,False,Q13-E005,Q9_SHARED_SOURCE_SESSION_E,loso_s9,all,1|2|3|4|5|6|7|8,1test,20260926,20,3,3,0.005497473,5.8525696e-08,0.92969227,0.06481011
s09_1test_r3_t22,9,1test,3,22,2,42268,False,Q13-E005,Q9_SHARED_SOURCE_SESSION_E,loso_s9,all,1|2|3|4|5|6|7|8,1test,20260926,20,2,3,2.6356118e-05,6.765474e-08,0.9167434,0.0832302
s09_1test_r3_t23,9,1test,3,23,4,44180,False,Q13-E005,Q9_SHARED_SOURCE_SESSION_E,loso_s9,all,1|2|3|4|5|6|7|8,1test,20260926,20,4,3,9.919337e-06,2.8276237e-09,0.65935624,0.34063384
s09_1test_r3_t24,9,1test,3,24,4,46211,False,Q13-E005,Q9_SHARED_SOURCE_SESSION_E,loso_s9,all,1|2|3|4|5|6|7|8,1test,20260926,20,4,4,1.9103913e-06,2.2023165e-11,0.018079426,0.9819187
s09_1test_r3_t25,9,1test,3,25,1,48164,False,Q13-E005,Q9_SHARED_SOURCE_SESSION_E,loso_s9,all,1|2|3|4|5|6|7|8,1test,20260926,20,1,1,0.6351019,0.2664998,0.012185847,0.08621247
s09_1test_r3_t26,9,1test,3,26,2,50125,False,Q13-E005,Q9_SHARED_SOURCE_SESSION_E,loso_s9,all,1|2|3|4|5|6|7|8,1test,20260926,20,2,3,0.00065174303,0.013274939,0.97927606,0.006797257
s09_1test_r3_t27,9,1test,3,27,2,52229,False,Q13-E005,Q9_SHARED_SOURCE_SESSION_E,loso_s9,all,1|2|3|4|5|6|7|8,1test,20260926,20,2,3,0.012388903,9.294681e-05,0.6115801,0.37593803
s09_1test_r3_t28,9,1test,3,28,3,54233,False,Q13-E005,Q9_SHARED_SOURCE_SESSION_E,loso_s9,all,1|2|3|4|5|6|7|8,1test,20260926,20,3,3,5.0019495e-05,5.5675002e-09,0.98439634,0.015553687
s09_1test_r3_t29,9,1test,3,29,4,56208,True,Q13-E005,Q9_SHARED_SOURCE_SESSION_E,loso_s9,all,1|2|3|4|5|6|7|8,1test,20260926,20,4,3,2.1461128e-05,5.255838e-09,0.7714135,0.22856508
s09_1test_r3_t30,9,1test,3,30,2,58234,False,Q13-E005,Q9_SHARED_SOURCE_SESSION_E,loso_s9,all,1|2|3|4|5|6|7|8,1test,20260926,20,2,3,1.060534e-06,6.504239e-06,0.9982351,0.0017572917
s09_1test_r3_t31,9,1test,3,31,1,60305,False,Q13-E005,Q9_SHARED_SOURCE_SESSION_E,loso_s9,all,1|2|3|4|5|6|7|8,1test,20260926,20,1,2,0.37658688,0.6165839,0.0009602316,0.005869006
s09_1test_r3_t32,9,1test,3,32,1,62412,False,Q13-E005,Q9_SHARED_SOURCE_SESSION_E,loso_s9,all,1|2|3|4|5|6|7|8,1test,20260926,20,1,1,0.9018806,0.0037436725,0.0040027043,0.09037308
s09_1test_r3_t33,9,1test,3,33,4,64504,False,Q13-E005,Q9_SHARED_SOURCE_SESSION_E,loso_s9,all,1|2|3|4|5|6|7|8,1test,20260926,20,4,4,0.0017357188,0.00012077219,0.1641661,0.83397734
s09_1test_r3_t34,9,1test,3,34,2,66595,False,Q13-E005,Q9_SHARED_SOURCE_SESSION_E,loso_s9,all,1|2|3|4|5|6|7|8,1test,20260926,20,2,3,8.928769e-05,7.750849e-06,0.76177603,0.238127
s09_1test_r3_t35,9,1test,3,35,1,68638,False,Q13-E005,Q9_SHARED_SOURCE_SESSION_E,loso_s9,all,1|2|3|4|5|6|7|8,1test,20260926,20,1,2,0.009137433,0.9642326,0.022480784,0.0041491995
s09_1test_r3_t36,9,1test,3,36,3,70702,False,Q13-E005,Q9_SHARED_SOURCE_SESSION_E,loso_s9,all,1|2|3|4|5|6|7|8,1test,20260926,20,3,3,5.5214537e-06,1.1742961e-09,0.9914484,0.008546065
s09_1test_r3_t37,9,1test,3,37,2,72722,False,Q13-E005,Q9_SHARED_SOURCE_SESSION_E,loso_s9,all,1|2|3|4|5|6|7|8,1test,20260926,20,2,3,0.00013987321,6.409357e-06,0.90854895,0.09130483
s09_1test_r3_t38,9,1test,3,38,2,74694,False,Q13-E005,Q9_SHARED_SOURCE_SESSION_E,loso_s9,all,1|2|3|4|5|6|7|8,1test,20260926,20,2,3,0.0024023047,0.00022939146,0.79370517,0.20366311
s09_1test_r3_t39,9,1test,3,39,3,76657,False,Q13-E005,Q9_SHARED_SOURCE_SESSION_E,loso_s9,all,1|2|3|4|5|6|7|8,1test,20260926,20,3,3,0.003470852,8.600446e-06,0.9696546,0.026865982
s09_1test_r3_t40,9,1test,3,40,1,78582,False,Q13-E005,Q9_SHARED_SOURCE_SESSION_E,loso_s9,all,1|2|3|4|5|6|7|8,1test,20260926,20,1,2,0.038411792,0.9425405,0.013017768,0.0060298946
s09_1test_r3_t41,9,1test,3,41,4,80663,False,Q13-E005,Q9_SHARED_SOURCE_SESSION_E,loso_s9,all,1|2|3|4|5|6|7|8,1test,20260926,20,4,4,0.004483254,2.6770948e-07,0.3925596,0.60295683
s09_1test_r3_t42,9,1test,3,42,3,82641,False,Q13-E005,Q9_SHARED_SOURCE_SESSION_E,loso_s9,all,1|2|3|4|5|6|7|8,1test,20260926,20,3,3,0.004056146,9.022223e-05,0.9797324,0.016121246
s09_1test_r3_t43,9,1test,3,43,3,84631,False,Q13-E005,Q9_SHARED_SOURCE_SESSION_E,loso_s9,all,1|2|3|4|5|6|7|8,1test,20260926,20,3,3,0.0005871541,9.546914e-10,0.7710642,0.22834867
s09_1test_r3_t44,9,1test,3,44,3,86750,False,Q13-E005,Q9_SHARED_SOURCE_SESSION_E,loso_s9,all,1|2|3|4|5|6|7|8,1test,20260926,20,3,3,9.637575e-05,6.4691454e-07,0.98203707,0.017865943
s09_1test_r3_t45,9,1test,3,45,3,88656,False,Q13-E005,Q9_SHARED_SOURCE_SESSION_E,loso_s9,all,1|2|3|4|5|6|7|8,1test,20260926,20,3,3,0.14418371,4.7921776e-06,0.7195905,0.13622104
s09_1test_r3_t46,9,1test,3,46,1,90584,False,Q13-E005,Q9_SHARED_SOURCE_SESSION_E,loso_s9,all,1|2|3|4|5|6|7|8,1test,20260926,20,1,4,0.11307449,0.06425276,0.043243963,0.7794287
s09_1test_r3_t47,9,1test,3,47,2,92698,False,Q13-E005,Q9_SHARED_SOURCE_SESSION_E,loso_s9,all,1|2|3|4|5|6|7|8,1test,20260926,20,2,3,0.0019164868,0.009967349,0.97199327,0.01612286
s09_1test_r3_t48,9,1test,3,48,1,94757,False,Q13-E005,Q9_SHARED_SOURCE_SESSION_E,loso_s9,all,1|2|3|4|5|6|7|8,1test,20260926,20,1,2,0.012341241,0.642581,0.25545284,0.089624986
s09_1test_r4_t01,9,1test,4,1,2,250,False,Q13-E005,Q9_SHARED_SOURCE_SESSION_E,loso_s9,all,1|2|3|4|5|6|7|8,1test,20260926,20,2,2,3.6606594e-05,0.6329434,0.36170453,0.0053155245
s09_1test_r4_t02,9,1test,4,2,1,2253,False,Q13-E005,Q9_SHARED_SOURCE_SESSION_E,loso_s9,all,1|2|3|4|5|6|7|8,1test,20260926,20,1,2,0.1501287,0.60632426,0.073975205,0.16957188
s09_1test_r4_t03,9,1test,4,3,1,4171,False,Q13-E005,Q9_SHARED_SOURCE_SESSION_E,loso_s9,all,1|2|3|4|5|6|7|8,1test,20260926,20,1,1,0.77759385,0.20600566,0.0035177525,0.012882726
s09_1test_r4_t04,9,1test,4,4,3,6123,False,Q13-E005,Q9_SHARED_SOURCE_SESSION_E,loso_s9,all,1|2|3|4|5|6|7|8,1test,20260926,20,3,3,0.00049450545,2.9282237e-05,0.9916745,0.007801697
s09_1test_r4_t05,9,1test,4,5,3,8131,False,Q13-E005,Q9_SHARED_SOURCE_SESSION_E,loso_s9,all,1|2|3|4|5|6|7|8,1test,20260926,20,3,3,0.00010484815,1.844744e-06,0.9957307,0.0041626915
s09_1test_r4_t06,9,1test,4,6,2,10242,True,Q13-E005,Q9_SHARED_SOURCE_SESSION_E,loso_s9,all,1|2|3|4|5|6|7|8,1test,20260926,20,2,3,0.16159484,0.04086959,0.41358474,0.3839508
s09_1test_r4_t07,9,1test,4,7,3,12159,False,Q13-E005,Q9_SHARED_SOURCE_SESSION_E,loso_s9,all,1|2|3|4|5|6|7|8,1test,20260926,20,3,3,2.2328172e-06,5.062911e-05,0.9985007,0.0014463855
s09_1test_r4_t08,9,1test,4,8,4,14209,False,Q13-E005,Q9_SHARED_SOURCE_SESSION_E,loso_s9,all,1|2|3|4|5|6|7|8,1test,20260926,20,4,3,0.0011014646,5.7304866e-10,0.87942517,0.11947327
s09_1test_r4_t09,9,1test,4,9,1,16140,False,Q13-E005,Q9_SHARED_SOURCE_SESSION_E,loso_s9,all,1|2|3|4|5|6|7|8,1test,20260926,20,1,2,0.0069857338,0.96950746,0.0075973873,0.0159094
s09_1test_r4_t10,9,1test,4,10,4,18138,False,Q13-E005,Q9_SHARED_SOURCE_SESSION_E,loso_s9,all,1|2|3|4|5|6|7|8,1test,20260926,20,4,4,0.013722532,3.3092817e-07,0.38585314,0.600424
s09_1test_r4_t11,9,1test,4,11,1,20044,False,Q13-E005,Q9_SHARED_SOURCE_SESSION_E,loso_s9,all,1|2|3|4|5|6|7|8,1test,20260926,20,1,1,0.73929214,0.22201762,0.013818954,0.024871279
s09_1test_r4_t12,9,1test,4,12,1,21939,False,Q13-E005,Q9_SHARED_SOURCE_SESSION_E,loso_s9,all,1|2|3|4|5|6|7|8,1test,20260926,20,1,1,0.51633006,0.015251201,0.32139423,0.14702445
s09_1test_r4_t13,9,1test,4,13,2,23911,False,Q13-E005,Q9_SHARED_SOURCE_SESSION_E,loso_s9,all,1|2|3|4|5|6|7|8,1test,20260926,20,2,3,0.013003197,6.224759e-05,0.9356456,0.05128899
s09_1test_r4_t14,9,1test,4,14,4,25855,False,Q13-E005,Q9_SHARED_SOURCE_SESSION_E,loso_s9,all,1|2|3|4|5|6|7|8,1test,20260926,20,4,4,0.104990885,2.6207256e-06,0.21002583,0.6849807
s09_1test_r4_t15,9,1test,4,15,3,27822,False,Q13-E005,Q9_SHARED_SOURCE_SESSION_E,loso_s9,all,1|2|3|4|5|6|7|8,1test,20260926,20,3,3,0.00025342708,7.619203e-14,0.9040117,0.09573473
s09_1test_r4_t16,9,1test,4,16,2,29942,False,Q13-E005,Q9_SHARED_SOURCE_SESSION_E,loso_s9,all,1|2|3|4|5|6|7|8,1test,20260926,20,2,3,2.1756376e-08,1.10030584e-07,0.9985697,0.0014301777
s09_1test_r4_t17,9,1test,4,17,4,31950,False,Q13-E005,Q9_SHARED_SOURCE_SESSION_E,loso_s9,all,1|2|3|4|5|6|7|8,1test,20260926,20,4,3,0.00051049585,9.185783e-09,0.721661,0.27782857
s09_1test_r4_t18,9,1test,4,18,3,34016,False,Q13-E005,Q9_SHARED_SOURCE_SESSION_E,loso_s9,all,1|2|3|4|5|6|7|8,1test,20260926,20,3,3,1.2807356e-05,7.3983947e-10,0.9675207,0.032466426
s09_1test_r4_t19,9,1test,4,19,4,36052,False,Q13-E005,Q9_SHARED_SOURCE_SESSION_E,loso_s9,all,1|2|3|4|5|6|7|8,1test,20260926,20,4,4,0.0009908439,1.1864314e-11,0.1778707,0.8211385
s09_1test_r4_t20,9,1test,4,20,3,38118,False,Q13-E005,Q9_SHARED_SOURCE_SESSION_E,loso_s9,all,1|2|3|4|5|6|7|8,1test,20260926,20,3,3,0.23104526,6.4807324e-07,0.5164511,0.25250295
s09_1test_r4_t21,9,1test,4,21,4,40188,False,Q13-E005,Q9_SHARED_SOURCE_SESSION_E,loso_s9,all,1|2|3|4|5|6|7|8,1test,20260926,20,4,4,0.102620095,3.0483096e-09,0.0067713223,0.89060855
s09_1test_r4_t22,9,1test,4,22,2,42268,False,Q13-E005,Q9_SHARED_SOURCE_SESSION_E,loso_s9,all,1|2|3|4|5|6|7|8,1test,20260926,20,2,3,0.0008148028,8.835698e-05,0.9084895,0.09060728
s09_1test_r4_t23,9,1test,4,23,2,44180,False,Q13-E005,Q9_SHARED_SOURCE_SESSION_E,loso_s9,all,1|2|3|4|5|6|7|8,1test,20260926,20,2,3,0.0022753375,8.8506496e-08,0.75216264,0.24556196
s09_1test_r4_t24,9,1test,4,24,4,46211,True,Q13-E005,Q9_SHARED_SOURCE_SESSION_E,loso_s9,all,1|2|3|4|5|6|7|8,1test,20260926,20,4,4,0.00028440455,4.951909e-11,0.08155835,0.9181573
s09_1test_r4_t25,9,1test,4,25,1,48164,False,Q13-E005,Q9_SHARED_SOURCE_SESSION_E,loso_s9,all,1|2|3|4|5|6|7|8,1test,20260926,20,1,1,0.9000408,0.07754801,0.0035010923,0.018910091
s09_1test_r4_t26,9,1test,4,26,2,50125,False,Q13-E005,Q9_SHARED_SOURCE_SESSION_E,loso_s9,all,1|2|3|4|5|6|7|8,1test,20260926,20,2,3,1.0873789e-05,2.2103913e-10,0.97569907,0.024290048
s09_1test_r4_t27,9,1test,4,27,2,52229,False,Q13-E005,Q9_SHARED_SOURCE_SESSION_E,loso_s9,all,1|2|3|4|5|6|7|8,1test,20260926,20,2,3,0.00028099673,4.6536985e-05,0.79872715,0.20094533
s09_1test_r4_t28,9,1test,4,28,2,54233,False,Q13-E005,Q9_SHARED_SOURCE_SESSION_E,loso_s9,all,1|2|3|4|5|6|7|8,1test,20260926,20,2,3,0.0006710778,5.348806e-07,0.91316074,0.086167626
s09_1test_r4_t29,9,1test,4,29,3,56208,False,Q13-E005,Q9_SHARED_SOURCE_SESSION_E,loso_s9,all,1|2|3|4|5|6|7|8,1test,20260926,20,3,3,0.002957834,1.9219183e-07,0.9215572,0.07548475
s09_1test_r4_t30,9,1test,4,30,4,58234,False,Q13-E005,Q9_SHARED_SOURCE_SESSION_E,loso_s9,all,1|2|3|4|5|6|7|8,1test,20260926,20,4,4,0.0024275694,1.0326903e-08,0.36442018,0.63315225
s09_1test_r4_t31,9,1test,4,31,1,60305,False,Q13-E005,Q9_SHARED_SOURCE_SESSION_E,loso_s9,all,1|2|3|4|5|6|7|8,1test,20260926,20,1,4,0.25349236,0.20452383,0.23068248,0.31130126
s09_1test_r4_t32,9,1test,4,32,4,62412,False,Q13-E005,Q9_SHARED_SOURCE_SESSION_E,loso_s9,all,1|2|3|4|5|6|7|8,1test,20260926,20,4,3,3.591491e-05,3.7236055e-07,0.7678994,0.23206438
s09_1test_r4_t33,9,1test,4,33,1,64504,False,Q13-E005,Q9_SHARED_SOURCE_SESSION_E,loso_s9,all,1|2|3|4|5|6|7|8,1test,20260926,20,1,2,0.350685,0.610209,0.02671388,0.012392109
s09_1test_r4_t34,9,1test,4,34,3,66595,False,Q13-E005,Q9_SHARED_SOURCE_SESSION_E,loso_s9,all,1|2|3|4|5|6|7|8,1test,20260926,20,3,3,0.00061910675,1.416364e-10,0.68809426,0.31128657
s09_1test_r4_t35,9,1test,4,35,1,68638,True,Q13-E005,Q9_SHARED_SOURCE_SESSION_E,loso_s9,all,1|2|3|4|5|6|7|8,1test,20260926,20,1,2,0.2840648,0.68826884,0.013076955,0.014589337
s09_1test_r4_t36,9,1test,4,36,4,70702,False,Q13-E005,Q9_SHARED_SOURCE_SESSION_E,loso_s9,all,1|2|3|4|5|6|7|8,1test,20260926,20,4,3,0.00020177293,1.2194309e-13,0.8347507,0.16504745
s09_1test_r4_t37,9,1test,4,37,1,72722,True,Q13-E005,Q9_SHARED_SOURCE_SESSION_E,loso_s9,all,1|2|3|4|5|6|7|8,1test,20260926,20,1,2,0.43697354,0.5246817,0.020804083,0.01754069
s09_1test_r4_t38,9,1test,4,38,3,74694,False,Q13-E005,Q9_SHARED_SOURCE_SESSION_E,loso_s9,all,1|2|3|4|5|6|7|8,1test,20260926,20,3,3,0.00010062326,4.1353202e-11,0.9968267,0.0030725617
s09_1test_r4_t39,9,1test,4,39,1,76657,False,Q13-E005,Q9_SHARED_SOURCE_SESSION_E,loso_s9,all,1|2|3|4|5|6|7|8,1test,20260926,20,1,3,0.03240868,0.00035599628,0.8935555,0.07367982
s09_1test_r4_t40,9,1test,4,40,2,78582,True,Q13-E005,Q9_SHARED_SOURCE_SESSION_E,loso_s9,all,1|2|3|4|5|6|7|8,1test,20260926,20,2,3,0.0017744214,6.4785513e-06,0.8964884,0.101730645
s09_1test_r4_t41,9,1test,4,41,3,80663,False,Q13-E005,Q9_SHARED_SOURCE_SESSION_E,loso_s9,all,1|2|3|4|5|6|7|8,1test,20260926,20,3,3,2.8965155e-06,7.464058e-09,0.9888952,0.011101914
s09_1test_r4_t42,9,1test,4,42,3,82641,False,Q13-E005,Q9_SHARED_SOURCE_SESSION_E,loso_s9,all,1|2|3|4|5|6|7|8,1test,20260926,20,3,3,0.0031148219,0.00024139279,0.9724157,0.024228107
s09_1test_r4_t43,9,1test,4,43,4,84631,False,Q13-E005,Q9_SHARED_SOURCE_SESSION_E,loso_s9,all,1|2|3|4|5|6|7|8,1test,20260926,20,4,3,0.0011502671,3.0316207e-06,0.7860019,0.2128448
s09_1test_r4_t44,9,1test,4,44,1,86750,False,Q13-E005,Q9_SHARED_SOURCE_SESSION_E,loso_s9,all,1|2|3|4|5|6|7|8,1test,20260926,20,1,2,0.051433813,0.5894678,0.33187774,0.027220676
s09_1test_r4_t45,9,1test,4,45,2,88656,False,Q13-E005,Q9_SHARED_SOURCE_SESSION_E,loso_s9,all,1|2|3|4|5|6|7|8,1test,20260926,20,2,4,4.753023e-06,8.506072e-05,0.2594125,0.7404977
s09_1test_r4_t46,9,1test,4,46,4,90584,False,Q13-E005,Q9_SHARED_SOURCE_SESSION_E,loso_s9,all,1|2|3|4|5|6|7|8,1test,20260926,20,4,3,2.1440836e-05,9.590153e-13,0.81779474,0.18218377
s09_1test_r4_t47,9,1test,4,47,2,92698,False,Q13-E005,Q9_SHARED_SOURCE_SESSION_E,loso_s9,all,1|2|3|4|5|6|7|8,1test,20260926,20,2,3,1.2982529e-06,6.9855054e-07,0.8408598,0.15913819
s09_1test_r4_t48,9,1test,4,48,3,94757,False,Q13-E005,Q9_SHARED_SOURCE_SESSION_E,loso_s9,all,1|2|3|4|5|6|7|8,1test,20260926,20,3,3,4.1679386e-06,2.1680238e-08,0.99760073,0.0023950706
s09_1test_r5_t01,9,1test,5,1,3,250,False,Q13-E005,Q9_SHARED_SOURCE_SESSION_E,loso_s9,all,1|2|3|4|5|6|7|8,1test,20260926,20,3,2,0.0026676883,0.83290684,0.15707897,0.0073465295
s09_1test_r5_t02,9,1test,5,2,1,2253,False,Q13-E005,Q9_SHARED_SOURCE_SESSION_E,loso_s9,all,1|2|3|4|5|6|7|8,1test,20260926,20,1,2,0.25369248,0.49926758,0.1731118,0.07392812
s09_1test_r5_t03,9,1test,5,3,4,4171,False,Q13-E005,Q9_SHARED_SOURCE_SESSION_E,loso_s9,all,1|2|3|4|5|6|7|8,1test,20260926,20,4,3,3.8904824e-07,1.4885984e-07,0.6794908,0.3205087
s09_1test_r5_t04,9,1test,5,4,2,6123,False,Q13-E005,Q9_SHARED_SOURCE_SESSION_E,loso_s9,all,1|2|3|4|5|6|7|8,1test,20260926,20,2,3,0.03137735,1.880363e-08,0.70811087,0.2605117
s09_1test_r5_t05,9,1test,5,5,4,8131,False,Q13-E005,Q9_SHARED_SOURCE_SESSION_E,loso_s9,all,1|2|3|4|5|6|7|8,1test,20260926,20,4,3,1.1600645e-06,1.0930431e-11,0.77254933,0.22744946
s09_1test_r5_t06,9,1test,5,6,1,10242,False,Q13-E005,Q9_SHARED_SOURCE_SESSION_E,loso_s9,all,1|2|3|4|5|6|7|8,1test,20260926,20,1,2,0.1302645,0.84653234,0.0068336325,0.016369581
s09_1test_r5_t07,9,1test,5,7,1,12159,False,Q13-E005,Q9_SHARED_SOURCE_SESSION_E,loso_s9,all,1|2|3|4|5|6|7|8,1test,20260926,20,1,2,0.22451758,0.5381816,0.17872682,0.058573954
s09_1test_r5_t08,9,1test,5,8,3,14209,False,Q13-E005,Q9_SHARED_SOURCE_SESSION_E,loso_s9,all,1|2|3|4|5|6|7|8,1test,20260926,20,3,3,5.2669373e-05,0.0022033988,0.99456006,0.0031838804
s09_1test_r5_t09,9,1test,5,9,3,16140,False,Q13-E005,Q9_SHARED_SOURCE_SESSION_E,loso_s9,all,1|2|3|4|5|6|7|8,1test,20260926,20,3,4,3.5382993e-05,1.5438275e-06,0.30370972,0.69625336
s09_1test_r5_t10,9,1test,5,10,2,18138,False,Q13-E005,Q9_SHARED_SOURCE_SESSION_E,loso_s9,all,1|2|3|4|5|6|7|8,1test,20260926,20,2,4,0.0027901472,2.2858224e-07,0.08695145,0.9102582
s09_1test_r5_t11,9,1test,5,11,4,20044,False,Q13-E005,Q9_SHARED_SOURCE_SESSION_E,loso_s9,all,1|2|3|4|5|6|7|8,1test,20260926,20,4,4,0.002444923,4.698766e-08,0.096173555,0.90138155
s09_1test_r5_t12,9,1test,5,12,2,21939,False,Q13-E005,Q9_SHARED_SOURCE_SESSION_E,loso_s9,all,1|2|3|4|5|6|7|8,1test,20260926,20,2,3,0.0011407444,5.722025e-06,0.9288708,0.06998277
s09_1test_r5_t13,9,1test,5,13,2,23911,False,Q13-E005,Q9_SHARED_SOURCE_SESSION_E,loso_s9,all,1|2|3|4|5|6|7|8,1test,20260926,20,2,3,0.005384122,0.00043642428,0.88180655,0.11237287
s09_1test_r5_t14,9,1test,5,14,1,25855,False,Q13-E005,Q9_SHARED_SOURCE_SESSION_E,loso_s9,all,1|2|3|4|5|6|7|8,1test,20260926,20,1,2,0.28163803,0.7043387,0.0043488164,0.009674471
s09_1test_r5_t15,9,1test,5,15,2,27822,False,Q13-E005,Q9_SHARED_SOURCE_SESSION_E,loso_s9,all,1|2|3|4|5|6|7|8,1test,20260926,20,2,3,0.00016809761,0.0009458203,0.91837037,0.0805158
s09_1test_r5_t16,9,1test,5,16,4,29942,False,Q13-E005,Q9_SHARED_SOURCE_SESSION_E,loso_s9,all,1|2|3|4|5|6|7|8,1test,20260926,20,4,3,5.814871e-05,1.930109e-12,0.5641366,0.43580523
s09_1test_r5_t17,9,1test,5,17,4,31950,False,Q13-E005,Q9_SHARED_SOURCE_SESSION_E,loso_s9,all,1|2|3|4|5|6|7|8,1test,20260926,20,4,3,2.6013679e-05,1.0728355e-06,0.75012666,0.24984628
s09_1test_r5_t18,9,1test,5,18,2,34016,False,Q13-E005,Q9_SHARED_SOURCE_SESSION_E,loso_s9,all,1|2|3|4|5|6|7|8,1test,20260926,20,2,3,8.706239e-06,0.00010400382,0.97857636,0.02131095
s09_1test_r5_t19,9,1test,5,19,2,36052,False,Q13-E005,Q9_SHARED_SOURCE_SESSION_E,loso_s9,all,1|2|3|4|5|6|7|8,1test,20260926,20,2,3,2.7966482e-05,2.780382e-08,0.96035975,0.039612234
s09_1test_r5_t20,9,1test,5,20,2,38118,False,Q13-E005,Q9_SHARED_SOURCE_SESSION_E,loso_s9,all,1|2|3|4|5|6|7|8,1test,20260926,20,2,3,9.159632e-05,1.7202437e-10,0.95775324,0.04215521
s09_1test_r5_t21,9,1test,5,21,2,40188,False,Q13-E005,Q9_SHARED_SOURCE_SESSION_E,loso_s9,all,1|2|3|4|5|6|7|8,1test,20260926,20,2,3,0.0058605606,0.0017341297,0.9714571,0.02094821
s09_1test_r5_t22,9,1test,5,22,4,42268,False,Q13-E005,Q9_SHARED_SOURCE_SESSION_E,loso_s9,all,1|2|3|4|5|6|7|8,1test,20260926,20,4,4,2.3387707e-05,3.3971576e-11,0.21004193,0.7899347
s09_1test_r5_t23,9,1test,5,23,4,44180,False,Q13-E005,Q9_SHARED_SOURCE_SESSION_E,loso_s9,all,1|2|3|4|5|6|7|8,1test,20260926,20,4,3,0.00012055014,1.1847874e-08,0.99560404,0.0042753303
s09_1test_r5_t24,9,1test,5,24,3,46211,False,Q13-E005,Q9_SHARED_SOURCE_SESSION_E,loso_s9,all,1|2|3|4|5|6|7|8,1test,20260926,20,3,3,4.6054913e-05,7.374392e-05,0.88654137,0.113338776
s09_1test_r5_t25,9,1test,5,25,4,48164,False,Q13-E005,Q9_SHARED_SOURCE_SESSION_E,loso_s9,all,1|2|3|4|5|6|7|8,1test,20260926,20,4,3,1.4102542e-06,1.3703663e-09,0.92209935,0.07789921
s09_1test_r5_t26,9,1test,5,26,1,50125,False,Q13-E005,Q9_SHARED_SOURCE_SESSION_E,loso_s9,all,1|2|3|4|5|6|7|8,1test,20260926,20,1,1,0.43674958,0.056789443,0.11398608,0.3924749
s09_1test_r5_t27,9,1test,5,27,2,52229,False,Q13-E005,Q9_SHARED_SOURCE_SESSION_E,loso_s9,all,1|2|3|4|5|6|7|8,1test,20260926,20,2,3,3.2710095e-06,6.099054e-05,0.9790596,0.020876147
s09_1test_r5_t28,9,1test,5,28,3,54233,False,Q13-E005,Q9_SHARED_SOURCE_SESSION_E,loso_s9,all,1|2|3|4|5|6|7|8,1test,20260926,20,3,3,1.1005778e-05,4.5504986e-10,0.97019523,0.02979378
s09_1test_r5_t29,9,1test,5,29,2,56208,True,Q13-E005,Q9_SHARED_SOURCE_SESSION_E,loso_s9,all,1|2|3|4|5|6|7|8,1test,20260926,20,2,3,4.102997e-05,4.6008017e-06,0.97191745,0.02803692
s09_1test_r5_t30,9,1test,5,30,1,58234,False,Q13-E005,Q9_SHARED_SOURCE_SESSION_E,loso_s9,all,1|2|3|4|5|6|7|8,1test,20260926,20,1,2,0.37211028,0.47985104,0.070982344,0.07705637
s09_1test_r5_t31,9,1test,5,31,4,60305,True,Q13-E005,Q9_SHARED_SOURCE_SESSION_E,loso_s9,all,1|2|3|4|5|6|7|8,1test,20260926,20,4,3,4.0393985e-05,3.609351e-05,0.931263,0.068660446
s09_1test_r5_t32,9,1test,5,32,1,62412,False,Q13-E005,Q9_SHARED_SOURCE_SESSION_E,loso_s9,all,1|2|3|4|5|6|7|8,1test,20260926,20,1,2,0.40346387,0.56260645,0.022616573,0.011313094
s09_1test_r5_t33,9,1test,5,33,4,64504,False,Q13-E005,Q9_SHARED_SOURCE_SESSION_E,loso_s9,all,1|2|3|4|5|6|7|8,1test,20260926,20,4,3,7.2982434e-06,3.2543947e-11,0.69155115,0.3084415
s09_1test_r5_t34,9,1test,5,34,1,66595,True,Q13-E005,Q9_SHARED_SOURCE_SESSION_E,loso_s9,all,1|2|3|4|5|6|7|8,1test,20260926,20,1,2,0.30907953,0.6142686,0.060081035,0.016570779
s09_1test_r5_t35,9,1test,5,35,1,68638,True,Q13-E005,Q9_SHARED_SOURCE_SESSION_E,loso_s9,all,1|2|3|4|5|6|7|8,1test,20260926,20,1,3,0.001447905,0.116828896,0.88139176,0.00033154126
s09_1test_r5_t36,9,1test,5,36,1,70702,False,Q13-E005,Q9_SHARED_SOURCE_SESSION_E,loso_s9,all,1|2|3|4|5|6|7|8,1test,20260926,20,1,3,0.05517692,0.00023388078,0.8421459,0.10244324
s09_1test_r5_t37,9,1test,5,37,1,72722,False,Q13-E005,Q9_SHARED_SOURCE_SESSION_E,loso_s9,all,1|2|3|4|5|6|7|8,1test,20260926,20,1,3,0.12864034,0.0034384476,0.43902883,0.42889243
s09_1test_r5_t38,9,1test,5,38,3,74694,False,Q13-E005,Q9_SHARED_SOURCE_SESSION_E,loso_s9,all,1|2|3|4|5|6|7|8,1test,20260926,20,3,3,0.0026546398,1.0895585e-05,0.9007438,0.09659059
s09_1test_r5_t39,9,1test,5,39,3,76657,False,Q13-E005,Q9_SHARED_SOURCE_SESSION_E,loso_s9,all,1|2|3|4|5|6|7|8,1test,20260926,20,3,4,3.848323e-06,1.7476002e-07,0.40263662,0.5973594
s09_1test_r5_t40,9,1test,5,40,4,78582,False,Q13-E005,Q9_SHARED_SOURCE_SESSION_E,loso_s9,all,1|2|3|4|5|6|7|8,1test,20260926,20,4,3,0.0003564112,0.00015968576,0.84501284,0.15447105
s09_1test_r5_t41,9,1test,5,41,2,80663,False,Q13-E005,Q9_SHARED_SOURCE_SESSION_E,loso_s9,all,1|2|3|4|5|6|7|8,1test,20260926,20,2,3,0.0019914543,0.0010180407,0.90049326,0.096497215
s09_1test_r5_t42,9,1test,5,42,3,82641,False,Q13-E005,Q9_SHARED_SOURCE_SESSION_E,loso_s9,all,1|2|3|4|5|6|7|8,1test,20260926,20,3,3,1.1074598e-06,0.0130080385,0.97686315,0.010127695
s09_1test_r5_t43,9,1test,5,43,3,84631,False,Q13-E005,Q9_SHARED_SOURCE_SESSION_E,loso_s9,all,1|2|3|4|5|6|7|8,1test,20260926,20,3,4,7.946458e-05,9.805139e-05,0.49037436,0.5094481
s09_1test_r5_t44,9,1test,5,44,3,86750,False,Q13-E005,Q9_SHARED_SOURCE_SESSION_E,loso_s9,all,1|2|3|4|5|6|7|8,1test,20260926,20,3,3,0.0005207931,2.3463808e-05,0.5562023,0.4432534
s09_1test_r5_t45,9,1test,5,45,4,88656,True,Q13-E005,Q9_SHARED_SOURCE_SESSION_E,loso_s9,all,1|2|3|4|5|6|7|8,1test,20260926,20,4,4,0.0330685,1.1302067e-07,0.06809246,0.898839
s09_1test_r5_t46,9,1test,5,46,3,90584,False,Q13-E005,Q9_SHARED_SOURCE_SESSION_E,loso_s9,all,1|2|3|4|5|6|7|8,1test,20260926,20,3,3,0.004208181,4.9504083e-06,0.9295931,0.06619385
s09_1test_r5_t47,9,1test,5,47,1,92698,False,Q13-E005,Q9_SHARED_SOURCE_SESSION_E,loso_s9,all,1|2|3|4|5|6|7|8,1test,20260926,20,1,2,0.0010445769,0.6413405,0.35658717,0.0010277558
s09_1test_r5_t48,9,1test,5,48,3,94757,False,Q13-E005,Q9_SHARED_SOURCE_SESSION_E,loso_s9,all,1|2|3|4|5|6|7|8,1test,20260926,20,3,3,0.03821735,0.34951878,0.5773279,0.034935944
