[2026-09-23T07:37:30+00:00] Starting cloud setup and Q5 continuation.
Looking in indexes: https://pypi.tuna.tsinghua.edu.cn/simple
Requirement already satisfied: pip in ./.venv-cloud/lib/python3.12/site-packages (25.0.1)
Collecting pip
  Downloading https://pypi.tuna.tsinghua.edu.cn/packages/f3/6e/1736e5b4ae2b778ef2f81c47d797de9f891d4d8acb047a24ca37a60294dd/pip-26.2.1-py3-none-any.whl (1.8 MB)
     ━━━━━━━━━━━━━━━━━━━━━━━━━━━━━━━━━━━━━━━━ 1.8/1.8 MB 2.9 MB/s eta 0:00:00
Installing collected packages: pip
  Attempting uninstall: pip
    Found existing installation: pip 25.0.1
    Uninstalling pip-25.0.1:
      Successfully uninstalled pip-25.0.1
Successfully installed pip-26.2.1
Looking in indexes: https://download.pytorch.org/whl/cu132
Collecting torch==2.14.0
  Downloading torch-2.14.0%2Bcu132-cp312-cp312-manylinux_2_28_x86_64.whl.metadata (37 kB)
Collecting filelock (from torch==2.14.0)
  Downloading filelock-3.32.3-py3-none-any.whl.metadata (2.0 kB)
Collecting typing-extensions>=4.10.0 (from torch==2.14.0)
  Downloading typing_extensions-4.16.0-py3-none-any.whl.metadata (3.3 kB)
Collecting setuptools>=77.0.3 (from torch==2.14.0)
  Downloading setuptools-78.1.0-py3-none-any.whl.metadata (6.6 kB)
Collecting sympy>=1.13.3 (from torch==2.14.0)
  Downloading sympy-1.14.0-py3-none-any.whl.metadata (12 kB)
Collecting networkx>=2.5.1 (from torch==2.14.0)
  Downloading networkx-3.6.1-py3-none-any.whl.metadata (6.8 kB)
Collecting jinja2 (from torch==2.14.0)
  Downloading jinja2-3.1.6-py3-none-any.whl.metadata (2.9 kB)
Collecting fsspec>=0.8.5 (from torch==2.14.0)
  Downloading fsspec-2026.7.0-py3-none-any.whl.metadata (10 kB)
Collecting cuda-toolkit==13.2.1 (from cuda-toolkit[cublas,cudart,cufft,cufile,cupti,curand,cusolver,cusparse,nvjitlink,nvrtc,nvtx]==13.2.1; platform_system == "Linux"->torch==2.14.0)
  Downloading cuda_toolkit-13.2.1-py2.py3-none-any.whl (2.6 kB)
Collecting cuda-bindings<14,>=13.0.3 (from torch==2.14.0)
  Downloading cuda_bindings-13.3.1-cp312-cp312-manylinux_2_24_x86_64.manylinux_2_28_x86_64.whl.metadata (2.5 kB)
Collecting nvidia-cudnn-cu13==9.24.0.43 (from torch==2.14.0)
  Downloading nvidia_cudnn_cu13-9.24.0.43-py3-none-manylinux_2_27_x86_64.whl (553.1 MB)
     ━━━━━━━━━━━━━━╸                       217.6/553.1 MB 499.3 kB/s eta 0:11:12
  WARNING: Connection interrupted while downloading.
  WARNING: Attempting to resume incomplete download (217.6 MB/553.1 MB, attempt 1)
  Resuming download nvidia_cudnn_cu13-9.24.0.43-py3-none-manylinux_2_27_x86_64.whl (217.6 MB/553.1 MB)
     ━━━━━━━━━━━━━━━━━━━━━━━━━━━━━━━━━━━━━━━━ 553.1/553.1 MB 2.2 MB/s  0:02:41
Collecting nvidia-cusparselt-cu13==0.8.1 (from torch==2.14.0)
  Downloading nvidia_cusparselt_cu13-0.8.1-py3-none-manylinux2014_x86_64.whl (170.1 MB)
     ━━━━━━━━━━━━━━━━━━━━━━━━━━━━━━━━━━━━━━━━ 170.1/170.1 MB 1.4 MB/s  0:02:02
Collecting nvidia-nccl-cu13==2.30.7 (from torch==2.14.0)
  Downloading nvidia_nccl_cu13-2.30.7-py3-none-manylinux_2_18_x86_64.whl (216.0 MB)
     ━━━━━━━━━━━━━━━━━━━━━━━━━━━━━━━━━━━━━━━━ 216.0/216.0 MB 264.5 kB/s  0:05:50
Collecting nvidia-nvshmem-cu13==3.4.5 (from torch==2.14.0)
  Downloading nvidia_nvshmem_cu13-3.4.5-py3-none-manylinux2014_x86_64.manylinux_2_17_x86_64.whl (60.4 MB)
     ━━━━━━━━━━━━━━━━━━━━━━━━━━━━━━━━━━━━━━━━ 60.4/60.4 MB 946.2 kB/s  0:01:25
Collecting triton~=3.8.0 (from torch==2.14.0)
  Downloading triton-3.8.0-cp312-cp312-manylinux_2_27_x86_64.manylinux_2_28_x86_64.whl.metadata (978 bytes)
Collecting nvidia-cublas==13.4.0.1.* (from cuda-toolkit[cublas,cudart,cufft,cufile,cupti,curand,cusolver,cusparse,nvjitlink,nvrtc,nvtx]==13.2.1; platform_system == "Linux"->torch==2.14.0)
  Downloading nvidia_cublas-13.4.0.1-py3-none-manylinux_2_27_x86_64.whl (404.9 MB)
[2026-09-23T07:54:12+00:00] Starting cloud setup and Q5 continuation.
Looking in indexes: https://pypi.tuna.tsinghua.edu.cn/simple
Requirement already satisfied: pip in ./.venv-cloud/lib/python3.12/site-packages (26.2.1)
Looking in indexes: https://download.pytorch.org/whl/cu132
Collecting torch==2.14.0
  Using cached torch-2.14.0%2Bcu132-cp312-cp312-manylinux_2_28_x86_64.whl.metadata (37 kB)
Collecting filelock (from torch==2.14.0)
  Using cached filelock-3.32.3-py3-none-any.whl.metadata (2.0 kB)
Collecting typing-extensions>=4.10.0 (from torch==2.14.0)
  Using cached typing_extensions-4.16.0-py3-none-any.whl.metadata (3.3 kB)
Collecting setuptools>=77.0.3 (from torch==2.14.0)
  Using cached setuptools-78.1.0-py3-none-any.whl.metadata (6.6 kB)
Collecting sympy>=1.13.3 (from torch==2.14.0)
  Using cached sympy-1.14.0-py3-none-any.whl.metadata (12 kB)
Collecting networkx>=2.5.1 (from torch==2.14.0)
  Using cached networkx-3.6.1-py3-none-any.whl.metadata (6.8 kB)
Collecting jinja2 (from torch==2.14.0)
  Using cached jinja2-3.1.6-py3-none-any.whl.metadata (2.9 kB)
Collecting fsspec>=0.8.5 (from torch==2.14.0)
  Using cached fsspec-2026.7.0-py3-none-any.whl.metadata (10 kB)
Collecting cuda-toolkit==13.2.1 (from cuda-toolkit[cublas,cudart,cufft,cufile,cupti,curand,cusolver,cusparse,nvjitlink,nvrtc,nvtx]==13.2.1; platform_system == "Linux"->torch==2.14.0)
  Downloading cuda_toolkit-13.2.1-py2.py3-none-any.whl (2.6 kB)
Collecting cuda-bindings<14,>=13.0.3 (from torch==2.14.0)
  Using cached cuda_bindings-13.3.1-cp312-cp312-manylinux_2_24_x86_64.manylinux_2_28_x86_64.whl.metadata (2.5 kB)
Collecting nvidia-cudnn-cu13==9.24.0.43 (from torch==2.14.0)
  Using cached nvidia_cudnn_cu13-9.24.0.43-py3-none-manylinux_2_27_x86_64.whl (553.1 MB)
Collecting nvidia-cusparselt-cu13==0.8.1 (from torch==2.14.0)
  Downloading nvidia_cusparselt_cu13-0.8.1-py3-none-manylinux2014_x86_64.whl (170.1 MB)
     ━━━━━━━━━                                40.4/170.1 MB 965.4 kB/s eta 0:02:15
  WARNING: Connection interrupted while downloading.
  WARNING: Attempting to resume incomplete download (40.4 MB/170.1 MB, attempt 1)
  Resuming download nvidia_cusparselt_cu13-0.8.1-py3-none-manylinux2014_x86_64.whl (40.4 MB/170.1 MB)
[2026-09-23T08:00:04+00:00] Starting cloud setup and Q5 continuation.
Looking in indexes: https://pypi.tuna.tsinghua.edu.cn/simple
Requirement already satisfied: pip in ./.venv-cloud/lib/python3.12/site-packages (26.2.1)
Looking in indexes: https://download.pytorch.org/whl/cu132
Collecting torch==2.14.0
  Using cached torch-2.14.0%2Bcu132-cp312-cp312-manylinux_2_28_x86_64.whl.metadata (37 kB)
Collecting filelock (from torch==2.14.0)
  Using cached filelock-3.32.3-py3-none-any.whl.metadata (2.0 kB)
Collecting typing-extensions>=4.10.0 (from torch==2.14.0)
  Using cached typing_extensions-4.16.0-py3-none-any.whl.metadata (3.3 kB)
Collecting setuptools>=77.0.3 (from torch==2.14.0)
  Using cached setuptools-78.1.0-py3-none-any.whl.metadata (6.6 kB)
Collecting sympy>=1.13.3 (from torch==2.14.0)
  Using cached sympy-1.14.0-py3-none-any.whl.metadata (12 kB)
Collecting networkx>=2.5.1 (from torch==2.14.0)
  Using cached networkx-3.6.1-py3-none-any.whl.metadata (6.8 kB)
Collecting jinja2 (from torch==2.14.0)
  Using cached jinja2-3.1.6-py3-none-any.whl.metadata (2.9 kB)
Collecting fsspec>=0.8.5 (from torch==2.14.0)
  Using cached fsspec-2026.7.0-py3-none-any.whl.metadata (10 kB)
Collecting cuda-toolkit==13.2.1 (from cuda-toolkit[cublas,cudart,cufft,cufile,cupti,curand,cusolver,cusparse,nvjitlink,nvrtc,nvtx]==13.2.1; platform_system == "Linux"->torch==2.14.0)
  Downloading cuda_toolkit-13.2.1-py2.py3-none-any.whl (2.6 kB)
Collecting cuda-bindings<14,>=13.0.3 (from torch==2.14.0)
  Using cached cuda_bindings-13.3.1-cp312-cp312-manylinux_2_24_x86_64.manylinux_2_28_x86_64.whl.metadata (2.5 kB)
Collecting nvidia-cudnn-cu13==9.24.0.43 (from torch==2.14.0)
  Using cached nvidia_cudnn_cu13-9.24.0.43-py3-none-manylinux_2_27_x86_64.whl (553.1 MB)
Collecting nvidia-cusparselt-cu13==0.8.1 (from torch==2.14.0)
  Downloading nvidia_cusparselt_cu13-0.8.1-py3-none-manylinux2014_x86_64.whl (170.1 MB)
     ━━━━━━━━━╸                               96.7/404.9 MB ? eta -:--:--
  WARNING: Connection interrupted while downloading.
  WARNING: Attempting to resume incomplete download (96.7 MB/404.9 MB, attempt 1)
  Resuming download nvidia_cublas-13.4.0.1-py3-none-manylinux_2_27_x86_64.whl (96.7 MB/404.9 MB)
[2026-09-23T08:06:46+00:00] Starting cloud setup and Q5 continuation.
Looking in indexes: https://pypi.tuna.tsinghua.edu.cn/simple
Requirement already satisfied: pip in ./.venv-cloud/lib/python3.12/site-packages (26.2.1)
Looking in indexes: https://download.pytorch.org/whl/cu132
Collecting torch==2.14.0
  Using cached torch-2.14.0%2Bcu132-cp312-cp312-manylinux_2_28_x86_64.whl.metadata (37 kB)
Collecting filelock (from torch==2.14.0)
  Using cached filelock-3.32.3-py3-none-any.whl.metadata (2.0 kB)
Collecting typing-extensions>=4.10.0 (from torch==2.14.0)
  Using cached typing_extensions-4.16.0-py3-none-any.whl.metadata (3.3 kB)
Collecting setuptools>=77.0.3 (from torch==2.14.0)
  Using cached setuptools-78.1.0-py3-none-any.whl.metadata (6.6 kB)
Collecting sympy>=1.13.3 (from torch==2.14.0)
  Using cached sympy-1.14.0-py3-none-any.whl.metadata (12 kB)
Collecting networkx>=2.5.1 (from torch==2.14.0)
  Using cached networkx-3.6.1-py3-none-any.whl.metadata (6.8 kB)
Collecting jinja2 (from torch==2.14.0)
  Using cached jinja2-3.1.6-py3-none-any.whl.metadata (2.9 kB)
Collecting fsspec>=0.8.5 (from torch==2.14.0)
  Using cached fsspec-2026.7.0-py3-none-any.whl.metadata (10 kB)
Collecting cuda-toolkit==13.2.1 (from cuda-toolkit[cublas,cudart,cufft,cufile,cupti,curand,cusolver,cusparse,nvjitlink,nvrtc,nvtx]==13.2.1; platform_system == "Linux"->torch==2.14.0)
  Downloading cuda_toolkit-13.2.1-py2.py3-none-any.whl (2.6 kB)
Collecting cuda-bindings<14,>=13.0.3 (from torch==2.14.0)
  Using cached cuda_bindings-13.3.1-cp312-cp312-manylinux_2_24_x86_64.manylinux_2_28_x86_64.whl.metadata (2.5 kB)
Collecting nvidia-cudnn-cu13==9.24.0.43 (from torch==2.14.0)
  Using cached nvidia_cudnn_cu13-9.24.0.43-py3-none-manylinux_2_27_x86_64.whl (553.1 MB)
Requirement already satisfied: nvidia-cusparselt-cu13==0.8.1 in ./.venv-cloud/lib/python3.12/site-packages (from torch==2.14.0) (0.8.1)
Collecting nvidia-nccl-cu13==2.30.7 (from torch==2.14.0)
  Downloading nvidia_nccl_cu13-2.30.7-py3-none-manylinux_2_18_x86_64.whl (216.0 MB)
[2026-09-23T08:09:46+00:00] Starting cloud setup and Q5 continuation.
Looking in indexes: https://pypi.tuna.tsinghua.edu.cn/simple
Requirement already satisfied: pip in ./.venv-cloud/lib/python3.12/site-packages (26.2.1)
Looking in indexes: https://download.pytorch.org/whl/cu132
Collecting torch==2.14.0
  Using cached torch-2.14.0%2Bcu132-cp312-cp312-manylinux_2_28_x86_64.whl.metadata (37 kB)
Collecting filelock (from torch==2.14.0)
  Using cached filelock-3.32.3-py3-none-any.whl.metadata (2.0 kB)
Collecting typing-extensions>=4.10.0 (from torch==2.14.0)
  Using cached typing_extensions-4.16.0-py3-none-any.whl.metadata (3.3 kB)
Collecting setuptools>=77.0.3 (from torch==2.14.0)
  Using cached setuptools-78.1.0-py3-none-any.whl.metadata (6.6 kB)
Collecting sympy>=1.13.3 (from torch==2.14.0)
  Using cached sympy-1.14.0-py3-none-any.whl.metadata (12 kB)
Collecting networkx>=2.5.1 (from torch==2.14.0)
  Using cached networkx-3.6.1-py3-none-any.whl.metadata (6.8 kB)
Collecting jinja2 (from torch==2.14.0)
  Using cached jinja2-3.1.6-py3-none-any.whl.metadata (2.9 kB)
Collecting fsspec>=0.8.5 (from torch==2.14.0)
  Using cached fsspec-2026.7.0-py3-none-any.whl.metadata (10 kB)
Collecting cuda-toolkit==13.2.1 (from cuda-toolkit[cublas,cudart,cufft,cufile,cupti,curand,cusolver,cusparse,nvjitlink,nvrtc,nvtx]==13.2.1; platform_system == "Linux"->torch==2.14.0)
  Downloading cuda_toolkit-13.2.1-py2.py3-none-any.whl (2.6 kB)
Collecting cuda-bindings<14,>=13.0.3 (from torch==2.14.0)
  Using cached cuda_bindings-13.3.1-cp312-cp312-manylinux_2_24_x86_64.manylinux_2_28_x86_64.whl.metadata (2.5 kB)
Collecting nvidia-cudnn-cu13==9.24.0.43 (from torch==2.14.0)
  Using cached nvidia_cudnn_cu13-9.24.0.43-py3-none-manylinux_2_27_x86_64.whl (553.1 MB)
Requirement already satisfied: nvidia-cusparselt-cu13==0.8.1 in ./.venv-cloud/lib/python3.12/site-packages (from torch==2.14.0) (0.8.1)
Requirement already satisfied: nvidia-nccl-cu13==2.30.7 in ./.venv-cloud/lib/python3.12/site-packages (from torch==2.14.0) (2.30.7)
Collecting nvidia-nvshmem-cu13==3.4.5 (from torch==2.14.0)
  Downloading nvidia_nvshmem_cu13-3.4.5-py3-none-manylinux2014_x86_64.manylinux_2_17_x86_64.whl (60.4 MB)
     ━━━━━━━━━━━━━━━━━━━━━━━━━━━━━━━━      354.4/404.9 MB 781.9 kB/s eta 0:01:05
  WARNING: Connection interrupted while downloading.
  WARNING: Attempting to resume incomplete download (354.4 MB/404.9 MB, attempt 2)
  Resuming download nvidia_cublas-13.4.0.1-py3-none-manylinux_2_27_x86_64.whl (354.4 MB/404.9 MB)
     ━━━━━━━━━━━━━━━━━━━━━━━━━━━━━━━━━━━━━━━━ 60.4/60.4 MB 391.1 kB/s  0:02:47
Collecting triton~=3.8.0 (from torch==2.14.0)
  Using cached triton-3.8.0-cp312-cp312-manylinux_2_27_x86_64.manylinux_2_28_x86_64.whl.metadata (978 bytes)
Collecting nvidia-cublas==13.4.0.1.* (from cuda-toolkit[cublas,cudart,cufft,cufile,cupti,curand,cusolver,cusparse,nvjitlink,nvrtc,nvtx]==13.2.1; platform_system == "Linux"->torch==2.14.0)
  Downloading nvidia_cublas-13.4.0.1-py3-none-manylinux_2_27_x86_64.whl (404.9 MB)
     ━━━━━━━━━━━━━━━━━━━━━━━━━━━━━━━━━━━━━━━━ 404.9/404.9 MB 200.0 kB/s  0:02:26
Collecting nvidia-cuda-nvrtc==13.2.78.* (from cuda-toolkit[cublas,cudart,cufft,cufile,cupti,curand,cusolver,cusparse,nvjitlink,nvrtc,nvtx]==13.2.1; platform_system == "Linux"->torch==2.14.0)
  Downloading nvidia_cuda_nvrtc-13.2.78-py3-none-manylinux2010_x86_64.manylinux_2_12_x86_64.whl (47.0 MB)
     ━━━━━╸                                   6.8/47.0 MB 417.8 kB/s eta 0:01:37
  WARNING: Connection interrupted while downloading.
  WARNING: Attempting to resume incomplete download (6.8 MB/47.0 MB, attempt 1)
  Resuming download nvidia_cuda_nvrtc-13.2.78-py3-none-manylinux2010_x86_64.manylinux_2_12_x86_64.whl (6.8 MB/47.0 MB)
     ━━━                                      35.4/404.9 MB 72.9 kB/s eta 1:24:27
  WARNING: Connection interrupted while downloading.
  WARNING: Attempting to resume incomplete download (35.4 MB/404.9 MB, attempt 1)
  Resuming download nvidia_cublas-13.4.0.1-py3-none-manylinux_2_27_x86_64.whl (35.4 MB/404.9 MB)
     ━━━━━━━━━━━━━━━━━━━━━━━━━━━━━━━━━━━━━━━━ 47.0/47.0 MB 538.6 kB/s  0:03:19
Collecting nvidia-cuda-runtime==13.2.75.* (from cuda-toolkit[cublas,cudart,cufft,cufile,cupti,curand,cusolver,cusparse,nvjitlink,nvrtc,nvtx]==13.2.1; platform_system == "Linux"->torch==2.14.0)
  Downloading nvidia_cuda_runtime-13.2.75-py3-none-manylinux2014_x86_64.manylinux_2_17_x86_64.whl (2.3 MB)
     ━━━━━━━━━━━━━━━━━━━━━━━━━━━━━━━━━━━━━━━━ 2.3/2.3 MB 746.3 kB/s  0:00:03
Collecting nvidia-cufft==12.2.0.46.* (from cuda-toolkit[cublas,cudart,cufft,cufile,cupti,curand,cusolver,cusparse,nvjitlink,nvrtc,nvtx]==13.2.1; platform_system == "Linux"->torch==2.14.0)
  Downloading nvidia_cufft-12.2.0.46-py3-none-manylinux2014_x86_64.manylinux_2_17_x86_64.whl (218.3 MB)
     ╸                                       4.7/218.3 MB 313.4 kB/s eta 0:11:22
  WARNING: Connection interrupted while downloading.
  WARNING: Attempting to resume incomplete download (4.7 MB/218.3 MB, attempt 1)
  Resuming download nvidia_cufft-12.2.0.46-py3-none-manylinux2014_x86_64.manylinux_2_17_x86_64.whl (4.7 MB/218.3 MB)
     ━━━━╸                                  26.5/218.3 MB 440.3 kB/s eta 0:07:16
  WARNING: Connection interrupted while downloading.
  WARNING: Attempting to resume incomplete download (26.5 MB/218.3 MB, attempt 2)
  Resuming download nvidia_cufft-12.2.0.46-py3-none-manylinux2014_x86_64.manylinux_2_17_x86_64.whl (26.5 MB/218.3 MB)
     ━━━━━━━━━━━━━━━━━━━━━━━━━━━━━━━━━━━━━━━━ 404.9/404.9 MB 1.2 MB/s  0:10:19
Collecting nvidia-cuda-nvrtc==13.2.78.* (from cuda-toolkit[cublas,cudart,cufft,cufile,cupti,curand,cusolver,cusparse,nvjitlink,nvrtc,nvtx]==13.2.1; platform_system == "Linux"->torch==2.14.0)
  Using cached nvidia_cuda_nvrtc-13.2.78-py3-none-manylinux2010_x86_64.manylinux_2_12_x86_64.whl (47.0 MB)
Collecting nvidia-cuda-runtime==13.2.75.* (from cuda-toolkit[cublas,cudart,cufft,cufile,cupti,curand,cusolver,cusparse,nvjitlink,nvrtc,nvtx]==13.2.1; platform_system == "Linux"->torch==2.14.0)
  Downloading nvidia_cuda_runtime-13.2.75-py3-none-manylinux2014_x86_64.manylinux_2_17_x86_64.whl (2.3 MB)
     ━━━━━━━━━━━━━━━━━━━━━━━━━━━━━━━━━━━━━━━━ 2.3/2.3 MB 2.1 MB/s  0:00:01
Collecting nvidia-cufft==12.2.0.46.* (from cuda-toolkit[cublas,cudart,cufft,cufile,cupti,curand,cusolver,cusparse,nvjitlink,nvrtc,nvtx]==13.2.1; platform_system == "Linux"->torch==2.14.0)
  Downloading nvidia_cufft-12.2.0.46-py3-none-manylinux2014_x86_64.manylinux_2_17_x86_64.whl (218.3 MB)
     ━━━━━━━━━━━━━━━━━━━━━━━━━━━━━━━━━━━━━━━━ 218.3/218.3 MB 1.2 MB/s  0:06:47
Collecting nvidia-nvjitlink<14,>=13.2.78 (from cuda-toolkit[cublas,cudart,cufft,cufile,cupti,curand,cusolver,cusparse,nvjitlink,nvrtc,nvtx]==13.2.1; platform_system == "Linux"->torch==2.14.0)
  Downloading nvidia_nvjitlink-13.3.33-py3-none-manylinux2010_x86_64.manylinux_2_12_x86_64.whl (40.7 MB)
     ━━━━━━━━━━━━━━━━━━━━━━━━━━━━━━━━━━━━━━━━ 40.7/40.7 MB 757.9 kB/s  0:00:43
Collecting nvidia-cufile==1.17.1.22.* (from cuda-toolkit[cublas,cudart,cufft,cufile,cupti,curand,cusolver,cusparse,nvjitlink,nvrtc,nvtx]==13.2.1; platform_system == "Linux"->torch==2.14.0)
  Downloading nvidia_cufile-1.17.1.22-py3-none-manylinux_2_27_x86_64.whl (1.4 MB)
     ━━━━━━━━━━━━━━━━━━━━━━━━━━━━━━━━━━━━━━━━ 1.4/1.4 MB 457.1 kB/s  0:00:03
Collecting nvidia-cuda-cupti==13.2.75.* (from cuda-toolkit[cublas,cudart,cufft,cufile,cupti,curand,cusolver,cusparse,nvjitlink,nvrtc,nvtx]==13.2.1; platform_system == "Linux"->torch==2.14.0)
  Downloading nvidia_cuda_cupti-13.2.75-py3-none-manylinux_2_25_x86_64.whl (12.0 MB)
     ━━━━━━━━━━━━━━━━━━━━━━━━━━━━━━━━━━━━━━━━ 12.0/12.0 MB 774.4 kB/s  0:00:15
Collecting nvidia-curand==10.4.2.55.* (from cuda-toolkit[cublas,cudart,cufft,cufile,cupti,curand,cusolver,cusparse,nvjitlink,nvrtc,nvtx]==13.2.1; platform_system == "Linux"->torch==2.14.0)
  Downloading nvidia_curand-10.4.2.55-py3-none-manylinux_2_27_x86_64.whl (59.9 MB)
     ━━━━━━━━━━━━━━━━━━━━━━━━━━━━━━━━━━━━━━━━ 218.3/218.3 MB 2.4 MB/s  0:02:08
Collecting nvidia-nvjitlink<14,>=13.2.78 (from cuda-toolkit[cublas,cudart,cufft,cufile,cupti,curand,cusolver,cusparse,nvjitlink,nvrtc,nvtx]==13.2.1; platform_system == "Linux"->torch==2.14.0)
  Downloading nvidia_nvjitlink-13.3.33-py3-none-manylinux2010_x86_64.manylinux_2_12_x86_64.whl (40.7 MB)
     ━━━━━━━━━━━━━━━━━━━━━━━━━━━━━━━━━━━━━━━━ 59.9/59.9 MB 1.0 MB/s  0:01:00
Collecting nvidia-cusolver==12.2.0.1.* (from cuda-toolkit[cublas,cudart,cufft,cufile,cupti,curand,cusolver,cusparse,nvjitlink,nvrtc,nvtx]==13.2.1; platform_system == "Linux"->torch==2.14.0)
  Downloading nvidia_cusolver-12.2.0.1-py3-none-manylinux_2_27_x86_64.whl (227.4 MB)
     ━━━━━━━━━━━━━━━━━━━━━━━━━━━━━━━━━━━━━━━━ 40.7/40.7 MB 2.5 MB/s  0:00:16
Collecting nvidia-cufile==1.17.1.22.* (from cuda-toolkit[cublas,cudart,cufft,cufile,cupti,curand,cusolver,cusparse,nvjitlink,nvrtc,nvtx]==13.2.1; platform_system == "Linux"->torch==2.14.0)
  Downloading nvidia_cufile-1.17.1.22-py3-none-manylinux_2_27_x86_64.whl (1.4 MB)
     ━━━━━━━━━━━━━━━━━━━━━━━━━━━━━━━━━━━━━━━━ 1.4/1.4 MB 917.6 kB/s  0:00:01
Collecting nvidia-cuda-cupti==13.2.75.* (from cuda-toolkit[cublas,cudart,cufft,cufile,cupti,curand,cusolver,cusparse,nvjitlink,nvrtc,nvtx]==13.2.1; platform_system == "Linux"->torch==2.14.0)
  Downloading nvidia_cuda_cupti-13.2.75-py3-none-manylinux_2_25_x86_64.whl (12.0 MB)
     ━━━━━━━━━━━━━━━━━━━━━━━━━━━━━━━━━━━━━━━━ 12.0/12.0 MB 1.9 MB/s  0:00:06
Collecting nvidia-curand==10.4.2.55.* (from cuda-toolkit[cublas,cudart,cufft,cufile,cupti,curand,cusolver,cusparse,nvjitlink,nvrtc,nvtx]==13.2.1; platform_system == "Linux"->torch==2.14.0)
  Downloading nvidia_curand-10.4.2.55-py3-none-manylinux_2_27_x86_64.whl (59.9 MB)
     ━━━━━━━━━━━━━━━━━━━━━━━━━━━━━━━━━━━━━━━━ 59.9/59.9 MB 2.4 MB/s  0:00:24
Collecting nvidia-cusolver==12.2.0.1.* (from cuda-toolkit[cublas,cudart,cufft,cufile,cupti,curand,cusolver,cusparse,nvjitlink,nvrtc,nvtx]==13.2.1; platform_system == "Linux"->torch==2.14.0)
  Downloading nvidia_cusolver-12.2.0.1-py3-none-manylinux_2_27_x86_64.whl (227.4 MB)
[2026-09-23T08:30:50+00:00] Starting cloud setup and Q5 continuation.
Looking in indexes: https://pypi.tuna.tsinghua.edu.cn/simple
Requirement already satisfied: pip in ./.venv-cloud/lib/python3.12/site-packages (26.2.1)
Looking in indexes: https://download.pytorch.org/whl/cu132
Requirement already satisfied: torch==2.14.0 in ./.venv-cloud/lib/python3.12/site-packages (2.14.0+cu132)
Collecting filelock (from torch==2.14.0)
  Using cached filelock-3.32.3-py3-none-any.whl.metadata (2.0 kB)
Collecting typing-extensions>=4.10.0 (from torch==2.14.0)
  Using cached typing_extensions-4.16.0-py3-none-any.whl.metadata (3.3 kB)
Collecting setuptools>=77.0.3 (from torch==2.14.0)
  Using cached setuptools-78.1.0-py3-none-any.whl.metadata (6.6 kB)
Collecting sympy>=1.13.3 (from torch==2.14.0)
  Using cached sympy-1.14.0-py3-none-any.whl.metadata (12 kB)
Collecting networkx>=2.5.1 (from torch==2.14.0)
  Using cached networkx-3.6.1-py3-none-any.whl.metadata (6.8 kB)
Collecting jinja2 (from torch==2.14.0)
  Using cached jinja2-3.1.6-py3-none-any.whl.metadata (2.9 kB)
Collecting fsspec>=0.8.5 (from torch==2.14.0)
  Using cached fsspec-2026.7.0-py3-none-any.whl.metadata (10 kB)
Requirement already satisfied: cuda-toolkit==13.2.1 in ./.venv-cloud/lib/python3.12/site-packages (from cuda-toolkit[cublas,cudart,cufft,cufile,cupti,curand,cusolver,cusparse,nvjitlink,nvrtc,nvtx]==13.2.1; platform_system == "Linux"->torch==2.14.0) (13.2.1)
Requirement already satisfied: cuda-bindings<14,>=13.0.3 in ./.venv-cloud/lib/python3.12/site-packages (from torch==2.14.0) (13.4.2)
Requirement already satisfied: nvidia-cudnn-cu13==9.24.0.43 in ./.venv-cloud/lib/python3.12/site-packages (from torch==2.14.0) (9.24.0.43)
Requirement already satisfied: nvidia-cusparselt-cu13==0.8.1 in ./.venv-cloud/lib/python3.12/site-packages (from torch==2.14.0) (0.8.1)
Requirement already satisfied: nvidia-nccl-cu13==2.30.7 in ./.venv-cloud/lib/python3.12/site-packages (from torch==2.14.0) (2.30.7)
Requirement already satisfied: nvidia-nvshmem-cu13==3.4.5 in ./.venv-cloud/lib/python3.12/site-packages (from torch==2.14.0) (3.4.5)
Collecting triton~=3.8.0 (from torch==2.14.0)
  Using cached triton-3.8.0-cp312-cp312-manylinux_2_27_x86_64.manylinux_2_28_x86_64.whl.metadata (978 bytes)
Requirement already satisfied: nvidia-cublas==13.4.0.1.* in ./.venv-cloud/lib/python3.12/site-packages (from cuda-toolkit[cublas,cudart,cufft,cufile,cupti,curand,cusolver,cusparse,nvjitlink,nvrtc,nvtx]==13.2.1; platform_system == "Linux"->torch==2.14.0) (13.4.0.1)
Requirement already satisfied: nvidia-cuda-nvrtc==13.2.78.* in ./.venv-cloud/lib/python3.12/site-packages (from cuda-toolkit[cublas,cudart,cufft,cufile,cupti,curand,cusolver,cusparse,nvjitlink,nvrtc,nvtx]==13.2.1; platform_system == "Linux"->torch==2.14.0) (13.2.78)
Requirement already satisfied: nvidia-cuda-runtime==13.2.75.* in ./.venv-cloud/lib/python3.12/site-packages (from cuda-toolkit[cublas,cudart,cufft,cufile,cupti,curand,cusolver,cusparse,nvjitlink,nvrtc,nvtx]==13.2.1; platform_system == "Linux"->torch==2.14.0) (13.2.75)
Requirement already satisfied: nvidia-cufft==12.2.0.46.* in ./.venv-cloud/lib/python3.12/site-packages (from cuda-toolkit[cublas,cudart,cufft,cufile,cupti,curand,cusolver,cusparse,nvjitlink,nvrtc,nvtx]==13.2.1; platform_system == "Linux"->torch==2.14.0) (12.2.0.46)
Requirement already satisfied: nvidia-nvjitlink<14,>=13.2.78 in ./.venv-cloud/lib/python3.12/site-packages (from cuda-toolkit[cublas,cudart,cufft,cufile,cupti,curand,cusolver,cusparse,nvjitlink,nvrtc,nvtx]==13.2.1; platform_system == "Linux"->torch==2.14.0) (13.4.92)
Requirement already satisfied: nvidia-cufile==1.17.1.22.* in ./.venv-cloud/lib/python3.12/site-packages (from cuda-toolkit[cublas,cudart,cufft,cufile,cupti,curand,cusolver,cusparse,nvjitlink,nvrtc,nvtx]==13.2.1; platform_system == "Linux"->torch==2.14.0) (1.17.1.22)
Requirement already satisfied: nvidia-cuda-cupti==13.2.75.* in ./.venv-cloud/lib/python3.12/site-packages (from cuda-toolkit[cublas,cudart,cufft,cufile,cupti,curand,cusolver,cusparse,nvjitlink,nvrtc,nvtx]==13.2.1; platform_system == "Linux"->torch==2.14.0) (13.2.75)
Requirement already satisfied: nvidia-curand==10.4.2.55.* in ./.venv-cloud/lib/python3.12/site-packages (from cuda-toolkit[cublas,cudart,cufft,cufile,cupti,curand,cusolver,cusparse,nvjitlink,nvrtc,nvtx]==13.2.1; platform_system == "Linux"->torch==2.14.0) (10.4.2.55)
Requirement already satisfied: nvidia-cusolver==12.2.0.1.* in ./.venv-cloud/lib/python3.12/site-packages (from cuda-toolkit[cublas,cudart,cufft,cufile,cupti,curand,cusolver,cusparse,nvjitlink,nvrtc,nvtx]==13.2.1; platform_system == "Linux"->torch==2.14.0) (12.2.0.1)
Requirement already satisfied: nvidia-cusparse==12.7.10.1.* in ./.venv-cloud/lib/python3.12/site-packages (from cuda-toolkit[cublas,cudart,cufft,cufile,cupti,curand,cusolver,cusparse,nvjitlink,nvrtc,nvtx]==13.2.1; platform_system == "Linux"->torch==2.14.0) (12.7.10.1)
Requirement already satisfied: nvidia-nvtx==13.2.75.* in ./.venv-cloud/lib/python3.12/site-packages (from cuda-toolkit[cublas,cudart,cufft,cufile,cupti,curand,cusolver,cusparse,nvjitlink,nvrtc,nvtx]==13.2.1; platform_system == "Linux"->torch==2.14.0) (13.2.75)
Requirement already satisfied: cuda-pathfinder>=1.4.2 in ./.venv-cloud/lib/python3.12/site-packages (from cuda-bindings<14,>=13.0.3->torch==2.14.0) (1.8.2)
Collecting mpmath<1.4,>=1.1.0 (from sympy>=1.13.3->torch==2.14.0)
  Downloading mpmath-1.3.0-py3-none-any.whl.metadata (8.6 kB)
Collecting MarkupSafe>=2.0 (from jinja2->torch==2.14.0)
  Downloading markupsafe-3.0.3-cp312-cp312-manylinux2014_x86_64.manylinux_2_17_x86_64.manylinux_2_28_x86_64.whl.metadata (2.7 kB)
Downloading triton-3.8.0-cp312-cp312-manylinux_2_27_x86_64.manylinux_2_28_x86_64.whl (246.8 MB)
   ━━━━━━━━━━━━━━━━━━━━━━━━━━━━━━━━━━━━━━━━ 246.8/246.8 MB 14.4 MB/s  0:00:17
Downloading fsspec-2026.7.0-py3-none-any.whl (206 kB)
Downloading networkx-3.6.1-py3-none-any.whl (2.1 MB)
   ━━━━━━━━━━━━━━━━━━━━━━━━━━━━━━━━━━━━━━━━ 2.1/2.1 MB 51.5 kB/s  0:00:41
Downloading setuptools-78.1.0-py3-none-any.whl (1.3 MB)
   ━━━━━━━━━━━━━━━━━━━━━━━━━━━━━━━━━━━━━━━━ 1.3/1.3 MB 3.9 MB/s  0:00:00
Downloading sympy-1.14.0-py3-none-any.whl (6.3 MB)
     ━━━━━━━━━━━━━━━━━━━━━━━━━━━━━━━━━━━━━━━━ 227.4/227.4 MB 2.3 MB/s  0:02:57
Collecting nvidia-cusparse==12.7.10.1.* (from cuda-toolkit[cublas,cudart,cufft,cufile,cupti,curand,cusolver,cusparse,nvjitlink,nvrtc,nvtx]==13.2.1; platform_system == "Linux"->torch==2.14.0)
  Downloading nvidia_cusparse-12.7.10.1-py3-none-manylinux2014_x86_64.manylinux_2_17_x86_64.whl (150.9 MB)
     ━━━━━━━━━━━━━━━━━━━━━━━━━━━━━━━━━━━━━━━━ 227.4/227.4 MB 861.4 kB/s  0:03:37
Collecting nvidia-cusparse==12.7.10.1.* (from cuda-toolkit[cublas,cudart,cufft,cufile,cupti,curand,cusolver,cusparse,nvjitlink,nvrtc,nvtx]==13.2.1; platform_system == "Linux"->torch==2.14.0)
  Downloading nvidia_cusparse-12.7.10.1-py3-none-manylinux2014_x86_64.manylinux_2_17_x86_64.whl (150.9 MB)
     ━━━━━━━━━━━━━━━━━━━━━━━━━━━━━━━━━━━━━━━━ 150.9/150.9 MB 3.0 MB/s  0:01:08
Collecting nvidia-nvtx==13.2.75.* (from cuda-toolkit[cublas,cudart,cufft,cufile,cupti,curand,cusolver,cusparse,nvjitlink,nvrtc,nvtx]==13.2.1; platform_system == "Linux"->torch==2.14.0)
   ━━━━━━━━━━━━━━━━━━━━━━━━━━━━━━━━━━━━━━━━ 6.3/6.3 MB 58.0 kB/s  0:01:37
Downloading mpmath-1.3.0-py3-none-any.whl (536 kB)
  Downloading nvidia_nvtx-13.2.75-py3-none-manylinux1_x86_64.manylinux_2_5_x86_64.whl (153 kB)
Collecting cuda-pathfinder>=1.4.2 (from cuda-bindings<14,>=13.0.3->torch==2.14.0)
  Downloading cuda_pathfinder-1.6.0-py3-none-any.whl.metadata (1.9 kB)
Collecting mpmath<1.4,>=1.1.0 (from sympy>=1.13.3->torch==2.14.0)
  Using cached mpmath-1.3.0-py3-none-any.whl.metadata (8.6 kB)
Collecting MarkupSafe>=2.0 (from jinja2->torch==2.14.0)
  Using cached markupsafe-3.0.3-cp312-cp312-manylinux2014_x86_64.manylinux_2_17_x86_64.manylinux_2_28_x86_64.whl.metadata (2.7 kB)
Using cached torch-2.14.0%2Bcu132-cp312-cp312-manylinux_2_28_x86_64.whl (558.7 MB)
Downloading cuda_bindings-13.3.1-cp312-cp312-manylinux_2_24_x86_64.manylinux_2_28_x86_64.whl (6.7 MB)
   ━━━━━━━━━━━━━━━━━━━━━━━━━━━━━━━━━━━━━━━━ 536.2/536.2 kB 190.3 kB/s  0:00:02
Downloading typing_extensions-4.16.0-py3-none-any.whl (45 kB)
Downloading filelock-3.32.3-py3-none-any.whl (98 kB)
Downloading jinja2-3.1.6-py3-none-any.whl (134 kB)
Downloading markupsafe-3.0.3-cp312-cp312-manylinux2014_x86_64.manylinux_2_17_x86_64.manylinux_2_28_x86_64.whl (22 kB)
Installing collected packages: mpmath, typing-extensions, triton, sympy, setuptools, networkx, MarkupSafe, fsspec, filelock, jinja2
   ━━━━━━━━━━━━━━━━━━━━━━━━━━━━━━━━━━━━━━━━ 6.7/6.7 MB 862.7 kB/s  0:00:08
Using cached triton-3.8.0-cp312-cp312-manylinux_2_27_x86_64.manylinux_2_28_x86_64.whl (246.8 MB)
Downloading cuda_pathfinder-1.6.0-py3-none-any.whl (54 kB)
Using cached fsspec-2026.7.0-py3-none-any.whl (206 kB)
Using cached networkx-3.6.1-py3-none-any.whl (2.1 MB)
Using cached setuptools-78.1.0-py3-none-any.whl (1.3 MB)
Using cached sympy-1.14.0-py3-none-any.whl (6.3 MB)
Using cached mpmath-1.3.0-py3-none-any.whl (536 kB)
Using cached typing_extensions-4.16.0-py3-none-any.whl (45 kB)
Using cached filelock-3.32.3-py3-none-any.whl (98 kB)
Using cached jinja2-3.1.6-py3-none-any.whl (134 kB)
Using cached markupsafe-3.0.3-cp312-cp312-manylinux2014_x86_64.manylinux_2_17_x86_64.manylinux_2_28_x86_64.whl (22 kB)
Installing collected packages: mpmath, cuda-toolkit, typing-extensions, triton, sympy, setuptools, nvidia-nvtx, nvidia-nvshmem-cu13, nvidia-nvjitlink, nvidia-curand, nvidia-cufile, nvidia-cuda-runtime, nvidia-cuda-nvrtc, nvidia-cuda-cupti, networkx, MarkupSafe, fsspec, filelock, cuda-pathfinder, nvidia-cusparse, nvidia-cufft, nvidia-cublas, jinja2, cuda-bindings, nvidia-cusolver, nvidia-cudnn-cu13, torch

Successfully installed MarkupSafe-3.0.3 filelock-3.32.3 fsspec-2026.7.0 jinja2-3.1.6 mpmath-1.3.0 networkx-3.6.1 setuptools-78.1.0 sympy-1.14.0 triton-3.8.0 typing-extensions-4.16.0
Looking in indexes: https://pypi.tuna.tsinghua.edu.cn/simple
Collecting numpy==2.5.3 (from -r requirements-cloud.txt (line 2))
  Downloading numpy-2.5.3-cp312-cp312-manylinux_2_27_x86_64.manylinux_2_28_x86_64.whl (16.7 MB)
     ━━━━━━━━━━━━━━━━━━━━━━━━━━━━━━━━━━━━━━━━ 16.7/16.7 MB 8.3 MB/s  0:00:02
Collecting scipy==1.18.1 (from -r requirements-cloud.txt (line 3))
  Downloading scipy-1.18.1-cp312-cp312-manylinux_2_27_x86_64.manylinux_2_28_x86_64.whl (35.3 MB)
     ━━━━━━━━━━━━━━━━━━━━━━━━━━━━━━━━━━━━━━━━ 35.3/35.3 MB 8.2 MB/s  0:00:04
Collecting pandas==3.0.6 (from -r requirements-cloud.txt (line 4))
  Downloading pandas-3.0.6-cp312-cp312-manylinux_2_24_x86_64.manylinux_2_28_x86_64.whl (10.8 MB)
     ━━━━━━━━━━━━━━━━━━━━━━━━━━━━━━━━━━━━━━━━ 10.8/10.8 MB 7.3 MB/s  0:00:01
Collecting scikit-learn==1.9.1 (from -r requirements-cloud.txt (line 5))
  Downloading scikit_learn-1.9.1-cp312-cp312-manylinux_2_27_x86_64.manylinux_2_28_x86_64.whl (9.2 MB)
     ━━━━━━━━━━━━━━━━━━━━━━━━━━━━━━━━━━━━━━━━ 9.2/9.2 MB 9.1 MB/s  0:00:00
Collecting matplotlib==3.11.2 (from -r requirements-cloud.txt (line 6))
  Downloading matplotlib-3.11.2-cp312-cp312-manylinux2014_x86_64.manylinux_2_17_x86_64.whl (9.9 MB)
     ━━━━━━━━━━━━━━━━━━━━━━━━━━━━━━━━━━━━━━━━ 9.9/9.9 MB 17.6 MB/s  0:00:00
Collecting mne==1.13.2 (from -r requirements-cloud.txt (line 7))
  Downloading mne-1.13.2-py3-none-any.whl (7.7 MB)
     ━━━━━━━━━━━━━━━━━━━━━━━━━━━━━━━━━━━━━━━━ 7.7/7.7 MB 16.6 MB/s  0:00:00
Collecting moabb==1.7.2 (from -r requirements-cloud.txt (line 8))
  Downloading moabb-1.7.2-py3-none-any.whl (980 kB)
     ━━━━━━━━━━━━━━━━━━━━━━━━━━━━━━━━━━━━━━━━ 980.1/980.1 kB 41.2 MB/s  0:00:00
Collecting braindecode==1.5.1 (from -r requirements-cloud.txt (line 9))
  Downloading braindecode-1.5.1-py3-none-any.whl (574 kB)
     ━━━━━━━━━━━━━━━━━━━━━━━━━━━━━━━━━━━━━━━━ 574.9/574.9 kB 20.8 MB/s  0:00:00
Collecting skorch==1.4.0 (from -r requirements-cloud.txt (line 10))
  Downloading skorch-1.4.0-py3-none-any.whl (271 kB)
Collecting torchaudio==2.11.0 (from -r requirements-cloud.txt (line 11))
  Downloading torchaudio-2.11.0-cp312-cp312-manylinux_2_28_x86_64.whl (1.8 MB)
     ━━━━━━━━━━━━━━━━━━━━━━━━━━━━━━━━━━━━━━━━ 1.8/1.8 MB 37.5 MB/s  0:00:00
Collecting threadpoolctl==3.7.0 (from -r requirements-cloud.txt (line 12))
  Downloading threadpoolctl-3.7.0-py3-none-any.whl (26 kB)
Collecting python-dateutil>=2.8.2 (from pandas==3.0.6->-r requirements-cloud.txt (line 4))
  Downloading python_dateutil-2.9.0.post0-py2.py3-none-any.whl (229 kB)
Collecting joblib>=1.4.0 (from scikit-learn==1.9.1->-r requirements-cloud.txt (line 5))
  Downloading joblib-1.6.0-py3-none-any.whl (306 kB)
Collecting narwhals>=2.0.1 (from scikit-learn==1.9.1->-r requirements-cloud.txt (line 5))
  Downloading narwhals-2.26.0-py3-none-any.whl (474 kB)
Collecting contourpy>=1.0.1 (from matplotlib==3.11.2->-r requirements-cloud.txt (line 6))
  Downloading contourpy-1.4.0-cp312-cp312-manylinux_2_27_x86_64.manylinux_2_28_x86_64.whl (383 kB)
Collecting cycler>=0.10 (from matplotlib==3.11.2->-r requirements-cloud.txt (line 6))
  Downloading cycler-0.12.1-py3-none-any.whl (8.3 kB)
Collecting fonttools>=4.28.2 (from matplotlib==3.11.2->-r requirements-cloud.txt (line 6))
  Downloading fonttools-4.65.0-cp312-cp312-manylinux2014_x86_64.manylinux_2_17_x86_64.whl (5.4 MB)
     ━━━━━━━━━━━━━━━━━━━━━━━━━━━━━━━━━━━━━━━━ 5.4/5.4 MB 8.0 MB/s  0:00:00
Collecting kiwisolver>=1.3.1 (from matplotlib==3.11.2->-r requirements-cloud.txt (line 6))
  Downloading kiwisolver-1.5.1-cp312-cp312-manylinux2014_x86_64.manylinux_2_17_x86_64.whl (1.5 MB)
     ━━━━━━━━━━━━━━━━━━━━━━━━━━━━━━━━━━━━━━━━ 1.5/1.5 MB 58.5 MB/s  0:00:00
Collecting packaging>=20.0 (from matplotlib==3.11.2->-r requirements-cloud.txt (line 6))
  Downloading packaging-26.3-py3-none-any.whl (129 kB)
Collecting pillow>=9 (from matplotlib==3.11.2->-r requirements-cloud.txt (line 6))
  Downloading pillow-12.3.0-cp312-cp312-manylinux_2_27_x86_64.manylinux_2_28_x86_64.whl (6.9 MB)
     ━━━━━━━━━━━━━━━━━━━━━━━━━━━━━━━━━━━━━━━━ 6.9/6.9 MB 15.7 MB/s  0:00:00
Collecting pyparsing>=3 (from matplotlib==3.11.2->-r requirements-cloud.txt (line 6))
  Downloading pyparsing-3.3.3-py3-none-any.whl (126 kB)

Successfully installed MarkupSafe-3.0.3 cuda-bindings-13.4.2 cuda-pathfinder-1.8.2 cuda-toolkit-13.2.1 filelock-3.32.3 fsspec-2026.7.0 jinja2-3.1.6 mpmath-1.3.0 networkx-3.6.1 nvidia-cublas-13.4.0.1 nvidia-cuda-cupti-13.2.75 nvidia-cuda-nvrtc-13.2.78 nvidia-cuda-runtime-13.2.75 nvidia-cudnn-cu13-9.24.0.43 nvidia-cufft-12.2.0.46 nvidia-cufile-1.17.1.22 nvidia-curand-10.4.2.55 nvidia-cusolver-12.2.0.1 nvidia-cusparse-12.7.10.1 nvidia-nvjitlink-13.4.92 nvidia-nvshmem-cu13-3.4.5 nvidia-nvtx-13.2.75 setuptools-78.1.0 sympy-1.14.0 torch-2.14.0+cu132 triton-3.8.0 typing-extensions-4.16.0
Collecting decorator>=5.1 (from mne==1.13.2->-r requirements-cloud.txt (line 7))
  Downloading decorator-5.3.1-py3-none-any.whl (10 kB)
Requirement already satisfied: jinja2>=3.1 in ./.venv-cloud/lib/python3.12/site-packages (from mne==1.13.2->-r requirements-cloud.txt (line 7)) (3.1.6)
Looking in indexes: https://pypi.tuna.tsinghua.edu.cn/simple
Collecting lazy-loader>=0.3 (from mne==1.13.2->-r requirements-cloud.txt (line 7))
  Downloading lazy_loader-0.6-py3-none-any.whl (8.8 kB)
Collecting pooch>=1.5 (from mne==1.13.2->-r requirements-cloud.txt (line 7))
  Downloading pooch-1.9.0-py3-none-any.whl (67 kB)
Collecting numpy==2.5.3 (from -r requirements-cloud.txt (line 2))
Collecting tqdm>=4.66 (from mne==1.13.2->-r requirements-cloud.txt (line 7))
  Using cached numpy-2.5.3-cp312-cp312-manylinux_2_27_x86_64.manylinux_2_28_x86_64.whl (16.7 MB)
  Downloading tqdm-4.70.1-py3-none-any.whl (80 kB)
Collecting scipy==1.18.1 (from -r requirements-cloud.txt (line 3))
Collecting h5py>=3.10.0 (from moabb==1.7.2->-r requirements-cloud.txt (line 8))
  Using cached scipy-1.18.1-cp312-cp312-manylinux_2_27_x86_64.manylinux_2_28_x86_64.whl (35.3 MB)
  Downloading h5py-3.16.0-cp312-cp312-manylinux_2_28_x86_64.whl (5.4 MB)
Collecting pandas==3.0.6 (from -r requirements-cloud.txt (line 4))
     ━━━━━━━━━━━━━━━━━━━━━━━━━━━━━━━━━━━━━━━━ 5.4/5.4 MB 11.2 MB/s  0:00:00
  Using cached pandas-3.0.6-cp312-cp312-manylinux_2_24_x86_64.manylinux_2_28_x86_64.whl (10.8 MB)
Collecting pymatreader>=1.2.2 (from moabb==1.7.2->-r requirements-cloud.txt (line 8))
  Downloading pymatreader-1.3.1-py3-none-any.whl (10 kB)
Collecting scikit-learn==1.9.1 (from -r requirements-cloud.txt (line 5))
Collecting seaborn>=0.12.1 (from moabb==1.7.2->-r requirements-cloud.txt (line 8))
  Using cached scikit_learn-1.9.1-cp312-cp312-manylinux_2_27_x86_64.manylinux_2_28_x86_64.whl (9.2 MB)
  Downloading seaborn-0.13.2-py3-none-any.whl (294 kB)
Collecting matplotlib==3.11.2 (from -r requirements-cloud.txt (line 6))
Collecting pyriemann>=0.12 (from moabb==1.7.2->-r requirements-cloud.txt (line 8))
  Using cached matplotlib-3.11.2-cp312-cp312-manylinux2014_x86_64.manylinux_2_17_x86_64.whl (9.9 MB)
  Downloading pyriemann-0.12-py2.py3-none-any.whl (153 kB)
Collecting mne==1.13.2 (from -r requirements-cloud.txt (line 7))
Collecting PyYAML>=6.0 (from moabb==1.7.2->-r requirements-cloud.txt (line 8))
  Using cached mne-1.13.2-py3-none-any.whl (7.7 MB)
  Downloading pyyaml-6.0.3-cp312-cp312-manylinux2014_x86_64.manylinux_2_17_x86_64.manylinux_2_28_x86_64.whl (807 kB)
     ━━━━━━━━━━━━━━━━━━━━━━━━━━━━━━━━━━━━━━━━ 807.9/807.9 kB 36.4 MB/s  0:00:00
Collecting moabb==1.7.2 (from -r requirements-cloud.txt (line 8))
Collecting nemar-py>=0.2.1 (from moabb==1.7.2->-r requirements-cloud.txt (line 8))
  Using cached moabb-1.7.2-py3-none-any.whl (980 kB)
  Downloading nemar_py-0.3.0-py3-none-any.whl (72 kB)
Collecting braindecode==1.5.1 (from -r requirements-cloud.txt (line 9))
Collecting requests>=2.28.1 (from moabb==1.7.2->-r requirements-cloud.txt (line 8))
  Using cached braindecode-1.5.1-py3-none-any.whl (574 kB)
  Downloading requests-2.34.2-py3-none-any.whl (73 kB)
Collecting skorch==1.4.0 (from -r requirements-cloud.txt (line 10))
Collecting remotezip>=0.12.3 (from moabb==1.7.2->-r requirements-cloud.txt (line 8))
  Using cached skorch-1.4.0-py3-none-any.whl (271 kB)
  Downloading remotezip-0.12.6-py3-none-any.whl (8.6 kB)
Collecting torchaudio==2.11.0 (from -r requirements-cloud.txt (line 11))
Collecting urllib3>=1.26.15 (from moabb==1.7.2->-r requirements-cloud.txt (line 8))
  Using cached torchaudio-2.11.0-cp312-cp312-manylinux_2_28_x86_64.whl (1.8 MB)
  Downloading urllib3-2.8.0-py3-none-any.whl (135 kB)
Collecting threadpoolctl==3.7.0 (from -r requirements-cloud.txt (line 12))
  Using cached threadpoolctl-3.7.0-py3-none-any.whl (26 kB)
Collecting coverage>=7.0.1 (from moabb==1.7.2->-r requirements-cloud.txt (line 8))
Collecting python-dateutil>=2.8.2 (from pandas==3.0.6->-r requirements-cloud.txt (line 4))
  Downloading coverage-7.16.1-cp312-cp312-manylinux1_x86_64.manylinux_2_28_x86_64.manylinux_2_5_x86_64.whl (258 kB)
  Using cached python_dateutil-2.9.0.post0-py2.py3-none-any.whl (229 kB)
Collecting memory-profiler>=0.61.0 (from moabb==1.7.2->-r requirements-cloud.txt (line 8))
Collecting joblib>=1.4.0 (from scikit-learn==1.9.1->-r requirements-cloud.txt (line 5))
  Downloading memory_profiler-0.61.0-py3-none-any.whl (31 kB)
  Using cached joblib-1.6.0-py3-none-any.whl (306 kB)
Collecting edflib-python>=1.0.6 (from moabb==1.7.2->-r requirements-cloud.txt (line 8))
Collecting narwhals>=2.0.1 (from scikit-learn==1.9.1->-r requirements-cloud.txt (line 5))
  Downloading EDFlib_Python-1.0.8-py3-none-any.whl (26 kB)
  Using cached narwhals-2.26.0-py3-none-any.whl (474 kB)
Collecting edfio>=0.4.2 (from moabb==1.7.2->-r requirements-cloud.txt (line 8))
Collecting contourpy>=1.0.1 (from matplotlib==3.11.2->-r requirements-cloud.txt (line 6))
  Downloading edfio-0.4.17-py3-none-any.whl (31 kB)
Requirement already satisfied: filelock>=3.18.0 in ./.venv-cloud/lib/python3.12/site-packages (from moabb==1.7.2->-r requirements-cloud.txt (line 8)) (3.32.3)
  Using cached contourpy-1.4.0-cp312-cp312-manylinux_2_27_x86_64.manylinux_2_28_x86_64.whl (383 kB)
Collecting mne-bids>=0.19 (from moabb==1.7.2->-r requirements-cloud.txt (line 8))
Collecting cycler>=0.10 (from matplotlib==3.11.2->-r requirements-cloud.txt (line 6))
  Downloading mne_bids-0.19.0-py3-none-any.whl (189 kB)
  Using cached cycler-0.12.1-py3-none-any.whl (8.3 kB)
Collecting pybv>=0.7.3 (from moabb==1.7.2->-r requirements-cloud.txt (line 8))
  Downloading pybv-0.8.1-py3-none-any.whl (16 kB)
Collecting fonttools>=4.28.2 (from matplotlib==3.11.2->-r requirements-cloud.txt (line 6))
Collecting pycountry>=24.6.1 (from moabb==1.7.2->-r requirements-cloud.txt (line 8))
  Using cached fonttools-4.65.0-cp312-cp312-manylinux2014_x86_64.manylinux_2_17_x86_64.whl (5.4 MB)
  Downloading pycountry-26.2.16-py3-none-any.whl (8.0 MB)
Collecting kiwisolver>=1.3.1 (from matplotlib==3.11.2->-r requirements-cloud.txt (line 6))
  Using cached kiwisolver-1.5.1-cp312-cp312-manylinux2014_x86_64.manylinux_2_17_x86_64.whl (1.5 MB)
     ━━━━━━━━━━━━━━━━━━━━━━━━━━━━━━━━━━━━━━━━ 8.0/8.0 MB 13.0 MB/s  0:00:00
Collecting packaging>=20.0 (from matplotlib==3.11.2->-r requirements-cloud.txt (line 6))
  Using cached packaging-26.3-py3-none-any.whl (129 kB)
Collecting docstring-inheritance>=2.0.0 (from moabb==1.7.2->-r requirements-cloud.txt (line 8))
  Downloading docstring_inheritance-3.0.0-py3-none-any.whl (26 kB)
Requirement already satisfied: torch>=2.0 in ./.venv-cloud/lib/python3.12/site-packages (from braindecode==1.5.1->-r requirements-cloud.txt (line 9)) (2.14.0+cu132)
Collecting pillow>=9 (from matplotlib==3.11.2->-r requirements-cloud.txt (line 6))
Collecting torchinfo (from braindecode==1.5.1->-r requirements-cloud.txt (line 9))
  Using cached pillow-12.3.0-cp312-cp312-manylinux_2_27_x86_64.manylinux_2_28_x86_64.whl (6.9 MB)
  Downloading torchinfo-1.8.0-py3-none-any.whl (23 kB)
Collecting pyparsing>=3 (from matplotlib==3.11.2->-r requirements-cloud.txt (line 6))
Collecting wfdb>=4.3.1 (from braindecode==1.5.1->-r requirements-cloud.txt (line 9))
  Using cached pyparsing-3.3.3-py3-none-any.whl (126 kB)
  Downloading wfdb-4.3.1-py3-none-any.whl (163 kB)
Collecting decorator>=5.1 (from mne==1.13.2->-r requirements-cloud.txt (line 7))
Collecting linear_attention_transformer (from braindecode==1.5.1->-r requirements-cloud.txt (line 9))
  Using cached decorator-5.3.1-py3-none-any.whl (10 kB)
Requirement already satisfied: jinja2>=3.1 in ./.venv-cloud/lib/python3.12/site-packages (from mne==1.13.2->-r requirements-cloud.txt (line 7)) (3.1.6)
  Downloading linear_attention_transformer-0.19.1-py3-none-any.whl (12 kB)
Collecting lazy-loader>=0.3 (from mne==1.13.2->-r requirements-cloud.txt (line 7))
Collecting rotary_embedding_torch (from braindecode==1.5.1->-r requirements-cloud.txt (line 9))
  Using cached lazy_loader-0.6-py3-none-any.whl (8.8 kB)
  Downloading rotary_embedding_torch-0.9.1-py3-none-any.whl (17 kB)
Collecting pooch>=1.5 (from mne==1.13.2->-r requirements-cloud.txt (line 7))
Collecting pydantic>=2.0 (from braindecode==1.5.1->-r requirements-cloud.txt (line 9))
  Using cached pooch-1.9.0-py3-none-any.whl (67 kB)
  Downloading pydantic-2.13.5-py3-none-any.whl (472 kB)
Collecting tqdm>=4.66 (from mne==1.13.2->-r requirements-cloud.txt (line 7))
Collecting tabulate>=0.7.7 (from skorch==1.4.0->-r requirements-cloud.txt (line 10))
  Using cached tqdm-4.70.1-py3-none-any.whl (80 kB)
  Downloading tabulate-0.10.0-py3-none-any.whl (39 kB)
Requirement already satisfied: typing-extensions<5,>=4 in ./.venv-cloud/lib/python3.12/site-packages (from docstring-inheritance>=2.0.0->moabb==1.7.2->-r requirements-cloud.txt (line 8)) (4.16.0)
Requirement already satisfied: MarkupSafe>=2.0 in ./.venv-cloud/lib/python3.12/site-packages (from jinja2>=3.1->mne==1.13.2->-r requirements-cloud.txt (line 7)) (3.0.3)
Collecting h5py>=3.10.0 (from moabb==1.7.2->-r requirements-cloud.txt (line 8))
Collecting cloudpickle>=3.0 (from joblib>=1.4.0->scikit-learn==1.9.1->-r requirements-cloud.txt (line 5))
  Using cached h5py-3.16.0-cp312-cp312-manylinux_2_28_x86_64.whl (5.4 MB)
  Downloading cloudpickle-3.1.2-py3-none-any.whl (22 kB)
Collecting psutil (from memory-profiler>=0.61.0->moabb==1.7.2->-r requirements-cloud.txt (line 8))
Collecting pymatreader>=1.2.2 (from moabb==1.7.2->-r requirements-cloud.txt (line 8))
  Downloading psutil-7.2.2-cp36-abi3-manylinux2010_x86_64.manylinux_2_12_x86_64.manylinux_2_28_x86_64.whl (155 kB)
  Using cached pymatreader-1.3.1-py3-none-any.whl (10 kB)
Collecting httpx>=0.25 (from nemar-py>=0.2.1->moabb==1.7.2->-r requirements-cloud.txt (line 8))
Collecting seaborn>=0.12.1 (from moabb==1.7.2->-r requirements-cloud.txt (line 8))
  Downloading httpx-0.28.1-py3-none-any.whl (73 kB)
  Using cached seaborn-0.13.2-py3-none-any.whl (294 kB)
Collecting typer>=0.12 (from nemar-py>=0.2.1->moabb==1.7.2->-r requirements-cloud.txt (line 8))
Collecting pyriemann>=0.12 (from moabb==1.7.2->-r requirements-cloud.txt (line 8))
  Downloading typer-0.27.2-py3-none-any.whl (123 kB)
  Using cached pyriemann-0.12-py2.py3-none-any.whl (153 kB)
Collecting wcmatch>=10.1 (from nemar-py>=0.2.1->moabb==1.7.2->-r requirements-cloud.txt (line 8))
Collecting PyYAML>=6.0 (from moabb==1.7.2->-r requirements-cloud.txt (line 8))
  Downloading wcmatch-11.0.1-py3-none-any.whl (43 kB)
  Using cached pyyaml-6.0.3-cp312-cp312-manylinux2014_x86_64.manylinux_2_17_x86_64.manylinux_2_28_x86_64.whl (807 kB)
Collecting nemar-py>=0.2.1 (from moabb==1.7.2->-r requirements-cloud.txt (line 8))
     ━━━━━━━━━━━━━━━━━━━━━━━━━━━━━━━━━━━━━━━━ 150.9/150.9 MB 1.7 MB/s  0:02:19
Collecting boto3>=1.34 (from nemar-py>=0.2.1->moabb==1.7.2->-r requirements-cloud.txt (line 8))
  Using cached nemar_py-0.3.0-py3-none-any.whl (72 kB)
  Downloading boto3-1.43.100-py3-none-any.whl (140 kB)
Collecting requests>=2.28.1 (from moabb==1.7.2->-r requirements-cloud.txt (line 8))
Collecting nvidia-nvtx==13.2.75.* (from cuda-toolkit[cublas,cudart,cufft,cufile,cupti,curand,cusolver,cusparse,nvjitlink,nvrtc,nvtx]==13.2.1; platform_system == "Linux"->torch==2.14.0)
Collecting botocore<1.44.0,>=1.43.100 (from boto3>=1.34->nemar-py>=0.2.1->moabb==1.7.2->-r requirements-cloud.txt (line 8))
  Using cached requests-2.34.2-py3-none-any.whl (73 kB)
  Downloading botocore-1.43.100-py3-none-any.whl (15.9 MB)
Collecting remotezip>=0.12.3 (from moabb==1.7.2->-r requirements-cloud.txt (line 8))
  Downloading nvidia_nvtx-13.2.75-py3-none-manylinux1_x86_64.manylinux_2_5_x86_64.whl (153 kB)
  Using cached remotezip-0.12.6-py3-none-any.whl (8.6 kB)
Collecting urllib3>=1.26.15 (from moabb==1.7.2->-r requirements-cloud.txt (line 8))
Collecting cuda-pathfinder>=1.4.2 (from cuda-bindings<14,>=13.0.3->torch==2.14.0)
  Using cached cuda_pathfinder-1.6.0-py3-none-any.whl.metadata (1.9 kB)
Collecting mpmath<1.4,>=1.1.0 (from sympy>=1.13.3->torch==2.14.0)
  Using cached mpmath-1.3.0-py3-none-any.whl.metadata (8.6 kB)
Collecting MarkupSafe>=2.0 (from jinja2->torch==2.14.0)
  Using cached urllib3-2.8.0-py3-none-any.whl (135 kB)
  Using cached markupsafe-3.0.3-cp312-cp312-manylinux2014_x86_64.manylinux_2_17_x86_64.manylinux_2_28_x86_64.whl.metadata (2.7 kB)
Using cached torch-2.14.0%2Bcu132-cp312-cp312-manylinux_2_28_x86_64.whl (558.7 MB)
Using cached cuda_bindings-13.3.1-cp312-cp312-manylinux_2_24_x86_64.manylinux_2_28_x86_64.whl (6.7 MB)
Using cached triton-3.8.0-cp312-cp312-manylinux_2_27_x86_64.manylinux_2_28_x86_64.whl (246.8 MB)
Using cached cuda_pathfinder-1.6.0-py3-none-any.whl (54 kB)
Using cached fsspec-2026.7.0-py3-none-any.whl (206 kB)
Using cached networkx-3.6.1-py3-none-any.whl (2.1 MB)
     ━━━━━━━━━━━━━━━━━━━━━━━━━━━━━━━━━━━━━━━━ 15.9/15.9 MB 10.0 MB/s  0:00:01
Collecting coverage>=7.0.1 (from moabb==1.7.2->-r requirements-cloud.txt (line 8))
Using cached setuptools-78.1.0-py3-none-any.whl (1.3 MB)
Using cached sympy-1.14.0-py3-none-any.whl (6.3 MB)
Using cached mpmath-1.3.0-py3-none-any.whl (536 kB)
Using cached typing_extensions-4.16.0-py3-none-any.whl (45 kB)
Using cached filelock-3.32.3-py3-none-any.whl (98 kB)
Using cached jinja2-3.1.6-py3-none-any.whl (134 kB)
Collecting jmespath<2.0.0,>=0.7.1 (from boto3>=1.34->nemar-py>=0.2.1->moabb==1.7.2->-r requirements-cloud.txt (line 8))
  Using cached coverage-7.16.1-cp312-cp312-manylinux1_x86_64.manylinux_2_28_x86_64.manylinux_2_5_x86_64.whl (258 kB)
Using cached markupsafe-3.0.3-cp312-cp312-manylinux2014_x86_64.manylinux_2_17_x86_64.manylinux_2_28_x86_64.whl (22 kB)
  Downloading jmespath-1.1.0-py3-none-any.whl (20 kB)
Collecting memory-profiler>=0.61.0 (from moabb==1.7.2->-r requirements-cloud.txt (line 8))
Collecting s3transfer<0.20.0,>=0.19.0 (from boto3>=1.34->nemar-py>=0.2.1->moabb==1.7.2->-r requirements-cloud.txt (line 8))
  Using cached memory_profiler-0.61.0-py3-none-any.whl (31 kB)
  Downloading s3transfer-0.19.2-py3-none-any.whl (90 kB)
Installing collected packages: nvidia-cusparselt-cu13, mpmath, cuda-toolkit, typing-extensions, triton, sympy, setuptools, nvidia-nvtx, nvidia-nvshmem-cu13, nvidia-nvjitlink, nvidia-nccl-cu13, nvidia-curand, nvidia-cufile, nvidia-cuda-runtime, nvidia-cuda-nvrtc, nvidia-cuda-cupti, networkx, MarkupSafe, fsspec, filelock, cuda-pathfinder, nvidia-cusparse, nvidia-cufft, nvidia-cublas, jinja2, cuda-bindings, nvidia-cusolver, nvidia-cudnn-cu13, torch
Collecting edflib-python>=1.0.6 (from moabb==1.7.2->-r requirements-cloud.txt (line 8))
Collecting six>=1.5 (from python-dateutil>=2.8.2->pandas==3.0.6->-r requirements-cloud.txt (line 4))
  Using cached EDFlib_Python-1.0.8-py3-none-any.whl (26 kB)
  Downloading six-1.17.0-py2.py3-none-any.whl (11 kB)
Collecting edfio>=0.4.2 (from moabb==1.7.2->-r requirements-cloud.txt (line 8))
Collecting anyio (from httpx>=0.25->nemar-py>=0.2.1->moabb==1.7.2->-r requirements-cloud.txt (line 8))
  Using cached edfio-0.4.17-py3-none-any.whl (31 kB)
Requirement already satisfied: filelock>=3.18.0 in ./.venv-cloud/lib/python3.12/site-packages (from moabb==1.7.2->-r requirements-cloud.txt (line 8)) (3.32.3)
  Downloading anyio-4.15.1-py3-none-any.whl (132 kB)
Collecting mne-bids>=0.19 (from moabb==1.7.2->-r requirements-cloud.txt (line 8))
Collecting certifi (from httpx>=0.25->nemar-py>=0.2.1->moabb==1.7.2->-r requirements-cloud.txt (line 8))
  Using cached mne_bids-0.19.0-py3-none-any.whl (189 kB)
  Downloading certifi-2026.7.22-py3-none-any.whl (136 kB)
Collecting pybv>=0.7.3 (from moabb==1.7.2->-r requirements-cloud.txt (line 8))
Collecting httpcore==1.* (from httpx>=0.25->nemar-py>=0.2.1->moabb==1.7.2->-r requirements-cloud.txt (line 8))
  Using cached pybv-0.8.1-py3-none-any.whl (16 kB)
  Downloading httpcore-1.0.9-py3-none-any.whl (78 kB)
Collecting pycountry>=24.6.1 (from moabb==1.7.2->-r requirements-cloud.txt (line 8))
Collecting idna (from httpx>=0.25->nemar-py>=0.2.1->moabb==1.7.2->-r requirements-cloud.txt (line 8))
  Using cached pycountry-26.2.16-py3-none-any.whl (8.0 MB)
  Downloading idna-3.20-py3-none-any.whl (69 kB)
Collecting docstring-inheritance>=2.0.0 (from moabb==1.7.2->-r requirements-cloud.txt (line 8))
Collecting h11>=0.16 (from httpcore==1.*->httpx>=0.25->nemar-py>=0.2.1->moabb==1.7.2->-r requirements-cloud.txt (line 8))
  Using cached docstring_inheritance-3.0.0-py3-none-any.whl (26 kB)
Requirement already satisfied: torch>=2.0 in ./.venv-cloud/lib/python3.12/site-packages (from braindecode==1.5.1->-r requirements-cloud.txt (line 9)) (2.14.0+cu132)
  Downloading h11-0.16.0-py3-none-any.whl (37 kB)
Collecting torchinfo (from braindecode==1.5.1->-r requirements-cloud.txt (line 9))
Collecting platformdirs>=2.5.0 (from pooch>=1.5->mne==1.13.2->-r requirements-cloud.txt (line 7))
  Using cached torchinfo-1.8.0-py3-none-any.whl (23 kB)
  Downloading platformdirs-4.11.12-py3-none-any.whl (24 kB)
Collecting wfdb>=4.3.1 (from braindecode==1.5.1->-r requirements-cloud.txt (line 9))
Collecting annotated-types>=0.6.0 (from pydantic>=2.0->braindecode==1.5.1->-r requirements-cloud.txt (line 9))
  Using cached wfdb-4.3.1-py3-none-any.whl (163 kB)
  Downloading annotated_types-0.8.0-py3-none-any.whl (13 kB)
Collecting linear_attention_transformer (from braindecode==1.5.1->-r requirements-cloud.txt (line 9))
  Using cached linear_attention_transformer-0.19.1-py3-none-any.whl (12 kB)
Collecting rotary_embedding_torch (from braindecode==1.5.1->-r requirements-cloud.txt (line 9))
Collecting pydantic-core==2.46.5 (from pydantic>=2.0->braindecode==1.5.1->-r requirements-cloud.txt (line 9))
  Using cached rotary_embedding_torch-0.9.1-py3-none-any.whl (17 kB)
  Downloading pydantic_core-2.46.5-cp312-cp312-manylinux_2_17_x86_64.manylinux2014_x86_64.whl (2.1 MB)
     ━━━━━━━━━━━━━━━━━━━━━━━━━━━━━━━━━━━━━━━━ 2.1/2.1 MB 108.0 MB/s  0:00:00
Collecting pydantic>=2.0 (from braindecode==1.5.1->-r requirements-cloud.txt (line 9))
Collecting typing-inspection>=0.4.2 (from pydantic>=2.0->braindecode==1.5.1->-r requirements-cloud.txt (line 9))
  Using cached pydantic-2.13.5-py3-none-any.whl (472 kB)
  Downloading typing_inspection-0.4.4-py3-none-any.whl (14 kB)
Collecting tabulate>=0.7.7 (from skorch==1.4.0->-r requirements-cloud.txt (line 10))
Collecting xmltodict>0.13 (from pymatreader>=1.2.2->moabb==1.7.2->-r requirements-cloud.txt (line 8))
  Using cached tabulate-0.10.0-py3-none-any.whl (39 kB)
Requirement already satisfied: typing-extensions<5,>=4 in ./.venv-cloud/lib/python3.12/site-packages (from docstring-inheritance>=2.0.0->moabb==1.7.2->-r requirements-cloud.txt (line 8)) (4.16.0)
Requirement already satisfied: MarkupSafe>=2.0 in ./.venv-cloud/lib/python3.12/site-packages (from jinja2>=3.1->mne==1.13.2->-r requirements-cloud.txt (line 7)) (3.0.3)
  Downloading xmltodict-1.0.4-py3-none-any.whl (13 kB)
Collecting cloudpickle>=3.0 (from joblib>=1.4.0->scikit-learn==1.9.1->-r requirements-cloud.txt (line 5))
Collecting array-api-compat>=1.11 (from pyriemann>=0.12->moabb==1.7.2->-r requirements-cloud.txt (line 8))
  Using cached cloudpickle-3.1.2-py3-none-any.whl (22 kB)
  Downloading array_api_compat-1.15.0-py3-none-any.whl (79 kB)
Collecting psutil (from memory-profiler>=0.61.0->moabb==1.7.2->-r requirements-cloud.txt (line 8))
Collecting array-api-extra>=0.6 (from pyriemann>=0.12->moabb==1.7.2->-r requirements-cloud.txt (line 8))
  Using cached psutil-7.2.2-cp36-abi3-manylinux2010_x86_64.manylinux_2_12_x86_64.manylinux_2_28_x86_64.whl (155 kB)
  Downloading array_api_extra-0.11.4-py3-none-any.whl (120 kB)
Collecting httpx>=0.25 (from nemar-py>=0.2.1->moabb==1.7.2->-r requirements-cloud.txt (line 8))
Collecting charset_normalizer<4,>=2 (from requests>=2.28.1->moabb==1.7.2->-r requirements-cloud.txt (line 8))
  Using cached httpx-0.28.1-py3-none-any.whl (73 kB)
  Downloading charset_normalizer-3.5.1-cp312-cp312-manylinux2014_x86_64.manylinux_2_17_x86_64.manylinux_2_28_x86_64.whl (248 kB)
Requirement already satisfied: setuptools>=77.0.3 in ./.venv-cloud/lib/python3.12/site-packages (from torch>=2.0->braindecode==1.5.1->-r requirements-cloud.txt (line 9)) (78.1.0)
Requirement already satisfied: sympy>=1.13.3 in ./.venv-cloud/lib/python3.12/site-packages (from torch>=2.0->braindecode==1.5.1->-r requirements-cloud.txt (line 9)) (1.14.0)
Requirement already satisfied: networkx>=2.5.1 in ./.venv-cloud/lib/python3.12/site-packages (from torch>=2.0->braindecode==1.5.1->-r requirements-cloud.txt (line 9)) (3.6.1)
Requirement already satisfied: fsspec>=0.8.5 in ./.venv-cloud/lib/python3.12/site-packages (from torch>=2.0->braindecode==1.5.1->-r requirements-cloud.txt (line 9)) (2026.7.0)
Requirement already satisfied: cuda-toolkit==13.2.1 in ./.venv-cloud/lib/python3.12/site-packages (from cuda-toolkit[cublas,cudart,cufft,cufile,cupti,curand,cusolver,cusparse,nvjitlink,nvrtc,nvtx]==13.2.1; platform_system == "Linux"->torch>=2.0->braindecode==1.5.1->-r requirements-cloud.txt (line 9)) (13.2.1)
Requirement already satisfied: cuda-bindings<14,>=13.0.3 in ./.venv-cloud/lib/python3.12/site-packages (from torch>=2.0->braindecode==1.5.1->-r requirements-cloud.txt (line 9)) (13.4.2)
Requirement already satisfied: nvidia-cudnn-cu13==9.24.0.43 in ./.venv-cloud/lib/python3.12/site-packages (from torch>=2.0->braindecode==1.5.1->-r requirements-cloud.txt (line 9)) (9.24.0.43)
Requirement already satisfied: nvidia-cusparselt-cu13==0.8.1 in ./.venv-cloud/lib/python3.12/site-packages (from torch>=2.0->braindecode==1.5.1->-r requirements-cloud.txt (line 9)) (0.8.1)
Requirement already satisfied: nvidia-nccl-cu13==2.30.7 in ./.venv-cloud/lib/python3.12/site-packages (from torch>=2.0->braindecode==1.5.1->-r requirements-cloud.txt (line 9)) (2.30.7)
Requirement already satisfied: nvidia-nvshmem-cu13==3.4.5 in ./.venv-cloud/lib/python3.12/site-packages (from torch>=2.0->braindecode==1.5.1->-r requirements-cloud.txt (line 9)) (3.4.5)
Requirement already satisfied: triton~=3.8.0 in ./.venv-cloud/lib/python3.12/site-packages (from torch>=2.0->braindecode==1.5.1->-r requirements-cloud.txt (line 9)) (3.8.0)
Requirement already satisfied: nvidia-cublas==13.4.0.1.* in ./.venv-cloud/lib/python3.12/site-packages (from cuda-toolkit[cublas,cudart,cufft,cufile,cupti,curand,cusolver,cusparse,nvjitlink,nvrtc,nvtx]==13.2.1; platform_system == "Linux"->torch>=2.0->braindecode==1.5.1->-r requirements-cloud.txt (line 9)) (13.4.0.1)
Requirement already satisfied: nvidia-cuda-nvrtc==13.2.78.* in ./.venv-cloud/lib/python3.12/site-packages (from cuda-toolkit[cublas,cudart,cufft,cufile,cupti,curand,cusolver,cusparse,nvjitlink,nvrtc,nvtx]==13.2.1; platform_system == "Linux"->torch>=2.0->braindecode==1.5.1->-r requirements-cloud.txt (line 9)) (13.2.78)
Requirement already satisfied: nvidia-cuda-runtime==13.2.75.* in ./.venv-cloud/lib/python3.12/site-packages (from cuda-toolkit[cublas,cudart,cufft,cufile,cupti,curand,cusolver,cusparse,nvjitlink,nvrtc,nvtx]==13.2.1; platform_system == "Linux"->torch>=2.0->braindecode==1.5.1->-r requirements-cloud.txt (line 9)) (13.2.75)
Requirement already satisfied: nvidia-cufft==12.2.0.46.* in ./.venv-cloud/lib/python3.12/site-packages (from cuda-toolkit[cublas,cudart,cufft,cufile,cupti,curand,cusolver,cusparse,nvjitlink,nvrtc,nvtx]==13.2.1; platform_system == "Linux"->torch>=2.0->braindecode==1.5.1->-r requirements-cloud.txt (line 9)) (12.2.0.46)
Requirement already satisfied: nvidia-nvjitlink<14,>=13.2.78 in ./.venv-cloud/lib/python3.12/site-packages (from cuda-toolkit[cublas,cudart,cufft,cufile,cupti,curand,cusolver,cusparse,nvjitlink,nvrtc,nvtx]==13.2.1; platform_system == "Linux"->torch>=2.0->braindecode==1.5.1->-r requirements-cloud.txt (line 9)) (13.4.92)
Requirement already satisfied: nvidia-cufile==1.17.1.22.* in ./.venv-cloud/lib/python3.12/site-packages (from cuda-toolkit[cublas,cudart,cufft,cufile,cupti,curand,cusolver,cusparse,nvjitlink,nvrtc,nvtx]==13.2.1; platform_system == "Linux"->torch>=2.0->braindecode==1.5.1->-r requirements-cloud.txt (line 9)) (1.17.1.22)
Requirement already satisfied: nvidia-cuda-cupti==13.2.75.* in ./.venv-cloud/lib/python3.12/site-packages (from cuda-toolkit[cublas,cudart,cufft,cufile,cupti,curand,cusolver,cusparse,nvjitlink,nvrtc,nvtx]==13.2.1; platform_system == "Linux"->torch>=2.0->braindecode==1.5.1->-r requirements-cloud.txt (line 9)) (13.2.75)
Requirement already satisfied: nvidia-curand==10.4.2.55.* in ./.venv-cloud/lib/python3.12/site-packages (from cuda-toolkit[cublas,cudart,cufft,cufile,cupti,curand,cusolver,cusparse,nvjitlink,nvrtc,nvtx]==13.2.1; platform_system == "Linux"->torch>=2.0->braindecode==1.5.1->-r requirements-cloud.txt (line 9)) (10.4.2.55)
Requirement already satisfied: nvidia-cusolver==12.2.0.1.* in ./.venv-cloud/lib/python3.12/site-packages (from cuda-toolkit[cublas,cudart,cufft,cufile,cupti,curand,cusolver,cusparse,nvjitlink,nvrtc,nvtx]==13.2.1; platform_system == "Linux"->torch>=2.0->braindecode==1.5.1->-r requirements-cloud.txt (line 9)) (12.2.0.1)
Requirement already satisfied: nvidia-cusparse==12.7.10.1.* in ./.venv-cloud/lib/python3.12/site-packages (from cuda-toolkit[cublas,cudart,cufft,cufile,cupti,curand,cusolver,cusparse,nvjitlink,nvrtc,nvtx]==13.2.1; platform_system == "Linux"->torch>=2.0->braindecode==1.5.1->-r requirements-cloud.txt (line 9)) (12.7.10.1)
Requirement already satisfied: nvidia-nvtx==13.2.75.* in ./.venv-cloud/lib/python3.12/site-packages (from cuda-toolkit[cublas,cudart,cufft,cufile,cupti,curand,cusolver,cusparse,nvjitlink,nvrtc,nvtx]==13.2.1; platform_system == "Linux"->torch>=2.0->braindecode==1.5.1->-r requirements-cloud.txt (line 9)) (13.2.75)
Requirement already satisfied: cuda-pathfinder>=1.4.2 in ./.venv-cloud/lib/python3.12/site-packages (from cuda-bindings<14,>=13.0.3->torch>=2.0->braindecode==1.5.1->-r requirements-cloud.txt (line 9)) (1.8.2)
Requirement already satisfied: mpmath<1.4,>=1.1.0 in ./.venv-cloud/lib/python3.12/site-packages (from sympy>=1.13.3->torch>=2.0->braindecode==1.5.1->-r requirements-cloud.txt (line 9)) (1.3.0)
Collecting typer>=0.12 (from nemar-py>=0.2.1->moabb==1.7.2->-r requirements-cloud.txt (line 8))
Collecting shellingham>=1.3.0 (from typer>=0.12->nemar-py>=0.2.1->moabb==1.7.2->-r requirements-cloud.txt (line 8))
  Using cached typer-0.27.2-py3-none-any.whl (123 kB)
  Downloading shellingham-1.5.4-py2.py3-none-any.whl (9.8 kB)
Collecting wcmatch>=10.1 (from nemar-py>=0.2.1->moabb==1.7.2->-r requirements-cloud.txt (line 8))
Collecting rich>=13.8.0 (from typer>=0.12->nemar-py>=0.2.1->moabb==1.7.2->-r requirements-cloud.txt (line 8))
  Using cached wcmatch-11.0.1-py3-none-any.whl (43 kB)
  Downloading rich-15.0.0-py3-none-any.whl (310 kB)
Collecting boto3>=1.34 (from nemar-py>=0.2.1->moabb==1.7.2->-r requirements-cloud.txt (line 8))
Collecting annotated-doc>=0.0.2 (from typer>=0.12->nemar-py>=0.2.1->moabb==1.7.2->-r requirements-cloud.txt (line 8))
  Using cached boto3-1.43.100-py3-none-any.whl (140 kB)
  Downloading annotated_doc-0.0.5-py3-none-any.whl (5.3 kB)
Collecting markdown-it-py>=2.2.0 (from rich>=13.8.0->typer>=0.12->nemar-py>=0.2.1->moabb==1.7.2->-r requirements-cloud.txt (line 8))
Collecting botocore<1.44.0,>=1.43.100 (from boto3>=1.34->nemar-py>=0.2.1->moabb==1.7.2->-r requirements-cloud.txt (line 8))
  Downloading markdown_it_py-4.2.0-py3-none-any.whl (91 kB)
  Using cached botocore-1.43.100-py3-none-any.whl (15.9 MB)
Collecting pygments<3.0.0,>=2.13.0 (from rich>=13.8.0->typer>=0.12->nemar-py>=0.2.1->moabb==1.7.2->-r requirements-cloud.txt (line 8))
Collecting jmespath<2.0.0,>=0.7.1 (from boto3>=1.34->nemar-py>=0.2.1->moabb==1.7.2->-r requirements-cloud.txt (line 8))
  Downloading pygments-2.21.0-py3-none-any.whl (1.3 MB)
     ━━━━━━━━━━━━━━━━━━━━━━━━━━━━━━━━━━━━━━━━ 1.3/1.3 MB 51.7 MB/s  0:00:00
  Using cached jmespath-1.1.0-py3-none-any.whl (20 kB)
Collecting mdurl~=0.1 (from markdown-it-py>=2.2.0->rich>=13.8.0->typer>=0.12->nemar-py>=0.2.1->moabb==1.7.2->-r requirements-cloud.txt (line 8))
Collecting s3transfer<0.20.0,>=0.19.0 (from boto3>=1.34->nemar-py>=0.2.1->moabb==1.7.2->-r requirements-cloud.txt (line 8))
  Downloading mdurl-0.1.2-py3-none-any.whl (10.0 kB)
  Using cached s3transfer-0.19.2-py3-none-any.whl (90 kB)
Collecting bracex>=3.0 (from wcmatch>=10.1->nemar-py>=0.2.1->moabb==1.7.2->-r requirements-cloud.txt (line 8))
Collecting six>=1.5 (from python-dateutil>=2.8.2->pandas==3.0.6->-r requirements-cloud.txt (line 4))
  Downloading bracex-3.0.1-py3-none-any.whl (11 kB)
  Using cached six-1.17.0-py2.py3-none-any.whl (11 kB)
Collecting anyio (from httpx>=0.25->nemar-py>=0.2.1->moabb==1.7.2->-r requirements-cloud.txt (line 8))
  Using cached anyio-4.15.1-py3-none-any.whl (132 kB)
Collecting aiohttp>=3.10.11 (from wfdb>=4.3.1->braindecode==1.5.1->-r requirements-cloud.txt (line 9))
Collecting certifi (from httpx>=0.25->nemar-py>=0.2.1->moabb==1.7.2->-r requirements-cloud.txt (line 8))
  Downloading aiohttp-3.14.3-cp312-cp312-manylinux2014_x86_64.manylinux_2_17_x86_64.manylinux_2_28_x86_64.whl (1.8 MB)
     ━━━━━━━━━━━━━━━━━━━━━━━━━━━━━━━━━━━━━━━━ 1.8/1.8 MB 82.0 MB/s  0:00:00
  Using cached certifi-2026.7.22-py3-none-any.whl (136 kB)
Collecting soundfile>=0.10.0 (from wfdb>=4.3.1->braindecode==1.5.1->-r requirements-cloud.txt (line 9))
Collecting httpcore==1.* (from httpx>=0.25->nemar-py>=0.2.1->moabb==1.7.2->-r requirements-cloud.txt (line 8))
  Downloading soundfile-0.14.0-py2.py3-none-manylinux_2_28_x86_64.whl (1.3 MB)
  Using cached httpcore-1.0.9-py3-none-any.whl (78 kB)
     ━━━━━━━━━━━━━━━━━━━━━━━━━━━━━━━━━━━━━━━━ 1.3/1.3 MB 7.6 MB/s  0:00:00
Collecting idna (from httpx>=0.25->nemar-py>=0.2.1->moabb==1.7.2->-r requirements-cloud.txt (line 8))
Collecting aiohappyeyeballs>=2.5.0 (from aiohttp>=3.10.11->wfdb>=4.3.1->braindecode==1.5.1->-r requirements-cloud.txt (line 9))
  Using cached idna-3.20-py3-none-any.whl (69 kB)
  Downloading aiohappyeyeballs-2.7.1-py3-none-any.whl (15 kB)
Collecting h11>=0.16 (from httpcore==1.*->httpx>=0.25->nemar-py>=0.2.1->moabb==1.7.2->-r requirements-cloud.txt (line 8))
Collecting aiosignal>=1.4.0 (from aiohttp>=3.10.11->wfdb>=4.3.1->braindecode==1.5.1->-r requirements-cloud.txt (line 9))
  Using cached h11-0.16.0-py3-none-any.whl (37 kB)
  Downloading aiosignal-1.4.0-py3-none-any.whl (7.5 kB)
Collecting platformdirs>=2.5.0 (from pooch>=1.5->mne==1.13.2->-r requirements-cloud.txt (line 7))
Collecting attrs>=17.3.0 (from aiohttp>=3.10.11->wfdb>=4.3.1->braindecode==1.5.1->-r requirements-cloud.txt (line 9))
  Using cached platformdirs-4.11.12-py3-none-any.whl (24 kB)
  Downloading attrs-26.1.0-py3-none-any.whl (67 kB)
Collecting annotated-types>=0.6.0 (from pydantic>=2.0->braindecode==1.5.1->-r requirements-cloud.txt (line 9))
Collecting frozenlist>=1.1.1 (from aiohttp>=3.10.11->wfdb>=4.3.1->braindecode==1.5.1->-r requirements-cloud.txt (line 9))
  Using cached annotated_types-0.8.0-py3-none-any.whl (13 kB)
  Downloading frozenlist-1.8.0-cp312-cp312-manylinux1_x86_64.manylinux_2_28_x86_64.manylinux_2_5_x86_64.whl (242 kB)
Collecting multidict<7.0,>=4.5 (from aiohttp>=3.10.11->wfdb>=4.3.1->braindecode==1.5.1->-r requirements-cloud.txt (line 9))
Collecting pydantic-core==2.46.5 (from pydantic>=2.0->braindecode==1.5.1->-r requirements-cloud.txt (line 9))
  Downloading multidict-6.9.1-cp312-cp312-manylinux2014_x86_64.manylinux_2_17_x86_64.manylinux_2_28_x86_64.whl (336 kB)
  Using cached pydantic_core-2.46.5-cp312-cp312-manylinux_2_17_x86_64.manylinux2014_x86_64.whl (2.1 MB)
Collecting propcache>=0.2.0 (from aiohttp>=3.10.11->wfdb>=4.3.1->braindecode==1.5.1->-r requirements-cloud.txt (line 9))
Collecting typing-inspection>=0.4.2 (from pydantic>=2.0->braindecode==1.5.1->-r requirements-cloud.txt (line 9))
  Downloading propcache-0.5.4-cp312-cp312-manylinux2014_x86_64.manylinux_2_17_x86_64.manylinux_2_28_x86_64.whl (250 kB)
  Using cached typing_inspection-0.4.4-py3-none-any.whl (14 kB)
Collecting xmltodict>0.13 (from pymatreader>=1.2.2->moabb==1.7.2->-r requirements-cloud.txt (line 8))
Collecting yarl<2.0,>=1.17.0 (from aiohttp>=3.10.11->wfdb>=4.3.1->braindecode==1.5.1->-r requirements-cloud.txt (line 9))
  Using cached xmltodict-1.0.4-py3-none-any.whl (13 kB)
  Downloading yarl-1.25.1-cp312-cp312-manylinux2014_x86_64.manylinux_2_17_x86_64.manylinux_2_28_x86_64.whl (117 kB)
Collecting array-api-compat>=1.11 (from pyriemann>=0.12->moabb==1.7.2->-r requirements-cloud.txt (line 8))
Collecting cffi>=1.0 (from soundfile>=0.10.0->wfdb>=4.3.1->braindecode==1.5.1->-r requirements-cloud.txt (line 9))
  Using cached array_api_compat-1.15.0-py3-none-any.whl (79 kB)
  Downloading cffi-2.1.1-cp312-cp312-manylinux2014_x86_64.manylinux_2_17_x86_64.whl (221 kB)
Collecting array-api-extra>=0.6 (from pyriemann>=0.12->moabb==1.7.2->-r requirements-cloud.txt (line 8))
Collecting pycparser (from cffi>=1.0->soundfile>=0.10.0->wfdb>=4.3.1->braindecode==1.5.1->-r requirements-cloud.txt (line 9))
  Using cached array_api_extra-0.11.4-py3-none-any.whl (120 kB)
  Downloading pycparser-3.0-py3-none-any.whl (48 kB)
Collecting charset_normalizer<4,>=2 (from requests>=2.28.1->moabb==1.7.2->-r requirements-cloud.txt (line 8))
Collecting axial-positional-embedding (from linear_attention_transformer->braindecode==1.5.1->-r requirements-cloud.txt (line 9))
  Using cached charset_normalizer-3.5.1-cp312-cp312-manylinux2014_x86_64.manylinux_2_17_x86_64.manylinux_2_28_x86_64.whl (248 kB)
Requirement already satisfied: setuptools>=77.0.3 in ./.venv-cloud/lib/python3.12/site-packages (from torch>=2.0->braindecode==1.5.1->-r requirements-cloud.txt (line 9)) (78.1.0)
Requirement already satisfied: sympy>=1.13.3 in ./.venv-cloud/lib/python3.12/site-packages (from torch>=2.0->braindecode==1.5.1->-r requirements-cloud.txt (line 9)) (1.14.0)
Requirement already satisfied: networkx>=2.5.1 in ./.venv-cloud/lib/python3.12/site-packages (from torch>=2.0->braindecode==1.5.1->-r requirements-cloud.txt (line 9)) (3.6.1)
Requirement already satisfied: fsspec>=0.8.5 in ./.venv-cloud/lib/python3.12/site-packages (from torch>=2.0->braindecode==1.5.1->-r requirements-cloud.txt (line 9)) (2026.7.0)
Requirement already satisfied: cuda-toolkit==13.2.1 in ./.venv-cloud/lib/python3.12/site-packages (from cuda-toolkit[cublas,cudart,cufft,cufile,cupti,curand,cusolver,cusparse,nvjitlink,nvrtc,nvtx]==13.2.1; platform_system == "Linux"->torch>=2.0->braindecode==1.5.1->-r requirements-cloud.txt (line 9)) (13.2.1)
Requirement already satisfied: cuda-bindings<14,>=13.0.3 in ./.venv-cloud/lib/python3.12/site-packages (from torch>=2.0->braindecode==1.5.1->-r requirements-cloud.txt (line 9)) (13.4.2)
Requirement already satisfied: nvidia-cudnn-cu13==9.24.0.43 in ./.venv-cloud/lib/python3.12/site-packages (from torch>=2.0->braindecode==1.5.1->-r requirements-cloud.txt (line 9)) (9.24.0.43)
Requirement already satisfied: nvidia-cusparselt-cu13==0.8.1 in ./.venv-cloud/lib/python3.12/site-packages (from torch>=2.0->braindecode==1.5.1->-r requirements-cloud.txt (line 9)) (0.8.1)
Requirement already satisfied: nvidia-nccl-cu13==2.30.7 in ./.venv-cloud/lib/python3.12/site-packages (from torch>=2.0->braindecode==1.5.1->-r requirements-cloud.txt (line 9)) (2.30.7)
Requirement already satisfied: nvidia-nvshmem-cu13==3.4.5 in ./.venv-cloud/lib/python3.12/site-packages (from torch>=2.0->braindecode==1.5.1->-r requirements-cloud.txt (line 9)) (3.4.5)
Requirement already satisfied: triton~=3.8.0 in ./.venv-cloud/lib/python3.12/site-packages (from torch>=2.0->braindecode==1.5.1->-r requirements-cloud.txt (line 9)) (3.8.0)
Requirement already satisfied: nvidia-cublas==13.4.0.1.* in ./.venv-cloud/lib/python3.12/site-packages (from cuda-toolkit[cublas,cudart,cufft,cufile,cupti,curand,cusolver,cusparse,nvjitlink,nvrtc,nvtx]==13.2.1; platform_system == "Linux"->torch>=2.0->braindecode==1.5.1->-r requirements-cloud.txt (line 9)) (13.4.0.1)
Requirement already satisfied: nvidia-cuda-nvrtc==13.2.78.* in ./.venv-cloud/lib/python3.12/site-packages (from cuda-toolkit[cublas,cudart,cufft,cufile,cupti,curand,cusolver,cusparse,nvjitlink,nvrtc,nvtx]==13.2.1; platform_system == "Linux"->torch>=2.0->braindecode==1.5.1->-r requirements-cloud.txt (line 9)) (13.2.78)
Requirement already satisfied: nvidia-cuda-runtime==13.2.75.* in ./.venv-cloud/lib/python3.12/site-packages (from cuda-toolkit[cublas,cudart,cufft,cufile,cupti,curand,cusolver,cusparse,nvjitlink,nvrtc,nvtx]==13.2.1; platform_system == "Linux"->torch>=2.0->braindecode==1.5.1->-r requirements-cloud.txt (line 9)) (13.2.75)
Requirement already satisfied: nvidia-cufft==12.2.0.46.* in ./.venv-cloud/lib/python3.12/site-packages (from cuda-toolkit[cublas,cudart,cufft,cufile,cupti,curand,cusolver,cusparse,nvjitlink,nvrtc,nvtx]==13.2.1; platform_system == "Linux"->torch>=2.0->braindecode==1.5.1->-r requirements-cloud.txt (line 9)) (12.2.0.46)
Requirement already satisfied: nvidia-nvjitlink<14,>=13.2.78 in ./.venv-cloud/lib/python3.12/site-packages (from cuda-toolkit[cublas,cudart,cufft,cufile,cupti,curand,cusolver,cusparse,nvjitlink,nvrtc,nvtx]==13.2.1; platform_system == "Linux"->torch>=2.0->braindecode==1.5.1->-r requirements-cloud.txt (line 9)) (13.4.92)
Requirement already satisfied: nvidia-cufile==1.17.1.22.* in ./.venv-cloud/lib/python3.12/site-packages (from cuda-toolkit[cublas,cudart,cufft,cufile,cupti,curand,cusolver,cusparse,nvjitlink,nvrtc,nvtx]==13.2.1; platform_system == "Linux"->torch>=2.0->braindecode==1.5.1->-r requirements-cloud.txt (line 9)) (1.17.1.22)
Requirement already satisfied: nvidia-cuda-cupti==13.2.75.* in ./.venv-cloud/lib/python3.12/site-packages (from cuda-toolkit[cublas,cudart,cufft,cufile,cupti,curand,cusolver,cusparse,nvjitlink,nvrtc,nvtx]==13.2.1; platform_system == "Linux"->torch>=2.0->braindecode==1.5.1->-r requirements-cloud.txt (line 9)) (13.2.75)
Requirement already satisfied: nvidia-curand==10.4.2.55.* in ./.venv-cloud/lib/python3.12/site-packages (from cuda-toolkit[cublas,cudart,cufft,cufile,cupti,curand,cusolver,cusparse,nvjitlink,nvrtc,nvtx]==13.2.1; platform_system == "Linux"->torch>=2.0->braindecode==1.5.1->-r requirements-cloud.txt (line 9)) (10.4.2.55)
Requirement already satisfied: nvidia-cusolver==12.2.0.1.* in ./.venv-cloud/lib/python3.12/site-packages (from cuda-toolkit[cublas,cudart,cufft,cufile,cupti,curand,cusolver,cusparse,nvjitlink,nvrtc,nvtx]==13.2.1; platform_system == "Linux"->torch>=2.0->braindecode==1.5.1->-r requirements-cloud.txt (line 9)) (12.2.0.1)
Requirement already satisfied: nvidia-cusparse==12.7.10.1.* in ./.venv-cloud/lib/python3.12/site-packages (from cuda-toolkit[cublas,cudart,cufft,cufile,cupti,curand,cusolver,cusparse,nvjitlink,nvrtc,nvtx]==13.2.1; platform_system == "Linux"->torch>=2.0->braindecode==1.5.1->-r requirements-cloud.txt (line 9)) (12.7.10.1)
Requirement already satisfied: nvidia-nvtx==13.2.75.* in ./.venv-cloud/lib/python3.12/site-packages (from cuda-toolkit[cublas,cudart,cufft,cufile,cupti,curand,cusolver,cusparse,nvjitlink,nvrtc,nvtx]==13.2.1; platform_system == "Linux"->torch>=2.0->braindecode==1.5.1->-r requirements-cloud.txt (line 9)) (13.2.75)
Requirement already satisfied: cuda-pathfinder>=1.4.2 in ./.venv-cloud/lib/python3.12/site-packages (from cuda-bindings<14,>=13.0.3->torch>=2.0->braindecode==1.5.1->-r requirements-cloud.txt (line 9)) (1.8.2)
Requirement already satisfied: mpmath<1.4,>=1.1.0 in ./.venv-cloud/lib/python3.12/site-packages (from sympy>=1.13.3->torch>=2.0->braindecode==1.5.1->-r requirements-cloud.txt (line 9)) (1.3.0)
  Downloading axial_positional_embedding-0.3.12-py3-none-any.whl (6.7 kB)
Collecting shellingham>=1.3.0 (from typer>=0.12->nemar-py>=0.2.1->moabb==1.7.2->-r requirements-cloud.txt (line 8))
Collecting einops (from linear_attention_transformer->braindecode==1.5.1->-r requirements-cloud.txt (line 9))
  Using cached shellingham-1.5.4-py2.py3-none-any.whl (9.8 kB)
  Downloading einops-0.8.2-py3-none-any.whl (65 kB)
Collecting rich>=13.8.0 (from typer>=0.12->nemar-py>=0.2.1->moabb==1.7.2->-r requirements-cloud.txt (line 8))
Collecting linformer>=0.1.0 (from linear_attention_transformer->braindecode==1.5.1->-r requirements-cloud.txt (line 9))
  Using cached rich-15.0.0-py3-none-any.whl (310 kB)
  Downloading linformer-0.2.3-py3-none-any.whl (6.2 kB)
Collecting annotated-doc>=0.0.2 (from typer>=0.12->nemar-py>=0.2.1->moabb==1.7.2->-r requirements-cloud.txt (line 8))
Collecting local-attention (from linear_attention_transformer->braindecode==1.5.1->-r requirements-cloud.txt (line 9))
  Using cached annotated_doc-0.0.5-py3-none-any.whl (5.3 kB)
  Downloading local_attention-1.11.2-py3-none-any.whl (9.5 kB)
Collecting markdown-it-py>=2.2.0 (from rich>=13.8.0->typer>=0.12->nemar-py>=0.2.1->moabb==1.7.2->-r requirements-cloud.txt (line 8))
Collecting product-key-memory>=0.1.5 (from linear_attention_transformer->braindecode==1.5.1->-r requirements-cloud.txt (line 9))
  Using cached markdown_it_py-4.2.0-py3-none-any.whl (91 kB)
  Downloading product_key_memory-0.3.0-py3-none-any.whl (8.3 kB)
Collecting pygments<3.0.0,>=2.13.0 (from rich>=13.8.0->typer>=0.12->nemar-py>=0.2.1->moabb==1.7.2->-r requirements-cloud.txt (line 8))
Collecting colt5-attention>=0.10.14 (from product-key-memory>=0.1.5->linear_attention_transformer->braindecode==1.5.1->-r requirements-cloud.txt (line 9))
  Using cached pygments-2.21.0-py3-none-any.whl (1.3 MB)
  Downloading colt5_attention-0.11.2-py3-none-any.whl (23 kB)
Collecting mdurl~=0.1 (from markdown-it-py>=2.2.0->rich>=13.8.0->typer>=0.12->nemar-py>=0.2.1->moabb==1.7.2->-r requirements-cloud.txt (line 8))
Collecting hyper-connections>=0.1.8 (from local-attention->linear_attention_transformer->braindecode==1.5.1->-r requirements-cloud.txt (line 9))
  Using cached mdurl-0.1.2-py3-none-any.whl (10.0 kB)
  Downloading hyper_connections-0.4.11-py3-none-any.whl (29 kB)
Collecting bracex>=3.0 (from wcmatch>=10.1->nemar-py>=0.2.1->moabb==1.7.2->-r requirements-cloud.txt (line 8))
Collecting torch-einops-utils>=0.0.20 (from hyper-connections>=0.1.8->local-attention->linear_attention_transformer->braindecode==1.5.1->-r requirements-cloud.txt (line 9))
  Using cached bracex-3.0.1-py3-none-any.whl (11 kB)
  Downloading torch_einops_utils-0.1.29-py3-none-any.whl (15 kB)
Installing collected packages: torchaudio, xmltodict, urllib3, typing-inspection, tqdm, torchinfo, threadpoolctl, tabulate, six, shellingham, PyYAML, pyparsing, pygments, pydantic-core, pycparser, pycountry, psutil, propcache, platformdirs, pillow, packaging, numpy, narwhals, multidict, mdurl, kiwisolver, jmespath, idna, h11, frozenlist, fonttools, einops, docstring-inheritance, decorator, cycler, coverage, cloudpickle, charset_normalizer, certifi, bracex, attrs, array-api-compat, annotated-types, annotated-doc, aiohappyeyeballs, yarl, wcmatch, scipy, requests, python-dateutil, pydantic, pybv, memory-profiler, markdown-it-py, lazy-loader, joblib, httpcore, h5py, edflib-python, edfio, contourpy, cffi, array-api-extra, anyio, aiosignal, soundfile, scikit-learn, rich, remotezip, pymatreader, pooch, pandas, matplotlib, httpx, botocore, aiohttp, wfdb, typer, skorch, seaborn, s3transfer, pyriemann, mne, torch-einops-utils, rotary_embedding_torch, mne-bids, linformer, boto3, axial-positional-embedding, nemar-py, hyper-connections, moabb, local-attention, colt5-attention, product-key-memory, linear_attention_transformer, braindecode
Collecting aiohttp>=3.10.11 (from wfdb>=4.3.1->braindecode==1.5.1->-r requirements-cloud.txt (line 9))
  Using cached aiohttp-3.14.3-cp312-cp312-manylinux2014_x86_64.manylinux_2_17_x86_64.manylinux_2_28_x86_64.whl (1.8 MB)
Collecting soundfile>=0.10.0 (from wfdb>=4.3.1->braindecode==1.5.1->-r requirements-cloud.txt (line 9))
  Using cached soundfile-0.14.0-py2.py3-none-manylinux_2_28_x86_64.whl (1.3 MB)
Collecting aiohappyeyeballs>=2.5.0 (from aiohttp>=3.10.11->wfdb>=4.3.1->braindecode==1.5.1->-r requirements-cloud.txt (line 9))
  Using cached aiohappyeyeballs-2.7.1-py3-none-any.whl (15 kB)
Collecting aiosignal>=1.4.0 (from aiohttp>=3.10.11->wfdb>=4.3.1->braindecode==1.5.1->-r requirements-cloud.txt (line 9))
  Using cached aiosignal-1.4.0-py3-none-any.whl (7.5 kB)
Collecting attrs>=17.3.0 (from aiohttp>=3.10.11->wfdb>=4.3.1->braindecode==1.5.1->-r requirements-cloud.txt (line 9))
  Using cached attrs-26.1.0-py3-none-any.whl (67 kB)
Collecting frozenlist>=1.1.1 (from aiohttp>=3.10.11->wfdb>=4.3.1->braindecode==1.5.1->-r requirements-cloud.txt (line 9))
  Using cached frozenlist-1.8.0-cp312-cp312-manylinux1_x86_64.manylinux_2_28_x86_64.manylinux_2_5_x86_64.whl (242 kB)
Collecting multidict<7.0,>=4.5 (from aiohttp>=3.10.11->wfdb>=4.3.1->braindecode==1.5.1->-r requirements-cloud.txt (line 9))
  Using cached multidict-6.9.1-cp312-cp312-manylinux2014_x86_64.manylinux_2_17_x86_64.manylinux_2_28_x86_64.whl (336 kB)
Collecting propcache>=0.2.0 (from aiohttp>=3.10.11->wfdb>=4.3.1->braindecode==1.5.1->-r requirements-cloud.txt (line 9))
  Using cached propcache-0.5.4-cp312-cp312-manylinux2014_x86_64.manylinux_2_17_x86_64.manylinux_2_28_x86_64.whl (250 kB)
Collecting yarl<2.0,>=1.17.0 (from aiohttp>=3.10.11->wfdb>=4.3.1->braindecode==1.5.1->-r requirements-cloud.txt (line 9))

Successfully installed MarkupSafe-3.0.3 cuda-bindings-13.4.2 cuda-pathfinder-1.8.2 cuda-toolkit-13.2.1 filelock-3.32.3 fsspec-2026.7.0 jinja2-3.1.6 mpmath-1.3.0 networkx-3.6.1 nvidia-cublas-13.4.0.1 nvidia-cuda-cupti-13.2.75 nvidia-cuda-nvrtc-13.2.78 nvidia-cuda-runtime-13.2.75 nvidia-cudnn-cu13-9.24.0.43 nvidia-cufft-12.2.0.46 nvidia-cufile-1.17.1.22 nvidia-curand-10.4.2.55 nvidia-cusolver-12.2.0.1 nvidia-cusparse-12.7.10.1 nvidia-cusparselt-cu13-0.8.1 nvidia-nccl-cu13-2.30.7 nvidia-nvjitlink-13.4.92 nvidia-nvshmem-cu13-3.4.5 nvidia-nvtx-13.2.75 setuptools-78.1.0 sympy-1.14.0 torch-2.14.0+cu132 triton-3.8.0 typing-extensions-4.16.0
  Using cached yarl-1.25.1-cp312-cp312-manylinux2014_x86_64.manylinux_2_17_x86_64.manylinux_2_28_x86_64.whl (117 kB)
Looking in indexes: https://pypi.tuna.tsinghua.edu.cn/simple
Requirement already satisfied: numpy==2.5.3 in ./.venv-cloud/lib/python3.12/site-packages (from -r requirements-cloud.txt (line 2)) (2.5.3)
Requirement already satisfied: scipy==1.18.1 in ./.venv-cloud/lib/python3.12/site-packages (from -r requirements-cloud.txt (line 3)) (1.18.1)
Collecting cffi>=1.0 (from soundfile>=0.10.0->wfdb>=4.3.1->braindecode==1.5.1->-r requirements-cloud.txt (line 9))
  Using cached cffi-2.1.1-cp312-cp312-manylinux2014_x86_64.manylinux_2_17_x86_64.whl (221 kB)
Collecting pycparser (from cffi>=1.0->soundfile>=0.10.0->wfdb>=4.3.1->braindecode==1.5.1->-r requirements-cloud.txt (line 9))
  Using cached pycparser-3.0-py3-none-any.whl (48 kB)
Collecting pandas==3.0.6 (from -r requirements-cloud.txt (line 4))
Collecting axial-positional-embedding (from linear_attention_transformer->braindecode==1.5.1->-r requirements-cloud.txt (line 9))
  Using cached pandas-3.0.6-cp312-cp312-manylinux_2_24_x86_64.manylinux_2_28_x86_64.whl (10.8 MB)
  Using cached axial_positional_embedding-0.3.12-py3-none-any.whl (6.7 kB)
Collecting scikit-learn==1.9.1 (from -r requirements-cloud.txt (line 5))
Collecting einops (from linear_attention_transformer->braindecode==1.5.1->-r requirements-cloud.txt (line 9))
  Using cached scikit_learn-1.9.1-cp312-cp312-manylinux_2_27_x86_64.manylinux_2_28_x86_64.whl (9.2 MB)
  Using cached einops-0.8.2-py3-none-any.whl (65 kB)
Collecting matplotlib==3.11.2 (from -r requirements-cloud.txt (line 6))
Collecting linformer>=0.1.0 (from linear_attention_transformer->braindecode==1.5.1->-r requirements-cloud.txt (line 9))
  Using cached matplotlib-3.11.2-cp312-cp312-manylinux2014_x86_64.manylinux_2_17_x86_64.whl (9.9 MB)
  Using cached linformer-0.2.3-py3-none-any.whl (6.2 kB)
Collecting mne==1.13.2 (from -r requirements-cloud.txt (line 7))
Collecting local-attention (from linear_attention_transformer->braindecode==1.5.1->-r requirements-cloud.txt (line 9))
  Using cached mne-1.13.2-py3-none-any.whl (7.7 MB)
  Using cached local_attention-1.11.2-py3-none-any.whl (9.5 kB)
Collecting moabb==1.7.2 (from -r requirements-cloud.txt (line 8))
Collecting product-key-memory>=0.1.5 (from linear_attention_transformer->braindecode==1.5.1->-r requirements-cloud.txt (line 9))
  Using cached moabb-1.7.2-py3-none-any.whl (980 kB)
  Using cached product_key_memory-0.3.0-py3-none-any.whl (8.3 kB)
Collecting colt5-attention>=0.10.14 (from product-key-memory>=0.1.5->linear_attention_transformer->braindecode==1.5.1->-r requirements-cloud.txt (line 9))
Collecting braindecode==1.5.1 (from -r requirements-cloud.txt (line 9))
  Using cached colt5_attention-0.11.2-py3-none-any.whl (23 kB)
  Using cached braindecode-1.5.1-py3-none-any.whl (574 kB)
Collecting hyper-connections>=0.1.8 (from local-attention->linear_attention_transformer->braindecode==1.5.1->-r requirements-cloud.txt (line 9))
Collecting skorch==1.4.0 (from -r requirements-cloud.txt (line 10))
  Using cached hyper_connections-0.4.11-py3-none-any.whl (29 kB)
  Using cached skorch-1.4.0-py3-none-any.whl (271 kB)
Requirement already satisfied: torchaudio==2.11.0 in ./.venv-cloud/lib/python3.12/site-packages (from -r requirements-cloud.txt (line 11)) (2.11.0)
Requirement already satisfied: threadpoolctl==3.7.0 in ./.venv-cloud/lib/python3.12/site-packages (from -r requirements-cloud.txt (line 12)) (3.7.0)
Collecting torch-einops-utils>=0.0.20 (from hyper-connections>=0.1.8->local-attention->linear_attention_transformer->braindecode==1.5.1->-r requirements-cloud.txt (line 9))
Collecting python-dateutil>=2.8.2 (from pandas==3.0.6->-r requirements-cloud.txt (line 4))
  Using cached torch_einops_utils-0.1.29-py3-none-any.whl (15 kB)
  Using cached python_dateutil-2.9.0.post0-py2.py3-none-any.whl (229 kB)
Installing collected packages: torchaudio, xmltodict, urllib3, typing-inspection, tqdm, torchinfo, threadpoolctl, tabulate, six, shellingham, PyYAML, pyparsing, pygments, pydantic-core, pycparser, pycountry, psutil, propcache, platformdirs, pillow, packaging, numpy, narwhals, multidict, mdurl, kiwisolver, jmespath, idna, h11, frozenlist, fonttools, einops, docstring-inheritance, decorator, cycler, coverage, cloudpickle, charset_normalizer, certifi, bracex, attrs, array-api-compat, annotated-types, annotated-doc, aiohappyeyeballs, yarl, wcmatch, scipy, requests, python-dateutil, pydantic, pybv, memory-profiler, markdown-it-py, lazy-loader, joblib, httpcore, h5py, edflib-python, edfio, contourpy, cffi, array-api-extra, anyio, aiosignal, soundfile, scikit-learn, rich, remotezip, pymatreader, pooch, pandas, matplotlib, httpx, botocore, aiohttp, wfdb, typer, skorch, seaborn, s3transfer, pyriemann, mne, torch-einops-utils, rotary_embedding_torch, mne-bids, linformer, boto3, axial-positional-embedding, nemar-py, hyper-connections, moabb, local-attention, colt5-attention, product-key-memory, linear_attention_transformer, braindecode
Collecting joblib>=1.4.0 (from scikit-learn==1.9.1->-r requirements-cloud.txt (line 5))
  Using cached joblib-1.6.0-py3-none-any.whl (306 kB)
Requirement already satisfied: narwhals>=2.0.1 in ./.venv-cloud/lib/python3.12/site-packages (from scikit-learn==1.9.1->-r requirements-cloud.txt (line 5)) (2.26.0)
Collecting contourpy>=1.0.1 (from matplotlib==3.11.2->-r requirements-cloud.txt (line 6))
  Using cached contourpy-1.4.0-cp312-cp312-manylinux_2_27_x86_64.manylinux_2_28_x86_64.whl (383 kB)
Requirement already satisfied: cycler>=0.10 in ./.venv-cloud/lib/python3.12/site-packages (from matplotlib==3.11.2->-r requirements-cloud.txt (line 6)) (0.12.1)
Requirement already satisfied: fonttools>=4.28.2 in ./.venv-cloud/lib/python3.12/site-packages (from matplotlib==3.11.2->-r requirements-cloud.txt (line 6)) (4.65.0)
Requirement already satisfied: kiwisolver>=1.3.1 in ./.venv-cloud/lib/python3.12/site-packages (from matplotlib==3.11.2->-r requirements-cloud.txt (line 6)) (1.5.1)
Requirement already satisfied: packaging>=20.0 in ./.venv-cloud/lib/python3.12/site-packages (from matplotlib==3.11.2->-r requirements-cloud.txt (line 6)) (26.3)
Requirement already satisfied: pillow>=9 in ./.venv-cloud/lib/python3.12/site-packages (from matplotlib==3.11.2->-r requirements-cloud.txt (line 6)) (12.3.0)
Requirement already satisfied: pyparsing>=3 in ./.venv-cloud/lib/python3.12/site-packages (from matplotlib==3.11.2->-r requirements-cloud.txt (line 6)) (3.3.3)
Requirement already satisfied: decorator>=5.1 in ./.venv-cloud/lib/python3.12/site-packages (from mne==1.13.2->-r requirements-cloud.txt (line 7)) (5.3.1)
Requirement already satisfied: jinja2>=3.1 in ./.venv-cloud/lib/python3.12/site-packages (from mne==1.13.2->-r requirements-cloud.txt (line 7)) (3.1.6)
Collecting lazy-loader>=0.3 (from mne==1.13.2->-r requirements-cloud.txt (line 7))
  Using cached lazy_loader-0.6-py3-none-any.whl (8.8 kB)
Collecting pooch>=1.5 (from mne==1.13.2->-r requirements-cloud.txt (line 7))
  Using cached pooch-1.9.0-py3-none-any.whl (67 kB)
Requirement already satisfied: tqdm>=4.66 in ./.venv-cloud/lib/python3.12/site-packages (from mne==1.13.2->-r requirements-cloud.txt (line 7)) (4.70.1)
Collecting h5py>=3.10.0 (from moabb==1.7.2->-r requirements-cloud.txt (line 8))
  Using cached h5py-3.16.0-cp312-cp312-manylinux_2_28_x86_64.whl (5.4 MB)
Collecting pymatreader>=1.2.2 (from moabb==1.7.2->-r requirements-cloud.txt (line 8))
  Using cached pymatreader-1.3.1-py3-none-any.whl (10 kB)
Collecting seaborn>=0.12.1 (from moabb==1.7.2->-r requirements-cloud.txt (line 8))
  Using cached seaborn-0.13.2-py3-none-any.whl (294 kB)
Collecting pyriemann>=0.12 (from moabb==1.7.2->-r requirements-cloud.txt (line 8))
  Using cached pyriemann-0.12-py2.py3-none-any.whl (153 kB)
Requirement already satisfied: PyYAML>=6.0 in ./.venv-cloud/lib/python3.12/site-packages (from moabb==1.7.2->-r requirements-cloud.txt (line 8)) (6.0.3)
Collecting nemar-py>=0.2.1 (from moabb==1.7.2->-r requirements-cloud.txt (line 8))
  Using cached nemar_py-0.3.0-py3-none-any.whl (72 kB)
Collecting requests>=2.28.1 (from moabb==1.7.2->-r requirements-cloud.txt (line 8))
  Using cached requests-2.34.2-py3-none-any.whl (73 kB)
Collecting remotezip>=0.12.3 (from moabb==1.7.2->-r requirements-cloud.txt (line 8))
  Using cached remotezip-0.12.6-py3-none-any.whl (8.6 kB)
Requirement already satisfied: urllib3>=1.26.15 in ./.venv-cloud/lib/python3.12/site-packages (from moabb==1.7.2->-r requirements-cloud.txt (line 8)) (2.8.0)
Requirement already satisfied: coverage>=7.0.1 in ./.venv-cloud/lib/python3.12/site-packages (from moabb==1.7.2->-r requirements-cloud.txt (line 8)) (7.16.1)
Collecting memory-profiler>=0.61.0 (from moabb==1.7.2->-r requirements-cloud.txt (line 8))
  Using cached memory_profiler-0.61.0-py3-none-any.whl (31 kB)
Collecting edflib-python>=1.0.6 (from moabb==1.7.2->-r requirements-cloud.txt (line 8))
  Using cached EDFlib_Python-1.0.8-py3-none-any.whl (26 kB)

Successfully installed PyYAML-6.0.3 aiohappyeyeballs-2.7.1 aiohttp-3.14.3 aiosignal-1.4.0 annotated-doc-0.0.5 annotated-types-0.8.0 anyio-4.15.1 array-api-compat-1.15.0 array-api-extra-0.11.4 attrs-26.1.0 axial-positional-embedding-0.3.12 boto3-1.43.100 botocore-1.43.100 bracex-3.0.1 braindecode-1.5.1 certifi-2026.7.22 cffi-2.1.1 charset_normalizer-3.5.1 cloudpickle-3.1.2 colt5-attention-0.11.2 contourpy-1.4.0 coverage-7.16.1 cycler-0.12.1 decorator-5.3.1 docstring-inheritance-3.0.0 edfio-0.4.17 edflib-python-1.0.8 einops-0.8.2 fonttools-4.65.0 frozenlist-1.8.0 h11-0.16.0 h5py-3.16.0 httpcore-1.0.9 httpx-0.28.1 hyper-connections-0.4.11 idna-3.20 jmespath-1.1.0 joblib-1.6.0 kiwisolver-1.5.1 lazy-loader-0.6 linear_attention_transformer-0.19.1 linformer-0.2.3 local-attention-1.11.2 markdown-it-py-4.2.0 matplotlib-3.11.2 mdurl-0.1.2 memory-profiler-0.61.0 mne-1.13.2 mne-bids-0.19.0 moabb-1.7.2 multidict-6.9.1 narwhals-2.26.0 nemar-py-0.3.0 numpy-2.5.3 packaging-26.3 pandas-3.0.6 pillow-12.3.0 platformdirs-4.11.12 pooch-1.9.0 product-key-memory-0.3.0 propcache-0.5.4 psutil-7.2.2 pybv-0.8.1 pycountry-26.2.16 pycparser-3.0 pydantic-2.13.5 pydantic-core-2.46.5 pygments-2.21.0 pymatreader-1.3.1 pyparsing-3.3.3 pyriemann-0.12 python-dateutil-2.9.0.post0 remotezip-0.12.6 requests-2.34.2 rich-15.0.0 rotary_embedding_torch-0.9.1 s3transfer-0.19.2 scikit-learn-1.9.1 scipy-1.18.1 seaborn-0.13.2 shellingham-1.5.4 six-1.17.0 skorch-1.4.0 soundfile-0.14.0 tabulate-0.10.0 threadpoolctl-3.7.0 torch-einops-utils-0.1.29 torchaudio-2.11.0 torchinfo-1.8.0 tqdm-4.70.1 typer-0.27.2 typing-inspection-0.4.4 urllib3-2.8.0 wcmatch-11.0.1 wfdb-4.3.1 xmltodict-1.0.4 yarl-1.25.1
Collecting edfio>=0.4.2 (from moabb==1.7.2->-r requirements-cloud.txt (line 8))
  Using cached edfio-0.4.17-py3-none-any.whl (31 kB)
Requirement already satisfied: filelock>=3.18.0 in ./.venv-cloud/lib/python3.12/site-packages (from moabb==1.7.2->-r requirements-cloud.txt (line 8)) (3.32.3)
Looking in indexes: https://pypi.tuna.tsinghua.edu.cn/simple
Obtaining file:///workspace/Q5_EEGNet_Cloud_Ready
  Installing build dependencies: started
Collecting mne-bids>=0.19 (from moabb==1.7.2->-r requirements-cloud.txt (line 8))
  Using cached mne_bids-0.19.0-py3-none-any.whl (189 kB)
Collecting pybv>=0.7.3 (from moabb==1.7.2->-r requirements-cloud.txt (line 8))
  Using cached pybv-0.8.1-py3-none-any.whl (16 kB)
Requirement already satisfied: pycountry>=24.6.1 in ./.venv-cloud/lib/python3.12/site-packages (from moabb==1.7.2->-r requirements-cloud.txt (line 8)) (26.2.16)
Requirement already satisfied: docstring-inheritance>=2.0.0 in ./.venv-cloud/lib/python3.12/site-packages (from moabb==1.7.2->-r requirements-cloud.txt (line 8)) (3.0.0)
Requirement already satisfied: torch>=2.0 in ./.venv-cloud/lib/python3.12/site-packages (from braindecode==1.5.1->-r requirements-cloud.txt (line 9)) (2.14.0+cu132)
Requirement already satisfied: torchinfo in ./.venv-cloud/lib/python3.12/site-packages (from braindecode==1.5.1->-r requirements-cloud.txt (line 9)) (1.8.0)
Collecting wfdb>=4.3.1 (from braindecode==1.5.1->-r requirements-cloud.txt (line 9))
  Using cached wfdb-4.3.1-py3-none-any.whl (163 kB)
Collecting linear_attention_transformer (from braindecode==1.5.1->-r requirements-cloud.txt (line 9))
  Using cached linear_attention_transformer-0.19.1-py3-none-any.whl (12 kB)
Collecting rotary_embedding_torch (from braindecode==1.5.1->-r requirements-cloud.txt (line 9))
  Using cached rotary_embedding_torch-0.9.1-py3-none-any.whl (17 kB)
Collecting pydantic>=2.0 (from braindecode==1.5.1->-r requirements-cloud.txt (line 9))
  Using cached pydantic-2.13.5-py3-none-any.whl (472 kB)
Requirement already satisfied: tabulate>=0.7.7 in ./.venv-cloud/lib/python3.12/site-packages (from skorch==1.4.0->-r requirements-cloud.txt (line 10)) (0.10.0)
Requirement already satisfied: typing-extensions<5,>=4 in ./.venv-cloud/lib/python3.12/site-packages (from docstring-inheritance>=2.0.0->moabb==1.7.2->-r requirements-cloud.txt (line 8)) (4.16.0)
Requirement already satisfied: MarkupSafe>=2.0 in ./.venv-cloud/lib/python3.12/site-packages (from jinja2>=3.1->mne==1.13.2->-r requirements-cloud.txt (line 7)) (3.0.3)
Requirement already satisfied: cloudpickle>=3.0 in ./.venv-cloud/lib/python3.12/site-packages (from joblib>=1.4.0->scikit-learn==1.9.1->-r requirements-cloud.txt (line 5)) (3.1.2)
Requirement already satisfied: psutil in ./.venv-cloud/lib/python3.12/site-packages (from memory-profiler>=0.61.0->moabb==1.7.2->-r requirements-cloud.txt (line 8)) (7.2.2)
Collecting httpx>=0.25 (from nemar-py>=0.2.1->moabb==1.7.2->-r requirements-cloud.txt (line 8))
  Using cached httpx-0.28.1-py3-none-any.whl (73 kB)
Collecting typer>=0.12 (from nemar-py>=0.2.1->moabb==1.7.2->-r requirements-cloud.txt (line 8))
  Using cached typer-0.27.2-py3-none-any.whl (123 kB)
Requirement already satisfied: wcmatch>=10.1 in ./.venv-cloud/lib/python3.12/site-packages (from nemar-py>=0.2.1->moabb==1.7.2->-r requirements-cloud.txt (line 8)) (11.0.1)
  Installing build dependencies: finished with status 'done'
  Checking if build backend supports build_editable: started
Collecting boto3>=1.34 (from nemar-py>=0.2.1->moabb==1.7.2->-r requirements-cloud.txt (line 8))
  Checking if build backend supports build_editable: finished with status 'done'
  Getting requirements to build editable: started
  Using cached boto3-1.43.100-py3-none-any.whl (140 kB)
  Getting requirements to build editable: finished with status 'done'
  Preparing editable metadata (pyproject.toml): started
  Preparing editable metadata (pyproject.toml): finished with status 'done'
Building wheels for collected packages: cross-subject-mi-eeg
  Building editable for cross-subject-mi-eeg (pyproject.toml): started
  Building editable for cross-subject-mi-eeg (pyproject.toml): finished with status 'done'
  Created wheel for cross-subject-mi-eeg: filename=cross_subject_mi_eeg-0.1.0-0.editable-py3-none-any.whl size=3819 sha256=0fa8b560ba2d9de855d76c540425f040a6162d4192beba5a6872a9d8885414b4
  Stored in directory: /tmp/pip-ephem-wheel-cache-kmx6rwth/wheels/b3/9c/d9/f857c005db62ced61aefda108f944d2c6c235ee5f80ed3fe53
Successfully built cross-subject-mi-eeg
Installing collected packages: cross-subject-mi-eeg
Successfully installed cross-subject-mi-eeg-0.1.0
Collecting botocore<1.44.0,>=1.43.100 (from boto3>=1.34->nemar-py>=0.2.1->moabb==1.7.2->-r requirements-cloud.txt (line 8))
Dependencies installed. The following check uses the real CUDA device.
  Using cached botocore-1.43.100-py3-none-any.whl (15.9 MB)
Requirement already satisfied: jmespath<2.0.0,>=0.7.1 in ./.venv-cloud/lib/python3.12/site-packages (from boto3>=1.34->nemar-py>=0.2.1->moabb==1.7.2->-r requirements-cloud.txt (line 8)) (1.1.0)
Collecting s3transfer<0.20.0,>=0.19.0 (from boto3>=1.34->nemar-py>=0.2.1->moabb==1.7.2->-r requirements-cloud.txt (line 8))
  Using cached s3transfer-0.19.2-py3-none-any.whl (90 kB)
Requirement already satisfied: six>=1.5 in ./.venv-cloud/lib/python3.12/site-packages (from python-dateutil>=2.8.2->pandas==3.0.6->-r requirements-cloud.txt (line 4)) (1.17.0)
Collecting anyio (from httpx>=0.25->nemar-py>=0.2.1->moabb==1.7.2->-r requirements-cloud.txt (line 8))
  Using cached anyio-4.15.1-py3-none-any.whl (132 kB)
Requirement already satisfied: certifi in ./.venv-cloud/lib/python3.12/site-packages (from httpx>=0.25->nemar-py>=0.2.1->moabb==1.7.2->-r requirements-cloud.txt (line 8)) (2026.7.22)
Collecting httpcore==1.* (from httpx>=0.25->nemar-py>=0.2.1->moabb==1.7.2->-r requirements-cloud.txt (line 8))
  Using cached httpcore-1.0.9-py3-none-any.whl (78 kB)
Requirement already satisfied: idna in ./.venv-cloud/lib/python3.12/site-packages (from httpx>=0.25->nemar-py>=0.2.1->moabb==1.7.2->-r requirements-cloud.txt (line 8)) (3.20)
Requirement already satisfied: h11>=0.16 in ./.venv-cloud/lib/python3.12/site-packages (from httpcore==1.*->httpx>=0.25->nemar-py>=0.2.1->moabb==1.7.2->-r requirements-cloud.txt (line 8)) (0.16.0)
Requirement already satisfied: platformdirs>=2.5.0 in ./.venv-cloud/lib/python3.12/site-packages (from pooch>=1.5->mne==1.13.2->-r requirements-cloud.txt (line 7)) (4.11.12)
Requirement already satisfied: annotated-types>=0.6.0 in ./.venv-cloud/lib/python3.12/site-packages (from pydantic>=2.0->braindecode==1.5.1->-r requirements-cloud.txt (line 9)) (0.8.0)
Requirement already satisfied: pydantic-core==2.46.5 in ./.venv-cloud/lib/python3.12/site-packages (from pydantic>=2.0->braindecode==1.5.1->-r requirements-cloud.txt (line 9)) (2.46.5)
Requirement already satisfied: typing-inspection>=0.4.2 in ./.venv-cloud/lib/python3.12/site-packages (from pydantic>=2.0->braindecode==1.5.1->-r requirements-cloud.txt (line 9)) (0.4.4)
Requirement already satisfied: xmltodict>0.13 in ./.venv-cloud/lib/python3.12/site-packages (from pymatreader>=1.2.2->moabb==1.7.2->-r requirements-cloud.txt (line 8)) (1.0.4)
Requirement already satisfied: array-api-compat>=1.11 in ./.venv-cloud/lib/python3.12/site-packages (from pyriemann>=0.12->moabb==1.7.2->-r requirements-cloud.txt (line 8)) (1.15.0)
Python: 3.12.11
PyTorch: 2.14.0+cu132
PyTorch CUDA runtime: 13.2
GPU 0: NVIDIA GeForce RTX 5090; compute capability 12.0; 31.4 GiB
CUDA allocation and matrix operation passed on cuda:0.
Collecting array-api-extra>=0.6 (from pyriemann>=0.12->moabb==1.7.2->-r requirements-cloud.txt (line 8))
  Using cached array_api_extra-0.11.4-py3-none-any.whl (120 kB)
Requirement already satisfied: charset_normalizer<4,>=2 in ./.venv-cloud/lib/python3.12/site-packages (from requests>=2.28.1->moabb==1.7.2->-r requirements-cloud.txt (line 8)) (3.5.1)
Requirement already satisfied: setuptools>=77.0.3 in ./.venv-cloud/lib/python3.12/site-packages (from torch>=2.0->braindecode==1.5.1->-r requirements-cloud.txt (line 9)) (78.1.0)
Requirement already satisfied: sympy>=1.13.3 in ./.venv-cloud/lib/python3.12/site-packages (from torch>=2.0->braindecode==1.5.1->-r requirements-cloud.txt (line 9)) (1.14.0)
Requirement already satisfied: networkx>=2.5.1 in ./.venv-cloud/lib/python3.12/site-packages (from torch>=2.0->braindecode==1.5.1->-r requirements-cloud.txt (line 9)) (3.6.1)
Requirement already satisfied: fsspec>=0.8.5 in ./.venv-cloud/lib/python3.12/site-packages (from torch>=2.0->braindecode==1.5.1->-r requirements-cloud.txt (line 9)) (2026.7.0)
Requirement already satisfied: cuda-toolkit==13.2.1 in ./.venv-cloud/lib/python3.12/site-packages (from cuda-toolkit[cublas,cudart,cufft,cufile,cupti,curand,cusolver,cusparse,nvjitlink,nvrtc,nvtx]==13.2.1; platform_system == "Linux"->torch>=2.0->braindecode==1.5.1->-r requirements-cloud.txt (line 9)) (13.2.1)
Requirement already satisfied: cuda-bindings<14,>=13.0.3 in ./.venv-cloud/lib/python3.12/site-packages (from torch>=2.0->braindecode==1.5.1->-r requirements-cloud.txt (line 9)) (13.4.2)
Requirement already satisfied: nvidia-cudnn-cu13==9.24.0.43 in ./.venv-cloud/lib/python3.12/site-packages (from torch>=2.0->braindecode==1.5.1->-r requirements-cloud.txt (line 9)) (9.24.0.43)
Requirement already satisfied: nvidia-cusparselt-cu13==0.8.1 in ./.venv-cloud/lib/python3.12/site-packages (from torch>=2.0->braindecode==1.5.1->-r requirements-cloud.txt (line 9)) (0.8.1)
Requirement already satisfied: nvidia-nccl-cu13==2.30.7 in ./.venv-cloud/lib/python3.12/site-packages (from torch>=2.0->braindecode==1.5.1->-r requirements-cloud.txt (line 9)) (2.30.7)
Requirement already satisfied: nvidia-nvshmem-cu13==3.4.5 in ./.venv-cloud/lib/python3.12/site-packages (from torch>=2.0->braindecode==1.5.1->-r requirements-cloud.txt (line 9)) (3.4.5)
Requirement already satisfied: triton~=3.8.0 in ./.venv-cloud/lib/python3.12/site-packages (from torch>=2.0->braindecode==1.5.1->-r requirements-cloud.txt (line 9)) (3.8.0)
Requirement already satisfied: nvidia-cublas==13.4.0.1.* in ./.venv-cloud/lib/python3.12/site-packages (from cuda-toolkit[cublas,cudart,cufft,cufile,cupti,curand,cusolver,cusparse,nvjitlink,nvrtc,nvtx]==13.2.1; platform_system == "Linux"->torch>=2.0->braindecode==1.5.1->-r requirements-cloud.txt (line 9)) (13.4.0.1)
Requirement already satisfied: nvidia-cuda-nvrtc==13.2.78.* in ./.venv-cloud/lib/python3.12/site-packages (from cuda-toolkit[cublas,cudart,cufft,cufile,cupti,curand,cusolver,cusparse,nvjitlink,nvrtc,nvtx]==13.2.1; platform_system == "Linux"->torch>=2.0->braindecode==1.5.1->-r requirements-cloud.txt (line 9)) (13.2.78)
Requirement already satisfied: nvidia-cuda-runtime==13.2.75.* in ./.venv-cloud/lib/python3.12/site-packages (from cuda-toolkit[cublas,cudart,cufft,cufile,cupti,curand,cusolver,cusparse,nvjitlink,nvrtc,nvtx]==13.2.1; platform_system == "Linux"->torch>=2.0->braindecode==1.5.1->-r requirements-cloud.txt (line 9)) (13.2.75)
Requirement already satisfied: nvidia-cufft==12.2.0.46.* in ./.venv-cloud/lib/python3.12/site-packages (from cuda-toolkit[cublas,cudart,cufft,cufile,cupti,curand,cusolver,cusparse,nvjitlink,nvrtc,nvtx]==13.2.1; platform_system == "Linux"->torch>=2.0->braindecode==1.5.1->-r requirements-cloud.txt (line 9)) (12.2.0.46)
Requirement already satisfied: nvidia-nvjitlink<14,>=13.2.78 in ./.venv-cloud/lib/python3.12/site-packages (from cuda-toolkit[cublas,cudart,cufft,cufile,cupti,curand,cusolver,cusparse,nvjitlink,nvrtc,nvtx]==13.2.1; platform_system == "Linux"->torch>=2.0->braindecode==1.5.1->-r requirements-cloud.txt (line 9)) (13.4.92)
Requirement already satisfied: nvidia-cufile==1.17.1.22.* in ./.venv-cloud/lib/python3.12/site-packages (from cuda-toolkit[cublas,cudart,cufft,cufile,cupti,curand,cusolver,cusparse,nvjitlink,nvrtc,nvtx]==13.2.1; platform_system == "Linux"->torch>=2.0->braindecode==1.5.1->-r requirements-cloud.txt (line 9)) (1.17.1.22)
Requirement already satisfied: nvidia-cuda-cupti==13.2.75.* in ./.venv-cloud/lib/python3.12/site-packages (from cuda-toolkit[cublas,cudart,cufft,cufile,cupti,curand,cusolver,cusparse,nvjitlink,nvrtc,nvtx]==13.2.1; platform_system == "Linux"->torch>=2.0->braindecode==1.5.1->-r requirements-cloud.txt (line 9)) (13.2.75)
Requirement already satisfied: nvidia-curand==10.4.2.55.* in ./.venv-cloud/lib/python3.12/site-packages (from cuda-toolkit[cublas,cudart,cufft,cufile,cupti,curand,cusolver,cusparse,nvjitlink,nvrtc,nvtx]==13.2.1; platform_system == "Linux"->torch>=2.0->braindecode==1.5.1->-r requirements-cloud.txt (line 9)) (10.4.2.55)
Requirement already satisfied: nvidia-cusolver==12.2.0.1.* in ./.venv-cloud/lib/python3.12/site-packages (from cuda-toolkit[cublas,cudart,cufft,cufile,cupti,curand,cusolver,cusparse,nvjitlink,nvrtc,nvtx]==13.2.1; platform_system == "Linux"->torch>=2.0->braindecode==1.5.1->-r requirements-cloud.txt (line 9)) (12.2.0.1)
Requirement already satisfied: nvidia-cusparse==12.7.10.1.* in ./.venv-cloud/lib/python3.12/site-packages (from cuda-toolkit[cublas,cudart,cufft,cufile,cupti,curand,cusolver,cusparse,nvjitlink,nvrtc,nvtx]==13.2.1; platform_system == "Linux"->torch>=2.0->braindecode==1.5.1->-r requirements-cloud.txt (line 9)) (12.7.10.1)
Requirement already satisfied: nvidia-nvtx==13.2.75.* in ./.venv-cloud/lib/python3.12/site-packages (from cuda-toolkit[cublas,cudart,cufft,cufile,cupti,curand,cusolver,cusparse,nvjitlink,nvrtc,nvtx]==13.2.1; platform_system == "Linux"->torch>=2.0->braindecode==1.5.1->-r requirements-cloud.txt (line 9)) (13.2.75)
Requirement already satisfied: cuda-pathfinder>=1.4.2 in ./.venv-cloud/lib/python3.12/site-packages (from cuda-bindings<14,>=13.0.3->torch>=2.0->braindecode==1.5.1->-r requirements-cloud.txt (line 9)) (1.8.2)
Requirement already satisfied: mpmath<1.4,>=1.1.0 in ./.venv-cloud/lib/python3.12/site-packages (from sympy>=1.13.3->torch>=2.0->braindecode==1.5.1->-r requirements-cloud.txt (line 9)) (1.3.0)
Requirement already satisfied: shellingham>=1.3.0 in ./.venv-cloud/lib/python3.12/site-packages (from typer>=0.12->nemar-py>=0.2.1->moabb==1.7.2->-r requirements-cloud.txt (line 8)) (1.5.4)
Collecting rich>=13.8.0 (from typer>=0.12->nemar-py>=0.2.1->moabb==1.7.2->-r requirements-cloud.txt (line 8))
  Using cached rich-15.0.0-py3-none-any.whl (310 kB)
Requirement already satisfied: annotated-doc>=0.0.2 in ./.venv-cloud/lib/python3.12/site-packages (from typer>=0.12->nemar-py>=0.2.1->moabb==1.7.2->-r requirements-cloud.txt (line 8)) (0.0.5)
Collecting markdown-it-py>=2.2.0 (from rich>=13.8.0->typer>=0.12->nemar-py>=0.2.1->moabb==1.7.2->-r requirements-cloud.txt (line 8))
  Using cached markdown_it_py-4.2.0-py3-none-any.whl (91 kB)
Requirement already satisfied: pygments<3.0.0,>=2.13.0 in ./.venv-cloud/lib/python3.12/site-packages (from rich>=13.8.0->typer>=0.12->nemar-py>=0.2.1->moabb==1.7.2->-r requirements-cloud.txt (line 8)) (2.21.0)
Requirement already satisfied: mdurl~=0.1 in ./.venv-cloud/lib/python3.12/site-packages (from markdown-it-py>=2.2.0->rich>=13.8.0->typer>=0.12->nemar-py>=0.2.1->moabb==1.7.2->-r requirements-cloud.txt (line 8)) (0.1.2)
Requirement already satisfied: bracex>=3.0 in ./.venv-cloud/lib/python3.12/site-packages (from wcmatch>=10.1->nemar-py>=0.2.1->moabb==1.7.2->-r requirements-cloud.txt (line 8)) (3.0.1)
Collecting aiohttp>=3.10.11 (from wfdb>=4.3.1->braindecode==1.5.1->-r requirements-cloud.txt (line 9))
  Using cached aiohttp-3.14.3-cp312-cp312-manylinux2014_x86_64.manylinux_2_17_x86_64.manylinux_2_28_x86_64.whl (1.8 MB)
Collecting soundfile>=0.10.0 (from wfdb>=4.3.1->braindecode==1.5.1->-r requirements-cloud.txt (line 9))
  Using cached soundfile-0.14.0-py2.py3-none-manylinux_2_28_x86_64.whl (1.3 MB)
Requirement already satisfied: aiohappyeyeballs>=2.5.0 in ./.venv-cloud/lib/python3.12/site-packages (from aiohttp>=3.10.11->wfdb>=4.3.1->braindecode==1.5.1->-r requirements-cloud.txt (line 9)) (2.7.1)
Collecting aiosignal>=1.4.0 (from aiohttp>=3.10.11->wfdb>=4.3.1->braindecode==1.5.1->-r requirements-cloud.txt (line 9))
Traceback (most recent call last):
  File "/workspace/Q5_EEGNet_Cloud_Ready/scripts/run_eegnet.py", line 32, in <module>
    from mi_eeg.models.eegnet_training import (
  File "/workspace/Q5_EEGNet_Cloud_Ready/src/mi_eeg/models/eegnet_training.py", line 10, in <module>
    from braindecode.models import EEGNet
  File "/workspace/Q5_EEGNet_Cloud_Ready/.venv-cloud/lib/python3.12/site-packages/braindecode/__init__.py", line 1, in <module>
    from .classifier import EEGClassifier
  File "/workspace/Q5_EEGNet_Cloud_Ready/.venv-cloud/lib/python3.12/site-packages/braindecode/classifier.py", line 16, in <module>
    from .eegneuralnet import _EEGNeuralNet
  File "/workspace/Q5_EEGNet_Cloud_Ready/.venv-cloud/lib/python3.12/site-packages/braindecode/eegneuralnet.py", line 20, in <module>
    from braindecode.datautil import infer_signal_properties
  File "/workspace/Q5_EEGNet_Cloud_Ready/.venv-cloud/lib/python3.12/site-packages/braindecode/datautil/__init__.py", line 12, in <module>
    from .util import infer_signal_properties
  File "/workspace/Q5_EEGNet_Cloud_Ready/.venv-cloud/lib/python3.12/site-packages/braindecode/datautil/util.py", line 14, in <module>
    from braindecode.models.util import SigArgName
  File "/workspace/Q5_EEGNet_Cloud_Ready/.venv-cloud/lib/python3.12/site-packages/braindecode/models/__init__.py", line 3, in <module>
    from .atcnet import ATCNet
  File "/workspace/Q5_EEGNet_Cloud_Ready/.venv-cloud/lib/python3.12/site-packages/braindecode/models/atcnet.py", line 12, in <module>
    from braindecode.modules import CausalConv1d, Ensure4d, MaxNormLinear
  File "/workspace/Q5_EEGNet_Cloud_Ready/.venv-cloud/lib/python3.12/site-packages/braindecode/modules/__init__.py", line 26, in <module>
    from .filter import FilterBankLayer, GeneralizedGaussianFilter
  File "/workspace/Q5_EEGNet_Cloud_Ready/.venv-cloud/lib/python3.12/site-packages/braindecode/modules/filter.py", line 10, in <module>
    from torchaudio.functional import fftconvolve, filtfilt
  File "/workspace/Q5_EEGNet_Cloud_Ready/.venv-cloud/lib/python3.12/site-packages/torchaudio/__init__.py", line 7, in <module>
    from . import _extension  # noqa  # usort: skip
    ^^^^^^^^^^^^^^^^^^^^^^^^
  File "/workspace/Q5_EEGNet_Cloud_Ready/.venv-cloud/lib/python3.12/site-packages/torchaudio/_extension/__init__.py", line 36, in <module>
    _check_cuda_version()
  File "/workspace/Q5_EEGNet_Cloud_Ready/.venv-cloud/lib/python3.12/site-packages/torchaudio/_extension/utils.py", line 124, in _check_cuda_version
    raise RuntimeError(
RuntimeError: Detected that PyTorch and TorchAudio were compiled with different CUDA versions. PyTorch has CUDA version 13.2 whereas TorchAudio has CUDA version 13.0. Please install the TorchAudio version that matches your PyTorch version.

Successfully installed PyYAML-6.0.3 aiohappyeyeballs-2.7.1 aiohttp-3.14.3 aiosignal-1.4.0 annotated-doc-0.0.5 annotated-types-0.8.0 anyio-4.15.1 array-api-compat-1.15.0 array-api-extra-0.11.4 attrs-26.1.0 axial-positional-embedding-0.3.12 boto3-1.43.100 botocore-1.43.100 bracex-3.0.1 braindecode-1.5.1 certifi-2026.7.22 cffi-2.1.1 charset_normalizer-3.5.1 cloudpickle-3.1.2 colt5-attention-0.11.2 contourpy-1.4.0 coverage-7.16.1 cycler-0.12.1 decorator-5.3.1 docstring-inheritance-3.0.0 edfio-0.4.17 edflib-python-1.0.8 einops-0.8.2 fonttools-4.65.0 frozenlist-1.8.0 h11-0.16.0 h5py-3.16.0 httpcore-1.0.9 httpx-0.28.1 hyper-connections-0.4.11 idna-3.20 jmespath-1.1.0 joblib-1.6.0 kiwisolver-1.5.1 lazy-loader-0.6 linear_attention_transformer-0.19.1 linformer-0.2.3 local-attention-1.11.2 markdown-it-py-4.2.0 matplotlib-3.11.2 mdurl-0.1.2 memory-profiler-0.61.0 mne-1.13.2 mne-bids-0.19.0 moabb-1.7.2 multidict-6.9.1 narwhals-2.26.0 nemar-py-0.3.0 numpy-2.5.3 packaging-26.3 pandas-3.0.6 pillow-12.3.0 platformdirs-4.11.12 pooch-1.9.0 product-key-memory-0.3.0 propcache-0.5.4 psutil-7.2.2 pybv-0.8.1 pycountry-26.2.16 pycparser-3.0 pydantic-2.13.5 pydantic-core-2.46.5 pygments-2.21.0 pymatreader-1.3.1 pyparsing-3.3.3 pyriemann-0.12 python-dateutil-2.9.0.post0 remotezip-0.12.6 requests-2.34.2 rich-15.0.0 rotary_embedding_torch-0.9.1 s3transfer-0.19.2 scikit-learn-1.9.1 scipy-1.18.1 seaborn-0.13.2 shellingham-1.5.4 six-1.17.0 skorch-1.4.0 soundfile-0.14.0 tabulate-0.10.0 threadpoolctl-3.7.0 torch-einops-utils-0.1.29 torchaudio-2.11.0 torchinfo-1.8.0 tqdm-4.70.1 typer-0.27.2 typing-inspection-0.4.4 urllib3-2.8.0 wcmatch-11.0.1 wfdb-4.3.1 xmltodict-1.0.4 yarl-1.25.1
  Using cached aiosignal-1.4.0-py3-none-any.whl (7.5 kB)
Requirement already satisfied: attrs>=17.3.0 in ./.venv-cloud/lib/python3.12/site-packages (from aiohttp>=3.10.11->wfdb>=4.3.1->braindecode==1.5.1->-r requirements-cloud.txt (line 9)) (26.1.0)
Requirement already satisfied: frozenlist>=1.1.1 in ./.venv-cloud/lib/python3.12/site-packages (from aiohttp>=3.10.11->wfdb>=4.3.1->braindecode==1.5.1->-r requirements-cloud.txt (line 9)) (1.8.0)
Requirement already satisfied: multidict<7.0,>=4.5 in ./.venv-cloud/lib/python3.12/site-packages (from aiohttp>=3.10.11->wfdb>=4.3.1->braindecode==1.5.1->-r requirements-cloud.txt (line 9)) (6.9.1)
Requirement already satisfied: propcache>=0.2.0 in ./.venv-cloud/lib/python3.12/site-packages (from aiohttp>=3.10.11->wfdb>=4.3.1->braindecode==1.5.1->-r requirements-cloud.txt (line 9)) (0.5.4)
Requirement already satisfied: yarl<2.0,>=1.17.0 in ./.venv-cloud/lib/python3.12/site-packages (from aiohttp>=3.10.11->wfdb>=4.3.1->braindecode==1.5.1->-r requirements-cloud.txt (line 9)) (1.25.1)
Looking in indexes: https://pypi.tuna.tsinghua.edu.cn/simple
Obtaining file:///workspace/Q5_EEGNet_Cloud_Ready
  Installing build dependencies: started
Collecting cffi>=1.0 (from soundfile>=0.10.0->wfdb>=4.3.1->braindecode==1.5.1->-r requirements-cloud.txt (line 9))
  Using cached cffi-2.1.1-cp312-cp312-manylinux2014_x86_64.manylinux_2_17_x86_64.whl (221 kB)
Requirement already satisfied: pycparser in ./.venv-cloud/lib/python3.12/site-packages (from cffi>=1.0->soundfile>=0.10.0->wfdb>=4.3.1->braindecode==1.5.1->-r requirements-cloud.txt (line 9)) (3.0)
Collecting axial-positional-embedding (from linear_attention_transformer->braindecode==1.5.1->-r requirements-cloud.txt (line 9))
  Using cached axial_positional_embedding-0.3.12-py3-none-any.whl (6.7 kB)
Requirement already satisfied: einops in ./.venv-cloud/lib/python3.12/site-packages (from linear_attention_transformer->braindecode==1.5.1->-r requirements-cloud.txt (line 9)) (0.8.2)
Collecting linformer>=0.1.0 (from linear_attention_transformer->braindecode==1.5.1->-r requirements-cloud.txt (line 9))
  Using cached linformer-0.2.3-py3-none-any.whl (6.2 kB)
Collecting local-attention (from linear_attention_transformer->braindecode==1.5.1->-r requirements-cloud.txt (line 9))
  Using cached local_attention-1.11.2-py3-none-any.whl (9.5 kB)
Collecting product-key-memory>=0.1.5 (from linear_attention_transformer->braindecode==1.5.1->-r requirements-cloud.txt (line 9))
  Using cached product_key_memory-0.3.0-py3-none-any.whl (8.3 kB)
  Installing build dependencies: finished with status 'done'
  Checking if build backend supports build_editable: started
Collecting colt5-attention>=0.10.14 (from product-key-memory>=0.1.5->linear_attention_transformer->braindecode==1.5.1->-r requirements-cloud.txt (line 9))
  Checking if build backend supports build_editable: finished with status 'done'
  Getting requirements to build editable: started
  Using cached colt5_attention-0.11.2-py3-none-any.whl (23 kB)
  Getting requirements to build editable: finished with status 'done'
  Preparing editable metadata (pyproject.toml): started
Collecting hyper-connections>=0.1.8 (from local-attention->linear_attention_transformer->braindecode==1.5.1->-r requirements-cloud.txt (line 9))
  Preparing editable metadata (pyproject.toml): finished with status 'done'
Building wheels for collected packages: cross-subject-mi-eeg
  Building editable for cross-subject-mi-eeg (pyproject.toml): started
  Building editable for cross-subject-mi-eeg (pyproject.toml): finished with status 'done'
  Created wheel for cross-subject-mi-eeg: filename=cross_subject_mi_eeg-0.1.0-0.editable-py3-none-any.whl size=3819 sha256=a793c13de0de5c5906470a612a07225b1654de027eda57971332d4de019f4a53
  Stored in directory: /tmp/pip-ephem-wheel-cache-n13v1tps/wheels/b3/9c/d9/f857c005db62ced61aefda108f944d2c6c235ee5f80ed3fe53
Successfully built cross-subject-mi-eeg
Installing collected packages: cross-subject-mi-eeg
  Attempting uninstall: cross-subject-mi-eeg
  Using cached hyper_connections-0.4.11-py3-none-any.whl (29 kB)
    Found existing installation: cross-subject-mi-eeg 0.1.0
    Uninstalling cross-subject-mi-eeg-0.1.0:
      Successfully uninstalled cross-subject-mi-eeg-0.1.0
Successfully installed cross-subject-mi-eeg-0.1.0
Dependencies installed. The following check uses the real CUDA device.
Collecting torch-einops-utils>=0.0.20 (from hyper-connections>=0.1.8->local-attention->linear_attention_transformer->braindecode==1.5.1->-r requirements-cloud.txt (line 9))
  Using cached torch_einops_utils-0.1.29-py3-none-any.whl (15 kB)
Installing collected packages: requests, python-dateutil, pybv, memory-profiler, markdown-it-py, lazy-loader, joblib, httpcore, h5py, edflib-python, edfio, contourpy, cffi, array-api-extra, anyio, aiosignal, soundfile, scikit-learn, rich, remotezip, pymatreader, pydantic, pooch, pandas, matplotlib, httpx, botocore, aiohttp, wfdb, typer, skorch, seaborn, s3transfer, pyriemann, mne, mne-bids, boto3, torch-einops-utils, rotary_embedding_torch, nemar-py, linformer, axial-positional-embedding, moabb, hyper-connections, local-attention, colt5-attention, product-key-memory, linear_attention_transformer, braindecode
Python: 3.12.11
PyTorch: 2.14.0+cu132
PyTorch CUDA runtime: 13.2
GPU 0: NVIDIA GeForce RTX 5090; compute capability 12.0; 31.4 GiB
CUDA allocation and matrix operation passed on cuda:0.
Traceback (most recent call last):
  File "/workspace/Q5_EEGNet_Cloud_Ready/scripts/run_eegnet.py", line 32, in <module>
    from mi_eeg.models.eegnet_training import (
  File "/workspace/Q5_EEGNet_Cloud_Ready/src/mi_eeg/models/eegnet_training.py", line 10, in <module>
    from braindecode.models import EEGNet
  File "/workspace/Q5_EEGNet_Cloud_Ready/.venv-cloud/lib/python3.12/site-packages/braindecode/__init__.py", line 1, in <module>
    from .classifier import EEGClassifier
  File "/workspace/Q5_EEGNet_Cloud_Ready/.venv-cloud/lib/python3.12/site-packages/braindecode/classifier.py", line 16, in <module>
    from .eegneuralnet import _EEGNeuralNet
  File "/workspace/Q5_EEGNet_Cloud_Ready/.venv-cloud/lib/python3.12/site-packages/braindecode/eegneuralnet.py", line 20, in <module>
    from braindecode.datautil import infer_signal_properties
  File "/workspace/Q5_EEGNet_Cloud_Ready/.venv-cloud/lib/python3.12/site-packages/braindecode/datautil/__init__.py", line 12, in <module>
    from .util import infer_signal_properties
  File "/workspace/Q5_EEGNet_Cloud_Ready/.venv-cloud/lib/python3.12/site-packages/braindecode/datautil/util.py", line 14, in <module>
    from braindecode.models.util import SigArgName
  File "/workspace/Q5_EEGNet_Cloud_Ready/.venv-cloud/lib/python3.12/site-packages/braindecode/models/__init__.py", line 3, in <module>
    from .atcnet import ATCNet
  File "/workspace/Q5_EEGNet_Cloud_Ready/.venv-cloud/lib/python3.12/site-packages/braindecode/models/atcnet.py", line 12, in <module>
    from braindecode.modules import CausalConv1d, Ensure4d, MaxNormLinear
  File "/workspace/Q5_EEGNet_Cloud_Ready/.venv-cloud/lib/python3.12/site-packages/braindecode/modules/__init__.py", line 26, in <module>
    from .filter import FilterBankLayer, GeneralizedGaussianFilter
  File "/workspace/Q5_EEGNet_Cloud_Ready/.venv-cloud/lib/python3.12/site-packages/braindecode/modules/filter.py", line 10, in <module>
    from torchaudio.functional import fftconvolve, filtfilt
  File "/workspace/Q5_EEGNet_Cloud_Ready/.venv-cloud/lib/python3.12/site-packages/torchaudio/__init__.py", line 7, in <module>
    from . import _extension  # noqa  # usort: skip
    ^^^^^^^^^^^^^^^^^^^^^^^^
  File "/workspace/Q5_EEGNet_Cloud_Ready/.venv-cloud/lib/python3.12/site-packages/torchaudio/_extension/__init__.py", line 36, in <module>
    _check_cuda_version()
  File "/workspace/Q5_EEGNet_Cloud_Ready/.venv-cloud/lib/python3.12/site-packages/torchaudio/_extension/utils.py", line 124, in _check_cuda_version
    raise RuntimeError(
RuntimeError: Detected that PyTorch and TorchAudio were compiled with different CUDA versions. PyTorch has CUDA version 13.2 whereas TorchAudio has CUDA version 13.0. Please install the TorchAudio version that matches your PyTorch version.

Successfully installed aiohttp-3.14.3 aiosignal-1.4.0 anyio-4.15.1 array-api-extra-0.11.4 axial-positional-embedding-0.3.12 boto3-1.43.100 botocore-1.43.100 braindecode-1.5.1 cffi-2.1.1 colt5-attention-0.11.2 contourpy-1.4.0 edfio-0.4.17 edflib-python-1.0.8 h5py-3.16.0 httpcore-1.0.9 httpx-0.28.1 hyper-connections-0.4.11 joblib-1.6.0 lazy-loader-0.6 linear_attention_transformer-0.19.1 linformer-0.2.3 local-attention-1.11.2 markdown-it-py-4.2.0 matplotlib-3.11.2 memory-profiler-0.61.0 mne-1.13.2 mne-bids-0.19.0 moabb-1.7.2 nemar-py-0.3.0 pandas-3.0.6 pooch-1.9.0 product-key-memory-0.3.0 pybv-0.8.1 pydantic-2.13.5 pymatreader-1.3.1 pyriemann-0.12 python-dateutil-2.9.0.post0 remotezip-0.12.6 requests-2.34.2 rich-15.0.0 rotary_embedding_torch-0.9.1 s3transfer-0.19.2 scikit-learn-1.9.1 seaborn-0.13.2 skorch-1.4.0 soundfile-0.14.0 torch-einops-utils-0.1.29 typer-0.27.2 wfdb-4.3.1
Looking in indexes: https://pypi.tuna.tsinghua.edu.cn/simple
Obtaining file:///workspace/Q5_EEGNet_Cloud_Ready
  Installing build dependencies: started
  Installing build dependencies: finished with status 'done'
  Checking if build backend supports build_editable: started
  Checking if build backend supports build_editable: finished with status 'done'
  Getting requirements to build editable: started
  Getting requirements to build editable: finished with status 'done'
  Preparing editable metadata (pyproject.toml): started
  Preparing editable metadata (pyproject.toml): finished with status 'done'
Building wheels for collected packages: cross-subject-mi-eeg
  Building editable for cross-subject-mi-eeg (pyproject.toml): started
  Building editable for cross-subject-mi-eeg (pyproject.toml): finished with status 'done'
  Created wheel for cross-subject-mi-eeg: filename=cross_subject_mi_eeg-0.1.0-0.editable-py3-none-any.whl size=3819 sha256=b324bcde5baeedaf1e6909903d87d02c43553784513a106e62ba237e3b4b857c
  Stored in directory: /tmp/pip-ephem-wheel-cache-01gmt8da/wheels/b3/9c/d9/f857c005db62ced61aefda108f944d2c6c235ee5f80ed3fe53
Successfully built cross-subject-mi-eeg
Installing collected packages: cross-subject-mi-eeg
  Attempting uninstall: cross-subject-mi-eeg
    Found existing installation: cross-subject-mi-eeg 0.1.0
    Uninstalling cross-subject-mi-eeg-0.1.0:
      Successfully uninstalled cross-subject-mi-eeg-0.1.0
Successfully installed cross-subject-mi-eeg-0.1.0
Dependencies installed. The following check uses the real CUDA device.
Python: 3.12.11
PyTorch: 2.14.0+cu132
PyTorch CUDA runtime: 13.2
GPU 0: NVIDIA GeForce RTX 5090; compute capability 12.0; 31.4 GiB
CUDA allocation and matrix operation passed on cuda:0.
Traceback (most recent call last):
  File "/workspace/Q5_EEGNet_Cloud_Ready/scripts/run_eegnet.py", line 32, in <module>
    from mi_eeg.models.eegnet_training import (
  File "/workspace/Q5_EEGNet_Cloud_Ready/src/mi_eeg/models/eegnet_training.py", line 10, in <module>
    from braindecode.models import EEGNet
  File "/workspace/Q5_EEGNet_Cloud_Ready/.venv-cloud/lib/python3.12/site-packages/braindecode/__init__.py", line 1, in <module>
    from .classifier import EEGClassifier
  File "/workspace/Q5_EEGNet_Cloud_Ready/.venv-cloud/lib/python3.12/site-packages/braindecode/classifier.py", line 16, in <module>
    from .eegneuralnet import _EEGNeuralNet
  File "/workspace/Q5_EEGNet_Cloud_Ready/.venv-cloud/lib/python3.12/site-packages/braindecode/eegneuralnet.py", line 20, in <module>
    from braindecode.datautil import infer_signal_properties
  File "/workspace/Q5_EEGNet_Cloud_Ready/.venv-cloud/lib/python3.12/site-packages/braindecode/datautil/__init__.py", line 12, in <module>
    from .util import infer_signal_properties
  File "/workspace/Q5_EEGNet_Cloud_Ready/.venv-cloud/lib/python3.12/site-packages/braindecode/datautil/util.py", line 14, in <module>
    from braindecode.models.util import SigArgName
  File "/workspace/Q5_EEGNet_Cloud_Ready/.venv-cloud/lib/python3.12/site-packages/braindecode/models/__init__.py", line 3, in <module>
    from .atcnet import ATCNet
  File "/workspace/Q5_EEGNet_Cloud_Ready/.venv-cloud/lib/python3.12/site-packages/braindecode/models/atcnet.py", line 12, in <module>
    from braindecode.modules import CausalConv1d, Ensure4d, MaxNormLinear
  File "/workspace/Q5_EEGNet_Cloud_Ready/.venv-cloud/lib/python3.12/site-packages/braindecode/modules/__init__.py", line 26, in <module>
    from .filter import FilterBankLayer, GeneralizedGaussianFilter
  File "/workspace/Q5_EEGNet_Cloud_Ready/.venv-cloud/lib/python3.12/site-packages/braindecode/modules/filter.py", line 10, in <module>
    from torchaudio.functional import fftconvolve, filtfilt
  File "/workspace/Q5_EEGNet_Cloud_Ready/.venv-cloud/lib/python3.12/site-packages/torchaudio/__init__.py", line 7, in <module>
    from . import _extension  # noqa  # usort: skip
    ^^^^^^^^^^^^^^^^^^^^^^^^
  File "/workspace/Q5_EEGNet_Cloud_Ready/.venv-cloud/lib/python3.12/site-packages/torchaudio/_extension/__init__.py", line 36, in <module>
    _check_cuda_version()
  File "/workspace/Q5_EEGNet_Cloud_Ready/.venv-cloud/lib/python3.12/site-packages/torchaudio/_extension/utils.py", line 124, in _check_cuda_version
    raise RuntimeError(
RuntimeError: Detected that PyTorch and TorchAudio were compiled with different CUDA versions. PyTorch has CUDA version 13.2 whereas TorchAudio has CUDA version 13.0. Please install the TorchAudio version that matches your PyTorch version.
[2026-09-23T08:36:39+00:00] run_gpu_exit=1
[2026-09-23T08:43:57+00:00] Starting cloud setup and Q5 continuation.
Looking in indexes: https://pypi.tuna.tsinghua.edu.cn/simple
Requirement already satisfied: pip in ./.venv-cloud/lib/python3.12/site-packages (26.2.1)
Looking in indexes: https://download.pytorch.org/whl/cu132
Requirement already satisfied: torch==2.14.0 in ./.venv-cloud/lib/python3.12/site-packages (2.14.0+cu132)
Requirement already satisfied: filelock in ./.venv-cloud/lib/python3.12/site-packages (from torch==2.14.0) (3.32.3)
Requirement already satisfied: typing-extensions>=4.10.0 in ./.venv-cloud/lib/python3.12/site-packages (from torch==2.14.0) (4.16.0)
Requirement already satisfied: setuptools>=77.0.3 in ./.venv-cloud/lib/python3.12/site-packages (from torch==2.14.0) (78.1.0)
Requirement already satisfied: sympy>=1.13.3 in ./.venv-cloud/lib/python3.12/site-packages (from torch==2.14.0) (1.14.0)
Requirement already satisfied: networkx>=2.5.1 in ./.venv-cloud/lib/python3.12/site-packages (from torch==2.14.0) (3.6.1)
Requirement already satisfied: jinja2 in ./.venv-cloud/lib/python3.12/site-packages (from torch==2.14.0) (3.1.6)
Requirement already satisfied: fsspec>=0.8.5 in ./.venv-cloud/lib/python3.12/site-packages (from torch==2.14.0) (2026.7.0)
Requirement already satisfied: cuda-toolkit==13.2.1 in ./.venv-cloud/lib/python3.12/site-packages (from cuda-toolkit[cublas,cudart,cufft,cufile,cupti,curand,cusolver,cusparse,nvjitlink,nvrtc,nvtx]==13.2.1; platform_system == "Linux"->torch==2.14.0) (13.2.1)
Requirement already satisfied: cuda-bindings<14,>=13.0.3 in ./.venv-cloud/lib/python3.12/site-packages (from torch==2.14.0) (13.4.2)
Requirement already satisfied: nvidia-cudnn-cu13==9.24.0.43 in ./.venv-cloud/lib/python3.12/site-packages (from torch==2.14.0) (9.24.0.43)
Requirement already satisfied: nvidia-cusparselt-cu13==0.8.1 in ./.venv-cloud/lib/python3.12/site-packages (from torch==2.14.0) (0.8.1)
Requirement already satisfied: nvidia-nccl-cu13==2.30.7 in ./.venv-cloud/lib/python3.12/site-packages (from torch==2.14.0) (2.30.7)
Requirement already satisfied: nvidia-nvshmem-cu13==3.4.5 in ./.venv-cloud/lib/python3.12/site-packages (from torch==2.14.0) (3.4.5)
Requirement already satisfied: triton~=3.8.0 in ./.venv-cloud/lib/python3.12/site-packages (from torch==2.14.0) (3.8.0)
Requirement already satisfied: nvidia-cublas==13.4.0.1.* in ./.venv-cloud/lib/python3.12/site-packages (from cuda-toolkit[cublas,cudart,cufft,cufile,cupti,curand,cusolver,cusparse,nvjitlink,nvrtc,nvtx]==13.2.1; platform_system == "Linux"->torch==2.14.0) (13.4.0.1)
Requirement already satisfied: nvidia-cuda-nvrtc==13.2.78.* in ./.venv-cloud/lib/python3.12/site-packages (from cuda-toolkit[cublas,cudart,cufft,cufile,cupti,curand,cusolver,cusparse,nvjitlink,nvrtc,nvtx]==13.2.1; platform_system == "Linux"->torch==2.14.0) (13.2.78)
Requirement already satisfied: nvidia-cuda-runtime==13.2.75.* in ./.venv-cloud/lib/python3.12/site-packages (from cuda-toolkit[cublas,cudart,cufft,cufile,cupti,curand,cusolver,cusparse,nvjitlink,nvrtc,nvtx]==13.2.1; platform_system == "Linux"->torch==2.14.0) (13.2.75)
Requirement already satisfied: nvidia-cufft==12.2.0.46.* in ./.venv-cloud/lib/python3.12/site-packages (from cuda-toolkit[cublas,cudart,cufft,cufile,cupti,curand,cusolver,cusparse,nvjitlink,nvrtc,nvtx]==13.2.1; platform_system == "Linux"->torch==2.14.0) (12.2.0.46)
Requirement already satisfied: nvidia-nvjitlink<14,>=13.2.78 in ./.venv-cloud/lib/python3.12/site-packages (from cuda-toolkit[cublas,cudart,cufft,cufile,cupti,curand,cusolver,cusparse,nvjitlink,nvrtc,nvtx]==13.2.1; platform_system == "Linux"->torch==2.14.0) (13.4.92)
Requirement already satisfied: nvidia-cufile==1.17.1.22.* in ./.venv-cloud/lib/python3.12/site-packages (from cuda-toolkit[cublas,cudart,cufft,cufile,cupti,curand,cusolver,cusparse,nvjitlink,nvrtc,nvtx]==13.2.1; platform_system == "Linux"->torch==2.14.0) (1.17.1.22)
Requirement already satisfied: nvidia-cuda-cupti==13.2.75.* in ./.venv-cloud/lib/python3.12/site-packages (from cuda-toolkit[cublas,cudart,cufft,cufile,cupti,curand,cusolver,cusparse,nvjitlink,nvrtc,nvtx]==13.2.1; platform_system == "Linux"->torch==2.14.0) (13.2.75)
Requirement already satisfied: nvidia-curand==10.4.2.55.* in ./.venv-cloud/lib/python3.12/site-packages (from cuda-toolkit[cublas,cudart,cufft,cufile,cupti,curand,cusolver,cusparse,nvjitlink,nvrtc,nvtx]==13.2.1; platform_system == "Linux"->torch==2.14.0) (10.4.2.55)
Requirement already satisfied: nvidia-cusolver==12.2.0.1.* in ./.venv-cloud/lib/python3.12/site-packages (from cuda-toolkit[cublas,cudart,cufft,cufile,cupti,curand,cusolver,cusparse,nvjitlink,nvrtc,nvtx]==13.2.1; platform_system == "Linux"->torch==2.14.0) (12.2.0.1)
Requirement already satisfied: nvidia-cusparse==12.7.10.1.* in ./.venv-cloud/lib/python3.12/site-packages (from cuda-toolkit[cublas,cudart,cufft,cufile,cupti,curand,cusolver,cusparse,nvjitlink,nvrtc,nvtx]==13.2.1; platform_system == "Linux"->torch==2.14.0) (12.7.10.1)
Requirement already satisfied: nvidia-nvtx==13.2.75.* in ./.venv-cloud/lib/python3.12/site-packages (from cuda-toolkit[cublas,cudart,cufft,cufile,cupti,curand,cusolver,cusparse,nvjitlink,nvrtc,nvtx]==13.2.1; platform_system == "Linux"->torch==2.14.0) (13.2.75)
Requirement already satisfied: cuda-pathfinder>=1.4.2 in ./.venv-cloud/lib/python3.12/site-packages (from cuda-bindings<14,>=13.0.3->torch==2.14.0) (1.8.2)
Requirement already satisfied: mpmath<1.4,>=1.1.0 in ./.venv-cloud/lib/python3.12/site-packages (from sympy>=1.13.3->torch==2.14.0) (1.3.0)
Requirement already satisfied: MarkupSafe>=2.0 in ./.venv-cloud/lib/python3.12/site-packages (from jinja2->torch==2.14.0) (3.0.3)
Looking in indexes: https://pypi.tuna.tsinghua.edu.cn/simple
Requirement already satisfied: numpy==2.5.3 in ./.venv-cloud/lib/python3.12/site-packages (from -r requirements-cloud.txt (line 2)) (2.5.3)
Requirement already satisfied: scipy==1.18.1 in ./.venv-cloud/lib/python3.12/site-packages (from -r requirements-cloud.txt (line 3)) (1.18.1)
Requirement already satisfied: pandas==3.0.6 in ./.venv-cloud/lib/python3.12/site-packages (from -r requirements-cloud.txt (line 4)) (3.0.6)
Requirement already satisfied: scikit-learn==1.9.1 in ./.venv-cloud/lib/python3.12/site-packages (from -r requirements-cloud.txt (line 5)) (1.9.1)
Requirement already satisfied: matplotlib==3.11.2 in ./.venv-cloud/lib/python3.12/site-packages (from -r requirements-cloud.txt (line 6)) (3.11.2)
Requirement already satisfied: mne==1.13.2 in ./.venv-cloud/lib/python3.12/site-packages (from -r requirements-cloud.txt (line 7)) (1.13.2)
Requirement already satisfied: moabb==1.7.2 in ./.venv-cloud/lib/python3.12/site-packages (from -r requirements-cloud.txt (line 8)) (1.7.2)
Requirement already satisfied: braindecode==1.5.1 in ./.venv-cloud/lib/python3.12/site-packages (from -r requirements-cloud.txt (line 9)) (1.5.1)
Requirement already satisfied: skorch==1.4.0 in ./.venv-cloud/lib/python3.12/site-packages (from -r requirements-cloud.txt (line 10)) (1.4.0)
Requirement already satisfied: torchaudio==2.11.0 in ./.venv-cloud/lib/python3.12/site-packages (from -r requirements-cloud.txt (line 11)) (2.11.0+cu132)
Requirement already satisfied: threadpoolctl==3.7.0 in ./.venv-cloud/lib/python3.12/site-packages (from -r requirements-cloud.txt (line 12)) (3.7.0)
Requirement already satisfied: python-dateutil>=2.8.2 in ./.venv-cloud/lib/python3.12/site-packages (from pandas==3.0.6->-r requirements-cloud.txt (line 4)) (2.9.0.post0)
Requirement already satisfied: joblib>=1.4.0 in ./.venv-cloud/lib/python3.12/site-packages (from scikit-learn==1.9.1->-r requirements-cloud.txt (line 5)) (1.6.0)
Requirement already satisfied: narwhals>=2.0.1 in ./.venv-cloud/lib/python3.12/site-packages (from scikit-learn==1.9.1->-r requirements-cloud.txt (line 5)) (2.26.0)
Requirement already satisfied: contourpy>=1.0.1 in ./.venv-cloud/lib/python3.12/site-packages (from matplotlib==3.11.2->-r requirements-cloud.txt (line 6)) (1.4.0)
Requirement already satisfied: cycler>=0.10 in ./.venv-cloud/lib/python3.12/site-packages (from matplotlib==3.11.2->-r requirements-cloud.txt (line 6)) (0.12.1)
Requirement already satisfied: fonttools>=4.28.2 in ./.venv-cloud/lib/python3.12/site-packages (from matplotlib==3.11.2->-r requirements-cloud.txt (line 6)) (4.65.0)
Requirement already satisfied: kiwisolver>=1.3.1 in ./.venv-cloud/lib/python3.12/site-packages (from matplotlib==3.11.2->-r requirements-cloud.txt (line 6)) (1.5.1)
Requirement already satisfied: packaging>=20.0 in ./.venv-cloud/lib/python3.12/site-packages (from matplotlib==3.11.2->-r requirements-cloud.txt (line 6)) (26.3)
Requirement already satisfied: pillow>=9 in ./.venv-cloud/lib/python3.12/site-packages (from matplotlib==3.11.2->-r requirements-cloud.txt (line 6)) (12.3.0)
Requirement already satisfied: pyparsing>=3 in ./.venv-cloud/lib/python3.12/site-packages (from matplotlib==3.11.2->-r requirements-cloud.txt (line 6)) (3.3.3)
Requirement already satisfied: decorator>=5.1 in ./.venv-cloud/lib/python3.12/site-packages (from mne==1.13.2->-r requirements-cloud.txt (line 7)) (5.3.1)
Requirement already satisfied: jinja2>=3.1 in ./.venv-cloud/lib/python3.12/site-packages (from mne==1.13.2->-r requirements-cloud.txt (line 7)) (3.1.6)
Requirement already satisfied: lazy-loader>=0.3 in ./.venv-cloud/lib/python3.12/site-packages (from mne==1.13.2->-r requirements-cloud.txt (line 7)) (0.6)
Requirement already satisfied: pooch>=1.5 in ./.venv-cloud/lib/python3.12/site-packages (from mne==1.13.2->-r requirements-cloud.txt (line 7)) (1.9.0)
Requirement already satisfied: tqdm>=4.66 in ./.venv-cloud/lib/python3.12/site-packages (from mne==1.13.2->-r requirements-cloud.txt (line 7)) (4.70.1)
Requirement already satisfied: h5py>=3.10.0 in ./.venv-cloud/lib/python3.12/site-packages (from moabb==1.7.2->-r requirements-cloud.txt (line 8)) (3.16.0)
Requirement already satisfied: pymatreader>=1.2.2 in ./.venv-cloud/lib/python3.12/site-packages (from moabb==1.7.2->-r requirements-cloud.txt (line 8)) (1.3.1)
Requirement already satisfied: seaborn>=0.12.1 in ./.venv-cloud/lib/python3.12/site-packages (from moabb==1.7.2->-r requirements-cloud.txt (line 8)) (0.13.2)
Requirement already satisfied: pyriemann>=0.12 in ./.venv-cloud/lib/python3.12/site-packages (from moabb==1.7.2->-r requirements-cloud.txt (line 8)) (0.12)
Requirement already satisfied: PyYAML>=6.0 in ./.venv-cloud/lib/python3.12/site-packages (from moabb==1.7.2->-r requirements-cloud.txt (line 8)) (6.0.3)
Requirement already satisfied: nemar-py>=0.2.1 in ./.venv-cloud/lib/python3.12/site-packages (from moabb==1.7.2->-r requirements-cloud.txt (line 8)) (0.3.0)
Requirement already satisfied: requests>=2.28.1 in ./.venv-cloud/lib/python3.12/site-packages (from moabb==1.7.2->-r requirements-cloud.txt (line 8)) (2.34.2)
Requirement already satisfied: remotezip>=0.12.3 in ./.venv-cloud/lib/python3.12/site-packages (from moabb==1.7.2->-r requirements-cloud.txt (line 8)) (0.12.6)
Requirement already satisfied: urllib3>=1.26.15 in ./.venv-cloud/lib/python3.12/site-packages (from moabb==1.7.2->-r requirements-cloud.txt (line 8)) (2.8.0)
Requirement already satisfied: coverage>=7.0.1 in ./.venv-cloud/lib/python3.12/site-packages (from moabb==1.7.2->-r requirements-cloud.txt (line 8)) (7.16.1)
Requirement already satisfied: memory-profiler>=0.61.0 in ./.venv-cloud/lib/python3.12/site-packages (from moabb==1.7.2->-r requirements-cloud.txt (line 8)) (0.61.0)
Requirement already satisfied: edflib-python>=1.0.6 in ./.venv-cloud/lib/python3.12/site-packages (from moabb==1.7.2->-r requirements-cloud.txt (line 8)) (1.0.8)
Requirement already satisfied: edfio>=0.4.2 in ./.venv-cloud/lib/python3.12/site-packages (from moabb==1.7.2->-r requirements-cloud.txt (line 8)) (0.4.17)
Requirement already satisfied: filelock>=3.18.0 in ./.venv-cloud/lib/python3.12/site-packages (from moabb==1.7.2->-r requirements-cloud.txt (line 8)) (3.32.3)
Requirement already satisfied: mne-bids>=0.19 in ./.venv-cloud/lib/python3.12/site-packages (from moabb==1.7.2->-r requirements-cloud.txt (line 8)) (0.19.0)
Requirement already satisfied: pybv>=0.7.3 in ./.venv-cloud/lib/python3.12/site-packages (from moabb==1.7.2->-r requirements-cloud.txt (line 8)) (0.8.1)
Requirement already satisfied: pycountry>=24.6.1 in ./.venv-cloud/lib/python3.12/site-packages (from moabb==1.7.2->-r requirements-cloud.txt (line 8)) (26.2.16)
Requirement already satisfied: docstring-inheritance>=2.0.0 in ./.venv-cloud/lib/python3.12/site-packages (from moabb==1.7.2->-r requirements-cloud.txt (line 8)) (3.0.0)
Requirement already satisfied: torch>=2.0 in ./.venv-cloud/lib/python3.12/site-packages (from braindecode==1.5.1->-r requirements-cloud.txt (line 9)) (2.14.0+cu132)
Requirement already satisfied: torchinfo in ./.venv-cloud/lib/python3.12/site-packages (from braindecode==1.5.1->-r requirements-cloud.txt (line 9)) (1.8.0)
Requirement already satisfied: wfdb>=4.3.1 in ./.venv-cloud/lib/python3.12/site-packages (from braindecode==1.5.1->-r requirements-cloud.txt (line 9)) (4.3.1)
Requirement already satisfied: linear_attention_transformer in ./.venv-cloud/lib/python3.12/site-packages (from braindecode==1.5.1->-r requirements-cloud.txt (line 9)) (0.19.1)
Requirement already satisfied: rotary_embedding_torch in ./.venv-cloud/lib/python3.12/site-packages (from braindecode==1.5.1->-r requirements-cloud.txt (line 9)) (0.9.1)
Requirement already satisfied: pydantic>=2.0 in ./.venv-cloud/lib/python3.12/site-packages (from braindecode==1.5.1->-r requirements-cloud.txt (line 9)) (2.13.5)
Requirement already satisfied: tabulate>=0.7.7 in ./.venv-cloud/lib/python3.12/site-packages (from skorch==1.4.0->-r requirements-cloud.txt (line 10)) (0.10.0)
Requirement already satisfied: typing-extensions<5,>=4 in ./.venv-cloud/lib/python3.12/site-packages (from docstring-inheritance>=2.0.0->moabb==1.7.2->-r requirements-cloud.txt (line 8)) (4.16.0)
Requirement already satisfied: MarkupSafe>=2.0 in ./.venv-cloud/lib/python3.12/site-packages (from jinja2>=3.1->mne==1.13.2->-r requirements-cloud.txt (line 7)) (3.0.3)
Requirement already satisfied: cloudpickle>=3.0 in ./.venv-cloud/lib/python3.12/site-packages (from joblib>=1.4.0->scikit-learn==1.9.1->-r requirements-cloud.txt (line 5)) (3.1.2)
Requirement already satisfied: psutil in ./.venv-cloud/lib/python3.12/site-packages (from memory-profiler>=0.61.0->moabb==1.7.2->-r requirements-cloud.txt (line 8)) (7.2.2)
Requirement already satisfied: httpx>=0.25 in ./.venv-cloud/lib/python3.12/site-packages (from nemar-py>=0.2.1->moabb==1.7.2->-r requirements-cloud.txt (line 8)) (0.28.1)
Requirement already satisfied: typer>=0.12 in ./.venv-cloud/lib/python3.12/site-packages (from nemar-py>=0.2.1->moabb==1.7.2->-r requirements-cloud.txt (line 8)) (0.27.2)
Requirement already satisfied: wcmatch>=10.1 in ./.venv-cloud/lib/python3.12/site-packages (from nemar-py>=0.2.1->moabb==1.7.2->-r requirements-cloud.txt (line 8)) (11.0.1)
Requirement already satisfied: boto3>=1.34 in ./.venv-cloud/lib/python3.12/site-packages (from nemar-py>=0.2.1->moabb==1.7.2->-r requirements-cloud.txt (line 8)) (1.43.100)
Requirement already satisfied: botocore<1.44.0,>=1.43.100 in ./.venv-cloud/lib/python3.12/site-packages (from boto3>=1.34->nemar-py>=0.2.1->moabb==1.7.2->-r requirements-cloud.txt (line 8)) (1.43.100)
Requirement already satisfied: jmespath<2.0.0,>=0.7.1 in ./.venv-cloud/lib/python3.12/site-packages (from boto3>=1.34->nemar-py>=0.2.1->moabb==1.7.2->-r requirements-cloud.txt (line 8)) (1.1.0)
Requirement already satisfied: s3transfer<0.20.0,>=0.19.0 in ./.venv-cloud/lib/python3.12/site-packages (from boto3>=1.34->nemar-py>=0.2.1->moabb==1.7.2->-r requirements-cloud.txt (line 8)) (0.19.2)
Requirement already satisfied: six>=1.5 in ./.venv-cloud/lib/python3.12/site-packages (from python-dateutil>=2.8.2->pandas==3.0.6->-r requirements-cloud.txt (line 4)) (1.17.0)
Requirement already satisfied: anyio in ./.venv-cloud/lib/python3.12/site-packages (from httpx>=0.25->nemar-py>=0.2.1->moabb==1.7.2->-r requirements-cloud.txt (line 8)) (4.15.1)
Requirement already satisfied: certifi in ./.venv-cloud/lib/python3.12/site-packages (from httpx>=0.25->nemar-py>=0.2.1->moabb==1.7.2->-r requirements-cloud.txt (line 8)) (2026.7.22)
Requirement already satisfied: httpcore==1.* in ./.venv-cloud/lib/python3.12/site-packages (from httpx>=0.25->nemar-py>=0.2.1->moabb==1.7.2->-r requirements-cloud.txt (line 8)) (1.0.9)
Requirement already satisfied: idna in ./.venv-cloud/lib/python3.12/site-packages (from httpx>=0.25->nemar-py>=0.2.1->moabb==1.7.2->-r requirements-cloud.txt (line 8)) (3.20)
Requirement already satisfied: h11>=0.16 in ./.venv-cloud/lib/python3.12/site-packages (from httpcore==1.*->httpx>=0.25->nemar-py>=0.2.1->moabb==1.7.2->-r requirements-cloud.txt (line 8)) (0.16.0)
Requirement already satisfied: platformdirs>=2.5.0 in ./.venv-cloud/lib/python3.12/site-packages (from pooch>=1.5->mne==1.13.2->-r requirements-cloud.txt (line 7)) (4.11.12)
Requirement already satisfied: annotated-types>=0.6.0 in ./.venv-cloud/lib/python3.12/site-packages (from pydantic>=2.0->braindecode==1.5.1->-r requirements-cloud.txt (line 9)) (0.8.0)
Requirement already satisfied: pydantic-core==2.46.5 in ./.venv-cloud/lib/python3.12/site-packages (from pydantic>=2.0->braindecode==1.5.1->-r requirements-cloud.txt (line 9)) (2.46.5)
Requirement already satisfied: typing-inspection>=0.4.2 in ./.venv-cloud/lib/python3.12/site-packages (from pydantic>=2.0->braindecode==1.5.1->-r requirements-cloud.txt (line 9)) (0.4.4)
Requirement already satisfied: xmltodict>0.13 in ./.venv-cloud/lib/python3.12/site-packages (from pymatreader>=1.2.2->moabb==1.7.2->-r requirements-cloud.txt (line 8)) (1.0.4)
Requirement already satisfied: array-api-compat>=1.11 in ./.venv-cloud/lib/python3.12/site-packages (from pyriemann>=0.12->moabb==1.7.2->-r requirements-cloud.txt (line 8)) (1.15.0)
Requirement already satisfied: array-api-extra>=0.6 in ./.venv-cloud/lib/python3.12/site-packages (from pyriemann>=0.12->moabb==1.7.2->-r requirements-cloud.txt (line 8)) (0.11.4)
Requirement already satisfied: charset_normalizer<4,>=2 in ./.venv-cloud/lib/python3.12/site-packages (from requests>=2.28.1->moabb==1.7.2->-r requirements-cloud.txt (line 8)) (3.5.1)
Requirement already satisfied: setuptools>=77.0.3 in ./.venv-cloud/lib/python3.12/site-packages (from torch>=2.0->braindecode==1.5.1->-r requirements-cloud.txt (line 9)) (78.1.0)
Requirement already satisfied: sympy>=1.13.3 in ./.venv-cloud/lib/python3.12/site-packages (from torch>=2.0->braindecode==1.5.1->-r requirements-cloud.txt (line 9)) (1.14.0)
Requirement already satisfied: networkx>=2.5.1 in ./.venv-cloud/lib/python3.12/site-packages (from torch>=2.0->braindecode==1.5.1->-r requirements-cloud.txt (line 9)) (3.6.1)
Requirement already satisfied: fsspec>=0.8.5 in ./.venv-cloud/lib/python3.12/site-packages (from torch>=2.0->braindecode==1.5.1->-r requirements-cloud.txt (line 9)) (2026.7.0)
Requirement already satisfied: cuda-toolkit==13.2.1 in ./.venv-cloud/lib/python3.12/site-packages (from cuda-toolkit[cublas,cudart,cufft,cufile,cupti,curand,cusolver,cusparse,nvjitlink,nvrtc,nvtx]==13.2.1; platform_system == "Linux"->torch>=2.0->braindecode==1.5.1->-r requirements-cloud.txt (line 9)) (13.2.1)
Requirement already satisfied: cuda-bindings<14,>=13.0.3 in ./.venv-cloud/lib/python3.12/site-packages (from torch>=2.0->braindecode==1.5.1->-r requirements-cloud.txt (line 9)) (13.4.2)
Requirement already satisfied: nvidia-cudnn-cu13==9.24.0.43 in ./.venv-cloud/lib/python3.12/site-packages (from torch>=2.0->braindecode==1.5.1->-r requirements-cloud.txt (line 9)) (9.24.0.43)
Requirement already satisfied: nvidia-cusparselt-cu13==0.8.1 in ./.venv-cloud/lib/python3.12/site-packages (from torch>=2.0->braindecode==1.5.1->-r requirements-cloud.txt (line 9)) (0.8.1)
Requirement already satisfied: nvidia-nccl-cu13==2.30.7 in ./.venv-cloud/lib/python3.12/site-packages (from torch>=2.0->braindecode==1.5.1->-r requirements-cloud.txt (line 9)) (2.30.7)
Requirement already satisfied: nvidia-nvshmem-cu13==3.4.5 in ./.venv-cloud/lib/python3.12/site-packages (from torch>=2.0->braindecode==1.5.1->-r requirements-cloud.txt (line 9)) (3.4.5)
Requirement already satisfied: triton~=3.8.0 in ./.venv-cloud/lib/python3.12/site-packages (from torch>=2.0->braindecode==1.5.1->-r requirements-cloud.txt (line 9)) (3.8.0)
Requirement already satisfied: nvidia-cublas==13.4.0.1.* in ./.venv-cloud/lib/python3.12/site-packages (from cuda-toolkit[cublas,cudart,cufft,cufile,cupti,curand,cusolver,cusparse,nvjitlink,nvrtc,nvtx]==13.2.1; platform_system == "Linux"->torch>=2.0->braindecode==1.5.1->-r requirements-cloud.txt (line 9)) (13.4.0.1)
Requirement already satisfied: nvidia-cuda-nvrtc==13.2.78.* in ./.venv-cloud/lib/python3.12/site-packages (from cuda-toolkit[cublas,cudart,cufft,cufile,cupti,curand,cusolver,cusparse,nvjitlink,nvrtc,nvtx]==13.2.1; platform_system == "Linux"->torch>=2.0->braindecode==1.5.1->-r requirements-cloud.txt (line 9)) (13.2.78)
Requirement already satisfied: nvidia-cuda-runtime==13.2.75.* in ./.venv-cloud/lib/python3.12/site-packages (from cuda-toolkit[cublas,cudart,cufft,cufile,cupti,curand,cusolver,cusparse,nvjitlink,nvrtc,nvtx]==13.2.1; platform_system == "Linux"->torch>=2.0->braindecode==1.5.1->-r requirements-cloud.txt (line 9)) (13.2.75)
Requirement already satisfied: nvidia-cufft==12.2.0.46.* in ./.venv-cloud/lib/python3.12/site-packages (from cuda-toolkit[cublas,cudart,cufft,cufile,cupti,curand,cusolver,cusparse,nvjitlink,nvrtc,nvtx]==13.2.1; platform_system == "Linux"->torch>=2.0->braindecode==1.5.1->-r requirements-cloud.txt (line 9)) (12.2.0.46)
Requirement already satisfied: nvidia-nvjitlink<14,>=13.2.78 in ./.venv-cloud/lib/python3.12/site-packages (from cuda-toolkit[cublas,cudart,cufft,cufile,cupti,curand,cusolver,cusparse,nvjitlink,nvrtc,nvtx]==13.2.1; platform_system == "Linux"->torch>=2.0->braindecode==1.5.1->-r requirements-cloud.txt (line 9)) (13.4.92)
Requirement already satisfied: nvidia-cufile==1.17.1.22.* in ./.venv-cloud/lib/python3.12/site-packages (from cuda-toolkit[cublas,cudart,cufft,cufile,cupti,curand,cusolver,cusparse,nvjitlink,nvrtc,nvtx]==13.2.1; platform_system == "Linux"->torch>=2.0->braindecode==1.5.1->-r requirements-cloud.txt (line 9)) (1.17.1.22)
Requirement already satisfied: nvidia-cuda-cupti==13.2.75.* in ./.venv-cloud/lib/python3.12/site-packages (from cuda-toolkit[cublas,cudart,cufft,cufile,cupti,curand,cusolver,cusparse,nvjitlink,nvrtc,nvtx]==13.2.1; platform_system == "Linux"->torch>=2.0->braindecode==1.5.1->-r requirements-cloud.txt (line 9)) (13.2.75)
Requirement already satisfied: nvidia-curand==10.4.2.55.* in ./.venv-cloud/lib/python3.12/site-packages (from cuda-toolkit[cublas,cudart,cufft,cufile,cupti,curand,cusolver,cusparse,nvjitlink,nvrtc,nvtx]==13.2.1; platform_system == "Linux"->torch>=2.0->braindecode==1.5.1->-r requirements-cloud.txt (line 9)) (10.4.2.55)
Requirement already satisfied: nvidia-cusolver==12.2.0.1.* in ./.venv-cloud/lib/python3.12/site-packages (from cuda-toolkit[cublas,cudart,cufft,cufile,cupti,curand,cusolver,cusparse,nvjitlink,nvrtc,nvtx]==13.2.1; platform_system == "Linux"->torch>=2.0->braindecode==1.5.1->-r requirements-cloud.txt (line 9)) (12.2.0.1)
Requirement already satisfied: nvidia-cusparse==12.7.10.1.* in ./.venv-cloud/lib/python3.12/site-packages (from cuda-toolkit[cublas,cudart,cufft,cufile,cupti,curand,cusolver,cusparse,nvjitlink,nvrtc,nvtx]==13.2.1; platform_system == "Linux"->torch>=2.0->braindecode==1.5.1->-r requirements-cloud.txt (line 9)) (12.7.10.1)
Requirement already satisfied: nvidia-nvtx==13.2.75.* in ./.venv-cloud/lib/python3.12/site-packages (from cuda-toolkit[cublas,cudart,cufft,cufile,cupti,curand,cusolver,cusparse,nvjitlink,nvrtc,nvtx]==13.2.1; platform_system == "Linux"->torch>=2.0->braindecode==1.5.1->-r requirements-cloud.txt (line 9)) (13.2.75)
Requirement already satisfied: cuda-pathfinder>=1.4.2 in ./.venv-cloud/lib/python3.12/site-packages (from cuda-bindings<14,>=13.0.3->torch>=2.0->braindecode==1.5.1->-r requirements-cloud.txt (line 9)) (1.8.2)
Requirement already satisfied: mpmath<1.4,>=1.1.0 in ./.venv-cloud/lib/python3.12/site-packages (from sympy>=1.13.3->torch>=2.0->braindecode==1.5.1->-r requirements-cloud.txt (line 9)) (1.3.0)
Requirement already satisfied: shellingham>=1.3.0 in ./.venv-cloud/lib/python3.12/site-packages (from typer>=0.12->nemar-py>=0.2.1->moabb==1.7.2->-r requirements-cloud.txt (line 8)) (1.5.4)
Requirement already satisfied: rich>=13.8.0 in ./.venv-cloud/lib/python3.12/site-packages (from typer>=0.12->nemar-py>=0.2.1->moabb==1.7.2->-r requirements-cloud.txt (line 8)) (15.0.0)
Requirement already satisfied: annotated-doc>=0.0.2 in ./.venv-cloud/lib/python3.12/site-packages (from typer>=0.12->nemar-py>=0.2.1->moabb==1.7.2->-r requirements-cloud.txt (line 8)) (0.0.5)
Requirement already satisfied: markdown-it-py>=2.2.0 in ./.venv-cloud/lib/python3.12/site-packages (from rich>=13.8.0->typer>=0.12->nemar-py>=0.2.1->moabb==1.7.2->-r requirements-cloud.txt (line 8)) (4.2.0)
Requirement already satisfied: pygments<3.0.0,>=2.13.0 in ./.venv-cloud/lib/python3.12/site-packages (from rich>=13.8.0->typer>=0.12->nemar-py>=0.2.1->moabb==1.7.2->-r requirements-cloud.txt (line 8)) (2.21.0)
Requirement already satisfied: mdurl~=0.1 in ./.venv-cloud/lib/python3.12/site-packages (from markdown-it-py>=2.2.0->rich>=13.8.0->typer>=0.12->nemar-py>=0.2.1->moabb==1.7.2->-r requirements-cloud.txt (line 8)) (0.1.2)
Requirement already satisfied: bracex>=3.0 in ./.venv-cloud/lib/python3.12/site-packages (from wcmatch>=10.1->nemar-py>=0.2.1->moabb==1.7.2->-r requirements-cloud.txt (line 8)) (3.0.1)
Requirement already satisfied: aiohttp>=3.10.11 in ./.venv-cloud/lib/python3.12/site-packages (from wfdb>=4.3.1->braindecode==1.5.1->-r requirements-cloud.txt (line 9)) (3.14.3)
Requirement already satisfied: soundfile>=0.10.0 in ./.venv-cloud/lib/python3.12/site-packages (from wfdb>=4.3.1->braindecode==1.5.1->-r requirements-cloud.txt (line 9)) (0.14.0)
Requirement already satisfied: aiohappyeyeballs>=2.5.0 in ./.venv-cloud/lib/python3.12/site-packages (from aiohttp>=3.10.11->wfdb>=4.3.1->braindecode==1.5.1->-r requirements-cloud.txt (line 9)) (2.7.1)
Requirement already satisfied: aiosignal>=1.4.0 in ./.venv-cloud/lib/python3.12/site-packages (from aiohttp>=3.10.11->wfdb>=4.3.1->braindecode==1.5.1->-r requirements-cloud.txt (line 9)) (1.4.0)
Requirement already satisfied: attrs>=17.3.0 in ./.venv-cloud/lib/python3.12/site-packages (from aiohttp>=3.10.11->wfdb>=4.3.1->braindecode==1.5.1->-r requirements-cloud.txt (line 9)) (26.1.0)
Requirement already satisfied: frozenlist>=1.1.1 in ./.venv-cloud/lib/python3.12/site-packages (from aiohttp>=3.10.11->wfdb>=4.3.1->braindecode==1.5.1->-r requirements-cloud.txt (line 9)) (1.8.0)
Requirement already satisfied: multidict<7.0,>=4.5 in ./.venv-cloud/lib/python3.12/site-packages (from aiohttp>=3.10.11->wfdb>=4.3.1->braindecode==1.5.1->-r requirements-cloud.txt (line 9)) (6.9.1)
Requirement already satisfied: propcache>=0.2.0 in ./.venv-cloud/lib/python3.12/site-packages (from aiohttp>=3.10.11->wfdb>=4.3.1->braindecode==1.5.1->-r requirements-cloud.txt (line 9)) (0.5.4)
Requirement already satisfied: yarl<2.0,>=1.17.0 in ./.venv-cloud/lib/python3.12/site-packages (from aiohttp>=3.10.11->wfdb>=4.3.1->braindecode==1.5.1->-r requirements-cloud.txt (line 9)) (1.25.1)
Requirement already satisfied: cffi>=1.0 in ./.venv-cloud/lib/python3.12/site-packages (from soundfile>=0.10.0->wfdb>=4.3.1->braindecode==1.5.1->-r requirements-cloud.txt (line 9)) (2.1.1)
Requirement already satisfied: pycparser in ./.venv-cloud/lib/python3.12/site-packages (from cffi>=1.0->soundfile>=0.10.0->wfdb>=4.3.1->braindecode==1.5.1->-r requirements-cloud.txt (line 9)) (3.0)
Requirement already satisfied: axial-positional-embedding in ./.venv-cloud/lib/python3.12/site-packages (from linear_attention_transformer->braindecode==1.5.1->-r requirements-cloud.txt (line 9)) (0.3.12)
Requirement already satisfied: einops in ./.venv-cloud/lib/python3.12/site-packages (from linear_attention_transformer->braindecode==1.5.1->-r requirements-cloud.txt (line 9)) (0.8.2)
Requirement already satisfied: linformer>=0.1.0 in ./.venv-cloud/lib/python3.12/site-packages (from linear_attention_transformer->braindecode==1.5.1->-r requirements-cloud.txt (line 9)) (0.2.3)
Requirement already satisfied: local-attention in ./.venv-cloud/lib/python3.12/site-packages (from linear_attention_transformer->braindecode==1.5.1->-r requirements-cloud.txt (line 9)) (1.11.2)
Requirement already satisfied: product-key-memory>=0.1.5 in ./.venv-cloud/lib/python3.12/site-packages (from linear_attention_transformer->braindecode==1.5.1->-r requirements-cloud.txt (line 9)) (0.3.0)
Requirement already satisfied: colt5-attention>=0.10.14 in ./.venv-cloud/lib/python3.12/site-packages (from product-key-memory>=0.1.5->linear_attention_transformer->braindecode==1.5.1->-r requirements-cloud.txt (line 9)) (0.11.2)
Requirement already satisfied: hyper-connections>=0.1.8 in ./.venv-cloud/lib/python3.12/site-packages (from local-attention->linear_attention_transformer->braindecode==1.5.1->-r requirements-cloud.txt (line 9)) (0.4.11)
Requirement already satisfied: torch-einops-utils>=0.0.20 in ./.venv-cloud/lib/python3.12/site-packages (from hyper-connections>=0.1.8->local-attention->linear_attention_transformer->braindecode==1.5.1->-r requirements-cloud.txt (line 9)) (0.1.29)
Looking in indexes: https://pypi.tuna.tsinghua.edu.cn/simple
Obtaining file:///workspace/Q5_EEGNet_Cloud_Ready
  Installing build dependencies: started
  Installing build dependencies: finished with status 'done'
  Checking if build backend supports build_editable: started
  Checking if build backend supports build_editable: finished with status 'done'
  Getting requirements to build editable: started
  Getting requirements to build editable: finished with status 'done'
  Preparing editable metadata (pyproject.toml): started
  Preparing editable metadata (pyproject.toml): finished with status 'done'
Building wheels for collected packages: cross-subject-mi-eeg
  Building editable for cross-subject-mi-eeg (pyproject.toml): started
  Building editable for cross-subject-mi-eeg (pyproject.toml): finished with status 'done'
  Created wheel for cross-subject-mi-eeg: filename=cross_subject_mi_eeg-0.1.0-0.editable-py3-none-any.whl size=3819 sha256=05050189b5cf4fc8826cfb709fc878e2e42d72c118301511f5f55389a995bd84
  Stored in directory: /tmp/pip-ephem-wheel-cache-4jfcugzb/wheels/b3/9c/d9/f857c005db62ced61aefda108f944d2c6c235ee5f80ed3fe53
Successfully built cross-subject-mi-eeg
Installing collected packages: cross-subject-mi-eeg
  Attempting uninstall: cross-subject-mi-eeg
    Found existing installation: cross-subject-mi-eeg 0.1.0
    Uninstalling cross-subject-mi-eeg-0.1.0:
      Successfully uninstalled cross-subject-mi-eeg-0.1.0
Successfully installed cross-subject-mi-eeg-0.1.0
Dependencies installed. The following check uses the real CUDA device.
Python: 3.12.11
PyTorch: 2.14.0+cu132
PyTorch CUDA runtime: 13.2
GPU 0: NVIDIA GeForce RTX 5090; compute capability 12.0; 31.4 GiB
CUDA allocation and matrix operation passed on cuda:0.
/workspace/Q5_EEGNet_Cloud_Ready/.venv-cloud/lib/python3.12/site-packages/braindecode/models/eegpt.py:497: FutureWarning: Montage name 'standard_1020' is deprecated and will be removed in MNE 1.14. Use 'colin27_1020' instead.
  montage = mne.channels.make_standard_montage("standard_1020")
Loading configured epochs for subject 1 ...
This is nemar-py 0.3.0.
Preparing to download nm000139 from https://data.nemar.org/
Retrieving 5 of 769 manifest files (16 concurrent downloads).
primary backend failed; falling back to next layer: 'README.md' is not annexed (no sha256/md5 checksum on the manifest entry); the S3 backend has nothing to fetch.
Overall:   0%|          | 0.00/12.6k [00:00<?, ?B/s]Overall:   5%|▍         | 615/12.6k [00:01<00:25, 475B/s]Overall:  31%|███▏      | 3.94k/12.6k [00:01<00:02, 3.70kB/s]Overall:  45%|████▌     | 5.67k/12.6k [00:01<00:01, 4.05kB/s]
Finished downloading nm000139 v1.0.2.
This is nemar-py 0.3.0.
Preparing to download nm000139 from https://data.nemar.org/
Retrieving 6 of 769 manifest files (16 concurrent downloads).
S3:   0%|          | 0.00/82.6M [00:00<?, ?B/s]S3:   1%|          | 1.00M/82.6M [00:22<30:19, 47.0kB/s]S3:   2%|▏         | 2.00M/82.6M [00:31<19:14, 73.2kB/s]S3:   2%|▏         | 2.00M/82.6M [00:46<19:14, 73.2kB/s]S3:   4%|▎         | 3.00M/82.6M [00:59<27:37, 50.3kB/s]S3:   5%|▍         | 4.00M/82.6M [01:09<21:25, 64.1kB/s]S3:   5%|▍         | 4.00M/82.6M [01:26<21:25, 64.1kB/s]S3:   6%|▌         | 5.00M/82.6M [01:31<23:51, 56.8kB/s][2026-09-23T08:46:44+00:00] Starting cloud setup and Q5 continuation.
Looking in indexes: https://pypi.tuna.tsinghua.edu.cn/simple
Requirement already satisfied: pip in ./.venv-cloud/lib/python3.12/site-packages (26.2.1)
Looking in indexes: https://download.pytorch.org/whl/cu132
Requirement already satisfied: torch==2.14.0 in ./.venv-cloud/lib/python3.12/site-packages (2.14.0+cu132)
Requirement already satisfied: filelock in ./.venv-cloud/lib/python3.12/site-packages (from torch==2.14.0) (3.32.3)
Requirement already satisfied: typing-extensions>=4.10.0 in ./.venv-cloud/lib/python3.12/site-packages (from torch==2.14.0) (4.16.0)
Requirement already satisfied: setuptools>=77.0.3 in ./.venv-cloud/lib/python3.12/site-packages (from torch==2.14.0) (78.1.0)
Requirement already satisfied: sympy>=1.13.3 in ./.venv-cloud/lib/python3.12/site-packages (from torch==2.14.0) (1.14.0)
Requirement already satisfied: networkx>=2.5.1 in ./.venv-cloud/lib/python3.12/site-packages (from torch==2.14.0) (3.6.1)
Requirement already satisfied: jinja2 in ./.venv-cloud/lib/python3.12/site-packages (from torch==2.14.0) (3.1.6)
Requirement already satisfied: fsspec>=0.8.5 in ./.venv-cloud/lib/python3.12/site-packages (from torch==2.14.0) (2026.7.0)
Requirement already satisfied: cuda-toolkit==13.2.1 in ./.venv-cloud/lib/python3.12/site-packages (from cuda-toolkit[cublas,cudart,cufft,cufile,cupti,curand,cusolver,cusparse,nvjitlink,nvrtc,nvtx]==13.2.1; platform_system == "Linux"->torch==2.14.0) (13.2.1)
Requirement already satisfied: cuda-bindings<14,>=13.0.3 in ./.venv-cloud/lib/python3.12/site-packages (from torch==2.14.0) (13.4.2)
Requirement already satisfied: nvidia-cudnn-cu13==9.24.0.43 in ./.venv-cloud/lib/python3.12/site-packages (from torch==2.14.0) (9.24.0.43)
Requirement already satisfied: nvidia-cusparselt-cu13==0.8.1 in ./.venv-cloud/lib/python3.12/site-packages (from torch==2.14.0) (0.8.1)
Requirement already satisfied: nvidia-nccl-cu13==2.30.7 in ./.venv-cloud/lib/python3.12/site-packages (from torch==2.14.0) (2.30.7)
Requirement already satisfied: nvidia-nvshmem-cu13==3.4.5 in ./.venv-cloud/lib/python3.12/site-packages (from torch==2.14.0) (3.4.5)
Requirement already satisfied: triton~=3.8.0 in ./.venv-cloud/lib/python3.12/site-packages (from torch==2.14.0) (3.8.0)
Requirement already satisfied: nvidia-cublas==13.4.0.1.* in ./.venv-cloud/lib/python3.12/site-packages (from cuda-toolkit[cublas,cudart,cufft,cufile,cupti,curand,cusolver,cusparse,nvjitlink,nvrtc,nvtx]==13.2.1; platform_system == "Linux"->torch==2.14.0) (13.4.0.1)
Requirement already satisfied: nvidia-cuda-nvrtc==13.2.78.* in ./.venv-cloud/lib/python3.12/site-packages (from cuda-toolkit[cublas,cudart,cufft,cufile,cupti,curand,cusolver,cusparse,nvjitlink,nvrtc,nvtx]==13.2.1; platform_system == "Linux"->torch==2.14.0) (13.2.78)
Requirement already satisfied: nvidia-cuda-runtime==13.2.75.* in ./.venv-cloud/lib/python3.12/site-packages (from cuda-toolkit[cublas,cudart,cufft,cufile,cupti,curand,cusolver,cusparse,nvjitlink,nvrtc,nvtx]==13.2.1; platform_system == "Linux"->torch==2.14.0) (13.2.75)
Requirement already satisfied: nvidia-cufft==12.2.0.46.* in ./.venv-cloud/lib/python3.12/site-packages (from cuda-toolkit[cublas,cudart,cufft,cufile,cupti,curand,cusolver,cusparse,nvjitlink,nvrtc,nvtx]==13.2.1; platform_system == "Linux"->torch==2.14.0) (12.2.0.46)
Requirement already satisfied: nvidia-nvjitlink<14,>=13.2.78 in ./.venv-cloud/lib/python3.12/site-packages (from cuda-toolkit[cublas,cudart,cufft,cufile,cupti,curand,cusolver,cusparse,nvjitlink,nvrtc,nvtx]==13.2.1; platform_system == "Linux"->torch==2.14.0) (13.4.92)
Requirement already satisfied: nvidia-cufile==1.17.1.22.* in ./.venv-cloud/lib/python3.12/site-packages (from cuda-toolkit[cublas,cudart,cufft,cufile,cupti,curand,cusolver,cusparse,nvjitlink,nvrtc,nvtx]==13.2.1; platform_system == "Linux"->torch==2.14.0) (1.17.1.22)
Requirement already satisfied: nvidia-cuda-cupti==13.2.75.* in ./.venv-cloud/lib/python3.12/site-packages (from cuda-toolkit[cublas,cudart,cufft,cufile,cupti,curand,cusolver,cusparse,nvjitlink,nvrtc,nvtx]==13.2.1; platform_system == "Linux"->torch==2.14.0) (13.2.75)
Requirement already satisfied: nvidia-curand==10.4.2.55.* in ./.venv-cloud/lib/python3.12/site-packages (from cuda-toolkit[cublas,cudart,cufft,cufile,cupti,curand,cusolver,cusparse,nvjitlink,nvrtc,nvtx]==13.2.1; platform_system == "Linux"->torch==2.14.0) (10.4.2.55)
Requirement already satisfied: nvidia-cusolver==12.2.0.1.* in ./.venv-cloud/lib/python3.12/site-packages (from cuda-toolkit[cublas,cudart,cufft,cufile,cupti,curand,cusolver,cusparse,nvjitlink,nvrtc,nvtx]==13.2.1; platform_system == "Linux"->torch==2.14.0) (12.2.0.1)
Requirement already satisfied: nvidia-cusparse==12.7.10.1.* in ./.venv-cloud/lib/python3.12/site-packages (from cuda-toolkit[cublas,cudart,cufft,cufile,cupti,curand,cusolver,cusparse,nvjitlink,nvrtc,nvtx]==13.2.1; platform_system == "Linux"->torch==2.14.0) (12.7.10.1)
Requirement already satisfied: nvidia-nvtx==13.2.75.* in ./.venv-cloud/lib/python3.12/site-packages (from cuda-toolkit[cublas,cudart,cufft,cufile,cupti,curand,cusolver,cusparse,nvjitlink,nvrtc,nvtx]==13.2.1; platform_system == "Linux"->torch==2.14.0) (13.2.75)
Requirement already satisfied: cuda-pathfinder>=1.4.2 in ./.venv-cloud/lib/python3.12/site-packages (from cuda-bindings<14,>=13.0.3->torch==2.14.0) (1.8.2)
Requirement already satisfied: mpmath<1.4,>=1.1.0 in ./.venv-cloud/lib/python3.12/site-packages (from sympy>=1.13.3->torch==2.14.0) (1.3.0)
Requirement already satisfied: MarkupSafe>=2.0 in ./.venv-cloud/lib/python3.12/site-packages (from jinja2->torch==2.14.0) (3.0.3)
Looking in indexes: https://pypi.tuna.tsinghua.edu.cn/simple
Requirement already satisfied: numpy==2.5.3 in ./.venv-cloud/lib/python3.12/site-packages (from -r requirements-cloud.txt (line 2)) (2.5.3)
Requirement already satisfied: scipy==1.18.1 in ./.venv-cloud/lib/python3.12/site-packages (from -r requirements-cloud.txt (line 3)) (1.18.1)
Requirement already satisfied: pandas==3.0.6 in ./.venv-cloud/lib/python3.12/site-packages (from -r requirements-cloud.txt (line 4)) (3.0.6)
Requirement already satisfied: scikit-learn==1.9.1 in ./.venv-cloud/lib/python3.12/site-packages (from -r requirements-cloud.txt (line 5)) (1.9.1)
Requirement already satisfied: matplotlib==3.11.2 in ./.venv-cloud/lib/python3.12/site-packages (from -r requirements-cloud.txt (line 6)) (3.11.2)
Requirement already satisfied: mne==1.13.2 in ./.venv-cloud/lib/python3.12/site-packages (from -r requirements-cloud.txt (line 7)) (1.13.2)
Requirement already satisfied: moabb==1.7.2 in ./.venv-cloud/lib/python3.12/site-packages (from -r requirements-cloud.txt (line 8)) (1.7.2)
Requirement already satisfied: braindecode==1.5.1 in ./.venv-cloud/lib/python3.12/site-packages (from -r requirements-cloud.txt (line 9)) (1.5.1)
Requirement already satisfied: skorch==1.4.0 in ./.venv-cloud/lib/python3.12/site-packages (from -r requirements-cloud.txt (line 10)) (1.4.0)
Requirement already satisfied: torchaudio==2.11.0 in ./.venv-cloud/lib/python3.12/site-packages (from -r requirements-cloud.txt (line 11)) (2.11.0+cu132)
Requirement already satisfied: threadpoolctl==3.7.0 in ./.venv-cloud/lib/python3.12/site-packages (from -r requirements-cloud.txt (line 12)) (3.7.0)
Requirement already satisfied: python-dateutil>=2.8.2 in ./.venv-cloud/lib/python3.12/site-packages (from pandas==3.0.6->-r requirements-cloud.txt (line 4)) (2.9.0.post0)
Requirement already satisfied: joblib>=1.4.0 in ./.venv-cloud/lib/python3.12/site-packages (from scikit-learn==1.9.1->-r requirements-cloud.txt (line 5)) (1.6.0)
Requirement already satisfied: narwhals>=2.0.1 in ./.venv-cloud/lib/python3.12/site-packages (from scikit-learn==1.9.1->-r requirements-cloud.txt (line 5)) (2.26.0)
Requirement already satisfied: contourpy>=1.0.1 in ./.venv-cloud/lib/python3.12/site-packages (from matplotlib==3.11.2->-r requirements-cloud.txt (line 6)) (1.4.0)
Requirement already satisfied: cycler>=0.10 in ./.venv-cloud/lib/python3.12/site-packages (from matplotlib==3.11.2->-r requirements-cloud.txt (line 6)) (0.12.1)
Requirement already satisfied: fonttools>=4.28.2 in ./.venv-cloud/lib/python3.12/site-packages (from matplotlib==3.11.2->-r requirements-cloud.txt (line 6)) (4.65.0)
Requirement already satisfied: kiwisolver>=1.3.1 in ./.venv-cloud/lib/python3.12/site-packages (from matplotlib==3.11.2->-r requirements-cloud.txt (line 6)) (1.5.1)
Requirement already satisfied: packaging>=20.0 in ./.venv-cloud/lib/python3.12/site-packages (from matplotlib==3.11.2->-r requirements-cloud.txt (line 6)) (26.3)
Requirement already satisfied: pillow>=9 in ./.venv-cloud/lib/python3.12/site-packages (from matplotlib==3.11.2->-r requirements-cloud.txt (line 6)) (12.3.0)
Requirement already satisfied: pyparsing>=3 in ./.venv-cloud/lib/python3.12/site-packages (from matplotlib==3.11.2->-r requirements-cloud.txt (line 6)) (3.3.3)
Requirement already satisfied: decorator>=5.1 in ./.venv-cloud/lib/python3.12/site-packages (from mne==1.13.2->-r requirements-cloud.txt (line 7)) (5.3.1)
Requirement already satisfied: jinja2>=3.1 in ./.venv-cloud/lib/python3.12/site-packages (from mne==1.13.2->-r requirements-cloud.txt (line 7)) (3.1.6)
Requirement already satisfied: lazy-loader>=0.3 in ./.venv-cloud/lib/python3.12/site-packages (from mne==1.13.2->-r requirements-cloud.txt (line 7)) (0.6)
Requirement already satisfied: pooch>=1.5 in ./.venv-cloud/lib/python3.12/site-packages (from mne==1.13.2->-r requirements-cloud.txt (line 7)) (1.9.0)
Requirement already satisfied: tqdm>=4.66 in ./.venv-cloud/lib/python3.12/site-packages (from mne==1.13.2->-r requirements-cloud.txt (line 7)) (4.70.1)
Requirement already satisfied: h5py>=3.10.0 in ./.venv-cloud/lib/python3.12/site-packages (from moabb==1.7.2->-r requirements-cloud.txt (line 8)) (3.16.0)
Requirement already satisfied: pymatreader>=1.2.2 in ./.venv-cloud/lib/python3.12/site-packages (from moabb==1.7.2->-r requirements-cloud.txt (line 8)) (1.3.1)
Requirement already satisfied: seaborn>=0.12.1 in ./.venv-cloud/lib/python3.12/site-packages (from moabb==1.7.2->-r requirements-cloud.txt (line 8)) (0.13.2)
Requirement already satisfied: pyriemann>=0.12 in ./.venv-cloud/lib/python3.12/site-packages (from moabb==1.7.2->-r requirements-cloud.txt (line 8)) (0.12)
Requirement already satisfied: PyYAML>=6.0 in ./.venv-cloud/lib/python3.12/site-packages (from moabb==1.7.2->-r requirements-cloud.txt (line 8)) (6.0.3)
Requirement already satisfied: nemar-py>=0.2.1 in ./.venv-cloud/lib/python3.12/site-packages (from moabb==1.7.2->-r requirements-cloud.txt (line 8)) (0.3.0)
Requirement already satisfied: requests>=2.28.1 in ./.venv-cloud/lib/python3.12/site-packages (from moabb==1.7.2->-r requirements-cloud.txt (line 8)) (2.34.2)
Requirement already satisfied: remotezip>=0.12.3 in ./.venv-cloud/lib/python3.12/site-packages (from moabb==1.7.2->-r requirements-cloud.txt (line 8)) (0.12.6)
Requirement already satisfied: urllib3>=1.26.15 in ./.venv-cloud/lib/python3.12/site-packages (from moabb==1.7.2->-r requirements-cloud.txt (line 8)) (2.8.0)
Requirement already satisfied: coverage>=7.0.1 in ./.venv-cloud/lib/python3.12/site-packages (from moabb==1.7.2->-r requirements-cloud.txt (line 8)) (7.16.1)
Requirement already satisfied: memory-profiler>=0.61.0 in ./.venv-cloud/lib/python3.12/site-packages (from moabb==1.7.2->-r requirements-cloud.txt (line 8)) (0.61.0)
Requirement already satisfied: edflib-python>=1.0.6 in ./.venv-cloud/lib/python3.12/site-packages (from moabb==1.7.2->-r requirements-cloud.txt (line 8)) (1.0.8)
Requirement already satisfied: edfio>=0.4.2 in ./.venv-cloud/lib/python3.12/site-packages (from moabb==1.7.2->-r requirements-cloud.txt (line 8)) (0.4.17)
Requirement already satisfied: filelock>=3.18.0 in ./.venv-cloud/lib/python3.12/site-packages (from moabb==1.7.2->-r requirements-cloud.txt (line 8)) (3.32.3)
Requirement already satisfied: mne-bids>=0.19 in ./.venv-cloud/lib/python3.12/site-packages (from moabb==1.7.2->-r requirements-cloud.txt (line 8)) (0.19.0)
Requirement already satisfied: pybv>=0.7.3 in ./.venv-cloud/lib/python3.12/site-packages (from moabb==1.7.2->-r requirements-cloud.txt (line 8)) (0.8.1)
Requirement already satisfied: pycountry>=24.6.1 in ./.venv-cloud/lib/python3.12/site-packages (from moabb==1.7.2->-r requirements-cloud.txt (line 8)) (26.2.16)
Requirement already satisfied: docstring-inheritance>=2.0.0 in ./.venv-cloud/lib/python3.12/site-packages (from moabb==1.7.2->-r requirements-cloud.txt (line 8)) (3.0.0)
Requirement already satisfied: torch>=2.0 in ./.venv-cloud/lib/python3.12/site-packages (from braindecode==1.5.1->-r requirements-cloud.txt (line 9)) (2.14.0+cu132)
Requirement already satisfied: torchinfo in ./.venv-cloud/lib/python3.12/site-packages (from braindecode==1.5.1->-r requirements-cloud.txt (line 9)) (1.8.0)
Requirement already satisfied: wfdb>=4.3.1 in ./.venv-cloud/lib/python3.12/site-packages (from braindecode==1.5.1->-r requirements-cloud.txt (line 9)) (4.3.1)
Requirement already satisfied: linear_attention_transformer in ./.venv-cloud/lib/python3.12/site-packages (from braindecode==1.5.1->-r requirements-cloud.txt (line 9)) (0.19.1)
Requirement already satisfied: rotary_embedding_torch in ./.venv-cloud/lib/python3.12/site-packages (from braindecode==1.5.1->-r requirements-cloud.txt (line 9)) (0.9.1)
Requirement already satisfied: pydantic>=2.0 in ./.venv-cloud/lib/python3.12/site-packages (from braindecode==1.5.1->-r requirements-cloud.txt (line 9)) (2.13.5)
Requirement already satisfied: tabulate>=0.7.7 in ./.venv-cloud/lib/python3.12/site-packages (from skorch==1.4.0->-r requirements-cloud.txt (line 10)) (0.10.0)
Requirement already satisfied: typing-extensions<5,>=4 in ./.venv-cloud/lib/python3.12/site-packages (from docstring-inheritance>=2.0.0->moabb==1.7.2->-r requirements-cloud.txt (line 8)) (4.16.0)
Requirement already satisfied: MarkupSafe>=2.0 in ./.venv-cloud/lib/python3.12/site-packages (from jinja2>=3.1->mne==1.13.2->-r requirements-cloud.txt (line 7)) (3.0.3)
Requirement already satisfied: cloudpickle>=3.0 in ./.venv-cloud/lib/python3.12/site-packages (from joblib>=1.4.0->scikit-learn==1.9.1->-r requirements-cloud.txt (line 5)) (3.1.2)
Requirement already satisfied: psutil in ./.venv-cloud/lib/python3.12/site-packages (from memory-profiler>=0.61.0->moabb==1.7.2->-r requirements-cloud.txt (line 8)) (7.2.2)
Requirement already satisfied: httpx>=0.25 in ./.venv-cloud/lib/python3.12/site-packages (from nemar-py>=0.2.1->moabb==1.7.2->-r requirements-cloud.txt (line 8)) (0.28.1)
Requirement already satisfied: typer>=0.12 in ./.venv-cloud/lib/python3.12/site-packages (from nemar-py>=0.2.1->moabb==1.7.2->-r requirements-cloud.txt (line 8)) (0.27.2)
Requirement already satisfied: wcmatch>=10.1 in ./.venv-cloud/lib/python3.12/site-packages (from nemar-py>=0.2.1->moabb==1.7.2->-r requirements-cloud.txt (line 8)) (11.0.1)
Requirement already satisfied: boto3>=1.34 in ./.venv-cloud/lib/python3.12/site-packages (from nemar-py>=0.2.1->moabb==1.7.2->-r requirements-cloud.txt (line 8)) (1.43.100)
Requirement already satisfied: botocore<1.44.0,>=1.43.100 in ./.venv-cloud/lib/python3.12/site-packages (from boto3>=1.34->nemar-py>=0.2.1->moabb==1.7.2->-r requirements-cloud.txt (line 8)) (1.43.100)
Requirement already satisfied: jmespath<2.0.0,>=0.7.1 in ./.venv-cloud/lib/python3.12/site-packages (from boto3>=1.34->nemar-py>=0.2.1->moabb==1.7.2->-r requirements-cloud.txt (line 8)) (1.1.0)
Requirement already satisfied: s3transfer<0.20.0,>=0.19.0 in ./.venv-cloud/lib/python3.12/site-packages (from boto3>=1.34->nemar-py>=0.2.1->moabb==1.7.2->-r requirements-cloud.txt (line 8)) (0.19.2)
Requirement already satisfied: six>=1.5 in ./.venv-cloud/lib/python3.12/site-packages (from python-dateutil>=2.8.2->pandas==3.0.6->-r requirements-cloud.txt (line 4)) (1.17.0)
Requirement already satisfied: anyio in ./.venv-cloud/lib/python3.12/site-packages (from httpx>=0.25->nemar-py>=0.2.1->moabb==1.7.2->-r requirements-cloud.txt (line 8)) (4.15.1)
Requirement already satisfied: certifi in ./.venv-cloud/lib/python3.12/site-packages (from httpx>=0.25->nemar-py>=0.2.1->moabb==1.7.2->-r requirements-cloud.txt (line 8)) (2026.7.22)
Requirement already satisfied: httpcore==1.* in ./.venv-cloud/lib/python3.12/site-packages (from httpx>=0.25->nemar-py>=0.2.1->moabb==1.7.2->-r requirements-cloud.txt (line 8)) (1.0.9)
Requirement already satisfied: idna in ./.venv-cloud/lib/python3.12/site-packages (from httpx>=0.25->nemar-py>=0.2.1->moabb==1.7.2->-r requirements-cloud.txt (line 8)) (3.20)
Requirement already satisfied: h11>=0.16 in ./.venv-cloud/lib/python3.12/site-packages (from httpcore==1.*->httpx>=0.25->nemar-py>=0.2.1->moabb==1.7.2->-r requirements-cloud.txt (line 8)) (0.16.0)
Requirement already satisfied: platformdirs>=2.5.0 in ./.venv-cloud/lib/python3.12/site-packages (from pooch>=1.5->mne==1.13.2->-r requirements-cloud.txt (line 7)) (4.11.12)
Requirement already satisfied: annotated-types>=0.6.0 in ./.venv-cloud/lib/python3.12/site-packages (from pydantic>=2.0->braindecode==1.5.1->-r requirements-cloud.txt (line 9)) (0.8.0)
Requirement already satisfied: pydantic-core==2.46.5 in ./.venv-cloud/lib/python3.12/site-packages (from pydantic>=2.0->braindecode==1.5.1->-r requirements-cloud.txt (line 9)) (2.46.5)
Requirement already satisfied: typing-inspection>=0.4.2 in ./.venv-cloud/lib/python3.12/site-packages (from pydantic>=2.0->braindecode==1.5.1->-r requirements-cloud.txt (line 9)) (0.4.4)
Requirement already satisfied: xmltodict>0.13 in ./.venv-cloud/lib/python3.12/site-packages (from pymatreader>=1.2.2->moabb==1.7.2->-r requirements-cloud.txt (line 8)) (1.0.4)
Requirement already satisfied: array-api-compat>=1.11 in ./.venv-cloud/lib/python3.12/site-packages (from pyriemann>=0.12->moabb==1.7.2->-r requirements-cloud.txt (line 8)) (1.15.0)
Requirement already satisfied: array-api-extra>=0.6 in ./.venv-cloud/lib/python3.12/site-packages (from pyriemann>=0.12->moabb==1.7.2->-r requirements-cloud.txt (line 8)) (0.11.4)
Requirement already satisfied: charset_normalizer<4,>=2 in ./.venv-cloud/lib/python3.12/site-packages (from requests>=2.28.1->moabb==1.7.2->-r requirements-cloud.txt (line 8)) (3.5.1)
Requirement already satisfied: setuptools>=77.0.3 in ./.venv-cloud/lib/python3.12/site-packages (from torch>=2.0->braindecode==1.5.1->-r requirements-cloud.txt (line 9)) (78.1.0)
Requirement already satisfied: sympy>=1.13.3 in ./.venv-cloud/lib/python3.12/site-packages (from torch>=2.0->braindecode==1.5.1->-r requirements-cloud.txt (line 9)) (1.14.0)
Requirement already satisfied: networkx>=2.5.1 in ./.venv-cloud/lib/python3.12/site-packages (from torch>=2.0->braindecode==1.5.1->-r requirements-cloud.txt (line 9)) (3.6.1)
Requirement already satisfied: fsspec>=0.8.5 in ./.venv-cloud/lib/python3.12/site-packages (from torch>=2.0->braindecode==1.5.1->-r requirements-cloud.txt (line 9)) (2026.7.0)
Requirement already satisfied: cuda-toolkit==13.2.1 in ./.venv-cloud/lib/python3.12/site-packages (from cuda-toolkit[cublas,cudart,cufft,cufile,cupti,curand,cusolver,cusparse,nvjitlink,nvrtc,nvtx]==13.2.1; platform_system == "Linux"->torch>=2.0->braindecode==1.5.1->-r requirements-cloud.txt (line 9)) (13.2.1)
Requirement already satisfied: cuda-bindings<14,>=13.0.3 in ./.venv-cloud/lib/python3.12/site-packages (from torch>=2.0->braindecode==1.5.1->-r requirements-cloud.txt (line 9)) (13.4.2)
Requirement already satisfied: nvidia-cudnn-cu13==9.24.0.43 in ./.venv-cloud/lib/python3.12/site-packages (from torch>=2.0->braindecode==1.5.1->-r requirements-cloud.txt (line 9)) (9.24.0.43)
Requirement already satisfied: nvidia-cusparselt-cu13==0.8.1 in ./.venv-cloud/lib/python3.12/site-packages (from torch>=2.0->braindecode==1.5.1->-r requirements-cloud.txt (line 9)) (0.8.1)
Requirement already satisfied: nvidia-nccl-cu13==2.30.7 in ./.venv-cloud/lib/python3.12/site-packages (from torch>=2.0->braindecode==1.5.1->-r requirements-cloud.txt (line 9)) (2.30.7)
Requirement already satisfied: nvidia-nvshmem-cu13==3.4.5 in ./.venv-cloud/lib/python3.12/site-packages (from torch>=2.0->braindecode==1.5.1->-r requirements-cloud.txt (line 9)) (3.4.5)
Requirement already satisfied: triton~=3.8.0 in ./.venv-cloud/lib/python3.12/site-packages (from torch>=2.0->braindecode==1.5.1->-r requirements-cloud.txt (line 9)) (3.8.0)
Requirement already satisfied: nvidia-cublas==13.4.0.1.* in ./.venv-cloud/lib/python3.12/site-packages (from cuda-toolkit[cublas,cudart,cufft,cufile,cupti,curand,cusolver,cusparse,nvjitlink,nvrtc,nvtx]==13.2.1; platform_system == "Linux"->torch>=2.0->braindecode==1.5.1->-r requirements-cloud.txt (line 9)) (13.4.0.1)
Requirement already satisfied: nvidia-cuda-nvrtc==13.2.78.* in ./.venv-cloud/lib/python3.12/site-packages (from cuda-toolkit[cublas,cudart,cufft,cufile,cupti,curand,cusolver,cusparse,nvjitlink,nvrtc,nvtx]==13.2.1; platform_system == "Linux"->torch>=2.0->braindecode==1.5.1->-r requirements-cloud.txt (line 9)) (13.2.78)
Requirement already satisfied: nvidia-cuda-runtime==13.2.75.* in ./.venv-cloud/lib/python3.12/site-packages (from cuda-toolkit[cublas,cudart,cufft,cufile,cupti,curand,cusolver,cusparse,nvjitlink,nvrtc,nvtx]==13.2.1; platform_system == "Linux"->torch>=2.0->braindecode==1.5.1->-r requirements-cloud.txt (line 9)) (13.2.75)
Requirement already satisfied: nvidia-cufft==12.2.0.46.* in ./.venv-cloud/lib/python3.12/site-packages (from cuda-toolkit[cublas,cudart,cufft,cufile,cupti,curand,cusolver,cusparse,nvjitlink,nvrtc,nvtx]==13.2.1; platform_system == "Linux"->torch>=2.0->braindecode==1.5.1->-r requirements-cloud.txt (line 9)) (12.2.0.46)
Requirement already satisfied: nvidia-nvjitlink<14,>=13.2.78 in ./.venv-cloud/lib/python3.12/site-packages (from cuda-toolkit[cublas,cudart,cufft,cufile,cupti,curand,cusolver,cusparse,nvjitlink,nvrtc,nvtx]==13.2.1; platform_system == "Linux"->torch>=2.0->braindecode==1.5.1->-r requirements-cloud.txt (line 9)) (13.4.92)
Requirement already satisfied: nvidia-cufile==1.17.1.22.* in ./.venv-cloud/lib/python3.12/site-packages (from cuda-toolkit[cublas,cudart,cufft,cufile,cupti,curand,cusolver,cusparse,nvjitlink,nvrtc,nvtx]==13.2.1; platform_system == "Linux"->torch>=2.0->braindecode==1.5.1->-r requirements-cloud.txt (line 9)) (1.17.1.22)
Requirement already satisfied: nvidia-cuda-cupti==13.2.75.* in ./.venv-cloud/lib/python3.12/site-packages (from cuda-toolkit[cublas,cudart,cufft,cufile,cupti,curand,cusolver,cusparse,nvjitlink,nvrtc,nvtx]==13.2.1; platform_system == "Linux"->torch>=2.0->braindecode==1.5.1->-r requirements-cloud.txt (line 9)) (13.2.75)
Requirement already satisfied: nvidia-curand==10.4.2.55.* in ./.venv-cloud/lib/python3.12/site-packages (from cuda-toolkit[cublas,cudart,cufft,cufile,cupti,curand,cusolver,cusparse,nvjitlink,nvrtc,nvtx]==13.2.1; platform_system == "Linux"->torch>=2.0->braindecode==1.5.1->-r requirements-cloud.txt (line 9)) (10.4.2.55)
Requirement already satisfied: nvidia-cusolver==12.2.0.1.* in ./.venv-cloud/lib/python3.12/site-packages (from cuda-toolkit[cublas,cudart,cufft,cufile,cupti,curand,cusolver,cusparse,nvjitlink,nvrtc,nvtx]==13.2.1; platform_system == "Linux"->torch>=2.0->braindecode==1.5.1->-r requirements-cloud.txt (line 9)) (12.2.0.1)
Requirement already satisfied: nvidia-cusparse==12.7.10.1.* in ./.venv-cloud/lib/python3.12/site-packages (from cuda-toolkit[cublas,cudart,cufft,cufile,cupti,curand,cusolver,cusparse,nvjitlink,nvrtc,nvtx]==13.2.1; platform_system == "Linux"->torch>=2.0->braindecode==1.5.1->-r requirements-cloud.txt (line 9)) (12.7.10.1)
Requirement already satisfied: nvidia-nvtx==13.2.75.* in ./.venv-cloud/lib/python3.12/site-packages (from cuda-toolkit[cublas,cudart,cufft,cufile,cupti,curand,cusolver,cusparse,nvjitlink,nvrtc,nvtx]==13.2.1; platform_system == "Linux"->torch>=2.0->braindecode==1.5.1->-r requirements-cloud.txt (line 9)) (13.2.75)
Requirement already satisfied: cuda-pathfinder>=1.4.2 in ./.venv-cloud/lib/python3.12/site-packages (from cuda-bindings<14,>=13.0.3->torch>=2.0->braindecode==1.5.1->-r requirements-cloud.txt (line 9)) (1.8.2)
Requirement already satisfied: mpmath<1.4,>=1.1.0 in ./.venv-cloud/lib/python3.12/site-packages (from sympy>=1.13.3->torch>=2.0->braindecode==1.5.1->-r requirements-cloud.txt (line 9)) (1.3.0)
Requirement already satisfied: shellingham>=1.3.0 in ./.venv-cloud/lib/python3.12/site-packages (from typer>=0.12->nemar-py>=0.2.1->moabb==1.7.2->-r requirements-cloud.txt (line 8)) (1.5.4)
Requirement already satisfied: rich>=13.8.0 in ./.venv-cloud/lib/python3.12/site-packages (from typer>=0.12->nemar-py>=0.2.1->moabb==1.7.2->-r requirements-cloud.txt (line 8)) (15.0.0)
Requirement already satisfied: annotated-doc>=0.0.2 in ./.venv-cloud/lib/python3.12/site-packages (from typer>=0.12->nemar-py>=0.2.1->moabb==1.7.2->-r requirements-cloud.txt (line 8)) (0.0.5)
Requirement already satisfied: markdown-it-py>=2.2.0 in ./.venv-cloud/lib/python3.12/site-packages (from rich>=13.8.0->typer>=0.12->nemar-py>=0.2.1->moabb==1.7.2->-r requirements-cloud.txt (line 8)) (4.2.0)
Requirement already satisfied: pygments<3.0.0,>=2.13.0 in ./.venv-cloud/lib/python3.12/site-packages (from rich>=13.8.0->typer>=0.12->nemar-py>=0.2.1->moabb==1.7.2->-r requirements-cloud.txt (line 8)) (2.21.0)
Requirement already satisfied: mdurl~=0.1 in ./.venv-cloud/lib/python3.12/site-packages (from markdown-it-py>=2.2.0->rich>=13.8.0->typer>=0.12->nemar-py>=0.2.1->moabb==1.7.2->-r requirements-cloud.txt (line 8)) (0.1.2)
Requirement already satisfied: bracex>=3.0 in ./.venv-cloud/lib/python3.12/site-packages (from wcmatch>=10.1->nemar-py>=0.2.1->moabb==1.7.2->-r requirements-cloud.txt (line 8)) (3.0.1)
Requirement already satisfied: aiohttp>=3.10.11 in ./.venv-cloud/lib/python3.12/site-packages (from wfdb>=4.3.1->braindecode==1.5.1->-r requirements-cloud.txt (line 9)) (3.14.3)
Requirement already satisfied: soundfile>=0.10.0 in ./.venv-cloud/lib/python3.12/site-packages (from wfdb>=4.3.1->braindecode==1.5.1->-r requirements-cloud.txt (line 9)) (0.14.0)
Requirement already satisfied: aiohappyeyeballs>=2.5.0 in ./.venv-cloud/lib/python3.12/site-packages (from aiohttp>=3.10.11->wfdb>=4.3.1->braindecode==1.5.1->-r requirements-cloud.txt (line 9)) (2.7.1)
Requirement already satisfied: aiosignal>=1.4.0 in ./.venv-cloud/lib/python3.12/site-packages (from aiohttp>=3.10.11->wfdb>=4.3.1->braindecode==1.5.1->-r requirements-cloud.txt (line 9)) (1.4.0)
Requirement already satisfied: attrs>=17.3.0 in ./.venv-cloud/lib/python3.12/site-packages (from aiohttp>=3.10.11->wfdb>=4.3.1->braindecode==1.5.1->-r requirements-cloud.txt (line 9)) (26.1.0)
Requirement already satisfied: frozenlist>=1.1.1 in ./.venv-cloud/lib/python3.12/site-packages (from aiohttp>=3.10.11->wfdb>=4.3.1->braindecode==1.5.1->-r requirements-cloud.txt (line 9)) (1.8.0)
Requirement already satisfied: multidict<7.0,>=4.5 in ./.venv-cloud/lib/python3.12/site-packages (from aiohttp>=3.10.11->wfdb>=4.3.1->braindecode==1.5.1->-r requirements-cloud.txt (line 9)) (6.9.1)
Requirement already satisfied: propcache>=0.2.0 in ./.venv-cloud/lib/python3.12/site-packages (from aiohttp>=3.10.11->wfdb>=4.3.1->braindecode==1.5.1->-r requirements-cloud.txt (line 9)) (0.5.4)
Requirement already satisfied: yarl<2.0,>=1.17.0 in ./.venv-cloud/lib/python3.12/site-packages (from aiohttp>=3.10.11->wfdb>=4.3.1->braindecode==1.5.1->-r requirements-cloud.txt (line 9)) (1.25.1)
Requirement already satisfied: cffi>=1.0 in ./.venv-cloud/lib/python3.12/site-packages (from soundfile>=0.10.0->wfdb>=4.3.1->braindecode==1.5.1->-r requirements-cloud.txt (line 9)) (2.1.1)
Requirement already satisfied: pycparser in ./.venv-cloud/lib/python3.12/site-packages (from cffi>=1.0->soundfile>=0.10.0->wfdb>=4.3.1->braindecode==1.5.1->-r requirements-cloud.txt (line 9)) (3.0)
Requirement already satisfied: axial-positional-embedding in ./.venv-cloud/lib/python3.12/site-packages (from linear_attention_transformer->braindecode==1.5.1->-r requirements-cloud.txt (line 9)) (0.3.12)
Requirement already satisfied: einops in ./.venv-cloud/lib/python3.12/site-packages (from linear_attention_transformer->braindecode==1.5.1->-r requirements-cloud.txt (line 9)) (0.8.2)
Requirement already satisfied: linformer>=0.1.0 in ./.venv-cloud/lib/python3.12/site-packages (from linear_attention_transformer->braindecode==1.5.1->-r requirements-cloud.txt (line 9)) (0.2.3)
Requirement already satisfied: local-attention in ./.venv-cloud/lib/python3.12/site-packages (from linear_attention_transformer->braindecode==1.5.1->-r requirements-cloud.txt (line 9)) (1.11.2)
Requirement already satisfied: product-key-memory>=0.1.5 in ./.venv-cloud/lib/python3.12/site-packages (from linear_attention_transformer->braindecode==1.5.1->-r requirements-cloud.txt (line 9)) (0.3.0)
Requirement already satisfied: colt5-attention>=0.10.14 in ./.venv-cloud/lib/python3.12/site-packages (from product-key-memory>=0.1.5->linear_attention_transformer->braindecode==1.5.1->-r requirements-cloud.txt (line 9)) (0.11.2)
Requirement already satisfied: hyper-connections>=0.1.8 in ./.venv-cloud/lib/python3.12/site-packages (from local-attention->linear_attention_transformer->braindecode==1.5.1->-r requirements-cloud.txt (line 9)) (0.4.11)
Requirement already satisfied: torch-einops-utils>=0.0.20 in ./.venv-cloud/lib/python3.12/site-packages (from hyper-connections>=0.1.8->local-attention->linear_attention_transformer->braindecode==1.5.1->-r requirements-cloud.txt (line 9)) (0.1.29)
Looking in indexes: https://pypi.tuna.tsinghua.edu.cn/simple
Obtaining file:///workspace/Q5_EEGNet_Cloud_Ready
  Installing build dependencies: started
  Installing build dependencies: finished with status 'done'
  Checking if build backend supports build_editable: started
  Checking if build backend supports build_editable: finished with status 'done'
  Getting requirements to build editable: started
  Getting requirements to build editable: finished with status 'done'
  Preparing editable metadata (pyproject.toml): started
  Preparing editable metadata (pyproject.toml): finished with status 'done'
Building wheels for collected packages: cross-subject-mi-eeg
  Building editable for cross-subject-mi-eeg (pyproject.toml): started
  Building editable for cross-subject-mi-eeg (pyproject.toml): finished with status 'done'
  Created wheel for cross-subject-mi-eeg: filename=cross_subject_mi_eeg-0.1.0-0.editable-py3-none-any.whl size=3819 sha256=e61cc8f62ffb35b03702eb259969dffe2de9345dd6b94e14300c02469c88f86a
  Stored in directory: /tmp/pip-ephem-wheel-cache-zt3z76_r/wheels/b3/9c/d9/f857c005db62ced61aefda108f944d2c6c235ee5f80ed3fe53
Successfully built cross-subject-mi-eeg
Installing collected packages: cross-subject-mi-eeg
  Attempting uninstall: cross-subject-mi-eeg
    Found existing installation: cross-subject-mi-eeg 0.1.0
    Uninstalling cross-subject-mi-eeg-0.1.0:
      Successfully uninstalled cross-subject-mi-eeg-0.1.0
Successfully installed cross-subject-mi-eeg-0.1.0
Dependencies installed. The following check uses the real CUDA device.
Python: 3.12.11
PyTorch: 2.14.0+cu132
PyTorch CUDA runtime: 13.2
GPU 0: NVIDIA GeForce RTX 5090; compute capability 12.0; 31.4 GiB
CUDA allocation and matrix operation passed on cuda:0.
/workspace/Q5_EEGNet_Cloud_Ready/.venv-cloud/lib/python3.12/site-packages/braindecode/models/eegpt.py:497: FutureWarning: Montage name 'standard_1020' is deprecated and will be removed in MNE 1.14. Use 'colin27_1020' instead.
  montage = mne.channels.make_standard_montage("standard_1020")
Loading configured epochs for subject 1 ...
Downloading data from 'https://lampx.tugraz.at/~bci/database/001-2014/A01T.mat' to file '/workspace/Q5_EEGNet_Cloud_Ready/data/raw/MNE-bnci-data/~bci/database/001-2014/A01T.mat'.
/workspace/Q5_EEGNet_Cloud_Ready/.venv-cloud/lib/python3.12/site-packages/urllib3/connectionpool.py:1129: InsecureRequestWarning: Unverified HTTPS request is being made to host 'mihomo.kube-system.svc.cluster.local'. Adding certificate verification is strongly advised. See: https://urllib3.readthedocs.io/en/latest/advanced-usage.html#tls-warnings
  warnings.warn(
  0%|                                              | 0.00/42.8M [00:00<?, ?B/s]  0%|                                     | 8.19k/42.8M [00:00<20:35, 34.6kB/s]  0%|                                     | 39.9k/42.8M [00:00<07:43, 92.3kB/s]  0%|                                       | 104k/42.8M [00:00<04:07, 173kB/s]  1%|▏                                      | 216k/42.8M [00:00<02:27, 288kB/s]  1%|▍                                      | 440k/42.8M [00:01<01:21, 520kB/s]  2%|▊                                      | 872k/42.8M [00:01<00:43, 954kB/s]  4%|█▍                                   | 1.67M/42.8M [00:01<00:23, 1.73MB/s]  8%|██▉                                  | 3.34M/42.8M [00:01<00:11, 3.39MB/s] 16%|█████▊                               | 6.69M/42.8M [00:02<00:05, 6.67MB/s] 25%|█████████▎                           | 10.8M/42.8M [00:02<00:03, 9.92MB/s] 35%|████████████▉                        | 14.9M/42.8M [00:02<00:02, 12.1MB/s] 43%|███████████████▉                     | 18.4M/42.8M [00:02<00:01, 15.6MB/s] 47%|█████████████████▌                   | 20.3M/42.8M [00:02<00:01, 14.7MB/s] 52%|███████████████████                  | 22.1M/42.8M [00:03<00:01, 12.4MB/s] 61%|██████████████████████▌              | 26.2M/42.8M [00:03<00:01, 13.9MB/s] 70%|██████████████████████████           | 30.2M/42.8M [00:03<00:00, 14.8MB/s] 80%|█████████████████████████████▌       | 34.2M/42.8M [00:03<00:00, 15.5MB/s] 90%|█████████████████████████████████▏   | 38.3M/42.8M [00:03<00:00, 18.6MB/s] 94%|██████████████████████████████████▉  | 40.4M/42.8M [00:04<00:00, 17.1MB/s] 99%|████████████████████████████████████▋| 42.5M/42.8M [00:04<00:00, 15.3MB/s]  0%|                                              | 0.00/42.8M [00:00<?, ?B/s]100%|██████████████████████████████████████| 42.8M/42.8M [00:00<00:00, 299GB/s]
SHA256 hash of downloaded file: 054f02e70cf9c4ada1517e9b9864f45407939c1062c6793516585c6f511d0325
Use this value as the 'known_hash' argument of 'pooch.retrieve' to ensure that the file hasn't changed if it is downloaded again in the future.
/workspace/Q5_EEGNet_Cloud_Ready/.venv-cloud/lib/python3.12/site-packages/moabb/datasets/bnci/base.py:456: FutureWarning: Montage name 'standard_1005' is deprecated and will be removed in MNE 1.14. Use 'colin27_1005' instead.
  montage = make_standard_montage("standard_1005")
/workspace/Q5_EEGNet_Cloud_Ready/.venv-cloud/lib/python3.12/site-packages/moabb/datasets/bnci/base.py:456: FutureWarning: Montage name 'standard_1005' is deprecated and will be removed in MNE 1.14. Use 'colin27_1005' instead.
  montage = make_standard_montage("standard_1005")
/workspace/Q5_EEGNet_Cloud_Ready/.venv-cloud/lib/python3.12/site-packages/moabb/datasets/bnci/base.py:456: FutureWarning: Montage name 'standard_1005' is deprecated and will be removed in MNE 1.14. Use 'colin27_1005' instead.
  montage = make_standard_montage("standard_1005")
/workspace/Q5_EEGNet_Cloud_Ready/.venv-cloud/lib/python3.12/site-packages/moabb/datasets/bnci/base.py:456: FutureWarning: Montage name 'standard_1005' is deprecated and will be removed in MNE 1.14. Use 'colin27_1005' instead.
  montage = make_standard_montage("standard_1005")
/workspace/Q5_EEGNet_Cloud_Ready/.venv-cloud/lib/python3.12/site-packages/moabb/datasets/bnci/base.py:456: FutureWarning: Montage name 'standard_1005' is deprecated and will be removed in MNE 1.14. Use 'colin27_1005' instead.
  montage = make_standard_montage("standard_1005")
/workspace/Q5_EEGNet_Cloud_Ready/.venv-cloud/lib/python3.12/site-packages/moabb/datasets/bnci/base.py:456: FutureWarning: Montage name 'standard_1005' is deprecated and will be removed in MNE 1.14. Use 'colin27_1005' instead.
  montage = make_standard_montage("standard_1005")
/workspace/Q5_EEGNet_Cloud_Ready/.venv-cloud/lib/python3.12/site-packages/moabb/datasets/bnci/base.py:456: FutureWarning: Montage name 'standard_1005' is deprecated and will be removed in MNE 1.14. Use 'colin27_1005' instead.
  montage = make_standard_montage("standard_1005")
/workspace/Q5_EEGNet_Cloud_Ready/.venv-cloud/lib/python3.12/site-packages/moabb/datasets/bnci/base.py:456: FutureWarning: Montage name 'standard_1005' is deprecated and will be removed in MNE 1.14. Use 'colin27_1005' instead.
  montage = make_standard_montage("standard_1005")
/workspace/Q5_EEGNet_Cloud_Ready/.venv-cloud/lib/python3.12/site-packages/moabb/datasets/bnci/base.py:456: FutureWarning: Montage name 'standard_1005' is deprecated and will be removed in MNE 1.14. Use 'colin27_1005' instead.
  montage = make_standard_montage("standard_1005")
Downloading data from 'https://lampx.tugraz.at/~bci/database/001-2014/A01E.mat' to file '/workspace/Q5_EEGNet_Cloud_Ready/data/raw/MNE-bnci-data/~bci/database/001-2014/A01E.mat'.
/workspace/Q5_EEGNet_Cloud_Ready/.venv-cloud/lib/python3.12/site-packages/urllib3/connectionpool.py:1129: InsecureRequestWarning: Unverified HTTPS request is being made to host 'mihomo.kube-system.svc.cluster.local'. Adding certificate verification is strongly advised. See: https://urllib3.readthedocs.io/en/latest/advanced-usage.html#tls-warnings
  warnings.warn(
  0%|                                              | 0.00/43.8M [00:00<?, ?B/s]  0%|                                     | 8.19k/43.8M [00:00<18:51, 38.7kB/s]  0%|                                      | 39.9k/43.8M [00:00<07:01, 104kB/s]  0%|                                       | 113k/43.8M [00:00<03:25, 212kB/s]  1%|▏                                      | 241k/43.8M [00:00<01:59, 365kB/s]  1%|▍                                      | 512k/43.8M [00:01<01:02, 691kB/s]  2%|▉                                    | 1.05M/43.8M [00:01<00:32, 1.31MB/s]  5%|█▊                                   | 2.11M/43.8M [00:01<00:16, 2.51MB/s] 10%|███▌                                 | 4.26M/43.8M [00:01<00:08, 4.91MB/s] 19%|███████                              | 8.40M/43.8M [00:01<00:03, 9.44MB/s] 29%|██████████▌                          | 12.5M/43.8M [00:02<00:02, 12.5MB/s] 38%|██████████████                       | 16.7M/43.8M [00:02<00:01, 14.6MB/s] 47%|█████████████████▍                   | 20.6M/43.8M [00:02<00:01, 14.8MB/s] 57%|█████████████████████                | 25.0M/43.8M [00:02<00:01, 17.5MB/s] 64%|███████████████████████▊             | 28.2M/43.8M [00:03<00:00, 15.7MB/s] 75%|███████████████████████████▌         | 32.6M/43.8M [00:03<00:00, 16.4MB/s] 85%|███████████████████████████████▎     | 37.0M/43.8M [00:03<00:00, 16.8MB/s] 95%|███████████████████████████████████  | 41.4M/43.8M [00:03<00:00, 21.0MB/s]  0%|                                              | 0.00/43.8M [00:00<?, ?B/s]100%|██████████████████████████████████████| 43.8M/43.8M [00:00<00:00, 213GB/s]
SHA256 hash of downloaded file: 53d415f39c3d7b0c88b894d7b08d99bcdfe855ede63831d3691af1a45607fb62
Use this value as the 'known_hash' argument of 'pooch.retrieve' to ensure that the file hasn't changed if it is downloaded again in the future.
/workspace/Q5_EEGNet_Cloud_Ready/.venv-cloud/lib/python3.12/site-packages/moabb/datasets/bnci/base.py:456: FutureWarning: Montage name 'standard_1005' is deprecated and will be removed in MNE 1.14. Use 'colin27_1005' instead.
  montage = make_standard_montage("standard_1005")
/workspace/Q5_EEGNet_Cloud_Ready/.venv-cloud/lib/python3.12/site-packages/moabb/datasets/bnci/base.py:456: FutureWarning: Montage name 'standard_1005' is deprecated and will be removed in MNE 1.14. Use 'colin27_1005' instead.
  montage = make_standard_montage("standard_1005")
/workspace/Q5_EEGNet_Cloud_Ready/.venv-cloud/lib/python3.12/site-packages/moabb/datasets/bnci/base.py:456: FutureWarning: Montage name 'standard_1005' is deprecated and will be removed in MNE 1.14. Use 'colin27_1005' instead.
  montage = make_standard_montage("standard_1005")
/workspace/Q5_EEGNet_Cloud_Ready/.venv-cloud/lib/python3.12/site-packages/moabb/datasets/bnci/base.py:456: FutureWarning: Montage name 'standard_1005' is deprecated and will be removed in MNE 1.14. Use 'colin27_1005' instead.
  montage = make_standard_montage("standard_1005")
/workspace/Q5_EEGNet_Cloud_Ready/.venv-cloud/lib/python3.12/site-packages/moabb/datasets/bnci/base.py:456: FutureWarning: Montage name 'standard_1005' is deprecated and will be removed in MNE 1.14. Use 'colin27_1005' instead.
  montage = make_standard_montage("standard_1005")
/workspace/Q5_EEGNet_Cloud_Ready/.venv-cloud/lib/python3.12/site-packages/moabb/datasets/bnci/base.py:456: FutureWarning: Montage name 'standard_1005' is deprecated and will be removed in MNE 1.14. Use 'colin27_1005' instead.
  montage = make_standard_montage("standard_1005")
/workspace/Q5_EEGNet_Cloud_Ready/.venv-cloud/lib/python3.12/site-packages/moabb/datasets/bnci/base.py:456: FutureWarning: Montage name 'standard_1005' is deprecated and will be removed in MNE 1.14. Use 'colin27_1005' instead.
  montage = make_standard_montage("standard_1005")
/workspace/Q5_EEGNet_Cloud_Ready/.venv-cloud/lib/python3.12/site-packages/moabb/datasets/bnci/base.py:456: FutureWarning: Montage name 'standard_1005' is deprecated and will be removed in MNE 1.14. Use 'colin27_1005' instead.
  montage = make_standard_montage("standard_1005")
/workspace/Q5_EEGNet_Cloud_Ready/.venv-cloud/lib/python3.12/site-packages/moabb/datasets/bnci/base.py:456: FutureWarning: Montage name 'standard_1005' is deprecated and will be removed in MNE 1.14. Use 'colin27_1005' instead.
  montage = make_standard_montage("standard_1005")
Loading configured epochs for subject 2 ...
Downloading data from 'https://lampx.tugraz.at/~bci/database/001-2014/A02T.mat' to file '/workspace/Q5_EEGNet_Cloud_Ready/data/raw/MNE-bnci-data/~bci/database/001-2014/A02T.mat'.
/workspace/Q5_EEGNet_Cloud_Ready/.venv-cloud/lib/python3.12/site-packages/urllib3/connectionpool.py:1129: InsecureRequestWarning: Unverified HTTPS request is being made to host 'mihomo.kube-system.svc.cluster.local'. Adding certificate verification is strongly advised. See: https://urllib3.readthedocs.io/en/latest/advanced-usage.html#tls-warnings
  warnings.warn(
  0%|                                              | 0.00/43.1M [00:00<?, ?B/s]  0%|                                     | 8.19k/43.1M [00:00<21:10, 33.9kB/s]  0%|                                      | 48.1k/43.1M [00:00<06:28, 111kB/s]  0%|                                       | 128k/43.1M [00:00<03:24, 210kB/s]  1%|▎                                      | 281k/43.1M [00:00<01:54, 374kB/s]  1%|▌                                      | 593k/43.1M [00:01<01:00, 701kB/s]  3%|█                                    | 1.22M/43.1M [00:01<00:31, 1.33MB/s]  6%|██                                   | 2.46M/43.1M [00:01<00:15, 2.57MB/s] 12%|████▎                                | 4.97M/43.1M [00:01<00:07, 5.02MB/s] 21%|███████▊                             | 9.03M/43.1M [00:02<00:03, 8.67MB/s] 31%|███████████▎                         | 13.2M/43.1M [00:02<00:02, 11.2MB/s] 40%|██████████████▊                      | 17.3M/43.1M [00:02<00:01, 13.0MB/s] 50%|██████████████████▍                  | 21.4M/43.1M [00:02<00:01, 14.2MB/s] 59%|█████████████████████▉               | 25.6M/43.1M [00:03<00:01, 15.0MB/s] 69%|█████████████████████████▌           | 29.7M/43.1M [00:03<00:00, 15.6MB/s] 79%|█████████████████████████████        | 33.9M/43.1M [00:03<00:00, 16.0MB/s] 88%|████████████████████████████████▋    | 38.0M/43.1M [00:03<00:00, 16.3MB/s] 98%|████████████████████████████████████▏| 42.2M/43.1M [00:04<00:00, 16.5MB/s]  0%|                                              | 0.00/43.1M [00:00<?, ?B/s]100%|██████████████████████████████████████| 43.1M/43.1M [00:00<00:00, 217GB/s]
SHA256 hash of downloaded file: 5ddd5cb520b1692c3ba1363f48d98f58f0e46f3699ee50d749947950fc39db27
Use this value as the 'known_hash' argument of 'pooch.retrieve' to ensure that the file hasn't changed if it is downloaded again in the future.
/workspace/Q5_EEGNet_Cloud_Ready/.venv-cloud/lib/python3.12/site-packages/moabb/datasets/bnci/base.py:456: FutureWarning: Montage name 'standard_1005' is deprecated and will be removed in MNE 1.14. Use 'colin27_1005' instead.
  montage = make_standard_montage("standard_1005")
/workspace/Q5_EEGNet_Cloud_Ready/.venv-cloud/lib/python3.12/site-packages/moabb/datasets/bnci/base.py:456: FutureWarning: Montage name 'standard_1005' is deprecated and will be removed in MNE 1.14. Use 'colin27_1005' instead.
  montage = make_standard_montage("standard_1005")
/workspace/Q5_EEGNet_Cloud_Ready/.venv-cloud/lib/python3.12/site-packages/moabb/datasets/bnci/base.py:456: FutureWarning: Montage name 'standard_1005' is deprecated and will be removed in MNE 1.14. Use 'colin27_1005' instead.
  montage = make_standard_montage("standard_1005")
/workspace/Q5_EEGNet_Cloud_Ready/.venv-cloud/lib/python3.12/site-packages/moabb/datasets/bnci/base.py:456: FutureWarning: Montage name 'standard_1005' is deprecated and will be removed in MNE 1.14. Use 'colin27_1005' instead.
  montage = make_standard_montage("standard_1005")
/workspace/Q5_EEGNet_Cloud_Ready/.venv-cloud/lib/python3.12/site-packages/moabb/datasets/bnci/base.py:456: FutureWarning: Montage name 'standard_1005' is deprecated and will be removed in MNE 1.14. Use 'colin27_1005' instead.
  montage = make_standard_montage("standard_1005")
/workspace/Q5_EEGNet_Cloud_Ready/.venv-cloud/lib/python3.12/site-packages/moabb/datasets/bnci/base.py:456: FutureWarning: Montage name 'standard_1005' is deprecated and will be removed in MNE 1.14. Use 'colin27_1005' instead.
  montage = make_standard_montage("standard_1005")
/workspace/Q5_EEGNet_Cloud_Ready/.venv-cloud/lib/python3.12/site-packages/moabb/datasets/bnci/base.py:456: FutureWarning: Montage name 'standard_1005' is deprecated and will be removed in MNE 1.14. Use 'colin27_1005' instead.
  montage = make_standard_montage("standard_1005")
/workspace/Q5_EEGNet_Cloud_Ready/.venv-cloud/lib/python3.12/site-packages/moabb/datasets/bnci/base.py:456: FutureWarning: Montage name 'standard_1005' is deprecated and will be removed in MNE 1.14. Use 'colin27_1005' instead.
  montage = make_standard_montage("standard_1005")
/workspace/Q5_EEGNet_Cloud_Ready/.venv-cloud/lib/python3.12/site-packages/moabb/datasets/bnci/base.py:456: FutureWarning: Montage name 'standard_1005' is deprecated and will be removed in MNE 1.14. Use 'colin27_1005' instead.
  montage = make_standard_montage("standard_1005")
Downloading data from 'https://lampx.tugraz.at/~bci/database/001-2014/A02E.mat' to file '/workspace/Q5_EEGNet_Cloud_Ready/data/raw/MNE-bnci-data/~bci/database/001-2014/A02E.mat'.
/workspace/Q5_EEGNet_Cloud_Ready/.venv-cloud/lib/python3.12/site-packages/urllib3/connectionpool.py:1129: InsecureRequestWarning: Unverified HTTPS request is being made to host 'mihomo.kube-system.svc.cluster.local'. Adding certificate verification is strongly advised. See: https://urllib3.readthedocs.io/en/latest/advanced-usage.html#tls-warnings
  warnings.warn(
  0%|                                              | 0.00/44.2M [00:00<?, ?B/s]  0%|                                     | 8.19k/44.2M [00:00<21:33, 34.2kB/s]  0%|                                      | 48.1k/44.2M [00:00<06:41, 110kB/s]  0%|                                       | 113k/44.2M [00:00<04:04, 180kB/s]  1%|▏                                      | 241k/44.2M [00:00<02:18, 316kB/s]  1%|▍                                      | 505k/44.2M [00:01<01:13, 595kB/s]  2%|▊                                    | 1.02M/44.2M [00:01<00:38, 1.12MB/s]  5%|█▋                                   | 2.08M/44.2M [00:01<00:19, 2.18MB/s]  9%|███▍                                 | 4.18M/44.2M [00:01<00:09, 4.24MB/s] 19%|██████▉                              | 8.31M/44.2M [00:02<00:04, 8.25MB/s] 28%|██████████▍                          | 12.4M/44.2M [00:02<00:02, 13.0MB/s] 32%|███████████▊                         | 14.1M/44.2M [00:02<00:02, 12.6MB/s] 38%|█████████████▉                       | 16.6M/44.2M [00:02<00:02, 12.2MB/s] 47%|█████████████████▎                   | 20.6M/44.2M [00:02<00:01, 16.7MB/s] 51%|██████████████████▉                  | 22.6M/44.2M [00:02<00:01, 15.5MB/s] 56%|████████████████████▊                | 24.9M/44.2M [00:03<00:01, 15.9MB/s] 60%|██████████████████████▎              | 26.6M/44.2M [00:03<00:01, 15.9MB/s] 66%|████████████████████████▎            | 29.0M/44.2M [00:03<00:00, 16.5MB/s] 70%|█████████████████████████▋           | 30.7M/44.2M [00:03<00:00, 16.3MB/s] 75%|███████████████████████████▋         | 33.1M/44.2M [00:03<00:00, 16.9MB/s] 79%|█████████████████████████████▏       | 34.9M/44.2M [00:03<00:00, 16.5MB/s] 84%|███████████████████████████████▏     | 37.3M/44.2M [00:03<00:00, 14.6MB/s] 93%|██████████████████████████████████▌  | 41.3M/44.2M [00:03<00:00, 19.5MB/s] 98%|████████████████████████████████████▎| 43.3M/44.2M [00:04<00:00, 17.1MB/s]  0%|                                              | 0.00/44.2M [00:00<?, ?B/s]100%|██████████████████████████████████████| 44.2M/44.2M [00:00<00:00, 341GB/s]
SHA256 hash of downloaded file: d63c454005d3a9b41d8440629482e855afc823339bdd0b5721842a7ee9cc7b12
Use this value as the 'known_hash' argument of 'pooch.retrieve' to ensure that the file hasn't changed if it is downloaded again in the future.
/workspace/Q5_EEGNet_Cloud_Ready/.venv-cloud/lib/python3.12/site-packages/moabb/datasets/bnci/base.py:456: FutureWarning: Montage name 'standard_1005' is deprecated and will be removed in MNE 1.14. Use 'colin27_1005' instead.
  montage = make_standard_montage("standard_1005")
/workspace/Q5_EEGNet_Cloud_Ready/.venv-cloud/lib/python3.12/site-packages/moabb/datasets/bnci/base.py:456: FutureWarning: Montage name 'standard_1005' is deprecated and will be removed in MNE 1.14. Use 'colin27_1005' instead.
  montage = make_standard_montage("standard_1005")
/workspace/Q5_EEGNet_Cloud_Ready/.venv-cloud/lib/python3.12/site-packages/moabb/datasets/bnci/base.py:456: FutureWarning: Montage name 'standard_1005' is deprecated and will be removed in MNE 1.14. Use 'colin27_1005' instead.
  montage = make_standard_montage("standard_1005")
/workspace/Q5_EEGNet_Cloud_Ready/.venv-cloud/lib/python3.12/site-packages/moabb/datasets/bnci/base.py:456: FutureWarning: Montage name 'standard_1005' is deprecated and will be removed in MNE 1.14. Use 'colin27_1005' instead.
  montage = make_standard_montage("standard_1005")
/workspace/Q5_EEGNet_Cloud_Ready/.venv-cloud/lib/python3.12/site-packages/moabb/datasets/bnci/base.py:456: FutureWarning: Montage name 'standard_1005' is deprecated and will be removed in MNE 1.14. Use 'colin27_1005' instead.
  montage = make_standard_montage("standard_1005")
/workspace/Q5_EEGNet_Cloud_Ready/.venv-cloud/lib/python3.12/site-packages/moabb/datasets/bnci/base.py:456: FutureWarning: Montage name 'standard_1005' is deprecated and will be removed in MNE 1.14. Use 'colin27_1005' instead.
  montage = make_standard_montage("standard_1005")
/workspace/Q5_EEGNet_Cloud_Ready/.venv-cloud/lib/python3.12/site-packages/moabb/datasets/bnci/base.py:456: FutureWarning: Montage name 'standard_1005' is deprecated and will be removed in MNE 1.14. Use 'colin27_1005' instead.
  montage = make_standard_montage("standard_1005")
/workspace/Q5_EEGNet_Cloud_Ready/.venv-cloud/lib/python3.12/site-packages/moabb/datasets/bnci/base.py:456: FutureWarning: Montage name 'standard_1005' is deprecated and will be removed in MNE 1.14. Use 'colin27_1005' instead.
  montage = make_standard_montage("standard_1005")
/workspace/Q5_EEGNet_Cloud_Ready/.venv-cloud/lib/python3.12/site-packages/moabb/datasets/bnci/base.py:456: FutureWarning: Montage name 'standard_1005' is deprecated and will be removed in MNE 1.14. Use 'colin27_1005' instead.
  montage = make_standard_montage("standard_1005")
Loading configured epochs for subject 3 ...
Downloading data from 'https://lampx.tugraz.at/~bci/database/001-2014/A03T.mat' to file '/workspace/Q5_EEGNet_Cloud_Ready/data/raw/MNE-bnci-data/~bci/database/001-2014/A03T.mat'.
/workspace/Q5_EEGNet_Cloud_Ready/.venv-cloud/lib/python3.12/site-packages/urllib3/connectionpool.py:1129: InsecureRequestWarning: Unverified HTTPS request is being made to host 'mihomo.kube-system.svc.cluster.local'. Adding certificate verification is strongly advised. See: https://urllib3.readthedocs.io/en/latest/advanced-usage.html#tls-warnings
  warnings.warn(
  0%|                                              | 0.00/44.1M [00:00<?, ?B/s]  0%|                                     | 8.19k/44.1M [00:00<17:10, 42.7kB/s]  0%|                                      | 48.1k/44.1M [00:00<05:15, 140kB/s]  0%|                                       | 121k/44.1M [00:00<02:57, 248kB/s]  1%|▏                                      | 249k/44.1M [00:00<01:46, 411kB/s]  1%|▍                                      | 512k/44.1M [00:00<00:57, 754kB/s]  2%|▊                                    | 1.04M/44.1M [00:01<00:30, 1.43MB/s]  5%|█▊                                   | 2.10M/44.1M [00:01<00:14, 2.87MB/s] 10%|███▌                                 | 4.20M/44.1M [00:01<00:06, 6.40MB/s] 11%|████▏                                | 5.02M/44.1M [00:01<00:05, 6.52MB/s] 19%|███████                              | 8.35M/44.1M [00:01<00:03, 11.2MB/s] 28%|██████████▍                          | 12.5M/44.1M [00:01<00:01, 17.6MB/s] 33%|████████████▏                        | 14.5M/44.1M [00:01<00:01, 16.8MB/s] 37%|█████████████▋                       | 16.3M/44.1M [00:02<00:02, 13.2MB/s] 44%|████████████████▍                    | 19.5M/44.1M [00:02<00:01, 14.2MB/s] 54%|███████████████████▉                 | 23.7M/44.1M [00:02<00:01, 15.4MB/s] 62%|███████████████████████              | 27.5M/44.1M [00:02<00:01, 16.1MB/s] 71%|██████████████████████████▎          | 31.3M/44.1M [00:03<00:00, 16.9MB/s] 79%|█████████████████████████████▍       | 35.0M/44.1M [00:03<00:00, 17.1MB/s] 88%|████████████████████████████████▍    | 38.7M/44.1M [00:03<00:00, 17.3MB/s] 96%|███████████████████████████████████▋ | 42.5M/44.1M [00:03<00:00, 17.3MB/s]  0%|                                              | 0.00/44.1M [00:00<?, ?B/s]100%|██████████████████████████████████████| 44.1M/44.1M [00:00<00:00, 140GB/s]
SHA256 hash of downloaded file: 7e731ee8b681d5da6ecb11ae1d4e64b1653c7f15aad5d6b7620b25ce53141e80
Use this value as the 'known_hash' argument of 'pooch.retrieve' to ensure that the file hasn't changed if it is downloaded again in the future.
/workspace/Q5_EEGNet_Cloud_Ready/.venv-cloud/lib/python3.12/site-packages/moabb/datasets/bnci/base.py:456: FutureWarning: Montage name 'standard_1005' is deprecated and will be removed in MNE 1.14. Use 'colin27_1005' instead.
  montage = make_standard_montage("standard_1005")
/workspace/Q5_EEGNet_Cloud_Ready/.venv-cloud/lib/python3.12/site-packages/moabb/datasets/bnci/base.py:456: FutureWarning: Montage name 'standard_1005' is deprecated and will be removed in MNE 1.14. Use 'colin27_1005' instead.
  montage = make_standard_montage("standard_1005")
/workspace/Q5_EEGNet_Cloud_Ready/.venv-cloud/lib/python3.12/site-packages/moabb/datasets/bnci/base.py:456: FutureWarning: Montage name 'standard_1005' is deprecated and will be removed in MNE 1.14. Use 'colin27_1005' instead.
  montage = make_standard_montage("standard_1005")
/workspace/Q5_EEGNet_Cloud_Ready/.venv-cloud/lib/python3.12/site-packages/moabb/datasets/bnci/base.py:456: FutureWarning: Montage name 'standard_1005' is deprecated and will be removed in MNE 1.14. Use 'colin27_1005' instead.
  montage = make_standard_montage("standard_1005")
/workspace/Q5_EEGNet_Cloud_Ready/.venv-cloud/lib/python3.12/site-packages/moabb/datasets/bnci/base.py:456: FutureWarning: Montage name 'standard_1005' is deprecated and will be removed in MNE 1.14. Use 'colin27_1005' instead.
  montage = make_standard_montage("standard_1005")
/workspace/Q5_EEGNet_Cloud_Ready/.venv-cloud/lib/python3.12/site-packages/moabb/datasets/bnci/base.py:456: FutureWarning: Montage name 'standard_1005' is deprecated and will be removed in MNE 1.14. Use 'colin27_1005' instead.
  montage = make_standard_montage("standard_1005")
/workspace/Q5_EEGNet_Cloud_Ready/.venv-cloud/lib/python3.12/site-packages/moabb/datasets/bnci/base.py:456: FutureWarning: Montage name 'standard_1005' is deprecated and will be removed in MNE 1.14. Use 'colin27_1005' instead.
  montage = make_standard_montage("standard_1005")
/workspace/Q5_EEGNet_Cloud_Ready/.venv-cloud/lib/python3.12/site-packages/moabb/datasets/bnci/base.py:456: FutureWarning: Montage name 'standard_1005' is deprecated and will be removed in MNE 1.14. Use 'colin27_1005' instead.
  montage = make_standard_montage("standard_1005")
/workspace/Q5_EEGNet_Cloud_Ready/.venv-cloud/lib/python3.12/site-packages/moabb/datasets/bnci/base.py:456: FutureWarning: Montage name 'standard_1005' is deprecated and will be removed in MNE 1.14. Use 'colin27_1005' instead.
  montage = make_standard_montage("standard_1005")
Downloading data from 'https://lampx.tugraz.at/~bci/database/001-2014/A03E.mat' to file '/workspace/Q5_EEGNet_Cloud_Ready/data/raw/MNE-bnci-data/~bci/database/001-2014/A03E.mat'.
/workspace/Q5_EEGNet_Cloud_Ready/.venv-cloud/lib/python3.12/site-packages/urllib3/connectionpool.py:1129: InsecureRequestWarning: Unverified HTTPS request is being made to host 'mihomo.kube-system.svc.cluster.local'. Adding certificate verification is strongly advised. See: https://urllib3.readthedocs.io/en/latest/advanced-usage.html#tls-warnings
  warnings.warn(
  0%|                                              | 0.00/42.3M [00:00<?, ?B/s]  0%|                                     | 8.19k/42.3M [00:00<19:44, 35.7kB/s]  0%|                                      | 48.1k/42.3M [00:00<06:02, 117kB/s]  0%|                                       | 121k/42.3M [00:00<03:23, 207kB/s]  1%|▏                                      | 264k/42.3M [00:00<01:53, 370kB/s]  1%|▌                                      | 552k/42.3M [00:01<01:00, 685kB/s]  3%|▉                                    | 1.12M/42.3M [00:01<00:31, 1.29MB/s]  5%|█▉                                   | 2.27M/42.3M [00:01<00:16, 2.49MB/s] 11%|███▉                                 | 4.57M/42.3M [00:01<00:07, 4.86MB/s] 21%|███████▌                             | 8.71M/42.3M [00:02<00:03, 8.94MB/s] 30%|███████████▏                         | 12.8M/42.3M [00:02<00:02, 11.7MB/s] 40%|██████████████▊                      | 17.0M/42.3M [00:02<00:01, 13.6MB/s] 50%|██████████████████▍                  | 21.1M/42.3M [00:02<00:01, 14.9MB/s] 60%|██████████████████████               | 25.2M/42.3M [00:03<00:01, 15.8MB/s] 69%|█████████████████████████▋           | 29.4M/42.3M [00:03<00:00, 16.4MB/s] 79%|█████████████████████████████▎       | 33.5M/42.3M [00:03<00:00, 16.8MB/s] 89%|████████████████████████████████▉    | 37.6M/42.3M [00:03<00:00, 17.1MB/s] 99%|████████████████████████████████████▌| 41.8M/42.3M [00:03<00:00, 17.4MB/s]  0%|                                              | 0.00/42.3M [00:00<?, ?B/s]100%|██████████████████████████████████████| 42.3M/42.3M [00:00<00:00, 287GB/s]
SHA256 hash of downloaded file: d4229267ec7624fa8bd3af5cbebac17f415f7c722de6cb676748f8cb3b717d97
Use this value as the 'known_hash' argument of 'pooch.retrieve' to ensure that the file hasn't changed if it is downloaded again in the future.
/workspace/Q5_EEGNet_Cloud_Ready/.venv-cloud/lib/python3.12/site-packages/moabb/datasets/bnci/base.py:456: FutureWarning: Montage name 'standard_1005' is deprecated and will be removed in MNE 1.14. Use 'colin27_1005' instead.
  montage = make_standard_montage("standard_1005")
/workspace/Q5_EEGNet_Cloud_Ready/.venv-cloud/lib/python3.12/site-packages/moabb/datasets/bnci/base.py:456: FutureWarning: Montage name 'standard_1005' is deprecated and will be removed in MNE 1.14. Use 'colin27_1005' instead.
  montage = make_standard_montage("standard_1005")
/workspace/Q5_EEGNet_Cloud_Ready/.venv-cloud/lib/python3.12/site-packages/moabb/datasets/bnci/base.py:456: FutureWarning: Montage name 'standard_1005' is deprecated and will be removed in MNE 1.14. Use 'colin27_1005' instead.
  montage = make_standard_montage("standard_1005")
/workspace/Q5_EEGNet_Cloud_Ready/.venv-cloud/lib/python3.12/site-packages/moabb/datasets/bnci/base.py:456: FutureWarning: Montage name 'standard_1005' is deprecated and will be removed in MNE 1.14. Use 'colin27_1005' instead.
  montage = make_standard_montage("standard_1005")
/workspace/Q5_EEGNet_Cloud_Ready/.venv-cloud/lib/python3.12/site-packages/moabb/datasets/bnci/base.py:456: FutureWarning: Montage name 'standard_1005' is deprecated and will be removed in MNE 1.14. Use 'colin27_1005' instead.
  montage = make_standard_montage("standard_1005")
/workspace/Q5_EEGNet_Cloud_Ready/.venv-cloud/lib/python3.12/site-packages/moabb/datasets/bnci/base.py:456: FutureWarning: Montage name 'standard_1005' is deprecated and will be removed in MNE 1.14. Use 'colin27_1005' instead.
  montage = make_standard_montage("standard_1005")
/workspace/Q5_EEGNet_Cloud_Ready/.venv-cloud/lib/python3.12/site-packages/moabb/datasets/bnci/base.py:456: FutureWarning: Montage name 'standard_1005' is deprecated and will be removed in MNE 1.14. Use 'colin27_1005' instead.
  montage = make_standard_montage("standard_1005")
/workspace/Q5_EEGNet_Cloud_Ready/.venv-cloud/lib/python3.12/site-packages/moabb/datasets/bnci/base.py:456: FutureWarning: Montage name 'standard_1005' is deprecated and will be removed in MNE 1.14. Use 'colin27_1005' instead.
  montage = make_standard_montage("standard_1005")
/workspace/Q5_EEGNet_Cloud_Ready/.venv-cloud/lib/python3.12/site-packages/moabb/datasets/bnci/base.py:456: FutureWarning: Montage name 'standard_1005' is deprecated and will be removed in MNE 1.14. Use 'colin27_1005' instead.
  montage = make_standard_montage("standard_1005")
Loading configured epochs for subject 4 ...
Downloading data from 'https://lampx.tugraz.at/~bci/database/001-2014/A04T.mat' to file '/workspace/Q5_EEGNet_Cloud_Ready/data/raw/MNE-bnci-data/~bci/database/001-2014/A04T.mat'.
/workspace/Q5_EEGNet_Cloud_Ready/.venv-cloud/lib/python3.12/site-packages/urllib3/connectionpool.py:1129: InsecureRequestWarning: Unverified HTTPS request is being made to host 'mihomo.kube-system.svc.cluster.local'. Adding certificate verification is strongly advised. See: https://urllib3.readthedocs.io/en/latest/advanced-usage.html#tls-warnings
  warnings.warn(
  0%|                                              | 0.00/37.2M [00:00<?, ?B/s]  0%|                                     | 8.19k/37.2M [00:00<14:58, 41.4kB/s]  0%|                                      | 48.1k/37.2M [00:00<04:34, 135kB/s]  0%|▏                                      | 121k/37.2M [00:00<02:34, 240kB/s]  1%|▎                                      | 264k/37.2M [00:00<01:25, 429kB/s]  1%|▌                                      | 552k/37.2M [00:00<00:46, 795kB/s]  3%|█                                    | 1.13M/37.2M [00:01<00:23, 1.51MB/s]  6%|██▎                                  | 2.29M/37.2M [00:01<00:11, 2.91MB/s] 12%|████▌                                | 4.61M/37.2M [00:01<00:05, 5.69MB/s] 23%|████████▋                            | 8.71M/37.2M [00:01<00:02, 10.3MB/s] 34%|████████████▊                        | 12.8M/37.2M [00:01<00:01, 13.5MB/s] 45%|████████████████▋                    | 16.7M/37.2M [00:02<00:01, 14.0MB/s] 55%|████████████████████▍                | 20.6M/37.2M [00:02<00:01, 15.1MB/s] 68%|█████████████████████████▏           | 25.2M/37.2M [00:02<00:00, 19.8MB/s] 74%|███████████████████████████▎         | 27.5M/37.2M [00:02<00:00, 15.8MB/s] 83%|██████████████████████████████▋      | 30.8M/37.2M [00:03<00:00, 15.9MB/s] 93%|██████████████████████████████████▌  | 34.7M/37.2M [00:03<00:00, 16.5MB/s]  0%|                                              | 0.00/37.2M [00:00<?, ?B/s]100%|██████████████████████████████████████| 37.2M/37.2M [00:00<00:00, 328GB/s]
SHA256 hash of downloaded file: 15850d81b95fc88cc8b9589eb9b713d49fa071e28adaf32d675b3eaa30591d6e
Use this value as the 'known_hash' argument of 'pooch.retrieve' to ensure that the file hasn't changed if it is downloaded again in the future.
/workspace/Q5_EEGNet_Cloud_Ready/.venv-cloud/lib/python3.12/site-packages/moabb/datasets/bnci/base.py:456: FutureWarning: Montage name 'standard_1005' is deprecated and will be removed in MNE 1.14. Use 'colin27_1005' instead.
  montage = make_standard_montage("standard_1005")
/workspace/Q5_EEGNet_Cloud_Ready/.venv-cloud/lib/python3.12/site-packages/moabb/datasets/bnci/base.py:456: FutureWarning: Montage name 'standard_1005' is deprecated and will be removed in MNE 1.14. Use 'colin27_1005' instead.
  montage = make_standard_montage("standard_1005")
/workspace/Q5_EEGNet_Cloud_Ready/.venv-cloud/lib/python3.12/site-packages/moabb/datasets/bnci/base.py:456: FutureWarning: Montage name 'standard_1005' is deprecated and will be removed in MNE 1.14. Use 'colin27_1005' instead.
  montage = make_standard_montage("standard_1005")
/workspace/Q5_EEGNet_Cloud_Ready/.venv-cloud/lib/python3.12/site-packages/moabb/datasets/bnci/base.py:456: FutureWarning: Montage name 'standard_1005' is deprecated and will be removed in MNE 1.14. Use 'colin27_1005' instead.
  montage = make_standard_montage("standard_1005")
/workspace/Q5_EEGNet_Cloud_Ready/.venv-cloud/lib/python3.12/site-packages/moabb/datasets/bnci/base.py:456: FutureWarning: Montage name 'standard_1005' is deprecated and will be removed in MNE 1.14. Use 'colin27_1005' instead.
  montage = make_standard_montage("standard_1005")
/workspace/Q5_EEGNet_Cloud_Ready/.venv-cloud/lib/python3.12/site-packages/moabb/datasets/bnci/base.py:456: FutureWarning: Montage name 'standard_1005' is deprecated and will be removed in MNE 1.14. Use 'colin27_1005' instead.
  montage = make_standard_montage("standard_1005")
/workspace/Q5_EEGNet_Cloud_Ready/.venv-cloud/lib/python3.12/site-packages/moabb/datasets/bnci/base.py:456: FutureWarning: Montage name 'standard_1005' is deprecated and will be removed in MNE 1.14. Use 'colin27_1005' instead.
  montage = make_standard_montage("standard_1005")
Downloading data from 'https://lampx.tugraz.at/~bci/database/001-2014/A04E.mat' to file '/workspace/Q5_EEGNet_Cloud_Ready/data/raw/MNE-bnci-data/~bci/database/001-2014/A04E.mat'.
/workspace/Q5_EEGNet_Cloud_Ready/.venv-cloud/lib/python3.12/site-packages/urllib3/connectionpool.py:1129: InsecureRequestWarning: Unverified HTTPS request is being made to host 'mihomo.kube-system.svc.cluster.local'. Adding certificate verification is strongly advised. See: https://urllib3.readthedocs.io/en/latest/advanced-usage.html#tls-warnings
  warnings.warn(
  0%|                                              | 0.00/41.7M [00:00<?, ?B/s]  0%|                                     | 8.19k/41.7M [00:00<18:04, 38.5kB/s]  0%|                                      | 39.9k/41.7M [00:00<06:44, 103kB/s]  0%|                                       | 104k/41.7M [00:00<03:35, 193kB/s]  1%|▏                                      | 241k/41.7M [00:00<01:52, 367kB/s]  1%|▍                                      | 505k/41.7M [00:01<01:00, 678kB/s]  2%|▉                                    | 1.02M/41.7M [00:01<00:32, 1.27MB/s]  5%|█▊                                   | 2.05M/41.7M [00:01<00:16, 2.41MB/s] 10%|███▋                                 | 4.10M/41.7M [00:01<00:08, 4.68MB/s] 20%|███████▎                             | 8.19M/41.7M [00:01<00:03, 9.18MB/s] 30%|██████████▉                          | 12.3M/41.7M [00:02<00:02, 12.3MB/s] 39%|██████████████▌                      | 16.5M/41.7M [00:02<00:01, 14.4MB/s] 49%|██████████████████                   | 20.4M/41.7M [00:02<00:01, 14.8MB/s] 58%|█████████████████████▍               | 24.2M/41.7M [00:02<00:01, 15.6MB/s] 67%|████████████████████████▉            | 28.1M/41.7M [00:03<00:00, 16.3MB/s] 77%|████████████████████████████▍        | 32.0M/41.7M [00:03<00:00, 16.8MB/s] 86%|███████████████████████████████▋     | 35.8M/41.7M [00:03<00:00, 17.0MB/s] 95%|███████████████████████████████████▏ | 39.7M/41.7M [00:03<00:00, 17.3MB/s]  0%|                                              | 0.00/41.7M [00:00<?, ?B/s]100%|██████████████████████████████████████| 41.7M/41.7M [00:00<00:00, 373GB/s]
SHA256 hash of downloaded file: 81916dff2c12997974ba50ffc311da006ea66e525010d010765f0047e771c86a
Use this value as the 'known_hash' argument of 'pooch.retrieve' to ensure that the file hasn't changed if it is downloaded again in the future.
/workspace/Q5_EEGNet_Cloud_Ready/.venv-cloud/lib/python3.12/site-packages/moabb/datasets/bnci/base.py:456: FutureWarning: Montage name 'standard_1005' is deprecated and will be removed in MNE 1.14. Use 'colin27_1005' instead.
  montage = make_standard_montage("standard_1005")
/workspace/Q5_EEGNet_Cloud_Ready/.venv-cloud/lib/python3.12/site-packages/moabb/datasets/bnci/base.py:456: FutureWarning: Montage name 'standard_1005' is deprecated and will be removed in MNE 1.14. Use 'colin27_1005' instead.
  montage = make_standard_montage("standard_1005")
/workspace/Q5_EEGNet_Cloud_Ready/.venv-cloud/lib/python3.12/site-packages/moabb/datasets/bnci/base.py:456: FutureWarning: Montage name 'standard_1005' is deprecated and will be removed in MNE 1.14. Use 'colin27_1005' instead.
  montage = make_standard_montage("standard_1005")
/workspace/Q5_EEGNet_Cloud_Ready/.venv-cloud/lib/python3.12/site-packages/moabb/datasets/bnci/base.py:456: FutureWarning: Montage name 'standard_1005' is deprecated and will be removed in MNE 1.14. Use 'colin27_1005' instead.
  montage = make_standard_montage("standard_1005")
/workspace/Q5_EEGNet_Cloud_Ready/.venv-cloud/lib/python3.12/site-packages/moabb/datasets/bnci/base.py:456: FutureWarning: Montage name 'standard_1005' is deprecated and will be removed in MNE 1.14. Use 'colin27_1005' instead.
  montage = make_standard_montage("standard_1005")
/workspace/Q5_EEGNet_Cloud_Ready/.venv-cloud/lib/python3.12/site-packages/moabb/datasets/bnci/base.py:456: FutureWarning: Montage name 'standard_1005' is deprecated and will be removed in MNE 1.14. Use 'colin27_1005' instead.
  montage = make_standard_montage("standard_1005")
/workspace/Q5_EEGNet_Cloud_Ready/.venv-cloud/lib/python3.12/site-packages/moabb/datasets/bnci/base.py:456: FutureWarning: Montage name 'standard_1005' is deprecated and will be removed in MNE 1.14. Use 'colin27_1005' instead.
  montage = make_standard_montage("standard_1005")
/workspace/Q5_EEGNet_Cloud_Ready/.venv-cloud/lib/python3.12/site-packages/moabb/datasets/bnci/base.py:456: FutureWarning: Montage name 'standard_1005' is deprecated and will be removed in MNE 1.14. Use 'colin27_1005' instead.
  montage = make_standard_montage("standard_1005")
/workspace/Q5_EEGNet_Cloud_Ready/.venv-cloud/lib/python3.12/site-packages/moabb/datasets/bnci/base.py:456: FutureWarning: Montage name 'standard_1005' is deprecated and will be removed in MNE 1.14. Use 'colin27_1005' instead.
  montage = make_standard_montage("standard_1005")
Loading configured epochs for subject 5 ...
Downloading data from 'https://lampx.tugraz.at/~bci/database/001-2014/A05T.mat' to file '/workspace/Q5_EEGNet_Cloud_Ready/data/raw/MNE-bnci-data/~bci/database/001-2014/A05T.mat'.
/workspace/Q5_EEGNet_Cloud_Ready/.venv-cloud/lib/python3.12/site-packages/urllib3/connectionpool.py:1129: InsecureRequestWarning: Unverified HTTPS request is being made to host 'mihomo.kube-system.svc.cluster.local'. Adding certificate verification is strongly advised. See: https://urllib3.readthedocs.io/en/latest/advanced-usage.html#tls-warnings
  warnings.warn(
  0%|                                              | 0.00/42.5M [00:00<?, ?B/s]  0%|                                     | 8.19k/42.5M [00:00<17:58, 39.4kB/s]  0%|                                      | 48.1k/42.5M [00:00<05:30, 128kB/s]  0%|                                       | 121k/42.5M [00:00<03:05, 228kB/s]  1%|▏                                      | 249k/42.5M [00:00<01:51, 378kB/s]  1%|▍                                      | 512k/42.5M [00:01<01:00, 692kB/s]  2%|▉                                    | 1.03M/42.5M [00:01<00:31, 1.30MB/s]  5%|█▊                                   | 2.06M/42.5M [00:01<00:16, 2.48MB/s] 10%|███▌                                 | 4.14M/42.5M [00:01<00:07, 4.84MB/s] 20%|███████▏                             | 8.28M/42.5M [00:01<00:03, 9.47MB/s] 29%|██████████▊                          | 12.4M/42.5M [00:02<00:02, 12.6MB/s] 39%|██████████████▍                      | 16.6M/42.5M [00:02<00:01, 14.8MB/s] 48%|█████████████████▋                   | 20.2M/42.5M [00:02<00:01, 14.7MB/s] 57%|████████████████████▉                | 24.0M/42.5M [00:02<00:01, 15.5MB/s] 66%|████████████████████████▎            | 27.9M/42.5M [00:02<00:00, 16.2MB/s] 75%|███████████████████████████▋         | 31.7M/42.5M [00:03<00:00, 16.7MB/s] 84%|██████████████████████████████▉      | 35.6M/42.5M [00:03<00:00, 17.0MB/s] 93%|██████████████████████████████████▎  | 39.4M/42.5M [00:03<00:00, 17.3MB/s]  0%|                                              | 0.00/42.5M [00:00<?, ?B/s]100%|██████████████████████████████████████| 42.5M/42.5M [00:00<00:00, 332GB/s]
SHA256 hash of downloaded file: 77387d3b669f4ed9a7c1dac4dcba4c2c40c8910bae20fb961bb7cf5a94912950
Use this value as the 'known_hash' argument of 'pooch.retrieve' to ensure that the file hasn't changed if it is downloaded again in the future.
/workspace/Q5_EEGNet_Cloud_Ready/.venv-cloud/lib/python3.12/site-packages/moabb/datasets/bnci/base.py:456: FutureWarning: Montage name 'standard_1005' is deprecated and will be removed in MNE 1.14. Use 'colin27_1005' instead.
  montage = make_standard_montage("standard_1005")
/workspace/Q5_EEGNet_Cloud_Ready/.venv-cloud/lib/python3.12/site-packages/moabb/datasets/bnci/base.py:456: FutureWarning: Montage name 'standard_1005' is deprecated and will be removed in MNE 1.14. Use 'colin27_1005' instead.
  montage = make_standard_montage("standard_1005")
/workspace/Q5_EEGNet_Cloud_Ready/.venv-cloud/lib/python3.12/site-packages/moabb/datasets/bnci/base.py:456: FutureWarning: Montage name 'standard_1005' is deprecated and will be removed in MNE 1.14. Use 'colin27_1005' instead.
  montage = make_standard_montage("standard_1005")
/workspace/Q5_EEGNet_Cloud_Ready/.venv-cloud/lib/python3.12/site-packages/moabb/datasets/bnci/base.py:456: FutureWarning: Montage name 'standard_1005' is deprecated and will be removed in MNE 1.14. Use 'colin27_1005' instead.
  montage = make_standard_montage("standard_1005")
/workspace/Q5_EEGNet_Cloud_Ready/.venv-cloud/lib/python3.12/site-packages/moabb/datasets/bnci/base.py:456: FutureWarning: Montage name 'standard_1005' is deprecated and will be removed in MNE 1.14. Use 'colin27_1005' instead.
  montage = make_standard_montage("standard_1005")
/workspace/Q5_EEGNet_Cloud_Ready/.venv-cloud/lib/python3.12/site-packages/moabb/datasets/bnci/base.py:456: FutureWarning: Montage name 'standard_1005' is deprecated and will be removed in MNE 1.14. Use 'colin27_1005' instead.
  montage = make_standard_montage("standard_1005")
/workspace/Q5_EEGNet_Cloud_Ready/.venv-cloud/lib/python3.12/site-packages/moabb/datasets/bnci/base.py:456: FutureWarning: Montage name 'standard_1005' is deprecated and will be removed in MNE 1.14. Use 'colin27_1005' instead.
  montage = make_standard_montage("standard_1005")
/workspace/Q5_EEGNet_Cloud_Ready/.venv-cloud/lib/python3.12/site-packages/moabb/datasets/bnci/base.py:456: FutureWarning: Montage name 'standard_1005' is deprecated and will be removed in MNE 1.14. Use 'colin27_1005' instead.
  montage = make_standard_montage("standard_1005")
/workspace/Q5_EEGNet_Cloud_Ready/.venv-cloud/lib/python3.12/site-packages/moabb/datasets/bnci/base.py:456: FutureWarning: Montage name 'standard_1005' is deprecated and will be removed in MNE 1.14. Use 'colin27_1005' instead.
  montage = make_standard_montage("standard_1005")
Downloading data from 'https://lampx.tugraz.at/~bci/database/001-2014/A05E.mat' to file '/workspace/Q5_EEGNet_Cloud_Ready/data/raw/MNE-bnci-data/~bci/database/001-2014/A05E.mat'.
/workspace/Q5_EEGNet_Cloud_Ready/.venv-cloud/lib/python3.12/site-packages/urllib3/connectionpool.py:1129: InsecureRequestWarning: Unverified HTTPS request is being made to host 'mihomo.kube-system.svc.cluster.local'. Adding certificate verification is strongly advised. See: https://urllib3.readthedocs.io/en/latest/advanced-usage.html#tls-warnings
  warnings.warn(
  0%|                                              | 0.00/44.4M [00:00<?, ?B/s]  0%|                                     | 8.19k/44.4M [00:00<17:25, 42.4kB/s]  0%|                                      | 48.1k/44.4M [00:00<05:20, 138kB/s]  0%|                                       | 121k/44.4M [00:00<03:00, 246kB/s]  1%|▏                                      | 256k/44.4M [00:00<01:44, 423kB/s]  1%|▍                                      | 545k/44.4M [00:00<00:54, 803kB/s]  3%|▉                                    | 1.11M/44.4M [00:01<00:28, 1.52MB/s]  5%|█▊                                   | 2.25M/44.4M [00:01<00:14, 2.92MB/s] 10%|███▊                                 | 4.52M/44.4M [00:01<00:06, 5.70MB/s] 19%|███████▏                             | 8.62M/44.4M [00:01<00:03, 10.5MB/s] 29%|██████████▌                          | 12.7M/44.4M [00:01<00:02, 13.7MB/s] 36%|█████████████▍                       | 16.2M/44.4M [00:02<00:02, 13.9MB/s] 46%|█████████████████                    | 20.4M/44.4M [00:02<00:01, 15.2MB/s] 56%|████████████████████▌                | 24.7M/44.4M [00:02<00:01, 16.0MB/s] 65%|████████████████████████▏            | 29.0M/44.4M [00:02<00:00, 16.6MB/s] 75%|███████████████████████████▋         | 33.3M/44.4M [00:03<00:00, 16.9MB/s] 85%|███████████████████████████████▎     | 37.5M/44.4M [00:03<00:00, 17.2MB/s] 94%|██████████████████████████████████▊  | 41.8M/44.4M [00:03<00:00, 17.3MB/s]  0%|                                              | 0.00/44.4M [00:00<?, ?B/s]100%|██████████████████████████████████████| 44.4M/44.4M [00:00<00:00, 367GB/s]
SHA256 hash of downloaded file: 8b357470865610c28b2f1d351beac247a56a856f02b2859d650736eb2ef77808
Use this value as the 'known_hash' argument of 'pooch.retrieve' to ensure that the file hasn't changed if it is downloaded again in the future.
/workspace/Q5_EEGNet_Cloud_Ready/.venv-cloud/lib/python3.12/site-packages/moabb/datasets/bnci/base.py:456: FutureWarning: Montage name 'standard_1005' is deprecated and will be removed in MNE 1.14. Use 'colin27_1005' instead.
  montage = make_standard_montage("standard_1005")
/workspace/Q5_EEGNet_Cloud_Ready/.venv-cloud/lib/python3.12/site-packages/moabb/datasets/bnci/base.py:456: FutureWarning: Montage name 'standard_1005' is deprecated and will be removed in MNE 1.14. Use 'colin27_1005' instead.
  montage = make_standard_montage("standard_1005")
/workspace/Q5_EEGNet_Cloud_Ready/.venv-cloud/lib/python3.12/site-packages/moabb/datasets/bnci/base.py:456: FutureWarning: Montage name 'standard_1005' is deprecated and will be removed in MNE 1.14. Use 'colin27_1005' instead.
  montage = make_standard_montage("standard_1005")
/workspace/Q5_EEGNet_Cloud_Ready/.venv-cloud/lib/python3.12/site-packages/moabb/datasets/bnci/base.py:456: FutureWarning: Montage name 'standard_1005' is deprecated and will be removed in MNE 1.14. Use 'colin27_1005' instead.
  montage = make_standard_montage("standard_1005")
/workspace/Q5_EEGNet_Cloud_Ready/.venv-cloud/lib/python3.12/site-packages/moabb/datasets/bnci/base.py:456: FutureWarning: Montage name 'standard_1005' is deprecated and will be removed in MNE 1.14. Use 'colin27_1005' instead.
  montage = make_standard_montage("standard_1005")
/workspace/Q5_EEGNet_Cloud_Ready/.venv-cloud/lib/python3.12/site-packages/moabb/datasets/bnci/base.py:456: FutureWarning: Montage name 'standard_1005' is deprecated and will be removed in MNE 1.14. Use 'colin27_1005' instead.
  montage = make_standard_montage("standard_1005")
/workspace/Q5_EEGNet_Cloud_Ready/.venv-cloud/lib/python3.12/site-packages/moabb/datasets/bnci/base.py:456: FutureWarning: Montage name 'standard_1005' is deprecated and will be removed in MNE 1.14. Use 'colin27_1005' instead.
  montage = make_standard_montage("standard_1005")
/workspace/Q5_EEGNet_Cloud_Ready/.venv-cloud/lib/python3.12/site-packages/moabb/datasets/bnci/base.py:456: FutureWarning: Montage name 'standard_1005' is deprecated and will be removed in MNE 1.14. Use 'colin27_1005' instead.
  montage = make_standard_montage("standard_1005")
/workspace/Q5_EEGNet_Cloud_Ready/.venv-cloud/lib/python3.12/site-packages/moabb/datasets/bnci/base.py:456: FutureWarning: Montage name 'standard_1005' is deprecated and will be removed in MNE 1.14. Use 'colin27_1005' instead.
  montage = make_standard_montage("standard_1005")
Loading configured epochs for subject 6 ...
Downloading data from 'https://lampx.tugraz.at/~bci/database/001-2014/A06T.mat' to file '/workspace/Q5_EEGNet_Cloud_Ready/data/raw/MNE-bnci-data/~bci/database/001-2014/A06T.mat'.
/workspace/Q5_EEGNet_Cloud_Ready/.venv-cloud/lib/python3.12/site-packages/urllib3/connectionpool.py:1129: InsecureRequestWarning: Unverified HTTPS request is being made to host 'mihomo.kube-system.svc.cluster.local'. Adding certificate verification is strongly advised. See: https://urllib3.readthedocs.io/en/latest/advanced-usage.html#tls-warnings
  warnings.warn(
  0%|                                              | 0.00/44.6M [00:00<?, ?B/s]  0%|                                     | 8.19k/44.6M [00:00<21:12, 35.0kB/s]  0%|                                      | 56.3k/44.6M [00:00<05:31, 135kB/s]  0%|                                       | 136k/44.6M [00:00<03:15, 227kB/s]  1%|▎                                      | 304k/44.6M [00:00<01:45, 418kB/s]  1%|▌                                      | 640k/44.6M [00:01<00:56, 780kB/s]  3%|█                                    | 1.30M/44.6M [00:01<00:29, 1.47MB/s]  6%|██▏                                  | 2.64M/44.6M [00:01<00:14, 2.84MB/s] 12%|████▍                                | 5.32M/44.6M [00:01<00:07, 5.53MB/s] 21%|███████▊                             | 9.46M/44.6M [00:02<00:03, 9.28MB/s] 30%|███████████▎                         | 13.6M/44.6M [00:02<00:02, 11.8MB/s] 40%|██████████████▋                      | 17.6M/44.6M [00:02<00:02, 13.4MB/s] 49%|██████████████████                   | 21.8M/44.6M [00:02<00:01, 14.7MB/s] 58%|█████████████████████▍               | 25.8M/44.6M [00:03<00:01, 15.4MB/s] 67%|████████████████████████▊            | 29.8M/44.6M [00:03<00:00, 15.9MB/s] 76%|████████████████████████████         | 33.9M/44.6M [00:03<00:00, 16.2MB/s] 85%|███████████████████████████████▌     | 38.0M/44.6M [00:03<00:00, 16.6MB/s] 95%|██████████████████████████████████▉  | 42.1M/44.6M [00:04<00:00, 16.9MB/s]  0%|                                              | 0.00/44.6M [00:00<?, ?B/s]100%|██████████████████████████████████████| 44.6M/44.6M [00:00<00:00, 276GB/s]
SHA256 hash of downloaded file: 4dc3be1b0d60279134d1220323c73c68cf73799339a7fb224087a3c560a9a7e2
Use this value as the 'known_hash' argument of 'pooch.retrieve' to ensure that the file hasn't changed if it is downloaded again in the future.
/workspace/Q5_EEGNet_Cloud_Ready/.venv-cloud/lib/python3.12/site-packages/moabb/datasets/bnci/base.py:456: FutureWarning: Montage name 'standard_1005' is deprecated and will be removed in MNE 1.14. Use 'colin27_1005' instead.
  montage = make_standard_montage("standard_1005")
/workspace/Q5_EEGNet_Cloud_Ready/.venv-cloud/lib/python3.12/site-packages/moabb/datasets/bnci/base.py:456: FutureWarning: Montage name 'standard_1005' is deprecated and will be removed in MNE 1.14. Use 'colin27_1005' instead.
  montage = make_standard_montage("standard_1005")
/workspace/Q5_EEGNet_Cloud_Ready/.venv-cloud/lib/python3.12/site-packages/moabb/datasets/bnci/base.py:456: FutureWarning: Montage name 'standard_1005' is deprecated and will be removed in MNE 1.14. Use 'colin27_1005' instead.
  montage = make_standard_montage("standard_1005")
/workspace/Q5_EEGNet_Cloud_Ready/.venv-cloud/lib/python3.12/site-packages/moabb/datasets/bnci/base.py:456: FutureWarning: Montage name 'standard_1005' is deprecated and will be removed in MNE 1.14. Use 'colin27_1005' instead.
  montage = make_standard_montage("standard_1005")
/workspace/Q5_EEGNet_Cloud_Ready/.venv-cloud/lib/python3.12/site-packages/moabb/datasets/bnci/base.py:456: FutureWarning: Montage name 'standard_1005' is deprecated and will be removed in MNE 1.14. Use 'colin27_1005' instead.
  montage = make_standard_montage("standard_1005")
/workspace/Q5_EEGNet_Cloud_Ready/.venv-cloud/lib/python3.12/site-packages/moabb/datasets/bnci/base.py:456: FutureWarning: Montage name 'standard_1005' is deprecated and will be removed in MNE 1.14. Use 'colin27_1005' instead.
  montage = make_standard_montage("standard_1005")
/workspace/Q5_EEGNet_Cloud_Ready/.venv-cloud/lib/python3.12/site-packages/moabb/datasets/bnci/base.py:456: FutureWarning: Montage name 'standard_1005' is deprecated and will be removed in MNE 1.14. Use 'colin27_1005' instead.
  montage = make_standard_montage("standard_1005")
/workspace/Q5_EEGNet_Cloud_Ready/.venv-cloud/lib/python3.12/site-packages/moabb/datasets/bnci/base.py:456: FutureWarning: Montage name 'standard_1005' is deprecated and will be removed in MNE 1.14. Use 'colin27_1005' instead.
  montage = make_standard_montage("standard_1005")
/workspace/Q5_EEGNet_Cloud_Ready/.venv-cloud/lib/python3.12/site-packages/moabb/datasets/bnci/base.py:456: FutureWarning: Montage name 'standard_1005' is deprecated and will be removed in MNE 1.14. Use 'colin27_1005' instead.
  montage = make_standard_montage("standard_1005")
Downloading data from 'https://lampx.tugraz.at/~bci/database/001-2014/A06E.mat' to file '/workspace/Q5_EEGNet_Cloud_Ready/data/raw/MNE-bnci-data/~bci/database/001-2014/A06E.mat'.
/workspace/Q5_EEGNet_Cloud_Ready/.venv-cloud/lib/python3.12/site-packages/urllib3/connectionpool.py:1129: InsecureRequestWarning: Unverified HTTPS request is being made to host 'mihomo.kube-system.svc.cluster.local'. Adding certificate verification is strongly advised. See: https://urllib3.readthedocs.io/en/latest/advanced-usage.html#tls-warnings
  warnings.warn(
  0%|                                              | 0.00/43.4M [00:00<?, ?B/s]  0%|                                     | 8.19k/43.4M [00:00<19:47, 36.5kB/s]  0%|                                     | 39.9k/43.4M [00:00<07:22, 98.0kB/s]  0%|                                       | 113k/43.4M [00:00<03:35, 201kB/s]  1%|▏                                      | 241k/43.4M [00:00<02:04, 345kB/s]  1%|▍                                      | 512k/43.4M [00:01<01:05, 655kB/s]  2%|▉                                    | 1.05M/43.4M [00:01<00:34, 1.24MB/s]  5%|█▊                                   | 2.11M/43.4M [00:01<00:17, 2.37MB/s] 10%|███▋                                 | 4.26M/43.4M [00:01<00:08, 4.65MB/s] 19%|███████▏                             | 8.39M/43.4M [00:02<00:03, 8.93MB/s] 29%|██████████▋                          | 12.5M/43.4M [00:02<00:02, 11.8MB/s] 38%|██████████████▏                      | 16.7M/43.4M [00:02<00:01, 13.8MB/s] 48%|█████████████████▋                   | 20.8M/43.4M [00:02<00:01, 15.2MB/s] 58%|█████████████████████▎               | 25.0M/43.4M [00:02<00:01, 16.2MB/s] 67%|████████████████████████▊            | 29.1M/43.4M [00:03<00:00, 16.8MB/s] 76%|████████████████████████████         | 33.0M/43.4M [00:03<00:00, 16.6MB/s] 85%|███████████████████████████████▌     | 37.0M/43.4M [00:03<00:00, 17.0MB/s] 94%|██████████████████████████████████▉  | 41.0M/43.4M [00:03<00:00, 17.3MB/s]  0%|                                              | 0.00/43.4M [00:00<?, ?B/s]100%|██████████████████████████████████████| 43.4M/43.4M [00:00<00:00, 343GB/s]
SHA256 hash of downloaded file: bf67a40621b74b6af7a986c2f6edfff7fc2bbbca237aadd07b575893032998d1
Use this value as the 'known_hash' argument of 'pooch.retrieve' to ensure that the file hasn't changed if it is downloaded again in the future.
/workspace/Q5_EEGNet_Cloud_Ready/.venv-cloud/lib/python3.12/site-packages/moabb/datasets/bnci/base.py:456: FutureWarning: Montage name 'standard_1005' is deprecated and will be removed in MNE 1.14. Use 'colin27_1005' instead.
  montage = make_standard_montage("standard_1005")
/workspace/Q5_EEGNet_Cloud_Ready/.venv-cloud/lib/python3.12/site-packages/moabb/datasets/bnci/base.py:456: FutureWarning: Montage name 'standard_1005' is deprecated and will be removed in MNE 1.14. Use 'colin27_1005' instead.
  montage = make_standard_montage("standard_1005")
/workspace/Q5_EEGNet_Cloud_Ready/.venv-cloud/lib/python3.12/site-packages/moabb/datasets/bnci/base.py:456: FutureWarning: Montage name 'standard_1005' is deprecated and will be removed in MNE 1.14. Use 'colin27_1005' instead.
  montage = make_standard_montage("standard_1005")
/workspace/Q5_EEGNet_Cloud_Ready/.venv-cloud/lib/python3.12/site-packages/moabb/datasets/bnci/base.py:456: FutureWarning: Montage name 'standard_1005' is deprecated and will be removed in MNE 1.14. Use 'colin27_1005' instead.
  montage = make_standard_montage("standard_1005")
/workspace/Q5_EEGNet_Cloud_Ready/.venv-cloud/lib/python3.12/site-packages/moabb/datasets/bnci/base.py:456: FutureWarning: Montage name 'standard_1005' is deprecated and will be removed in MNE 1.14. Use 'colin27_1005' instead.
  montage = make_standard_montage("standard_1005")
/workspace/Q5_EEGNet_Cloud_Ready/.venv-cloud/lib/python3.12/site-packages/moabb/datasets/bnci/base.py:456: FutureWarning: Montage name 'standard_1005' is deprecated and will be removed in MNE 1.14. Use 'colin27_1005' instead.
  montage = make_standard_montage("standard_1005")
/workspace/Q5_EEGNet_Cloud_Ready/.venv-cloud/lib/python3.12/site-packages/moabb/datasets/bnci/base.py:456: FutureWarning: Montage name 'standard_1005' is deprecated and will be removed in MNE 1.14. Use 'colin27_1005' instead.
  montage = make_standard_montage("standard_1005")
/workspace/Q5_EEGNet_Cloud_Ready/.venv-cloud/lib/python3.12/site-packages/moabb/datasets/bnci/base.py:456: FutureWarning: Montage name 'standard_1005' is deprecated and will be removed in MNE 1.14. Use 'colin27_1005' instead.
  montage = make_standard_montage("standard_1005")
/workspace/Q5_EEGNet_Cloud_Ready/.venv-cloud/lib/python3.12/site-packages/moabb/datasets/bnci/base.py:456: FutureWarning: Montage name 'standard_1005' is deprecated and will be removed in MNE 1.14. Use 'colin27_1005' instead.
  montage = make_standard_montage("standard_1005")
Loading configured epochs for subject 7 ...
Downloading data from 'https://lampx.tugraz.at/~bci/database/001-2014/A07T.mat' to file '/workspace/Q5_EEGNet_Cloud_Ready/data/raw/MNE-bnci-data/~bci/database/001-2014/A07T.mat'.
/workspace/Q5_EEGNet_Cloud_Ready/.venv-cloud/lib/python3.12/site-packages/urllib3/connectionpool.py:1129: InsecureRequestWarning: Unverified HTTPS request is being made to host 'mihomo.kube-system.svc.cluster.local'. Adding certificate verification is strongly advised. See: https://urllib3.readthedocs.io/en/latest/advanced-usage.html#tls-warnings
  warnings.warn(
  0%|                                              | 0.00/42.8M [00:00<?, ?B/s]  0%|                                     | 8.19k/42.8M [00:00<20:44, 34.4kB/s]  0%|                                      | 48.1k/42.8M [00:00<06:20, 112kB/s]  0%|                                       | 128k/42.8M [00:00<03:20, 213kB/s]  1%|▎                                      | 281k/42.8M [00:00<01:51, 380kB/s]  1%|▌                                      | 593k/42.8M [00:01<00:59, 711kB/s]  3%|█                                    | 1.22M/42.8M [00:01<00:30, 1.35MB/s]  6%|██▏                                  | 2.46M/42.8M [00:01<00:15, 2.61MB/s] 12%|████▎                                | 4.96M/42.8M [00:01<00:07, 5.09MB/s] 21%|███████▊                             | 9.10M/42.8M [00:02<00:03, 8.89MB/s] 31%|███████████▍                         | 13.2M/42.8M [00:02<00:02, 11.4MB/s] 41%|██████████████▉                      | 17.3M/42.8M [00:02<00:01, 13.2MB/s] 50%|██████████████████▌                  | 21.5M/42.8M [00:02<00:01, 14.4MB/s] 60%|██████████████████████▏              | 25.6M/42.8M [00:03<00:01, 15.3MB/s] 70%|█████████████████████████▋           | 29.8M/42.8M [00:03<00:00, 15.9MB/s] 79%|█████████████████████████████▎       | 33.9M/42.8M [00:03<00:00, 16.3MB/s] 89%|████████████████████████████████▊    | 38.0M/42.8M [00:03<00:00, 16.5MB/s] 98%|████████████████████████████████████▍| 42.1M/42.8M [00:04<00:00, 16.7MB/s]  0%|                                              | 0.00/42.8M [00:00<?, ?B/s]100%|██████████████████████████████████████| 42.8M/42.8M [00:00<00:00, 275GB/s]
SHA256 hash of downloaded file: 43b6bbef0be78f0ac2b66cb2d9679091f1f5b7f0a5d4ebef73d2c7cc8e11aa96
Use this value as the 'known_hash' argument of 'pooch.retrieve' to ensure that the file hasn't changed if it is downloaded again in the future.
/workspace/Q5_EEGNet_Cloud_Ready/.venv-cloud/lib/python3.12/site-packages/moabb/datasets/bnci/base.py:456: FutureWarning: Montage name 'standard_1005' is deprecated and will be removed in MNE 1.14. Use 'colin27_1005' instead.
  montage = make_standard_montage("standard_1005")
/workspace/Q5_EEGNet_Cloud_Ready/.venv-cloud/lib/python3.12/site-packages/moabb/datasets/bnci/base.py:456: FutureWarning: Montage name 'standard_1005' is deprecated and will be removed in MNE 1.14. Use 'colin27_1005' instead.
  montage = make_standard_montage("standard_1005")
/workspace/Q5_EEGNet_Cloud_Ready/.venv-cloud/lib/python3.12/site-packages/moabb/datasets/bnci/base.py:456: FutureWarning: Montage name 'standard_1005' is deprecated and will be removed in MNE 1.14. Use 'colin27_1005' instead.
  montage = make_standard_montage("standard_1005")
/workspace/Q5_EEGNet_Cloud_Ready/.venv-cloud/lib/python3.12/site-packages/moabb/datasets/bnci/base.py:456: FutureWarning: Montage name 'standard_1005' is deprecated and will be removed in MNE 1.14. Use 'colin27_1005' instead.
  montage = make_standard_montage("standard_1005")
/workspace/Q5_EEGNet_Cloud_Ready/.venv-cloud/lib/python3.12/site-packages/moabb/datasets/bnci/base.py:456: FutureWarning: Montage name 'standard_1005' is deprecated and will be removed in MNE 1.14. Use 'colin27_1005' instead.
  montage = make_standard_montage("standard_1005")
/workspace/Q5_EEGNet_Cloud_Ready/.venv-cloud/lib/python3.12/site-packages/moabb/datasets/bnci/base.py:456: FutureWarning: Montage name 'standard_1005' is deprecated and will be removed in MNE 1.14. Use 'colin27_1005' instead.
  montage = make_standard_montage("standard_1005")
/workspace/Q5_EEGNet_Cloud_Ready/.venv-cloud/lib/python3.12/site-packages/moabb/datasets/bnci/base.py:456: FutureWarning: Montage name 'standard_1005' is deprecated and will be removed in MNE 1.14. Use 'colin27_1005' instead.
  montage = make_standard_montage("standard_1005")
/workspace/Q5_EEGNet_Cloud_Ready/.venv-cloud/lib/python3.12/site-packages/moabb/datasets/bnci/base.py:456: FutureWarning: Montage name 'standard_1005' is deprecated and will be removed in MNE 1.14. Use 'colin27_1005' instead.
  montage = make_standard_montage("standard_1005")
/workspace/Q5_EEGNet_Cloud_Ready/.venv-cloud/lib/python3.12/site-packages/moabb/datasets/bnci/base.py:456: FutureWarning: Montage name 'standard_1005' is deprecated and will be removed in MNE 1.14. Use 'colin27_1005' instead.
  montage = make_standard_montage("standard_1005")
Downloading data from 'https://lampx.tugraz.at/~bci/database/001-2014/A07E.mat' to file '/workspace/Q5_EEGNet_Cloud_Ready/data/raw/MNE-bnci-data/~bci/database/001-2014/A07E.mat'.
/workspace/Q5_EEGNet_Cloud_Ready/.venv-cloud/lib/python3.12/site-packages/urllib3/connectionpool.py:1129: InsecureRequestWarning: Unverified HTTPS request is being made to host 'mihomo.kube-system.svc.cluster.local'. Adding certificate verification is strongly advised. See: https://urllib3.readthedocs.io/en/latest/advanced-usage.html#tls-warnings
  warnings.warn(
  0%|                                              | 0.00/42.2M [00:00<?, ?B/s]  0%|                                     | 8.19k/42.2M [00:00<16:52, 41.7kB/s]  0%|                                      | 48.1k/42.2M [00:00<05:10, 136kB/s]  0%|                                       | 128k/42.2M [00:00<02:43, 258kB/s]  1%|▎                                      | 281k/42.2M [00:00<01:31, 460kB/s]  1%|▌                                      | 593k/42.2M [00:00<00:48, 861kB/s]  3%|█                                    | 1.22M/42.2M [00:01<00:25, 1.64MB/s]  6%|██▏                                  | 2.46M/42.2M [00:01<00:12, 3.16MB/s] 12%|████▎                                | 4.97M/42.2M [00:01<00:06, 6.17MB/s] 22%|███████▉                             | 9.10M/42.2M [00:01<00:03, 10.7MB/s] 31%|███████████▌                         | 13.2M/42.2M [00:01<00:02, 13.8MB/s] 40%|██████████████▋                      | 16.8M/42.2M [00:02<00:01, 14.1MB/s] 49%|█████████████████▉                   | 20.5M/42.2M [00:02<00:01, 15.2MB/s] 57%|████████████████████▉                | 23.9M/42.2M [00:02<00:01, 17.2MB/s] 65%|███████████████████████▉             | 27.3M/42.2M [00:02<00:00, 16.0MB/s] 74%|███████████████████████████▎         | 31.1M/42.2M [00:03<00:00, 16.6MB/s] 83%|██████████████████████████████▌      | 34.9M/42.2M [00:03<00:00, 16.9MB/s] 92%|█████████████████████████████████▉   | 38.8M/42.2M [00:03<00:00, 17.2MB/s]  0%|                                              | 0.00/42.2M [00:00<?, ?B/s]100%|██████████████████████████████████████| 42.2M/42.2M [00:00<00:00, 284GB/s]
SHA256 hash of downloaded file: b9aaec73dcee002fab84ee98e938039a67bf6a3cbf4fc86d5d8df198cfe4c323
Use this value as the 'known_hash' argument of 'pooch.retrieve' to ensure that the file hasn't changed if it is downloaded again in the future.
/workspace/Q5_EEGNet_Cloud_Ready/.venv-cloud/lib/python3.12/site-packages/moabb/datasets/bnci/base.py:456: FutureWarning: Montage name 'standard_1005' is deprecated and will be removed in MNE 1.14. Use 'colin27_1005' instead.
  montage = make_standard_montage("standard_1005")
/workspace/Q5_EEGNet_Cloud_Ready/.venv-cloud/lib/python3.12/site-packages/moabb/datasets/bnci/base.py:456: FutureWarning: Montage name 'standard_1005' is deprecated and will be removed in MNE 1.14. Use 'colin27_1005' instead.
  montage = make_standard_montage("standard_1005")
/workspace/Q5_EEGNet_Cloud_Ready/.venv-cloud/lib/python3.12/site-packages/moabb/datasets/bnci/base.py:456: FutureWarning: Montage name 'standard_1005' is deprecated and will be removed in MNE 1.14. Use 'colin27_1005' instead.
  montage = make_standard_montage("standard_1005")
/workspace/Q5_EEGNet_Cloud_Ready/.venv-cloud/lib/python3.12/site-packages/moabb/datasets/bnci/base.py:456: FutureWarning: Montage name 'standard_1005' is deprecated and will be removed in MNE 1.14. Use 'colin27_1005' instead.
  montage = make_standard_montage("standard_1005")
/workspace/Q5_EEGNet_Cloud_Ready/.venv-cloud/lib/python3.12/site-packages/moabb/datasets/bnci/base.py:456: FutureWarning: Montage name 'standard_1005' is deprecated and will be removed in MNE 1.14. Use 'colin27_1005' instead.
  montage = make_standard_montage("standard_1005")
/workspace/Q5_EEGNet_Cloud_Ready/.venv-cloud/lib/python3.12/site-packages/moabb/datasets/bnci/base.py:456: FutureWarning: Montage name 'standard_1005' is deprecated and will be removed in MNE 1.14. Use 'colin27_1005' instead.
  montage = make_standard_montage("standard_1005")
/workspace/Q5_EEGNet_Cloud_Ready/.venv-cloud/lib/python3.12/site-packages/moabb/datasets/bnci/base.py:456: FutureWarning: Montage name 'standard_1005' is deprecated and will be removed in MNE 1.14. Use 'colin27_1005' instead.
  montage = make_standard_montage("standard_1005")
/workspace/Q5_EEGNet_Cloud_Ready/.venv-cloud/lib/python3.12/site-packages/moabb/datasets/bnci/base.py:456: FutureWarning: Montage name 'standard_1005' is deprecated and will be removed in MNE 1.14. Use 'colin27_1005' instead.
  montage = make_standard_montage("standard_1005")
/workspace/Q5_EEGNet_Cloud_Ready/.venv-cloud/lib/python3.12/site-packages/moabb/datasets/bnci/base.py:456: FutureWarning: Montage name 'standard_1005' is deprecated and will be removed in MNE 1.14. Use 'colin27_1005' instead.
  montage = make_standard_montage("standard_1005")
Loading configured epochs for subject 8 ...
Downloading data from 'https://lampx.tugraz.at/~bci/database/001-2014/A08T.mat' to file '/workspace/Q5_EEGNet_Cloud_Ready/data/raw/MNE-bnci-data/~bci/database/001-2014/A08T.mat'.
/workspace/Q5_EEGNet_Cloud_Ready/.venv-cloud/lib/python3.12/site-packages/urllib3/connectionpool.py:1129: InsecureRequestWarning: Unverified HTTPS request is being made to host 'mihomo.kube-system.svc.cluster.local'. Adding certificate verification is strongly advised. See: https://urllib3.readthedocs.io/en/latest/advanced-usage.html#tls-warnings
  warnings.warn(
  0%|                                              | 0.00/45.0M [00:00<?, ?B/s]  0%|                                     | 8.19k/45.0M [00:00<19:44, 38.0kB/s]  0%|                                      | 48.1k/45.0M [00:00<06:02, 124kB/s]  0%|                                       | 136k/45.0M [00:00<02:58, 252kB/s]  1%|▎                                      | 304k/45.0M [00:00<01:37, 458kB/s]  1%|▌                                      | 633k/45.0M [00:01<00:53, 838kB/s]  3%|█                                    | 1.30M/45.0M [00:01<00:27, 1.60MB/s]  6%|██▏                                  | 2.64M/45.0M [00:01<00:13, 3.09MB/s] 12%|████▎                                | 5.32M/45.0M [00:01<00:06, 6.02MB/s] 21%|███████▋                             | 9.40M/45.0M [00:01<00:03, 9.99MB/s] 30%|███████████▏                         | 13.5M/45.0M [00:02<00:02, 12.8MB/s] 39%|██████████████▍                      | 17.6M/45.0M [00:02<00:01, 16.4MB/s] 43%|███████████████▉                     | 19.4M/45.0M [00:02<00:01, 16.5MB/s] 48%|█████████████████▊                   | 21.7M/45.0M [00:02<00:01, 17.4MB/s] 52%|███████████████████▎                 | 23.6M/45.0M [00:02<00:01, 17.5MB/s] 57%|█████████████████████▏               | 25.8M/45.0M [00:02<00:01, 14.1MB/s] 66%|████████████████████████▎            | 29.6M/45.0M [00:03<00:01, 15.4MB/s] 74%|███████████████████████████▌         | 33.5M/45.0M [00:03<00:00, 16.3MB/s] 83%|██████████████████████████████▋      | 37.4M/45.0M [00:03<00:00, 16.7MB/s] 92%|█████████████████████████████████▉   | 41.2M/45.0M [00:03<00:00, 17.0MB/s]  0%|                                              | 0.00/45.0M [00:00<?, ?B/s]100%|██████████████████████████████████████| 45.0M/45.0M [00:00<00:00, 321GB/s]
SHA256 hash of downloaded file: 7a4b3bd602d5bc307d3f4527fca2cf076659e94aca584dd64f6286fd413a82f2
Use this value as the 'known_hash' argument of 'pooch.retrieve' to ensure that the file hasn't changed if it is downloaded again in the future.
/workspace/Q5_EEGNet_Cloud_Ready/.venv-cloud/lib/python3.12/site-packages/moabb/datasets/bnci/base.py:456: FutureWarning: Montage name 'standard_1005' is deprecated and will be removed in MNE 1.14. Use 'colin27_1005' instead.
  montage = make_standard_montage("standard_1005")
/workspace/Q5_EEGNet_Cloud_Ready/.venv-cloud/lib/python3.12/site-packages/moabb/datasets/bnci/base.py:456: FutureWarning: Montage name 'standard_1005' is deprecated and will be removed in MNE 1.14. Use 'colin27_1005' instead.
  montage = make_standard_montage("standard_1005")
/workspace/Q5_EEGNet_Cloud_Ready/.venv-cloud/lib/python3.12/site-packages/moabb/datasets/bnci/base.py:456: FutureWarning: Montage name 'standard_1005' is deprecated and will be removed in MNE 1.14. Use 'colin27_1005' instead.
  montage = make_standard_montage("standard_1005")
/workspace/Q5_EEGNet_Cloud_Ready/.venv-cloud/lib/python3.12/site-packages/moabb/datasets/bnci/base.py:456: FutureWarning: Montage name 'standard_1005' is deprecated and will be removed in MNE 1.14. Use 'colin27_1005' instead.
  montage = make_standard_montage("standard_1005")
/workspace/Q5_EEGNet_Cloud_Ready/.venv-cloud/lib/python3.12/site-packages/moabb/datasets/bnci/base.py:456: FutureWarning: Montage name 'standard_1005' is deprecated and will be removed in MNE 1.14. Use 'colin27_1005' instead.
  montage = make_standard_montage("standard_1005")
/workspace/Q5_EEGNet_Cloud_Ready/.venv-cloud/lib/python3.12/site-packages/moabb/datasets/bnci/base.py:456: FutureWarning: Montage name 'standard_1005' is deprecated and will be removed in MNE 1.14. Use 'colin27_1005' instead.
  montage = make_standard_montage("standard_1005")
/workspace/Q5_EEGNet_Cloud_Ready/.venv-cloud/lib/python3.12/site-packages/moabb/datasets/bnci/base.py:456: FutureWarning: Montage name 'standard_1005' is deprecated and will be removed in MNE 1.14. Use 'colin27_1005' instead.
  montage = make_standard_montage("standard_1005")
/workspace/Q5_EEGNet_Cloud_Ready/.venv-cloud/lib/python3.12/site-packages/moabb/datasets/bnci/base.py:456: FutureWarning: Montage name 'standard_1005' is deprecated and will be removed in MNE 1.14. Use 'colin27_1005' instead.
  montage = make_standard_montage("standard_1005")
/workspace/Q5_EEGNet_Cloud_Ready/.venv-cloud/lib/python3.12/site-packages/moabb/datasets/bnci/base.py:456: FutureWarning: Montage name 'standard_1005' is deprecated and will be removed in MNE 1.14. Use 'colin27_1005' instead.
  montage = make_standard_montage("standard_1005")
Downloading data from 'https://lampx.tugraz.at/~bci/database/001-2014/A08E.mat' to file '/workspace/Q5_EEGNet_Cloud_Ready/data/raw/MNE-bnci-data/~bci/database/001-2014/A08E.mat'.
/workspace/Q5_EEGNet_Cloud_Ready/.venv-cloud/lib/python3.12/site-packages/urllib3/connectionpool.py:1129: InsecureRequestWarning: Unverified HTTPS request is being made to host 'mihomo.kube-system.svc.cluster.local'. Adding certificate verification is strongly advised. See: https://urllib3.readthedocs.io/en/latest/advanced-usage.html#tls-warnings
  warnings.warn(
  0%|                                              | 0.00/46.3M [00:00<?, ?B/s]  0%|                                     | 8.19k/46.3M [00:00<17:45, 43.4kB/s]  0%|                                      | 48.1k/46.3M [00:00<05:26, 142kB/s]  0%|                                       | 128k/46.3M [00:00<02:51, 269kB/s]  1%|▏                                      | 281k/46.3M [00:00<01:35, 479kB/s]  1%|▍                                      | 593k/46.3M [00:00<00:50, 899kB/s]  3%|▉                                    | 1.22M/46.3M [00:01<00:26, 1.71MB/s]  5%|█▉                                   | 2.46M/46.3M [00:01<00:13, 3.29MB/s] 11%|███▉                                 | 4.96M/46.3M [00:01<00:06, 6.42MB/s] 20%|███████▎                             | 9.10M/46.3M [00:01<00:03, 11.2MB/s] 28%|██████████▌                          | 13.2M/46.3M [00:01<00:02, 16.0MB/s] 32%|███████████▉                         | 14.9M/46.3M [00:01<00:01, 15.9MB/s] 37%|█████████████▊                       | 17.3M/46.3M [00:02<00:01, 16.9MB/s] 43%|████████████████                     | 20.1M/46.3M [00:02<00:01, 19.3MB/s] 48%|█████████████████▋                   | 22.2M/46.3M [00:02<00:01, 18.8MB/s] 52%|███████████████████▎                 | 24.1M/46.3M [00:02<00:01, 13.6MB/s] 59%|█████████████████████▉               | 27.4M/46.3M [00:02<00:01, 14.1MB/s] 68%|█████████████████████████            | 31.3M/46.3M [00:02<00:00, 15.5MB/s] 76%|████████████████████████████▏        | 35.2M/46.3M [00:03<00:00, 16.4MB/s] 84%|███████████████████████████████      | 38.9M/46.3M [00:03<00:00, 16.6MB/s] 92%|██████████████████████████████████▏  | 42.8M/46.3M [00:03<00:00, 17.0MB/s]  0%|                                              | 0.00/46.3M [00:00<?, ?B/s]100%|██████████████████████████████████████| 46.3M/46.3M [00:00<00:00, 315GB/s]
SHA256 hash of downloaded file: 0eedbd89790c7d621c8eef68065ddecf80d437bbbcf60321d9253e2305f294f7
Use this value as the 'known_hash' argument of 'pooch.retrieve' to ensure that the file hasn't changed if it is downloaded again in the future.
/workspace/Q5_EEGNet_Cloud_Ready/.venv-cloud/lib/python3.12/site-packages/moabb/datasets/bnci/base.py:456: FutureWarning: Montage name 'standard_1005' is deprecated and will be removed in MNE 1.14. Use 'colin27_1005' instead.
  montage = make_standard_montage("standard_1005")
/workspace/Q5_EEGNet_Cloud_Ready/.venv-cloud/lib/python3.12/site-packages/moabb/datasets/bnci/base.py:456: FutureWarning: Montage name 'standard_1005' is deprecated and will be removed in MNE 1.14. Use 'colin27_1005' instead.
  montage = make_standard_montage("standard_1005")
/workspace/Q5_EEGNet_Cloud_Ready/.venv-cloud/lib/python3.12/site-packages/moabb/datasets/bnci/base.py:456: FutureWarning: Montage name 'standard_1005' is deprecated and will be removed in MNE 1.14. Use 'colin27_1005' instead.
  montage = make_standard_montage("standard_1005")
/workspace/Q5_EEGNet_Cloud_Ready/.venv-cloud/lib/python3.12/site-packages/moabb/datasets/bnci/base.py:456: FutureWarning: Montage name 'standard_1005' is deprecated and will be removed in MNE 1.14. Use 'colin27_1005' instead.
  montage = make_standard_montage("standard_1005")
/workspace/Q5_EEGNet_Cloud_Ready/.venv-cloud/lib/python3.12/site-packages/moabb/datasets/bnci/base.py:456: FutureWarning: Montage name 'standard_1005' is deprecated and will be removed in MNE 1.14. Use 'colin27_1005' instead.
  montage = make_standard_montage("standard_1005")
/workspace/Q5_EEGNet_Cloud_Ready/.venv-cloud/lib/python3.12/site-packages/moabb/datasets/bnci/base.py:456: FutureWarning: Montage name 'standard_1005' is deprecated and will be removed in MNE 1.14. Use 'colin27_1005' instead.
  montage = make_standard_montage("standard_1005")
/workspace/Q5_EEGNet_Cloud_Ready/.venv-cloud/lib/python3.12/site-packages/moabb/datasets/bnci/base.py:456: FutureWarning: Montage name 'standard_1005' is deprecated and will be removed in MNE 1.14. Use 'colin27_1005' instead.
  montage = make_standard_montage("standard_1005")
/workspace/Q5_EEGNet_Cloud_Ready/.venv-cloud/lib/python3.12/site-packages/moabb/datasets/bnci/base.py:456: FutureWarning: Montage name 'standard_1005' is deprecated and will be removed in MNE 1.14. Use 'colin27_1005' instead.
  montage = make_standard_montage("standard_1005")
/workspace/Q5_EEGNet_Cloud_Ready/.venv-cloud/lib/python3.12/site-packages/moabb/datasets/bnci/base.py:456: FutureWarning: Montage name 'standard_1005' is deprecated and will be removed in MNE 1.14. Use 'colin27_1005' instead.
  montage = make_standard_montage("standard_1005")
Loading configured epochs for subject 9 ...
Downloading data from 'https://lampx.tugraz.at/~bci/database/001-2014/A09T.mat' to file '/workspace/Q5_EEGNet_Cloud_Ready/data/raw/MNE-bnci-data/~bci/database/001-2014/A09T.mat'.
/workspace/Q5_EEGNet_Cloud_Ready/.venv-cloud/lib/python3.12/site-packages/urllib3/connectionpool.py:1129: InsecureRequestWarning: Unverified HTTPS request is being made to host 'mihomo.kube-system.svc.cluster.local'. Adding certificate verification is strongly advised. See: https://urllib3.readthedocs.io/en/latest/advanced-usage.html#tls-warnings
  warnings.warn(
  0%|                                              | 0.00/44.8M [00:00<?, ?B/s]  0%|                                     | 8.19k/44.8M [00:00<19:10, 38.9kB/s]  0%|                                      | 39.9k/44.8M [00:00<07:09, 104kB/s]  0%|                                       | 104k/44.8M [00:00<03:48, 195kB/s]  1%|▏                                      | 241k/44.8M [00:00<01:59, 372kB/s]  1%|▍                                      | 480k/44.8M [00:01<01:08, 645kB/s]  2%|▊                                     | 961k/44.8M [00:01<00:36, 1.19MB/s]  4%|█▌                                   | 1.91M/44.8M [00:01<00:18, 2.27MB/s]  9%|███▏                                 | 3.83M/44.8M [00:01<00:09, 4.42MB/s] 17%|██████▎                              | 7.66M/44.8M [00:01<00:04, 8.67MB/s] 26%|█████████▊                           | 11.8M/44.8M [00:02<00:02, 12.0MB/s] 36%|█████████████▏                       | 15.9M/44.8M [00:02<00:02, 14.3MB/s] 45%|████████████████▌                    | 20.1M/44.8M [00:02<00:01, 14.9MB/s] 53%|███████████████████▋                 | 23.9M/44.8M [00:02<00:01, 15.7MB/s] 62%|██████████████████████▉              | 27.8M/44.8M [00:03<00:01, 16.4MB/s] 71%|██████████████████████████           | 31.6M/44.8M [00:03<00:00, 16.8MB/s] 79%|█████████████████████████████▎       | 35.4M/44.8M [00:03<00:00, 17.1MB/s] 88%|████████████████████████████████▍    | 39.3M/44.8M [00:03<00:00, 17.4MB/s] 96%|███████████████████████████████████▌ | 43.1M/44.8M [00:03<00:00, 17.4MB/s]  0%|                                              | 0.00/44.8M [00:00<?, ?B/s]100%|██████████████████████████████████████| 44.8M/44.8M [00:00<00:00, 330GB/s]
SHA256 hash of downloaded file: b28d8a262c779c8cad9cc80ee6aa9c5691cfa6617c03befe490a090347ebd15c
Use this value as the 'known_hash' argument of 'pooch.retrieve' to ensure that the file hasn't changed if it is downloaded again in the future.
/workspace/Q5_EEGNet_Cloud_Ready/.venv-cloud/lib/python3.12/site-packages/moabb/datasets/bnci/base.py:456: FutureWarning: Montage name 'standard_1005' is deprecated and will be removed in MNE 1.14. Use 'colin27_1005' instead.
  montage = make_standard_montage("standard_1005")
/workspace/Q5_EEGNet_Cloud_Ready/.venv-cloud/lib/python3.12/site-packages/moabb/datasets/bnci/base.py:456: FutureWarning: Montage name 'standard_1005' is deprecated and will be removed in MNE 1.14. Use 'colin27_1005' instead.
  montage = make_standard_montage("standard_1005")
/workspace/Q5_EEGNet_Cloud_Ready/.venv-cloud/lib/python3.12/site-packages/moabb/datasets/bnci/base.py:456: FutureWarning: Montage name 'standard_1005' is deprecated and will be removed in MNE 1.14. Use 'colin27_1005' instead.
  montage = make_standard_montage("standard_1005")
/workspace/Q5_EEGNet_Cloud_Ready/.venv-cloud/lib/python3.12/site-packages/moabb/datasets/bnci/base.py:456: FutureWarning: Montage name 'standard_1005' is deprecated and will be removed in MNE 1.14. Use 'colin27_1005' instead.
  montage = make_standard_montage("standard_1005")
/workspace/Q5_EEGNet_Cloud_Ready/.venv-cloud/lib/python3.12/site-packages/moabb/datasets/bnci/base.py:456: FutureWarning: Montage name 'standard_1005' is deprecated and will be removed in MNE 1.14. Use 'colin27_1005' instead.
  montage = make_standard_montage("standard_1005")
/workspace/Q5_EEGNet_Cloud_Ready/.venv-cloud/lib/python3.12/site-packages/moabb/datasets/bnci/base.py:456: FutureWarning: Montage name 'standard_1005' is deprecated and will be removed in MNE 1.14. Use 'colin27_1005' instead.
  montage = make_standard_montage("standard_1005")
/workspace/Q5_EEGNet_Cloud_Ready/.venv-cloud/lib/python3.12/site-packages/moabb/datasets/bnci/base.py:456: FutureWarning: Montage name 'standard_1005' is deprecated and will be removed in MNE 1.14. Use 'colin27_1005' instead.
  montage = make_standard_montage("standard_1005")
/workspace/Q5_EEGNet_Cloud_Ready/.venv-cloud/lib/python3.12/site-packages/moabb/datasets/bnci/base.py:456: FutureWarning: Montage name 'standard_1005' is deprecated and will be removed in MNE 1.14. Use 'colin27_1005' instead.
  montage = make_standard_montage("standard_1005")
/workspace/Q5_EEGNet_Cloud_Ready/.venv-cloud/lib/python3.12/site-packages/moabb/datasets/bnci/base.py:456: FutureWarning: Montage name 'standard_1005' is deprecated and will be removed in MNE 1.14. Use 'colin27_1005' instead.
  montage = make_standard_montage("standard_1005")
Downloading data from 'https://lampx.tugraz.at/~bci/database/001-2014/A09E.mat' to file '/workspace/Q5_EEGNet_Cloud_Ready/data/raw/MNE-bnci-data/~bci/database/001-2014/A09E.mat'.
/workspace/Q5_EEGNet_Cloud_Ready/.venv-cloud/lib/python3.12/site-packages/urllib3/connectionpool.py:1129: InsecureRequestWarning: Unverified HTTPS request is being made to host 'mihomo.kube-system.svc.cluster.local'. Adding certificate verification is strongly advised. See: https://urllib3.readthedocs.io/en/latest/advanced-usage.html#tls-warnings
  warnings.warn(
  0%|                                              | 0.00/44.8M [00:00<?, ?B/s]  0%|                                     | 8.19k/44.8M [00:00<20:39, 36.1kB/s]  0%|                                      | 48.1k/44.8M [00:00<06:19, 118kB/s]  0%|                                       | 113k/44.8M [00:00<03:51, 193kB/s]  1%|▏                                      | 241k/44.8M [00:00<02:11, 338kB/s]  1%|▍                                      | 488k/44.8M [00:01<01:12, 607kB/s]  2%|▊                                     | 992k/44.8M [00:01<00:38, 1.15MB/s]  4%|█▋                                   | 2.00M/44.8M [00:01<00:19, 2.22MB/s]  9%|███▎                                 | 4.01M/44.8M [00:01<00:09, 4.30MB/s] 18%|██████▋                              | 8.03M/44.8M [00:02<00:04, 8.46MB/s] 27%|██████████                           | 12.2M/44.8M [00:02<00:02, 11.4MB/s] 36%|█████████████▍                       | 16.3M/44.8M [00:02<00:02, 13.5MB/s] 46%|████████████████▉                    | 20.5M/44.8M [00:02<00:01, 14.9MB/s] 55%|████████████████████▎                | 24.6M/44.8M [00:02<00:01, 18.2MB/s] 59%|█████████████████████▉               | 26.6M/44.8M [00:02<00:01, 17.7MB/s] 64%|███████████████████████▋             | 28.7M/44.8M [00:03<00:00, 18.3MB/s] 68%|█████████████████████████▎           | 30.7M/44.8M [00:03<00:00, 17.6MB/s] 73%|███████████████████████████▏         | 32.9M/44.8M [00:03<00:00, 16.9MB/s] 80%|█████████████████████████████▋       | 36.0M/44.8M [00:03<00:00, 20.2MB/s] 85%|███████████████████████████████▌     | 38.2M/44.8M [00:03<00:00, 16.2MB/s] 92%|█████████████████████████████████▉   | 41.1M/44.8M [00:03<00:00, 17.2MB/s] 96%|███████████████████████████████████▌ | 43.1M/44.8M [00:03<00:00, 17.7MB/s]  0%|                                              | 0.00/44.8M [00:00<?, ?B/s]100%|██████████████████████████████████████| 44.8M/44.8M [00:00<00:00, 330GB/s]
SHA256 hash of downloaded file: 5d79649a42df9d51215def8ffbdaf1c3f76c54b88b9bbaae721e8c6fd972cc36
Use this value as the 'known_hash' argument of 'pooch.retrieve' to ensure that the file hasn't changed if it is downloaded again in the future.
/workspace/Q5_EEGNet_Cloud_Ready/.venv-cloud/lib/python3.12/site-packages/moabb/datasets/bnci/base.py:456: FutureWarning: Montage name 'standard_1005' is deprecated and will be removed in MNE 1.14. Use 'colin27_1005' instead.
  montage = make_standard_montage("standard_1005")
/workspace/Q5_EEGNet_Cloud_Ready/.venv-cloud/lib/python3.12/site-packages/moabb/datasets/bnci/base.py:456: FutureWarning: Montage name 'standard_1005' is deprecated and will be removed in MNE 1.14. Use 'colin27_1005' instead.
  montage = make_standard_montage("standard_1005")
/workspace/Q5_EEGNet_Cloud_Ready/.venv-cloud/lib/python3.12/site-packages/moabb/datasets/bnci/base.py:456: FutureWarning: Montage name 'standard_1005' is deprecated and will be removed in MNE 1.14. Use 'colin27_1005' instead.
  montage = make_standard_montage("standard_1005")
/workspace/Q5_EEGNet_Cloud_Ready/.venv-cloud/lib/python3.12/site-packages/moabb/datasets/bnci/base.py:456: FutureWarning: Montage name 'standard_1005' is deprecated and will be removed in MNE 1.14. Use 'colin27_1005' instead.
  montage = make_standard_montage("standard_1005")
/workspace/Q5_EEGNet_Cloud_Ready/.venv-cloud/lib/python3.12/site-packages/moabb/datasets/bnci/base.py:456: FutureWarning: Montage name 'standard_1005' is deprecated and will be removed in MNE 1.14. Use 'colin27_1005' instead.
  montage = make_standard_montage("standard_1005")
/workspace/Q5_EEGNet_Cloud_Ready/.venv-cloud/lib/python3.12/site-packages/moabb/datasets/bnci/base.py:456: FutureWarning: Montage name 'standard_1005' is deprecated and will be removed in MNE 1.14. Use 'colin27_1005' instead.
  montage = make_standard_montage("standard_1005")
/workspace/Q5_EEGNet_Cloud_Ready/.venv-cloud/lib/python3.12/site-packages/moabb/datasets/bnci/base.py:456: FutureWarning: Montage name 'standard_1005' is deprecated and will be removed in MNE 1.14. Use 'colin27_1005' instead.
  montage = make_standard_montage("standard_1005")
/workspace/Q5_EEGNet_Cloud_Ready/.venv-cloud/lib/python3.12/site-packages/moabb/datasets/bnci/base.py:456: FutureWarning: Montage name 'standard_1005' is deprecated and will be removed in MNE 1.14. Use 'colin27_1005' instead.
  montage = make_standard_montage("standard_1005")
/workspace/Q5_EEGNet_Cloud_Ready/.venv-cloud/lib/python3.12/site-packages/moabb/datasets/bnci/base.py:456: FutureWarning: Montage name 'standard_1005' is deprecated and will be removed in MNE 1.14. Use 'colin27_1005' instead.
  montage = make_standard_montage("standard_1005")
loso_s1 inner 1/4: completed 40 epochs
loso_s1 inner 2/4: completed 40 epochs
loso_s1 inner 3/4: completed 40 epochs
loso_s1 inner 4/4: completed 40 epochs
/workspace/Q5_EEGNet_Cloud_Ready/scripts/run_eegnet.py:161: UserWarning: The given NumPy array is not writable, and PyTorch does not support non-writable tensors. This means writing to this tensor will result in undefined behavior. You may want to copy the array to protect its data or make it writable before converting it to a tensor. This type of warning will be suppressed for the rest of this program. (Triggered internally at /__w/pytorch/pytorch/torch/csrc/utils/tensor_numpy.cpp:213.)
  train_tensor = torch.as_tensor(train_idx, dtype=torch.long, device=device)
loso_s1 seed 20260924: target BA=0.5382 (selection=27 epochs)
loso_s1 seed 20260925: target BA=0.5660 (selection=27 epochs)
loso_s1 seed 20260926: target BA=0.6059 (selection=27 epochs)
loso_s2 inner 1/4: completed 40 epochs
loso_s2 inner 2/4: completed 40 epochs
loso_s2 inner 3/4: completed 40 epochs
loso_s2 inner 4/4: completed 40 epochs
loso_s2 seed 20260924: target BA=0.2396 (selection=1 epochs)
loso_s2 seed 20260925: target BA=0.2431 (selection=1 epochs)
loso_s2 seed 20260926: target BA=0.2517 (selection=1 epochs)
loso_s3 inner 1/4: completed 40 epochs
loso_s3 inner 2/4: completed 40 epochs
loso_s3 inner 3/4: completed 40 epochs
loso_s3 inner 4/4: completed 40 epochs
loso_s3 seed 20260924: target BA=0.2517 (selection=2 epochs)
loso_s3 seed 20260925: target BA=0.2517 (selection=2 epochs)
loso_s3 seed 20260926: target BA=0.2795 (selection=2 epochs)
loso_s4 inner 1/4: completed 40 epochs
loso_s4 inner 2/4: completed 40 epochs
loso_s4 inner 3/4: completed 40 epochs
loso_s4 inner 4/4: completed 40 epochs
loso_s4 seed 20260924: target BA=0.3611 (selection=10 epochs)
loso_s4 seed 20260925: target BA=0.3576 (selection=10 epochs)
loso_s4 seed 20260926: target BA=0.3889 (selection=10 epochs)
loso_s5 inner 1/4: completed 40 epochs
loso_s5 inner 2/4: completed 40 epochs
loso_s5 inner 3/4: completed 40 epochs
loso_s5 inner 4/4: completed 40 epochs
loso_s5 seed 20260924: target BA=0.2483 (selection=13 epochs)
loso_s5 seed 20260925: target BA=0.2344 (selection=13 epochs)
loso_s5 seed 20260926: target BA=0.2413 (selection=13 epochs)
loso_s6 inner 1/4: completed 40 epochs
loso_s6 inner 2/4: completed 40 epochs
loso_s6 inner 3/4: completed 40 epochs
loso_s6 inner 4/4: completed 40 epochs
loso_s6 seed 20260924: target BA=0.2899 (selection=7 epochs)
loso_s6 seed 20260925: target BA=0.3038 (selection=7 epochs)
loso_s6 seed 20260926: target BA=0.2569 (selection=7 epochs)
loso_s7 inner 1/4: completed 40 epochs
loso_s7 inner 2/4: completed 40 epochs
loso_s7 inner 3/4: completed 40 epochs
loso_s7 inner 4/4: completed 40 epochs
loso_s7 seed 20260924: target BA=0.2934 (selection=6 epochs)
loso_s7 seed 20260925: target BA=0.2778 (selection=6 epochs)
loso_s7 seed 20260926: target BA=0.2830 (selection=6 epochs)
loso_s8 inner 1/4: completed 40 epochs
loso_s8 inner 2/4: completed 40 epochs
loso_s8 inner 3/4: completed 40 epochs
loso_s8 inner 4/4: completed 40 epochs
loso_s8 seed 20260924: target BA=0.2830 (selection=1 epochs)
loso_s8 seed 20260925: target BA=0.2865 (selection=1 epochs)
loso_s8 seed 20260926: target BA=0.3212 (selection=1 epochs)
loso_s9 inner 1/4: completed 40 epochs
loso_s9 inner 2/4: completed 40 epochs
loso_s9 inner 3/4: completed 40 epochs
loso_s9 inner 4/4: completed 40 epochs
loso_s9 seed 20260924: target BA=0.4792 (selection=7 epochs)
loso_s9 seed 20260925: target BA=0.5052 (selection=7 epochs)
loso_s9 seed 20260926: target BA=0.4653 (selection=7 epochs)
Traceback (most recent call last):
  File "/workspace/Q5_EEGNet_Cloud_Ready/scripts/validate_eegnet_run.py", line 475, in <module>
    main()
  File "/workspace/Q5_EEGNet_Cloud_Ready/scripts/validate_eegnet_run.py", line 467, in main
    report = verify(args.output, args.reference)
             ^^^^^^^^^^^^^^^^^^^^^^^^^^^^^^^^^^^
  File "/workspace/Q5_EEGNet_Cloud_Ready/scripts/validate_eegnet_run.py", line 437, in verify
    _check_confusions(predictions, pd.read_csv(cm_path), subjects, final_seeds)
  File "/workspace/Q5_EEGNet_Cloud_Ready/scripts/validate_eegnet_run.py", line 330, in _check_confusions
    _require_columns(
  File "/workspace/Q5_EEGNet_Cloud_Ready/scripts/validate_eegnet_run.py", line 51, in _require_columns
    raise AssertionError(f"{context} missing columns: {sorted(absent)}")
AssertionError: confusion_matrices.csv missing columns: ['model']
