sample_id,subject,session,run,label,file_id,raw_sha256,cue_sample_native,dataset,experiment_id,model,seed,p_left,p_right,predicted_label
s18_1_offline_train_t001,18,1,offline_train,1,session1/s18/sess01_subj18_EEG_MI.mat,8ef8fd343531e428188af60cf0b23d14eb20b9f533d418a12331dd80ec7b1013,228583,Lee2019_MI,Q15-E007,BROAD_EEGNET,20260924,0.7873987555503845,0.2126012146472931,1
s18_1_offline_train_t002,18,1,offline_train,2,session1/s18/sess01_subj18_EEG_MI.mat,8ef8fd343531e428188af60cf0b23d14eb20b9f533d418a12331dd80ec7b1013,239999,Lee2019_MI,Q15-E007,BROAD_EEGNET,20260924,0.4374316334724426,0.5625683665275574,2
s18_1_offline_train_t003,18,1,offline_train,1,session1/s18/sess01_subj18_EEG_MI.mat,8ef8fd343531e428188af60cf0b23d14eb20b9f533d418a12331dd80ec7b1013,250683,Lee2019_MI,Q15-E007,BROAD_EEGNET,20260924,0.8348414301872253,0.16515852510929108,1
s18_1_offline_train_t004,18,1,offline_train,1,session1/s18/sess01_subj18_EEG_MI.mat,8ef8fd343531e428188af60cf0b23d14eb20b9f533d418a12331dd80ec7b1013,262099,Lee2019_MI,Q15-E007,BROAD_EEGNET,20260924,0.7685025334358215,0.2314974069595337,1
s18_1_offline_train_t005,18,1,offline_train,2,session1/s18/sess01_subj18_EEG_MI.mat,8ef8fd343531e428188af60cf0b23d14eb20b9f533d418a12331dd80ec7b1013,273249,Lee2019_MI,Q15-E007,BROAD_EEGNET,20260924,0.38180428743362427,0.6181957125663757,2
s18_1_offline_train_t006,18,1,offline_train,2,session1/s18/sess01_subj18_EEG_MI.mat,8ef8fd343531e428188af60cf0b23d14eb20b9f533d418a12331dd80ec7b1013,283932,Lee2019_MI,Q15-E007,BROAD_EEGNET,20260924,0.5130929350852966,0.4869070053100586,1
s18_1_offline_train_t007,18,1,offline_train,1,session1/s18/sess01_subj18_EEG_MI.mat,8ef8fd343531e428188af60cf0b23d14eb20b9f533d418a12331dd80ec7b1013,294798,Lee2019_MI,Q15-E007,BROAD_EEGNET,20260924,0.6446262001991272,0.3553737699985504,1
s18_1_offline_train_t008,18,1,offline_train,2,session1/s18/sess01_subj18_EEG_MI.mat,8ef8fd343531e428188af60cf0b23d14eb20b9f533d418a12331dd80ec7b1013,305948,Lee2019_MI,Q15-E007,BROAD_EEGNET,20260924,0.6596590280532837,0.3403409719467163,1
s18_1_offline_train_t009,18,1,offline_train,1,session1/s18/sess01_subj18_EEG_MI.mat,8ef8fd343531e428188af60cf0b23d14eb20b9f533d418a12331dd80ec7b1013,317464,Lee2019_MI,Q15-E007,BROAD_EEGNET,20260924,0.904447078704834,0.0955529659986496,1
s18_1_offline_train_t010,18,1,offline_train,1,session1/s18/sess01_subj18_EEG_MI.mat,8ef8fd343531e428188af60cf0b23d14eb20b9f533d418a12331dd80ec7b1013,328980,Lee2019_MI,Q15-E007,BROAD_EEGNET,20260924,0.7410768270492554,0.258923202753067,1
s18_1_offline_train_t011,18,1,offline_train,2,session1/s18/sess01_subj18_EEG_MI.mat,8ef8fd343531e428188af60cf0b23d14eb20b9f533d418a12331dd80ec7b1013,339664,Lee2019_MI,Q15-E007,BROAD_EEGNET,20260924,0.652397096157074,0.347602903842926,1
s18_1_offline_train_t012,18,1,offline_train,2,session1/s18/sess01_subj18_EEG_MI.mat,8ef8fd343531e428188af60cf0b23d14eb20b9f533d418a12331dd80ec7b1013,351181,Lee2019_MI,Q15-E007,BROAD_EEGNET,20260924,0.5336380004882812,0.46636196970939636,1
s18_1_offline_train_t013,18,1,offline_train,1,session1/s18/sess01_subj18_EEG_MI.mat,8ef8fd343531e428188af60cf0b23d14eb20b9f533d418a12331dd80ec7b1013,362697,Lee2019_MI,Q15-E007,BROAD_EEGNET,20260924,0.8197617530822754,0.1802382618188858,1
s18_1_offline_train_t014,18,1,offline_train,1,session1/s18/sess01_subj18_EEG_MI.mat,8ef8fd343531e428188af60cf0b23d14eb20b9f533d418a12331dd80ec7b1013,373747,Lee2019_MI,Q15-E007,BROAD_EEGNET,20260924,0.5695260167121887,0.43047401309013367,1
s18_1_offline_train_t015,18,1,offline_train,2,session1/s18/sess01_subj18_EEG_MI.mat,8ef8fd343531e428188af60cf0b23d14eb20b9f533d418a12331dd80ec7b1013,385080,Lee2019_MI,Q15-E007,BROAD_EEGNET,20260924,0.641791045665741,0.35820895433425903,1
s18_1_offline_train_t016,18,1,offline_train,1,session1/s18/sess01_subj18_EEG_MI.mat,8ef8fd343531e428188af60cf0b23d14eb20b9f533d418a12331dd80ec7b1013,395763,Lee2019_MI,Q15-E007,BROAD_EEGNET,20260924,0.9635398983955383,0.036460112780332565,1
s18_1_offline_train_t017,18,1,offline_train,1,session1/s18/sess01_subj18_EEG_MI.mat,8ef8fd343531e428188af60cf0b23d14eb20b9f533d418a12331dd80ec7b1013,406713,Lee2019_MI,Q15-E007,BROAD_EEGNET,20260924,0.9416897296905518,0.05831027403473854,1
s18_1_offline_train_t018,18,1,offline_train,1,session1/s18/sess01_subj18_EEG_MI.mat,8ef8fd343531e428188af60cf0b23d14eb20b9f533d418a12331dd80ec7b1013,418146,Lee2019_MI,Q15-E007,BROAD_EEGNET,20260924,0.9563112258911133,0.04368877038359642,1
s18_1_offline_train_t019,18,1,offline_train,1,session1/s18/sess01_subj18_EEG_MI.mat,8ef8fd343531e428188af60cf0b23d14eb20b9f533d418a12331dd80ec7b1013,429479,Lee2019_MI,Q15-E007,BROAD_EEGNET,20260924,0.891908586025238,0.10809140652418137,1
s18_1_offline_train_t020,18,1,offline_train,2,session1/s18/sess01_subj18_EEG_MI.mat,8ef8fd343531e428188af60cf0b23d14eb20b9f533d418a12331dd80ec7b1013,440996,Lee2019_MI,Q15-E007,BROAD_EEGNET,20260924,0.6514439582824707,0.3485560417175293,1
s18_1_offline_train_t021,18,1,offline_train,2,session1/s18/sess01_subj18_EEG_MI.mat,8ef8fd343531e428188af60cf0b23d14eb20b9f533d418a12331dd80ec7b1013,452229,Lee2019_MI,Q15-E007,BROAD_EEGNET,20260924,0.5622208714485168,0.43777912855148315,1
s18_1_offline_train_t022,18,1,offline_train,1,session1/s18/sess01_subj18_EEG_MI.mat,8ef8fd343531e428188af60cf0b23d14eb20b9f533d418a12331dd80ec7b1013,462812,Lee2019_MI,Q15-E007,BROAD_EEGNET,20260924,0.9811596870422363,0.018840357661247253,1
s18_1_offline_train_t023,18,1,offline_train,2,session1/s18/sess01_subj18_EEG_MI.mat,8ef8fd343531e428188af60cf0b23d14eb20b9f533d418a12331dd80ec7b1013,474245,Lee2019_MI,Q15-E007,BROAD_EEGNET,20260924,0.7528767585754395,0.24712324142456055,1
s18_1_offline_train_t024,18,1,offline_train,2,session1/s18/sess01_subj18_EEG_MI.mat,8ef8fd343531e428188af60cf0b23d14eb20b9f533d418a12331dd80ec7b1013,485762,Lee2019_MI,Q15-E007,BROAD_EEGNET,20260924,0.6072447896003723,0.3927552402019501,1
s18_1_offline_train_t025,18,1,offline_train,2,session1/s18/sess01_subj18_EEG_MI.mat,8ef8fd343531e428188af60cf0b23d14eb20b9f533d418a12331dd80ec7b1013,496995,Lee2019_MI,Q15-E007,BROAD_EEGNET,20260924,0.6104106307029724,0.3895893692970276,1
s18_1_offline_train_t026,18,1,offline_train,1,session1/s18/sess01_subj18_EEG_MI.mat,8ef8fd343531e428188af60cf0b23d14eb20b9f533d418a12331dd80ec7b1013,508328,Lee2019_MI,Q15-E007,BROAD_EEGNET,20260924,0.909987211227417,0.09001278877258301,1
s18_1_offline_train_t027,18,1,offline_train,2,session1/s18/sess01_subj18_EEG_MI.mat,8ef8fd343531e428188af60cf0b23d14eb20b9f533d418a12331dd80ec7b1013,519661,Lee2019_MI,Q15-E007,BROAD_EEGNET,20260924,0.5769206285476685,0.42307934165000916,1
s18_1_offline_train_t028,18,1,offline_train,1,session1/s18/sess01_subj18_EEG_MI.mat,8ef8fd343531e428188af60cf0b23d14eb20b9f533d418a12331dd80ec7b1013,530611,Lee2019_MI,Q15-E007,BROAD_EEGNET,20260924,0.722139835357666,0.277860164642334,1
s18_1_offline_train_t029,18,1,offline_train,1,session1/s18/sess01_subj18_EEG_MI.mat,8ef8fd343531e428188af60cf0b23d14eb20b9f533d418a12331dd80ec7b1013,541861,Lee2019_MI,Q15-E007,BROAD_EEGNET,20260924,0.8698679208755493,0.13013207912445068,1
s18_1_offline_train_t030,18,1,offline_train,2,session1/s18/sess01_subj18_EEG_MI.mat,8ef8fd343531e428188af60cf0b23d14eb20b9f533d418a12331dd80ec7b1013,552627,Lee2019_MI,Q15-E007,BROAD_EEGNET,20260924,0.42249542474746704,0.5775045156478882,2
s18_1_offline_train_t031,18,1,offline_train,1,session1/s18/sess01_subj18_EEG_MI.mat,8ef8fd343531e428188af60cf0b23d14eb20b9f533d418a12331dd80ec7b1013,563860,Lee2019_MI,Q15-E007,BROAD_EEGNET,20260924,0.793217122554779,0.20678289234638214,1
s18_1_offline_train_t032,18,1,offline_train,2,session1/s18/sess01_subj18_EEG_MI.mat,8ef8fd343531e428188af60cf0b23d14eb20b9f533d418a12331dd80ec7b1013,574460,Lee2019_MI,Q15-E007,BROAD_EEGNET,20260924,0.31238800287246704,0.687611997127533,2
s18_1_offline_train_t033,18,1,offline_train,1,session1/s18/sess01_subj18_EEG_MI.mat,8ef8fd343531e428188af60cf0b23d14eb20b9f533d418a12331dd80ec7b1013,585326,Lee2019_MI,Q15-E007,BROAD_EEGNET,20260924,0.8747446537017822,0.12525533139705658,1
s18_1_offline_train_t034,18,1,offline_train,2,session1/s18/sess01_subj18_EEG_MI.mat,8ef8fd343531e428188af60cf0b23d14eb20b9f533d418a12331dd80ec7b1013,595909,Lee2019_MI,Q15-E007,BROAD_EEGNET,20260924,0.5784822106361389,0.4215177893638611,1
s18_1_offline_train_t035,18,1,offline_train,2,session1/s18/sess01_subj18_EEG_MI.mat,8ef8fd343531e428188af60cf0b23d14eb20b9f533d418a12331dd80ec7b1013,606593,Lee2019_MI,Q15-E007,BROAD_EEGNET,20260924,0.605322539806366,0.39467746019363403,1
s18_1_offline_train_t036,18,1,offline_train,1,session1/s18/sess01_subj18_EEG_MI.mat,8ef8fd343531e428188af60cf0b23d14eb20b9f533d418a12331dd80ec7b1013,618009,Lee2019_MI,Q15-E007,BROAD_EEGNET,20260924,0.658638596534729,0.3413613736629486,1
s18_1_offline_train_t037,18,1,offline_train,1,session1/s18/sess01_subj18_EEG_MI.mat,8ef8fd343531e428188af60cf0b23d14eb20b9f533d418a12331dd80ec7b1013,629259,Lee2019_MI,Q15-E007,BROAD_EEGNET,20260924,0.45722028613090515,0.5427797436714172,2
s18_1_offline_train_t038,18,1,offline_train,2,session1/s18/sess01_subj18_EEG_MI.mat,8ef8fd343531e428188af60cf0b23d14eb20b9f533d418a12331dd80ec7b1013,640125,Lee2019_MI,Q15-E007,BROAD_EEGNET,20260924,0.16018624603748322,0.8398137092590332,2
s18_1_offline_train_t039,18,1,offline_train,1,session1/s18/sess01_subj18_EEG_MI.mat,8ef8fd343531e428188af60cf0b23d14eb20b9f533d418a12331dd80ec7b1013,651642,Lee2019_MI,Q15-E007,BROAD_EEGNET,20260924,0.7350578308105469,0.26494213938713074,1
s18_1_offline_train_t040,18,1,offline_train,1,session1/s18/sess01_subj18_EEG_MI.mat,8ef8fd343531e428188af60cf0b23d14eb20b9f533d418a12331dd80ec7b1013,662225,Lee2019_MI,Q15-E007,BROAD_EEGNET,20260924,0.73085618019104,0.26914381980895996,1
s18_1_offline_train_t041,18,1,offline_train,1,session1/s18/sess01_subj18_EEG_MI.mat,8ef8fd343531e428188af60cf0b23d14eb20b9f533d418a12331dd80ec7b1013,673192,Lee2019_MI,Q15-E007,BROAD_EEGNET,20260924,0.64018315076828,0.35981687903404236,1
s18_1_offline_train_t042,18,1,offline_train,1,session1/s18/sess01_subj18_EEG_MI.mat,8ef8fd343531e428188af60cf0b23d14eb20b9f533d418a12331dd80ec7b1013,684141,Lee2019_MI,Q15-E007,BROAD_EEGNET,20260924,0.731727659702301,0.268272340297699,1
s18_1_offline_train_t043,18,1,offline_train,2,session1/s18/sess01_subj18_EEG_MI.mat,8ef8fd343531e428188af60cf0b23d14eb20b9f533d418a12331dd80ec7b1013,695474,Lee2019_MI,Q15-E007,BROAD_EEGNET,20260924,0.48230642080307007,0.5176936388015747,2
s18_1_offline_train_t044,18,1,offline_train,1,session1/s18/sess01_subj18_EEG_MI.mat,8ef8fd343531e428188af60cf0b23d14eb20b9f533d418a12331dd80ec7b1013,706808,Lee2019_MI,Q15-E007,BROAD_EEGNET,20260924,0.3979555070400238,0.6020444631576538,2
s18_1_offline_train_t045,18,1,offline_train,2,session1/s18/sess01_subj18_EEG_MI.mat,8ef8fd343531e428188af60cf0b23d14eb20b9f533d418a12331dd80ec7b1013,717574,Lee2019_MI,Q15-E007,BROAD_EEGNET,20260924,0.10811641812324524,0.8918835520744324,2
s18_1_offline_train_t046,18,1,offline_train,1,session1/s18/sess01_subj18_EEG_MI.mat,8ef8fd343531e428188af60cf0b23d14eb20b9f533d418a12331dd80ec7b1013,728624,Lee2019_MI,Q15-E007,BROAD_EEGNET,20260924,0.8508884310722351,0.14911159873008728,1
s18_1_offline_train_t047,18,1,offline_train,1,session1/s18/sess01_subj18_EEG_MI.mat,8ef8fd343531e428188af60cf0b23d14eb20b9f533d418a12331dd80ec7b1013,739590,Lee2019_MI,Q15-E007,BROAD_EEGNET,20260924,0.9835528135299683,0.01644715666770935,1
s18_1_offline_train_t048,18,1,offline_train,1,session1/s18/sess01_subj18_EEG_MI.mat,8ef8fd343531e428188af60cf0b23d14eb20b9f533d418a12331dd80ec7b1013,750823,Lee2019_MI,Q15-E007,BROAD_EEGNET,20260924,0.8177289366722107,0.18227103352546692,1
s18_1_offline_train_t049,18,1,offline_train,2,session1/s18/sess01_subj18_EEG_MI.mat,8ef8fd343531e428188af60cf0b23d14eb20b9f533d418a12331dd80ec7b1013,762073,Lee2019_MI,Q15-E007,BROAD_EEGNET,20260924,0.26732105016708374,0.7326788902282715,2
s18_1_offline_train_t050,18,1,offline_train,1,session1/s18/sess01_subj18_EEG_MI.mat,8ef8fd343531e428188af60cf0b23d14eb20b9f533d418a12331dd80ec7b1013,992769,Lee2019_MI,Q15-E007,BROAD_EEGNET,20260924,0.85561203956604,0.14438791573047638,1
s18_1_offline_train_t051,18,1,offline_train,1,session1/s18/sess01_subj18_EEG_MI.mat,8ef8fd343531e428188af60cf0b23d14eb20b9f533d418a12331dd80ec7b1013,1003635,Lee2019_MI,Q15-E007,BROAD_EEGNET,20260924,0.7391068339347839,0.26089316606521606,1
s18_1_offline_train_t052,18,1,offline_train,1,session1/s18/sess01_subj18_EEG_MI.mat,8ef8fd343531e428188af60cf0b23d14eb20b9f533d418a12331dd80ec7b1013,1014885,Lee2019_MI,Q15-E007,BROAD_EEGNET,20260924,0.5861606001853943,0.4138394296169281,1
s18_1_offline_train_t053,18,1,offline_train,1,session1/s18/sess01_subj18_EEG_MI.mat,8ef8fd343531e428188af60cf0b23d14eb20b9f533d418a12331dd80ec7b1013,1026118,Lee2019_MI,Q15-E007,BROAD_EEGNET,20260924,0.9176692366600037,0.08233080059289932,1
s18_1_offline_train_t054,18,1,offline_train,2,session1/s18/sess01_subj18_EEG_MI.mat,8ef8fd343531e428188af60cf0b23d14eb20b9f533d418a12331dd80ec7b1013,1036801,Lee2019_MI,Q15-E007,BROAD_EEGNET,20260924,0.13794276118278503,0.8620572090148926,2
s18_1_offline_train_t055,18,1,offline_train,1,session1/s18/sess01_subj18_EEG_MI.mat,8ef8fd343531e428188af60cf0b23d14eb20b9f533d418a12331dd80ec7b1013,1047484,Lee2019_MI,Q15-E007,BROAD_EEGNET,20260924,0.6956984996795654,0.30430153012275696,1
s18_1_offline_train_t056,18,1,offline_train,1,session1/s18/sess01_subj18_EEG_MI.mat,8ef8fd343531e428188af60cf0b23d14eb20b9f533d418a12331dd80ec7b1013,1058534,Lee2019_MI,Q15-E007,BROAD_EEGNET,20260924,0.616628885269165,0.3833710849285126,1
s18_1_offline_train_t057,18,1,offline_train,2,session1/s18/sess01_subj18_EEG_MI.mat,8ef8fd343531e428188af60cf0b23d14eb20b9f533d418a12331dd80ec7b1013,1070051,Lee2019_MI,Q15-E007,BROAD_EEGNET,20260924,0.766668438911438,0.233331561088562,1
s18_1_offline_train_t058,18,1,offline_train,2,session1/s18/sess01_subj18_EEG_MI.mat,8ef8fd343531e428188af60cf0b23d14eb20b9f533d418a12331dd80ec7b1013,1080917,Lee2019_MI,Q15-E007,BROAD_EEGNET,20260924,0.7219700217247009,0.27803000807762146,1
s18_1_offline_train_t059,18,1,offline_train,1,session1/s18/sess01_subj18_EEG_MI.mat,8ef8fd343531e428188af60cf0b23d14eb20b9f533d418a12331dd80ec7b1013,1092067,Lee2019_MI,Q15-E007,BROAD_EEGNET,20260924,0.8719637989997864,0.1280362606048584,1
s18_1_offline_train_t060,18,1,offline_train,1,session1/s18/sess01_subj18_EEG_MI.mat,8ef8fd343531e428188af60cf0b23d14eb20b9f533d418a12331dd80ec7b1013,1102833,Lee2019_MI,Q15-E007,BROAD_EEGNET,20260924,0.9498956203460693,0.05010432377457619,1
s18_1_offline_train_t061,18,1,offline_train,2,session1/s18/sess01_subj18_EEG_MI.mat,8ef8fd343531e428188af60cf0b23d14eb20b9f533d418a12331dd80ec7b1013,1114167,Lee2019_MI,Q15-E007,BROAD_EEGNET,20260924,0.48504698276519775,0.5149530172348022,2
s18_1_offline_train_t062,18,1,offline_train,2,session1/s18/sess01_subj18_EEG_MI.mat,8ef8fd343531e428188af60cf0b23d14eb20b9f533d418a12331dd80ec7b1013,1124950,Lee2019_MI,Q15-E007,BROAD_EEGNET,20260924,0.6496548652648926,0.3503451347351074,1
s18_1_offline_train_t063,18,1,offline_train,1,session1/s18/sess01_subj18_EEG_MI.mat,8ef8fd343531e428188af60cf0b23d14eb20b9f533d418a12331dd80ec7b1013,1135999,Lee2019_MI,Q15-E007,BROAD_EEGNET,20260924,0.9135696887969971,0.08643026649951935,1
s18_1_offline_train_t064,18,1,offline_train,2,session1/s18/sess01_subj18_EEG_MI.mat,8ef8fd343531e428188af60cf0b23d14eb20b9f533d418a12331dd80ec7b1013,1147233,Lee2019_MI,Q15-E007,BROAD_EEGNET,20260924,0.6696141958236694,0.33038580417633057,1
s18_1_offline_train_t065,18,1,offline_train,2,session1/s18/sess01_subj18_EEG_MI.mat,8ef8fd343531e428188af60cf0b23d14eb20b9f533d418a12331dd80ec7b1013,1158649,Lee2019_MI,Q15-E007,BROAD_EEGNET,20260924,0.26250460743904114,0.7374953627586365,2
s18_1_offline_train_t066,18,1,offline_train,2,session1/s18/sess01_subj18_EEG_MI.mat,8ef8fd343531e428188af60cf0b23d14eb20b9f533d418a12331dd80ec7b1013,1170165,Lee2019_MI,Q15-E007,BROAD_EEGNET,20260924,0.40901732444763184,0.5909826755523682,2
s18_1_offline_train_t067,18,1,offline_train,2,session1/s18/sess01_subj18_EEG_MI.mat,8ef8fd343531e428188af60cf0b23d14eb20b9f533d418a12331dd80ec7b1013,1181232,Lee2019_MI,Q15-E007,BROAD_EEGNET,20260924,0.19031880795955658,0.8096811771392822,2
s18_1_offline_train_t068,18,1,offline_train,1,session1/s18/sess01_subj18_EEG_MI.mat,8ef8fd343531e428188af60cf0b23d14eb20b9f533d418a12331dd80ec7b1013,1191915,Lee2019_MI,Q15-E007,BROAD_EEGNET,20260924,0.8316856622695923,0.1683143526315689,1
s18_1_offline_train_t069,18,1,offline_train,1,session1/s18/sess01_subj18_EEG_MI.mat,8ef8fd343531e428188af60cf0b23d14eb20b9f533d418a12331dd80ec7b1013,1202581,Lee2019_MI,Q15-E007,BROAD_EEGNET,20260924,0.8391692638397217,0.16083072125911713,1
s18_1_offline_train_t070,18,1,offline_train,2,session1/s18/sess01_subj18_EEG_MI.mat,8ef8fd343531e428188af60cf0b23d14eb20b9f533d418a12331dd80ec7b1013,1213365,Lee2019_MI,Q15-E007,BROAD_EEGNET,20260924,0.5481903553009033,0.45180967450141907,1
s18_1_offline_train_t071,18,1,offline_train,1,session1/s18/sess01_subj18_EEG_MI.mat,8ef8fd343531e428188af60cf0b23d14eb20b9f533d418a12331dd80ec7b1013,1224781,Lee2019_MI,Q15-E007,BROAD_EEGNET,20260924,0.9364185929298401,0.06358138471841812,1
s18_1_offline_train_t072,18,1,offline_train,2,session1/s18/sess01_subj18_EEG_MI.mat,8ef8fd343531e428188af60cf0b23d14eb20b9f533d418a12331dd80ec7b1013,1235564,Lee2019_MI,Q15-E007,BROAD_EEGNET,20260924,0.12584622204303741,0.8741537928581238,2
s18_1_offline_train_t073,18,1,offline_train,2,session1/s18/sess01_subj18_EEG_MI.mat,8ef8fd343531e428188af60cf0b23d14eb20b9f533d418a12331dd80ec7b1013,1246898,Lee2019_MI,Q15-E007,BROAD_EEGNET,20260924,0.2548142075538635,0.7451857924461365,2
s18_1_offline_train_t074,18,1,offline_train,2,session1/s18/sess01_subj18_EEG_MI.mat,8ef8fd343531e428188af60cf0b23d14eb20b9f533d418a12331dd80ec7b1013,1257664,Lee2019_MI,Q15-E007,BROAD_EEGNET,20260924,0.5323802828788757,0.46761971712112427,1
s18_1_offline_train_t075,18,1,offline_train,1,session1/s18/sess01_subj18_EEG_MI.mat,8ef8fd343531e428188af60cf0b23d14eb20b9f533d418a12331dd80ec7b1013,1269180,Lee2019_MI,Q15-E007,BROAD_EEGNET,20260924,0.9579096436500549,0.04209036007523537,1
s18_1_offline_train_t076,18,1,offline_train,2,session1/s18/sess01_subj18_EEG_MI.mat,8ef8fd343531e428188af60cf0b23d14eb20b9f533d418a12331dd80ec7b1013,1280047,Lee2019_MI,Q15-E007,BROAD_EEGNET,20260924,0.4895486533641815,0.5104513764381409,2
s18_1_offline_train_t077,18,1,offline_train,1,session1/s18/sess01_subj18_EEG_MI.mat,8ef8fd343531e428188af60cf0b23d14eb20b9f533d418a12331dd80ec7b1013,1290830,Lee2019_MI,Q15-E007,BROAD_EEGNET,20260924,0.8376948833465576,0.1623051017522812,1
s18_1_offline_train_t078,18,1,offline_train,1,session1/s18/sess01_subj18_EEG_MI.mat,8ef8fd343531e428188af60cf0b23d14eb20b9f533d418a12331dd80ec7b1013,1301596,Lee2019_MI,Q15-E007,BROAD_EEGNET,20260924,0.6905906796455383,0.30940935015678406,1
s18_1_offline_train_t079,18,1,offline_train,2,session1/s18/sess01_subj18_EEG_MI.mat,8ef8fd343531e428188af60cf0b23d14eb20b9f533d418a12331dd80ec7b1013,1312746,Lee2019_MI,Q15-E007,BROAD_EEGNET,20260924,0.5225585699081421,0.4774414300918579,1
s18_1_offline_train_t080,18,1,offline_train,2,session1/s18/sess01_subj18_EEG_MI.mat,8ef8fd343531e428188af60cf0b23d14eb20b9f533d418a12331dd80ec7b1013,1323796,Lee2019_MI,Q15-E007,BROAD_EEGNET,20260924,0.14898976683616638,0.851010262966156,2
s18_1_offline_train_t081,18,1,offline_train,2,session1/s18/sess01_subj18_EEG_MI.mat,8ef8fd343531e428188af60cf0b23d14eb20b9f533d418a12331dd80ec7b1013,1334662,Lee2019_MI,Q15-E007,BROAD_EEGNET,20260924,0.32508254051208496,0.6749173998832703,2
s18_1_offline_train_t082,18,1,offline_train,1,session1/s18/sess01_subj18_EEG_MI.mat,8ef8fd343531e428188af60cf0b23d14eb20b9f533d418a12331dd80ec7b1013,1346079,Lee2019_MI,Q15-E007,BROAD_EEGNET,20260924,0.9645669460296631,0.035433076322078705,1
s18_1_offline_train_t083,18,1,offline_train,2,session1/s18/sess01_subj18_EEG_MI.mat,8ef8fd343531e428188af60cf0b23d14eb20b9f533d418a12331dd80ec7b1013,1357229,Lee2019_MI,Q15-E007,BROAD_EEGNET,20260924,0.4891507625579834,0.5108492970466614,2
s18_1_offline_train_t084,18,1,offline_train,2,session1/s18/sess01_subj18_EEG_MI.mat,8ef8fd343531e428188af60cf0b23d14eb20b9f533d418a12331dd80ec7b1013,1368378,Lee2019_MI,Q15-E007,BROAD_EEGNET,20260924,0.15345065295696259,0.8465493321418762,2
s18_1_offline_train_t085,18,1,offline_train,1,session1/s18/sess01_subj18_EEG_MI.mat,8ef8fd343531e428188af60cf0b23d14eb20b9f533d418a12331dd80ec7b1013,1379894,Lee2019_MI,Q15-E007,BROAD_EEGNET,20260924,0.8357680439949036,0.16423194110393524,1
s18_1_offline_train_t086,18,1,offline_train,2,session1/s18/sess01_subj18_EEG_MI.mat,8ef8fd343531e428188af60cf0b23d14eb20b9f533d418a12331dd80ec7b1013,1390761,Lee2019_MI,Q15-E007,BROAD_EEGNET,20260924,0.2798735797405243,0.7201263904571533,2
s18_1_offline_train_t087,18,1,offline_train,1,session1/s18/sess01_subj18_EEG_MI.mat,8ef8fd343531e428188af60cf0b23d14eb20b9f533d418a12331dd80ec7b1013,1402094,Lee2019_MI,Q15-E007,BROAD_EEGNET,20260924,0.913436770439148,0.08656323701143265,1
s18_1_offline_train_t088,18,1,offline_train,2,session1/s18/sess01_subj18_EEG_MI.mat,8ef8fd343531e428188af60cf0b23d14eb20b9f533d418a12331dd80ec7b1013,1413428,Lee2019_MI,Q15-E007,BROAD_EEGNET,20260924,0.6476086378097534,0.35239142179489136,1
s18_1_offline_train_t089,18,1,offline_train,2,session1/s18/sess01_subj18_EEG_MI.mat,8ef8fd343531e428188af60cf0b23d14eb20b9f533d418a12331dd80ec7b1013,1424377,Lee2019_MI,Q15-E007,BROAD_EEGNET,20260924,0.15324799716472626,0.8467520475387573,2
s18_1_offline_train_t090,18,1,offline_train,2,session1/s18/sess01_subj18_EEG_MI.mat,8ef8fd343531e428188af60cf0b23d14eb20b9f533d418a12331dd80ec7b1013,1435527,Lee2019_MI,Q15-E007,BROAD_EEGNET,20260924,0.44378605484962463,0.5562139749526978,2
s18_1_offline_train_t091,18,1,offline_train,2,session1/s18/sess01_subj18_EEG_MI.mat,8ef8fd343531e428188af60cf0b23d14eb20b9f533d418a12331dd80ec7b1013,1446110,Lee2019_MI,Q15-E007,BROAD_EEGNET,20260924,0.23693956434726715,0.763060450553894,2
s18_1_offline_train_t092,18,1,offline_train,2,session1/s18/sess01_subj18_EEG_MI.mat,8ef8fd343531e428188af60cf0b23d14eb20b9f533d418a12331dd80ec7b1013,1456710,Lee2019_MI,Q15-E007,BROAD_EEGNET,20260924,0.6971884965896606,0.30281147360801697,1
s18_1_offline_train_t093,18,1,offline_train,1,session1/s18/sess01_subj18_EEG_MI.mat,8ef8fd343531e428188af60cf0b23d14eb20b9f533d418a12331dd80ec7b1013,1467760,Lee2019_MI,Q15-E007,BROAD_EEGNET,20260924,0.8612793684005737,0.13872060179710388,1
s18_1_offline_train_t094,18,1,offline_train,2,session1/s18/sess01_subj18_EEG_MI.mat,8ef8fd343531e428188af60cf0b23d14eb20b9f533d418a12331dd80ec7b1013,1479093,Lee2019_MI,Q15-E007,BROAD_EEGNET,20260924,0.11050784587860107,0.8894920945167542,2
s18_1_offline_train_t095,18,1,offline_train,1,session1/s18/sess01_subj18_EEG_MI.mat,8ef8fd343531e428188af60cf0b23d14eb20b9f533d418a12331dd80ec7b1013,1490610,Lee2019_MI,Q15-E007,BROAD_EEGNET,20260924,0.9127194285392761,0.08728054165840149,1
s18_1_offline_train_t096,18,1,offline_train,1,session1/s18/sess01_subj18_EEG_MI.mat,8ef8fd343531e428188af60cf0b23d14eb20b9f533d418a12331dd80ec7b1013,1501276,Lee2019_MI,Q15-E007,BROAD_EEGNET,20260924,0.7842022776603699,0.21579767763614655,1
s18_1_offline_train_t097,18,1,offline_train,2,session1/s18/sess01_subj18_EEG_MI.mat,8ef8fd343531e428188af60cf0b23d14eb20b9f533d418a12331dd80ec7b1013,1512426,Lee2019_MI,Q15-E007,BROAD_EEGNET,20260924,0.6098264455795288,0.3901735544204712,1
s18_1_offline_train_t098,18,1,offline_train,1,session1/s18/sess01_subj18_EEG_MI.mat,8ef8fd343531e428188af60cf0b23d14eb20b9f533d418a12331dd80ec7b1013,1523475,Lee2019_MI,Q15-E007,BROAD_EEGNET,20260924,0.8544553518295288,0.14554463326931,1
s18_1_offline_train_t099,18,1,offline_train,2,session1/s18/sess01_subj18_EEG_MI.mat,8ef8fd343531e428188af60cf0b23d14eb20b9f533d418a12331dd80ec7b1013,1534075,Lee2019_MI,Q15-E007,BROAD_EEGNET,20260924,0.04960021749138832,0.9503998160362244,2
s18_1_offline_train_t100,18,1,offline_train,2,session1/s18/sess01_subj18_EEG_MI.mat,8ef8fd343531e428188af60cf0b23d14eb20b9f533d418a12331dd80ec7b1013,1544942,Lee2019_MI,Q15-E007,BROAD_EEGNET,20260924,0.5399707555770874,0.4600292444229126,1
s18_2_offline_train_t001,18,2,offline_train,1,session2/s18/sess02_subj18_EEG_MI.mat,b7af668a0ed7aa4c80cd9e96b07f2dabd325720ba0782f19e2f993d2e1d4a3eb,180852,Lee2019_MI,Q15-E007,BROAD_EEGNET,20260924,0.5319883823394775,0.46801164746284485,1
s18_2_offline_train_t002,18,2,offline_train,2,session2/s18/sess02_subj18_EEG_MI.mat,b7af668a0ed7aa4c80cd9e96b07f2dabd325720ba0782f19e2f993d2e1d4a3eb,192404,Lee2019_MI,Q15-E007,BROAD_EEGNET,20260924,0.5032797455787659,0.4967202842235565,1
s18_2_offline_train_t003,18,2,offline_train,1,session2/s18/sess02_subj18_EEG_MI.mat,b7af668a0ed7aa4c80cd9e96b07f2dabd325720ba0782f19e2f993d2e1d4a3eb,203070,Lee2019_MI,Q15-E007,BROAD_EEGNET,20260924,0.3673650920391083,0.6326348781585693,2
s18_2_offline_train_t004,18,2,offline_train,1,session2/s18/sess02_subj18_EEG_MI.mat,b7af668a0ed7aa4c80cd9e96b07f2dabd325720ba0782f19e2f993d2e1d4a3eb,214503,Lee2019_MI,Q15-E007,BROAD_EEGNET,20260924,0.4547438323497772,0.5452561378479004,2
s18_2_offline_train_t005,18,2,offline_train,2,session2/s18/sess02_subj18_EEG_MI.mat,b7af668a0ed7aa4c80cd9e96b07f2dabd325720ba0782f19e2f993d2e1d4a3eb,225653,Lee2019_MI,Q15-E007,BROAD_EEGNET,20260924,0.6023179292678833,0.3976821303367615,1
s18_2_offline_train_t006,18,2,offline_train,2,session2/s18/sess02_subj18_EEG_MI.mat,b7af668a0ed7aa4c80cd9e96b07f2dabd325720ba0782f19e2f993d2e1d4a3eb,236336,Lee2019_MI,Q15-E007,BROAD_EEGNET,20260924,0.23194192349910736,0.7680581212043762,2
s18_2_offline_train_t007,18,2,offline_train,1,session2/s18/sess02_subj18_EEG_MI.mat,b7af668a0ed7aa4c80cd9e96b07f2dabd325720ba0782f19e2f993d2e1d4a3eb,247202,Lee2019_MI,Q15-E007,BROAD_EEGNET,20260924,0.6162593364715576,0.38374063372612,1
s18_2_offline_train_t008,18,2,offline_train,2,session2/s18/sess02_subj18_EEG_MI.mat,b7af668a0ed7aa4c80cd9e96b07f2dabd325720ba0782f19e2f993d2e1d4a3eb,258335,Lee2019_MI,Q15-E007,BROAD_EEGNET,20260924,0.5070838332176208,0.49291613698005676,1
s18_2_offline_train_t009,18,2,offline_train,1,session2/s18/sess02_subj18_EEG_MI.mat,b7af668a0ed7aa4c80cd9e96b07f2dabd325720ba0782f19e2f993d2e1d4a3eb,269852,Lee2019_MI,Q15-E007,BROAD_EEGNET,20260924,0.525794267654419,0.47420573234558105,1
s18_2_offline_train_t010,18,2,offline_train,1,session2/s18/sess02_subj18_EEG_MI.mat,b7af668a0ed7aa4c80cd9e96b07f2dabd325720ba0782f19e2f993d2e1d4a3eb,281368,Lee2019_MI,Q15-E007,BROAD_EEGNET,20260924,0.473432719707489,0.5265672206878662,2
s18_2_offline_train_t011,18,2,offline_train,2,session2/s18/sess02_subj18_EEG_MI.mat,b7af668a0ed7aa4c80cd9e96b07f2dabd325720ba0782f19e2f993d2e1d4a3eb,292052,Lee2019_MI,Q15-E007,BROAD_EEGNET,20260924,0.4555082321166992,0.5444917678833008,2
s18_2_offline_train_t012,18,2,offline_train,2,session2/s18/sess02_subj18_EEG_MI.mat,b7af668a0ed7aa4c80cd9e96b07f2dabd325720ba0782f19e2f993d2e1d4a3eb,303568,Lee2019_MI,Q15-E007,BROAD_EEGNET,20260924,0.3631342351436615,0.6368657350540161,2
s18_2_offline_train_t013,18,2,offline_train,1,session2/s18/sess02_subj18_EEG_MI.mat,b7af668a0ed7aa4c80cd9e96b07f2dabd325720ba0782f19e2f993d2e1d4a3eb,315084,Lee2019_MI,Q15-E007,BROAD_EEGNET,20260924,0.5301450490951538,0.4698549807071686,1
s18_2_offline_train_t014,18,2,offline_train,1,session2/s18/sess02_subj18_EEG_MI.mat,b7af668a0ed7aa4c80cd9e96b07f2dabd325720ba0782f19e2f993d2e1d4a3eb,326134,Lee2019_MI,Q15-E007,BROAD_EEGNET,20260924,0.3857441246509552,0.6142558455467224,2
s18_2_offline_train_t015,18,2,offline_train,2,session2/s18/sess02_subj18_EEG_MI.mat,b7af668a0ed7aa4c80cd9e96b07f2dabd325720ba0782f19e2f993d2e1d4a3eb,337467,Lee2019_MI,Q15-E007,BROAD_EEGNET,20260924,0.19197171926498413,0.8080282807350159,2
s18_2_offline_train_t016,18,2,offline_train,1,session2/s18/sess02_subj18_EEG_MI.mat,b7af668a0ed7aa4c80cd9e96b07f2dabd325720ba0782f19e2f993d2e1d4a3eb,348151,Lee2019_MI,Q15-E007,BROAD_EEGNET,20260924,0.40860429406166077,0.5913956761360168,2
s18_2_offline_train_t017,18,2,offline_train,1,session2/s18/sess02_subj18_EEG_MI.mat,b7af668a0ed7aa4c80cd9e96b07f2dabd325720ba0782f19e2f993d2e1d4a3eb,359117,Lee2019_MI,Q15-E007,BROAD_EEGNET,20260924,0.3717394769191742,0.6282604932785034,2
s18_2_offline_train_t018,18,2,offline_train,1,session2/s18/sess02_subj18_EEG_MI.mat,b7af668a0ed7aa4c80cd9e96b07f2dabd325720ba0782f19e2f993d2e1d4a3eb,370634,Lee2019_MI,Q15-E007,BROAD_EEGNET,20260924,0.2611284554004669,0.7388715147972107,2
s18_2_offline_train_t019,18,2,offline_train,1,session2/s18/sess02_subj18_EEG_MI.mat,b7af668a0ed7aa4c80cd9e96b07f2dabd325720ba0782f19e2f993d2e1d4a3eb,381967,Lee2019_MI,Q15-E007,BROAD_EEGNET,20260924,0.2826685607433319,0.7173314690589905,2
s18_2_offline_train_t020,18,2,offline_train,2,session2/s18/sess02_subj18_EEG_MI.mat,b7af668a0ed7aa4c80cd9e96b07f2dabd325720ba0782f19e2f993d2e1d4a3eb,393483,Lee2019_MI,Q15-E007,BROAD_EEGNET,20260924,0.28173187375068665,0.7182681560516357,2
s18_2_offline_train_t021,18,2,offline_train,2,session2/s18/sess02_subj18_EEG_MI.mat,b7af668a0ed7aa4c80cd9e96b07f2dabd325720ba0782f19e2f993d2e1d4a3eb,404716,Lee2019_MI,Q15-E007,BROAD_EEGNET,20260924,0.25133660435676575,0.7486634254455566,2
s18_2_offline_train_t022,18,2,offline_train,1,session2/s18/sess02_subj18_EEG_MI.mat,b7af668a0ed7aa4c80cd9e96b07f2dabd325720ba0782f19e2f993d2e1d4a3eb,415299,Lee2019_MI,Q15-E007,BROAD_EEGNET,20260924,0.4684886634349823,0.5315113663673401,2
s18_2_offline_train_t023,18,2,offline_train,2,session2/s18/sess02_subj18_EEG_MI.mat,b7af668a0ed7aa4c80cd9e96b07f2dabd325720ba0782f19e2f993d2e1d4a3eb,426731,Lee2019_MI,Q15-E007,BROAD_EEGNET,20260924,0.30396485328674316,0.6960351467132568,2
s18_2_offline_train_t024,18,2,offline_train,2,session2/s18/sess02_subj18_EEG_MI.mat,b7af668a0ed7aa4c80cd9e96b07f2dabd325720ba0782f19e2f993d2e1d4a3eb,438249,Lee2019_MI,Q15-E007,BROAD_EEGNET,20260924,0.30446866154670715,0.6955313682556152,2
s18_2_offline_train_t025,18,2,offline_train,2,session2/s18/sess02_subj18_EEG_MI.mat,b7af668a0ed7aa4c80cd9e96b07f2dabd325720ba0782f19e2f993d2e1d4a3eb,449482,Lee2019_MI,Q15-E007,BROAD_EEGNET,20260924,0.610699474811554,0.38930055499076843,1
s18_2_offline_train_t026,18,2,offline_train,1,session2/s18/sess02_subj18_EEG_MI.mat,b7af668a0ed7aa4c80cd9e96b07f2dabd325720ba0782f19e2f993d2e1d4a3eb,460815,Lee2019_MI,Q15-E007,BROAD_EEGNET,20260924,0.7368032932281494,0.2631966769695282,1
s18_2_offline_train_t027,18,2,offline_train,2,session2/s18/sess02_subj18_EEG_MI.mat,b7af668a0ed7aa4c80cd9e96b07f2dabd325720ba0782f19e2f993d2e1d4a3eb,472148,Lee2019_MI,Q15-E007,BROAD_EEGNET,20260924,0.34217432141304016,0.6578256487846375,2
s18_2_offline_train_t028,18,2,offline_train,1,session2/s18/sess02_subj18_EEG_MI.mat,b7af668a0ed7aa4c80cd9e96b07f2dabd325720ba0782f19e2f993d2e1d4a3eb,483098,Lee2019_MI,Q15-E007,BROAD_EEGNET,20260924,0.4276357591152191,0.5723642110824585,2
s18_2_offline_train_t029,18,2,offline_train,1,session2/s18/sess02_subj18_EEG_MI.mat,b7af668a0ed7aa4c80cd9e96b07f2dabd325720ba0782f19e2f993d2e1d4a3eb,494348,Lee2019_MI,Q15-E007,BROAD_EEGNET,20260924,0.8445923924446106,0.1554076224565506,1
s18_2_offline_train_t030,18,2,offline_train,2,session2/s18/sess02_subj18_EEG_MI.mat,b7af668a0ed7aa4c80cd9e96b07f2dabd325720ba0782f19e2f993d2e1d4a3eb,505115,Lee2019_MI,Q15-E007,BROAD_EEGNET,20260924,0.3775271773338318,0.6224728226661682,2
s18_2_offline_train_t031,18,2,offline_train,1,session2/s18/sess02_subj18_EEG_MI.mat,b7af668a0ed7aa4c80cd9e96b07f2dabd325720ba0782f19e2f993d2e1d4a3eb,516348,Lee2019_MI,Q15-E007,BROAD_EEGNET,20260924,0.4965983033180237,0.5034016966819763,2
s18_2_offline_train_t032,18,2,offline_train,2,session2/s18/sess02_subj18_EEG_MI.mat,b7af668a0ed7aa4c80cd9e96b07f2dabd325720ba0782f19e2f993d2e1d4a3eb,526948,Lee2019_MI,Q15-E007,BROAD_EEGNET,20260924,0.26310813426971436,0.7368919253349304,2
s18_2_offline_train_t033,18,2,offline_train,1,session2/s18/sess02_subj18_EEG_MI.mat,b7af668a0ed7aa4c80cd9e96b07f2dabd325720ba0782f19e2f993d2e1d4a3eb,537813,Lee2019_MI,Q15-E007,BROAD_EEGNET,20260924,0.7063823938369751,0.2936176061630249,1
s18_2_offline_train_t034,18,2,offline_train,2,session2/s18/sess02_subj18_EEG_MI.mat,b7af668a0ed7aa4c80cd9e96b07f2dabd325720ba0782f19e2f993d2e1d4a3eb,548397,Lee2019_MI,Q15-E007,BROAD_EEGNET,20260924,0.46549245715141296,0.5345075726509094,2
s18_2_offline_train_t035,18,2,offline_train,2,session2/s18/sess02_subj18_EEG_MI.mat,b7af668a0ed7aa4c80cd9e96b07f2dabd325720ba0782f19e2f993d2e1d4a3eb,559080,Lee2019_MI,Q15-E007,BROAD_EEGNET,20260924,0.32604923844337463,0.6739507913589478,2
s18_2_offline_train_t036,18,2,offline_train,1,session2/s18/sess02_subj18_EEG_MI.mat,b7af668a0ed7aa4c80cd9e96b07f2dabd325720ba0782f19e2f993d2e1d4a3eb,570413,Lee2019_MI,Q15-E007,BROAD_EEGNET,20260924,0.6188174486160278,0.3811824917793274,1
s18_2_offline_train_t037,18,2,offline_train,1,session2/s18/sess02_subj18_EEG_MI.mat,b7af668a0ed7aa4c80cd9e96b07f2dabd325720ba0782f19e2f993d2e1d4a3eb,581646,Lee2019_MI,Q15-E007,BROAD_EEGNET,20260924,0.5223616361618042,0.4776383638381958,1
s18_2_offline_train_t038,18,2,offline_train,2,session2/s18/sess02_subj18_EEG_MI.mat,b7af668a0ed7aa4c80cd9e96b07f2dabd325720ba0782f19e2f993d2e1d4a3eb,592513,Lee2019_MI,Q15-E007,BROAD_EEGNET,20260924,0.3686108887195587,0.6313891410827637,2
s18_2_offline_train_t039,18,2,offline_train,1,session2/s18/sess02_subj18_EEG_MI.mat,b7af668a0ed7aa4c80cd9e96b07f2dabd325720ba0782f19e2f993d2e1d4a3eb,604029,Lee2019_MI,Q15-E007,BROAD_EEGNET,20260924,0.4761195182800293,0.5238804817199707,2
s18_2_offline_train_t040,18,2,offline_train,1,session2/s18/sess02_subj18_EEG_MI.mat,b7af668a0ed7aa4c80cd9e96b07f2dabd325720ba0782f19e2f993d2e1d4a3eb,614612,Lee2019_MI,Q15-E007,BROAD_EEGNET,20260924,0.6767118573188782,0.3232881426811218,1
s18_2_offline_train_t041,18,2,offline_train,1,session2/s18/sess02_subj18_EEG_MI.mat,b7af668a0ed7aa4c80cd9e96b07f2dabd325720ba0782f19e2f993d2e1d4a3eb,625579,Lee2019_MI,Q15-E007,BROAD_EEGNET,20260924,0.42538967728614807,0.5746102929115295,2
s18_2_offline_train_t042,18,2,offline_train,1,session2/s18/sess02_subj18_EEG_MI.mat,b7af668a0ed7aa4c80cd9e96b07f2dabd325720ba0782f19e2f993d2e1d4a3eb,636545,Lee2019_MI,Q15-E007,BROAD_EEGNET,20260924,0.37931978702545166,0.6206801533699036,2
s18_2_offline_train_t043,18,2,offline_train,2,session2/s18/sess02_subj18_EEG_MI.mat,b7af668a0ed7aa4c80cd9e96b07f2dabd325720ba0782f19e2f993d2e1d4a3eb,647879,Lee2019_MI,Q15-E007,BROAD_EEGNET,20260924,0.34174779057502747,0.6582521796226501,2
s18_2_offline_train_t044,18,2,offline_train,1,session2/s18/sess02_subj18_EEG_MI.mat,b7af668a0ed7aa4c80cd9e96b07f2dabd325720ba0782f19e2f993d2e1d4a3eb,659195,Lee2019_MI,Q15-E007,BROAD_EEGNET,20260924,0.6456143260002136,0.3543856739997864,1
s18_2_offline_train_t045,18,2,offline_train,2,session2/s18/sess02_subj18_EEG_MI.mat,b7af668a0ed7aa4c80cd9e96b07f2dabd325720ba0782f19e2f993d2e1d4a3eb,669978,Lee2019_MI,Q15-E007,BROAD_EEGNET,20260924,0.36068135499954224,0.639318585395813,2
s18_2_offline_train_t046,18,2,offline_train,1,session2/s18/sess02_subj18_EEG_MI.mat,b7af668a0ed7aa4c80cd9e96b07f2dabd325720ba0782f19e2f993d2e1d4a3eb,681028,Lee2019_MI,Q15-E007,BROAD_EEGNET,20260924,0.43193724751472473,0.5680627822875977,2
s18_2_offline_train_t047,18,2,offline_train,1,session2/s18/sess02_subj18_EEG_MI.mat,b7af668a0ed7aa4c80cd9e96b07f2dabd325720ba0782f19e2f993d2e1d4a3eb,691994,Lee2019_MI,Q15-E007,BROAD_EEGNET,20260924,0.49608123302459717,0.5039187669754028,2
s18_2_offline_train_t048,18,2,offline_train,1,session2/s18/sess02_subj18_EEG_MI.mat,b7af668a0ed7aa4c80cd9e96b07f2dabd325720ba0782f19e2f993d2e1d4a3eb,703227,Lee2019_MI,Q15-E007,BROAD_EEGNET,20260924,0.8432295918464661,0.15677040815353394,1
s18_2_offline_train_t049,18,2,offline_train,2,session2/s18/sess02_subj18_EEG_MI.mat,b7af668a0ed7aa4c80cd9e96b07f2dabd325720ba0782f19e2f993d2e1d4a3eb,714461,Lee2019_MI,Q15-E007,BROAD_EEGNET,20260924,0.3590962290763855,0.6409037709236145,2
s18_2_offline_train_t050,18,2,offline_train,1,session2/s18/sess02_subj18_EEG_MI.mat,b7af668a0ed7aa4c80cd9e96b07f2dabd325720ba0782f19e2f993d2e1d4a3eb,739177,Lee2019_MI,Q15-E007,BROAD_EEGNET,20260924,0.5304455161094666,0.46955445408821106,1
s18_2_offline_train_t051,18,2,offline_train,1,session2/s18/sess02_subj18_EEG_MI.mat,b7af668a0ed7aa4c80cd9e96b07f2dabd325720ba0782f19e2f993d2e1d4a3eb,750043,Lee2019_MI,Q15-E007,BROAD_EEGNET,20260924,0.40928328037261963,0.5907167792320251,2
s18_2_offline_train_t052,18,2,offline_train,1,session2/s18/sess02_subj18_EEG_MI.mat,b7af668a0ed7aa4c80cd9e96b07f2dabd325720ba0782f19e2f993d2e1d4a3eb,761276,Lee2019_MI,Q15-E007,BROAD_EEGNET,20260924,0.5305166244506836,0.4694834053516388,1
s18_2_offline_train_t053,18,2,offline_train,1,session2/s18/sess02_subj18_EEG_MI.mat,b7af668a0ed7aa4c80cd9e96b07f2dabd325720ba0782f19e2f993d2e1d4a3eb,772510,Lee2019_MI,Q15-E007,BROAD_EEGNET,20260924,0.5376827716827393,0.46231719851493835,1
s18_2_offline_train_t054,18,2,offline_train,2,session2/s18/sess02_subj18_EEG_MI.mat,b7af668a0ed7aa4c80cd9e96b07f2dabd325720ba0782f19e2f993d2e1d4a3eb,783193,Lee2019_MI,Q15-E007,BROAD_EEGNET,20260924,0.5367580056190491,0.4632419943809509,1
s18_2_offline_train_t055,18,2,offline_train,1,session2/s18/sess02_subj18_EEG_MI.mat,b7af668a0ed7aa4c80cd9e96b07f2dabd325720ba0782f19e2f993d2e1d4a3eb,793876,Lee2019_MI,Q15-E007,BROAD_EEGNET,20260924,0.7427298426628113,0.25727009773254395,1
s18_2_offline_train_t056,18,2,offline_train,1,session2/s18/sess02_subj18_EEG_MI.mat,b7af668a0ed7aa4c80cd9e96b07f2dabd325720ba0782f19e2f993d2e1d4a3eb,804926,Lee2019_MI,Q15-E007,BROAD_EEGNET,20260924,0.722023069858551,0.2779768705368042,1
s18_2_offline_train_t057,18,2,offline_train,2,session2/s18/sess02_subj18_EEG_MI.mat,b7af668a0ed7aa4c80cd9e96b07f2dabd325720ba0782f19e2f993d2e1d4a3eb,816442,Lee2019_MI,Q15-E007,BROAD_EEGNET,20260924,0.5782905220985413,0.42170944809913635,1
s18_2_offline_train_t058,18,2,offline_train,2,session2/s18/sess02_subj18_EEG_MI.mat,b7af668a0ed7aa4c80cd9e96b07f2dabd325720ba0782f19e2f993d2e1d4a3eb,827308,Lee2019_MI,Q15-E007,BROAD_EEGNET,20260924,0.3576808273792267,0.6423192024230957,2
s18_2_offline_train_t059,18,2,offline_train,1,session2/s18/sess02_subj18_EEG_MI.mat,b7af668a0ed7aa4c80cd9e96b07f2dabd325720ba0782f19e2f993d2e1d4a3eb,838458,Lee2019_MI,Q15-E007,BROAD_EEGNET,20260924,0.6242988705635071,0.3757011592388153,1
s18_2_offline_train_t060,18,2,offline_train,1,session2/s18/sess02_subj18_EEG_MI.mat,b7af668a0ed7aa4c80cd9e96b07f2dabd325720ba0782f19e2f993d2e1d4a3eb,849225,Lee2019_MI,Q15-E007,BROAD_EEGNET,20260924,0.5480401515960693,0.45195984840393066,1
s18_2_offline_train_t061,18,2,offline_train,2,session2/s18/sess02_subj18_EEG_MI.mat,b7af668a0ed7aa4c80cd9e96b07f2dabd325720ba0782f19e2f993d2e1d4a3eb,860558,Lee2019_MI,Q15-E007,BROAD_EEGNET,20260924,0.19117151200771332,0.8088285326957703,2
s18_2_offline_train_t062,18,2,offline_train,2,session2/s18/sess02_subj18_EEG_MI.mat,b7af668a0ed7aa4c80cd9e96b07f2dabd325720ba0782f19e2f993d2e1d4a3eb,871341,Lee2019_MI,Q15-E007,BROAD_EEGNET,20260924,0.2960425615310669,0.7039574384689331,2
s18_2_offline_train_t063,18,2,offline_train,1,session2/s18/sess02_subj18_EEG_MI.mat,b7af668a0ed7aa4c80cd9e96b07f2dabd325720ba0782f19e2f993d2e1d4a3eb,882391,Lee2019_MI,Q15-E007,BROAD_EEGNET,20260924,0.7035996913909912,0.2964003086090088,1
s18_2_offline_train_t064,18,2,offline_train,2,session2/s18/sess02_subj18_EEG_MI.mat,b7af668a0ed7aa4c80cd9e96b07f2dabd325720ba0782f19e2f993d2e1d4a3eb,893624,Lee2019_MI,Q15-E007,BROAD_EEGNET,20260924,0.41121092438697815,0.5887891054153442,2
s18_2_offline_train_t065,18,2,offline_train,2,session2/s18/sess02_subj18_EEG_MI.mat,b7af668a0ed7aa4c80cd9e96b07f2dabd325720ba0782f19e2f993d2e1d4a3eb,905057,Lee2019_MI,Q15-E007,BROAD_EEGNET,20260924,0.4315394163131714,0.5684605836868286,2
s18_2_offline_train_t066,18,2,offline_train,2,session2/s18/sess02_subj18_EEG_MI.mat,b7af668a0ed7aa4c80cd9e96b07f2dabd325720ba0782f19e2f993d2e1d4a3eb,916574,Lee2019_MI,Q15-E007,BROAD_EEGNET,20260924,0.4825480282306671,0.5174520015716553,2
s18_2_offline_train_t067,18,2,offline_train,2,session2/s18/sess02_subj18_EEG_MI.mat,b7af668a0ed7aa4c80cd9e96b07f2dabd325720ba0782f19e2f993d2e1d4a3eb,927707,Lee2019_MI,Q15-E007,BROAD_EEGNET,20260924,0.5709549188613892,0.42904502153396606,1
s18_2_offline_train_t068,18,2,offline_train,1,session2/s18/sess02_subj18_EEG_MI.mat,b7af668a0ed7aa4c80cd9e96b07f2dabd325720ba0782f19e2f993d2e1d4a3eb,938390,Lee2019_MI,Q15-E007,BROAD_EEGNET,20260924,0.7233428955078125,0.2766571044921875,1
s18_2_offline_train_t069,18,2,offline_train,1,session2/s18/sess02_subj18_EEG_MI.mat,b7af668a0ed7aa4c80cd9e96b07f2dabd325720ba0782f19e2f993d2e1d4a3eb,949073,Lee2019_MI,Q15-E007,BROAD_EEGNET,20260924,0.6029769778251648,0.3970230221748352,1
s18_2_offline_train_t070,18,2,offline_train,2,session2/s18/sess02_subj18_EEG_MI.mat,b7af668a0ed7aa4c80cd9e96b07f2dabd325720ba0782f19e2f993d2e1d4a3eb,959856,Lee2019_MI,Q15-E007,BROAD_EEGNET,20260924,0.473819375038147,0.526180624961853,2
s18_2_offline_train_t071,18,2,offline_train,1,session2/s18/sess02_subj18_EEG_MI.mat,b7af668a0ed7aa4c80cd9e96b07f2dabd325720ba0782f19e2f993d2e1d4a3eb,971273,Lee2019_MI,Q15-E007,BROAD_EEGNET,20260924,0.7192510366439819,0.28074899315834045,1
s18_2_offline_train_t072,18,2,offline_train,2,session2/s18/sess02_subj18_EEG_MI.mat,b7af668a0ed7aa4c80cd9e96b07f2dabd325720ba0782f19e2f993d2e1d4a3eb,982039,Lee2019_MI,Q15-E007,BROAD_EEGNET,20260924,0.265764981508255,0.7342350482940674,2
s18_2_offline_train_t073,18,2,offline_train,2,session2/s18/sess02_subj18_EEG_MI.mat,b7af668a0ed7aa4c80cd9e96b07f2dabd325720ba0782f19e2f993d2e1d4a3eb,993372,Lee2019_MI,Q15-E007,BROAD_EEGNET,20260924,0.36043092608451843,0.6395690441131592,2
s18_2_offline_train_t074,18,2,offline_train,2,session2/s18/sess02_subj18_EEG_MI.mat,b7af668a0ed7aa4c80cd9e96b07f2dabd325720ba0782f19e2f993d2e1d4a3eb,1004155,Lee2019_MI,Q15-E007,BROAD_EEGNET,20260924,0.22341015934944153,0.7765898704528809,2
s18_2_offline_train_t075,18,2,offline_train,1,session2/s18/sess02_subj18_EEG_MI.mat,b7af668a0ed7aa4c80cd9e96b07f2dabd325720ba0782f19e2f993d2e1d4a3eb,1015672,Lee2019_MI,Q15-E007,BROAD_EEGNET,20260924,0.7262498140335083,0.2737501561641693,1
s18_2_offline_train_t076,18,2,offline_train,2,session2/s18/sess02_subj18_EEG_MI.mat,b7af668a0ed7aa4c80cd9e96b07f2dabd325720ba0782f19e2f993d2e1d4a3eb,1026538,Lee2019_MI,Q15-E007,BROAD_EEGNET,20260924,0.444259911775589,0.5557400584220886,2
s18_2_offline_train_t077,18,2,offline_train,1,session2/s18/sess02_subj18_EEG_MI.mat,b7af668a0ed7aa4c80cd9e96b07f2dabd325720ba0782f19e2f993d2e1d4a3eb,1037305,Lee2019_MI,Q15-E007,BROAD_EEGNET,20260924,0.5191314816474915,0.48086848855018616,1
s18_2_offline_train_t078,18,2,offline_train,1,session2/s18/sess02_subj18_EEG_MI.mat,b7af668a0ed7aa4c80cd9e96b07f2dabd325720ba0782f19e2f993d2e1d4a3eb,1048088,Lee2019_MI,Q15-E007,BROAD_EEGNET,20260924,0.562992513179779,0.43700748682022095,1
s18_2_offline_train_t079,18,2,offline_train,2,session2/s18/sess02_subj18_EEG_MI.mat,b7af668a0ed7aa4c80cd9e96b07f2dabd325720ba0782f19e2f993d2e1d4a3eb,1059221,Lee2019_MI,Q15-E007,BROAD_EEGNET,20260924,0.34357407689094543,0.6564258933067322,2
s18_2_offline_train_t080,18,2,offline_train,2,session2/s18/sess02_subj18_EEG_MI.mat,b7af668a0ed7aa4c80cd9e96b07f2dabd325720ba0782f19e2f993d2e1d4a3eb,1070287,Lee2019_MI,Q15-E007,BROAD_EEGNET,20260924,0.24695031344890594,0.7530496716499329,2
s18_2_offline_train_t081,18,2,offline_train,2,session2/s18/sess02_subj18_EEG_MI.mat,b7af668a0ed7aa4c80cd9e96b07f2dabd325720ba0782f19e2f993d2e1d4a3eb,1081237,Lee2019_MI,Q15-E007,BROAD_EEGNET,20260924,0.32906705141067505,0.670932948589325,2
s18_2_offline_train_t082,18,2,offline_train,1,session2/s18/sess02_subj18_EEG_MI.mat,b7af668a0ed7aa4c80cd9e96b07f2dabd325720ba0782f19e2f993d2e1d4a3eb,1092670,Lee2019_MI,Q15-E007,BROAD_EEGNET,20260924,0.45811793208122253,0.5418820381164551,2
s18_2_offline_train_t083,18,2,offline_train,2,session2/s18/sess02_subj18_EEG_MI.mat,b7af668a0ed7aa4c80cd9e96b07f2dabd325720ba0782f19e2f993d2e1d4a3eb,1103803,Lee2019_MI,Q15-E007,BROAD_EEGNET,20260924,0.3605981767177582,0.6394018530845642,2
s18_2_offline_train_t084,18,2,offline_train,2,session2/s18/sess02_subj18_EEG_MI.mat,b7af668a0ed7aa4c80cd9e96b07f2dabd325720ba0782f19e2f993d2e1d4a3eb,1114953,Lee2019_MI,Q15-E007,BROAD_EEGNET,20260924,0.5719651579856873,0.42803481221199036,1
s18_2_offline_train_t085,18,2,offline_train,1,session2/s18/sess02_subj18_EEG_MI.mat,b7af668a0ed7aa4c80cd9e96b07f2dabd325720ba0782f19e2f993d2e1d4a3eb,1126386,Lee2019_MI,Q15-E007,BROAD_EEGNET,20260924,0.6599408388137817,0.3400591313838959,1
s18_2_offline_train_t086,18,2,offline_train,2,session2/s18/sess02_subj18_EEG_MI.mat,b7af668a0ed7aa4c80cd9e96b07f2dabd325720ba0782f19e2f993d2e1d4a3eb,1137253,Lee2019_MI,Q15-E007,BROAD_EEGNET,20260924,0.4445841610431671,0.5554158091545105,2
s18_2_offline_train_t087,18,2,offline_train,1,session2/s18/sess02_subj18_EEG_MI.mat,b7af668a0ed7aa4c80cd9e96b07f2dabd325720ba0782f19e2f993d2e1d4a3eb,1148569,Lee2019_MI,Q15-E007,BROAD_EEGNET,20260924,0.5530574917793274,0.4469425082206726,1
s18_2_offline_train_t088,18,2,offline_train,2,session2/s18/sess02_subj18_EEG_MI.mat,b7af668a0ed7aa4c80cd9e96b07f2dabd325720ba0782f19e2f993d2e1d4a3eb,1159902,Lee2019_MI,Q15-E007,BROAD_EEGNET,20260924,0.566813588142395,0.433186411857605,1
s18_2_offline_train_t089,18,2,offline_train,2,session2/s18/sess02_subj18_EEG_MI.mat,b7af668a0ed7aa4c80cd9e96b07f2dabd325720ba0782f19e2f993d2e1d4a3eb,1170869,Lee2019_MI,Q15-E007,BROAD_EEGNET,20260924,0.37630346417427063,0.623696506023407,2
s18_2_offline_train_t090,18,2,offline_train,2,session2/s18/sess02_subj18_EEG_MI.mat,b7af668a0ed7aa4c80cd9e96b07f2dabd325720ba0782f19e2f993d2e1d4a3eb,1182019,Lee2019_MI,Q15-E007,BROAD_EEGNET,20260924,0.3995579183101654,0.6004420518875122,2
s18_2_offline_train_t091,18,2,offline_train,2,session2/s18/sess02_subj18_EEG_MI.mat,b7af668a0ed7aa4c80cd9e96b07f2dabd325720ba0782f19e2f993d2e1d4a3eb,1192602,Lee2019_MI,Q15-E007,BROAD_EEGNET,20260924,0.2284269481897354,0.7715730667114258,2
s18_2_offline_train_t092,18,2,offline_train,2,session2/s18/sess02_subj18_EEG_MI.mat,b7af668a0ed7aa4c80cd9e96b07f2dabd325720ba0782f19e2f993d2e1d4a3eb,1203185,Lee2019_MI,Q15-E007,BROAD_EEGNET,20260924,0.3157885670661926,0.6842114329338074,2
s18_2_offline_train_t093,18,2,offline_train,1,session2/s18/sess02_subj18_EEG_MI.mat,b7af668a0ed7aa4c80cd9e96b07f2dabd325720ba0782f19e2f993d2e1d4a3eb,1214235,Lee2019_MI,Q15-E007,BROAD_EEGNET,20260924,0.5480395555496216,0.4519604444503784,1
s18_2_offline_train_t094,18,2,offline_train,2,session2/s18/sess02_subj18_EEG_MI.mat,b7af668a0ed7aa4c80cd9e96b07f2dabd325720ba0782f19e2f993d2e1d4a3eb,1225568,Lee2019_MI,Q15-E007,BROAD_EEGNET,20260924,0.4500919282436371,0.5499081015586853,2
s18_2_offline_train_t095,18,2,offline_train,1,session2/s18/sess02_subj18_EEG_MI.mat,b7af668a0ed7aa4c80cd9e96b07f2dabd325720ba0782f19e2f993d2e1d4a3eb,1237084,Lee2019_MI,Q15-E007,BROAD_EEGNET,20260924,0.5567095875740051,0.4432903826236725,1
s18_2_offline_train_t096,18,2,offline_train,1,session2/s18/sess02_subj18_EEG_MI.mat,b7af668a0ed7aa4c80cd9e96b07f2dabd325720ba0782f19e2f993d2e1d4a3eb,1247767,Lee2019_MI,Q15-E007,BROAD_EEGNET,20260924,0.4889318645000458,0.5110681653022766,2
s18_2_offline_train_t097,18,2,offline_train,2,session2/s18/sess02_subj18_EEG_MI.mat,b7af668a0ed7aa4c80cd9e96b07f2dabd325720ba0782f19e2f993d2e1d4a3eb,1258917,Lee2019_MI,Q15-E007,BROAD_EEGNET,20260924,0.511211097240448,0.4887889325618744,1
s18_2_offline_train_t098,18,2,offline_train,1,session2/s18/sess02_subj18_EEG_MI.mat,b7af668a0ed7aa4c80cd9e96b07f2dabd325720ba0782f19e2f993d2e1d4a3eb,1269967,Lee2019_MI,Q15-E007,BROAD_EEGNET,20260924,0.8304744958877563,0.16952554881572723,1
s18_2_offline_train_t099,18,2,offline_train,2,session2/s18/sess02_subj18_EEG_MI.mat,b7af668a0ed7aa4c80cd9e96b07f2dabd325720ba0782f19e2f993d2e1d4a3eb,1280550,Lee2019_MI,Q15-E007,BROAD_EEGNET,20260924,0.3550926446914673,0.6449073553085327,2
s18_2_offline_train_t100,18,2,offline_train,2,session2/s18/sess02_subj18_EEG_MI.mat,b7af668a0ed7aa4c80cd9e96b07f2dabd325720ba0782f19e2f993d2e1d4a3eb,1291417,Lee2019_MI,Q15-E007,BROAD_EEGNET,20260924,0.31581318378448486,0.6841868162155151,2
s18_1_offline_train_t001,18,1,offline_train,1,session1/s18/sess01_subj18_EEG_MI.mat,8ef8fd343531e428188af60cf0b23d14eb20b9f533d418a12331dd80ec7b1013,228583,Lee2019_MI,Q15-E007,BROAD_EEGNET,20260925,0.7582488059997559,0.24175117909908295,1
s18_1_offline_train_t002,18,1,offline_train,2,session1/s18/sess01_subj18_EEG_MI.mat,8ef8fd343531e428188af60cf0b23d14eb20b9f533d418a12331dd80ec7b1013,239999,Lee2019_MI,Q15-E007,BROAD_EEGNET,20260925,0.5950013995170593,0.4049985706806183,1
s18_1_offline_train_t003,18,1,offline_train,1,session1/s18/sess01_subj18_EEG_MI.mat,8ef8fd343531e428188af60cf0b23d14eb20b9f533d418a12331dd80ec7b1013,250683,Lee2019_MI,Q15-E007,BROAD_EEGNET,20260925,0.8529884815216064,0.14701147377490997,1
s18_1_offline_train_t004,18,1,offline_train,1,session1/s18/sess01_subj18_EEG_MI.mat,8ef8fd343531e428188af60cf0b23d14eb20b9f533d418a12331dd80ec7b1013,262099,Lee2019_MI,Q15-E007,BROAD_EEGNET,20260925,0.7208369374275208,0.27916303277015686,1
s18_1_offline_train_t005,18,1,offline_train,2,session1/s18/sess01_subj18_EEG_MI.mat,8ef8fd343531e428188af60cf0b23d14eb20b9f533d418a12331dd80ec7b1013,273249,Lee2019_MI,Q15-E007,BROAD_EEGNET,20260925,0.4836278259754181,0.5163721442222595,2
s18_1_offline_train_t006,18,1,offline_train,2,session1/s18/sess01_subj18_EEG_MI.mat,8ef8fd343531e428188af60cf0b23d14eb20b9f533d418a12331dd80ec7b1013,283932,Lee2019_MI,Q15-E007,BROAD_EEGNET,20260925,0.5971289277076721,0.4028710722923279,1
s18_1_offline_train_t007,18,1,offline_train,1,session1/s18/sess01_subj18_EEG_MI.mat,8ef8fd343531e428188af60cf0b23d14eb20b9f533d418a12331dd80ec7b1013,294798,Lee2019_MI,Q15-E007,BROAD_EEGNET,20260925,0.6283421516418457,0.3716578781604767,1
s18_1_offline_train_t008,18,1,offline_train,2,session1/s18/sess01_subj18_EEG_MI.mat,8ef8fd343531e428188af60cf0b23d14eb20b9f533d418a12331dd80ec7b1013,305948,Lee2019_MI,Q15-E007,BROAD_EEGNET,20260925,0.6833804845809937,0.31661951541900635,1
s18_1_offline_train_t009,18,1,offline_train,1,session1/s18/sess01_subj18_EEG_MI.mat,8ef8fd343531e428188af60cf0b23d14eb20b9f533d418a12331dd80ec7b1013,317464,Lee2019_MI,Q15-E007,BROAD_EEGNET,20260925,0.9285755157470703,0.07142451405525208,1
s18_1_offline_train_t010,18,1,offline_train,1,session1/s18/sess01_subj18_EEG_MI.mat,8ef8fd343531e428188af60cf0b23d14eb20b9f533d418a12331dd80ec7b1013,328980,Lee2019_MI,Q15-E007,BROAD_EEGNET,20260925,0.8379581570625305,0.1620417982339859,1
s18_1_offline_train_t011,18,1,offline_train,2,session1/s18/sess01_subj18_EEG_MI.mat,8ef8fd343531e428188af60cf0b23d14eb20b9f533d418a12331dd80ec7b1013,339664,Lee2019_MI,Q15-E007,BROAD_EEGNET,20260925,0.7887446284294128,0.21125540137290955,1
s18_1_offline_train_t012,18,1,offline_train,2,session1/s18/sess01_subj18_EEG_MI.mat,8ef8fd343531e428188af60cf0b23d14eb20b9f533d418a12331dd80ec7b1013,351181,Lee2019_MI,Q15-E007,BROAD_EEGNET,20260925,0.6019604802131653,0.39803948998451233,1
s18_1_offline_train_t013,18,1,offline_train,1,session1/s18/sess01_subj18_EEG_MI.mat,8ef8fd343531e428188af60cf0b23d14eb20b9f533d418a12331dd80ec7b1013,362697,Lee2019_MI,Q15-E007,BROAD_EEGNET,20260925,0.8962557911872864,0.10374423861503601,1
s18_1_offline_train_t014,18,1,offline_train,1,session1/s18/sess01_subj18_EEG_MI.mat,8ef8fd343531e428188af60cf0b23d14eb20b9f533d418a12331dd80ec7b1013,373747,Lee2019_MI,Q15-E007,BROAD_EEGNET,20260925,0.5925127863883972,0.4074872136116028,1
s18_1_offline_train_t015,18,1,offline_train,2,session1/s18/sess01_subj18_EEG_MI.mat,8ef8fd343531e428188af60cf0b23d14eb20b9f533d418a12331dd80ec7b1013,385080,Lee2019_MI,Q15-E007,BROAD_EEGNET,20260925,0.6159533262252808,0.38404664397239685,1
s18_1_offline_train_t016,18,1,offline_train,1,session1/s18/sess01_subj18_EEG_MI.mat,8ef8fd343531e428188af60cf0b23d14eb20b9f533d418a12331dd80ec7b1013,395763,Lee2019_MI,Q15-E007,BROAD_EEGNET,20260925,0.9574254751205444,0.04257446527481079,1
s18_1_offline_train_t017,18,1,offline_train,1,session1/s18/sess01_subj18_EEG_MI.mat,8ef8fd343531e428188af60cf0b23d14eb20b9f533d418a12331dd80ec7b1013,406713,Lee2019_MI,Q15-E007,BROAD_EEGNET,20260925,0.9073127508163452,0.09268723428249359,1
s18_1_offline_train_t018,18,1,offline_train,1,session1/s18/sess01_subj18_EEG_MI.mat,8ef8fd343531e428188af60cf0b23d14eb20b9f533d418a12331dd80ec7b1013,418146,Lee2019_MI,Q15-E007,BROAD_EEGNET,20260925,0.9822617769241333,0.017738178372383118,1
s18_1_offline_train_t019,18,1,offline_train,1,session1/s18/sess01_subj18_EEG_MI.mat,8ef8fd343531e428188af60cf0b23d14eb20b9f533d418a12331dd80ec7b1013,429479,Lee2019_MI,Q15-E007,BROAD_EEGNET,20260925,0.8686927556991577,0.1313072293996811,1
s18_1_offline_train_t020,18,1,offline_train,2,session1/s18/sess01_subj18_EEG_MI.mat,8ef8fd343531e428188af60cf0b23d14eb20b9f533d418a12331dd80ec7b1013,440996,Lee2019_MI,Q15-E007,BROAD_EEGNET,20260925,0.6254802346229553,0.3745197653770447,1
s18_1_offline_train_t021,18,1,offline_train,2,session1/s18/sess01_subj18_EEG_MI.mat,8ef8fd343531e428188af60cf0b23d14eb20b9f533d418a12331dd80ec7b1013,452229,Lee2019_MI,Q15-E007,BROAD_EEGNET,20260925,0.5325042605400085,0.46749576926231384,1
s18_1_offline_train_t022,18,1,offline_train,1,session1/s18/sess01_subj18_EEG_MI.mat,8ef8fd343531e428188af60cf0b23d14eb20b9f533d418a12331dd80ec7b1013,462812,Lee2019_MI,Q15-E007,BROAD_EEGNET,20260925,0.9587581157684326,0.041241902858018875,1
s18_1_offline_train_t023,18,1,offline_train,2,session1/s18/sess01_subj18_EEG_MI.mat,8ef8fd343531e428188af60cf0b23d14eb20b9f533d418a12331dd80ec7b1013,474245,Lee2019_MI,Q15-E007,BROAD_EEGNET,20260925,0.3223172426223755,0.6776827573776245,2
s18_1_offline_train_t024,18,1,offline_train,2,session1/s18/sess01_subj18_EEG_MI.mat,8ef8fd343531e428188af60cf0b23d14eb20b9f533d418a12331dd80ec7b1013,485762,Lee2019_MI,Q15-E007,BROAD_EEGNET,20260925,0.3408217132091522,0.6591783165931702,2
s18_1_offline_train_t025,18,1,offline_train,2,session1/s18/sess01_subj18_EEG_MI.mat,8ef8fd343531e428188af60cf0b23d14eb20b9f533d418a12331dd80ec7b1013,496995,Lee2019_MI,Q15-E007,BROAD_EEGNET,20260925,0.6179875731468201,0.38201236724853516,1
s18_1_offline_train_t026,18,1,offline_train,1,session1/s18/sess01_subj18_EEG_MI.mat,8ef8fd343531e428188af60cf0b23d14eb20b9f533d418a12331dd80ec7b1013,508328,Lee2019_MI,Q15-E007,BROAD_EEGNET,20260925,0.9107853174209595,0.08921466767787933,1
s18_1_offline_train_t027,18,1,offline_train,2,session1/s18/sess01_subj18_EEG_MI.mat,8ef8fd343531e428188af60cf0b23d14eb20b9f533d418a12331dd80ec7b1013,519661,Lee2019_MI,Q15-E007,BROAD_EEGNET,20260925,0.4444001317024231,0.5555998682975769,2
s18_1_offline_train_t028,18,1,offline_train,1,session1/s18/sess01_subj18_EEG_MI.mat,8ef8fd343531e428188af60cf0b23d14eb20b9f533d418a12331dd80ec7b1013,530611,Lee2019_MI,Q15-E007,BROAD_EEGNET,20260925,0.6197249889373779,0.38027501106262207,1
s18_1_offline_train_t029,18,1,offline_train,1,session1/s18/sess01_subj18_EEG_MI.mat,8ef8fd343531e428188af60cf0b23d14eb20b9f533d418a12331dd80ec7b1013,541861,Lee2019_MI,Q15-E007,BROAD_EEGNET,20260925,0.8039948344230652,0.19600512087345123,1
s18_1_offline_train_t030,18,1,offline_train,2,session1/s18/sess01_subj18_EEG_MI.mat,8ef8fd343531e428188af60cf0b23d14eb20b9f533d418a12331dd80ec7b1013,552627,Lee2019_MI,Q15-E007,BROAD_EEGNET,20260925,0.3626914918422699,0.6373085379600525,2
s18_1_offline_train_t031,18,1,offline_train,1,session1/s18/sess01_subj18_EEG_MI.mat,8ef8fd343531e428188af60cf0b23d14eb20b9f533d418a12331dd80ec7b1013,563860,Lee2019_MI,Q15-E007,BROAD_EEGNET,20260925,0.7780407071113586,0.22195924818515778,1
s18_1_offline_train_t032,18,1,offline_train,2,session1/s18/sess01_subj18_EEG_MI.mat,8ef8fd343531e428188af60cf0b23d14eb20b9f533d418a12331dd80ec7b1013,574460,Lee2019_MI,Q15-E007,BROAD_EEGNET,20260925,0.3107303977012634,0.6892696022987366,2
s18_1_offline_train_t033,18,1,offline_train,1,session1/s18/sess01_subj18_EEG_MI.mat,8ef8fd343531e428188af60cf0b23d14eb20b9f533d418a12331dd80ec7b1013,585326,Lee2019_MI,Q15-E007,BROAD_EEGNET,20260925,0.8788139820098877,0.12118605524301529,1
s18_1_offline_train_t034,18,1,offline_train,2,session1/s18/sess01_subj18_EEG_MI.mat,8ef8fd343531e428188af60cf0b23d14eb20b9f533d418a12331dd80ec7b1013,595909,Lee2019_MI,Q15-E007,BROAD_EEGNET,20260925,0.38197630643844604,0.6180236339569092,2
s18_1_offline_train_t035,18,1,offline_train,2,session1/s18/sess01_subj18_EEG_MI.mat,8ef8fd343531e428188af60cf0b23d14eb20b9f533d418a12331dd80ec7b1013,606593,Lee2019_MI,Q15-E007,BROAD_EEGNET,20260925,0.7113516926765442,0.2886482775211334,1
s18_1_offline_train_t036,18,1,offline_train,1,session1/s18/sess01_subj18_EEG_MI.mat,8ef8fd343531e428188af60cf0b23d14eb20b9f533d418a12331dd80ec7b1013,618009,Lee2019_MI,Q15-E007,BROAD_EEGNET,20260925,0.7962625622749329,0.20373742282390594,1
s18_1_offline_train_t037,18,1,offline_train,1,session1/s18/sess01_subj18_EEG_MI.mat,8ef8fd343531e428188af60cf0b23d14eb20b9f533d418a12331dd80ec7b1013,629259,Lee2019_MI,Q15-E007,BROAD_EEGNET,20260925,0.4265907108783722,0.5734092593193054,2
s18_1_offline_train_t038,18,1,offline_train,2,session1/s18/sess01_subj18_EEG_MI.mat,8ef8fd343531e428188af60cf0b23d14eb20b9f533d418a12331dd80ec7b1013,640125,Lee2019_MI,Q15-E007,BROAD_EEGNET,20260925,0.16918548941612244,0.8308145403862,2
s18_1_offline_train_t039,18,1,offline_train,1,session1/s18/sess01_subj18_EEG_MI.mat,8ef8fd343531e428188af60cf0b23d14eb20b9f533d418a12331dd80ec7b1013,651642,Lee2019_MI,Q15-E007,BROAD_EEGNET,20260925,0.6370031833648682,0.3629968464374542,1
s18_1_offline_train_t040,18,1,offline_train,1,session1/s18/sess01_subj18_EEG_MI.mat,8ef8fd343531e428188af60cf0b23d14eb20b9f533d418a12331dd80ec7b1013,662225,Lee2019_MI,Q15-E007,BROAD_EEGNET,20260925,0.7679543495178223,0.23204563558101654,1
s18_1_offline_train_t041,18,1,offline_train,1,session1/s18/sess01_subj18_EEG_MI.mat,8ef8fd343531e428188af60cf0b23d14eb20b9f533d418a12331dd80ec7b1013,673192,Lee2019_MI,Q15-E007,BROAD_EEGNET,20260925,0.7630937695503235,0.2369062602519989,1
s18_1_offline_train_t042,18,1,offline_train,1,session1/s18/sess01_subj18_EEG_MI.mat,8ef8fd343531e428188af60cf0b23d14eb20b9f533d418a12331dd80ec7b1013,684141,Lee2019_MI,Q15-E007,BROAD_EEGNET,20260925,0.6843592524528503,0.31564074754714966,1
s18_1_offline_train_t043,18,1,offline_train,2,session1/s18/sess01_subj18_EEG_MI.mat,8ef8fd343531e428188af60cf0b23d14eb20b9f533d418a12331dd80ec7b1013,695474,Lee2019_MI,Q15-E007,BROAD_EEGNET,20260925,0.4283783733844757,0.5716216564178467,2
s18_1_offline_train_t044,18,1,offline_train,1,session1/s18/sess01_subj18_EEG_MI.mat,8ef8fd343531e428188af60cf0b23d14eb20b9f533d418a12331dd80ec7b1013,706808,Lee2019_MI,Q15-E007,BROAD_EEGNET,20260925,0.3332434296607971,0.6667565703392029,2
s18_1_offline_train_t045,18,1,offline_train,2,session1/s18/sess01_subj18_EEG_MI.mat,8ef8fd343531e428188af60cf0b23d14eb20b9f533d418a12331dd80ec7b1013,717574,Lee2019_MI,Q15-E007,BROAD_EEGNET,20260925,0.297564834356308,0.7024351954460144,2
s18_1_offline_train_t046,18,1,offline_train,1,session1/s18/sess01_subj18_EEG_MI.mat,8ef8fd343531e428188af60cf0b23d14eb20b9f533d418a12331dd80ec7b1013,728624,Lee2019_MI,Q15-E007,BROAD_EEGNET,20260925,0.7965390682220459,0.20346088707447052,1
s18_1_offline_train_t047,18,1,offline_train,1,session1/s18/sess01_subj18_EEG_MI.mat,8ef8fd343531e428188af60cf0b23d14eb20b9f533d418a12331dd80ec7b1013,739590,Lee2019_MI,Q15-E007,BROAD_EEGNET,20260925,0.9767822623252869,0.023217706009745598,1
s18_1_offline_train_t048,18,1,offline_train,1,session1/s18/sess01_subj18_EEG_MI.mat,8ef8fd343531e428188af60cf0b23d14eb20b9f533d418a12331dd80ec7b1013,750823,Lee2019_MI,Q15-E007,BROAD_EEGNET,20260925,0.7110008597373962,0.28899914026260376,1
s18_1_offline_train_t049,18,1,offline_train,2,session1/s18/sess01_subj18_EEG_MI.mat,8ef8fd343531e428188af60cf0b23d14eb20b9f533d418a12331dd80ec7b1013,762073,Lee2019_MI,Q15-E007,BROAD_EEGNET,20260925,0.38462185859680176,0.6153781414031982,2
s18_1_offline_train_t050,18,1,offline_train,1,session1/s18/sess01_subj18_EEG_MI.mat,8ef8fd343531e428188af60cf0b23d14eb20b9f533d418a12331dd80ec7b1013,992769,Lee2019_MI,Q15-E007,BROAD_EEGNET,20260925,0.851312518119812,0.14868751168251038,1
s18_1_offline_train_t051,18,1,offline_train,1,session1/s18/sess01_subj18_EEG_MI.mat,8ef8fd343531e428188af60cf0b23d14eb20b9f533d418a12331dd80ec7b1013,1003635,Lee2019_MI,Q15-E007,BROAD_EEGNET,20260925,0.6041542291641235,0.39584580063819885,1
s18_1_offline_train_t052,18,1,offline_train,1,session1/s18/sess01_subj18_EEG_MI.mat,8ef8fd343531e428188af60cf0b23d14eb20b9f533d418a12331dd80ec7b1013,1014885,Lee2019_MI,Q15-E007,BROAD_EEGNET,20260925,0.5955725908279419,0.4044273793697357,1
s18_1_offline_train_t053,18,1,offline_train,1,session1/s18/sess01_subj18_EEG_MI.mat,8ef8fd343531e428188af60cf0b23d14eb20b9f533d418a12331dd80ec7b1013,1026118,Lee2019_MI,Q15-E007,BROAD_EEGNET,20260925,0.9292782545089722,0.07072169333696365,1
s18_1_offline_train_t054,18,1,offline_train,2,session1/s18/sess01_subj18_EEG_MI.mat,8ef8fd343531e428188af60cf0b23d14eb20b9f533d418a12331dd80ec7b1013,1036801,Lee2019_MI,Q15-E007,BROAD_EEGNET,20260925,0.27538734674453735,0.7246126532554626,2
s18_1_offline_train_t055,18,1,offline_train,1,session1/s18/sess01_subj18_EEG_MI.mat,8ef8fd343531e428188af60cf0b23d14eb20b9f533d418a12331dd80ec7b1013,1047484,Lee2019_MI,Q15-E007,BROAD_EEGNET,20260925,0.7733427286148071,0.22665724158287048,1
s18_1_offline_train_t056,18,1,offline_train,1,session1/s18/sess01_subj18_EEG_MI.mat,8ef8fd343531e428188af60cf0b23d14eb20b9f533d418a12331dd80ec7b1013,1058534,Lee2019_MI,Q15-E007,BROAD_EEGNET,20260925,0.7199420928955078,0.2800578773021698,1
s18_1_offline_train_t057,18,1,offline_train,2,session1/s18/sess01_subj18_EEG_MI.mat,8ef8fd343531e428188af60cf0b23d14eb20b9f533d418a12331dd80ec7b1013,1070051,Lee2019_MI,Q15-E007,BROAD_EEGNET,20260925,0.6883071064949036,0.31169286370277405,1
s18_1_offline_train_t058,18,1,offline_train,2,session1/s18/sess01_subj18_EEG_MI.mat,8ef8fd343531e428188af60cf0b23d14eb20b9f533d418a12331dd80ec7b1013,1080917,Lee2019_MI,Q15-E007,BROAD_EEGNET,20260925,0.5610582828521729,0.43894174695014954,1
s18_1_offline_train_t059,18,1,offline_train,1,session1/s18/sess01_subj18_EEG_MI.mat,8ef8fd343531e428188af60cf0b23d14eb20b9f533d418a12331dd80ec7b1013,1092067,Lee2019_MI,Q15-E007,BROAD_EEGNET,20260925,0.8377294540405273,0.16227053105831146,1
s18_1_offline_train_t060,18,1,offline_train,1,session1/s18/sess01_subj18_EEG_MI.mat,8ef8fd343531e428188af60cf0b23d14eb20b9f533d418a12331dd80ec7b1013,1102833,Lee2019_MI,Q15-E007,BROAD_EEGNET,20260925,0.9454108476638794,0.05458914116024971,1
s18_1_offline_train_t061,18,1,offline_train,2,session1/s18/sess01_subj18_EEG_MI.mat,8ef8fd343531e428188af60cf0b23d14eb20b9f533d418a12331dd80ec7b1013,1114167,Lee2019_MI,Q15-E007,BROAD_EEGNET,20260925,0.37930357456207275,0.6206964254379272,2
s18_1_offline_train_t062,18,1,offline_train,2,session1/s18/sess01_subj18_EEG_MI.mat,8ef8fd343531e428188af60cf0b23d14eb20b9f533d418a12331dd80ec7b1013,1124950,Lee2019_MI,Q15-E007,BROAD_EEGNET,20260925,0.3778049945831299,0.6221949458122253,2
s18_1_offline_train_t063,18,1,offline_train,1,session1/s18/sess01_subj18_EEG_MI.mat,8ef8fd343531e428188af60cf0b23d14eb20b9f533d418a12331dd80ec7b1013,1135999,Lee2019_MI,Q15-E007,BROAD_EEGNET,20260925,0.8923419713973999,0.1076580360531807,1
s18_1_offline_train_t064,18,1,offline_train,2,session1/s18/sess01_subj18_EEG_MI.mat,8ef8fd343531e428188af60cf0b23d14eb20b9f533d418a12331dd80ec7b1013,1147233,Lee2019_MI,Q15-E007,BROAD_EEGNET,20260925,0.5327610969543457,0.4672389030456543,1
s18_1_offline_train_t065,18,1,offline_train,2,session1/s18/sess01_subj18_EEG_MI.mat,8ef8fd343531e428188af60cf0b23d14eb20b9f533d418a12331dd80ec7b1013,1158649,Lee2019_MI,Q15-E007,BROAD_EEGNET,20260925,0.21229003369808197,0.7877100110054016,2
s18_1_offline_train_t066,18,1,offline_train,2,session1/s18/sess01_subj18_EEG_MI.mat,8ef8fd343531e428188af60cf0b23d14eb20b9f533d418a12331dd80ec7b1013,1170165,Lee2019_MI,Q15-E007,BROAD_EEGNET,20260925,0.49867576360702515,0.5013242363929749,2
s18_1_offline_train_t067,18,1,offline_train,2,session1/s18/sess01_subj18_EEG_MI.mat,8ef8fd343531e428188af60cf0b23d14eb20b9f533d418a12331dd80ec7b1013,1181232,Lee2019_MI,Q15-E007,BROAD_EEGNET,20260925,0.21990737318992615,0.7800926566123962,2
s18_1_offline_train_t068,18,1,offline_train,1,session1/s18/sess01_subj18_EEG_MI.mat,8ef8fd343531e428188af60cf0b23d14eb20b9f533d418a12331dd80ec7b1013,1191915,Lee2019_MI,Q15-E007,BROAD_EEGNET,20260925,0.7113019824028015,0.2886980175971985,1
s18_1_offline_train_t069,18,1,offline_train,1,session1/s18/sess01_subj18_EEG_MI.mat,8ef8fd343531e428188af60cf0b23d14eb20b9f533d418a12331dd80ec7b1013,1202581,Lee2019_MI,Q15-E007,BROAD_EEGNET,20260925,0.8337320685386658,0.16626793146133423,1
s18_1_offline_train_t070,18,1,offline_train,2,session1/s18/sess01_subj18_EEG_MI.mat,8ef8fd343531e428188af60cf0b23d14eb20b9f533d418a12331dd80ec7b1013,1213365,Lee2019_MI,Q15-E007,BROAD_EEGNET,20260925,0.5094199180603027,0.49058008193969727,1
s18_1_offline_train_t071,18,1,offline_train,1,session1/s18/sess01_subj18_EEG_MI.mat,8ef8fd343531e428188af60cf0b23d14eb20b9f533d418a12331dd80ec7b1013,1224781,Lee2019_MI,Q15-E007,BROAD_EEGNET,20260925,0.8697800040245056,0.1302199810743332,1
s18_1_offline_train_t072,18,1,offline_train,2,session1/s18/sess01_subj18_EEG_MI.mat,8ef8fd343531e428188af60cf0b23d14eb20b9f533d418a12331dd80ec7b1013,1235564,Lee2019_MI,Q15-E007,BROAD_EEGNET,20260925,0.24646788835525513,0.7535321116447449,2
s18_1_offline_train_t073,18,1,offline_train,2,session1/s18/sess01_subj18_EEG_MI.mat,8ef8fd343531e428188af60cf0b23d14eb20b9f533d418a12331dd80ec7b1013,1246898,Lee2019_MI,Q15-E007,BROAD_EEGNET,20260925,0.24619124829769135,0.7538087368011475,2
s18_1_offline_train_t074,18,1,offline_train,2,session1/s18/sess01_subj18_EEG_MI.mat,8ef8fd343531e428188af60cf0b23d14eb20b9f533d418a12331dd80ec7b1013,1257664,Lee2019_MI,Q15-E007,BROAD_EEGNET,20260925,0.545332670211792,0.4546672999858856,1
s18_1_offline_train_t075,18,1,offline_train,1,session1/s18/sess01_subj18_EEG_MI.mat,8ef8fd343531e428188af60cf0b23d14eb20b9f533d418a12331dd80ec7b1013,1269180,Lee2019_MI,Q15-E007,BROAD_EEGNET,20260925,0.9134846329689026,0.08651535958051682,1
s18_1_offline_train_t076,18,1,offline_train,2,session1/s18/sess01_subj18_EEG_MI.mat,8ef8fd343531e428188af60cf0b23d14eb20b9f533d418a12331dd80ec7b1013,1280047,Lee2019_MI,Q15-E007,BROAD_EEGNET,20260925,0.46400216221809387,0.5359978675842285,2
s18_1_offline_train_t077,18,1,offline_train,1,session1/s18/sess01_subj18_EEG_MI.mat,8ef8fd343531e428188af60cf0b23d14eb20b9f533d418a12331dd80ec7b1013,1290830,Lee2019_MI,Q15-E007,BROAD_EEGNET,20260925,0.8832234144210815,0.11677652597427368,1
s18_1_offline_train_t078,18,1,offline_train,1,session1/s18/sess01_subj18_EEG_MI.mat,8ef8fd343531e428188af60cf0b23d14eb20b9f533d418a12331dd80ec7b1013,1301596,Lee2019_MI,Q15-E007,BROAD_EEGNET,20260925,0.7664076089859009,0.23359236121177673,1
s18_1_offline_train_t079,18,1,offline_train,2,session1/s18/sess01_subj18_EEG_MI.mat,8ef8fd343531e428188af60cf0b23d14eb20b9f533d418a12331dd80ec7b1013,1312746,Lee2019_MI,Q15-E007,BROAD_EEGNET,20260925,0.3763710558414459,0.6236289143562317,2
s18_1_offline_train_t080,18,1,offline_train,2,session1/s18/sess01_subj18_EEG_MI.mat,8ef8fd343531e428188af60cf0b23d14eb20b9f533d418a12331dd80ec7b1013,1323796,Lee2019_MI,Q15-E007,BROAD_EEGNET,20260925,0.24129466712474823,0.7587053179740906,2
s18_1_offline_train_t081,18,1,offline_train,2,session1/s18/sess01_subj18_EEG_MI.mat,8ef8fd343531e428188af60cf0b23d14eb20b9f533d418a12331dd80ec7b1013,1334662,Lee2019_MI,Q15-E007,BROAD_EEGNET,20260925,0.36052191257476807,0.6394780874252319,2
s18_1_offline_train_t082,18,1,offline_train,1,session1/s18/sess01_subj18_EEG_MI.mat,8ef8fd343531e428188af60cf0b23d14eb20b9f533d418a12331dd80ec7b1013,1346079,Lee2019_MI,Q15-E007,BROAD_EEGNET,20260925,0.9670923352241516,0.032907675951719284,1
s18_1_offline_train_t083,18,1,offline_train,2,session1/s18/sess01_subj18_EEG_MI.mat,8ef8fd343531e428188af60cf0b23d14eb20b9f533d418a12331dd80ec7b1013,1357229,Lee2019_MI,Q15-E007,BROAD_EEGNET,20260925,0.5145708322525024,0.48542913794517517,1
s18_1_offline_train_t084,18,1,offline_train,2,session1/s18/sess01_subj18_EEG_MI.mat,8ef8fd343531e428188af60cf0b23d14eb20b9f533d418a12331dd80ec7b1013,1368378,Lee2019_MI,Q15-E007,BROAD_EEGNET,20260925,0.12646852433681488,0.8735314607620239,2
s18_1_offline_train_t085,18,1,offline_train,1,session1/s18/sess01_subj18_EEG_MI.mat,8ef8fd343531e428188af60cf0b23d14eb20b9f533d418a12331dd80ec7b1013,1379894,Lee2019_MI,Q15-E007,BROAD_EEGNET,20260925,0.8878583312034607,0.11214166134595871,1
s18_1_offline_train_t086,18,1,offline_train,2,session1/s18/sess01_subj18_EEG_MI.mat,8ef8fd343531e428188af60cf0b23d14eb20b9f533d418a12331dd80ec7b1013,1390761,Lee2019_MI,Q15-E007,BROAD_EEGNET,20260925,0.28601783514022827,0.7139821648597717,2
s18_1_offline_train_t087,18,1,offline_train,1,session1/s18/sess01_subj18_EEG_MI.mat,8ef8fd343531e428188af60cf0b23d14eb20b9f533d418a12331dd80ec7b1013,1402094,Lee2019_MI,Q15-E007,BROAD_EEGNET,20260925,0.898167610168457,0.10183241963386536,1
s18_1_offline_train_t088,18,1,offline_train,2,session1/s18/sess01_subj18_EEG_MI.mat,8ef8fd343531e428188af60cf0b23d14eb20b9f533d418a12331dd80ec7b1013,1413428,Lee2019_MI,Q15-E007,BROAD_EEGNET,20260925,0.5705034732818604,0.4294964671134949,1
s18_1_offline_train_t089,18,1,offline_train,2,session1/s18/sess01_subj18_EEG_MI.mat,8ef8fd343531e428188af60cf0b23d14eb20b9f533d418a12331dd80ec7b1013,1424377,Lee2019_MI,Q15-E007,BROAD_EEGNET,20260925,0.13967449963092804,0.8603255152702332,2
s18_1_offline_train_t090,18,1,offline_train,2,session1/s18/sess01_subj18_EEG_MI.mat,8ef8fd343531e428188af60cf0b23d14eb20b9f533d418a12331dd80ec7b1013,1435527,Lee2019_MI,Q15-E007,BROAD_EEGNET,20260925,0.5454444885253906,0.45455554127693176,1
s18_1_offline_train_t091,18,1,offline_train,2,session1/s18/sess01_subj18_EEG_MI.mat,8ef8fd343531e428188af60cf0b23d14eb20b9f533d418a12331dd80ec7b1013,1446110,Lee2019_MI,Q15-E007,BROAD_EEGNET,20260925,0.31619563698768616,0.6838043332099915,2
s18_1_offline_train_t092,18,1,offline_train,2,session1/s18/sess01_subj18_EEG_MI.mat,8ef8fd343531e428188af60cf0b23d14eb20b9f533d418a12331dd80ec7b1013,1456710,Lee2019_MI,Q15-E007,BROAD_EEGNET,20260925,0.7037577629089355,0.29624220728874207,1
s18_1_offline_train_t093,18,1,offline_train,1,session1/s18/sess01_subj18_EEG_MI.mat,8ef8fd343531e428188af60cf0b23d14eb20b9f533d418a12331dd80ec7b1013,1467760,Lee2019_MI,Q15-E007,BROAD_EEGNET,20260925,0.8343866467475891,0.16561336815357208,1
s18_1_offline_train_t094,18,1,offline_train,2,session1/s18/sess01_subj18_EEG_MI.mat,8ef8fd343531e428188af60cf0b23d14eb20b9f533d418a12331dd80ec7b1013,1479093,Lee2019_MI,Q15-E007,BROAD_EEGNET,20260925,0.16393855214118958,0.8360614776611328,2
s18_1_offline_train_t095,18,1,offline_train,1,session1/s18/sess01_subj18_EEG_MI.mat,8ef8fd343531e428188af60cf0b23d14eb20b9f533d418a12331dd80ec7b1013,1490610,Lee2019_MI,Q15-E007,BROAD_EEGNET,20260925,0.7922895550727844,0.20771047472953796,1
s18_1_offline_train_t096,18,1,offline_train,1,session1/s18/sess01_subj18_EEG_MI.mat,8ef8fd343531e428188af60cf0b23d14eb20b9f533d418a12331dd80ec7b1013,1501276,Lee2019_MI,Q15-E007,BROAD_EEGNET,20260925,0.7949618697166443,0.2050381600856781,1
s18_1_offline_train_t097,18,1,offline_train,2,session1/s18/sess01_subj18_EEG_MI.mat,8ef8fd343531e428188af60cf0b23d14eb20b9f533d418a12331dd80ec7b1013,1512426,Lee2019_MI,Q15-E007,BROAD_EEGNET,20260925,0.4278906285762787,0.5721093416213989,2
s18_1_offline_train_t098,18,1,offline_train,1,session1/s18/sess01_subj18_EEG_MI.mat,8ef8fd343531e428188af60cf0b23d14eb20b9f533d418a12331dd80ec7b1013,1523475,Lee2019_MI,Q15-E007,BROAD_EEGNET,20260925,0.8295451998710632,0.17045484483242035,1
s18_1_offline_train_t099,18,1,offline_train,2,session1/s18/sess01_subj18_EEG_MI.mat,8ef8fd343531e428188af60cf0b23d14eb20b9f533d418a12331dd80ec7b1013,1534075,Lee2019_MI,Q15-E007,BROAD_EEGNET,20260925,0.06574372947216034,0.9342563152313232,2
s18_1_offline_train_t100,18,1,offline_train,2,session1/s18/sess01_subj18_EEG_MI.mat,8ef8fd343531e428188af60cf0b23d14eb20b9f533d418a12331dd80ec7b1013,1544942,Lee2019_MI,Q15-E007,BROAD_EEGNET,20260925,0.5935853123664856,0.4064146876335144,1
s18_2_offline_train_t001,18,2,offline_train,1,session2/s18/sess02_subj18_EEG_MI.mat,b7af668a0ed7aa4c80cd9e96b07f2dabd325720ba0782f19e2f993d2e1d4a3eb,180852,Lee2019_MI,Q15-E007,BROAD_EEGNET,20260925,0.6669238209724426,0.333076149225235,1
s18_2_offline_train_t002,18,2,offline_train,2,session2/s18/sess02_subj18_EEG_MI.mat,b7af668a0ed7aa4c80cd9e96b07f2dabd325720ba0782f19e2f993d2e1d4a3eb,192404,Lee2019_MI,Q15-E007,BROAD_EEGNET,20260925,0.7337855100631714,0.2662144601345062,1
s18_2_offline_train_t003,18,2,offline_train,1,session2/s18/sess02_subj18_EEG_MI.mat,b7af668a0ed7aa4c80cd9e96b07f2dabd325720ba0782f19e2f993d2e1d4a3eb,203070,Lee2019_MI,Q15-E007,BROAD_EEGNET,20260925,0.6929795145988464,0.30702048540115356,1
s18_2_offline_train_t004,18,2,offline_train,1,session2/s18/sess02_subj18_EEG_MI.mat,b7af668a0ed7aa4c80cd9e96b07f2dabd325720ba0782f19e2f993d2e1d4a3eb,214503,Lee2019_MI,Q15-E007,BROAD_EEGNET,20260925,0.8179543018341064,0.18204569816589355,1
s18_2_offline_train_t005,18,2,offline_train,2,session2/s18/sess02_subj18_EEG_MI.mat,b7af668a0ed7aa4c80cd9e96b07f2dabd325720ba0782f19e2f993d2e1d4a3eb,225653,Lee2019_MI,Q15-E007,BROAD_EEGNET,20260925,0.7615026235580444,0.23849740624427795,1
s18_2_offline_train_t006,18,2,offline_train,2,session2/s18/sess02_subj18_EEG_MI.mat,b7af668a0ed7aa4c80cd9e96b07f2dabd325720ba0782f19e2f993d2e1d4a3eb,236336,Lee2019_MI,Q15-E007,BROAD_EEGNET,20260925,0.5811810493469238,0.41881895065307617,1
s18_2_offline_train_t007,18,2,offline_train,1,session2/s18/sess02_subj18_EEG_MI.mat,b7af668a0ed7aa4c80cd9e96b07f2dabd325720ba0782f19e2f993d2e1d4a3eb,247202,Lee2019_MI,Q15-E007,BROAD_EEGNET,20260925,0.7424858808517456,0.2575141191482544,1
s18_2_offline_train_t008,18,2,offline_train,2,session2/s18/sess02_subj18_EEG_MI.mat,b7af668a0ed7aa4c80cd9e96b07f2dabd325720ba0782f19e2f993d2e1d4a3eb,258335,Lee2019_MI,Q15-E007,BROAD_EEGNET,20260925,0.7887982726097107,0.21120169758796692,1
s18_2_offline_train_t009,18,2,offline_train,1,session2/s18/sess02_subj18_EEG_MI.mat,b7af668a0ed7aa4c80cd9e96b07f2dabd325720ba0782f19e2f993d2e1d4a3eb,269852,Lee2019_MI,Q15-E007,BROAD_EEGNET,20260925,0.785037100315094,0.2149629294872284,1
s18_2_offline_train_t010,18,2,offline_train,1,session2/s18/sess02_subj18_EEG_MI.mat,b7af668a0ed7aa4c80cd9e96b07f2dabd325720ba0782f19e2f993d2e1d4a3eb,281368,Lee2019_MI,Q15-E007,BROAD_EEGNET,20260925,0.7380188703536987,0.26198112964630127,1
s18_2_offline_train_t011,18,2,offline_train,2,session2/s18/sess02_subj18_EEG_MI.mat,b7af668a0ed7aa4c80cd9e96b07f2dabd325720ba0782f19e2f993d2e1d4a3eb,292052,Lee2019_MI,Q15-E007,BROAD_EEGNET,20260925,0.6576812267303467,0.34231874346733093,1
s18_2_offline_train_t012,18,2,offline_train,2,session2/s18/sess02_subj18_EEG_MI.mat,b7af668a0ed7aa4c80cd9e96b07f2dabd325720ba0782f19e2f993d2e1d4a3eb,303568,Lee2019_MI,Q15-E007,BROAD_EEGNET,20260925,0.5957868695259094,0.4042131006717682,1
s18_2_offline_train_t013,18,2,offline_train,1,session2/s18/sess02_subj18_EEG_MI.mat,b7af668a0ed7aa4c80cd9e96b07f2dabd325720ba0782f19e2f993d2e1d4a3eb,315084,Lee2019_MI,Q15-E007,BROAD_EEGNET,20260925,0.7139473557472229,0.2860526442527771,1
s18_2_offline_train_t014,18,2,offline_train,1,session2/s18/sess02_subj18_EEG_MI.mat,b7af668a0ed7aa4c80cd9e96b07f2dabd325720ba0782f19e2f993d2e1d4a3eb,326134,Lee2019_MI,Q15-E007,BROAD_EEGNET,20260925,0.7753883600234985,0.22461163997650146,1
s18_2_offline_train_t015,18,2,offline_train,2,session2/s18/sess02_subj18_EEG_MI.mat,b7af668a0ed7aa4c80cd9e96b07f2dabd325720ba0782f19e2f993d2e1d4a3eb,337467,Lee2019_MI,Q15-E007,BROAD_EEGNET,20260925,0.5911160111427307,0.4088839888572693,1
s18_2_offline_train_t016,18,2,offline_train,1,session2/s18/sess02_subj18_EEG_MI.mat,b7af668a0ed7aa4c80cd9e96b07f2dabd325720ba0782f19e2f993d2e1d4a3eb,348151,Lee2019_MI,Q15-E007,BROAD_EEGNET,20260925,0.8214536905288696,0.17854627966880798,1
s18_2_offline_train_t017,18,2,offline_train,1,session2/s18/sess02_subj18_EEG_MI.mat,b7af668a0ed7aa4c80cd9e96b07f2dabd325720ba0782f19e2f993d2e1d4a3eb,359117,Lee2019_MI,Q15-E007,BROAD_EEGNET,20260925,0.7029305100440979,0.2970695495605469,1
s18_2_offline_train_t018,18,2,offline_train,1,session2/s18/sess02_subj18_EEG_MI.mat,b7af668a0ed7aa4c80cd9e96b07f2dabd325720ba0782f19e2f993d2e1d4a3eb,370634,Lee2019_MI,Q15-E007,BROAD_EEGNET,20260925,0.7386508584022522,0.2613491415977478,1
s18_2_offline_train_t019,18,2,offline_train,1,session2/s18/sess02_subj18_EEG_MI.mat,b7af668a0ed7aa4c80cd9e96b07f2dabd325720ba0782f19e2f993d2e1d4a3eb,381967,Lee2019_MI,Q15-E007,BROAD_EEGNET,20260925,0.680504560470581,0.31949543952941895,1
s18_2_offline_train_t020,18,2,offline_train,2,session2/s18/sess02_subj18_EEG_MI.mat,b7af668a0ed7aa4c80cd9e96b07f2dabd325720ba0782f19e2f993d2e1d4a3eb,393483,Lee2019_MI,Q15-E007,BROAD_EEGNET,20260925,0.44022566080093384,0.5597743391990662,2
s18_2_offline_train_t021,18,2,offline_train,2,session2/s18/sess02_subj18_EEG_MI.mat,b7af668a0ed7aa4c80cd9e96b07f2dabd325720ba0782f19e2f993d2e1d4a3eb,404716,Lee2019_MI,Q15-E007,BROAD_EEGNET,20260925,0.6400993466377258,0.35990071296691895,1
s18_2_offline_train_t022,18,2,offline_train,1,session2/s18/sess02_subj18_EEG_MI.mat,b7af668a0ed7aa4c80cd9e96b07f2dabd325720ba0782f19e2f993d2e1d4a3eb,415299,Lee2019_MI,Q15-E007,BROAD_EEGNET,20260925,0.652908980846405,0.34709101915359497,1
s18_2_offline_train_t023,18,2,offline_train,2,session2/s18/sess02_subj18_EEG_MI.mat,b7af668a0ed7aa4c80cd9e96b07f2dabd325720ba0782f19e2f993d2e1d4a3eb,426731,Lee2019_MI,Q15-E007,BROAD_EEGNET,20260925,0.6504706740379333,0.3495292663574219,1
s18_2_offline_train_t024,18,2,offline_train,2,session2/s18/sess02_subj18_EEG_MI.mat,b7af668a0ed7aa4c80cd9e96b07f2dabd325720ba0782f19e2f993d2e1d4a3eb,438249,Lee2019_MI,Q15-E007,BROAD_EEGNET,20260925,0.46798035502433777,0.5320196151733398,2
s18_2_offline_train_t025,18,2,offline_train,2,session2/s18/sess02_subj18_EEG_MI.mat,b7af668a0ed7aa4c80cd9e96b07f2dabd325720ba0782f19e2f993d2e1d4a3eb,449482,Lee2019_MI,Q15-E007,BROAD_EEGNET,20260925,0.7587894797325134,0.24121050536632538,1
s18_2_offline_train_t026,18,2,offline_train,1,session2/s18/sess02_subj18_EEG_MI.mat,b7af668a0ed7aa4c80cd9e96b07f2dabd325720ba0782f19e2f993d2e1d4a3eb,460815,Lee2019_MI,Q15-E007,BROAD_EEGNET,20260925,0.843001127243042,0.1569989174604416,1
s18_2_offline_train_t027,18,2,offline_train,2,session2/s18/sess02_subj18_EEG_MI.mat,b7af668a0ed7aa4c80cd9e96b07f2dabd325720ba0782f19e2f993d2e1d4a3eb,472148,Lee2019_MI,Q15-E007,BROAD_EEGNET,20260925,0.6284320950508118,0.3715679347515106,1
s18_2_offline_train_t028,18,2,offline_train,1,session2/s18/sess02_subj18_EEG_MI.mat,b7af668a0ed7aa4c80cd9e96b07f2dabd325720ba0782f19e2f993d2e1d4a3eb,483098,Lee2019_MI,Q15-E007,BROAD_EEGNET,20260925,0.6622898578643799,0.33771011233329773,1
s18_2_offline_train_t029,18,2,offline_train,1,session2/s18/sess02_subj18_EEG_MI.mat,b7af668a0ed7aa4c80cd9e96b07f2dabd325720ba0782f19e2f993d2e1d4a3eb,494348,Lee2019_MI,Q15-E007,BROAD_EEGNET,20260925,0.9555243253707886,0.04447571188211441,1
s18_2_offline_train_t030,18,2,offline_train,2,session2/s18/sess02_subj18_EEG_MI.mat,b7af668a0ed7aa4c80cd9e96b07f2dabd325720ba0782f19e2f993d2e1d4a3eb,505115,Lee2019_MI,Q15-E007,BROAD_EEGNET,20260925,0.4772908687591553,0.5227091312408447,2
s18_2_offline_train_t031,18,2,offline_train,1,session2/s18/sess02_subj18_EEG_MI.mat,b7af668a0ed7aa4c80cd9e96b07f2dabd325720ba0782f19e2f993d2e1d4a3eb,516348,Lee2019_MI,Q15-E007,BROAD_EEGNET,20260925,0.6748496890068054,0.3251503109931946,1
s18_2_offline_train_t032,18,2,offline_train,2,session2/s18/sess02_subj18_EEG_MI.mat,b7af668a0ed7aa4c80cd9e96b07f2dabd325720ba0782f19e2f993d2e1d4a3eb,526948,Lee2019_MI,Q15-E007,BROAD_EEGNET,20260925,0.6002259850502014,0.39977407455444336,1
s18_2_offline_train_t033,18,2,offline_train,1,session2/s18/sess02_subj18_EEG_MI.mat,b7af668a0ed7aa4c80cd9e96b07f2dabd325720ba0782f19e2f993d2e1d4a3eb,537813,Lee2019_MI,Q15-E007,BROAD_EEGNET,20260925,0.9156894087791443,0.0843106135725975,1
s18_2_offline_train_t034,18,2,offline_train,2,session2/s18/sess02_subj18_EEG_MI.mat,b7af668a0ed7aa4c80cd9e96b07f2dabd325720ba0782f19e2f993d2e1d4a3eb,548397,Lee2019_MI,Q15-E007,BROAD_EEGNET,20260925,0.7223418951034546,0.277658075094223,1
s18_2_offline_train_t035,18,2,offline_train,2,session2/s18/sess02_subj18_EEG_MI.mat,b7af668a0ed7aa4c80cd9e96b07f2dabd325720ba0782f19e2f993d2e1d4a3eb,559080,Lee2019_MI,Q15-E007,BROAD_EEGNET,20260925,0.579224169254303,0.42077580094337463,1
s18_2_offline_train_t036,18,2,offline_train,1,session2/s18/sess02_subj18_EEG_MI.mat,b7af668a0ed7aa4c80cd9e96b07f2dabd325720ba0782f19e2f993d2e1d4a3eb,570413,Lee2019_MI,Q15-E007,BROAD_EEGNET,20260925,0.8526145219802856,0.14738547801971436,1
s18_2_offline_train_t037,18,2,offline_train,1,session2/s18/sess02_subj18_EEG_MI.mat,b7af668a0ed7aa4c80cd9e96b07f2dabd325720ba0782f19e2f993d2e1d4a3eb,581646,Lee2019_MI,Q15-E007,BROAD_EEGNET,20260925,0.8093916773796082,0.19060832262039185,1
s18_2_offline_train_t038,18,2,offline_train,2,session2/s18/sess02_subj18_EEG_MI.mat,b7af668a0ed7aa4c80cd9e96b07f2dabd325720ba0782f19e2f993d2e1d4a3eb,592513,Lee2019_MI,Q15-E007,BROAD_EEGNET,20260925,0.6132016777992249,0.38679832220077515,1
s18_2_offline_train_t039,18,2,offline_train,1,session2/s18/sess02_subj18_EEG_MI.mat,b7af668a0ed7aa4c80cd9e96b07f2dabd325720ba0782f19e2f993d2e1d4a3eb,604029,Lee2019_MI,Q15-E007,BROAD_EEGNET,20260925,0.7771056294441223,0.22289438545703888,1
s18_2_offline_train_t040,18,2,offline_train,1,session2/s18/sess02_subj18_EEG_MI.mat,b7af668a0ed7aa4c80cd9e96b07f2dabd325720ba0782f19e2f993d2e1d4a3eb,614612,Lee2019_MI,Q15-E007,BROAD_EEGNET,20260925,0.9009009599685669,0.09909896552562714,1
s18_2_offline_train_t041,18,2,offline_train,1,session2/s18/sess02_subj18_EEG_MI.mat,b7af668a0ed7aa4c80cd9e96b07f2dabd325720ba0782f19e2f993d2e1d4a3eb,625579,Lee2019_MI,Q15-E007,BROAD_EEGNET,20260925,0.6930984258651733,0.30690157413482666,1
s18_2_offline_train_t042,18,2,offline_train,1,session2/s18/sess02_subj18_EEG_MI.mat,b7af668a0ed7aa4c80cd9e96b07f2dabd325720ba0782f19e2f993d2e1d4a3eb,636545,Lee2019_MI,Q15-E007,BROAD_EEGNET,20260925,0.6186051964759827,0.38139477372169495,1
s18_2_offline_train_t043,18,2,offline_train,2,session2/s18/sess02_subj18_EEG_MI.mat,b7af668a0ed7aa4c80cd9e96b07f2dabd325720ba0782f19e2f993d2e1d4a3eb,647879,Lee2019_MI,Q15-E007,BROAD_EEGNET,20260925,0.4591955244541168,0.5408044457435608,2
s18_2_offline_train_t044,18,2,offline_train,1,session2/s18/sess02_subj18_EEG_MI.mat,b7af668a0ed7aa4c80cd9e96b07f2dabd325720ba0782f19e2f993d2e1d4a3eb,659195,Lee2019_MI,Q15-E007,BROAD_EEGNET,20260925,0.8702118396759033,0.12978814542293549,1
s18_2_offline_train_t045,18,2,offline_train,2,session2/s18/sess02_subj18_EEG_MI.mat,b7af668a0ed7aa4c80cd9e96b07f2dabd325720ba0782f19e2f993d2e1d4a3eb,669978,Lee2019_MI,Q15-E007,BROAD_EEGNET,20260925,0.6838974952697754,0.316102534532547,1
s18_2_offline_train_t046,18,2,offline_train,1,session2/s18/sess02_subj18_EEG_MI.mat,b7af668a0ed7aa4c80cd9e96b07f2dabd325720ba0782f19e2f993d2e1d4a3eb,681028,Lee2019_MI,Q15-E007,BROAD_EEGNET,20260925,0.8453261256217957,0.15467387437820435,1
s18_2_offline_train_t047,18,2,offline_train,1,session2/s18/sess02_subj18_EEG_MI.mat,b7af668a0ed7aa4c80cd9e96b07f2dabd325720ba0782f19e2f993d2e1d4a3eb,691994,Lee2019_MI,Q15-E007,BROAD_EEGNET,20260925,0.6076169013977051,0.3923831284046173,1
s18_2_offline_train_t048,18,2,offline_train,1,session2/s18/sess02_subj18_EEG_MI.mat,b7af668a0ed7aa4c80cd9e96b07f2dabd325720ba0782f19e2f993d2e1d4a3eb,703227,Lee2019_MI,Q15-E007,BROAD_EEGNET,20260925,0.9546191692352295,0.045380786061286926,1
s18_2_offline_train_t049,18,2,offline_train,2,session2/s18/sess02_subj18_EEG_MI.mat,b7af668a0ed7aa4c80cd9e96b07f2dabd325720ba0782f19e2f993d2e1d4a3eb,714461,Lee2019_MI,Q15-E007,BROAD_EEGNET,20260925,0.6380320191383362,0.3619680106639862,1
s18_2_offline_train_t050,18,2,offline_train,1,session2/s18/sess02_subj18_EEG_MI.mat,b7af668a0ed7aa4c80cd9e96b07f2dabd325720ba0782f19e2f993d2e1d4a3eb,739177,Lee2019_MI,Q15-E007,BROAD_EEGNET,20260925,0.773973822593689,0.22602614760398865,1
s18_2_offline_train_t051,18,2,offline_train,1,session2/s18/sess02_subj18_EEG_MI.mat,b7af668a0ed7aa4c80cd9e96b07f2dabd325720ba0782f19e2f993d2e1d4a3eb,750043,Lee2019_MI,Q15-E007,BROAD_EEGNET,20260925,0.7507907152175903,0.24920929968357086,1
s18_2_offline_train_t052,18,2,offline_train,1,session2/s18/sess02_subj18_EEG_MI.mat,b7af668a0ed7aa4c80cd9e96b07f2dabd325720ba0782f19e2f993d2e1d4a3eb,761276,Lee2019_MI,Q15-E007,BROAD_EEGNET,20260925,0.6630136370658875,0.33698639273643494,1
s18_2_offline_train_t053,18,2,offline_train,1,session2/s18/sess02_subj18_EEG_MI.mat,b7af668a0ed7aa4c80cd9e96b07f2dabd325720ba0782f19e2f993d2e1d4a3eb,772510,Lee2019_MI,Q15-E007,BROAD_EEGNET,20260925,0.8097872734069824,0.19021271169185638,1
s18_2_offline_train_t054,18,2,offline_train,2,session2/s18/sess02_subj18_EEG_MI.mat,b7af668a0ed7aa4c80cd9e96b07f2dabd325720ba0782f19e2f993d2e1d4a3eb,783193,Lee2019_MI,Q15-E007,BROAD_EEGNET,20260925,0.8019520044326782,0.1980479657649994,1
s18_2_offline_train_t055,18,2,offline_train,1,session2/s18/sess02_subj18_EEG_MI.mat,b7af668a0ed7aa4c80cd9e96b07f2dabd325720ba0782f19e2f993d2e1d4a3eb,793876,Lee2019_MI,Q15-E007,BROAD_EEGNET,20260925,0.8666208982467651,0.13337907195091248,1
s18_2_offline_train_t056,18,2,offline_train,1,session2/s18/sess02_subj18_EEG_MI.mat,b7af668a0ed7aa4c80cd9e96b07f2dabd325720ba0782f19e2f993d2e1d4a3eb,804926,Lee2019_MI,Q15-E007,BROAD_EEGNET,20260925,0.9167270660400391,0.08327295631170273,1
s18_2_offline_train_t057,18,2,offline_train,2,session2/s18/sess02_subj18_EEG_MI.mat,b7af668a0ed7aa4c80cd9e96b07f2dabd325720ba0782f19e2f993d2e1d4a3eb,816442,Lee2019_MI,Q15-E007,BROAD_EEGNET,20260925,0.6102122068405151,0.3897877633571625,1
s18_2_offline_train_t058,18,2,offline_train,2,session2/s18/sess02_subj18_EEG_MI.mat,b7af668a0ed7aa4c80cd9e96b07f2dabd325720ba0782f19e2f993d2e1d4a3eb,827308,Lee2019_MI,Q15-E007,BROAD_EEGNET,20260925,0.6272714734077454,0.37272849678993225,1
s18_2_offline_train_t059,18,2,offline_train,1,session2/s18/sess02_subj18_EEG_MI.mat,b7af668a0ed7aa4c80cd9e96b07f2dabd325720ba0782f19e2f993d2e1d4a3eb,838458,Lee2019_MI,Q15-E007,BROAD_EEGNET,20260925,0.7038151621818542,0.29618486762046814,1
s18_2_offline_train_t060,18,2,offline_train,1,session2/s18/sess02_subj18_EEG_MI.mat,b7af668a0ed7aa4c80cd9e96b07f2dabd325720ba0782f19e2f993d2e1d4a3eb,849225,Lee2019_MI,Q15-E007,BROAD_EEGNET,20260925,0.6345152854919434,0.36548471450805664,1
s18_2_offline_train_t061,18,2,offline_train,2,session2/s18/sess02_subj18_EEG_MI.mat,b7af668a0ed7aa4c80cd9e96b07f2dabd325720ba0782f19e2f993d2e1d4a3eb,860558,Lee2019_MI,Q15-E007,BROAD_EEGNET,20260925,0.4708865284919739,0.5291135311126709,2
s18_2_offline_train_t062,18,2,offline_train,2,session2/s18/sess02_subj18_EEG_MI.mat,b7af668a0ed7aa4c80cd9e96b07f2dabd325720ba0782f19e2f993d2e1d4a3eb,871341,Lee2019_MI,Q15-E007,BROAD_EEGNET,20260925,0.5394582152366638,0.4605417549610138,1
s18_2_offline_train_t063,18,2,offline_train,1,session2/s18/sess02_subj18_EEG_MI.mat,b7af668a0ed7aa4c80cd9e96b07f2dabd325720ba0782f19e2f993d2e1d4a3eb,882391,Lee2019_MI,Q15-E007,BROAD_EEGNET,20260925,0.7652002573013306,0.23479977250099182,1
s18_2_offline_train_t064,18,2,offline_train,2,session2/s18/sess02_subj18_EEG_MI.mat,b7af668a0ed7aa4c80cd9e96b07f2dabd325720ba0782f19e2f993d2e1d4a3eb,893624,Lee2019_MI,Q15-E007,BROAD_EEGNET,20260925,0.5619136095046997,0.4380864202976227,1
s18_2_offline_train_t065,18,2,offline_train,2,session2/s18/sess02_subj18_EEG_MI.mat,b7af668a0ed7aa4c80cd9e96b07f2dabd325720ba0782f19e2f993d2e1d4a3eb,905057,Lee2019_MI,Q15-E007,BROAD_EEGNET,20260925,0.6783544421195984,0.32164549827575684,1
s18_2_offline_train_t066,18,2,offline_train,2,session2/s18/sess02_subj18_EEG_MI.mat,b7af668a0ed7aa4c80cd9e96b07f2dabd325720ba0782f19e2f993d2e1d4a3eb,916574,Lee2019_MI,Q15-E007,BROAD_EEGNET,20260925,0.6842972040176392,0.31570273637771606,1
s18_2_offline_train_t067,18,2,offline_train,2,session2/s18/sess02_subj18_EEG_MI.mat,b7af668a0ed7aa4c80cd9e96b07f2dabd325720ba0782f19e2f993d2e1d4a3eb,927707,Lee2019_MI,Q15-E007,BROAD_EEGNET,20260925,0.7094813585281372,0.2905186414718628,1
s18_2_offline_train_t068,18,2,offline_train,1,session2/s18/sess02_subj18_EEG_MI.mat,b7af668a0ed7aa4c80cd9e96b07f2dabd325720ba0782f19e2f993d2e1d4a3eb,938390,Lee2019_MI,Q15-E007,BROAD_EEGNET,20260925,0.7820726037025452,0.21792741119861603,1
s18_2_offline_train_t069,18,2,offline_train,1,session2/s18/sess02_subj18_EEG_MI.mat,b7af668a0ed7aa4c80cd9e96b07f2dabd325720ba0782f19e2f993d2e1d4a3eb,949073,Lee2019_MI,Q15-E007,BROAD_EEGNET,20260925,0.8077619075775146,0.19223813712596893,1
s18_2_offline_train_t070,18,2,offline_train,2,session2/s18/sess02_subj18_EEG_MI.mat,b7af668a0ed7aa4c80cd9e96b07f2dabd325720ba0782f19e2f993d2e1d4a3eb,959856,Lee2019_MI,Q15-E007,BROAD_EEGNET,20260925,0.6669708490371704,0.3330291509628296,1
s18_2_offline_train_t071,18,2,offline_train,1,session2/s18/sess02_subj18_EEG_MI.mat,b7af668a0ed7aa4c80cd9e96b07f2dabd325720ba0782f19e2f993d2e1d4a3eb,971273,Lee2019_MI,Q15-E007,BROAD_EEGNET,20260925,0.7748665809631348,0.22513346374034882,1
s18_2_offline_train_t072,18,2,offline_train,2,session2/s18/sess02_subj18_EEG_MI.mat,b7af668a0ed7aa4c80cd9e96b07f2dabd325720ba0782f19e2f993d2e1d4a3eb,982039,Lee2019_MI,Q15-E007,BROAD_EEGNET,20260925,0.37645500898361206,0.6235449910163879,2
s18_2_offline_train_t073,18,2,offline_train,2,session2/s18/sess02_subj18_EEG_MI.mat,b7af668a0ed7aa4c80cd9e96b07f2dabd325720ba0782f19e2f993d2e1d4a3eb,993372,Lee2019_MI,Q15-E007,BROAD_EEGNET,20260925,0.5009653568267822,0.4990346431732178,1
s18_2_offline_train_t074,18,2,offline_train,2,session2/s18/sess02_subj18_EEG_MI.mat,b7af668a0ed7aa4c80cd9e96b07f2dabd325720ba0782f19e2f993d2e1d4a3eb,1004155,Lee2019_MI,Q15-E007,BROAD_EEGNET,20260925,0.4665611684322357,0.5334388613700867,2
s18_2_offline_train_t075,18,2,offline_train,1,session2/s18/sess02_subj18_EEG_MI.mat,b7af668a0ed7aa4c80cd9e96b07f2dabd325720ba0782f19e2f993d2e1d4a3eb,1015672,Lee2019_MI,Q15-E007,BROAD_EEGNET,20260925,0.7618549466133118,0.23814503848552704,1
s18_2_offline_train_t076,18,2,offline_train,2,session2/s18/sess02_subj18_EEG_MI.mat,b7af668a0ed7aa4c80cd9e96b07f2dabd325720ba0782f19e2f993d2e1d4a3eb,1026538,Lee2019_MI,Q15-E007,BROAD_EEGNET,20260925,0.5395057201385498,0.4604942798614502,1
s18_2_offline_train_t077,18,2,offline_train,1,session2/s18/sess02_subj18_EEG_MI.mat,b7af668a0ed7aa4c80cd9e96b07f2dabd325720ba0782f19e2f993d2e1d4a3eb,1037305,Lee2019_MI,Q15-E007,BROAD_EEGNET,20260925,0.6683085560798645,0.3316914439201355,1
s18_2_offline_train_t078,18,2,offline_train,1,session2/s18/sess02_subj18_EEG_MI.mat,b7af668a0ed7aa4c80cd9e96b07f2dabd325720ba0782f19e2f993d2e1d4a3eb,1048088,Lee2019_MI,Q15-E007,BROAD_EEGNET,20260925,0.7688125967979431,0.2311873883008957,1
s18_2_offline_train_t079,18,2,offline_train,2,session2/s18/sess02_subj18_EEG_MI.mat,b7af668a0ed7aa4c80cd9e96b07f2dabd325720ba0782f19e2f993d2e1d4a3eb,1059221,Lee2019_MI,Q15-E007,BROAD_EEGNET,20260925,0.49335071444511414,0.5066493153572083,2
s18_2_offline_train_t080,18,2,offline_train,2,session2/s18/sess02_subj18_EEG_MI.mat,b7af668a0ed7aa4c80cd9e96b07f2dabd325720ba0782f19e2f993d2e1d4a3eb,1070287,Lee2019_MI,Q15-E007,BROAD_EEGNET,20260925,0.5289703607559204,0.4710296392440796,1
s18_2_offline_train_t081,18,2,offline_train,2,session2/s18/sess02_subj18_EEG_MI.mat,b7af668a0ed7aa4c80cd9e96b07f2dabd325720ba0782f19e2f993d2e1d4a3eb,1081237,Lee2019_MI,Q15-E007,BROAD_EEGNET,20260925,0.6178798079490662,0.3821202516555786,1
s18_2_offline_train_t082,18,2,offline_train,1,session2/s18/sess02_subj18_EEG_MI.mat,b7af668a0ed7aa4c80cd9e96b07f2dabd325720ba0782f19e2f993d2e1d4a3eb,1092670,Lee2019_MI,Q15-E007,BROAD_EEGNET,20260925,0.6345407366752625,0.36545923352241516,1
s18_2_offline_train_t083,18,2,offline_train,2,session2/s18/sess02_subj18_EEG_MI.mat,b7af668a0ed7aa4c80cd9e96b07f2dabd325720ba0782f19e2f993d2e1d4a3eb,1103803,Lee2019_MI,Q15-E007,BROAD_EEGNET,20260925,0.640708327293396,0.359291672706604,1
s18_2_offline_train_t084,18,2,offline_train,2,session2/s18/sess02_subj18_EEG_MI.mat,b7af668a0ed7aa4c80cd9e96b07f2dabd325720ba0782f19e2f993d2e1d4a3eb,1114953,Lee2019_MI,Q15-E007,BROAD_EEGNET,20260925,0.7420395612716675,0.2579604387283325,1
s18_2_offline_train_t085,18,2,offline_train,1,session2/s18/sess02_subj18_EEG_MI.mat,b7af668a0ed7aa4c80cd9e96b07f2dabd325720ba0782f19e2f993d2e1d4a3eb,1126386,Lee2019_MI,Q15-E007,BROAD_EEGNET,20260925,0.7547699809074402,0.24523000419139862,1
s18_2_offline_train_t086,18,2,offline_train,2,session2/s18/sess02_subj18_EEG_MI.mat,b7af668a0ed7aa4c80cd9e96b07f2dabd325720ba0782f19e2f993d2e1d4a3eb,1137253,Lee2019_MI,Q15-E007,BROAD_EEGNET,20260925,0.6600308418273926,0.3399691581726074,1
s18_2_offline_train_t087,18,2,offline_train,1,session2/s18/sess02_subj18_EEG_MI.mat,b7af668a0ed7aa4c80cd9e96b07f2dabd325720ba0782f19e2f993d2e1d4a3eb,1148569,Lee2019_MI,Q15-E007,BROAD_EEGNET,20260925,0.6401291489601135,0.35987088084220886,1
s18_2_offline_train_t088,18,2,offline_train,2,session2/s18/sess02_subj18_EEG_MI.mat,b7af668a0ed7aa4c80cd9e96b07f2dabd325720ba0782f19e2f993d2e1d4a3eb,1159902,Lee2019_MI,Q15-E007,BROAD_EEGNET,20260925,0.7515513300895691,0.2484486699104309,1
s18_2_offline_train_t089,18,2,offline_train,2,session2/s18/sess02_subj18_EEG_MI.mat,b7af668a0ed7aa4c80cd9e96b07f2dabd325720ba0782f19e2f993d2e1d4a3eb,1170869,Lee2019_MI,Q15-E007,BROAD_EEGNET,20260925,0.6535730361938477,0.34642696380615234,1
s18_2_offline_train_t090,18,2,offline_train,2,session2/s18/sess02_subj18_EEG_MI.mat,b7af668a0ed7aa4c80cd9e96b07f2dabd325720ba0782f19e2f993d2e1d4a3eb,1182019,Lee2019_MI,Q15-E007,BROAD_EEGNET,20260925,0.7482033967971802,0.25179657340049744,1
s18_2_offline_train_t091,18,2,offline_train,2,session2/s18/sess02_subj18_EEG_MI.mat,b7af668a0ed7aa4c80cd9e96b07f2dabd325720ba0782f19e2f993d2e1d4a3eb,1192602,Lee2019_MI,Q15-E007,BROAD_EEGNET,20260925,0.371429443359375,0.6285704970359802,2
s18_2_offline_train_t092,18,2,offline_train,2,session2/s18/sess02_subj18_EEG_MI.mat,b7af668a0ed7aa4c80cd9e96b07f2dabd325720ba0782f19e2f993d2e1d4a3eb,1203185,Lee2019_MI,Q15-E007,BROAD_EEGNET,20260925,0.5772053003311157,0.4227946400642395,1
s18_2_offline_train_t093,18,2,offline_train,1,session2/s18/sess02_subj18_EEG_MI.mat,b7af668a0ed7aa4c80cd9e96b07f2dabd325720ba0782f19e2f993d2e1d4a3eb,1214235,Lee2019_MI,Q15-E007,BROAD_EEGNET,20260925,0.7349770665168762,0.2650229036808014,1
s18_2_offline_train_t094,18,2,offline_train,2,session2/s18/sess02_subj18_EEG_MI.mat,b7af668a0ed7aa4c80cd9e96b07f2dabd325720ba0782f19e2f993d2e1d4a3eb,1225568,Lee2019_MI,Q15-E007,BROAD_EEGNET,20260925,0.5805584788322449,0.4194415211677551,1
s18_2_offline_train_t095,18,2,offline_train,1,session2/s18/sess02_subj18_EEG_MI.mat,b7af668a0ed7aa4c80cd9e96b07f2dabd325720ba0782f19e2f993d2e1d4a3eb,1237084,Lee2019_MI,Q15-E007,BROAD_EEGNET,20260925,0.6962265372276306,0.303773432970047,1
s18_2_offline_train_t096,18,2,offline_train,1,session2/s18/sess02_subj18_EEG_MI.mat,b7af668a0ed7aa4c80cd9e96b07f2dabd325720ba0782f19e2f993d2e1d4a3eb,1247767,Lee2019_MI,Q15-E007,BROAD_EEGNET,20260925,0.7800374031066895,0.21996262669563293,1
s18_2_offline_train_t097,18,2,offline_train,2,session2/s18/sess02_subj18_EEG_MI.mat,b7af668a0ed7aa4c80cd9e96b07f2dabd325720ba0782f19e2f993d2e1d4a3eb,1258917,Lee2019_MI,Q15-E007,BROAD_EEGNET,20260925,0.6540441513061523,0.34595584869384766,1
s18_2_offline_train_t098,18,2,offline_train,1,session2/s18/sess02_subj18_EEG_MI.mat,b7af668a0ed7aa4c80cd9e96b07f2dabd325720ba0782f19e2f993d2e1d4a3eb,1269967,Lee2019_MI,Q15-E007,BROAD_EEGNET,20260925,0.7665250301361084,0.2334749400615692,1
s18_2_offline_train_t099,18,2,offline_train,2,session2/s18/sess02_subj18_EEG_MI.mat,b7af668a0ed7aa4c80cd9e96b07f2dabd325720ba0782f19e2f993d2e1d4a3eb,1280550,Lee2019_MI,Q15-E007,BROAD_EEGNET,20260925,0.6125316619873047,0.3874683082103729,1
s18_2_offline_train_t100,18,2,offline_train,2,session2/s18/sess02_subj18_EEG_MI.mat,b7af668a0ed7aa4c80cd9e96b07f2dabd325720ba0782f19e2f993d2e1d4a3eb,1291417,Lee2019_MI,Q15-E007,BROAD_EEGNET,20260925,0.4223685562610626,0.5776314735412598,2
s18_1_offline_train_t001,18,1,offline_train,1,session1/s18/sess01_subj18_EEG_MI.mat,8ef8fd343531e428188af60cf0b23d14eb20b9f533d418a12331dd80ec7b1013,228583,Lee2019_MI,Q15-E007,BROAD_EEGNET,20260926,0.7843478322029114,0.21565218269824982,1
s18_1_offline_train_t002,18,1,offline_train,2,session1/s18/sess01_subj18_EEG_MI.mat,8ef8fd343531e428188af60cf0b23d14eb20b9f533d418a12331dd80ec7b1013,239999,Lee2019_MI,Q15-E007,BROAD_EEGNET,20260926,0.4513058662414551,0.5486941337585449,2
s18_1_offline_train_t003,18,1,offline_train,1,session1/s18/sess01_subj18_EEG_MI.mat,8ef8fd343531e428188af60cf0b23d14eb20b9f533d418a12331dd80ec7b1013,250683,Lee2019_MI,Q15-E007,BROAD_EEGNET,20260926,0.8056224584579468,0.19437755644321442,1
s18_1_offline_train_t004,18,1,offline_train,1,session1/s18/sess01_subj18_EEG_MI.mat,8ef8fd343531e428188af60cf0b23d14eb20b9f533d418a12331dd80ec7b1013,262099,Lee2019_MI,Q15-E007,BROAD_EEGNET,20260926,0.7570974826812744,0.24290251731872559,1
s18_1_offline_train_t005,18,1,offline_train,2,session1/s18/sess01_subj18_EEG_MI.mat,8ef8fd343531e428188af60cf0b23d14eb20b9f533d418a12331dd80ec7b1013,273249,Lee2019_MI,Q15-E007,BROAD_EEGNET,20260926,0.39598456025123596,0.6040154695510864,2
s18_1_offline_train_t006,18,1,offline_train,2,session1/s18/sess01_subj18_EEG_MI.mat,8ef8fd343531e428188af60cf0b23d14eb20b9f533d418a12331dd80ec7b1013,283932,Lee2019_MI,Q15-E007,BROAD_EEGNET,20260926,0.4497030973434448,0.5502969026565552,2
s18_1_offline_train_t007,18,1,offline_train,1,session1/s18/sess01_subj18_EEG_MI.mat,8ef8fd343531e428188af60cf0b23d14eb20b9f533d418a12331dd80ec7b1013,294798,Lee2019_MI,Q15-E007,BROAD_EEGNET,20260926,0.7775365114212036,0.22246350347995758,1
s18_1_offline_train_t008,18,1,offline_train,2,session1/s18/sess01_subj18_EEG_MI.mat,8ef8fd343531e428188af60cf0b23d14eb20b9f533d418a12331dd80ec7b1013,305948,Lee2019_MI,Q15-E007,BROAD_EEGNET,20260926,0.5714305639266968,0.4285694360733032,1
s18_1_offline_train_t009,18,1,offline_train,1,session1/s18/sess01_subj18_EEG_MI.mat,8ef8fd343531e428188af60cf0b23d14eb20b9f533d418a12331dd80ec7b1013,317464,Lee2019_MI,Q15-E007,BROAD_EEGNET,20260926,0.9410953521728516,0.058904629200696945,1
s18_1_offline_train_t010,18,1,offline_train,1,session1/s18/sess01_subj18_EEG_MI.mat,8ef8fd343531e428188af60cf0b23d14eb20b9f533d418a12331dd80ec7b1013,328980,Lee2019_MI,Q15-E007,BROAD_EEGNET,20260926,0.7691810727119446,0.23081891238689423,1
s18_1_offline_train_t011,18,1,offline_train,2,session1/s18/sess01_subj18_EEG_MI.mat,8ef8fd343531e428188af60cf0b23d14eb20b9f533d418a12331dd80ec7b1013,339664,Lee2019_MI,Q15-E007,BROAD_EEGNET,20260926,0.6680861115455627,0.33191388845443726,1
s18_1_offline_train_t012,18,1,offline_train,2,session1/s18/sess01_subj18_EEG_MI.mat,8ef8fd343531e428188af60cf0b23d14eb20b9f533d418a12331dd80ec7b1013,351181,Lee2019_MI,Q15-E007,BROAD_EEGNET,20260926,0.4348202049732208,0.5651797652244568,2
s18_1_offline_train_t013,18,1,offline_train,1,session1/s18/sess01_subj18_EEG_MI.mat,8ef8fd343531e428188af60cf0b23d14eb20b9f533d418a12331dd80ec7b1013,362697,Lee2019_MI,Q15-E007,BROAD_EEGNET,20260926,0.8547289371490479,0.14527107775211334,1
s18_1_offline_train_t014,18,1,offline_train,1,session1/s18/sess01_subj18_EEG_MI.mat,8ef8fd343531e428188af60cf0b23d14eb20b9f533d418a12331dd80ec7b1013,373747,Lee2019_MI,Q15-E007,BROAD_EEGNET,20260926,0.6486696004867554,0.35133036971092224,1
s18_1_offline_train_t015,18,1,offline_train,2,session1/s18/sess01_subj18_EEG_MI.mat,8ef8fd343531e428188af60cf0b23d14eb20b9f533d418a12331dd80ec7b1013,385080,Lee2019_MI,Q15-E007,BROAD_EEGNET,20260926,0.5426700115203857,0.45733004808425903,1
s18_1_offline_train_t016,18,1,offline_train,1,session1/s18/sess01_subj18_EEG_MI.mat,8ef8fd343531e428188af60cf0b23d14eb20b9f533d418a12331dd80ec7b1013,395763,Lee2019_MI,Q15-E007,BROAD_EEGNET,20260926,0.975155234336853,0.024844801053404808,1
s18_1_offline_train_t017,18,1,offline_train,1,session1/s18/sess01_subj18_EEG_MI.mat,8ef8fd343531e428188af60cf0b23d14eb20b9f533d418a12331dd80ec7b1013,406713,Lee2019_MI,Q15-E007,BROAD_EEGNET,20260926,0.9446619153022766,0.055338066071271896,1
s18_1_offline_train_t018,18,1,offline_train,1,session1/s18/sess01_subj18_EEG_MI.mat,8ef8fd343531e428188af60cf0b23d14eb20b9f533d418a12331dd80ec7b1013,418146,Lee2019_MI,Q15-E007,BROAD_EEGNET,20260926,0.9857766032218933,0.014223375357687473,1
s18_1_offline_train_t019,18,1,offline_train,1,session1/s18/sess01_subj18_EEG_MI.mat,8ef8fd343531e428188af60cf0b23d14eb20b9f533d418a12331dd80ec7b1013,429479,Lee2019_MI,Q15-E007,BROAD_EEGNET,20260926,0.8745412230491638,0.12545885145664215,1
s18_1_offline_train_t020,18,1,offline_train,2,session1/s18/sess01_subj18_EEG_MI.mat,8ef8fd343531e428188af60cf0b23d14eb20b9f533d418a12331dd80ec7b1013,440996,Lee2019_MI,Q15-E007,BROAD_EEGNET,20260926,0.5741126537322998,0.4258873462677002,1
s18_1_offline_train_t021,18,1,offline_train,2,session1/s18/sess01_subj18_EEG_MI.mat,8ef8fd343531e428188af60cf0b23d14eb20b9f533d418a12331dd80ec7b1013,452229,Lee2019_MI,Q15-E007,BROAD_EEGNET,20260926,0.6280955076217651,0.37190449237823486,1
s18_1_offline_train_t022,18,1,offline_train,1,session1/s18/sess01_subj18_EEG_MI.mat,8ef8fd343531e428188af60cf0b23d14eb20b9f533d418a12331dd80ec7b1013,462812,Lee2019_MI,Q15-E007,BROAD_EEGNET,20260926,0.9813562631607056,0.018643684685230255,1
s18_1_offline_train_t023,18,1,offline_train,2,session1/s18/sess01_subj18_EEG_MI.mat,8ef8fd343531e428188af60cf0b23d14eb20b9f533d418a12331dd80ec7b1013,474245,Lee2019_MI,Q15-E007,BROAD_EEGNET,20260926,0.723974883556366,0.2760251462459564,1
s18_1_offline_train_t024,18,1,offline_train,2,session1/s18/sess01_subj18_EEG_MI.mat,8ef8fd343531e428188af60cf0b23d14eb20b9f533d418a12331dd80ec7b1013,485762,Lee2019_MI,Q15-E007,BROAD_EEGNET,20260926,0.7391090989112854,0.2608909010887146,1
s18_1_offline_train_t025,18,1,offline_train,2,session1/s18/sess01_subj18_EEG_MI.mat,8ef8fd343531e428188af60cf0b23d14eb20b9f533d418a12331dd80ec7b1013,496995,Lee2019_MI,Q15-E007,BROAD_EEGNET,20260926,0.3756350874900818,0.624364972114563,2
s18_1_offline_train_t026,18,1,offline_train,1,session1/s18/sess01_subj18_EEG_MI.mat,8ef8fd343531e428188af60cf0b23d14eb20b9f533d418a12331dd80ec7b1013,508328,Lee2019_MI,Q15-E007,BROAD_EEGNET,20260926,0.9567670226097107,0.04323296248912811,1
s18_1_offline_train_t027,18,1,offline_train,2,session1/s18/sess01_subj18_EEG_MI.mat,8ef8fd343531e428188af60cf0b23d14eb20b9f533d418a12331dd80ec7b1013,519661,Lee2019_MI,Q15-E007,BROAD_EEGNET,20260926,0.2633014917373657,0.7366984486579895,2
s18_1_offline_train_t028,18,1,offline_train,1,session1/s18/sess01_subj18_EEG_MI.mat,8ef8fd343531e428188af60cf0b23d14eb20b9f533d418a12331dd80ec7b1013,530611,Lee2019_MI,Q15-E007,BROAD_EEGNET,20260926,0.7460834980010986,0.2539164423942566,1
s18_1_offline_train_t029,18,1,offline_train,1,session1/s18/sess01_subj18_EEG_MI.mat,8ef8fd343531e428188af60cf0b23d14eb20b9f533d418a12331dd80ec7b1013,541861,Lee2019_MI,Q15-E007,BROAD_EEGNET,20260926,0.7118933796882629,0.2881065905094147,1
s18_1_offline_train_t030,18,1,offline_train,2,session1/s18/sess01_subj18_EEG_MI.mat,8ef8fd343531e428188af60cf0b23d14eb20b9f533d418a12331dd80ec7b1013,552627,Lee2019_MI,Q15-E007,BROAD_EEGNET,20260926,0.2957761287689209,0.7042238116264343,2
s18_1_offline_train_t031,18,1,offline_train,1,session1/s18/sess01_subj18_EEG_MI.mat,8ef8fd343531e428188af60cf0b23d14eb20b9f533d418a12331dd80ec7b1013,563860,Lee2019_MI,Q15-E007,BROAD_EEGNET,20260926,0.853607177734375,0.14639276266098022,1
s18_1_offline_train_t032,18,1,offline_train,2,session1/s18/sess01_subj18_EEG_MI.mat,8ef8fd343531e428188af60cf0b23d14eb20b9f533d418a12331dd80ec7b1013,574460,Lee2019_MI,Q15-E007,BROAD_EEGNET,20260926,0.15887808799743652,0.8411219120025635,2
s18_1_offline_train_t033,18,1,offline_train,1,session1/s18/sess01_subj18_EEG_MI.mat,8ef8fd343531e428188af60cf0b23d14eb20b9f533d418a12331dd80ec7b1013,585326,Lee2019_MI,Q15-E007,BROAD_EEGNET,20260926,0.9516398310661316,0.0483601950109005,1
s18_1_offline_train_t034,18,1,offline_train,2,session1/s18/sess01_subj18_EEG_MI.mat,8ef8fd343531e428188af60cf0b23d14eb20b9f533d418a12331dd80ec7b1013,595909,Lee2019_MI,Q15-E007,BROAD_EEGNET,20260926,0.259552538394928,0.740447461605072,2
s18_1_offline_train_t035,18,1,offline_train,2,session1/s18/sess01_subj18_EEG_MI.mat,8ef8fd343531e428188af60cf0b23d14eb20b9f533d418a12331dd80ec7b1013,606593,Lee2019_MI,Q15-E007,BROAD_EEGNET,20260926,0.6082541346549988,0.39174583554267883,1
s18_1_offline_train_t036,18,1,offline_train,1,session1/s18/sess01_subj18_EEG_MI.mat,8ef8fd343531e428188af60cf0b23d14eb20b9f533d418a12331dd80ec7b1013,618009,Lee2019_MI,Q15-E007,BROAD_EEGNET,20260926,0.693009078502655,0.30699092149734497,1
s18_1_offline_train_t037,18,1,offline_train,1,session1/s18/sess01_subj18_EEG_MI.mat,8ef8fd343531e428188af60cf0b23d14eb20b9f533d418a12331dd80ec7b1013,629259,Lee2019_MI,Q15-E007,BROAD_EEGNET,20260926,0.42762845754623413,0.5723716020584106,2
s18_1_offline_train_t038,18,1,offline_train,2,session1/s18/sess01_subj18_EEG_MI.mat,8ef8fd343531e428188af60cf0b23d14eb20b9f533d418a12331dd80ec7b1013,640125,Lee2019_MI,Q15-E007,BROAD_EEGNET,20260926,0.18113406002521515,0.8188658952713013,2
s18_1_offline_train_t039,18,1,offline_train,1,session1/s18/sess01_subj18_EEG_MI.mat,8ef8fd343531e428188af60cf0b23d14eb20b9f533d418a12331dd80ec7b1013,651642,Lee2019_MI,Q15-E007,BROAD_EEGNET,20260926,0.5574654340744019,0.44253456592559814,1
s18_1_offline_train_t040,18,1,offline_train,1,session1/s18/sess01_subj18_EEG_MI.mat,8ef8fd343531e428188af60cf0b23d14eb20b9f533d418a12331dd80ec7b1013,662225,Lee2019_MI,Q15-E007,BROAD_EEGNET,20260926,0.798953652381897,0.2010463923215866,1
s18_1_offline_train_t041,18,1,offline_train,1,session1/s18/sess01_subj18_EEG_MI.mat,8ef8fd343531e428188af60cf0b23d14eb20b9f533d418a12331dd80ec7b1013,673192,Lee2019_MI,Q15-E007,BROAD_EEGNET,20260926,0.7962841391563416,0.20371587574481964,1
s18_1_offline_train_t042,18,1,offline_train,1,session1/s18/sess01_subj18_EEG_MI.mat,8ef8fd343531e428188af60cf0b23d14eb20b9f533d418a12331dd80ec7b1013,684141,Lee2019_MI,Q15-E007,BROAD_EEGNET,20260926,0.6212677359580994,0.378732293844223,1
s18_1_offline_train_t043,18,1,offline_train,2,session1/s18/sess01_subj18_EEG_MI.mat,8ef8fd343531e428188af60cf0b23d14eb20b9f533d418a12331dd80ec7b1013,695474,Lee2019_MI,Q15-E007,BROAD_EEGNET,20260926,0.39301344752311707,0.6069865822792053,2
s18_1_offline_train_t044,18,1,offline_train,1,session1/s18/sess01_subj18_EEG_MI.mat,8ef8fd343531e428188af60cf0b23d14eb20b9f533d418a12331dd80ec7b1013,706808,Lee2019_MI,Q15-E007,BROAD_EEGNET,20260926,0.44608381390571594,0.5539161562919617,2
s18_1_offline_train_t045,18,1,offline_train,2,session1/s18/sess01_subj18_EEG_MI.mat,8ef8fd343531e428188af60cf0b23d14eb20b9f533d418a12331dd80ec7b1013,717574,Lee2019_MI,Q15-E007,BROAD_EEGNET,20260926,0.24451221525669098,0.7554877400398254,2
s18_1_offline_train_t046,18,1,offline_train,1,session1/s18/sess01_subj18_EEG_MI.mat,8ef8fd343531e428188af60cf0b23d14eb20b9f533d418a12331dd80ec7b1013,728624,Lee2019_MI,Q15-E007,BROAD_EEGNET,20260926,0.8534188270568848,0.14658111333847046,1
s18_1_offline_train_t047,18,1,offline_train,1,session1/s18/sess01_subj18_EEG_MI.mat,8ef8fd343531e428188af60cf0b23d14eb20b9f533d418a12331dd80ec7b1013,739590,Lee2019_MI,Q15-E007,BROAD_EEGNET,20260926,0.9862850904464722,0.013714952394366264,1
s18_1_offline_train_t048,18,1,offline_train,1,session1/s18/sess01_subj18_EEG_MI.mat,8ef8fd343531e428188af60cf0b23d14eb20b9f533d418a12331dd80ec7b1013,750823,Lee2019_MI,Q15-E007,BROAD_EEGNET,20260926,0.7807350158691406,0.21926502883434296,1
s18_1_offline_train_t049,18,1,offline_train,2,session1/s18/sess01_subj18_EEG_MI.mat,8ef8fd343531e428188af60cf0b23d14eb20b9f533d418a12331dd80ec7b1013,762073,Lee2019_MI,Q15-E007,BROAD_EEGNET,20260926,0.19886618852615356,0.8011338114738464,2
s18_1_offline_train_t050,18,1,offline_train,1,session1/s18/sess01_subj18_EEG_MI.mat,8ef8fd343531e428188af60cf0b23d14eb20b9f533d418a12331dd80ec7b1013,992769,Lee2019_MI,Q15-E007,BROAD_EEGNET,20260926,0.9125121235847473,0.08748786151409149,1
s18_1_offline_train_t051,18,1,offline_train,1,session1/s18/sess01_subj18_EEG_MI.mat,8ef8fd343531e428188af60cf0b23d14eb20b9f533d418a12331dd80ec7b1013,1003635,Lee2019_MI,Q15-E007,BROAD_EEGNET,20260926,0.5551040172576904,0.44489598274230957,1
s18_1_offline_train_t052,18,1,offline_train,1,session1/s18/sess01_subj18_EEG_MI.mat,8ef8fd343531e428188af60cf0b23d14eb20b9f533d418a12331dd80ec7b1013,1014885,Lee2019_MI,Q15-E007,BROAD_EEGNET,20260926,0.6592150926589966,0.3407849669456482,1
s18_1_offline_train_t053,18,1,offline_train,1,session1/s18/sess01_subj18_EEG_MI.mat,8ef8fd343531e428188af60cf0b23d14eb20b9f533d418a12331dd80ec7b1013,1026118,Lee2019_MI,Q15-E007,BROAD_EEGNET,20260926,0.8939856290817261,0.10601433366537094,1
s18_1_offline_train_t054,18,1,offline_train,2,session1/s18/sess01_subj18_EEG_MI.mat,8ef8fd343531e428188af60cf0b23d14eb20b9f533d418a12331dd80ec7b1013,1036801,Lee2019_MI,Q15-E007,BROAD_EEGNET,20260926,0.30377185344696045,0.6962281465530396,2
s18_1_offline_train_t055,18,1,offline_train,1,session1/s18/sess01_subj18_EEG_MI.mat,8ef8fd343531e428188af60cf0b23d14eb20b9f533d418a12331dd80ec7b1013,1047484,Lee2019_MI,Q15-E007,BROAD_EEGNET,20260926,0.7473456859588623,0.2526542842388153,1
s18_1_offline_train_t056,18,1,offline_train,1,session1/s18/sess01_subj18_EEG_MI.mat,8ef8fd343531e428188af60cf0b23d14eb20b9f533d418a12331dd80ec7b1013,1058534,Lee2019_MI,Q15-E007,BROAD_EEGNET,20260926,0.7889325618743896,0.21106740832328796,1
s18_1_offline_train_t057,18,1,offline_train,2,session1/s18/sess01_subj18_EEG_MI.mat,8ef8fd343531e428188af60cf0b23d14eb20b9f533d418a12331dd80ec7b1013,1070051,Lee2019_MI,Q15-E007,BROAD_EEGNET,20260926,0.6615797281265259,0.3384202718734741,1
s18_1_offline_train_t058,18,1,offline_train,2,session1/s18/sess01_subj18_EEG_MI.mat,8ef8fd343531e428188af60cf0b23d14eb20b9f533d418a12331dd80ec7b1013,1080917,Lee2019_MI,Q15-E007,BROAD_EEGNET,20260926,0.4266621172428131,0.5733378529548645,2
s18_1_offline_train_t059,18,1,offline_train,1,session1/s18/sess01_subj18_EEG_MI.mat,8ef8fd343531e428188af60cf0b23d14eb20b9f533d418a12331dd80ec7b1013,1092067,Lee2019_MI,Q15-E007,BROAD_EEGNET,20260926,0.8174487948417664,0.18255123496055603,1
s18_1_offline_train_t060,18,1,offline_train,1,session1/s18/sess01_subj18_EEG_MI.mat,8ef8fd343531e428188af60cf0b23d14eb20b9f533d418a12331dd80ec7b1013,1102833,Lee2019_MI,Q15-E007,BROAD_EEGNET,20260926,0.855294406414032,0.14470554888248444,1
s18_1_offline_train_t061,18,1,offline_train,2,session1/s18/sess01_subj18_EEG_MI.mat,8ef8fd343531e428188af60cf0b23d14eb20b9f533d418a12331dd80ec7b1013,1114167,Lee2019_MI,Q15-E007,BROAD_EEGNET,20260926,0.40381163358688354,0.5961883664131165,2
s18_1_offline_train_t062,18,1,offline_train,2,session1/s18/sess01_subj18_EEG_MI.mat,8ef8fd343531e428188af60cf0b23d14eb20b9f533d418a12331dd80ec7b1013,1124950,Lee2019_MI,Q15-E007,BROAD_EEGNET,20260926,0.44201627373695374,0.5579837560653687,2
s18_1_offline_train_t063,18,1,offline_train,1,session1/s18/sess01_subj18_EEG_MI.mat,8ef8fd343531e428188af60cf0b23d14eb20b9f533d418a12331dd80ec7b1013,1135999,Lee2019_MI,Q15-E007,BROAD_EEGNET,20260926,0.8538220524787903,0.14617791771888733,1
s18_1_offline_train_t064,18,1,offline_train,2,session1/s18/sess01_subj18_EEG_MI.mat,8ef8fd343531e428188af60cf0b23d14eb20b9f533d418a12331dd80ec7b1013,1147233,Lee2019_MI,Q15-E007,BROAD_EEGNET,20260926,0.4298252761363983,0.5701747536659241,2
s18_1_offline_train_t065,18,1,offline_train,2,session1/s18/sess01_subj18_EEG_MI.mat,8ef8fd343531e428188af60cf0b23d14eb20b9f533d418a12331dd80ec7b1013,1158649,Lee2019_MI,Q15-E007,BROAD_EEGNET,20260926,0.17843219637870789,0.8215677738189697,2
s18_1_offline_train_t066,18,1,offline_train,2,session1/s18/sess01_subj18_EEG_MI.mat,8ef8fd343531e428188af60cf0b23d14eb20b9f533d418a12331dd80ec7b1013,1170165,Lee2019_MI,Q15-E007,BROAD_EEGNET,20260926,0.634001612663269,0.36599838733673096,1
s18_1_offline_train_t067,18,1,offline_train,2,session1/s18/sess01_subj18_EEG_MI.mat,8ef8fd343531e428188af60cf0b23d14eb20b9f533d418a12331dd80ec7b1013,1181232,Lee2019_MI,Q15-E007,BROAD_EEGNET,20260926,0.17336750030517578,0.8266324996948242,2
s18_1_offline_train_t068,18,1,offline_train,1,session1/s18/sess01_subj18_EEG_MI.mat,8ef8fd343531e428188af60cf0b23d14eb20b9f533d418a12331dd80ec7b1013,1191915,Lee2019_MI,Q15-E007,BROAD_EEGNET,20260926,0.6845693588256836,0.3154306709766388,1
s18_1_offline_train_t069,18,1,offline_train,1,session1/s18/sess01_subj18_EEG_MI.mat,8ef8fd343531e428188af60cf0b23d14eb20b9f533d418a12331dd80ec7b1013,1202581,Lee2019_MI,Q15-E007,BROAD_EEGNET,20260926,0.7229844927787781,0.2770155072212219,1
s18_1_offline_train_t070,18,1,offline_train,2,session1/s18/sess01_subj18_EEG_MI.mat,8ef8fd343531e428188af60cf0b23d14eb20b9f533d418a12331dd80ec7b1013,1213365,Lee2019_MI,Q15-E007,BROAD_EEGNET,20260926,0.33847150206565857,0.6615285277366638,2
s18_1_offline_train_t071,18,1,offline_train,1,session1/s18/sess01_subj18_EEG_MI.mat,8ef8fd343531e428188af60cf0b23d14eb20b9f533d418a12331dd80ec7b1013,1224781,Lee2019_MI,Q15-E007,BROAD_EEGNET,20260926,0.8910011053085327,0.10899892449378967,1
s18_1_offline_train_t072,18,1,offline_train,2,session1/s18/sess01_subj18_EEG_MI.mat,8ef8fd343531e428188af60cf0b23d14eb20b9f533d418a12331dd80ec7b1013,1235564,Lee2019_MI,Q15-E007,BROAD_EEGNET,20260926,0.23514306545257568,0.7648569345474243,2
s18_1_offline_train_t073,18,1,offline_train,2,session1/s18/sess01_subj18_EEG_MI.mat,8ef8fd343531e428188af60cf0b23d14eb20b9f533d418a12331dd80ec7b1013,1246898,Lee2019_MI,Q15-E007,BROAD_EEGNET,20260926,0.20548690855503082,0.7945130467414856,2
s18_1_offline_train_t074,18,1,offline_train,2,session1/s18/sess01_subj18_EEG_MI.mat,8ef8fd343531e428188af60cf0b23d14eb20b9f533d418a12331dd80ec7b1013,1257664,Lee2019_MI,Q15-E007,BROAD_EEGNET,20260926,0.39745867252349854,0.6025413274765015,2
s18_1_offline_train_t075,18,1,offline_train,1,session1/s18/sess01_subj18_EEG_MI.mat,8ef8fd343531e428188af60cf0b23d14eb20b9f533d418a12331dd80ec7b1013,1269180,Lee2019_MI,Q15-E007,BROAD_EEGNET,20260926,0.9820059537887573,0.017994094640016556,1
s18_1_offline_train_t076,18,1,offline_train,2,session1/s18/sess01_subj18_EEG_MI.mat,8ef8fd343531e428188af60cf0b23d14eb20b9f533d418a12331dd80ec7b1013,1280047,Lee2019_MI,Q15-E007,BROAD_EEGNET,20260926,0.37989652156829834,0.6201034784317017,2
s18_1_offline_train_t077,18,1,offline_train,1,session1/s18/sess01_subj18_EEG_MI.mat,8ef8fd343531e428188af60cf0b23d14eb20b9f533d418a12331dd80ec7b1013,1290830,Lee2019_MI,Q15-E007,BROAD_EEGNET,20260926,0.8840833306312561,0.11591663211584091,1
s18_1_offline_train_t078,18,1,offline_train,1,session1/s18/sess01_subj18_EEG_MI.mat,8ef8fd343531e428188af60cf0b23d14eb20b9f533d418a12331dd80ec7b1013,1301596,Lee2019_MI,Q15-E007,BROAD_EEGNET,20260926,0.879101037979126,0.12089895457029343,1
s18_1_offline_train_t079,18,1,offline_train,2,session1/s18/sess01_subj18_EEG_MI.mat,8ef8fd343531e428188af60cf0b23d14eb20b9f533d418a12331dd80ec7b1013,1312746,Lee2019_MI,Q15-E007,BROAD_EEGNET,20260926,0.4938337206840515,0.5061662793159485,2
s18_1_offline_train_t080,18,1,offline_train,2,session1/s18/sess01_subj18_EEG_MI.mat,8ef8fd343531e428188af60cf0b23d14eb20b9f533d418a12331dd80ec7b1013,1323796,Lee2019_MI,Q15-E007,BROAD_EEGNET,20260926,0.26877695322036743,0.7312231063842773,2
s18_1_offline_train_t081,18,1,offline_train,2,session1/s18/sess01_subj18_EEG_MI.mat,8ef8fd343531e428188af60cf0b23d14eb20b9f533d418a12331dd80ec7b1013,1334662,Lee2019_MI,Q15-E007,BROAD_EEGNET,20260926,0.3785349428653717,0.6214650273323059,2
s18_1_offline_train_t082,18,1,offline_train,1,session1/s18/sess01_subj18_EEG_MI.mat,8ef8fd343531e428188af60cf0b23d14eb20b9f533d418a12331dd80ec7b1013,1346079,Lee2019_MI,Q15-E007,BROAD_EEGNET,20260926,0.8969404101371765,0.10305958986282349,1
s18_1_offline_train_t083,18,1,offline_train,2,session1/s18/sess01_subj18_EEG_MI.mat,8ef8fd343531e428188af60cf0b23d14eb20b9f533d418a12331dd80ec7b1013,1357229,Lee2019_MI,Q15-E007,BROAD_EEGNET,20260926,0.36499685049057007,0.6350031495094299,2
s18_1_offline_train_t084,18,1,offline_train,2,session1/s18/sess01_subj18_EEG_MI.mat,8ef8fd343531e428188af60cf0b23d14eb20b9f533d418a12331dd80ec7b1013,1368378,Lee2019_MI,Q15-E007,BROAD_EEGNET,20260926,0.11856132000684738,0.881438672542572,2
s18_1_offline_train_t085,18,1,offline_train,1,session1/s18/sess01_subj18_EEG_MI.mat,8ef8fd343531e428188af60cf0b23d14eb20b9f533d418a12331dd80ec7b1013,1379894,Lee2019_MI,Q15-E007,BROAD_EEGNET,20260926,0.8965060710906982,0.10349390655755997,1
s18_1_offline_train_t086,18,1,offline_train,2,session1/s18/sess01_subj18_EEG_MI.mat,8ef8fd343531e428188af60cf0b23d14eb20b9f533d418a12331dd80ec7b1013,1390761,Lee2019_MI,Q15-E007,BROAD_EEGNET,20260926,0.3319861888885498,0.6680138111114502,2
s18_1_offline_train_t087,18,1,offline_train,1,session1/s18/sess01_subj18_EEG_MI.mat,8ef8fd343531e428188af60cf0b23d14eb20b9f533d418a12331dd80ec7b1013,1402094,Lee2019_MI,Q15-E007,BROAD_EEGNET,20260926,0.7933576107025146,0.20664240419864655,1
s18_1_offline_train_t088,18,1,offline_train,2,session1/s18/sess01_subj18_EEG_MI.mat,8ef8fd343531e428188af60cf0b23d14eb20b9f533d418a12331dd80ec7b1013,1413428,Lee2019_MI,Q15-E007,BROAD_EEGNET,20260926,0.5443322062492371,0.4556678235530853,1
s18_1_offline_train_t089,18,1,offline_train,2,session1/s18/sess01_subj18_EEG_MI.mat,8ef8fd343531e428188af60cf0b23d14eb20b9f533d418a12331dd80ec7b1013,1424377,Lee2019_MI,Q15-E007,BROAD_EEGNET,20260926,0.2102069854736328,0.7897930145263672,2
s18_1_offline_train_t090,18,1,offline_train,2,session1/s18/sess01_subj18_EEG_MI.mat,8ef8fd343531e428188af60cf0b23d14eb20b9f533d418a12331dd80ec7b1013,1435527,Lee2019_MI,Q15-E007,BROAD_EEGNET,20260926,0.6144415736198425,0.38555848598480225,1
s18_1_offline_train_t091,18,1,offline_train,2,session1/s18/sess01_subj18_EEG_MI.mat,8ef8fd343531e428188af60cf0b23d14eb20b9f533d418a12331dd80ec7b1013,1446110,Lee2019_MI,Q15-E007,BROAD_EEGNET,20260926,0.1967136561870575,0.8032863140106201,2
s18_1_offline_train_t092,18,1,offline_train,2,session1/s18/sess01_subj18_EEG_MI.mat,8ef8fd343531e428188af60cf0b23d14eb20b9f533d418a12331dd80ec7b1013,1456710,Lee2019_MI,Q15-E007,BROAD_EEGNET,20260926,0.6473768353462219,0.3526231348514557,1
s18_1_offline_train_t093,18,1,offline_train,1,session1/s18/sess01_subj18_EEG_MI.mat,8ef8fd343531e428188af60cf0b23d14eb20b9f533d418a12331dd80ec7b1013,1467760,Lee2019_MI,Q15-E007,BROAD_EEGNET,20260926,0.8518229722976685,0.14817701280117035,1
s18_1_offline_train_t094,18,1,offline_train,2,session1/s18/sess01_subj18_EEG_MI.mat,8ef8fd343531e428188af60cf0b23d14eb20b9f533d418a12331dd80ec7b1013,1479093,Lee2019_MI,Q15-E007,BROAD_EEGNET,20260926,0.14922308921813965,0.8507768511772156,2
s18_1_offline_train_t095,18,1,offline_train,1,session1/s18/sess01_subj18_EEG_MI.mat,8ef8fd343531e428188af60cf0b23d14eb20b9f533d418a12331dd80ec7b1013,1490610,Lee2019_MI,Q15-E007,BROAD_EEGNET,20260926,0.8198248744010925,0.18017515540122986,1
s18_1_offline_train_t096,18,1,offline_train,1,session1/s18/sess01_subj18_EEG_MI.mat,8ef8fd343531e428188af60cf0b23d14eb20b9f533d418a12331dd80ec7b1013,1501276,Lee2019_MI,Q15-E007,BROAD_EEGNET,20260926,0.8601099848747253,0.13989001512527466,1
s18_1_offline_train_t097,18,1,offline_train,2,session1/s18/sess01_subj18_EEG_MI.mat,8ef8fd343531e428188af60cf0b23d14eb20b9f533d418a12331dd80ec7b1013,1512426,Lee2019_MI,Q15-E007,BROAD_EEGNET,20260926,0.6399575471878052,0.36004242300987244,1
s18_1_offline_train_t098,18,1,offline_train,1,session1/s18/sess01_subj18_EEG_MI.mat,8ef8fd343531e428188af60cf0b23d14eb20b9f533d418a12331dd80ec7b1013,1523475,Lee2019_MI,Q15-E007,BROAD_EEGNET,20260926,0.9554607272148132,0.04453922063112259,1
s18_1_offline_train_t099,18,1,offline_train,2,session1/s18/sess01_subj18_EEG_MI.mat,8ef8fd343531e428188af60cf0b23d14eb20b9f533d418a12331dd80ec7b1013,1534075,Lee2019_MI,Q15-E007,BROAD_EEGNET,20260926,0.08901070803403854,0.9109892845153809,2
s18_1_offline_train_t100,18,1,offline_train,2,session1/s18/sess01_subj18_EEG_MI.mat,8ef8fd343531e428188af60cf0b23d14eb20b9f533d418a12331dd80ec7b1013,1544942,Lee2019_MI,Q15-E007,BROAD_EEGNET,20260926,0.45787525177001953,0.5421248078346252,2
s18_2_offline_train_t001,18,2,offline_train,1,session2/s18/sess02_subj18_EEG_MI.mat,b7af668a0ed7aa4c80cd9e96b07f2dabd325720ba0782f19e2f993d2e1d4a3eb,180852,Lee2019_MI,Q15-E007,BROAD_EEGNET,20260926,0.5075518488883972,0.4924481213092804,1
s18_2_offline_train_t002,18,2,offline_train,2,session2/s18/sess02_subj18_EEG_MI.mat,b7af668a0ed7aa4c80cd9e96b07f2dabd325720ba0782f19e2f993d2e1d4a3eb,192404,Lee2019_MI,Q15-E007,BROAD_EEGNET,20260926,0.6191012859344482,0.38089874386787415,1
s18_2_offline_train_t003,18,2,offline_train,1,session2/s18/sess02_subj18_EEG_MI.mat,b7af668a0ed7aa4c80cd9e96b07f2dabd325720ba0782f19e2f993d2e1d4a3eb,203070,Lee2019_MI,Q15-E007,BROAD_EEGNET,20260926,0.6705533266067505,0.3294467031955719,1
s18_2_offline_train_t004,18,2,offline_train,1,session2/s18/sess02_subj18_EEG_MI.mat,b7af668a0ed7aa4c80cd9e96b07f2dabd325720ba0782f19e2f993d2e1d4a3eb,214503,Lee2019_MI,Q15-E007,BROAD_EEGNET,20260926,0.6105902194976807,0.38940975069999695,1
s18_2_offline_train_t005,18,2,offline_train,2,session2/s18/sess02_subj18_EEG_MI.mat,b7af668a0ed7aa4c80cd9e96b07f2dabd325720ba0782f19e2f993d2e1d4a3eb,225653,Lee2019_MI,Q15-E007,BROAD_EEGNET,20260926,0.7606869339942932,0.2393130660057068,1
s18_2_offline_train_t006,18,2,offline_train,2,session2/s18/sess02_subj18_EEG_MI.mat,b7af668a0ed7aa4c80cd9e96b07f2dabd325720ba0782f19e2f993d2e1d4a3eb,236336,Lee2019_MI,Q15-E007,BROAD_EEGNET,20260926,0.41739341616630554,0.5826066136360168,2
s18_2_offline_train_t007,18,2,offline_train,1,session2/s18/sess02_subj18_EEG_MI.mat,b7af668a0ed7aa4c80cd9e96b07f2dabd325720ba0782f19e2f993d2e1d4a3eb,247202,Lee2019_MI,Q15-E007,BROAD_EEGNET,20260926,0.6426256895065308,0.357374370098114,1
s18_2_offline_train_t008,18,2,offline_train,2,session2/s18/sess02_subj18_EEG_MI.mat,b7af668a0ed7aa4c80cd9e96b07f2dabd325720ba0782f19e2f993d2e1d4a3eb,258335,Lee2019_MI,Q15-E007,BROAD_EEGNET,20260926,0.5989466905593872,0.4010533392429352,1
s18_2_offline_train_t009,18,2,offline_train,1,session2/s18/sess02_subj18_EEG_MI.mat,b7af668a0ed7aa4c80cd9e96b07f2dabd325720ba0782f19e2f993d2e1d4a3eb,269852,Lee2019_MI,Q15-E007,BROAD_EEGNET,20260926,0.6844881772994995,0.3155118227005005,1
s18_2_offline_train_t010,18,2,offline_train,1,session2/s18/sess02_subj18_EEG_MI.mat,b7af668a0ed7aa4c80cd9e96b07f2dabd325720ba0782f19e2f993d2e1d4a3eb,281368,Lee2019_MI,Q15-E007,BROAD_EEGNET,20260926,0.6596789360046387,0.34032106399536133,1
s18_2_offline_train_t011,18,2,offline_train,2,session2/s18/sess02_subj18_EEG_MI.mat,b7af668a0ed7aa4c80cd9e96b07f2dabd325720ba0782f19e2f993d2e1d4a3eb,292052,Lee2019_MI,Q15-E007,BROAD_EEGNET,20260926,0.46439653635025024,0.5356034636497498,2
s18_2_offline_train_t012,18,2,offline_train,2,session2/s18/sess02_subj18_EEG_MI.mat,b7af668a0ed7aa4c80cd9e96b07f2dabd325720ba0782f19e2f993d2e1d4a3eb,303568,Lee2019_MI,Q15-E007,BROAD_EEGNET,20260926,0.5561214089393616,0.44387856125831604,1
s18_2_offline_train_t013,18,2,offline_train,1,session2/s18/sess02_subj18_EEG_MI.mat,b7af668a0ed7aa4c80cd9e96b07f2dabd325720ba0782f19e2f993d2e1d4a3eb,315084,Lee2019_MI,Q15-E007,BROAD_EEGNET,20260926,0.7381759881973267,0.26182398200035095,1
s18_2_offline_train_t014,18,2,offline_train,1,session2/s18/sess02_subj18_EEG_MI.mat,b7af668a0ed7aa4c80cd9e96b07f2dabd325720ba0782f19e2f993d2e1d4a3eb,326134,Lee2019_MI,Q15-E007,BROAD_EEGNET,20260926,0.6493859887123108,0.3506139814853668,1
s18_2_offline_train_t015,18,2,offline_train,2,session2/s18/sess02_subj18_EEG_MI.mat,b7af668a0ed7aa4c80cd9e96b07f2dabd325720ba0782f19e2f993d2e1d4a3eb,337467,Lee2019_MI,Q15-E007,BROAD_EEGNET,20260926,0.3800366520881653,0.6199633479118347,2
s18_2_offline_train_t016,18,2,offline_train,1,session2/s18/sess02_subj18_EEG_MI.mat,b7af668a0ed7aa4c80cd9e96b07f2dabd325720ba0782f19e2f993d2e1d4a3eb,348151,Lee2019_MI,Q15-E007,BROAD_EEGNET,20260926,0.46362653374671936,0.536373496055603,2
s18_2_offline_train_t017,18,2,offline_train,1,session2/s18/sess02_subj18_EEG_MI.mat,b7af668a0ed7aa4c80cd9e96b07f2dabd325720ba0782f19e2f993d2e1d4a3eb,359117,Lee2019_MI,Q15-E007,BROAD_EEGNET,20260926,0.5736374855041504,0.426362544298172,1
s18_2_offline_train_t018,18,2,offline_train,1,session2/s18/sess02_subj18_EEG_MI.mat,b7af668a0ed7aa4c80cd9e96b07f2dabd325720ba0782f19e2f993d2e1d4a3eb,370634,Lee2019_MI,Q15-E007,BROAD_EEGNET,20260926,0.6366847157478333,0.36331528425216675,1
s18_2_offline_train_t019,18,2,offline_train,1,session2/s18/sess02_subj18_EEG_MI.mat,b7af668a0ed7aa4c80cd9e96b07f2dabd325720ba0782f19e2f993d2e1d4a3eb,381967,Lee2019_MI,Q15-E007,BROAD_EEGNET,20260926,0.4994056820869446,0.5005943179130554,2
s18_2_offline_train_t020,18,2,offline_train,2,session2/s18/sess02_subj18_EEG_MI.mat,b7af668a0ed7aa4c80cd9e96b07f2dabd325720ba0782f19e2f993d2e1d4a3eb,393483,Lee2019_MI,Q15-E007,BROAD_EEGNET,20260926,0.25280889868736267,0.7471910715103149,2
s18_2_offline_train_t021,18,2,offline_train,2,session2/s18/sess02_subj18_EEG_MI.mat,b7af668a0ed7aa4c80cd9e96b07f2dabd325720ba0782f19e2f993d2e1d4a3eb,404716,Lee2019_MI,Q15-E007,BROAD_EEGNET,20260926,0.48918887972831726,0.5108111500740051,2
s18_2_offline_train_t022,18,2,offline_train,1,session2/s18/sess02_subj18_EEG_MI.mat,b7af668a0ed7aa4c80cd9e96b07f2dabd325720ba0782f19e2f993d2e1d4a3eb,415299,Lee2019_MI,Q15-E007,BROAD_EEGNET,20260926,0.566025972366333,0.4339739978313446,1
s18_2_offline_train_t023,18,2,offline_train,2,session2/s18/sess02_subj18_EEG_MI.mat,b7af668a0ed7aa4c80cd9e96b07f2dabd325720ba0782f19e2f993d2e1d4a3eb,426731,Lee2019_MI,Q15-E007,BROAD_EEGNET,20260926,0.47063952684402466,0.5293604731559753,2
s18_2_offline_train_t024,18,2,offline_train,2,session2/s18/sess02_subj18_EEG_MI.mat,b7af668a0ed7aa4c80cd9e96b07f2dabd325720ba0782f19e2f993d2e1d4a3eb,438249,Lee2019_MI,Q15-E007,BROAD_EEGNET,20260926,0.38692647218704224,0.6130735278129578,2
s18_2_offline_train_t025,18,2,offline_train,2,session2/s18/sess02_subj18_EEG_MI.mat,b7af668a0ed7aa4c80cd9e96b07f2dabd325720ba0782f19e2f993d2e1d4a3eb,449482,Lee2019_MI,Q15-E007,BROAD_EEGNET,20260926,0.7852585911750793,0.21474146842956543,1
s18_2_offline_train_t026,18,2,offline_train,1,session2/s18/sess02_subj18_EEG_MI.mat,b7af668a0ed7aa4c80cd9e96b07f2dabd325720ba0782f19e2f993d2e1d4a3eb,460815,Lee2019_MI,Q15-E007,BROAD_EEGNET,20260926,0.7912759780883789,0.20872405171394348,1
s18_2_offline_train_t027,18,2,offline_train,2,session2/s18/sess02_subj18_EEG_MI.mat,b7af668a0ed7aa4c80cd9e96b07f2dabd325720ba0782f19e2f993d2e1d4a3eb,472148,Lee2019_MI,Q15-E007,BROAD_EEGNET,20260926,0.5165708065032959,0.4834292232990265,1
s18_2_offline_train_t028,18,2,offline_train,1,session2/s18/sess02_subj18_EEG_MI.mat,b7af668a0ed7aa4c80cd9e96b07f2dabd325720ba0782f19e2f993d2e1d4a3eb,483098,Lee2019_MI,Q15-E007,BROAD_EEGNET,20260926,0.5498780608177185,0.4501219391822815,1
s18_2_offline_train_t029,18,2,offline_train,1,session2/s18/sess02_subj18_EEG_MI.mat,b7af668a0ed7aa4c80cd9e96b07f2dabd325720ba0782f19e2f993d2e1d4a3eb,494348,Lee2019_MI,Q15-E007,BROAD_EEGNET,20260926,0.8624241948127747,0.13757580518722534,1
s18_2_offline_train_t030,18,2,offline_train,2,session2/s18/sess02_subj18_EEG_MI.mat,b7af668a0ed7aa4c80cd9e96b07f2dabd325720ba0782f19e2f993d2e1d4a3eb,505115,Lee2019_MI,Q15-E007,BROAD_EEGNET,20260926,0.5018352270126343,0.4981647729873657,1
s18_2_offline_train_t031,18,2,offline_train,1,session2/s18/sess02_subj18_EEG_MI.mat,b7af668a0ed7aa4c80cd9e96b07f2dabd325720ba0782f19e2f993d2e1d4a3eb,516348,Lee2019_MI,Q15-E007,BROAD_EEGNET,20260926,0.7026547193527222,0.29734525084495544,1
s18_2_offline_train_t032,18,2,offline_train,2,session2/s18/sess02_subj18_EEG_MI.mat,b7af668a0ed7aa4c80cd9e96b07f2dabd325720ba0782f19e2f993d2e1d4a3eb,526948,Lee2019_MI,Q15-E007,BROAD_EEGNET,20260926,0.48652714490890503,0.513472855091095,2
s18_2_offline_train_t033,18,2,offline_train,1,session2/s18/sess02_subj18_EEG_MI.mat,b7af668a0ed7aa4c80cd9e96b07f2dabd325720ba0782f19e2f993d2e1d4a3eb,537813,Lee2019_MI,Q15-E007,BROAD_EEGNET,20260926,0.8341659307479858,0.16583406925201416,1
s18_2_offline_train_t034,18,2,offline_train,2,session2/s18/sess02_subj18_EEG_MI.mat,b7af668a0ed7aa4c80cd9e96b07f2dabd325720ba0782f19e2f993d2e1d4a3eb,548397,Lee2019_MI,Q15-E007,BROAD_EEGNET,20260926,0.48877960443496704,0.5112204551696777,2
s18_2_offline_train_t035,18,2,offline_train,2,session2/s18/sess02_subj18_EEG_MI.mat,b7af668a0ed7aa4c80cd9e96b07f2dabd325720ba0782f19e2f993d2e1d4a3eb,559080,Lee2019_MI,Q15-E007,BROAD_EEGNET,20260926,0.46228596568107605,0.5377140641212463,2
s18_2_offline_train_t036,18,2,offline_train,1,session2/s18/sess02_subj18_EEG_MI.mat,b7af668a0ed7aa4c80cd9e96b07f2dabd325720ba0782f19e2f993d2e1d4a3eb,570413,Lee2019_MI,Q15-E007,BROAD_EEGNET,20260926,0.8221620917320251,0.17783789336681366,1
s18_2_offline_train_t037,18,2,offline_train,1,session2/s18/sess02_subj18_EEG_MI.mat,b7af668a0ed7aa4c80cd9e96b07f2dabd325720ba0782f19e2f993d2e1d4a3eb,581646,Lee2019_MI,Q15-E007,BROAD_EEGNET,20260926,0.7324501872062683,0.2675497531890869,1
s18_2_offline_train_t038,18,2,offline_train,2,session2/s18/sess02_subj18_EEG_MI.mat,b7af668a0ed7aa4c80cd9e96b07f2dabd325720ba0782f19e2f993d2e1d4a3eb,592513,Lee2019_MI,Q15-E007,BROAD_EEGNET,20260926,0.33495208621025085,0.6650478839874268,2
s18_2_offline_train_t039,18,2,offline_train,1,session2/s18/sess02_subj18_EEG_MI.mat,b7af668a0ed7aa4c80cd9e96b07f2dabd325720ba0782f19e2f993d2e1d4a3eb,604029,Lee2019_MI,Q15-E007,BROAD_EEGNET,20260926,0.7569929957389832,0.24300703406333923,1
s18_2_offline_train_t040,18,2,offline_train,1,session2/s18/sess02_subj18_EEG_MI.mat,b7af668a0ed7aa4c80cd9e96b07f2dabd325720ba0782f19e2f993d2e1d4a3eb,614612,Lee2019_MI,Q15-E007,BROAD_EEGNET,20260926,0.8284054398536682,0.1715945452451706,1
s18_2_offline_train_t041,18,2,offline_train,1,session2/s18/sess02_subj18_EEG_MI.mat,b7af668a0ed7aa4c80cd9e96b07f2dabd325720ba0782f19e2f993d2e1d4a3eb,625579,Lee2019_MI,Q15-E007,BROAD_EEGNET,20260926,0.5241202116012573,0.47587981820106506,1
s18_2_offline_train_t042,18,2,offline_train,1,session2/s18/sess02_subj18_EEG_MI.mat,b7af668a0ed7aa4c80cd9e96b07f2dabd325720ba0782f19e2f993d2e1d4a3eb,636545,Lee2019_MI,Q15-E007,BROAD_EEGNET,20260926,0.5185198187828064,0.481480211019516,1
s18_2_offline_train_t043,18,2,offline_train,2,session2/s18/sess02_subj18_EEG_MI.mat,b7af668a0ed7aa4c80cd9e96b07f2dabd325720ba0782f19e2f993d2e1d4a3eb,647879,Lee2019_MI,Q15-E007,BROAD_EEGNET,20260926,0.46994394063949585,0.5300560593605042,2
s18_2_offline_train_t044,18,2,offline_train,1,session2/s18/sess02_subj18_EEG_MI.mat,b7af668a0ed7aa4c80cd9e96b07f2dabd325720ba0782f19e2f993d2e1d4a3eb,659195,Lee2019_MI,Q15-E007,BROAD_EEGNET,20260926,0.8916287422180176,0.108371302485466,1
s18_2_offline_train_t045,18,2,offline_train,2,session2/s18/sess02_subj18_EEG_MI.mat,b7af668a0ed7aa4c80cd9e96b07f2dabd325720ba0782f19e2f993d2e1d4a3eb,669978,Lee2019_MI,Q15-E007,BROAD_EEGNET,20260926,0.36088699102401733,0.6391130685806274,2
s18_2_offline_train_t046,18,2,offline_train,1,session2/s18/sess02_subj18_EEG_MI.mat,b7af668a0ed7aa4c80cd9e96b07f2dabd325720ba0782f19e2f993d2e1d4a3eb,681028,Lee2019_MI,Q15-E007,BROAD_EEGNET,20260926,0.7470057010650635,0.25299426913261414,1
s18_2_offline_train_t047,18,2,offline_train,1,session2/s18/sess02_subj18_EEG_MI.mat,b7af668a0ed7aa4c80cd9e96b07f2dabd325720ba0782f19e2f993d2e1d4a3eb,691994,Lee2019_MI,Q15-E007,BROAD_EEGNET,20260926,0.5579217076301575,0.4420783221721649,1
s18_2_offline_train_t048,18,2,offline_train,1,session2/s18/sess02_subj18_EEG_MI.mat,b7af668a0ed7aa4c80cd9e96b07f2dabd325720ba0782f19e2f993d2e1d4a3eb,703227,Lee2019_MI,Q15-E007,BROAD_EEGNET,20260926,0.8874213099479675,0.11257873475551605,1
s18_2_offline_train_t049,18,2,offline_train,2,session2/s18/sess02_subj18_EEG_MI.mat,b7af668a0ed7aa4c80cd9e96b07f2dabd325720ba0782f19e2f993d2e1d4a3eb,714461,Lee2019_MI,Q15-E007,BROAD_EEGNET,20260926,0.46247825026512146,0.5375217199325562,2
s18_2_offline_train_t050,18,2,offline_train,1,session2/s18/sess02_subj18_EEG_MI.mat,b7af668a0ed7aa4c80cd9e96b07f2dabd325720ba0782f19e2f993d2e1d4a3eb,739177,Lee2019_MI,Q15-E007,BROAD_EEGNET,20260926,0.5610337257385254,0.4389662742614746,1
s18_2_offline_train_t051,18,2,offline_train,1,session2/s18/sess02_subj18_EEG_MI.mat,b7af668a0ed7aa4c80cd9e96b07f2dabd325720ba0782f19e2f993d2e1d4a3eb,750043,Lee2019_MI,Q15-E007,BROAD_EEGNET,20260926,0.4018409550189972,0.5981590151786804,2
s18_2_offline_train_t052,18,2,offline_train,1,session2/s18/sess02_subj18_EEG_MI.mat,b7af668a0ed7aa4c80cd9e96b07f2dabd325720ba0782f19e2f993d2e1d4a3eb,761276,Lee2019_MI,Q15-E007,BROAD_EEGNET,20260926,0.564635157585144,0.43536484241485596,1
s18_2_offline_train_t053,18,2,offline_train,1,session2/s18/sess02_subj18_EEG_MI.mat,b7af668a0ed7aa4c80cd9e96b07f2dabd325720ba0782f19e2f993d2e1d4a3eb,772510,Lee2019_MI,Q15-E007,BROAD_EEGNET,20260926,0.7376590371131897,0.2623409032821655,1
s18_2_offline_train_t054,18,2,offline_train,2,session2/s18/sess02_subj18_EEG_MI.mat,b7af668a0ed7aa4c80cd9e96b07f2dabd325720ba0782f19e2f993d2e1d4a3eb,783193,Lee2019_MI,Q15-E007,BROAD_EEGNET,20260926,0.6731997132301331,0.32680031657218933,1
s18_2_offline_train_t055,18,2,offline_train,1,session2/s18/sess02_subj18_EEG_MI.mat,b7af668a0ed7aa4c80cd9e96b07f2dabd325720ba0782f19e2f993d2e1d4a3eb,793876,Lee2019_MI,Q15-E007,BROAD_EEGNET,20260926,0.9375739097595215,0.062426116317510605,1
s18_2_offline_train_t056,18,2,offline_train,1,session2/s18/sess02_subj18_EEG_MI.mat,b7af668a0ed7aa4c80cd9e96b07f2dabd325720ba0782f19e2f993d2e1d4a3eb,804926,Lee2019_MI,Q15-E007,BROAD_EEGNET,20260926,0.7984665632247925,0.20153343677520752,1
s18_2_offline_train_t057,18,2,offline_train,2,session2/s18/sess02_subj18_EEG_MI.mat,b7af668a0ed7aa4c80cd9e96b07f2dabd325720ba0782f19e2f993d2e1d4a3eb,816442,Lee2019_MI,Q15-E007,BROAD_EEGNET,20260926,0.40385475754737854,0.5961452722549438,2
s18_2_offline_train_t058,18,2,offline_train,2,session2/s18/sess02_subj18_EEG_MI.mat,b7af668a0ed7aa4c80cd9e96b07f2dabd325720ba0782f19e2f993d2e1d4a3eb,827308,Lee2019_MI,Q15-E007,BROAD_EEGNET,20260926,0.40137872099876404,0.5986212491989136,2
s18_2_offline_train_t059,18,2,offline_train,1,session2/s18/sess02_subj18_EEG_MI.mat,b7af668a0ed7aa4c80cd9e96b07f2dabd325720ba0782f19e2f993d2e1d4a3eb,838458,Lee2019_MI,Q15-E007,BROAD_EEGNET,20260926,0.6464650630950928,0.3535349667072296,1
s18_2_offline_train_t060,18,2,offline_train,1,session2/s18/sess02_subj18_EEG_MI.mat,b7af668a0ed7aa4c80cd9e96b07f2dabd325720ba0782f19e2f993d2e1d4a3eb,849225,Lee2019_MI,Q15-E007,BROAD_EEGNET,20260926,0.5789687633514404,0.42103126645088196,1
s18_2_offline_train_t061,18,2,offline_train,2,session2/s18/sess02_subj18_EEG_MI.mat,b7af668a0ed7aa4c80cd9e96b07f2dabd325720ba0782f19e2f993d2e1d4a3eb,860558,Lee2019_MI,Q15-E007,BROAD_EEGNET,20260926,0.31079328060150146,0.6892067193984985,2
s18_2_offline_train_t062,18,2,offline_train,2,session2/s18/sess02_subj18_EEG_MI.mat,b7af668a0ed7aa4c80cd9e96b07f2dabd325720ba0782f19e2f993d2e1d4a3eb,871341,Lee2019_MI,Q15-E007,BROAD_EEGNET,20260926,0.28067201375961304,0.719327986240387,2
s18_2_offline_train_t063,18,2,offline_train,1,session2/s18/sess02_subj18_EEG_MI.mat,b7af668a0ed7aa4c80cd9e96b07f2dabd325720ba0782f19e2f993d2e1d4a3eb,882391,Lee2019_MI,Q15-E007,BROAD_EEGNET,20260926,0.6510844826698303,0.3489154577255249,1
s18_2_offline_train_t064,18,2,offline_train,2,session2/s18/sess02_subj18_EEG_MI.mat,b7af668a0ed7aa4c80cd9e96b07f2dabd325720ba0782f19e2f993d2e1d4a3eb,893624,Lee2019_MI,Q15-E007,BROAD_EEGNET,20260926,0.4131408929824829,0.5868590474128723,2
s18_2_offline_train_t065,18,2,offline_train,2,session2/s18/sess02_subj18_EEG_MI.mat,b7af668a0ed7aa4c80cd9e96b07f2dabd325720ba0782f19e2f993d2e1d4a3eb,905057,Lee2019_MI,Q15-E007,BROAD_EEGNET,20260926,0.49106302857398987,0.5089369416236877,2
s18_2_offline_train_t066,18,2,offline_train,2,session2/s18/sess02_subj18_EEG_MI.mat,b7af668a0ed7aa4c80cd9e96b07f2dabd325720ba0782f19e2f993d2e1d4a3eb,916574,Lee2019_MI,Q15-E007,BROAD_EEGNET,20260926,0.5783495306968689,0.4216504693031311,1
s18_2_offline_train_t067,18,2,offline_train,2,session2/s18/sess02_subj18_EEG_MI.mat,b7af668a0ed7aa4c80cd9e96b07f2dabd325720ba0782f19e2f993d2e1d4a3eb,927707,Lee2019_MI,Q15-E007,BROAD_EEGNET,20260926,0.4992126524448395,0.5007873177528381,2
s18_2_offline_train_t068,18,2,offline_train,1,session2/s18/sess02_subj18_EEG_MI.mat,b7af668a0ed7aa4c80cd9e96b07f2dabd325720ba0782f19e2f993d2e1d4a3eb,938390,Lee2019_MI,Q15-E007,BROAD_EEGNET,20260926,0.7323809862136841,0.2676190137863159,1
s18_2_offline_train_t069,18,2,offline_train,1,session2/s18/sess02_subj18_EEG_MI.mat,b7af668a0ed7aa4c80cd9e96b07f2dabd325720ba0782f19e2f993d2e1d4a3eb,949073,Lee2019_MI,Q15-E007,BROAD_EEGNET,20260926,0.6497875452041626,0.3502123951911926,1
s18_2_offline_train_t070,18,2,offline_train,2,session2/s18/sess02_subj18_EEG_MI.mat,b7af668a0ed7aa4c80cd9e96b07f2dabd325720ba0782f19e2f993d2e1d4a3eb,959856,Lee2019_MI,Q15-E007,BROAD_EEGNET,20260926,0.4601137042045593,0.5398862361907959,2
s18_2_offline_train_t071,18,2,offline_train,1,session2/s18/sess02_subj18_EEG_MI.mat,b7af668a0ed7aa4c80cd9e96b07f2dabd325720ba0782f19e2f993d2e1d4a3eb,971273,Lee2019_MI,Q15-E007,BROAD_EEGNET,20260926,0.6501489281654358,0.3498510718345642,1
s18_2_offline_train_t072,18,2,offline_train,2,session2/s18/sess02_subj18_EEG_MI.mat,b7af668a0ed7aa4c80cd9e96b07f2dabd325720ba0782f19e2f993d2e1d4a3eb,982039,Lee2019_MI,Q15-E007,BROAD_EEGNET,20260926,0.3407709300518036,0.659229040145874,2
s18_2_offline_train_t073,18,2,offline_train,2,session2/s18/sess02_subj18_EEG_MI.mat,b7af668a0ed7aa4c80cd9e96b07f2dabd325720ba0782f19e2f993d2e1d4a3eb,993372,Lee2019_MI,Q15-E007,BROAD_EEGNET,20260926,0.3968215882778168,0.6031783819198608,2
s18_2_offline_train_t074,18,2,offline_train,2,session2/s18/sess02_subj18_EEG_MI.mat,b7af668a0ed7aa4c80cd9e96b07f2dabd325720ba0782f19e2f993d2e1d4a3eb,1004155,Lee2019_MI,Q15-E007,BROAD_EEGNET,20260926,0.3165428936481476,0.6834571361541748,2
s18_2_offline_train_t075,18,2,offline_train,1,session2/s18/sess02_subj18_EEG_MI.mat,b7af668a0ed7aa4c80cd9e96b07f2dabd325720ba0782f19e2f993d2e1d4a3eb,1015672,Lee2019_MI,Q15-E007,BROAD_EEGNET,20260926,0.7271853685379028,0.27281466126441956,1
s18_2_offline_train_t076,18,2,offline_train,2,session2/s18/sess02_subj18_EEG_MI.mat,b7af668a0ed7aa4c80cd9e96b07f2dabd325720ba0782f19e2f993d2e1d4a3eb,1026538,Lee2019_MI,Q15-E007,BROAD_EEGNET,20260926,0.49885669350624084,0.5011432766914368,2
s18_2_offline_train_t077,18,2,offline_train,1,session2/s18/sess02_subj18_EEG_MI.mat,b7af668a0ed7aa4c80cd9e96b07f2dabd325720ba0782f19e2f993d2e1d4a3eb,1037305,Lee2019_MI,Q15-E007,BROAD_EEGNET,20260926,0.6384265422821045,0.3615734279155731,1
s18_2_offline_train_t078,18,2,offline_train,1,session2/s18/sess02_subj18_EEG_MI.mat,b7af668a0ed7aa4c80cd9e96b07f2dabd325720ba0782f19e2f993d2e1d4a3eb,1048088,Lee2019_MI,Q15-E007,BROAD_EEGNET,20260926,0.7290241718292236,0.270975798368454,1
s18_2_offline_train_t079,18,2,offline_train,2,session2/s18/sess02_subj18_EEG_MI.mat,b7af668a0ed7aa4c80cd9e96b07f2dabd325720ba0782f19e2f993d2e1d4a3eb,1059221,Lee2019_MI,Q15-E007,BROAD_EEGNET,20260926,0.4350055158138275,0.5649945139884949,2
s18_2_offline_train_t080,18,2,offline_train,2,session2/s18/sess02_subj18_EEG_MI.mat,b7af668a0ed7aa4c80cd9e96b07f2dabd325720ba0782f19e2f993d2e1d4a3eb,1070287,Lee2019_MI,Q15-E007,BROAD_EEGNET,20260926,0.26118582487106323,0.738814115524292,2
s18_2_offline_train_t081,18,2,offline_train,2,session2/s18/sess02_subj18_EEG_MI.mat,b7af668a0ed7aa4c80cd9e96b07f2dabd325720ba0782f19e2f993d2e1d4a3eb,1081237,Lee2019_MI,Q15-E007,BROAD_EEGNET,20260926,0.4461575746536255,0.5538424253463745,2
s18_2_offline_train_t082,18,2,offline_train,1,session2/s18/sess02_subj18_EEG_MI.mat,b7af668a0ed7aa4c80cd9e96b07f2dabd325720ba0782f19e2f993d2e1d4a3eb,1092670,Lee2019_MI,Q15-E007,BROAD_EEGNET,20260926,0.5484323501586914,0.451567679643631,1
s18_2_offline_train_t083,18,2,offline_train,2,session2/s18/sess02_subj18_EEG_MI.mat,b7af668a0ed7aa4c80cd9e96b07f2dabd325720ba0782f19e2f993d2e1d4a3eb,1103803,Lee2019_MI,Q15-E007,BROAD_EEGNET,20260926,0.41927674412727356,0.5807232856750488,2
s18_2_offline_train_t084,18,2,offline_train,2,session2/s18/sess02_subj18_EEG_MI.mat,b7af668a0ed7aa4c80cd9e96b07f2dabd325720ba0782f19e2f993d2e1d4a3eb,1114953,Lee2019_MI,Q15-E007,BROAD_EEGNET,20260926,0.3513568639755249,0.6486430764198303,2
s18_2_offline_train_t085,18,2,offline_train,1,session2/s18/sess02_subj18_EEG_MI.mat,b7af668a0ed7aa4c80cd9e96b07f2dabd325720ba0782f19e2f993d2e1d4a3eb,1126386,Lee2019_MI,Q15-E007,BROAD_EEGNET,20260926,0.6481668949127197,0.35183316469192505,1
s18_2_offline_train_t086,18,2,offline_train,2,session2/s18/sess02_subj18_EEG_MI.mat,b7af668a0ed7aa4c80cd9e96b07f2dabd325720ba0782f19e2f993d2e1d4a3eb,1137253,Lee2019_MI,Q15-E007,BROAD_EEGNET,20260926,0.48871105909347534,0.5112889409065247,2
s18_2_offline_train_t087,18,2,offline_train,1,session2/s18/sess02_subj18_EEG_MI.mat,b7af668a0ed7aa4c80cd9e96b07f2dabd325720ba0782f19e2f993d2e1d4a3eb,1148569,Lee2019_MI,Q15-E007,BROAD_EEGNET,20260926,0.5759201645851135,0.42407986521720886,1
s18_2_offline_train_t088,18,2,offline_train,2,session2/s18/sess02_subj18_EEG_MI.mat,b7af668a0ed7aa4c80cd9e96b07f2dabd325720ba0782f19e2f993d2e1d4a3eb,1159902,Lee2019_MI,Q15-E007,BROAD_EEGNET,20260926,0.5818922519683838,0.41810768842697144,1
s18_2_offline_train_t089,18,2,offline_train,2,session2/s18/sess02_subj18_EEG_MI.mat,b7af668a0ed7aa4c80cd9e96b07f2dabd325720ba0782f19e2f993d2e1d4a3eb,1170869,Lee2019_MI,Q15-E007,BROAD_EEGNET,20260926,0.5047957897186279,0.49520421028137207,1
s18_2_offline_train_t090,18,2,offline_train,2,session2/s18/sess02_subj18_EEG_MI.mat,b7af668a0ed7aa4c80cd9e96b07f2dabd325720ba0782f19e2f993d2e1d4a3eb,1182019,Lee2019_MI,Q15-E007,BROAD_EEGNET,20260926,0.5071942210197449,0.4928057789802551,1
s18_2_offline_train_t091,18,2,offline_train,2,session2/s18/sess02_subj18_EEG_MI.mat,b7af668a0ed7aa4c80cd9e96b07f2dabd325720ba0782f19e2f993d2e1d4a3eb,1192602,Lee2019_MI,Q15-E007,BROAD_EEGNET,20260926,0.26606136560440063,0.7339386343955994,2
s18_2_offline_train_t092,18,2,offline_train,2,session2/s18/sess02_subj18_EEG_MI.mat,b7af668a0ed7aa4c80cd9e96b07f2dabd325720ba0782f19e2f993d2e1d4a3eb,1203185,Lee2019_MI,Q15-E007,BROAD_EEGNET,20260926,0.46273383498191833,0.537266194820404,2
s18_2_offline_train_t093,18,2,offline_train,1,session2/s18/sess02_subj18_EEG_MI.mat,b7af668a0ed7aa4c80cd9e96b07f2dabd325720ba0782f19e2f993d2e1d4a3eb,1214235,Lee2019_MI,Q15-E007,BROAD_EEGNET,20260926,0.5954184532165527,0.40458157658576965,1
s18_2_offline_train_t094,18,2,offline_train,2,session2/s18/sess02_subj18_EEG_MI.mat,b7af668a0ed7aa4c80cd9e96b07f2dabd325720ba0782f19e2f993d2e1d4a3eb,1225568,Lee2019_MI,Q15-E007,BROAD_EEGNET,20260926,0.5217034220695496,0.47829654812812805,1
s18_2_offline_train_t095,18,2,offline_train,1,session2/s18/sess02_subj18_EEG_MI.mat,b7af668a0ed7aa4c80cd9e96b07f2dabd325720ba0782f19e2f993d2e1d4a3eb,1237084,Lee2019_MI,Q15-E007,BROAD_EEGNET,20260926,0.7008967399597168,0.299103319644928,1
s18_2_offline_train_t096,18,2,offline_train,1,session2/s18/sess02_subj18_EEG_MI.mat,b7af668a0ed7aa4c80cd9e96b07f2dabd325720ba0782f19e2f993d2e1d4a3eb,1247767,Lee2019_MI,Q15-E007,BROAD_EEGNET,20260926,0.6713926792144775,0.32860732078552246,1
s18_2_offline_train_t097,18,2,offline_train,2,session2/s18/sess02_subj18_EEG_MI.mat,b7af668a0ed7aa4c80cd9e96b07f2dabd325720ba0782f19e2f993d2e1d4a3eb,1258917,Lee2019_MI,Q15-E007,BROAD_EEGNET,20260926,0.4618465006351471,0.5381534695625305,2
s18_2_offline_train_t098,18,2,offline_train,1,session2/s18/sess02_subj18_EEG_MI.mat,b7af668a0ed7aa4c80cd9e96b07f2dabd325720ba0782f19e2f993d2e1d4a3eb,1269967,Lee2019_MI,Q15-E007,BROAD_EEGNET,20260926,0.7245668172836304,0.27543318271636963,1
s18_2_offline_train_t099,18,2,offline_train,2,session2/s18/sess02_subj18_EEG_MI.mat,b7af668a0ed7aa4c80cd9e96b07f2dabd325720ba0782f19e2f993d2e1d4a3eb,1280550,Lee2019_MI,Q15-E007,BROAD_EEGNET,20260926,0.3664775788784027,0.6335223913192749,2
s18_2_offline_train_t100,18,2,offline_train,2,session2/s18/sess02_subj18_EEG_MI.mat,b7af668a0ed7aa4c80cd9e96b07f2dabd325720ba0782f19e2f993d2e1d4a3eb,1291417,Lee2019_MI,Q15-E007,BROAD_EEGNET,20260926,0.3572090268135071,0.6427909731864929,2
s18_1_offline_train_t001,18,1,offline_train,1,session1/s18/sess01_subj18_EEG_MI.mat,8ef8fd343531e428188af60cf0b23d14eb20b9f533d418a12331dd80ec7b1013,228583,Lee2019_MI,Q15-E007,MU_BETA_SHARED,20260924,0.8234319090843201,0.17656806111335754,1
s18_1_offline_train_t002,18,1,offline_train,2,session1/s18/sess01_subj18_EEG_MI.mat,8ef8fd343531e428188af60cf0b23d14eb20b9f533d418a12331dd80ec7b1013,239999,Lee2019_MI,Q15-E007,MU_BETA_SHARED,20260924,0.38682976365089417,0.6131702661514282,2
s18_1_offline_train_t003,18,1,offline_train,1,session1/s18/sess01_subj18_EEG_MI.mat,8ef8fd343531e428188af60cf0b23d14eb20b9f533d418a12331dd80ec7b1013,250683,Lee2019_MI,Q15-E007,MU_BETA_SHARED,20260924,0.839333176612854,0.1606668084859848,1
s18_1_offline_train_t004,18,1,offline_train,1,session1/s18/sess01_subj18_EEG_MI.mat,8ef8fd343531e428188af60cf0b23d14eb20b9f533d418a12331dd80ec7b1013,262099,Lee2019_MI,Q15-E007,MU_BETA_SHARED,20260924,0.7680301666259766,0.23196987807750702,1
s18_1_offline_train_t005,18,1,offline_train,2,session1/s18/sess01_subj18_EEG_MI.mat,8ef8fd343531e428188af60cf0b23d14eb20b9f533d418a12331dd80ec7b1013,273249,Lee2019_MI,Q15-E007,MU_BETA_SHARED,20260924,0.2050083428621292,0.794991672039032,2
s18_1_offline_train_t006,18,1,offline_train,2,session1/s18/sess01_subj18_EEG_MI.mat,8ef8fd343531e428188af60cf0b23d14eb20b9f533d418a12331dd80ec7b1013,283932,Lee2019_MI,Q15-E007,MU_BETA_SHARED,20260924,0.2710806131362915,0.7289193272590637,2
s18_1_offline_train_t007,18,1,offline_train,1,session1/s18/sess01_subj18_EEG_MI.mat,8ef8fd343531e428188af60cf0b23d14eb20b9f533d418a12331dd80ec7b1013,294798,Lee2019_MI,Q15-E007,MU_BETA_SHARED,20260924,0.6010998487472534,0.3989001214504242,1
s18_1_offline_train_t008,18,1,offline_train,2,session1/s18/sess01_subj18_EEG_MI.mat,8ef8fd343531e428188af60cf0b23d14eb20b9f533d418a12331dd80ec7b1013,305948,Lee2019_MI,Q15-E007,MU_BETA_SHARED,20260924,0.5951555371284485,0.40484440326690674,1
s18_1_offline_train_t009,18,1,offline_train,1,session1/s18/sess01_subj18_EEG_MI.mat,8ef8fd343531e428188af60cf0b23d14eb20b9f533d418a12331dd80ec7b1013,317464,Lee2019_MI,Q15-E007,MU_BETA_SHARED,20260924,0.9576712250709534,0.04232882335782051,1
s18_1_offline_train_t010,18,1,offline_train,1,session1/s18/sess01_subj18_EEG_MI.mat,8ef8fd343531e428188af60cf0b23d14eb20b9f533d418a12331dd80ec7b1013,328980,Lee2019_MI,Q15-E007,MU_BETA_SHARED,20260924,0.7178083658218384,0.2821916341781616,1
s18_1_offline_train_t011,18,1,offline_train,2,session1/s18/sess01_subj18_EEG_MI.mat,8ef8fd343531e428188af60cf0b23d14eb20b9f533d418a12331dd80ec7b1013,339664,Lee2019_MI,Q15-E007,MU_BETA_SHARED,20260924,0.7553480863571167,0.2446519434452057,1
s18_1_offline_train_t012,18,1,offline_train,2,session1/s18/sess01_subj18_EEG_MI.mat,8ef8fd343531e428188af60cf0b23d14eb20b9f533d418a12331dd80ec7b1013,351181,Lee2019_MI,Q15-E007,MU_BETA_SHARED,20260924,0.509627103805542,0.4903729259967804,1
s18_1_offline_train_t013,18,1,offline_train,1,session1/s18/sess01_subj18_EEG_MI.mat,8ef8fd343531e428188af60cf0b23d14eb20b9f533d418a12331dd80ec7b1013,362697,Lee2019_MI,Q15-E007,MU_BETA_SHARED,20260924,0.7616875171661377,0.2383124679327011,1
s18_1_offline_train_t014,18,1,offline_train,1,session1/s18/sess01_subj18_EEG_MI.mat,8ef8fd343531e428188af60cf0b23d14eb20b9f533d418a12331dd80ec7b1013,373747,Lee2019_MI,Q15-E007,MU_BETA_SHARED,20260924,0.58454829454422,0.4154517352581024,1
s18_1_offline_train_t015,18,1,offline_train,2,session1/s18/sess01_subj18_EEG_MI.mat,8ef8fd343531e428188af60cf0b23d14eb20b9f533d418a12331dd80ec7b1013,385080,Lee2019_MI,Q15-E007,MU_BETA_SHARED,20260924,0.620110034942627,0.37988996505737305,1
s18_1_offline_train_t016,18,1,offline_train,1,session1/s18/sess01_subj18_EEG_MI.mat,8ef8fd343531e428188af60cf0b23d14eb20b9f533d418a12331dd80ec7b1013,395763,Lee2019_MI,Q15-E007,MU_BETA_SHARED,20260924,0.9821100831031799,0.01788988709449768,1
s18_1_offline_train_t017,18,1,offline_train,1,session1/s18/sess01_subj18_EEG_MI.mat,8ef8fd343531e428188af60cf0b23d14eb20b9f533d418a12331dd80ec7b1013,406713,Lee2019_MI,Q15-E007,MU_BETA_SHARED,20260924,0.8999598026275635,0.10004018992185593,1
s18_1_offline_train_t018,18,1,offline_train,1,session1/s18/sess01_subj18_EEG_MI.mat,8ef8fd343531e428188af60cf0b23d14eb20b9f533d418a12331dd80ec7b1013,418146,Lee2019_MI,Q15-E007,MU_BETA_SHARED,20260924,0.965870201587677,0.034129757434129715,1
s18_1_offline_train_t019,18,1,offline_train,1,session1/s18/sess01_subj18_EEG_MI.mat,8ef8fd343531e428188af60cf0b23d14eb20b9f533d418a12331dd80ec7b1013,429479,Lee2019_MI,Q15-E007,MU_BETA_SHARED,20260924,0.9181802868843079,0.08181973546743393,1
s18_1_offline_train_t020,18,1,offline_train,2,session1/s18/sess01_subj18_EEG_MI.mat,8ef8fd343531e428188af60cf0b23d14eb20b9f533d418a12331dd80ec7b1013,440996,Lee2019_MI,Q15-E007,MU_BETA_SHARED,20260924,0.5746622681617737,0.4253377318382263,1
s18_1_offline_train_t021,18,1,offline_train,2,session1/s18/sess01_subj18_EEG_MI.mat,8ef8fd343531e428188af60cf0b23d14eb20b9f533d418a12331dd80ec7b1013,452229,Lee2019_MI,Q15-E007,MU_BETA_SHARED,20260924,0.28949952125549316,0.7105004787445068,2
s18_1_offline_train_t022,18,1,offline_train,1,session1/s18/sess01_subj18_EEG_MI.mat,8ef8fd343531e428188af60cf0b23d14eb20b9f533d418a12331dd80ec7b1013,462812,Lee2019_MI,Q15-E007,MU_BETA_SHARED,20260924,0.9910751581192017,0.008924812078475952,1
s18_1_offline_train_t023,18,1,offline_train,2,session1/s18/sess01_subj18_EEG_MI.mat,8ef8fd343531e428188af60cf0b23d14eb20b9f533d418a12331dd80ec7b1013,474245,Lee2019_MI,Q15-E007,MU_BETA_SHARED,20260924,0.8336769938468933,0.1663229912519455,1
s18_1_offline_train_t024,18,1,offline_train,2,session1/s18/sess01_subj18_EEG_MI.mat,8ef8fd343531e428188af60cf0b23d14eb20b9f533d418a12331dd80ec7b1013,485762,Lee2019_MI,Q15-E007,MU_BETA_SHARED,20260924,0.6407532095909119,0.3592468202114105,1
s18_1_offline_train_t025,18,1,offline_train,2,session1/s18/sess01_subj18_EEG_MI.mat,8ef8fd343531e428188af60cf0b23d14eb20b9f533d418a12331dd80ec7b1013,496995,Lee2019_MI,Q15-E007,MU_BETA_SHARED,20260924,0.32348284125328064,0.6765171885490417,2
s18_1_offline_train_t026,18,1,offline_train,1,session1/s18/sess01_subj18_EEG_MI.mat,8ef8fd343531e428188af60cf0b23d14eb20b9f533d418a12331dd80ec7b1013,508328,Lee2019_MI,Q15-E007,MU_BETA_SHARED,20260924,0.9506000280380249,0.0493999607861042,1
s18_1_offline_train_t027,18,1,offline_train,2,session1/s18/sess01_subj18_EEG_MI.mat,8ef8fd343531e428188af60cf0b23d14eb20b9f533d418a12331dd80ec7b1013,519661,Lee2019_MI,Q15-E007,MU_BETA_SHARED,20260924,0.3329336941242218,0.6670662760734558,2
s18_1_offline_train_t028,18,1,offline_train,1,session1/s18/sess01_subj18_EEG_MI.mat,8ef8fd343531e428188af60cf0b23d14eb20b9f533d418a12331dd80ec7b1013,530611,Lee2019_MI,Q15-E007,MU_BETA_SHARED,20260924,0.7317131757736206,0.268286794424057,1
s18_1_offline_train_t029,18,1,offline_train,1,session1/s18/sess01_subj18_EEG_MI.mat,8ef8fd343531e428188af60cf0b23d14eb20b9f533d418a12331dd80ec7b1013,541861,Lee2019_MI,Q15-E007,MU_BETA_SHARED,20260924,0.767877459526062,0.2321225106716156,1
s18_1_offline_train_t030,18,1,offline_train,2,session1/s18/sess01_subj18_EEG_MI.mat,8ef8fd343531e428188af60cf0b23d14eb20b9f533d418a12331dd80ec7b1013,552627,Lee2019_MI,Q15-E007,MU_BETA_SHARED,20260924,0.20428599417209625,0.7957140207290649,2
s18_1_offline_train_t031,18,1,offline_train,1,session1/s18/sess01_subj18_EEG_MI.mat,8ef8fd343531e428188af60cf0b23d14eb20b9f533d418a12331dd80ec7b1013,563860,Lee2019_MI,Q15-E007,MU_BETA_SHARED,20260924,0.8445248007774353,0.15547525882720947,1
s18_1_offline_train_t032,18,1,offline_train,2,session1/s18/sess01_subj18_EEG_MI.mat,8ef8fd343531e428188af60cf0b23d14eb20b9f533d418a12331dd80ec7b1013,574460,Lee2019_MI,Q15-E007,MU_BETA_SHARED,20260924,0.21299146115779877,0.78700852394104,2
s18_1_offline_train_t033,18,1,offline_train,1,session1/s18/sess01_subj18_EEG_MI.mat,8ef8fd343531e428188af60cf0b23d14eb20b9f533d418a12331dd80ec7b1013,585326,Lee2019_MI,Q15-E007,MU_BETA_SHARED,20260924,0.9579278826713562,0.0420721210539341,1
s18_1_offline_train_t034,18,1,offline_train,2,session1/s18/sess01_subj18_EEG_MI.mat,8ef8fd343531e428188af60cf0b23d14eb20b9f533d418a12331dd80ec7b1013,595909,Lee2019_MI,Q15-E007,MU_BETA_SHARED,20260924,0.40390607714653015,0.5960938930511475,2
s18_1_offline_train_t035,18,1,offline_train,2,session1/s18/sess01_subj18_EEG_MI.mat,8ef8fd343531e428188af60cf0b23d14eb20b9f533d418a12331dd80ec7b1013,606593,Lee2019_MI,Q15-E007,MU_BETA_SHARED,20260924,0.4820784032344818,0.5179215669631958,2
s18_1_offline_train_t036,18,1,offline_train,1,session1/s18/sess01_subj18_EEG_MI.mat,8ef8fd343531e428188af60cf0b23d14eb20b9f533d418a12331dd80ec7b1013,618009,Lee2019_MI,Q15-E007,MU_BETA_SHARED,20260924,0.5635589361190796,0.4364410638809204,1
s18_1_offline_train_t037,18,1,offline_train,1,session1/s18/sess01_subj18_EEG_MI.mat,8ef8fd343531e428188af60cf0b23d14eb20b9f533d418a12331dd80ec7b1013,629259,Lee2019_MI,Q15-E007,MU_BETA_SHARED,20260924,0.21018767356872559,0.7898123264312744,2
s18_1_offline_train_t038,18,1,offline_train,2,session1/s18/sess01_subj18_EEG_MI.mat,8ef8fd343531e428188af60cf0b23d14eb20b9f533d418a12331dd80ec7b1013,640125,Lee2019_MI,Q15-E007,MU_BETA_SHARED,20260924,0.06714081764221191,0.9328591227531433,2
s18_1_offline_train_t039,18,1,offline_train,1,session1/s18/sess01_subj18_EEG_MI.mat,8ef8fd343531e428188af60cf0b23d14eb20b9f533d418a12331dd80ec7b1013,651642,Lee2019_MI,Q15-E007,MU_BETA_SHARED,20260924,0.7594953775405884,0.24050462245941162,1
s18_1_offline_train_t040,18,1,offline_train,1,session1/s18/sess01_subj18_EEG_MI.mat,8ef8fd343531e428188af60cf0b23d14eb20b9f533d418a12331dd80ec7b1013,662225,Lee2019_MI,Q15-E007,MU_BETA_SHARED,20260924,0.700412392616272,0.299587607383728,1
s18_1_offline_train_t041,18,1,offline_train,1,session1/s18/sess01_subj18_EEG_MI.mat,8ef8fd343531e428188af60cf0b23d14eb20b9f533d418a12331dd80ec7b1013,673192,Lee2019_MI,Q15-E007,MU_BETA_SHARED,20260924,0.7024012207984924,0.29759877920150757,1
s18_1_offline_train_t042,18,1,offline_train,1,session1/s18/sess01_subj18_EEG_MI.mat,8ef8fd343531e428188af60cf0b23d14eb20b9f533d418a12331dd80ec7b1013,684141,Lee2019_MI,Q15-E007,MU_BETA_SHARED,20260924,0.6754981279373169,0.3245018720626831,1
s18_1_offline_train_t043,18,1,offline_train,2,session1/s18/sess01_subj18_EEG_MI.mat,8ef8fd343531e428188af60cf0b23d14eb20b9f533d418a12331dd80ec7b1013,695474,Lee2019_MI,Q15-E007,MU_BETA_SHARED,20260924,0.2142416387796402,0.785758376121521,2
s18_1_offline_train_t044,18,1,offline_train,1,session1/s18/sess01_subj18_EEG_MI.mat,8ef8fd343531e428188af60cf0b23d14eb20b9f533d418a12331dd80ec7b1013,706808,Lee2019_MI,Q15-E007,MU_BETA_SHARED,20260924,0.3028698265552521,0.6971302032470703,2
s18_1_offline_train_t045,18,1,offline_train,2,session1/s18/sess01_subj18_EEG_MI.mat,8ef8fd343531e428188af60cf0b23d14eb20b9f533d418a12331dd80ec7b1013,717574,Lee2019_MI,Q15-E007,MU_BETA_SHARED,20260924,0.09868846088647842,0.9013115167617798,2
s18_1_offline_train_t046,18,1,offline_train,1,session1/s18/sess01_subj18_EEG_MI.mat,8ef8fd343531e428188af60cf0b23d14eb20b9f533d418a12331dd80ec7b1013,728624,Lee2019_MI,Q15-E007,MU_BETA_SHARED,20260924,0.907230794429779,0.09276919066905975,1
s18_1_offline_train_t047,18,1,offline_train,1,session1/s18/sess01_subj18_EEG_MI.mat,8ef8fd343531e428188af60cf0b23d14eb20b9f533d418a12331dd80ec7b1013,739590,Lee2019_MI,Q15-E007,MU_BETA_SHARED,20260924,0.9908654093742371,0.009134566411376,1
s18_1_offline_train_t048,18,1,offline_train,1,session1/s18/sess01_subj18_EEG_MI.mat,8ef8fd343531e428188af60cf0b23d14eb20b9f533d418a12331dd80ec7b1013,750823,Lee2019_MI,Q15-E007,MU_BETA_SHARED,20260924,0.6363537311553955,0.36364632844924927,1
s18_1_offline_train_t049,18,1,offline_train,2,session1/s18/sess01_subj18_EEG_MI.mat,8ef8fd343531e428188af60cf0b23d14eb20b9f533d418a12331dd80ec7b1013,762073,Lee2019_MI,Q15-E007,MU_BETA_SHARED,20260924,0.1902855783700943,0.8097143769264221,2
s18_1_offline_train_t050,18,1,offline_train,1,session1/s18/sess01_subj18_EEG_MI.mat,8ef8fd343531e428188af60cf0b23d14eb20b9f533d418a12331dd80ec7b1013,992769,Lee2019_MI,Q15-E007,MU_BETA_SHARED,20260924,0.9480099081993103,0.051990121603012085,1
s18_1_offline_train_t051,18,1,offline_train,1,session1/s18/sess01_subj18_EEG_MI.mat,8ef8fd343531e428188af60cf0b23d14eb20b9f533d418a12331dd80ec7b1013,1003635,Lee2019_MI,Q15-E007,MU_BETA_SHARED,20260924,0.6536306738853455,0.34636932611465454,1
s18_1_offline_train_t052,18,1,offline_train,1,session1/s18/sess01_subj18_EEG_MI.mat,8ef8fd343531e428188af60cf0b23d14eb20b9f533d418a12331dd80ec7b1013,1014885,Lee2019_MI,Q15-E007,MU_BETA_SHARED,20260924,0.6073368787765503,0.3926631212234497,1
s18_1_offline_train_t053,18,1,offline_train,1,session1/s18/sess01_subj18_EEG_MI.mat,8ef8fd343531e428188af60cf0b23d14eb20b9f533d418a12331dd80ec7b1013,1026118,Lee2019_MI,Q15-E007,MU_BETA_SHARED,20260924,0.9053217172622681,0.09467823058366776,1
s18_1_offline_train_t054,18,1,offline_train,2,session1/s18/sess01_subj18_EEG_MI.mat,8ef8fd343531e428188af60cf0b23d14eb20b9f533d418a12331dd80ec7b1013,1036801,Lee2019_MI,Q15-E007,MU_BETA_SHARED,20260924,0.07869867235422134,0.9213013052940369,2
s18_1_offline_train_t055,18,1,offline_train,1,session1/s18/sess01_subj18_EEG_MI.mat,8ef8fd343531e428188af60cf0b23d14eb20b9f533d418a12331dd80ec7b1013,1047484,Lee2019_MI,Q15-E007,MU_BETA_SHARED,20260924,0.7181721329689026,0.2818278670310974,1
s18_1_offline_train_t056,18,1,offline_train,1,session1/s18/sess01_subj18_EEG_MI.mat,8ef8fd343531e428188af60cf0b23d14eb20b9f533d418a12331dd80ec7b1013,1058534,Lee2019_MI,Q15-E007,MU_BETA_SHARED,20260924,0.7058922648429871,0.29410767555236816,1
s18_1_offline_train_t057,18,1,offline_train,2,session1/s18/sess01_subj18_EEG_MI.mat,8ef8fd343531e428188af60cf0b23d14eb20b9f533d418a12331dd80ec7b1013,1070051,Lee2019_MI,Q15-E007,MU_BETA_SHARED,20260924,0.8012149333953857,0.19878512620925903,1
s18_1_offline_train_t058,18,1,offline_train,2,session1/s18/sess01_subj18_EEG_MI.mat,8ef8fd343531e428188af60cf0b23d14eb20b9f533d418a12331dd80ec7b1013,1080917,Lee2019_MI,Q15-E007,MU_BETA_SHARED,20260924,0.6777312755584717,0.3222687542438507,1
s18_1_offline_train_t059,18,1,offline_train,1,session1/s18/sess01_subj18_EEG_MI.mat,8ef8fd343531e428188af60cf0b23d14eb20b9f533d418a12331dd80ec7b1013,1092067,Lee2019_MI,Q15-E007,MU_BETA_SHARED,20260924,0.8979387283325195,0.10206125676631927,1
s18_1_offline_train_t060,18,1,offline_train,1,session1/s18/sess01_subj18_EEG_MI.mat,8ef8fd343531e428188af60cf0b23d14eb20b9f533d418a12331dd80ec7b1013,1102833,Lee2019_MI,Q15-E007,MU_BETA_SHARED,20260924,0.9084142446517944,0.09158573299646378,1
s18_1_offline_train_t061,18,1,offline_train,2,session1/s18/sess01_subj18_EEG_MI.mat,8ef8fd343531e428188af60cf0b23d14eb20b9f533d418a12331dd80ec7b1013,1114167,Lee2019_MI,Q15-E007,MU_BETA_SHARED,20260924,0.3962652385234833,0.6037347316741943,2
s18_1_offline_train_t062,18,1,offline_train,2,session1/s18/sess01_subj18_EEG_MI.mat,8ef8fd343531e428188af60cf0b23d14eb20b9f533d418a12331dd80ec7b1013,1124950,Lee2019_MI,Q15-E007,MU_BETA_SHARED,20260924,0.585523247718811,0.4144766926765442,1
s18_1_offline_train_t063,18,1,offline_train,1,session1/s18/sess01_subj18_EEG_MI.mat,8ef8fd343531e428188af60cf0b23d14eb20b9f533d418a12331dd80ec7b1013,1135999,Lee2019_MI,Q15-E007,MU_BETA_SHARED,20260924,0.8753002285957336,0.12469971179962158,1
s18_1_offline_train_t064,18,1,offline_train,2,session1/s18/sess01_subj18_EEG_MI.mat,8ef8fd343531e428188af60cf0b23d14eb20b9f533d418a12331dd80ec7b1013,1147233,Lee2019_MI,Q15-E007,MU_BETA_SHARED,20260924,0.479239284992218,0.520760715007782,2
s18_1_offline_train_t065,18,1,offline_train,2,session1/s18/sess01_subj18_EEG_MI.mat,8ef8fd343531e428188af60cf0b23d14eb20b9f533d418a12331dd80ec7b1013,1158649,Lee2019_MI,Q15-E007,MU_BETA_SHARED,20260924,0.14827829599380493,0.8517217040061951,2
s18_1_offline_train_t066,18,1,offline_train,2,session1/s18/sess01_subj18_EEG_MI.mat,8ef8fd343531e428188af60cf0b23d14eb20b9f533d418a12331dd80ec7b1013,1170165,Lee2019_MI,Q15-E007,MU_BETA_SHARED,20260924,0.37460756301879883,0.6253924369812012,2
s18_1_offline_train_t067,18,1,offline_train,2,session1/s18/sess01_subj18_EEG_MI.mat,8ef8fd343531e428188af60cf0b23d14eb20b9f533d418a12331dd80ec7b1013,1181232,Lee2019_MI,Q15-E007,MU_BETA_SHARED,20260924,0.13139693439006805,0.8686030507087708,2
s18_1_offline_train_t068,18,1,offline_train,1,session1/s18/sess01_subj18_EEG_MI.mat,8ef8fd343531e428188af60cf0b23d14eb20b9f533d418a12331dd80ec7b1013,1191915,Lee2019_MI,Q15-E007,MU_BETA_SHARED,20260924,0.82636559009552,0.1736343950033188,1
s18_1_offline_train_t069,18,1,offline_train,1,session1/s18/sess01_subj18_EEG_MI.mat,8ef8fd343531e428188af60cf0b23d14eb20b9f533d418a12331dd80ec7b1013,1202581,Lee2019_MI,Q15-E007,MU_BETA_SHARED,20260924,0.7875328660011292,0.21246717870235443,1
s18_1_offline_train_t070,18,1,offline_train,2,session1/s18/sess01_subj18_EEG_MI.mat,8ef8fd343531e428188af60cf0b23d14eb20b9f533d418a12331dd80ec7b1013,1213365,Lee2019_MI,Q15-E007,MU_BETA_SHARED,20260924,0.596541166305542,0.4034588932991028,1
s18_1_offline_train_t071,18,1,offline_train,1,session1/s18/sess01_subj18_EEG_MI.mat,8ef8fd343531e428188af60cf0b23d14eb20b9f533d418a12331dd80ec7b1013,1224781,Lee2019_MI,Q15-E007,MU_BETA_SHARED,20260924,0.937247633934021,0.0627523735165596,1
s18_1_offline_train_t072,18,1,offline_train,2,session1/s18/sess01_subj18_EEG_MI.mat,8ef8fd343531e428188af60cf0b23d14eb20b9f533d418a12331dd80ec7b1013,1235564,Lee2019_MI,Q15-E007,MU_BETA_SHARED,20260924,0.09277332574129105,0.9072266817092896,2
s18_1_offline_train_t073,18,1,offline_train,2,session1/s18/sess01_subj18_EEG_MI.mat,8ef8fd343531e428188af60cf0b23d14eb20b9f533d418a12331dd80ec7b1013,1246898,Lee2019_MI,Q15-E007,MU_BETA_SHARED,20260924,0.12146372348070145,0.8785362839698792,2
s18_1_offline_train_t074,18,1,offline_train,2,session1/s18/sess01_subj18_EEG_MI.mat,8ef8fd343531e428188af60cf0b23d14eb20b9f533d418a12331dd80ec7b1013,1257664,Lee2019_MI,Q15-E007,MU_BETA_SHARED,20260924,0.530549943447113,0.4694500267505646,1
s18_1_offline_train_t075,18,1,offline_train,1,session1/s18/sess01_subj18_EEG_MI.mat,8ef8fd343531e428188af60cf0b23d14eb20b9f533d418a12331dd80ec7b1013,1269180,Lee2019_MI,Q15-E007,MU_BETA_SHARED,20260924,0.9863647222518921,0.013635206036269665,1
s18_1_offline_train_t076,18,1,offline_train,2,session1/s18/sess01_subj18_EEG_MI.mat,8ef8fd343531e428188af60cf0b23d14eb20b9f533d418a12331dd80ec7b1013,1280047,Lee2019_MI,Q15-E007,MU_BETA_SHARED,20260924,0.34143581986427307,0.6585641503334045,2
s18_1_offline_train_t077,18,1,offline_train,1,session1/s18/sess01_subj18_EEG_MI.mat,8ef8fd343531e428188af60cf0b23d14eb20b9f533d418a12331dd80ec7b1013,1290830,Lee2019_MI,Q15-E007,MU_BETA_SHARED,20260924,0.8696964979171753,0.13030345737934113,1
s18_1_offline_train_t078,18,1,offline_train,1,session1/s18/sess01_subj18_EEG_MI.mat,8ef8fd343531e428188af60cf0b23d14eb20b9f533d418a12331dd80ec7b1013,1301596,Lee2019_MI,Q15-E007,MU_BETA_SHARED,20260924,0.862241268157959,0.1377587914466858,1
s18_1_offline_train_t079,18,1,offline_train,2,session1/s18/sess01_subj18_EEG_MI.mat,8ef8fd343531e428188af60cf0b23d14eb20b9f533d418a12331dd80ec7b1013,1312746,Lee2019_MI,Q15-E007,MU_BETA_SHARED,20260924,0.4918225109577179,0.5081775188446045,2
s18_1_offline_train_t080,18,1,offline_train,2,session1/s18/sess01_subj18_EEG_MI.mat,8ef8fd343531e428188af60cf0b23d14eb20b9f533d418a12331dd80ec7b1013,1323796,Lee2019_MI,Q15-E007,MU_BETA_SHARED,20260924,0.22177210450172424,0.7782279253005981,2
s18_1_offline_train_t081,18,1,offline_train,2,session1/s18/sess01_subj18_EEG_MI.mat,8ef8fd343531e428188af60cf0b23d14eb20b9f533d418a12331dd80ec7b1013,1334662,Lee2019_MI,Q15-E007,MU_BETA_SHARED,20260924,0.2741691470146179,0.7258307933807373,2
s18_1_offline_train_t082,18,1,offline_train,1,session1/s18/sess01_subj18_EEG_MI.mat,8ef8fd343531e428188af60cf0b23d14eb20b9f533d418a12331dd80ec7b1013,1346079,Lee2019_MI,Q15-E007,MU_BETA_SHARED,20260924,0.8910114169120789,0.10898859798908234,1
s18_1_offline_train_t083,18,1,offline_train,2,session1/s18/sess01_subj18_EEG_MI.mat,8ef8fd343531e428188af60cf0b23d14eb20b9f533d418a12331dd80ec7b1013,1357229,Lee2019_MI,Q15-E007,MU_BETA_SHARED,20260924,0.2479345053434372,0.7520655393600464,2
s18_1_offline_train_t084,18,1,offline_train,2,session1/s18/sess01_subj18_EEG_MI.mat,8ef8fd343531e428188af60cf0b23d14eb20b9f533d418a12331dd80ec7b1013,1368378,Lee2019_MI,Q15-E007,MU_BETA_SHARED,20260924,0.0565321147441864,0.943467915058136,2
s18_1_offline_train_t085,18,1,offline_train,1,session1/s18/sess01_subj18_EEG_MI.mat,8ef8fd343531e428188af60cf0b23d14eb20b9f533d418a12331dd80ec7b1013,1379894,Lee2019_MI,Q15-E007,MU_BETA_SHARED,20260924,0.9267516136169434,0.07324835658073425,1
s18_1_offline_train_t086,18,1,offline_train,2,session1/s18/sess01_subj18_EEG_MI.mat,8ef8fd343531e428188af60cf0b23d14eb20b9f533d418a12331dd80ec7b1013,1390761,Lee2019_MI,Q15-E007,MU_BETA_SHARED,20260924,0.17835241556167603,0.821647584438324,2
s18_1_offline_train_t087,18,1,offline_train,1,session1/s18/sess01_subj18_EEG_MI.mat,8ef8fd343531e428188af60cf0b23d14eb20b9f533d418a12331dd80ec7b1013,1402094,Lee2019_MI,Q15-E007,MU_BETA_SHARED,20260924,0.9333752989768982,0.0666247084736824,1
s18_1_offline_train_t088,18,1,offline_train,2,session1/s18/sess01_subj18_EEG_MI.mat,8ef8fd343531e428188af60cf0b23d14eb20b9f533d418a12331dd80ec7b1013,1413428,Lee2019_MI,Q15-E007,MU_BETA_SHARED,20260924,0.48560386896133423,0.514396071434021,2
s18_1_offline_train_t089,18,1,offline_train,2,session1/s18/sess01_subj18_EEG_MI.mat,8ef8fd343531e428188af60cf0b23d14eb20b9f533d418a12331dd80ec7b1013,1424377,Lee2019_MI,Q15-E007,MU_BETA_SHARED,20260924,0.1301420032978058,0.8698580265045166,2
s18_1_offline_train_t090,18,1,offline_train,2,session1/s18/sess01_subj18_EEG_MI.mat,8ef8fd343531e428188af60cf0b23d14eb20b9f533d418a12331dd80ec7b1013,1435527,Lee2019_MI,Q15-E007,MU_BETA_SHARED,20260924,0.4785742461681366,0.5214257836341858,2
s18_1_offline_train_t091,18,1,offline_train,2,session1/s18/sess01_subj18_EEG_MI.mat,8ef8fd343531e428188af60cf0b23d14eb20b9f533d418a12331dd80ec7b1013,1446110,Lee2019_MI,Q15-E007,MU_BETA_SHARED,20260924,0.14271008968353271,0.8572898507118225,2
s18_1_offline_train_t092,18,1,offline_train,2,session1/s18/sess01_subj18_EEG_MI.mat,8ef8fd343531e428188af60cf0b23d14eb20b9f533d418a12331dd80ec7b1013,1456710,Lee2019_MI,Q15-E007,MU_BETA_SHARED,20260924,0.6481288075447083,0.35187116265296936,1
s18_1_offline_train_t093,18,1,offline_train,1,session1/s18/sess01_subj18_EEG_MI.mat,8ef8fd343531e428188af60cf0b23d14eb20b9f533d418a12331dd80ec7b1013,1467760,Lee2019_MI,Q15-E007,MU_BETA_SHARED,20260924,0.8550817966461182,0.14491823315620422,1
s18_1_offline_train_t094,18,1,offline_train,2,session1/s18/sess01_subj18_EEG_MI.mat,8ef8fd343531e428188af60cf0b23d14eb20b9f533d418a12331dd80ec7b1013,1479093,Lee2019_MI,Q15-E007,MU_BETA_SHARED,20260924,0.08310221135616302,0.9168977737426758,2
s18_1_offline_train_t095,18,1,offline_train,1,session1/s18/sess01_subj18_EEG_MI.mat,8ef8fd343531e428188af60cf0b23d14eb20b9f533d418a12331dd80ec7b1013,1490610,Lee2019_MI,Q15-E007,MU_BETA_SHARED,20260924,0.8770432472229004,0.12295681238174438,1
s18_1_offline_train_t096,18,1,offline_train,1,session1/s18/sess01_subj18_EEG_MI.mat,8ef8fd343531e428188af60cf0b23d14eb20b9f533d418a12331dd80ec7b1013,1501276,Lee2019_MI,Q15-E007,MU_BETA_SHARED,20260924,0.7760109305381775,0.22398905456066132,1
s18_1_offline_train_t097,18,1,offline_train,2,session1/s18/sess01_subj18_EEG_MI.mat,8ef8fd343531e428188af60cf0b23d14eb20b9f533d418a12331dd80ec7b1013,1512426,Lee2019_MI,Q15-E007,MU_BETA_SHARED,20260924,0.6796669960021973,0.32033300399780273,1
s18_1_offline_train_t098,18,1,offline_train,1,session1/s18/sess01_subj18_EEG_MI.mat,8ef8fd343531e428188af60cf0b23d14eb20b9f533d418a12331dd80ec7b1013,1523475,Lee2019_MI,Q15-E007,MU_BETA_SHARED,20260924,0.8639845252037048,0.13601547479629517,1
s18_1_offline_train_t099,18,1,offline_train,2,session1/s18/sess01_subj18_EEG_MI.mat,8ef8fd343531e428188af60cf0b23d14eb20b9f533d418a12331dd80ec7b1013,1534075,Lee2019_MI,Q15-E007,MU_BETA_SHARED,20260924,0.03085777349770069,0.9691421985626221,2
s18_1_offline_train_t100,18,1,offline_train,2,session1/s18/sess01_subj18_EEG_MI.mat,8ef8fd343531e428188af60cf0b23d14eb20b9f533d418a12331dd80ec7b1013,1544942,Lee2019_MI,Q15-E007,MU_BETA_SHARED,20260924,0.2906835973262787,0.7093163728713989,2
s18_2_offline_train_t001,18,2,offline_train,1,session2/s18/sess02_subj18_EEG_MI.mat,b7af668a0ed7aa4c80cd9e96b07f2dabd325720ba0782f19e2f993d2e1d4a3eb,180852,Lee2019_MI,Q15-E007,MU_BETA_SHARED,20260924,0.28467315435409546,0.7153268456459045,2
s18_2_offline_train_t002,18,2,offline_train,2,session2/s18/sess02_subj18_EEG_MI.mat,b7af668a0ed7aa4c80cd9e96b07f2dabd325720ba0782f19e2f993d2e1d4a3eb,192404,Lee2019_MI,Q15-E007,MU_BETA_SHARED,20260924,0.21630427241325378,0.7836956977844238,2
s18_2_offline_train_t003,18,2,offline_train,1,session2/s18/sess02_subj18_EEG_MI.mat,b7af668a0ed7aa4c80cd9e96b07f2dabd325720ba0782f19e2f993d2e1d4a3eb,203070,Lee2019_MI,Q15-E007,MU_BETA_SHARED,20260924,0.22167746722698212,0.7783225774765015,2
s18_2_offline_train_t004,18,2,offline_train,1,session2/s18/sess02_subj18_EEG_MI.mat,b7af668a0ed7aa4c80cd9e96b07f2dabd325720ba0782f19e2f993d2e1d4a3eb,214503,Lee2019_MI,Q15-E007,MU_BETA_SHARED,20260924,0.29945802688598633,0.7005420327186584,2
s18_2_offline_train_t005,18,2,offline_train,2,session2/s18/sess02_subj18_EEG_MI.mat,b7af668a0ed7aa4c80cd9e96b07f2dabd325720ba0782f19e2f993d2e1d4a3eb,225653,Lee2019_MI,Q15-E007,MU_BETA_SHARED,20260924,0.4036937355995178,0.5963062644004822,2
s18_2_offline_train_t006,18,2,offline_train,2,session2/s18/sess02_subj18_EEG_MI.mat,b7af668a0ed7aa4c80cd9e96b07f2dabd325720ba0782f19e2f993d2e1d4a3eb,236336,Lee2019_MI,Q15-E007,MU_BETA_SHARED,20260924,0.16418705880641937,0.8358129262924194,2
s18_2_offline_train_t007,18,2,offline_train,1,session2/s18/sess02_subj18_EEG_MI.mat,b7af668a0ed7aa4c80cd9e96b07f2dabd325720ba0782f19e2f993d2e1d4a3eb,247202,Lee2019_MI,Q15-E007,MU_BETA_SHARED,20260924,0.42585209012031555,0.5741478800773621,2
s18_2_offline_train_t008,18,2,offline_train,2,session2/s18/sess02_subj18_EEG_MI.mat,b7af668a0ed7aa4c80cd9e96b07f2dabd325720ba0782f19e2f993d2e1d4a3eb,258335,Lee2019_MI,Q15-E007,MU_BETA_SHARED,20260924,0.14649131894111633,0.853508710861206,2
s18_2_offline_train_t009,18,2,offline_train,1,session2/s18/sess02_subj18_EEG_MI.mat,b7af668a0ed7aa4c80cd9e96b07f2dabd325720ba0782f19e2f993d2e1d4a3eb,269852,Lee2019_MI,Q15-E007,MU_BETA_SHARED,20260924,0.181690976023674,0.8183090686798096,2
s18_2_offline_train_t010,18,2,offline_train,1,session2/s18/sess02_subj18_EEG_MI.mat,b7af668a0ed7aa4c80cd9e96b07f2dabd325720ba0782f19e2f993d2e1d4a3eb,281368,Lee2019_MI,Q15-E007,MU_BETA_SHARED,20260924,0.3678310811519623,0.6321689486503601,2
s18_2_offline_train_t011,18,2,offline_train,2,session2/s18/sess02_subj18_EEG_MI.mat,b7af668a0ed7aa4c80cd9e96b07f2dabd325720ba0782f19e2f993d2e1d4a3eb,292052,Lee2019_MI,Q15-E007,MU_BETA_SHARED,20260924,0.28515681624412537,0.7148431539535522,2
s18_2_offline_train_t012,18,2,offline_train,2,session2/s18/sess02_subj18_EEG_MI.mat,b7af668a0ed7aa4c80cd9e96b07f2dabd325720ba0782f19e2f993d2e1d4a3eb,303568,Lee2019_MI,Q15-E007,MU_BETA_SHARED,20260924,0.184390127658844,0.815609872341156,2
s18_2_offline_train_t013,18,2,offline_train,1,session2/s18/sess02_subj18_EEG_MI.mat,b7af668a0ed7aa4c80cd9e96b07f2dabd325720ba0782f19e2f993d2e1d4a3eb,315084,Lee2019_MI,Q15-E007,MU_BETA_SHARED,20260924,0.4190768897533417,0.5809230804443359,2
s18_2_offline_train_t014,18,2,offline_train,1,session2/s18/sess02_subj18_EEG_MI.mat,b7af668a0ed7aa4c80cd9e96b07f2dabd325720ba0782f19e2f993d2e1d4a3eb,326134,Lee2019_MI,Q15-E007,MU_BETA_SHARED,20260924,0.13236744701862335,0.8676325082778931,2
s18_2_offline_train_t015,18,2,offline_train,2,session2/s18/sess02_subj18_EEG_MI.mat,b7af668a0ed7aa4c80cd9e96b07f2dabd325720ba0782f19e2f993d2e1d4a3eb,337467,Lee2019_MI,Q15-E007,MU_BETA_SHARED,20260924,0.06613347679376602,0.9338665008544922,2
s18_2_offline_train_t016,18,2,offline_train,1,session2/s18/sess02_subj18_EEG_MI.mat,b7af668a0ed7aa4c80cd9e96b07f2dabd325720ba0782f19e2f993d2e1d4a3eb,348151,Lee2019_MI,Q15-E007,MU_BETA_SHARED,20260924,0.2777559161186218,0.7222440838813782,2
s18_2_offline_train_t017,18,2,offline_train,1,session2/s18/sess02_subj18_EEG_MI.mat,b7af668a0ed7aa4c80cd9e96b07f2dabd325720ba0782f19e2f993d2e1d4a3eb,359117,Lee2019_MI,Q15-E007,MU_BETA_SHARED,20260924,0.2721494734287262,0.7278505563735962,2
s18_2_offline_train_t018,18,2,offline_train,1,session2/s18/sess02_subj18_EEG_MI.mat,b7af668a0ed7aa4c80cd9e96b07f2dabd325720ba0782f19e2f993d2e1d4a3eb,370634,Lee2019_MI,Q15-E007,MU_BETA_SHARED,20260924,0.13456696271896362,0.8654330372810364,2
s18_2_offline_train_t019,18,2,offline_train,1,session2/s18/sess02_subj18_EEG_MI.mat,b7af668a0ed7aa4c80cd9e96b07f2dabd325720ba0782f19e2f993d2e1d4a3eb,381967,Lee2019_MI,Q15-E007,MU_BETA_SHARED,20260924,0.16221167147159576,0.8377883434295654,2
s18_2_offline_train_t020,18,2,offline_train,2,session2/s18/sess02_subj18_EEG_MI.mat,b7af668a0ed7aa4c80cd9e96b07f2dabd325720ba0782f19e2f993d2e1d4a3eb,393483,Lee2019_MI,Q15-E007,MU_BETA_SHARED,20260924,0.11033954471349716,0.8896604180335999,2
s18_2_offline_train_t021,18,2,offline_train,2,session2/s18/sess02_subj18_EEG_MI.mat,b7af668a0ed7aa4c80cd9e96b07f2dabd325720ba0782f19e2f993d2e1d4a3eb,404716,Lee2019_MI,Q15-E007,MU_BETA_SHARED,20260924,0.07963014394044876,0.9203698635101318,2
s18_2_offline_train_t022,18,2,offline_train,1,session2/s18/sess02_subj18_EEG_MI.mat,b7af668a0ed7aa4c80cd9e96b07f2dabd325720ba0782f19e2f993d2e1d4a3eb,415299,Lee2019_MI,Q15-E007,MU_BETA_SHARED,20260924,0.2559146285057068,0.7440853118896484,2
s18_2_offline_train_t023,18,2,offline_train,2,session2/s18/sess02_subj18_EEG_MI.mat,b7af668a0ed7aa4c80cd9e96b07f2dabd325720ba0782f19e2f993d2e1d4a3eb,426731,Lee2019_MI,Q15-E007,MU_BETA_SHARED,20260924,0.20463508367538452,0.7953649163246155,2
s18_2_offline_train_t024,18,2,offline_train,2,session2/s18/sess02_subj18_EEG_MI.mat,b7af668a0ed7aa4c80cd9e96b07f2dabd325720ba0782f19e2f993d2e1d4a3eb,438249,Lee2019_MI,Q15-E007,MU_BETA_SHARED,20260924,0.1150134727358818,0.8849864602088928,2
s18_2_offline_train_t025,18,2,offline_train,2,session2/s18/sess02_subj18_EEG_MI.mat,b7af668a0ed7aa4c80cd9e96b07f2dabd325720ba0782f19e2f993d2e1d4a3eb,449482,Lee2019_MI,Q15-E007,MU_BETA_SHARED,20260924,0.4489697813987732,0.5510302782058716,2
s18_2_offline_train_t026,18,2,offline_train,1,session2/s18/sess02_subj18_EEG_MI.mat,b7af668a0ed7aa4c80cd9e96b07f2dabd325720ba0782f19e2f993d2e1d4a3eb,460815,Lee2019_MI,Q15-E007,MU_BETA_SHARED,20260924,0.5747945308685303,0.42520540952682495,1
s18_2_offline_train_t027,18,2,offline_train,2,session2/s18/sess02_subj18_EEG_MI.mat,b7af668a0ed7aa4c80cd9e96b07f2dabd325720ba0782f19e2f993d2e1d4a3eb,472148,Lee2019_MI,Q15-E007,MU_BETA_SHARED,20260924,0.21168960630893707,0.7883104085922241,2
s18_2_offline_train_t028,18,2,offline_train,1,session2/s18/sess02_subj18_EEG_MI.mat,b7af668a0ed7aa4c80cd9e96b07f2dabd325720ba0782f19e2f993d2e1d4a3eb,483098,Lee2019_MI,Q15-E007,MU_BETA_SHARED,20260924,0.32555675506591797,0.6744431853294373,2
s18_2_offline_train_t029,18,2,offline_train,1,session2/s18/sess02_subj18_EEG_MI.mat,b7af668a0ed7aa4c80cd9e96b07f2dabd325720ba0782f19e2f993d2e1d4a3eb,494348,Lee2019_MI,Q15-E007,MU_BETA_SHARED,20260924,0.6715849041938782,0.32841506600379944,1
s18_2_offline_train_t030,18,2,offline_train,2,session2/s18/sess02_subj18_EEG_MI.mat,b7af668a0ed7aa4c80cd9e96b07f2dabd325720ba0782f19e2f993d2e1d4a3eb,505115,Lee2019_MI,Q15-E007,MU_BETA_SHARED,20260924,0.1842360943555832,0.8157638907432556,2
s18_2_offline_train_t031,18,2,offline_train,1,session2/s18/sess02_subj18_EEG_MI.mat,b7af668a0ed7aa4c80cd9e96b07f2dabd325720ba0782f19e2f993d2e1d4a3eb,516348,Lee2019_MI,Q15-E007,MU_BETA_SHARED,20260924,0.3300091326236725,0.6699908375740051,2
s18_2_offline_train_t032,18,2,offline_train,2,session2/s18/sess02_subj18_EEG_MI.mat,b7af668a0ed7aa4c80cd9e96b07f2dabd325720ba0782f19e2f993d2e1d4a3eb,526948,Lee2019_MI,Q15-E007,MU_BETA_SHARED,20260924,0.1480884850025177,0.8519114851951599,2
s18_2_offline_train_t033,18,2,offline_train,1,session2/s18/sess02_subj18_EEG_MI.mat,b7af668a0ed7aa4c80cd9e96b07f2dabd325720ba0782f19e2f993d2e1d4a3eb,537813,Lee2019_MI,Q15-E007,MU_BETA_SHARED,20260924,0.6559358835220337,0.34406405687332153,1
s18_2_offline_train_t034,18,2,offline_train,2,session2/s18/sess02_subj18_EEG_MI.mat,b7af668a0ed7aa4c80cd9e96b07f2dabd325720ba0782f19e2f993d2e1d4a3eb,548397,Lee2019_MI,Q15-E007,MU_BETA_SHARED,20260924,0.2029614895582199,0.7970384955406189,2
s18_2_offline_train_t035,18,2,offline_train,2,session2/s18/sess02_subj18_EEG_MI.mat,b7af668a0ed7aa4c80cd9e96b07f2dabd325720ba0782f19e2f993d2e1d4a3eb,559080,Lee2019_MI,Q15-E007,MU_BETA_SHARED,20260924,0.15672528743743896,0.8432747721672058,2
s18_2_offline_train_t036,18,2,offline_train,1,session2/s18/sess02_subj18_EEG_MI.mat,b7af668a0ed7aa4c80cd9e96b07f2dabd325720ba0782f19e2f993d2e1d4a3eb,570413,Lee2019_MI,Q15-E007,MU_BETA_SHARED,20260924,0.41944420337677,0.58055579662323,2
s18_2_offline_train_t037,18,2,offline_train,1,session2/s18/sess02_subj18_EEG_MI.mat,b7af668a0ed7aa4c80cd9e96b07f2dabd325720ba0782f19e2f993d2e1d4a3eb,581646,Lee2019_MI,Q15-E007,MU_BETA_SHARED,20260924,0.3185656666755676,0.6814343333244324,2
s18_2_offline_train_t038,18,2,offline_train,2,session2/s18/sess02_subj18_EEG_MI.mat,b7af668a0ed7aa4c80cd9e96b07f2dabd325720ba0782f19e2f993d2e1d4a3eb,592513,Lee2019_MI,Q15-E007,MU_BETA_SHARED,20260924,0.12782394886016846,0.8721759915351868,2
s18_2_offline_train_t039,18,2,offline_train,1,session2/s18/sess02_subj18_EEG_MI.mat,b7af668a0ed7aa4c80cd9e96b07f2dabd325720ba0782f19e2f993d2e1d4a3eb,604029,Lee2019_MI,Q15-E007,MU_BETA_SHARED,20260924,0.4703146815299988,0.5296853184700012,2
s18_2_offline_train_t040,18,2,offline_train,1,session2/s18/sess02_subj18_EEG_MI.mat,b7af668a0ed7aa4c80cd9e96b07f2dabd325720ba0782f19e2f993d2e1d4a3eb,614612,Lee2019_MI,Q15-E007,MU_BETA_SHARED,20260924,0.45770302414894104,0.5422970056533813,2
s18_2_offline_train_t041,18,2,offline_train,1,session2/s18/sess02_subj18_EEG_MI.mat,b7af668a0ed7aa4c80cd9e96b07f2dabd325720ba0782f19e2f993d2e1d4a3eb,625579,Lee2019_MI,Q15-E007,MU_BETA_SHARED,20260924,0.2309493124485016,0.769050657749176,2
s18_2_offline_train_t042,18,2,offline_train,1,session2/s18/sess02_subj18_EEG_MI.mat,b7af668a0ed7aa4c80cd9e96b07f2dabd325720ba0782f19e2f993d2e1d4a3eb,636545,Lee2019_MI,Q15-E007,MU_BETA_SHARED,20260924,0.20995299518108368,0.7900469303131104,2
s18_2_offline_train_t043,18,2,offline_train,2,session2/s18/sess02_subj18_EEG_MI.mat,b7af668a0ed7aa4c80cd9e96b07f2dabd325720ba0782f19e2f993d2e1d4a3eb,647879,Lee2019_MI,Q15-E007,MU_BETA_SHARED,20260924,0.2191038876771927,0.7808961272239685,2
s18_2_offline_train_t044,18,2,offline_train,1,session2/s18/sess02_subj18_EEG_MI.mat,b7af668a0ed7aa4c80cd9e96b07f2dabd325720ba0782f19e2f993d2e1d4a3eb,659195,Lee2019_MI,Q15-E007,MU_BETA_SHARED,20260924,0.5100738406181335,0.48992612957954407,1
s18_2_offline_train_t045,18,2,offline_train,2,session2/s18/sess02_subj18_EEG_MI.mat,b7af668a0ed7aa4c80cd9e96b07f2dabd325720ba0782f19e2f993d2e1d4a3eb,669978,Lee2019_MI,Q15-E007,MU_BETA_SHARED,20260924,0.1665288656949997,0.8334711790084839,2
s18_2_offline_train_t046,18,2,offline_train,1,session2/s18/sess02_subj18_EEG_MI.mat,b7af668a0ed7aa4c80cd9e96b07f2dabd325720ba0782f19e2f993d2e1d4a3eb,681028,Lee2019_MI,Q15-E007,MU_BETA_SHARED,20260924,0.29693546891212463,0.703064501285553,2
s18_2_offline_train_t047,18,2,offline_train,1,session2/s18/sess02_subj18_EEG_MI.mat,b7af668a0ed7aa4c80cd9e96b07f2dabd325720ba0782f19e2f993d2e1d4a3eb,691994,Lee2019_MI,Q15-E007,MU_BETA_SHARED,20260924,0.21994566917419434,0.7800543904304504,2
s18_2_offline_train_t048,18,2,offline_train,1,session2/s18/sess02_subj18_EEG_MI.mat,b7af668a0ed7aa4c80cd9e96b07f2dabd325720ba0782f19e2f993d2e1d4a3eb,703227,Lee2019_MI,Q15-E007,MU_BETA_SHARED,20260924,0.8078311681747437,0.19216877222061157,1
s18_2_offline_train_t049,18,2,offline_train,2,session2/s18/sess02_subj18_EEG_MI.mat,b7af668a0ed7aa4c80cd9e96b07f2dabd325720ba0782f19e2f993d2e1d4a3eb,714461,Lee2019_MI,Q15-E007,MU_BETA_SHARED,20260924,0.1757577657699585,0.8242422342300415,2
s18_2_offline_train_t050,18,2,offline_train,1,session2/s18/sess02_subj18_EEG_MI.mat,b7af668a0ed7aa4c80cd9e96b07f2dabd325720ba0782f19e2f993d2e1d4a3eb,739177,Lee2019_MI,Q15-E007,MU_BETA_SHARED,20260924,0.30042189359664917,0.6995781064033508,2
s18_2_offline_train_t051,18,2,offline_train,1,session2/s18/sess02_subj18_EEG_MI.mat,b7af668a0ed7aa4c80cd9e96b07f2dabd325720ba0782f19e2f993d2e1d4a3eb,750043,Lee2019_MI,Q15-E007,MU_BETA_SHARED,20260924,0.14418253302574158,0.855817437171936,2
s18_2_offline_train_t052,18,2,offline_train,1,session2/s18/sess02_subj18_EEG_MI.mat,b7af668a0ed7aa4c80cd9e96b07f2dabd325720ba0782f19e2f993d2e1d4a3eb,761276,Lee2019_MI,Q15-E007,MU_BETA_SHARED,20260924,0.27829328179359436,0.721706748008728,2
s18_2_offline_train_t053,18,2,offline_train,1,session2/s18/sess02_subj18_EEG_MI.mat,b7af668a0ed7aa4c80cd9e96b07f2dabd325720ba0782f19e2f993d2e1d4a3eb,772510,Lee2019_MI,Q15-E007,MU_BETA_SHARED,20260924,0.4693742096424103,0.5306258201599121,2
s18_2_offline_train_t054,18,2,offline_train,2,session2/s18/sess02_subj18_EEG_MI.mat,b7af668a0ed7aa4c80cd9e96b07f2dabd325720ba0782f19e2f993d2e1d4a3eb,783193,Lee2019_MI,Q15-E007,MU_BETA_SHARED,20260924,0.40986552834510803,0.5901344418525696,2
s18_2_offline_train_t055,18,2,offline_train,1,session2/s18/sess02_subj18_EEG_MI.mat,b7af668a0ed7aa4c80cd9e96b07f2dabd325720ba0782f19e2f993d2e1d4a3eb,793876,Lee2019_MI,Q15-E007,MU_BETA_SHARED,20260924,0.8713483214378357,0.1286516934633255,1
s18_2_offline_train_t056,18,2,offline_train,1,session2/s18/sess02_subj18_EEG_MI.mat,b7af668a0ed7aa4c80cd9e96b07f2dabd325720ba0782f19e2f993d2e1d4a3eb,804926,Lee2019_MI,Q15-E007,MU_BETA_SHARED,20260924,0.5882008075714111,0.4117991626262665,1
s18_2_offline_train_t057,18,2,offline_train,2,session2/s18/sess02_subj18_EEG_MI.mat,b7af668a0ed7aa4c80cd9e96b07f2dabd325720ba0782f19e2f993d2e1d4a3eb,816442,Lee2019_MI,Q15-E007,MU_BETA_SHARED,20260924,0.3798346221446991,0.6201654076576233,2
s18_2_offline_train_t058,18,2,offline_train,2,session2/s18/sess02_subj18_EEG_MI.mat,b7af668a0ed7aa4c80cd9e96b07f2dabd325720ba0782f19e2f993d2e1d4a3eb,827308,Lee2019_MI,Q15-E007,MU_BETA_SHARED,20260924,0.1853964775800705,0.8146035075187683,2
s18_2_offline_train_t059,18,2,offline_train,1,session2/s18/sess02_subj18_EEG_MI.mat,b7af668a0ed7aa4c80cd9e96b07f2dabd325720ba0782f19e2f993d2e1d4a3eb,838458,Lee2019_MI,Q15-E007,MU_BETA_SHARED,20260924,0.4420883357524872,0.5579116344451904,2
s18_2_offline_train_t060,18,2,offline_train,1,session2/s18/sess02_subj18_EEG_MI.mat,b7af668a0ed7aa4c80cd9e96b07f2dabd325720ba0782f19e2f993d2e1d4a3eb,849225,Lee2019_MI,Q15-E007,MU_BETA_SHARED,20260924,0.37372887134552,0.6262711882591248,2
s18_2_offline_train_t061,18,2,offline_train,2,session2/s18/sess02_subj18_EEG_MI.mat,b7af668a0ed7aa4c80cd9e96b07f2dabd325720ba0782f19e2f993d2e1d4a3eb,860558,Lee2019_MI,Q15-E007,MU_BETA_SHARED,20260924,0.07291603833436966,0.9270839691162109,2
s18_2_offline_train_t062,18,2,offline_train,2,session2/s18/sess02_subj18_EEG_MI.mat,b7af668a0ed7aa4c80cd9e96b07f2dabd325720ba0782f19e2f993d2e1d4a3eb,871341,Lee2019_MI,Q15-E007,MU_BETA_SHARED,20260924,0.12907880544662476,0.8709211349487305,2
s18_2_offline_train_t063,18,2,offline_train,1,session2/s18/sess02_subj18_EEG_MI.mat,b7af668a0ed7aa4c80cd9e96b07f2dabd325720ba0782f19e2f993d2e1d4a3eb,882391,Lee2019_MI,Q15-E007,MU_BETA_SHARED,20260924,0.6258449554443359,0.37415507435798645,1
s18_2_offline_train_t064,18,2,offline_train,2,session2/s18/sess02_subj18_EEG_MI.mat,b7af668a0ed7aa4c80cd9e96b07f2dabd325720ba0782f19e2f993d2e1d4a3eb,893624,Lee2019_MI,Q15-E007,MU_BETA_SHARED,20260924,0.21051053702831268,0.7894894480705261,2
s18_2_offline_train_t065,18,2,offline_train,2,session2/s18/sess02_subj18_EEG_MI.mat,b7af668a0ed7aa4c80cd9e96b07f2dabd325720ba0782f19e2f993d2e1d4a3eb,905057,Lee2019_MI,Q15-E007,MU_BETA_SHARED,20260924,0.16241371631622314,0.8375862240791321,2
s18_2_offline_train_t066,18,2,offline_train,2,session2/s18/sess02_subj18_EEG_MI.mat,b7af668a0ed7aa4c80cd9e96b07f2dabd325720ba0782f19e2f993d2e1d4a3eb,916574,Lee2019_MI,Q15-E007,MU_BETA_SHARED,20260924,0.32714447379112244,0.6728554964065552,2
s18_2_offline_train_t067,18,2,offline_train,2,session2/s18/sess02_subj18_EEG_MI.mat,b7af668a0ed7aa4c80cd9e96b07f2dabd325720ba0782f19e2f993d2e1d4a3eb,927707,Lee2019_MI,Q15-E007,MU_BETA_SHARED,20260924,0.34040576219558716,0.6595942378044128,2
s18_2_offline_train_t068,18,2,offline_train,1,session2/s18/sess02_subj18_EEG_MI.mat,b7af668a0ed7aa4c80cd9e96b07f2dabd325720ba0782f19e2f993d2e1d4a3eb,938390,Lee2019_MI,Q15-E007,MU_BETA_SHARED,20260924,0.5999013781547546,0.40009862184524536,1
s18_2_offline_train_t069,18,2,offline_train,1,session2/s18/sess02_subj18_EEG_MI.mat,b7af668a0ed7aa4c80cd9e96b07f2dabd325720ba0782f19e2f993d2e1d4a3eb,949073,Lee2019_MI,Q15-E007,MU_BETA_SHARED,20260924,0.3341042101383209,0.6658958196640015,2
s18_2_offline_train_t070,18,2,offline_train,2,session2/s18/sess02_subj18_EEG_MI.mat,b7af668a0ed7aa4c80cd9e96b07f2dabd325720ba0782f19e2f993d2e1d4a3eb,959856,Lee2019_MI,Q15-E007,MU_BETA_SHARED,20260924,0.2473910003900528,0.7526090145111084,2
s18_2_offline_train_t071,18,2,offline_train,1,session2/s18/sess02_subj18_EEG_MI.mat,b7af668a0ed7aa4c80cd9e96b07f2dabd325720ba0782f19e2f993d2e1d4a3eb,971273,Lee2019_MI,Q15-E007,MU_BETA_SHARED,20260924,0.5841441750526428,0.41585588455200195,1
s18_2_offline_train_t072,18,2,offline_train,2,session2/s18/sess02_subj18_EEG_MI.mat,b7af668a0ed7aa4c80cd9e96b07f2dabd325720ba0782f19e2f993d2e1d4a3eb,982039,Lee2019_MI,Q15-E007,MU_BETA_SHARED,20260924,0.1475054770708084,0.8524945974349976,2
s18_2_offline_train_t073,18,2,offline_train,2,session2/s18/sess02_subj18_EEG_MI.mat,b7af668a0ed7aa4c80cd9e96b07f2dabd325720ba0782f19e2f993d2e1d4a3eb,993372,Lee2019_MI,Q15-E007,MU_BETA_SHARED,20260924,0.23906977474689484,0.7609302997589111,2
s18_2_offline_train_t074,18,2,offline_train,2,session2/s18/sess02_subj18_EEG_MI.mat,b7af668a0ed7aa4c80cd9e96b07f2dabd325720ba0782f19e2f993d2e1d4a3eb,1004155,Lee2019_MI,Q15-E007,MU_BETA_SHARED,20260924,0.05853978544473648,0.9414601922035217,2
s18_2_offline_train_t075,18,2,offline_train,1,session2/s18/sess02_subj18_EEG_MI.mat,b7af668a0ed7aa4c80cd9e96b07f2dabd325720ba0782f19e2f993d2e1d4a3eb,1015672,Lee2019_MI,Q15-E007,MU_BETA_SHARED,20260924,0.5833356976509094,0.4166642725467682,1
s18_2_offline_train_t076,18,2,offline_train,2,session2/s18/sess02_subj18_EEG_MI.mat,b7af668a0ed7aa4c80cd9e96b07f2dabd325720ba0782f19e2f993d2e1d4a3eb,1026538,Lee2019_MI,Q15-E007,MU_BETA_SHARED,20260924,0.24916589260101318,0.750834047794342,2
s18_2_offline_train_t077,18,2,offline_train,1,session2/s18/sess02_subj18_EEG_MI.mat,b7af668a0ed7aa4c80cd9e96b07f2dabd325720ba0782f19e2f993d2e1d4a3eb,1037305,Lee2019_MI,Q15-E007,MU_BETA_SHARED,20260924,0.4352513253688812,0.5647487044334412,2
s18_2_offline_train_t078,18,2,offline_train,1,session2/s18/sess02_subj18_EEG_MI.mat,b7af668a0ed7aa4c80cd9e96b07f2dabd325720ba0782f19e2f993d2e1d4a3eb,1048088,Lee2019_MI,Q15-E007,MU_BETA_SHARED,20260924,0.5251867175102234,0.474813312292099,1
s18_2_offline_train_t079,18,2,offline_train,2,session2/s18/sess02_subj18_EEG_MI.mat,b7af668a0ed7aa4c80cd9e96b07f2dabd325720ba0782f19e2f993d2e1d4a3eb,1059221,Lee2019_MI,Q15-E007,MU_BETA_SHARED,20260924,0.17165467143058777,0.8283453583717346,2
s18_2_offline_train_t080,18,2,offline_train,2,session2/s18/sess02_subj18_EEG_MI.mat,b7af668a0ed7aa4c80cd9e96b07f2dabd325720ba0782f19e2f993d2e1d4a3eb,1070287,Lee2019_MI,Q15-E007,MU_BETA_SHARED,20260924,0.0750536322593689,0.9249463677406311,2
s18_2_offline_train_t081,18,2,offline_train,2,session2/s18/sess02_subj18_EEG_MI.mat,b7af668a0ed7aa4c80cd9e96b07f2dabd325720ba0782f19e2f993d2e1d4a3eb,1081237,Lee2019_MI,Q15-E007,MU_BETA_SHARED,20260924,0.17495442926883698,0.8250455856323242,2
s18_2_offline_train_t082,18,2,offline_train,1,session2/s18/sess02_subj18_EEG_MI.mat,b7af668a0ed7aa4c80cd9e96b07f2dabd325720ba0782f19e2f993d2e1d4a3eb,1092670,Lee2019_MI,Q15-E007,MU_BETA_SHARED,20260924,0.18701232969760895,0.8129876255989075,2
s18_2_offline_train_t083,18,2,offline_train,2,session2/s18/sess02_subj18_EEG_MI.mat,b7af668a0ed7aa4c80cd9e96b07f2dabd325720ba0782f19e2f993d2e1d4a3eb,1103803,Lee2019_MI,Q15-E007,MU_BETA_SHARED,20260924,0.14948397874832153,0.8505160212516785,2
s18_2_offline_train_t084,18,2,offline_train,2,session2/s18/sess02_subj18_EEG_MI.mat,b7af668a0ed7aa4c80cd9e96b07f2dabd325720ba0782f19e2f993d2e1d4a3eb,1114953,Lee2019_MI,Q15-E007,MU_BETA_SHARED,20260924,0.22792789340019226,0.7720720767974854,2
s18_2_offline_train_t085,18,2,offline_train,1,session2/s18/sess02_subj18_EEG_MI.mat,b7af668a0ed7aa4c80cd9e96b07f2dabd325720ba0782f19e2f993d2e1d4a3eb,1126386,Lee2019_MI,Q15-E007,MU_BETA_SHARED,20260924,0.6228313446044922,0.3771686851978302,1
s18_2_offline_train_t086,18,2,offline_train,2,session2/s18/sess02_subj18_EEG_MI.mat,b7af668a0ed7aa4c80cd9e96b07f2dabd325720ba0782f19e2f993d2e1d4a3eb,1137253,Lee2019_MI,Q15-E007,MU_BETA_SHARED,20260924,0.1923215240240097,0.8076784610748291,2
s18_2_offline_train_t087,18,2,offline_train,1,session2/s18/sess02_subj18_EEG_MI.mat,b7af668a0ed7aa4c80cd9e96b07f2dabd325720ba0782f19e2f993d2e1d4a3eb,1148569,Lee2019_MI,Q15-E007,MU_BETA_SHARED,20260924,0.33661264181137085,0.6633873581886292,2
s18_2_offline_train_t088,18,2,offline_train,2,session2/s18/sess02_subj18_EEG_MI.mat,b7af668a0ed7aa4c80cd9e96b07f2dabd325720ba0782f19e2f993d2e1d4a3eb,1159902,Lee2019_MI,Q15-E007,MU_BETA_SHARED,20260924,0.23539403080940247,0.7646059393882751,2
s18_2_offline_train_t089,18,2,offline_train,2,session2/s18/sess02_subj18_EEG_MI.mat,b7af668a0ed7aa4c80cd9e96b07f2dabd325720ba0782f19e2f993d2e1d4a3eb,1170869,Lee2019_MI,Q15-E007,MU_BETA_SHARED,20260924,0.18366289138793945,0.8163371086120605,2
s18_2_offline_train_t090,18,2,offline_train,2,session2/s18/sess02_subj18_EEG_MI.mat,b7af668a0ed7aa4c80cd9e96b07f2dabd325720ba0782f19e2f993d2e1d4a3eb,1182019,Lee2019_MI,Q15-E007,MU_BETA_SHARED,20260924,0.13166078925132751,0.8683391809463501,2
s18_2_offline_train_t091,18,2,offline_train,2,session2/s18/sess02_subj18_EEG_MI.mat,b7af668a0ed7aa4c80cd9e96b07f2dabd325720ba0782f19e2f993d2e1d4a3eb,1192602,Lee2019_MI,Q15-E007,MU_BETA_SHARED,20260924,0.07171330600976944,0.9282866716384888,2
s18_2_offline_train_t092,18,2,offline_train,2,session2/s18/sess02_subj18_EEG_MI.mat,b7af668a0ed7aa4c80cd9e96b07f2dabd325720ba0782f19e2f993d2e1d4a3eb,1203185,Lee2019_MI,Q15-E007,MU_BETA_SHARED,20260924,0.14366057515144348,0.8563394546508789,2
s18_2_offline_train_t093,18,2,offline_train,1,session2/s18/sess02_subj18_EEG_MI.mat,b7af668a0ed7aa4c80cd9e96b07f2dabd325720ba0782f19e2f993d2e1d4a3eb,1214235,Lee2019_MI,Q15-E007,MU_BETA_SHARED,20260924,0.2777462601661682,0.7222537398338318,2
s18_2_offline_train_t094,18,2,offline_train,2,session2/s18/sess02_subj18_EEG_MI.mat,b7af668a0ed7aa4c80cd9e96b07f2dabd325720ba0782f19e2f993d2e1d4a3eb,1225568,Lee2019_MI,Q15-E007,MU_BETA_SHARED,20260924,0.3526450991630554,0.6473548412322998,2
s18_2_offline_train_t095,18,2,offline_train,1,session2/s18/sess02_subj18_EEG_MI.mat,b7af668a0ed7aa4c80cd9e96b07f2dabd325720ba0782f19e2f993d2e1d4a3eb,1237084,Lee2019_MI,Q15-E007,MU_BETA_SHARED,20260924,0.4868525564670563,0.5131474137306213,2
s18_2_offline_train_t096,18,2,offline_train,1,session2/s18/sess02_subj18_EEG_MI.mat,b7af668a0ed7aa4c80cd9e96b07f2dabd325720ba0782f19e2f993d2e1d4a3eb,1247767,Lee2019_MI,Q15-E007,MU_BETA_SHARED,20260924,0.22558040916919708,0.7744196653366089,2
s18_2_offline_train_t097,18,2,offline_train,2,session2/s18/sess02_subj18_EEG_MI.mat,b7af668a0ed7aa4c80cd9e96b07f2dabd325720ba0782f19e2f993d2e1d4a3eb,1258917,Lee2019_MI,Q15-E007,MU_BETA_SHARED,20260924,0.27880385518074036,0.7211961150169373,2
s18_2_offline_train_t098,18,2,offline_train,1,session2/s18/sess02_subj18_EEG_MI.mat,b7af668a0ed7aa4c80cd9e96b07f2dabd325720ba0782f19e2f993d2e1d4a3eb,1269967,Lee2019_MI,Q15-E007,MU_BETA_SHARED,20260924,0.7655595541000366,0.23444043099880219,1
s18_2_offline_train_t099,18,2,offline_train,2,session2/s18/sess02_subj18_EEG_MI.mat,b7af668a0ed7aa4c80cd9e96b07f2dabd325720ba0782f19e2f993d2e1d4a3eb,1280550,Lee2019_MI,Q15-E007,MU_BETA_SHARED,20260924,0.23567929863929749,0.7643207311630249,2
s18_2_offline_train_t100,18,2,offline_train,2,session2/s18/sess02_subj18_EEG_MI.mat,b7af668a0ed7aa4c80cd9e96b07f2dabd325720ba0782f19e2f993d2e1d4a3eb,1291417,Lee2019_MI,Q15-E007,MU_BETA_SHARED,20260924,0.1354028731584549,0.8645970821380615,2
s18_1_offline_train_t001,18,1,offline_train,1,session1/s18/sess01_subj18_EEG_MI.mat,8ef8fd343531e428188af60cf0b23d14eb20b9f533d418a12331dd80ec7b1013,228583,Lee2019_MI,Q15-E007,MU_BETA_SHARED,20260925,0.8352687358856201,0.16473126411437988,1
s18_1_offline_train_t002,18,1,offline_train,2,session1/s18/sess01_subj18_EEG_MI.mat,8ef8fd343531e428188af60cf0b23d14eb20b9f533d418a12331dd80ec7b1013,239999,Lee2019_MI,Q15-E007,MU_BETA_SHARED,20260925,0.47010430693626404,0.5298956632614136,2
s18_1_offline_train_t003,18,1,offline_train,1,session1/s18/sess01_subj18_EEG_MI.mat,8ef8fd343531e428188af60cf0b23d14eb20b9f533d418a12331dd80ec7b1013,250683,Lee2019_MI,Q15-E007,MU_BETA_SHARED,20260925,0.8864707350730896,0.11352923512458801,1
s18_1_offline_train_t004,18,1,offline_train,1,session1/s18/sess01_subj18_EEG_MI.mat,8ef8fd343531e428188af60cf0b23d14eb20b9f533d418a12331dd80ec7b1013,262099,Lee2019_MI,Q15-E007,MU_BETA_SHARED,20260925,0.8769952058792114,0.12300476431846619,1
s18_1_offline_train_t005,18,1,offline_train,2,session1/s18/sess01_subj18_EEG_MI.mat,8ef8fd343531e428188af60cf0b23d14eb20b9f533d418a12331dd80ec7b1013,273249,Lee2019_MI,Q15-E007,MU_BETA_SHARED,20260925,0.225460946559906,0.774539053440094,2
s18_1_offline_train_t006,18,1,offline_train,2,session1/s18/sess01_subj18_EEG_MI.mat,8ef8fd343531e428188af60cf0b23d14eb20b9f533d418a12331dd80ec7b1013,283932,Lee2019_MI,Q15-E007,MU_BETA_SHARED,20260925,0.31828397512435913,0.6817160248756409,2
s18_1_offline_train_t007,18,1,offline_train,1,session1/s18/sess01_subj18_EEG_MI.mat,8ef8fd343531e428188af60cf0b23d14eb20b9f533d418a12331dd80ec7b1013,294798,Lee2019_MI,Q15-E007,MU_BETA_SHARED,20260925,0.7517581582069397,0.2482418417930603,1
s18_1_offline_train_t008,18,1,offline_train,2,session1/s18/sess01_subj18_EEG_MI.mat,8ef8fd343531e428188af60cf0b23d14eb20b9f533d418a12331dd80ec7b1013,305948,Lee2019_MI,Q15-E007,MU_BETA_SHARED,20260925,0.5869799256324768,0.4130200445652008,1
s18_1_offline_train_t009,18,1,offline_train,1,session1/s18/sess01_subj18_EEG_MI.mat,8ef8fd343531e428188af60cf0b23d14eb20b9f533d418a12331dd80ec7b1013,317464,Lee2019_MI,Q15-E007,MU_BETA_SHARED,20260925,0.9685500264167786,0.03144995868206024,1
s18_1_offline_train_t010,18,1,offline_train,1,session1/s18/sess01_subj18_EEG_MI.mat,8ef8fd343531e428188af60cf0b23d14eb20b9f533d418a12331dd80ec7b1013,328980,Lee2019_MI,Q15-E007,MU_BETA_SHARED,20260925,0.8367183208465576,0.16328173875808716,1
s18_1_offline_train_t011,18,1,offline_train,2,session1/s18/sess01_subj18_EEG_MI.mat,8ef8fd343531e428188af60cf0b23d14eb20b9f533d418a12331dd80ec7b1013,339664,Lee2019_MI,Q15-E007,MU_BETA_SHARED,20260925,0.7865882515907288,0.21341173350811005,1
s18_1_offline_train_t012,18,1,offline_train,2,session1/s18/sess01_subj18_EEG_MI.mat,8ef8fd343531e428188af60cf0b23d14eb20b9f533d418a12331dd80ec7b1013,351181,Lee2019_MI,Q15-E007,MU_BETA_SHARED,20260925,0.32131853699684143,0.6786814332008362,2
s18_1_offline_train_t013,18,1,offline_train,1,session1/s18/sess01_subj18_EEG_MI.mat,8ef8fd343531e428188af60cf0b23d14eb20b9f533d418a12331dd80ec7b1013,362697,Lee2019_MI,Q15-E007,MU_BETA_SHARED,20260925,0.9138280749320984,0.08617189526557922,1
s18_1_offline_train_t014,18,1,offline_train,1,session1/s18/sess01_subj18_EEG_MI.mat,8ef8fd343531e428188af60cf0b23d14eb20b9f533d418a12331dd80ec7b1013,373747,Lee2019_MI,Q15-E007,MU_BETA_SHARED,20260925,0.6449693441390991,0.35503068566322327,1
s18_1_offline_train_t015,18,1,offline_train,2,session1/s18/sess01_subj18_EEG_MI.mat,8ef8fd343531e428188af60cf0b23d14eb20b9f533d418a12331dd80ec7b1013,385080,Lee2019_MI,Q15-E007,MU_BETA_SHARED,20260925,0.6131844520568848,0.38681554794311523,1
s18_1_offline_train_t016,18,1,offline_train,1,session1/s18/sess01_subj18_EEG_MI.mat,8ef8fd343531e428188af60cf0b23d14eb20b9f533d418a12331dd80ec7b1013,395763,Lee2019_MI,Q15-E007,MU_BETA_SHARED,20260925,0.9935332536697388,0.006466757971793413,1
s18_1_offline_train_t017,18,1,offline_train,1,session1/s18/sess01_subj18_EEG_MI.mat,8ef8fd343531e428188af60cf0b23d14eb20b9f533d418a12331dd80ec7b1013,406713,Lee2019_MI,Q15-E007,MU_BETA_SHARED,20260925,0.9426962733268738,0.05730373412370682,1
s18_1_offline_train_t018,18,1,offline_train,1,session1/s18/sess01_subj18_EEG_MI.mat,8ef8fd343531e428188af60cf0b23d14eb20b9f533d418a12331dd80ec7b1013,418146,Lee2019_MI,Q15-E007,MU_BETA_SHARED,20260925,0.9934906959533691,0.006509318947792053,1
s18_1_offline_train_t019,18,1,offline_train,1,session1/s18/sess01_subj18_EEG_MI.mat,8ef8fd343531e428188af60cf0b23d14eb20b9f533d418a12331dd80ec7b1013,429479,Lee2019_MI,Q15-E007,MU_BETA_SHARED,20260925,0.8825212717056274,0.11747879534959793,1
s18_1_offline_train_t020,18,1,offline_train,2,session1/s18/sess01_subj18_EEG_MI.mat,8ef8fd343531e428188af60cf0b23d14eb20b9f533d418a12331dd80ec7b1013,440996,Lee2019_MI,Q15-E007,MU_BETA_SHARED,20260925,0.37408319115638733,0.6259168386459351,2
s18_1_offline_train_t021,18,1,offline_train,2,session1/s18/sess01_subj18_EEG_MI.mat,8ef8fd343531e428188af60cf0b23d14eb20b9f533d418a12331dd80ec7b1013,452229,Lee2019_MI,Q15-E007,MU_BETA_SHARED,20260925,0.2486822009086609,0.7513178586959839,2
s18_1_offline_train_t022,18,1,offline_train,1,session1/s18/sess01_subj18_EEG_MI.mat,8ef8fd343531e428188af60cf0b23d14eb20b9f533d418a12331dd80ec7b1013,462812,Lee2019_MI,Q15-E007,MU_BETA_SHARED,20260925,0.9967819452285767,0.003218074794858694,1
s18_1_offline_train_t023,18,1,offline_train,2,session1/s18/sess01_subj18_EEG_MI.mat,8ef8fd343531e428188af60cf0b23d14eb20b9f533d418a12331dd80ec7b1013,474245,Lee2019_MI,Q15-E007,MU_BETA_SHARED,20260925,0.3164746165275574,0.6835253834724426,2
s18_1_offline_train_t024,18,1,offline_train,2,session1/s18/sess01_subj18_EEG_MI.mat,8ef8fd343531e428188af60cf0b23d14eb20b9f533d418a12331dd80ec7b1013,485762,Lee2019_MI,Q15-E007,MU_BETA_SHARED,20260925,0.20119835436344147,0.7988017201423645,2
s18_1_offline_train_t025,18,1,offline_train,2,session1/s18/sess01_subj18_EEG_MI.mat,8ef8fd343531e428188af60cf0b23d14eb20b9f533d418a12331dd80ec7b1013,496995,Lee2019_MI,Q15-E007,MU_BETA_SHARED,20260925,0.3014867305755615,0.6985132694244385,2
s18_1_offline_train_t026,18,1,offline_train,1,session1/s18/sess01_subj18_EEG_MI.mat,8ef8fd343531e428188af60cf0b23d14eb20b9f533d418a12331dd80ec7b1013,508328,Lee2019_MI,Q15-E007,MU_BETA_SHARED,20260925,0.9626728296279907,0.037327155470848083,1
s18_1_offline_train_t027,18,1,offline_train,2,session1/s18/sess01_subj18_EEG_MI.mat,8ef8fd343531e428188af60cf0b23d14eb20b9f533d418a12331dd80ec7b1013,519661,Lee2019_MI,Q15-E007,MU_BETA_SHARED,20260925,0.14731107652187347,0.8526889681816101,2
s18_1_offline_train_t028,18,1,offline_train,1,session1/s18/sess01_subj18_EEG_MI.mat,8ef8fd343531e428188af60cf0b23d14eb20b9f533d418a12331dd80ec7b1013,530611,Lee2019_MI,Q15-E007,MU_BETA_SHARED,20260925,0.7031633257865906,0.29683661460876465,1
s18_1_offline_train_t029,18,1,offline_train,1,session1/s18/sess01_subj18_EEG_MI.mat,8ef8fd343531e428188af60cf0b23d14eb20b9f533d418a12331dd80ec7b1013,541861,Lee2019_MI,Q15-E007,MU_BETA_SHARED,20260925,0.7216401696205139,0.2783598005771637,1
s18_1_offline_train_t030,18,1,offline_train,2,session1/s18/sess01_subj18_EEG_MI.mat,8ef8fd343531e428188af60cf0b23d14eb20b9f533d418a12331dd80ec7b1013,552627,Lee2019_MI,Q15-E007,MU_BETA_SHARED,20260925,0.16328760981559753,0.8367123603820801,2
s18_1_offline_train_t031,18,1,offline_train,1,session1/s18/sess01_subj18_EEG_MI.mat,8ef8fd343531e428188af60cf0b23d14eb20b9f533d418a12331dd80ec7b1013,563860,Lee2019_MI,Q15-E007,MU_BETA_SHARED,20260925,0.7354772090911865,0.2645227909088135,1
s18_1_offline_train_t032,18,1,offline_train,2,session1/s18/sess01_subj18_EEG_MI.mat,8ef8fd343531e428188af60cf0b23d14eb20b9f533d418a12331dd80ec7b1013,574460,Lee2019_MI,Q15-E007,MU_BETA_SHARED,20260925,0.141909658908844,0.858090341091156,2
s18_1_offline_train_t033,18,1,offline_train,1,session1/s18/sess01_subj18_EEG_MI.mat,8ef8fd343531e428188af60cf0b23d14eb20b9f533d418a12331dd80ec7b1013,585326,Lee2019_MI,Q15-E007,MU_BETA_SHARED,20260925,0.9840483665466309,0.01595156639814377,1
s18_1_offline_train_t034,18,1,offline_train,2,session1/s18/sess01_subj18_EEG_MI.mat,8ef8fd343531e428188af60cf0b23d14eb20b9f533d418a12331dd80ec7b1013,595909,Lee2019_MI,Q15-E007,MU_BETA_SHARED,20260925,0.2710045576095581,0.7289954423904419,2
s18_1_offline_train_t035,18,1,offline_train,2,session1/s18/sess01_subj18_EEG_MI.mat,8ef8fd343531e428188af60cf0b23d14eb20b9f533d418a12331dd80ec7b1013,606593,Lee2019_MI,Q15-E007,MU_BETA_SHARED,20260925,0.41057246923446655,0.5894275307655334,2
s18_1_offline_train_t036,18,1,offline_train,1,session1/s18/sess01_subj18_EEG_MI.mat,8ef8fd343531e428188af60cf0b23d14eb20b9f533d418a12331dd80ec7b1013,618009,Lee2019_MI,Q15-E007,MU_BETA_SHARED,20260925,0.8587303757667542,0.14126965403556824,1
s18_1_offline_train_t037,18,1,offline_train,1,session1/s18/sess01_subj18_EEG_MI.mat,8ef8fd343531e428188af60cf0b23d14eb20b9f533d418a12331dd80ec7b1013,629259,Lee2019_MI,Q15-E007,MU_BETA_SHARED,20260925,0.34673336148262024,0.6532666087150574,2
s18_1_offline_train_t038,18,1,offline_train,2,session1/s18/sess01_subj18_EEG_MI.mat,8ef8fd343531e428188af60cf0b23d14eb20b9f533d418a12331dd80ec7b1013,640125,Lee2019_MI,Q15-E007,MU_BETA_SHARED,20260925,0.07395198196172714,0.9260480403900146,2
s18_1_offline_train_t039,18,1,offline_train,1,session1/s18/sess01_subj18_EEG_MI.mat,8ef8fd343531e428188af60cf0b23d14eb20b9f533d418a12331dd80ec7b1013,651642,Lee2019_MI,Q15-E007,MU_BETA_SHARED,20260925,0.5093086361885071,0.4906913638114929,1
s18_1_offline_train_t040,18,1,offline_train,1,session1/s18/sess01_subj18_EEG_MI.mat,8ef8fd343531e428188af60cf0b23d14eb20b9f533d418a12331dd80ec7b1013,662225,Lee2019_MI,Q15-E007,MU_BETA_SHARED,20260925,0.8505856394767761,0.14941442012786865,1
s18_1_offline_train_t041,18,1,offline_train,1,session1/s18/sess01_subj18_EEG_MI.mat,8ef8fd343531e428188af60cf0b23d14eb20b9f533d418a12331dd80ec7b1013,673192,Lee2019_MI,Q15-E007,MU_BETA_SHARED,20260925,0.9143199920654297,0.08568000793457031,1
s18_1_offline_train_t042,18,1,offline_train,1,session1/s18/sess01_subj18_EEG_MI.mat,8ef8fd343531e428188af60cf0b23d14eb20b9f533d418a12331dd80ec7b1013,684141,Lee2019_MI,Q15-E007,MU_BETA_SHARED,20260925,0.6825107336044312,0.31748923659324646,1
s18_1_offline_train_t043,18,1,offline_train,2,session1/s18/sess01_subj18_EEG_MI.mat,8ef8fd343531e428188af60cf0b23d14eb20b9f533d418a12331dd80ec7b1013,695474,Lee2019_MI,Q15-E007,MU_BETA_SHARED,20260925,0.22363145649433136,0.7763685584068298,2
s18_1_offline_train_t044,18,1,offline_train,1,session1/s18/sess01_subj18_EEG_MI.mat,8ef8fd343531e428188af60cf0b23d14eb20b9f533d418a12331dd80ec7b1013,706808,Lee2019_MI,Q15-E007,MU_BETA_SHARED,20260925,0.3724408447742462,0.6275591254234314,2
s18_1_offline_train_t045,18,1,offline_train,2,session1/s18/sess01_subj18_EEG_MI.mat,8ef8fd343531e428188af60cf0b23d14eb20b9f533d418a12331dd80ec7b1013,717574,Lee2019_MI,Q15-E007,MU_BETA_SHARED,20260925,0.11697326600551605,0.8830267190933228,2
s18_1_offline_train_t046,18,1,offline_train,1,session1/s18/sess01_subj18_EEG_MI.mat,8ef8fd343531e428188af60cf0b23d14eb20b9f533d418a12331dd80ec7b1013,728624,Lee2019_MI,Q15-E007,MU_BETA_SHARED,20260925,0.8031041026115417,0.19689586758613586,1
s18_1_offline_train_t047,18,1,offline_train,1,session1/s18/sess01_subj18_EEG_MI.mat,8ef8fd343531e428188af60cf0b23d14eb20b9f533d418a12331dd80ec7b1013,739590,Lee2019_MI,Q15-E007,MU_BETA_SHARED,20260925,0.9974676370620728,0.0025323950685560703,1
s18_1_offline_train_t048,18,1,offline_train,1,session1/s18/sess01_subj18_EEG_MI.mat,8ef8fd343531e428188af60cf0b23d14eb20b9f533d418a12331dd80ec7b1013,750823,Lee2019_MI,Q15-E007,MU_BETA_SHARED,20260925,0.6082572340965271,0.3917427957057953,1
s18_1_offline_train_t049,18,1,offline_train,2,session1/s18/sess01_subj18_EEG_MI.mat,8ef8fd343531e428188af60cf0b23d14eb20b9f533d418a12331dd80ec7b1013,762073,Lee2019_MI,Q15-E007,MU_BETA_SHARED,20260925,0.1937716156244278,0.8062283992767334,2
s18_1_offline_train_t050,18,1,offline_train,1,session1/s18/sess01_subj18_EEG_MI.mat,8ef8fd343531e428188af60cf0b23d14eb20b9f533d418a12331dd80ec7b1013,992769,Lee2019_MI,Q15-E007,MU_BETA_SHARED,20260925,0.9122937917709351,0.08770620077848434,1
s18_1_offline_train_t051,18,1,offline_train,1,session1/s18/sess01_subj18_EEG_MI.mat,8ef8fd343531e428188af60cf0b23d14eb20b9f533d418a12331dd80ec7b1013,1003635,Lee2019_MI,Q15-E007,MU_BETA_SHARED,20260925,0.5096970796585083,0.4903028905391693,1
s18_1_offline_train_t052,18,1,offline_train,1,session1/s18/sess01_subj18_EEG_MI.mat,8ef8fd343531e428188af60cf0b23d14eb20b9f533d418a12331dd80ec7b1013,1014885,Lee2019_MI,Q15-E007,MU_BETA_SHARED,20260925,0.5722527503967285,0.42774727940559387,1
s18_1_offline_train_t053,18,1,offline_train,1,session1/s18/sess01_subj18_EEG_MI.mat,8ef8fd343531e428188af60cf0b23d14eb20b9f533d418a12331dd80ec7b1013,1026118,Lee2019_MI,Q15-E007,MU_BETA_SHARED,20260925,0.9406012892723083,0.05939869582653046,1
s18_1_offline_train_t054,18,1,offline_train,2,session1/s18/sess01_subj18_EEG_MI.mat,8ef8fd343531e428188af60cf0b23d14eb20b9f533d418a12331dd80ec7b1013,1036801,Lee2019_MI,Q15-E007,MU_BETA_SHARED,20260925,0.12312028557062149,0.8768796920776367,2
s18_1_offline_train_t055,18,1,offline_train,1,session1/s18/sess01_subj18_EEG_MI.mat,8ef8fd343531e428188af60cf0b23d14eb20b9f533d418a12331dd80ec7b1013,1047484,Lee2019_MI,Q15-E007,MU_BETA_SHARED,20260925,0.607506275177002,0.39249369502067566,1
s18_1_offline_train_t056,18,1,offline_train,1,session1/s18/sess01_subj18_EEG_MI.mat,8ef8fd343531e428188af60cf0b23d14eb20b9f533d418a12331dd80ec7b1013,1058534,Lee2019_MI,Q15-E007,MU_BETA_SHARED,20260925,0.6073386073112488,0.3926614224910736,1
s18_1_offline_train_t057,18,1,offline_train,2,session1/s18/sess01_subj18_EEG_MI.mat,8ef8fd343531e428188af60cf0b23d14eb20b9f533d418a12331dd80ec7b1013,1070051,Lee2019_MI,Q15-E007,MU_BETA_SHARED,20260925,0.7766467332839966,0.223353311419487,1
s18_1_offline_train_t058,18,1,offline_train,2,session1/s18/sess01_subj18_EEG_MI.mat,8ef8fd343531e428188af60cf0b23d14eb20b9f533d418a12331dd80ec7b1013,1080917,Lee2019_MI,Q15-E007,MU_BETA_SHARED,20260925,0.49412405490875244,0.5058759450912476,2
s18_1_offline_train_t059,18,1,offline_train,1,session1/s18/sess01_subj18_EEG_MI.mat,8ef8fd343531e428188af60cf0b23d14eb20b9f533d418a12331dd80ec7b1013,1092067,Lee2019_MI,Q15-E007,MU_BETA_SHARED,20260925,0.8237044811248779,0.17629550397396088,1
s18_1_offline_train_t060,18,1,offline_train,1,session1/s18/sess01_subj18_EEG_MI.mat,8ef8fd343531e428188af60cf0b23d14eb20b9f533d418a12331dd80ec7b1013,1102833,Lee2019_MI,Q15-E007,MU_BETA_SHARED,20260925,0.8784449100494385,0.12155511975288391,1
s18_1_offline_train_t061,18,1,offline_train,2,session1/s18/sess01_subj18_EEG_MI.mat,8ef8fd343531e428188af60cf0b23d14eb20b9f533d418a12331dd80ec7b1013,1114167,Lee2019_MI,Q15-E007,MU_BETA_SHARED,20260925,0.30936384201049805,0.690636157989502,2
s18_1_offline_train_t062,18,1,offline_train,2,session1/s18/sess01_subj18_EEG_MI.mat,8ef8fd343531e428188af60cf0b23d14eb20b9f533d418a12331dd80ec7b1013,1124950,Lee2019_MI,Q15-E007,MU_BETA_SHARED,20260925,0.3149648606777191,0.6850351095199585,2
s18_1_offline_train_t063,18,1,offline_train,1,session1/s18/sess01_subj18_EEG_MI.mat,8ef8fd343531e428188af60cf0b23d14eb20b9f533d418a12331dd80ec7b1013,1135999,Lee2019_MI,Q15-E007,MU_BETA_SHARED,20260925,0.8723769783973694,0.12762299180030823,1
s18_1_offline_train_t064,18,1,offline_train,2,session1/s18/sess01_subj18_EEG_MI.mat,8ef8fd343531e428188af60cf0b23d14eb20b9f533d418a12331dd80ec7b1013,1147233,Lee2019_MI,Q15-E007,MU_BETA_SHARED,20260925,0.5009557008743286,0.49904435873031616,1
s18_1_offline_train_t065,18,1,offline_train,2,session1/s18/sess01_subj18_EEG_MI.mat,8ef8fd343531e428188af60cf0b23d14eb20b9f533d418a12331dd80ec7b1013,1158649,Lee2019_MI,Q15-E007,MU_BETA_SHARED,20260925,0.11549106240272522,0.8845089077949524,2
s18_1_offline_train_t066,18,1,offline_train,2,session1/s18/sess01_subj18_EEG_MI.mat,8ef8fd343531e428188af60cf0b23d14eb20b9f533d418a12331dd80ec7b1013,1170165,Lee2019_MI,Q15-E007,MU_BETA_SHARED,20260925,0.3358830511569977,0.6641169190406799,2
s18_1_offline_train_t067,18,1,offline_train,2,session1/s18/sess01_subj18_EEG_MI.mat,8ef8fd343531e428188af60cf0b23d14eb20b9f533d418a12331dd80ec7b1013,1181232,Lee2019_MI,Q15-E007,MU_BETA_SHARED,20260925,0.07077979296445847,0.9292201995849609,2
s18_1_offline_train_t068,18,1,offline_train,1,session1/s18/sess01_subj18_EEG_MI.mat,8ef8fd343531e428188af60cf0b23d14eb20b9f533d418a12331dd80ec7b1013,1191915,Lee2019_MI,Q15-E007,MU_BETA_SHARED,20260925,0.6632310152053833,0.3367689549922943,1
s18_1_offline_train_t069,18,1,offline_train,1,session1/s18/sess01_subj18_EEG_MI.mat,8ef8fd343531e428188af60cf0b23d14eb20b9f533d418a12331dd80ec7b1013,1202581,Lee2019_MI,Q15-E007,MU_BETA_SHARED,20260925,0.7698637843132019,0.2301362156867981,1
s18_1_offline_train_t070,18,1,offline_train,2,session1/s18/sess01_subj18_EEG_MI.mat,8ef8fd343531e428188af60cf0b23d14eb20b9f533d418a12331dd80ec7b1013,1213365,Lee2019_MI,Q15-E007,MU_BETA_SHARED,20260925,0.4496193528175354,0.5503806471824646,2
s18_1_offline_train_t071,18,1,offline_train,1,session1/s18/sess01_subj18_EEG_MI.mat,8ef8fd343531e428188af60cf0b23d14eb20b9f533d418a12331dd80ec7b1013,1224781,Lee2019_MI,Q15-E007,MU_BETA_SHARED,20260925,0.904569149017334,0.09543085098266602,1
s18_1_offline_train_t072,18,1,offline_train,2,session1/s18/sess01_subj18_EEG_MI.mat,8ef8fd343531e428188af60cf0b23d14eb20b9f533d418a12331dd80ec7b1013,1235564,Lee2019_MI,Q15-E007,MU_BETA_SHARED,20260925,0.1127961203455925,0.8872039318084717,2
s18_1_offline_train_t073,18,1,offline_train,2,session1/s18/sess01_subj18_EEG_MI.mat,8ef8fd343531e428188af60cf0b23d14eb20b9f533d418a12331dd80ec7b1013,1246898,Lee2019_MI,Q15-E007,MU_BETA_SHARED,20260925,0.06016772985458374,0.9398322701454163,2
s18_1_offline_train_t074,18,1,offline_train,2,session1/s18/sess01_subj18_EEG_MI.mat,8ef8fd343531e428188af60cf0b23d14eb20b9f533d418a12331dd80ec7b1013,1257664,Lee2019_MI,Q15-E007,MU_BETA_SHARED,20260925,0.4855344593524933,0.5144655704498291,2
s18_1_offline_train_t075,18,1,offline_train,1,session1/s18/sess01_subj18_EEG_MI.mat,8ef8fd343531e428188af60cf0b23d14eb20b9f533d418a12331dd80ec7b1013,1269180,Lee2019_MI,Q15-E007,MU_BETA_SHARED,20260925,0.984750509262085,0.015249516814947128,1
s18_1_offline_train_t076,18,1,offline_train,2,session1/s18/sess01_subj18_EEG_MI.mat,8ef8fd343531e428188af60cf0b23d14eb20b9f533d418a12331dd80ec7b1013,1280047,Lee2019_MI,Q15-E007,MU_BETA_SHARED,20260925,0.28244301676750183,0.7175569534301758,2
s18_1_offline_train_t077,18,1,offline_train,1,session1/s18/sess01_subj18_EEG_MI.mat,8ef8fd343531e428188af60cf0b23d14eb20b9f533d418a12331dd80ec7b1013,1290830,Lee2019_MI,Q15-E007,MU_BETA_SHARED,20260925,0.8839496374130249,0.11605028808116913,1
s18_1_offline_train_t078,18,1,offline_train,1,session1/s18/sess01_subj18_EEG_MI.mat,8ef8fd343531e428188af60cf0b23d14eb20b9f533d418a12331dd80ec7b1013,1301596,Lee2019_MI,Q15-E007,MU_BETA_SHARED,20260925,0.6609759330749512,0.33902403712272644,1
s18_1_offline_train_t079,18,1,offline_train,2,session1/s18/sess01_subj18_EEG_MI.mat,8ef8fd343531e428188af60cf0b23d14eb20b9f533d418a12331dd80ec7b1013,1312746,Lee2019_MI,Q15-E007,MU_BETA_SHARED,20260925,0.5081207156181335,0.49187928438186646,1
s18_1_offline_train_t080,18,1,offline_train,2,session1/s18/sess01_subj18_EEG_MI.mat,8ef8fd343531e428188af60cf0b23d14eb20b9f533d418a12331dd80ec7b1013,1323796,Lee2019_MI,Q15-E007,MU_BETA_SHARED,20260925,0.03391166031360626,0.9660883545875549,2
s18_1_offline_train_t081,18,1,offline_train,2,session1/s18/sess01_subj18_EEG_MI.mat,8ef8fd343531e428188af60cf0b23d14eb20b9f533d418a12331dd80ec7b1013,1334662,Lee2019_MI,Q15-E007,MU_BETA_SHARED,20260925,0.2151034027338028,0.7848966717720032,2
s18_1_offline_train_t082,18,1,offline_train,1,session1/s18/sess01_subj18_EEG_MI.mat,8ef8fd343531e428188af60cf0b23d14eb20b9f533d418a12331dd80ec7b1013,1346079,Lee2019_MI,Q15-E007,MU_BETA_SHARED,20260925,0.9481538534164429,0.0518462173640728,1
s18_1_offline_train_t083,18,1,offline_train,2,session1/s18/sess01_subj18_EEG_MI.mat,8ef8fd343531e428188af60cf0b23d14eb20b9f533d418a12331dd80ec7b1013,1357229,Lee2019_MI,Q15-E007,MU_BETA_SHARED,20260925,0.1920119822025299,0.8079880475997925,2
s18_1_offline_train_t084,18,1,offline_train,2,session1/s18/sess01_subj18_EEG_MI.mat,8ef8fd343531e428188af60cf0b23d14eb20b9f533d418a12331dd80ec7b1013,1368378,Lee2019_MI,Q15-E007,MU_BETA_SHARED,20260925,0.0356249175965786,0.9643750786781311,2
s18_1_offline_train_t085,18,1,offline_train,1,session1/s18/sess01_subj18_EEG_MI.mat,8ef8fd343531e428188af60cf0b23d14eb20b9f533d418a12331dd80ec7b1013,1379894,Lee2019_MI,Q15-E007,MU_BETA_SHARED,20260925,0.9028573036193848,0.09714272618293762,1
s18_1_offline_train_t086,18,1,offline_train,2,session1/s18/sess01_subj18_EEG_MI.mat,8ef8fd343531e428188af60cf0b23d14eb20b9f533d418a12331dd80ec7b1013,1390761,Lee2019_MI,Q15-E007,MU_BETA_SHARED,20260925,0.10405866801738739,0.8959413170814514,2
s18_1_offline_train_t087,18,1,offline_train,1,session1/s18/sess01_subj18_EEG_MI.mat,8ef8fd343531e428188af60cf0b23d14eb20b9f533d418a12331dd80ec7b1013,1402094,Lee2019_MI,Q15-E007,MU_BETA_SHARED,20260925,0.8749343156814575,0.1250656694173813,1
s18_1_offline_train_t088,18,1,offline_train,2,session1/s18/sess01_subj18_EEG_MI.mat,8ef8fd343531e428188af60cf0b23d14eb20b9f533d418a12331dd80ec7b1013,1413428,Lee2019_MI,Q15-E007,MU_BETA_SHARED,20260925,0.41943633556365967,0.5805636644363403,2
s18_1_offline_train_t089,18,1,offline_train,2,session1/s18/sess01_subj18_EEG_MI.mat,8ef8fd343531e428188af60cf0b23d14eb20b9f533d418a12331dd80ec7b1013,1424377,Lee2019_MI,Q15-E007,MU_BETA_SHARED,20260925,0.09091448038816452,0.9090854525566101,2
s18_1_offline_train_t090,18,1,offline_train,2,session1/s18/sess01_subj18_EEG_MI.mat,8ef8fd343531e428188af60cf0b23d14eb20b9f533d418a12331dd80ec7b1013,1435527,Lee2019_MI,Q15-E007,MU_BETA_SHARED,20260925,0.2766795754432678,0.7233204245567322,2
s18_1_offline_train_t091,18,1,offline_train,2,session1/s18/sess01_subj18_EEG_MI.mat,8ef8fd343531e428188af60cf0b23d14eb20b9f533d418a12331dd80ec7b1013,1446110,Lee2019_MI,Q15-E007,MU_BETA_SHARED,20260925,0.07060811668634415,0.9293919205665588,2
s18_1_offline_train_t092,18,1,offline_train,2,session1/s18/sess01_subj18_EEG_MI.mat,8ef8fd343531e428188af60cf0b23d14eb20b9f533d418a12331dd80ec7b1013,1456710,Lee2019_MI,Q15-E007,MU_BETA_SHARED,20260925,0.40387290716171265,0.5961271524429321,2
s18_1_offline_train_t093,18,1,offline_train,1,session1/s18/sess01_subj18_EEG_MI.mat,8ef8fd343531e428188af60cf0b23d14eb20b9f533d418a12331dd80ec7b1013,1467760,Lee2019_MI,Q15-E007,MU_BETA_SHARED,20260925,0.8919228911399841,0.10807713866233826,1
s18_1_offline_train_t094,18,1,offline_train,2,session1/s18/sess01_subj18_EEG_MI.mat,8ef8fd343531e428188af60cf0b23d14eb20b9f533d418a12331dd80ec7b1013,1479093,Lee2019_MI,Q15-E007,MU_BETA_SHARED,20260925,0.08837302029132843,0.911626935005188,2
s18_1_offline_train_t095,18,1,offline_train,1,session1/s18/sess01_subj18_EEG_MI.mat,8ef8fd343531e428188af60cf0b23d14eb20b9f533d418a12331dd80ec7b1013,1490610,Lee2019_MI,Q15-E007,MU_BETA_SHARED,20260925,0.7420262694358826,0.25797373056411743,1
s18_1_offline_train_t096,18,1,offline_train,1,session1/s18/sess01_subj18_EEG_MI.mat,8ef8fd343531e428188af60cf0b23d14eb20b9f533d418a12331dd80ec7b1013,1501276,Lee2019_MI,Q15-E007,MU_BETA_SHARED,20260925,0.8461541533470154,0.153845876455307,1
s18_1_offline_train_t097,18,1,offline_train,2,session1/s18/sess01_subj18_EEG_MI.mat,8ef8fd343531e428188af60cf0b23d14eb20b9f533d418a12331dd80ec7b1013,1512426,Lee2019_MI,Q15-E007,MU_BETA_SHARED,20260925,0.23360760509967804,0.7663924098014832,2
s18_1_offline_train_t098,18,1,offline_train,1,session1/s18/sess01_subj18_EEG_MI.mat,8ef8fd343531e428188af60cf0b23d14eb20b9f533d418a12331dd80ec7b1013,1523475,Lee2019_MI,Q15-E007,MU_BETA_SHARED,20260925,0.8379794359207153,0.16202060878276825,1
s18_1_offline_train_t099,18,1,offline_train,2,session1/s18/sess01_subj18_EEG_MI.mat,8ef8fd343531e428188af60cf0b23d14eb20b9f533d418a12331dd80ec7b1013,1534075,Lee2019_MI,Q15-E007,MU_BETA_SHARED,20260925,0.015218078158795834,0.9847819209098816,2
s18_1_offline_train_t100,18,1,offline_train,2,session1/s18/sess01_subj18_EEG_MI.mat,8ef8fd343531e428188af60cf0b23d14eb20b9f533d418a12331dd80ec7b1013,1544942,Lee2019_MI,Q15-E007,MU_BETA_SHARED,20260925,0.27050209045410156,0.7294979095458984,2
s18_2_offline_train_t001,18,2,offline_train,1,session2/s18/sess02_subj18_EEG_MI.mat,b7af668a0ed7aa4c80cd9e96b07f2dabd325720ba0782f19e2f993d2e1d4a3eb,180852,Lee2019_MI,Q15-E007,MU_BETA_SHARED,20260925,0.5862095952033997,0.41379034519195557,1
s18_2_offline_train_t002,18,2,offline_train,2,session2/s18/sess02_subj18_EEG_MI.mat,b7af668a0ed7aa4c80cd9e96b07f2dabd325720ba0782f19e2f993d2e1d4a3eb,192404,Lee2019_MI,Q15-E007,MU_BETA_SHARED,20260925,0.5384327173233032,0.46156731247901917,1
s18_2_offline_train_t003,18,2,offline_train,1,session2/s18/sess02_subj18_EEG_MI.mat,b7af668a0ed7aa4c80cd9e96b07f2dabd325720ba0782f19e2f993d2e1d4a3eb,203070,Lee2019_MI,Q15-E007,MU_BETA_SHARED,20260925,0.6433092951774597,0.3566907048225403,1
s18_2_offline_train_t004,18,2,offline_train,1,session2/s18/sess02_subj18_EEG_MI.mat,b7af668a0ed7aa4c80cd9e96b07f2dabd325720ba0782f19e2f993d2e1d4a3eb,214503,Lee2019_MI,Q15-E007,MU_BETA_SHARED,20260925,0.6545173525810242,0.34548264741897583,1
s18_2_offline_train_t005,18,2,offline_train,2,session2/s18/sess02_subj18_EEG_MI.mat,b7af668a0ed7aa4c80cd9e96b07f2dabd325720ba0782f19e2f993d2e1d4a3eb,225653,Lee2019_MI,Q15-E007,MU_BETA_SHARED,20260925,0.6975722908973694,0.3024277091026306,1
s18_2_offline_train_t006,18,2,offline_train,2,session2/s18/sess02_subj18_EEG_MI.mat,b7af668a0ed7aa4c80cd9e96b07f2dabd325720ba0782f19e2f993d2e1d4a3eb,236336,Lee2019_MI,Q15-E007,MU_BETA_SHARED,20260925,0.35336118936538696,0.6466388702392578,2
s18_2_offline_train_t007,18,2,offline_train,1,session2/s18/sess02_subj18_EEG_MI.mat,b7af668a0ed7aa4c80cd9e96b07f2dabd325720ba0782f19e2f993d2e1d4a3eb,247202,Lee2019_MI,Q15-E007,MU_BETA_SHARED,20260925,0.6803697943687439,0.3196301758289337,1
s18_2_offline_train_t008,18,2,offline_train,2,session2/s18/sess02_subj18_EEG_MI.mat,b7af668a0ed7aa4c80cd9e96b07f2dabd325720ba0782f19e2f993d2e1d4a3eb,258335,Lee2019_MI,Q15-E007,MU_BETA_SHARED,20260925,0.4662209451198578,0.5337790846824646,2
s18_2_offline_train_t009,18,2,offline_train,1,session2/s18/sess02_subj18_EEG_MI.mat,b7af668a0ed7aa4c80cd9e96b07f2dabd325720ba0782f19e2f993d2e1d4a3eb,269852,Lee2019_MI,Q15-E007,MU_BETA_SHARED,20260925,0.47707170248031616,0.5229282975196838,2
s18_2_offline_train_t010,18,2,offline_train,1,session2/s18/sess02_subj18_EEG_MI.mat,b7af668a0ed7aa4c80cd9e96b07f2dabd325720ba0782f19e2f993d2e1d4a3eb,281368,Lee2019_MI,Q15-E007,MU_BETA_SHARED,20260925,0.7154388427734375,0.2845610976219177,1
s18_2_offline_train_t011,18,2,offline_train,2,session2/s18/sess02_subj18_EEG_MI.mat,b7af668a0ed7aa4c80cd9e96b07f2dabd325720ba0782f19e2f993d2e1d4a3eb,292052,Lee2019_MI,Q15-E007,MU_BETA_SHARED,20260925,0.6465751528739929,0.3534248471260071,1
s18_2_offline_train_t012,18,2,offline_train,2,session2/s18/sess02_subj18_EEG_MI.mat,b7af668a0ed7aa4c80cd9e96b07f2dabd325720ba0782f19e2f993d2e1d4a3eb,303568,Lee2019_MI,Q15-E007,MU_BETA_SHARED,20260925,0.4017665684223175,0.5982334017753601,2
s18_2_offline_train_t013,18,2,offline_train,1,session2/s18/sess02_subj18_EEG_MI.mat,b7af668a0ed7aa4c80cd9e96b07f2dabd325720ba0782f19e2f993d2e1d4a3eb,315084,Lee2019_MI,Q15-E007,MU_BETA_SHARED,20260925,0.5721383094787598,0.4278617203235626,1
s18_2_offline_train_t014,18,2,offline_train,1,session2/s18/sess02_subj18_EEG_MI.mat,b7af668a0ed7aa4c80cd9e96b07f2dabd325720ba0782f19e2f993d2e1d4a3eb,326134,Lee2019_MI,Q15-E007,MU_BETA_SHARED,20260925,0.6603398323059082,0.3396601676940918,1
s18_2_offline_train_t015,18,2,offline_train,2,session2/s18/sess02_subj18_EEG_MI.mat,b7af668a0ed7aa4c80cd9e96b07f2dabd325720ba0782f19e2f993d2e1d4a3eb,337467,Lee2019_MI,Q15-E007,MU_BETA_SHARED,20260925,0.26382070779800415,0.7361792325973511,2
s18_2_offline_train_t016,18,2,offline_train,1,session2/s18/sess02_subj18_EEG_MI.mat,b7af668a0ed7aa4c80cd9e96b07f2dabd325720ba0782f19e2f993d2e1d4a3eb,348151,Lee2019_MI,Q15-E007,MU_BETA_SHARED,20260925,0.6764569282531738,0.3235430419445038,1
s18_2_offline_train_t017,18,2,offline_train,1,session2/s18/sess02_subj18_EEG_MI.mat,b7af668a0ed7aa4c80cd9e96b07f2dabd325720ba0782f19e2f993d2e1d4a3eb,359117,Lee2019_MI,Q15-E007,MU_BETA_SHARED,20260925,0.5777769088745117,0.42222312092781067,1
s18_2_offline_train_t018,18,2,offline_train,1,session2/s18/sess02_subj18_EEG_MI.mat,b7af668a0ed7aa4c80cd9e96b07f2dabd325720ba0782f19e2f993d2e1d4a3eb,370634,Lee2019_MI,Q15-E007,MU_BETA_SHARED,20260925,0.5830523371696472,0.4169476628303528,1
s18_2_offline_train_t019,18,2,offline_train,1,session2/s18/sess02_subj18_EEG_MI.mat,b7af668a0ed7aa4c80cd9e96b07f2dabd325720ba0782f19e2f993d2e1d4a3eb,381967,Lee2019_MI,Q15-E007,MU_BETA_SHARED,20260925,0.5228838324546814,0.4771161675453186,1
s18_2_offline_train_t020,18,2,offline_train,2,session2/s18/sess02_subj18_EEG_MI.mat,b7af668a0ed7aa4c80cd9e96b07f2dabd325720ba0782f19e2f993d2e1d4a3eb,393483,Lee2019_MI,Q15-E007,MU_BETA_SHARED,20260925,0.19308581948280334,0.8069141507148743,2
s18_2_offline_train_t021,18,2,offline_train,2,session2/s18/sess02_subj18_EEG_MI.mat,b7af668a0ed7aa4c80cd9e96b07f2dabd325720ba0782f19e2f993d2e1d4a3eb,404716,Lee2019_MI,Q15-E007,MU_BETA_SHARED,20260925,0.4870505928993225,0.5129494667053223,2
s18_2_offline_train_t022,18,2,offline_train,1,session2/s18/sess02_subj18_EEG_MI.mat,b7af668a0ed7aa4c80cd9e96b07f2dabd325720ba0782f19e2f993d2e1d4a3eb,415299,Lee2019_MI,Q15-E007,MU_BETA_SHARED,20260925,0.6210378408432007,0.3789621889591217,1
s18_2_offline_train_t023,18,2,offline_train,2,session2/s18/sess02_subj18_EEG_MI.mat,b7af668a0ed7aa4c80cd9e96b07f2dabd325720ba0782f19e2f993d2e1d4a3eb,426731,Lee2019_MI,Q15-E007,MU_BETA_SHARED,20260925,0.4250522553920746,0.574947714805603,2
s18_2_offline_train_t024,18,2,offline_train,2,session2/s18/sess02_subj18_EEG_MI.mat,b7af668a0ed7aa4c80cd9e96b07f2dabd325720ba0782f19e2f993d2e1d4a3eb,438249,Lee2019_MI,Q15-E007,MU_BETA_SHARED,20260925,0.36682385206222534,0.6331762075424194,2
s18_2_offline_train_t025,18,2,offline_train,2,session2/s18/sess02_subj18_EEG_MI.mat,b7af668a0ed7aa4c80cd9e96b07f2dabd325720ba0782f19e2f993d2e1d4a3eb,449482,Lee2019_MI,Q15-E007,MU_BETA_SHARED,20260925,0.5771582722663879,0.42284172773361206,1
s18_2_offline_train_t026,18,2,offline_train,1,session2/s18/sess02_subj18_EEG_MI.mat,b7af668a0ed7aa4c80cd9e96b07f2dabd325720ba0782f19e2f993d2e1d4a3eb,460815,Lee2019_MI,Q15-E007,MU_BETA_SHARED,20260925,0.8007192611694336,0.1992807388305664,1
s18_2_offline_train_t027,18,2,offline_train,2,session2/s18/sess02_subj18_EEG_MI.mat,b7af668a0ed7aa4c80cd9e96b07f2dabd325720ba0782f19e2f993d2e1d4a3eb,472148,Lee2019_MI,Q15-E007,MU_BETA_SHARED,20260925,0.47277161478996277,0.5272283554077148,2
s18_2_offline_train_t028,18,2,offline_train,1,session2/s18/sess02_subj18_EEG_MI.mat,b7af668a0ed7aa4c80cd9e96b07f2dabd325720ba0782f19e2f993d2e1d4a3eb,483098,Lee2019_MI,Q15-E007,MU_BETA_SHARED,20260925,0.6273407936096191,0.3726591467857361,1
s18_2_offline_train_t029,18,2,offline_train,1,session2/s18/sess02_subj18_EEG_MI.mat,b7af668a0ed7aa4c80cd9e96b07f2dabd325720ba0782f19e2f993d2e1d4a3eb,494348,Lee2019_MI,Q15-E007,MU_BETA_SHARED,20260925,0.9123303890228271,0.08766962587833405,1
s18_2_offline_train_t030,18,2,offline_train,2,session2/s18/sess02_subj18_EEG_MI.mat,b7af668a0ed7aa4c80cd9e96b07f2dabd325720ba0782f19e2f993d2e1d4a3eb,505115,Lee2019_MI,Q15-E007,MU_BETA_SHARED,20260925,0.3769913911819458,0.6230086088180542,2
s18_2_offline_train_t031,18,2,offline_train,1,session2/s18/sess02_subj18_EEG_MI.mat,b7af668a0ed7aa4c80cd9e96b07f2dabd325720ba0782f19e2f993d2e1d4a3eb,516348,Lee2019_MI,Q15-E007,MU_BETA_SHARED,20260925,0.7142961025238037,0.2857038676738739,1
s18_2_offline_train_t032,18,2,offline_train,2,session2/s18/sess02_subj18_EEG_MI.mat,b7af668a0ed7aa4c80cd9e96b07f2dabd325720ba0782f19e2f993d2e1d4a3eb,526948,Lee2019_MI,Q15-E007,MU_BETA_SHARED,20260925,0.43714115023612976,0.5628588199615479,2
s18_2_offline_train_t033,18,2,offline_train,1,session2/s18/sess02_subj18_EEG_MI.mat,b7af668a0ed7aa4c80cd9e96b07f2dabd325720ba0782f19e2f993d2e1d4a3eb,537813,Lee2019_MI,Q15-E007,MU_BETA_SHARED,20260925,0.7837926745414734,0.21620729565620422,1
s18_2_offline_train_t034,18,2,offline_train,2,session2/s18/sess02_subj18_EEG_MI.mat,b7af668a0ed7aa4c80cd9e96b07f2dabd325720ba0782f19e2f993d2e1d4a3eb,548397,Lee2019_MI,Q15-E007,MU_BETA_SHARED,20260925,0.6381067633628845,0.3618932068347931,1
s18_2_offline_train_t035,18,2,offline_train,2,session2/s18/sess02_subj18_EEG_MI.mat,b7af668a0ed7aa4c80cd9e96b07f2dabd325720ba0782f19e2f993d2e1d4a3eb,559080,Lee2019_MI,Q15-E007,MU_BETA_SHARED,20260925,0.2779618203639984,0.722038209438324,2
s18_2_offline_train_t036,18,2,offline_train,1,session2/s18/sess02_subj18_EEG_MI.mat,b7af668a0ed7aa4c80cd9e96b07f2dabd325720ba0782f19e2f993d2e1d4a3eb,570413,Lee2019_MI,Q15-E007,MU_BETA_SHARED,20260925,0.7752231955528259,0.2247767597436905,1
s18_2_offline_train_t037,18,2,offline_train,1,session2/s18/sess02_subj18_EEG_MI.mat,b7af668a0ed7aa4c80cd9e96b07f2dabd325720ba0782f19e2f993d2e1d4a3eb,581646,Lee2019_MI,Q15-E007,MU_BETA_SHARED,20260925,0.6196621656417847,0.38033780455589294,1
s18_2_offline_train_t038,18,2,offline_train,2,session2/s18/sess02_subj18_EEG_MI.mat,b7af668a0ed7aa4c80cd9e96b07f2dabd325720ba0782f19e2f993d2e1d4a3eb,592513,Lee2019_MI,Q15-E007,MU_BETA_SHARED,20260925,0.487981915473938,0.512018084526062,2
s18_2_offline_train_t039,18,2,offline_train,1,session2/s18/sess02_subj18_EEG_MI.mat,b7af668a0ed7aa4c80cd9e96b07f2dabd325720ba0782f19e2f993d2e1d4a3eb,604029,Lee2019_MI,Q15-E007,MU_BETA_SHARED,20260925,0.6785266399383545,0.3214733302593231,1
s18_2_offline_train_t040,18,2,offline_train,1,session2/s18/sess02_subj18_EEG_MI.mat,b7af668a0ed7aa4c80cd9e96b07f2dabd325720ba0782f19e2f993d2e1d4a3eb,614612,Lee2019_MI,Q15-E007,MU_BETA_SHARED,20260925,0.8300930857658386,0.1699068546295166,1
s18_2_offline_train_t041,18,2,offline_train,1,session2/s18/sess02_subj18_EEG_MI.mat,b7af668a0ed7aa4c80cd9e96b07f2dabd325720ba0782f19e2f993d2e1d4a3eb,625579,Lee2019_MI,Q15-E007,MU_BETA_SHARED,20260925,0.5643439888954163,0.43565601110458374,1
s18_2_offline_train_t042,18,2,offline_train,1,session2/s18/sess02_subj18_EEG_MI.mat,b7af668a0ed7aa4c80cd9e96b07f2dabd325720ba0782f19e2f993d2e1d4a3eb,636545,Lee2019_MI,Q15-E007,MU_BETA_SHARED,20260925,0.5574338436126709,0.4425661861896515,1
s18_2_offline_train_t043,18,2,offline_train,2,session2/s18/sess02_subj18_EEG_MI.mat,b7af668a0ed7aa4c80cd9e96b07f2dabd325720ba0782f19e2f993d2e1d4a3eb,647879,Lee2019_MI,Q15-E007,MU_BETA_SHARED,20260925,0.3439827263355255,0.6560172438621521,2
s18_2_offline_train_t044,18,2,offline_train,1,session2/s18/sess02_subj18_EEG_MI.mat,b7af668a0ed7aa4c80cd9e96b07f2dabd325720ba0782f19e2f993d2e1d4a3eb,659195,Lee2019_MI,Q15-E007,MU_BETA_SHARED,20260925,0.8504947423934937,0.14950524270534515,1
s18_2_offline_train_t045,18,2,offline_train,2,session2/s18/sess02_subj18_EEG_MI.mat,b7af668a0ed7aa4c80cd9e96b07f2dabd325720ba0782f19e2f993d2e1d4a3eb,669978,Lee2019_MI,Q15-E007,MU_BETA_SHARED,20260925,0.5184789299964905,0.4815210700035095,1
s18_2_offline_train_t046,18,2,offline_train,1,session2/s18/sess02_subj18_EEG_MI.mat,b7af668a0ed7aa4c80cd9e96b07f2dabd325720ba0782f19e2f993d2e1d4a3eb,681028,Lee2019_MI,Q15-E007,MU_BETA_SHARED,20260925,0.7243683338165283,0.27563172578811646,1
s18_2_offline_train_t047,18,2,offline_train,1,session2/s18/sess02_subj18_EEG_MI.mat,b7af668a0ed7aa4c80cd9e96b07f2dabd325720ba0782f19e2f993d2e1d4a3eb,691994,Lee2019_MI,Q15-E007,MU_BETA_SHARED,20260925,0.5866197347640991,0.4133802354335785,1
s18_2_offline_train_t048,18,2,offline_train,1,session2/s18/sess02_subj18_EEG_MI.mat,b7af668a0ed7aa4c80cd9e96b07f2dabd325720ba0782f19e2f993d2e1d4a3eb,703227,Lee2019_MI,Q15-E007,MU_BETA_SHARED,20260925,0.954465925693512,0.045534148812294006,1
s18_2_offline_train_t049,18,2,offline_train,2,session2/s18/sess02_subj18_EEG_MI.mat,b7af668a0ed7aa4c80cd9e96b07f2dabd325720ba0782f19e2f993d2e1d4a3eb,714461,Lee2019_MI,Q15-E007,MU_BETA_SHARED,20260925,0.40603572130203247,0.5939643383026123,2
s18_2_offline_train_t050,18,2,offline_train,1,session2/s18/sess02_subj18_EEG_MI.mat,b7af668a0ed7aa4c80cd9e96b07f2dabd325720ba0782f19e2f993d2e1d4a3eb,739177,Lee2019_MI,Q15-E007,MU_BETA_SHARED,20260925,0.6977304816246033,0.30226948857307434,1
s18_2_offline_train_t051,18,2,offline_train,1,session2/s18/sess02_subj18_EEG_MI.mat,b7af668a0ed7aa4c80cd9e96b07f2dabd325720ba0782f19e2f993d2e1d4a3eb,750043,Lee2019_MI,Q15-E007,MU_BETA_SHARED,20260925,0.5933234691619873,0.4066764712333679,1
s18_2_offline_train_t052,18,2,offline_train,1,session2/s18/sess02_subj18_EEG_MI.mat,b7af668a0ed7aa4c80cd9e96b07f2dabd325720ba0782f19e2f993d2e1d4a3eb,761276,Lee2019_MI,Q15-E007,MU_BETA_SHARED,20260925,0.5428575277328491,0.4571424424648285,1
s18_2_offline_train_t053,18,2,offline_train,1,session2/s18/sess02_subj18_EEG_MI.mat,b7af668a0ed7aa4c80cd9e96b07f2dabd325720ba0782f19e2f993d2e1d4a3eb,772510,Lee2019_MI,Q15-E007,MU_BETA_SHARED,20260925,0.7416175603866577,0.25838249921798706,1
s18_2_offline_train_t054,18,2,offline_train,2,session2/s18/sess02_subj18_EEG_MI.mat,b7af668a0ed7aa4c80cd9e96b07f2dabd325720ba0782f19e2f993d2e1d4a3eb,783193,Lee2019_MI,Q15-E007,MU_BETA_SHARED,20260925,0.6789957284927368,0.32100430130958557,1
s18_2_offline_train_t055,18,2,offline_train,1,session2/s18/sess02_subj18_EEG_MI.mat,b7af668a0ed7aa4c80cd9e96b07f2dabd325720ba0782f19e2f993d2e1d4a3eb,793876,Lee2019_MI,Q15-E007,MU_BETA_SHARED,20260925,0.9151855111122131,0.08481446653604507,1
s18_2_offline_train_t056,18,2,offline_train,1,session2/s18/sess02_subj18_EEG_MI.mat,b7af668a0ed7aa4c80cd9e96b07f2dabd325720ba0782f19e2f993d2e1d4a3eb,804926,Lee2019_MI,Q15-E007,MU_BETA_SHARED,20260925,0.7470137476921082,0.25298622250556946,1
s18_2_offline_train_t057,18,2,offline_train,2,session2/s18/sess02_subj18_EEG_MI.mat,b7af668a0ed7aa4c80cd9e96b07f2dabd325720ba0782f19e2f993d2e1d4a3eb,816442,Lee2019_MI,Q15-E007,MU_BETA_SHARED,20260925,0.4911816418170929,0.5088183879852295,2
s18_2_offline_train_t058,18,2,offline_train,2,session2/s18/sess02_subj18_EEG_MI.mat,b7af668a0ed7aa4c80cd9e96b07f2dabd325720ba0782f19e2f993d2e1d4a3eb,827308,Lee2019_MI,Q15-E007,MU_BETA_SHARED,20260925,0.4435548484325409,0.5564451813697815,2
s18_2_offline_train_t059,18,2,offline_train,1,session2/s18/sess02_subj18_EEG_MI.mat,b7af668a0ed7aa4c80cd9e96b07f2dabd325720ba0782f19e2f993d2e1d4a3eb,838458,Lee2019_MI,Q15-E007,MU_BETA_SHARED,20260925,0.4830736219882965,0.5169264078140259,2
s18_2_offline_train_t060,18,2,offline_train,1,session2/s18/sess02_subj18_EEG_MI.mat,b7af668a0ed7aa4c80cd9e96b07f2dabd325720ba0782f19e2f993d2e1d4a3eb,849225,Lee2019_MI,Q15-E007,MU_BETA_SHARED,20260925,0.6556796431541443,0.3443203568458557,1
s18_2_offline_train_t061,18,2,offline_train,2,session2/s18/sess02_subj18_EEG_MI.mat,b7af668a0ed7aa4c80cd9e96b07f2dabd325720ba0782f19e2f993d2e1d4a3eb,860558,Lee2019_MI,Q15-E007,MU_BETA_SHARED,20260925,0.22046759724617004,0.7795323729515076,2
s18_2_offline_train_t062,18,2,offline_train,2,session2/s18/sess02_subj18_EEG_MI.mat,b7af668a0ed7aa4c80cd9e96b07f2dabd325720ba0782f19e2f993d2e1d4a3eb,871341,Lee2019_MI,Q15-E007,MU_BETA_SHARED,20260925,0.3038068115711212,0.6961931586265564,2
s18_2_offline_train_t063,18,2,offline_train,1,session2/s18/sess02_subj18_EEG_MI.mat,b7af668a0ed7aa4c80cd9e96b07f2dabd325720ba0782f19e2f993d2e1d4a3eb,882391,Lee2019_MI,Q15-E007,MU_BETA_SHARED,20260925,0.6912932395935059,0.30870673060417175,1
s18_2_offline_train_t064,18,2,offline_train,2,session2/s18/sess02_subj18_EEG_MI.mat,b7af668a0ed7aa4c80cd9e96b07f2dabd325720ba0782f19e2f993d2e1d4a3eb,893624,Lee2019_MI,Q15-E007,MU_BETA_SHARED,20260925,0.3322155773639679,0.6677844524383545,2
s18_2_offline_train_t065,18,2,offline_train,2,session2/s18/sess02_subj18_EEG_MI.mat,b7af668a0ed7aa4c80cd9e96b07f2dabd325720ba0782f19e2f993d2e1d4a3eb,905057,Lee2019_MI,Q15-E007,MU_BETA_SHARED,20260925,0.38743704557418823,0.6125629544258118,2
s18_2_offline_train_t066,18,2,offline_train,2,session2/s18/sess02_subj18_EEG_MI.mat,b7af668a0ed7aa4c80cd9e96b07f2dabd325720ba0782f19e2f993d2e1d4a3eb,916574,Lee2019_MI,Q15-E007,MU_BETA_SHARED,20260925,0.3852405250072479,0.6147594451904297,2
s18_2_offline_train_t067,18,2,offline_train,2,session2/s18/sess02_subj18_EEG_MI.mat,b7af668a0ed7aa4c80cd9e96b07f2dabd325720ba0782f19e2f993d2e1d4a3eb,927707,Lee2019_MI,Q15-E007,MU_BETA_SHARED,20260925,0.5599421858787537,0.44005778431892395,1
s18_2_offline_train_t068,18,2,offline_train,1,session2/s18/sess02_subj18_EEG_MI.mat,b7af668a0ed7aa4c80cd9e96b07f2dabd325720ba0782f19e2f993d2e1d4a3eb,938390,Lee2019_MI,Q15-E007,MU_BETA_SHARED,20260925,0.46548569202423096,0.534514307975769,2
s18_2_offline_train_t069,18,2,offline_train,1,session2/s18/sess02_subj18_EEG_MI.mat,b7af668a0ed7aa4c80cd9e96b07f2dabd325720ba0782f19e2f993d2e1d4a3eb,949073,Lee2019_MI,Q15-E007,MU_BETA_SHARED,20260925,0.5516236424446106,0.448376327753067,1
s18_2_offline_train_t070,18,2,offline_train,2,session2/s18/sess02_subj18_EEG_MI.mat,b7af668a0ed7aa4c80cd9e96b07f2dabd325720ba0782f19e2f993d2e1d4a3eb,959856,Lee2019_MI,Q15-E007,MU_BETA_SHARED,20260925,0.45703741908073425,0.5429626107215881,2
s18_2_offline_train_t071,18,2,offline_train,1,session2/s18/sess02_subj18_EEG_MI.mat,b7af668a0ed7aa4c80cd9e96b07f2dabd325720ba0782f19e2f993d2e1d4a3eb,971273,Lee2019_MI,Q15-E007,MU_BETA_SHARED,20260925,0.6405470371246338,0.35945290327072144,1
s18_2_offline_train_t072,18,2,offline_train,2,session2/s18/sess02_subj18_EEG_MI.mat,b7af668a0ed7aa4c80cd9e96b07f2dabd325720ba0782f19e2f993d2e1d4a3eb,982039,Lee2019_MI,Q15-E007,MU_BETA_SHARED,20260925,0.27402424812316895,0.725975751876831,2
s18_2_offline_train_t073,18,2,offline_train,2,session2/s18/sess02_subj18_EEG_MI.mat,b7af668a0ed7aa4c80cd9e96b07f2dabd325720ba0782f19e2f993d2e1d4a3eb,993372,Lee2019_MI,Q15-E007,MU_BETA_SHARED,20260925,0.34540045261383057,0.6545995473861694,2
s18_2_offline_train_t074,18,2,offline_train,2,session2/s18/sess02_subj18_EEG_MI.mat,b7af668a0ed7aa4c80cd9e96b07f2dabd325720ba0782f19e2f993d2e1d4a3eb,1004155,Lee2019_MI,Q15-E007,MU_BETA_SHARED,20260925,0.20349787175655365,0.7965021133422852,2
s18_2_offline_train_t075,18,2,offline_train,1,session2/s18/sess02_subj18_EEG_MI.mat,b7af668a0ed7aa4c80cd9e96b07f2dabd325720ba0782f19e2f993d2e1d4a3eb,1015672,Lee2019_MI,Q15-E007,MU_BETA_SHARED,20260925,0.6641634106636047,0.33583661913871765,1
s18_2_offline_train_t076,18,2,offline_train,2,session2/s18/sess02_subj18_EEG_MI.mat,b7af668a0ed7aa4c80cd9e96b07f2dabd325720ba0782f19e2f993d2e1d4a3eb,1026538,Lee2019_MI,Q15-E007,MU_BETA_SHARED,20260925,0.35977596044540405,0.6402239799499512,2
s18_2_offline_train_t077,18,2,offline_train,1,session2/s18/sess02_subj18_EEG_MI.mat,b7af668a0ed7aa4c80cd9e96b07f2dabd325720ba0782f19e2f993d2e1d4a3eb,1037305,Lee2019_MI,Q15-E007,MU_BETA_SHARED,20260925,0.49801555275917053,0.5019844770431519,2
s18_2_offline_train_t078,18,2,offline_train,1,session2/s18/sess02_subj18_EEG_MI.mat,b7af668a0ed7aa4c80cd9e96b07f2dabd325720ba0782f19e2f993d2e1d4a3eb,1048088,Lee2019_MI,Q15-E007,MU_BETA_SHARED,20260925,0.8211702704429626,0.17882971465587616,1
s18_2_offline_train_t079,18,2,offline_train,2,session2/s18/sess02_subj18_EEG_MI.mat,b7af668a0ed7aa4c80cd9e96b07f2dabd325720ba0782f19e2f993d2e1d4a3eb,1059221,Lee2019_MI,Q15-E007,MU_BETA_SHARED,20260925,0.37516239285469055,0.6248376369476318,2
s18_2_offline_train_t080,18,2,offline_train,2,session2/s18/sess02_subj18_EEG_MI.mat,b7af668a0ed7aa4c80cd9e96b07f2dabd325720ba0782f19e2f993d2e1d4a3eb,1070287,Lee2019_MI,Q15-E007,MU_BETA_SHARED,20260925,0.27383488416671753,0.7261650562286377,2
s18_2_offline_train_t081,18,2,offline_train,2,session2/s18/sess02_subj18_EEG_MI.mat,b7af668a0ed7aa4c80cd9e96b07f2dabd325720ba0782f19e2f993d2e1d4a3eb,1081237,Lee2019_MI,Q15-E007,MU_BETA_SHARED,20260925,0.4261462092399597,0.5738537311553955,2
s18_2_offline_train_t082,18,2,offline_train,1,session2/s18/sess02_subj18_EEG_MI.mat,b7af668a0ed7aa4c80cd9e96b07f2dabd325720ba0782f19e2f993d2e1d4a3eb,1092670,Lee2019_MI,Q15-E007,MU_BETA_SHARED,20260925,0.586037814617157,0.413962185382843,1
s18_2_offline_train_t083,18,2,offline_train,2,session2/s18/sess02_subj18_EEG_MI.mat,b7af668a0ed7aa4c80cd9e96b07f2dabd325720ba0782f19e2f993d2e1d4a3eb,1103803,Lee2019_MI,Q15-E007,MU_BETA_SHARED,20260925,0.47457054257392883,0.5254294276237488,2
s18_2_offline_train_t084,18,2,offline_train,2,session2/s18/sess02_subj18_EEG_MI.mat,b7af668a0ed7aa4c80cd9e96b07f2dabd325720ba0782f19e2f993d2e1d4a3eb,1114953,Lee2019_MI,Q15-E007,MU_BETA_SHARED,20260925,0.46337640285491943,0.5366236567497253,2
s18_2_offline_train_t085,18,2,offline_train,1,session2/s18/sess02_subj18_EEG_MI.mat,b7af668a0ed7aa4c80cd9e96b07f2dabd325720ba0782f19e2f993d2e1d4a3eb,1126386,Lee2019_MI,Q15-E007,MU_BETA_SHARED,20260925,0.7082621455192566,0.2917378544807434,1
s18_2_offline_train_t086,18,2,offline_train,2,session2/s18/sess02_subj18_EEG_MI.mat,b7af668a0ed7aa4c80cd9e96b07f2dabd325720ba0782f19e2f993d2e1d4a3eb,1137253,Lee2019_MI,Q15-E007,MU_BETA_SHARED,20260925,0.4756145477294922,0.5243854522705078,2
s18_2_offline_train_t087,18,2,offline_train,1,session2/s18/sess02_subj18_EEG_MI.mat,b7af668a0ed7aa4c80cd9e96b07f2dabd325720ba0782f19e2f993d2e1d4a3eb,1148569,Lee2019_MI,Q15-E007,MU_BETA_SHARED,20260925,0.5745171904563904,0.425482839345932,1
s18_2_offline_train_t088,18,2,offline_train,2,session2/s18/sess02_subj18_EEG_MI.mat,b7af668a0ed7aa4c80cd9e96b07f2dabd325720ba0782f19e2f993d2e1d4a3eb,1159902,Lee2019_MI,Q15-E007,MU_BETA_SHARED,20260925,0.6943577527999878,0.3056422472000122,1
s18_2_offline_train_t089,18,2,offline_train,2,session2/s18/sess02_subj18_EEG_MI.mat,b7af668a0ed7aa4c80cd9e96b07f2dabd325720ba0782f19e2f993d2e1d4a3eb,1170869,Lee2019_MI,Q15-E007,MU_BETA_SHARED,20260925,0.5810781717300415,0.4189218282699585,1
s18_2_offline_train_t090,18,2,offline_train,2,session2/s18/sess02_subj18_EEG_MI.mat,b7af668a0ed7aa4c80cd9e96b07f2dabd325720ba0782f19e2f993d2e1d4a3eb,1182019,Lee2019_MI,Q15-E007,MU_BETA_SHARED,20260925,0.5493680238723755,0.4506319761276245,1
s18_2_offline_train_t091,18,2,offline_train,2,session2/s18/sess02_subj18_EEG_MI.mat,b7af668a0ed7aa4c80cd9e96b07f2dabd325720ba0782f19e2f993d2e1d4a3eb,1192602,Lee2019_MI,Q15-E007,MU_BETA_SHARED,20260925,0.14809592068195343,0.8519041538238525,2
s18_2_offline_train_t092,18,2,offline_train,2,session2/s18/sess02_subj18_EEG_MI.mat,b7af668a0ed7aa4c80cd9e96b07f2dabd325720ba0782f19e2f993d2e1d4a3eb,1203185,Lee2019_MI,Q15-E007,MU_BETA_SHARED,20260925,0.4457537829875946,0.5542462468147278,2
s18_2_offline_train_t093,18,2,offline_train,1,session2/s18/sess02_subj18_EEG_MI.mat,b7af668a0ed7aa4c80cd9e96b07f2dabd325720ba0782f19e2f993d2e1d4a3eb,1214235,Lee2019_MI,Q15-E007,MU_BETA_SHARED,20260925,0.7429466247558594,0.257053405046463,1
s18_2_offline_train_t094,18,2,offline_train,2,session2/s18/sess02_subj18_EEG_MI.mat,b7af668a0ed7aa4c80cd9e96b07f2dabd325720ba0782f19e2f993d2e1d4a3eb,1225568,Lee2019_MI,Q15-E007,MU_BETA_SHARED,20260925,0.43670520186424255,0.5632948279380798,2
s18_2_offline_train_t095,18,2,offline_train,1,session2/s18/sess02_subj18_EEG_MI.mat,b7af668a0ed7aa4c80cd9e96b07f2dabd325720ba0782f19e2f993d2e1d4a3eb,1237084,Lee2019_MI,Q15-E007,MU_BETA_SHARED,20260925,0.5904145836830139,0.40958544611930847,1
s18_2_offline_train_t096,18,2,offline_train,1,session2/s18/sess02_subj18_EEG_MI.mat,b7af668a0ed7aa4c80cd9e96b07f2dabd325720ba0782f19e2f993d2e1d4a3eb,1247767,Lee2019_MI,Q15-E007,MU_BETA_SHARED,20260925,0.5979708433151245,0.4020291864871979,1
s18_2_offline_train_t097,18,2,offline_train,2,session2/s18/sess02_subj18_EEG_MI.mat,b7af668a0ed7aa4c80cd9e96b07f2dabd325720ba0782f19e2f993d2e1d4a3eb,1258917,Lee2019_MI,Q15-E007,MU_BETA_SHARED,20260925,0.3897760808467865,0.6102239489555359,2
s18_2_offline_train_t098,18,2,offline_train,1,session2/s18/sess02_subj18_EEG_MI.mat,b7af668a0ed7aa4c80cd9e96b07f2dabd325720ba0782f19e2f993d2e1d4a3eb,1269967,Lee2019_MI,Q15-E007,MU_BETA_SHARED,20260925,0.6853795647621155,0.3146204352378845,1
s18_2_offline_train_t099,18,2,offline_train,2,session2/s18/sess02_subj18_EEG_MI.mat,b7af668a0ed7aa4c80cd9e96b07f2dabd325720ba0782f19e2f993d2e1d4a3eb,1280550,Lee2019_MI,Q15-E007,MU_BETA_SHARED,20260925,0.34606045484542847,0.6539395451545715,2
s18_2_offline_train_t100,18,2,offline_train,2,session2/s18/sess02_subj18_EEG_MI.mat,b7af668a0ed7aa4c80cd9e96b07f2dabd325720ba0782f19e2f993d2e1d4a3eb,1291417,Lee2019_MI,Q15-E007,MU_BETA_SHARED,20260925,0.3107529878616333,0.6892470717430115,2
s18_1_offline_train_t001,18,1,offline_train,1,session1/s18/sess01_subj18_EEG_MI.mat,8ef8fd343531e428188af60cf0b23d14eb20b9f533d418a12331dd80ec7b1013,228583,Lee2019_MI,Q15-E007,MU_BETA_SHARED,20260926,0.9349936842918396,0.06500637531280518,1
s18_1_offline_train_t002,18,1,offline_train,2,session1/s18/sess01_subj18_EEG_MI.mat,8ef8fd343531e428188af60cf0b23d14eb20b9f533d418a12331dd80ec7b1013,239999,Lee2019_MI,Q15-E007,MU_BETA_SHARED,20260926,0.45316600799560547,0.5468339920043945,2
s18_1_offline_train_t003,18,1,offline_train,1,session1/s18/sess01_subj18_EEG_MI.mat,8ef8fd343531e428188af60cf0b23d14eb20b9f533d418a12331dd80ec7b1013,250683,Lee2019_MI,Q15-E007,MU_BETA_SHARED,20260926,0.9230114817619324,0.07698848098516464,1
s18_1_offline_train_t004,18,1,offline_train,1,session1/s18/sess01_subj18_EEG_MI.mat,8ef8fd343531e428188af60cf0b23d14eb20b9f533d418a12331dd80ec7b1013,262099,Lee2019_MI,Q15-E007,MU_BETA_SHARED,20260926,0.9443862438201904,0.055613745003938675,1
s18_1_offline_train_t005,18,1,offline_train,2,session1/s18/sess01_subj18_EEG_MI.mat,8ef8fd343531e428188af60cf0b23d14eb20b9f533d418a12331dd80ec7b1013,273249,Lee2019_MI,Q15-E007,MU_BETA_SHARED,20260926,0.355558305978775,0.6444416642189026,2
s18_1_offline_train_t006,18,1,offline_train,2,session1/s18/sess01_subj18_EEG_MI.mat,8ef8fd343531e428188af60cf0b23d14eb20b9f533d418a12331dd80ec7b1013,283932,Lee2019_MI,Q15-E007,MU_BETA_SHARED,20260926,0.5185425281524658,0.4814574718475342,1
s18_1_offline_train_t007,18,1,offline_train,1,session1/s18/sess01_subj18_EEG_MI.mat,8ef8fd343531e428188af60cf0b23d14eb20b9f533d418a12331dd80ec7b1013,294798,Lee2019_MI,Q15-E007,MU_BETA_SHARED,20260926,0.7871440052986145,0.21285593509674072,1
s18_1_offline_train_t008,18,1,offline_train,2,session1/s18/sess01_subj18_EEG_MI.mat,8ef8fd343531e428188af60cf0b23d14eb20b9f533d418a12331dd80ec7b1013,305948,Lee2019_MI,Q15-E007,MU_BETA_SHARED,20260926,0.6016528606414795,0.3983471393585205,1
s18_1_offline_train_t009,18,1,offline_train,1,session1/s18/sess01_subj18_EEG_MI.mat,8ef8fd343531e428188af60cf0b23d14eb20b9f533d418a12331dd80ec7b1013,317464,Lee2019_MI,Q15-E007,MU_BETA_SHARED,20260926,0.9870885014533997,0.012911513447761536,1
s18_1_offline_train_t010,18,1,offline_train,1,session1/s18/sess01_subj18_EEG_MI.mat,8ef8fd343531e428188af60cf0b23d14eb20b9f533d418a12331dd80ec7b1013,328980,Lee2019_MI,Q15-E007,MU_BETA_SHARED,20260926,0.8962587118148804,0.10374129563570023,1
s18_1_offline_train_t011,18,1,offline_train,2,session1/s18/sess01_subj18_EEG_MI.mat,8ef8fd343531e428188af60cf0b23d14eb20b9f533d418a12331dd80ec7b1013,339664,Lee2019_MI,Q15-E007,MU_BETA_SHARED,20260926,0.8353617787361145,0.16463814675807953,1
s18_1_offline_train_t012,18,1,offline_train,2,session1/s18/sess01_subj18_EEG_MI.mat,8ef8fd343531e428188af60cf0b23d14eb20b9f533d418a12331dd80ec7b1013,351181,Lee2019_MI,Q15-E007,MU_BETA_SHARED,20260926,0.3252863585948944,0.6747136116027832,2
s18_1_offline_train_t013,18,1,offline_train,1,session1/s18/sess01_subj18_EEG_MI.mat,8ef8fd343531e428188af60cf0b23d14eb20b9f533d418a12331dd80ec7b1013,362697,Lee2019_MI,Q15-E007,MU_BETA_SHARED,20260926,0.9332713484764099,0.06672859191894531,1
s18_1_offline_train_t014,18,1,offline_train,1,session1/s18/sess01_subj18_EEG_MI.mat,8ef8fd343531e428188af60cf0b23d14eb20b9f533d418a12331dd80ec7b1013,373747,Lee2019_MI,Q15-E007,MU_BETA_SHARED,20260926,0.8059253096580505,0.19407469034194946,1
s18_1_offline_train_t015,18,1,offline_train,2,session1/s18/sess01_subj18_EEG_MI.mat,8ef8fd343531e428188af60cf0b23d14eb20b9f533d418a12331dd80ec7b1013,385080,Lee2019_MI,Q15-E007,MU_BETA_SHARED,20260926,0.745168924331665,0.25483110547065735,1
s18_1_offline_train_t016,18,1,offline_train,1,session1/s18/sess01_subj18_EEG_MI.mat,8ef8fd343531e428188af60cf0b23d14eb20b9f533d418a12331dd80ec7b1013,395763,Lee2019_MI,Q15-E007,MU_BETA_SHARED,20260926,0.996122419834137,0.003877600422129035,1
s18_1_offline_train_t017,18,1,offline_train,1,session1/s18/sess01_subj18_EEG_MI.mat,8ef8fd343531e428188af60cf0b23d14eb20b9f533d418a12331dd80ec7b1013,406713,Lee2019_MI,Q15-E007,MU_BETA_SHARED,20260926,0.9862735867500305,0.013726445846259594,1
s18_1_offline_train_t018,18,1,offline_train,1,session1/s18/sess01_subj18_EEG_MI.mat,8ef8fd343531e428188af60cf0b23d14eb20b9f533d418a12331dd80ec7b1013,418146,Lee2019_MI,Q15-E007,MU_BETA_SHARED,20260926,0.9949216246604919,0.005078338086605072,1
s18_1_offline_train_t019,18,1,offline_train,1,session1/s18/sess01_subj18_EEG_MI.mat,8ef8fd343531e428188af60cf0b23d14eb20b9f533d418a12331dd80ec7b1013,429479,Lee2019_MI,Q15-E007,MU_BETA_SHARED,20260926,0.9364819526672363,0.06351812928915024,1
s18_1_offline_train_t020,18,1,offline_train,2,session1/s18/sess01_subj18_EEG_MI.mat,8ef8fd343531e428188af60cf0b23d14eb20b9f533d418a12331dd80ec7b1013,440996,Lee2019_MI,Q15-E007,MU_BETA_SHARED,20260926,0.7887153625488281,0.2112845927476883,1
s18_1_offline_train_t021,18,1,offline_train,2,session1/s18/sess01_subj18_EEG_MI.mat,8ef8fd343531e428188af60cf0b23d14eb20b9f533d418a12331dd80ec7b1013,452229,Lee2019_MI,Q15-E007,MU_BETA_SHARED,20260926,0.837066113948822,0.1629338264465332,1
s18_1_offline_train_t022,18,1,offline_train,1,session1/s18/sess01_subj18_EEG_MI.mat,8ef8fd343531e428188af60cf0b23d14eb20b9f533d418a12331dd80ec7b1013,462812,Lee2019_MI,Q15-E007,MU_BETA_SHARED,20260926,0.9992220401763916,0.0007779655861668289,1
s18_1_offline_train_t023,18,1,offline_train,2,session1/s18/sess01_subj18_EEG_MI.mat,8ef8fd343531e428188af60cf0b23d14eb20b9f533d418a12331dd80ec7b1013,474245,Lee2019_MI,Q15-E007,MU_BETA_SHARED,20260926,0.8381927013397217,0.1618073582649231,1
s18_1_offline_train_t024,18,1,offline_train,2,session1/s18/sess01_subj18_EEG_MI.mat,8ef8fd343531e428188af60cf0b23d14eb20b9f533d418a12331dd80ec7b1013,485762,Lee2019_MI,Q15-E007,MU_BETA_SHARED,20260926,0.44643205404281616,0.5535679459571838,2
s18_1_offline_train_t025,18,1,offline_train,2,session1/s18/sess01_subj18_EEG_MI.mat,8ef8fd343531e428188af60cf0b23d14eb20b9f533d418a12331dd80ec7b1013,496995,Lee2019_MI,Q15-E007,MU_BETA_SHARED,20260926,0.5370140671730042,0.46298593282699585,1
s18_1_offline_train_t026,18,1,offline_train,1,session1/s18/sess01_subj18_EEG_MI.mat,8ef8fd343531e428188af60cf0b23d14eb20b9f533d418a12331dd80ec7b1013,508328,Lee2019_MI,Q15-E007,MU_BETA_SHARED,20260926,0.9925133585929871,0.007486555725336075,1
s18_1_offline_train_t027,18,1,offline_train,2,session1/s18/sess01_subj18_EEG_MI.mat,8ef8fd343531e428188af60cf0b23d14eb20b9f533d418a12331dd80ec7b1013,519661,Lee2019_MI,Q15-E007,MU_BETA_SHARED,20260926,0.3649362027645111,0.6350638270378113,2
s18_1_offline_train_t028,18,1,offline_train,1,session1/s18/sess01_subj18_EEG_MI.mat,8ef8fd343531e428188af60cf0b23d14eb20b9f533d418a12331dd80ec7b1013,530611,Lee2019_MI,Q15-E007,MU_BETA_SHARED,20260926,0.918580949306488,0.08141901344060898,1
s18_1_offline_train_t029,18,1,offline_train,1,session1/s18/sess01_subj18_EEG_MI.mat,8ef8fd343531e428188af60cf0b23d14eb20b9f533d418a12331dd80ec7b1013,541861,Lee2019_MI,Q15-E007,MU_BETA_SHARED,20260926,0.9266467690467834,0.07335326820611954,1
s18_1_offline_train_t030,18,1,offline_train,2,session1/s18/sess01_subj18_EEG_MI.mat,8ef8fd343531e428188af60cf0b23d14eb20b9f533d418a12331dd80ec7b1013,552627,Lee2019_MI,Q15-E007,MU_BETA_SHARED,20260926,0.6056060791015625,0.3943938910961151,1
s18_1_offline_train_t031,18,1,offline_train,1,session1/s18/sess01_subj18_EEG_MI.mat,8ef8fd343531e428188af60cf0b23d14eb20b9f533d418a12331dd80ec7b1013,563860,Lee2019_MI,Q15-E007,MU_BETA_SHARED,20260926,0.972420871257782,0.02757912315428257,1
s18_1_offline_train_t032,18,1,offline_train,2,session1/s18/sess01_subj18_EEG_MI.mat,8ef8fd343531e428188af60cf0b23d14eb20b9f533d418a12331dd80ec7b1013,574460,Lee2019_MI,Q15-E007,MU_BETA_SHARED,20260926,0.2527059316635132,0.7472941279411316,2
s18_1_offline_train_t033,18,1,offline_train,1,session1/s18/sess01_subj18_EEG_MI.mat,8ef8fd343531e428188af60cf0b23d14eb20b9f533d418a12331dd80ec7b1013,585326,Lee2019_MI,Q15-E007,MU_BETA_SHARED,20260926,0.9899601936340332,0.010039844550192356,1
s18_1_offline_train_t034,18,1,offline_train,2,session1/s18/sess01_subj18_EEG_MI.mat,8ef8fd343531e428188af60cf0b23d14eb20b9f533d418a12331dd80ec7b1013,595909,Lee2019_MI,Q15-E007,MU_BETA_SHARED,20260926,0.28665366768836975,0.7133463025093079,2
s18_1_offline_train_t035,18,1,offline_train,2,session1/s18/sess01_subj18_EEG_MI.mat,8ef8fd343531e428188af60cf0b23d14eb20b9f533d418a12331dd80ec7b1013,606593,Lee2019_MI,Q15-E007,MU_BETA_SHARED,20260926,0.6363043785095215,0.3636956214904785,1
s18_1_offline_train_t036,18,1,offline_train,1,session1/s18/sess01_subj18_EEG_MI.mat,8ef8fd343531e428188af60cf0b23d14eb20b9f533d418a12331dd80ec7b1013,618009,Lee2019_MI,Q15-E007,MU_BETA_SHARED,20260926,0.8939685821533203,0.1060313731431961,1
s18_1_offline_train_t037,18,1,offline_train,1,session1/s18/sess01_subj18_EEG_MI.mat,8ef8fd343531e428188af60cf0b23d14eb20b9f533d418a12331dd80ec7b1013,629259,Lee2019_MI,Q15-E007,MU_BETA_SHARED,20260926,0.5299712419509888,0.47002875804901123,1
s18_1_offline_train_t038,18,1,offline_train,2,session1/s18/sess01_subj18_EEG_MI.mat,8ef8fd343531e428188af60cf0b23d14eb20b9f533d418a12331dd80ec7b1013,640125,Lee2019_MI,Q15-E007,MU_BETA_SHARED,20260926,0.08036791533231735,0.919632077217102,2
s18_1_offline_train_t039,18,1,offline_train,1,session1/s18/sess01_subj18_EEG_MI.mat,8ef8fd343531e428188af60cf0b23d14eb20b9f533d418a12331dd80ec7b1013,651642,Lee2019_MI,Q15-E007,MU_BETA_SHARED,20260926,0.6888325810432434,0.3111673891544342,1
s18_1_offline_train_t040,18,1,offline_train,1,session1/s18/sess01_subj18_EEG_MI.mat,8ef8fd343531e428188af60cf0b23d14eb20b9f533d418a12331dd80ec7b1013,662225,Lee2019_MI,Q15-E007,MU_BETA_SHARED,20260926,0.8946642279624939,0.10533580929040909,1
s18_1_offline_train_t041,18,1,offline_train,1,session1/s18/sess01_subj18_EEG_MI.mat,8ef8fd343531e428188af60cf0b23d14eb20b9f533d418a12331dd80ec7b1013,673192,Lee2019_MI,Q15-E007,MU_BETA_SHARED,20260926,0.913852870464325,0.08614715933799744,1
s18_1_offline_train_t042,18,1,offline_train,1,session1/s18/sess01_subj18_EEG_MI.mat,8ef8fd343531e428188af60cf0b23d14eb20b9f533d418a12331dd80ec7b1013,684141,Lee2019_MI,Q15-E007,MU_BETA_SHARED,20260926,0.7255451679229736,0.27445483207702637,1
s18_1_offline_train_t043,18,1,offline_train,2,session1/s18/sess01_subj18_EEG_MI.mat,8ef8fd343531e428188af60cf0b23d14eb20b9f533d418a12331dd80ec7b1013,695474,Lee2019_MI,Q15-E007,MU_BETA_SHARED,20260926,0.28217580914497375,0.7178241610527039,2
s18_1_offline_train_t044,18,1,offline_train,1,session1/s18/sess01_subj18_EEG_MI.mat,8ef8fd343531e428188af60cf0b23d14eb20b9f533d418a12331dd80ec7b1013,706808,Lee2019_MI,Q15-E007,MU_BETA_SHARED,20260926,0.7252562642097473,0.2747437357902527,1
s18_1_offline_train_t045,18,1,offline_train,2,session1/s18/sess01_subj18_EEG_MI.mat,8ef8fd343531e428188af60cf0b23d14eb20b9f533d418a12331dd80ec7b1013,717574,Lee2019_MI,Q15-E007,MU_BETA_SHARED,20260926,0.18038570880889893,0.8196142911911011,2
s18_1_offline_train_t046,18,1,offline_train,1,session1/s18/sess01_subj18_EEG_MI.mat,8ef8fd343531e428188af60cf0b23d14eb20b9f533d418a12331dd80ec7b1013,728624,Lee2019_MI,Q15-E007,MU_BETA_SHARED,20260926,0.9383190274238586,0.061681002378463745,1
s18_1_offline_train_t047,18,1,offline_train,1,session1/s18/sess01_subj18_EEG_MI.mat,8ef8fd343531e428188af60cf0b23d14eb20b9f533d418a12331dd80ec7b1013,739590,Lee2019_MI,Q15-E007,MU_BETA_SHARED,20260926,0.9990449547767639,0.0009550342801958323,1
s18_1_offline_train_t048,18,1,offline_train,1,session1/s18/sess01_subj18_EEG_MI.mat,8ef8fd343531e428188af60cf0b23d14eb20b9f533d418a12331dd80ec7b1013,750823,Lee2019_MI,Q15-E007,MU_BETA_SHARED,20260926,0.8370509147644043,0.1629491150379181,1
s18_1_offline_train_t049,18,1,offline_train,2,session1/s18/sess01_subj18_EEG_MI.mat,8ef8fd343531e428188af60cf0b23d14eb20b9f533d418a12331dd80ec7b1013,762073,Lee2019_MI,Q15-E007,MU_BETA_SHARED,20260926,0.198399618268013,0.8016003966331482,2
s18_1_offline_train_t050,18,1,offline_train,1,session1/s18/sess01_subj18_EEG_MI.mat,8ef8fd343531e428188af60cf0b23d14eb20b9f533d418a12331dd80ec7b1013,992769,Lee2019_MI,Q15-E007,MU_BETA_SHARED,20260926,0.9791290760040283,0.020870890468358994,1
s18_1_offline_train_t051,18,1,offline_train,1,session1/s18/sess01_subj18_EEG_MI.mat,8ef8fd343531e428188af60cf0b23d14eb20b9f533d418a12331dd80ec7b1013,1003635,Lee2019_MI,Q15-E007,MU_BETA_SHARED,20260926,0.574937105178833,0.425062894821167,1
s18_1_offline_train_t052,18,1,offline_train,1,session1/s18/sess01_subj18_EEG_MI.mat,8ef8fd343531e428188af60cf0b23d14eb20b9f533d418a12331dd80ec7b1013,1014885,Lee2019_MI,Q15-E007,MU_BETA_SHARED,20260926,0.7837800979614258,0.2162199169397354,1
s18_1_offline_train_t053,18,1,offline_train,1,session1/s18/sess01_subj18_EEG_MI.mat,8ef8fd343531e428188af60cf0b23d14eb20b9f533d418a12331dd80ec7b1013,1026118,Lee2019_MI,Q15-E007,MU_BETA_SHARED,20260926,0.9644795060157776,0.035520415753126144,1
s18_1_offline_train_t054,18,1,offline_train,2,session1/s18/sess01_subj18_EEG_MI.mat,8ef8fd343531e428188af60cf0b23d14eb20b9f533d418a12331dd80ec7b1013,1036801,Lee2019_MI,Q15-E007,MU_BETA_SHARED,20260926,0.22502873837947845,0.7749712467193604,2
s18_1_offline_train_t055,18,1,offline_train,1,session1/s18/sess01_subj18_EEG_MI.mat,8ef8fd343531e428188af60cf0b23d14eb20b9f533d418a12331dd80ec7b1013,1047484,Lee2019_MI,Q15-E007,MU_BETA_SHARED,20260926,0.8378800749778748,0.16211996972560883,1
s18_1_offline_train_t056,18,1,offline_train,1,session1/s18/sess01_subj18_EEG_MI.mat,8ef8fd343531e428188af60cf0b23d14eb20b9f533d418a12331dd80ec7b1013,1058534,Lee2019_MI,Q15-E007,MU_BETA_SHARED,20260926,0.9090582728385925,0.09094170480966568,1
s18_1_offline_train_t057,18,1,offline_train,2,session1/s18/sess01_subj18_EEG_MI.mat,8ef8fd343531e428188af60cf0b23d14eb20b9f533d418a12331dd80ec7b1013,1070051,Lee2019_MI,Q15-E007,MU_BETA_SHARED,20260926,0.7581014037132263,0.2418985813856125,1
s18_1_offline_train_t058,18,1,offline_train,2,session1/s18/sess01_subj18_EEG_MI.mat,8ef8fd343531e428188af60cf0b23d14eb20b9f533d418a12331dd80ec7b1013,1080917,Lee2019_MI,Q15-E007,MU_BETA_SHARED,20260926,0.7020139694213867,0.2979860007762909,1
s18_1_offline_train_t059,18,1,offline_train,1,session1/s18/sess01_subj18_EEG_MI.mat,8ef8fd343531e428188af60cf0b23d14eb20b9f533d418a12331dd80ec7b1013,1092067,Lee2019_MI,Q15-E007,MU_BETA_SHARED,20260926,0.960871696472168,0.039128273725509644,1
s18_1_offline_train_t060,18,1,offline_train,1,session1/s18/sess01_subj18_EEG_MI.mat,8ef8fd343531e428188af60cf0b23d14eb20b9f533d418a12331dd80ec7b1013,1102833,Lee2019_MI,Q15-E007,MU_BETA_SHARED,20260926,0.9394439458847046,0.06055603548884392,1
s18_1_offline_train_t061,18,1,offline_train,2,session1/s18/sess01_subj18_EEG_MI.mat,8ef8fd343531e428188af60cf0b23d14eb20b9f533d418a12331dd80ec7b1013,1114167,Lee2019_MI,Q15-E007,MU_BETA_SHARED,20260926,0.389640748500824,0.610359251499176,2
s18_1_offline_train_t062,18,1,offline_train,2,session1/s18/sess01_subj18_EEG_MI.mat,8ef8fd343531e428188af60cf0b23d14eb20b9f533d418a12331dd80ec7b1013,1124950,Lee2019_MI,Q15-E007,MU_BETA_SHARED,20260926,0.7185041904449463,0.2814958691596985,1
s18_1_offline_train_t063,18,1,offline_train,1,session1/s18/sess01_subj18_EEG_MI.mat,8ef8fd343531e428188af60cf0b23d14eb20b9f533d418a12331dd80ec7b1013,1135999,Lee2019_MI,Q15-E007,MU_BETA_SHARED,20260926,0.9839993119239807,0.016000675037503242,1
s18_1_offline_train_t064,18,1,offline_train,2,session1/s18/sess01_subj18_EEG_MI.mat,8ef8fd343531e428188af60cf0b23d14eb20b9f533d418a12331dd80ec7b1013,1147233,Lee2019_MI,Q15-E007,MU_BETA_SHARED,20260926,0.5422977805137634,0.45770224928855896,1
s18_1_offline_train_t065,18,1,offline_train,2,session1/s18/sess01_subj18_EEG_MI.mat,8ef8fd343531e428188af60cf0b23d14eb20b9f533d418a12331dd80ec7b1013,1158649,Lee2019_MI,Q15-E007,MU_BETA_SHARED,20260926,0.18280473351478577,0.8171952962875366,2
s18_1_offline_train_t066,18,1,offline_train,2,session1/s18/sess01_subj18_EEG_MI.mat,8ef8fd343531e428188af60cf0b23d14eb20b9f533d418a12331dd80ec7b1013,1170165,Lee2019_MI,Q15-E007,MU_BETA_SHARED,20260926,0.5918801426887512,0.40811988711357117,1
s18_1_offline_train_t067,18,1,offline_train,2,session1/s18/sess01_subj18_EEG_MI.mat,8ef8fd343531e428188af60cf0b23d14eb20b9f533d418a12331dd80ec7b1013,1181232,Lee2019_MI,Q15-E007,MU_BETA_SHARED,20260926,0.14388465881347656,0.8561152815818787,2
s18_1_offline_train_t068,18,1,offline_train,1,session1/s18/sess01_subj18_EEG_MI.mat,8ef8fd343531e428188af60cf0b23d14eb20b9f533d418a12331dd80ec7b1013,1191915,Lee2019_MI,Q15-E007,MU_BETA_SHARED,20260926,0.8190567493438721,0.18094323575496674,1
s18_1_offline_train_t069,18,1,offline_train,1,session1/s18/sess01_subj18_EEG_MI.mat,8ef8fd343531e428188af60cf0b23d14eb20b9f533d418a12331dd80ec7b1013,1202581,Lee2019_MI,Q15-E007,MU_BETA_SHARED,20260926,0.8082274198532104,0.19177255034446716,1
s18_1_offline_train_t070,18,1,offline_train,2,session1/s18/sess01_subj18_EEG_MI.mat,8ef8fd343531e428188af60cf0b23d14eb20b9f533d418a12331dd80ec7b1013,1213365,Lee2019_MI,Q15-E007,MU_BETA_SHARED,20260926,0.5152519345283508,0.4847480356693268,1
s18_1_offline_train_t071,18,1,offline_train,1,session1/s18/sess01_subj18_EEG_MI.mat,8ef8fd343531e428188af60cf0b23d14eb20b9f533d418a12331dd80ec7b1013,1224781,Lee2019_MI,Q15-E007,MU_BETA_SHARED,20260926,0.986990749835968,0.01300923153758049,1
s18_1_offline_train_t072,18,1,offline_train,2,session1/s18/sess01_subj18_EEG_MI.mat,8ef8fd343531e428188af60cf0b23d14eb20b9f533d418a12331dd80ec7b1013,1235564,Lee2019_MI,Q15-E007,MU_BETA_SHARED,20260926,0.11671905219554901,0.8832809925079346,2
s18_1_offline_train_t073,18,1,offline_train,2,session1/s18/sess01_subj18_EEG_MI.mat,8ef8fd343531e428188af60cf0b23d14eb20b9f533d418a12331dd80ec7b1013,1246898,Lee2019_MI,Q15-E007,MU_BETA_SHARED,20260926,0.23929248750209808,0.7607075572013855,2
s18_1_offline_train_t074,18,1,offline_train,2,session1/s18/sess01_subj18_EEG_MI.mat,8ef8fd343531e428188af60cf0b23d14eb20b9f533d418a12331dd80ec7b1013,1257664,Lee2019_MI,Q15-E007,MU_BETA_SHARED,20260926,0.48208847641944885,0.5179115533828735,2
s18_1_offline_train_t075,18,1,offline_train,1,session1/s18/sess01_subj18_EEG_MI.mat,8ef8fd343531e428188af60cf0b23d14eb20b9f533d418a12331dd80ec7b1013,1269180,Lee2019_MI,Q15-E007,MU_BETA_SHARED,20260926,0.9978838562965393,0.0021160750184208155,1
s18_1_offline_train_t076,18,1,offline_train,2,session1/s18/sess01_subj18_EEG_MI.mat,8ef8fd343531e428188af60cf0b23d14eb20b9f533d418a12331dd80ec7b1013,1280047,Lee2019_MI,Q15-E007,MU_BETA_SHARED,20260926,0.512485682964325,0.48751428723335266,1
s18_1_offline_train_t077,18,1,offline_train,1,session1/s18/sess01_subj18_EEG_MI.mat,8ef8fd343531e428188af60cf0b23d14eb20b9f533d418a12331dd80ec7b1013,1290830,Lee2019_MI,Q15-E007,MU_BETA_SHARED,20260926,0.9353591799736023,0.0646408349275589,1
s18_1_offline_train_t078,18,1,offline_train,1,session1/s18/sess01_subj18_EEG_MI.mat,8ef8fd343531e428188af60cf0b23d14eb20b9f533d418a12331dd80ec7b1013,1301596,Lee2019_MI,Q15-E007,MU_BETA_SHARED,20260926,0.9564570784568787,0.04354287311434746,1
s18_1_offline_train_t079,18,1,offline_train,2,session1/s18/sess01_subj18_EEG_MI.mat,8ef8fd343531e428188af60cf0b23d14eb20b9f533d418a12331dd80ec7b1013,1312746,Lee2019_MI,Q15-E007,MU_BETA_SHARED,20260926,0.5628374218940735,0.4371626079082489,1
s18_1_offline_train_t080,18,1,offline_train,2,session1/s18/sess01_subj18_EEG_MI.mat,8ef8fd343531e428188af60cf0b23d14eb20b9f533d418a12331dd80ec7b1013,1323796,Lee2019_MI,Q15-E007,MU_BETA_SHARED,20260926,0.13112419843673706,0.8688757419586182,2
s18_1_offline_train_t081,18,1,offline_train,2,session1/s18/sess01_subj18_EEG_MI.mat,8ef8fd343531e428188af60cf0b23d14eb20b9f533d418a12331dd80ec7b1013,1334662,Lee2019_MI,Q15-E007,MU_BETA_SHARED,20260926,0.39245831966400146,0.6075416207313538,2
s18_1_offline_train_t082,18,1,offline_train,1,session1/s18/sess01_subj18_EEG_MI.mat,8ef8fd343531e428188af60cf0b23d14eb20b9f533d418a12331dd80ec7b1013,1346079,Lee2019_MI,Q15-E007,MU_BETA_SHARED,20260926,0.963371217250824,0.03662874177098274,1
s18_1_offline_train_t083,18,1,offline_train,2,session1/s18/sess01_subj18_EEG_MI.mat,8ef8fd343531e428188af60cf0b23d14eb20b9f533d418a12331dd80ec7b1013,1357229,Lee2019_MI,Q15-E007,MU_BETA_SHARED,20260926,0.3452494740486145,0.6547505855560303,2
s18_1_offline_train_t084,18,1,offline_train,2,session1/s18/sess01_subj18_EEG_MI.mat,8ef8fd343531e428188af60cf0b23d14eb20b9f533d418a12331dd80ec7b1013,1368378,Lee2019_MI,Q15-E007,MU_BETA_SHARED,20260926,0.05573021620512009,0.9442698359489441,2
s18_1_offline_train_t085,18,1,offline_train,1,session1/s18/sess01_subj18_EEG_MI.mat,8ef8fd343531e428188af60cf0b23d14eb20b9f533d418a12331dd80ec7b1013,1379894,Lee2019_MI,Q15-E007,MU_BETA_SHARED,20260926,0.9581094980239868,0.04189047962427139,1
s18_1_offline_train_t086,18,1,offline_train,2,session1/s18/sess01_subj18_EEG_MI.mat,8ef8fd343531e428188af60cf0b23d14eb20b9f533d418a12331dd80ec7b1013,1390761,Lee2019_MI,Q15-E007,MU_BETA_SHARED,20260926,0.2499106228351593,0.7500893473625183,2
s18_1_offline_train_t087,18,1,offline_train,1,session1/s18/sess01_subj18_EEG_MI.mat,8ef8fd343531e428188af60cf0b23d14eb20b9f533d418a12331dd80ec7b1013,1402094,Lee2019_MI,Q15-E007,MU_BETA_SHARED,20260926,0.9628728628158569,0.03712719678878784,1
s18_1_offline_train_t088,18,1,offline_train,2,session1/s18/sess01_subj18_EEG_MI.mat,8ef8fd343531e428188af60cf0b23d14eb20b9f533d418a12331dd80ec7b1013,1413428,Lee2019_MI,Q15-E007,MU_BETA_SHARED,20260926,0.7213868498802185,0.2786131203174591,1
s18_1_offline_train_t089,18,1,offline_train,2,session1/s18/sess01_subj18_EEG_MI.mat,8ef8fd343531e428188af60cf0b23d14eb20b9f533d418a12331dd80ec7b1013,1424377,Lee2019_MI,Q15-E007,MU_BETA_SHARED,20260926,0.16736839711666107,0.8326316475868225,2
s18_1_offline_train_t090,18,1,offline_train,2,session1/s18/sess01_subj18_EEG_MI.mat,8ef8fd343531e428188af60cf0b23d14eb20b9f533d418a12331dd80ec7b1013,1435527,Lee2019_MI,Q15-E007,MU_BETA_SHARED,20260926,0.6752102971076965,0.32478970289230347,1
s18_1_offline_train_t091,18,1,offline_train,2,session1/s18/sess01_subj18_EEG_MI.mat,8ef8fd343531e428188af60cf0b23d14eb20b9f533d418a12331dd80ec7b1013,1446110,Lee2019_MI,Q15-E007,MU_BETA_SHARED,20260926,0.11365493386983871,0.8863450288772583,2
s18_1_offline_train_t092,18,1,offline_train,2,session1/s18/sess01_subj18_EEG_MI.mat,8ef8fd343531e428188af60cf0b23d14eb20b9f533d418a12331dd80ec7b1013,1456710,Lee2019_MI,Q15-E007,MU_BETA_SHARED,20260926,0.7879828810691833,0.21201714873313904,1
s18_1_offline_train_t093,18,1,offline_train,1,session1/s18/sess01_subj18_EEG_MI.mat,8ef8fd343531e428188af60cf0b23d14eb20b9f533d418a12331dd80ec7b1013,1467760,Lee2019_MI,Q15-E007,MU_BETA_SHARED,20260926,0.9191873073577881,0.08081275969743729,1
s18_1_offline_train_t094,18,1,offline_train,2,session1/s18/sess01_subj18_EEG_MI.mat,8ef8fd343531e428188af60cf0b23d14eb20b9f533d418a12331dd80ec7b1013,1479093,Lee2019_MI,Q15-E007,MU_BETA_SHARED,20260926,0.21836411952972412,0.7816358208656311,2
s18_1_offline_train_t095,18,1,offline_train,1,session1/s18/sess01_subj18_EEG_MI.mat,8ef8fd343531e428188af60cf0b23d14eb20b9f533d418a12331dd80ec7b1013,1490610,Lee2019_MI,Q15-E007,MU_BETA_SHARED,20260926,0.91351318359375,0.08648676425218582,1
s18_1_offline_train_t096,18,1,offline_train,1,session1/s18/sess01_subj18_EEG_MI.mat,8ef8fd343531e428188af60cf0b23d14eb20b9f533d418a12331dd80ec7b1013,1501276,Lee2019_MI,Q15-E007,MU_BETA_SHARED,20260926,0.9283196330070496,0.07168033719062805,1
s18_1_offline_train_t097,18,1,offline_train,2,session1/s18/sess01_subj18_EEG_MI.mat,8ef8fd343531e428188af60cf0b23d14eb20b9f533d418a12331dd80ec7b1013,1512426,Lee2019_MI,Q15-E007,MU_BETA_SHARED,20260926,0.6814388632774353,0.3185611069202423,1
s18_1_offline_train_t098,18,1,offline_train,1,session1/s18/sess01_subj18_EEG_MI.mat,8ef8fd343531e428188af60cf0b23d14eb20b9f533d418a12331dd80ec7b1013,1523475,Lee2019_MI,Q15-E007,MU_BETA_SHARED,20260926,0.9413921236991882,0.05860788747668266,1
s18_1_offline_train_t099,18,1,offline_train,2,session1/s18/sess01_subj18_EEG_MI.mat,8ef8fd343531e428188af60cf0b23d14eb20b9f533d418a12331dd80ec7b1013,1534075,Lee2019_MI,Q15-E007,MU_BETA_SHARED,20260926,0.14318601787090302,0.8568139672279358,2
s18_1_offline_train_t100,18,1,offline_train,2,session1/s18/sess01_subj18_EEG_MI.mat,8ef8fd343531e428188af60cf0b23d14eb20b9f533d418a12331dd80ec7b1013,1544942,Lee2019_MI,Q15-E007,MU_BETA_SHARED,20260926,0.3596824109554291,0.6403176188468933,2
s18_2_offline_train_t001,18,2,offline_train,1,session2/s18/sess02_subj18_EEG_MI.mat,b7af668a0ed7aa4c80cd9e96b07f2dabd325720ba0782f19e2f993d2e1d4a3eb,180852,Lee2019_MI,Q15-E007,MU_BETA_SHARED,20260926,0.480670690536499,0.519329309463501,2
s18_2_offline_train_t002,18,2,offline_train,2,session2/s18/sess02_subj18_EEG_MI.mat,b7af668a0ed7aa4c80cd9e96b07f2dabd325720ba0782f19e2f993d2e1d4a3eb,192404,Lee2019_MI,Q15-E007,MU_BETA_SHARED,20260926,0.539458155632019,0.46054187417030334,1
s18_2_offline_train_t003,18,2,offline_train,1,session2/s18/sess02_subj18_EEG_MI.mat,b7af668a0ed7aa4c80cd9e96b07f2dabd325720ba0782f19e2f993d2e1d4a3eb,203070,Lee2019_MI,Q15-E007,MU_BETA_SHARED,20260926,0.8400907516479492,0.159909188747406,1
s18_2_offline_train_t004,18,2,offline_train,1,session2/s18/sess02_subj18_EEG_MI.mat,b7af668a0ed7aa4c80cd9e96b07f2dabd325720ba0782f19e2f993d2e1d4a3eb,214503,Lee2019_MI,Q15-E007,MU_BETA_SHARED,20260926,0.6752995252609253,0.3247004747390747,1
s18_2_offline_train_t005,18,2,offline_train,2,session2/s18/sess02_subj18_EEG_MI.mat,b7af668a0ed7aa4c80cd9e96b07f2dabd325720ba0782f19e2f993d2e1d4a3eb,225653,Lee2019_MI,Q15-E007,MU_BETA_SHARED,20260926,0.8403838276863098,0.159616157412529,1
s18_2_offline_train_t006,18,2,offline_train,2,session2/s18/sess02_subj18_EEG_MI.mat,b7af668a0ed7aa4c80cd9e96b07f2dabd325720ba0782f19e2f993d2e1d4a3eb,236336,Lee2019_MI,Q15-E007,MU_BETA_SHARED,20260926,0.372006356716156,0.6279935836791992,2
s18_2_offline_train_t007,18,2,offline_train,1,session2/s18/sess02_subj18_EEG_MI.mat,b7af668a0ed7aa4c80cd9e96b07f2dabd325720ba0782f19e2f993d2e1d4a3eb,247202,Lee2019_MI,Q15-E007,MU_BETA_SHARED,20260926,0.679976761341095,0.3200232684612274,1
s18_2_offline_train_t008,18,2,offline_train,2,session2/s18/sess02_subj18_EEG_MI.mat,b7af668a0ed7aa4c80cd9e96b07f2dabd325720ba0782f19e2f993d2e1d4a3eb,258335,Lee2019_MI,Q15-E007,MU_BETA_SHARED,20260926,0.6421319842338562,0.3578680157661438,1
s18_2_offline_train_t009,18,2,offline_train,1,session2/s18/sess02_subj18_EEG_MI.mat,b7af668a0ed7aa4c80cd9e96b07f2dabd325720ba0782f19e2f993d2e1d4a3eb,269852,Lee2019_MI,Q15-E007,MU_BETA_SHARED,20260926,0.7060446739196777,0.29395532608032227,1
s18_2_offline_train_t010,18,2,offline_train,1,session2/s18/sess02_subj18_EEG_MI.mat,b7af668a0ed7aa4c80cd9e96b07f2dabd325720ba0782f19e2f993d2e1d4a3eb,281368,Lee2019_MI,Q15-E007,MU_BETA_SHARED,20260926,0.67473965883255,0.3252602815628052,1
s18_2_offline_train_t011,18,2,offline_train,2,session2/s18/sess02_subj18_EEG_MI.mat,b7af668a0ed7aa4c80cd9e96b07f2dabd325720ba0782f19e2f993d2e1d4a3eb,292052,Lee2019_MI,Q15-E007,MU_BETA_SHARED,20260926,0.599582850933075,0.4004170894622803,1
s18_2_offline_train_t012,18,2,offline_train,2,session2/s18/sess02_subj18_EEG_MI.mat,b7af668a0ed7aa4c80cd9e96b07f2dabd325720ba0782f19e2f993d2e1d4a3eb,303568,Lee2019_MI,Q15-E007,MU_BETA_SHARED,20260926,0.44687774777412415,0.5531222820281982,2
s18_2_offline_train_t013,18,2,offline_train,1,session2/s18/sess02_subj18_EEG_MI.mat,b7af668a0ed7aa4c80cd9e96b07f2dabd325720ba0782f19e2f993d2e1d4a3eb,315084,Lee2019_MI,Q15-E007,MU_BETA_SHARED,20260926,0.6164534091949463,0.3835466206073761,1
s18_2_offline_train_t014,18,2,offline_train,1,session2/s18/sess02_subj18_EEG_MI.mat,b7af668a0ed7aa4c80cd9e96b07f2dabd325720ba0782f19e2f993d2e1d4a3eb,326134,Lee2019_MI,Q15-E007,MU_BETA_SHARED,20260926,0.5898725390434265,0.4101274311542511,1
s18_2_offline_train_t015,18,2,offline_train,2,session2/s18/sess02_subj18_EEG_MI.mat,b7af668a0ed7aa4c80cd9e96b07f2dabd325720ba0782f19e2f993d2e1d4a3eb,337467,Lee2019_MI,Q15-E007,MU_BETA_SHARED,20260926,0.2702796757221222,0.7297203540802002,2
s18_2_offline_train_t016,18,2,offline_train,1,session2/s18/sess02_subj18_EEG_MI.mat,b7af668a0ed7aa4c80cd9e96b07f2dabd325720ba0782f19e2f993d2e1d4a3eb,348151,Lee2019_MI,Q15-E007,MU_BETA_SHARED,20260926,0.5712978839874268,0.42870214581489563,1
s18_2_offline_train_t017,18,2,offline_train,1,session2/s18/sess02_subj18_EEG_MI.mat,b7af668a0ed7aa4c80cd9e96b07f2dabd325720ba0782f19e2f993d2e1d4a3eb,359117,Lee2019_MI,Q15-E007,MU_BETA_SHARED,20260926,0.6541823744773865,0.3458176255226135,1
s18_2_offline_train_t018,18,2,offline_train,1,session2/s18/sess02_subj18_EEG_MI.mat,b7af668a0ed7aa4c80cd9e96b07f2dabd325720ba0782f19e2f993d2e1d4a3eb,370634,Lee2019_MI,Q15-E007,MU_BETA_SHARED,20260926,0.4997533857822418,0.5002466440200806,2
s18_2_offline_train_t019,18,2,offline_train,1,session2/s18/sess02_subj18_EEG_MI.mat,b7af668a0ed7aa4c80cd9e96b07f2dabd325720ba0782f19e2f993d2e1d4a3eb,381967,Lee2019_MI,Q15-E007,MU_BETA_SHARED,20260926,0.5624909996986389,0.43750903010368347,1
s18_2_offline_train_t020,18,2,offline_train,2,session2/s18/sess02_subj18_EEG_MI.mat,b7af668a0ed7aa4c80cd9e96b07f2dabd325720ba0782f19e2f993d2e1d4a3eb,393483,Lee2019_MI,Q15-E007,MU_BETA_SHARED,20260926,0.303559273481369,0.6964407563209534,2
s18_2_offline_train_t021,18,2,offline_train,2,session2/s18/sess02_subj18_EEG_MI.mat,b7af668a0ed7aa4c80cd9e96b07f2dabd325720ba0782f19e2f993d2e1d4a3eb,404716,Lee2019_MI,Q15-E007,MU_BETA_SHARED,20260926,0.4740876853466034,0.525912344455719,2
s18_2_offline_train_t022,18,2,offline_train,1,session2/s18/sess02_subj18_EEG_MI.mat,b7af668a0ed7aa4c80cd9e96b07f2dabd325720ba0782f19e2f993d2e1d4a3eb,415299,Lee2019_MI,Q15-E007,MU_BETA_SHARED,20260926,0.5607084631919861,0.43929150700569153,1
s18_2_offline_train_t023,18,2,offline_train,2,session2/s18/sess02_subj18_EEG_MI.mat,b7af668a0ed7aa4c80cd9e96b07f2dabd325720ba0782f19e2f993d2e1d4a3eb,426731,Lee2019_MI,Q15-E007,MU_BETA_SHARED,20260926,0.3949397802352905,0.6050602197647095,2
s18_2_offline_train_t024,18,2,offline_train,2,session2/s18/sess02_subj18_EEG_MI.mat,b7af668a0ed7aa4c80cd9e96b07f2dabd325720ba0782f19e2f993d2e1d4a3eb,438249,Lee2019_MI,Q15-E007,MU_BETA_SHARED,20260926,0.4366251230239868,0.5633748769760132,2
s18_2_offline_train_t025,18,2,offline_train,2,session2/s18/sess02_subj18_EEG_MI.mat,b7af668a0ed7aa4c80cd9e96b07f2dabd325720ba0782f19e2f993d2e1d4a3eb,449482,Lee2019_MI,Q15-E007,MU_BETA_SHARED,20260926,0.6679787635803223,0.3320212662220001,1
s18_2_offline_train_t026,18,2,offline_train,1,session2/s18/sess02_subj18_EEG_MI.mat,b7af668a0ed7aa4c80cd9e96b07f2dabd325720ba0782f19e2f993d2e1d4a3eb,460815,Lee2019_MI,Q15-E007,MU_BETA_SHARED,20260926,0.7661891579627991,0.23381085693836212,1
s18_2_offline_train_t027,18,2,offline_train,2,session2/s18/sess02_subj18_EEG_MI.mat,b7af668a0ed7aa4c80cd9e96b07f2dabd325720ba0782f19e2f993d2e1d4a3eb,472148,Lee2019_MI,Q15-E007,MU_BETA_SHARED,20260926,0.4446842074394226,0.5553157925605774,2
s18_2_offline_train_t028,18,2,offline_train,1,session2/s18/sess02_subj18_EEG_MI.mat,b7af668a0ed7aa4c80cd9e96b07f2dabd325720ba0782f19e2f993d2e1d4a3eb,483098,Lee2019_MI,Q15-E007,MU_BETA_SHARED,20260926,0.5803614854812622,0.4196384847164154,1
s18_2_offline_train_t029,18,2,offline_train,1,session2/s18/sess02_subj18_EEG_MI.mat,b7af668a0ed7aa4c80cd9e96b07f2dabd325720ba0782f19e2f993d2e1d4a3eb,494348,Lee2019_MI,Q15-E007,MU_BETA_SHARED,20260926,0.9470789432525635,0.052921075373888016,1
s18_2_offline_train_t030,18,2,offline_train,2,session2/s18/sess02_subj18_EEG_MI.mat,b7af668a0ed7aa4c80cd9e96b07f2dabd325720ba0782f19e2f993d2e1d4a3eb,505115,Lee2019_MI,Q15-E007,MU_BETA_SHARED,20260926,0.37178200483322144,0.6282179951667786,2
s18_2_offline_train_t031,18,2,offline_train,1,session2/s18/sess02_subj18_EEG_MI.mat,b7af668a0ed7aa4c80cd9e96b07f2dabd325720ba0782f19e2f993d2e1d4a3eb,516348,Lee2019_MI,Q15-E007,MU_BETA_SHARED,20260926,0.5702018141746521,0.4297981858253479,1
s18_2_offline_train_t032,18,2,offline_train,2,session2/s18/sess02_subj18_EEG_MI.mat,b7af668a0ed7aa4c80cd9e96b07f2dabd325720ba0782f19e2f993d2e1d4a3eb,526948,Lee2019_MI,Q15-E007,MU_BETA_SHARED,20260926,0.4538383185863495,0.5461617112159729,2
s18_2_offline_train_t033,18,2,offline_train,1,session2/s18/sess02_subj18_EEG_MI.mat,b7af668a0ed7aa4c80cd9e96b07f2dabd325720ba0782f19e2f993d2e1d4a3eb,537813,Lee2019_MI,Q15-E007,MU_BETA_SHARED,20260926,0.8859171867370605,0.11408287286758423,1
s18_2_offline_train_t034,18,2,offline_train,2,session2/s18/sess02_subj18_EEG_MI.mat,b7af668a0ed7aa4c80cd9e96b07f2dabd325720ba0782f19e2f993d2e1d4a3eb,548397,Lee2019_MI,Q15-E007,MU_BETA_SHARED,20260926,0.5488715171813965,0.4511284828186035,1
s18_2_offline_train_t035,18,2,offline_train,2,session2/s18/sess02_subj18_EEG_MI.mat,b7af668a0ed7aa4c80cd9e96b07f2dabd325720ba0782f19e2f993d2e1d4a3eb,559080,Lee2019_MI,Q15-E007,MU_BETA_SHARED,20260926,0.4285450577735901,0.5714549422264099,2
s18_2_offline_train_t036,18,2,offline_train,1,session2/s18/sess02_subj18_EEG_MI.mat,b7af668a0ed7aa4c80cd9e96b07f2dabd325720ba0782f19e2f993d2e1d4a3eb,570413,Lee2019_MI,Q15-E007,MU_BETA_SHARED,20260926,0.9041711688041687,0.09582886099815369,1
s18_2_offline_train_t037,18,2,offline_train,1,session2/s18/sess02_subj18_EEG_MI.mat,b7af668a0ed7aa4c80cd9e96b07f2dabd325720ba0782f19e2f993d2e1d4a3eb,581646,Lee2019_MI,Q15-E007,MU_BETA_SHARED,20260926,0.6575332283973694,0.342466801404953,1
s18_2_offline_train_t038,18,2,offline_train,2,session2/s18/sess02_subj18_EEG_MI.mat,b7af668a0ed7aa4c80cd9e96b07f2dabd325720ba0782f19e2f993d2e1d4a3eb,592513,Lee2019_MI,Q15-E007,MU_BETA_SHARED,20260926,0.35330915451049805,0.646690845489502,2
s18_2_offline_train_t039,18,2,offline_train,1,session2/s18/sess02_subj18_EEG_MI.mat,b7af668a0ed7aa4c80cd9e96b07f2dabd325720ba0782f19e2f993d2e1d4a3eb,604029,Lee2019_MI,Q15-E007,MU_BETA_SHARED,20260926,0.8364710211753845,0.16352903842926025,1
s18_2_offline_train_t040,18,2,offline_train,1,session2/s18/sess02_subj18_EEG_MI.mat,b7af668a0ed7aa4c80cd9e96b07f2dabd325720ba0782f19e2f993d2e1d4a3eb,614612,Lee2019_MI,Q15-E007,MU_BETA_SHARED,20260926,0.8954789042472839,0.10452111810445786,1
s18_2_offline_train_t041,18,2,offline_train,1,session2/s18/sess02_subj18_EEG_MI.mat,b7af668a0ed7aa4c80cd9e96b07f2dabd325720ba0782f19e2f993d2e1d4a3eb,625579,Lee2019_MI,Q15-E007,MU_BETA_SHARED,20260926,0.5569111704826355,0.4430888593196869,1
s18_2_offline_train_t042,18,2,offline_train,1,session2/s18/sess02_subj18_EEG_MI.mat,b7af668a0ed7aa4c80cd9e96b07f2dabd325720ba0782f19e2f993d2e1d4a3eb,636545,Lee2019_MI,Q15-E007,MU_BETA_SHARED,20260926,0.44092321395874023,0.5590767860412598,2
s18_2_offline_train_t043,18,2,offline_train,2,session2/s18/sess02_subj18_EEG_MI.mat,b7af668a0ed7aa4c80cd9e96b07f2dabd325720ba0782f19e2f993d2e1d4a3eb,647879,Lee2019_MI,Q15-E007,MU_BETA_SHARED,20260926,0.4979569911956787,0.5020430088043213,2
s18_2_offline_train_t044,18,2,offline_train,1,session2/s18/sess02_subj18_EEG_MI.mat,b7af668a0ed7aa4c80cd9e96b07f2dabd325720ba0782f19e2f993d2e1d4a3eb,659195,Lee2019_MI,Q15-E007,MU_BETA_SHARED,20260926,0.9352068305015564,0.0647931769490242,1
s18_2_offline_train_t045,18,2,offline_train,2,session2/s18/sess02_subj18_EEG_MI.mat,b7af668a0ed7aa4c80cd9e96b07f2dabd325720ba0782f19e2f993d2e1d4a3eb,669978,Lee2019_MI,Q15-E007,MU_BETA_SHARED,20260926,0.3855421543121338,0.6144578456878662,2
s18_2_offline_train_t046,18,2,offline_train,1,session2/s18/sess02_subj18_EEG_MI.mat,b7af668a0ed7aa4c80cd9e96b07f2dabd325720ba0782f19e2f993d2e1d4a3eb,681028,Lee2019_MI,Q15-E007,MU_BETA_SHARED,20260926,0.7692852020263672,0.2307147979736328,1
s18_2_offline_train_t047,18,2,offline_train,1,session2/s18/sess02_subj18_EEG_MI.mat,b7af668a0ed7aa4c80cd9e96b07f2dabd325720ba0782f19e2f993d2e1d4a3eb,691994,Lee2019_MI,Q15-E007,MU_BETA_SHARED,20260926,0.5370027422904968,0.46299728751182556,1
s18_2_offline_train_t048,18,2,offline_train,1,session2/s18/sess02_subj18_EEG_MI.mat,b7af668a0ed7aa4c80cd9e96b07f2dabd325720ba0782f19e2f993d2e1d4a3eb,703227,Lee2019_MI,Q15-E007,MU_BETA_SHARED,20260926,0.9575860500335693,0.04241397604346275,1
s18_2_offline_train_t049,18,2,offline_train,2,session2/s18/sess02_subj18_EEG_MI.mat,b7af668a0ed7aa4c80cd9e96b07f2dabd325720ba0782f19e2f993d2e1d4a3eb,714461,Lee2019_MI,Q15-E007,MU_BETA_SHARED,20260926,0.3132997155189514,0.6867002844810486,2
s18_2_offline_train_t050,18,2,offline_train,1,session2/s18/sess02_subj18_EEG_MI.mat,b7af668a0ed7aa4c80cd9e96b07f2dabd325720ba0782f19e2f993d2e1d4a3eb,739177,Lee2019_MI,Q15-E007,MU_BETA_SHARED,20260926,0.6750153303146362,0.32498466968536377,1
s18_2_offline_train_t051,18,2,offline_train,1,session2/s18/sess02_subj18_EEG_MI.mat,b7af668a0ed7aa4c80cd9e96b07f2dabd325720ba0782f19e2f993d2e1d4a3eb,750043,Lee2019_MI,Q15-E007,MU_BETA_SHARED,20260926,0.5346343517303467,0.46536561846733093,1
s18_2_offline_train_t052,18,2,offline_train,1,session2/s18/sess02_subj18_EEG_MI.mat,b7af668a0ed7aa4c80cd9e96b07f2dabd325720ba0782f19e2f993d2e1d4a3eb,761276,Lee2019_MI,Q15-E007,MU_BETA_SHARED,20260926,0.5342363715171814,0.4657636880874634,1
s18_2_offline_train_t053,18,2,offline_train,1,session2/s18/sess02_subj18_EEG_MI.mat,b7af668a0ed7aa4c80cd9e96b07f2dabd325720ba0782f19e2f993d2e1d4a3eb,772510,Lee2019_MI,Q15-E007,MU_BETA_SHARED,20260926,0.6268420219421387,0.37315797805786133,1
s18_2_offline_train_t054,18,2,offline_train,2,session2/s18/sess02_subj18_EEG_MI.mat,b7af668a0ed7aa4c80cd9e96b07f2dabd325720ba0782f19e2f993d2e1d4a3eb,783193,Lee2019_MI,Q15-E007,MU_BETA_SHARED,20260926,0.7787896990776062,0.221210315823555,1
s18_2_offline_train_t055,18,2,offline_train,1,session2/s18/sess02_subj18_EEG_MI.mat,b7af668a0ed7aa4c80cd9e96b07f2dabd325720ba0782f19e2f993d2e1d4a3eb,793876,Lee2019_MI,Q15-E007,MU_BETA_SHARED,20260926,0.9551377296447754,0.04486224427819252,1
s18_2_offline_train_t056,18,2,offline_train,1,session2/s18/sess02_subj18_EEG_MI.mat,b7af668a0ed7aa4c80cd9e96b07f2dabd325720ba0782f19e2f993d2e1d4a3eb,804926,Lee2019_MI,Q15-E007,MU_BETA_SHARED,20260926,0.8253555297851562,0.17464445531368256,1
s18_2_offline_train_t057,18,2,offline_train,2,session2/s18/sess02_subj18_EEG_MI.mat,b7af668a0ed7aa4c80cd9e96b07f2dabd325720ba0782f19e2f993d2e1d4a3eb,816442,Lee2019_MI,Q15-E007,MU_BETA_SHARED,20260926,0.45866337418556213,0.5413365960121155,2
s18_2_offline_train_t058,18,2,offline_train,2,session2/s18/sess02_subj18_EEG_MI.mat,b7af668a0ed7aa4c80cd9e96b07f2dabd325720ba0782f19e2f993d2e1d4a3eb,827308,Lee2019_MI,Q15-E007,MU_BETA_SHARED,20260926,0.4675475060939789,0.5324524641036987,2
s18_2_offline_train_t059,18,2,offline_train,1,session2/s18/sess02_subj18_EEG_MI.mat,b7af668a0ed7aa4c80cd9e96b07f2dabd325720ba0782f19e2f993d2e1d4a3eb,838458,Lee2019_MI,Q15-E007,MU_BETA_SHARED,20260926,0.7723835706710815,0.22761638462543488,1
s18_2_offline_train_t060,18,2,offline_train,1,session2/s18/sess02_subj18_EEG_MI.mat,b7af668a0ed7aa4c80cd9e96b07f2dabd325720ba0782f19e2f993d2e1d4a3eb,849225,Lee2019_MI,Q15-E007,MU_BETA_SHARED,20260926,0.6096539497375488,0.39034605026245117,1
s18_2_offline_train_t061,18,2,offline_train,2,session2/s18/sess02_subj18_EEG_MI.mat,b7af668a0ed7aa4c80cd9e96b07f2dabd325720ba0782f19e2f993d2e1d4a3eb,860558,Lee2019_MI,Q15-E007,MU_BETA_SHARED,20260926,0.25781118869781494,0.7421888113021851,2
s18_2_offline_train_t062,18,2,offline_train,2,session2/s18/sess02_subj18_EEG_MI.mat,b7af668a0ed7aa4c80cd9e96b07f2dabd325720ba0782f19e2f993d2e1d4a3eb,871341,Lee2019_MI,Q15-E007,MU_BETA_SHARED,20260926,0.191081240773201,0.8089187741279602,2
s18_2_offline_train_t063,18,2,offline_train,1,session2/s18/sess02_subj18_EEG_MI.mat,b7af668a0ed7aa4c80cd9e96b07f2dabd325720ba0782f19e2f993d2e1d4a3eb,882391,Lee2019_MI,Q15-E007,MU_BETA_SHARED,20260926,0.8045839667320251,0.19541600346565247,1
s18_2_offline_train_t064,18,2,offline_train,2,session2/s18/sess02_subj18_EEG_MI.mat,b7af668a0ed7aa4c80cd9e96b07f2dabd325720ba0782f19e2f993d2e1d4a3eb,893624,Lee2019_MI,Q15-E007,MU_BETA_SHARED,20260926,0.2874126434326172,0.7125873565673828,2
s18_2_offline_train_t065,18,2,offline_train,2,session2/s18/sess02_subj18_EEG_MI.mat,b7af668a0ed7aa4c80cd9e96b07f2dabd325720ba0782f19e2f993d2e1d4a3eb,905057,Lee2019_MI,Q15-E007,MU_BETA_SHARED,20260926,0.42593687772750854,0.5740631222724915,2
s18_2_offline_train_t066,18,2,offline_train,2,session2/s18/sess02_subj18_EEG_MI.mat,b7af668a0ed7aa4c80cd9e96b07f2dabd325720ba0782f19e2f993d2e1d4a3eb,916574,Lee2019_MI,Q15-E007,MU_BETA_SHARED,20260926,0.4057067632675171,0.5942932367324829,2
s18_2_offline_train_t067,18,2,offline_train,2,session2/s18/sess02_subj18_EEG_MI.mat,b7af668a0ed7aa4c80cd9e96b07f2dabd325720ba0782f19e2f993d2e1d4a3eb,927707,Lee2019_MI,Q15-E007,MU_BETA_SHARED,20260926,0.5046490430831909,0.4953509569168091,1
s18_2_offline_train_t068,18,2,offline_train,1,session2/s18/sess02_subj18_EEG_MI.mat,b7af668a0ed7aa4c80cd9e96b07f2dabd325720ba0782f19e2f993d2e1d4a3eb,938390,Lee2019_MI,Q15-E007,MU_BETA_SHARED,20260926,0.7102929949760437,0.2897070050239563,1
s18_2_offline_train_t069,18,2,offline_train,1,session2/s18/sess02_subj18_EEG_MI.mat,b7af668a0ed7aa4c80cd9e96b07f2dabd325720ba0782f19e2f993d2e1d4a3eb,949073,Lee2019_MI,Q15-E007,MU_BETA_SHARED,20260926,0.6859025955200195,0.3140973746776581,1
s18_2_offline_train_t070,18,2,offline_train,2,session2/s18/sess02_subj18_EEG_MI.mat,b7af668a0ed7aa4c80cd9e96b07f2dabd325720ba0782f19e2f993d2e1d4a3eb,959856,Lee2019_MI,Q15-E007,MU_BETA_SHARED,20260926,0.34277281165122986,0.6572271585464478,2
s18_2_offline_train_t071,18,2,offline_train,1,session2/s18/sess02_subj18_EEG_MI.mat,b7af668a0ed7aa4c80cd9e96b07f2dabd325720ba0782f19e2f993d2e1d4a3eb,971273,Lee2019_MI,Q15-E007,MU_BETA_SHARED,20260926,0.7323705554008484,0.2676294445991516,1
s18_2_offline_train_t072,18,2,offline_train,2,session2/s18/sess02_subj18_EEG_MI.mat,b7af668a0ed7aa4c80cd9e96b07f2dabd325720ba0782f19e2f993d2e1d4a3eb,982039,Lee2019_MI,Q15-E007,MU_BETA_SHARED,20260926,0.2401733100414276,0.75982666015625,2
s18_2_offline_train_t073,18,2,offline_train,2,session2/s18/sess02_subj18_EEG_MI.mat,b7af668a0ed7aa4c80cd9e96b07f2dabd325720ba0782f19e2f993d2e1d4a3eb,993372,Lee2019_MI,Q15-E007,MU_BETA_SHARED,20260926,0.3275875449180603,0.6724125146865845,2
s18_2_offline_train_t074,18,2,offline_train,2,session2/s18/sess02_subj18_EEG_MI.mat,b7af668a0ed7aa4c80cd9e96b07f2dabd325720ba0782f19e2f993d2e1d4a3eb,1004155,Lee2019_MI,Q15-E007,MU_BETA_SHARED,20260926,0.3835738003253937,0.6164261698722839,2
s18_2_offline_train_t075,18,2,offline_train,1,session2/s18/sess02_subj18_EEG_MI.mat,b7af668a0ed7aa4c80cd9e96b07f2dabd325720ba0782f19e2f993d2e1d4a3eb,1015672,Lee2019_MI,Q15-E007,MU_BETA_SHARED,20260926,0.7447885870933533,0.2552114427089691,1
s18_2_offline_train_t076,18,2,offline_train,2,session2/s18/sess02_subj18_EEG_MI.mat,b7af668a0ed7aa4c80cd9e96b07f2dabd325720ba0782f19e2f993d2e1d4a3eb,1026538,Lee2019_MI,Q15-E007,MU_BETA_SHARED,20260926,0.407513290643692,0.5924866795539856,2
s18_2_offline_train_t077,18,2,offline_train,1,session2/s18/sess02_subj18_EEG_MI.mat,b7af668a0ed7aa4c80cd9e96b07f2dabd325720ba0782f19e2f993d2e1d4a3eb,1037305,Lee2019_MI,Q15-E007,MU_BETA_SHARED,20260926,0.6571823358535767,0.34281766414642334,1
s18_2_offline_train_t078,18,2,offline_train,1,session2/s18/sess02_subj18_EEG_MI.mat,b7af668a0ed7aa4c80cd9e96b07f2dabd325720ba0782f19e2f993d2e1d4a3eb,1048088,Lee2019_MI,Q15-E007,MU_BETA_SHARED,20260926,0.7935565710067749,0.2064433991909027,1
s18_2_offline_train_t079,18,2,offline_train,2,session2/s18/sess02_subj18_EEG_MI.mat,b7af668a0ed7aa4c80cd9e96b07f2dabd325720ba0782f19e2f993d2e1d4a3eb,1059221,Lee2019_MI,Q15-E007,MU_BETA_SHARED,20260926,0.37753531336784363,0.622464656829834,2
s18_2_offline_train_t080,18,2,offline_train,2,session2/s18/sess02_subj18_EEG_MI.mat,b7af668a0ed7aa4c80cd9e96b07f2dabd325720ba0782f19e2f993d2e1d4a3eb,1070287,Lee2019_MI,Q15-E007,MU_BETA_SHARED,20260926,0.2018052041530609,0.7981948256492615,2
s18_2_offline_train_t081,18,2,offline_train,2,session2/s18/sess02_subj18_EEG_MI.mat,b7af668a0ed7aa4c80cd9e96b07f2dabd325720ba0782f19e2f993d2e1d4a3eb,1081237,Lee2019_MI,Q15-E007,MU_BETA_SHARED,20260926,0.44658249616622925,0.5534175038337708,2
s18_2_offline_train_t082,18,2,offline_train,1,session2/s18/sess02_subj18_EEG_MI.mat,b7af668a0ed7aa4c80cd9e96b07f2dabd325720ba0782f19e2f993d2e1d4a3eb,1092670,Lee2019_MI,Q15-E007,MU_BETA_SHARED,20260926,0.6183846592903137,0.38161537051200867,1
s18_2_offline_train_t083,18,2,offline_train,2,session2/s18/sess02_subj18_EEG_MI.mat,b7af668a0ed7aa4c80cd9e96b07f2dabd325720ba0782f19e2f993d2e1d4a3eb,1103803,Lee2019_MI,Q15-E007,MU_BETA_SHARED,20260926,0.37398871779441833,0.6260112524032593,2
s18_2_offline_train_t084,18,2,offline_train,2,session2/s18/sess02_subj18_EEG_MI.mat,b7af668a0ed7aa4c80cd9e96b07f2dabd325720ba0782f19e2f993d2e1d4a3eb,1114953,Lee2019_MI,Q15-E007,MU_BETA_SHARED,20260926,0.43052980303764343,0.5694701671600342,2
s18_2_offline_train_t085,18,2,offline_train,1,session2/s18/sess02_subj18_EEG_MI.mat,b7af668a0ed7aa4c80cd9e96b07f2dabd325720ba0782f19e2f993d2e1d4a3eb,1126386,Lee2019_MI,Q15-E007,MU_BETA_SHARED,20260926,0.8790486454963684,0.12095135450363159,1
s18_2_offline_train_t086,18,2,offline_train,2,session2/s18/sess02_subj18_EEG_MI.mat,b7af668a0ed7aa4c80cd9e96b07f2dabd325720ba0782f19e2f993d2e1d4a3eb,1137253,Lee2019_MI,Q15-E007,MU_BETA_SHARED,20260926,0.48698124289512634,0.513018786907196,2
s18_2_offline_train_t087,18,2,offline_train,1,session2/s18/sess02_subj18_EEG_MI.mat,b7af668a0ed7aa4c80cd9e96b07f2dabd325720ba0782f19e2f993d2e1d4a3eb,1148569,Lee2019_MI,Q15-E007,MU_BETA_SHARED,20260926,0.7077131271362305,0.29228687286376953,1
s18_2_offline_train_t088,18,2,offline_train,2,session2/s18/sess02_subj18_EEG_MI.mat,b7af668a0ed7aa4c80cd9e96b07f2dabd325720ba0782f19e2f993d2e1d4a3eb,1159902,Lee2019_MI,Q15-E007,MU_BETA_SHARED,20260926,0.4339231252670288,0.5660768747329712,2
s18_2_offline_train_t089,18,2,offline_train,2,session2/s18/sess02_subj18_EEG_MI.mat,b7af668a0ed7aa4c80cd9e96b07f2dabd325720ba0782f19e2f993d2e1d4a3eb,1170869,Lee2019_MI,Q15-E007,MU_BETA_SHARED,20260926,0.5228962302207947,0.47710371017456055,1
s18_2_offline_train_t090,18,2,offline_train,2,session2/s18/sess02_subj18_EEG_MI.mat,b7af668a0ed7aa4c80cd9e96b07f2dabd325720ba0782f19e2f993d2e1d4a3eb,1182019,Lee2019_MI,Q15-E007,MU_BETA_SHARED,20260926,0.5195461511611938,0.48045387864112854,1
s18_2_offline_train_t091,18,2,offline_train,2,session2/s18/sess02_subj18_EEG_MI.mat,b7af668a0ed7aa4c80cd9e96b07f2dabd325720ba0782f19e2f993d2e1d4a3eb,1192602,Lee2019_MI,Q15-E007,MU_BETA_SHARED,20260926,0.10957324504852295,0.890426754951477,2
s18_2_offline_train_t092,18,2,offline_train,2,session2/s18/sess02_subj18_EEG_MI.mat,b7af668a0ed7aa4c80cd9e96b07f2dabd325720ba0782f19e2f993d2e1d4a3eb,1203185,Lee2019_MI,Q15-E007,MU_BETA_SHARED,20260926,0.49887222051620483,0.5011277794837952,2
s18_2_offline_train_t093,18,2,offline_train,1,session2/s18/sess02_subj18_EEG_MI.mat,b7af668a0ed7aa4c80cd9e96b07f2dabd325720ba0782f19e2f993d2e1d4a3eb,1214235,Lee2019_MI,Q15-E007,MU_BETA_SHARED,20260926,0.5774955749511719,0.42250439524650574,1
s18_2_offline_train_t094,18,2,offline_train,2,session2/s18/sess02_subj18_EEG_MI.mat,b7af668a0ed7aa4c80cd9e96b07f2dabd325720ba0782f19e2f993d2e1d4a3eb,1225568,Lee2019_MI,Q15-E007,MU_BETA_SHARED,20260926,0.4941149950027466,0.5058850049972534,2
s18_2_offline_train_t095,18,2,offline_train,1,session2/s18/sess02_subj18_EEG_MI.mat,b7af668a0ed7aa4c80cd9e96b07f2dabd325720ba0782f19e2f993d2e1d4a3eb,1237084,Lee2019_MI,Q15-E007,MU_BETA_SHARED,20260926,0.668526291847229,0.3314736485481262,1
s18_2_offline_train_t096,18,2,offline_train,1,session2/s18/sess02_subj18_EEG_MI.mat,b7af668a0ed7aa4c80cd9e96b07f2dabd325720ba0782f19e2f993d2e1d4a3eb,1247767,Lee2019_MI,Q15-E007,MU_BETA_SHARED,20260926,0.5786697268486023,0.4213303327560425,1
s18_2_offline_train_t097,18,2,offline_train,2,session2/s18/sess02_subj18_EEG_MI.mat,b7af668a0ed7aa4c80cd9e96b07f2dabd325720ba0782f19e2f993d2e1d4a3eb,1258917,Lee2019_MI,Q15-E007,MU_BETA_SHARED,20260926,0.4964357018470764,0.5035642385482788,2
s18_2_offline_train_t098,18,2,offline_train,1,session2/s18/sess02_subj18_EEG_MI.mat,b7af668a0ed7aa4c80cd9e96b07f2dabd325720ba0782f19e2f993d2e1d4a3eb,1269967,Lee2019_MI,Q15-E007,MU_BETA_SHARED,20260926,0.7826370000839233,0.21736299991607666,1
s18_2_offline_train_t099,18,2,offline_train,2,session2/s18/sess02_subj18_EEG_MI.mat,b7af668a0ed7aa4c80cd9e96b07f2dabd325720ba0782f19e2f993d2e1d4a3eb,1280550,Lee2019_MI,Q15-E007,MU_BETA_SHARED,20260926,0.2828836739063263,0.7171162962913513,2
s18_2_offline_train_t100,18,2,offline_train,2,session2/s18/sess02_subj18_EEG_MI.mat,b7af668a0ed7aa4c80cd9e96b07f2dabd325720ba0782f19e2f993d2e1d4a3eb,1291417,Lee2019_MI,Q15-E007,MU_BETA_SHARED,20260926,0.3216444253921509,0.6783555746078491,2
s18_1_offline_train_t001,18,1,offline_train,1,session1/s18/sess01_subj18_EEG_MI.mat,8ef8fd343531e428188af60cf0b23d14eb20b9f533d418a12331dd80ec7b1013,228583,Lee2019_MI,Q15-E007,CSP4_LDA,deterministic,0.7480797801968544,0.25192021980314566,1
s18_1_offline_train_t002,18,1,offline_train,2,session1/s18/sess01_subj18_EEG_MI.mat,8ef8fd343531e428188af60cf0b23d14eb20b9f533d418a12331dd80ec7b1013,239999,Lee2019_MI,Q15-E007,CSP4_LDA,deterministic,0.7045728679469644,0.2954271320530356,1
s18_1_offline_train_t003,18,1,offline_train,1,session1/s18/sess01_subj18_EEG_MI.mat,8ef8fd343531e428188af60cf0b23d14eb20b9f533d418a12331dd80ec7b1013,250683,Lee2019_MI,Q15-E007,CSP4_LDA,deterministic,0.7344568896237264,0.26554311037627365,1
s18_1_offline_train_t004,18,1,offline_train,1,session1/s18/sess01_subj18_EEG_MI.mat,8ef8fd343531e428188af60cf0b23d14eb20b9f533d418a12331dd80ec7b1013,262099,Lee2019_MI,Q15-E007,CSP4_LDA,deterministic,0.6233354290311339,0.3766645709688661,1
s18_1_offline_train_t005,18,1,offline_train,2,session1/s18/sess01_subj18_EEG_MI.mat,8ef8fd343531e428188af60cf0b23d14eb20b9f533d418a12331dd80ec7b1013,273249,Lee2019_MI,Q15-E007,CSP4_LDA,deterministic,0.7994827542464251,0.20051724575357482,1
s18_1_offline_train_t006,18,1,offline_train,2,session1/s18/sess01_subj18_EEG_MI.mat,8ef8fd343531e428188af60cf0b23d14eb20b9f533d418a12331dd80ec7b1013,283932,Lee2019_MI,Q15-E007,CSP4_LDA,deterministic,0.7069238545598744,0.29307614544012556,1
s18_1_offline_train_t007,18,1,offline_train,1,session1/s18/sess01_subj18_EEG_MI.mat,8ef8fd343531e428188af60cf0b23d14eb20b9f533d418a12331dd80ec7b1013,294798,Lee2019_MI,Q15-E007,CSP4_LDA,deterministic,0.7629403037413185,0.23705969625868156,1
s18_1_offline_train_t008,18,1,offline_train,2,session1/s18/sess01_subj18_EEG_MI.mat,8ef8fd343531e428188af60cf0b23d14eb20b9f533d418a12331dd80ec7b1013,305948,Lee2019_MI,Q15-E007,CSP4_LDA,deterministic,0.7523266233224294,0.24767337667757058,1
s18_1_offline_train_t009,18,1,offline_train,1,session1/s18/sess01_subj18_EEG_MI.mat,8ef8fd343531e428188af60cf0b23d14eb20b9f533d418a12331dd80ec7b1013,317464,Lee2019_MI,Q15-E007,CSP4_LDA,deterministic,0.7707953889741685,0.22920461102583148,1
s18_1_offline_train_t010,18,1,offline_train,1,session1/s18/sess01_subj18_EEG_MI.mat,8ef8fd343531e428188af60cf0b23d14eb20b9f533d418a12331dd80ec7b1013,328980,Lee2019_MI,Q15-E007,CSP4_LDA,deterministic,0.779977260129044,0.22002273987095602,1
s18_1_offline_train_t011,18,1,offline_train,2,session1/s18/sess01_subj18_EEG_MI.mat,8ef8fd343531e428188af60cf0b23d14eb20b9f533d418a12331dd80ec7b1013,339664,Lee2019_MI,Q15-E007,CSP4_LDA,deterministic,0.6522743036482807,0.34772569635171935,1
s18_1_offline_train_t012,18,1,offline_train,2,session1/s18/sess01_subj18_EEG_MI.mat,8ef8fd343531e428188af60cf0b23d14eb20b9f533d418a12331dd80ec7b1013,351181,Lee2019_MI,Q15-E007,CSP4_LDA,deterministic,0.7047281566850158,0.29527184331498424,1
s18_1_offline_train_t013,18,1,offline_train,1,session1/s18/sess01_subj18_EEG_MI.mat,8ef8fd343531e428188af60cf0b23d14eb20b9f533d418a12331dd80ec7b1013,362697,Lee2019_MI,Q15-E007,CSP4_LDA,deterministic,0.6887001101751102,0.31129988982488976,1
s18_1_offline_train_t014,18,1,offline_train,1,session1/s18/sess01_subj18_EEG_MI.mat,8ef8fd343531e428188af60cf0b23d14eb20b9f533d418a12331dd80ec7b1013,373747,Lee2019_MI,Q15-E007,CSP4_LDA,deterministic,0.69695730961898,0.30304269038102005,1
s18_1_offline_train_t015,18,1,offline_train,2,session1/s18/sess01_subj18_EEG_MI.mat,8ef8fd343531e428188af60cf0b23d14eb20b9f533d418a12331dd80ec7b1013,385080,Lee2019_MI,Q15-E007,CSP4_LDA,deterministic,0.57481429039801,0.42518570960199004,1
s18_1_offline_train_t016,18,1,offline_train,1,session1/s18/sess01_subj18_EEG_MI.mat,8ef8fd343531e428188af60cf0b23d14eb20b9f533d418a12331dd80ec7b1013,395763,Lee2019_MI,Q15-E007,CSP4_LDA,deterministic,0.5534557336659317,0.4465442663340683,1
s18_1_offline_train_t017,18,1,offline_train,1,session1/s18/sess01_subj18_EEG_MI.mat,8ef8fd343531e428188af60cf0b23d14eb20b9f533d418a12331dd80ec7b1013,406713,Lee2019_MI,Q15-E007,CSP4_LDA,deterministic,0.6732811002269398,0.32671889977306023,1
s18_1_offline_train_t018,18,1,offline_train,1,session1/s18/sess01_subj18_EEG_MI.mat,8ef8fd343531e428188af60cf0b23d14eb20b9f533d418a12331dd80ec7b1013,418146,Lee2019_MI,Q15-E007,CSP4_LDA,deterministic,0.7106700480214153,0.2893299519785847,1
s18_1_offline_train_t019,18,1,offline_train,1,session1/s18/sess01_subj18_EEG_MI.mat,8ef8fd343531e428188af60cf0b23d14eb20b9f533d418a12331dd80ec7b1013,429479,Lee2019_MI,Q15-E007,CSP4_LDA,deterministic,0.6636842398271049,0.3363157601728951,1
s18_1_offline_train_t020,18,1,offline_train,2,session1/s18/sess01_subj18_EEG_MI.mat,8ef8fd343531e428188af60cf0b23d14eb20b9f533d418a12331dd80ec7b1013,440996,Lee2019_MI,Q15-E007,CSP4_LDA,deterministic,0.6568368369021437,0.3431631630978563,1
s18_1_offline_train_t021,18,1,offline_train,2,session1/s18/sess01_subj18_EEG_MI.mat,8ef8fd343531e428188af60cf0b23d14eb20b9f533d418a12331dd80ec7b1013,452229,Lee2019_MI,Q15-E007,CSP4_LDA,deterministic,0.6685809882626204,0.3314190117373796,1
s18_1_offline_train_t022,18,1,offline_train,1,session1/s18/sess01_subj18_EEG_MI.mat,8ef8fd343531e428188af60cf0b23d14eb20b9f533d418a12331dd80ec7b1013,462812,Lee2019_MI,Q15-E007,CSP4_LDA,deterministic,0.6481583371110398,0.3518416628889603,1
s18_1_offline_train_t023,18,1,offline_train,2,session1/s18/sess01_subj18_EEG_MI.mat,8ef8fd343531e428188af60cf0b23d14eb20b9f533d418a12331dd80ec7b1013,474245,Lee2019_MI,Q15-E007,CSP4_LDA,deterministic,0.608699627131025,0.39130037286897507,1
s18_1_offline_train_t024,18,1,offline_train,2,session1/s18/sess01_subj18_EEG_MI.mat,8ef8fd343531e428188af60cf0b23d14eb20b9f533d418a12331dd80ec7b1013,485762,Lee2019_MI,Q15-E007,CSP4_LDA,deterministic,0.5319138380019905,0.4680861619980095,1
s18_1_offline_train_t025,18,1,offline_train,2,session1/s18/sess01_subj18_EEG_MI.mat,8ef8fd343531e428188af60cf0b23d14eb20b9f533d418a12331dd80ec7b1013,496995,Lee2019_MI,Q15-E007,CSP4_LDA,deterministic,0.6717215996799525,0.3282784003200475,1
s18_1_offline_train_t026,18,1,offline_train,1,session1/s18/sess01_subj18_EEG_MI.mat,8ef8fd343531e428188af60cf0b23d14eb20b9f533d418a12331dd80ec7b1013,508328,Lee2019_MI,Q15-E007,CSP4_LDA,deterministic,0.6540341442205249,0.3459658557794751,1
s18_1_offline_train_t027,18,1,offline_train,2,session1/s18/sess01_subj18_EEG_MI.mat,8ef8fd343531e428188af60cf0b23d14eb20b9f533d418a12331dd80ec7b1013,519661,Lee2019_MI,Q15-E007,CSP4_LDA,deterministic,0.6551773436727244,0.3448226563272756,1
s18_1_offline_train_t028,18,1,offline_train,1,session1/s18/sess01_subj18_EEG_MI.mat,8ef8fd343531e428188af60cf0b23d14eb20b9f533d418a12331dd80ec7b1013,530611,Lee2019_MI,Q15-E007,CSP4_LDA,deterministic,0.6773554729183335,0.3226445270816665,1
s18_1_offline_train_t029,18,1,offline_train,1,session1/s18/sess01_subj18_EEG_MI.mat,8ef8fd343531e428188af60cf0b23d14eb20b9f533d418a12331dd80ec7b1013,541861,Lee2019_MI,Q15-E007,CSP4_LDA,deterministic,0.7440476203967116,0.2559523796032884,1
s18_1_offline_train_t030,18,1,offline_train,2,session1/s18/sess01_subj18_EEG_MI.mat,8ef8fd343531e428188af60cf0b23d14eb20b9f533d418a12331dd80ec7b1013,552627,Lee2019_MI,Q15-E007,CSP4_LDA,deterministic,0.6993392569383245,0.3006607430616755,1
s18_1_offline_train_t031,18,1,offline_train,1,session1/s18/sess01_subj18_EEG_MI.mat,8ef8fd343531e428188af60cf0b23d14eb20b9f533d418a12331dd80ec7b1013,563860,Lee2019_MI,Q15-E007,CSP4_LDA,deterministic,0.7449050556602865,0.2550949443397134,1
s18_1_offline_train_t032,18,1,offline_train,2,session1/s18/sess01_subj18_EEG_MI.mat,8ef8fd343531e428188af60cf0b23d14eb20b9f533d418a12331dd80ec7b1013,574460,Lee2019_MI,Q15-E007,CSP4_LDA,deterministic,0.41181772503211156,0.5881822749678884,2
s18_1_offline_train_t033,18,1,offline_train,1,session1/s18/sess01_subj18_EEG_MI.mat,8ef8fd343531e428188af60cf0b23d14eb20b9f533d418a12331dd80ec7b1013,585326,Lee2019_MI,Q15-E007,CSP4_LDA,deterministic,0.5981424377663387,0.40185756223366137,1
s18_1_offline_train_t034,18,1,offline_train,2,session1/s18/sess01_subj18_EEG_MI.mat,8ef8fd343531e428188af60cf0b23d14eb20b9f533d418a12331dd80ec7b1013,595909,Lee2019_MI,Q15-E007,CSP4_LDA,deterministic,0.561403451738469,0.4385965482615311,1
s18_1_offline_train_t035,18,1,offline_train,2,session1/s18/sess01_subj18_EEG_MI.mat,8ef8fd343531e428188af60cf0b23d14eb20b9f533d418a12331dd80ec7b1013,606593,Lee2019_MI,Q15-E007,CSP4_LDA,deterministic,0.7065724101807908,0.29342758981920924,1
s18_1_offline_train_t036,18,1,offline_train,1,session1/s18/sess01_subj18_EEG_MI.mat,8ef8fd343531e428188af60cf0b23d14eb20b9f533d418a12331dd80ec7b1013,618009,Lee2019_MI,Q15-E007,CSP4_LDA,deterministic,0.5452830692878065,0.45471693071219355,1
s18_1_offline_train_t037,18,1,offline_train,1,session1/s18/sess01_subj18_EEG_MI.mat,8ef8fd343531e428188af60cf0b23d14eb20b9f533d418a12331dd80ec7b1013,629259,Lee2019_MI,Q15-E007,CSP4_LDA,deterministic,0.7143523998558976,0.2856476001441024,1
s18_1_offline_train_t038,18,1,offline_train,2,session1/s18/sess01_subj18_EEG_MI.mat,8ef8fd343531e428188af60cf0b23d14eb20b9f533d418a12331dd80ec7b1013,640125,Lee2019_MI,Q15-E007,CSP4_LDA,deterministic,0.6348753111215935,0.3651246888784065,1
s18_1_offline_train_t039,18,1,offline_train,1,session1/s18/sess01_subj18_EEG_MI.mat,8ef8fd343531e428188af60cf0b23d14eb20b9f533d418a12331dd80ec7b1013,651642,Lee2019_MI,Q15-E007,CSP4_LDA,deterministic,0.6756332570239709,0.32436674297602913,1
s18_1_offline_train_t040,18,1,offline_train,1,session1/s18/sess01_subj18_EEG_MI.mat,8ef8fd343531e428188af60cf0b23d14eb20b9f533d418a12331dd80ec7b1013,662225,Lee2019_MI,Q15-E007,CSP4_LDA,deterministic,0.6855533774707139,0.3144466225292861,1
s18_1_offline_train_t041,18,1,offline_train,1,session1/s18/sess01_subj18_EEG_MI.mat,8ef8fd343531e428188af60cf0b23d14eb20b9f533d418a12331dd80ec7b1013,673192,Lee2019_MI,Q15-E007,CSP4_LDA,deterministic,0.7014216785995016,0.2985783214004984,1
s18_1_offline_train_t042,18,1,offline_train,1,session1/s18/sess01_subj18_EEG_MI.mat,8ef8fd343531e428188af60cf0b23d14eb20b9f533d418a12331dd80ec7b1013,684141,Lee2019_MI,Q15-E007,CSP4_LDA,deterministic,0.6200179613822316,0.37998203861776836,1
s18_1_offline_train_t043,18,1,offline_train,2,session1/s18/sess01_subj18_EEG_MI.mat,8ef8fd343531e428188af60cf0b23d14eb20b9f533d418a12331dd80ec7b1013,695474,Lee2019_MI,Q15-E007,CSP4_LDA,deterministic,0.5955169895578836,0.4044830104421165,1
s18_1_offline_train_t044,18,1,offline_train,1,session1/s18/sess01_subj18_EEG_MI.mat,8ef8fd343531e428188af60cf0b23d14eb20b9f533d418a12331dd80ec7b1013,706808,Lee2019_MI,Q15-E007,CSP4_LDA,deterministic,0.5781109969719801,0.4218890030280199,1
s18_1_offline_train_t045,18,1,offline_train,2,session1/s18/sess01_subj18_EEG_MI.mat,8ef8fd343531e428188af60cf0b23d14eb20b9f533d418a12331dd80ec7b1013,717574,Lee2019_MI,Q15-E007,CSP4_LDA,deterministic,0.6431186133456768,0.35688138665432323,1
s18_1_offline_train_t046,18,1,offline_train,1,session1/s18/sess01_subj18_EEG_MI.mat,8ef8fd343531e428188af60cf0b23d14eb20b9f533d418a12331dd80ec7b1013,728624,Lee2019_MI,Q15-E007,CSP4_LDA,deterministic,0.5456916676530316,0.45430833234696844,1
s18_1_offline_train_t047,18,1,offline_train,1,session1/s18/sess01_subj18_EEG_MI.mat,8ef8fd343531e428188af60cf0b23d14eb20b9f533d418a12331dd80ec7b1013,739590,Lee2019_MI,Q15-E007,CSP4_LDA,deterministic,0.7210071590405598,0.27899284095944027,1
s18_1_offline_train_t048,18,1,offline_train,1,session1/s18/sess01_subj18_EEG_MI.mat,8ef8fd343531e428188af60cf0b23d14eb20b9f533d418a12331dd80ec7b1013,750823,Lee2019_MI,Q15-E007,CSP4_LDA,deterministic,0.5893853006179983,0.4106146993820017,1
s18_1_offline_train_t049,18,1,offline_train,2,session1/s18/sess01_subj18_EEG_MI.mat,8ef8fd343531e428188af60cf0b23d14eb20b9f533d418a12331dd80ec7b1013,762073,Lee2019_MI,Q15-E007,CSP4_LDA,deterministic,0.5808173188807065,0.41918268111929347,1
s18_1_offline_train_t050,18,1,offline_train,1,session1/s18/sess01_subj18_EEG_MI.mat,8ef8fd343531e428188af60cf0b23d14eb20b9f533d418a12331dd80ec7b1013,992769,Lee2019_MI,Q15-E007,CSP4_LDA,deterministic,0.5476611966254243,0.4523388033745757,1
s18_1_offline_train_t051,18,1,offline_train,1,session1/s18/sess01_subj18_EEG_MI.mat,8ef8fd343531e428188af60cf0b23d14eb20b9f533d418a12331dd80ec7b1013,1003635,Lee2019_MI,Q15-E007,CSP4_LDA,deterministic,0.5407196419857248,0.4592803580142752,1
s18_1_offline_train_t052,18,1,offline_train,1,session1/s18/sess01_subj18_EEG_MI.mat,8ef8fd343531e428188af60cf0b23d14eb20b9f533d418a12331dd80ec7b1013,1014885,Lee2019_MI,Q15-E007,CSP4_LDA,deterministic,0.593748064695929,0.40625193530407094,1
s18_1_offline_train_t053,18,1,offline_train,1,session1/s18/sess01_subj18_EEG_MI.mat,8ef8fd343531e428188af60cf0b23d14eb20b9f533d418a12331dd80ec7b1013,1026118,Lee2019_MI,Q15-E007,CSP4_LDA,deterministic,0.7306132293249858,0.2693867706750142,1
s18_1_offline_train_t054,18,1,offline_train,2,session1/s18/sess01_subj18_EEG_MI.mat,8ef8fd343531e428188af60cf0b23d14eb20b9f533d418a12331dd80ec7b1013,1036801,Lee2019_MI,Q15-E007,CSP4_LDA,deterministic,0.5621660818306657,0.43783391816933426,1
s18_1_offline_train_t055,18,1,offline_train,1,session1/s18/sess01_subj18_EEG_MI.mat,8ef8fd343531e428188af60cf0b23d14eb20b9f533d418a12331dd80ec7b1013,1047484,Lee2019_MI,Q15-E007,CSP4_LDA,deterministic,0.621011677382454,0.378988322617546,1
s18_1_offline_train_t056,18,1,offline_train,1,session1/s18/sess01_subj18_EEG_MI.mat,8ef8fd343531e428188af60cf0b23d14eb20b9f533d418a12331dd80ec7b1013,1058534,Lee2019_MI,Q15-E007,CSP4_LDA,deterministic,0.6726577239874781,0.32734227601252186,1
s18_1_offline_train_t057,18,1,offline_train,2,session1/s18/sess01_subj18_EEG_MI.mat,8ef8fd343531e428188af60cf0b23d14eb20b9f533d418a12331dd80ec7b1013,1070051,Lee2019_MI,Q15-E007,CSP4_LDA,deterministic,0.6098581164729531,0.3901418835270469,1
s18_1_offline_train_t058,18,1,offline_train,2,session1/s18/sess01_subj18_EEG_MI.mat,8ef8fd343531e428188af60cf0b23d14eb20b9f533d418a12331dd80ec7b1013,1080917,Lee2019_MI,Q15-E007,CSP4_LDA,deterministic,0.4759080361611958,0.5240919638388042,2
s18_1_offline_train_t059,18,1,offline_train,1,session1/s18/sess01_subj18_EEG_MI.mat,8ef8fd343531e428188af60cf0b23d14eb20b9f533d418a12331dd80ec7b1013,1092067,Lee2019_MI,Q15-E007,CSP4_LDA,deterministic,0.7546573994429533,0.24534260055704674,1
s18_1_offline_train_t060,18,1,offline_train,1,session1/s18/sess01_subj18_EEG_MI.mat,8ef8fd343531e428188af60cf0b23d14eb20b9f533d418a12331dd80ec7b1013,1102833,Lee2019_MI,Q15-E007,CSP4_LDA,deterministic,0.6308328746639462,0.3691671253360537,1
s18_1_offline_train_t061,18,1,offline_train,2,session1/s18/sess01_subj18_EEG_MI.mat,8ef8fd343531e428188af60cf0b23d14eb20b9f533d418a12331dd80ec7b1013,1114167,Lee2019_MI,Q15-E007,CSP4_LDA,deterministic,0.5822234189119744,0.4177765810880257,1
s18_1_offline_train_t062,18,1,offline_train,2,session1/s18/sess01_subj18_EEG_MI.mat,8ef8fd343531e428188af60cf0b23d14eb20b9f533d418a12331dd80ec7b1013,1124950,Lee2019_MI,Q15-E007,CSP4_LDA,deterministic,0.6905758744876345,0.30942412551236553,1
s18_1_offline_train_t063,18,1,offline_train,1,session1/s18/sess01_subj18_EEG_MI.mat,8ef8fd343531e428188af60cf0b23d14eb20b9f533d418a12331dd80ec7b1013,1135999,Lee2019_MI,Q15-E007,CSP4_LDA,deterministic,0.616448644003934,0.38355135599606605,1
s18_1_offline_train_t064,18,1,offline_train,2,session1/s18/sess01_subj18_EEG_MI.mat,8ef8fd343531e428188af60cf0b23d14eb20b9f533d418a12331dd80ec7b1013,1147233,Lee2019_MI,Q15-E007,CSP4_LDA,deterministic,0.5900000099030049,0.409999990096995,1
s18_1_offline_train_t065,18,1,offline_train,2,session1/s18/sess01_subj18_EEG_MI.mat,8ef8fd343531e428188af60cf0b23d14eb20b9f533d418a12331dd80ec7b1013,1158649,Lee2019_MI,Q15-E007,CSP4_LDA,deterministic,0.6971528394328332,0.3028471605671668,1
s18_1_offline_train_t066,18,1,offline_train,2,session1/s18/sess01_subj18_EEG_MI.mat,8ef8fd343531e428188af60cf0b23d14eb20b9f533d418a12331dd80ec7b1013,1170165,Lee2019_MI,Q15-E007,CSP4_LDA,deterministic,0.6873865189597347,0.3126134810402653,1
s18_1_offline_train_t067,18,1,offline_train,2,session1/s18/sess01_subj18_EEG_MI.mat,8ef8fd343531e428188af60cf0b23d14eb20b9f533d418a12331dd80ec7b1013,1181232,Lee2019_MI,Q15-E007,CSP4_LDA,deterministic,0.7193815454377736,0.28061845456222645,1
s18_1_offline_train_t068,18,1,offline_train,1,session1/s18/sess01_subj18_EEG_MI.mat,8ef8fd343531e428188af60cf0b23d14eb20b9f533d418a12331dd80ec7b1013,1191915,Lee2019_MI,Q15-E007,CSP4_LDA,deterministic,0.5757264920938836,0.42427350790611634,1
s18_1_offline_train_t069,18,1,offline_train,1,session1/s18/sess01_subj18_EEG_MI.mat,8ef8fd343531e428188af60cf0b23d14eb20b9f533d418a12331dd80ec7b1013,1202581,Lee2019_MI,Q15-E007,CSP4_LDA,deterministic,0.551198411705899,0.448801588294101,1
s18_1_offline_train_t070,18,1,offline_train,2,session1/s18/sess01_subj18_EEG_MI.mat,8ef8fd343531e428188af60cf0b23d14eb20b9f533d418a12331dd80ec7b1013,1213365,Lee2019_MI,Q15-E007,CSP4_LDA,deterministic,0.592744366649345,0.4072556333506549,1
s18_1_offline_train_t071,18,1,offline_train,1,session1/s18/sess01_subj18_EEG_MI.mat,8ef8fd343531e428188af60cf0b23d14eb20b9f533d418a12331dd80ec7b1013,1224781,Lee2019_MI,Q15-E007,CSP4_LDA,deterministic,0.7091205426230427,0.29087945737695736,1
s18_1_offline_train_t072,18,1,offline_train,2,session1/s18/sess01_subj18_EEG_MI.mat,8ef8fd343531e428188af60cf0b23d14eb20b9f533d418a12331dd80ec7b1013,1235564,Lee2019_MI,Q15-E007,CSP4_LDA,deterministic,0.5341476702531507,0.4658523297468493,1
s18_1_offline_train_t073,18,1,offline_train,2,session1/s18/sess01_subj18_EEG_MI.mat,8ef8fd343531e428188af60cf0b23d14eb20b9f533d418a12331dd80ec7b1013,1246898,Lee2019_MI,Q15-E007,CSP4_LDA,deterministic,0.8024571243234064,0.19754287567659362,1
s18_1_offline_train_t074,18,1,offline_train,2,session1/s18/sess01_subj18_EEG_MI.mat,8ef8fd343531e428188af60cf0b23d14eb20b9f533d418a12331dd80ec7b1013,1257664,Lee2019_MI,Q15-E007,CSP4_LDA,deterministic,0.5869420276670977,0.4130579723329023,1
s18_1_offline_train_t075,18,1,offline_train,1,session1/s18/sess01_subj18_EEG_MI.mat,8ef8fd343531e428188af60cf0b23d14eb20b9f533d418a12331dd80ec7b1013,1269180,Lee2019_MI,Q15-E007,CSP4_LDA,deterministic,0.7074476134693226,0.2925523865306774,1
s18_1_offline_train_t076,18,1,offline_train,2,session1/s18/sess01_subj18_EEG_MI.mat,8ef8fd343531e428188af60cf0b23d14eb20b9f533d418a12331dd80ec7b1013,1280047,Lee2019_MI,Q15-E007,CSP4_LDA,deterministic,0.6909133833601191,0.30908661663988085,1
s18_1_offline_train_t077,18,1,offline_train,1,session1/s18/sess01_subj18_EEG_MI.mat,8ef8fd343531e428188af60cf0b23d14eb20b9f533d418a12331dd80ec7b1013,1290830,Lee2019_MI,Q15-E007,CSP4_LDA,deterministic,0.4824849348022532,0.5175150651977468,2
s18_1_offline_train_t078,18,1,offline_train,1,session1/s18/sess01_subj18_EEG_MI.mat,8ef8fd343531e428188af60cf0b23d14eb20b9f533d418a12331dd80ec7b1013,1301596,Lee2019_MI,Q15-E007,CSP4_LDA,deterministic,0.48663625367185437,0.5133637463281456,2
s18_1_offline_train_t079,18,1,offline_train,2,session1/s18/sess01_subj18_EEG_MI.mat,8ef8fd343531e428188af60cf0b23d14eb20b9f533d418a12331dd80ec7b1013,1312746,Lee2019_MI,Q15-E007,CSP4_LDA,deterministic,0.5331490036278845,0.4668509963721154,1
s18_1_offline_train_t080,18,1,offline_train,2,session1/s18/sess01_subj18_EEG_MI.mat,8ef8fd343531e428188af60cf0b23d14eb20b9f533d418a12331dd80ec7b1013,1323796,Lee2019_MI,Q15-E007,CSP4_LDA,deterministic,0.4935667789981286,0.5064332210018714,2
s18_1_offline_train_t081,18,1,offline_train,2,session1/s18/sess01_subj18_EEG_MI.mat,8ef8fd343531e428188af60cf0b23d14eb20b9f533d418a12331dd80ec7b1013,1334662,Lee2019_MI,Q15-E007,CSP4_LDA,deterministic,0.6607483054229139,0.33925169457708615,1
s18_1_offline_train_t082,18,1,offline_train,1,session1/s18/sess01_subj18_EEG_MI.mat,8ef8fd343531e428188af60cf0b23d14eb20b9f533d418a12331dd80ec7b1013,1346079,Lee2019_MI,Q15-E007,CSP4_LDA,deterministic,0.5851277333085658,0.41487226669143423,1
s18_1_offline_train_t083,18,1,offline_train,2,session1/s18/sess01_subj18_EEG_MI.mat,8ef8fd343531e428188af60cf0b23d14eb20b9f533d418a12331dd80ec7b1013,1357229,Lee2019_MI,Q15-E007,CSP4_LDA,deterministic,0.6778807093172332,0.3221192906827668,1
s18_1_offline_train_t084,18,1,offline_train,2,session1/s18/sess01_subj18_EEG_MI.mat,8ef8fd343531e428188af60cf0b23d14eb20b9f533d418a12331dd80ec7b1013,1368378,Lee2019_MI,Q15-E007,CSP4_LDA,deterministic,0.48979338767948155,0.5102066123205184,2
s18_1_offline_train_t085,18,1,offline_train,1,session1/s18/sess01_subj18_EEG_MI.mat,8ef8fd343531e428188af60cf0b23d14eb20b9f533d418a12331dd80ec7b1013,1379894,Lee2019_MI,Q15-E007,CSP4_LDA,deterministic,0.5413220170533766,0.45867798294662343,1
s18_1_offline_train_t086,18,1,offline_train,2,session1/s18/sess01_subj18_EEG_MI.mat,8ef8fd343531e428188af60cf0b23d14eb20b9f533d418a12331dd80ec7b1013,1390761,Lee2019_MI,Q15-E007,CSP4_LDA,deterministic,0.5901828433980238,0.4098171566019761,1
s18_1_offline_train_t087,18,1,offline_train,1,session1/s18/sess01_subj18_EEG_MI.mat,8ef8fd343531e428188af60cf0b23d14eb20b9f533d418a12331dd80ec7b1013,1402094,Lee2019_MI,Q15-E007,CSP4_LDA,deterministic,0.554699135308715,0.445300864691285,1
s18_1_offline_train_t088,18,1,offline_train,2,session1/s18/sess01_subj18_EEG_MI.mat,8ef8fd343531e428188af60cf0b23d14eb20b9f533d418a12331dd80ec7b1013,1413428,Lee2019_MI,Q15-E007,CSP4_LDA,deterministic,0.6680260220990148,0.3319739779009851,1
s18_1_offline_train_t089,18,1,offline_train,2,session1/s18/sess01_subj18_EEG_MI.mat,8ef8fd343531e428188af60cf0b23d14eb20b9f533d418a12331dd80ec7b1013,1424377,Lee2019_MI,Q15-E007,CSP4_LDA,deterministic,0.3980567193983332,0.6019432806016668,2
s18_1_offline_train_t090,18,1,offline_train,2,session1/s18/sess01_subj18_EEG_MI.mat,8ef8fd343531e428188af60cf0b23d14eb20b9f533d418a12331dd80ec7b1013,1435527,Lee2019_MI,Q15-E007,CSP4_LDA,deterministic,0.5196838005403575,0.4803161994596425,1
s18_1_offline_train_t091,18,1,offline_train,2,session1/s18/sess01_subj18_EEG_MI.mat,8ef8fd343531e428188af60cf0b23d14eb20b9f533d418a12331dd80ec7b1013,1446110,Lee2019_MI,Q15-E007,CSP4_LDA,deterministic,0.45003442703243957,0.5499655729675604,2
s18_1_offline_train_t092,18,1,offline_train,2,session1/s18/sess01_subj18_EEG_MI.mat,8ef8fd343531e428188af60cf0b23d14eb20b9f533d418a12331dd80ec7b1013,1456710,Lee2019_MI,Q15-E007,CSP4_LDA,deterministic,0.5734219833267448,0.42657801667325523,1
s18_1_offline_train_t093,18,1,offline_train,1,session1/s18/sess01_subj18_EEG_MI.mat,8ef8fd343531e428188af60cf0b23d14eb20b9f533d418a12331dd80ec7b1013,1467760,Lee2019_MI,Q15-E007,CSP4_LDA,deterministic,0.4886814756528469,0.5113185243471531,2
s18_1_offline_train_t094,18,1,offline_train,2,session1/s18/sess01_subj18_EEG_MI.mat,8ef8fd343531e428188af60cf0b23d14eb20b9f533d418a12331dd80ec7b1013,1479093,Lee2019_MI,Q15-E007,CSP4_LDA,deterministic,0.4815343039386244,0.5184656960613756,2
s18_1_offline_train_t095,18,1,offline_train,1,session1/s18/sess01_subj18_EEG_MI.mat,8ef8fd343531e428188af60cf0b23d14eb20b9f533d418a12331dd80ec7b1013,1490610,Lee2019_MI,Q15-E007,CSP4_LDA,deterministic,0.687938516066543,0.31206148393345695,1
s18_1_offline_train_t096,18,1,offline_train,1,session1/s18/sess01_subj18_EEG_MI.mat,8ef8fd343531e428188af60cf0b23d14eb20b9f533d418a12331dd80ec7b1013,1501276,Lee2019_MI,Q15-E007,CSP4_LDA,deterministic,0.5745934208168615,0.42540657918313846,1
s18_1_offline_train_t097,18,1,offline_train,2,session1/s18/sess01_subj18_EEG_MI.mat,8ef8fd343531e428188af60cf0b23d14eb20b9f533d418a12331dd80ec7b1013,1512426,Lee2019_MI,Q15-E007,CSP4_LDA,deterministic,0.5608320575897202,0.4391679424102798,1
s18_1_offline_train_t098,18,1,offline_train,1,session1/s18/sess01_subj18_EEG_MI.mat,8ef8fd343531e428188af60cf0b23d14eb20b9f533d418a12331dd80ec7b1013,1523475,Lee2019_MI,Q15-E007,CSP4_LDA,deterministic,0.6381586984363325,0.3618413015636674,1
s18_1_offline_train_t099,18,1,offline_train,2,session1/s18/sess01_subj18_EEG_MI.mat,8ef8fd343531e428188af60cf0b23d14eb20b9f533d418a12331dd80ec7b1013,1534075,Lee2019_MI,Q15-E007,CSP4_LDA,deterministic,0.35067289747039887,0.6493271025296011,2
s18_1_offline_train_t100,18,1,offline_train,2,session1/s18/sess01_subj18_EEG_MI.mat,8ef8fd343531e428188af60cf0b23d14eb20b9f533d418a12331dd80ec7b1013,1544942,Lee2019_MI,Q15-E007,CSP4_LDA,deterministic,0.6867221960998435,0.31327780390015647,1
s18_2_offline_train_t001,18,2,offline_train,1,session2/s18/sess02_subj18_EEG_MI.mat,b7af668a0ed7aa4c80cd9e96b07f2dabd325720ba0782f19e2f993d2e1d4a3eb,180852,Lee2019_MI,Q15-E007,CSP4_LDA,deterministic,0.7305784632498857,0.2694215367501142,1
s18_2_offline_train_t002,18,2,offline_train,2,session2/s18/sess02_subj18_EEG_MI.mat,b7af668a0ed7aa4c80cd9e96b07f2dabd325720ba0782f19e2f993d2e1d4a3eb,192404,Lee2019_MI,Q15-E007,CSP4_LDA,deterministic,0.6889308054430542,0.3110691945569458,1
s18_2_offline_train_t003,18,2,offline_train,1,session2/s18/sess02_subj18_EEG_MI.mat,b7af668a0ed7aa4c80cd9e96b07f2dabd325720ba0782f19e2f993d2e1d4a3eb,203070,Lee2019_MI,Q15-E007,CSP4_LDA,deterministic,0.7241532116172381,0.2758467883827619,1
s18_2_offline_train_t004,18,2,offline_train,1,session2/s18/sess02_subj18_EEG_MI.mat,b7af668a0ed7aa4c80cd9e96b07f2dabd325720ba0782f19e2f993d2e1d4a3eb,214503,Lee2019_MI,Q15-E007,CSP4_LDA,deterministic,0.7124332159793554,0.28756678402064456,1
s18_2_offline_train_t005,18,2,offline_train,2,session2/s18/sess02_subj18_EEG_MI.mat,b7af668a0ed7aa4c80cd9e96b07f2dabd325720ba0782f19e2f993d2e1d4a3eb,225653,Lee2019_MI,Q15-E007,CSP4_LDA,deterministic,0.670110998449041,0.329889001550959,1
s18_2_offline_train_t006,18,2,offline_train,2,session2/s18/sess02_subj18_EEG_MI.mat,b7af668a0ed7aa4c80cd9e96b07f2dabd325720ba0782f19e2f993d2e1d4a3eb,236336,Lee2019_MI,Q15-E007,CSP4_LDA,deterministic,0.5979110406983223,0.4020889593016777,1
s18_2_offline_train_t007,18,2,offline_train,1,session2/s18/sess02_subj18_EEG_MI.mat,b7af668a0ed7aa4c80cd9e96b07f2dabd325720ba0782f19e2f993d2e1d4a3eb,247202,Lee2019_MI,Q15-E007,CSP4_LDA,deterministic,0.716599124917287,0.28340087508271306,1
s18_2_offline_train_t008,18,2,offline_train,2,session2/s18/sess02_subj18_EEG_MI.mat,b7af668a0ed7aa4c80cd9e96b07f2dabd325720ba0782f19e2f993d2e1d4a3eb,258335,Lee2019_MI,Q15-E007,CSP4_LDA,deterministic,0.7008622330796643,0.2991377669203357,1
s18_2_offline_train_t009,18,2,offline_train,1,session2/s18/sess02_subj18_EEG_MI.mat,b7af668a0ed7aa4c80cd9e96b07f2dabd325720ba0782f19e2f993d2e1d4a3eb,269852,Lee2019_MI,Q15-E007,CSP4_LDA,deterministic,0.7856447980774016,0.2143552019225984,1
s18_2_offline_train_t010,18,2,offline_train,1,session2/s18/sess02_subj18_EEG_MI.mat,b7af668a0ed7aa4c80cd9e96b07f2dabd325720ba0782f19e2f993d2e1d4a3eb,281368,Lee2019_MI,Q15-E007,CSP4_LDA,deterministic,0.7568133820973114,0.2431866179026886,1
s18_2_offline_train_t011,18,2,offline_train,2,session2/s18/sess02_subj18_EEG_MI.mat,b7af668a0ed7aa4c80cd9e96b07f2dabd325720ba0782f19e2f993d2e1d4a3eb,292052,Lee2019_MI,Q15-E007,CSP4_LDA,deterministic,0.6978168152467774,0.30218318475322253,1
s18_2_offline_train_t012,18,2,offline_train,2,session2/s18/sess02_subj18_EEG_MI.mat,b7af668a0ed7aa4c80cd9e96b07f2dabd325720ba0782f19e2f993d2e1d4a3eb,303568,Lee2019_MI,Q15-E007,CSP4_LDA,deterministic,0.5914162950625367,0.4085837049374633,1
s18_2_offline_train_t013,18,2,offline_train,1,session2/s18/sess02_subj18_EEG_MI.mat,b7af668a0ed7aa4c80cd9e96b07f2dabd325720ba0782f19e2f993d2e1d4a3eb,315084,Lee2019_MI,Q15-E007,CSP4_LDA,deterministic,0.6888184467811469,0.3111815532188531,1
s18_2_offline_train_t014,18,2,offline_train,1,session2/s18/sess02_subj18_EEG_MI.mat,b7af668a0ed7aa4c80cd9e96b07f2dabd325720ba0782f19e2f993d2e1d4a3eb,326134,Lee2019_MI,Q15-E007,CSP4_LDA,deterministic,0.6315828675535952,0.36841713244640484,1
s18_2_offline_train_t015,18,2,offline_train,2,session2/s18/sess02_subj18_EEG_MI.mat,b7af668a0ed7aa4c80cd9e96b07f2dabd325720ba0782f19e2f993d2e1d4a3eb,337467,Lee2019_MI,Q15-E007,CSP4_LDA,deterministic,0.7258920356734873,0.27410796432651274,1
s18_2_offline_train_t016,18,2,offline_train,1,session2/s18/sess02_subj18_EEG_MI.mat,b7af668a0ed7aa4c80cd9e96b07f2dabd325720ba0782f19e2f993d2e1d4a3eb,348151,Lee2019_MI,Q15-E007,CSP4_LDA,deterministic,0.5188021768797246,0.48119782312027537,1
s18_2_offline_train_t017,18,2,offline_train,1,session2/s18/sess02_subj18_EEG_MI.mat,b7af668a0ed7aa4c80cd9e96b07f2dabd325720ba0782f19e2f993d2e1d4a3eb,359117,Lee2019_MI,Q15-E007,CSP4_LDA,deterministic,0.8031493448629078,0.19685065513709218,1
s18_2_offline_train_t018,18,2,offline_train,1,session2/s18/sess02_subj18_EEG_MI.mat,b7af668a0ed7aa4c80cd9e96b07f2dabd325720ba0782f19e2f993d2e1d4a3eb,370634,Lee2019_MI,Q15-E007,CSP4_LDA,deterministic,0.7019597772116607,0.2980402227883393,1
s18_2_offline_train_t019,18,2,offline_train,1,session2/s18/sess02_subj18_EEG_MI.mat,b7af668a0ed7aa4c80cd9e96b07f2dabd325720ba0782f19e2f993d2e1d4a3eb,381967,Lee2019_MI,Q15-E007,CSP4_LDA,deterministic,0.6492520362870527,0.35074796371294725,1
s18_2_offline_train_t020,18,2,offline_train,2,session2/s18/sess02_subj18_EEG_MI.mat,b7af668a0ed7aa4c80cd9e96b07f2dabd325720ba0782f19e2f993d2e1d4a3eb,393483,Lee2019_MI,Q15-E007,CSP4_LDA,deterministic,0.6072745324224293,0.39272546757757065,1
s18_2_offline_train_t021,18,2,offline_train,2,session2/s18/sess02_subj18_EEG_MI.mat,b7af668a0ed7aa4c80cd9e96b07f2dabd325720ba0782f19e2f993d2e1d4a3eb,404716,Lee2019_MI,Q15-E007,CSP4_LDA,deterministic,0.6842108861587471,0.31578911384125286,1
s18_2_offline_train_t022,18,2,offline_train,1,session2/s18/sess02_subj18_EEG_MI.mat,b7af668a0ed7aa4c80cd9e96b07f2dabd325720ba0782f19e2f993d2e1d4a3eb,415299,Lee2019_MI,Q15-E007,CSP4_LDA,deterministic,0.5724822417697989,0.4275177582302011,1
s18_2_offline_train_t023,18,2,offline_train,2,session2/s18/sess02_subj18_EEG_MI.mat,b7af668a0ed7aa4c80cd9e96b07f2dabd325720ba0782f19e2f993d2e1d4a3eb,426731,Lee2019_MI,Q15-E007,CSP4_LDA,deterministic,0.6618668220588688,0.33813317794113124,1
s18_2_offline_train_t024,18,2,offline_train,2,session2/s18/sess02_subj18_EEG_MI.mat,b7af668a0ed7aa4c80cd9e96b07f2dabd325720ba0782f19e2f993d2e1d4a3eb,438249,Lee2019_MI,Q15-E007,CSP4_LDA,deterministic,0.7362786036538667,0.2637213963461334,1
s18_2_offline_train_t025,18,2,offline_train,2,session2/s18/sess02_subj18_EEG_MI.mat,b7af668a0ed7aa4c80cd9e96b07f2dabd325720ba0782f19e2f993d2e1d4a3eb,449482,Lee2019_MI,Q15-E007,CSP4_LDA,deterministic,0.7220574991515617,0.2779425008484383,1
s18_2_offline_train_t026,18,2,offline_train,1,session2/s18/sess02_subj18_EEG_MI.mat,b7af668a0ed7aa4c80cd9e96b07f2dabd325720ba0782f19e2f993d2e1d4a3eb,460815,Lee2019_MI,Q15-E007,CSP4_LDA,deterministic,0.7549618193640649,0.24503818063593508,1
s18_2_offline_train_t027,18,2,offline_train,2,session2/s18/sess02_subj18_EEG_MI.mat,b7af668a0ed7aa4c80cd9e96b07f2dabd325720ba0782f19e2f993d2e1d4a3eb,472148,Lee2019_MI,Q15-E007,CSP4_LDA,deterministic,0.6825713170112986,0.3174286829887014,1
s18_2_offline_train_t028,18,2,offline_train,1,session2/s18/sess02_subj18_EEG_MI.mat,b7af668a0ed7aa4c80cd9e96b07f2dabd325720ba0782f19e2f993d2e1d4a3eb,483098,Lee2019_MI,Q15-E007,CSP4_LDA,deterministic,0.6930239319639842,0.30697606803601585,1
s18_2_offline_train_t029,18,2,offline_train,1,session2/s18/sess02_subj18_EEG_MI.mat,b7af668a0ed7aa4c80cd9e96b07f2dabd325720ba0782f19e2f993d2e1d4a3eb,494348,Lee2019_MI,Q15-E007,CSP4_LDA,deterministic,0.6637656897271349,0.3362343102728651,1
s18_2_offline_train_t030,18,2,offline_train,2,session2/s18/sess02_subj18_EEG_MI.mat,b7af668a0ed7aa4c80cd9e96b07f2dabd325720ba0782f19e2f993d2e1d4a3eb,505115,Lee2019_MI,Q15-E007,CSP4_LDA,deterministic,0.6674009581865668,0.3325990418134333,1
s18_2_offline_train_t031,18,2,offline_train,1,session2/s18/sess02_subj18_EEG_MI.mat,b7af668a0ed7aa4c80cd9e96b07f2dabd325720ba0782f19e2f993d2e1d4a3eb,516348,Lee2019_MI,Q15-E007,CSP4_LDA,deterministic,0.8116567197735014,0.18834328022649854,1
s18_2_offline_train_t032,18,2,offline_train,2,session2/s18/sess02_subj18_EEG_MI.mat,b7af668a0ed7aa4c80cd9e96b07f2dabd325720ba0782f19e2f993d2e1d4a3eb,526948,Lee2019_MI,Q15-E007,CSP4_LDA,deterministic,0.6044582959138307,0.39554170408616923,1
s18_2_offline_train_t033,18,2,offline_train,1,session2/s18/sess02_subj18_EEG_MI.mat,b7af668a0ed7aa4c80cd9e96b07f2dabd325720ba0782f19e2f993d2e1d4a3eb,537813,Lee2019_MI,Q15-E007,CSP4_LDA,deterministic,0.741051625143641,0.258948374856359,1
s18_2_offline_train_t034,18,2,offline_train,2,session2/s18/sess02_subj18_EEG_MI.mat,b7af668a0ed7aa4c80cd9e96b07f2dabd325720ba0782f19e2f993d2e1d4a3eb,548397,Lee2019_MI,Q15-E007,CSP4_LDA,deterministic,0.6650734905482577,0.3349265094517423,1
s18_2_offline_train_t035,18,2,offline_train,2,session2/s18/sess02_subj18_EEG_MI.mat,b7af668a0ed7aa4c80cd9e96b07f2dabd325720ba0782f19e2f993d2e1d4a3eb,559080,Lee2019_MI,Q15-E007,CSP4_LDA,deterministic,0.5972455814394666,0.40275441856053334,1
s18_2_offline_train_t036,18,2,offline_train,1,session2/s18/sess02_subj18_EEG_MI.mat,b7af668a0ed7aa4c80cd9e96b07f2dabd325720ba0782f19e2f993d2e1d4a3eb,570413,Lee2019_MI,Q15-E007,CSP4_LDA,deterministic,0.77722294486009,0.22277705513991,1
s18_2_offline_train_t037,18,2,offline_train,1,session2/s18/sess02_subj18_EEG_MI.mat,b7af668a0ed7aa4c80cd9e96b07f2dabd325720ba0782f19e2f993d2e1d4a3eb,581646,Lee2019_MI,Q15-E007,CSP4_LDA,deterministic,0.7294646903790513,0.27053530962094874,1
s18_2_offline_train_t038,18,2,offline_train,2,session2/s18/sess02_subj18_EEG_MI.mat,b7af668a0ed7aa4c80cd9e96b07f2dabd325720ba0782f19e2f993d2e1d4a3eb,592513,Lee2019_MI,Q15-E007,CSP4_LDA,deterministic,0.7577615741777781,0.24223842582222188,1
s18_2_offline_train_t039,18,2,offline_train,1,session2/s18/sess02_subj18_EEG_MI.mat,b7af668a0ed7aa4c80cd9e96b07f2dabd325720ba0782f19e2f993d2e1d4a3eb,604029,Lee2019_MI,Q15-E007,CSP4_LDA,deterministic,0.6668960971674871,0.33310390283251284,1
s18_2_offline_train_t040,18,2,offline_train,1,session2/s18/sess02_subj18_EEG_MI.mat,b7af668a0ed7aa4c80cd9e96b07f2dabd325720ba0782f19e2f993d2e1d4a3eb,614612,Lee2019_MI,Q15-E007,CSP4_LDA,deterministic,0.7170208213188738,0.2829791786811262,1
s18_2_offline_train_t041,18,2,offline_train,1,session2/s18/sess02_subj18_EEG_MI.mat,b7af668a0ed7aa4c80cd9e96b07f2dabd325720ba0782f19e2f993d2e1d4a3eb,625579,Lee2019_MI,Q15-E007,CSP4_LDA,deterministic,0.6951953913065204,0.3048046086934796,1
s18_2_offline_train_t042,18,2,offline_train,1,session2/s18/sess02_subj18_EEG_MI.mat,b7af668a0ed7aa4c80cd9e96b07f2dabd325720ba0782f19e2f993d2e1d4a3eb,636545,Lee2019_MI,Q15-E007,CSP4_LDA,deterministic,0.7238884931157001,0.2761115068842998,1
s18_2_offline_train_t043,18,2,offline_train,2,session2/s18/sess02_subj18_EEG_MI.mat,b7af668a0ed7aa4c80cd9e96b07f2dabd325720ba0782f19e2f993d2e1d4a3eb,647879,Lee2019_MI,Q15-E007,CSP4_LDA,deterministic,0.5853876182341444,0.41461238176585563,1
s18_2_offline_train_t044,18,2,offline_train,1,session2/s18/sess02_subj18_EEG_MI.mat,b7af668a0ed7aa4c80cd9e96b07f2dabd325720ba0782f19e2f993d2e1d4a3eb,659195,Lee2019_MI,Q15-E007,CSP4_LDA,deterministic,0.7282138739152715,0.2717861260847286,1
s18_2_offline_train_t045,18,2,offline_train,2,session2/s18/sess02_subj18_EEG_MI.mat,b7af668a0ed7aa4c80cd9e96b07f2dabd325720ba0782f19e2f993d2e1d4a3eb,669978,Lee2019_MI,Q15-E007,CSP4_LDA,deterministic,0.733002488519256,0.266997511480744,1
s18_2_offline_train_t046,18,2,offline_train,1,session2/s18/sess02_subj18_EEG_MI.mat,b7af668a0ed7aa4c80cd9e96b07f2dabd325720ba0782f19e2f993d2e1d4a3eb,681028,Lee2019_MI,Q15-E007,CSP4_LDA,deterministic,0.725575414704724,0.274424585295276,1
s18_2_offline_train_t047,18,2,offline_train,1,session2/s18/sess02_subj18_EEG_MI.mat,b7af668a0ed7aa4c80cd9e96b07f2dabd325720ba0782f19e2f993d2e1d4a3eb,691994,Lee2019_MI,Q15-E007,CSP4_LDA,deterministic,0.7251011732991193,0.27489882670088067,1
s18_2_offline_train_t048,18,2,offline_train,1,session2/s18/sess02_subj18_EEG_MI.mat,b7af668a0ed7aa4c80cd9e96b07f2dabd325720ba0782f19e2f993d2e1d4a3eb,703227,Lee2019_MI,Q15-E007,CSP4_LDA,deterministic,0.6859616193924176,0.3140383806075824,1
s18_2_offline_train_t049,18,2,offline_train,2,session2/s18/sess02_subj18_EEG_MI.mat,b7af668a0ed7aa4c80cd9e96b07f2dabd325720ba0782f19e2f993d2e1d4a3eb,714461,Lee2019_MI,Q15-E007,CSP4_LDA,deterministic,0.7681550458235591,0.23184495417644094,1
s18_2_offline_train_t050,18,2,offline_train,1,session2/s18/sess02_subj18_EEG_MI.mat,b7af668a0ed7aa4c80cd9e96b07f2dabd325720ba0782f19e2f993d2e1d4a3eb,739177,Lee2019_MI,Q15-E007,CSP4_LDA,deterministic,0.752995765321627,0.24700423467837293,1
s18_2_offline_train_t051,18,2,offline_train,1,session2/s18/sess02_subj18_EEG_MI.mat,b7af668a0ed7aa4c80cd9e96b07f2dabd325720ba0782f19e2f993d2e1d4a3eb,750043,Lee2019_MI,Q15-E007,CSP4_LDA,deterministic,0.7521409603342647,0.24785903966573533,1
s18_2_offline_train_t052,18,2,offline_train,1,session2/s18/sess02_subj18_EEG_MI.mat,b7af668a0ed7aa4c80cd9e96b07f2dabd325720ba0782f19e2f993d2e1d4a3eb,761276,Lee2019_MI,Q15-E007,CSP4_LDA,deterministic,0.676259327639101,0.323740672360899,1
s18_2_offline_train_t053,18,2,offline_train,1,session2/s18/sess02_subj18_EEG_MI.mat,b7af668a0ed7aa4c80cd9e96b07f2dabd325720ba0782f19e2f993d2e1d4a3eb,772510,Lee2019_MI,Q15-E007,CSP4_LDA,deterministic,0.72380201013696,0.27619798986304,1
s18_2_offline_train_t054,18,2,offline_train,2,session2/s18/sess02_subj18_EEG_MI.mat,b7af668a0ed7aa4c80cd9e96b07f2dabd325720ba0782f19e2f993d2e1d4a3eb,783193,Lee2019_MI,Q15-E007,CSP4_LDA,deterministic,0.6390461590512057,0.36095384094879435,1
s18_2_offline_train_t055,18,2,offline_train,1,session2/s18/sess02_subj18_EEG_MI.mat,b7af668a0ed7aa4c80cd9e96b07f2dabd325720ba0782f19e2f993d2e1d4a3eb,793876,Lee2019_MI,Q15-E007,CSP4_LDA,deterministic,0.7095490431755345,0.29045095682446553,1
s18_2_offline_train_t056,18,2,offline_train,1,session2/s18/sess02_subj18_EEG_MI.mat,b7af668a0ed7aa4c80cd9e96b07f2dabd325720ba0782f19e2f993d2e1d4a3eb,804926,Lee2019_MI,Q15-E007,CSP4_LDA,deterministic,0.7400434681756992,0.2599565318243008,1
s18_2_offline_train_t057,18,2,offline_train,2,session2/s18/sess02_subj18_EEG_MI.mat,b7af668a0ed7aa4c80cd9e96b07f2dabd325720ba0782f19e2f993d2e1d4a3eb,816442,Lee2019_MI,Q15-E007,CSP4_LDA,deterministic,0.6137571478462163,0.3862428521537837,1
s18_2_offline_train_t058,18,2,offline_train,2,session2/s18/sess02_subj18_EEG_MI.mat,b7af668a0ed7aa4c80cd9e96b07f2dabd325720ba0782f19e2f993d2e1d4a3eb,827308,Lee2019_MI,Q15-E007,CSP4_LDA,deterministic,0.6044780564866543,0.39552194351334563,1
s18_2_offline_train_t059,18,2,offline_train,1,session2/s18/sess02_subj18_EEG_MI.mat,b7af668a0ed7aa4c80cd9e96b07f2dabd325720ba0782f19e2f993d2e1d4a3eb,838458,Lee2019_MI,Q15-E007,CSP4_LDA,deterministic,0.6222159002481895,0.37778409975181043,1
s18_2_offline_train_t060,18,2,offline_train,1,session2/s18/sess02_subj18_EEG_MI.mat,b7af668a0ed7aa4c80cd9e96b07f2dabd325720ba0782f19e2f993d2e1d4a3eb,849225,Lee2019_MI,Q15-E007,CSP4_LDA,deterministic,0.6715587483932706,0.32844125160672943,1
s18_2_offline_train_t061,18,2,offline_train,2,session2/s18/sess02_subj18_EEG_MI.mat,b7af668a0ed7aa4c80cd9e96b07f2dabd325720ba0782f19e2f993d2e1d4a3eb,860558,Lee2019_MI,Q15-E007,CSP4_LDA,deterministic,0.6253152546898897,0.3746847453101103,1
s18_2_offline_train_t062,18,2,offline_train,2,session2/s18/sess02_subj18_EEG_MI.mat,b7af668a0ed7aa4c80cd9e96b07f2dabd325720ba0782f19e2f993d2e1d4a3eb,871341,Lee2019_MI,Q15-E007,CSP4_LDA,deterministic,0.6972691398371522,0.30273086016284784,1
s18_2_offline_train_t063,18,2,offline_train,1,session2/s18/sess02_subj18_EEG_MI.mat,b7af668a0ed7aa4c80cd9e96b07f2dabd325720ba0782f19e2f993d2e1d4a3eb,882391,Lee2019_MI,Q15-E007,CSP4_LDA,deterministic,0.5584832683308623,0.4415167316691377,1
s18_2_offline_train_t064,18,2,offline_train,2,session2/s18/sess02_subj18_EEG_MI.mat,b7af668a0ed7aa4c80cd9e96b07f2dabd325720ba0782f19e2f993d2e1d4a3eb,893624,Lee2019_MI,Q15-E007,CSP4_LDA,deterministic,0.5417654474043474,0.4582345525956526,1
s18_2_offline_train_t065,18,2,offline_train,2,session2/s18/sess02_subj18_EEG_MI.mat,b7af668a0ed7aa4c80cd9e96b07f2dabd325720ba0782f19e2f993d2e1d4a3eb,905057,Lee2019_MI,Q15-E007,CSP4_LDA,deterministic,0.6583315852551237,0.3416684147448763,1
s18_2_offline_train_t066,18,2,offline_train,2,session2/s18/sess02_subj18_EEG_MI.mat,b7af668a0ed7aa4c80cd9e96b07f2dabd325720ba0782f19e2f993d2e1d4a3eb,916574,Lee2019_MI,Q15-E007,CSP4_LDA,deterministic,0.6466564282057287,0.35334357179427134,1
s18_2_offline_train_t067,18,2,offline_train,2,session2/s18/sess02_subj18_EEG_MI.mat,b7af668a0ed7aa4c80cd9e96b07f2dabd325720ba0782f19e2f993d2e1d4a3eb,927707,Lee2019_MI,Q15-E007,CSP4_LDA,deterministic,0.6976462910978539,0.3023537089021461,1
s18_2_offline_train_t068,18,2,offline_train,1,session2/s18/sess02_subj18_EEG_MI.mat,b7af668a0ed7aa4c80cd9e96b07f2dabd325720ba0782f19e2f993d2e1d4a3eb,938390,Lee2019_MI,Q15-E007,CSP4_LDA,deterministic,0.5978224541882616,0.40217754581173837,1
s18_2_offline_train_t069,18,2,offline_train,1,session2/s18/sess02_subj18_EEG_MI.mat,b7af668a0ed7aa4c80cd9e96b07f2dabd325720ba0782f19e2f993d2e1d4a3eb,949073,Lee2019_MI,Q15-E007,CSP4_LDA,deterministic,0.6471771657613877,0.35282283423861227,1
s18_2_offline_train_t070,18,2,offline_train,2,session2/s18/sess02_subj18_EEG_MI.mat,b7af668a0ed7aa4c80cd9e96b07f2dabd325720ba0782f19e2f993d2e1d4a3eb,959856,Lee2019_MI,Q15-E007,CSP4_LDA,deterministic,0.604327548551268,0.3956724514487319,1
s18_2_offline_train_t071,18,2,offline_train,1,session2/s18/sess02_subj18_EEG_MI.mat,b7af668a0ed7aa4c80cd9e96b07f2dabd325720ba0782f19e2f993d2e1d4a3eb,971273,Lee2019_MI,Q15-E007,CSP4_LDA,deterministic,0.7183439020697063,0.28165609793029367,1
s18_2_offline_train_t072,18,2,offline_train,2,session2/s18/sess02_subj18_EEG_MI.mat,b7af668a0ed7aa4c80cd9e96b07f2dabd325720ba0782f19e2f993d2e1d4a3eb,982039,Lee2019_MI,Q15-E007,CSP4_LDA,deterministic,0.6388238966674442,0.36117610333255584,1
s18_2_offline_train_t073,18,2,offline_train,2,session2/s18/sess02_subj18_EEG_MI.mat,b7af668a0ed7aa4c80cd9e96b07f2dabd325720ba0782f19e2f993d2e1d4a3eb,993372,Lee2019_MI,Q15-E007,CSP4_LDA,deterministic,0.5493046418473112,0.4506953581526888,1
s18_2_offline_train_t074,18,2,offline_train,2,session2/s18/sess02_subj18_EEG_MI.mat,b7af668a0ed7aa4c80cd9e96b07f2dabd325720ba0782f19e2f993d2e1d4a3eb,1004155,Lee2019_MI,Q15-E007,CSP4_LDA,deterministic,0.7103855615344683,0.28961443846553175,1
s18_2_offline_train_t075,18,2,offline_train,1,session2/s18/sess02_subj18_EEG_MI.mat,b7af668a0ed7aa4c80cd9e96b07f2dabd325720ba0782f19e2f993d2e1d4a3eb,1015672,Lee2019_MI,Q15-E007,CSP4_LDA,deterministic,0.6753424516167088,0.32465754838329125,1
s18_2_offline_train_t076,18,2,offline_train,2,session2/s18/sess02_subj18_EEG_MI.mat,b7af668a0ed7aa4c80cd9e96b07f2dabd325720ba0782f19e2f993d2e1d4a3eb,1026538,Lee2019_MI,Q15-E007,CSP4_LDA,deterministic,0.696453741996831,0.30354625800316903,1
s18_2_offline_train_t077,18,2,offline_train,1,session2/s18/sess02_subj18_EEG_MI.mat,b7af668a0ed7aa4c80cd9e96b07f2dabd325720ba0782f19e2f993d2e1d4a3eb,1037305,Lee2019_MI,Q15-E007,CSP4_LDA,deterministic,0.6171228918661205,0.3828771081338795,1
s18_2_offline_train_t078,18,2,offline_train,1,session2/s18/sess02_subj18_EEG_MI.mat,b7af668a0ed7aa4c80cd9e96b07f2dabd325720ba0782f19e2f993d2e1d4a3eb,1048088,Lee2019_MI,Q15-E007,CSP4_LDA,deterministic,0.7235309075413026,0.27646909245869744,1
s18_2_offline_train_t079,18,2,offline_train,2,session2/s18/sess02_subj18_EEG_MI.mat,b7af668a0ed7aa4c80cd9e96b07f2dabd325720ba0782f19e2f993d2e1d4a3eb,1059221,Lee2019_MI,Q15-E007,CSP4_LDA,deterministic,0.5961263404245645,0.4038736595754356,1
s18_2_offline_train_t080,18,2,offline_train,2,session2/s18/sess02_subj18_EEG_MI.mat,b7af668a0ed7aa4c80cd9e96b07f2dabd325720ba0782f19e2f993d2e1d4a3eb,1070287,Lee2019_MI,Q15-E007,CSP4_LDA,deterministic,0.6675621858624596,0.33243781413754037,1
s18_2_offline_train_t081,18,2,offline_train,2,session2/s18/sess02_subj18_EEG_MI.mat,b7af668a0ed7aa4c80cd9e96b07f2dabd325720ba0782f19e2f993d2e1d4a3eb,1081237,Lee2019_MI,Q15-E007,CSP4_LDA,deterministic,0.6523130343480577,0.34768696565194235,1
s18_2_offline_train_t082,18,2,offline_train,1,session2/s18/sess02_subj18_EEG_MI.mat,b7af668a0ed7aa4c80cd9e96b07f2dabd325720ba0782f19e2f993d2e1d4a3eb,1092670,Lee2019_MI,Q15-E007,CSP4_LDA,deterministic,0.6886951522121129,0.31130484778788714,1
s18_2_offline_train_t083,18,2,offline_train,2,session2/s18/sess02_subj18_EEG_MI.mat,b7af668a0ed7aa4c80cd9e96b07f2dabd325720ba0782f19e2f993d2e1d4a3eb,1103803,Lee2019_MI,Q15-E007,CSP4_LDA,deterministic,0.802159137876865,0.19784086212313504,1
s18_2_offline_train_t084,18,2,offline_train,2,session2/s18/sess02_subj18_EEG_MI.mat,b7af668a0ed7aa4c80cd9e96b07f2dabd325720ba0782f19e2f993d2e1d4a3eb,1114953,Lee2019_MI,Q15-E007,CSP4_LDA,deterministic,0.7085115863169549,0.29148841368304507,1
s18_2_offline_train_t085,18,2,offline_train,1,session2/s18/sess02_subj18_EEG_MI.mat,b7af668a0ed7aa4c80cd9e96b07f2dabd325720ba0782f19e2f993d2e1d4a3eb,1126386,Lee2019_MI,Q15-E007,CSP4_LDA,deterministic,0.7603023735633798,0.23969762643662013,1
s18_2_offline_train_t086,18,2,offline_train,2,session2/s18/sess02_subj18_EEG_MI.mat,b7af668a0ed7aa4c80cd9e96b07f2dabd325720ba0782f19e2f993d2e1d4a3eb,1137253,Lee2019_MI,Q15-E007,CSP4_LDA,deterministic,0.6289170299659308,0.3710829700340692,1
s18_2_offline_train_t087,18,2,offline_train,1,session2/s18/sess02_subj18_EEG_MI.mat,b7af668a0ed7aa4c80cd9e96b07f2dabd325720ba0782f19e2f993d2e1d4a3eb,1148569,Lee2019_MI,Q15-E007,CSP4_LDA,deterministic,0.5869472751040705,0.4130527248959294,1
s18_2_offline_train_t088,18,2,offline_train,2,session2/s18/sess02_subj18_EEG_MI.mat,b7af668a0ed7aa4c80cd9e96b07f2dabd325720ba0782f19e2f993d2e1d4a3eb,1159902,Lee2019_MI,Q15-E007,CSP4_LDA,deterministic,0.7032435980421594,0.29675640195784053,1
s18_2_offline_train_t089,18,2,offline_train,2,session2/s18/sess02_subj18_EEG_MI.mat,b7af668a0ed7aa4c80cd9e96b07f2dabd325720ba0782f19e2f993d2e1d4a3eb,1170869,Lee2019_MI,Q15-E007,CSP4_LDA,deterministic,0.6633272745129468,0.33667272548705324,1
s18_2_offline_train_t090,18,2,offline_train,2,session2/s18/sess02_subj18_EEG_MI.mat,b7af668a0ed7aa4c80cd9e96b07f2dabd325720ba0782f19e2f993d2e1d4a3eb,1182019,Lee2019_MI,Q15-E007,CSP4_LDA,deterministic,0.7390811274310718,0.26091887256892815,1
s18_2_offline_train_t091,18,2,offline_train,2,session2/s18/sess02_subj18_EEG_MI.mat,b7af668a0ed7aa4c80cd9e96b07f2dabd325720ba0782f19e2f993d2e1d4a3eb,1192602,Lee2019_MI,Q15-E007,CSP4_LDA,deterministic,0.6293809420759822,0.3706190579240178,1
s18_2_offline_train_t092,18,2,offline_train,2,session2/s18/sess02_subj18_EEG_MI.mat,b7af668a0ed7aa4c80cd9e96b07f2dabd325720ba0782f19e2f993d2e1d4a3eb,1203185,Lee2019_MI,Q15-E007,CSP4_LDA,deterministic,0.7617094596409681,0.23829054035903188,1
s18_2_offline_train_t093,18,2,offline_train,1,session2/s18/sess02_subj18_EEG_MI.mat,b7af668a0ed7aa4c80cd9e96b07f2dabd325720ba0782f19e2f993d2e1d4a3eb,1214235,Lee2019_MI,Q15-E007,CSP4_LDA,deterministic,0.7685655421586968,0.2314344578413033,1
s18_2_offline_train_t094,18,2,offline_train,2,session2/s18/sess02_subj18_EEG_MI.mat,b7af668a0ed7aa4c80cd9e96b07f2dabd325720ba0782f19e2f993d2e1d4a3eb,1225568,Lee2019_MI,Q15-E007,CSP4_LDA,deterministic,0.6736460768412912,0.3263539231587088,1
s18_2_offline_train_t095,18,2,offline_train,1,session2/s18/sess02_subj18_EEG_MI.mat,b7af668a0ed7aa4c80cd9e96b07f2dabd325720ba0782f19e2f993d2e1d4a3eb,1237084,Lee2019_MI,Q15-E007,CSP4_LDA,deterministic,0.6395843143228971,0.3604156856771029,1
s18_2_offline_train_t096,18,2,offline_train,1,session2/s18/sess02_subj18_EEG_MI.mat,b7af668a0ed7aa4c80cd9e96b07f2dabd325720ba0782f19e2f993d2e1d4a3eb,1247767,Lee2019_MI,Q15-E007,CSP4_LDA,deterministic,0.7362766196550171,0.2637233803449829,1
s18_2_offline_train_t097,18,2,offline_train,2,session2/s18/sess02_subj18_EEG_MI.mat,b7af668a0ed7aa4c80cd9e96b07f2dabd325720ba0782f19e2f993d2e1d4a3eb,1258917,Lee2019_MI,Q15-E007,CSP4_LDA,deterministic,0.7182053489689815,0.2817946510310186,1
s18_2_offline_train_t098,18,2,offline_train,1,session2/s18/sess02_subj18_EEG_MI.mat,b7af668a0ed7aa4c80cd9e96b07f2dabd325720ba0782f19e2f993d2e1d4a3eb,1269967,Lee2019_MI,Q15-E007,CSP4_LDA,deterministic,0.7530499603515292,0.24695003964847081,1
s18_2_offline_train_t099,18,2,offline_train,2,session2/s18/sess02_subj18_EEG_MI.mat,b7af668a0ed7aa4c80cd9e96b07f2dabd325720ba0782f19e2f993d2e1d4a3eb,1280550,Lee2019_MI,Q15-E007,CSP4_LDA,deterministic,0.7550671500511886,0.24493284994881137,1
s18_2_offline_train_t100,18,2,offline_train,2,session2/s18/sess02_subj18_EEG_MI.mat,b7af668a0ed7aa4c80cd9e96b07f2dabd325720ba0782f19e2f993d2e1d4a3eb,1291417,Lee2019_MI,Q15-E007,CSP4_LDA,deterministic,0.5964233976590516,0.40357660234094844,1
