sample_id,subject,session,run,trial,label,event_sample,artifact_flagged,fold,seed,y_true,y_pred,p_class_1,p_class_2,p_class_3,p_class_4
s07_0train_r0_t01,7,0train,0,1,1,250,False,loso_s7,20260924,1,2,0.32645816,0.3614316,0.18294148,0.12916873
s07_0train_r0_t02,7,0train,0,2,2,2253,False,loso_s7,20260924,2,2,0.29037136,0.36621895,0.20301157,0.14039813
s07_0train_r0_t03,7,0train,0,3,2,4171,False,loso_s7,20260924,2,1,0.37738836,0.25361517,0.17795093,0.19104551
s07_0train_r0_t04,7,0train,0,4,1,6123,False,loso_s7,20260924,1,1,0.41603574,0.25793117,0.18192998,0.14410304
s07_0train_r0_t05,7,0train,0,5,2,8131,False,loso_s7,20260924,2,2,0.25755852,0.38104284,0.22561735,0.13578124
s07_0train_r0_t06,7,0train,0,6,1,10242,False,loso_s7,20260924,1,2,0.33592913,0.3420387,0.16436107,0.15767111
s07_0train_r0_t07,7,0train,0,7,2,12159,False,loso_s7,20260924,2,2,0.31567833,0.34247246,0.19833137,0.14351778
s07_0train_r0_t08,7,0train,0,8,3,14209,False,loso_s7,20260924,3,1,0.36558086,0.31377497,0.20329241,0.11735174
s07_0train_r0_t09,7,0train,0,9,2,16140,False,loso_s7,20260924,2,2,0.25511563,0.36605766,0.22965719,0.14916953
s07_0train_r0_t10,7,0train,0,10,4,18138,False,loso_s7,20260924,4,1,0.33294082,0.30613592,0.2014582,0.15946509
s07_0train_r0_t11,7,0train,0,11,1,20044,False,loso_s7,20260924,1,1,0.34893486,0.23078506,0.2455691,0.17471097
s07_0train_r0_t12,7,0train,0,12,3,21939,False,loso_s7,20260924,3,1,0.45692295,0.20366219,0.21365276,0.12576208
s07_0train_r0_t13,7,0train,0,13,2,23911,False,loso_s7,20260924,2,1,0.3934301,0.29104102,0.18216124,0.1333676
s07_0train_r0_t14,7,0train,0,14,1,25855,False,loso_s7,20260924,1,1,0.38395324,0.22569068,0.21983826,0.17051783
s07_0train_r0_t15,7,0train,0,15,4,27822,False,loso_s7,20260924,4,1,0.30802643,0.20038918,0.27431098,0.21727344
s07_0train_r0_t16,7,0train,0,16,4,29942,False,loso_s7,20260924,4,2,0.30520695,0.36623526,0.17961842,0.14893942
s07_0train_r0_t17,7,0train,0,17,4,31950,False,loso_s7,20260924,4,2,0.24636039,0.3905573,0.20735133,0.15573102
s07_0train_r0_t18,7,0train,0,18,4,34016,False,loso_s7,20260924,4,2,0.25939512,0.39650273,0.18681322,0.15728892
s07_0train_r0_t19,7,0train,0,19,4,36052,False,loso_s7,20260924,4,1,0.3238827,0.25669417,0.22494547,0.19447766
s07_0train_r0_t20,7,0train,0,20,1,38118,False,loso_s7,20260924,1,2,0.24572231,0.3970885,0.21227232,0.14491685
s07_0train_r0_t21,7,0train,0,21,3,40188,False,loso_s7,20260924,3,2,0.29154173,0.308421,0.23255332,0.16748403
s07_0train_r0_t22,7,0train,0,22,2,42268,False,loso_s7,20260924,2,2,0.22398886,0.37688193,0.2494037,0.14972548
s07_0train_r0_t23,7,0train,0,23,1,44180,False,loso_s7,20260924,1,2,0.31280488,0.37003377,0.19434309,0.1228182
s07_0train_r0_t24,7,0train,0,24,1,46211,False,loso_s7,20260924,1,2,0.34434986,0.34965873,0.19836079,0.10763061
s07_0train_r0_t25,7,0train,0,25,3,48164,False,loso_s7,20260924,3,1,0.35053164,0.25153905,0.24460058,0.15332867
s07_0train_r0_t26,7,0train,0,26,4,50125,False,loso_s7,20260924,4,2,0.3593396,0.3937452,0.122765444,0.12414978
s07_0train_r0_t27,7,0train,0,27,1,52229,False,loso_s7,20260924,1,1,0.28771654,0.28334528,0.27029938,0.15863879
s07_0train_r0_t28,7,0train,0,28,3,54233,False,loso_s7,20260924,3,2,0.21911311,0.35346666,0.25534257,0.17207769
s07_0train_r0_t29,7,0train,0,29,3,56208,False,loso_s7,20260924,3,2,0.26761904,0.34107256,0.22885837,0.16245
s07_0train_r0_t30,7,0train,0,30,3,58234,True,loso_s7,20260924,3,1,0.27658558,0.27216312,0.25655085,0.19470039
s07_0train_r0_t31,7,0train,0,31,1,60305,False,loso_s7,20260924,1,1,0.3710548,0.31469244,0.17810167,0.13615113
s07_0train_r0_t32,7,0train,0,32,2,62412,False,loso_s7,20260924,2,1,0.3726361,0.1715641,0.26533294,0.1904669
s07_0train_r0_t33,7,0train,0,33,1,64504,False,loso_s7,20260924,1,1,0.446357,0.15366496,0.21274929,0.18722877
s07_0train_r0_t34,7,0train,0,34,2,66595,False,loso_s7,20260924,2,2,0.30851674,0.36079457,0.19063592,0.14005278
s07_0train_r0_t35,7,0train,0,35,2,68638,False,loso_s7,20260924,2,1,0.36154956,0.30110464,0.17478254,0.16256323
s07_0train_r0_t36,7,0train,0,36,1,70702,False,loso_s7,20260924,1,2,0.26115537,0.42208862,0.20032074,0.11643529
s07_0train_r0_t37,7,0train,0,37,2,72722,True,loso_s7,20260924,2,2,0.23149936,0.3748522,0.21968555,0.17396283
s07_0train_r0_t38,7,0train,0,38,3,74694,False,loso_s7,20260924,3,2,0.28744456,0.34132335,0.2211152,0.15011689
s07_0train_r0_t39,7,0train,0,39,2,76657,False,loso_s7,20260924,2,2,0.30398557,0.31698382,0.20939864,0.16963193
s07_0train_r0_t40,7,0train,0,40,3,78582,False,loso_s7,20260924,3,1,0.42590517,0.1900393,0.20503092,0.17902455
s07_0train_r0_t41,7,0train,0,41,3,80663,False,loso_s7,20260924,3,2,0.28693643,0.35711128,0.20152958,0.15442269
s07_0train_r0_t42,7,0train,0,42,4,82641,False,loso_s7,20260924,4,3,0.3189137,0.16049767,0.32729912,0.19328958
s07_0train_r0_t43,7,0train,0,43,3,84631,False,loso_s7,20260924,3,2,0.25578022,0.29245523,0.2446439,0.20712063
s07_0train_r0_t44,7,0train,0,44,3,86750,True,loso_s7,20260924,3,1,0.43856573,0.22174214,0.2098738,0.12981836
s07_0train_r0_t45,7,0train,0,45,4,88656,False,loso_s7,20260924,4,3,0.27385736,0.23512712,0.27663043,0.21438512
s07_0train_r0_t46,7,0train,0,46,4,90584,False,loso_s7,20260924,4,1,0.2886245,0.18235637,0.2845412,0.24447794
s07_0train_r0_t47,7,0train,0,47,4,92698,False,loso_s7,20260924,4,1,0.37823215,0.20567995,0.19168785,0.22440006
s07_0train_r0_t48,7,0train,0,48,4,94757,False,loso_s7,20260924,4,1,0.3218489,0.31378508,0.19384179,0.17052425
s07_0train_r1_t01,7,0train,1,1,4,250,False,loso_s7,20260924,4,2,0.28424174,0.38849342,0.1984809,0.12878397
s07_0train_r1_t02,7,0train,1,2,3,2253,False,loso_s7,20260924,3,2,0.31584048,0.32529193,0.19997087,0.15889668
s07_0train_r1_t03,7,0train,1,3,2,4171,False,loso_s7,20260924,2,2,0.3232218,0.33935177,0.19973104,0.13769539
s07_0train_r1_t04,7,0train,1,4,1,6123,False,loso_s7,20260924,1,2,0.33150616,0.3455797,0.17882057,0.14409357
s07_0train_r1_t05,7,0train,1,5,1,8131,False,loso_s7,20260924,1,2,0.24130367,0.27349824,0.24709602,0.23810212
s07_0train_r1_t06,7,0train,1,6,2,10242,False,loso_s7,20260924,2,1,0.3418645,0.21227132,0.22450389,0.22136025
s07_0train_r1_t07,7,0train,1,7,3,12159,True,loso_s7,20260924,3,2,0.31807694,0.318889,0.21082945,0.15220457
s07_0train_r1_t08,7,0train,1,8,4,14209,False,loso_s7,20260924,4,1,0.41553867,0.3520691,0.1244159,0.107976325
s07_0train_r1_t09,7,0train,1,9,2,16140,False,loso_s7,20260924,2,1,0.3227801,0.29053974,0.21985807,0.16682206
s07_0train_r1_t10,7,0train,1,10,3,18138,False,loso_s7,20260924,3,1,0.31235042,0.2982854,0.21236296,0.17700124
s07_0train_r1_t11,7,0train,1,11,1,20044,False,loso_s7,20260924,1,1,0.4077633,0.2018981,0.22364357,0.16669503
s07_0train_r1_t12,7,0train,1,12,1,21939,False,loso_s7,20260924,1,2,0.2378511,0.3619763,0.22854538,0.17162727
s07_0train_r1_t13,7,0train,1,13,1,23911,False,loso_s7,20260924,1,2,0.29670522,0.30525866,0.22318615,0.17485
s07_0train_r1_t14,7,0train,1,14,4,25855,False,loso_s7,20260924,4,2,0.18766922,0.3265334,0.25920463,0.22659278
s07_0train_r1_t15,7,0train,1,15,2,27822,False,loso_s7,20260924,2,2,0.21775348,0.399814,0.24314791,0.13928455
s07_0train_r1_t16,7,0train,1,16,2,29942,False,loso_s7,20260924,2,2,0.30367,0.33956227,0.2064921,0.15027562
s07_0train_r1_t17,7,0train,1,17,1,31950,False,loso_s7,20260924,1,1,0.34757057,0.2866012,0.20424879,0.16157943
s07_0train_r1_t18,7,0train,1,18,1,34016,True,loso_s7,20260924,1,3,0.27265143,0.24842234,0.27627796,0.20264822
s07_0train_r1_t19,7,0train,1,19,3,36052,False,loso_s7,20260924,3,3,0.23353955,0.25011736,0.2913232,0.22501993
s07_0train_r1_t20,7,0train,1,20,1,38118,False,loso_s7,20260924,1,1,0.37024975,0.30845532,0.18790928,0.13338558
s07_0train_r1_t21,7,0train,1,21,2,40188,False,loso_s7,20260924,2,1,0.29800138,0.2493739,0.25120592,0.20141883
s07_0train_r1_t22,7,0train,1,22,4,42268,False,loso_s7,20260924,4,4,0.27887684,0.10994177,0.28954598,0.3216354
s07_0train_r1_t23,7,0train,1,23,4,44180,False,loso_s7,20260924,4,2,0.28361195,0.36903706,0.18725921,0.16009176
s07_0train_r1_t24,7,0train,1,24,3,46211,False,loso_s7,20260924,3,1,0.38016382,0.22576427,0.2091579,0.18491402
s07_0train_r1_t25,7,0train,1,25,1,48164,False,loso_s7,20260924,1,1,0.35499844,0.2516576,0.20101601,0.19232792
s07_0train_r1_t26,7,0train,1,26,4,50125,False,loso_s7,20260924,4,3,0.18984146,0.27392775,0.31307143,0.22315937
s07_0train_r1_t27,7,0train,1,27,4,52229,False,loso_s7,20260924,4,1,0.47139326,0.18979941,0.19019395,0.14861341
s07_0train_r1_t28,7,0train,1,28,2,54233,False,loso_s7,20260924,2,1,0.29979432,0.29702026,0.24082783,0.16235758
s07_0train_r1_t29,7,0train,1,29,4,56208,False,loso_s7,20260924,4,1,0.48511273,0.062391043,0.17576213,0.27673402
s07_0train_r1_t30,7,0train,1,30,4,58234,False,loso_s7,20260924,4,1,0.31129748,0.22882707,0.21419255,0.24568291
s07_0train_r1_t31,7,0train,1,31,2,60305,False,loso_s7,20260924,2,1,0.49768743,0.18557693,0.19858411,0.11815152
s07_0train_r1_t32,7,0train,1,32,1,62412,False,loso_s7,20260924,1,1,0.36019543,0.32353476,0.1969847,0.11928509
s07_0train_r1_t33,7,0train,1,33,2,64504,True,loso_s7,20260924,2,1,0.34361532,0.28457844,0.21636283,0.15544343
s07_0train_r1_t34,7,0train,1,34,3,66595,False,loso_s7,20260924,3,2,0.32251254,0.33525023,0.19501653,0.1472207
s07_0train_r1_t35,7,0train,1,35,3,68638,False,loso_s7,20260924,3,1,0.483564,0.19292724,0.19282268,0.13068606
s07_0train_r1_t36,7,0train,1,36,3,70702,True,loso_s7,20260924,3,2,0.28902528,0.3317793,0.22890562,0.15028982
s07_0train_r1_t37,7,0train,1,37,4,72722,False,loso_s7,20260924,4,2,0.2243787,0.42400533,0.17258318,0.17903277
s07_0train_r1_t38,7,0train,1,38,3,74694,False,loso_s7,20260924,3,2,0.22929166,0.3695329,0.21068868,0.19048674
s07_0train_r1_t39,7,0train,1,39,1,76657,False,loso_s7,20260924,1,1,0.3316996,0.3257804,0.19646615,0.14605388
s07_0train_r1_t40,7,0train,1,40,4,78582,False,loso_s7,20260924,4,1,0.34428418,0.16769105,0.26184204,0.22618273
s07_0train_r1_t41,7,0train,1,41,2,80663,False,loso_s7,20260924,2,1,0.39697093,0.24392922,0.20642975,0.15267012
s07_0train_r1_t42,7,0train,1,42,3,82641,False,loso_s7,20260924,3,1,0.36485922,0.16857824,0.27877438,0.18778811
s07_0train_r1_t43,7,0train,1,43,2,84631,False,loso_s7,20260924,2,1,0.3543074,0.3304295,0.19604802,0.11921505
s07_0train_r1_t44,7,0train,1,44,3,86750,False,loso_s7,20260924,3,2,0.26681343,0.38110256,0.22611979,0.12596421
s07_0train_r1_t45,7,0train,1,45,4,88656,False,loso_s7,20260924,4,1,0.3103253,0.15314613,0.23267154,0.30385706
s07_0train_r1_t46,7,0train,1,46,2,90584,False,loso_s7,20260924,2,1,0.3650483,0.35035956,0.16034576,0.12424633
s07_0train_r1_t47,7,0train,1,47,3,92698,False,loso_s7,20260924,3,2,0.20841832,0.40736806,0.23093364,0.15327996
s07_0train_r1_t48,7,0train,1,48,1,94757,False,loso_s7,20260924,1,2,0.2700117,0.29100293,0.24262269,0.19636266
s07_0train_r2_t01,7,0train,2,1,1,250,False,loso_s7,20260924,1,2,0.29900444,0.38501033,0.18556064,0.13042453
s07_0train_r2_t02,7,0train,2,2,1,2253,False,loso_s7,20260924,1,1,0.37548372,0.26497883,0.20826966,0.15126783
s07_0train_r2_t03,7,0train,2,3,4,4171,False,loso_s7,20260924,4,1,0.32245588,0.2963634,0.20214278,0.17903791
s07_0train_r2_t04,7,0train,2,4,2,6123,False,loso_s7,20260924,2,2,0.30537656,0.3055143,0.20704482,0.18206427
s07_0train_r2_t05,7,0train,2,5,1,8131,False,loso_s7,20260924,1,2,0.2092516,0.39380145,0.23995522,0.15699176
s07_0train_r2_t06,7,0train,2,6,3,10242,False,loso_s7,20260924,3,2,0.13127172,0.41938034,0.25294876,0.1963992
s07_0train_r2_t07,7,0train,2,7,1,12159,False,loso_s7,20260924,1,2,0.26684475,0.35331815,0.21249548,0.16734162
s07_0train_r2_t08,7,0train,2,8,3,14209,False,loso_s7,20260924,3,1,0.36035702,0.30996755,0.17572208,0.15395342
s07_0train_r2_t09,7,0train,2,9,2,16140,False,loso_s7,20260924,2,1,0.39185175,0.25836638,0.20831558,0.14146629
s07_0train_r2_t10,7,0train,2,10,4,18138,False,loso_s7,20260924,4,1,0.28457847,0.21563107,0.28343356,0.2163569
s07_0train_r2_t11,7,0train,2,11,1,20044,True,loso_s7,20260924,1,1,0.30274922,0.2966968,0.22282201,0.177732
s07_0train_r2_t12,7,0train,2,12,3,21939,False,loso_s7,20260924,3,2,0.2983333,0.32963407,0.23484516,0.13718748
s07_0train_r2_t13,7,0train,2,13,3,23911,False,loso_s7,20260924,3,1,0.31883368,0.28725258,0.19955406,0.19435965
s07_0train_r2_t14,7,0train,2,14,1,25855,True,loso_s7,20260924,1,1,0.3905537,0.24921155,0.20874621,0.15148859
s07_0train_r2_t15,7,0train,2,15,3,27822,True,loso_s7,20260924,3,1,0.4551998,0.23724353,0.16392118,0.14363545
s07_0train_r2_t16,7,0train,2,16,2,29942,False,loso_s7,20260924,2,1,0.47820678,0.17901313,0.19031347,0.15246658
s07_0train_r2_t17,7,0train,2,17,4,31950,False,loso_s7,20260924,4,1,0.37680754,0.1841075,0.25069222,0.18839276
s07_0train_r2_t18,7,0train,2,18,4,34016,False,loso_s7,20260924,4,2,0.24181479,0.44017634,0.16602737,0.15198152
s07_0train_r2_t19,7,0train,2,19,4,36052,False,loso_s7,20260924,4,3,0.14135477,0.26309446,0.31946275,0.27608803
s07_0train_r2_t20,7,0train,2,20,3,38118,False,loso_s7,20260924,3,2,0.28710455,0.31653437,0.23442659,0.16193451
s07_0train_r2_t21,7,0train,2,21,1,40188,False,loso_s7,20260924,1,1,0.36139598,0.24993378,0.21948564,0.16918463
s07_0train_r2_t22,7,0train,2,22,4,42268,False,loso_s7,20260924,4,2,0.2745311,0.31492203,0.24771234,0.16283448
s07_0train_r2_t23,7,0train,2,23,2,44180,False,loso_s7,20260924,2,2,0.190714,0.41682172,0.18458897,0.20787531
s07_0train_r2_t24,7,0train,2,24,4,46211,False,loso_s7,20260924,4,1,0.36116993,0.13383208,0.21412332,0.29087463
s07_0train_r2_t25,7,0train,2,25,2,48164,False,loso_s7,20260924,2,2,0.23802248,0.36502483,0.24425693,0.15269578
s07_0train_r2_t26,7,0train,2,26,1,50125,False,loso_s7,20260924,1,2,0.30648363,0.3128643,0.25752518,0.12312688
s07_0train_r2_t27,7,0train,2,27,3,52229,False,loso_s7,20260924,3,1,0.39427987,0.24274448,0.19944756,0.16352813
s07_0train_r2_t28,7,0train,2,28,2,54233,False,loso_s7,20260924,2,1,0.37387875,0.2477248,0.19511,0.18328649
s07_0train_r2_t29,7,0train,2,29,1,56208,False,loso_s7,20260924,1,1,0.33893636,0.32708398,0.183398,0.15058167
s07_0train_r2_t30,7,0train,2,30,3,58234,False,loso_s7,20260924,3,2,0.22743258,0.3512312,0.27593336,0.14540291
s07_0train_r2_t31,7,0train,2,31,3,60305,False,loso_s7,20260924,3,2,0.2396668,0.40742445,0.20470771,0.14820102
s07_0train_r2_t32,7,0train,2,32,1,62412,False,loso_s7,20260924,1,1,0.33330455,0.29741797,0.21871008,0.1505674
s07_0train_r2_t33,7,0train,2,33,3,64504,False,loso_s7,20260924,3,2,0.21160144,0.36195055,0.26097053,0.16547744
s07_0train_r2_t34,7,0train,2,34,4,66595,False,loso_s7,20260924,4,1,0.5131451,0.113410965,0.19392046,0.17952341
s07_0train_r2_t35,7,0train,2,35,4,68638,False,loso_s7,20260924,4,1,0.34522215,0.07650028,0.26972288,0.30855462
s07_0train_r2_t36,7,0train,2,36,2,70702,False,loso_s7,20260924,2,1,0.33225352,0.2934697,0.22518772,0.14908907
s07_0train_r2_t37,7,0train,2,37,1,72722,False,loso_s7,20260924,1,1,0.3507318,0.33271664,0.18170454,0.13484704
s07_0train_r2_t38,7,0train,2,38,2,74694,True,loso_s7,20260924,2,2,0.22429678,0.45048133,0.16312121,0.16210069
s07_0train_r2_t39,7,0train,2,39,4,76657,False,loso_s7,20260924,4,4,0.15651633,0.10061494,0.20799766,0.5348711
s07_0train_r2_t40,7,0train,2,40,2,78582,False,loso_s7,20260924,2,1,0.37577206,0.26029614,0.19735508,0.16657668
s07_0train_r2_t41,7,0train,2,41,4,80663,False,loso_s7,20260924,4,1,0.32352012,0.2703458,0.17723222,0.22890186
s07_0train_r2_t42,7,0train,2,42,3,82641,False,loso_s7,20260924,3,1,0.34391415,0.28770104,0.22050989,0.1478749
s07_0train_r2_t43,7,0train,2,43,2,84631,False,loso_s7,20260924,2,2,0.28491455,0.39576367,0.16607586,0.15324597
s07_0train_r2_t44,7,0train,2,44,2,86750,False,loso_s7,20260924,2,2,0.23583528,0.31346422,0.2271662,0.22353427
s07_0train_r2_t45,7,0train,2,45,2,88656,False,loso_s7,20260924,2,1,0.3801441,0.15152566,0.21151084,0.25681943
s07_0train_r2_t46,7,0train,2,46,3,90584,False,loso_s7,20260924,3,1,0.35054836,0.26906842,0.24911663,0.13126662
s07_0train_r2_t47,7,0train,2,47,4,92698,False,loso_s7,20260924,4,1,0.38369823,0.1934734,0.2003726,0.22245575
s07_0train_r2_t48,7,0train,2,48,1,94757,False,loso_s7,20260924,1,1,0.36407152,0.2990929,0.20858459,0.128251
s07_0train_r3_t01,7,0train,3,1,2,250,False,loso_s7,20260924,2,1,0.36099845,0.3190407,0.19136374,0.12859714
s07_0train_r3_t02,7,0train,3,2,4,2253,True,loso_s7,20260924,4,2,0.26250166,0.32346755,0.21269701,0.20133378
s07_0train_r3_t03,7,0train,3,3,1,4171,False,loso_s7,20260924,1,2,0.31936246,0.35661858,0.18297799,0.14104095
s07_0train_r3_t04,7,0train,3,4,3,6123,False,loso_s7,20260924,3,1,0.37246925,0.3574739,0.132112,0.13794486
s07_0train_r3_t05,7,0train,3,5,3,8131,False,loso_s7,20260924,3,1,0.32402706,0.30662763,0.18995765,0.17938764
s07_0train_r3_t06,7,0train,3,6,4,10242,False,loso_s7,20260924,4,2,0.290497,0.370949,0.20601033,0.13254362
s07_0train_r3_t07,7,0train,3,7,1,12159,False,loso_s7,20260924,1,2,0.33344167,0.3665666,0.17875704,0.121234775
s07_0train_r3_t08,7,0train,3,8,1,14209,False,loso_s7,20260924,1,2,0.3376034,0.38415635,0.15234299,0.12589723
s07_0train_r3_t09,7,0train,3,9,3,16140,False,loso_s7,20260924,3,2,0.31400713,0.36746752,0.19030403,0.12822132
s07_0train_r3_t10,7,0train,3,10,2,18138,False,loso_s7,20260924,2,1,0.42961565,0.23976639,0.16552669,0.16509132
s07_0train_r3_t11,7,0train,3,11,4,20044,False,loso_s7,20260924,4,1,0.49892235,0.15068834,0.19425611,0.15613319
s07_0train_r3_t12,7,0train,3,12,4,21939,False,loso_s7,20260924,4,2,0.26740775,0.2929488,0.22125106,0.21839242
s07_0train_r3_t13,7,0train,3,13,4,23911,False,loso_s7,20260924,4,2,0.32468906,0.36048776,0.18541263,0.12941056
s07_0train_r3_t14,7,0train,3,14,2,25855,False,loso_s7,20260924,2,1,0.39909324,0.2985034,0.15013266,0.15227067
s07_0train_r3_t15,7,0train,3,15,1,27822,False,loso_s7,20260924,1,2,0.28122324,0.42900264,0.14941825,0.14035589
s07_0train_r3_t16,7,0train,3,16,3,29942,False,loso_s7,20260924,3,2,0.30420747,0.37251148,0.1988779,0.124403186
s07_0train_r3_t17,7,0train,3,17,2,31950,True,loso_s7,20260924,2,1,0.35118175,0.2825928,0.21234585,0.15387964
s07_0train_r3_t18,7,0train,3,18,4,34016,False,loso_s7,20260924,4,1,0.3760613,0.21380639,0.25476098,0.15537131
s07_0train_r3_t19,7,0train,3,19,1,36052,False,loso_s7,20260924,1,1,0.42163157,0.30739108,0.16797772,0.10299958
s07_0train_r3_t20,7,0train,3,20,4,38118,False,loso_s7,20260924,4,1,0.25622478,0.24781892,0.24186265,0.25409365
s07_0train_r3_t21,7,0train,3,21,3,40188,False,loso_s7,20260924,3,1,0.3412822,0.30666506,0.20174491,0.15030785
s07_0train_r3_t22,7,0train,3,22,2,42268,False,loso_s7,20260924,2,2,0.2842838,0.3715703,0.1875988,0.15654717
s07_0train_r3_t23,7,0train,3,23,4,44180,False,loso_s7,20260924,4,1,0.38100877,0.24763894,0.19598928,0.17536293
s07_0train_r3_t24,7,0train,3,24,4,46211,False,loso_s7,20260924,4,2,0.32229835,0.339643,0.19654264,0.14151601
s07_0train_r3_t25,7,0train,3,25,1,48164,False,loso_s7,20260924,1,2,0.3213924,0.34656355,0.1791067,0.15293734
s07_0train_r3_t26,7,0train,3,26,2,50125,True,loso_s7,20260924,2,2,0.3277663,0.37740138,0.16438736,0.13044491
s07_0train_r3_t27,7,0train,3,27,2,52229,False,loso_s7,20260924,2,2,0.24375273,0.4046125,0.18685628,0.16477852
s07_0train_r3_t28,7,0train,3,28,3,54233,False,loso_s7,20260924,3,2,0.26310703,0.41295412,0.20163186,0.12230702
s07_0train_r3_t29,7,0train,3,29,4,56208,False,loso_s7,20260924,4,2,0.19957343,0.33669198,0.2686558,0.19507876
s07_0train_r3_t30,7,0train,3,30,2,58234,False,loso_s7,20260924,2,1,0.34191665,0.3299992,0.18045576,0.14762843
s07_0train_r3_t31,7,0train,3,31,1,60305,False,loso_s7,20260924,1,2,0.31445155,0.38365257,0.17246963,0.12942626
s07_0train_r3_t32,7,0train,3,32,1,62412,False,loso_s7,20260924,1,1,0.3798728,0.13440749,0.24920024,0.23651953
s07_0train_r3_t33,7,0train,3,33,4,64504,False,loso_s7,20260924,4,2,0.2357308,0.29245862,0.25457668,0.21723385
s07_0train_r3_t34,7,0train,3,34,2,66595,False,loso_s7,20260924,2,2,0.19313261,0.37512618,0.25514343,0.17659782
s07_0train_r3_t35,7,0train,3,35,1,68638,False,loso_s7,20260924,1,1,0.39400902,0.28098455,0.17737012,0.14763635
s07_0train_r3_t36,7,0train,3,36,3,70702,False,loso_s7,20260924,3,2,0.25995654,0.43429,0.1694517,0.13630179
s07_0train_r3_t37,7,0train,3,37,2,72722,False,loso_s7,20260924,2,1,0.29173073,0.260425,0.21616885,0.23167542
s07_0train_r3_t38,7,0train,3,38,2,74694,False,loso_s7,20260924,2,2,0.30080464,0.35080144,0.1619216,0.18647228
s07_0train_r3_t39,7,0train,3,39,3,76657,False,loso_s7,20260924,3,1,0.3481963,0.29092428,0.22328645,0.13759297
s07_0train_r3_t40,7,0train,3,40,1,78582,False,loso_s7,20260924,1,1,0.36037058,0.27300382,0.20353168,0.16309398
s07_0train_r3_t41,7,0train,3,41,4,80663,False,loso_s7,20260924,4,2,0.2816645,0.28881446,0.23143435,0.19808671
s07_0train_r3_t42,7,0train,3,42,3,82641,False,loso_s7,20260924,3,1,0.36475867,0.28714624,0.201813,0.14628206
s07_0train_r3_t43,7,0train,3,43,3,84631,False,loso_s7,20260924,3,1,0.38591453,0.2580523,0.20887652,0.14715669
s07_0train_r3_t44,7,0train,3,44,3,86750,False,loso_s7,20260924,3,1,0.3914659,0.28268355,0.1711288,0.15472175
s07_0train_r3_t45,7,0train,3,45,3,88656,False,loso_s7,20260924,3,1,0.35911182,0.3114426,0.17377059,0.15567493
s07_0train_r3_t46,7,0train,3,46,1,90584,True,loso_s7,20260924,1,1,0.37015828,0.3114932,0.19590375,0.122444734
s07_0train_r3_t47,7,0train,3,47,2,92698,False,loso_s7,20260924,2,1,0.29661226,0.28877443,0.23452173,0.18009153
s07_0train_r3_t48,7,0train,3,48,1,94757,False,loso_s7,20260924,1,1,0.32076153,0.31437236,0.20562872,0.15923741
s07_0train_r4_t01,7,0train,4,1,2,250,False,loso_s7,20260924,2,1,0.37442884,0.2982928,0.1845574,0.14272098
s07_0train_r4_t02,7,0train,4,2,1,2253,False,loso_s7,20260924,1,1,0.40838522,0.31460834,0.16340242,0.113604054
s07_0train_r4_t03,7,0train,4,3,1,4171,True,loso_s7,20260924,1,1,0.43368784,0.25687236,0.16315815,0.14628164
s07_0train_r4_t04,7,0train,4,4,3,6123,False,loso_s7,20260924,3,2,0.21727596,0.34195542,0.27629757,0.16447106
s07_0train_r4_t05,7,0train,4,5,3,8131,False,loso_s7,20260924,3,2,0.31386435,0.34602642,0.17639849,0.16371071
s07_0train_r4_t06,7,0train,4,6,2,10242,False,loso_s7,20260924,2,1,0.36532256,0.28085116,0.19942465,0.15440162
s07_0train_r4_t07,7,0train,4,7,3,12159,False,loso_s7,20260924,3,1,0.34204644,0.30708712,0.19021983,0.16064659
s07_0train_r4_t08,7,0train,4,8,4,14209,False,loso_s7,20260924,4,1,0.30895647,0.27873263,0.2222531,0.19005777
s07_0train_r4_t09,7,0train,4,9,1,16140,False,loso_s7,20260924,1,1,0.4285446,0.22266673,0.20753029,0.14125834
s07_0train_r4_t10,7,0train,4,10,4,18138,False,loso_s7,20260924,4,1,0.33908448,0.21686137,0.24120997,0.20284416
s07_0train_r4_t11,7,0train,4,11,1,20044,False,loso_s7,20260924,1,2,0.29059175,0.37231928,0.19227956,0.14480948
s07_0train_r4_t12,7,0train,4,12,1,21939,False,loso_s7,20260924,1,2,0.3234011,0.35346788,0.15445434,0.16867666
s07_0train_r4_t13,7,0train,4,13,2,23911,False,loso_s7,20260924,2,2,0.3217866,0.3452869,0.1658422,0.16708426
s07_0train_r4_t14,7,0train,4,14,4,25855,False,loso_s7,20260924,4,1,0.36148408,0.2636173,0.21009532,0.16480328
s07_0train_r4_t15,7,0train,4,15,3,27822,False,loso_s7,20260924,3,1,0.3885205,0.27580416,0.18500407,0.15067121
s07_0train_r4_t16,7,0train,4,16,2,29942,False,loso_s7,20260924,2,1,0.37182853,0.30125624,0.18858911,0.13832608
s07_0train_r4_t17,7,0train,4,17,4,31950,False,loso_s7,20260924,4,1,0.39598337,0.26162562,0.19747974,0.14491135
s07_0train_r4_t18,7,0train,4,18,3,34016,False,loso_s7,20260924,3,1,0.34879553,0.23672652,0.19776845,0.21670952
s07_0train_r4_t19,7,0train,4,19,4,36052,False,loso_s7,20260924,4,1,0.4290045,0.23168197,0.1846064,0.15470707
s07_0train_r4_t20,7,0train,4,20,3,38118,False,loso_s7,20260924,3,1,0.4309372,0.16791798,0.2187539,0.18239094
s07_0train_r4_t21,7,0train,4,21,4,40188,False,loso_s7,20260924,4,1,0.3298045,0.26037395,0.22398208,0.18583953
s07_0train_r4_t22,7,0train,4,22,2,42268,False,loso_s7,20260924,2,1,0.38678163,0.2725527,0.22326389,0.11740183
s07_0train_r4_t23,7,0train,4,23,2,44180,False,loso_s7,20260924,2,1,0.35814652,0.2643724,0.15713847,0.22034267
s07_0train_r4_t24,7,0train,4,24,4,46211,False,loso_s7,20260924,4,2,0.31882012,0.3361775,0.21537744,0.12962495
s07_0train_r4_t25,7,0train,4,25,1,48164,False,loso_s7,20260924,1,2,0.28912783,0.39923114,0.18703341,0.12460763
s07_0train_r4_t26,7,0train,4,26,2,50125,False,loso_s7,20260924,2,2,0.33151343,0.34438917,0.18164381,0.14245366
s07_0train_r4_t27,7,0train,4,27,2,52229,True,loso_s7,20260924,2,1,0.32926098,0.24333808,0.2352409,0.19216007
s07_0train_r4_t28,7,0train,4,28,2,54233,False,loso_s7,20260924,2,2,0.2977925,0.32865235,0.22617292,0.14738218
s07_0train_r4_t29,7,0train,4,29,3,56208,False,loso_s7,20260924,3,1,0.39263204,0.22278965,0.21066295,0.17391536
s07_0train_r4_t30,7,0train,4,30,4,58234,False,loso_s7,20260924,4,1,0.33613074,0.1515651,0.2614799,0.25082418
s07_0train_r4_t31,7,0train,4,31,1,60305,False,loso_s7,20260924,1,1,0.38912722,0.26364046,0.19136846,0.1558639
s07_0train_r4_t32,7,0train,4,32,4,62412,False,loso_s7,20260924,4,1,0.31896937,0.16169444,0.23210542,0.28723076
s07_0train_r4_t33,7,0train,4,33,1,64504,False,loso_s7,20260924,1,1,0.37290624,0.2934634,0.18460763,0.14902265
s07_0train_r4_t34,7,0train,4,34,3,66595,False,loso_s7,20260924,3,2,0.2592931,0.31732875,0.25149873,0.17187943
s07_0train_r4_t35,7,0train,4,35,1,68638,False,loso_s7,20260924,1,2,0.26114056,0.40756512,0.19664738,0.13464698
s07_0train_r4_t36,7,0train,4,36,4,70702,False,loso_s7,20260924,4,1,0.31133518,0.19113491,0.25846896,0.23906094
s07_0train_r4_t37,7,0train,4,37,1,72722,False,loso_s7,20260924,1,2,0.2012332,0.3923112,0.21418388,0.1922718
s07_0train_r4_t38,7,0train,4,38,3,74694,False,loso_s7,20260924,3,1,0.40058097,0.28087458,0.14949144,0.16905296
s07_0train_r4_t39,7,0train,4,39,1,76657,False,loso_s7,20260924,1,2,0.27651083,0.45509052,0.15063314,0.1177655
s07_0train_r4_t40,7,0train,4,40,2,78582,False,loso_s7,20260924,2,1,0.39358237,0.27647153,0.1912291,0.13871701
s07_0train_r4_t41,7,0train,4,41,3,80663,False,loso_s7,20260924,3,2,0.32233888,0.3588345,0.19436675,0.12445983
s07_0train_r4_t42,7,0train,4,42,3,82641,False,loso_s7,20260924,3,2,0.26853493,0.3479833,0.22220992,0.16127189
s07_0train_r4_t43,7,0train,4,43,4,84631,False,loso_s7,20260924,4,2,0.30765793,0.4153291,0.14668195,0.13033102
s07_0train_r4_t44,7,0train,4,44,1,86750,False,loso_s7,20260924,1,2,0.28233474,0.33117896,0.22725199,0.15923427
s07_0train_r4_t45,7,0train,4,45,2,88656,False,loso_s7,20260924,2,2,0.29294214,0.38918763,0.16736378,0.1505065
s07_0train_r4_t46,7,0train,4,46,4,90584,False,loso_s7,20260924,4,1,0.37486282,0.21737082,0.23930259,0.16846381
s07_0train_r4_t47,7,0train,4,47,2,92698,False,loso_s7,20260924,2,2,0.28232408,0.33648136,0.2222104,0.15898415
s07_0train_r4_t48,7,0train,4,48,3,94757,False,loso_s7,20260924,3,2,0.27999175,0.32762086,0.22543584,0.1669515
s07_0train_r5_t01,7,0train,5,1,3,250,False,loso_s7,20260924,3,2,0.32030392,0.3290279,0.21323341,0.13743478
s07_0train_r5_t02,7,0train,5,2,1,2253,False,loso_s7,20260924,1,2,0.31110254,0.37096044,0.1954217,0.122515306
s07_0train_r5_t03,7,0train,5,3,4,4171,False,loso_s7,20260924,4,1,0.29485548,0.2673495,0.26143953,0.17635551
s07_0train_r5_t04,7,0train,5,4,2,6123,False,loso_s7,20260924,2,2,0.31169045,0.38195178,0.17733543,0.12902233
s07_0train_r5_t05,7,0train,5,5,4,8131,False,loso_s7,20260924,4,1,0.2814137,0.27554905,0.23416322,0.208874
s07_0train_r5_t06,7,0train,5,6,1,10242,False,loso_s7,20260924,1,1,0.36619744,0.28466752,0.1941437,0.15499137
s07_0train_r5_t07,7,0train,5,7,1,12159,False,loso_s7,20260924,1,1,0.38629287,0.3317777,0.15381041,0.12811896
s07_0train_r5_t08,7,0train,5,8,3,14209,False,loso_s7,20260924,3,2,0.31224546,0.33520514,0.22182386,0.13072559
s07_0train_r5_t09,7,0train,5,9,3,16140,False,loso_s7,20260924,3,2,0.25381488,0.4032841,0.21896091,0.123940125
s07_0train_r5_t10,7,0train,5,10,2,18138,False,loso_s7,20260924,2,1,0.3882603,0.31321245,0.1640957,0.13443156
s07_0train_r5_t11,7,0train,5,11,4,20044,False,loso_s7,20260924,4,1,0.31277645,0.20085387,0.2884781,0.19789158
s07_0train_r5_t12,7,0train,5,12,2,21939,False,loso_s7,20260924,2,2,0.3050296,0.37792036,0.18300243,0.13404763
s07_0train_r5_t13,7,0train,5,13,2,23911,False,loso_s7,20260924,2,1,0.33038023,0.28293917,0.20499808,0.18168253
s07_0train_r5_t14,7,0train,5,14,1,25855,False,loso_s7,20260924,1,1,0.30050114,0.26079118,0.24487354,0.19383413
s07_0train_r5_t15,7,0train,5,15,2,27822,False,loso_s7,20260924,2,1,0.35616586,0.30004808,0.19386825,0.14991784
s07_0train_r5_t16,7,0train,5,16,4,29942,False,loso_s7,20260924,4,1,0.37725204,0.30708277,0.16639364,0.14927153
s07_0train_r5_t17,7,0train,5,17,4,31950,False,loso_s7,20260924,4,1,0.39709267,0.25821555,0.17461158,0.17008016
s07_0train_r5_t18,7,0train,5,18,2,34016,False,loso_s7,20260924,2,2,0.20817323,0.39736277,0.2367381,0.15772581
s07_0train_r5_t19,7,0train,5,19,2,36052,False,loso_s7,20260924,2,2,0.20383705,0.43651852,0.23520745,0.12443696
s07_0train_r5_t20,7,0train,5,20,2,38118,False,loso_s7,20260924,2,1,0.32983437,0.2823337,0.19440688,0.19342501
s07_0train_r5_t21,7,0train,5,21,2,40188,False,loso_s7,20260924,2,2,0.24663559,0.41499683,0.18103267,0.15733492
s07_0train_r5_t22,7,0train,5,22,4,42268,False,loso_s7,20260924,4,1,0.40671036,0.12387678,0.23881838,0.23059447
s07_0train_r5_t23,7,0train,5,23,4,44180,False,loso_s7,20260924,4,1,0.44763073,0.2666717,0.17315552,0.112541996
s07_0train_r5_t24,7,0train,5,24,3,46211,False,loso_s7,20260924,3,2,0.25350046,0.33962652,0.22264297,0.18423004
s07_0train_r5_t25,7,0train,5,25,4,48164,False,loso_s7,20260924,4,1,0.4324122,0.30797496,0.14302275,0.116590045
s07_0train_r5_t26,7,0train,5,26,1,50125,False,loso_s7,20260924,1,2,0.28823304,0.39552003,0.1946181,0.121628776
s07_0train_r5_t27,7,0train,5,27,2,52229,False,loso_s7,20260924,2,1,0.34579822,0.2537337,0.20019254,0.20027557
s07_0train_r5_t28,7,0train,5,28,3,54233,False,loso_s7,20260924,3,2,0.28591022,0.32816362,0.23038998,0.15553616
s07_0train_r5_t29,7,0train,5,29,2,56208,False,loso_s7,20260924,2,1,0.32539487,0.25657088,0.22893038,0.18910386
s07_0train_r5_t30,7,0train,5,30,1,58234,False,loso_s7,20260924,1,2,0.27173376,0.46344605,0.13792482,0.12689532
s07_0train_r5_t31,7,0train,5,31,4,60305,False,loso_s7,20260924,4,1,0.28655386,0.24148226,0.2663895,0.2055744
s07_0train_r5_t32,7,0train,5,32,1,62412,False,loso_s7,20260924,1,1,0.36504835,0.32693574,0.16495016,0.14306581
s07_0train_r5_t33,7,0train,5,33,4,64504,False,loso_s7,20260924,4,2,0.28322804,0.35999617,0.2118265,0.14494927
s07_0train_r5_t34,7,0train,5,34,1,66595,False,loso_s7,20260924,1,1,0.38677683,0.29869297,0.17577085,0.13875933
s07_0train_r5_t35,7,0train,5,35,1,68638,False,loso_s7,20260924,1,1,0.36682147,0.36624387,0.1448069,0.12212775
s07_0train_r5_t36,7,0train,5,36,1,70702,False,loso_s7,20260924,1,1,0.3416172,0.3125227,0.2052177,0.14064234
s07_0train_r5_t37,7,0train,5,37,1,72722,False,loso_s7,20260924,1,2,0.28832507,0.43956485,0.15213037,0.11997977
s07_0train_r5_t38,7,0train,5,38,3,74694,False,loso_s7,20260924,3,3,0.23504478,0.23554085,0.26943398,0.25998044
s07_0train_r5_t39,7,0train,5,39,3,76657,False,loso_s7,20260924,3,1,0.37245584,0.2548562,0.22933401,0.14335394
s07_0train_r5_t40,7,0train,5,40,4,78582,False,loso_s7,20260924,4,1,0.3785643,0.23888397,0.21678361,0.16576809
s07_0train_r5_t41,7,0train,5,41,2,80663,False,loso_s7,20260924,2,3,0.23088416,0.16089286,0.36588475,0.24233823
s07_0train_r5_t42,7,0train,5,42,3,82641,False,loso_s7,20260924,3,1,0.38743043,0.26099467,0.20591243,0.14566241
s07_0train_r5_t43,7,0train,5,43,3,84631,False,loso_s7,20260924,3,2,0.14888981,0.5233768,0.20424435,0.123489045
s07_0train_r5_t44,7,0train,5,44,3,86750,False,loso_s7,20260924,3,1,0.45700443,0.22645241,0.17220391,0.14433922
s07_0train_r5_t45,7,0train,5,45,4,88656,False,loso_s7,20260924,4,1,0.46903875,0.19497529,0.16037728,0.17560874
s07_0train_r5_t46,7,0train,5,46,3,90584,False,loso_s7,20260924,3,1,0.42980254,0.2175453,0.18365633,0.16899586
s07_0train_r5_t47,7,0train,5,47,1,92698,False,loso_s7,20260924,1,1,0.4245234,0.2618499,0.15866512,0.15496153
s07_0train_r5_t48,7,0train,5,48,3,94757,False,loso_s7,20260924,3,2,0.19535421,0.38931358,0.22968462,0.18564765
s07_1test_r0_t01,7,1test,0,1,1,250,False,loso_s7,20260924,1,2,0.25114822,0.46755165,0.15858606,0.122714
s07_1test_r0_t02,7,1test,0,2,2,2253,False,loso_s7,20260924,2,2,0.26657563,0.37528214,0.20585321,0.15228902
s07_1test_r0_t03,7,1test,0,3,2,4171,False,loso_s7,20260924,2,2,0.2535535,0.3602441,0.20455368,0.18164872
s07_1test_r0_t04,7,1test,0,4,1,6123,False,loso_s7,20260924,1,1,0.41210875,0.2226944,0.20467676,0.16052012
s07_1test_r0_t05,7,1test,0,5,2,8131,False,loso_s7,20260924,2,1,0.32366735,0.20101495,0.23329271,0.24202506
s07_1test_r0_t06,7,1test,0,6,1,10242,False,loso_s7,20260924,1,1,0.4645652,0.16623329,0.22076774,0.14843377
s07_1test_r0_t07,7,1test,0,7,2,12159,False,loso_s7,20260924,2,1,0.3320746,0.3272412,0.19572675,0.14495738
s07_1test_r0_t08,7,1test,0,8,3,14209,False,loso_s7,20260924,3,2,0.25452808,0.40362734,0.20789331,0.1339512
s07_1test_r0_t09,7,1test,0,9,2,16140,False,loso_s7,20260924,2,2,0.23669924,0.36306602,0.23962183,0.16061285
s07_1test_r0_t10,7,1test,0,10,4,18138,True,loso_s7,20260924,4,2,0.22880837,0.30917418,0.24554028,0.21647713
s07_1test_r0_t11,7,1test,0,11,1,20044,False,loso_s7,20260924,1,1,0.39146808,0.28193435,0.1757476,0.15085003
s07_1test_r0_t12,7,1test,0,12,3,21939,False,loso_s7,20260924,3,2,0.2659656,0.31200308,0.2540251,0.16800621
s07_1test_r0_t13,7,1test,0,13,2,23911,False,loso_s7,20260924,2,1,0.38044912,0.15245493,0.24043073,0.22666523
s07_1test_r0_t14,7,1test,0,14,1,25855,False,loso_s7,20260924,1,1,0.35532826,0.31846166,0.14676838,0.17944166
s07_1test_r0_t15,7,1test,0,15,4,27822,False,loso_s7,20260924,4,1,0.30621842,0.16140826,0.2914057,0.24096762
s07_1test_r0_t16,7,1test,0,16,4,29942,False,loso_s7,20260924,4,1,0.34886396,0.08108452,0.26396295,0.3060885
s07_1test_r0_t17,7,1test,0,17,4,31950,False,loso_s7,20260924,4,2,0.16258328,0.34345958,0.26200822,0.23194893
s07_1test_r0_t18,7,1test,0,18,4,34016,False,loso_s7,20260924,4,2,0.2911908,0.30139598,0.23572059,0.17169267
s07_1test_r0_t19,7,1test,0,19,4,36052,False,loso_s7,20260924,4,2,0.28179473,0.36218977,0.16929491,0.1867206
s07_1test_r0_t20,7,1test,0,20,1,38118,False,loso_s7,20260924,1,2,0.20205954,0.4086025,0.1986172,0.19072069
s07_1test_r0_t21,7,1test,0,21,3,40188,False,loso_s7,20260924,3,2,0.28830653,0.33857673,0.20765314,0.16546367
s07_1test_r0_t22,7,1test,0,22,2,42268,False,loso_s7,20260924,2,1,0.43719918,0.21535379,0.21832998,0.12911704
s07_1test_r0_t23,7,1test,0,23,1,44180,False,loso_s7,20260924,1,1,0.35333994,0.25344074,0.21152288,0.18169644
s07_1test_r0_t24,7,1test,0,24,1,46211,False,loso_s7,20260924,1,2,0.23276058,0.409849,0.23092952,0.12646094
s07_1test_r0_t25,7,1test,0,25,3,48164,False,loso_s7,20260924,3,1,0.513387,0.16149089,0.19115327,0.13396886
s07_1test_r0_t26,7,1test,0,26,4,50125,False,loso_s7,20260924,4,2,0.31255114,0.3889097,0.17974462,0.118794575
s07_1test_r0_t27,7,1test,0,27,1,52229,False,loso_s7,20260924,1,1,0.30402973,0.27874908,0.2121829,0.20503832
s07_1test_r0_t28,7,1test,0,28,3,54233,False,loso_s7,20260924,3,1,0.36543405,0.24151629,0.19382098,0.19922863
s07_1test_r0_t29,7,1test,0,29,3,56208,False,loso_s7,20260924,3,1,0.43167236,0.2700003,0.17304887,0.12527843
s07_1test_r0_t30,7,1test,0,30,3,58234,False,loso_s7,20260924,3,2,0.21613154,0.38091293,0.17321824,0.22973731
s07_1test_r0_t31,7,1test,0,31,1,60305,False,loso_s7,20260924,1,1,0.4419738,0.20347051,0.19229983,0.16225587
s07_1test_r0_t32,7,1test,0,32,2,62412,False,loso_s7,20260924,2,1,0.6236337,0.06798454,0.17153081,0.13685094
s07_1test_r0_t33,7,1test,0,33,1,64504,False,loso_s7,20260924,1,1,0.35755798,0.25580683,0.21380928,0.1728259
s07_1test_r0_t34,7,1test,0,34,2,66595,False,loso_s7,20260924,2,2,0.15343682,0.38372794,0.29218295,0.17065227
s07_1test_r0_t35,7,1test,0,35,2,68638,False,loso_s7,20260924,2,2,0.18183875,0.3796039,0.2564771,0.18208027
s07_1test_r0_t36,7,1test,0,36,1,70702,False,loso_s7,20260924,1,1,0.33223325,0.2617761,0.20383215,0.20215845
s07_1test_r0_t37,7,1test,0,37,2,72722,False,loso_s7,20260924,2,2,0.23879872,0.35986805,0.22911076,0.17222254
s07_1test_r0_t38,7,1test,0,38,3,74694,False,loso_s7,20260924,3,2,0.3027856,0.32127148,0.22489555,0.15104736
s07_1test_r0_t39,7,1test,0,39,2,76657,False,loso_s7,20260924,2,1,0.3355922,0.33318874,0.18760161,0.14361736
s07_1test_r0_t40,7,1test,0,40,3,78582,False,loso_s7,20260924,3,1,0.35161114,0.2866062,0.19555753,0.16622517
s07_1test_r0_t41,7,1test,0,41,3,80663,False,loso_s7,20260924,3,2,0.16339336,0.45235974,0.25476688,0.12948003
s07_1test_r0_t42,7,1test,0,42,4,82641,False,loso_s7,20260924,4,1,0.47469962,0.1654091,0.20152104,0.15837024
s07_1test_r0_t43,7,1test,0,43,3,84631,False,loso_s7,20260924,3,1,0.2967498,0.25787425,0.29420948,0.15116645
s07_1test_r0_t44,7,1test,0,44,3,86750,False,loso_s7,20260924,3,2,0.27489302,0.36118934,0.1997527,0.16416498
s07_1test_r0_t45,7,1test,0,45,4,88656,False,loso_s7,20260924,4,1,0.5278764,0.17570539,0.1254554,0.17096284
s07_1test_r0_t46,7,1test,0,46,4,90584,False,loso_s7,20260924,4,2,0.08110512,0.3295567,0.28661224,0.30272597
s07_1test_r0_t47,7,1test,0,47,4,92698,False,loso_s7,20260924,4,4,0.23524694,0.19627985,0.22573043,0.3427428
s07_1test_r0_t48,7,1test,0,48,4,94757,False,loso_s7,20260924,4,4,0.16154778,0.2918589,0.19805485,0.34853852
s07_1test_r1_t01,7,1test,1,1,4,250,True,loso_s7,20260924,4,1,0.403494,0.22377491,0.22610202,0.14662908
s07_1test_r1_t02,7,1test,1,2,3,2253,False,loso_s7,20260924,3,2,0.17786205,0.40567926,0.21688837,0.19957039
s07_1test_r1_t03,7,1test,1,3,2,4171,False,loso_s7,20260924,2,1,0.35350642,0.33226082,0.17495675,0.13927604
s07_1test_r1_t04,7,1test,1,4,1,6123,False,loso_s7,20260924,1,1,0.3591895,0.18872814,0.2525965,0.19948582
s07_1test_r1_t05,7,1test,1,5,1,8131,False,loso_s7,20260924,1,2,0.17922676,0.4233384,0.19995108,0.19748373
s07_1test_r1_t06,7,1test,1,6,2,10242,False,loso_s7,20260924,2,1,0.30226204,0.20178315,0.26848936,0.22746544
s07_1test_r1_t07,7,1test,1,7,3,12159,False,loso_s7,20260924,3,2,0.2530674,0.38390598,0.20968813,0.15333852
s07_1test_r1_t08,7,1test,1,8,4,14209,False,loso_s7,20260924,4,4,0.23610578,0.24107355,0.18482688,0.33799383
s07_1test_r1_t09,7,1test,1,9,2,16140,False,loso_s7,20260924,2,2,0.24655536,0.29527476,0.2900344,0.16813546
s07_1test_r1_t10,7,1test,1,10,3,18138,False,loso_s7,20260924,3,2,0.22763854,0.3611129,0.25673416,0.1545144
s07_1test_r1_t11,7,1test,1,11,1,20044,False,loso_s7,20260924,1,1,0.45643646,0.21857876,0.1772209,0.14776397
s07_1test_r1_t12,7,1test,1,12,1,21939,False,loso_s7,20260924,1,1,0.46990022,0.17237523,0.20245513,0.15526938
s07_1test_r1_t13,7,1test,1,13,1,23911,False,loso_s7,20260924,1,1,0.35429,0.25613195,0.2175461,0.17203198
s07_1test_r1_t14,7,1test,1,14,4,25855,False,loso_s7,20260924,4,2,0.19803117,0.40701333,0.1749637,0.21999188
s07_1test_r1_t15,7,1test,1,15,2,27822,False,loso_s7,20260924,2,2,0.26567686,0.31441513,0.24158354,0.17832443
s07_1test_r1_t16,7,1test,1,16,2,29942,False,loso_s7,20260924,2,1,0.2961828,0.2658372,0.21437177,0.22360817
s07_1test_r1_t17,7,1test,1,17,1,31950,False,loso_s7,20260924,1,2,0.17618565,0.35025498,0.20537178,0.2681876
s07_1test_r1_t18,7,1test,1,18,1,34016,False,loso_s7,20260924,1,1,0.3799624,0.1811157,0.24756068,0.19136116
s07_1test_r1_t19,7,1test,1,19,3,36052,False,loso_s7,20260924,3,3,0.24925005,0.06487219,0.36901748,0.31686023
s07_1test_r1_t20,7,1test,1,20,1,38118,False,loso_s7,20260924,1,2,0.29862353,0.31627604,0.23501334,0.15008709
s07_1test_r1_t21,7,1test,1,21,2,40188,False,loso_s7,20260924,2,2,0.2614661,0.35597947,0.21329512,0.16925925
s07_1test_r1_t22,7,1test,1,22,4,42268,False,loso_s7,20260924,4,1,0.40761325,0.051142722,0.31944117,0.22180286
s07_1test_r1_t23,7,1test,1,23,4,44180,False,loso_s7,20260924,4,1,0.45503962,0.12879544,0.19740243,0.21876247
s07_1test_r1_t24,7,1test,1,24,3,46211,False,loso_s7,20260924,3,3,0.15845081,0.3105742,0.31380054,0.21717438
s07_1test_r1_t25,7,1test,1,25,1,48164,False,loso_s7,20260924,1,2,0.28743622,0.35349223,0.19098675,0.16808479
s07_1test_r1_t26,7,1test,1,26,4,50125,False,loso_s7,20260924,4,2,0.2517252,0.28766802,0.21784063,0.2427662
s07_1test_r1_t27,7,1test,1,27,4,52229,False,loso_s7,20260924,4,2,0.27620783,0.29648623,0.22466595,0.20263997
s07_1test_r1_t28,7,1test,1,28,2,54233,False,loso_s7,20260924,2,1,0.4601714,0.21843989,0.17730384,0.1440848
s07_1test_r1_t29,7,1test,1,29,4,56208,False,loso_s7,20260924,4,1,0.3437852,0.06863333,0.31317127,0.27441013
s07_1test_r1_t30,7,1test,1,30,4,58234,False,loso_s7,20260924,4,1,0.4092802,0.2250352,0.1983566,0.16732797
s07_1test_r1_t31,7,1test,1,31,2,60305,False,loso_s7,20260924,2,1,0.32069853,0.26226905,0.21899718,0.19803521
s07_1test_r1_t32,7,1test,1,32,1,62412,False,loso_s7,20260924,1,1,0.2647108,0.25026524,0.25722963,0.2277943
s07_1test_r1_t33,7,1test,1,33,2,64504,False,loso_s7,20260924,2,1,0.34421775,0.15596984,0.25152007,0.24829233
s07_1test_r1_t34,7,1test,1,34,3,66595,False,loso_s7,20260924,3,1,0.34289873,0.32228494,0.18880333,0.146013
s07_1test_r1_t35,7,1test,1,35,3,68638,False,loso_s7,20260924,3,2,0.2297734,0.33719707,0.25692514,0.17610435
s07_1test_r1_t36,7,1test,1,36,3,70702,False,loso_s7,20260924,3,1,0.376516,0.13210592,0.25593644,0.23544163
s07_1test_r1_t37,7,1test,1,37,4,72722,True,loso_s7,20260924,4,4,0.18710285,0.14520867,0.30153543,0.366153
s07_1test_r1_t38,7,1test,1,38,3,74694,False,loso_s7,20260924,3,1,0.35952333,0.267651,0.19987316,0.17295252
s07_1test_r1_t39,7,1test,1,39,1,76657,False,loso_s7,20260924,1,1,0.4828481,0.24180809,0.14361246,0.1317313
s07_1test_r1_t40,7,1test,1,40,4,78582,False,loso_s7,20260924,4,3,0.18610188,0.057733197,0.38165078,0.37451416
s07_1test_r1_t41,7,1test,1,41,2,80663,False,loso_s7,20260924,2,2,0.27228704,0.39651486,0.1693155,0.16188261
s07_1test_r1_t42,7,1test,1,42,3,82641,False,loso_s7,20260924,3,2,0.20932117,0.43367216,0.20881438,0.14819229
s07_1test_r1_t43,7,1test,1,43,2,84631,False,loso_s7,20260924,2,1,0.27302536,0.23330133,0.26183346,0.23183993
s07_1test_r1_t44,7,1test,1,44,3,86750,False,loso_s7,20260924,3,1,0.34350643,0.3026254,0.1972003,0.15666783
s07_1test_r1_t45,7,1test,1,45,4,88656,True,loso_s7,20260924,4,1,0.3694556,0.2910975,0.18627168,0.15317518
s07_1test_r1_t46,7,1test,1,46,2,90584,False,loso_s7,20260924,2,1,0.34939453,0.25349864,0.23298515,0.1641217
s07_1test_r1_t47,7,1test,1,47,3,92698,False,loso_s7,20260924,3,3,0.17096491,0.1926908,0.38139108,0.2549532
s07_1test_r1_t48,7,1test,1,48,1,94757,False,loso_s7,20260924,1,3,0.3051204,0.15655458,0.31311476,0.22521028
s07_1test_r2_t01,7,1test,2,1,1,250,False,loso_s7,20260924,1,2,0.32880726,0.333092,0.1904244,0.14767636
s07_1test_r2_t02,7,1test,2,2,1,2253,False,loso_s7,20260924,1,2,0.26503742,0.40616223,0.19116586,0.1376345
s07_1test_r2_t03,7,1test,2,3,4,4171,False,loso_s7,20260924,4,1,0.31816193,0.26253638,0.2160585,0.20324323
s07_1test_r2_t04,7,1test,2,4,2,6123,False,loso_s7,20260924,2,2,0.23412462,0.31210577,0.23777723,0.21599236
s07_1test_r2_t05,7,1test,2,5,1,8131,False,loso_s7,20260924,1,4,0.086760834,0.17060485,0.21745999,0.5251743
s07_1test_r2_t06,7,1test,2,6,3,10242,False,loso_s7,20260924,3,2,0.23686153,0.38081545,0.19981498,0.18250804
s07_1test_r2_t07,7,1test,2,7,1,12159,False,loso_s7,20260924,1,1,0.3062444,0.2518561,0.20402318,0.2378763
s07_1test_r2_t08,7,1test,2,8,3,14209,False,loso_s7,20260924,3,2,0.19535175,0.38105792,0.27676904,0.14682129
s07_1test_r2_t09,7,1test,2,9,2,16140,False,loso_s7,20260924,2,1,0.3756299,0.29544356,0.15170898,0.17721756
s07_1test_r2_t10,7,1test,2,10,4,18138,False,loso_s7,20260924,4,1,0.39578643,0.09568977,0.25306648,0.25545725
s07_1test_r2_t11,7,1test,2,11,1,20044,False,loso_s7,20260924,1,4,0.22579019,0.1356226,0.24573666,0.39285052
s07_1test_r2_t12,7,1test,2,12,3,21939,False,loso_s7,20260924,3,2,0.17724338,0.33338174,0.32378018,0.16559473
s07_1test_r2_t13,7,1test,2,13,3,23911,False,loso_s7,20260924,3,2,0.19374216,0.39039603,0.23508681,0.18077497
s07_1test_r2_t14,7,1test,2,14,1,25855,False,loso_s7,20260924,1,1,0.35430518,0.31922632,0.18001805,0.14645043
s07_1test_r2_t15,7,1test,2,15,3,27822,False,loso_s7,20260924,3,1,0.4393611,0.20109807,0.18295085,0.17658995
s07_1test_r2_t16,7,1test,2,16,2,29942,False,loso_s7,20260924,2,2,0.27152437,0.40107957,0.18960464,0.13779138
s07_1test_r2_t17,7,1test,2,17,4,31950,False,loso_s7,20260924,4,1,0.35393837,0.18681459,0.26101968,0.19822733
s07_1test_r2_t18,7,1test,2,18,4,34016,False,loso_s7,20260924,4,2,0.21082908,0.27436247,0.26986364,0.24494483
s07_1test_r2_t19,7,1test,2,19,4,36052,False,loso_s7,20260924,4,3,0.17149842,0.18666954,0.32191125,0.31992084
s07_1test_r2_t20,7,1test,2,20,3,38118,False,loso_s7,20260924,3,1,0.33644256,0.3302461,0.18355311,0.14975825
s07_1test_r2_t21,7,1test,2,21,1,40188,False,loso_s7,20260924,1,1,0.40055573,0.30695426,0.15507479,0.13741523
s07_1test_r2_t22,7,1test,2,22,4,42268,False,loso_s7,20260924,4,1,0.33630744,0.17700711,0.32127783,0.16540767
s07_1test_r2_t23,7,1test,2,23,2,44180,False,loso_s7,20260924,2,1,0.35533893,0.21452425,0.20028014,0.22985667
s07_1test_r2_t24,7,1test,2,24,4,46211,False,loso_s7,20260924,4,2,0.053338103,0.49611792,0.20765364,0.24289036
s07_1test_r2_t25,7,1test,2,25,2,48164,False,loso_s7,20260924,2,2,0.2668706,0.28068915,0.26820937,0.18423088
s07_1test_r2_t26,7,1test,2,26,1,50125,False,loso_s7,20260924,1,1,0.30230805,0.176642,0.25688213,0.26416785
s07_1test_r2_t27,7,1test,2,27,3,52229,False,loso_s7,20260924,3,2,0.2093185,0.36427778,0.24359566,0.18280801
s07_1test_r2_t28,7,1test,2,28,2,54233,False,loso_s7,20260924,2,2,0.2629961,0.33541343,0.19609745,0.20549297
s07_1test_r2_t29,7,1test,2,29,1,56208,False,loso_s7,20260924,1,1,0.32706323,0.25283706,0.2420599,0.17803976
s07_1test_r2_t30,7,1test,2,30,3,58234,False,loso_s7,20260924,3,2,0.25467283,0.3698114,0.1722064,0.2033094
s07_1test_r2_t31,7,1test,2,31,3,60305,False,loso_s7,20260924,3,3,0.1016627,0.25028017,0.41008586,0.23797125
s07_1test_r2_t32,7,1test,2,32,1,62412,False,loso_s7,20260924,1,2,0.30199325,0.33608863,0.18114804,0.18077008
s07_1test_r2_t33,7,1test,2,33,3,64504,False,loso_s7,20260924,3,2,0.30289927,0.35085937,0.21083511,0.13540629
s07_1test_r2_t34,7,1test,2,34,4,66595,False,loso_s7,20260924,4,4,0.18432496,0.19529423,0.29834577,0.322035
s07_1test_r2_t35,7,1test,2,35,4,68638,True,loso_s7,20260924,4,4,0.1882046,0.25289965,0.24040285,0.31849286
s07_1test_r2_t36,7,1test,2,36,2,70702,False,loso_s7,20260924,2,2,0.25311238,0.34317276,0.23819007,0.16552474
s07_1test_r2_t37,7,1test,2,37,1,72722,False,loso_s7,20260924,1,1,0.3735391,0.20062909,0.23333102,0.19250083
s07_1test_r2_t38,7,1test,2,38,2,74694,False,loso_s7,20260924,2,1,0.33242217,0.2609377,0.25066772,0.1559724
s07_1test_r2_t39,7,1test,2,39,4,76657,False,loso_s7,20260924,4,4,0.15518266,0.17099592,0.2684587,0.4053627
s07_1test_r2_t40,7,1test,2,40,2,78582,False,loso_s7,20260924,2,2,0.2088953,0.4147407,0.1881168,0.18824722
s07_1test_r2_t41,7,1test,2,41,4,80663,False,loso_s7,20260924,4,1,0.2815097,0.18866432,0.25758478,0.27224123
s07_1test_r2_t42,7,1test,2,42,3,82641,False,loso_s7,20260924,3,1,0.40336016,0.2051658,0.19588286,0.19559117
s07_1test_r2_t43,7,1test,2,43,2,84631,False,loso_s7,20260924,2,1,0.45836163,0.13265786,0.23431084,0.17466974
s07_1test_r2_t44,7,1test,2,44,2,86750,False,loso_s7,20260924,2,1,0.40483075,0.27516735,0.18408477,0.1359171
s07_1test_r2_t45,7,1test,2,45,2,88656,False,loso_s7,20260924,2,1,0.3731647,0.30290738,0.1716797,0.15224817
s07_1test_r2_t46,7,1test,2,46,3,90584,False,loso_s7,20260924,3,1,0.36967605,0.28487548,0.21295866,0.13248977
s07_1test_r2_t47,7,1test,2,47,4,92698,False,loso_s7,20260924,4,4,0.2776898,0.122225985,0.2544662,0.34561795
s07_1test_r2_t48,7,1test,2,48,1,94757,False,loso_s7,20260924,1,2,0.19573055,0.33841538,0.29923323,0.16662088
s07_1test_r3_t01,7,1test,3,1,2,250,True,loso_s7,20260924,2,1,0.41508672,0.2061419,0.20116434,0.17760707
s07_1test_r3_t02,7,1test,3,2,4,2253,False,loso_s7,20260924,4,4,0.20000167,0.2560271,0.20607243,0.33789876
s07_1test_r3_t03,7,1test,3,3,1,4171,False,loso_s7,20260924,1,1,0.29900768,0.293034,0.22240543,0.1855529
s07_1test_r3_t04,7,1test,3,4,3,6123,False,loso_s7,20260924,3,1,0.4739483,0.1546642,0.21527144,0.15611607
s07_1test_r3_t05,7,1test,3,5,3,8131,False,loso_s7,20260924,3,2,0.27535152,0.39445,0.18198358,0.1482149
s07_1test_r3_t06,7,1test,3,6,4,10242,False,loso_s7,20260924,4,4,0.26651374,0.08354894,0.27360445,0.37633288
s07_1test_r3_t07,7,1test,3,7,1,12159,False,loso_s7,20260924,1,1,0.44015676,0.24631631,0.16438077,0.14914614
s07_1test_r3_t08,7,1test,3,8,1,14209,True,loso_s7,20260924,1,1,0.3777945,0.34205294,0.15194297,0.12820952
s07_1test_r3_t09,7,1test,3,9,3,16140,False,loso_s7,20260924,3,2,0.28252038,0.35972244,0.2126906,0.14506654
s07_1test_r3_t10,7,1test,3,10,2,18138,False,loso_s7,20260924,2,2,0.23665799,0.35926986,0.23512767,0.16894445
s07_1test_r3_t11,7,1test,3,11,4,20044,False,loso_s7,20260924,4,3,0.22321703,0.26492172,0.29010963,0.22175163
s07_1test_r3_t12,7,1test,3,12,4,21939,False,loso_s7,20260924,4,2,0.0774209,0.42164224,0.14188796,0.35904884
s07_1test_r3_t13,7,1test,3,13,4,23911,False,loso_s7,20260924,4,3,0.31885064,0.1102414,0.31925413,0.25165388
s07_1test_r3_t14,7,1test,3,14,2,25855,False,loso_s7,20260924,2,1,0.38774842,0.2316506,0.18548389,0.1951171
s07_1test_r3_t15,7,1test,3,15,1,27822,False,loso_s7,20260924,1,1,0.3351602,0.2521209,0.2098129,0.20290597
s07_1test_r3_t16,7,1test,3,16,3,29942,False,loso_s7,20260924,3,1,0.3426109,0.3162926,0.20192331,0.13917322
s07_1test_r3_t17,7,1test,3,17,2,31950,False,loso_s7,20260924,2,2,0.08202952,0.5597145,0.20124435,0.15701163
s07_1test_r3_t18,7,1test,3,18,4,34016,False,loso_s7,20260924,4,2,0.1454711,0.3734655,0.2495658,0.23149766
s07_1test_r3_t19,7,1test,3,19,1,36052,False,loso_s7,20260924,1,2,0.2707612,0.40455356,0.1837531,0.14093211
s07_1test_r3_t20,7,1test,3,20,4,38118,False,loso_s7,20260924,4,3,0.25706407,0.27826786,0.28870556,0.17596248
s07_1test_r3_t21,7,1test,3,21,3,40188,False,loso_s7,20260924,3,1,0.33991534,0.21451591,0.24701376,0.19855504
s07_1test_r3_t22,7,1test,3,22,2,42268,True,loso_s7,20260924,2,2,0.28148225,0.39010605,0.18577169,0.14263998
s07_1test_r3_t23,7,1test,3,23,4,44180,False,loso_s7,20260924,4,1,0.32951275,0.20042689,0.26535538,0.204705
s07_1test_r3_t24,7,1test,3,24,4,46211,False,loso_s7,20260924,4,1,0.35388723,0.34581256,0.15869196,0.14160827
s07_1test_r3_t25,7,1test,3,25,1,48164,False,loso_s7,20260924,1,2,0.2965529,0.33336374,0.17108521,0.19899812
s07_1test_r3_t26,7,1test,3,26,2,50125,False,loso_s7,20260924,2,2,0.2682257,0.36422843,0.1970479,0.17049795
s07_1test_r3_t27,7,1test,3,27,2,52229,False,loso_s7,20260924,2,1,0.67180115,0.050670106,0.1463158,0.13121288
s07_1test_r3_t28,7,1test,3,28,3,54233,False,loso_s7,20260924,3,1,0.36546186,0.24356112,0.21041054,0.18056649
s07_1test_r3_t29,7,1test,3,29,4,56208,False,loso_s7,20260924,4,4,0.18356025,0.27383494,0.2555245,0.28708035
s07_1test_r3_t30,7,1test,3,30,2,58234,False,loso_s7,20260924,2,2,0.15257515,0.40122873,0.21843877,0.2277573
s07_1test_r3_t31,7,1test,3,31,1,60305,False,loso_s7,20260924,1,1,0.34522775,0.1495618,0.27593714,0.22927335
s07_1test_r3_t32,7,1test,3,32,1,62412,False,loso_s7,20260924,1,1,0.31888607,0.24632828,0.22691646,0.2078692
s07_1test_r3_t33,7,1test,3,33,4,64504,False,loso_s7,20260924,4,1,0.3598552,0.14489836,0.24184284,0.25340363
s07_1test_r3_t34,7,1test,3,34,2,66595,False,loso_s7,20260924,2,1,0.32764947,0.2750814,0.1952172,0.20205191
s07_1test_r3_t35,7,1test,3,35,1,68638,False,loso_s7,20260924,1,1,0.42475018,0.2075421,0.15965465,0.20805307
s07_1test_r3_t36,7,1test,3,36,3,70702,False,loso_s7,20260924,3,2,0.20858958,0.396441,0.11092259,0.28404686
s07_1test_r3_t37,7,1test,3,37,2,72722,False,loso_s7,20260924,2,1,0.3408123,0.27263048,0.18624298,0.2003143
s07_1test_r3_t38,7,1test,3,38,2,74694,False,loso_s7,20260924,2,1,0.3294655,0.254617,0.19395347,0.22196402
s07_1test_r3_t39,7,1test,3,39,3,76657,False,loso_s7,20260924,3,1,0.3281584,0.24082634,0.2265405,0.20447472
s07_1test_r3_t40,7,1test,3,40,1,78582,False,loso_s7,20260924,1,1,0.32581908,0.21627097,0.22408415,0.23382576
s07_1test_r3_t41,7,1test,3,41,4,80663,False,loso_s7,20260924,4,2,0.23630501,0.290313,0.27358732,0.19979465
s07_1test_r3_t42,7,1test,3,42,3,82641,False,loso_s7,20260924,3,2,0.2835299,0.3327081,0.20300882,0.18075319
s07_1test_r3_t43,7,1test,3,43,3,84631,False,loso_s7,20260924,3,2,0.2708058,0.3609923,0.20211731,0.16608456
s07_1test_r3_t44,7,1test,3,44,3,86750,False,loso_s7,20260924,3,2,0.28420517,0.3763641,0.18139757,0.15803309
s07_1test_r3_t45,7,1test,3,45,3,88656,False,loso_s7,20260924,3,3,0.18805873,0.20149972,0.37698692,0.23345463
s07_1test_r3_t46,7,1test,3,46,1,90584,False,loso_s7,20260924,1,4,0.24125637,0.25414273,0.23194915,0.2726517
s07_1test_r3_t47,7,1test,3,47,2,92698,False,loso_s7,20260924,2,1,0.370301,0.26858684,0.18972085,0.17139135
s07_1test_r3_t48,7,1test,3,48,1,94757,False,loso_s7,20260924,1,1,0.37322333,0.29665807,0.14239992,0.18771869
s07_1test_r4_t01,7,1test,4,1,2,250,False,loso_s7,20260924,2,1,0.318874,0.2298249,0.26834872,0.18295233
s07_1test_r4_t02,7,1test,4,2,1,2253,False,loso_s7,20260924,1,2,0.31562996,0.3288374,0.19581628,0.15971638
s07_1test_r4_t03,7,1test,4,3,1,4171,False,loso_s7,20260924,1,1,0.38355517,0.25967383,0.17478704,0.18198393
s07_1test_r4_t04,7,1test,4,4,3,6123,False,loso_s7,20260924,3,2,0.25198457,0.31811556,0.2657498,0.16415006
s07_1test_r4_t05,7,1test,4,5,3,8131,False,loso_s7,20260924,3,2,0.23216364,0.29554167,0.26593104,0.2063637
s07_1test_r4_t06,7,1test,4,6,2,10242,False,loso_s7,20260924,2,1,0.3783156,0.18027067,0.22717366,0.21424004
s07_1test_r4_t07,7,1test,4,7,3,12159,False,loso_s7,20260924,3,2,0.26420167,0.30018675,0.22567117,0.20994045
s07_1test_r4_t08,7,1test,4,8,4,14209,False,loso_s7,20260924,4,3,0.26237205,0.21937321,0.29769245,0.22056228
s07_1test_r4_t09,7,1test,4,9,1,16140,False,loso_s7,20260924,1,1,0.37709394,0.27323428,0.1930096,0.15666217
s07_1test_r4_t10,7,1test,4,10,4,18138,False,loso_s7,20260924,4,2,0.13278493,0.40347037,0.30420882,0.15953588
s07_1test_r4_t11,7,1test,4,11,1,20044,False,loso_s7,20260924,1,1,0.31763628,0.26046744,0.21261536,0.20928097
s07_1test_r4_t12,7,1test,4,12,1,21939,False,loso_s7,20260924,1,1,0.49747592,0.12634018,0.23147593,0.14470804
s07_1test_r4_t13,7,1test,4,13,2,23911,False,loso_s7,20260924,2,1,0.2820311,0.2410092,0.27477902,0.20218068
s07_1test_r4_t14,7,1test,4,14,4,25855,True,loso_s7,20260924,4,4,0.27072588,0.09205449,0.28098363,0.356236
s07_1test_r4_t15,7,1test,4,15,3,27822,False,loso_s7,20260924,3,3,0.20248263,0.22889139,0.31043246,0.25819352
s07_1test_r4_t16,7,1test,4,16,2,29942,False,loso_s7,20260924,2,1,0.42410505,0.16097502,0.23796041,0.17695947
s07_1test_r4_t17,7,1test,4,17,4,31950,False,loso_s7,20260924,4,3,0.24293396,0.25648952,0.28329492,0.21728164
s07_1test_r4_t18,7,1test,4,18,3,34016,False,loso_s7,20260924,3,1,0.37470165,0.23353103,0.24046421,0.15130316
s07_1test_r4_t19,7,1test,4,19,4,36052,False,loso_s7,20260924,4,2,0.24103816,0.34977743,0.20798269,0.20120166
s07_1test_r4_t20,7,1test,4,20,3,38118,False,loso_s7,20260924,3,1,0.41258398,0.29972398,0.14489987,0.14279215
s07_1test_r4_t21,7,1test,4,21,4,40188,False,loso_s7,20260924,4,1,0.4115787,0.21687344,0.1857262,0.18582162
s07_1test_r4_t22,7,1test,4,22,2,42268,False,loso_s7,20260924,2,1,0.38844362,0.23946416,0.21712835,0.15496382
s07_1test_r4_t23,7,1test,4,23,2,44180,False,loso_s7,20260924,2,1,0.36695933,0.30991548,0.18343835,0.13968687
s07_1test_r4_t24,7,1test,4,24,4,46211,False,loso_s7,20260924,4,1,0.27408484,0.25800267,0.27219528,0.19571723
s07_1test_r4_t25,7,1test,4,25,1,48164,False,loso_s7,20260924,1,1,0.44665325,0.250962,0.1658454,0.13653943
s07_1test_r4_t26,7,1test,4,26,2,50125,True,loso_s7,20260924,2,1,0.3677631,0.3022975,0.21965443,0.11028498
s07_1test_r4_t27,7,1test,4,27,2,52229,False,loso_s7,20260924,2,3,0.29304668,0.252484,0.30232823,0.15214103
s07_1test_r4_t28,7,1test,4,28,2,54233,False,loso_s7,20260924,2,1,0.32830355,0.31827596,0.20904925,0.14437127
s07_1test_r4_t29,7,1test,4,29,3,56208,False,loso_s7,20260924,3,2,0.25930265,0.40649286,0.1859898,0.14821473
s07_1test_r4_t30,7,1test,4,30,4,58234,False,loso_s7,20260924,4,4,0.24619825,0.11676801,0.24079576,0.39623797
s07_1test_r4_t31,7,1test,4,31,1,60305,False,loso_s7,20260924,1,2,0.29608378,0.30413845,0.21497382,0.18480396
s07_1test_r4_t32,7,1test,4,32,4,62412,False,loso_s7,20260924,4,1,0.4022867,0.1271382,0.23479392,0.2357812
s07_1test_r4_t33,7,1test,4,33,1,64504,False,loso_s7,20260924,1,3,0.28156167,0.17401588,0.34712878,0.19729365
s07_1test_r4_t34,7,1test,4,34,3,66595,False,loso_s7,20260924,3,1,0.434613,0.28876087,0.16945787,0.10716831
s07_1test_r4_t35,7,1test,4,35,1,68638,False,loso_s7,20260924,1,2,0.28243375,0.28398573,0.22717391,0.20640655
s07_1test_r4_t36,7,1test,4,36,4,70702,False,loso_s7,20260924,4,1,0.29263777,0.2684467,0.18060635,0.25830916
s07_1test_r4_t37,7,1test,4,37,1,72722,False,loso_s7,20260924,1,2,0.20130198,0.36355856,0.24267551,0.19246398
s07_1test_r4_t38,7,1test,4,38,3,74694,False,loso_s7,20260924,3,4,0.17479245,0.2028368,0.2947663,0.3276044
s07_1test_r4_t39,7,1test,4,39,1,76657,False,loso_s7,20260924,1,1,0.3421949,0.24615039,0.19561702,0.21603768
s07_1test_r4_t40,7,1test,4,40,2,78582,False,loso_s7,20260924,2,2,0.25447956,0.4227344,0.14432293,0.17846303
s07_1test_r4_t41,7,1test,4,41,3,80663,False,loso_s7,20260924,3,1,0.39739695,0.21620578,0.24735756,0.13903968
s07_1test_r4_t42,7,1test,4,42,3,82641,False,loso_s7,20260924,3,2,0.26641566,0.33308196,0.22862577,0.17187656
s07_1test_r4_t43,7,1test,4,43,4,84631,False,loso_s7,20260924,4,1,0.32312337,0.19633809,0.24754122,0.23299728
s07_1test_r4_t44,7,1test,4,44,1,86750,False,loso_s7,20260924,1,1,0.3111748,0.24417298,0.19612685,0.24852538
s07_1test_r4_t45,7,1test,4,45,2,88656,False,loso_s7,20260924,2,2,0.20173329,0.40447775,0.23760067,0.1561883
s07_1test_r4_t46,7,1test,4,46,4,90584,False,loso_s7,20260924,4,1,0.32295123,0.21048431,0.27601853,0.19054596
s07_1test_r4_t47,7,1test,4,47,2,92698,False,loso_s7,20260924,2,1,0.3676239,0.28635883,0.19300473,0.15301251
s07_1test_r4_t48,7,1test,4,48,3,94757,False,loso_s7,20260924,3,2,0.27423456,0.3364785,0.24417701,0.14510988
s07_1test_r5_t01,7,1test,5,1,3,250,True,loso_s7,20260924,3,2,0.21280922,0.41544428,0.22236127,0.14938517
s07_1test_r5_t02,7,1test,5,2,1,2253,False,loso_s7,20260924,1,2,0.25089988,0.29095712,0.27739418,0.18074879
s07_1test_r5_t03,7,1test,5,3,4,4171,False,loso_s7,20260924,4,2,0.27265674,0.3580847,0.21694799,0.15231055
s07_1test_r5_t04,7,1test,5,4,2,6123,False,loso_s7,20260924,2,2,0.22663236,0.46657458,0.16655621,0.14023677
s07_1test_r5_t05,7,1test,5,5,4,8131,False,loso_s7,20260924,4,2,0.2620843,0.2703403,0.2155736,0.25200182
s07_1test_r5_t06,7,1test,5,6,1,10242,False,loso_s7,20260924,1,2,0.27139777,0.35770425,0.20070614,0.17019187
s07_1test_r5_t07,7,1test,5,7,1,12159,False,loso_s7,20260924,1,2,0.16595003,0.43661705,0.18711562,0.21031724
s07_1test_r5_t08,7,1test,5,8,3,14209,False,loso_s7,20260924,3,2,0.1760883,0.4064363,0.2485362,0.16893911
s07_1test_r5_t09,7,1test,5,9,3,16140,False,loso_s7,20260924,3,2,0.19246495,0.46836832,0.19468595,0.14448084
s07_1test_r5_t10,7,1test,5,10,2,18138,False,loso_s7,20260924,2,2,0.207953,0.45359156,0.19027695,0.14817853
s07_1test_r5_t11,7,1test,5,11,4,20044,False,loso_s7,20260924,4,4,0.21807219,0.19209094,0.2357014,0.35413554
s07_1test_r5_t12,7,1test,5,12,2,21939,False,loso_s7,20260924,2,1,0.3480465,0.23686251,0.21129715,0.20379387
s07_1test_r5_t13,7,1test,5,13,2,23911,False,loso_s7,20260924,2,2,0.26522738,0.33612314,0.23585522,0.16279422
s07_1test_r5_t14,7,1test,5,14,1,25855,False,loso_s7,20260924,1,2,0.20655613,0.47763136,0.17018464,0.14562787
s07_1test_r5_t15,7,1test,5,15,2,27822,False,loso_s7,20260924,2,2,0.29639903,0.34830034,0.19144602,0.16385463
s07_1test_r5_t16,7,1test,5,16,4,29942,False,loso_s7,20260924,4,4,0.18251635,0.18551749,0.2557977,0.37616843
s07_1test_r5_t17,7,1test,5,17,4,31950,False,loso_s7,20260924,4,3,0.28314105,0.18519075,0.28629875,0.24536946
s07_1test_r5_t18,7,1test,5,18,2,34016,False,loso_s7,20260924,2,1,0.3753642,0.26770887,0.21854348,0.13838345
s07_1test_r5_t19,7,1test,5,19,2,36052,False,loso_s7,20260924,2,1,0.41442874,0.20494278,0.2282506,0.15237793
s07_1test_r5_t20,7,1test,5,20,2,38118,False,loso_s7,20260924,2,2,0.24103421,0.32469615,0.26060495,0.17366467
s07_1test_r5_t21,7,1test,5,21,2,40188,False,loso_s7,20260924,2,1,0.3950372,0.20809509,0.21914469,0.17772296
s07_1test_r5_t22,7,1test,5,22,4,42268,False,loso_s7,20260924,4,1,0.3438711,0.23083812,0.18795171,0.2373391
s07_1test_r5_t23,7,1test,5,23,4,44180,False,loso_s7,20260924,4,4,0.31966582,0.12290921,0.15325363,0.40417132
s07_1test_r5_t24,7,1test,5,24,3,46211,False,loso_s7,20260924,3,1,0.31443638,0.30897132,0.24374974,0.13284253
s07_1test_r5_t25,7,1test,5,25,4,48164,False,loso_s7,20260924,4,1,0.30961123,0.21839589,0.29065254,0.18134029
s07_1test_r5_t26,7,1test,5,26,1,50125,False,loso_s7,20260924,1,1,0.40408593,0.22501774,0.18903966,0.1818567
s07_1test_r5_t27,7,1test,5,27,2,52229,False,loso_s7,20260924,2,4,0.20558043,0.22680584,0.25399294,0.31362078
s07_1test_r5_t28,7,1test,5,28,3,54233,False,loso_s7,20260924,3,1,0.39876595,0.2324208,0.1947918,0.1740215
s07_1test_r5_t29,7,1test,5,29,2,56208,False,loso_s7,20260924,2,2,0.26425466,0.3443963,0.22737366,0.16397534
s07_1test_r5_t30,7,1test,5,30,1,58234,False,loso_s7,20260924,1,1,0.55135536,0.06817896,0.22118214,0.15928355
s07_1test_r5_t31,7,1test,5,31,4,60305,False,loso_s7,20260924,4,1,0.29895493,0.21077691,0.2591634,0.23110473
s07_1test_r5_t32,7,1test,5,32,1,62412,False,loso_s7,20260924,1,1,0.4333451,0.21023671,0.18472068,0.17169744
s07_1test_r5_t33,7,1test,5,33,4,64504,False,loso_s7,20260924,4,3,0.13105941,0.2781522,0.36375734,0.22703098
s07_1test_r5_t34,7,1test,5,34,1,66595,False,loso_s7,20260924,1,2,0.26865643,0.38665006,0.19785394,0.14683956
s07_1test_r5_t35,7,1test,5,35,1,68638,False,loso_s7,20260924,1,2,0.24325328,0.46085373,0.09091156,0.2049814
s07_1test_r5_t36,7,1test,5,36,1,70702,False,loso_s7,20260924,1,2,0.31236503,0.3211702,0.1960224,0.17044231
s07_1test_r5_t37,7,1test,5,37,1,72722,False,loso_s7,20260924,1,2,0.26077336,0.48501807,0.11536586,0.13884276
s07_1test_r5_t38,7,1test,5,38,3,74694,False,loso_s7,20260924,3,2,0.23328981,0.39249444,0.2310562,0.14315954
s07_1test_r5_t39,7,1test,5,39,3,76657,False,loso_s7,20260924,3,2,0.33232024,0.3999254,0.16171129,0.10604301
s07_1test_r5_t40,7,1test,5,40,4,78582,False,loso_s7,20260924,4,2,0.06545828,0.40553278,0.2575995,0.2714095
s07_1test_r5_t41,7,1test,5,41,2,80663,False,loso_s7,20260924,2,2,0.2796717,0.37668034,0.1919123,0.15173568
s07_1test_r5_t42,7,1test,5,42,3,82641,False,loso_s7,20260924,3,2,0.21353845,0.43646866,0.217956,0.13203691
s07_1test_r5_t43,7,1test,5,43,3,84631,False,loso_s7,20260924,3,2,0.26220292,0.32691514,0.2227108,0.18817118
s07_1test_r5_t44,7,1test,5,44,3,86750,False,loso_s7,20260924,3,2,0.26449773,0.38278374,0.18940291,0.16331565
s07_1test_r5_t45,7,1test,5,45,4,88656,False,loso_s7,20260924,4,2,0.13783972,0.439189,0.26046863,0.1625027
s07_1test_r5_t46,7,1test,5,46,3,90584,False,loso_s7,20260924,3,1,0.33520922,0.33223745,0.177415,0.15513837
s07_1test_r5_t47,7,1test,5,47,1,92698,False,loso_s7,20260924,1,1,0.32436153,0.28017116,0.2259216,0.16954571
s07_1test_r5_t48,7,1test,5,48,3,94757,False,loso_s7,20260924,3,1,0.3064,0.19773224,0.22090846,0.2749593
s07_0train_r0_t01,7,0train,0,1,1,250,False,loso_s7,20260925,1,2,0.2306514,0.40838602,0.23721802,0.1237445
s07_0train_r0_t02,7,0train,0,2,2,2253,False,loso_s7,20260925,2,2,0.1978235,0.48455006,0.19712336,0.12050313
s07_0train_r0_t03,7,0train,0,3,2,4171,False,loso_s7,20260925,2,1,0.33165395,0.27616495,0.23678213,0.15539905
s07_0train_r0_t04,7,0train,0,4,1,6123,False,loso_s7,20260925,1,1,0.3631712,0.29337296,0.20527683,0.13817899
s07_0train_r0_t05,7,0train,0,5,2,8131,False,loso_s7,20260925,2,2,0.21948592,0.415752,0.21691503,0.14784707
s07_0train_r0_t06,7,0train,0,6,1,10242,False,loso_s7,20260925,1,2,0.23960954,0.42408362,0.21259035,0.12371652
s07_0train_r0_t07,7,0train,0,7,2,12159,False,loso_s7,20260925,2,2,0.22333774,0.44730932,0.19657981,0.13277322
s07_0train_r0_t08,7,0train,0,8,3,14209,False,loso_s7,20260925,3,2,0.2497528,0.4196851,0.21953999,0.11102211
s07_0train_r0_t09,7,0train,0,9,2,16140,False,loso_s7,20260925,2,2,0.21406305,0.40978473,0.23452151,0.14163075
s07_0train_r0_t10,7,0train,0,10,4,18138,False,loso_s7,20260925,4,2,0.21243699,0.3468057,0.27076575,0.16999163
s07_0train_r0_t11,7,0train,0,11,1,20044,False,loso_s7,20260925,1,1,0.33258623,0.24582504,0.2581547,0.16343407
s07_0train_r0_t12,7,0train,0,12,3,21939,False,loso_s7,20260925,3,1,0.3671803,0.26919988,0.25432637,0.10929344
s07_0train_r0_t13,7,0train,0,13,2,23911,False,loso_s7,20260925,2,2,0.29789177,0.3407522,0.22947486,0.1318811
s07_0train_r0_t14,7,0train,0,14,1,25855,False,loso_s7,20260925,1,1,0.3299763,0.27346897,0.22622003,0.1703347
s07_0train_r0_t15,7,0train,0,15,4,27822,False,loso_s7,20260925,4,3,0.23564275,0.26742312,0.3026954,0.19423868
s07_0train_r0_t16,7,0train,0,16,4,29942,False,loso_s7,20260925,4,2,0.2220833,0.38110948,0.23827185,0.1585354
s07_0train_r0_t17,7,0train,0,17,4,31950,False,loso_s7,20260925,4,2,0.19121568,0.41627032,0.21080862,0.18170534
s07_0train_r0_t18,7,0train,0,18,4,34016,False,loso_s7,20260925,4,2,0.21033393,0.43013287,0.23174293,0.12779029
s07_0train_r0_t19,7,0train,0,19,4,36052,False,loso_s7,20260925,4,2,0.2189614,0.3766685,0.22903425,0.17533587
s07_0train_r0_t20,7,0train,0,20,1,38118,False,loso_s7,20260925,1,2,0.21521655,0.4198756,0.22532558,0.1395823
s07_0train_r0_t21,7,0train,0,21,3,40188,False,loso_s7,20260925,3,2,0.24347347,0.30218107,0.29757392,0.15677153
s07_0train_r0_t22,7,0train,0,22,2,42268,False,loso_s7,20260925,2,2,0.21066757,0.40633944,0.2111379,0.17185509
s07_0train_r0_t23,7,0train,0,23,1,44180,False,loso_s7,20260925,1,2,0.22723302,0.4394359,0.21777713,0.115553886
s07_0train_r0_t24,7,0train,0,24,1,46211,False,loso_s7,20260925,1,1,0.3523827,0.3160415,0.22678891,0.10478694
s07_0train_r0_t25,7,0train,0,25,3,48164,False,loso_s7,20260925,3,2,0.25783733,0.41236866,0.200832,0.12896205
s07_0train_r0_t26,7,0train,0,26,4,50125,False,loso_s7,20260925,4,2,0.28517833,0.35840192,0.20581429,0.15060548
s07_0train_r0_t27,7,0train,0,27,1,52229,False,loso_s7,20260925,1,2,0.32122537,0.32789648,0.22891521,0.121962935
s07_0train_r0_t28,7,0train,0,28,3,54233,False,loso_s7,20260925,3,2,0.21049029,0.3891105,0.2564401,0.14395909
s07_0train_r0_t29,7,0train,0,29,3,56208,False,loso_s7,20260925,3,2,0.2377089,0.3819443,0.24092531,0.13942148
s07_0train_r0_t30,7,0train,0,30,3,58234,True,loso_s7,20260925,3,3,0.207643,0.2772978,0.33175746,0.18330169
s07_0train_r0_t31,7,0train,0,31,1,60305,False,loso_s7,20260925,1,2,0.29943272,0.31980085,0.24650079,0.13426568
s07_0train_r0_t32,7,0train,0,32,2,62412,False,loso_s7,20260925,2,1,0.39948636,0.21387635,0.24622326,0.14041403
s07_0train_r0_t33,7,0train,0,33,1,64504,False,loso_s7,20260925,1,1,0.44817367,0.21711223,0.20278262,0.13193148
s07_0train_r0_t34,7,0train,0,34,2,66595,False,loso_s7,20260925,2,2,0.21784982,0.4481105,0.20173642,0.13230328
s07_0train_r0_t35,7,0train,0,35,2,68638,False,loso_s7,20260925,2,2,0.2517367,0.3609575,0.22237937,0.16492644
s07_0train_r0_t36,7,0train,0,36,1,70702,False,loso_s7,20260925,1,2,0.23713134,0.45644093,0.2186742,0.08775361
s07_0train_r0_t37,7,0train,0,37,2,72722,True,loso_s7,20260925,2,2,0.26657382,0.31906253,0.25596434,0.15839931
s07_0train_r0_t38,7,0train,0,38,3,74694,False,loso_s7,20260925,3,2,0.25417745,0.38068828,0.23317766,0.13195659
s07_0train_r0_t39,7,0train,0,39,2,76657,False,loso_s7,20260925,2,2,0.2674293,0.33617413,0.24939387,0.1470027
s07_0train_r0_t40,7,0train,0,40,3,78582,False,loso_s7,20260925,3,1,0.35626188,0.25240424,0.23540953,0.15592438
s07_0train_r0_t41,7,0train,0,41,3,80663,False,loso_s7,20260925,3,2,0.23677978,0.39707774,0.22163367,0.14450881
s07_0train_r0_t42,7,0train,0,42,4,82641,False,loso_s7,20260925,4,3,0.29878357,0.17546418,0.32356712,0.20218512
s07_0train_r0_t43,7,0train,0,43,3,84631,False,loso_s7,20260925,3,2,0.23286399,0.3076367,0.27065408,0.1888452
s07_0train_r0_t44,7,0train,0,44,3,86750,True,loso_s7,20260925,3,1,0.36823905,0.23287737,0.24738687,0.15149672
s07_0train_r0_t45,7,0train,0,45,4,88656,False,loso_s7,20260925,4,2,0.2264129,0.31202126,0.27868375,0.18288206
s07_0train_r0_t46,7,0train,0,46,4,90584,False,loso_s7,20260925,4,4,0.17939305,0.24540906,0.27570644,0.29949144
s07_0train_r0_t47,7,0train,0,47,4,92698,False,loso_s7,20260925,4,3,0.26711354,0.24375154,0.28570586,0.20342903
s07_0train_r0_t48,7,0train,0,48,4,94757,False,loso_s7,20260925,4,2,0.2269176,0.36746734,0.24723068,0.15838437
s07_0train_r1_t01,7,0train,1,1,4,250,False,loso_s7,20260925,4,2,0.22008894,0.4299134,0.21913925,0.13085847
s07_0train_r1_t02,7,0train,1,2,3,2253,False,loso_s7,20260925,3,2,0.25881627,0.34671676,0.25094363,0.14352332
s07_0train_r1_t03,7,0train,1,3,2,4171,False,loso_s7,20260925,2,2,0.27125618,0.38004124,0.2303446,0.11835793
s07_0train_r1_t04,7,0train,1,4,1,6123,False,loso_s7,20260925,1,2,0.24558689,0.41558644,0.20200351,0.13682318
s07_0train_r1_t05,7,0train,1,5,1,8131,False,loso_s7,20260925,1,2,0.2527336,0.31182116,0.24638747,0.18905784
s07_0train_r1_t06,7,0train,1,6,2,10242,False,loso_s7,20260925,2,1,0.29783735,0.24372226,0.2730763,0.1853641
s07_0train_r1_t07,7,0train,1,7,3,12159,True,loso_s7,20260925,3,2,0.28416032,0.35738796,0.2408669,0.117584825
s07_0train_r1_t08,7,0train,1,8,4,14209,False,loso_s7,20260925,4,2,0.34917673,0.35407045,0.19463441,0.10211841
s07_0train_r1_t09,7,0train,1,9,2,16140,False,loso_s7,20260925,2,2,0.28452405,0.31616098,0.25615364,0.14316128
s07_0train_r1_t10,7,0train,1,10,3,18138,False,loso_s7,20260925,3,2,0.2450308,0.3503649,0.24994539,0.15465891
s07_0train_r1_t11,7,0train,1,11,1,20044,False,loso_s7,20260925,1,1,0.34607044,0.26941848,0.23234804,0.15216306
s07_0train_r1_t12,7,0train,1,12,1,21939,False,loso_s7,20260925,1,2,0.20226333,0.417862,0.22452858,0.15534608
s07_0train_r1_t13,7,0train,1,13,1,23911,False,loso_s7,20260925,1,2,0.20874609,0.4023247,0.22696678,0.1619624
s07_0train_r1_t14,7,0train,1,14,4,25855,False,loso_s7,20260925,4,2,0.19792782,0.33367473,0.25124714,0.21715036
s07_0train_r1_t15,7,0train,1,15,2,27822,False,loso_s7,20260925,2,2,0.20744768,0.47867146,0.19578354,0.11809741
s07_0train_r1_t16,7,0train,1,16,2,29942,False,loso_s7,20260925,2,2,0.27023613,0.36544865,0.20875543,0.15555976
s07_0train_r1_t17,7,0train,1,17,1,31950,False,loso_s7,20260925,1,2,0.25320518,0.36197492,0.23884602,0.14597394
s07_0train_r1_t18,7,0train,1,18,1,34016,True,loso_s7,20260925,1,3,0.21799637,0.26999292,0.3342705,0.17774022
s07_0train_r1_t19,7,0train,1,19,3,36052,False,loso_s7,20260925,3,3,0.24268146,0.24616562,0.314894,0.19625893
s07_0train_r1_t20,7,0train,1,20,1,38118,False,loso_s7,20260925,1,2,0.28145283,0.40652564,0.18751529,0.12450629
s07_0train_r1_t21,7,0train,1,21,2,40188,False,loso_s7,20260925,2,2,0.26191378,0.30778027,0.22774664,0.20255937
s07_0train_r1_t22,7,0train,1,22,4,42268,False,loso_s7,20260925,4,4,0.28936172,0.12170802,0.27199244,0.31693783
s07_0train_r1_t23,7,0train,1,23,4,44180,False,loso_s7,20260925,4,2,0.22601305,0.37035587,0.2528689,0.1507622
s07_0train_r1_t24,7,0train,1,24,3,46211,False,loso_s7,20260925,3,1,0.33452657,0.23794007,0.23945312,0.18808031
s07_0train_r1_t25,7,0train,1,25,1,48164,False,loso_s7,20260925,1,2,0.2307683,0.3951718,0.24676885,0.12729108
s07_0train_r1_t26,7,0train,1,26,4,50125,False,loso_s7,20260925,4,3,0.22498244,0.2696118,0.28378204,0.22162373
s07_0train_r1_t27,7,0train,1,27,4,52229,False,loso_s7,20260925,4,1,0.35461685,0.2729151,0.22100724,0.1514608
s07_0train_r1_t28,7,0train,1,28,2,54233,False,loso_s7,20260925,2,2,0.2187328,0.40369335,0.2479721,0.12960175
s07_0train_r1_t29,7,0train,1,29,4,56208,False,loso_s7,20260925,4,1,0.3521386,0.081003636,0.27674213,0.29011554
s07_0train_r1_t30,7,0train,1,30,4,58234,False,loso_s7,20260925,4,3,0.29648373,0.1260221,0.2968777,0.28061643
s07_0train_r1_t31,7,0train,1,31,2,60305,False,loso_s7,20260925,2,1,0.43213522,0.28839597,0.20121293,0.07825587
s07_0train_r1_t32,7,0train,1,32,1,62412,False,loso_s7,20260925,1,2,0.26513898,0.3806961,0.23417911,0.119985834
s07_0train_r1_t33,7,0train,1,33,2,64504,True,loso_s7,20260925,2,2,0.29414287,0.32900846,0.24155296,0.13529563
s07_0train_r1_t34,7,0train,1,34,3,66595,False,loso_s7,20260925,3,2,0.21963789,0.43502626,0.21889886,0.12643705
s07_0train_r1_t35,7,0train,1,35,3,68638,False,loso_s7,20260925,3,1,0.46131808,0.24284051,0.18664594,0.109195456
s07_0train_r1_t36,7,0train,1,36,3,70702,True,loso_s7,20260925,3,1,0.2950003,0.29182598,0.27309182,0.1400819
s07_0train_r1_t37,7,0train,1,37,4,72722,False,loso_s7,20260925,4,2,0.18439135,0.42476168,0.24916631,0.14168063
s07_0train_r1_t38,7,0train,1,38,3,74694,False,loso_s7,20260925,3,2,0.19195262,0.4104142,0.22513302,0.17250024
s07_0train_r1_t39,7,0train,1,39,1,76657,False,loso_s7,20260925,1,2,0.2722367,0.38151452,0.22037435,0.12587439
s07_0train_r1_t40,7,0train,1,40,4,78582,False,loso_s7,20260925,4,3,0.22721241,0.27894083,0.2950224,0.19882439
s07_0train_r1_t41,7,0train,1,41,2,80663,False,loso_s7,20260925,2,1,0.3156001,0.2874633,0.25002494,0.14691165
s07_0train_r1_t42,7,0train,1,42,3,82641,False,loso_s7,20260925,3,1,0.3552644,0.21561635,0.2670375,0.16208173
s07_0train_r1_t43,7,0train,1,43,2,84631,False,loso_s7,20260925,2,2,0.24510528,0.39378646,0.2156602,0.14544801
s07_0train_r1_t44,7,0train,1,44,3,86750,False,loso_s7,20260925,3,2,0.19614929,0.45183092,0.23318024,0.11883959
s07_0train_r1_t45,7,0train,1,45,4,88656,False,loso_s7,20260925,4,3,0.21289645,0.15354203,0.32723594,0.30632564
s07_0train_r1_t46,7,0train,1,46,2,90584,False,loso_s7,20260925,2,2,0.2911464,0.35242367,0.23135634,0.12507361
s07_0train_r1_t47,7,0train,1,47,3,92698,False,loso_s7,20260925,3,2,0.13453348,0.4647062,0.26142833,0.13933197
s07_0train_r1_t48,7,0train,1,48,1,94757,False,loso_s7,20260925,1,2,0.26699558,0.32492888,0.22628152,0.18179402
s07_0train_r2_t01,7,0train,2,1,1,250,False,loso_s7,20260925,1,2,0.18413669,0.4792959,0.22398166,0.11258576
s07_0train_r2_t02,7,0train,2,2,1,2253,False,loso_s7,20260925,1,2,0.23281914,0.38582006,0.2591756,0.12218515
s07_0train_r2_t03,7,0train,2,3,4,4171,False,loso_s7,20260925,4,2,0.20971976,0.33299136,0.28086287,0.176426
s07_0train_r2_t04,7,0train,2,4,2,6123,False,loso_s7,20260925,2,2,0.20206279,0.38762847,0.24575807,0.16455069
s07_0train_r2_t05,7,0train,2,5,1,8131,False,loso_s7,20260925,1,2,0.18209597,0.4483609,0.23090598,0.1386371
s07_0train_r2_t06,7,0train,2,6,3,10242,False,loso_s7,20260925,3,2,0.094622076,0.44543305,0.26116237,0.19878256
s07_0train_r2_t07,7,0train,2,7,1,12159,False,loso_s7,20260925,1,2,0.21494602,0.4029737,0.24492198,0.13715829
s07_0train_r2_t08,7,0train,2,8,3,14209,False,loso_s7,20260925,3,2,0.20651321,0.4576298,0.20127428,0.13458267
s07_0train_r2_t09,7,0train,2,9,2,16140,False,loso_s7,20260925,2,2,0.2501468,0.34058863,0.24972986,0.15953475
s07_0train_r2_t10,7,0train,2,10,4,18138,False,loso_s7,20260925,4,3,0.24161479,0.2428005,0.31545457,0.20013012
s07_0train_r2_t11,7,0train,2,11,1,20044,True,loso_s7,20260925,1,2,0.24204454,0.3735416,0.2524441,0.13196978
s07_0train_r2_t12,7,0train,2,12,3,21939,False,loso_s7,20260925,3,2,0.21653196,0.4723776,0.20864752,0.10244288
s07_0train_r2_t13,7,0train,2,13,3,23911,False,loso_s7,20260925,3,2,0.2537164,0.327539,0.23949163,0.17925301
s07_0train_r2_t14,7,0train,2,14,1,25855,True,loso_s7,20260925,1,2,0.27828857,0.35500008,0.22153197,0.14517936
s07_0train_r2_t15,7,0train,2,15,3,27822,True,loso_s7,20260925,3,2,0.3342811,0.36314717,0.18649383,0.116077915
s07_0train_r2_t16,7,0train,2,16,2,29942,False,loso_s7,20260925,2,2,0.30895966,0.3172098,0.2436406,0.13018997
s07_0train_r2_t17,7,0train,2,17,4,31950,False,loso_s7,20260925,4,1,0.3449898,0.1869572,0.25433192,0.2137211
s07_0train_r2_t18,7,0train,2,18,4,34016,False,loso_s7,20260925,4,2,0.15375999,0.47133937,0.21424691,0.1606537
s07_0train_r2_t19,7,0train,2,19,4,36052,False,loso_s7,20260925,4,4,0.18808097,0.22436519,0.27742955,0.3101243
s07_0train_r2_t20,7,0train,2,20,3,38118,False,loso_s7,20260925,3,2,0.22253379,0.39120233,0.23553799,0.15072589
s07_0train_r2_t21,7,0train,2,21,1,40188,False,loso_s7,20260925,1,1,0.3267399,0.27621242,0.23759037,0.15945727
s07_0train_r2_t22,7,0train,2,22,4,42268,False,loso_s7,20260925,4,2,0.21859033,0.34417817,0.23542647,0.20180498
s07_0train_r2_t23,7,0train,2,23,2,44180,False,loso_s7,20260925,2,2,0.20512451,0.3591018,0.26733983,0.16843382
s07_0train_r2_t24,7,0train,2,24,4,46211,False,loso_s7,20260925,4,4,0.2823968,0.12953177,0.29253453,0.2955369
s07_0train_r2_t25,7,0train,2,25,2,48164,False,loso_s7,20260925,2,2,0.24143723,0.38891223,0.22757752,0.14207299
s07_0train_r2_t26,7,0train,2,26,1,50125,False,loso_s7,20260925,1,2,0.30408692,0.33722204,0.2634402,0.09525085
s07_0train_r2_t27,7,0train,2,27,3,52229,False,loso_s7,20260925,3,1,0.31342584,0.3046699,0.22981031,0.152094
s07_0train_r2_t28,7,0train,2,28,2,54233,False,loso_s7,20260925,2,1,0.28169152,0.24875982,0.27178386,0.1977648
s07_0train_r2_t29,7,0train,2,29,1,56208,False,loso_s7,20260925,1,2,0.25112122,0.36312258,0.25355572,0.13220046
s07_0train_r2_t30,7,0train,2,30,3,58234,False,loso_s7,20260925,3,2,0.19416128,0.46640489,0.23047079,0.10896301
s07_0train_r2_t31,7,0train,2,31,3,60305,False,loso_s7,20260925,3,2,0.27639434,0.40279612,0.18980508,0.1310044
s07_0train_r2_t32,7,0train,2,32,1,62412,False,loso_s7,20260925,1,2,0.2837732,0.3396522,0.25044894,0.12612565
s07_0train_r2_t33,7,0train,2,33,3,64504,False,loso_s7,20260925,3,2,0.1511358,0.45694613,0.2638592,0.1280589
s07_0train_r2_t34,7,0train,2,34,4,66595,False,loso_s7,20260925,4,1,0.38778806,0.14752732,0.24850741,0.21617715
s07_0train_r2_t35,7,0train,2,35,4,68638,False,loso_s7,20260925,4,4,0.29127932,0.08456558,0.29354066,0.33061445
s07_0train_r2_t36,7,0train,2,36,2,70702,False,loso_s7,20260925,2,2,0.23902677,0.41013533,0.22468211,0.12615576
s07_0train_r2_t37,7,0train,2,37,1,72722,False,loso_s7,20260925,1,1,0.33395922,0.27939183,0.23989709,0.1467518
s07_0train_r2_t38,7,0train,2,38,2,74694,True,loso_s7,20260925,2,2,0.13399495,0.49393064,0.22542146,0.14665289
s07_0train_r2_t39,7,0train,2,39,4,76657,False,loso_s7,20260925,4,4,0.12176875,0.115294054,0.37338993,0.38954726
s07_0train_r2_t40,7,0train,2,40,2,78582,False,loso_s7,20260925,2,1,0.35064384,0.2796014,0.2276021,0.1421527
s07_0train_r2_t41,7,0train,2,41,4,80663,False,loso_s7,20260925,4,2,0.2508104,0.29771802,0.23051529,0.22095627
s07_0train_r2_t42,7,0train,2,42,3,82641,False,loso_s7,20260925,3,2,0.29853827,0.37972417,0.22163986,0.10009767
s07_0train_r2_t43,7,0train,2,43,2,84631,False,loso_s7,20260925,2,2,0.2724076,0.39747137,0.21212609,0.11799498
s07_0train_r2_t44,7,0train,2,44,2,86750,False,loso_s7,20260925,2,2,0.16414407,0.37867573,0.263127,0.19405316
s07_0train_r2_t45,7,0train,2,45,2,88656,False,loso_s7,20260925,2,1,0.38080588,0.14401032,0.2393543,0.23582958
s07_0train_r2_t46,7,0train,2,46,3,90584,False,loso_s7,20260925,3,2,0.26415598,0.36870998,0.2496944,0.11743965
s07_0train_r2_t47,7,0train,2,47,4,92698,False,loso_s7,20260925,4,1,0.2773667,0.19386849,0.25733992,0.27142483
s07_0train_r2_t48,7,0train,2,48,1,94757,False,loso_s7,20260925,1,2,0.2665416,0.3658531,0.23852459,0.12908074
s07_0train_r3_t01,7,0train,3,1,2,250,False,loso_s7,20260925,2,1,0.3569189,0.3314848,0.19980188,0.111794434
s07_0train_r3_t02,7,0train,3,2,4,2253,True,loso_s7,20260925,4,2,0.2047534,0.32048267,0.28501654,0.18974738
s07_0train_r3_t03,7,0train,3,3,1,4171,False,loso_s7,20260925,1,2,0.23355593,0.43189865,0.2227861,0.1117593
s07_0train_r3_t04,7,0train,3,4,3,6123,False,loso_s7,20260925,3,2,0.24990766,0.3901307,0.21583763,0.14412406
s07_0train_r3_t05,7,0train,3,5,3,8131,False,loso_s7,20260925,3,2,0.25813892,0.30284098,0.26430446,0.1747157
s07_0train_r3_t06,7,0train,3,6,4,10242,False,loso_s7,20260925,4,2,0.22537345,0.4160508,0.25503725,0.10353853
s07_0train_r3_t07,7,0train,3,7,1,12159,False,loso_s7,20260925,1,2,0.27228475,0.3869239,0.23010042,0.11069091
s07_0train_r3_t08,7,0train,3,8,1,14209,False,loso_s7,20260925,1,2,0.23331323,0.4077684,0.21969877,0.13921961
s07_0train_r3_t09,7,0train,3,9,3,16140,False,loso_s7,20260925,3,2,0.21377477,0.43539423,0.24359138,0.107239656
s07_0train_r3_t10,7,0train,3,10,2,18138,False,loso_s7,20260925,2,2,0.28547367,0.29969802,0.24851568,0.16631262
s07_0train_r3_t11,7,0train,3,11,4,20044,False,loso_s7,20260925,4,1,0.44131902,0.17762844,0.2297628,0.15128978
s07_0train_r3_t12,7,0train,3,12,4,21939,False,loso_s7,20260925,4,2,0.2434925,0.2839362,0.26787996,0.2046913
s07_0train_r3_t13,7,0train,3,13,4,23911,False,loso_s7,20260925,4,2,0.2412286,0.37197357,0.22584018,0.16095757
s07_0train_r3_t14,7,0train,3,14,2,25855,False,loso_s7,20260925,2,1,0.3118857,0.29267576,0.23142913,0.16400939
s07_0train_r3_t15,7,0train,3,15,1,27822,False,loso_s7,20260925,1,2,0.21684088,0.4420458,0.20280543,0.1383079
s07_0train_r3_t16,7,0train,3,16,3,29942,False,loso_s7,20260925,3,2,0.33972472,0.3766524,0.20894492,0.074678004
s07_0train_r3_t17,7,0train,3,17,2,31950,True,loso_s7,20260925,2,2,0.27666813,0.35985285,0.2268045,0.13667455
s07_0train_r3_t18,7,0train,3,18,4,34016,False,loso_s7,20260925,4,1,0.3123475,0.29174134,0.22401148,0.17189965
s07_0train_r3_t19,7,0train,3,19,1,36052,False,loso_s7,20260925,1,2,0.32119435,0.36658603,0.20941691,0.10280272
s07_0train_r3_t20,7,0train,3,20,4,38118,False,loso_s7,20260925,4,4,0.17859553,0.18077503,0.26799133,0.37263808
s07_0train_r3_t21,7,0train,3,21,3,40188,False,loso_s7,20260925,3,2,0.2588237,0.38553753,0.233547,0.12209182
s07_0train_r3_t22,7,0train,3,22,2,42268,False,loso_s7,20260925,2,2,0.19507463,0.42261055,0.2515748,0.13074005
s07_0train_r3_t23,7,0train,3,23,4,44180,False,loso_s7,20260925,4,1,0.33384833,0.15317328,0.30805692,0.20492148
s07_0train_r3_t24,7,0train,3,24,4,46211,False,loso_s7,20260925,4,2,0.2574519,0.3446148,0.24044496,0.15748833
s07_0train_r3_t25,7,0train,3,25,1,48164,False,loso_s7,20260925,1,2,0.19273762,0.39136568,0.2777307,0.13816598
s07_0train_r3_t26,7,0train,3,26,2,50125,True,loso_s7,20260925,2,2,0.2779825,0.43323597,0.18712613,0.101655304
s07_0train_r3_t27,7,0train,3,27,2,52229,False,loso_s7,20260925,2,2,0.20702532,0.43051314,0.21565375,0.14680782
s07_0train_r3_t28,7,0train,3,28,3,54233,False,loso_s7,20260925,3,2,0.22763133,0.44300696,0.21980526,0.109556355
s07_0train_r3_t29,7,0train,3,29,4,56208,False,loso_s7,20260925,4,2,0.17175896,0.3518823,0.26789483,0.20846395
s07_0train_r3_t30,7,0train,3,30,2,58234,False,loso_s7,20260925,2,2,0.23279667,0.3952501,0.24301712,0.12893608
s07_0train_r3_t31,7,0train,3,31,1,60305,False,loso_s7,20260925,1,2,0.25781304,0.36513534,0.2467559,0.13029574
s07_0train_r3_t32,7,0train,3,32,1,62412,False,loso_s7,20260925,1,1,0.31993198,0.18329066,0.30250785,0.19426945
s07_0train_r3_t33,7,0train,3,33,4,64504,False,loso_s7,20260925,4,3,0.1439013,0.29006922,0.3020254,0.26400408
s07_0train_r3_t34,7,0train,3,34,2,66595,False,loso_s7,20260925,2,2,0.15248646,0.49129525,0.2258018,0.13041648
s07_0train_r3_t35,7,0train,3,35,1,68638,False,loso_s7,20260925,1,2,0.3024684,0.3363645,0.22555736,0.1356097
s07_0train_r3_t36,7,0train,3,36,3,70702,False,loso_s7,20260925,3,2,0.23731276,0.4754374,0.18732506,0.09992477
s07_0train_r3_t37,7,0train,3,37,2,72722,False,loso_s7,20260925,2,2,0.19970423,0.30520993,0.2818642,0.21322161
s07_0train_r3_t38,7,0train,3,38,2,74694,False,loso_s7,20260925,2,2,0.2708534,0.3343129,0.22410777,0.17072594
s07_0train_r3_t39,7,0train,3,39,3,76657,False,loso_s7,20260925,3,2,0.27196497,0.36415568,0.24129128,0.12258807
s07_0train_r3_t40,7,0train,3,40,1,78582,False,loso_s7,20260925,1,2,0.24501306,0.38789663,0.234176,0.13291435
s07_0train_r3_t41,7,0train,3,41,4,80663,False,loso_s7,20260925,4,2,0.2117176,0.38687587,0.26161343,0.13979308
s07_0train_r3_t42,7,0train,3,42,3,82641,False,loso_s7,20260925,3,2,0.23287112,0.42559463,0.22314526,0.118388996
s07_0train_r3_t43,7,0train,3,43,3,84631,False,loso_s7,20260925,3,2,0.21533248,0.41188014,0.22597125,0.14681607
s07_0train_r3_t44,7,0train,3,44,3,86750,False,loso_s7,20260925,3,2,0.25538504,0.3655181,0.24896987,0.13012709
s07_0train_r3_t45,7,0train,3,45,3,88656,False,loso_s7,20260925,3,2,0.26512706,0.3457115,0.22762127,0.16154012
s07_0train_r3_t46,7,0train,3,46,1,90584,True,loso_s7,20260925,1,2,0.27911827,0.40104964,0.20517595,0.11465613
s07_0train_r3_t47,7,0train,3,47,2,92698,False,loso_s7,20260925,2,2,0.23838289,0.37746403,0.2500672,0.13408586
s07_0train_r3_t48,7,0train,3,48,1,94757,False,loso_s7,20260925,1,1,0.31961408,0.31193095,0.20981638,0.15863855
s07_0train_r4_t01,7,0train,4,1,2,250,False,loso_s7,20260925,2,2,0.29580152,0.3763785,0.22460476,0.10321524
s07_0train_r4_t02,7,0train,4,2,1,2253,False,loso_s7,20260925,1,2,0.31489274,0.35051155,0.2237791,0.11081668
s07_0train_r4_t03,7,0train,4,3,1,4171,True,loso_s7,20260925,1,2,0.28598914,0.327827,0.23032698,0.15585683
s07_0train_r4_t04,7,0train,4,4,3,6123,False,loso_s7,20260925,3,2,0.21084337,0.3993228,0.24850163,0.1413321
s07_0train_r4_t05,7,0train,4,5,3,8131,False,loso_s7,20260925,3,2,0.25666186,0.3477156,0.22638653,0.16923603
s07_0train_r4_t06,7,0train,4,6,2,10242,False,loso_s7,20260925,2,2,0.29516515,0.31849253,0.24262038,0.143722
s07_0train_r4_t07,7,0train,4,7,3,12159,False,loso_s7,20260925,3,2,0.27763283,0.3347485,0.24513939,0.1424793
s07_0train_r4_t08,7,0train,4,8,4,14209,False,loso_s7,20260925,4,2,0.19482848,0.41346183,0.22193742,0.1697722
s07_0train_r4_t09,7,0train,4,9,1,16140,False,loso_s7,20260925,1,1,0.33695415,0.29785722,0.25102654,0.11416216
s07_0train_r4_t10,7,0train,4,10,4,18138,False,loso_s7,20260925,4,1,0.38084522,0.21179427,0.23989911,0.16746135
s07_0train_r4_t11,7,0train,4,11,1,20044,False,loso_s7,20260925,1,2,0.18327805,0.46362638,0.20350894,0.1495866
s07_0train_r4_t12,7,0train,4,12,1,21939,False,loso_s7,20260925,1,2,0.26812056,0.33163065,0.24283665,0.15741213
s07_0train_r4_t13,7,0train,4,13,2,23911,False,loso_s7,20260925,2,2,0.24203831,0.4022376,0.22124396,0.13448012
s07_0train_r4_t14,7,0train,4,14,4,25855,False,loso_s7,20260925,4,2,0.28545353,0.3762436,0.21393017,0.12437266
s07_0train_r4_t15,7,0train,4,15,3,27822,False,loso_s7,20260925,3,2,0.2871269,0.3148421,0.23517273,0.16285823
s07_0train_r4_t16,7,0train,4,16,2,29942,False,loso_s7,20260925,2,2,0.25887433,0.34449068,0.25738066,0.13925433
s07_0train_r4_t17,7,0train,4,17,4,31950,False,loso_s7,20260925,4,1,0.33408025,0.23114446,0.25644737,0.17832796
s07_0train_r4_t18,7,0train,4,18,3,34016,False,loso_s7,20260925,3,1,0.29479924,0.28955764,0.23439118,0.18125191
s07_0train_r4_t19,7,0train,4,19,4,36052,False,loso_s7,20260925,4,1,0.33392537,0.3004608,0.22287059,0.14274323
s07_0train_r4_t20,7,0train,4,20,3,38118,False,loso_s7,20260925,3,1,0.41594744,0.2189094,0.23480797,0.1303352
s07_0train_r4_t21,7,0train,4,21,4,40188,False,loso_s7,20260925,4,2,0.27672693,0.30346322,0.25713444,0.16267543
s07_0train_r4_t22,7,0train,4,22,2,42268,False,loso_s7,20260925,2,1,0.368331,0.3412353,0.18319185,0.10724181
s07_0train_r4_t23,7,0train,4,23,2,44180,False,loso_s7,20260925,2,2,0.2743644,0.28089923,0.23462807,0.21010832
s07_0train_r4_t24,7,0train,4,24,4,46211,False,loso_s7,20260925,4,2,0.2443073,0.39499968,0.24305126,0.117641784
s07_0train_r4_t25,7,0train,4,25,1,48164,False,loso_s7,20260925,1,2,0.20269188,0.4730911,0.21178254,0.11243445
s07_0train_r4_t26,7,0train,4,26,2,50125,False,loso_s7,20260925,2,1,0.3499126,0.27369052,0.23568268,0.14071414
s07_0train_r4_t27,7,0train,4,27,2,52229,True,loso_s7,20260925,2,2,0.28097808,0.32194427,0.24130537,0.1557723
s07_0train_r4_t28,7,0train,4,28,2,54233,False,loso_s7,20260925,2,2,0.33343524,0.34545088,0.2100839,0.11102997
s07_0train_r4_t29,7,0train,4,29,3,56208,False,loso_s7,20260925,3,1,0.28607258,0.25372055,0.2627345,0.19747235
s07_0train_r4_t30,7,0train,4,30,4,58234,False,loso_s7,20260925,4,3,0.2771533,0.20553273,0.34272215,0.17459182
s07_0train_r4_t31,7,0train,4,31,1,60305,False,loso_s7,20260925,1,1,0.34794307,0.28764677,0.22843829,0.13597186
s07_0train_r4_t32,7,0train,4,32,4,62412,False,loso_s7,20260925,4,3,0.19342624,0.25743535,0.2761428,0.2729956
s07_0train_r4_t33,7,0train,4,33,1,64504,False,loso_s7,20260925,1,2,0.25086042,0.38852873,0.21873914,0.1418717
s07_0train_r4_t34,7,0train,4,34,3,66595,False,loso_s7,20260925,3,2,0.26466024,0.33824518,0.23524188,0.16185266
s07_0train_r4_t35,7,0train,4,35,1,68638,False,loso_s7,20260925,1,2,0.22543733,0.4195806,0.24284048,0.11214152
s07_0train_r4_t36,7,0train,4,36,4,70702,False,loso_s7,20260925,4,1,0.31755102,0.22272202,0.2749132,0.18481374
s07_0train_r4_t37,7,0train,4,37,1,72722,False,loso_s7,20260925,1,2,0.17806286,0.46755865,0.20364317,0.15073533
s07_0train_r4_t38,7,0train,4,38,3,74694,False,loso_s7,20260925,3,2,0.31031764,0.31272334,0.22016928,0.15678973
s07_0train_r4_t39,7,0train,4,39,1,76657,False,loso_s7,20260925,1,2,0.25000426,0.48205793,0.16754723,0.100390576
s07_0train_r4_t40,7,0train,4,40,2,78582,False,loso_s7,20260925,2,1,0.32739258,0.30785194,0.24817978,0.116575696
s07_0train_r4_t41,7,0train,4,41,3,80663,False,loso_s7,20260925,3,2,0.23773731,0.38361672,0.25755084,0.121095136
s07_0train_r4_t42,7,0train,4,42,3,82641,False,loso_s7,20260925,3,2,0.20421532,0.40829626,0.23785472,0.14963374
s07_0train_r4_t43,7,0train,4,43,4,84631,False,loso_s7,20260925,4,2,0.21159305,0.3971714,0.25673476,0.13450071
s07_0train_r4_t44,7,0train,4,44,1,86750,False,loso_s7,20260925,1,2,0.2596859,0.39037162,0.21121706,0.13872549
s07_0train_r4_t45,7,0train,4,45,2,88656,False,loso_s7,20260925,2,2,0.29148194,0.37140936,0.22724366,0.10986505
s07_0train_r4_t46,7,0train,4,46,4,90584,False,loso_s7,20260925,4,1,0.340044,0.24711303,0.26673555,0.14610747
s07_0train_r4_t47,7,0train,4,47,2,92698,False,loso_s7,20260925,2,2,0.26776797,0.38011062,0.23273021,0.119391225
s07_0train_r4_t48,7,0train,4,48,3,94757,False,loso_s7,20260925,3,2,0.25559956,0.38643393,0.22228314,0.13568337
s07_0train_r5_t01,7,0train,5,1,3,250,False,loso_s7,20260925,3,2,0.21135673,0.47145122,0.20224485,0.11494719
s07_0train_r5_t02,7,0train,5,2,1,2253,False,loso_s7,20260925,1,2,0.2614615,0.45549485,0.18261912,0.1004245
s07_0train_r5_t03,7,0train,5,3,4,4171,False,loso_s7,20260925,4,2,0.2701314,0.28638914,0.27560028,0.16787922
s07_0train_r5_t04,7,0train,5,4,2,6123,False,loso_s7,20260925,2,2,0.2207891,0.4619994,0.20645532,0.110756114
s07_0train_r5_t05,7,0train,5,5,4,8131,False,loso_s7,20260925,4,2,0.24225655,0.3536281,0.18593101,0.21818434
s07_0train_r5_t06,7,0train,5,6,1,10242,False,loso_s7,20260925,1,2,0.23744965,0.3745672,0.25643522,0.13154794
s07_0train_r5_t07,7,0train,5,7,1,12159,False,loso_s7,20260925,1,2,0.33832383,0.3594268,0.19329855,0.108950764
s07_0train_r5_t08,7,0train,5,8,3,14209,False,loso_s7,20260925,3,2,0.24770398,0.35768062,0.27246663,0.122148775
s07_0train_r5_t09,7,0train,5,9,3,16140,False,loso_s7,20260925,3,2,0.2058114,0.44749683,0.21837088,0.12832087
s07_0train_r5_t10,7,0train,5,10,2,18138,False,loso_s7,20260925,2,2,0.26445568,0.41040382,0.19833638,0.12680417
s07_0train_r5_t11,7,0train,5,11,4,20044,False,loso_s7,20260925,4,1,0.33581743,0.17532143,0.26895455,0.21990652
s07_0train_r5_t12,7,0train,5,12,2,21939,False,loso_s7,20260925,2,2,0.22206794,0.44159934,0.21444851,0.121884234
s07_0train_r5_t13,7,0train,5,13,2,23911,False,loso_s7,20260925,2,2,0.25696826,0.30837125,0.2647485,0.16991203
s07_0train_r5_t14,7,0train,5,14,1,25855,False,loso_s7,20260925,1,1,0.32851237,0.29923922,0.22917157,0.14307675
s07_0train_r5_t15,7,0train,5,15,2,27822,False,loso_s7,20260925,2,2,0.21745811,0.3719813,0.2517451,0.15881553
s07_0train_r5_t16,7,0train,5,16,4,29942,False,loso_s7,20260925,4,2,0.32136503,0.33131728,0.20657234,0.14074534
s07_0train_r5_t17,7,0train,5,17,4,31950,False,loso_s7,20260925,4,2,0.25494897,0.34177572,0.2413617,0.16191359
s07_0train_r5_t18,7,0train,5,18,2,34016,False,loso_s7,20260925,2,2,0.17533992,0.39495564,0.2562043,0.17350012
s07_0train_r5_t19,7,0train,5,19,2,36052,False,loso_s7,20260925,2,2,0.1779829,0.5538498,0.15300588,0.11516144
s07_0train_r5_t20,7,0train,5,20,2,38118,False,loso_s7,20260925,2,1,0.31114942,0.24569595,0.24791256,0.1952421
s07_0train_r5_t21,7,0train,5,21,2,40188,False,loso_s7,20260925,2,2,0.18037894,0.40817347,0.25954443,0.15190324
s07_0train_r5_t22,7,0train,5,22,4,42268,False,loso_s7,20260925,4,1,0.32396743,0.17201206,0.3017479,0.20227256
s07_0train_r5_t23,7,0train,5,23,4,44180,False,loso_s7,20260925,4,1,0.41139704,0.2609216,0.21824758,0.1094338
s07_0train_r5_t24,7,0train,5,24,3,46211,False,loso_s7,20260925,3,2,0.19369705,0.3961794,0.25173694,0.15838666
s07_0train_r5_t25,7,0train,5,25,4,48164,False,loso_s7,20260925,4,2,0.26581076,0.36701488,0.2658309,0.101343505
s07_0train_r5_t26,7,0train,5,26,1,50125,False,loso_s7,20260925,1,2,0.28459498,0.41316858,0.20558052,0.0966559
s07_0train_r5_t27,7,0train,5,27,2,52229,False,loso_s7,20260925,2,1,0.3076186,0.30368945,0.21827878,0.17041317
s07_0train_r5_t28,7,0train,5,28,3,54233,False,loso_s7,20260925,3,2,0.22188255,0.4152406,0.2353224,0.12755443
s07_0train_r5_t29,7,0train,5,29,2,56208,False,loso_s7,20260925,2,2,0.2886056,0.2896489,0.22449587,0.19724962
s07_0train_r5_t30,7,0train,5,30,1,58234,False,loso_s7,20260925,1,2,0.23634133,0.44824255,0.20902027,0.10639583
s07_0train_r5_t31,7,0train,5,31,4,60305,False,loso_s7,20260925,4,2,0.23619287,0.2991484,0.24855149,0.21610722
s07_0train_r5_t32,7,0train,5,32,1,62412,False,loso_s7,20260925,1,2,0.25533596,0.30986372,0.24798024,0.18682012
s07_0train_r5_t33,7,0train,5,33,4,64504,False,loso_s7,20260925,4,2,0.21212274,0.4296557,0.21422787,0.14399372
s07_0train_r5_t34,7,0train,5,34,1,66595,False,loso_s7,20260925,1,2,0.30952898,0.37293485,0.2035303,0.11400588
s07_0train_r5_t35,7,0train,5,35,1,68638,False,loso_s7,20260925,1,2,0.24862891,0.40796232,0.21515696,0.12825173
s07_0train_r5_t36,7,0train,5,36,1,70702,False,loso_s7,20260925,1,2,0.24494965,0.40803584,0.20500027,0.14201419
s07_0train_r5_t37,7,0train,5,37,1,72722,False,loso_s7,20260925,1,2,0.26174763,0.39970794,0.23212187,0.10642261
s07_0train_r5_t38,7,0train,5,38,3,74694,False,loso_s7,20260925,3,1,0.3622994,0.28772467,0.2039684,0.14600755
s07_0train_r5_t39,7,0train,5,39,3,76657,False,loso_s7,20260925,3,2,0.31404755,0.3150311,0.24594237,0.124978945
s07_0train_r5_t40,7,0train,5,40,4,78582,False,loso_s7,20260925,4,2,0.2874454,0.3311889,0.24895485,0.13241082
s07_0train_r5_t41,7,0train,5,41,2,80663,False,loso_s7,20260925,2,3,0.24204552,0.20369735,0.35420755,0.20004952
s07_0train_r5_t42,7,0train,5,42,3,82641,False,loso_s7,20260925,3,1,0.30516034,0.3014155,0.23650198,0.15692216
s07_0train_r5_t43,7,0train,5,43,3,84631,False,loso_s7,20260925,3,2,0.12461803,0.50381863,0.2453795,0.1261839
s07_0train_r5_t44,7,0train,5,44,3,86750,False,loso_s7,20260925,3,1,0.39988118,0.26457116,0.19514406,0.14040366
s07_0train_r5_t45,7,0train,5,45,4,88656,False,loso_s7,20260925,4,1,0.37318185,0.2367383,0.24531819,0.14476164
s07_0train_r5_t46,7,0train,5,46,3,90584,False,loso_s7,20260925,3,1,0.39484927,0.22937083,0.26181564,0.11396424
s07_0train_r5_t47,7,0train,5,47,1,92698,False,loso_s7,20260925,1,2,0.30529216,0.35734516,0.2027543,0.13460833
s07_0train_r5_t48,7,0train,5,48,3,94757,False,loso_s7,20260925,3,2,0.14957465,0.43407366,0.2512418,0.16510989
s07_1test_r0_t01,7,1test,0,1,1,250,False,loso_s7,20260925,1,2,0.19950508,0.47498217,0.21984299,0.10566976
s07_1test_r0_t02,7,1test,0,2,2,2253,False,loso_s7,20260925,2,2,0.23913397,0.3773779,0.2379987,0.14548942
s07_1test_r0_t03,7,1test,0,3,2,4171,False,loso_s7,20260925,2,2,0.15755822,0.39304107,0.26549786,0.18390277
s07_1test_r0_t04,7,1test,0,4,1,6123,False,loso_s7,20260925,1,1,0.34614712,0.2382834,0.25058812,0.16498132
s07_1test_r0_t05,7,1test,0,5,2,8131,False,loso_s7,20260925,2,2,0.2606642,0.29265732,0.27579442,0.17088407
s07_1test_r0_t06,7,1test,0,6,1,10242,False,loso_s7,20260925,1,3,0.2980394,0.25110948,0.30158913,0.14926197
s07_1test_r0_t07,7,1test,0,7,2,12159,False,loso_s7,20260925,2,2,0.24820618,0.31687233,0.22346722,0.21145424
s07_1test_r0_t08,7,1test,0,8,3,14209,False,loso_s7,20260925,3,2,0.2605482,0.40185407,0.21441269,0.123184994
s07_1test_r0_t09,7,1test,0,9,2,16140,False,loso_s7,20260925,2,2,0.20764838,0.41645995,0.23955873,0.1363329
s07_1test_r0_t10,7,1test,0,10,4,18138,True,loso_s7,20260925,4,2,0.22823456,0.3445485,0.28435925,0.14285772
s07_1test_r0_t11,7,1test,0,11,1,20044,False,loso_s7,20260925,1,2,0.2673317,0.37527883,0.24385749,0.11353192
s07_1test_r0_t12,7,1test,0,12,3,21939,False,loso_s7,20260925,3,2,0.23530473,0.3189205,0.28982732,0.15594746
s07_1test_r0_t13,7,1test,0,13,2,23911,False,loso_s7,20260925,2,1,0.31825817,0.27844903,0.23515904,0.16813372
s07_1test_r0_t14,7,1test,0,14,1,25855,False,loso_s7,20260925,1,2,0.23945427,0.28330475,0.22432965,0.2529113
s07_1test_r0_t15,7,1test,0,15,4,27822,False,loso_s7,20260925,4,2,0.26468477,0.2722966,0.2550613,0.20795734
s07_1test_r0_t16,7,1test,0,16,4,29942,False,loso_s7,20260925,4,1,0.37148315,0.09585619,0.22265229,0.31000835
s07_1test_r0_t17,7,1test,0,17,4,31950,False,loso_s7,20260925,4,2,0.18171072,0.30662942,0.2936666,0.21799324
s07_1test_r0_t18,7,1test,0,18,4,34016,False,loso_s7,20260925,4,2,0.274785,0.2863811,0.26562726,0.17320663
s07_1test_r0_t19,7,1test,0,19,4,36052,False,loso_s7,20260925,4,2,0.3024359,0.3165234,0.224679,0.15636164
s07_1test_r0_t20,7,1test,0,20,1,38118,False,loso_s7,20260925,1,2,0.15860789,0.4233288,0.26226145,0.15580192
s07_1test_r0_t21,7,1test,0,21,3,40188,False,loso_s7,20260925,3,2,0.233645,0.41517395,0.21050721,0.14067385
s07_1test_r0_t22,7,1test,0,22,2,42268,False,loso_s7,20260925,2,1,0.3381377,0.2991287,0.21381016,0.1489234
s07_1test_r0_t23,7,1test,0,23,1,44180,False,loso_s7,20260925,1,2,0.231929,0.3633086,0.25778243,0.14697996
s07_1test_r0_t24,7,1test,0,24,1,46211,False,loso_s7,20260925,1,2,0.2898466,0.36915386,0.23073436,0.110265136
s07_1test_r0_t25,7,1test,0,25,3,48164,False,loso_s7,20260925,3,1,0.39765415,0.29998258,0.20097998,0.10138326
s07_1test_r0_t26,7,1test,0,26,4,50125,False,loso_s7,20260925,4,2,0.23010398,0.44831324,0.2001941,0.12138866
s07_1test_r0_t27,7,1test,0,27,1,52229,False,loso_s7,20260925,1,2,0.3128517,0.31794357,0.23075338,0.13845141
s07_1test_r0_t28,7,1test,0,28,3,54233,False,loso_s7,20260925,3,2,0.25433025,0.30313057,0.24347803,0.19906116
s07_1test_r0_t29,7,1test,0,29,3,56208,False,loso_s7,20260925,3,1,0.36343274,0.25687718,0.25365487,0.12603521
s07_1test_r0_t30,7,1test,0,30,3,58234,False,loso_s7,20260925,3,2,0.19041301,0.39863423,0.2199067,0.19104606
s07_1test_r0_t31,7,1test,0,31,1,60305,False,loso_s7,20260925,1,1,0.3315413,0.21106862,0.28956652,0.16782361
s07_1test_r0_t32,7,1test,0,32,2,62412,False,loso_s7,20260925,2,1,0.65178496,0.09787589,0.15637825,0.0939609
s07_1test_r0_t33,7,1test,0,33,1,64504,False,loso_s7,20260925,1,1,0.34466237,0.25462267,0.25024825,0.15046676
s07_1test_r0_t34,7,1test,0,34,2,66595,False,loso_s7,20260925,2,2,0.13706546,0.42529508,0.2826285,0.15501092
s07_1test_r0_t35,7,1test,0,35,2,68638,False,loso_s7,20260925,2,2,0.17195335,0.416838,0.2418271,0.16938148
s07_1test_r0_t36,7,1test,0,36,1,70702,False,loso_s7,20260925,1,2,0.23408046,0.43110856,0.21698964,0.11782133
s07_1test_r0_t37,7,1test,0,37,2,72722,False,loso_s7,20260925,2,2,0.16275814,0.45044494,0.23556589,0.15123102
s07_1test_r0_t38,7,1test,0,38,3,74694,False,loso_s7,20260925,3,2,0.28028172,0.33878496,0.25855184,0.122381486
s07_1test_r0_t39,7,1test,0,39,2,76657,False,loso_s7,20260925,2,1,0.31956336,0.2923477,0.24403213,0.14405684
s07_1test_r0_t40,7,1test,0,40,3,78582,False,loso_s7,20260925,3,2,0.29408455,0.34242234,0.2410606,0.12243253
s07_1test_r0_t41,7,1test,0,41,3,80663,False,loso_s7,20260925,3,2,0.1700941,0.46980512,0.25432146,0.10577928
s07_1test_r0_t42,7,1test,0,42,4,82641,False,loso_s7,20260925,4,3,0.21577144,0.22067738,0.3459936,0.2175576
s07_1test_r0_t43,7,1test,0,43,3,84631,False,loso_s7,20260925,3,1,0.3282643,0.29861397,0.24955176,0.12356996
s07_1test_r0_t44,7,1test,0,44,3,86750,False,loso_s7,20260925,3,2,0.28704408,0.41297632,0.1563797,0.1435999
s07_1test_r0_t45,7,1test,0,45,4,88656,False,loso_s7,20260925,4,1,0.3309395,0.28222543,0.26978764,0.117047414
s07_1test_r0_t46,7,1test,0,46,4,90584,False,loso_s7,20260925,4,4,0.11645389,0.23922357,0.31188294,0.33243954
s07_1test_r0_t47,7,1test,0,47,4,92698,False,loso_s7,20260925,4,3,0.24913324,0.16418011,0.30551308,0.28117356
s07_1test_r0_t48,7,1test,0,48,4,94757,False,loso_s7,20260925,4,2,0.15265253,0.32021615,0.23443781,0.29269353
s07_1test_r1_t01,7,1test,1,1,4,250,True,loso_s7,20260925,4,2,0.2991987,0.3378042,0.24592859,0.11706852
s07_1test_r1_t02,7,1test,1,2,3,2253,False,loso_s7,20260925,3,2,0.14670086,0.5105373,0.2222551,0.12050672
s07_1test_r1_t03,7,1test,1,3,2,4171,False,loso_s7,20260925,2,2,0.32602453,0.33000395,0.22186771,0.12210376
s07_1test_r1_t04,7,1test,1,4,1,6123,False,loso_s7,20260925,1,1,0.3154128,0.2881848,0.23172705,0.16467537
s07_1test_r1_t05,7,1test,1,5,1,8131,False,loso_s7,20260925,1,2,0.20821981,0.40784705,0.22943358,0.15449952
s07_1test_r1_t06,7,1test,1,6,2,10242,False,loso_s7,20260925,2,2,0.22447965,0.33678344,0.25305447,0.18568243
s07_1test_r1_t07,7,1test,1,7,3,12159,False,loso_s7,20260925,3,2,0.26201823,0.3693177,0.22120993,0.14745419
s07_1test_r1_t08,7,1test,1,8,4,14209,False,loso_s7,20260925,4,2,0.15744677,0.29504538,0.2677576,0.2797503
s07_1test_r1_t09,7,1test,1,9,2,16140,False,loso_s7,20260925,2,1,0.4227487,0.26201665,0.18875673,0.12647794
s07_1test_r1_t10,7,1test,1,10,3,18138,False,loso_s7,20260925,3,2,0.2003528,0.38742378,0.26413074,0.1480927
s07_1test_r1_t11,7,1test,1,11,1,20044,False,loso_s7,20260925,1,1,0.37810415,0.2043648,0.25971913,0.15781194
s07_1test_r1_t12,7,1test,1,12,1,21939,False,loso_s7,20260925,1,1,0.5395813,0.16297196,0.19947203,0.09797472
s07_1test_r1_t13,7,1test,1,13,1,23911,False,loso_s7,20260925,1,2,0.27521732,0.37704307,0.20088692,0.14685272
s07_1test_r1_t14,7,1test,1,14,4,25855,False,loso_s7,20260925,4,2,0.15381461,0.40769386,0.24423814,0.19425339
s07_1test_r1_t15,7,1test,1,15,2,27822,False,loso_s7,20260925,2,1,0.30014467,0.2881405,0.22760223,0.18411255
s07_1test_r1_t16,7,1test,1,16,2,29942,False,loso_s7,20260925,2,2,0.19809827,0.3257631,0.274614,0.20152462
s07_1test_r1_t17,7,1test,1,17,1,31950,False,loso_s7,20260925,1,2,0.17544372,0.38009375,0.26894972,0.17551287
s07_1test_r1_t18,7,1test,1,18,1,34016,False,loso_s7,20260925,1,1,0.33075252,0.19396444,0.27741924,0.19786382
s07_1test_r1_t19,7,1test,1,19,3,36052,False,loso_s7,20260925,3,1,0.40195972,0.14300124,0.24369544,0.21134353
s07_1test_r1_t20,7,1test,1,20,1,38118,False,loso_s7,20260925,1,2,0.24206184,0.3622906,0.25363603,0.1420116
s07_1test_r1_t21,7,1test,1,21,2,40188,False,loso_s7,20260925,2,2,0.15414888,0.4863312,0.22655903,0.13296086
s07_1test_r1_t22,7,1test,1,22,4,42268,False,loso_s7,20260925,4,1,0.38248646,0.10144387,0.26895162,0.24711806
s07_1test_r1_t23,7,1test,1,23,4,44180,False,loso_s7,20260925,4,1,0.31710714,0.16446675,0.29767123,0.22075486
s07_1test_r1_t24,7,1test,1,24,3,46211,False,loso_s7,20260925,3,2,0.26311296,0.3350306,0.2570158,0.14484067
s07_1test_r1_t25,7,1test,1,25,1,48164,False,loso_s7,20260925,1,2,0.17300545,0.40500158,0.24869257,0.17330039
s07_1test_r1_t26,7,1test,1,26,4,50125,False,loso_s7,20260925,4,3,0.116036445,0.21564277,0.39247727,0.2758435
s07_1test_r1_t27,7,1test,1,27,4,52229,False,loso_s7,20260925,4,2,0.25995287,0.3385383,0.2769749,0.12453401
s07_1test_r1_t28,7,1test,1,28,2,54233,False,loso_s7,20260925,2,2,0.28871948,0.35113242,0.22113259,0.13901553
s07_1test_r1_t29,7,1test,1,29,4,56208,False,loso_s7,20260925,4,4,0.2920661,0.090453446,0.26424822,0.35323226
s07_1test_r1_t30,7,1test,1,30,4,58234,False,loso_s7,20260925,4,1,0.39006177,0.20303954,0.26895183,0.13794689
s07_1test_r1_t31,7,1test,1,31,2,60305,False,loso_s7,20260925,2,2,0.22864701,0.37950546,0.2358751,0.15597247
s07_1test_r1_t32,7,1test,1,32,1,62412,False,loso_s7,20260925,1,3,0.25723904,0.26891628,0.29473066,0.17911401
s07_1test_r1_t33,7,1test,1,33,2,64504,False,loso_s7,20260925,2,2,0.2844091,0.2947127,0.28023696,0.14064127
s07_1test_r1_t34,7,1test,1,34,3,66595,False,loso_s7,20260925,3,2,0.27755168,0.40963224,0.21084668,0.101969376
s07_1test_r1_t35,7,1test,1,35,3,68638,False,loso_s7,20260925,3,2,0.20014122,0.46945837,0.20247532,0.12792507
s07_1test_r1_t36,7,1test,1,36,3,70702,False,loso_s7,20260925,3,1,0.4286902,0.16321559,0.23834392,0.16975026
s07_1test_r1_t37,7,1test,1,37,4,72722,True,loso_s7,20260925,4,3,0.16039929,0.14167237,0.40324643,0.29468185
s07_1test_r1_t38,7,1test,1,38,3,74694,False,loso_s7,20260925,3,2,0.24900538,0.3103942,0.24771386,0.19288659
s07_1test_r1_t39,7,1test,1,39,1,76657,False,loso_s7,20260925,1,1,0.46019548,0.27401718,0.17016992,0.09561741
s07_1test_r1_t40,7,1test,1,40,4,78582,False,loso_s7,20260925,4,3,0.1571798,0.07273647,0.3899279,0.38015583
s07_1test_r1_t41,7,1test,1,41,2,80663,False,loso_s7,20260925,2,2,0.17309129,0.46067116,0.22802684,0.1382108
s07_1test_r1_t42,7,1test,1,42,3,82641,False,loso_s7,20260925,3,2,0.17018338,0.44104028,0.25224125,0.13653512
s07_1test_r1_t43,7,1test,1,43,2,84631,False,loso_s7,20260925,2,2,0.2855462,0.34073618,0.22079323,0.15292437
s07_1test_r1_t44,7,1test,1,44,3,86750,False,loso_s7,20260925,3,1,0.45995814,0.28232902,0.18067463,0.07703827
s07_1test_r1_t45,7,1test,1,45,4,88656,True,loso_s7,20260925,4,2,0.2955773,0.31752077,0.2098887,0.1770133
s07_1test_r1_t46,7,1test,1,46,2,90584,False,loso_s7,20260925,2,1,0.3471166,0.32394138,0.20602484,0.12291723
s07_1test_r1_t47,7,1test,1,47,3,92698,False,loso_s7,20260925,3,3,0.29654467,0.20536661,0.30653188,0.19155687
s07_1test_r1_t48,7,1test,1,48,1,94757,False,loso_s7,20260925,1,3,0.27921003,0.22239973,0.2844997,0.21389054
s07_1test_r2_t01,7,1test,2,1,1,250,False,loso_s7,20260925,1,2,0.2645883,0.3443053,0.23397614,0.15713024
s07_1test_r2_t02,7,1test,2,2,1,2253,False,loso_s7,20260925,1,2,0.27231997,0.36180642,0.23011993,0.13575363
s07_1test_r2_t03,7,1test,2,3,4,4171,False,loso_s7,20260925,4,2,0.21800247,0.32785106,0.2850484,0.16909806
s07_1test_r2_t04,7,1test,2,4,2,6123,False,loso_s7,20260925,2,2,0.23643371,0.28955773,0.2432651,0.23074348
s07_1test_r2_t05,7,1test,2,5,1,8131,False,loso_s7,20260925,1,4,0.12206671,0.17295888,0.2460115,0.45896295
s07_1test_r2_t06,7,1test,2,6,3,10242,False,loso_s7,20260925,3,2,0.29555193,0.36489713,0.21906522,0.1204857
s07_1test_r2_t07,7,1test,2,7,1,12159,False,loso_s7,20260925,1,1,0.3201021,0.25131902,0.28431407,0.14426485
s07_1test_r2_t08,7,1test,2,8,3,14209,False,loso_s7,20260925,3,2,0.18316843,0.43725565,0.24809155,0.1314843
s07_1test_r2_t09,7,1test,2,9,2,16140,False,loso_s7,20260925,2,2,0.27094752,0.30477723,0.2910194,0.13325591
s07_1test_r2_t10,7,1test,2,10,4,18138,False,loso_s7,20260925,4,4,0.30445224,0.12631725,0.2589765,0.310254
s07_1test_r2_t11,7,1test,2,11,1,20044,False,loso_s7,20260925,1,1,0.31093073,0.19988878,0.23743795,0.25174257
s07_1test_r2_t12,7,1test,2,12,3,21939,False,loso_s7,20260925,3,2,0.20788711,0.4231249,0.23630905,0.1326789
s07_1test_r2_t13,7,1test,2,13,3,23911,False,loso_s7,20260925,3,2,0.23946422,0.35773742,0.23668386,0.1661145
s07_1test_r2_t14,7,1test,2,14,1,25855,False,loso_s7,20260925,1,1,0.3317916,0.30806214,0.21662675,0.14351955
s07_1test_r2_t15,7,1test,2,15,3,27822,False,loso_s7,20260925,3,1,0.31775242,0.25374955,0.2711002,0.15739788
s07_1test_r2_t16,7,1test,2,16,2,29942,False,loso_s7,20260925,2,2,0.21593365,0.41306767,0.23855142,0.1324472
s07_1test_r2_t17,7,1test,2,17,4,31950,False,loso_s7,20260925,4,1,0.38453767,0.14862128,0.24891718,0.21792382
s07_1test_r2_t18,7,1test,2,18,4,34016,False,loso_s7,20260925,4,2,0.12829402,0.31298947,0.3004358,0.2582807
s07_1test_r2_t19,7,1test,2,19,4,36052,False,loso_s7,20260925,4,3,0.21255392,0.23557481,0.30380434,0.24806693
s07_1test_r2_t20,7,1test,2,20,3,38118,False,loso_s7,20260925,3,2,0.20727615,0.37588057,0.2656172,0.15122616
s07_1test_r2_t21,7,1test,2,21,1,40188,False,loso_s7,20260925,1,2,0.29218513,0.30094433,0.2334125,0.17345798
s07_1test_r2_t22,7,1test,2,22,4,42268,False,loso_s7,20260925,4,1,0.32923692,0.29167482,0.22873308,0.15035522
s07_1test_r2_t23,7,1test,2,23,2,44180,False,loso_s7,20260925,2,2,0.29738584,0.3249362,0.19559303,0.18208489
s07_1test_r2_t24,7,1test,2,24,4,46211,False,loso_s7,20260925,4,2,0.036371596,0.37094215,0.26004717,0.3326391
s07_1test_r2_t25,7,1test,2,25,2,48164,False,loso_s7,20260925,2,2,0.28424516,0.31783873,0.25420716,0.14370888
s07_1test_r2_t26,7,1test,2,26,1,50125,False,loso_s7,20260925,1,3,0.25389868,0.23763764,0.27908772,0.22937597
s07_1test_r2_t27,7,1test,2,27,3,52229,False,loso_s7,20260925,3,2,0.24342062,0.3810781,0.2584072,0.11709412
s07_1test_r2_t28,7,1test,2,28,2,54233,False,loso_s7,20260925,2,2,0.13578168,0.4497603,0.26440245,0.15005554
s07_1test_r2_t29,7,1test,2,29,1,56208,False,loso_s7,20260925,1,2,0.26337644,0.2980144,0.29180196,0.1468072
s07_1test_r2_t30,7,1test,2,30,3,58234,False,loso_s7,20260925,3,2,0.22042029,0.41456702,0.22779855,0.1372141
s07_1test_r2_t31,7,1test,2,31,3,60305,False,loso_s7,20260925,3,3,0.1377081,0.2902333,0.2998094,0.27224922
s07_1test_r2_t32,7,1test,2,32,1,62412,False,loso_s7,20260925,1,2,0.2778915,0.36583152,0.24696179,0.10931525
s07_1test_r2_t33,7,1test,2,33,3,64504,False,loso_s7,20260925,3,2,0.20568511,0.39292017,0.26059848,0.14079627
s07_1test_r2_t34,7,1test,2,34,4,66595,False,loso_s7,20260925,4,1,0.31581146,0.1819048,0.2609723,0.24131146
s07_1test_r2_t35,7,1test,2,35,4,68638,True,loso_s7,20260925,4,2,0.15870632,0.3353798,0.25182843,0.25408542
s07_1test_r2_t36,7,1test,2,36,2,70702,False,loso_s7,20260925,2,2,0.23606437,0.4042181,0.234146,0.12557158
s07_1test_r2_t37,7,1test,2,37,1,72722,False,loso_s7,20260925,1,2,0.2866467,0.2952949,0.2482715,0.16978692
s07_1test_r2_t38,7,1test,2,38,2,74694,False,loso_s7,20260925,2,1,0.3135799,0.3065869,0.2138687,0.16596456
s07_1test_r2_t39,7,1test,2,39,4,76657,False,loso_s7,20260925,4,4,0.123203896,0.1493213,0.26831368,0.45916116
s07_1test_r2_t40,7,1test,2,40,2,78582,False,loso_s7,20260925,2,2,0.15867943,0.41781297,0.24617964,0.177328
s07_1test_r2_t41,7,1test,2,41,4,80663,False,loso_s7,20260925,4,3,0.2124301,0.22469714,0.34865493,0.21421786
s07_1test_r2_t42,7,1test,2,42,3,82641,False,loso_s7,20260925,3,2,0.23996934,0.3118725,0.2940208,0.15413731
s07_1test_r2_t43,7,1test,2,43,2,84631,False,loso_s7,20260925,2,1,0.34345433,0.30960777,0.21870098,0.12823693
s07_1test_r2_t44,7,1test,2,44,2,86750,False,loso_s7,20260925,2,2,0.2214523,0.4365263,0.22058591,0.12143548
s07_1test_r2_t45,7,1test,2,45,2,88656,False,loso_s7,20260925,2,2,0.3204947,0.35338894,0.21007651,0.11603988
s07_1test_r2_t46,7,1test,2,46,3,90584,False,loso_s7,20260925,3,2,0.2578834,0.3228592,0.272987,0.14627042
s07_1test_r2_t47,7,1test,2,47,4,92698,False,loso_s7,20260925,4,3,0.190407,0.106125765,0.35544908,0.34801817
s07_1test_r2_t48,7,1test,2,48,1,94757,False,loso_s7,20260925,1,2,0.1670487,0.43990687,0.21428162,0.17876282
s07_1test_r3_t01,7,1test,3,1,2,250,True,loso_s7,20260925,2,3,0.27847698,0.25670907,0.28586558,0.17894842
s07_1test_r3_t02,7,1test,3,2,4,2253,False,loso_s7,20260925,4,3,0.18539827,0.25473988,0.32327676,0.23658514
s07_1test_r3_t03,7,1test,3,3,1,4171,False,loso_s7,20260925,1,2,0.26136485,0.374896,0.2275747,0.13616444
s07_1test_r3_t04,7,1test,3,4,3,6123,False,loso_s7,20260925,3,1,0.5036984,0.17667049,0.20296052,0.1166706
s07_1test_r3_t05,7,1test,3,5,3,8131,False,loso_s7,20260925,3,2,0.16242483,0.49660483,0.21780804,0.12316235
s07_1test_r3_t06,7,1test,3,6,4,10242,False,loso_s7,20260925,4,4,0.26443258,0.097220205,0.29019564,0.3481516
s07_1test_r3_t07,7,1test,3,7,1,12159,False,loso_s7,20260925,1,2,0.29402193,0.34680143,0.2311935,0.12798311
s07_1test_r3_t08,7,1test,3,8,1,14209,True,loso_s7,20260925,1,2,0.31185928,0.33106223,0.23127654,0.12580189
s07_1test_r3_t09,7,1test,3,9,3,16140,False,loso_s7,20260925,3,2,0.24389096,0.41804236,0.21568578,0.12238083
s07_1test_r3_t10,7,1test,3,10,2,18138,False,loso_s7,20260925,2,2,0.21624759,0.3573081,0.25489524,0.17154907
s07_1test_r3_t11,7,1test,3,11,4,20044,False,loso_s7,20260925,4,3,0.21578583,0.12489626,0.40538684,0.25393102
s07_1test_r3_t12,7,1test,3,12,4,21939,False,loso_s7,20260925,4,2,0.09928029,0.3529156,0.24052033,0.30728376
s07_1test_r3_t13,7,1test,3,13,4,23911,False,loso_s7,20260925,4,1,0.30738404,0.22340417,0.2743015,0.1949103
s07_1test_r3_t14,7,1test,3,14,2,25855,False,loso_s7,20260925,2,2,0.29720566,0.3224486,0.23035018,0.14999554
s07_1test_r3_t15,7,1test,3,15,1,27822,False,loso_s7,20260925,1,2,0.29495135,0.3218954,0.23294993,0.15020335
s07_1test_r3_t16,7,1test,3,16,3,29942,False,loso_s7,20260925,3,2,0.29385862,0.36802122,0.21535155,0.122768626
s07_1test_r3_t17,7,1test,3,17,2,31950,False,loso_s7,20260925,2,2,0.0637254,0.5331758,0.21008249,0.19301623
s07_1test_r3_t18,7,1test,3,18,4,34016,False,loso_s7,20260925,4,2,0.1378675,0.46578163,0.21817313,0.1781777
s07_1test_r3_t19,7,1test,3,19,1,36052,False,loso_s7,20260925,1,2,0.24989694,0.3839781,0.23335095,0.13277403
s07_1test_r3_t20,7,1test,3,20,4,38118,False,loso_s7,20260925,4,2,0.20326644,0.38933757,0.26075533,0.14664073
s07_1test_r3_t21,7,1test,3,21,3,40188,False,loso_s7,20260925,3,2,0.25598145,0.3111927,0.26299337,0.1698325
s07_1test_r3_t22,7,1test,3,22,2,42268,True,loso_s7,20260925,2,2,0.1734597,0.45661294,0.24850613,0.121421196
s07_1test_r3_t23,7,1test,3,23,4,44180,False,loso_s7,20260925,4,1,0.32607174,0.2806668,0.23346388,0.15979758
s07_1test_r3_t24,7,1test,3,24,4,46211,False,loso_s7,20260925,4,1,0.30868503,0.30088305,0.24857678,0.14185509
s07_1test_r3_t25,7,1test,3,25,1,48164,False,loso_s7,20260925,1,2,0.22217941,0.35686675,0.2530688,0.16788504
s07_1test_r3_t26,7,1test,3,26,2,50125,False,loso_s7,20260925,2,2,0.20753014,0.48440456,0.20202759,0.106037766
s07_1test_r3_t27,7,1test,3,27,2,52229,False,loso_s7,20260925,2,1,0.6592144,0.1304724,0.15472668,0.05558651
s07_1test_r3_t28,7,1test,3,28,3,54233,False,loso_s7,20260925,3,1,0.33351848,0.29818845,0.23478796,0.13350517
s07_1test_r3_t29,7,1test,3,29,4,56208,False,loso_s7,20260925,4,2,0.16815448,0.28274274,0.27263194,0.2764709
s07_1test_r3_t30,7,1test,3,30,2,58234,False,loso_s7,20260925,2,2,0.13768896,0.47989327,0.21598205,0.16643572
s07_1test_r3_t31,7,1test,3,31,1,60305,False,loso_s7,20260925,1,1,0.37927,0.23135796,0.23036359,0.15900847
s07_1test_r3_t32,7,1test,3,32,1,62412,False,loso_s7,20260925,1,1,0.39901558,0.25999314,0.20537281,0.1356185
s07_1test_r3_t33,7,1test,3,33,4,64504,False,loso_s7,20260925,4,3,0.28658316,0.23411459,0.30066773,0.17863452
s07_1test_r3_t34,7,1test,3,34,2,66595,False,loso_s7,20260925,2,2,0.26375768,0.38453695,0.21837406,0.1333313
s07_1test_r3_t35,7,1test,3,35,1,68638,False,loso_s7,20260925,1,1,0.34835362,0.22822712,0.2603421,0.16307716
s07_1test_r3_t36,7,1test,3,36,3,70702,False,loso_s7,20260925,3,2,0.12128955,0.32819465,0.29789034,0.2526255
s07_1test_r3_t37,7,1test,3,37,2,72722,False,loso_s7,20260925,2,2,0.23590223,0.29651046,0.26323146,0.20435587
s07_1test_r3_t38,7,1test,3,38,2,74694,False,loso_s7,20260925,2,2,0.2817451,0.31005836,0.24579231,0.16240421
s07_1test_r3_t39,7,1test,3,39,3,76657,False,loso_s7,20260925,3,2,0.2571132,0.2805017,0.25176278,0.21062233
s07_1test_r3_t40,7,1test,3,40,1,78582,False,loso_s7,20260925,1,1,0.3349521,0.2606716,0.21610323,0.1882731
s07_1test_r3_t41,7,1test,3,41,4,80663,False,loso_s7,20260925,4,2,0.26329118,0.32621312,0.23503606,0.17545968
s07_1test_r3_t42,7,1test,3,42,3,82641,False,loso_s7,20260925,3,2,0.2173685,0.3391862,0.25185895,0.19158635
s07_1test_r3_t43,7,1test,3,43,3,84631,False,loso_s7,20260925,3,2,0.24388319,0.4145193,0.22536527,0.11623223
s07_1test_r3_t44,7,1test,3,44,3,86750,False,loso_s7,20260925,3,2,0.23779567,0.40868637,0.22546116,0.12805675
s07_1test_r3_t45,7,1test,3,45,3,88656,False,loso_s7,20260925,3,2,0.2432984,0.35437,0.24429412,0.15803753
s07_1test_r3_t46,7,1test,3,46,1,90584,False,loso_s7,20260925,1,2,0.21633235,0.33841863,0.23214547,0.21310356
s07_1test_r3_t47,7,1test,3,47,2,92698,False,loso_s7,20260925,2,1,0.34027633,0.29834303,0.21191321,0.1494674
s07_1test_r3_t48,7,1test,3,48,1,94757,False,loso_s7,20260925,1,2,0.21126795,0.43543065,0.22400372,0.12929769
s07_1test_r4_t01,7,1test,4,1,2,250,False,loso_s7,20260925,2,2,0.29346552,0.31028113,0.23942637,0.156827
s07_1test_r4_t02,7,1test,4,2,1,2253,False,loso_s7,20260925,1,2,0.2887444,0.3721148,0.21621045,0.12293032
s07_1test_r4_t03,7,1test,4,3,1,4171,False,loso_s7,20260925,1,2,0.256468,0.31257534,0.25990185,0.17105478
s07_1test_r4_t04,7,1test,4,4,3,6123,False,loso_s7,20260925,3,2,0.22387639,0.40080324,0.2460245,0.12929595
s07_1test_r4_t05,7,1test,4,5,3,8131,False,loso_s7,20260925,3,2,0.26157758,0.3127051,0.25148824,0.17422915
s07_1test_r4_t06,7,1test,4,6,2,10242,False,loso_s7,20260925,2,1,0.36146632,0.33686107,0.17747188,0.1242007
s07_1test_r4_t07,7,1test,4,7,3,12159,False,loso_s7,20260925,3,2,0.23133563,0.29764527,0.26825687,0.20276226
s07_1test_r4_t08,7,1test,4,8,4,14209,False,loso_s7,20260925,4,3,0.21550001,0.20907262,0.31202218,0.26340514
s07_1test_r4_t09,7,1test,4,9,1,16140,False,loso_s7,20260925,1,2,0.24995597,0.39627665,0.23098138,0.12278594
s07_1test_r4_t10,7,1test,4,10,4,18138,False,loso_s7,20260925,4,2,0.12723891,0.424407,0.31296396,0.13539015
s07_1test_r4_t11,7,1test,4,11,1,20044,False,loso_s7,20260925,1,2,0.21343414,0.28149354,0.27920887,0.22586347
s07_1test_r4_t12,7,1test,4,12,1,21939,False,loso_s7,20260925,1,1,0.4941848,0.15338406,0.22103857,0.13139258
s07_1test_r4_t13,7,1test,4,13,2,23911,False,loso_s7,20260925,2,1,0.27859053,0.25591552,0.2552539,0.21024008
s07_1test_r4_t14,7,1test,4,14,4,25855,True,loso_s7,20260925,4,1,0.34120095,0.14915192,0.28392038,0.22572677
s07_1test_r4_t15,7,1test,4,15,3,27822,False,loso_s7,20260925,3,2,0.2139468,0.3561712,0.25734422,0.17253788
s07_1test_r4_t16,7,1test,4,16,2,29942,False,loso_s7,20260925,2,1,0.3626044,0.19693255,0.31270874,0.12775424
s07_1test_r4_t17,7,1test,4,17,4,31950,False,loso_s7,20260925,4,2,0.16631173,0.32357526,0.29793975,0.21217324
s07_1test_r4_t18,7,1test,4,18,3,34016,False,loso_s7,20260925,3,2,0.3294021,0.3490069,0.22855742,0.09303362
s07_1test_r4_t19,7,1test,4,19,4,36052,False,loso_s7,20260925,4,2,0.23748201,0.33732295,0.2531915,0.17200357
s07_1test_r4_t20,7,1test,4,20,3,38118,False,loso_s7,20260925,3,2,0.2758996,0.37944728,0.18842402,0.15622915
s07_1test_r4_t21,7,1test,4,21,4,40188,False,loso_s7,20260925,4,1,0.37817597,0.30812198,0.19358845,0.1201136
s07_1test_r4_t22,7,1test,4,22,2,42268,False,loso_s7,20260925,2,1,0.33025786,0.29752976,0.23629864,0.13591376
s07_1test_r4_t23,7,1test,4,23,2,44180,False,loso_s7,20260925,2,2,0.27812,0.34842223,0.22202122,0.15143652
s07_1test_r4_t24,7,1test,4,24,4,46211,False,loso_s7,20260925,4,3,0.2255748,0.27828744,0.30301437,0.19312339
s07_1test_r4_t25,7,1test,4,25,1,48164,False,loso_s7,20260925,1,2,0.33567026,0.35902387,0.2007707,0.10453513
s07_1test_r4_t26,7,1test,4,26,2,50125,True,loso_s7,20260925,2,2,0.31804237,0.36918116,0.20419313,0.1085834
s07_1test_r4_t27,7,1test,4,27,2,52229,False,loso_s7,20260925,2,1,0.35062316,0.24810366,0.2486364,0.15263674
s07_1test_r4_t28,7,1test,4,28,2,54233,False,loso_s7,20260925,2,2,0.2880986,0.3996706,0.19610101,0.116129726
s07_1test_r4_t29,7,1test,4,29,3,56208,False,loso_s7,20260925,3,2,0.25420445,0.39760402,0.22544326,0.12274825
s07_1test_r4_t30,7,1test,4,30,4,58234,False,loso_s7,20260925,4,4,0.2971626,0.1522438,0.22664122,0.3239524
s07_1test_r4_t31,7,1test,4,31,1,60305,False,loso_s7,20260925,1,2,0.21183535,0.37350684,0.25743094,0.15722688
s07_1test_r4_t32,7,1test,4,32,4,62412,False,loso_s7,20260925,4,1,0.4363348,0.17098095,0.24861263,0.14407161
s07_1test_r4_t33,7,1test,4,33,1,64504,False,loso_s7,20260925,1,3,0.24878249,0.2284279,0.36528888,0.1575007
s07_1test_r4_t34,7,1test,4,34,3,66595,False,loso_s7,20260925,3,2,0.2554021,0.37636438,0.24015276,0.12808073
s07_1test_r4_t35,7,1test,4,35,1,68638,False,loso_s7,20260925,1,2,0.24364302,0.33434892,0.24472892,0.1772792
s07_1test_r4_t36,7,1test,4,36,4,70702,False,loso_s7,20260925,4,1,0.3584723,0.32172886,0.19057657,0.12922229
s07_1test_r4_t37,7,1test,4,37,1,72722,False,loso_s7,20260925,1,2,0.2620181,0.32803327,0.24035794,0.16959067
s07_1test_r4_t38,7,1test,4,38,3,74694,False,loso_s7,20260925,3,3,0.16688159,0.22001497,0.31304184,0.30006158
s07_1test_r4_t39,7,1test,4,39,1,76657,False,loso_s7,20260925,1,3,0.21303962,0.2800887,0.30884284,0.1980288
s07_1test_r4_t40,7,1test,4,40,2,78582,False,loso_s7,20260925,2,2,0.20689018,0.42149818,0.22147694,0.15013473
s07_1test_r4_t41,7,1test,4,41,3,80663,False,loso_s7,20260925,3,1,0.3773633,0.2214024,0.2604578,0.14077654
s07_1test_r4_t42,7,1test,4,42,3,82641,False,loso_s7,20260925,3,2,0.23294471,0.39760822,0.2332022,0.13624485
s07_1test_r4_t43,7,1test,4,43,4,84631,False,loso_s7,20260925,4,1,0.3008409,0.28102094,0.25098047,0.16715768
s07_1test_r4_t44,7,1test,4,44,1,86750,False,loso_s7,20260925,1,2,0.2007304,0.36273775,0.23626386,0.20026806
s07_1test_r4_t45,7,1test,4,45,2,88656,False,loso_s7,20260925,2,2,0.22235045,0.41058967,0.24626155,0.12079838
s07_1test_r4_t46,7,1test,4,46,4,90584,False,loso_s7,20260925,4,2,0.26717523,0.31639436,0.24399605,0.17243436
s07_1test_r4_t47,7,1test,4,47,2,92698,False,loso_s7,20260925,2,1,0.32185668,0.30470675,0.24071436,0.13272221
s07_1test_r4_t48,7,1test,4,48,3,94757,False,loso_s7,20260925,3,2,0.2669931,0.39561695,0.22506486,0.11232512
s07_1test_r5_t01,7,1test,5,1,3,250,True,loso_s7,20260925,3,2,0.22120546,0.43303543,0.21552317,0.13023591
s07_1test_r5_t02,7,1test,5,2,1,2253,False,loso_s7,20260925,1,2,0.20700905,0.4148425,0.25188094,0.12626754
s07_1test_r5_t03,7,1test,5,3,4,4171,False,loso_s7,20260925,4,2,0.22324453,0.34570774,0.27118427,0.1598635
s07_1test_r5_t04,7,1test,5,4,2,6123,False,loso_s7,20260925,2,2,0.1710997,0.45195508,0.24625497,0.1306902
s07_1test_r5_t05,7,1test,5,5,4,8131,False,loso_s7,20260925,4,2,0.15448421,0.35510498,0.28568393,0.20472689
s07_1test_r5_t06,7,1test,5,6,1,10242,False,loso_s7,20260925,1,2,0.21918775,0.37839034,0.24499917,0.15742278
s07_1test_r5_t07,7,1test,5,7,1,12159,False,loso_s7,20260925,1,2,0.13502556,0.47381863,0.22206108,0.16909474
s07_1test_r5_t08,7,1test,5,8,3,14209,False,loso_s7,20260925,3,2,0.14014816,0.52057815,0.22453682,0.114736825
s07_1test_r5_t09,7,1test,5,9,3,16140,False,loso_s7,20260925,3,2,0.1515888,0.4732274,0.23104036,0.14414342
s07_1test_r5_t10,7,1test,5,10,2,18138,False,loso_s7,20260925,2,2,0.18108496,0.5022078,0.19901153,0.117695674
s07_1test_r5_t11,7,1test,5,11,4,20044,False,loso_s7,20260925,4,3,0.16048309,0.22279075,0.33046794,0.28625822
s07_1test_r5_t12,7,1test,5,12,2,21939,False,loso_s7,20260925,2,2,0.2009537,0.3740495,0.26193443,0.16306238
s07_1test_r5_t13,7,1test,5,13,2,23911,False,loso_s7,20260925,2,2,0.25824603,0.35014987,0.23573714,0.15586692
s07_1test_r5_t14,7,1test,5,14,1,25855,False,loso_s7,20260925,1,2,0.17533326,0.4696527,0.20721376,0.14780033
s07_1test_r5_t15,7,1test,5,15,2,27822,False,loso_s7,20260925,2,2,0.26245677,0.4378922,0.20367904,0.09597199
s07_1test_r5_t16,7,1test,5,16,4,29942,False,loso_s7,20260925,4,4,0.2424442,0.15462773,0.29873994,0.30418816
s07_1test_r5_t17,7,1test,5,17,4,31950,False,loso_s7,20260925,4,3,0.21873361,0.23466459,0.32949293,0.21710894
s07_1test_r5_t18,7,1test,5,18,2,34016,False,loso_s7,20260925,2,1,0.3356117,0.24626674,0.2562212,0.1619003
s07_1test_r5_t19,7,1test,5,19,2,36052,False,loso_s7,20260925,2,2,0.2686623,0.338336,0.23729342,0.15570828
s07_1test_r5_t20,7,1test,5,20,2,38118,False,loso_s7,20260925,2,2,0.17281878,0.4274566,0.25397268,0.145752
s07_1test_r5_t21,7,1test,5,21,2,40188,False,loso_s7,20260925,2,1,0.317462,0.28542015,0.2638176,0.13330029
s07_1test_r5_t22,7,1test,5,22,4,42268,False,loso_s7,20260925,4,2,0.20172013,0.28999558,0.28297353,0.22531074
s07_1test_r5_t23,7,1test,5,23,4,44180,False,loso_s7,20260925,4,4,0.20182501,0.1800201,0.27885726,0.3392976
s07_1test_r5_t24,7,1test,5,24,3,46211,False,loso_s7,20260925,3,2,0.3476485,0.34975237,0.20900996,0.09358916
s07_1test_r5_t25,7,1test,5,25,4,48164,False,loso_s7,20260925,4,3,0.25909537,0.27283168,0.2914546,0.17661841
s07_1test_r5_t26,7,1test,5,26,1,50125,False,loso_s7,20260925,1,1,0.40183085,0.21689807,0.21830879,0.16296232
s07_1test_r5_t27,7,1test,5,27,2,52229,False,loso_s7,20260925,2,1,0.3133864,0.24752927,0.2492412,0.1898431
s07_1test_r5_t28,7,1test,5,28,3,54233,False,loso_s7,20260925,3,1,0.28325835,0.26860994,0.26259527,0.18553646
s07_1test_r5_t29,7,1test,5,29,2,56208,False,loso_s7,20260925,2,2,0.1665666,0.43301702,0.26776183,0.1326546
s07_1test_r5_t30,7,1test,5,30,1,58234,False,loso_s7,20260925,1,1,0.535159,0.14782317,0.21358672,0.103431106
s07_1test_r5_t31,7,1test,5,31,4,60305,False,loso_s7,20260925,4,2,0.17339608,0.3775272,0.23231837,0.21675834
s07_1test_r5_t32,7,1test,5,32,1,62412,False,loso_s7,20260925,1,1,0.34271798,0.30282584,0.20273145,0.15172473
s07_1test_r5_t33,7,1test,5,33,4,64504,False,loso_s7,20260925,4,2,0.13890502,0.3316726,0.30098212,0.2284402
s07_1test_r5_t34,7,1test,5,34,1,66595,False,loso_s7,20260925,1,2,0.25519797,0.38116273,0.22098123,0.14265801
s07_1test_r5_t35,7,1test,5,35,1,68638,False,loso_s7,20260925,1,2,0.15352346,0.46622825,0.22216383,0.15808447
s07_1test_r5_t36,7,1test,5,36,1,70702,False,loso_s7,20260925,1,1,0.32624963,0.3091996,0.23808645,0.12646429
s07_1test_r5_t37,7,1test,5,37,1,72722,False,loso_s7,20260925,1,2,0.19342642,0.48837402,0.2140038,0.104195766
s07_1test_r5_t38,7,1test,5,38,3,74694,False,loso_s7,20260925,3,2,0.1533218,0.44653165,0.2606995,0.13944706
s07_1test_r5_t39,7,1test,5,39,3,76657,False,loso_s7,20260925,3,2,0.23131995,0.40484747,0.26378924,0.10004342
s07_1test_r5_t40,7,1test,5,40,4,78582,False,loso_s7,20260925,4,2,0.05292775,0.354411,0.27319562,0.31946564
s07_1test_r5_t41,7,1test,5,41,2,80663,False,loso_s7,20260925,2,2,0.16455567,0.47751886,0.2340869,0.12383865
s07_1test_r5_t42,7,1test,5,42,3,82641,False,loso_s7,20260925,3,2,0.19545588,0.45328587,0.20511241,0.14614578
s07_1test_r5_t43,7,1test,5,43,3,84631,False,loso_s7,20260925,3,1,0.297284,0.2763783,0.27892825,0.1474095
s07_1test_r5_t44,7,1test,5,44,3,86750,False,loso_s7,20260925,3,2,0.18545486,0.41103604,0.22906607,0.17444296
s07_1test_r5_t45,7,1test,5,45,4,88656,False,loso_s7,20260925,4,2,0.18405846,0.52069014,0.21063553,0.0846158
s07_1test_r5_t46,7,1test,5,46,3,90584,False,loso_s7,20260925,3,2,0.23365715,0.4244887,0.23076215,0.11109196
s07_1test_r5_t47,7,1test,5,47,1,92698,False,loso_s7,20260925,1,2,0.25570118,0.322318,0.24731642,0.17466438
s07_1test_r5_t48,7,1test,5,48,3,94757,False,loso_s7,20260925,3,1,0.30809268,0.23319866,0.27193192,0.18677683
s07_0train_r0_t01,7,0train,0,1,1,250,False,loso_s7,20260926,1,2,0.28173715,0.4006475,0.17634816,0.14126721
s07_0train_r0_t02,7,0train,0,2,2,2253,False,loso_s7,20260926,2,2,0.24544448,0.3520954,0.24083742,0.16162269
s07_0train_r0_t03,7,0train,0,3,2,4171,False,loso_s7,20260926,2,1,0.28025857,0.26122758,0.24902996,0.2094839
s07_0train_r0_t04,7,0train,0,4,1,6123,False,loso_s7,20260926,1,1,0.39146486,0.29135516,0.16282023,0.1543598
s07_0train_r0_t05,7,0train,0,5,2,8131,False,loso_s7,20260926,2,2,0.19148616,0.42941332,0.22936451,0.149736
s07_0train_r0_t06,7,0train,0,6,1,10242,False,loso_s7,20260926,1,1,0.34798017,0.28616974,0.19195615,0.17389393
s07_0train_r0_t07,7,0train,0,7,2,12159,False,loso_s7,20260926,2,1,0.31976435,0.31770217,0.19819014,0.16434333
s07_0train_r0_t08,7,0train,0,8,3,14209,False,loso_s7,20260926,3,2,0.28871942,0.32897654,0.22874187,0.15356216
s07_0train_r0_t09,7,0train,0,9,2,16140,False,loso_s7,20260926,2,2,0.29560727,0.35885146,0.2038213,0.14172003
s07_0train_r0_t10,7,0train,0,10,4,18138,False,loso_s7,20260926,4,2,0.2392792,0.37847945,0.2057466,0.1764947
s07_0train_r0_t11,7,0train,0,11,1,20044,False,loso_s7,20260926,1,1,0.31924224,0.29199898,0.22402646,0.16473237
s07_0train_r0_t12,7,0train,0,12,3,21939,False,loso_s7,20260926,3,1,0.3880566,0.28657663,0.19533052,0.13003625
s07_0train_r0_t13,7,0train,0,13,2,23911,False,loso_s7,20260926,2,1,0.38945457,0.29858324,0.17309256,0.13886964
s07_0train_r0_t14,7,0train,0,14,1,25855,False,loso_s7,20260926,1,1,0.3690923,0.2333977,0.194912,0.20259796
s07_0train_r0_t15,7,0train,0,15,4,27822,False,loso_s7,20260926,4,1,0.29430237,0.19051677,0.28081048,0.23437037
s07_0train_r0_t16,7,0train,0,16,4,29942,False,loso_s7,20260926,4,2,0.30291888,0.34013504,0.1953382,0.16160789
s07_0train_r0_t17,7,0train,0,17,4,31950,False,loso_s7,20260926,4,2,0.2445409,0.38047585,0.19273847,0.18224484
s07_0train_r0_t18,7,0train,0,18,4,34016,False,loso_s7,20260926,4,2,0.26341504,0.42412183,0.16410266,0.14836052
s07_0train_r0_t19,7,0train,0,19,4,36052,False,loso_s7,20260926,4,2,0.3073257,0.3080879,0.20498417,0.17960225
s07_0train_r0_t20,7,0train,0,20,1,38118,False,loso_s7,20260926,1,2,0.24917603,0.37661096,0.21291932,0.16129364
s07_0train_r0_t21,7,0train,0,21,3,40188,False,loso_s7,20260926,3,2,0.29578817,0.3220398,0.2237941,0.15837787
s07_0train_r0_t22,7,0train,0,22,2,42268,False,loso_s7,20260926,2,2,0.16631567,0.39641786,0.25623056,0.1810359
s07_0train_r0_t23,7,0train,0,23,1,44180,False,loso_s7,20260926,1,2,0.28112727,0.35577652,0.21122566,0.15187056
s07_0train_r0_t24,7,0train,0,24,1,46211,False,loso_s7,20260926,1,1,0.45932674,0.2575814,0.18223543,0.100856416
s07_0train_r0_t25,7,0train,0,25,3,48164,False,loso_s7,20260926,3,1,0.29825494,0.23790802,0.26294488,0.20089218
s07_0train_r0_t26,7,0train,0,26,4,50125,False,loso_s7,20260926,4,1,0.36742422,0.336754,0.14241755,0.15340427
s07_0train_r0_t27,7,0train,0,27,1,52229,False,loso_s7,20260926,1,1,0.34385493,0.26904064,0.22890253,0.15820184
s07_0train_r0_t28,7,0train,0,28,3,54233,False,loso_s7,20260926,3,2,0.22044824,0.3242732,0.29417074,0.16110775
s07_0train_r0_t29,7,0train,0,29,3,56208,False,loso_s7,20260926,3,2,0.22642478,0.3767966,0.22126472,0.1755138
s07_0train_r0_t30,7,0train,0,30,3,58234,True,loso_s7,20260926,3,2,0.23635843,0.34106272,0.2396482,0.18293066
s07_0train_r0_t31,7,0train,0,31,1,60305,False,loso_s7,20260926,1,1,0.35351053,0.2853682,0.20027992,0.16084139
s07_0train_r0_t32,7,0train,0,32,2,62412,False,loso_s7,20260926,2,1,0.38558015,0.18063948,0.25947464,0.17430578
s07_0train_r0_t33,7,0train,0,33,1,64504,False,loso_s7,20260926,1,1,0.37940705,0.30936253,0.17153624,0.13969424
s07_0train_r0_t34,7,0train,0,34,2,66595,False,loso_s7,20260926,2,2,0.2708759,0.3859045,0.20726661,0.13595304
s07_0train_r0_t35,7,0train,0,35,2,68638,False,loso_s7,20260926,2,2,0.31761643,0.32808903,0.19077316,0.16352133
s07_0train_r0_t36,7,0train,0,36,1,70702,False,loso_s7,20260926,1,2,0.23279844,0.4071554,0.21298952,0.14705656
s07_0train_r0_t37,7,0train,0,37,2,72722,True,loso_s7,20260926,2,2,0.26637372,0.31645477,0.23760024,0.1795713
s07_0train_r0_t38,7,0train,0,38,3,74694,False,loso_s7,20260926,3,2,0.23195733,0.37537742,0.23508193,0.15758334
s07_0train_r0_t39,7,0train,0,39,2,76657,False,loso_s7,20260926,2,2,0.2571482,0.3459935,0.21004704,0.1868112
s07_0train_r0_t40,7,0train,0,40,3,78582,False,loso_s7,20260926,3,1,0.3827385,0.21572952,0.20144814,0.2000839
s07_0train_r0_t41,7,0train,0,41,3,80663,False,loso_s7,20260926,3,2,0.22560738,0.3863039,0.21450347,0.17358525
s07_0train_r0_t42,7,0train,0,42,4,82641,False,loso_s7,20260926,4,3,0.23129824,0.24730195,0.3080041,0.21339571
s07_0train_r0_t43,7,0train,0,43,3,84631,False,loso_s7,20260926,3,2,0.20149386,0.32110646,0.26452428,0.21287543
s07_0train_r0_t44,7,0train,0,44,3,86750,True,loso_s7,20260926,3,1,0.33851665,0.28065455,0.21156545,0.16926333
s07_0train_r0_t45,7,0train,0,45,4,88656,False,loso_s7,20260926,4,3,0.27298194,0.22033289,0.29952937,0.20715584
s07_0train_r0_t46,7,0train,0,46,4,90584,False,loso_s7,20260926,4,3,0.22140439,0.21034314,0.29239202,0.27586046
s07_0train_r0_t47,7,0train,0,47,4,92698,False,loso_s7,20260926,4,1,0.37426382,0.25429782,0.16528794,0.20615035
s07_0train_r0_t48,7,0train,0,48,4,94757,False,loso_s7,20260926,4,2,0.20748134,0.35351554,0.22168536,0.21731777
s07_0train_r1_t01,7,0train,1,1,4,250,False,loso_s7,20260926,4,2,0.21788016,0.4320512,0.20687976,0.14318888
s07_0train_r1_t02,7,0train,1,2,3,2253,False,loso_s7,20260926,3,2,0.3177415,0.34718877,0.19277693,0.14229277
s07_0train_r1_t03,7,0train,1,3,2,4171,False,loso_s7,20260926,2,2,0.3110534,0.35771224,0.18310037,0.14813396
s07_0train_r1_t04,7,0train,1,4,1,6123,False,loso_s7,20260926,1,2,0.24033543,0.40408114,0.18564852,0.16993493
s07_0train_r1_t05,7,0train,1,5,1,8131,False,loso_s7,20260926,1,2,0.2435176,0.33337134,0.21282698,0.21028405
s07_0train_r1_t06,7,0train,1,6,2,10242,False,loso_s7,20260926,2,1,0.3333256,0.22161442,0.21561658,0.22944345
s07_0train_r1_t07,7,0train,1,7,3,12159,True,loso_s7,20260926,3,2,0.30028135,0.3091231,0.23281251,0.15778299
s07_0train_r1_t08,7,0train,1,8,4,14209,False,loso_s7,20260926,4,1,0.438735,0.36464742,0.09596602,0.10065155
s07_0train_r1_t09,7,0train,1,9,2,16140,False,loso_s7,20260926,2,1,0.35474056,0.26476267,0.20633559,0.17416115
s07_0train_r1_t10,7,0train,1,10,3,18138,False,loso_s7,20260926,3,2,0.22824062,0.37737954,0.22623761,0.16814226
s07_0train_r1_t11,7,0train,1,11,1,20044,False,loso_s7,20260926,1,1,0.33434555,0.2905092,0.18930615,0.18583913
s07_0train_r1_t12,7,0train,1,12,1,21939,False,loso_s7,20260926,1,2,0.23152201,0.34404504,0.23841648,0.1860165
s07_0train_r1_t13,7,0train,1,13,1,23911,False,loso_s7,20260926,1,2,0.28685296,0.32687962,0.18681508,0.19945236
s07_0train_r1_t14,7,0train,1,14,4,25855,False,loso_s7,20260926,4,2,0.19661762,0.34423068,0.22472203,0.23442961
s07_0train_r1_t15,7,0train,1,15,2,27822,False,loso_s7,20260926,2,2,0.18299426,0.4057439,0.23911163,0.17215024
s07_0train_r1_t16,7,0train,1,16,2,29942,False,loso_s7,20260926,2,1,0.32764697,0.29645297,0.19921418,0.17668581
s07_0train_r1_t17,7,0train,1,17,1,31950,False,loso_s7,20260926,1,2,0.29840854,0.31050336,0.23252393,0.15856412
s07_0train_r1_t18,7,0train,1,18,1,34016,True,loso_s7,20260926,1,1,0.27572143,0.2604565,0.2725363,0.19128577
s07_0train_r1_t19,7,0train,1,19,3,36052,False,loso_s7,20260926,3,1,0.27844426,0.24994883,0.25843507,0.21317181
s07_0train_r1_t20,7,0train,1,20,1,38118,False,loso_s7,20260926,1,2,0.27682143,0.36443657,0.19383559,0.16490647
s07_0train_r1_t21,7,0train,1,21,2,40188,False,loso_s7,20260926,2,3,0.26266032,0.23673351,0.26848328,0.23212288
s07_0train_r1_t22,7,0train,1,22,4,42268,False,loso_s7,20260926,4,4,0.22818498,0.15104961,0.27133468,0.34943074
s07_0train_r1_t23,7,0train,1,23,4,44180,False,loso_s7,20260926,4,2,0.2413434,0.44507188,0.17163275,0.14195198
s07_0train_r1_t24,7,0train,1,24,3,46211,False,loso_s7,20260926,3,1,0.3426405,0.20773484,0.24868517,0.20093949
s07_0train_r1_t25,7,0train,1,25,1,48164,False,loso_s7,20260926,1,1,0.355588,0.26780057,0.19795984,0.17865168
s07_0train_r1_t26,7,0train,1,26,4,50125,False,loso_s7,20260926,4,2,0.12445722,0.40214252,0.30288988,0.17051043
s07_0train_r1_t27,7,0train,1,27,4,52229,False,loso_s7,20260926,4,1,0.38597694,0.29130545,0.18226087,0.14045674
s07_0train_r1_t28,7,0train,1,28,2,54233,False,loso_s7,20260926,2,2,0.29539505,0.3163368,0.22397764,0.16429052
s07_0train_r1_t29,7,0train,1,29,4,56208,False,loso_s7,20260926,4,1,0.52395093,0.067166716,0.16987601,0.23900631
s07_0train_r1_t30,7,0train,1,30,4,58234,False,loso_s7,20260926,4,1,0.34761202,0.23021235,0.1880558,0.23411979
s07_0train_r1_t31,7,0train,1,31,2,60305,False,loso_s7,20260926,2,1,0.43803433,0.24907719,0.1787882,0.13410029
s07_0train_r1_t32,7,0train,1,32,1,62412,False,loso_s7,20260926,1,1,0.41938788,0.28023237,0.16603422,0.13434556
s07_0train_r1_t33,7,0train,1,33,2,64504,True,loso_s7,20260926,2,2,0.33809617,0.37440813,0.14942048,0.1380752
s07_0train_r1_t34,7,0train,1,34,3,66595,False,loso_s7,20260926,3,2,0.2827785,0.3822619,0.18149744,0.15346219
s07_0train_r1_t35,7,0train,1,35,3,68638,False,loso_s7,20260926,3,1,0.5976159,0.13439636,0.17216046,0.09582731
s07_0train_r1_t36,7,0train,1,36,3,70702,True,loso_s7,20260926,3,1,0.34739712,0.29471374,0.2183546,0.13953461
s07_0train_r1_t37,7,0train,1,37,4,72722,False,loso_s7,20260926,4,2,0.19244401,0.47144842,0.17415561,0.16195202
s07_0train_r1_t38,7,0train,1,38,3,74694,False,loso_s7,20260926,3,2,0.18959676,0.35489944,0.24605675,0.20944704
s07_0train_r1_t39,7,0train,1,39,1,76657,False,loso_s7,20260926,1,2,0.28191465,0.35267836,0.20327386,0.16213311
s07_0train_r1_t40,7,0train,1,40,4,78582,False,loso_s7,20260926,4,3,0.26025486,0.18525726,0.3342895,0.22019845
s07_0train_r1_t41,7,0train,1,41,2,80663,False,loso_s7,20260926,2,1,0.38948014,0.26752105,0.19329602,0.14970276
s07_0train_r1_t42,7,0train,1,42,3,82641,False,loso_s7,20260926,3,1,0.43443373,0.11419753,0.25703976,0.194329
s07_0train_r1_t43,7,0train,1,43,2,84631,False,loso_s7,20260926,2,2,0.23496205,0.3835401,0.20476256,0.17673524
s07_0train_r1_t44,7,0train,1,44,3,86750,False,loso_s7,20260926,3,2,0.26983944,0.35896388,0.23110832,0.1400884
s07_0train_r1_t45,7,0train,1,45,4,88656,False,loso_s7,20260926,4,1,0.3381737,0.16222283,0.2293395,0.27026397
s07_0train_r1_t46,7,0train,1,46,2,90584,False,loso_s7,20260926,2,2,0.3524758,0.38132018,0.14335525,0.12284872
s07_0train_r1_t47,7,0train,1,47,3,92698,False,loso_s7,20260926,3,2,0.2509935,0.34716696,0.24616618,0.15567338
s07_0train_r1_t48,7,0train,1,48,1,94757,False,loso_s7,20260926,1,2,0.27714762,0.30375117,0.22147812,0.1976231
s07_0train_r2_t01,7,0train,2,1,1,250,False,loso_s7,20260926,1,2,0.22479226,0.3765932,0.24223286,0.15638168
s07_0train_r2_t02,7,0train,2,2,1,2253,False,loso_s7,20260926,1,1,0.33096287,0.22266132,0.24298362,0.20339221
s07_0train_r2_t03,7,0train,2,3,4,4171,False,loso_s7,20260926,4,2,0.29361424,0.35649922,0.17400579,0.17588073
s07_0train_r2_t04,7,0train,2,4,2,6123,False,loso_s7,20260926,2,2,0.22149022,0.35410076,0.2454148,0.17899425
s07_0train_r2_t05,7,0train,2,5,1,8131,False,loso_s7,20260926,1,2,0.22326763,0.42566738,0.18080008,0.17026491
s07_0train_r2_t06,7,0train,2,6,3,10242,False,loso_s7,20260926,3,2,0.11630986,0.33380157,0.33012065,0.21976794
s07_0train_r2_t07,7,0train,2,7,1,12159,False,loso_s7,20260926,1,2,0.26503164,0.35093096,0.20132878,0.18270868
s07_0train_r2_t08,7,0train,2,8,3,14209,False,loso_s7,20260926,3,2,0.30886918,0.32181656,0.17793487,0.19137934
s07_0train_r2_t09,7,0train,2,9,2,16140,False,loso_s7,20260926,2,1,0.35816017,0.26206297,0.2098021,0.16997485
s07_0train_r2_t10,7,0train,2,10,4,18138,False,loso_s7,20260926,4,1,0.37682936,0.22378609,0.21177371,0.18761082
s07_0train_r2_t11,7,0train,2,11,1,20044,True,loso_s7,20260926,1,2,0.2715698,0.30733588,0.2551993,0.16589497
s07_0train_r2_t12,7,0train,2,12,3,21939,False,loso_s7,20260926,3,2,0.3075496,0.35969192,0.19190216,0.14085636
s07_0train_r2_t13,7,0train,2,13,3,23911,False,loso_s7,20260926,3,1,0.35221252,0.24457692,0.20655264,0.19665793
s07_0train_r2_t14,7,0train,2,14,1,25855,True,loso_s7,20260926,1,1,0.36380538,0.26411378,0.2129805,0.15910037
s07_0train_r2_t15,7,0train,2,15,3,27822,True,loso_s7,20260926,3,1,0.38010785,0.29541615,0.1814909,0.14298505
s07_0train_r2_t16,7,0train,2,16,2,29942,False,loso_s7,20260926,2,1,0.48623207,0.1849091,0.20030214,0.12855662
s07_0train_r2_t17,7,0train,2,17,4,31950,False,loso_s7,20260926,4,1,0.34062228,0.24506548,0.21506734,0.19924493
s07_0train_r2_t18,7,0train,2,18,4,34016,False,loso_s7,20260926,4,2,0.2574627,0.4090963,0.17228286,0.16115816
s07_0train_r2_t19,7,0train,2,19,4,36052,False,loso_s7,20260926,4,4,0.0982239,0.28151336,0.2885504,0.33171228
s07_0train_r2_t20,7,0train,2,20,3,38118,False,loso_s7,20260926,3,2,0.25932628,0.38670272,0.19350989,0.16046114
s07_0train_r2_t21,7,0train,2,21,1,40188,False,loso_s7,20260926,1,1,0.2947593,0.24980052,0.25689343,0.19854674
s07_0train_r2_t22,7,0train,2,22,4,42268,False,loso_s7,20260926,4,2,0.20397237,0.38127306,0.23994517,0.17480941
s07_0train_r2_t23,7,0train,2,23,2,44180,False,loso_s7,20260926,2,2,0.22216034,0.38406888,0.2002582,0.19351253
s07_0train_r2_t24,7,0train,2,24,4,46211,False,loso_s7,20260926,4,1,0.36657268,0.133592,0.24023828,0.259597
s07_0train_r2_t25,7,0train,2,25,2,48164,False,loso_s7,20260926,2,2,0.23827653,0.37853226,0.22578858,0.15740268
s07_0train_r2_t26,7,0train,2,26,1,50125,False,loso_s7,20260926,1,1,0.35744396,0.30962014,0.20376937,0.12916656
s07_0train_r2_t27,7,0train,2,27,3,52229,False,loso_s7,20260926,3,2,0.23540623,0.39762226,0.19412108,0.17285037
s07_0train_r2_t28,7,0train,2,28,2,54233,False,loso_s7,20260926,2,1,0.2951631,0.29413065,0.24160123,0.16910502
s07_0train_r2_t29,7,0train,2,29,1,56208,False,loso_s7,20260926,1,1,0.3604928,0.30055344,0.16615632,0.17279752
s07_0train_r2_t30,7,0train,2,30,3,58234,False,loso_s7,20260926,3,2,0.16962439,0.4457731,0.23966601,0.14493649
s07_0train_r2_t31,7,0train,2,31,3,60305,False,loso_s7,20260926,3,2,0.23847148,0.41962343,0.18976521,0.15213995
s07_0train_r2_t32,7,0train,2,32,1,62412,False,loso_s7,20260926,1,2,0.27758032,0.32988504,0.21353525,0.17899933
s07_0train_r2_t33,7,0train,2,33,3,64504,False,loso_s7,20260926,3,2,0.19616294,0.40744278,0.2443757,0.15201862
s07_0train_r2_t34,7,0train,2,34,4,66595,False,loso_s7,20260926,4,1,0.3997871,0.14744619,0.24056233,0.21220437
s07_0train_r2_t35,7,0train,2,35,4,68638,False,loso_s7,20260926,4,1,0.33090994,0.11526575,0.2443706,0.30945373
s07_0train_r2_t36,7,0train,2,36,2,70702,False,loso_s7,20260926,2,1,0.29822093,0.29379037,0.2362244,0.1717643
s07_0train_r2_t37,7,0train,2,37,1,72722,False,loso_s7,20260926,1,2,0.28773496,0.30653828,0.2075035,0.1982233
s07_0train_r2_t38,7,0train,2,38,2,74694,True,loso_s7,20260926,2,2,0.28160372,0.3855589,0.15494475,0.1778926
s07_0train_r2_t39,7,0train,2,39,4,76657,False,loso_s7,20260926,4,4,0.26418048,0.10315984,0.18343687,0.44922286
s07_0train_r2_t40,7,0train,2,40,2,78582,False,loso_s7,20260926,2,1,0.38866735,0.2809718,0.17444783,0.15591307
s07_0train_r2_t41,7,0train,2,41,4,80663,False,loso_s7,20260926,4,1,0.38221657,0.3039419,0.14080843,0.17303313
s07_0train_r2_t42,7,0train,2,42,3,82641,False,loso_s7,20260926,3,1,0.36317256,0.29279146,0.20137683,0.14265913
s07_0train_r2_t43,7,0train,2,43,2,84631,False,loso_s7,20260926,2,2,0.26942205,0.4405951,0.14580047,0.14418241
s07_0train_r2_t44,7,0train,2,44,2,86750,False,loso_s7,20260926,2,2,0.18667658,0.30495915,0.25999546,0.24836883
s07_0train_r2_t45,7,0train,2,45,2,88656,False,loso_s7,20260926,2,1,0.41304767,0.13329096,0.20368525,0.24997611
s07_0train_r2_t46,7,0train,2,46,3,90584,False,loso_s7,20260926,3,2,0.25506133,0.2893504,0.27210036,0.1834879
s07_0train_r2_t47,7,0train,2,47,4,92698,False,loso_s7,20260926,4,1,0.37931725,0.15725999,0.21798918,0.24543363
s07_0train_r2_t48,7,0train,2,48,1,94757,False,loso_s7,20260926,1,1,0.3553317,0.30693495,0.19990872,0.13782461
s07_0train_r3_t01,7,0train,3,1,2,250,False,loso_s7,20260926,2,2,0.3317481,0.3704741,0.18389893,0.113878846
s07_0train_r3_t02,7,0train,3,2,4,2253,True,loso_s7,20260926,4,2,0.25551754,0.3537929,0.17843227,0.21225733
s07_0train_r3_t03,7,0train,3,3,1,4171,False,loso_s7,20260926,1,2,0.2781356,0.38149312,0.19340974,0.14696151
s07_0train_r3_t04,7,0train,3,4,3,6123,False,loso_s7,20260926,3,2,0.34570485,0.3843853,0.114257395,0.15565248
s07_0train_r3_t05,7,0train,3,5,3,8131,False,loso_s7,20260926,3,2,0.2478232,0.32178864,0.2236755,0.20671266
s07_0train_r3_t06,7,0train,3,6,4,10242,False,loso_s7,20260926,4,2,0.22793038,0.4674614,0.18447585,0.120132454
s07_0train_r3_t07,7,0train,3,7,1,12159,False,loso_s7,20260926,1,2,0.32689744,0.3438437,0.19823942,0.13101946
s07_0train_r3_t08,7,0train,3,8,1,14209,False,loso_s7,20260926,1,1,0.37149197,0.338066,0.14766693,0.14277507
s07_0train_r3_t09,7,0train,3,9,3,16140,False,loso_s7,20260926,3,2,0.25132868,0.37866557,0.22334765,0.14665808
s07_0train_r3_t10,7,0train,3,10,2,18138,False,loso_s7,20260926,2,1,0.41116047,0.28205615,0.1615909,0.14519247
s07_0train_r3_t11,7,0train,3,11,4,20044,False,loso_s7,20260926,4,1,0.43407154,0.20230587,0.17746261,0.18616003
s07_0train_r3_t12,7,0train,3,12,4,21939,False,loso_s7,20260926,4,2,0.2672533,0.31229925,0.22297724,0.1974702
s07_0train_r3_t13,7,0train,3,13,4,23911,False,loso_s7,20260926,4,2,0.24881846,0.42104664,0.17434256,0.1557923
s07_0train_r3_t14,7,0train,3,14,2,25855,False,loso_s7,20260926,2,1,0.50926524,0.23876226,0.1305824,0.12139008
s07_0train_r3_t15,7,0train,3,15,1,27822,False,loso_s7,20260926,1,2,0.22721942,0.4216624,0.18272622,0.16839202
s07_0train_r3_t16,7,0train,3,16,3,29942,False,loso_s7,20260926,3,2,0.28861082,0.39864194,0.188324,0.12442319
s07_0train_r3_t17,7,0train,3,17,2,31950,True,loso_s7,20260926,2,1,0.39461303,0.28983,0.17630768,0.13924932
s07_0train_r3_t18,7,0train,3,18,4,34016,False,loso_s7,20260926,4,1,0.3434236,0.24634144,0.2390771,0.17115788
s07_0train_r3_t19,7,0train,3,19,1,36052,False,loso_s7,20260926,1,1,0.51314753,0.23805618,0.1436204,0.10517592
s07_0train_r3_t20,7,0train,3,20,4,38118,False,loso_s7,20260926,4,1,0.30320007,0.22353595,0.19179401,0.28147
s07_0train_r3_t21,7,0train,3,21,3,40188,False,loso_s7,20260926,3,2,0.2921668,0.42294,0.17279477,0.1120984
s07_0train_r3_t22,7,0train,3,22,2,42268,False,loso_s7,20260926,2,1,0.343331,0.3194823,0.16690308,0.17028359
s07_0train_r3_t23,7,0train,3,23,4,44180,False,loso_s7,20260926,4,1,0.4280877,0.21177952,0.18110357,0.17902923
s07_0train_r3_t24,7,0train,3,24,4,46211,False,loso_s7,20260926,4,2,0.23695154,0.43456802,0.1854735,0.14300698
s07_0train_r3_t25,7,0train,3,25,1,48164,False,loso_s7,20260926,1,2,0.30525562,0.38156807,0.16600487,0.14717145
s07_0train_r3_t26,7,0train,3,26,2,50125,True,loso_s7,20260926,2,2,0.2754935,0.395052,0.16733053,0.16212402
s07_0train_r3_t27,7,0train,3,27,2,52229,False,loso_s7,20260926,2,2,0.20297174,0.4344503,0.20603651,0.15654139
s07_0train_r3_t28,7,0train,3,28,3,54233,False,loso_s7,20260926,3,2,0.2593036,0.43429294,0.18324816,0.12315532
s07_0train_r3_t29,7,0train,3,29,4,56208,False,loso_s7,20260926,4,2,0.21675932,0.37779027,0.22484128,0.18060909
s07_0train_r3_t30,7,0train,3,30,2,58234,False,loso_s7,20260926,2,1,0.3738282,0.32551557,0.16600263,0.13465354
s07_0train_r3_t31,7,0train,3,31,1,60305,False,loso_s7,20260926,1,2,0.29054254,0.38034803,0.17647156,0.1526378
s07_0train_r3_t32,7,0train,3,32,1,62412,False,loso_s7,20260926,1,1,0.45601204,0.16589235,0.23438832,0.14370732
s07_0train_r3_t33,7,0train,3,33,4,64504,False,loso_s7,20260926,4,3,0.20594968,0.24193752,0.31567845,0.23643436
s07_0train_r3_t34,7,0train,3,34,2,66595,False,loso_s7,20260926,2,2,0.14241731,0.45683554,0.23078309,0.16996403
s07_0train_r3_t35,7,0train,3,35,1,68638,False,loso_s7,20260926,1,2,0.3296666,0.34759358,0.18268602,0.14005384
s07_0train_r3_t36,7,0train,3,36,3,70702,False,loso_s7,20260926,3,2,0.2322211,0.43919688,0.18187635,0.14670567
s07_0train_r3_t37,7,0train,3,37,2,72722,False,loso_s7,20260926,2,1,0.28943828,0.22339264,0.23370294,0.25346613
s07_0train_r3_t38,7,0train,3,38,2,74694,False,loso_s7,20260926,2,2,0.22407304,0.39134702,0.19539994,0.18918003
s07_0train_r3_t39,7,0train,3,39,3,76657,False,loso_s7,20260926,3,2,0.25047284,0.30480292,0.2730666,0.17165768
s07_0train_r3_t40,7,0train,3,40,1,78582,False,loso_s7,20260926,1,1,0.3214698,0.31655514,0.191249,0.17072605
s07_0train_r3_t41,7,0train,3,41,4,80663,False,loso_s7,20260926,4,2,0.25585267,0.36510867,0.20608102,0.1729576
s07_0train_r3_t42,7,0train,3,42,3,82641,False,loso_s7,20260926,3,2,0.29563662,0.3200213,0.21988374,0.16445836
s07_0train_r3_t43,7,0train,3,43,3,84631,False,loso_s7,20260926,3,2,0.32070157,0.35381728,0.16856596,0.1569152
s07_0train_r3_t44,7,0train,3,44,3,86750,False,loso_s7,20260926,3,1,0.37213528,0.34766418,0.1523983,0.12780216
s07_0train_r3_t45,7,0train,3,45,3,88656,False,loso_s7,20260926,3,2,0.3026369,0.33341062,0.20231874,0.16163372
s07_0train_r3_t46,7,0train,3,46,1,90584,True,loso_s7,20260926,1,1,0.33152115,0.2783957,0.23401003,0.15607308
s07_0train_r3_t47,7,0train,3,47,2,92698,False,loso_s7,20260926,2,1,0.28661114,0.27120233,0.24090028,0.20128627
s07_0train_r3_t48,7,0train,3,48,1,94757,False,loso_s7,20260926,1,2,0.30499095,0.3226152,0.19519897,0.17719488
s07_0train_r4_t01,7,0train,4,1,2,250,False,loso_s7,20260926,2,1,0.33567554,0.2966986,0.20447622,0.16314958
s07_0train_r4_t02,7,0train,4,2,1,2253,False,loso_s7,20260926,1,1,0.3929221,0.3269602,0.1482982,0.13181941
s07_0train_r4_t03,7,0train,4,3,1,4171,True,loso_s7,20260926,1,1,0.36031836,0.24221197,0.22147557,0.17599413
s07_0train_r4_t04,7,0train,4,4,3,6123,False,loso_s7,20260926,3,2,0.23757705,0.31625733,0.2748801,0.17128548
s07_0train_r4_t05,7,0train,4,5,3,8131,False,loso_s7,20260926,3,2,0.284907,0.35275048,0.1779326,0.18440999
s07_0train_r4_t06,7,0train,4,6,2,10242,False,loso_s7,20260926,2,1,0.3796108,0.28762922,0.19234721,0.14041273
s07_0train_r4_t07,7,0train,4,7,3,12159,False,loso_s7,20260926,3,1,0.29793644,0.27012557,0.22301216,0.20892586
s07_0train_r4_t08,7,0train,4,8,4,14209,False,loso_s7,20260926,4,2,0.2306081,0.3245498,0.24321142,0.20163071
s07_0train_r4_t09,7,0train,4,9,1,16140,False,loso_s7,20260926,1,1,0.3941404,0.27267006,0.20750856,0.12568101
s07_0train_r4_t10,7,0train,4,10,4,18138,False,loso_s7,20260926,4,1,0.3711303,0.24902356,0.19480339,0.18504277
s07_0train_r4_t11,7,0train,4,11,1,20044,False,loso_s7,20260926,1,2,0.23187295,0.39222953,0.20243959,0.1734579
s07_0train_r4_t12,7,0train,4,12,1,21939,False,loso_s7,20260926,1,2,0.2872295,0.3600168,0.17392209,0.17883159
s07_0train_r4_t13,7,0train,4,13,2,23911,False,loso_s7,20260926,2,2,0.29580325,0.36711645,0.18415956,0.15292077
s07_0train_r4_t14,7,0train,4,14,4,25855,False,loso_s7,20260926,4,1,0.4107152,0.20097625,0.22001486,0.16829371
s07_0train_r4_t15,7,0train,4,15,3,27822,False,loso_s7,20260926,3,1,0.36708647,0.23694304,0.20671564,0.18925485
s07_0train_r4_t16,7,0train,4,16,2,29942,False,loso_s7,20260926,2,1,0.33008856,0.27787337,0.22411937,0.16791876
s07_0train_r4_t17,7,0train,4,17,4,31950,False,loso_s7,20260926,4,1,0.32917783,0.27399385,0.21096466,0.18586366
s07_0train_r4_t18,7,0train,4,18,3,34016,False,loso_s7,20260926,3,1,0.3906242,0.20107442,0.2021354,0.2061659
s07_0train_r4_t19,7,0train,4,19,4,36052,False,loso_s7,20260926,4,1,0.3722409,0.27091786,0.18622345,0.17061782
s07_0train_r4_t20,7,0train,4,20,3,38118,False,loso_s7,20260926,3,1,0.4089176,0.20191926,0.21413954,0.17502357
s07_0train_r4_t21,7,0train,4,21,4,40188,False,loso_s7,20260926,4,2,0.27924013,0.31629506,0.21326691,0.19119789
s07_0train_r4_t22,7,0train,4,22,2,42268,False,loso_s7,20260926,2,1,0.36935392,0.2736808,0.2131695,0.14379586
s07_0train_r4_t23,7,0train,4,23,2,44180,False,loso_s7,20260926,2,1,0.42120925,0.21585809,0.16191402,0.20101866
s07_0train_r4_t24,7,0train,4,24,4,46211,False,loso_s7,20260926,4,1,0.3074807,0.26125622,0.2538196,0.17744344
s07_0train_r4_t25,7,0train,4,25,1,48164,False,loso_s7,20260926,1,2,0.2636244,0.35936424,0.22426085,0.15275046
s07_0train_r4_t26,7,0train,4,26,2,50125,False,loso_s7,20260926,2,1,0.35044473,0.3276607,0.18913075,0.13276382
s07_0train_r4_t27,7,0train,4,27,2,52229,True,loso_s7,20260926,2,1,0.2790924,0.26293984,0.25641415,0.20155363
s07_0train_r4_t28,7,0train,4,28,2,54233,False,loso_s7,20260926,2,2,0.18955408,0.45457998,0.21014208,0.1457239
s07_0train_r4_t29,7,0train,4,29,3,56208,False,loso_s7,20260926,3,1,0.35126486,0.19233964,0.24953847,0.206857
s07_0train_r4_t30,7,0train,4,30,4,58234,False,loso_s7,20260926,4,1,0.3151426,0.15940948,0.2650941,0.2603539
s07_0train_r4_t31,7,0train,4,31,1,60305,False,loso_s7,20260926,1,1,0.4254159,0.25993156,0.18120974,0.13344283
s07_0train_r4_t32,7,0train,4,32,4,62412,False,loso_s7,20260926,4,1,0.33748934,0.18153337,0.24764064,0.23333669
s07_0train_r4_t33,7,0train,4,33,1,64504,False,loso_s7,20260926,1,1,0.39197308,0.2780483,0.17965366,0.15032496
s07_0train_r4_t34,7,0train,4,34,3,66595,False,loso_s7,20260926,3,3,0.24370654,0.29247975,0.29983288,0.16398087
s07_0train_r4_t35,7,0train,4,35,1,68638,False,loso_s7,20260926,1,2,0.21437064,0.4165138,0.22235419,0.14676136
s07_0train_r4_t36,7,0train,4,36,4,70702,False,loso_s7,20260926,4,1,0.37620965,0.1828918,0.2196562,0.22124237
s07_0train_r4_t37,7,0train,4,37,1,72722,False,loso_s7,20260926,1,2,0.22510722,0.37311378,0.21241625,0.18936278
s07_0train_r4_t38,7,0train,4,38,3,74694,False,loso_s7,20260926,3,1,0.4339552,0.27386218,0.13034593,0.1618367
s07_0train_r4_t39,7,0train,4,39,1,76657,False,loso_s7,20260926,1,2,0.2651813,0.49611142,0.12198769,0.11671958
s07_0train_r4_t40,7,0train,4,40,2,78582,False,loso_s7,20260926,2,1,0.3608577,0.276186,0.18706475,0.1758915
s07_0train_r4_t41,7,0train,4,41,3,80663,False,loso_s7,20260926,3,2,0.31762382,0.33186412,0.1982645,0.15224756
s07_0train_r4_t42,7,0train,4,42,3,82641,False,loso_s7,20260926,3,2,0.2188418,0.34149292,0.25090948,0.18875578
s07_0train_r4_t43,7,0train,4,43,4,84631,False,loso_s7,20260926,4,2,0.27069658,0.44182476,0.16054161,0.12693708
s07_0train_r4_t44,7,0train,4,44,1,86750,False,loso_s7,20260926,1,2,0.24590738,0.33101624,0.26974484,0.15333156
s07_0train_r4_t45,7,0train,4,45,2,88656,False,loso_s7,20260926,2,2,0.30696633,0.44627112,0.14463755,0.10212494
s07_0train_r4_t46,7,0train,4,46,4,90584,False,loso_s7,20260926,4,1,0.3593007,0.29251423,0.18894301,0.15924203
s07_0train_r4_t47,7,0train,4,47,2,92698,False,loso_s7,20260926,2,2,0.3198798,0.32726574,0.19928317,0.15357123
s07_0train_r4_t48,7,0train,4,48,3,94757,False,loso_s7,20260926,3,2,0.24996424,0.3944623,0.1961402,0.1594333
s07_0train_r5_t01,7,0train,5,1,3,250,False,loso_s7,20260926,3,2,0.27432907,0.3960921,0.19790517,0.1316736
s07_0train_r5_t02,7,0train,5,2,1,2253,False,loso_s7,20260926,1,2,0.33141398,0.3581208,0.19674195,0.11372327
s07_0train_r5_t03,7,0train,5,3,4,4171,False,loso_s7,20260926,4,2,0.26460811,0.33758366,0.23099446,0.1668137
s07_0train_r5_t04,7,0train,5,4,2,6123,False,loso_s7,20260926,2,2,0.30252382,0.35255945,0.19484629,0.15007038
s07_0train_r5_t05,7,0train,5,5,4,8131,False,loso_s7,20260926,4,2,0.21235305,0.2913964,0.27306542,0.2231851
s07_0train_r5_t06,7,0train,5,6,1,10242,False,loso_s7,20260926,1,1,0.31521446,0.30892873,0.20884632,0.1670105
s07_0train_r5_t07,7,0train,5,7,1,12159,False,loso_s7,20260926,1,1,0.39915887,0.3174724,0.15451863,0.12885004
s07_0train_r5_t08,7,0train,5,8,3,14209,False,loso_s7,20260926,3,2,0.2915181,0.31189245,0.24461792,0.15197152
s07_0train_r5_t09,7,0train,5,9,3,16140,False,loso_s7,20260926,3,2,0.17045036,0.43706432,0.23383011,0.1586552
s07_0train_r5_t10,7,0train,5,10,2,18138,False,loso_s7,20260926,2,1,0.39856452,0.3197045,0.13892478,0.14280622
s07_0train_r5_t11,7,0train,5,11,4,20044,False,loso_s7,20260926,4,1,0.34278488,0.16710158,0.26836938,0.2217441
s07_0train_r5_t12,7,0train,5,12,2,21939,False,loso_s7,20260926,2,2,0.26428577,0.4066283,0.17429271,0.15479319
s07_0train_r5_t13,7,0train,5,13,2,23911,False,loso_s7,20260926,2,1,0.37136474,0.27024922,0.1866171,0.17176892
s07_0train_r5_t14,7,0train,5,14,1,25855,False,loso_s7,20260926,1,1,0.32058725,0.23849295,0.24459594,0.19632387
s07_0train_r5_t15,7,0train,5,15,2,27822,False,loso_s7,20260926,2,2,0.2449446,0.34874532,0.21371308,0.19259706
s07_0train_r5_t16,7,0train,5,16,4,29942,False,loso_s7,20260926,4,1,0.37784025,0.34369886,0.15516369,0.12329714
s07_0train_r5_t17,7,0train,5,17,4,31950,False,loso_s7,20260926,4,1,0.35221604,0.22317857,0.24674618,0.17785919
s07_0train_r5_t18,7,0train,5,18,2,34016,False,loso_s7,20260926,2,2,0.26103035,0.3600861,0.19533046,0.18355307
s07_0train_r5_t19,7,0train,5,19,2,36052,False,loso_s7,20260926,2,2,0.23021385,0.42853567,0.20306599,0.13818458
s07_0train_r5_t20,7,0train,5,20,2,38118,False,loso_s7,20260926,2,1,0.33060217,0.30581495,0.19860226,0.16498064
s07_0train_r5_t21,7,0train,5,21,2,40188,False,loso_s7,20260926,2,2,0.22008425,0.43673676,0.20218436,0.14099465
s07_0train_r5_t22,7,0train,5,22,4,42268,False,loso_s7,20260926,4,1,0.38843632,0.18073682,0.21466587,0.21616095
s07_0train_r5_t23,7,0train,5,23,4,44180,False,loso_s7,20260926,4,1,0.435516,0.23876315,0.17437758,0.15134329
s07_0train_r5_t24,7,0train,5,24,3,46211,False,loso_s7,20260926,3,2,0.2894471,0.32229427,0.21050571,0.17775291
s07_0train_r5_t25,7,0train,5,25,4,48164,False,loso_s7,20260926,4,1,0.56669,0.22933014,0.11803233,0.08594747
s07_0train_r5_t26,7,0train,5,26,1,50125,False,loso_s7,20260926,1,2,0.34630057,0.3726346,0.16727497,0.113789834
s07_0train_r5_t27,7,0train,5,27,2,52229,False,loso_s7,20260926,2,1,0.34434018,0.27415958,0.20359695,0.17790328
s07_0train_r5_t28,7,0train,5,28,3,54233,False,loso_s7,20260926,3,2,0.25933298,0.36499307,0.20439614,0.17127779
s07_0train_r5_t29,7,0train,5,29,2,56208,False,loso_s7,20260926,2,1,0.30769613,0.30430758,0.20583005,0.18216622
s07_0train_r5_t30,7,0train,5,30,1,58234,False,loso_s7,20260926,1,2,0.33457237,0.4545516,0.101790056,0.10908588
s07_0train_r5_t31,7,0train,5,31,4,60305,False,loso_s7,20260926,4,2,0.2555536,0.32406807,0.2117685,0.20860982
s07_0train_r5_t32,7,0train,5,32,1,62412,False,loso_s7,20260926,1,1,0.39657724,0.25813058,0.1678772,0.17741495
s07_0train_r5_t33,7,0train,5,33,4,64504,False,loso_s7,20260926,4,2,0.23109286,0.3932231,0.21431997,0.16136408
s07_0train_r5_t34,7,0train,5,34,1,66595,False,loso_s7,20260926,1,1,0.43884417,0.26059887,0.15592535,0.14463156
s07_0train_r5_t35,7,0train,5,35,1,68638,False,loso_s7,20260926,1,2,0.33238307,0.3801052,0.15487276,0.132639
s07_0train_r5_t36,7,0train,5,36,1,70702,False,loso_s7,20260926,1,2,0.2910233,0.3233505,0.20658392,0.17904231
s07_0train_r5_t37,7,0train,5,37,1,72722,False,loso_s7,20260926,1,2,0.30429566,0.3827436,0.17047152,0.14248921
s07_0train_r5_t38,7,0train,5,38,3,74694,False,loso_s7,20260926,3,2,0.24527837,0.2574844,0.25069252,0.24654467
s07_0train_r5_t39,7,0train,5,39,3,76657,False,loso_s7,20260926,3,1,0.36329526,0.25410292,0.22467244,0.15792932
s07_0train_r5_t40,7,0train,5,40,4,78582,False,loso_s7,20260926,4,1,0.33702028,0.29115796,0.20607965,0.16574211
s07_0train_r5_t41,7,0train,5,41,2,80663,False,loso_s7,20260926,2,3,0.21935005,0.18374181,0.3464031,0.25050506
s07_0train_r5_t42,7,0train,5,42,3,82641,False,loso_s7,20260926,3,1,0.3574317,0.28824404,0.19348212,0.16084209
s07_0train_r5_t43,7,0train,5,43,3,84631,False,loso_s7,20260926,3,2,0.18704772,0.5323085,0.17491382,0.10572993
s07_0train_r5_t44,7,0train,5,44,3,86750,False,loso_s7,20260926,3,2,0.31456357,0.33215022,0.19110148,0.16218476
s07_0train_r5_t45,7,0train,5,45,4,88656,False,loso_s7,20260926,4,1,0.4746532,0.1879102,0.17784196,0.1595946
s07_0train_r5_t46,7,0train,5,46,3,90584,False,loso_s7,20260926,3,1,0.5401293,0.18601537,0.14407268,0.12978268
s07_0train_r5_t47,7,0train,5,47,1,92698,False,loso_s7,20260926,1,1,0.40093282,0.29827023,0.14226958,0.15852743
s07_0train_r5_t48,7,0train,5,48,3,94757,False,loso_s7,20260926,3,2,0.14295901,0.35179573,0.2946275,0.2106178
s07_1test_r0_t01,7,1test,0,1,1,250,False,loso_s7,20260926,1,2,0.2018842,0.5120687,0.16081646,0.12523064
s07_1test_r0_t02,7,1test,0,2,2,2253,False,loso_s7,20260926,2,2,0.2186673,0.42732558,0.21041676,0.14359038
s07_1test_r0_t03,7,1test,0,3,2,4171,False,loso_s7,20260926,2,2,0.20548886,0.3520065,0.23801376,0.20449087
s07_1test_r0_t04,7,1test,0,4,1,6123,False,loso_s7,20260926,1,1,0.33194134,0.23242182,0.2242234,0.21141347
s07_1test_r0_t05,7,1test,0,5,2,8131,False,loso_s7,20260926,2,1,0.41748774,0.16006859,0.22514516,0.19729847
s07_1test_r0_t06,7,1test,0,6,1,10242,False,loso_s7,20260926,1,1,0.4524467,0.15047234,0.25685847,0.14022242
s07_1test_r0_t07,7,1test,0,7,2,12159,False,loso_s7,20260926,2,1,0.30819532,0.29877385,0.22256267,0.17046809
s07_1test_r0_t08,7,1test,0,8,3,14209,False,loso_s7,20260926,3,2,0.2916603,0.38033426,0.18065631,0.14734907
s07_1test_r0_t09,7,1test,0,9,2,16140,False,loso_s7,20260926,2,2,0.2493685,0.38466147,0.21117501,0.15479507
s07_1test_r0_t10,7,1test,0,10,4,18138,True,loso_s7,20260926,4,1,0.28191438,0.2790083,0.23476343,0.20431389
s07_1test_r0_t11,7,1test,0,11,1,20044,False,loso_s7,20260926,1,1,0.46549472,0.25934651,0.14577457,0.12938422
s07_1test_r0_t12,7,1test,0,12,3,21939,False,loso_s7,20260926,3,2,0.3031203,0.3050179,0.21803036,0.17383142
s07_1test_r0_t13,7,1test,0,13,2,23911,False,loso_s7,20260926,2,1,0.35329202,0.19812727,0.22568278,0.2228979
s07_1test_r0_t14,7,1test,0,14,1,25855,False,loso_s7,20260926,1,1,0.40811267,0.23767322,0.16992086,0.18429326
s07_1test_r0_t15,7,1test,0,15,4,27822,False,loso_s7,20260926,4,1,0.35856217,0.14520966,0.24291988,0.25330824
s07_1test_r0_t16,7,1test,0,16,4,29942,False,loso_s7,20260926,4,1,0.29542053,0.13560006,0.2812984,0.28768104
s07_1test_r0_t17,7,1test,0,17,4,31950,False,loso_s7,20260926,4,2,0.1671532,0.3656722,0.24497889,0.22219568
s07_1test_r0_t18,7,1test,0,18,4,34016,False,loso_s7,20260926,4,2,0.24648155,0.34516463,0.2544023,0.1539515
s07_1test_r0_t19,7,1test,0,19,4,36052,False,loso_s7,20260926,4,1,0.33360228,0.31839243,0.15966655,0.18833877
s07_1test_r0_t20,7,1test,0,20,1,38118,False,loso_s7,20260926,1,2,0.25843897,0.3847859,0.20096278,0.15581235
s07_1test_r0_t21,7,1test,0,21,3,40188,False,loso_s7,20260926,3,2,0.24480566,0.34486732,0.22859338,0.1817336
s07_1test_r0_t22,7,1test,0,22,2,42268,False,loso_s7,20260926,2,1,0.39196515,0.26442418,0.19174601,0.1518646
s07_1test_r0_t23,7,1test,0,23,1,44180,False,loso_s7,20260926,1,1,0.42390257,0.26739907,0.16922292,0.13947548
s07_1test_r0_t24,7,1test,0,24,1,46211,False,loso_s7,20260926,1,2,0.28976768,0.31326514,0.25338337,0.14358377
s07_1test_r0_t25,7,1test,0,25,3,48164,False,loso_s7,20260926,3,1,0.41315,0.17812401,0.22746952,0.18125643
s07_1test_r0_t26,7,1test,0,26,4,50125,False,loso_s7,20260926,4,2,0.24919696,0.4645253,0.15009001,0.13618769
s07_1test_r0_t27,7,1test,0,27,1,52229,False,loso_s7,20260926,1,2,0.2605757,0.34715933,0.2145827,0.17768231
s07_1test_r0_t28,7,1test,0,28,3,54233,False,loso_s7,20260926,3,1,0.27807122,0.2692379,0.23867904,0.21401188
s07_1test_r0_t29,7,1test,0,29,3,56208,False,loso_s7,20260926,3,1,0.3847585,0.32792586,0.16035184,0.12696373
s07_1test_r0_t30,7,1test,0,30,3,58234,False,loso_s7,20260926,3,2,0.27921852,0.370766,0.14012629,0.2098892
s07_1test_r0_t31,7,1test,0,31,1,60305,False,loso_s7,20260926,1,1,0.54425126,0.1834171,0.13050511,0.14182653
s07_1test_r0_t32,7,1test,0,32,2,62412,False,loso_s7,20260926,2,1,0.6322106,0.08450005,0.15692958,0.12635979
s07_1test_r0_t33,7,1test,0,33,1,64504,False,loso_s7,20260926,1,1,0.45581946,0.20333084,0.16928595,0.17156368
s07_1test_r0_t34,7,1test,0,34,2,66595,False,loso_s7,20260926,2,2,0.14039397,0.3507577,0.31150934,0.19733903
s07_1test_r0_t35,7,1test,0,35,2,68638,False,loso_s7,20260926,2,2,0.24852522,0.34783283,0.22478005,0.17886192
s07_1test_r0_t36,7,1test,0,36,1,70702,False,loso_s7,20260926,1,1,0.47570917,0.13419075,0.22050971,0.16959034
s07_1test_r0_t37,7,1test,0,37,2,72722,False,loso_s7,20260926,2,2,0.19284776,0.3821914,0.20998831,0.21497254
s07_1test_r0_t38,7,1test,0,38,3,74694,False,loso_s7,20260926,3,1,0.36940417,0.25217605,0.22228047,0.15613934
s07_1test_r0_t39,7,1test,0,39,2,76657,False,loso_s7,20260926,2,2,0.29731977,0.3310371,0.1965985,0.1750446
s07_1test_r0_t40,7,1test,0,40,3,78582,False,loso_s7,20260926,3,1,0.38096705,0.24191013,0.20241743,0.17470542
s07_1test_r0_t41,7,1test,0,41,3,80663,False,loso_s7,20260926,3,2,0.10747709,0.49443513,0.26666132,0.13142645
s07_1test_r0_t42,7,1test,0,42,4,82641,False,loso_s7,20260926,4,1,0.32744956,0.23549703,0.22297585,0.2140776
s07_1test_r0_t43,7,1test,0,43,3,84631,False,loso_s7,20260926,3,2,0.2859311,0.2993294,0.28327304,0.13146643
s07_1test_r0_t44,7,1test,0,44,3,86750,False,loso_s7,20260926,3,1,0.40693247,0.28043073,0.15995392,0.15268287
s07_1test_r0_t45,7,1test,0,45,4,88656,False,loso_s7,20260926,4,1,0.56007934,0.22324239,0.082932755,0.13374561
s07_1test_r0_t46,7,1test,0,46,4,90584,False,loso_s7,20260926,4,4,0.10374066,0.30443794,0.25615743,0.33566397
s07_1test_r0_t47,7,1test,0,47,4,92698,False,loso_s7,20260926,4,1,0.39449495,0.1393694,0.19042224,0.27571338
s07_1test_r0_t48,7,1test,0,48,4,94757,False,loso_s7,20260926,4,2,0.19267623,0.3516759,0.22530973,0.2303381
s07_1test_r1_t01,7,1test,1,1,4,250,True,loso_s7,20260926,4,1,0.3563909,0.20290777,0.24787723,0.1928241
s07_1test_r1_t02,7,1test,1,2,3,2253,False,loso_s7,20260926,3,2,0.17855841,0.4233727,0.22608642,0.17198248
s07_1test_r1_t03,7,1test,1,3,2,4171,False,loso_s7,20260926,2,2,0.2937279,0.41390198,0.17006257,0.12230744
s07_1test_r1_t04,7,1test,1,4,1,6123,False,loso_s7,20260926,1,1,0.36246747,0.19756377,0.22765847,0.21231034
s07_1test_r1_t05,7,1test,1,5,1,8131,False,loso_s7,20260926,1,2,0.24939367,0.39200008,0.16506794,0.1935383
s07_1test_r1_t06,7,1test,1,6,2,10242,False,loso_s7,20260926,2,1,0.2832293,0.227536,0.24775465,0.24148004
s07_1test_r1_t07,7,1test,1,7,3,12159,False,loso_s7,20260926,3,2,0.29199284,0.29259816,0.25622773,0.15918127
s07_1test_r1_t08,7,1test,1,8,4,14209,False,loso_s7,20260926,4,4,0.2068605,0.21179765,0.2793308,0.30201104
s07_1test_r1_t09,7,1test,1,9,2,16140,False,loso_s7,20260926,2,1,0.34715056,0.2735223,0.20843749,0.17088968
s07_1test_r1_t10,7,1test,1,10,3,18138,False,loso_s7,20260926,3,2,0.25320145,0.34523022,0.22641441,0.17515391
s07_1test_r1_t11,7,1test,1,11,1,20044,False,loso_s7,20260926,1,1,0.3210631,0.27257463,0.23137161,0.17499071
s07_1test_r1_t12,7,1test,1,12,1,21939,False,loso_s7,20260926,1,1,0.48826167,0.18176086,0.20675753,0.12321989
s07_1test_r1_t13,7,1test,1,13,1,23911,False,loso_s7,20260926,1,1,0.3304221,0.25653294,0.21051283,0.20253217
s07_1test_r1_t14,7,1test,1,14,4,25855,False,loso_s7,20260926,4,2,0.18446775,0.38475814,0.21656218,0.21421193
s07_1test_r1_t15,7,1test,1,15,2,27822,False,loso_s7,20260926,2,2,0.26870227,0.32364836,0.19984478,0.20780455
s07_1test_r1_t16,7,1test,1,16,2,29942,False,loso_s7,20260926,2,1,0.40173268,0.16020529,0.21081427,0.22724776
s07_1test_r1_t17,7,1test,1,17,1,31950,False,loso_s7,20260926,1,2,0.17149414,0.36390567,0.20419425,0.26040593
s07_1test_r1_t18,7,1test,1,18,1,34016,False,loso_s7,20260926,1,1,0.45360088,0.18291992,0.20702936,0.15644991
s07_1test_r1_t19,7,1test,1,19,3,36052,False,loso_s7,20260926,3,3,0.27678466,0.0733149,0.34425238,0.3056481
s07_1test_r1_t20,7,1test,1,20,1,38118,False,loso_s7,20260926,1,2,0.24715208,0.27424797,0.27303076,0.2055692
s07_1test_r1_t21,7,1test,1,21,2,40188,False,loso_s7,20260926,2,2,0.23962857,0.3955719,0.19162886,0.17317063
s07_1test_r1_t22,7,1test,1,22,4,42268,False,loso_s7,20260926,4,1,0.46924388,0.06969709,0.25054044,0.21051858
s07_1test_r1_t23,7,1test,1,23,4,44180,False,loso_s7,20260926,4,1,0.39581832,0.10116999,0.24133816,0.2616735
s07_1test_r1_t24,7,1test,1,24,3,46211,False,loso_s7,20260926,3,3,0.17508201,0.23125899,0.36593166,0.2277273
s07_1test_r1_t25,7,1test,1,25,1,48164,False,loso_s7,20260926,1,2,0.2907843,0.34307143,0.19095102,0.17519324
s07_1test_r1_t26,7,1test,1,26,4,50125,False,loso_s7,20260926,4,2,0.1666453,0.39959484,0.20650761,0.22725226
s07_1test_r1_t27,7,1test,1,27,4,52229,False,loso_s7,20260926,4,1,0.35392317,0.22370149,0.2489959,0.17337942
s07_1test_r1_t28,7,1test,1,28,2,54233,False,loso_s7,20260926,2,1,0.40987155,0.2495936,0.18173729,0.15879759
s07_1test_r1_t29,7,1test,1,29,4,56208,False,loso_s7,20260926,4,3,0.29953465,0.1347593,0.3261227,0.2395833
s07_1test_r1_t30,7,1test,1,30,4,58234,False,loso_s7,20260926,4,1,0.3588681,0.25225663,0.21284966,0.17602557
s07_1test_r1_t31,7,1test,1,31,2,60305,False,loso_s7,20260926,2,2,0.30299804,0.3032829,0.22113028,0.17258877
s07_1test_r1_t32,7,1test,1,32,1,62412,False,loso_s7,20260926,1,1,0.33185288,0.23147827,0.20863049,0.22803836
s07_1test_r1_t33,7,1test,1,33,2,64504,False,loso_s7,20260926,2,2,0.3204733,0.32266617,0.22181605,0.13504452
s07_1test_r1_t34,7,1test,1,34,3,66595,False,loso_s7,20260926,3,2,0.2775188,0.31507802,0.2539646,0.15343855
s07_1test_r1_t35,7,1test,1,35,3,68638,False,loso_s7,20260926,3,2,0.30529326,0.32692206,0.20437093,0.16341384
s07_1test_r1_t36,7,1test,1,36,3,70702,False,loso_s7,20260926,3,1,0.3559502,0.10405164,0.290022,0.24997616
s07_1test_r1_t37,7,1test,1,37,4,72722,True,loso_s7,20260926,4,4,0.14934672,0.15379134,0.3201983,0.3766637
s07_1test_r1_t38,7,1test,1,38,3,74694,False,loso_s7,20260926,3,1,0.3637192,0.2106183,0.22642136,0.19924113
s07_1test_r1_t39,7,1test,1,39,1,76657,False,loso_s7,20260926,1,1,0.44646892,0.23811203,0.1669001,0.14851898
s07_1test_r1_t40,7,1test,1,40,4,78582,False,loso_s7,20260926,4,4,0.12320418,0.07514404,0.3833982,0.4182535
s07_1test_r1_t41,7,1test,1,41,2,80663,False,loso_s7,20260926,2,2,0.3136851,0.35915968,0.15818702,0.16896828
s07_1test_r1_t42,7,1test,1,42,3,82641,False,loso_s7,20260926,3,2,0.16463742,0.43242824,0.22006598,0.18286838
s07_1test_r1_t43,7,1test,1,43,2,84631,False,loso_s7,20260926,2,1,0.34522283,0.27315244,0.20104082,0.18058394
s07_1test_r1_t44,7,1test,1,44,3,86750,False,loso_s7,20260926,3,1,0.54075515,0.19851695,0.14598614,0.114741795
s07_1test_r1_t45,7,1test,1,45,4,88656,True,loso_s7,20260926,4,2,0.2692629,0.30594757,0.22661485,0.19817464
s07_1test_r1_t46,7,1test,1,46,2,90584,False,loso_s7,20260926,2,1,0.33240762,0.2961456,0.19922923,0.17221758
s07_1test_r1_t47,7,1test,1,47,3,92698,False,loso_s7,20260926,3,3,0.23736657,0.20769572,0.32805213,0.22688551
s07_1test_r1_t48,7,1test,1,48,1,94757,False,loso_s7,20260926,1,1,0.33535442,0.16821057,0.3037242,0.19271077
s07_1test_r2_t01,7,1test,2,1,1,250,False,loso_s7,20260926,1,2,0.3010535,0.3510031,0.19285679,0.1550866
s07_1test_r2_t02,7,1test,2,2,1,2253,False,loso_s7,20260926,1,2,0.35683,0.35912606,0.16130233,0.122741595
s07_1test_r2_t03,7,1test,2,3,4,4171,False,loso_s7,20260926,4,1,0.28946838,0.28221765,0.24142504,0.18688893
s07_1test_r2_t04,7,1test,2,4,2,6123,False,loso_s7,20260926,2,4,0.1984042,0.27516612,0.24919367,0.27723604
s07_1test_r2_t05,7,1test,2,5,1,8131,False,loso_s7,20260926,1,4,0.15576358,0.15109804,0.30735818,0.38578025
s07_1test_r2_t06,7,1test,2,6,3,10242,False,loso_s7,20260926,3,2,0.25125128,0.3999312,0.20931773,0.13949974
s07_1test_r2_t07,7,1test,2,7,1,12159,False,loso_s7,20260926,1,1,0.32164848,0.2993373,0.22311921,0.15589501
s07_1test_r2_t08,7,1test,2,8,3,14209,False,loso_s7,20260926,3,2,0.18782136,0.39285076,0.28280494,0.13652298
s07_1test_r2_t09,7,1test,2,9,2,16140,False,loso_s7,20260926,2,1,0.3959415,0.29776728,0.17853068,0.12776057
s07_1test_r2_t10,7,1test,2,10,4,18138,False,loso_s7,20260926,4,1,0.31842658,0.13786578,0.27311674,0.2705909
s07_1test_r2_t11,7,1test,2,11,1,20044,False,loso_s7,20260926,1,4,0.31444868,0.10281591,0.23623246,0.3465029
s07_1test_r2_t12,7,1test,2,12,3,21939,False,loso_s7,20260926,3,2,0.20703496,0.38110906,0.25928214,0.15257388
s07_1test_r2_t13,7,1test,2,13,3,23911,False,loso_s7,20260926,3,2,0.22756681,0.33221167,0.23732136,0.20290013
s07_1test_r2_t14,7,1test,2,14,1,25855,False,loso_s7,20260926,1,2,0.32910463,0.37247455,0.15829723,0.14012356
s07_1test_r2_t15,7,1test,2,15,3,27822,False,loso_s7,20260926,3,1,0.47178984,0.14685735,0.18819454,0.19315824
s07_1test_r2_t16,7,1test,2,16,2,29942,False,loso_s7,20260926,2,2,0.2824733,0.41507608,0.1686626,0.13378806
s07_1test_r2_t17,7,1test,2,17,4,31950,False,loso_s7,20260926,4,1,0.43362978,0.17946772,0.20064156,0.18626095
s07_1test_r2_t18,7,1test,2,18,4,34016,False,loso_s7,20260926,4,2,0.22513635,0.34165052,0.23097284,0.20224023
s07_1test_r2_t19,7,1test,2,19,4,36052,False,loso_s7,20260926,4,4,0.22433177,0.224381,0.27083224,0.28045496
s07_1test_r2_t20,7,1test,2,20,3,38118,False,loso_s7,20260926,3,2,0.3031381,0.326735,0.17607118,0.1940557
s07_1test_r2_t21,7,1test,2,21,1,40188,False,loso_s7,20260926,1,1,0.3809717,0.3282488,0.12900221,0.16177733
s07_1test_r2_t22,7,1test,2,22,4,42268,False,loso_s7,20260926,4,1,0.35392407,0.15336573,0.30335444,0.18935579
s07_1test_r2_t23,7,1test,2,23,2,44180,False,loso_s7,20260926,2,1,0.37587938,0.16536349,0.21233955,0.24641767
s07_1test_r2_t24,7,1test,2,24,4,46211,False,loso_s7,20260926,4,2,0.05418366,0.43243405,0.21781856,0.29556376
s07_1test_r2_t25,7,1test,2,25,2,48164,False,loso_s7,20260926,2,1,0.34386244,0.30943352,0.1944061,0.15229793
s07_1test_r2_t26,7,1test,2,26,1,50125,False,loso_s7,20260926,1,1,0.3355315,0.22999814,0.21014199,0.22432838
s07_1test_r2_t27,7,1test,2,27,3,52229,False,loso_s7,20260926,3,2,0.25118327,0.37489477,0.22307813,0.15084384
s07_1test_r2_t28,7,1test,2,28,2,54233,False,loso_s7,20260926,2,2,0.22041336,0.3414029,0.20636499,0.23181877
s07_1test_r2_t29,7,1test,2,29,1,56208,False,loso_s7,20260926,1,1,0.39334378,0.24332501,0.20428789,0.15904331
s07_1test_r2_t30,7,1test,2,30,3,58234,False,loso_s7,20260926,3,2,0.28579518,0.311722,0.17593122,0.2265516
s07_1test_r2_t31,7,1test,2,31,3,60305,False,loso_s7,20260926,3,3,0.07153886,0.23203994,0.42271277,0.2737084
s07_1test_r2_t32,7,1test,2,32,1,62412,False,loso_s7,20260926,1,2,0.31444564,0.32829776,0.20695682,0.15029982
s07_1test_r2_t33,7,1test,2,33,3,64504,False,loso_s7,20260926,3,2,0.22999957,0.40177977,0.19553402,0.17268662
s07_1test_r2_t34,7,1test,2,34,4,66595,False,loso_s7,20260926,4,4,0.22232136,0.17584126,0.30023876,0.30159855
s07_1test_r2_t35,7,1test,2,35,4,68638,True,loso_s7,20260926,4,2,0.21641308,0.29098773,0.23987885,0.25272036
s07_1test_r2_t36,7,1test,2,36,2,70702,False,loso_s7,20260926,2,2,0.28926137,0.3322628,0.22150144,0.15697442
s07_1test_r2_t37,7,1test,2,37,1,72722,False,loso_s7,20260926,1,1,0.38136762,0.18437727,0.24394639,0.19030872
s07_1test_r2_t38,7,1test,2,38,2,74694,False,loso_s7,20260926,2,1,0.36653623,0.21095124,0.26405153,0.158461
s07_1test_r2_t39,7,1test,2,39,4,76657,False,loso_s7,20260926,4,4,0.19612186,0.1868045,0.26308894,0.35398465
s07_1test_r2_t40,7,1test,2,40,2,78582,False,loso_s7,20260926,2,2,0.20761772,0.35857034,0.23898403,0.19482788
s07_1test_r2_t41,7,1test,2,41,4,80663,False,loso_s7,20260926,4,1,0.3186016,0.23751666,0.22455186,0.21932992
s07_1test_r2_t42,7,1test,2,42,3,82641,False,loso_s7,20260926,3,1,0.31276843,0.23491444,0.25135052,0.20096664
s07_1test_r2_t43,7,1test,2,43,2,84631,False,loso_s7,20260926,2,1,0.44854826,0.12673615,0.24233714,0.18237846
s07_1test_r2_t44,7,1test,2,44,2,86750,False,loso_s7,20260926,2,1,0.34538203,0.31523913,0.18957014,0.14980869
s07_1test_r2_t45,7,1test,2,45,2,88656,False,loso_s7,20260926,2,1,0.4309515,0.28606257,0.14601038,0.13697557
s07_1test_r2_t46,7,1test,2,46,3,90584,False,loso_s7,20260926,3,1,0.42792347,0.20314194,0.20710343,0.16183117
s07_1test_r2_t47,7,1test,2,47,4,92698,False,loso_s7,20260926,4,4,0.20347768,0.10484116,0.28340805,0.40827304
s07_1test_r2_t48,7,1test,2,48,1,94757,False,loso_s7,20260926,1,2,0.2334391,0.3553792,0.20833264,0.20284902
s07_1test_r3_t01,7,1test,3,1,2,250,True,loso_s7,20260926,2,1,0.40153775,0.17133534,0.22022726,0.20689966
s07_1test_r3_t02,7,1test,3,2,4,2253,False,loso_s7,20260926,4,1,0.27208936,0.25577006,0.220515,0.25162557
s07_1test_r3_t03,7,1test,3,3,1,4171,False,loso_s7,20260926,1,2,0.28649318,0.34465292,0.20447233,0.16438152
s07_1test_r3_t04,7,1test,3,4,3,6123,False,loso_s7,20260926,3,1,0.5628494,0.17041774,0.14710005,0.11963282
s07_1test_r3_t05,7,1test,3,5,3,8131,False,loso_s7,20260926,3,2,0.21873398,0.40973213,0.21447682,0.1570571
s07_1test_r3_t06,7,1test,3,6,4,10242,False,loso_s7,20260926,4,1,0.40935054,0.103035726,0.23238386,0.25522983
s07_1test_r3_t07,7,1test,3,7,1,12159,False,loso_s7,20260926,1,1,0.4404957,0.19954552,0.19320135,0.16675739
s07_1test_r3_t08,7,1test,3,8,1,14209,True,loso_s7,20260926,1,1,0.4230506,0.31620097,0.12922843,0.13151996
s07_1test_r3_t09,7,1test,3,9,3,16140,False,loso_s7,20260926,3,2,0.2714556,0.35119247,0.21527463,0.16207732
s07_1test_r3_t10,7,1test,3,10,2,18138,False,loso_s7,20260926,2,2,0.24919347,0.36723813,0.21235305,0.17121536
s07_1test_r3_t11,7,1test,3,11,4,20044,False,loso_s7,20260926,4,1,0.32747108,0.1719337,0.23909517,0.2615001
s07_1test_r3_t12,7,1test,3,12,4,21939,False,loso_s7,20260926,4,2,0.13324355,0.3932679,0.18856184,0.28492668
s07_1test_r3_t13,7,1test,3,13,4,23911,False,loso_s7,20260926,4,3,0.27624995,0.14345527,0.3734578,0.20683697
s07_1test_r3_t14,7,1test,3,14,2,25855,False,loso_s7,20260926,2,1,0.35286456,0.24114582,0.19926514,0.20672454
s07_1test_r3_t15,7,1test,3,15,1,27822,False,loso_s7,20260926,1,1,0.41102356,0.21392278,0.18093911,0.19411457
s07_1test_r3_t16,7,1test,3,16,3,29942,False,loso_s7,20260926,3,1,0.34303966,0.3368326,0.180001,0.14012678
s07_1test_r3_t17,7,1test,3,17,2,31950,False,loso_s7,20260926,2,2,0.099365294,0.4348056,0.27479833,0.19103077
s07_1test_r3_t18,7,1test,3,18,4,34016,False,loso_s7,20260926,4,2,0.12174925,0.43050316,0.25327638,0.19447123
s07_1test_r3_t19,7,1test,3,19,1,36052,False,loso_s7,20260926,1,2,0.28568122,0.32319924,0.22018996,0.17092961
s07_1test_r3_t20,7,1test,3,20,4,38118,False,loso_s7,20260926,4,2,0.22861741,0.4294295,0.21899514,0.12295788
s07_1test_r3_t21,7,1test,3,21,3,40188,False,loso_s7,20260926,3,1,0.27230534,0.25447688,0.26636124,0.20685653
s07_1test_r3_t22,7,1test,3,22,2,42268,True,loso_s7,20260926,2,2,0.27795807,0.3741329,0.21186112,0.13604793
s07_1test_r3_t23,7,1test,3,23,4,44180,False,loso_s7,20260926,4,1,0.36787412,0.17385107,0.25841126,0.19986351
s07_1test_r3_t24,7,1test,3,24,4,46211,False,loso_s7,20260926,4,1,0.38284448,0.25966957,0.1762656,0.18122037
s07_1test_r3_t25,7,1test,3,25,1,48164,False,loso_s7,20260926,1,2,0.29371926,0.35301852,0.18650296,0.16675931
s07_1test_r3_t26,7,1test,3,26,2,50125,False,loso_s7,20260926,2,2,0.31889203,0.3841805,0.15865906,0.1382684
s07_1test_r3_t27,7,1test,3,27,2,52229,False,loso_s7,20260926,2,1,0.6935194,0.12335337,0.11944181,0.06368542
s07_1test_r3_t28,7,1test,3,28,3,54233,False,loso_s7,20260926,3,1,0.31418756,0.2902482,0.23572831,0.15983592
s07_1test_r3_t29,7,1test,3,29,4,56208,False,loso_s7,20260926,4,3,0.21154204,0.26819986,0.27855828,0.24169977
s07_1test_r3_t30,7,1test,3,30,2,58234,False,loso_s7,20260926,2,2,0.1286029,0.3844698,0.25609222,0.2308351
s07_1test_r3_t31,7,1test,3,31,1,60305,False,loso_s7,20260926,1,1,0.38702795,0.122285314,0.2736801,0.21700662
s07_1test_r3_t32,7,1test,3,32,1,62412,False,loso_s7,20260926,1,2,0.2625654,0.27840918,0.2637477,0.19527772
s07_1test_r3_t33,7,1test,3,33,4,64504,False,loso_s7,20260926,4,1,0.44074172,0.110913865,0.21431446,0.23402998
s07_1test_r3_t34,7,1test,3,34,2,66595,False,loso_s7,20260926,2,1,0.38978136,0.25553113,0.17134042,0.18334705
s07_1test_r3_t35,7,1test,3,35,1,68638,False,loso_s7,20260926,1,1,0.5291887,0.16431731,0.124814145,0.18167986
s07_1test_r3_t36,7,1test,3,36,3,70702,False,loso_s7,20260926,3,2,0.24277875,0.354334,0.14496511,0.25792217
s07_1test_r3_t37,7,1test,3,37,2,72722,False,loso_s7,20260926,2,1,0.3256339,0.2902102,0.16397525,0.22018068
s07_1test_r3_t38,7,1test,3,38,2,74694,False,loso_s7,20260926,2,1,0.49033323,0.18021895,0.14173263,0.1877152
s07_1test_r3_t39,7,1test,3,39,3,76657,False,loso_s7,20260926,3,1,0.32349822,0.22420138,0.25702706,0.1952733
s07_1test_r3_t40,7,1test,3,40,1,78582,False,loso_s7,20260926,1,1,0.34429318,0.22988607,0.18309565,0.24272518
s07_1test_r3_t41,7,1test,3,41,4,80663,False,loso_s7,20260926,4,2,0.25043786,0.32936174,0.21858773,0.20161273
s07_1test_r3_t42,7,1test,3,42,3,82641,False,loso_s7,20260926,3,2,0.24997564,0.28924415,0.23442532,0.22635488
s07_1test_r3_t43,7,1test,3,43,3,84631,False,loso_s7,20260926,3,2,0.2720557,0.38409114,0.18404874,0.15980443
s07_1test_r3_t44,7,1test,3,44,3,86750,False,loso_s7,20260926,3,2,0.25623426,0.32308328,0.22645806,0.19422434
s07_1test_r3_t45,7,1test,3,45,3,88656,False,loso_s7,20260926,3,2,0.23532197,0.29151934,0.2863102,0.18684845
s07_1test_r3_t46,7,1test,3,46,1,90584,False,loso_s7,20260926,1,1,0.2847631,0.24920025,0.19437274,0.27166396
s07_1test_r3_t47,7,1test,3,47,2,92698,False,loso_s7,20260926,2,1,0.47026956,0.22555588,0.16569649,0.13847801
s07_1test_r3_t48,7,1test,3,48,1,94757,False,loso_s7,20260926,1,1,0.3655388,0.3635617,0.12517196,0.1457276
s07_1test_r4_t01,7,1test,4,1,2,250,False,loso_s7,20260926,2,1,0.30502358,0.24858612,0.2364066,0.20998366
s07_1test_r4_t02,7,1test,4,2,1,2253,False,loso_s7,20260926,1,1,0.36773133,0.32227048,0.16231674,0.14768147
s07_1test_r4_t03,7,1test,4,3,1,4171,False,loso_s7,20260926,1,1,0.33874023,0.2688491,0.1871527,0.20525801
s07_1test_r4_t04,7,1test,4,4,3,6123,False,loso_s7,20260926,3,2,0.1507575,0.46879068,0.24759232,0.13285956
s07_1test_r4_t05,7,1test,4,5,3,8131,False,loso_s7,20260926,3,2,0.23780514,0.31709495,0.2588863,0.18621364
s07_1test_r4_t06,7,1test,4,6,2,10242,False,loso_s7,20260926,2,1,0.5429212,0.14822033,0.1616298,0.14722872
s07_1test_r4_t07,7,1test,4,7,3,12159,False,loso_s7,20260926,3,2,0.2648831,0.28338477,0.22929178,0.22244036
s07_1test_r4_t08,7,1test,4,8,4,14209,False,loso_s7,20260926,4,3,0.26648897,0.22021927,0.27210036,0.24119143
s07_1test_r4_t09,7,1test,4,9,1,16140,False,loso_s7,20260926,1,1,0.36850676,0.3025363,0.186194,0.14276291
s07_1test_r4_t10,7,1test,4,10,4,18138,False,loso_s7,20260926,4,2,0.18397428,0.41417494,0.24681233,0.15503839
s07_1test_r4_t11,7,1test,4,11,1,20044,False,loso_s7,20260926,1,2,0.26237985,0.2800118,0.20843649,0.24917184
s07_1test_r4_t12,7,1test,4,12,1,21939,False,loso_s7,20260926,1,1,0.52125144,0.09370222,0.21111415,0.17393216
s07_1test_r4_t13,7,1test,4,13,2,23911,False,loso_s7,20260926,2,2,0.23105994,0.34144264,0.21335773,0.21413969
s07_1test_r4_t14,7,1test,4,14,4,25855,True,loso_s7,20260926,4,1,0.39090034,0.06502372,0.22616746,0.3179085
s07_1test_r4_t15,7,1test,4,15,3,27822,False,loso_s7,20260926,3,4,0.1897048,0.21264087,0.2856098,0.31204447
s07_1test_r4_t16,7,1test,4,16,2,29942,False,loso_s7,20260926,2,1,0.42177075,0.14888543,0.27142173,0.15792212
s07_1test_r4_t17,7,1test,4,17,4,31950,False,loso_s7,20260926,4,2,0.16980563,0.30683622,0.24008909,0.28326908
s07_1test_r4_t18,7,1test,4,18,3,34016,False,loso_s7,20260926,3,1,0.38546684,0.20060976,0.24403803,0.16988538
s07_1test_r4_t19,7,1test,4,19,4,36052,False,loso_s7,20260926,4,1,0.28608847,0.2641878,0.22158106,0.22814268
s07_1test_r4_t20,7,1test,4,20,3,38118,False,loso_s7,20260926,3,1,0.38646016,0.32629701,0.1420674,0.14517547
s07_1test_r4_t21,7,1test,4,21,4,40188,False,loso_s7,20260926,4,1,0.42415765,0.2530382,0.1867366,0.13606755
s07_1test_r4_t22,7,1test,4,22,2,42268,False,loso_s7,20260926,2,1,0.39706063,0.25980365,0.2066367,0.136499
s07_1test_r4_t23,7,1test,4,23,2,44180,False,loso_s7,20260926,2,2,0.30497703,0.31230304,0.21212947,0.17059048
s07_1test_r4_t24,7,1test,4,24,4,46211,False,loso_s7,20260926,4,3,0.25454742,0.264372,0.26456705,0.21651351
s07_1test_r4_t25,7,1test,4,25,1,48164,False,loso_s7,20260926,1,1,0.51462805,0.21855809,0.13465603,0.1321578
s07_1test_r4_t26,7,1test,4,26,2,50125,True,loso_s7,20260926,2,1,0.46522862,0.2299117,0.18110825,0.12375152
s07_1test_r4_t27,7,1test,4,27,2,52229,False,loso_s7,20260926,2,1,0.3419792,0.20819211,0.2709742,0.17885444
s07_1test_r4_t28,7,1test,4,28,2,54233,False,loso_s7,20260926,2,1,0.4127902,0.31207046,0.15899785,0.1161415
s07_1test_r4_t29,7,1test,4,29,3,56208,False,loso_s7,20260926,3,2,0.34831703,0.40043405,0.12322306,0.12802587
s07_1test_r4_t30,7,1test,4,30,4,58234,False,loso_s7,20260926,4,1,0.42664176,0.13686353,0.15497854,0.28151616
s07_1test_r4_t31,7,1test,4,31,1,60305,False,loso_s7,20260926,1,1,0.35410684,0.28514686,0.20516926,0.15557702
s07_1test_r4_t32,7,1test,4,32,4,62412,False,loso_s7,20260926,4,1,0.47876957,0.19304758,0.18550886,0.14267397
s07_1test_r4_t33,7,1test,4,33,1,64504,False,loso_s7,20260926,1,3,0.27366325,0.23154119,0.32319704,0.17159852
s07_1test_r4_t34,7,1test,4,34,3,66595,False,loso_s7,20260926,3,2,0.3059035,0.38285923,0.1835863,0.12765096
s07_1test_r4_t35,7,1test,4,35,1,68638,False,loso_s7,20260926,1,1,0.33673343,0.21048301,0.23187271,0.22091082
s07_1test_r4_t36,7,1test,4,36,4,70702,False,loso_s7,20260926,4,1,0.34383234,0.26357841,0.16360763,0.2289816
s07_1test_r4_t37,7,1test,4,37,1,72722,False,loso_s7,20260926,1,2,0.21940902,0.37641895,0.22043571,0.18373637
s07_1test_r4_t38,7,1test,4,38,3,74694,False,loso_s7,20260926,3,4,0.12316261,0.22479063,0.32519314,0.32685366
s07_1test_r4_t39,7,1test,4,39,1,76657,False,loso_s7,20260926,1,1,0.3331009,0.22120957,0.22594762,0.21974194
s07_1test_r4_t40,7,1test,4,40,2,78582,False,loso_s7,20260926,2,2,0.24285562,0.39795956,0.15656573,0.20261909
s07_1test_r4_t41,7,1test,4,41,3,80663,False,loso_s7,20260926,3,1,0.41220194,0.21059316,0.22622785,0.15097712
s07_1test_r4_t42,7,1test,4,42,3,82641,False,loso_s7,20260926,3,1,0.30137187,0.26517665,0.24895239,0.18449907
s07_1test_r4_t43,7,1test,4,43,4,84631,False,loso_s7,20260926,4,1,0.30570728,0.21187985,0.2686242,0.21378867
s07_1test_r4_t44,7,1test,4,44,1,86750,False,loso_s7,20260926,1,2,0.2410989,0.30774972,0.19993831,0.25121304
s07_1test_r4_t45,7,1test,4,45,2,88656,False,loso_s7,20260926,2,2,0.24729846,0.44034827,0.21115169,0.10120153
s07_1test_r4_t46,7,1test,4,46,4,90584,False,loso_s7,20260926,4,1,0.30578735,0.23063527,0.26343557,0.20014179
s07_1test_r4_t47,7,1test,4,47,2,92698,False,loso_s7,20260926,2,1,0.37824142,0.2930954,0.18550676,0.14315645
s07_1test_r4_t48,7,1test,4,48,3,94757,False,loso_s7,20260926,3,1,0.3613025,0.331039,0.18344235,0.124216154
s07_1test_r5_t01,7,1test,5,1,3,250,True,loso_s7,20260926,3,2,0.20056447,0.43544492,0.20847976,0.15551083
s07_1test_r5_t02,7,1test,5,2,1,2253,False,loso_s7,20260926,1,2,0.24638703,0.30232066,0.2775933,0.173699
s07_1test_r5_t03,7,1test,5,3,4,4171,False,loso_s7,20260926,4,2,0.21698865,0.3894337,0.21750918,0.17606845
s07_1test_r5_t04,7,1test,5,4,2,6123,False,loso_s7,20260926,2,2,0.23043919,0.48921576,0.15465729,0.12568785
s07_1test_r5_t05,7,1test,5,5,4,8131,False,loso_s7,20260926,4,2,0.21081911,0.326283,0.21025798,0.25263998
s07_1test_r5_t06,7,1test,5,6,1,10242,False,loso_s7,20260926,1,2,0.23627065,0.42481673,0.20005529,0.13885733
s07_1test_r5_t07,7,1test,5,7,1,12159,False,loso_s7,20260926,1,2,0.17615026,0.43751618,0.2210068,0.16532674
s07_1test_r5_t08,7,1test,5,8,3,14209,False,loso_s7,20260926,3,2,0.16660349,0.46608183,0.21698011,0.1503346
s07_1test_r5_t09,7,1test,5,9,3,16140,False,loso_s7,20260926,3,2,0.18425132,0.37757623,0.24744995,0.19072247
s07_1test_r5_t10,7,1test,5,10,2,18138,False,loso_s7,20260926,2,2,0.18899986,0.4238017,0.20679083,0.18040758
s07_1test_r5_t11,7,1test,5,11,4,20044,False,loso_s7,20260926,4,4,0.1657787,0.19966392,0.29545674,0.33910066
s07_1test_r5_t12,7,1test,5,12,2,21939,False,loso_s7,20260926,2,1,0.36803418,0.23439987,0.20174822,0.19581772
s07_1test_r5_t13,7,1test,5,13,2,23911,False,loso_s7,20260926,2,2,0.27555412,0.3656815,0.1952385,0.16352579
s07_1test_r5_t14,7,1test,5,14,1,25855,False,loso_s7,20260926,1,2,0.19293264,0.48463297,0.18801574,0.13441865
s07_1test_r5_t15,7,1test,5,15,2,27822,False,loso_s7,20260926,2,2,0.33633122,0.3381827,0.1787374,0.14674868
s07_1test_r5_t16,7,1test,5,16,4,29942,False,loso_s7,20260926,4,4,0.25940996,0.24356814,0.23474231,0.2622796
s07_1test_r5_t17,7,1test,5,17,4,31950,False,loso_s7,20260926,4,1,0.28735715,0.1649166,0.28588358,0.26184267
s07_1test_r5_t18,7,1test,5,18,2,34016,False,loso_s7,20260926,2,2,0.25570416,0.3600569,0.1923456,0.19189335
s07_1test_r5_t19,7,1test,5,19,2,36052,False,loso_s7,20260926,2,1,0.4416254,0.21065407,0.17711271,0.17060779
s07_1test_r5_t20,7,1test,5,20,2,38118,False,loso_s7,20260926,2,2,0.2259876,0.3596153,0.25067,0.16372709
s07_1test_r5_t21,7,1test,5,21,2,40188,False,loso_s7,20260926,2,1,0.37396955,0.22756846,0.21908633,0.17937568
s07_1test_r5_t22,7,1test,5,22,4,42268,False,loso_s7,20260926,4,1,0.3173976,0.20035279,0.21752968,0.2647199
s07_1test_r5_t23,7,1test,5,23,4,44180,False,loso_s7,20260926,4,1,0.5227606,0.109115474,0.11480279,0.25332108
s07_1test_r5_t24,7,1test,5,24,3,46211,False,loso_s7,20260926,3,1,0.36578107,0.2952769,0.21691327,0.12202869
s07_1test_r5_t25,7,1test,5,25,4,48164,False,loso_s7,20260926,4,1,0.29260325,0.2530864,0.2670362,0.18727414
s07_1test_r5_t26,7,1test,5,26,1,50125,False,loso_s7,20260926,1,1,0.42320395,0.22292037,0.18167195,0.17220369
s07_1test_r5_t27,7,1test,5,27,2,52229,False,loso_s7,20260926,2,3,0.2731799,0.20634829,0.2965229,0.22394897
s07_1test_r5_t28,7,1test,5,28,3,54233,False,loso_s7,20260926,3,1,0.3605739,0.21104279,0.19239996,0.2359834
s07_1test_r5_t29,7,1test,5,29,2,56208,False,loso_s7,20260926,2,2,0.29072356,0.34567663,0.19356203,0.17003785
s07_1test_r5_t30,7,1test,5,30,1,58234,False,loso_s7,20260926,1,1,0.4416682,0.15755056,0.23362358,0.16715766
s07_1test_r5_t31,7,1test,5,31,4,60305,False,loso_s7,20260926,4,1,0.3289009,0.23432404,0.21062446,0.22615059
s07_1test_r5_t32,7,1test,5,32,1,62412,False,loso_s7,20260926,1,1,0.4323258,0.17923485,0.2006532,0.18778609
s07_1test_r5_t33,7,1test,5,33,4,64504,False,loso_s7,20260926,4,3,0.112495124,0.2918874,0.37303716,0.22258037
s07_1test_r5_t34,7,1test,5,34,1,66595,False,loso_s7,20260926,1,2,0.2690453,0.40743345,0.19554465,0.12797663
s07_1test_r5_t35,7,1test,5,35,1,68638,False,loso_s7,20260926,1,2,0.34925464,0.39004016,0.09745898,0.16324618
s07_1test_r5_t36,7,1test,5,36,1,70702,False,loso_s7,20260926,1,1,0.42181432,0.2622086,0.1759004,0.14007661
s07_1test_r5_t37,7,1test,5,37,1,72722,False,loso_s7,20260926,1,2,0.40268552,0.43045017,0.07651734,0.09034688
s07_1test_r5_t38,7,1test,5,38,3,74694,False,loso_s7,20260926,3,2,0.1934894,0.4513284,0.23116662,0.12401566
s07_1test_r5_t39,7,1test,5,39,3,76657,False,loso_s7,20260926,3,1,0.44175246,0.30942127,0.11957369,0.12925255
s07_1test_r5_t40,7,1test,5,40,4,78582,False,loso_s7,20260926,4,2,0.06418873,0.4633694,0.24914436,0.22329743
s07_1test_r5_t41,7,1test,5,41,2,80663,False,loso_s7,20260926,2,2,0.23307608,0.3198315,0.24489868,0.2021937
s07_1test_r5_t42,7,1test,5,42,3,82641,False,loso_s7,20260926,3,2,0.18916276,0.357635,0.25576073,0.19744153
s07_1test_r5_t43,7,1test,5,43,3,84631,False,loso_s7,20260926,3,2,0.27220643,0.37832177,0.17902713,0.17044471
s07_1test_r5_t44,7,1test,5,44,3,86750,False,loso_s7,20260926,3,2,0.27190435,0.36137626,0.16398312,0.20273624
s07_1test_r5_t45,7,1test,5,45,4,88656,False,loso_s7,20260926,4,2,0.21678826,0.44289246,0.20632242,0.13399687
s07_1test_r5_t46,7,1test,5,46,3,90584,False,loso_s7,20260926,3,1,0.35541615,0.29453996,0.20063242,0.14941145
s07_1test_r5_t47,7,1test,5,47,1,92698,False,loso_s7,20260926,1,1,0.2826721,0.25158387,0.23837718,0.2273669
s07_1test_r5_t48,7,1test,5,48,3,94757,False,loso_s7,20260926,3,1,0.45306748,0.17818965,0.17284214,0.19590072
