sample_id,subject,session,run,label,file_id,raw_sha256,cue_sample_native,dataset,experiment_id,model,seed,p_left,p_right,predicted_label
s47_1_offline_train_t001,47,1,offline_train,1,session1/s47/sess01_subj47_EEG_MI.mat,9e1e3cb79f82ec08d87c80aaa8d5929479ceccd454f25b3d3fea7115f3eb05c9,176090,Lee2019_MI,Q15-E007,BROAD_EEGNET,20260924,0.6761380434036255,0.3238619863986969,1
s47_1_offline_train_t002,47,1,offline_train,2,session1/s47/sess01_subj47_EEG_MI.mat,9e1e3cb79f82ec08d87c80aaa8d5929479ceccd454f25b3d3fea7115f3eb05c9,187623,Lee2019_MI,Q15-E007,BROAD_EEGNET,20260924,0.4930117428302765,0.5069882273674011,2
s47_1_offline_train_t003,47,1,offline_train,1,session1/s47/sess01_subj47_EEG_MI.mat,9e1e3cb79f82ec08d87c80aaa8d5929479ceccd454f25b3d3fea7115f3eb05c9,198308,Lee2019_MI,Q15-E007,BROAD_EEGNET,20260924,0.734704852104187,0.2652951180934906,1
s47_1_offline_train_t004,47,1,offline_train,1,session1/s47/sess01_subj47_EEG_MI.mat,9e1e3cb79f82ec08d87c80aaa8d5929479ceccd454f25b3d3fea7115f3eb05c9,209824,Lee2019_MI,Q15-E007,BROAD_EEGNET,20260924,0.761898398399353,0.23810164630413055,1
s47_1_offline_train_t005,47,1,offline_train,2,session1/s47/sess01_subj47_EEG_MI.mat,9e1e3cb79f82ec08d87c80aaa8d5929479ceccd454f25b3d3fea7115f3eb05c9,220974,Lee2019_MI,Q15-E007,BROAD_EEGNET,20260924,0.021296801045536995,0.9787032008171082,2
s47_1_offline_train_t006,47,1,offline_train,2,session1/s47/sess01_subj47_EEG_MI.mat,9e1e3cb79f82ec08d87c80aaa8d5929479ceccd454f25b3d3fea7115f3eb05c9,231657,Lee2019_MI,Q15-E007,BROAD_EEGNET,20260924,0.5974828600883484,0.4025171399116516,1
s47_1_offline_train_t007,47,1,offline_train,1,session1/s47/sess01_subj47_EEG_MI.mat,9e1e3cb79f82ec08d87c80aaa8d5929479ceccd454f25b3d3fea7115f3eb05c9,242523,Lee2019_MI,Q15-E007,BROAD_EEGNET,20260924,0.9612664580345154,0.03873353451490402,1
s47_1_offline_train_t008,47,1,offline_train,2,session1/s47/sess01_subj47_EEG_MI.mat,9e1e3cb79f82ec08d87c80aaa8d5929479ceccd454f25b3d3fea7115f3eb05c9,253655,Lee2019_MI,Q15-E007,BROAD_EEGNET,20260924,0.07221335172653198,0.927786648273468,2
s47_1_offline_train_t009,47,1,offline_train,1,session1/s47/sess01_subj47_EEG_MI.mat,9e1e3cb79f82ec08d87c80aaa8d5929479ceccd454f25b3d3fea7115f3eb05c9,265173,Lee2019_MI,Q15-E007,BROAD_EEGNET,20260924,0.85487961769104,0.14512035250663757,1
s47_1_offline_train_t010,47,1,offline_train,1,session1/s47/sess01_subj47_EEG_MI.mat,9e1e3cb79f82ec08d87c80aaa8d5929479ceccd454f25b3d3fea7115f3eb05c9,276689,Lee2019_MI,Q15-E007,BROAD_EEGNET,20260924,0.9729756712913513,0.027024364098906517,1
s47_1_offline_train_t011,47,1,offline_train,2,session1/s47/sess01_subj47_EEG_MI.mat,9e1e3cb79f82ec08d87c80aaa8d5929479ceccd454f25b3d3fea7115f3eb05c9,287373,Lee2019_MI,Q15-E007,BROAD_EEGNET,20260924,0.4828498065471649,0.5171502232551575,2
s47_1_offline_train_t012,47,1,offline_train,2,session1/s47/sess01_subj47_EEG_MI.mat,9e1e3cb79f82ec08d87c80aaa8d5929479ceccd454f25b3d3fea7115f3eb05c9,298889,Lee2019_MI,Q15-E007,BROAD_EEGNET,20260924,0.4494880437850952,0.55051189661026,2
s47_1_offline_train_t013,47,1,offline_train,1,session1/s47/sess01_subj47_EEG_MI.mat,9e1e3cb79f82ec08d87c80aaa8d5929479ceccd454f25b3d3fea7115f3eb05c9,310405,Lee2019_MI,Q15-E007,BROAD_EEGNET,20260924,0.8902643322944641,0.10973569750785828,1
s47_1_offline_train_t014,47,1,offline_train,1,session1/s47/sess01_subj47_EEG_MI.mat,9e1e3cb79f82ec08d87c80aaa8d5929479ceccd454f25b3d3fea7115f3eb05c9,321454,Lee2019_MI,Q15-E007,BROAD_EEGNET,20260924,0.8499678373336792,0.1500321328639984,1
s47_1_offline_train_t015,47,1,offline_train,2,session1/s47/sess01_subj47_EEG_MI.mat,9e1e3cb79f82ec08d87c80aaa8d5929479ceccd454f25b3d3fea7115f3eb05c9,332788,Lee2019_MI,Q15-E007,BROAD_EEGNET,20260924,0.11681082099676132,0.8831892013549805,2
s47_1_offline_train_t016,47,1,offline_train,1,session1/s47/sess01_subj47_EEG_MI.mat,9e1e3cb79f82ec08d87c80aaa8d5929479ceccd454f25b3d3fea7115f3eb05c9,343471,Lee2019_MI,Q15-E007,BROAD_EEGNET,20260924,0.8870617151260376,0.1129383072257042,1
s47_1_offline_train_t017,47,1,offline_train,1,session1/s47/sess01_subj47_EEG_MI.mat,9e1e3cb79f82ec08d87c80aaa8d5929479ceccd454f25b3d3fea7115f3eb05c9,354437,Lee2019_MI,Q15-E007,BROAD_EEGNET,20260924,0.7908094525337219,0.2091905027627945,1
s47_1_offline_train_t018,47,1,offline_train,1,session1/s47/sess01_subj47_EEG_MI.mat,9e1e3cb79f82ec08d87c80aaa8d5929479ceccd454f25b3d3fea7115f3eb05c9,365854,Lee2019_MI,Q15-E007,BROAD_EEGNET,20260924,0.287832111120224,0.7121679186820984,2
s47_1_offline_train_t019,47,1,offline_train,1,session1/s47/sess01_subj47_EEG_MI.mat,9e1e3cb79f82ec08d87c80aaa8d5929479ceccd454f25b3d3fea7115f3eb05c9,377188,Lee2019_MI,Q15-E007,BROAD_EEGNET,20260924,0.10946919769048691,0.8905308246612549,2
s47_1_offline_train_t020,47,1,offline_train,2,session1/s47/sess01_subj47_EEG_MI.mat,9e1e3cb79f82ec08d87c80aaa8d5929479ceccd454f25b3d3fea7115f3eb05c9,388704,Lee2019_MI,Q15-E007,BROAD_EEGNET,20260924,0.2808385193347931,0.7191614508628845,2
s47_1_offline_train_t021,47,1,offline_train,2,session1/s47/sess01_subj47_EEG_MI.mat,9e1e3cb79f82ec08d87c80aaa8d5929479ceccd454f25b3d3fea7115f3eb05c9,399937,Lee2019_MI,Q15-E007,BROAD_EEGNET,20260924,0.7063831686973572,0.2936168313026428,1
s47_1_offline_train_t022,47,1,offline_train,1,session1/s47/sess01_subj47_EEG_MI.mat,9e1e3cb79f82ec08d87c80aaa8d5929479ceccd454f25b3d3fea7115f3eb05c9,410537,Lee2019_MI,Q15-E007,BROAD_EEGNET,20260924,0.45279690623283386,0.5472030639648438,2
s47_1_offline_train_t023,47,1,offline_train,2,session1/s47/sess01_subj47_EEG_MI.mat,9e1e3cb79f82ec08d87c80aaa8d5929479ceccd454f25b3d3fea7115f3eb05c9,421953,Lee2019_MI,Q15-E007,BROAD_EEGNET,20260924,0.7151400446891785,0.28485995531082153,1
s47_1_offline_train_t024,47,1,offline_train,2,session1/s47/sess01_subj47_EEG_MI.mat,9e1e3cb79f82ec08d87c80aaa8d5929479ceccd454f25b3d3fea7115f3eb05c9,433470,Lee2019_MI,Q15-E007,BROAD_EEGNET,20260924,0.3153654932975769,0.6846345067024231,2
s47_1_offline_train_t025,47,1,offline_train,2,session1/s47/sess01_subj47_EEG_MI.mat,9e1e3cb79f82ec08d87c80aaa8d5929479ceccd454f25b3d3fea7115f3eb05c9,444720,Lee2019_MI,Q15-E007,BROAD_EEGNET,20260924,0.8486618995666504,0.15133808553218842,1
s47_1_offline_train_t026,47,1,offline_train,1,session1/s47/sess01_subj47_EEG_MI.mat,9e1e3cb79f82ec08d87c80aaa8d5929479ceccd454f25b3d3fea7115f3eb05c9,456036,Lee2019_MI,Q15-E007,BROAD_EEGNET,20260924,0.9082947373390198,0.09170523285865784,1
s47_1_offline_train_t027,47,1,offline_train,2,session1/s47/sess01_subj47_EEG_MI.mat,9e1e3cb79f82ec08d87c80aaa8d5929479ceccd454f25b3d3fea7115f3eb05c9,467286,Lee2019_MI,Q15-E007,BROAD_EEGNET,20260924,0.35425418615341187,0.6457458734512329,2
s47_1_offline_train_t028,47,1,offline_train,1,session1/s47/sess01_subj47_EEG_MI.mat,9e1e3cb79f82ec08d87c80aaa8d5929479ceccd454f25b3d3fea7115f3eb05c9,478236,Lee2019_MI,Q15-E007,BROAD_EEGNET,20260924,0.9633690118789673,0.0366310216486454,1
s47_1_offline_train_t029,47,1,offline_train,1,session1/s47/sess01_subj47_EEG_MI.mat,9e1e3cb79f82ec08d87c80aaa8d5929479ceccd454f25b3d3fea7115f3eb05c9,489484,Lee2019_MI,Q15-E007,BROAD_EEGNET,20260924,0.4229491055011749,0.5770509243011475,2
s47_1_offline_train_t030,47,1,offline_train,2,session1/s47/sess01_subj47_EEG_MI.mat,9e1e3cb79f82ec08d87c80aaa8d5929479ceccd454f25b3d3fea7115f3eb05c9,500252,Lee2019_MI,Q15-E007,BROAD_EEGNET,20260924,0.06582461297512054,0.9341753721237183,2
s47_1_offline_train_t031,47,1,offline_train,1,session1/s47/sess01_subj47_EEG_MI.mat,9e1e3cb79f82ec08d87c80aaa8d5929479ceccd454f25b3d3fea7115f3eb05c9,511485,Lee2019_MI,Q15-E007,BROAD_EEGNET,20260924,0.14632321894168854,0.8536767959594727,2
s47_1_offline_train_t032,47,1,offline_train,2,session1/s47/sess01_subj47_EEG_MI.mat,9e1e3cb79f82ec08d87c80aaa8d5929479ceccd454f25b3d3fea7115f3eb05c9,522085,Lee2019_MI,Q15-E007,BROAD_EEGNET,20260924,0.6200330257415771,0.37996697425842285,1
s47_1_offline_train_t033,47,1,offline_train,1,session1/s47/sess01_subj47_EEG_MI.mat,9e1e3cb79f82ec08d87c80aaa8d5929479ceccd454f25b3d3fea7115f3eb05c9,532951,Lee2019_MI,Q15-E007,BROAD_EEGNET,20260924,0.3010663390159607,0.6989337205886841,2
s47_1_offline_train_t034,47,1,offline_train,2,session1/s47/sess01_subj47_EEG_MI.mat,9e1e3cb79f82ec08d87c80aaa8d5929479ceccd454f25b3d3fea7115f3eb05c9,543535,Lee2019_MI,Q15-E007,BROAD_EEGNET,20260924,0.3184008002281189,0.6815991997718811,2
s47_1_offline_train_t035,47,1,offline_train,2,session1/s47/sess01_subj47_EEG_MI.mat,9e1e3cb79f82ec08d87c80aaa8d5929479ceccd454f25b3d3fea7115f3eb05c9,554218,Lee2019_MI,Q15-E007,BROAD_EEGNET,20260924,0.20034591853618622,0.7996540665626526,2
s47_1_offline_train_t036,47,1,offline_train,1,session1/s47/sess01_subj47_EEG_MI.mat,9e1e3cb79f82ec08d87c80aaa8d5929479ceccd454f25b3d3fea7115f3eb05c9,565551,Lee2019_MI,Q15-E007,BROAD_EEGNET,20260924,0.9590903520584106,0.04090959578752518,1
s47_1_offline_train_t037,47,1,offline_train,1,session1/s47/sess01_subj47_EEG_MI.mat,9e1e3cb79f82ec08d87c80aaa8d5929479ceccd454f25b3d3fea7115f3eb05c9,576784,Lee2019_MI,Q15-E007,BROAD_EEGNET,20260924,0.5064231157302856,0.49357688426971436,1
s47_1_offline_train_t038,47,1,offline_train,2,session1/s47/sess01_subj47_EEG_MI.mat,9e1e3cb79f82ec08d87c80aaa8d5929479ceccd454f25b3d3fea7115f3eb05c9,587650,Lee2019_MI,Q15-E007,BROAD_EEGNET,20260924,0.16689498722553253,0.8331050276756287,2
s47_1_offline_train_t039,47,1,offline_train,1,session1/s47/sess01_subj47_EEG_MI.mat,9e1e3cb79f82ec08d87c80aaa8d5929479ceccd454f25b3d3fea7115f3eb05c9,599167,Lee2019_MI,Q15-E007,BROAD_EEGNET,20260924,0.5131067633628845,0.4868932068347931,1
s47_1_offline_train_t040,47,1,offline_train,1,session1/s47/sess01_subj47_EEG_MI.mat,9e1e3cb79f82ec08d87c80aaa8d5929479ceccd454f25b3d3fea7115f3eb05c9,609750,Lee2019_MI,Q15-E007,BROAD_EEGNET,20260924,0.5200555920600891,0.4799444079399109,1
s47_1_offline_train_t041,47,1,offline_train,1,session1/s47/sess01_subj47_EEG_MI.mat,9e1e3cb79f82ec08d87c80aaa8d5929479ceccd454f25b3d3fea7115f3eb05c9,620716,Lee2019_MI,Q15-E007,BROAD_EEGNET,20260924,0.7602936029434204,0.2397063672542572,1
s47_1_offline_train_t042,47,1,offline_train,1,session1/s47/sess01_subj47_EEG_MI.mat,9e1e3cb79f82ec08d87c80aaa8d5929479ceccd454f25b3d3fea7115f3eb05c9,631683,Lee2019_MI,Q15-E007,BROAD_EEGNET,20260924,0.8928220868110657,0.10717788338661194,1
s47_1_offline_train_t043,47,1,offline_train,2,session1/s47/sess01_subj47_EEG_MI.mat,9e1e3cb79f82ec08d87c80aaa8d5929479ceccd454f25b3d3fea7115f3eb05c9,642999,Lee2019_MI,Q15-E007,BROAD_EEGNET,20260924,0.24088160693645477,0.759118378162384,2
s47_1_offline_train_t044,47,1,offline_train,1,session1/s47/sess01_subj47_EEG_MI.mat,9e1e3cb79f82ec08d87c80aaa8d5929479ceccd454f25b3d3fea7115f3eb05c9,654333,Lee2019_MI,Q15-E007,BROAD_EEGNET,20260924,0.9759411811828613,0.024058843031525612,1
s47_1_offline_train_t045,47,1,offline_train,2,session1/s47/sess01_subj47_EEG_MI.mat,9e1e3cb79f82ec08d87c80aaa8d5929479ceccd454f25b3d3fea7115f3eb05c9,665116,Lee2019_MI,Q15-E007,BROAD_EEGNET,20260924,0.6233442425727844,0.3766557276248932,1
s47_1_offline_train_t046,47,1,offline_train,1,session1/s47/sess01_subj47_EEG_MI.mat,9e1e3cb79f82ec08d87c80aaa8d5929479ceccd454f25b3d3fea7115f3eb05c9,676165,Lee2019_MI,Q15-E007,BROAD_EEGNET,20260924,0.17642031610012054,0.8235796689987183,2
s47_1_offline_train_t047,47,1,offline_train,1,session1/s47/sess01_subj47_EEG_MI.mat,9e1e3cb79f82ec08d87c80aaa8d5929479ceccd454f25b3d3fea7115f3eb05c9,687132,Lee2019_MI,Q15-E007,BROAD_EEGNET,20260924,0.8070823550224304,0.19291764497756958,1
s47_1_offline_train_t048,47,1,offline_train,1,session1/s47/sess01_subj47_EEG_MI.mat,9e1e3cb79f82ec08d87c80aaa8d5929479ceccd454f25b3d3fea7115f3eb05c9,698365,Lee2019_MI,Q15-E007,BROAD_EEGNET,20260924,0.7461609840393066,0.25383904576301575,1
s47_1_offline_train_t049,47,1,offline_train,2,session1/s47/sess01_subj47_EEG_MI.mat,9e1e3cb79f82ec08d87c80aaa8d5929479ceccd454f25b3d3fea7115f3eb05c9,709598,Lee2019_MI,Q15-E007,BROAD_EEGNET,20260924,0.5161857604980469,0.48381420969963074,1
s47_1_offline_train_t050,47,1,offline_train,1,session1/s47/sess01_subj47_EEG_MI.mat,9e1e3cb79f82ec08d87c80aaa8d5929479ceccd454f25b3d3fea7115f3eb05c9,732448,Lee2019_MI,Q15-E007,BROAD_EEGNET,20260924,0.5135706067085266,0.4864293932914734,1
s47_1_offline_train_t051,47,1,offline_train,1,session1/s47/sess01_subj47_EEG_MI.mat,9e1e3cb79f82ec08d87c80aaa8d5929479ceccd454f25b3d3fea7115f3eb05c9,743314,Lee2019_MI,Q15-E007,BROAD_EEGNET,20260924,0.24485303461551666,0.7551469206809998,2
s47_1_offline_train_t052,47,1,offline_train,1,session1/s47/sess01_subj47_EEG_MI.mat,9e1e3cb79f82ec08d87c80aaa8d5929479ceccd454f25b3d3fea7115f3eb05c9,754547,Lee2019_MI,Q15-E007,BROAD_EEGNET,20260924,0.4636201858520508,0.5363798141479492,2
s47_1_offline_train_t053,47,1,offline_train,1,session1/s47/sess01_subj47_EEG_MI.mat,9e1e3cb79f82ec08d87c80aaa8d5929479ceccd454f25b3d3fea7115f3eb05c9,765797,Lee2019_MI,Q15-E007,BROAD_EEGNET,20260924,0.5436934232711792,0.4563066065311432,1
s47_1_offline_train_t054,47,1,offline_train,2,session1/s47/sess01_subj47_EEG_MI.mat,9e1e3cb79f82ec08d87c80aaa8d5929479ceccd454f25b3d3fea7115f3eb05c9,776480,Lee2019_MI,Q15-E007,BROAD_EEGNET,20260924,0.3598165512084961,0.6401834487915039,2
s47_1_offline_train_t055,47,1,offline_train,1,session1/s47/sess01_subj47_EEG_MI.mat,9e1e3cb79f82ec08d87c80aaa8d5929479ceccd454f25b3d3fea7115f3eb05c9,787146,Lee2019_MI,Q15-E007,BROAD_EEGNET,20260924,0.9817251563072205,0.018274806439876556,1
s47_1_offline_train_t056,47,1,offline_train,1,session1/s47/sess01_subj47_EEG_MI.mat,9e1e3cb79f82ec08d87c80aaa8d5929479ceccd454f25b3d3fea7115f3eb05c9,798213,Lee2019_MI,Q15-E007,BROAD_EEGNET,20260924,0.8693374395370483,0.13066262006759644,1
s47_1_offline_train_t057,47,1,offline_train,2,session1/s47/sess01_subj47_EEG_MI.mat,9e1e3cb79f82ec08d87c80aaa8d5929479ceccd454f25b3d3fea7115f3eb05c9,809730,Lee2019_MI,Q15-E007,BROAD_EEGNET,20260924,0.28836867213249207,0.7116313576698303,2
s47_1_offline_train_t058,47,1,offline_train,2,session1/s47/sess01_subj47_EEG_MI.mat,9e1e3cb79f82ec08d87c80aaa8d5929479ceccd454f25b3d3fea7115f3eb05c9,820596,Lee2019_MI,Q15-E007,BROAD_EEGNET,20260924,0.6727892756462097,0.3272106945514679,1
s47_1_offline_train_t059,47,1,offline_train,1,session1/s47/sess01_subj47_EEG_MI.mat,9e1e3cb79f82ec08d87c80aaa8d5929479ceccd454f25b3d3fea7115f3eb05c9,831729,Lee2019_MI,Q15-E007,BROAD_EEGNET,20260924,0.5071665048599243,0.4928334653377533,1
s47_1_offline_train_t060,47,1,offline_train,1,session1/s47/sess01_subj47_EEG_MI.mat,9e1e3cb79f82ec08d87c80aaa8d5929479ceccd454f25b3d3fea7115f3eb05c9,842512,Lee2019_MI,Q15-E007,BROAD_EEGNET,20260924,0.6030964255332947,0.3969036042690277,1
s47_1_offline_train_t061,47,1,offline_train,2,session1/s47/sess01_subj47_EEG_MI.mat,9e1e3cb79f82ec08d87c80aaa8d5929479ceccd454f25b3d3fea7115f3eb05c9,853845,Lee2019_MI,Q15-E007,BROAD_EEGNET,20260924,0.37256526947021484,0.6274347305297852,2
s47_1_offline_train_t062,47,1,offline_train,2,session1/s47/sess01_subj47_EEG_MI.mat,9e1e3cb79f82ec08d87c80aaa8d5929479ceccd454f25b3d3fea7115f3eb05c9,864612,Lee2019_MI,Q15-E007,BROAD_EEGNET,20260924,0.8944844007492065,0.10551556199789047,1
s47_1_offline_train_t063,47,1,offline_train,1,session1/s47/sess01_subj47_EEG_MI.mat,9e1e3cb79f82ec08d87c80aaa8d5929479ceccd454f25b3d3fea7115f3eb05c9,875662,Lee2019_MI,Q15-E007,BROAD_EEGNET,20260924,0.29404860734939575,0.7059513926506042,2
s47_1_offline_train_t064,47,1,offline_train,2,session1/s47/sess01_subj47_EEG_MI.mat,9e1e3cb79f82ec08d87c80aaa8d5929479ceccd454f25b3d3fea7115f3eb05c9,886911,Lee2019_MI,Q15-E007,BROAD_EEGNET,20260924,0.22728809714317322,0.7727118730545044,2
s47_1_offline_train_t065,47,1,offline_train,2,session1/s47/sess01_subj47_EEG_MI.mat,9e1e3cb79f82ec08d87c80aaa8d5929479ceccd454f25b3d3fea7115f3eb05c9,898328,Lee2019_MI,Q15-E007,BROAD_EEGNET,20260924,0.060950785875320435,0.9390491843223572,2
s47_1_offline_train_t066,47,1,offline_train,2,session1/s47/sess01_subj47_EEG_MI.mat,9e1e3cb79f82ec08d87c80aaa8d5929479ceccd454f25b3d3fea7115f3eb05c9,909844,Lee2019_MI,Q15-E007,BROAD_EEGNET,20260924,0.831987738609314,0.16801227629184723,1
s47_1_offline_train_t067,47,1,offline_train,2,session1/s47/sess01_subj47_EEG_MI.mat,9e1e3cb79f82ec08d87c80aaa8d5929479ceccd454f25b3d3fea7115f3eb05c9,920994,Lee2019_MI,Q15-E007,BROAD_EEGNET,20260924,0.9407832026481628,0.05921681225299835,1
s47_1_offline_train_t068,47,1,offline_train,1,session1/s47/sess01_subj47_EEG_MI.mat,9e1e3cb79f82ec08d87c80aaa8d5929479ceccd454f25b3d3fea7115f3eb05c9,931677,Lee2019_MI,Q15-E007,BROAD_EEGNET,20260924,0.4247925281524658,0.5752074718475342,2
s47_1_offline_train_t069,47,1,offline_train,1,session1/s47/sess01_subj47_EEG_MI.mat,9e1e3cb79f82ec08d87c80aaa8d5929479ceccd454f25b3d3fea7115f3eb05c9,942360,Lee2019_MI,Q15-E007,BROAD_EEGNET,20260924,0.5925983786582947,0.4074016213417053,1
s47_1_offline_train_t070,47,1,offline_train,2,session1/s47/sess01_subj47_EEG_MI.mat,9e1e3cb79f82ec08d87c80aaa8d5929479ceccd454f25b3d3fea7115f3eb05c9,953127,Lee2019_MI,Q15-E007,BROAD_EEGNET,20260924,0.5054599046707153,0.49454009532928467,1
s47_1_offline_train_t071,47,1,offline_train,1,session1/s47/sess01_subj47_EEG_MI.mat,9e1e3cb79f82ec08d87c80aaa8d5929479ceccd454f25b3d3fea7115f3eb05c9,964543,Lee2019_MI,Q15-E007,BROAD_EEGNET,20260924,0.98781418800354,0.012185830622911453,1
s47_1_offline_train_t072,47,1,offline_train,2,session1/s47/sess01_subj47_EEG_MI.mat,9e1e3cb79f82ec08d87c80aaa8d5929479ceccd454f25b3d3fea7115f3eb05c9,975326,Lee2019_MI,Q15-E007,BROAD_EEGNET,20260924,0.40429243445396423,0.5957075953483582,2
s47_1_offline_train_t073,47,1,offline_train,2,session1/s47/sess01_subj47_EEG_MI.mat,9e1e3cb79f82ec08d87c80aaa8d5929479ceccd454f25b3d3fea7115f3eb05c9,986659,Lee2019_MI,Q15-E007,BROAD_EEGNET,20260924,0.49399393796920776,0.5060060620307922,2
s47_1_offline_train_t074,47,1,offline_train,2,session1/s47/sess01_subj47_EEG_MI.mat,9e1e3cb79f82ec08d87c80aaa8d5929479ceccd454f25b3d3fea7115f3eb05c9,997426,Lee2019_MI,Q15-E007,BROAD_EEGNET,20260924,0.4026213586330414,0.5973786115646362,2
s47_1_offline_train_t075,47,1,offline_train,1,session1/s47/sess01_subj47_EEG_MI.mat,9e1e3cb79f82ec08d87c80aaa8d5929479ceccd454f25b3d3fea7115f3eb05c9,1008942,Lee2019_MI,Q15-E007,BROAD_EEGNET,20260924,0.9394208192825317,0.060579195618629456,1
s47_1_offline_train_t076,47,1,offline_train,2,session1/s47/sess01_subj47_EEG_MI.mat,9e1e3cb79f82ec08d87c80aaa8d5929479ceccd454f25b3d3fea7115f3eb05c9,1019809,Lee2019_MI,Q15-E007,BROAD_EEGNET,20260924,0.35940811038017273,0.6405919194221497,2
s47_1_offline_train_t077,47,1,offline_train,1,session1/s47/sess01_subj47_EEG_MI.mat,9e1e3cb79f82ec08d87c80aaa8d5929479ceccd454f25b3d3fea7115f3eb05c9,1030592,Lee2019_MI,Q15-E007,BROAD_EEGNET,20260924,0.8905816078186035,0.10941837728023529,1
s47_1_offline_train_t078,47,1,offline_train,1,session1/s47/sess01_subj47_EEG_MI.mat,9e1e3cb79f82ec08d87c80aaa8d5929479ceccd454f25b3d3fea7115f3eb05c9,1041358,Lee2019_MI,Q15-E007,BROAD_EEGNET,20260924,0.776992678642273,0.22300732135772705,1
s47_1_offline_train_t079,47,1,offline_train,2,session1/s47/sess01_subj47_EEG_MI.mat,9e1e3cb79f82ec08d87c80aaa8d5929479ceccd454f25b3d3fea7115f3eb05c9,1052508,Lee2019_MI,Q15-E007,BROAD_EEGNET,20260924,0.3137901723384857,0.6862098574638367,2
s47_1_offline_train_t080,47,1,offline_train,2,session1/s47/sess01_subj47_EEG_MI.mat,9e1e3cb79f82ec08d87c80aaa8d5929479ceccd454f25b3d3fea7115f3eb05c9,1063558,Lee2019_MI,Q15-E007,BROAD_EEGNET,20260924,0.4528176486492157,0.5471823215484619,2
s47_1_offline_train_t081,47,1,offline_train,2,session1/s47/sess01_subj47_EEG_MI.mat,9e1e3cb79f82ec08d87c80aaa8d5929479ceccd454f25b3d3fea7115f3eb05c9,1074424,Lee2019_MI,Q15-E007,BROAD_EEGNET,20260924,0.48407119512557983,0.5159288048744202,2
s47_1_offline_train_t082,47,1,offline_train,1,session1/s47/sess01_subj47_EEG_MI.mat,9e1e3cb79f82ec08d87c80aaa8d5929479ceccd454f25b3d3fea7115f3eb05c9,1085858,Lee2019_MI,Q15-E007,BROAD_EEGNET,20260924,0.43163055181503296,0.568369448184967,2
s47_1_offline_train_t083,47,1,offline_train,2,session1/s47/sess01_subj47_EEG_MI.mat,9e1e3cb79f82ec08d87c80aaa8d5929479ceccd454f25b3d3fea7115f3eb05c9,1096991,Lee2019_MI,Q15-E007,BROAD_EEGNET,20260924,0.059812456369400024,0.9401875138282776,2
s47_1_offline_train_t084,47,1,offline_train,2,session1/s47/sess01_subj47_EEG_MI.mat,9e1e3cb79f82ec08d87c80aaa8d5929479ceccd454f25b3d3fea7115f3eb05c9,1108141,Lee2019_MI,Q15-E007,BROAD_EEGNET,20260924,0.5552427172660828,0.44475725293159485,1
s47_1_offline_train_t085,47,1,offline_train,1,session1/s47/sess01_subj47_EEG_MI.mat,9e1e3cb79f82ec08d87c80aaa8d5929479ceccd454f25b3d3fea7115f3eb05c9,1119557,Lee2019_MI,Q15-E007,BROAD_EEGNET,20260924,0.8879399299621582,0.11206009984016418,1
s47_1_offline_train_t086,47,1,offline_train,2,session1/s47/sess01_subj47_EEG_MI.mat,9e1e3cb79f82ec08d87c80aaa8d5929479ceccd454f25b3d3fea7115f3eb05c9,1130423,Lee2019_MI,Q15-E007,BROAD_EEGNET,20260924,0.5301772952079773,0.4698227643966675,1
s47_1_offline_train_t087,47,1,offline_train,1,session1/s47/sess01_subj47_EEG_MI.mat,9e1e3cb79f82ec08d87c80aaa8d5929479ceccd454f25b3d3fea7115f3eb05c9,1141756,Lee2019_MI,Q15-E007,BROAD_EEGNET,20260924,0.7179041504859924,0.28209590911865234,1
s47_1_offline_train_t088,47,1,offline_train,2,session1/s47/sess01_subj47_EEG_MI.mat,9e1e3cb79f82ec08d87c80aaa8d5929479ceccd454f25b3d3fea7115f3eb05c9,1153090,Lee2019_MI,Q15-E007,BROAD_EEGNET,20260924,0.46046775579452515,0.5395323038101196,2
s47_1_offline_train_t089,47,1,offline_train,2,session1/s47/sess01_subj47_EEG_MI.mat,9e1e3cb79f82ec08d87c80aaa8d5929479ceccd454f25b3d3fea7115f3eb05c9,1164056,Lee2019_MI,Q15-E007,BROAD_EEGNET,20260924,0.9237666130065918,0.0762333869934082,1
s47_1_offline_train_t090,47,1,offline_train,2,session1/s47/sess01_subj47_EEG_MI.mat,9e1e3cb79f82ec08d87c80aaa8d5929479ceccd454f25b3d3fea7115f3eb05c9,1175206,Lee2019_MI,Q15-E007,BROAD_EEGNET,20260924,0.07652109116315842,0.923478901386261,2
s47_1_offline_train_t091,47,1,offline_train,2,session1/s47/sess01_subj47_EEG_MI.mat,9e1e3cb79f82ec08d87c80aaa8d5929479ceccd454f25b3d3fea7115f3eb05c9,1185789,Lee2019_MI,Q15-E007,BROAD_EEGNET,20260924,0.4669755697250366,0.5330244898796082,2
s47_1_offline_train_t092,47,1,offline_train,2,session1/s47/sess01_subj47_EEG_MI.mat,9e1e3cb79f82ec08d87c80aaa8d5929479ceccd454f25b3d3fea7115f3eb05c9,1196372,Lee2019_MI,Q15-E007,BROAD_EEGNET,20260924,0.557654619216919,0.44234541058540344,1
s47_1_offline_train_t093,47,1,offline_train,1,session1/s47/sess01_subj47_EEG_MI.mat,9e1e3cb79f82ec08d87c80aaa8d5929479ceccd454f25b3d3fea7115f3eb05c9,1207422,Lee2019_MI,Q15-E007,BROAD_EEGNET,20260924,0.9142591953277588,0.08574079722166061,1
s47_1_offline_train_t094,47,1,offline_train,2,session1/s47/sess01_subj47_EEG_MI.mat,9e1e3cb79f82ec08d87c80aaa8d5929479ceccd454f25b3d3fea7115f3eb05c9,1218755,Lee2019_MI,Q15-E007,BROAD_EEGNET,20260924,0.8202460408210754,0.17975394427776337,1
s47_1_offline_train_t095,47,1,offline_train,1,session1/s47/sess01_subj47_EEG_MI.mat,9e1e3cb79f82ec08d87c80aaa8d5929479ceccd454f25b3d3fea7115f3eb05c9,1230271,Lee2019_MI,Q15-E007,BROAD_EEGNET,20260924,0.6515558362007141,0.3484441637992859,1
s47_1_offline_train_t096,47,1,offline_train,1,session1/s47/sess01_subj47_EEG_MI.mat,9e1e3cb79f82ec08d87c80aaa8d5929479ceccd454f25b3d3fea7115f3eb05c9,1240954,Lee2019_MI,Q15-E007,BROAD_EEGNET,20260924,0.770580530166626,0.2294195145368576,1
s47_1_offline_train_t097,47,1,offline_train,2,session1/s47/sess01_subj47_EEG_MI.mat,9e1e3cb79f82ec08d87c80aaa8d5929479ceccd454f25b3d3fea7115f3eb05c9,1252104,Lee2019_MI,Q15-E007,BROAD_EEGNET,20260924,0.8762306571006775,0.1237693652510643,1
s47_1_offline_train_t098,47,1,offline_train,1,session1/s47/sess01_subj47_EEG_MI.mat,9e1e3cb79f82ec08d87c80aaa8d5929479ceccd454f25b3d3fea7115f3eb05c9,1263154,Lee2019_MI,Q15-E007,BROAD_EEGNET,20260924,0.9389356374740601,0.06106437370181084,1
s47_1_offline_train_t099,47,1,offline_train,2,session1/s47/sess01_subj47_EEG_MI.mat,9e1e3cb79f82ec08d87c80aaa8d5929479ceccd454f25b3d3fea7115f3eb05c9,1273738,Lee2019_MI,Q15-E007,BROAD_EEGNET,20260924,0.9865925908088684,0.013407417573034763,1
s47_1_offline_train_t100,47,1,offline_train,2,session1/s47/sess01_subj47_EEG_MI.mat,9e1e3cb79f82ec08d87c80aaa8d5929479ceccd454f25b3d3fea7115f3eb05c9,1284604,Lee2019_MI,Q15-E007,BROAD_EEGNET,20260924,0.8390945792198181,0.16090543568134308,1
s47_2_offline_train_t001,47,2,offline_train,1,session2/s47/sess02_subj47_EEG_MI.mat,eaac59812169d83f02da8004c763191120e8bdcbde980ec090c7bf3453e9ff18,149252,Lee2019_MI,Q15-E007,BROAD_EEGNET,20260924,0.5948053598403931,0.4051946699619293,1
s47_2_offline_train_t002,47,2,offline_train,2,session2/s47/sess02_subj47_EEG_MI.mat,eaac59812169d83f02da8004c763191120e8bdcbde980ec090c7bf3453e9ff18,160787,Lee2019_MI,Q15-E007,BROAD_EEGNET,20260924,0.3448145091533661,0.6551854610443115,2
s47_2_offline_train_t003,47,2,offline_train,1,session2/s47/sess02_subj47_EEG_MI.mat,eaac59812169d83f02da8004c763191120e8bdcbde980ec090c7bf3453e9ff18,171470,Lee2019_MI,Q15-E007,BROAD_EEGNET,20260924,0.8132021427154541,0.18679781258106232,1
s47_2_offline_train_t004,47,2,offline_train,1,session2/s47/sess02_subj47_EEG_MI.mat,eaac59812169d83f02da8004c763191120e8bdcbde980ec090c7bf3453e9ff18,182986,Lee2019_MI,Q15-E007,BROAD_EEGNET,20260924,0.5634771585464478,0.436522901058197,1
s47_2_offline_train_t005,47,2,offline_train,2,session2/s47/sess02_subj47_EEG_MI.mat,eaac59812169d83f02da8004c763191120e8bdcbde980ec090c7bf3453e9ff18,194118,Lee2019_MI,Q15-E007,BROAD_EEGNET,20260924,0.6357662677764893,0.36423373222351074,1
s47_2_offline_train_t006,47,2,offline_train,2,session2/s47/sess02_subj47_EEG_MI.mat,eaac59812169d83f02da8004c763191120e8bdcbde980ec090c7bf3453e9ff18,204802,Lee2019_MI,Q15-E007,BROAD_EEGNET,20260924,0.7114863991737366,0.2885136604309082,1
s47_2_offline_train_t007,47,2,offline_train,1,session2/s47/sess02_subj47_EEG_MI.mat,eaac59812169d83f02da8004c763191120e8bdcbde980ec090c7bf3453e9ff18,215669,Lee2019_MI,Q15-E007,BROAD_EEGNET,20260924,0.8421723246574402,0.1578277349472046,1
s47_2_offline_train_t008,47,2,offline_train,2,session2/s47/sess02_subj47_EEG_MI.mat,eaac59812169d83f02da8004c763191120e8bdcbde980ec090c7bf3453e9ff18,226735,Lee2019_MI,Q15-E007,BROAD_EEGNET,20260924,0.3853277862071991,0.6146721839904785,2
s47_2_offline_train_t009,47,2,offline_train,1,session2/s47/sess02_subj47_EEG_MI.mat,eaac59812169d83f02da8004c763191120e8bdcbde980ec090c7bf3453e9ff18,238252,Lee2019_MI,Q15-E007,BROAD_EEGNET,20260924,0.6540895104408264,0.34591051936149597,1
s47_2_offline_train_t010,47,2,offline_train,1,session2/s47/sess02_subj47_EEG_MI.mat,eaac59812169d83f02da8004c763191120e8bdcbde980ec090c7bf3453e9ff18,249768,Lee2019_MI,Q15-E007,BROAD_EEGNET,20260924,0.9018703103065491,0.09812965244054794,1
s47_2_offline_train_t011,47,2,offline_train,2,session2/s47/sess02_subj47_EEG_MI.mat,eaac59812169d83f02da8004c763191120e8bdcbde980ec090c7bf3453e9ff18,260434,Lee2019_MI,Q15-E007,BROAD_EEGNET,20260924,0.33208635449409485,0.6679136753082275,2
s47_2_offline_train_t012,47,2,offline_train,2,session2/s47/sess02_subj47_EEG_MI.mat,eaac59812169d83f02da8004c763191120e8bdcbde980ec090c7bf3453e9ff18,271968,Lee2019_MI,Q15-E007,BROAD_EEGNET,20260924,0.24993394315242767,0.7500660419464111,2
s47_2_offline_train_t013,47,2,offline_train,1,session2/s47/sess02_subj47_EEG_MI.mat,eaac59812169d83f02da8004c763191120e8bdcbde980ec090c7bf3453e9ff18,283484,Lee2019_MI,Q15-E007,BROAD_EEGNET,20260924,0.8410389423370361,0.15896105766296387,1
s47_2_offline_train_t014,47,2,offline_train,1,session2/s47/sess02_subj47_EEG_MI.mat,eaac59812169d83f02da8004c763191120e8bdcbde980ec090c7bf3453e9ff18,294534,Lee2019_MI,Q15-E007,BROAD_EEGNET,20260924,0.9912842512130737,0.008715800009667873,1
s47_2_offline_train_t015,47,2,offline_train,2,session2/s47/sess02_subj47_EEG_MI.mat,eaac59812169d83f02da8004c763191120e8bdcbde980ec090c7bf3453e9ff18,305867,Lee2019_MI,Q15-E007,BROAD_EEGNET,20260924,0.5508455038070679,0.44915446639060974,1
s47_2_offline_train_t016,47,2,offline_train,1,session2/s47/sess02_subj47_EEG_MI.mat,eaac59812169d83f02da8004c763191120e8bdcbde980ec090c7bf3453e9ff18,316533,Lee2019_MI,Q15-E007,BROAD_EEGNET,20260924,0.921632707118988,0.07836724817752838,1
s47_2_offline_train_t017,47,2,offline_train,1,session2/s47/sess02_subj47_EEG_MI.mat,eaac59812169d83f02da8004c763191120e8bdcbde980ec090c7bf3453e9ff18,327500,Lee2019_MI,Q15-E007,BROAD_EEGNET,20260924,0.7190757393836975,0.2809242606163025,1
s47_2_offline_train_t018,47,2,offline_train,1,session2/s47/sess02_subj47_EEG_MI.mat,eaac59812169d83f02da8004c763191120e8bdcbde980ec090c7bf3453e9ff18,339016,Lee2019_MI,Q15-E007,BROAD_EEGNET,20260924,0.9159039855003357,0.08409597724676132,1
s47_2_offline_train_t019,47,2,offline_train,1,session2/s47/sess02_subj47_EEG_MI.mat,eaac59812169d83f02da8004c763191120e8bdcbde980ec090c7bf3453e9ff18,350349,Lee2019_MI,Q15-E007,BROAD_EEGNET,20260924,0.6498376727104187,0.3501623272895813,1
s47_2_offline_train_t020,47,2,offline_train,2,session2/s47/sess02_subj47_EEG_MI.mat,eaac59812169d83f02da8004c763191120e8bdcbde980ec090c7bf3453e9ff18,361865,Lee2019_MI,Q15-E007,BROAD_EEGNET,20260924,0.29220208525657654,0.7077978849411011,2
s47_2_offline_train_t021,47,2,offline_train,2,session2/s47/sess02_subj47_EEG_MI.mat,eaac59812169d83f02da8004c763191120e8bdcbde980ec090c7bf3453e9ff18,373098,Lee2019_MI,Q15-E007,BROAD_EEGNET,20260924,0.5029220581054688,0.49707794189453125,1
s47_2_offline_train_t022,47,2,offline_train,1,session2/s47/sess02_subj47_EEG_MI.mat,eaac59812169d83f02da8004c763191120e8bdcbde980ec090c7bf3453e9ff18,383698,Lee2019_MI,Q15-E007,BROAD_EEGNET,20260924,0.9804994463920593,0.019500553607940674,1
s47_2_offline_train_t023,47,2,offline_train,2,session2/s47/sess02_subj47_EEG_MI.mat,eaac59812169d83f02da8004c763191120e8bdcbde980ec090c7bf3453e9ff18,395114,Lee2019_MI,Q15-E007,BROAD_EEGNET,20260924,0.7501641511917114,0.24983583390712738,1
s47_2_offline_train_t024,47,2,offline_train,2,session2/s47/sess02_subj47_EEG_MI.mat,eaac59812169d83f02da8004c763191120e8bdcbde980ec090c7bf3453e9ff18,406631,Lee2019_MI,Q15-E007,BROAD_EEGNET,20260924,0.4157187342643738,0.5842812657356262,2
s47_2_offline_train_t025,47,2,offline_train,2,session2/s47/sess02_subj47_EEG_MI.mat,eaac59812169d83f02da8004c763191120e8bdcbde980ec090c7bf3453e9ff18,417864,Lee2019_MI,Q15-E007,BROAD_EEGNET,20260924,0.8571923971176147,0.14280763268470764,1
s47_2_offline_train_t026,47,2,offline_train,1,session2/s47/sess02_subj47_EEG_MI.mat,eaac59812169d83f02da8004c763191120e8bdcbde980ec090c7bf3453e9ff18,429197,Lee2019_MI,Q15-E007,BROAD_EEGNET,20260924,0.6493030190467834,0.35069698095321655,1
s47_2_offline_train_t027,47,2,offline_train,2,session2/s47/sess02_subj47_EEG_MI.mat,eaac59812169d83f02da8004c763191120e8bdcbde980ec090c7bf3453e9ff18,440530,Lee2019_MI,Q15-E007,BROAD_EEGNET,20260924,0.3943984806537628,0.6056014895439148,2
s47_2_offline_train_t028,47,2,offline_train,1,session2/s47/sess02_subj47_EEG_MI.mat,eaac59812169d83f02da8004c763191120e8bdcbde980ec090c7bf3453e9ff18,451497,Lee2019_MI,Q15-E007,BROAD_EEGNET,20260924,0.871587872505188,0.128412127494812,1
s47_2_offline_train_t029,47,2,offline_train,1,session2/s47/sess02_subj47_EEG_MI.mat,eaac59812169d83f02da8004c763191120e8bdcbde980ec090c7bf3453e9ff18,462730,Lee2019_MI,Q15-E007,BROAD_EEGNET,20260924,0.9266124963760376,0.07338753342628479,1
s47_2_offline_train_t030,47,2,offline_train,2,session2/s47/sess02_subj47_EEG_MI.mat,eaac59812169d83f02da8004c763191120e8bdcbde980ec090c7bf3453e9ff18,473413,Lee2019_MI,Q15-E007,BROAD_EEGNET,20260924,0.9140593409538269,0.08594062924385071,1
s47_2_offline_train_t031,47,2,offline_train,1,session2/s47/sess02_subj47_EEG_MI.mat,eaac59812169d83f02da8004c763191120e8bdcbde980ec090c7bf3453e9ff18,484646,Lee2019_MI,Q15-E007,BROAD_EEGNET,20260924,0.5410241484642029,0.45897582173347473,1
s47_2_offline_train_t032,47,2,offline_train,2,session2/s47/sess02_subj47_EEG_MI.mat,eaac59812169d83f02da8004c763191120e8bdcbde980ec090c7bf3453e9ff18,495246,Lee2019_MI,Q15-E007,BROAD_EEGNET,20260924,0.2927446663379669,0.7072553038597107,2
s47_2_offline_train_t033,47,2,offline_train,1,session2/s47/sess02_subj47_EEG_MI.mat,eaac59812169d83f02da8004c763191120e8bdcbde980ec090c7bf3453e9ff18,506112,Lee2019_MI,Q15-E007,BROAD_EEGNET,20260924,0.9882299900054932,0.011770031414926052,1
s47_2_offline_train_t034,47,2,offline_train,2,session2/s47/sess02_subj47_EEG_MI.mat,eaac59812169d83f02da8004c763191120e8bdcbde980ec090c7bf3453e9ff18,516695,Lee2019_MI,Q15-E007,BROAD_EEGNET,20260924,0.46964651346206665,0.5303535461425781,2
s47_2_offline_train_t035,47,2,offline_train,2,session2/s47/sess02_subj47_EEG_MI.mat,eaac59812169d83f02da8004c763191120e8bdcbde980ec090c7bf3453e9ff18,527378,Lee2019_MI,Q15-E007,BROAD_EEGNET,20260924,0.5421821475028992,0.45781785249710083,1
s47_2_offline_train_t036,47,2,offline_train,1,session2/s47/sess02_subj47_EEG_MI.mat,eaac59812169d83f02da8004c763191120e8bdcbde980ec090c7bf3453e9ff18,538711,Lee2019_MI,Q15-E007,BROAD_EEGNET,20260924,0.8836949467658997,0.11630505323410034,1
s47_2_offline_train_t037,47,2,offline_train,1,session2/s47/sess02_subj47_EEG_MI.mat,eaac59812169d83f02da8004c763191120e8bdcbde980ec090c7bf3453e9ff18,549944,Lee2019_MI,Q15-E007,BROAD_EEGNET,20260924,0.5731139183044434,0.42688602209091187,1
s47_2_offline_train_t038,47,2,offline_train,2,session2/s47/sess02_subj47_EEG_MI.mat,eaac59812169d83f02da8004c763191120e8bdcbde980ec090c7bf3453e9ff18,560811,Lee2019_MI,Q15-E007,BROAD_EEGNET,20260924,0.3380950093269348,0.6619049906730652,2
s47_2_offline_train_t039,47,2,offline_train,1,session2/s47/sess02_subj47_EEG_MI.mat,eaac59812169d83f02da8004c763191120e8bdcbde980ec090c7bf3453e9ff18,572327,Lee2019_MI,Q15-E007,BROAD_EEGNET,20260924,0.900368869304657,0.09963109344244003,1
s47_2_offline_train_t040,47,2,offline_train,1,session2/s47/sess02_subj47_EEG_MI.mat,eaac59812169d83f02da8004c763191120e8bdcbde980ec090c7bf3453e9ff18,582910,Lee2019_MI,Q15-E007,BROAD_EEGNET,20260924,0.6916690468788147,0.3083309531211853,1
s47_2_offline_train_t041,47,2,offline_train,1,session2/s47/sess02_subj47_EEG_MI.mat,eaac59812169d83f02da8004c763191120e8bdcbde980ec090c7bf3453e9ff18,593876,Lee2019_MI,Q15-E007,BROAD_EEGNET,20260924,0.9465226531028748,0.05347735434770584,1
s47_2_offline_train_t042,47,2,offline_train,1,session2/s47/sess02_subj47_EEG_MI.mat,eaac59812169d83f02da8004c763191120e8bdcbde980ec090c7bf3453e9ff18,604826,Lee2019_MI,Q15-E007,BROAD_EEGNET,20260924,0.9637687802314758,0.0362311489880085,1
s47_2_offline_train_t043,47,2,offline_train,2,session2/s47/sess02_subj47_EEG_MI.mat,eaac59812169d83f02da8004c763191120e8bdcbde980ec090c7bf3453e9ff18,616159,Lee2019_MI,Q15-E007,BROAD_EEGNET,20260924,0.3107936978340149,0.6892063021659851,2
s47_2_offline_train_t044,47,2,offline_train,1,session2/s47/sess02_subj47_EEG_MI.mat,eaac59812169d83f02da8004c763191120e8bdcbde980ec090c7bf3453e9ff18,627492,Lee2019_MI,Q15-E007,BROAD_EEGNET,20260924,0.9324967861175537,0.06750323623418808,1
s47_2_offline_train_t045,47,2,offline_train,2,session2/s47/sess02_subj47_EEG_MI.mat,eaac59812169d83f02da8004c763191120e8bdcbde980ec090c7bf3453e9ff18,638275,Lee2019_MI,Q15-E007,BROAD_EEGNET,20260924,0.30798178911209106,0.6920182108879089,2
s47_2_offline_train_t046,47,2,offline_train,1,session2/s47/sess02_subj47_EEG_MI.mat,eaac59812169d83f02da8004c763191120e8bdcbde980ec090c7bf3453e9ff18,649325,Lee2019_MI,Q15-E007,BROAD_EEGNET,20260924,0.972087562084198,0.027912482619285583,1
s47_2_offline_train_t047,47,2,offline_train,1,session2/s47/sess02_subj47_EEG_MI.mat,eaac59812169d83f02da8004c763191120e8bdcbde980ec090c7bf3453e9ff18,660275,Lee2019_MI,Q15-E007,BROAD_EEGNET,20260924,0.9987010955810547,0.00129883352201432,1
s47_2_offline_train_t048,47,2,offline_train,1,session2/s47/sess02_subj47_EEG_MI.mat,eaac59812169d83f02da8004c763191120e8bdcbde980ec090c7bf3453e9ff18,671424,Lee2019_MI,Q15-E007,BROAD_EEGNET,20260924,0.8868207931518555,0.1131792739033699,1
s47_2_offline_train_t049,47,2,offline_train,2,session2/s47/sess02_subj47_EEG_MI.mat,eaac59812169d83f02da8004c763191120e8bdcbde980ec090c7bf3453e9ff18,682657,Lee2019_MI,Q15-E007,BROAD_EEGNET,20260924,0.4075157344341278,0.5924842953681946,2
s47_2_offline_train_t050,47,2,offline_train,1,session2/s47/sess02_subj47_EEG_MI.mat,eaac59812169d83f02da8004c763191120e8bdcbde980ec090c7bf3453e9ff18,707373,Lee2019_MI,Q15-E007,BROAD_EEGNET,20260924,0.11532863229513168,0.8846713900566101,2
s47_2_offline_train_t051,47,2,offline_train,1,session2/s47/sess02_subj47_EEG_MI.mat,eaac59812169d83f02da8004c763191120e8bdcbde980ec090c7bf3453e9ff18,718240,Lee2019_MI,Q15-E007,BROAD_EEGNET,20260924,0.7571704387664795,0.24282951653003693,1
s47_2_offline_train_t052,47,2,offline_train,1,session2/s47/sess02_subj47_EEG_MI.mat,eaac59812169d83f02da8004c763191120e8bdcbde980ec090c7bf3453e9ff18,729473,Lee2019_MI,Q15-E007,BROAD_EEGNET,20260924,0.9620426893234253,0.03795737400650978,1
s47_2_offline_train_t053,47,2,offline_train,1,session2/s47/sess02_subj47_EEG_MI.mat,eaac59812169d83f02da8004c763191120e8bdcbde980ec090c7bf3453e9ff18,740723,Lee2019_MI,Q15-E007,BROAD_EEGNET,20260924,0.6783804297447205,0.3216196298599243,1
s47_2_offline_train_t054,47,2,offline_train,2,session2/s47/sess02_subj47_EEG_MI.mat,eaac59812169d83f02da8004c763191120e8bdcbde980ec090c7bf3453e9ff18,751389,Lee2019_MI,Q15-E007,BROAD_EEGNET,20260924,0.6986438035964966,0.3013562262058258,1
s47_2_offline_train_t055,47,2,offline_train,1,session2/s47/sess02_subj47_EEG_MI.mat,eaac59812169d83f02da8004c763191120e8bdcbde980ec090c7bf3453e9ff18,762072,Lee2019_MI,Q15-E007,BROAD_EEGNET,20260924,0.7765324115753174,0.22346752882003784,1
s47_2_offline_train_t056,47,2,offline_train,1,session2/s47/sess02_subj47_EEG_MI.mat,eaac59812169d83f02da8004c763191120e8bdcbde980ec090c7bf3453e9ff18,773122,Lee2019_MI,Q15-E007,BROAD_EEGNET,20260924,0.9883402585983276,0.011659784242510796,1
s47_2_offline_train_t057,47,2,offline_train,2,session2/s47/sess02_subj47_EEG_MI.mat,eaac59812169d83f02da8004c763191120e8bdcbde980ec090c7bf3453e9ff18,784638,Lee2019_MI,Q15-E007,BROAD_EEGNET,20260924,0.5701684355735779,0.4298315942287445,1
s47_2_offline_train_t058,47,2,offline_train,2,session2/s47/sess02_subj47_EEG_MI.mat,eaac59812169d83f02da8004c763191120e8bdcbde980ec090c7bf3453e9ff18,795505,Lee2019_MI,Q15-E007,BROAD_EEGNET,20260924,0.6746585369110107,0.32534146308898926,1
s47_2_offline_train_t059,47,2,offline_train,1,session2/s47/sess02_subj47_EEG_MI.mat,eaac59812169d83f02da8004c763191120e8bdcbde980ec090c7bf3453e9ff18,806654,Lee2019_MI,Q15-E007,BROAD_EEGNET,20260924,0.844748854637146,0.15525110065937042,1
s47_2_offline_train_t060,47,2,offline_train,1,session2/s47/sess02_subj47_EEG_MI.mat,eaac59812169d83f02da8004c763191120e8bdcbde980ec090c7bf3453e9ff18,817437,Lee2019_MI,Q15-E007,BROAD_EEGNET,20260924,0.587385356426239,0.4126146733760834,1
s47_2_offline_train_t061,47,2,offline_train,2,session2/s47/sess02_subj47_EEG_MI.mat,eaac59812169d83f02da8004c763191120e8bdcbde980ec090c7bf3453e9ff18,828771,Lee2019_MI,Q15-E007,BROAD_EEGNET,20260924,0.36906132102012634,0.630938708782196,2
s47_2_offline_train_t062,47,2,offline_train,2,session2/s47/sess02_subj47_EEG_MI.mat,eaac59812169d83f02da8004c763191120e8bdcbde980ec090c7bf3453e9ff18,839537,Lee2019_MI,Q15-E007,BROAD_EEGNET,20260924,0.4797708988189697,0.5202291011810303,2
s47_2_offline_train_t063,47,2,offline_train,1,session2/s47/sess02_subj47_EEG_MI.mat,eaac59812169d83f02da8004c763191120e8bdcbde980ec090c7bf3453e9ff18,850587,Lee2019_MI,Q15-E007,BROAD_EEGNET,20260924,0.28537872433662415,0.7146213054656982,2
s47_2_offline_train_t064,47,2,offline_train,2,session2/s47/sess02_subj47_EEG_MI.mat,eaac59812169d83f02da8004c763191120e8bdcbde980ec090c7bf3453e9ff18,861820,Lee2019_MI,Q15-E007,BROAD_EEGNET,20260924,0.807899534702301,0.19210045039653778,1
s47_2_offline_train_t065,47,2,offline_train,2,session2/s47/sess02_subj47_EEG_MI.mat,eaac59812169d83f02da8004c763191120e8bdcbde980ec090c7bf3453e9ff18,873253,Lee2019_MI,Q15-E007,BROAD_EEGNET,20260924,0.318398654460907,0.681601345539093,2
s47_2_offline_train_t066,47,2,offline_train,2,session2/s47/sess02_subj47_EEG_MI.mat,eaac59812169d83f02da8004c763191120e8bdcbde980ec090c7bf3453e9ff18,884769,Lee2019_MI,Q15-E007,BROAD_EEGNET,20260924,0.337048202753067,0.6629518270492554,2
s47_2_offline_train_t067,47,2,offline_train,2,session2/s47/sess02_subj47_EEG_MI.mat,eaac59812169d83f02da8004c763191120e8bdcbde980ec090c7bf3453e9ff18,895919,Lee2019_MI,Q15-E007,BROAD_EEGNET,20260924,0.2362346202135086,0.7637653946876526,2
s47_2_offline_train_t068,47,2,offline_train,1,session2/s47/sess02_subj47_EEG_MI.mat,eaac59812169d83f02da8004c763191120e8bdcbde980ec090c7bf3453e9ff18,906602,Lee2019_MI,Q15-E007,BROAD_EEGNET,20260924,0.8569273352622986,0.1430726945400238,1
s47_2_offline_train_t069,47,2,offline_train,1,session2/s47/sess02_subj47_EEG_MI.mat,eaac59812169d83f02da8004c763191120e8bdcbde980ec090c7bf3453e9ff18,917268,Lee2019_MI,Q15-E007,BROAD_EEGNET,20260924,0.9083489775657654,0.09165102988481522,1
s47_2_offline_train_t070,47,2,offline_train,2,session2/s47/sess02_subj47_EEG_MI.mat,eaac59812169d83f02da8004c763191120e8bdcbde980ec090c7bf3453e9ff18,928051,Lee2019_MI,Q15-E007,BROAD_EEGNET,20260924,0.5206238031387329,0.4793761968612671,1
s47_2_offline_train_t071,47,2,offline_train,1,session2/s47/sess02_subj47_EEG_MI.mat,eaac59812169d83f02da8004c763191120e8bdcbde980ec090c7bf3453e9ff18,939468,Lee2019_MI,Q15-E007,BROAD_EEGNET,20260924,0.9863394498825073,0.013660503551363945,1
s47_2_offline_train_t072,47,2,offline_train,2,session2/s47/sess02_subj47_EEG_MI.mat,eaac59812169d83f02da8004c763191120e8bdcbde980ec090c7bf3453e9ff18,950251,Lee2019_MI,Q15-E007,BROAD_EEGNET,20260924,0.8967655897140503,0.10323438048362732,1
s47_2_offline_train_t073,47,2,offline_train,2,session2/s47/sess02_subj47_EEG_MI.mat,eaac59812169d83f02da8004c763191120e8bdcbde980ec090c7bf3453e9ff18,961584,Lee2019_MI,Q15-E007,BROAD_EEGNET,20260924,0.37810009717941284,0.6218999028205872,2
s47_2_offline_train_t074,47,2,offline_train,2,session2/s47/sess02_subj47_EEG_MI.mat,eaac59812169d83f02da8004c763191120e8bdcbde980ec090c7bf3453e9ff18,972350,Lee2019_MI,Q15-E007,BROAD_EEGNET,20260924,0.49007514119148254,0.5099248290061951,2
s47_2_offline_train_t075,47,2,offline_train,1,session2/s47/sess02_subj47_EEG_MI.mat,eaac59812169d83f02da8004c763191120e8bdcbde980ec090c7bf3453e9ff18,983866,Lee2019_MI,Q15-E007,BROAD_EEGNET,20260924,0.7914491295814514,0.2085508555173874,1
s47_2_offline_train_t076,47,2,offline_train,2,session2/s47/sess02_subj47_EEG_MI.mat,eaac59812169d83f02da8004c763191120e8bdcbde980ec090c7bf3453e9ff18,994733,Lee2019_MI,Q15-E007,BROAD_EEGNET,20260924,0.6606751680374146,0.33932480216026306,1
s47_2_offline_train_t077,47,2,offline_train,1,session2/s47/sess02_subj47_EEG_MI.mat,eaac59812169d83f02da8004c763191120e8bdcbde980ec090c7bf3453e9ff18,1005516,Lee2019_MI,Q15-E007,BROAD_EEGNET,20260924,0.8386214375495911,0.16137853264808655,1
s47_2_offline_train_t078,47,2,offline_train,1,session2/s47/sess02_subj47_EEG_MI.mat,eaac59812169d83f02da8004c763191120e8bdcbde980ec090c7bf3453e9ff18,1016282,Lee2019_MI,Q15-E007,BROAD_EEGNET,20260924,0.6263793706893921,0.3736206293106079,1
s47_2_offline_train_t079,47,2,offline_train,2,session2/s47/sess02_subj47_EEG_MI.mat,eaac59812169d83f02da8004c763191120e8bdcbde980ec090c7bf3453e9ff18,1027432,Lee2019_MI,Q15-E007,BROAD_EEGNET,20260924,0.7957109212875366,0.20428910851478577,1
s47_2_offline_train_t080,47,2,offline_train,2,session2/s47/sess02_subj47_EEG_MI.mat,eaac59812169d83f02da8004c763191120e8bdcbde980ec090c7bf3453e9ff18,1038482,Lee2019_MI,Q15-E007,BROAD_EEGNET,20260924,0.11771848797798157,0.882281482219696,2
s47_2_offline_train_t081,47,2,offline_train,2,session2/s47/sess02_subj47_EEG_MI.mat,eaac59812169d83f02da8004c763191120e8bdcbde980ec090c7bf3453e9ff18,1049348,Lee2019_MI,Q15-E007,BROAD_EEGNET,20260924,0.9938803911209106,0.006119552068412304,1
s47_2_offline_train_t082,47,2,offline_train,1,session2/s47/sess02_subj47_EEG_MI.mat,eaac59812169d83f02da8004c763191120e8bdcbde980ec090c7bf3453e9ff18,1060765,Lee2019_MI,Q15-E007,BROAD_EEGNET,20260924,0.947625994682312,0.05237395316362381,1
s47_2_offline_train_t083,47,2,offline_train,2,session2/s47/sess02_subj47_EEG_MI.mat,eaac59812169d83f02da8004c763191120e8bdcbde980ec090c7bf3453e9ff18,1071914,Lee2019_MI,Q15-E007,BROAD_EEGNET,20260924,0.9533339142799377,0.046666137874126434,1
s47_2_offline_train_t084,47,2,offline_train,2,session2/s47/sess02_subj47_EEG_MI.mat,eaac59812169d83f02da8004c763191120e8bdcbde980ec090c7bf3453e9ff18,1082964,Lee2019_MI,Q15-E007,BROAD_EEGNET,20260924,0.10147926211357117,0.8985207676887512,2
s47_2_offline_train_t085,47,2,offline_train,1,session2/s47/sess02_subj47_EEG_MI.mat,eaac59812169d83f02da8004c763191120e8bdcbde980ec090c7bf3453e9ff18,1094397,Lee2019_MI,Q15-E007,BROAD_EEGNET,20260924,0.8843172788619995,0.1156826913356781,1
s47_2_offline_train_t086,47,2,offline_train,2,session2/s47/sess02_subj47_EEG_MI.mat,eaac59812169d83f02da8004c763191120e8bdcbde980ec090c7bf3453e9ff18,1105263,Lee2019_MI,Q15-E007,BROAD_EEGNET,20260924,0.3498874306678772,0.6501125693321228,2
s47_2_offline_train_t087,47,2,offline_train,1,session2/s47/sess02_subj47_EEG_MI.mat,eaac59812169d83f02da8004c763191120e8bdcbde980ec090c7bf3453e9ff18,1116596,Lee2019_MI,Q15-E007,BROAD_EEGNET,20260924,0.5135288238525391,0.48647117614746094,1
s47_2_offline_train_t088,47,2,offline_train,2,session2/s47/sess02_subj47_EEG_MI.mat,eaac59812169d83f02da8004c763191120e8bdcbde980ec090c7bf3453e9ff18,1127930,Lee2019_MI,Q15-E007,BROAD_EEGNET,20260924,0.8282510042190552,0.17174898087978363,1
s47_2_offline_train_t089,47,2,offline_train,2,session2/s47/sess02_subj47_EEG_MI.mat,eaac59812169d83f02da8004c763191120e8bdcbde980ec090c7bf3453e9ff18,1138879,Lee2019_MI,Q15-E007,BROAD_EEGNET,20260924,0.3098370432853699,0.6901629567146301,2
s47_2_offline_train_t090,47,2,offline_train,2,session2/s47/sess02_subj47_EEG_MI.mat,eaac59812169d83f02da8004c763191120e8bdcbde980ec090c7bf3453e9ff18,1150029,Lee2019_MI,Q15-E007,BROAD_EEGNET,20260924,0.3916812539100647,0.6083187460899353,2
s47_2_offline_train_t091,47,2,offline_train,2,session2/s47/sess02_subj47_EEG_MI.mat,eaac59812169d83f02da8004c763191120e8bdcbde980ec090c7bf3453e9ff18,1160612,Lee2019_MI,Q15-E007,BROAD_EEGNET,20260924,0.6620195508003235,0.3379804491996765,1
s47_2_offline_train_t092,47,2,offline_train,2,session2/s47/sess02_subj47_EEG_MI.mat,eaac59812169d83f02da8004c763191120e8bdcbde980ec090c7bf3453e9ff18,1171212,Lee2019_MI,Q15-E007,BROAD_EEGNET,20260924,0.792420506477356,0.20757952332496643,1
s47_2_offline_train_t093,47,2,offline_train,1,session2/s47/sess02_subj47_EEG_MI.mat,eaac59812169d83f02da8004c763191120e8bdcbde980ec090c7bf3453e9ff18,1182261,Lee2019_MI,Q15-E007,BROAD_EEGNET,20260924,0.7655617594718933,0.23443816602230072,1
s47_2_offline_train_t094,47,2,offline_train,2,session2/s47/sess02_subj47_EEG_MI.mat,eaac59812169d83f02da8004c763191120e8bdcbde980ec090c7bf3453e9ff18,1193595,Lee2019_MI,Q15-E007,BROAD_EEGNET,20260924,0.11379729211330414,0.8862027525901794,2
s47_2_offline_train_t095,47,2,offline_train,1,session2/s47/sess02_subj47_EEG_MI.mat,eaac59812169d83f02da8004c763191120e8bdcbde980ec090c7bf3453e9ff18,1205111,Lee2019_MI,Q15-E007,BROAD_EEGNET,20260924,0.9757071137428284,0.02429281361401081,1
s47_2_offline_train_t096,47,2,offline_train,1,session2/s47/sess02_subj47_EEG_MI.mat,eaac59812169d83f02da8004c763191120e8bdcbde980ec090c7bf3453e9ff18,1215777,Lee2019_MI,Q15-E007,BROAD_EEGNET,20260924,0.7004900574684143,0.2995099723339081,1
s47_2_offline_train_t097,47,2,offline_train,2,session2/s47/sess02_subj47_EEG_MI.mat,eaac59812169d83f02da8004c763191120e8bdcbde980ec090c7bf3453e9ff18,1226927,Lee2019_MI,Q15-E007,BROAD_EEGNET,20260924,0.6663070917129517,0.33369287848472595,1
s47_2_offline_train_t098,47,2,offline_train,1,session2/s47/sess02_subj47_EEG_MI.mat,eaac59812169d83f02da8004c763191120e8bdcbde980ec090c7bf3453e9ff18,1237977,Lee2019_MI,Q15-E007,BROAD_EEGNET,20260924,0.9911763668060303,0.008823699317872524,1
s47_2_offline_train_t099,47,2,offline_train,2,session2/s47/sess02_subj47_EEG_MI.mat,eaac59812169d83f02da8004c763191120e8bdcbde980ec090c7bf3453e9ff18,1248577,Lee2019_MI,Q15-E007,BROAD_EEGNET,20260924,0.743823230266571,0.25617673993110657,1
s47_2_offline_train_t100,47,2,offline_train,2,session2/s47/sess02_subj47_EEG_MI.mat,eaac59812169d83f02da8004c763191120e8bdcbde980ec090c7bf3453e9ff18,1259443,Lee2019_MI,Q15-E007,BROAD_EEGNET,20260924,0.7543559074401855,0.24564415216445923,1
s47_1_offline_train_t001,47,1,offline_train,1,session1/s47/sess01_subj47_EEG_MI.mat,9e1e3cb79f82ec08d87c80aaa8d5929479ceccd454f25b3d3fea7115f3eb05c9,176090,Lee2019_MI,Q15-E007,BROAD_EEGNET,20260925,0.6302758455276489,0.3697241544723511,1
s47_1_offline_train_t002,47,1,offline_train,2,session1/s47/sess01_subj47_EEG_MI.mat,9e1e3cb79f82ec08d87c80aaa8d5929479ceccd454f25b3d3fea7115f3eb05c9,187623,Lee2019_MI,Q15-E007,BROAD_EEGNET,20260925,0.42883676290512085,0.5711632370948792,2
s47_1_offline_train_t003,47,1,offline_train,1,session1/s47/sess01_subj47_EEG_MI.mat,9e1e3cb79f82ec08d87c80aaa8d5929479ceccd454f25b3d3fea7115f3eb05c9,198308,Lee2019_MI,Q15-E007,BROAD_EEGNET,20260925,0.7400288581848145,0.25997114181518555,1
s47_1_offline_train_t004,47,1,offline_train,1,session1/s47/sess01_subj47_EEG_MI.mat,9e1e3cb79f82ec08d87c80aaa8d5929479ceccd454f25b3d3fea7115f3eb05c9,209824,Lee2019_MI,Q15-E007,BROAD_EEGNET,20260925,0.7178565263748169,0.2821434438228607,1
s47_1_offline_train_t005,47,1,offline_train,2,session1/s47/sess01_subj47_EEG_MI.mat,9e1e3cb79f82ec08d87c80aaa8d5929479ceccd454f25b3d3fea7115f3eb05c9,220974,Lee2019_MI,Q15-E007,BROAD_EEGNET,20260925,0.04493068531155586,0.955069363117218,2
s47_1_offline_train_t006,47,1,offline_train,2,session1/s47/sess01_subj47_EEG_MI.mat,9e1e3cb79f82ec08d87c80aaa8d5929479ceccd454f25b3d3fea7115f3eb05c9,231657,Lee2019_MI,Q15-E007,BROAD_EEGNET,20260925,0.5068819522857666,0.4931180775165558,1
s47_1_offline_train_t007,47,1,offline_train,1,session1/s47/sess01_subj47_EEG_MI.mat,9e1e3cb79f82ec08d87c80aaa8d5929479ceccd454f25b3d3fea7115f3eb05c9,242523,Lee2019_MI,Q15-E007,BROAD_EEGNET,20260925,0.9759765267372131,0.024023432284593582,1
s47_1_offline_train_t008,47,1,offline_train,2,session1/s47/sess01_subj47_EEG_MI.mat,9e1e3cb79f82ec08d87c80aaa8d5929479ceccd454f25b3d3fea7115f3eb05c9,253655,Lee2019_MI,Q15-E007,BROAD_EEGNET,20260925,0.04158327355980873,0.958416759967804,2
s47_1_offline_train_t009,47,1,offline_train,1,session1/s47/sess01_subj47_EEG_MI.mat,9e1e3cb79f82ec08d87c80aaa8d5929479ceccd454f25b3d3fea7115f3eb05c9,265173,Lee2019_MI,Q15-E007,BROAD_EEGNET,20260925,0.8319801688194275,0.16801978647708893,1
s47_1_offline_train_t010,47,1,offline_train,1,session1/s47/sess01_subj47_EEG_MI.mat,9e1e3cb79f82ec08d87c80aaa8d5929479ceccd454f25b3d3fea7115f3eb05c9,276689,Lee2019_MI,Q15-E007,BROAD_EEGNET,20260925,0.8776707649230957,0.1223292127251625,1
s47_1_offline_train_t011,47,1,offline_train,2,session1/s47/sess01_subj47_EEG_MI.mat,9e1e3cb79f82ec08d87c80aaa8d5929479ceccd454f25b3d3fea7115f3eb05c9,287373,Lee2019_MI,Q15-E007,BROAD_EEGNET,20260925,0.501541018486023,0.49845898151397705,1
s47_1_offline_train_t012,47,1,offline_train,2,session1/s47/sess01_subj47_EEG_MI.mat,9e1e3cb79f82ec08d87c80aaa8d5929479ceccd454f25b3d3fea7115f3eb05c9,298889,Lee2019_MI,Q15-E007,BROAD_EEGNET,20260925,0.6867535710334778,0.3132464587688446,1
s47_1_offline_train_t013,47,1,offline_train,1,session1/s47/sess01_subj47_EEG_MI.mat,9e1e3cb79f82ec08d87c80aaa8d5929479ceccd454f25b3d3fea7115f3eb05c9,310405,Lee2019_MI,Q15-E007,BROAD_EEGNET,20260925,0.9498264789581299,0.05017353221774101,1
s47_1_offline_train_t014,47,1,offline_train,1,session1/s47/sess01_subj47_EEG_MI.mat,9e1e3cb79f82ec08d87c80aaa8d5929479ceccd454f25b3d3fea7115f3eb05c9,321454,Lee2019_MI,Q15-E007,BROAD_EEGNET,20260925,0.7815073728561401,0.21849259734153748,1
s47_1_offline_train_t015,47,1,offline_train,2,session1/s47/sess01_subj47_EEG_MI.mat,9e1e3cb79f82ec08d87c80aaa8d5929479ceccd454f25b3d3fea7115f3eb05c9,332788,Lee2019_MI,Q15-E007,BROAD_EEGNET,20260925,0.062295101583004,0.9377049207687378,2
s47_1_offline_train_t016,47,1,offline_train,1,session1/s47/sess01_subj47_EEG_MI.mat,9e1e3cb79f82ec08d87c80aaa8d5929479ceccd454f25b3d3fea7115f3eb05c9,343471,Lee2019_MI,Q15-E007,BROAD_EEGNET,20260925,0.9003617167472839,0.09963829070329666,1
s47_1_offline_train_t017,47,1,offline_train,1,session1/s47/sess01_subj47_EEG_MI.mat,9e1e3cb79f82ec08d87c80aaa8d5929479ceccd454f25b3d3fea7115f3eb05c9,354437,Lee2019_MI,Q15-E007,BROAD_EEGNET,20260925,0.8716691136360168,0.12833090126514435,1
s47_1_offline_train_t018,47,1,offline_train,1,session1/s47/sess01_subj47_EEG_MI.mat,9e1e3cb79f82ec08d87c80aaa8d5929479ceccd454f25b3d3fea7115f3eb05c9,365854,Lee2019_MI,Q15-E007,BROAD_EEGNET,20260925,0.4560665190219879,0.5439334511756897,2
s47_1_offline_train_t019,47,1,offline_train,1,session1/s47/sess01_subj47_EEG_MI.mat,9e1e3cb79f82ec08d87c80aaa8d5929479ceccd454f25b3d3fea7115f3eb05c9,377188,Lee2019_MI,Q15-E007,BROAD_EEGNET,20260925,0.33988329768180847,0.6601166725158691,2
s47_1_offline_train_t020,47,1,offline_train,2,session1/s47/sess01_subj47_EEG_MI.mat,9e1e3cb79f82ec08d87c80aaa8d5929479ceccd454f25b3d3fea7115f3eb05c9,388704,Lee2019_MI,Q15-E007,BROAD_EEGNET,20260925,0.23900306224822998,0.76099693775177,2
s47_1_offline_train_t021,47,1,offline_train,2,session1/s47/sess01_subj47_EEG_MI.mat,9e1e3cb79f82ec08d87c80aaa8d5929479ceccd454f25b3d3fea7115f3eb05c9,399937,Lee2019_MI,Q15-E007,BROAD_EEGNET,20260925,0.5361639857292175,0.46383607387542725,1
s47_1_offline_train_t022,47,1,offline_train,1,session1/s47/sess01_subj47_EEG_MI.mat,9e1e3cb79f82ec08d87c80aaa8d5929479ceccd454f25b3d3fea7115f3eb05c9,410537,Lee2019_MI,Q15-E007,BROAD_EEGNET,20260925,0.5033392310142517,0.49666082859039307,1
s47_1_offline_train_t023,47,1,offline_train,2,session1/s47/sess01_subj47_EEG_MI.mat,9e1e3cb79f82ec08d87c80aaa8d5929479ceccd454f25b3d3fea7115f3eb05c9,421953,Lee2019_MI,Q15-E007,BROAD_EEGNET,20260925,0.7256252765655518,0.27437466382980347,1
s47_1_offline_train_t024,47,1,offline_train,2,session1/s47/sess01_subj47_EEG_MI.mat,9e1e3cb79f82ec08d87c80aaa8d5929479ceccd454f25b3d3fea7115f3eb05c9,433470,Lee2019_MI,Q15-E007,BROAD_EEGNET,20260925,0.15493522584438324,0.8450647592544556,2
s47_1_offline_train_t025,47,1,offline_train,2,session1/s47/sess01_subj47_EEG_MI.mat,9e1e3cb79f82ec08d87c80aaa8d5929479ceccd454f25b3d3fea7115f3eb05c9,444720,Lee2019_MI,Q15-E007,BROAD_EEGNET,20260925,0.8711656332015991,0.12883435189723969,1
s47_1_offline_train_t026,47,1,offline_train,1,session1/s47/sess01_subj47_EEG_MI.mat,9e1e3cb79f82ec08d87c80aaa8d5929479ceccd454f25b3d3fea7115f3eb05c9,456036,Lee2019_MI,Q15-E007,BROAD_EEGNET,20260925,0.8531011343002319,0.14689889550209045,1
s47_1_offline_train_t027,47,1,offline_train,2,session1/s47/sess01_subj47_EEG_MI.mat,9e1e3cb79f82ec08d87c80aaa8d5929479ceccd454f25b3d3fea7115f3eb05c9,467286,Lee2019_MI,Q15-E007,BROAD_EEGNET,20260925,0.28146252036094666,0.718537449836731,2
s47_1_offline_train_t028,47,1,offline_train,1,session1/s47/sess01_subj47_EEG_MI.mat,9e1e3cb79f82ec08d87c80aaa8d5929479ceccd454f25b3d3fea7115f3eb05c9,478236,Lee2019_MI,Q15-E007,BROAD_EEGNET,20260925,0.8782153725624084,0.12178466469049454,1
s47_1_offline_train_t029,47,1,offline_train,1,session1/s47/sess01_subj47_EEG_MI.mat,9e1e3cb79f82ec08d87c80aaa8d5929479ceccd454f25b3d3fea7115f3eb05c9,489484,Lee2019_MI,Q15-E007,BROAD_EEGNET,20260925,0.5359652638435364,0.4640347361564636,1
s47_1_offline_train_t030,47,1,offline_train,2,session1/s47/sess01_subj47_EEG_MI.mat,9e1e3cb79f82ec08d87c80aaa8d5929479ceccd454f25b3d3fea7115f3eb05c9,500252,Lee2019_MI,Q15-E007,BROAD_EEGNET,20260925,0.039626460522413254,0.9603735208511353,2
s47_1_offline_train_t031,47,1,offline_train,1,session1/s47/sess01_subj47_EEG_MI.mat,9e1e3cb79f82ec08d87c80aaa8d5929479ceccd454f25b3d3fea7115f3eb05c9,511485,Lee2019_MI,Q15-E007,BROAD_EEGNET,20260925,0.39807310700416565,0.6019269227981567,2
s47_1_offline_train_t032,47,1,offline_train,2,session1/s47/sess01_subj47_EEG_MI.mat,9e1e3cb79f82ec08d87c80aaa8d5929479ceccd454f25b3d3fea7115f3eb05c9,522085,Lee2019_MI,Q15-E007,BROAD_EEGNET,20260925,0.5680761337280273,0.43192383646965027,1
s47_1_offline_train_t033,47,1,offline_train,1,session1/s47/sess01_subj47_EEG_MI.mat,9e1e3cb79f82ec08d87c80aaa8d5929479ceccd454f25b3d3fea7115f3eb05c9,532951,Lee2019_MI,Q15-E007,BROAD_EEGNET,20260925,0.3123626112937927,0.6876373887062073,2
s47_1_offline_train_t034,47,1,offline_train,2,session1/s47/sess01_subj47_EEG_MI.mat,9e1e3cb79f82ec08d87c80aaa8d5929479ceccd454f25b3d3fea7115f3eb05c9,543535,Lee2019_MI,Q15-E007,BROAD_EEGNET,20260925,0.4109156131744385,0.5890843868255615,2
s47_1_offline_train_t035,47,1,offline_train,2,session1/s47/sess01_subj47_EEG_MI.mat,9e1e3cb79f82ec08d87c80aaa8d5929479ceccd454f25b3d3fea7115f3eb05c9,554218,Lee2019_MI,Q15-E007,BROAD_EEGNET,20260925,0.33773720264434814,0.6622627377510071,2
s47_1_offline_train_t036,47,1,offline_train,1,session1/s47/sess01_subj47_EEG_MI.mat,9e1e3cb79f82ec08d87c80aaa8d5929479ceccd454f25b3d3fea7115f3eb05c9,565551,Lee2019_MI,Q15-E007,BROAD_EEGNET,20260925,0.8745155930519104,0.12548445165157318,1
s47_1_offline_train_t037,47,1,offline_train,1,session1/s47/sess01_subj47_EEG_MI.mat,9e1e3cb79f82ec08d87c80aaa8d5929479ceccd454f25b3d3fea7115f3eb05c9,576784,Lee2019_MI,Q15-E007,BROAD_EEGNET,20260925,0.33210188150405884,0.6678981184959412,2
s47_1_offline_train_t038,47,1,offline_train,2,session1/s47/sess01_subj47_EEG_MI.mat,9e1e3cb79f82ec08d87c80aaa8d5929479ceccd454f25b3d3fea7115f3eb05c9,587650,Lee2019_MI,Q15-E007,BROAD_EEGNET,20260925,0.08257274329662323,0.9174272418022156,2
s47_1_offline_train_t039,47,1,offline_train,1,session1/s47/sess01_subj47_EEG_MI.mat,9e1e3cb79f82ec08d87c80aaa8d5929479ceccd454f25b3d3fea7115f3eb05c9,599167,Lee2019_MI,Q15-E007,BROAD_EEGNET,20260925,0.32484856247901917,0.6751514077186584,2
s47_1_offline_train_t040,47,1,offline_train,1,session1/s47/sess01_subj47_EEG_MI.mat,9e1e3cb79f82ec08d87c80aaa8d5929479ceccd454f25b3d3fea7115f3eb05c9,609750,Lee2019_MI,Q15-E007,BROAD_EEGNET,20260925,0.5444725155830383,0.45552748441696167,1
s47_1_offline_train_t041,47,1,offline_train,1,session1/s47/sess01_subj47_EEG_MI.mat,9e1e3cb79f82ec08d87c80aaa8d5929479ceccd454f25b3d3fea7115f3eb05c9,620716,Lee2019_MI,Q15-E007,BROAD_EEGNET,20260925,0.8604377508163452,0.13956227898597717,1
s47_1_offline_train_t042,47,1,offline_train,1,session1/s47/sess01_subj47_EEG_MI.mat,9e1e3cb79f82ec08d87c80aaa8d5929479ceccd454f25b3d3fea7115f3eb05c9,631683,Lee2019_MI,Q15-E007,BROAD_EEGNET,20260925,0.7608656287193298,0.23913437128067017,1
s47_1_offline_train_t043,47,1,offline_train,2,session1/s47/sess01_subj47_EEG_MI.mat,9e1e3cb79f82ec08d87c80aaa8d5929479ceccd454f25b3d3fea7115f3eb05c9,642999,Lee2019_MI,Q15-E007,BROAD_EEGNET,20260925,0.23882316052913666,0.7611768245697021,2
s47_1_offline_train_t044,47,1,offline_train,1,session1/s47/sess01_subj47_EEG_MI.mat,9e1e3cb79f82ec08d87c80aaa8d5929479ceccd454f25b3d3fea7115f3eb05c9,654333,Lee2019_MI,Q15-E007,BROAD_EEGNET,20260925,0.9596585035324097,0.04034155607223511,1
s47_1_offline_train_t045,47,1,offline_train,2,session1/s47/sess01_subj47_EEG_MI.mat,9e1e3cb79f82ec08d87c80aaa8d5929479ceccd454f25b3d3fea7115f3eb05c9,665116,Lee2019_MI,Q15-E007,BROAD_EEGNET,20260925,0.6894757151603699,0.3105242848396301,1
s47_1_offline_train_t046,47,1,offline_train,1,session1/s47/sess01_subj47_EEG_MI.mat,9e1e3cb79f82ec08d87c80aaa8d5929479ceccd454f25b3d3fea7115f3eb05c9,676165,Lee2019_MI,Q15-E007,BROAD_EEGNET,20260925,0.2508736252784729,0.7491263747215271,2
s47_1_offline_train_t047,47,1,offline_train,1,session1/s47/sess01_subj47_EEG_MI.mat,9e1e3cb79f82ec08d87c80aaa8d5929479ceccd454f25b3d3fea7115f3eb05c9,687132,Lee2019_MI,Q15-E007,BROAD_EEGNET,20260925,0.7872009873390198,0.2127990573644638,1
s47_1_offline_train_t048,47,1,offline_train,1,session1/s47/sess01_subj47_EEG_MI.mat,9e1e3cb79f82ec08d87c80aaa8d5929479ceccd454f25b3d3fea7115f3eb05c9,698365,Lee2019_MI,Q15-E007,BROAD_EEGNET,20260925,0.8547353148460388,0.14526475965976715,1
s47_1_offline_train_t049,47,1,offline_train,2,session1/s47/sess01_subj47_EEG_MI.mat,9e1e3cb79f82ec08d87c80aaa8d5929479ceccd454f25b3d3fea7115f3eb05c9,709598,Lee2019_MI,Q15-E007,BROAD_EEGNET,20260925,0.3794201910495758,0.6205797791481018,2
s47_1_offline_train_t050,47,1,offline_train,1,session1/s47/sess01_subj47_EEG_MI.mat,9e1e3cb79f82ec08d87c80aaa8d5929479ceccd454f25b3d3fea7115f3eb05c9,732448,Lee2019_MI,Q15-E007,BROAD_EEGNET,20260925,0.5405597686767578,0.4594402313232422,1
s47_1_offline_train_t051,47,1,offline_train,1,session1/s47/sess01_subj47_EEG_MI.mat,9e1e3cb79f82ec08d87c80aaa8d5929479ceccd454f25b3d3fea7115f3eb05c9,743314,Lee2019_MI,Q15-E007,BROAD_EEGNET,20260925,0.24148666858673096,0.758513331413269,2
s47_1_offline_train_t052,47,1,offline_train,1,session1/s47/sess01_subj47_EEG_MI.mat,9e1e3cb79f82ec08d87c80aaa8d5929479ceccd454f25b3d3fea7115f3eb05c9,754547,Lee2019_MI,Q15-E007,BROAD_EEGNET,20260925,0.49657177925109863,0.5034282207489014,2
s47_1_offline_train_t053,47,1,offline_train,1,session1/s47/sess01_subj47_EEG_MI.mat,9e1e3cb79f82ec08d87c80aaa8d5929479ceccd454f25b3d3fea7115f3eb05c9,765797,Lee2019_MI,Q15-E007,BROAD_EEGNET,20260925,0.637281596660614,0.3627183437347412,1
s47_1_offline_train_t054,47,1,offline_train,2,session1/s47/sess01_subj47_EEG_MI.mat,9e1e3cb79f82ec08d87c80aaa8d5929479ceccd454f25b3d3fea7115f3eb05c9,776480,Lee2019_MI,Q15-E007,BROAD_EEGNET,20260925,0.40105563402175903,0.5989444255828857,2
s47_1_offline_train_t055,47,1,offline_train,1,session1/s47/sess01_subj47_EEG_MI.mat,9e1e3cb79f82ec08d87c80aaa8d5929479ceccd454f25b3d3fea7115f3eb05c9,787146,Lee2019_MI,Q15-E007,BROAD_EEGNET,20260925,0.9834945797920227,0.01650535687804222,1
s47_1_offline_train_t056,47,1,offline_train,1,session1/s47/sess01_subj47_EEG_MI.mat,9e1e3cb79f82ec08d87c80aaa8d5929479ceccd454f25b3d3fea7115f3eb05c9,798213,Lee2019_MI,Q15-E007,BROAD_EEGNET,20260925,0.8101570010185242,0.18984293937683105,1
s47_1_offline_train_t057,47,1,offline_train,2,session1/s47/sess01_subj47_EEG_MI.mat,9e1e3cb79f82ec08d87c80aaa8d5929479ceccd454f25b3d3fea7115f3eb05c9,809730,Lee2019_MI,Q15-E007,BROAD_EEGNET,20260925,0.3254745602607727,0.6745254397392273,2
s47_1_offline_train_t058,47,1,offline_train,2,session1/s47/sess01_subj47_EEG_MI.mat,9e1e3cb79f82ec08d87c80aaa8d5929479ceccd454f25b3d3fea7115f3eb05c9,820596,Lee2019_MI,Q15-E007,BROAD_EEGNET,20260925,0.5725377202033997,0.42746227979660034,1
s47_1_offline_train_t059,47,1,offline_train,1,session1/s47/sess01_subj47_EEG_MI.mat,9e1e3cb79f82ec08d87c80aaa8d5929479ceccd454f25b3d3fea7115f3eb05c9,831729,Lee2019_MI,Q15-E007,BROAD_EEGNET,20260925,0.5099079012870789,0.49009212851524353,1
s47_1_offline_train_t060,47,1,offline_train,1,session1/s47/sess01_subj47_EEG_MI.mat,9e1e3cb79f82ec08d87c80aaa8d5929479ceccd454f25b3d3fea7115f3eb05c9,842512,Lee2019_MI,Q15-E007,BROAD_EEGNET,20260925,0.6086217761039734,0.391378253698349,1
s47_1_offline_train_t061,47,1,offline_train,2,session1/s47/sess01_subj47_EEG_MI.mat,9e1e3cb79f82ec08d87c80aaa8d5929479ceccd454f25b3d3fea7115f3eb05c9,853845,Lee2019_MI,Q15-E007,BROAD_EEGNET,20260925,0.4262751638889313,0.5737248063087463,2
s47_1_offline_train_t062,47,1,offline_train,2,session1/s47/sess01_subj47_EEG_MI.mat,9e1e3cb79f82ec08d87c80aaa8d5929479ceccd454f25b3d3fea7115f3eb05c9,864612,Lee2019_MI,Q15-E007,BROAD_EEGNET,20260925,0.9214024543762207,0.0785975381731987,1
s47_1_offline_train_t063,47,1,offline_train,1,session1/s47/sess01_subj47_EEG_MI.mat,9e1e3cb79f82ec08d87c80aaa8d5929479ceccd454f25b3d3fea7115f3eb05c9,875662,Lee2019_MI,Q15-E007,BROAD_EEGNET,20260925,0.3756040334701538,0.6243959665298462,2
s47_1_offline_train_t064,47,1,offline_train,2,session1/s47/sess01_subj47_EEG_MI.mat,9e1e3cb79f82ec08d87c80aaa8d5929479ceccd454f25b3d3fea7115f3eb05c9,886911,Lee2019_MI,Q15-E007,BROAD_EEGNET,20260925,0.36126697063446045,0.6387329697608948,2
s47_1_offline_train_t065,47,1,offline_train,2,session1/s47/sess01_subj47_EEG_MI.mat,9e1e3cb79f82ec08d87c80aaa8d5929479ceccd454f25b3d3fea7115f3eb05c9,898328,Lee2019_MI,Q15-E007,BROAD_EEGNET,20260925,0.06959804147481918,0.9304019212722778,2
s47_1_offline_train_t066,47,1,offline_train,2,session1/s47/sess01_subj47_EEG_MI.mat,9e1e3cb79f82ec08d87c80aaa8d5929479ceccd454f25b3d3fea7115f3eb05c9,909844,Lee2019_MI,Q15-E007,BROAD_EEGNET,20260925,0.772921621799469,0.227078378200531,1
s47_1_offline_train_t067,47,1,offline_train,2,session1/s47/sess01_subj47_EEG_MI.mat,9e1e3cb79f82ec08d87c80aaa8d5929479ceccd454f25b3d3fea7115f3eb05c9,920994,Lee2019_MI,Q15-E007,BROAD_EEGNET,20260925,0.970616340637207,0.029383696615695953,1
s47_1_offline_train_t068,47,1,offline_train,1,session1/s47/sess01_subj47_EEG_MI.mat,9e1e3cb79f82ec08d87c80aaa8d5929479ceccd454f25b3d3fea7115f3eb05c9,931677,Lee2019_MI,Q15-E007,BROAD_EEGNET,20260925,0.7273318767547607,0.27266815304756165,1
s47_1_offline_train_t069,47,1,offline_train,1,session1/s47/sess01_subj47_EEG_MI.mat,9e1e3cb79f82ec08d87c80aaa8d5929479ceccd454f25b3d3fea7115f3eb05c9,942360,Lee2019_MI,Q15-E007,BROAD_EEGNET,20260925,0.3668020963668823,0.6331979036331177,2
s47_1_offline_train_t070,47,1,offline_train,2,session1/s47/sess01_subj47_EEG_MI.mat,9e1e3cb79f82ec08d87c80aaa8d5929479ceccd454f25b3d3fea7115f3eb05c9,953127,Lee2019_MI,Q15-E007,BROAD_EEGNET,20260925,0.721470832824707,0.2785291075706482,1
s47_1_offline_train_t071,47,1,offline_train,1,session1/s47/sess01_subj47_EEG_MI.mat,9e1e3cb79f82ec08d87c80aaa8d5929479ceccd454f25b3d3fea7115f3eb05c9,964543,Lee2019_MI,Q15-E007,BROAD_EEGNET,20260925,0.9767506122589111,0.02324940264225006,1
s47_1_offline_train_t072,47,1,offline_train,2,session1/s47/sess01_subj47_EEG_MI.mat,9e1e3cb79f82ec08d87c80aaa8d5929479ceccd454f25b3d3fea7115f3eb05c9,975326,Lee2019_MI,Q15-E007,BROAD_EEGNET,20260925,0.44317808747291565,0.5568219423294067,2
s47_1_offline_train_t073,47,1,offline_train,2,session1/s47/sess01_subj47_EEG_MI.mat,9e1e3cb79f82ec08d87c80aaa8d5929479ceccd454f25b3d3fea7115f3eb05c9,986659,Lee2019_MI,Q15-E007,BROAD_EEGNET,20260925,0.5725191235542297,0.42748087644577026,1
s47_1_offline_train_t074,47,1,offline_train,2,session1/s47/sess01_subj47_EEG_MI.mat,9e1e3cb79f82ec08d87c80aaa8d5929479ceccd454f25b3d3fea7115f3eb05c9,997426,Lee2019_MI,Q15-E007,BROAD_EEGNET,20260925,0.5909435749053955,0.4090563952922821,1
s47_1_offline_train_t075,47,1,offline_train,1,session1/s47/sess01_subj47_EEG_MI.mat,9e1e3cb79f82ec08d87c80aaa8d5929479ceccd454f25b3d3fea7115f3eb05c9,1008942,Lee2019_MI,Q15-E007,BROAD_EEGNET,20260925,0.94283527135849,0.057164717465639114,1
s47_1_offline_train_t076,47,1,offline_train,2,session1/s47/sess01_subj47_EEG_MI.mat,9e1e3cb79f82ec08d87c80aaa8d5929479ceccd454f25b3d3fea7115f3eb05c9,1019809,Lee2019_MI,Q15-E007,BROAD_EEGNET,20260925,0.18432652950286865,0.8156734704971313,2
s47_1_offline_train_t077,47,1,offline_train,1,session1/s47/sess01_subj47_EEG_MI.mat,9e1e3cb79f82ec08d87c80aaa8d5929479ceccd454f25b3d3fea7115f3eb05c9,1030592,Lee2019_MI,Q15-E007,BROAD_EEGNET,20260925,0.964322566986084,0.035677410662174225,1
s47_1_offline_train_t078,47,1,offline_train,1,session1/s47/sess01_subj47_EEG_MI.mat,9e1e3cb79f82ec08d87c80aaa8d5929479ceccd454f25b3d3fea7115f3eb05c9,1041358,Lee2019_MI,Q15-E007,BROAD_EEGNET,20260925,0.7652681469917297,0.23473180830478668,1
s47_1_offline_train_t079,47,1,offline_train,2,session1/s47/sess01_subj47_EEG_MI.mat,9e1e3cb79f82ec08d87c80aaa8d5929479ceccd454f25b3d3fea7115f3eb05c9,1052508,Lee2019_MI,Q15-E007,BROAD_EEGNET,20260925,0.5960971117019653,0.4039028286933899,1
s47_1_offline_train_t080,47,1,offline_train,2,session1/s47/sess01_subj47_EEG_MI.mat,9e1e3cb79f82ec08d87c80aaa8d5929479ceccd454f25b3d3fea7115f3eb05c9,1063558,Lee2019_MI,Q15-E007,BROAD_EEGNET,20260925,0.4887893795967102,0.5112106800079346,2
s47_1_offline_train_t081,47,1,offline_train,2,session1/s47/sess01_subj47_EEG_MI.mat,9e1e3cb79f82ec08d87c80aaa8d5929479ceccd454f25b3d3fea7115f3eb05c9,1074424,Lee2019_MI,Q15-E007,BROAD_EEGNET,20260925,0.5138951539993286,0.4861047863960266,1
s47_1_offline_train_t082,47,1,offline_train,1,session1/s47/sess01_subj47_EEG_MI.mat,9e1e3cb79f82ec08d87c80aaa8d5929479ceccd454f25b3d3fea7115f3eb05c9,1085858,Lee2019_MI,Q15-E007,BROAD_EEGNET,20260925,0.37579992413520813,0.6242000460624695,2
s47_1_offline_train_t083,47,1,offline_train,2,session1/s47/sess01_subj47_EEG_MI.mat,9e1e3cb79f82ec08d87c80aaa8d5929479ceccd454f25b3d3fea7115f3eb05c9,1096991,Lee2019_MI,Q15-E007,BROAD_EEGNET,20260925,0.0917363166809082,0.9082636833190918,2
s47_1_offline_train_t084,47,1,offline_train,2,session1/s47/sess01_subj47_EEG_MI.mat,9e1e3cb79f82ec08d87c80aaa8d5929479ceccd454f25b3d3fea7115f3eb05c9,1108141,Lee2019_MI,Q15-E007,BROAD_EEGNET,20260925,0.6500282287597656,0.349971741437912,1
s47_1_offline_train_t085,47,1,offline_train,1,session1/s47/sess01_subj47_EEG_MI.mat,9e1e3cb79f82ec08d87c80aaa8d5929479ceccd454f25b3d3fea7115f3eb05c9,1119557,Lee2019_MI,Q15-E007,BROAD_EEGNET,20260925,0.7586331963539124,0.24136674404144287,1
s47_1_offline_train_t086,47,1,offline_train,2,session1/s47/sess01_subj47_EEG_MI.mat,9e1e3cb79f82ec08d87c80aaa8d5929479ceccd454f25b3d3fea7115f3eb05c9,1130423,Lee2019_MI,Q15-E007,BROAD_EEGNET,20260925,0.7726500034332275,0.22734995186328888,1
s47_1_offline_train_t087,47,1,offline_train,1,session1/s47/sess01_subj47_EEG_MI.mat,9e1e3cb79f82ec08d87c80aaa8d5929479ceccd454f25b3d3fea7115f3eb05c9,1141756,Lee2019_MI,Q15-E007,BROAD_EEGNET,20260925,0.5296961069107056,0.47030389308929443,1
s47_1_offline_train_t088,47,1,offline_train,2,session1/s47/sess01_subj47_EEG_MI.mat,9e1e3cb79f82ec08d87c80aaa8d5929479ceccd454f25b3d3fea7115f3eb05c9,1153090,Lee2019_MI,Q15-E007,BROAD_EEGNET,20260925,0.5791356563568115,0.4208643436431885,1
s47_1_offline_train_t089,47,1,offline_train,2,session1/s47/sess01_subj47_EEG_MI.mat,9e1e3cb79f82ec08d87c80aaa8d5929479ceccd454f25b3d3fea7115f3eb05c9,1164056,Lee2019_MI,Q15-E007,BROAD_EEGNET,20260925,0.9164656400680542,0.08353439718484879,1
s47_1_offline_train_t090,47,1,offline_train,2,session1/s47/sess01_subj47_EEG_MI.mat,9e1e3cb79f82ec08d87c80aaa8d5929479ceccd454f25b3d3fea7115f3eb05c9,1175206,Lee2019_MI,Q15-E007,BROAD_EEGNET,20260925,0.08174869418144226,0.9182513356208801,2
s47_1_offline_train_t091,47,1,offline_train,2,session1/s47/sess01_subj47_EEG_MI.mat,9e1e3cb79f82ec08d87c80aaa8d5929479ceccd454f25b3d3fea7115f3eb05c9,1185789,Lee2019_MI,Q15-E007,BROAD_EEGNET,20260925,0.4487716555595398,0.5512283444404602,2
s47_1_offline_train_t092,47,1,offline_train,2,session1/s47/sess01_subj47_EEG_MI.mat,9e1e3cb79f82ec08d87c80aaa8d5929479ceccd454f25b3d3fea7115f3eb05c9,1196372,Lee2019_MI,Q15-E007,BROAD_EEGNET,20260925,0.5722782611846924,0.42772170901298523,1
s47_1_offline_train_t093,47,1,offline_train,1,session1/s47/sess01_subj47_EEG_MI.mat,9e1e3cb79f82ec08d87c80aaa8d5929479ceccd454f25b3d3fea7115f3eb05c9,1207422,Lee2019_MI,Q15-E007,BROAD_EEGNET,20260925,0.8965439796447754,0.10345599800348282,1
s47_1_offline_train_t094,47,1,offline_train,2,session1/s47/sess01_subj47_EEG_MI.mat,9e1e3cb79f82ec08d87c80aaa8d5929479ceccd454f25b3d3fea7115f3eb05c9,1218755,Lee2019_MI,Q15-E007,BROAD_EEGNET,20260925,0.898546576499939,0.10145343840122223,1
s47_1_offline_train_t095,47,1,offline_train,1,session1/s47/sess01_subj47_EEG_MI.mat,9e1e3cb79f82ec08d87c80aaa8d5929479ceccd454f25b3d3fea7115f3eb05c9,1230271,Lee2019_MI,Q15-E007,BROAD_EEGNET,20260925,0.7068113088607788,0.2931886911392212,1
s47_1_offline_train_t096,47,1,offline_train,1,session1/s47/sess01_subj47_EEG_MI.mat,9e1e3cb79f82ec08d87c80aaa8d5929479ceccd454f25b3d3fea7115f3eb05c9,1240954,Lee2019_MI,Q15-E007,BROAD_EEGNET,20260925,0.8261231184005737,0.17387685179710388,1
s47_1_offline_train_t097,47,1,offline_train,2,session1/s47/sess01_subj47_EEG_MI.mat,9e1e3cb79f82ec08d87c80aaa8d5929479ceccd454f25b3d3fea7115f3eb05c9,1252104,Lee2019_MI,Q15-E007,BROAD_EEGNET,20260925,0.8757400512695312,0.12425991147756577,1
s47_1_offline_train_t098,47,1,offline_train,1,session1/s47/sess01_subj47_EEG_MI.mat,9e1e3cb79f82ec08d87c80aaa8d5929479ceccd454f25b3d3fea7115f3eb05c9,1263154,Lee2019_MI,Q15-E007,BROAD_EEGNET,20260925,0.8880361318588257,0.11196386814117432,1
s47_1_offline_train_t099,47,1,offline_train,2,session1/s47/sess01_subj47_EEG_MI.mat,9e1e3cb79f82ec08d87c80aaa8d5929479ceccd454f25b3d3fea7115f3eb05c9,1273738,Lee2019_MI,Q15-E007,BROAD_EEGNET,20260925,0.8214653134346008,0.17853470146656036,1
s47_1_offline_train_t100,47,1,offline_train,2,session1/s47/sess01_subj47_EEG_MI.mat,9e1e3cb79f82ec08d87c80aaa8d5929479ceccd454f25b3d3fea7115f3eb05c9,1284604,Lee2019_MI,Q15-E007,BROAD_EEGNET,20260925,0.7170414924621582,0.2829585373401642,1
s47_2_offline_train_t001,47,2,offline_train,1,session2/s47/sess02_subj47_EEG_MI.mat,eaac59812169d83f02da8004c763191120e8bdcbde980ec090c7bf3453e9ff18,149252,Lee2019_MI,Q15-E007,BROAD_EEGNET,20260925,0.5550479888916016,0.44495201110839844,1
s47_2_offline_train_t002,47,2,offline_train,2,session2/s47/sess02_subj47_EEG_MI.mat,eaac59812169d83f02da8004c763191120e8bdcbde980ec090c7bf3453e9ff18,160787,Lee2019_MI,Q15-E007,BROAD_EEGNET,20260925,0.2533976435661316,0.7466023564338684,2
s47_2_offline_train_t003,47,2,offline_train,1,session2/s47/sess02_subj47_EEG_MI.mat,eaac59812169d83f02da8004c763191120e8bdcbde980ec090c7bf3453e9ff18,171470,Lee2019_MI,Q15-E007,BROAD_EEGNET,20260925,0.8286778330802917,0.17132218182086945,1
s47_2_offline_train_t004,47,2,offline_train,1,session2/s47/sess02_subj47_EEG_MI.mat,eaac59812169d83f02da8004c763191120e8bdcbde980ec090c7bf3453e9ff18,182986,Lee2019_MI,Q15-E007,BROAD_EEGNET,20260925,0.581785261631012,0.4182147681713104,1
s47_2_offline_train_t005,47,2,offline_train,2,session2/s47/sess02_subj47_EEG_MI.mat,eaac59812169d83f02da8004c763191120e8bdcbde980ec090c7bf3453e9ff18,194118,Lee2019_MI,Q15-E007,BROAD_EEGNET,20260925,0.6859958171844482,0.314004123210907,1
s47_2_offline_train_t006,47,2,offline_train,2,session2/s47/sess02_subj47_EEG_MI.mat,eaac59812169d83f02da8004c763191120e8bdcbde980ec090c7bf3453e9ff18,204802,Lee2019_MI,Q15-E007,BROAD_EEGNET,20260925,0.7193137407302856,0.28068625926971436,1
s47_2_offline_train_t007,47,2,offline_train,1,session2/s47/sess02_subj47_EEG_MI.mat,eaac59812169d83f02da8004c763191120e8bdcbde980ec090c7bf3453e9ff18,215669,Lee2019_MI,Q15-E007,BROAD_EEGNET,20260925,0.8154817819595337,0.1845182180404663,1
s47_2_offline_train_t008,47,2,offline_train,2,session2/s47/sess02_subj47_EEG_MI.mat,eaac59812169d83f02da8004c763191120e8bdcbde980ec090c7bf3453e9ff18,226735,Lee2019_MI,Q15-E007,BROAD_EEGNET,20260925,0.23313036561012268,0.7668696641921997,2
s47_2_offline_train_t009,47,2,offline_train,1,session2/s47/sess02_subj47_EEG_MI.mat,eaac59812169d83f02da8004c763191120e8bdcbde980ec090c7bf3453e9ff18,238252,Lee2019_MI,Q15-E007,BROAD_EEGNET,20260925,0.6207628846168518,0.3792371153831482,1
s47_2_offline_train_t010,47,2,offline_train,1,session2/s47/sess02_subj47_EEG_MI.mat,eaac59812169d83f02da8004c763191120e8bdcbde980ec090c7bf3453e9ff18,249768,Lee2019_MI,Q15-E007,BROAD_EEGNET,20260925,0.8503217697143555,0.14967817068099976,1
s47_2_offline_train_t011,47,2,offline_train,2,session2/s47/sess02_subj47_EEG_MI.mat,eaac59812169d83f02da8004c763191120e8bdcbde980ec090c7bf3453e9ff18,260434,Lee2019_MI,Q15-E007,BROAD_EEGNET,20260925,0.3650631904602051,0.6349367499351501,2
s47_2_offline_train_t012,47,2,offline_train,2,session2/s47/sess02_subj47_EEG_MI.mat,eaac59812169d83f02da8004c763191120e8bdcbde980ec090c7bf3453e9ff18,271968,Lee2019_MI,Q15-E007,BROAD_EEGNET,20260925,0.2166409194469452,0.7833590507507324,2
s47_2_offline_train_t013,47,2,offline_train,1,session2/s47/sess02_subj47_EEG_MI.mat,eaac59812169d83f02da8004c763191120e8bdcbde980ec090c7bf3453e9ff18,283484,Lee2019_MI,Q15-E007,BROAD_EEGNET,20260925,0.7314004898071289,0.2685995399951935,1
s47_2_offline_train_t014,47,2,offline_train,1,session2/s47/sess02_subj47_EEG_MI.mat,eaac59812169d83f02da8004c763191120e8bdcbde980ec090c7bf3453e9ff18,294534,Lee2019_MI,Q15-E007,BROAD_EEGNET,20260925,0.9929929971694946,0.007007049396634102,1
s47_2_offline_train_t015,47,2,offline_train,2,session2/s47/sess02_subj47_EEG_MI.mat,eaac59812169d83f02da8004c763191120e8bdcbde980ec090c7bf3453e9ff18,305867,Lee2019_MI,Q15-E007,BROAD_EEGNET,20260925,0.60174560546875,0.39825439453125,1
s47_2_offline_train_t016,47,2,offline_train,1,session2/s47/sess02_subj47_EEG_MI.mat,eaac59812169d83f02da8004c763191120e8bdcbde980ec090c7bf3453e9ff18,316533,Lee2019_MI,Q15-E007,BROAD_EEGNET,20260925,0.8828045129776001,0.1171955019235611,1
s47_2_offline_train_t017,47,2,offline_train,1,session2/s47/sess02_subj47_EEG_MI.mat,eaac59812169d83f02da8004c763191120e8bdcbde980ec090c7bf3453e9ff18,327500,Lee2019_MI,Q15-E007,BROAD_EEGNET,20260925,0.6813862323760986,0.31861376762390137,1
s47_2_offline_train_t018,47,2,offline_train,1,session2/s47/sess02_subj47_EEG_MI.mat,eaac59812169d83f02da8004c763191120e8bdcbde980ec090c7bf3453e9ff18,339016,Lee2019_MI,Q15-E007,BROAD_EEGNET,20260925,0.948919951915741,0.05108003318309784,1
s47_2_offline_train_t019,47,2,offline_train,1,session2/s47/sess02_subj47_EEG_MI.mat,eaac59812169d83f02da8004c763191120e8bdcbde980ec090c7bf3453e9ff18,350349,Lee2019_MI,Q15-E007,BROAD_EEGNET,20260925,0.7332377433776855,0.26676228642463684,1
s47_2_offline_train_t020,47,2,offline_train,2,session2/s47/sess02_subj47_EEG_MI.mat,eaac59812169d83f02da8004c763191120e8bdcbde980ec090c7bf3453e9ff18,361865,Lee2019_MI,Q15-E007,BROAD_EEGNET,20260925,0.31206125020980835,0.6879387497901917,2
s47_2_offline_train_t021,47,2,offline_train,2,session2/s47/sess02_subj47_EEG_MI.mat,eaac59812169d83f02da8004c763191120e8bdcbde980ec090c7bf3453e9ff18,373098,Lee2019_MI,Q15-E007,BROAD_EEGNET,20260925,0.4547157287597656,0.5452842712402344,2
s47_2_offline_train_t022,47,2,offline_train,1,session2/s47/sess02_subj47_EEG_MI.mat,eaac59812169d83f02da8004c763191120e8bdcbde980ec090c7bf3453e9ff18,383698,Lee2019_MI,Q15-E007,BROAD_EEGNET,20260925,0.9847976565361023,0.015202293172478676,1
s47_2_offline_train_t023,47,2,offline_train,2,session2/s47/sess02_subj47_EEG_MI.mat,eaac59812169d83f02da8004c763191120e8bdcbde980ec090c7bf3453e9ff18,395114,Lee2019_MI,Q15-E007,BROAD_EEGNET,20260925,0.5248940587043762,0.4751059412956238,1
s47_2_offline_train_t024,47,2,offline_train,2,session2/s47/sess02_subj47_EEG_MI.mat,eaac59812169d83f02da8004c763191120e8bdcbde980ec090c7bf3453e9ff18,406631,Lee2019_MI,Q15-E007,BROAD_EEGNET,20260925,0.38234564661979675,0.6176543235778809,2
s47_2_offline_train_t025,47,2,offline_train,2,session2/s47/sess02_subj47_EEG_MI.mat,eaac59812169d83f02da8004c763191120e8bdcbde980ec090c7bf3453e9ff18,417864,Lee2019_MI,Q15-E007,BROAD_EEGNET,20260925,0.7859336733818054,0.214066281914711,1
s47_2_offline_train_t026,47,2,offline_train,1,session2/s47/sess02_subj47_EEG_MI.mat,eaac59812169d83f02da8004c763191120e8bdcbde980ec090c7bf3453e9ff18,429197,Lee2019_MI,Q15-E007,BROAD_EEGNET,20260925,0.7288638949394226,0.2711361348628998,1
s47_2_offline_train_t027,47,2,offline_train,2,session2/s47/sess02_subj47_EEG_MI.mat,eaac59812169d83f02da8004c763191120e8bdcbde980ec090c7bf3453e9ff18,440530,Lee2019_MI,Q15-E007,BROAD_EEGNET,20260925,0.4918433427810669,0.5081567168235779,2
s47_2_offline_train_t028,47,2,offline_train,1,session2/s47/sess02_subj47_EEG_MI.mat,eaac59812169d83f02da8004c763191120e8bdcbde980ec090c7bf3453e9ff18,451497,Lee2019_MI,Q15-E007,BROAD_EEGNET,20260925,0.8110256195068359,0.18897444009780884,1
s47_2_offline_train_t029,47,2,offline_train,1,session2/s47/sess02_subj47_EEG_MI.mat,eaac59812169d83f02da8004c763191120e8bdcbde980ec090c7bf3453e9ff18,462730,Lee2019_MI,Q15-E007,BROAD_EEGNET,20260925,0.9574459195137024,0.04255404323339462,1
s47_2_offline_train_t030,47,2,offline_train,2,session2/s47/sess02_subj47_EEG_MI.mat,eaac59812169d83f02da8004c763191120e8bdcbde980ec090c7bf3453e9ff18,473413,Lee2019_MI,Q15-E007,BROAD_EEGNET,20260925,0.7593154907226562,0.24068447947502136,1
s47_2_offline_train_t031,47,2,offline_train,1,session2/s47/sess02_subj47_EEG_MI.mat,eaac59812169d83f02da8004c763191120e8bdcbde980ec090c7bf3453e9ff18,484646,Lee2019_MI,Q15-E007,BROAD_EEGNET,20260925,0.6396943926811218,0.3603055775165558,1
s47_2_offline_train_t032,47,2,offline_train,2,session2/s47/sess02_subj47_EEG_MI.mat,eaac59812169d83f02da8004c763191120e8bdcbde980ec090c7bf3453e9ff18,495246,Lee2019_MI,Q15-E007,BROAD_EEGNET,20260925,0.35192862153053284,0.6480714082717896,2
s47_2_offline_train_t033,47,2,offline_train,1,session2/s47/sess02_subj47_EEG_MI.mat,eaac59812169d83f02da8004c763191120e8bdcbde980ec090c7bf3453e9ff18,506112,Lee2019_MI,Q15-E007,BROAD_EEGNET,20260925,0.9534923434257507,0.04650765284895897,1
s47_2_offline_train_t034,47,2,offline_train,2,session2/s47/sess02_subj47_EEG_MI.mat,eaac59812169d83f02da8004c763191120e8bdcbde980ec090c7bf3453e9ff18,516695,Lee2019_MI,Q15-E007,BROAD_EEGNET,20260925,0.29809436202049255,0.7019056677818298,2
s47_2_offline_train_t035,47,2,offline_train,2,session2/s47/sess02_subj47_EEG_MI.mat,eaac59812169d83f02da8004c763191120e8bdcbde980ec090c7bf3453e9ff18,527378,Lee2019_MI,Q15-E007,BROAD_EEGNET,20260925,0.4486624598503113,0.5513375997543335,2
s47_2_offline_train_t036,47,2,offline_train,1,session2/s47/sess02_subj47_EEG_MI.mat,eaac59812169d83f02da8004c763191120e8bdcbde980ec090c7bf3453e9ff18,538711,Lee2019_MI,Q15-E007,BROAD_EEGNET,20260925,0.9433563947677612,0.05664363503456116,1
s47_2_offline_train_t037,47,2,offline_train,1,session2/s47/sess02_subj47_EEG_MI.mat,eaac59812169d83f02da8004c763191120e8bdcbde980ec090c7bf3453e9ff18,549944,Lee2019_MI,Q15-E007,BROAD_EEGNET,20260925,0.664120078086853,0.33587995171546936,1
s47_2_offline_train_t038,47,2,offline_train,2,session2/s47/sess02_subj47_EEG_MI.mat,eaac59812169d83f02da8004c763191120e8bdcbde980ec090c7bf3453e9ff18,560811,Lee2019_MI,Q15-E007,BROAD_EEGNET,20260925,0.3781841993331909,0.6218157410621643,2
s47_2_offline_train_t039,47,2,offline_train,1,session2/s47/sess02_subj47_EEG_MI.mat,eaac59812169d83f02da8004c763191120e8bdcbde980ec090c7bf3453e9ff18,572327,Lee2019_MI,Q15-E007,BROAD_EEGNET,20260925,0.929366946220398,0.07063305377960205,1
s47_2_offline_train_t040,47,2,offline_train,1,session2/s47/sess02_subj47_EEG_MI.mat,eaac59812169d83f02da8004c763191120e8bdcbde980ec090c7bf3453e9ff18,582910,Lee2019_MI,Q15-E007,BROAD_EEGNET,20260925,0.7823991775512695,0.21760082244873047,1
s47_2_offline_train_t041,47,2,offline_train,1,session2/s47/sess02_subj47_EEG_MI.mat,eaac59812169d83f02da8004c763191120e8bdcbde980ec090c7bf3453e9ff18,593876,Lee2019_MI,Q15-E007,BROAD_EEGNET,20260925,0.9251691699028015,0.07483085989952087,1
s47_2_offline_train_t042,47,2,offline_train,1,session2/s47/sess02_subj47_EEG_MI.mat,eaac59812169d83f02da8004c763191120e8bdcbde980ec090c7bf3453e9ff18,604826,Lee2019_MI,Q15-E007,BROAD_EEGNET,20260925,0.9840183854103088,0.015981687232851982,1
s47_2_offline_train_t043,47,2,offline_train,2,session2/s47/sess02_subj47_EEG_MI.mat,eaac59812169d83f02da8004c763191120e8bdcbde980ec090c7bf3453e9ff18,616159,Lee2019_MI,Q15-E007,BROAD_EEGNET,20260925,0.2599479556083679,0.7400521039962769,2
s47_2_offline_train_t044,47,2,offline_train,1,session2/s47/sess02_subj47_EEG_MI.mat,eaac59812169d83f02da8004c763191120e8bdcbde980ec090c7bf3453e9ff18,627492,Lee2019_MI,Q15-E007,BROAD_EEGNET,20260925,0.9169831871986389,0.08301685005426407,1
s47_2_offline_train_t045,47,2,offline_train,2,session2/s47/sess02_subj47_EEG_MI.mat,eaac59812169d83f02da8004c763191120e8bdcbde980ec090c7bf3453e9ff18,638275,Lee2019_MI,Q15-E007,BROAD_EEGNET,20260925,0.4684021770954132,0.5315978527069092,2
s47_2_offline_train_t046,47,2,offline_train,1,session2/s47/sess02_subj47_EEG_MI.mat,eaac59812169d83f02da8004c763191120e8bdcbde980ec090c7bf3453e9ff18,649325,Lee2019_MI,Q15-E007,BROAD_EEGNET,20260925,0.9711685180664062,0.028831494972109795,1
s47_2_offline_train_t047,47,2,offline_train,1,session2/s47/sess02_subj47_EEG_MI.mat,eaac59812169d83f02da8004c763191120e8bdcbde980ec090c7bf3453e9ff18,660275,Lee2019_MI,Q15-E007,BROAD_EEGNET,20260925,0.996684730052948,0.0033152939286082983,1
s47_2_offline_train_t048,47,2,offline_train,1,session2/s47/sess02_subj47_EEG_MI.mat,eaac59812169d83f02da8004c763191120e8bdcbde980ec090c7bf3453e9ff18,671424,Lee2019_MI,Q15-E007,BROAD_EEGNET,20260925,0.7563253045082092,0.24367471039295197,1
s47_2_offline_train_t049,47,2,offline_train,2,session2/s47/sess02_subj47_EEG_MI.mat,eaac59812169d83f02da8004c763191120e8bdcbde980ec090c7bf3453e9ff18,682657,Lee2019_MI,Q15-E007,BROAD_EEGNET,20260925,0.4140391945838928,0.5859608054161072,2
s47_2_offline_train_t050,47,2,offline_train,1,session2/s47/sess02_subj47_EEG_MI.mat,eaac59812169d83f02da8004c763191120e8bdcbde980ec090c7bf3453e9ff18,707373,Lee2019_MI,Q15-E007,BROAD_EEGNET,20260925,0.22646307945251465,0.7735369205474854,2
s47_2_offline_train_t051,47,2,offline_train,1,session2/s47/sess02_subj47_EEG_MI.mat,eaac59812169d83f02da8004c763191120e8bdcbde980ec090c7bf3453e9ff18,718240,Lee2019_MI,Q15-E007,BROAD_EEGNET,20260925,0.6835338473320007,0.31646615266799927,1
s47_2_offline_train_t052,47,2,offline_train,1,session2/s47/sess02_subj47_EEG_MI.mat,eaac59812169d83f02da8004c763191120e8bdcbde980ec090c7bf3453e9ff18,729473,Lee2019_MI,Q15-E007,BROAD_EEGNET,20260925,0.9532093405723572,0.04679069295525551,1
s47_2_offline_train_t053,47,2,offline_train,1,session2/s47/sess02_subj47_EEG_MI.mat,eaac59812169d83f02da8004c763191120e8bdcbde980ec090c7bf3453e9ff18,740723,Lee2019_MI,Q15-E007,BROAD_EEGNET,20260925,0.8668164014816284,0.1331835836172104,1
s47_2_offline_train_t054,47,2,offline_train,2,session2/s47/sess02_subj47_EEG_MI.mat,eaac59812169d83f02da8004c763191120e8bdcbde980ec090c7bf3453e9ff18,751389,Lee2019_MI,Q15-E007,BROAD_EEGNET,20260925,0.8532894253730774,0.1467105597257614,1
s47_2_offline_train_t055,47,2,offline_train,1,session2/s47/sess02_subj47_EEG_MI.mat,eaac59812169d83f02da8004c763191120e8bdcbde980ec090c7bf3453e9ff18,762072,Lee2019_MI,Q15-E007,BROAD_EEGNET,20260925,0.6844735741615295,0.31552642583847046,1
s47_2_offline_train_t056,47,2,offline_train,1,session2/s47/sess02_subj47_EEG_MI.mat,eaac59812169d83f02da8004c763191120e8bdcbde980ec090c7bf3453e9ff18,773122,Lee2019_MI,Q15-E007,BROAD_EEGNET,20260925,0.9467273950576782,0.05327261984348297,1
s47_2_offline_train_t057,47,2,offline_train,2,session2/s47/sess02_subj47_EEG_MI.mat,eaac59812169d83f02da8004c763191120e8bdcbde980ec090c7bf3453e9ff18,784638,Lee2019_MI,Q15-E007,BROAD_EEGNET,20260925,0.48153969645500183,0.5184603333473206,2
s47_2_offline_train_t058,47,2,offline_train,2,session2/s47/sess02_subj47_EEG_MI.mat,eaac59812169d83f02da8004c763191120e8bdcbde980ec090c7bf3453e9ff18,795505,Lee2019_MI,Q15-E007,BROAD_EEGNET,20260925,0.5063003897666931,0.4936996102333069,1
s47_2_offline_train_t059,47,2,offline_train,1,session2/s47/sess02_subj47_EEG_MI.mat,eaac59812169d83f02da8004c763191120e8bdcbde980ec090c7bf3453e9ff18,806654,Lee2019_MI,Q15-E007,BROAD_EEGNET,20260925,0.7568999528884888,0.24310001730918884,1
s47_2_offline_train_t060,47,2,offline_train,1,session2/s47/sess02_subj47_EEG_MI.mat,eaac59812169d83f02da8004c763191120e8bdcbde980ec090c7bf3453e9ff18,817437,Lee2019_MI,Q15-E007,BROAD_EEGNET,20260925,0.3435775637626648,0.6564224362373352,2
s47_2_offline_train_t061,47,2,offline_train,2,session2/s47/sess02_subj47_EEG_MI.mat,eaac59812169d83f02da8004c763191120e8bdcbde980ec090c7bf3453e9ff18,828771,Lee2019_MI,Q15-E007,BROAD_EEGNET,20260925,0.5736605525016785,0.4263394773006439,1
s47_2_offline_train_t062,47,2,offline_train,2,session2/s47/sess02_subj47_EEG_MI.mat,eaac59812169d83f02da8004c763191120e8bdcbde980ec090c7bf3453e9ff18,839537,Lee2019_MI,Q15-E007,BROAD_EEGNET,20260925,0.45959389209747314,0.5404061675071716,2
s47_2_offline_train_t063,47,2,offline_train,1,session2/s47/sess02_subj47_EEG_MI.mat,eaac59812169d83f02da8004c763191120e8bdcbde980ec090c7bf3453e9ff18,850587,Lee2019_MI,Q15-E007,BROAD_EEGNET,20260925,0.31666865944862366,0.683331310749054,2
s47_2_offline_train_t064,47,2,offline_train,2,session2/s47/sess02_subj47_EEG_MI.mat,eaac59812169d83f02da8004c763191120e8bdcbde980ec090c7bf3453e9ff18,861820,Lee2019_MI,Q15-E007,BROAD_EEGNET,20260925,0.5138991475105286,0.48610085248947144,1
s47_2_offline_train_t065,47,2,offline_train,2,session2/s47/sess02_subj47_EEG_MI.mat,eaac59812169d83f02da8004c763191120e8bdcbde980ec090c7bf3453e9ff18,873253,Lee2019_MI,Q15-E007,BROAD_EEGNET,20260925,0.4981810450553894,0.5018190145492554,2
s47_2_offline_train_t066,47,2,offline_train,2,session2/s47/sess02_subj47_EEG_MI.mat,eaac59812169d83f02da8004c763191120e8bdcbde980ec090c7bf3453e9ff18,884769,Lee2019_MI,Q15-E007,BROAD_EEGNET,20260925,0.2465839385986328,0.7534160614013672,2
s47_2_offline_train_t067,47,2,offline_train,2,session2/s47/sess02_subj47_EEG_MI.mat,eaac59812169d83f02da8004c763191120e8bdcbde980ec090c7bf3453e9ff18,895919,Lee2019_MI,Q15-E007,BROAD_EEGNET,20260925,0.31971144676208496,0.680288553237915,2
s47_2_offline_train_t068,47,2,offline_train,1,session2/s47/sess02_subj47_EEG_MI.mat,eaac59812169d83f02da8004c763191120e8bdcbde980ec090c7bf3453e9ff18,906602,Lee2019_MI,Q15-E007,BROAD_EEGNET,20260925,0.6813774108886719,0.3186225891113281,1
s47_2_offline_train_t069,47,2,offline_train,1,session2/s47/sess02_subj47_EEG_MI.mat,eaac59812169d83f02da8004c763191120e8bdcbde980ec090c7bf3453e9ff18,917268,Lee2019_MI,Q15-E007,BROAD_EEGNET,20260925,0.9022709727287292,0.09772909432649612,1
s47_2_offline_train_t070,47,2,offline_train,2,session2/s47/sess02_subj47_EEG_MI.mat,eaac59812169d83f02da8004c763191120e8bdcbde980ec090c7bf3453e9ff18,928051,Lee2019_MI,Q15-E007,BROAD_EEGNET,20260925,0.26881536841392517,0.7311846613883972,2
s47_2_offline_train_t071,47,2,offline_train,1,session2/s47/sess02_subj47_EEG_MI.mat,eaac59812169d83f02da8004c763191120e8bdcbde980ec090c7bf3453e9ff18,939468,Lee2019_MI,Q15-E007,BROAD_EEGNET,20260925,0.9303590059280396,0.06964100152254105,1
s47_2_offline_train_t072,47,2,offline_train,2,session2/s47/sess02_subj47_EEG_MI.mat,eaac59812169d83f02da8004c763191120e8bdcbde980ec090c7bf3453e9ff18,950251,Lee2019_MI,Q15-E007,BROAD_EEGNET,20260925,0.8582836985588074,0.14171628654003143,1
s47_2_offline_train_t073,47,2,offline_train,2,session2/s47/sess02_subj47_EEG_MI.mat,eaac59812169d83f02da8004c763191120e8bdcbde980ec090c7bf3453e9ff18,961584,Lee2019_MI,Q15-E007,BROAD_EEGNET,20260925,0.6298560500144958,0.37014397978782654,1
s47_2_offline_train_t074,47,2,offline_train,2,session2/s47/sess02_subj47_EEG_MI.mat,eaac59812169d83f02da8004c763191120e8bdcbde980ec090c7bf3453e9ff18,972350,Lee2019_MI,Q15-E007,BROAD_EEGNET,20260925,0.6289076805114746,0.371092289686203,1
s47_2_offline_train_t075,47,2,offline_train,1,session2/s47/sess02_subj47_EEG_MI.mat,eaac59812169d83f02da8004c763191120e8bdcbde980ec090c7bf3453e9ff18,983866,Lee2019_MI,Q15-E007,BROAD_EEGNET,20260925,0.9001352787017822,0.09986469894647598,1
s47_2_offline_train_t076,47,2,offline_train,2,session2/s47/sess02_subj47_EEG_MI.mat,eaac59812169d83f02da8004c763191120e8bdcbde980ec090c7bf3453e9ff18,994733,Lee2019_MI,Q15-E007,BROAD_EEGNET,20260925,0.5155166387557983,0.48448342084884644,1
s47_2_offline_train_t077,47,2,offline_train,1,session2/s47/sess02_subj47_EEG_MI.mat,eaac59812169d83f02da8004c763191120e8bdcbde980ec090c7bf3453e9ff18,1005516,Lee2019_MI,Q15-E007,BROAD_EEGNET,20260925,0.8603368997573853,0.13966315984725952,1
s47_2_offline_train_t078,47,2,offline_train,1,session2/s47/sess02_subj47_EEG_MI.mat,eaac59812169d83f02da8004c763191120e8bdcbde980ec090c7bf3453e9ff18,1016282,Lee2019_MI,Q15-E007,BROAD_EEGNET,20260925,0.38538044691085815,0.6146195530891418,2
s47_2_offline_train_t079,47,2,offline_train,2,session2/s47/sess02_subj47_EEG_MI.mat,eaac59812169d83f02da8004c763191120e8bdcbde980ec090c7bf3453e9ff18,1027432,Lee2019_MI,Q15-E007,BROAD_EEGNET,20260925,0.6114435791969299,0.38855642080307007,1
s47_2_offline_train_t080,47,2,offline_train,2,session2/s47/sess02_subj47_EEG_MI.mat,eaac59812169d83f02da8004c763191120e8bdcbde980ec090c7bf3453e9ff18,1038482,Lee2019_MI,Q15-E007,BROAD_EEGNET,20260925,0.14179223775863647,0.8582078218460083,2
s47_2_offline_train_t081,47,2,offline_train,2,session2/s47/sess02_subj47_EEG_MI.mat,eaac59812169d83f02da8004c763191120e8bdcbde980ec090c7bf3453e9ff18,1049348,Lee2019_MI,Q15-E007,BROAD_EEGNET,20260925,0.9633660316467285,0.036633990705013275,1
s47_2_offline_train_t082,47,2,offline_train,1,session2/s47/sess02_subj47_EEG_MI.mat,eaac59812169d83f02da8004c763191120e8bdcbde980ec090c7bf3453e9ff18,1060765,Lee2019_MI,Q15-E007,BROAD_EEGNET,20260925,0.8597791194915771,0.14022082090377808,1
s47_2_offline_train_t083,47,2,offline_train,2,session2/s47/sess02_subj47_EEG_MI.mat,eaac59812169d83f02da8004c763191120e8bdcbde980ec090c7bf3453e9ff18,1071914,Lee2019_MI,Q15-E007,BROAD_EEGNET,20260925,0.895135760307312,0.1048642173409462,1
s47_2_offline_train_t084,47,2,offline_train,2,session2/s47/sess02_subj47_EEG_MI.mat,eaac59812169d83f02da8004c763191120e8bdcbde980ec090c7bf3453e9ff18,1082964,Lee2019_MI,Q15-E007,BROAD_EEGNET,20260925,0.041233308613300323,0.9587666392326355,2
s47_2_offline_train_t085,47,2,offline_train,1,session2/s47/sess02_subj47_EEG_MI.mat,eaac59812169d83f02da8004c763191120e8bdcbde980ec090c7bf3453e9ff18,1094397,Lee2019_MI,Q15-E007,BROAD_EEGNET,20260925,0.9076414108276367,0.0923585593700409,1
s47_2_offline_train_t086,47,2,offline_train,2,session2/s47/sess02_subj47_EEG_MI.mat,eaac59812169d83f02da8004c763191120e8bdcbde980ec090c7bf3453e9ff18,1105263,Lee2019_MI,Q15-E007,BROAD_EEGNET,20260925,0.44769424200057983,0.5523057579994202,2
s47_2_offline_train_t087,47,2,offline_train,1,session2/s47/sess02_subj47_EEG_MI.mat,eaac59812169d83f02da8004c763191120e8bdcbde980ec090c7bf3453e9ff18,1116596,Lee2019_MI,Q15-E007,BROAD_EEGNET,20260925,0.6592777371406555,0.34072229266166687,1
s47_2_offline_train_t088,47,2,offline_train,2,session2/s47/sess02_subj47_EEG_MI.mat,eaac59812169d83f02da8004c763191120e8bdcbde980ec090c7bf3453e9ff18,1127930,Lee2019_MI,Q15-E007,BROAD_EEGNET,20260925,0.8869232535362244,0.11307670176029205,1
s47_2_offline_train_t089,47,2,offline_train,2,session2/s47/sess02_subj47_EEG_MI.mat,eaac59812169d83f02da8004c763191120e8bdcbde980ec090c7bf3453e9ff18,1138879,Lee2019_MI,Q15-E007,BROAD_EEGNET,20260925,0.2675030529499054,0.732496976852417,2
s47_2_offline_train_t090,47,2,offline_train,2,session2/s47/sess02_subj47_EEG_MI.mat,eaac59812169d83f02da8004c763191120e8bdcbde980ec090c7bf3453e9ff18,1150029,Lee2019_MI,Q15-E007,BROAD_EEGNET,20260925,0.40100401639938354,0.5989959836006165,2
s47_2_offline_train_t091,47,2,offline_train,2,session2/s47/sess02_subj47_EEG_MI.mat,eaac59812169d83f02da8004c763191120e8bdcbde980ec090c7bf3453e9ff18,1160612,Lee2019_MI,Q15-E007,BROAD_EEGNET,20260925,0.5867589712142944,0.41324105858802795,1
s47_2_offline_train_t092,47,2,offline_train,2,session2/s47/sess02_subj47_EEG_MI.mat,eaac59812169d83f02da8004c763191120e8bdcbde980ec090c7bf3453e9ff18,1171212,Lee2019_MI,Q15-E007,BROAD_EEGNET,20260925,0.7537692189216614,0.24623078107833862,1
s47_2_offline_train_t093,47,2,offline_train,1,session2/s47/sess02_subj47_EEG_MI.mat,eaac59812169d83f02da8004c763191120e8bdcbde980ec090c7bf3453e9ff18,1182261,Lee2019_MI,Q15-E007,BROAD_EEGNET,20260925,0.5894078016281128,0.4105921983718872,1
s47_2_offline_train_t094,47,2,offline_train,2,session2/s47/sess02_subj47_EEG_MI.mat,eaac59812169d83f02da8004c763191120e8bdcbde980ec090c7bf3453e9ff18,1193595,Lee2019_MI,Q15-E007,BROAD_EEGNET,20260925,0.18531818687915802,0.8146817684173584,2
s47_2_offline_train_t095,47,2,offline_train,1,session2/s47/sess02_subj47_EEG_MI.mat,eaac59812169d83f02da8004c763191120e8bdcbde980ec090c7bf3453e9ff18,1205111,Lee2019_MI,Q15-E007,BROAD_EEGNET,20260925,0.9443840980529785,0.0556158572435379,1
s47_2_offline_train_t096,47,2,offline_train,1,session2/s47/sess02_subj47_EEG_MI.mat,eaac59812169d83f02da8004c763191120e8bdcbde980ec090c7bf3453e9ff18,1215777,Lee2019_MI,Q15-E007,BROAD_EEGNET,20260925,0.6663093566894531,0.33369067311286926,1
s47_2_offline_train_t097,47,2,offline_train,2,session2/s47/sess02_subj47_EEG_MI.mat,eaac59812169d83f02da8004c763191120e8bdcbde980ec090c7bf3453e9ff18,1226927,Lee2019_MI,Q15-E007,BROAD_EEGNET,20260925,0.6780949234962463,0.32190507650375366,1
s47_2_offline_train_t098,47,2,offline_train,1,session2/s47/sess02_subj47_EEG_MI.mat,eaac59812169d83f02da8004c763191120e8bdcbde980ec090c7bf3453e9ff18,1237977,Lee2019_MI,Q15-E007,BROAD_EEGNET,20260925,0.9766162037849426,0.02338375337421894,1
s47_2_offline_train_t099,47,2,offline_train,2,session2/s47/sess02_subj47_EEG_MI.mat,eaac59812169d83f02da8004c763191120e8bdcbde980ec090c7bf3453e9ff18,1248577,Lee2019_MI,Q15-E007,BROAD_EEGNET,20260925,0.501667857170105,0.4983321726322174,1
s47_2_offline_train_t100,47,2,offline_train,2,session2/s47/sess02_subj47_EEG_MI.mat,eaac59812169d83f02da8004c763191120e8bdcbde980ec090c7bf3453e9ff18,1259443,Lee2019_MI,Q15-E007,BROAD_EEGNET,20260925,0.5280124545097351,0.4719874858856201,1
s47_1_offline_train_t001,47,1,offline_train,1,session1/s47/sess01_subj47_EEG_MI.mat,9e1e3cb79f82ec08d87c80aaa8d5929479ceccd454f25b3d3fea7115f3eb05c9,176090,Lee2019_MI,Q15-E007,BROAD_EEGNET,20260926,0.4473687410354614,0.5526312589645386,2
s47_1_offline_train_t002,47,1,offline_train,2,session1/s47/sess01_subj47_EEG_MI.mat,9e1e3cb79f82ec08d87c80aaa8d5929479ceccd454f25b3d3fea7115f3eb05c9,187623,Lee2019_MI,Q15-E007,BROAD_EEGNET,20260926,0.46556225419044495,0.5344377756118774,2
s47_1_offline_train_t003,47,1,offline_train,1,session1/s47/sess01_subj47_EEG_MI.mat,9e1e3cb79f82ec08d87c80aaa8d5929479ceccd454f25b3d3fea7115f3eb05c9,198308,Lee2019_MI,Q15-E007,BROAD_EEGNET,20260926,0.4768446087837219,0.5231554508209229,2
s47_1_offline_train_t004,47,1,offline_train,1,session1/s47/sess01_subj47_EEG_MI.mat,9e1e3cb79f82ec08d87c80aaa8d5929479ceccd454f25b3d3fea7115f3eb05c9,209824,Lee2019_MI,Q15-E007,BROAD_EEGNET,20260926,0.6385618448257446,0.361438125371933,1
s47_1_offline_train_t005,47,1,offline_train,2,session1/s47/sess01_subj47_EEG_MI.mat,9e1e3cb79f82ec08d87c80aaa8d5929479ceccd454f25b3d3fea7115f3eb05c9,220974,Lee2019_MI,Q15-E007,BROAD_EEGNET,20260926,0.0433180145919323,0.956682026386261,2
s47_1_offline_train_t006,47,1,offline_train,2,session1/s47/sess01_subj47_EEG_MI.mat,9e1e3cb79f82ec08d87c80aaa8d5929479ceccd454f25b3d3fea7115f3eb05c9,231657,Lee2019_MI,Q15-E007,BROAD_EEGNET,20260926,0.30984148383140564,0.6901585459709167,2
s47_1_offline_train_t007,47,1,offline_train,1,session1/s47/sess01_subj47_EEG_MI.mat,9e1e3cb79f82ec08d87c80aaa8d5929479ceccd454f25b3d3fea7115f3eb05c9,242523,Lee2019_MI,Q15-E007,BROAD_EEGNET,20260926,0.9001795649528503,0.09982045739889145,1
s47_1_offline_train_t008,47,1,offline_train,2,session1/s47/sess01_subj47_EEG_MI.mat,9e1e3cb79f82ec08d87c80aaa8d5929479ceccd454f25b3d3fea7115f3eb05c9,253655,Lee2019_MI,Q15-E007,BROAD_EEGNET,20260926,0.03518400713801384,0.9648159742355347,2
s47_1_offline_train_t009,47,1,offline_train,1,session1/s47/sess01_subj47_EEG_MI.mat,9e1e3cb79f82ec08d87c80aaa8d5929479ceccd454f25b3d3fea7115f3eb05c9,265173,Lee2019_MI,Q15-E007,BROAD_EEGNET,20260926,0.6665287017822266,0.33347126841545105,1
s47_1_offline_train_t010,47,1,offline_train,1,session1/s47/sess01_subj47_EEG_MI.mat,9e1e3cb79f82ec08d87c80aaa8d5929479ceccd454f25b3d3fea7115f3eb05c9,276689,Lee2019_MI,Q15-E007,BROAD_EEGNET,20260926,0.47811102867126465,0.5218889713287354,2
s47_1_offline_train_t011,47,1,offline_train,2,session1/s47/sess01_subj47_EEG_MI.mat,9e1e3cb79f82ec08d87c80aaa8d5929479ceccd454f25b3d3fea7115f3eb05c9,287373,Lee2019_MI,Q15-E007,BROAD_EEGNET,20260926,0.21242162585258484,0.7875784039497375,2
s47_1_offline_train_t012,47,1,offline_train,2,session1/s47/sess01_subj47_EEG_MI.mat,9e1e3cb79f82ec08d87c80aaa8d5929479ceccd454f25b3d3fea7115f3eb05c9,298889,Lee2019_MI,Q15-E007,BROAD_EEGNET,20260926,0.32495564222335815,0.6750443577766418,2
s47_1_offline_train_t013,47,1,offline_train,1,session1/s47/sess01_subj47_EEG_MI.mat,9e1e3cb79f82ec08d87c80aaa8d5929479ceccd454f25b3d3fea7115f3eb05c9,310405,Lee2019_MI,Q15-E007,BROAD_EEGNET,20260926,0.7265434861183167,0.27345648407936096,1
s47_1_offline_train_t014,47,1,offline_train,1,session1/s47/sess01_subj47_EEG_MI.mat,9e1e3cb79f82ec08d87c80aaa8d5929479ceccd454f25b3d3fea7115f3eb05c9,321454,Lee2019_MI,Q15-E007,BROAD_EEGNET,20260926,0.5390934348106384,0.4609065651893616,1
s47_1_offline_train_t015,47,1,offline_train,2,session1/s47/sess01_subj47_EEG_MI.mat,9e1e3cb79f82ec08d87c80aaa8d5929479ceccd454f25b3d3fea7115f3eb05c9,332788,Lee2019_MI,Q15-E007,BROAD_EEGNET,20260926,0.03395536541938782,0.9660446047782898,2
s47_1_offline_train_t016,47,1,offline_train,1,session1/s47/sess01_subj47_EEG_MI.mat,9e1e3cb79f82ec08d87c80aaa8d5929479ceccd454f25b3d3fea7115f3eb05c9,343471,Lee2019_MI,Q15-E007,BROAD_EEGNET,20260926,0.4550366699695587,0.5449633002281189,2
s47_1_offline_train_t017,47,1,offline_train,1,session1/s47/sess01_subj47_EEG_MI.mat,9e1e3cb79f82ec08d87c80aaa8d5929479ceccd454f25b3d3fea7115f3eb05c9,354437,Lee2019_MI,Q15-E007,BROAD_EEGNET,20260926,0.5240872502326965,0.47591274976730347,1
s47_1_offline_train_t018,47,1,offline_train,1,session1/s47/sess01_subj47_EEG_MI.mat,9e1e3cb79f82ec08d87c80aaa8d5929479ceccd454f25b3d3fea7115f3eb05c9,365854,Lee2019_MI,Q15-E007,BROAD_EEGNET,20260926,0.1410192996263504,0.8589807152748108,2
s47_1_offline_train_t019,47,1,offline_train,1,session1/s47/sess01_subj47_EEG_MI.mat,9e1e3cb79f82ec08d87c80aaa8d5929479ceccd454f25b3d3fea7115f3eb05c9,377188,Lee2019_MI,Q15-E007,BROAD_EEGNET,20260926,0.14746910333633423,0.8525308966636658,2
s47_1_offline_train_t020,47,1,offline_train,2,session1/s47/sess01_subj47_EEG_MI.mat,9e1e3cb79f82ec08d87c80aaa8d5929479ceccd454f25b3d3fea7115f3eb05c9,388704,Lee2019_MI,Q15-E007,BROAD_EEGNET,20260926,0.06201605126261711,0.9379839301109314,2
s47_1_offline_train_t021,47,1,offline_train,2,session1/s47/sess01_subj47_EEG_MI.mat,9e1e3cb79f82ec08d87c80aaa8d5929479ceccd454f25b3d3fea7115f3eb05c9,399937,Lee2019_MI,Q15-E007,BROAD_EEGNET,20260926,0.4679747223854065,0.5320252776145935,2
s47_1_offline_train_t022,47,1,offline_train,1,session1/s47/sess01_subj47_EEG_MI.mat,9e1e3cb79f82ec08d87c80aaa8d5929479ceccd454f25b3d3fea7115f3eb05c9,410537,Lee2019_MI,Q15-E007,BROAD_EEGNET,20260926,0.40633314847946167,0.5936668515205383,2
s47_1_offline_train_t023,47,1,offline_train,2,session1/s47/sess01_subj47_EEG_MI.mat,9e1e3cb79f82ec08d87c80aaa8d5929479ceccd454f25b3d3fea7115f3eb05c9,421953,Lee2019_MI,Q15-E007,BROAD_EEGNET,20260926,0.5836715698242188,0.41632843017578125,1
s47_1_offline_train_t024,47,1,offline_train,2,session1/s47/sess01_subj47_EEG_MI.mat,9e1e3cb79f82ec08d87c80aaa8d5929479ceccd454f25b3d3fea7115f3eb05c9,433470,Lee2019_MI,Q15-E007,BROAD_EEGNET,20260926,0.2362554669380188,0.7637445330619812,2
s47_1_offline_train_t025,47,1,offline_train,2,session1/s47/sess01_subj47_EEG_MI.mat,9e1e3cb79f82ec08d87c80aaa8d5929479ceccd454f25b3d3fea7115f3eb05c9,444720,Lee2019_MI,Q15-E007,BROAD_EEGNET,20260926,0.666857123374939,0.33314284682273865,1
s47_1_offline_train_t026,47,1,offline_train,1,session1/s47/sess01_subj47_EEG_MI.mat,9e1e3cb79f82ec08d87c80aaa8d5929479ceccd454f25b3d3fea7115f3eb05c9,456036,Lee2019_MI,Q15-E007,BROAD_EEGNET,20260926,0.5251772403717041,0.4748227000236511,1
s47_1_offline_train_t027,47,1,offline_train,2,session1/s47/sess01_subj47_EEG_MI.mat,9e1e3cb79f82ec08d87c80aaa8d5929479ceccd454f25b3d3fea7115f3eb05c9,467286,Lee2019_MI,Q15-E007,BROAD_EEGNET,20260926,0.1259680986404419,0.8740319609642029,2
s47_1_offline_train_t028,47,1,offline_train,1,session1/s47/sess01_subj47_EEG_MI.mat,9e1e3cb79f82ec08d87c80aaa8d5929479ceccd454f25b3d3fea7115f3eb05c9,478236,Lee2019_MI,Q15-E007,BROAD_EEGNET,20260926,0.7952103018760681,0.20478969812393188,1
s47_1_offline_train_t029,47,1,offline_train,1,session1/s47/sess01_subj47_EEG_MI.mat,9e1e3cb79f82ec08d87c80aaa8d5929479ceccd454f25b3d3fea7115f3eb05c9,489484,Lee2019_MI,Q15-E007,BROAD_EEGNET,20260926,0.17479968070983887,0.8252002596855164,2
s47_1_offline_train_t030,47,1,offline_train,2,session1/s47/sess01_subj47_EEG_MI.mat,9e1e3cb79f82ec08d87c80aaa8d5929479ceccd454f25b3d3fea7115f3eb05c9,500252,Lee2019_MI,Q15-E007,BROAD_EEGNET,20260926,0.07138533890247345,0.9286146759986877,2
s47_1_offline_train_t031,47,1,offline_train,1,session1/s47/sess01_subj47_EEG_MI.mat,9e1e3cb79f82ec08d87c80aaa8d5929479ceccd454f25b3d3fea7115f3eb05c9,511485,Lee2019_MI,Q15-E007,BROAD_EEGNET,20260926,0.12668906152248383,0.8733109831809998,2
s47_1_offline_train_t032,47,1,offline_train,2,session1/s47/sess01_subj47_EEG_MI.mat,9e1e3cb79f82ec08d87c80aaa8d5929479ceccd454f25b3d3fea7115f3eb05c9,522085,Lee2019_MI,Q15-E007,BROAD_EEGNET,20260926,0.5588026642799377,0.44119736552238464,1
s47_1_offline_train_t033,47,1,offline_train,1,session1/s47/sess01_subj47_EEG_MI.mat,9e1e3cb79f82ec08d87c80aaa8d5929479ceccd454f25b3d3fea7115f3eb05c9,532951,Lee2019_MI,Q15-E007,BROAD_EEGNET,20260926,0.23338215053081512,0.7666178941726685,2
s47_1_offline_train_t034,47,1,offline_train,2,session1/s47/sess01_subj47_EEG_MI.mat,9e1e3cb79f82ec08d87c80aaa8d5929479ceccd454f25b3d3fea7115f3eb05c9,543535,Lee2019_MI,Q15-E007,BROAD_EEGNET,20260926,0.17898716032505035,0.8210128545761108,2
s47_1_offline_train_t035,47,1,offline_train,2,session1/s47/sess01_subj47_EEG_MI.mat,9e1e3cb79f82ec08d87c80aaa8d5929479ceccd454f25b3d3fea7115f3eb05c9,554218,Lee2019_MI,Q15-E007,BROAD_EEGNET,20260926,0.15614838898181915,0.8438515663146973,2
s47_1_offline_train_t036,47,1,offline_train,1,session1/s47/sess01_subj47_EEG_MI.mat,9e1e3cb79f82ec08d87c80aaa8d5929479ceccd454f25b3d3fea7115f3eb05c9,565551,Lee2019_MI,Q15-E007,BROAD_EEGNET,20260926,0.6958489418029785,0.3041509985923767,1
s47_1_offline_train_t037,47,1,offline_train,1,session1/s47/sess01_subj47_EEG_MI.mat,9e1e3cb79f82ec08d87c80aaa8d5929479ceccd454f25b3d3fea7115f3eb05c9,576784,Lee2019_MI,Q15-E007,BROAD_EEGNET,20260926,0.14874769747257233,0.8512523174285889,2
s47_1_offline_train_t038,47,1,offline_train,2,session1/s47/sess01_subj47_EEG_MI.mat,9e1e3cb79f82ec08d87c80aaa8d5929479ceccd454f25b3d3fea7115f3eb05c9,587650,Lee2019_MI,Q15-E007,BROAD_EEGNET,20260926,0.05923242121934891,0.9407675862312317,2
s47_1_offline_train_t039,47,1,offline_train,1,session1/s47/sess01_subj47_EEG_MI.mat,9e1e3cb79f82ec08d87c80aaa8d5929479ceccd454f25b3d3fea7115f3eb05c9,599167,Lee2019_MI,Q15-E007,BROAD_EEGNET,20260926,0.3333541452884674,0.666645884513855,2
s47_1_offline_train_t040,47,1,offline_train,1,session1/s47/sess01_subj47_EEG_MI.mat,9e1e3cb79f82ec08d87c80aaa8d5929479ceccd454f25b3d3fea7115f3eb05c9,609750,Lee2019_MI,Q15-E007,BROAD_EEGNET,20260926,0.34236153960227966,0.657638430595398,2
s47_1_offline_train_t041,47,1,offline_train,1,session1/s47/sess01_subj47_EEG_MI.mat,9e1e3cb79f82ec08d87c80aaa8d5929479ceccd454f25b3d3fea7115f3eb05c9,620716,Lee2019_MI,Q15-E007,BROAD_EEGNET,20260926,0.5499433875083923,0.45005661249160767,1
s47_1_offline_train_t042,47,1,offline_train,1,session1/s47/sess01_subj47_EEG_MI.mat,9e1e3cb79f82ec08d87c80aaa8d5929479ceccd454f25b3d3fea7115f3eb05c9,631683,Lee2019_MI,Q15-E007,BROAD_EEGNET,20260926,0.5891872048377991,0.4108128249645233,1
s47_1_offline_train_t043,47,1,offline_train,2,session1/s47/sess01_subj47_EEG_MI.mat,9e1e3cb79f82ec08d87c80aaa8d5929479ceccd454f25b3d3fea7115f3eb05c9,642999,Lee2019_MI,Q15-E007,BROAD_EEGNET,20260926,0.21154366433620453,0.788456380367279,2
s47_1_offline_train_t044,47,1,offline_train,1,session1/s47/sess01_subj47_EEG_MI.mat,9e1e3cb79f82ec08d87c80aaa8d5929479ceccd454f25b3d3fea7115f3eb05c9,654333,Lee2019_MI,Q15-E007,BROAD_EEGNET,20260926,0.6992761492729187,0.3007238507270813,1
s47_1_offline_train_t045,47,1,offline_train,2,session1/s47/sess01_subj47_EEG_MI.mat,9e1e3cb79f82ec08d87c80aaa8d5929479ceccd454f25b3d3fea7115f3eb05c9,665116,Lee2019_MI,Q15-E007,BROAD_EEGNET,20260926,0.33344435691833496,0.666555643081665,2
s47_1_offline_train_t046,47,1,offline_train,1,session1/s47/sess01_subj47_EEG_MI.mat,9e1e3cb79f82ec08d87c80aaa8d5929479ceccd454f25b3d3fea7115f3eb05c9,676165,Lee2019_MI,Q15-E007,BROAD_EEGNET,20260926,0.2817133069038391,0.7182866930961609,2
s47_1_offline_train_t047,47,1,offline_train,1,session1/s47/sess01_subj47_EEG_MI.mat,9e1e3cb79f82ec08d87c80aaa8d5929479ceccd454f25b3d3fea7115f3eb05c9,687132,Lee2019_MI,Q15-E007,BROAD_EEGNET,20260926,0.6816864013671875,0.3183136284351349,1
s47_1_offline_train_t048,47,1,offline_train,1,session1/s47/sess01_subj47_EEG_MI.mat,9e1e3cb79f82ec08d87c80aaa8d5929479ceccd454f25b3d3fea7115f3eb05c9,698365,Lee2019_MI,Q15-E007,BROAD_EEGNET,20260926,0.5181585550308228,0.48184144496917725,1
s47_1_offline_train_t049,47,1,offline_train,2,session1/s47/sess01_subj47_EEG_MI.mat,9e1e3cb79f82ec08d87c80aaa8d5929479ceccd454f25b3d3fea7115f3eb05c9,709598,Lee2019_MI,Q15-E007,BROAD_EEGNET,20260926,0.31296563148498535,0.6870343685150146,2
s47_1_offline_train_t050,47,1,offline_train,1,session1/s47/sess01_subj47_EEG_MI.mat,9e1e3cb79f82ec08d87c80aaa8d5929479ceccd454f25b3d3fea7115f3eb05c9,732448,Lee2019_MI,Q15-E007,BROAD_EEGNET,20260926,0.27726078033447266,0.7227392196655273,2
s47_1_offline_train_t051,47,1,offline_train,1,session1/s47/sess01_subj47_EEG_MI.mat,9e1e3cb79f82ec08d87c80aaa8d5929479ceccd454f25b3d3fea7115f3eb05c9,743314,Lee2019_MI,Q15-E007,BROAD_EEGNET,20260926,0.1391877979040146,0.8608121871948242,2
s47_1_offline_train_t052,47,1,offline_train,1,session1/s47/sess01_subj47_EEG_MI.mat,9e1e3cb79f82ec08d87c80aaa8d5929479ceccd454f25b3d3fea7115f3eb05c9,754547,Lee2019_MI,Q15-E007,BROAD_EEGNET,20260926,0.22596484422683716,0.7740352153778076,2
s47_1_offline_train_t053,47,1,offline_train,1,session1/s47/sess01_subj47_EEG_MI.mat,9e1e3cb79f82ec08d87c80aaa8d5929479ceccd454f25b3d3fea7115f3eb05c9,765797,Lee2019_MI,Q15-E007,BROAD_EEGNET,20260926,0.5223333835601807,0.4776666760444641,1
s47_1_offline_train_t054,47,1,offline_train,2,session1/s47/sess01_subj47_EEG_MI.mat,9e1e3cb79f82ec08d87c80aaa8d5929479ceccd454f25b3d3fea7115f3eb05c9,776480,Lee2019_MI,Q15-E007,BROAD_EEGNET,20260926,0.3692184388637543,0.6307815313339233,2
s47_1_offline_train_t055,47,1,offline_train,1,session1/s47/sess01_subj47_EEG_MI.mat,9e1e3cb79f82ec08d87c80aaa8d5929479ceccd454f25b3d3fea7115f3eb05c9,787146,Lee2019_MI,Q15-E007,BROAD_EEGNET,20260926,0.9629660248756409,0.03703397139906883,1
s47_1_offline_train_t056,47,1,offline_train,1,session1/s47/sess01_subj47_EEG_MI.mat,9e1e3cb79f82ec08d87c80aaa8d5929479ceccd454f25b3d3fea7115f3eb05c9,798213,Lee2019_MI,Q15-E007,BROAD_EEGNET,20260926,0.6837299466133118,0.3162700831890106,1
s47_1_offline_train_t057,47,1,offline_train,2,session1/s47/sess01_subj47_EEG_MI.mat,9e1e3cb79f82ec08d87c80aaa8d5929479ceccd454f25b3d3fea7115f3eb05c9,809730,Lee2019_MI,Q15-E007,BROAD_EEGNET,20260926,0.023630673065781593,0.976369321346283,2
s47_1_offline_train_t058,47,1,offline_train,2,session1/s47/sess01_subj47_EEG_MI.mat,9e1e3cb79f82ec08d87c80aaa8d5929479ceccd454f25b3d3fea7115f3eb05c9,820596,Lee2019_MI,Q15-E007,BROAD_EEGNET,20260926,0.4653318226337433,0.5346682071685791,2
s47_1_offline_train_t059,47,1,offline_train,1,session1/s47/sess01_subj47_EEG_MI.mat,9e1e3cb79f82ec08d87c80aaa8d5929479ceccd454f25b3d3fea7115f3eb05c9,831729,Lee2019_MI,Q15-E007,BROAD_EEGNET,20260926,0.1369764357805252,0.863023579120636,2
s47_1_offline_train_t060,47,1,offline_train,1,session1/s47/sess01_subj47_EEG_MI.mat,9e1e3cb79f82ec08d87c80aaa8d5929479ceccd454f25b3d3fea7115f3eb05c9,842512,Lee2019_MI,Q15-E007,BROAD_EEGNET,20260926,0.2786303460597992,0.7213696837425232,2
s47_1_offline_train_t061,47,1,offline_train,2,session1/s47/sess01_subj47_EEG_MI.mat,9e1e3cb79f82ec08d87c80aaa8d5929479ceccd454f25b3d3fea7115f3eb05c9,853845,Lee2019_MI,Q15-E007,BROAD_EEGNET,20260926,0.5971711874008179,0.4028288722038269,1
s47_1_offline_train_t062,47,1,offline_train,2,session1/s47/sess01_subj47_EEG_MI.mat,9e1e3cb79f82ec08d87c80aaa8d5929479ceccd454f25b3d3fea7115f3eb05c9,864612,Lee2019_MI,Q15-E007,BROAD_EEGNET,20260926,0.6784449219703674,0.32155507802963257,1
s47_1_offline_train_t063,47,1,offline_train,1,session1/s47/sess01_subj47_EEG_MI.mat,9e1e3cb79f82ec08d87c80aaa8d5929479ceccd454f25b3d3fea7115f3eb05c9,875662,Lee2019_MI,Q15-E007,BROAD_EEGNET,20260926,0.14381122589111328,0.8561887741088867,2
s47_1_offline_train_t064,47,1,offline_train,2,session1/s47/sess01_subj47_EEG_MI.mat,9e1e3cb79f82ec08d87c80aaa8d5929479ceccd454f25b3d3fea7115f3eb05c9,886911,Lee2019_MI,Q15-E007,BROAD_EEGNET,20260926,0.08653709292411804,0.9134629368782043,2
s47_1_offline_train_t065,47,1,offline_train,2,session1/s47/sess01_subj47_EEG_MI.mat,9e1e3cb79f82ec08d87c80aaa8d5929479ceccd454f25b3d3fea7115f3eb05c9,898328,Lee2019_MI,Q15-E007,BROAD_EEGNET,20260926,0.0602673664689064,0.9397326707839966,2
s47_1_offline_train_t066,47,1,offline_train,2,session1/s47/sess01_subj47_EEG_MI.mat,9e1e3cb79f82ec08d87c80aaa8d5929479ceccd454f25b3d3fea7115f3eb05c9,909844,Lee2019_MI,Q15-E007,BROAD_EEGNET,20260926,0.5531585216522217,0.4468415081501007,1
s47_1_offline_train_t067,47,1,offline_train,2,session1/s47/sess01_subj47_EEG_MI.mat,9e1e3cb79f82ec08d87c80aaa8d5929479ceccd454f25b3d3fea7115f3eb05c9,920994,Lee2019_MI,Q15-E007,BROAD_EEGNET,20260926,0.7899142503738403,0.21008573472499847,1
s47_1_offline_train_t068,47,1,offline_train,1,session1/s47/sess01_subj47_EEG_MI.mat,9e1e3cb79f82ec08d87c80aaa8d5929479ceccd454f25b3d3fea7115f3eb05c9,931677,Lee2019_MI,Q15-E007,BROAD_EEGNET,20260926,0.18674013018608093,0.8132598400115967,2
s47_1_offline_train_t069,47,1,offline_train,1,session1/s47/sess01_subj47_EEG_MI.mat,9e1e3cb79f82ec08d87c80aaa8d5929479ceccd454f25b3d3fea7115f3eb05c9,942360,Lee2019_MI,Q15-E007,BROAD_EEGNET,20260926,0.24629676342010498,0.753703236579895,2
s47_1_offline_train_t070,47,1,offline_train,2,session1/s47/sess01_subj47_EEG_MI.mat,9e1e3cb79f82ec08d87c80aaa8d5929479ceccd454f25b3d3fea7115f3eb05c9,953127,Lee2019_MI,Q15-E007,BROAD_EEGNET,20260926,0.24700899422168732,0.7529910802841187,2
s47_1_offline_train_t071,47,1,offline_train,1,session1/s47/sess01_subj47_EEG_MI.mat,9e1e3cb79f82ec08d87c80aaa8d5929479ceccd454f25b3d3fea7115f3eb05c9,964543,Lee2019_MI,Q15-E007,BROAD_EEGNET,20260926,0.9189675450325012,0.08103243261575699,1
s47_1_offline_train_t072,47,1,offline_train,2,session1/s47/sess01_subj47_EEG_MI.mat,9e1e3cb79f82ec08d87c80aaa8d5929479ceccd454f25b3d3fea7115f3eb05c9,975326,Lee2019_MI,Q15-E007,BROAD_EEGNET,20260926,0.3421500623226166,0.6578499674797058,2
s47_1_offline_train_t073,47,1,offline_train,2,session1/s47/sess01_subj47_EEG_MI.mat,9e1e3cb79f82ec08d87c80aaa8d5929479ceccd454f25b3d3fea7115f3eb05c9,986659,Lee2019_MI,Q15-E007,BROAD_EEGNET,20260926,0.3762059807777405,0.6237939596176147,2
s47_1_offline_train_t074,47,1,offline_train,2,session1/s47/sess01_subj47_EEG_MI.mat,9e1e3cb79f82ec08d87c80aaa8d5929479ceccd454f25b3d3fea7115f3eb05c9,997426,Lee2019_MI,Q15-E007,BROAD_EEGNET,20260926,0.6850039958953857,0.31499603390693665,1
s47_1_offline_train_t075,47,1,offline_train,1,session1/s47/sess01_subj47_EEG_MI.mat,9e1e3cb79f82ec08d87c80aaa8d5929479ceccd454f25b3d3fea7115f3eb05c9,1008942,Lee2019_MI,Q15-E007,BROAD_EEGNET,20260926,0.6729364991188049,0.32706350088119507,1
s47_1_offline_train_t076,47,1,offline_train,2,session1/s47/sess01_subj47_EEG_MI.mat,9e1e3cb79f82ec08d87c80aaa8d5929479ceccd454f25b3d3fea7115f3eb05c9,1019809,Lee2019_MI,Q15-E007,BROAD_EEGNET,20260926,0.09885379672050476,0.9011462330818176,2
s47_1_offline_train_t077,47,1,offline_train,1,session1/s47/sess01_subj47_EEG_MI.mat,9e1e3cb79f82ec08d87c80aaa8d5929479ceccd454f25b3d3fea7115f3eb05c9,1030592,Lee2019_MI,Q15-E007,BROAD_EEGNET,20260926,0.6955572366714478,0.30444276332855225,1
s47_1_offline_train_t078,47,1,offline_train,1,session1/s47/sess01_subj47_EEG_MI.mat,9e1e3cb79f82ec08d87c80aaa8d5929479ceccd454f25b3d3fea7115f3eb05c9,1041358,Lee2019_MI,Q15-E007,BROAD_EEGNET,20260926,0.6705791354179382,0.32942089438438416,1
s47_1_offline_train_t079,47,1,offline_train,2,session1/s47/sess01_subj47_EEG_MI.mat,9e1e3cb79f82ec08d87c80aaa8d5929479ceccd454f25b3d3fea7115f3eb05c9,1052508,Lee2019_MI,Q15-E007,BROAD_EEGNET,20260926,0.2187078297138214,0.7812921404838562,2
s47_1_offline_train_t080,47,1,offline_train,2,session1/s47/sess01_subj47_EEG_MI.mat,9e1e3cb79f82ec08d87c80aaa8d5929479ceccd454f25b3d3fea7115f3eb05c9,1063558,Lee2019_MI,Q15-E007,BROAD_EEGNET,20260926,0.14275585114955902,0.8572441339492798,2
s47_1_offline_train_t081,47,1,offline_train,2,session1/s47/sess01_subj47_EEG_MI.mat,9e1e3cb79f82ec08d87c80aaa8d5929479ceccd454f25b3d3fea7115f3eb05c9,1074424,Lee2019_MI,Q15-E007,BROAD_EEGNET,20260926,0.13856343924999237,0.8614365458488464,2
s47_1_offline_train_t082,47,1,offline_train,1,session1/s47/sess01_subj47_EEG_MI.mat,9e1e3cb79f82ec08d87c80aaa8d5929479ceccd454f25b3d3fea7115f3eb05c9,1085858,Lee2019_MI,Q15-E007,BROAD_EEGNET,20260926,0.2585923671722412,0.7414076328277588,2
s47_1_offline_train_t083,47,1,offline_train,2,session1/s47/sess01_subj47_EEG_MI.mat,9e1e3cb79f82ec08d87c80aaa8d5929479ceccd454f25b3d3fea7115f3eb05c9,1096991,Lee2019_MI,Q15-E007,BROAD_EEGNET,20260926,0.08320237696170807,0.9167975783348083,2
s47_1_offline_train_t084,47,1,offline_train,2,session1/s47/sess01_subj47_EEG_MI.mat,9e1e3cb79f82ec08d87c80aaa8d5929479ceccd454f25b3d3fea7115f3eb05c9,1108141,Lee2019_MI,Q15-E007,BROAD_EEGNET,20260926,0.32753196358680725,0.6724680066108704,2
s47_1_offline_train_t085,47,1,offline_train,1,session1/s47/sess01_subj47_EEG_MI.mat,9e1e3cb79f82ec08d87c80aaa8d5929479ceccd454f25b3d3fea7115f3eb05c9,1119557,Lee2019_MI,Q15-E007,BROAD_EEGNET,20260926,0.4003962576389313,0.5996037125587463,2
s47_1_offline_train_t086,47,1,offline_train,2,session1/s47/sess01_subj47_EEG_MI.mat,9e1e3cb79f82ec08d87c80aaa8d5929479ceccd454f25b3d3fea7115f3eb05c9,1130423,Lee2019_MI,Q15-E007,BROAD_EEGNET,20260926,0.42414990067481995,0.5758500695228577,2
s47_1_offline_train_t087,47,1,offline_train,1,session1/s47/sess01_subj47_EEG_MI.mat,9e1e3cb79f82ec08d87c80aaa8d5929479ceccd454f25b3d3fea7115f3eb05c9,1141756,Lee2019_MI,Q15-E007,BROAD_EEGNET,20260926,0.4676254689693451,0.5323745608329773,2
s47_1_offline_train_t088,47,1,offline_train,2,session1/s47/sess01_subj47_EEG_MI.mat,9e1e3cb79f82ec08d87c80aaa8d5929479ceccd454f25b3d3fea7115f3eb05c9,1153090,Lee2019_MI,Q15-E007,BROAD_EEGNET,20260926,0.12797434628009796,0.8720256686210632,2
s47_1_offline_train_t089,47,1,offline_train,2,session1/s47/sess01_subj47_EEG_MI.mat,9e1e3cb79f82ec08d87c80aaa8d5929479ceccd454f25b3d3fea7115f3eb05c9,1164056,Lee2019_MI,Q15-E007,BROAD_EEGNET,20260926,0.7982825636863708,0.20171739161014557,1
s47_1_offline_train_t090,47,1,offline_train,2,session1/s47/sess01_subj47_EEG_MI.mat,9e1e3cb79f82ec08d87c80aaa8d5929479ceccd454f25b3d3fea7115f3eb05c9,1175206,Lee2019_MI,Q15-E007,BROAD_EEGNET,20260926,0.049696069210767746,0.9503039121627808,2
s47_1_offline_train_t091,47,1,offline_train,2,session1/s47/sess01_subj47_EEG_MI.mat,9e1e3cb79f82ec08d87c80aaa8d5929479ceccd454f25b3d3fea7115f3eb05c9,1185789,Lee2019_MI,Q15-E007,BROAD_EEGNET,20260926,0.5728962421417236,0.427103728055954,1
s47_1_offline_train_t092,47,1,offline_train,2,session1/s47/sess01_subj47_EEG_MI.mat,9e1e3cb79f82ec08d87c80aaa8d5929479ceccd454f25b3d3fea7115f3eb05c9,1196372,Lee2019_MI,Q15-E007,BROAD_EEGNET,20260926,0.5020946860313416,0.4979053735733032,1
s47_1_offline_train_t093,47,1,offline_train,1,session1/s47/sess01_subj47_EEG_MI.mat,9e1e3cb79f82ec08d87c80aaa8d5929479ceccd454f25b3d3fea7115f3eb05c9,1207422,Lee2019_MI,Q15-E007,BROAD_EEGNET,20260926,0.5355268120765686,0.4644731879234314,1
s47_1_offline_train_t094,47,1,offline_train,2,session1/s47/sess01_subj47_EEG_MI.mat,9e1e3cb79f82ec08d87c80aaa8d5929479ceccd454f25b3d3fea7115f3eb05c9,1218755,Lee2019_MI,Q15-E007,BROAD_EEGNET,20260926,0.3507935702800751,0.6492064595222473,2
s47_1_offline_train_t095,47,1,offline_train,1,session1/s47/sess01_subj47_EEG_MI.mat,9e1e3cb79f82ec08d87c80aaa8d5929479ceccd454f25b3d3fea7115f3eb05c9,1230271,Lee2019_MI,Q15-E007,BROAD_EEGNET,20260926,0.36469513177871704,0.6353048086166382,2
s47_1_offline_train_t096,47,1,offline_train,1,session1/s47/sess01_subj47_EEG_MI.mat,9e1e3cb79f82ec08d87c80aaa8d5929479ceccd454f25b3d3fea7115f3eb05c9,1240954,Lee2019_MI,Q15-E007,BROAD_EEGNET,20260926,0.7208650708198547,0.27913495898246765,1
s47_1_offline_train_t097,47,1,offline_train,2,session1/s47/sess01_subj47_EEG_MI.mat,9e1e3cb79f82ec08d87c80aaa8d5929479ceccd454f25b3d3fea7115f3eb05c9,1252104,Lee2019_MI,Q15-E007,BROAD_EEGNET,20260926,0.5178820490837097,0.48211798071861267,1
s47_1_offline_train_t098,47,1,offline_train,1,session1/s47/sess01_subj47_EEG_MI.mat,9e1e3cb79f82ec08d87c80aaa8d5929479ceccd454f25b3d3fea7115f3eb05c9,1263154,Lee2019_MI,Q15-E007,BROAD_EEGNET,20260926,0.47874119877815247,0.5212588310241699,2
s47_1_offline_train_t099,47,1,offline_train,2,session1/s47/sess01_subj47_EEG_MI.mat,9e1e3cb79f82ec08d87c80aaa8d5929479ceccd454f25b3d3fea7115f3eb05c9,1273738,Lee2019_MI,Q15-E007,BROAD_EEGNET,20260926,0.6908095479011536,0.3091905117034912,1
s47_1_offline_train_t100,47,1,offline_train,2,session1/s47/sess01_subj47_EEG_MI.mat,9e1e3cb79f82ec08d87c80aaa8d5929479ceccd454f25b3d3fea7115f3eb05c9,1284604,Lee2019_MI,Q15-E007,BROAD_EEGNET,20260926,0.7187755703926086,0.28122442960739136,1
s47_2_offline_train_t001,47,2,offline_train,1,session2/s47/sess02_subj47_EEG_MI.mat,eaac59812169d83f02da8004c763191120e8bdcbde980ec090c7bf3453e9ff18,149252,Lee2019_MI,Q15-E007,BROAD_EEGNET,20260926,0.327888548374176,0.672111451625824,2
s47_2_offline_train_t002,47,2,offline_train,2,session2/s47/sess02_subj47_EEG_MI.mat,eaac59812169d83f02da8004c763191120e8bdcbde980ec090c7bf3453e9ff18,160787,Lee2019_MI,Q15-E007,BROAD_EEGNET,20260926,0.1814601868391037,0.8185397982597351,2
s47_2_offline_train_t003,47,2,offline_train,1,session2/s47/sess02_subj47_EEG_MI.mat,eaac59812169d83f02da8004c763191120e8bdcbde980ec090c7bf3453e9ff18,171470,Lee2019_MI,Q15-E007,BROAD_EEGNET,20260926,0.7689065337181091,0.23109349608421326,1
s47_2_offline_train_t004,47,2,offline_train,1,session2/s47/sess02_subj47_EEG_MI.mat,eaac59812169d83f02da8004c763191120e8bdcbde980ec090c7bf3453e9ff18,182986,Lee2019_MI,Q15-E007,BROAD_EEGNET,20260926,0.48664093017578125,0.5133590698242188,2
s47_2_offline_train_t005,47,2,offline_train,2,session2/s47/sess02_subj47_EEG_MI.mat,eaac59812169d83f02da8004c763191120e8bdcbde980ec090c7bf3453e9ff18,194118,Lee2019_MI,Q15-E007,BROAD_EEGNET,20260926,0.3273138403892517,0.6726861596107483,2
s47_2_offline_train_t006,47,2,offline_train,2,session2/s47/sess02_subj47_EEG_MI.mat,eaac59812169d83f02da8004c763191120e8bdcbde980ec090c7bf3453e9ff18,204802,Lee2019_MI,Q15-E007,BROAD_EEGNET,20260926,0.5376313328742981,0.4623686969280243,1
s47_2_offline_train_t007,47,2,offline_train,1,session2/s47/sess02_subj47_EEG_MI.mat,eaac59812169d83f02da8004c763191120e8bdcbde980ec090c7bf3453e9ff18,215669,Lee2019_MI,Q15-E007,BROAD_EEGNET,20260926,0.668020486831665,0.33197951316833496,1
s47_2_offline_train_t008,47,2,offline_train,2,session2/s47/sess02_subj47_EEG_MI.mat,eaac59812169d83f02da8004c763191120e8bdcbde980ec090c7bf3453e9ff18,226735,Lee2019_MI,Q15-E007,BROAD_EEGNET,20260926,0.05168144777417183,0.948318600654602,2
s47_2_offline_train_t009,47,2,offline_train,1,session2/s47/sess02_subj47_EEG_MI.mat,eaac59812169d83f02da8004c763191120e8bdcbde980ec090c7bf3453e9ff18,238252,Lee2019_MI,Q15-E007,BROAD_EEGNET,20260926,0.24960099160671234,0.7503990530967712,2
s47_2_offline_train_t010,47,2,offline_train,1,session2/s47/sess02_subj47_EEG_MI.mat,eaac59812169d83f02da8004c763191120e8bdcbde980ec090c7bf3453e9ff18,249768,Lee2019_MI,Q15-E007,BROAD_EEGNET,20260926,0.36527958512306213,0.6347203850746155,2
s47_2_offline_train_t011,47,2,offline_train,2,session2/s47/sess02_subj47_EEG_MI.mat,eaac59812169d83f02da8004c763191120e8bdcbde980ec090c7bf3453e9ff18,260434,Lee2019_MI,Q15-E007,BROAD_EEGNET,20260926,0.26213619112968445,0.7378638386726379,2
s47_2_offline_train_t012,47,2,offline_train,2,session2/s47/sess02_subj47_EEG_MI.mat,eaac59812169d83f02da8004c763191120e8bdcbde980ec090c7bf3453e9ff18,271968,Lee2019_MI,Q15-E007,BROAD_EEGNET,20260926,0.08662967383861542,0.9133703708648682,2
s47_2_offline_train_t013,47,2,offline_train,1,session2/s47/sess02_subj47_EEG_MI.mat,eaac59812169d83f02da8004c763191120e8bdcbde980ec090c7bf3453e9ff18,283484,Lee2019_MI,Q15-E007,BROAD_EEGNET,20260926,0.495382159948349,0.5046178102493286,2
s47_2_offline_train_t014,47,2,offline_train,1,session2/s47/sess02_subj47_EEG_MI.mat,eaac59812169d83f02da8004c763191120e8bdcbde980ec090c7bf3453e9ff18,294534,Lee2019_MI,Q15-E007,BROAD_EEGNET,20260926,0.9888268709182739,0.01117306761443615,1
s47_2_offline_train_t015,47,2,offline_train,2,session2/s47/sess02_subj47_EEG_MI.mat,eaac59812169d83f02da8004c763191120e8bdcbde980ec090c7bf3453e9ff18,305867,Lee2019_MI,Q15-E007,BROAD_EEGNET,20260926,0.32182857394218445,0.6781714558601379,2
s47_2_offline_train_t016,47,2,offline_train,1,session2/s47/sess02_subj47_EEG_MI.mat,eaac59812169d83f02da8004c763191120e8bdcbde980ec090c7bf3453e9ff18,316533,Lee2019_MI,Q15-E007,BROAD_EEGNET,20260926,0.7363541126251221,0.26364588737487793,1
s47_2_offline_train_t017,47,2,offline_train,1,session2/s47/sess02_subj47_EEG_MI.mat,eaac59812169d83f02da8004c763191120e8bdcbde980ec090c7bf3453e9ff18,327500,Lee2019_MI,Q15-E007,BROAD_EEGNET,20260926,0.2618010938167572,0.7381988763809204,2
s47_2_offline_train_t018,47,2,offline_train,1,session2/s47/sess02_subj47_EEG_MI.mat,eaac59812169d83f02da8004c763191120e8bdcbde980ec090c7bf3453e9ff18,339016,Lee2019_MI,Q15-E007,BROAD_EEGNET,20260926,0.6145826578140259,0.38541731238365173,1
s47_2_offline_train_t019,47,2,offline_train,1,session2/s47/sess02_subj47_EEG_MI.mat,eaac59812169d83f02da8004c763191120e8bdcbde980ec090c7bf3453e9ff18,350349,Lee2019_MI,Q15-E007,BROAD_EEGNET,20260926,0.6136536598205566,0.38634634017944336,1
s47_2_offline_train_t020,47,2,offline_train,2,session2/s47/sess02_subj47_EEG_MI.mat,eaac59812169d83f02da8004c763191120e8bdcbde980ec090c7bf3453e9ff18,361865,Lee2019_MI,Q15-E007,BROAD_EEGNET,20260926,0.1839381903409958,0.8160618543624878,2
s47_2_offline_train_t021,47,2,offline_train,2,session2/s47/sess02_subj47_EEG_MI.mat,eaac59812169d83f02da8004c763191120e8bdcbde980ec090c7bf3453e9ff18,373098,Lee2019_MI,Q15-E007,BROAD_EEGNET,20260926,0.19716277718544006,0.8028371930122375,2
s47_2_offline_train_t022,47,2,offline_train,1,session2/s47/sess02_subj47_EEG_MI.mat,eaac59812169d83f02da8004c763191120e8bdcbde980ec090c7bf3453e9ff18,383698,Lee2019_MI,Q15-E007,BROAD_EEGNET,20260926,0.7824345827102661,0.2175654023885727,1
s47_2_offline_train_t023,47,2,offline_train,2,session2/s47/sess02_subj47_EEG_MI.mat,eaac59812169d83f02da8004c763191120e8bdcbde980ec090c7bf3453e9ff18,395114,Lee2019_MI,Q15-E007,BROAD_EEGNET,20260926,0.6315308809280396,0.36846914887428284,1
s47_2_offline_train_t024,47,2,offline_train,2,session2/s47/sess02_subj47_EEG_MI.mat,eaac59812169d83f02da8004c763191120e8bdcbde980ec090c7bf3453e9ff18,406631,Lee2019_MI,Q15-E007,BROAD_EEGNET,20260926,0.1232251226902008,0.8767748475074768,2
s47_2_offline_train_t025,47,2,offline_train,2,session2/s47/sess02_subj47_EEG_MI.mat,eaac59812169d83f02da8004c763191120e8bdcbde980ec090c7bf3453e9ff18,417864,Lee2019_MI,Q15-E007,BROAD_EEGNET,20260926,0.22718162834644318,0.772818386554718,2
s47_2_offline_train_t026,47,2,offline_train,1,session2/s47/sess02_subj47_EEG_MI.mat,eaac59812169d83f02da8004c763191120e8bdcbde980ec090c7bf3453e9ff18,429197,Lee2019_MI,Q15-E007,BROAD_EEGNET,20260926,0.304595410823822,0.695404589176178,2
s47_2_offline_train_t027,47,2,offline_train,2,session2/s47/sess02_subj47_EEG_MI.mat,eaac59812169d83f02da8004c763191120e8bdcbde980ec090c7bf3453e9ff18,440530,Lee2019_MI,Q15-E007,BROAD_EEGNET,20260926,0.2259751856327057,0.7740248441696167,2
s47_2_offline_train_t028,47,2,offline_train,1,session2/s47/sess02_subj47_EEG_MI.mat,eaac59812169d83f02da8004c763191120e8bdcbde980ec090c7bf3453e9ff18,451497,Lee2019_MI,Q15-E007,BROAD_EEGNET,20260926,0.4559130370616913,0.5440869331359863,2
s47_2_offline_train_t029,47,2,offline_train,1,session2/s47/sess02_subj47_EEG_MI.mat,eaac59812169d83f02da8004c763191120e8bdcbde980ec090c7bf3453e9ff18,462730,Lee2019_MI,Q15-E007,BROAD_EEGNET,20260926,0.7563124299049377,0.24368761479854584,1
s47_2_offline_train_t030,47,2,offline_train,2,session2/s47/sess02_subj47_EEG_MI.mat,eaac59812169d83f02da8004c763191120e8bdcbde980ec090c7bf3453e9ff18,473413,Lee2019_MI,Q15-E007,BROAD_EEGNET,20260926,0.4221867322921753,0.5778132677078247,2
s47_2_offline_train_t031,47,2,offline_train,1,session2/s47/sess02_subj47_EEG_MI.mat,eaac59812169d83f02da8004c763191120e8bdcbde980ec090c7bf3453e9ff18,484646,Lee2019_MI,Q15-E007,BROAD_EEGNET,20260926,0.21308007836341858,0.786919891834259,2
s47_2_offline_train_t032,47,2,offline_train,2,session2/s47/sess02_subj47_EEG_MI.mat,eaac59812169d83f02da8004c763191120e8bdcbde980ec090c7bf3453e9ff18,495246,Lee2019_MI,Q15-E007,BROAD_EEGNET,20260926,0.3208865523338318,0.6791134476661682,2
s47_2_offline_train_t033,47,2,offline_train,1,session2/s47/sess02_subj47_EEG_MI.mat,eaac59812169d83f02da8004c763191120e8bdcbde980ec090c7bf3453e9ff18,506112,Lee2019_MI,Q15-E007,BROAD_EEGNET,20260926,0.8676156401634216,0.1323843151330948,1
s47_2_offline_train_t034,47,2,offline_train,2,session2/s47/sess02_subj47_EEG_MI.mat,eaac59812169d83f02da8004c763191120e8bdcbde980ec090c7bf3453e9ff18,516695,Lee2019_MI,Q15-E007,BROAD_EEGNET,20260926,0.14488275349140167,0.8551172614097595,2
s47_2_offline_train_t035,47,2,offline_train,2,session2/s47/sess02_subj47_EEG_MI.mat,eaac59812169d83f02da8004c763191120e8bdcbde980ec090c7bf3453e9ff18,527378,Lee2019_MI,Q15-E007,BROAD_EEGNET,20260926,0.34919729828834534,0.6508026719093323,2
s47_2_offline_train_t036,47,2,offline_train,1,session2/s47/sess02_subj47_EEG_MI.mat,eaac59812169d83f02da8004c763191120e8bdcbde980ec090c7bf3453e9ff18,538711,Lee2019_MI,Q15-E007,BROAD_EEGNET,20260926,0.7611071467399597,0.2388928234577179,1
s47_2_offline_train_t037,47,2,offline_train,1,session2/s47/sess02_subj47_EEG_MI.mat,eaac59812169d83f02da8004c763191120e8bdcbde980ec090c7bf3453e9ff18,549944,Lee2019_MI,Q15-E007,BROAD_EEGNET,20260926,0.33002015948295593,0.6699798703193665,2
s47_2_offline_train_t038,47,2,offline_train,2,session2/s47/sess02_subj47_EEG_MI.mat,eaac59812169d83f02da8004c763191120e8bdcbde980ec090c7bf3453e9ff18,560811,Lee2019_MI,Q15-E007,BROAD_EEGNET,20260926,0.20777684450149536,0.7922230958938599,2
s47_2_offline_train_t039,47,2,offline_train,1,session2/s47/sess02_subj47_EEG_MI.mat,eaac59812169d83f02da8004c763191120e8bdcbde980ec090c7bf3453e9ff18,572327,Lee2019_MI,Q15-E007,BROAD_EEGNET,20260926,0.8122357726097107,0.18776418268680573,1
s47_2_offline_train_t040,47,2,offline_train,1,session2/s47/sess02_subj47_EEG_MI.mat,eaac59812169d83f02da8004c763191120e8bdcbde980ec090c7bf3453e9ff18,582910,Lee2019_MI,Q15-E007,BROAD_EEGNET,20260926,0.5937044620513916,0.406295508146286,1
s47_2_offline_train_t041,47,2,offline_train,1,session2/s47/sess02_subj47_EEG_MI.mat,eaac59812169d83f02da8004c763191120e8bdcbde980ec090c7bf3453e9ff18,593876,Lee2019_MI,Q15-E007,BROAD_EEGNET,20260926,0.7963500618934631,0.20364995300769806,1
s47_2_offline_train_t042,47,2,offline_train,1,session2/s47/sess02_subj47_EEG_MI.mat,eaac59812169d83f02da8004c763191120e8bdcbde980ec090c7bf3453e9ff18,604826,Lee2019_MI,Q15-E007,BROAD_EEGNET,20260926,0.9482750296592712,0.051724955439567566,1
s47_2_offline_train_t043,47,2,offline_train,2,session2/s47/sess02_subj47_EEG_MI.mat,eaac59812169d83f02da8004c763191120e8bdcbde980ec090c7bf3453e9ff18,616159,Lee2019_MI,Q15-E007,BROAD_EEGNET,20260926,0.2221355140209198,0.7778644561767578,2
s47_2_offline_train_t044,47,2,offline_train,1,session2/s47/sess02_subj47_EEG_MI.mat,eaac59812169d83f02da8004c763191120e8bdcbde980ec090c7bf3453e9ff18,627492,Lee2019_MI,Q15-E007,BROAD_EEGNET,20260926,0.9143361449241638,0.08566386997699738,1
s47_2_offline_train_t045,47,2,offline_train,2,session2/s47/sess02_subj47_EEG_MI.mat,eaac59812169d83f02da8004c763191120e8bdcbde980ec090c7bf3453e9ff18,638275,Lee2019_MI,Q15-E007,BROAD_EEGNET,20260926,0.3864242136478424,0.6135757565498352,2
s47_2_offline_train_t046,47,2,offline_train,1,session2/s47/sess02_subj47_EEG_MI.mat,eaac59812169d83f02da8004c763191120e8bdcbde980ec090c7bf3453e9ff18,649325,Lee2019_MI,Q15-E007,BROAD_EEGNET,20260926,0.8487871885299683,0.15121281147003174,1
s47_2_offline_train_t047,47,2,offline_train,1,session2/s47/sess02_subj47_EEG_MI.mat,eaac59812169d83f02da8004c763191120e8bdcbde980ec090c7bf3453e9ff18,660275,Lee2019_MI,Q15-E007,BROAD_EEGNET,20260926,0.9418468475341797,0.058153122663497925,1
s47_2_offline_train_t048,47,2,offline_train,1,session2/s47/sess02_subj47_EEG_MI.mat,eaac59812169d83f02da8004c763191120e8bdcbde980ec090c7bf3453e9ff18,671424,Lee2019_MI,Q15-E007,BROAD_EEGNET,20260926,0.29204806685447693,0.7079519629478455,2
s47_2_offline_train_t049,47,2,offline_train,2,session2/s47/sess02_subj47_EEG_MI.mat,eaac59812169d83f02da8004c763191120e8bdcbde980ec090c7bf3453e9ff18,682657,Lee2019_MI,Q15-E007,BROAD_EEGNET,20260926,0.4269362986087799,0.5730637311935425,2
s47_2_offline_train_t050,47,2,offline_train,1,session2/s47/sess02_subj47_EEG_MI.mat,eaac59812169d83f02da8004c763191120e8bdcbde980ec090c7bf3453e9ff18,707373,Lee2019_MI,Q15-E007,BROAD_EEGNET,20260926,0.3080098628997803,0.6919901371002197,2
s47_2_offline_train_t051,47,2,offline_train,1,session2/s47/sess02_subj47_EEG_MI.mat,eaac59812169d83f02da8004c763191120e8bdcbde980ec090c7bf3453e9ff18,718240,Lee2019_MI,Q15-E007,BROAD_EEGNET,20260926,0.6840718984603882,0.3159281611442566,1
s47_2_offline_train_t052,47,2,offline_train,1,session2/s47/sess02_subj47_EEG_MI.mat,eaac59812169d83f02da8004c763191120e8bdcbde980ec090c7bf3453e9ff18,729473,Lee2019_MI,Q15-E007,BROAD_EEGNET,20260926,0.6614853739738464,0.33851465582847595,1
s47_2_offline_train_t053,47,2,offline_train,1,session2/s47/sess02_subj47_EEG_MI.mat,eaac59812169d83f02da8004c763191120e8bdcbde980ec090c7bf3453e9ff18,740723,Lee2019_MI,Q15-E007,BROAD_EEGNET,20260926,0.6852983236312866,0.31470170617103577,1
s47_2_offline_train_t054,47,2,offline_train,2,session2/s47/sess02_subj47_EEG_MI.mat,eaac59812169d83f02da8004c763191120e8bdcbde980ec090c7bf3453e9ff18,751389,Lee2019_MI,Q15-E007,BROAD_EEGNET,20260926,0.5680680274963379,0.4319319725036621,1
s47_2_offline_train_t055,47,2,offline_train,1,session2/s47/sess02_subj47_EEG_MI.mat,eaac59812169d83f02da8004c763191120e8bdcbde980ec090c7bf3453e9ff18,762072,Lee2019_MI,Q15-E007,BROAD_EEGNET,20260926,0.5263938307762146,0.473606139421463,1
s47_2_offline_train_t056,47,2,offline_train,1,session2/s47/sess02_subj47_EEG_MI.mat,eaac59812169d83f02da8004c763191120e8bdcbde980ec090c7bf3453e9ff18,773122,Lee2019_MI,Q15-E007,BROAD_EEGNET,20260926,0.747894823551178,0.2521052062511444,1
s47_2_offline_train_t057,47,2,offline_train,2,session2/s47/sess02_subj47_EEG_MI.mat,eaac59812169d83f02da8004c763191120e8bdcbde980ec090c7bf3453e9ff18,784638,Lee2019_MI,Q15-E007,BROAD_EEGNET,20260926,0.16601073741912842,0.8339892029762268,2
s47_2_offline_train_t058,47,2,offline_train,2,session2/s47/sess02_subj47_EEG_MI.mat,eaac59812169d83f02da8004c763191120e8bdcbde980ec090c7bf3453e9ff18,795505,Lee2019_MI,Q15-E007,BROAD_EEGNET,20260926,0.5117971897125244,0.4882027506828308,1
s47_2_offline_train_t059,47,2,offline_train,1,session2/s47/sess02_subj47_EEG_MI.mat,eaac59812169d83f02da8004c763191120e8bdcbde980ec090c7bf3453e9ff18,806654,Lee2019_MI,Q15-E007,BROAD_EEGNET,20260926,0.5066822171211243,0.4933178126811981,1
s47_2_offline_train_t060,47,2,offline_train,1,session2/s47/sess02_subj47_EEG_MI.mat,eaac59812169d83f02da8004c763191120e8bdcbde980ec090c7bf3453e9ff18,817437,Lee2019_MI,Q15-E007,BROAD_EEGNET,20260926,0.041524991393089294,0.9584750533103943,2
s47_2_offline_train_t061,47,2,offline_train,2,session2/s47/sess02_subj47_EEG_MI.mat,eaac59812169d83f02da8004c763191120e8bdcbde980ec090c7bf3453e9ff18,828771,Lee2019_MI,Q15-E007,BROAD_EEGNET,20260926,0.426132470369339,0.5738675594329834,2
s47_2_offline_train_t062,47,2,offline_train,2,session2/s47/sess02_subj47_EEG_MI.mat,eaac59812169d83f02da8004c763191120e8bdcbde980ec090c7bf3453e9ff18,839537,Lee2019_MI,Q15-E007,BROAD_EEGNET,20260926,0.15945175290107727,0.8405482769012451,2
s47_2_offline_train_t063,47,2,offline_train,1,session2/s47/sess02_subj47_EEG_MI.mat,eaac59812169d83f02da8004c763191120e8bdcbde980ec090c7bf3453e9ff18,850587,Lee2019_MI,Q15-E007,BROAD_EEGNET,20260926,0.18874673545360565,0.8112533092498779,2
s47_2_offline_train_t064,47,2,offline_train,2,session2/s47/sess02_subj47_EEG_MI.mat,eaac59812169d83f02da8004c763191120e8bdcbde980ec090c7bf3453e9ff18,861820,Lee2019_MI,Q15-E007,BROAD_EEGNET,20260926,0.5409649014472961,0.45903509855270386,1
s47_2_offline_train_t065,47,2,offline_train,2,session2/s47/sess02_subj47_EEG_MI.mat,eaac59812169d83f02da8004c763191120e8bdcbde980ec090c7bf3453e9ff18,873253,Lee2019_MI,Q15-E007,BROAD_EEGNET,20260926,0.4468085467815399,0.5531914234161377,2
s47_2_offline_train_t066,47,2,offline_train,2,session2/s47/sess02_subj47_EEG_MI.mat,eaac59812169d83f02da8004c763191120e8bdcbde980ec090c7bf3453e9ff18,884769,Lee2019_MI,Q15-E007,BROAD_EEGNET,20260926,0.14173540472984314,0.8582646250724792,2
s47_2_offline_train_t067,47,2,offline_train,2,session2/s47/sess02_subj47_EEG_MI.mat,eaac59812169d83f02da8004c763191120e8bdcbde980ec090c7bf3453e9ff18,895919,Lee2019_MI,Q15-E007,BROAD_EEGNET,20260926,0.18398037552833557,0.816019594669342,2
s47_2_offline_train_t068,47,2,offline_train,1,session2/s47/sess02_subj47_EEG_MI.mat,eaac59812169d83f02da8004c763191120e8bdcbde980ec090c7bf3453e9ff18,906602,Lee2019_MI,Q15-E007,BROAD_EEGNET,20260926,0.34752383828163147,0.6524761319160461,2
s47_2_offline_train_t069,47,2,offline_train,1,session2/s47/sess02_subj47_EEG_MI.mat,eaac59812169d83f02da8004c763191120e8bdcbde980ec090c7bf3453e9ff18,917268,Lee2019_MI,Q15-E007,BROAD_EEGNET,20260926,0.6070985794067383,0.3929014205932617,1
s47_2_offline_train_t070,47,2,offline_train,2,session2/s47/sess02_subj47_EEG_MI.mat,eaac59812169d83f02da8004c763191120e8bdcbde980ec090c7bf3453e9ff18,928051,Lee2019_MI,Q15-E007,BROAD_EEGNET,20260926,0.293006956577301,0.706993043422699,2
s47_2_offline_train_t071,47,2,offline_train,1,session2/s47/sess02_subj47_EEG_MI.mat,eaac59812169d83f02da8004c763191120e8bdcbde980ec090c7bf3453e9ff18,939468,Lee2019_MI,Q15-E007,BROAD_EEGNET,20260926,0.551119327545166,0.44888070225715637,1
s47_2_offline_train_t072,47,2,offline_train,2,session2/s47/sess02_subj47_EEG_MI.mat,eaac59812169d83f02da8004c763191120e8bdcbde980ec090c7bf3453e9ff18,950251,Lee2019_MI,Q15-E007,BROAD_EEGNET,20260926,0.6821672320365906,0.3178327679634094,1
s47_2_offline_train_t073,47,2,offline_train,2,session2/s47/sess02_subj47_EEG_MI.mat,eaac59812169d83f02da8004c763191120e8bdcbde980ec090c7bf3453e9ff18,961584,Lee2019_MI,Q15-E007,BROAD_EEGNET,20260926,0.3293085992336273,0.6706913709640503,2
s47_2_offline_train_t074,47,2,offline_train,2,session2/s47/sess02_subj47_EEG_MI.mat,eaac59812169d83f02da8004c763191120e8bdcbde980ec090c7bf3453e9ff18,972350,Lee2019_MI,Q15-E007,BROAD_EEGNET,20260926,0.31883862614631653,0.6811613440513611,2
s47_2_offline_train_t075,47,2,offline_train,1,session2/s47/sess02_subj47_EEG_MI.mat,eaac59812169d83f02da8004c763191120e8bdcbde980ec090c7bf3453e9ff18,983866,Lee2019_MI,Q15-E007,BROAD_EEGNET,20260926,0.6086195111274719,0.3913804590702057,1
s47_2_offline_train_t076,47,2,offline_train,2,session2/s47/sess02_subj47_EEG_MI.mat,eaac59812169d83f02da8004c763191120e8bdcbde980ec090c7bf3453e9ff18,994733,Lee2019_MI,Q15-E007,BROAD_EEGNET,20260926,0.2222520411014557,0.7777479290962219,2
s47_2_offline_train_t077,47,2,offline_train,1,session2/s47/sess02_subj47_EEG_MI.mat,eaac59812169d83f02da8004c763191120e8bdcbde980ec090c7bf3453e9ff18,1005516,Lee2019_MI,Q15-E007,BROAD_EEGNET,20260926,0.5306383371353149,0.46936169266700745,1
s47_2_offline_train_t078,47,2,offline_train,1,session2/s47/sess02_subj47_EEG_MI.mat,eaac59812169d83f02da8004c763191120e8bdcbde980ec090c7bf3453e9ff18,1016282,Lee2019_MI,Q15-E007,BROAD_EEGNET,20260926,0.18905214965343475,0.810947835445404,2
s47_2_offline_train_t079,47,2,offline_train,2,session2/s47/sess02_subj47_EEG_MI.mat,eaac59812169d83f02da8004c763191120e8bdcbde980ec090c7bf3453e9ff18,1027432,Lee2019_MI,Q15-E007,BROAD_EEGNET,20260926,0.3707527220249176,0.62924724817276,2
s47_2_offline_train_t080,47,2,offline_train,2,session2/s47/sess02_subj47_EEG_MI.mat,eaac59812169d83f02da8004c763191120e8bdcbde980ec090c7bf3453e9ff18,1038482,Lee2019_MI,Q15-E007,BROAD_EEGNET,20260926,0.08318530768156052,0.9168146848678589,2
s47_2_offline_train_t081,47,2,offline_train,2,session2/s47/sess02_subj47_EEG_MI.mat,eaac59812169d83f02da8004c763191120e8bdcbde980ec090c7bf3453e9ff18,1049348,Lee2019_MI,Q15-E007,BROAD_EEGNET,20260926,0.8880904912948608,0.11190946400165558,1
s47_2_offline_train_t082,47,2,offline_train,1,session2/s47/sess02_subj47_EEG_MI.mat,eaac59812169d83f02da8004c763191120e8bdcbde980ec090c7bf3453e9ff18,1060765,Lee2019_MI,Q15-E007,BROAD_EEGNET,20260926,0.534614622592926,0.465385377407074,1
s47_2_offline_train_t083,47,2,offline_train,2,session2/s47/sess02_subj47_EEG_MI.mat,eaac59812169d83f02da8004c763191120e8bdcbde980ec090c7bf3453e9ff18,1071914,Lee2019_MI,Q15-E007,BROAD_EEGNET,20260926,0.6735275387763977,0.3264724910259247,1
s47_2_offline_train_t084,47,2,offline_train,2,session2/s47/sess02_subj47_EEG_MI.mat,eaac59812169d83f02da8004c763191120e8bdcbde980ec090c7bf3453e9ff18,1082964,Lee2019_MI,Q15-E007,BROAD_EEGNET,20260926,0.019415229558944702,0.9805848002433777,2
s47_2_offline_train_t085,47,2,offline_train,1,session2/s47/sess02_subj47_EEG_MI.mat,eaac59812169d83f02da8004c763191120e8bdcbde980ec090c7bf3453e9ff18,1094397,Lee2019_MI,Q15-E007,BROAD_EEGNET,20260926,0.7409507036209106,0.25904932618141174,1
s47_2_offline_train_t086,47,2,offline_train,2,session2/s47/sess02_subj47_EEG_MI.mat,eaac59812169d83f02da8004c763191120e8bdcbde980ec090c7bf3453e9ff18,1105263,Lee2019_MI,Q15-E007,BROAD_EEGNET,20260926,0.2362557351589203,0.7637442350387573,2
s47_2_offline_train_t087,47,2,offline_train,1,session2/s47/sess02_subj47_EEG_MI.mat,eaac59812169d83f02da8004c763191120e8bdcbde980ec090c7bf3453e9ff18,1116596,Lee2019_MI,Q15-E007,BROAD_EEGNET,20260926,0.40335795283317566,0.596642017364502,2
s47_2_offline_train_t088,47,2,offline_train,2,session2/s47/sess02_subj47_EEG_MI.mat,eaac59812169d83f02da8004c763191120e8bdcbde980ec090c7bf3453e9ff18,1127930,Lee2019_MI,Q15-E007,BROAD_EEGNET,20260926,0.5199155211448669,0.48008447885513306,1
s47_2_offline_train_t089,47,2,offline_train,2,session2/s47/sess02_subj47_EEG_MI.mat,eaac59812169d83f02da8004c763191120e8bdcbde980ec090c7bf3453e9ff18,1138879,Lee2019_MI,Q15-E007,BROAD_EEGNET,20260926,0.14145082235336304,0.8585491180419922,2
s47_2_offline_train_t090,47,2,offline_train,2,session2/s47/sess02_subj47_EEG_MI.mat,eaac59812169d83f02da8004c763191120e8bdcbde980ec090c7bf3453e9ff18,1150029,Lee2019_MI,Q15-E007,BROAD_EEGNET,20260926,0.253883957862854,0.746116042137146,2
s47_2_offline_train_t091,47,2,offline_train,2,session2/s47/sess02_subj47_EEG_MI.mat,eaac59812169d83f02da8004c763191120e8bdcbde980ec090c7bf3453e9ff18,1160612,Lee2019_MI,Q15-E007,BROAD_EEGNET,20260926,0.3293226659297943,0.6706773042678833,2
s47_2_offline_train_t092,47,2,offline_train,2,session2/s47/sess02_subj47_EEG_MI.mat,eaac59812169d83f02da8004c763191120e8bdcbde980ec090c7bf3453e9ff18,1171212,Lee2019_MI,Q15-E007,BROAD_EEGNET,20260926,0.5478583574295044,0.4521416127681732,1
s47_2_offline_train_t093,47,2,offline_train,1,session2/s47/sess02_subj47_EEG_MI.mat,eaac59812169d83f02da8004c763191120e8bdcbde980ec090c7bf3453e9ff18,1182261,Lee2019_MI,Q15-E007,BROAD_EEGNET,20260926,0.24735286831855774,0.7526471614837646,2
s47_2_offline_train_t094,47,2,offline_train,2,session2/s47/sess02_subj47_EEG_MI.mat,eaac59812169d83f02da8004c763191120e8bdcbde980ec090c7bf3453e9ff18,1193595,Lee2019_MI,Q15-E007,BROAD_EEGNET,20260926,0.06256575882434845,0.9374342560768127,2
s47_2_offline_train_t095,47,2,offline_train,1,session2/s47/sess02_subj47_EEG_MI.mat,eaac59812169d83f02da8004c763191120e8bdcbde980ec090c7bf3453e9ff18,1205111,Lee2019_MI,Q15-E007,BROAD_EEGNET,20260926,0.7964876294136047,0.20351238548755646,1
s47_2_offline_train_t096,47,2,offline_train,1,session2/s47/sess02_subj47_EEG_MI.mat,eaac59812169d83f02da8004c763191120e8bdcbde980ec090c7bf3453e9ff18,1215777,Lee2019_MI,Q15-E007,BROAD_EEGNET,20260926,0.49690788984298706,0.5030921101570129,2
s47_2_offline_train_t097,47,2,offline_train,2,session2/s47/sess02_subj47_EEG_MI.mat,eaac59812169d83f02da8004c763191120e8bdcbde980ec090c7bf3453e9ff18,1226927,Lee2019_MI,Q15-E007,BROAD_EEGNET,20260926,0.4449218511581421,0.5550782084465027,2
s47_2_offline_train_t098,47,2,offline_train,1,session2/s47/sess02_subj47_EEG_MI.mat,eaac59812169d83f02da8004c763191120e8bdcbde980ec090c7bf3453e9ff18,1237977,Lee2019_MI,Q15-E007,BROAD_EEGNET,20260926,0.8320478796958923,0.16795210540294647,1
s47_2_offline_train_t099,47,2,offline_train,2,session2/s47/sess02_subj47_EEG_MI.mat,eaac59812169d83f02da8004c763191120e8bdcbde980ec090c7bf3453e9ff18,1248577,Lee2019_MI,Q15-E007,BROAD_EEGNET,20260926,0.5474939346313477,0.45250606536865234,1
s47_2_offline_train_t100,47,2,offline_train,2,session2/s47/sess02_subj47_EEG_MI.mat,eaac59812169d83f02da8004c763191120e8bdcbde980ec090c7bf3453e9ff18,1259443,Lee2019_MI,Q15-E007,BROAD_EEGNET,20260926,0.20289859175682068,0.7971014380455017,2
s47_1_offline_train_t001,47,1,offline_train,1,session1/s47/sess01_subj47_EEG_MI.mat,9e1e3cb79f82ec08d87c80aaa8d5929479ceccd454f25b3d3fea7115f3eb05c9,176090,Lee2019_MI,Q15-E007,MU_BETA_SHARED,20260924,0.5736479759216309,0.42635199427604675,1
s47_1_offline_train_t002,47,1,offline_train,2,session1/s47/sess01_subj47_EEG_MI.mat,9e1e3cb79f82ec08d87c80aaa8d5929479ceccd454f25b3d3fea7115f3eb05c9,187623,Lee2019_MI,Q15-E007,MU_BETA_SHARED,20260924,0.37003591656684875,0.6299640536308289,2
s47_1_offline_train_t003,47,1,offline_train,1,session1/s47/sess01_subj47_EEG_MI.mat,9e1e3cb79f82ec08d87c80aaa8d5929479ceccd454f25b3d3fea7115f3eb05c9,198308,Lee2019_MI,Q15-E007,MU_BETA_SHARED,20260924,0.4731960594654083,0.5268039703369141,2
s47_1_offline_train_t004,47,1,offline_train,1,session1/s47/sess01_subj47_EEG_MI.mat,9e1e3cb79f82ec08d87c80aaa8d5929479ceccd454f25b3d3fea7115f3eb05c9,209824,Lee2019_MI,Q15-E007,MU_BETA_SHARED,20260924,0.6416321992874146,0.35836783051490784,1
s47_1_offline_train_t005,47,1,offline_train,2,session1/s47/sess01_subj47_EEG_MI.mat,9e1e3cb79f82ec08d87c80aaa8d5929479ceccd454f25b3d3fea7115f3eb05c9,220974,Lee2019_MI,Q15-E007,MU_BETA_SHARED,20260924,0.017054282128810883,0.9829456806182861,2
s47_1_offline_train_t006,47,1,offline_train,2,session1/s47/sess01_subj47_EEG_MI.mat,9e1e3cb79f82ec08d87c80aaa8d5929479ceccd454f25b3d3fea7115f3eb05c9,231657,Lee2019_MI,Q15-E007,MU_BETA_SHARED,20260924,0.327116459608078,0.6728835701942444,2
s47_1_offline_train_t007,47,1,offline_train,1,session1/s47/sess01_subj47_EEG_MI.mat,9e1e3cb79f82ec08d87c80aaa8d5929479ceccd454f25b3d3fea7115f3eb05c9,242523,Lee2019_MI,Q15-E007,MU_BETA_SHARED,20260924,0.9150359630584717,0.08496399968862534,1
s47_1_offline_train_t008,47,1,offline_train,2,session1/s47/sess01_subj47_EEG_MI.mat,9e1e3cb79f82ec08d87c80aaa8d5929479ceccd454f25b3d3fea7115f3eb05c9,253655,Lee2019_MI,Q15-E007,MU_BETA_SHARED,20260924,0.012990339659154415,0.9870096445083618,2
s47_1_offline_train_t009,47,1,offline_train,1,session1/s47/sess01_subj47_EEG_MI.mat,9e1e3cb79f82ec08d87c80aaa8d5929479ceccd454f25b3d3fea7115f3eb05c9,265173,Lee2019_MI,Q15-E007,MU_BETA_SHARED,20260924,0.6318038105964661,0.3681962490081787,1
s47_1_offline_train_t010,47,1,offline_train,1,session1/s47/sess01_subj47_EEG_MI.mat,9e1e3cb79f82ec08d87c80aaa8d5929479ceccd454f25b3d3fea7115f3eb05c9,276689,Lee2019_MI,Q15-E007,MU_BETA_SHARED,20260924,0.3962789475917816,0.603721022605896,2
s47_1_offline_train_t011,47,1,offline_train,2,session1/s47/sess01_subj47_EEG_MI.mat,9e1e3cb79f82ec08d87c80aaa8d5929479ceccd454f25b3d3fea7115f3eb05c9,287373,Lee2019_MI,Q15-E007,MU_BETA_SHARED,20260924,0.1014271005988121,0.8985729217529297,2
s47_1_offline_train_t012,47,1,offline_train,2,session1/s47/sess01_subj47_EEG_MI.mat,9e1e3cb79f82ec08d87c80aaa8d5929479ceccd454f25b3d3fea7115f3eb05c9,298889,Lee2019_MI,Q15-E007,MU_BETA_SHARED,20260924,0.21061298251152039,0.789387047290802,2
s47_1_offline_train_t013,47,1,offline_train,1,session1/s47/sess01_subj47_EEG_MI.mat,9e1e3cb79f82ec08d87c80aaa8d5929479ceccd454f25b3d3fea7115f3eb05c9,310405,Lee2019_MI,Q15-E007,MU_BETA_SHARED,20260924,0.6896376013755798,0.31036245822906494,1
s47_1_offline_train_t014,47,1,offline_train,1,session1/s47/sess01_subj47_EEG_MI.mat,9e1e3cb79f82ec08d87c80aaa8d5929479ceccd454f25b3d3fea7115f3eb05c9,321454,Lee2019_MI,Q15-E007,MU_BETA_SHARED,20260924,0.7040784955024719,0.2959214746952057,1
s47_1_offline_train_t015,47,1,offline_train,2,session1/s47/sess01_subj47_EEG_MI.mat,9e1e3cb79f82ec08d87c80aaa8d5929479ceccd454f25b3d3fea7115f3eb05c9,332788,Lee2019_MI,Q15-E007,MU_BETA_SHARED,20260924,0.00782077107578516,0.9921791553497314,2
s47_1_offline_train_t016,47,1,offline_train,1,session1/s47/sess01_subj47_EEG_MI.mat,9e1e3cb79f82ec08d87c80aaa8d5929479ceccd454f25b3d3fea7115f3eb05c9,343471,Lee2019_MI,Q15-E007,MU_BETA_SHARED,20260924,0.5777088403701782,0.4222911596298218,1
s47_1_offline_train_t017,47,1,offline_train,1,session1/s47/sess01_subj47_EEG_MI.mat,9e1e3cb79f82ec08d87c80aaa8d5929479ceccd454f25b3d3fea7115f3eb05c9,354437,Lee2019_MI,Q15-E007,MU_BETA_SHARED,20260924,0.7909717559814453,0.20902827382087708,1
s47_1_offline_train_t018,47,1,offline_train,1,session1/s47/sess01_subj47_EEG_MI.mat,9e1e3cb79f82ec08d87c80aaa8d5929479ceccd454f25b3d3fea7115f3eb05c9,365854,Lee2019_MI,Q15-E007,MU_BETA_SHARED,20260924,0.12126908451318741,0.8787309527397156,2
s47_1_offline_train_t019,47,1,offline_train,1,session1/s47/sess01_subj47_EEG_MI.mat,9e1e3cb79f82ec08d87c80aaa8d5929479ceccd454f25b3d3fea7115f3eb05c9,377188,Lee2019_MI,Q15-E007,MU_BETA_SHARED,20260924,0.07613945752382278,0.9238606095314026,2
s47_1_offline_train_t020,47,1,offline_train,2,session1/s47/sess01_subj47_EEG_MI.mat,9e1e3cb79f82ec08d87c80aaa8d5929479ceccd454f25b3d3fea7115f3eb05c9,388704,Lee2019_MI,Q15-E007,MU_BETA_SHARED,20260924,0.07123062759637833,0.9287694096565247,2
s47_1_offline_train_t021,47,1,offline_train,2,session1/s47/sess01_subj47_EEG_MI.mat,9e1e3cb79f82ec08d87c80aaa8d5929479ceccd454f25b3d3fea7115f3eb05c9,399937,Lee2019_MI,Q15-E007,MU_BETA_SHARED,20260924,0.6196447610855103,0.38035520911216736,1
s47_1_offline_train_t022,47,1,offline_train,1,session1/s47/sess01_subj47_EEG_MI.mat,9e1e3cb79f82ec08d87c80aaa8d5929479ceccd454f25b3d3fea7115f3eb05c9,410537,Lee2019_MI,Q15-E007,MU_BETA_SHARED,20260924,0.5696481466293335,0.4303518831729889,1
s47_1_offline_train_t023,47,1,offline_train,2,session1/s47/sess01_subj47_EEG_MI.mat,9e1e3cb79f82ec08d87c80aaa8d5929479ceccd454f25b3d3fea7115f3eb05c9,421953,Lee2019_MI,Q15-E007,MU_BETA_SHARED,20260924,0.5434874892234802,0.4565125107765198,1
s47_1_offline_train_t024,47,1,offline_train,2,session1/s47/sess01_subj47_EEG_MI.mat,9e1e3cb79f82ec08d87c80aaa8d5929479ceccd454f25b3d3fea7115f3eb05c9,433470,Lee2019_MI,Q15-E007,MU_BETA_SHARED,20260924,0.20790117979049683,0.7920988202095032,2
s47_1_offline_train_t025,47,1,offline_train,2,session1/s47/sess01_subj47_EEG_MI.mat,9e1e3cb79f82ec08d87c80aaa8d5929479ceccd454f25b3d3fea7115f3eb05c9,444720,Lee2019_MI,Q15-E007,MU_BETA_SHARED,20260924,0.8150205612182617,0.18497945368289948,1
s47_1_offline_train_t026,47,1,offline_train,1,session1/s47/sess01_subj47_EEG_MI.mat,9e1e3cb79f82ec08d87c80aaa8d5929479ceccd454f25b3d3fea7115f3eb05c9,456036,Lee2019_MI,Q15-E007,MU_BETA_SHARED,20260924,0.6790751814842224,0.3209248483181,1
s47_1_offline_train_t027,47,1,offline_train,2,session1/s47/sess01_subj47_EEG_MI.mat,9e1e3cb79f82ec08d87c80aaa8d5929479ceccd454f25b3d3fea7115f3eb05c9,467286,Lee2019_MI,Q15-E007,MU_BETA_SHARED,20260924,0.09284639358520508,0.9071536064147949,2
s47_1_offline_train_t028,47,1,offline_train,1,session1/s47/sess01_subj47_EEG_MI.mat,9e1e3cb79f82ec08d87c80aaa8d5929479ceccd454f25b3d3fea7115f3eb05c9,478236,Lee2019_MI,Q15-E007,MU_BETA_SHARED,20260924,0.8270440101623535,0.17295604944229126,1
s47_1_offline_train_t029,47,1,offline_train,1,session1/s47/sess01_subj47_EEG_MI.mat,9e1e3cb79f82ec08d87c80aaa8d5929479ceccd454f25b3d3fea7115f3eb05c9,489484,Lee2019_MI,Q15-E007,MU_BETA_SHARED,20260924,0.29468005895614624,0.705319881439209,2
s47_1_offline_train_t030,47,1,offline_train,2,session1/s47/sess01_subj47_EEG_MI.mat,9e1e3cb79f82ec08d87c80aaa8d5929479ceccd454f25b3d3fea7115f3eb05c9,500252,Lee2019_MI,Q15-E007,MU_BETA_SHARED,20260924,0.022527581080794334,0.9774724841117859,2
s47_1_offline_train_t031,47,1,offline_train,1,session1/s47/sess01_subj47_EEG_MI.mat,9e1e3cb79f82ec08d87c80aaa8d5929479ceccd454f25b3d3fea7115f3eb05c9,511485,Lee2019_MI,Q15-E007,MU_BETA_SHARED,20260924,0.1324554681777954,0.8675445318222046,2
s47_1_offline_train_t032,47,1,offline_train,2,session1/s47/sess01_subj47_EEG_MI.mat,9e1e3cb79f82ec08d87c80aaa8d5929479ceccd454f25b3d3fea7115f3eb05c9,522085,Lee2019_MI,Q15-E007,MU_BETA_SHARED,20260924,0.4980134069919586,0.501986563205719,2
s47_1_offline_train_t033,47,1,offline_train,1,session1/s47/sess01_subj47_EEG_MI.mat,9e1e3cb79f82ec08d87c80aaa8d5929479ceccd454f25b3d3fea7115f3eb05c9,532951,Lee2019_MI,Q15-E007,MU_BETA_SHARED,20260924,0.17054402828216553,0.8294560313224792,2
s47_1_offline_train_t034,47,1,offline_train,2,session1/s47/sess01_subj47_EEG_MI.mat,9e1e3cb79f82ec08d87c80aaa8d5929479ceccd454f25b3d3fea7115f3eb05c9,543535,Lee2019_MI,Q15-E007,MU_BETA_SHARED,20260924,0.0973881334066391,0.9026117920875549,2
s47_1_offline_train_t035,47,1,offline_train,2,session1/s47/sess01_subj47_EEG_MI.mat,9e1e3cb79f82ec08d87c80aaa8d5929479ceccd454f25b3d3fea7115f3eb05c9,554218,Lee2019_MI,Q15-E007,MU_BETA_SHARED,20260924,0.07246328890323639,0.9275367259979248,2
s47_1_offline_train_t036,47,1,offline_train,1,session1/s47/sess01_subj47_EEG_MI.mat,9e1e3cb79f82ec08d87c80aaa8d5929479ceccd454f25b3d3fea7115f3eb05c9,565551,Lee2019_MI,Q15-E007,MU_BETA_SHARED,20260924,0.7396948933601379,0.26030510663986206,1
s47_1_offline_train_t037,47,1,offline_train,1,session1/s47/sess01_subj47_EEG_MI.mat,9e1e3cb79f82ec08d87c80aaa8d5929479ceccd454f25b3d3fea7115f3eb05c9,576784,Lee2019_MI,Q15-E007,MU_BETA_SHARED,20260924,0.19082379341125488,0.8091762661933899,2
s47_1_offline_train_t038,47,1,offline_train,2,session1/s47/sess01_subj47_EEG_MI.mat,9e1e3cb79f82ec08d87c80aaa8d5929479ceccd454f25b3d3fea7115f3eb05c9,587650,Lee2019_MI,Q15-E007,MU_BETA_SHARED,20260924,0.012066664174199104,0.987933337688446,2
s47_1_offline_train_t039,47,1,offline_train,1,session1/s47/sess01_subj47_EEG_MI.mat,9e1e3cb79f82ec08d87c80aaa8d5929479ceccd454f25b3d3fea7115f3eb05c9,599167,Lee2019_MI,Q15-E007,MU_BETA_SHARED,20260924,0.12288381159305573,0.8771162033081055,2
s47_1_offline_train_t040,47,1,offline_train,1,session1/s47/sess01_subj47_EEG_MI.mat,9e1e3cb79f82ec08d87c80aaa8d5929479ceccd454f25b3d3fea7115f3eb05c9,609750,Lee2019_MI,Q15-E007,MU_BETA_SHARED,20260924,0.12039252370595932,0.8796074986457825,2
s47_1_offline_train_t041,47,1,offline_train,1,session1/s47/sess01_subj47_EEG_MI.mat,9e1e3cb79f82ec08d87c80aaa8d5929479ceccd454f25b3d3fea7115f3eb05c9,620716,Lee2019_MI,Q15-E007,MU_BETA_SHARED,20260924,0.614677369594574,0.38532257080078125,1
s47_1_offline_train_t042,47,1,offline_train,1,session1/s47/sess01_subj47_EEG_MI.mat,9e1e3cb79f82ec08d87c80aaa8d5929479ceccd454f25b3d3fea7115f3eb05c9,631683,Lee2019_MI,Q15-E007,MU_BETA_SHARED,20260924,0.7921857237815857,0.2078143060207367,1
s47_1_offline_train_t043,47,1,offline_train,2,session1/s47/sess01_subj47_EEG_MI.mat,9e1e3cb79f82ec08d87c80aaa8d5929479ceccd454f25b3d3fea7115f3eb05c9,642999,Lee2019_MI,Q15-E007,MU_BETA_SHARED,20260924,0.08654604852199554,0.913453996181488,2
s47_1_offline_train_t044,47,1,offline_train,1,session1/s47/sess01_subj47_EEG_MI.mat,9e1e3cb79f82ec08d87c80aaa8d5929479ceccd454f25b3d3fea7115f3eb05c9,654333,Lee2019_MI,Q15-E007,MU_BETA_SHARED,20260924,0.8918304443359375,0.1081695407629013,1
s47_1_offline_train_t045,47,1,offline_train,2,session1/s47/sess01_subj47_EEG_MI.mat,9e1e3cb79f82ec08d87c80aaa8d5929479ceccd454f25b3d3fea7115f3eb05c9,665116,Lee2019_MI,Q15-E007,MU_BETA_SHARED,20260924,0.43605872988700867,0.563941240310669,2
s47_1_offline_train_t046,47,1,offline_train,1,session1/s47/sess01_subj47_EEG_MI.mat,9e1e3cb79f82ec08d87c80aaa8d5929479ceccd454f25b3d3fea7115f3eb05c9,676165,Lee2019_MI,Q15-E007,MU_BETA_SHARED,20260924,0.3456019163131714,0.6543981432914734,2
s47_1_offline_train_t047,47,1,offline_train,1,session1/s47/sess01_subj47_EEG_MI.mat,9e1e3cb79f82ec08d87c80aaa8d5929479ceccd454f25b3d3fea7115f3eb05c9,687132,Lee2019_MI,Q15-E007,MU_BETA_SHARED,20260924,0.458339661359787,0.5416603088378906,2
s47_1_offline_train_t048,47,1,offline_train,1,session1/s47/sess01_subj47_EEG_MI.mat,9e1e3cb79f82ec08d87c80aaa8d5929479ceccd454f25b3d3fea7115f3eb05c9,698365,Lee2019_MI,Q15-E007,MU_BETA_SHARED,20260924,0.36150142550468445,0.6384985446929932,2
s47_1_offline_train_t049,47,1,offline_train,2,session1/s47/sess01_subj47_EEG_MI.mat,9e1e3cb79f82ec08d87c80aaa8d5929479ceccd454f25b3d3fea7115f3eb05c9,709598,Lee2019_MI,Q15-E007,MU_BETA_SHARED,20260924,0.08616698533296585,0.9138330221176147,2
s47_1_offline_train_t050,47,1,offline_train,1,session1/s47/sess01_subj47_EEG_MI.mat,9e1e3cb79f82ec08d87c80aaa8d5929479ceccd454f25b3d3fea7115f3eb05c9,732448,Lee2019_MI,Q15-E007,MU_BETA_SHARED,20260924,0.31471696496009827,0.6852830648422241,2
s47_1_offline_train_t051,47,1,offline_train,1,session1/s47/sess01_subj47_EEG_MI.mat,9e1e3cb79f82ec08d87c80aaa8d5929479ceccd454f25b3d3fea7115f3eb05c9,743314,Lee2019_MI,Q15-E007,MU_BETA_SHARED,20260924,0.1264113187789917,0.8735886812210083,2
s47_1_offline_train_t052,47,1,offline_train,1,session1/s47/sess01_subj47_EEG_MI.mat,9e1e3cb79f82ec08d87c80aaa8d5929479ceccd454f25b3d3fea7115f3eb05c9,754547,Lee2019_MI,Q15-E007,MU_BETA_SHARED,20260924,0.32554730772972107,0.6744527220726013,2
s47_1_offline_train_t053,47,1,offline_train,1,session1/s47/sess01_subj47_EEG_MI.mat,9e1e3cb79f82ec08d87c80aaa8d5929479ceccd454f25b3d3fea7115f3eb05c9,765797,Lee2019_MI,Q15-E007,MU_BETA_SHARED,20260924,0.3794829547405243,0.6205170750617981,2
s47_1_offline_train_t054,47,1,offline_train,2,session1/s47/sess01_subj47_EEG_MI.mat,9e1e3cb79f82ec08d87c80aaa8d5929479ceccd454f25b3d3fea7115f3eb05c9,776480,Lee2019_MI,Q15-E007,MU_BETA_SHARED,20260924,0.17987358570098877,0.8201264142990112,2
s47_1_offline_train_t055,47,1,offline_train,1,session1/s47/sess01_subj47_EEG_MI.mat,9e1e3cb79f82ec08d87c80aaa8d5929479ceccd454f25b3d3fea7115f3eb05c9,787146,Lee2019_MI,Q15-E007,MU_BETA_SHARED,20260924,0.8507904410362244,0.1492096334695816,1
s47_1_offline_train_t056,47,1,offline_train,1,session1/s47/sess01_subj47_EEG_MI.mat,9e1e3cb79f82ec08d87c80aaa8d5929479ceccd454f25b3d3fea7115f3eb05c9,798213,Lee2019_MI,Q15-E007,MU_BETA_SHARED,20260924,0.719393253326416,0.2806067168712616,1
s47_1_offline_train_t057,47,1,offline_train,2,session1/s47/sess01_subj47_EEG_MI.mat,9e1e3cb79f82ec08d87c80aaa8d5929479ceccd454f25b3d3fea7115f3eb05c9,809730,Lee2019_MI,Q15-E007,MU_BETA_SHARED,20260924,0.027492154389619827,0.972507894039154,2
s47_1_offline_train_t058,47,1,offline_train,2,session1/s47/sess01_subj47_EEG_MI.mat,9e1e3cb79f82ec08d87c80aaa8d5929479ceccd454f25b3d3fea7115f3eb05c9,820596,Lee2019_MI,Q15-E007,MU_BETA_SHARED,20260924,0.1832473874092102,0.8167526125907898,2
s47_1_offline_train_t059,47,1,offline_train,1,session1/s47/sess01_subj47_EEG_MI.mat,9e1e3cb79f82ec08d87c80aaa8d5929479ceccd454f25b3d3fea7115f3eb05c9,831729,Lee2019_MI,Q15-E007,MU_BETA_SHARED,20260924,0.06527668982744217,0.9347233176231384,2
s47_1_offline_train_t060,47,1,offline_train,1,session1/s47/sess01_subj47_EEG_MI.mat,9e1e3cb79f82ec08d87c80aaa8d5929479ceccd454f25b3d3fea7115f3eb05c9,842512,Lee2019_MI,Q15-E007,MU_BETA_SHARED,20260924,0.17718243598937988,0.8228175640106201,2
s47_1_offline_train_t061,47,1,offline_train,2,session1/s47/sess01_subj47_EEG_MI.mat,9e1e3cb79f82ec08d87c80aaa8d5929479ceccd454f25b3d3fea7115f3eb05c9,853845,Lee2019_MI,Q15-E007,MU_BETA_SHARED,20260924,0.32334476709365845,0.6766551733016968,2
s47_1_offline_train_t062,47,1,offline_train,2,session1/s47/sess01_subj47_EEG_MI.mat,9e1e3cb79f82ec08d87c80aaa8d5929479ceccd454f25b3d3fea7115f3eb05c9,864612,Lee2019_MI,Q15-E007,MU_BETA_SHARED,20260924,0.8437219262123108,0.1562781035900116,1
s47_1_offline_train_t063,47,1,offline_train,1,session1/s47/sess01_subj47_EEG_MI.mat,9e1e3cb79f82ec08d87c80aaa8d5929479ceccd454f25b3d3fea7115f3eb05c9,875662,Lee2019_MI,Q15-E007,MU_BETA_SHARED,20260924,0.15389308333396912,0.8461069464683533,2
s47_1_offline_train_t064,47,1,offline_train,2,session1/s47/sess01_subj47_EEG_MI.mat,9e1e3cb79f82ec08d87c80aaa8d5929479ceccd454f25b3d3fea7115f3eb05c9,886911,Lee2019_MI,Q15-E007,MU_BETA_SHARED,20260924,0.12438943982124329,0.8756105303764343,2
s47_1_offline_train_t065,47,1,offline_train,2,session1/s47/sess01_subj47_EEG_MI.mat,9e1e3cb79f82ec08d87c80aaa8d5929479ceccd454f25b3d3fea7115f3eb05c9,898328,Lee2019_MI,Q15-E007,MU_BETA_SHARED,20260924,0.0188242569565773,0.9811757206916809,2
s47_1_offline_train_t066,47,1,offline_train,2,session1/s47/sess01_subj47_EEG_MI.mat,9e1e3cb79f82ec08d87c80aaa8d5929479ceccd454f25b3d3fea7115f3eb05c9,909844,Lee2019_MI,Q15-E007,MU_BETA_SHARED,20260924,0.7626485824584961,0.2373514622449875,1
s47_1_offline_train_t067,47,1,offline_train,2,session1/s47/sess01_subj47_EEG_MI.mat,9e1e3cb79f82ec08d87c80aaa8d5929479ceccd454f25b3d3fea7115f3eb05c9,920994,Lee2019_MI,Q15-E007,MU_BETA_SHARED,20260924,0.8683154582977295,0.13168451189994812,1
s47_1_offline_train_t068,47,1,offline_train,1,session1/s47/sess01_subj47_EEG_MI.mat,9e1e3cb79f82ec08d87c80aaa8d5929479ceccd454f25b3d3fea7115f3eb05c9,931677,Lee2019_MI,Q15-E007,MU_BETA_SHARED,20260924,0.09688105434179306,0.9031189680099487,2
s47_1_offline_train_t069,47,1,offline_train,1,session1/s47/sess01_subj47_EEG_MI.mat,9e1e3cb79f82ec08d87c80aaa8d5929479ceccd454f25b3d3fea7115f3eb05c9,942360,Lee2019_MI,Q15-E007,MU_BETA_SHARED,20260924,0.1671096235513687,0.8328903913497925,2
s47_1_offline_train_t070,47,1,offline_train,2,session1/s47/sess01_subj47_EEG_MI.mat,9e1e3cb79f82ec08d87c80aaa8d5929479ceccd454f25b3d3fea7115f3eb05c9,953127,Lee2019_MI,Q15-E007,MU_BETA_SHARED,20260924,0.11756511777639389,0.8824349045753479,2
s47_1_offline_train_t071,47,1,offline_train,1,session1/s47/sess01_subj47_EEG_MI.mat,9e1e3cb79f82ec08d87c80aaa8d5929479ceccd454f25b3d3fea7115f3eb05c9,964543,Lee2019_MI,Q15-E007,MU_BETA_SHARED,20260924,0.921830952167511,0.07816911488771439,1
s47_1_offline_train_t072,47,1,offline_train,2,session1/s47/sess01_subj47_EEG_MI.mat,9e1e3cb79f82ec08d87c80aaa8d5929479ceccd454f25b3d3fea7115f3eb05c9,975326,Lee2019_MI,Q15-E007,MU_BETA_SHARED,20260924,0.06625644862651825,0.9337435364723206,2
s47_1_offline_train_t073,47,1,offline_train,2,session1/s47/sess01_subj47_EEG_MI.mat,9e1e3cb79f82ec08d87c80aaa8d5929479ceccd454f25b3d3fea7115f3eb05c9,986659,Lee2019_MI,Q15-E007,MU_BETA_SHARED,20260924,0.15314100682735443,0.8468590378761292,2
s47_1_offline_train_t074,47,1,offline_train,2,session1/s47/sess01_subj47_EEG_MI.mat,9e1e3cb79f82ec08d87c80aaa8d5929479ceccd454f25b3d3fea7115f3eb05c9,997426,Lee2019_MI,Q15-E007,MU_BETA_SHARED,20260924,0.1134175956249237,0.8865824341773987,2
s47_1_offline_train_t075,47,1,offline_train,1,session1/s47/sess01_subj47_EEG_MI.mat,9e1e3cb79f82ec08d87c80aaa8d5929479ceccd454f25b3d3fea7115f3eb05c9,1008942,Lee2019_MI,Q15-E007,MU_BETA_SHARED,20260924,0.6427196264266968,0.3572803735733032,1
s47_1_offline_train_t076,47,1,offline_train,2,session1/s47/sess01_subj47_EEG_MI.mat,9e1e3cb79f82ec08d87c80aaa8d5929479ceccd454f25b3d3fea7115f3eb05c9,1019809,Lee2019_MI,Q15-E007,MU_BETA_SHARED,20260924,0.07530500739812851,0.9246949553489685,2
s47_1_offline_train_t077,47,1,offline_train,1,session1/s47/sess01_subj47_EEG_MI.mat,9e1e3cb79f82ec08d87c80aaa8d5929479ceccd454f25b3d3fea7115f3eb05c9,1030592,Lee2019_MI,Q15-E007,MU_BETA_SHARED,20260924,0.6087309122085571,0.3912690281867981,1
s47_1_offline_train_t078,47,1,offline_train,1,session1/s47/sess01_subj47_EEG_MI.mat,9e1e3cb79f82ec08d87c80aaa8d5929479ceccd454f25b3d3fea7115f3eb05c9,1041358,Lee2019_MI,Q15-E007,MU_BETA_SHARED,20260924,0.3796211779117584,0.620378851890564,2
s47_1_offline_train_t079,47,1,offline_train,2,session1/s47/sess01_subj47_EEG_MI.mat,9e1e3cb79f82ec08d87c80aaa8d5929479ceccd454f25b3d3fea7115f3eb05c9,1052508,Lee2019_MI,Q15-E007,MU_BETA_SHARED,20260924,0.15941980481147766,0.8405802249908447,2
s47_1_offline_train_t080,47,1,offline_train,2,session1/s47/sess01_subj47_EEG_MI.mat,9e1e3cb79f82ec08d87c80aaa8d5929479ceccd454f25b3d3fea7115f3eb05c9,1063558,Lee2019_MI,Q15-E007,MU_BETA_SHARED,20260924,0.036019135266542435,0.9639809131622314,2
s47_1_offline_train_t081,47,1,offline_train,2,session1/s47/sess01_subj47_EEG_MI.mat,9e1e3cb79f82ec08d87c80aaa8d5929479ceccd454f25b3d3fea7115f3eb05c9,1074424,Lee2019_MI,Q15-E007,MU_BETA_SHARED,20260924,0.05880679190158844,0.941193163394928,2
s47_1_offline_train_t082,47,1,offline_train,1,session1/s47/sess01_subj47_EEG_MI.mat,9e1e3cb79f82ec08d87c80aaa8d5929479ceccd454f25b3d3fea7115f3eb05c9,1085858,Lee2019_MI,Q15-E007,MU_BETA_SHARED,20260924,0.1607683002948761,0.8392317295074463,2
s47_1_offline_train_t083,47,1,offline_train,2,session1/s47/sess01_subj47_EEG_MI.mat,9e1e3cb79f82ec08d87c80aaa8d5929479ceccd454f25b3d3fea7115f3eb05c9,1096991,Lee2019_MI,Q15-E007,MU_BETA_SHARED,20260924,0.014852461405098438,0.9851475358009338,2
s47_1_offline_train_t084,47,1,offline_train,2,session1/s47/sess01_subj47_EEG_MI.mat,9e1e3cb79f82ec08d87c80aaa8d5929479ceccd454f25b3d3fea7115f3eb05c9,1108141,Lee2019_MI,Q15-E007,MU_BETA_SHARED,20260924,0.46540796756744385,0.5345919728279114,2
s47_1_offline_train_t085,47,1,offline_train,1,session1/s47/sess01_subj47_EEG_MI.mat,9e1e3cb79f82ec08d87c80aaa8d5929479ceccd454f25b3d3fea7115f3eb05c9,1119557,Lee2019_MI,Q15-E007,MU_BETA_SHARED,20260924,0.3171841502189636,0.6828157901763916,2
s47_1_offline_train_t086,47,1,offline_train,2,session1/s47/sess01_subj47_EEG_MI.mat,9e1e3cb79f82ec08d87c80aaa8d5929479ceccd454f25b3d3fea7115f3eb05c9,1130423,Lee2019_MI,Q15-E007,MU_BETA_SHARED,20260924,0.24015772342681885,0.7598422765731812,2
s47_1_offline_train_t087,47,1,offline_train,1,session1/s47/sess01_subj47_EEG_MI.mat,9e1e3cb79f82ec08d87c80aaa8d5929479ceccd454f25b3d3fea7115f3eb05c9,1141756,Lee2019_MI,Q15-E007,MU_BETA_SHARED,20260924,0.5710554122924805,0.42894452810287476,1
s47_1_offline_train_t088,47,1,offline_train,2,session1/s47/sess01_subj47_EEG_MI.mat,9e1e3cb79f82ec08d87c80aaa8d5929479ceccd454f25b3d3fea7115f3eb05c9,1153090,Lee2019_MI,Q15-E007,MU_BETA_SHARED,20260924,0.11629921197891235,0.8837007284164429,2
s47_1_offline_train_t089,47,1,offline_train,2,session1/s47/sess01_subj47_EEG_MI.mat,9e1e3cb79f82ec08d87c80aaa8d5929479ceccd454f25b3d3fea7115f3eb05c9,1164056,Lee2019_MI,Q15-E007,MU_BETA_SHARED,20260924,0.6661478877067566,0.3338521122932434,1
s47_1_offline_train_t090,47,1,offline_train,2,session1/s47/sess01_subj47_EEG_MI.mat,9e1e3cb79f82ec08d87c80aaa8d5929479ceccd454f25b3d3fea7115f3eb05c9,1175206,Lee2019_MI,Q15-E007,MU_BETA_SHARED,20260924,0.03796927630901337,0.9620307683944702,2
s47_1_offline_train_t091,47,1,offline_train,2,session1/s47/sess01_subj47_EEG_MI.mat,9e1e3cb79f82ec08d87c80aaa8d5929479ceccd454f25b3d3fea7115f3eb05c9,1185789,Lee2019_MI,Q15-E007,MU_BETA_SHARED,20260924,0.4476354420185089,0.5523645281791687,2
s47_1_offline_train_t092,47,1,offline_train,2,session1/s47/sess01_subj47_EEG_MI.mat,9e1e3cb79f82ec08d87c80aaa8d5929479ceccd454f25b3d3fea7115f3eb05c9,1196372,Lee2019_MI,Q15-E007,MU_BETA_SHARED,20260924,0.18213585019111633,0.817864179611206,2
s47_1_offline_train_t093,47,1,offline_train,1,session1/s47/sess01_subj47_EEG_MI.mat,9e1e3cb79f82ec08d87c80aaa8d5929479ceccd454f25b3d3fea7115f3eb05c9,1207422,Lee2019_MI,Q15-E007,MU_BETA_SHARED,20260924,0.6010296940803528,0.3989703059196472,1
s47_1_offline_train_t094,47,1,offline_train,2,session1/s47/sess01_subj47_EEG_MI.mat,9e1e3cb79f82ec08d87c80aaa8d5929479ceccd454f25b3d3fea7115f3eb05c9,1218755,Lee2019_MI,Q15-E007,MU_BETA_SHARED,20260924,0.24388772249221802,0.756112277507782,2
s47_1_offline_train_t095,47,1,offline_train,1,session1/s47/sess01_subj47_EEG_MI.mat,9e1e3cb79f82ec08d87c80aaa8d5929479ceccd454f25b3d3fea7115f3eb05c9,1230271,Lee2019_MI,Q15-E007,MU_BETA_SHARED,20260924,0.18201014399528503,0.8179898858070374,2
s47_1_offline_train_t096,47,1,offline_train,1,session1/s47/sess01_subj47_EEG_MI.mat,9e1e3cb79f82ec08d87c80aaa8d5929479ceccd454f25b3d3fea7115f3eb05c9,1240954,Lee2019_MI,Q15-E007,MU_BETA_SHARED,20260924,0.45732563734054565,0.5426743626594543,2
s47_1_offline_train_t097,47,1,offline_train,2,session1/s47/sess01_subj47_EEG_MI.mat,9e1e3cb79f82ec08d87c80aaa8d5929479ceccd454f25b3d3fea7115f3eb05c9,1252104,Lee2019_MI,Q15-E007,MU_BETA_SHARED,20260924,0.6089835166931152,0.39101651310920715,1
s47_1_offline_train_t098,47,1,offline_train,1,session1/s47/sess01_subj47_EEG_MI.mat,9e1e3cb79f82ec08d87c80aaa8d5929479ceccd454f25b3d3fea7115f3eb05c9,1263154,Lee2019_MI,Q15-E007,MU_BETA_SHARED,20260924,0.2798369824886322,0.7201630473136902,2
s47_1_offline_train_t099,47,1,offline_train,2,session1/s47/sess01_subj47_EEG_MI.mat,9e1e3cb79f82ec08d87c80aaa8d5929479ceccd454f25b3d3fea7115f3eb05c9,1273738,Lee2019_MI,Q15-E007,MU_BETA_SHARED,20260924,0.9127187132835388,0.08728128671646118,1
s47_1_offline_train_t100,47,1,offline_train,2,session1/s47/sess01_subj47_EEG_MI.mat,9e1e3cb79f82ec08d87c80aaa8d5929479ceccd454f25b3d3fea7115f3eb05c9,1284604,Lee2019_MI,Q15-E007,MU_BETA_SHARED,20260924,0.47520288825035095,0.5247971415519714,2
s47_2_offline_train_t001,47,2,offline_train,1,session2/s47/sess02_subj47_EEG_MI.mat,eaac59812169d83f02da8004c763191120e8bdcbde980ec090c7bf3453e9ff18,149252,Lee2019_MI,Q15-E007,MU_BETA_SHARED,20260924,0.3801691234111786,0.6198309063911438,2
s47_2_offline_train_t002,47,2,offline_train,2,session2/s47/sess02_subj47_EEG_MI.mat,eaac59812169d83f02da8004c763191120e8bdcbde980ec090c7bf3453e9ff18,160787,Lee2019_MI,Q15-E007,MU_BETA_SHARED,20260924,0.26211580634117126,0.7378842234611511,2
s47_2_offline_train_t003,47,2,offline_train,1,session2/s47/sess02_subj47_EEG_MI.mat,eaac59812169d83f02da8004c763191120e8bdcbde980ec090c7bf3453e9ff18,171470,Lee2019_MI,Q15-E007,MU_BETA_SHARED,20260924,0.7900052666664124,0.20999468863010406,1
s47_2_offline_train_t004,47,2,offline_train,1,session2/s47/sess02_subj47_EEG_MI.mat,eaac59812169d83f02da8004c763191120e8bdcbde980ec090c7bf3453e9ff18,182986,Lee2019_MI,Q15-E007,MU_BETA_SHARED,20260924,0.5055676698684692,0.49443235993385315,1
s47_2_offline_train_t005,47,2,offline_train,2,session2/s47/sess02_subj47_EEG_MI.mat,eaac59812169d83f02da8004c763191120e8bdcbde980ec090c7bf3453e9ff18,194118,Lee2019_MI,Q15-E007,MU_BETA_SHARED,20260924,0.46388137340545654,0.5361185669898987,2
s47_2_offline_train_t006,47,2,offline_train,2,session2/s47/sess02_subj47_EEG_MI.mat,eaac59812169d83f02da8004c763191120e8bdcbde980ec090c7bf3453e9ff18,204802,Lee2019_MI,Q15-E007,MU_BETA_SHARED,20260924,0.5944863557815552,0.4055136442184448,1
s47_2_offline_train_t007,47,2,offline_train,1,session2/s47/sess02_subj47_EEG_MI.mat,eaac59812169d83f02da8004c763191120e8bdcbde980ec090c7bf3453e9ff18,215669,Lee2019_MI,Q15-E007,MU_BETA_SHARED,20260924,0.5941816568374634,0.40581831336021423,1
s47_2_offline_train_t008,47,2,offline_train,2,session2/s47/sess02_subj47_EEG_MI.mat,eaac59812169d83f02da8004c763191120e8bdcbde980ec090c7bf3453e9ff18,226735,Lee2019_MI,Q15-E007,MU_BETA_SHARED,20260924,0.1649092584848404,0.8350907564163208,2
s47_2_offline_train_t009,47,2,offline_train,1,session2/s47/sess02_subj47_EEG_MI.mat,eaac59812169d83f02da8004c763191120e8bdcbde980ec090c7bf3453e9ff18,238252,Lee2019_MI,Q15-E007,MU_BETA_SHARED,20260924,0.2573937177658081,0.7426062822341919,2
s47_2_offline_train_t010,47,2,offline_train,1,session2/s47/sess02_subj47_EEG_MI.mat,eaac59812169d83f02da8004c763191120e8bdcbde980ec090c7bf3453e9ff18,249768,Lee2019_MI,Q15-E007,MU_BETA_SHARED,20260924,0.6601687073707581,0.33983132243156433,1
s47_2_offline_train_t011,47,2,offline_train,2,session2/s47/sess02_subj47_EEG_MI.mat,eaac59812169d83f02da8004c763191120e8bdcbde980ec090c7bf3453e9ff18,260434,Lee2019_MI,Q15-E007,MU_BETA_SHARED,20260924,0.16475947201251984,0.8352405428886414,2
s47_2_offline_train_t012,47,2,offline_train,2,session2/s47/sess02_subj47_EEG_MI.mat,eaac59812169d83f02da8004c763191120e8bdcbde980ec090c7bf3453e9ff18,271968,Lee2019_MI,Q15-E007,MU_BETA_SHARED,20260924,0.11760228872299194,0.8823977112770081,2
s47_2_offline_train_t013,47,2,offline_train,1,session2/s47/sess02_subj47_EEG_MI.mat,eaac59812169d83f02da8004c763191120e8bdcbde980ec090c7bf3453e9ff18,283484,Lee2019_MI,Q15-E007,MU_BETA_SHARED,20260924,0.6089770197868347,0.3910229802131653,1
s47_2_offline_train_t014,47,2,offline_train,1,session2/s47/sess02_subj47_EEG_MI.mat,eaac59812169d83f02da8004c763191120e8bdcbde980ec090c7bf3453e9ff18,294534,Lee2019_MI,Q15-E007,MU_BETA_SHARED,20260924,0.9828197360038757,0.017180325463414192,1
s47_2_offline_train_t015,47,2,offline_train,2,session2/s47/sess02_subj47_EEG_MI.mat,eaac59812169d83f02da8004c763191120e8bdcbde980ec090c7bf3453e9ff18,305867,Lee2019_MI,Q15-E007,MU_BETA_SHARED,20260924,0.21230892837047577,0.7876911163330078,2
s47_2_offline_train_t016,47,2,offline_train,1,session2/s47/sess02_subj47_EEG_MI.mat,eaac59812169d83f02da8004c763191120e8bdcbde980ec090c7bf3453e9ff18,316533,Lee2019_MI,Q15-E007,MU_BETA_SHARED,20260924,0.8447478413581848,0.15525215864181519,1
s47_2_offline_train_t017,47,2,offline_train,1,session2/s47/sess02_subj47_EEG_MI.mat,eaac59812169d83f02da8004c763191120e8bdcbde980ec090c7bf3453e9ff18,327500,Lee2019_MI,Q15-E007,MU_BETA_SHARED,20260924,0.2656101584434509,0.7343899011611938,2
s47_2_offline_train_t018,47,2,offline_train,1,session2/s47/sess02_subj47_EEG_MI.mat,eaac59812169d83f02da8004c763191120e8bdcbde980ec090c7bf3453e9ff18,339016,Lee2019_MI,Q15-E007,MU_BETA_SHARED,20260924,0.6788871884346008,0.32111281156539917,1
s47_2_offline_train_t019,47,2,offline_train,1,session2/s47/sess02_subj47_EEG_MI.mat,eaac59812169d83f02da8004c763191120e8bdcbde980ec090c7bf3453e9ff18,350349,Lee2019_MI,Q15-E007,MU_BETA_SHARED,20260924,0.5399519205093384,0.46004801988601685,1
s47_2_offline_train_t020,47,2,offline_train,2,session2/s47/sess02_subj47_EEG_MI.mat,eaac59812169d83f02da8004c763191120e8bdcbde980ec090c7bf3453e9ff18,361865,Lee2019_MI,Q15-E007,MU_BETA_SHARED,20260924,0.11044293642044067,0.8895570039749146,2
s47_2_offline_train_t021,47,2,offline_train,2,session2/s47/sess02_subj47_EEG_MI.mat,eaac59812169d83f02da8004c763191120e8bdcbde980ec090c7bf3453e9ff18,373098,Lee2019_MI,Q15-E007,MU_BETA_SHARED,20260924,0.2242821902036667,0.7757178544998169,2
s47_2_offline_train_t022,47,2,offline_train,1,session2/s47/sess02_subj47_EEG_MI.mat,eaac59812169d83f02da8004c763191120e8bdcbde980ec090c7bf3453e9ff18,383698,Lee2019_MI,Q15-E007,MU_BETA_SHARED,20260924,0.9061176776885986,0.09388236701488495,1
s47_2_offline_train_t023,47,2,offline_train,2,session2/s47/sess02_subj47_EEG_MI.mat,eaac59812169d83f02da8004c763191120e8bdcbde980ec090c7bf3453e9ff18,395114,Lee2019_MI,Q15-E007,MU_BETA_SHARED,20260924,0.7295197248458862,0.27048030495643616,1
s47_2_offline_train_t024,47,2,offline_train,2,session2/s47/sess02_subj47_EEG_MI.mat,eaac59812169d83f02da8004c763191120e8bdcbde980ec090c7bf3453e9ff18,406631,Lee2019_MI,Q15-E007,MU_BETA_SHARED,20260924,0.10476243495941162,0.8952375650405884,2
s47_2_offline_train_t025,47,2,offline_train,2,session2/s47/sess02_subj47_EEG_MI.mat,eaac59812169d83f02da8004c763191120e8bdcbde980ec090c7bf3453e9ff18,417864,Lee2019_MI,Q15-E007,MU_BETA_SHARED,20260924,0.5141311883926392,0.48586881160736084,1
s47_2_offline_train_t026,47,2,offline_train,1,session2/s47/sess02_subj47_EEG_MI.mat,eaac59812169d83f02da8004c763191120e8bdcbde980ec090c7bf3453e9ff18,429197,Lee2019_MI,Q15-E007,MU_BETA_SHARED,20260924,0.2829996943473816,0.7170003056526184,2
s47_2_offline_train_t027,47,2,offline_train,2,session2/s47/sess02_subj47_EEG_MI.mat,eaac59812169d83f02da8004c763191120e8bdcbde980ec090c7bf3453e9ff18,440530,Lee2019_MI,Q15-E007,MU_BETA_SHARED,20260924,0.1554131954908371,0.8445867896080017,2
s47_2_offline_train_t028,47,2,offline_train,1,session2/s47/sess02_subj47_EEG_MI.mat,eaac59812169d83f02da8004c763191120e8bdcbde980ec090c7bf3453e9ff18,451497,Lee2019_MI,Q15-E007,MU_BETA_SHARED,20260924,0.6713739633560181,0.3286260664463043,1
s47_2_offline_train_t029,47,2,offline_train,1,session2/s47/sess02_subj47_EEG_MI.mat,eaac59812169d83f02da8004c763191120e8bdcbde980ec090c7bf3453e9ff18,462730,Lee2019_MI,Q15-E007,MU_BETA_SHARED,20260924,0.6739749908447266,0.32602500915527344,1
s47_2_offline_train_t030,47,2,offline_train,2,session2/s47/sess02_subj47_EEG_MI.mat,eaac59812169d83f02da8004c763191120e8bdcbde980ec090c7bf3453e9ff18,473413,Lee2019_MI,Q15-E007,MU_BETA_SHARED,20260924,0.5996266007423401,0.4003734588623047,1
s47_2_offline_train_t031,47,2,offline_train,1,session2/s47/sess02_subj47_EEG_MI.mat,eaac59812169d83f02da8004c763191120e8bdcbde980ec090c7bf3453e9ff18,484646,Lee2019_MI,Q15-E007,MU_BETA_SHARED,20260924,0.19166108965873718,0.8083388805389404,2
s47_2_offline_train_t032,47,2,offline_train,2,session2/s47/sess02_subj47_EEG_MI.mat,eaac59812169d83f02da8004c763191120e8bdcbde980ec090c7bf3453e9ff18,495246,Lee2019_MI,Q15-E007,MU_BETA_SHARED,20260924,0.17170032858848572,0.8282996416091919,2
s47_2_offline_train_t033,47,2,offline_train,1,session2/s47/sess02_subj47_EEG_MI.mat,eaac59812169d83f02da8004c763191120e8bdcbde980ec090c7bf3453e9ff18,506112,Lee2019_MI,Q15-E007,MU_BETA_SHARED,20260924,0.8824505805969238,0.11754944175481796,1
s47_2_offline_train_t034,47,2,offline_train,2,session2/s47/sess02_subj47_EEG_MI.mat,eaac59812169d83f02da8004c763191120e8bdcbde980ec090c7bf3453e9ff18,516695,Lee2019_MI,Q15-E007,MU_BETA_SHARED,20260924,0.22798892855644226,0.7720110416412354,2
s47_2_offline_train_t035,47,2,offline_train,2,session2/s47/sess02_subj47_EEG_MI.mat,eaac59812169d83f02da8004c763191120e8bdcbde980ec090c7bf3453e9ff18,527378,Lee2019_MI,Q15-E007,MU_BETA_SHARED,20260924,0.4122425317764282,0.587757408618927,2
s47_2_offline_train_t036,47,2,offline_train,1,session2/s47/sess02_subj47_EEG_MI.mat,eaac59812169d83f02da8004c763191120e8bdcbde980ec090c7bf3453e9ff18,538711,Lee2019_MI,Q15-E007,MU_BETA_SHARED,20260924,0.8482353091239929,0.1517646312713623,1
s47_2_offline_train_t037,47,2,offline_train,1,session2/s47/sess02_subj47_EEG_MI.mat,eaac59812169d83f02da8004c763191120e8bdcbde980ec090c7bf3453e9ff18,549944,Lee2019_MI,Q15-E007,MU_BETA_SHARED,20260924,0.12676040828227997,0.8732395172119141,2
s47_2_offline_train_t038,47,2,offline_train,2,session2/s47/sess02_subj47_EEG_MI.mat,eaac59812169d83f02da8004c763191120e8bdcbde980ec090c7bf3453e9ff18,560811,Lee2019_MI,Q15-E007,MU_BETA_SHARED,20260924,0.1831907331943512,0.8168092370033264,2
s47_2_offline_train_t039,47,2,offline_train,1,session2/s47/sess02_subj47_EEG_MI.mat,eaac59812169d83f02da8004c763191120e8bdcbde980ec090c7bf3453e9ff18,572327,Lee2019_MI,Q15-E007,MU_BETA_SHARED,20260924,0.549431562423706,0.45056840777397156,1
s47_2_offline_train_t040,47,2,offline_train,1,session2/s47/sess02_subj47_EEG_MI.mat,eaac59812169d83f02da8004c763191120e8bdcbde980ec090c7bf3453e9ff18,582910,Lee2019_MI,Q15-E007,MU_BETA_SHARED,20260924,0.6630753874778748,0.33692461252212524,1
s47_2_offline_train_t041,47,2,offline_train,1,session2/s47/sess02_subj47_EEG_MI.mat,eaac59812169d83f02da8004c763191120e8bdcbde980ec090c7bf3453e9ff18,593876,Lee2019_MI,Q15-E007,MU_BETA_SHARED,20260924,0.8906238675117493,0.10937611758708954,1
s47_2_offline_train_t042,47,2,offline_train,1,session2/s47/sess02_subj47_EEG_MI.mat,eaac59812169d83f02da8004c763191120e8bdcbde980ec090c7bf3453e9ff18,604826,Lee2019_MI,Q15-E007,MU_BETA_SHARED,20260924,0.9270332455635071,0.07296672463417053,1
s47_2_offline_train_t043,47,2,offline_train,2,session2/s47/sess02_subj47_EEG_MI.mat,eaac59812169d83f02da8004c763191120e8bdcbde980ec090c7bf3453e9ff18,616159,Lee2019_MI,Q15-E007,MU_BETA_SHARED,20260924,0.2451527863740921,0.7548472285270691,2
s47_2_offline_train_t044,47,2,offline_train,1,session2/s47/sess02_subj47_EEG_MI.mat,eaac59812169d83f02da8004c763191120e8bdcbde980ec090c7bf3453e9ff18,627492,Lee2019_MI,Q15-E007,MU_BETA_SHARED,20260924,0.8605008721351624,0.13949909806251526,1
s47_2_offline_train_t045,47,2,offline_train,2,session2/s47/sess02_subj47_EEG_MI.mat,eaac59812169d83f02da8004c763191120e8bdcbde980ec090c7bf3453e9ff18,638275,Lee2019_MI,Q15-E007,MU_BETA_SHARED,20260924,0.055883683264255524,0.9441162347793579,2
s47_2_offline_train_t046,47,2,offline_train,1,session2/s47/sess02_subj47_EEG_MI.mat,eaac59812169d83f02da8004c763191120e8bdcbde980ec090c7bf3453e9ff18,649325,Lee2019_MI,Q15-E007,MU_BETA_SHARED,20260924,0.740308403968811,0.2596915364265442,1
s47_2_offline_train_t047,47,2,offline_train,1,session2/s47/sess02_subj47_EEG_MI.mat,eaac59812169d83f02da8004c763191120e8bdcbde980ec090c7bf3453e9ff18,660275,Lee2019_MI,Q15-E007,MU_BETA_SHARED,20260924,0.9255470633506775,0.07445289939641953,1
s47_2_offline_train_t048,47,2,offline_train,1,session2/s47/sess02_subj47_EEG_MI.mat,eaac59812169d83f02da8004c763191120e8bdcbde980ec090c7bf3453e9ff18,671424,Lee2019_MI,Q15-E007,MU_BETA_SHARED,20260924,0.3573833405971527,0.6426166892051697,2
s47_2_offline_train_t049,47,2,offline_train,2,session2/s47/sess02_subj47_EEG_MI.mat,eaac59812169d83f02da8004c763191120e8bdcbde980ec090c7bf3453e9ff18,682657,Lee2019_MI,Q15-E007,MU_BETA_SHARED,20260924,0.38534653186798096,0.614653468132019,2
s47_2_offline_train_t050,47,2,offline_train,1,session2/s47/sess02_subj47_EEG_MI.mat,eaac59812169d83f02da8004c763191120e8bdcbde980ec090c7bf3453e9ff18,707373,Lee2019_MI,Q15-E007,MU_BETA_SHARED,20260924,0.13261957466602325,0.8673804402351379,2
s47_2_offline_train_t051,47,2,offline_train,1,session2/s47/sess02_subj47_EEG_MI.mat,eaac59812169d83f02da8004c763191120e8bdcbde980ec090c7bf3453e9ff18,718240,Lee2019_MI,Q15-E007,MU_BETA_SHARED,20260924,0.6312216520309448,0.3687783479690552,1
s47_2_offline_train_t052,47,2,offline_train,1,session2/s47/sess02_subj47_EEG_MI.mat,eaac59812169d83f02da8004c763191120e8bdcbde980ec090c7bf3453e9ff18,729473,Lee2019_MI,Q15-E007,MU_BETA_SHARED,20260924,0.5041166543960571,0.4958833158016205,1
s47_2_offline_train_t053,47,2,offline_train,1,session2/s47/sess02_subj47_EEG_MI.mat,eaac59812169d83f02da8004c763191120e8bdcbde980ec090c7bf3453e9ff18,740723,Lee2019_MI,Q15-E007,MU_BETA_SHARED,20260924,0.5728489756584167,0.42715105414390564,1
s47_2_offline_train_t054,47,2,offline_train,2,session2/s47/sess02_subj47_EEG_MI.mat,eaac59812169d83f02da8004c763191120e8bdcbde980ec090c7bf3453e9ff18,751389,Lee2019_MI,Q15-E007,MU_BETA_SHARED,20260924,0.3225555717945099,0.6774443984031677,2
s47_2_offline_train_t055,47,2,offline_train,1,session2/s47/sess02_subj47_EEG_MI.mat,eaac59812169d83f02da8004c763191120e8bdcbde980ec090c7bf3453e9ff18,762072,Lee2019_MI,Q15-E007,MU_BETA_SHARED,20260924,0.5778889060020447,0.4221110939979553,1
s47_2_offline_train_t056,47,2,offline_train,1,session2/s47/sess02_subj47_EEG_MI.mat,eaac59812169d83f02da8004c763191120e8bdcbde980ec090c7bf3453e9ff18,773122,Lee2019_MI,Q15-E007,MU_BETA_SHARED,20260924,0.5975872874259949,0.4024127125740051,1
s47_2_offline_train_t057,47,2,offline_train,2,session2/s47/sess02_subj47_EEG_MI.mat,eaac59812169d83f02da8004c763191120e8bdcbde980ec090c7bf3453e9ff18,784638,Lee2019_MI,Q15-E007,MU_BETA_SHARED,20260924,0.2110198587179184,0.7889801263809204,2
s47_2_offline_train_t058,47,2,offline_train,2,session2/s47/sess02_subj47_EEG_MI.mat,eaac59812169d83f02da8004c763191120e8bdcbde980ec090c7bf3453e9ff18,795505,Lee2019_MI,Q15-E007,MU_BETA_SHARED,20260924,0.49978703260421753,0.5002129673957825,2
s47_2_offline_train_t059,47,2,offline_train,1,session2/s47/sess02_subj47_EEG_MI.mat,eaac59812169d83f02da8004c763191120e8bdcbde980ec090c7bf3453e9ff18,806654,Lee2019_MI,Q15-E007,MU_BETA_SHARED,20260924,0.5290890336036682,0.4709109365940094,1
s47_2_offline_train_t060,47,2,offline_train,1,session2/s47/sess02_subj47_EEG_MI.mat,eaac59812169d83f02da8004c763191120e8bdcbde980ec090c7bf3453e9ff18,817437,Lee2019_MI,Q15-E007,MU_BETA_SHARED,20260924,0.03698922321200371,0.9630107879638672,2
s47_2_offline_train_t061,47,2,offline_train,2,session2/s47/sess02_subj47_EEG_MI.mat,eaac59812169d83f02da8004c763191120e8bdcbde980ec090c7bf3453e9ff18,828771,Lee2019_MI,Q15-E007,MU_BETA_SHARED,20260924,0.18159006536006927,0.8184099793434143,2
s47_2_offline_train_t062,47,2,offline_train,2,session2/s47/sess02_subj47_EEG_MI.mat,eaac59812169d83f02da8004c763191120e8bdcbde980ec090c7bf3453e9ff18,839537,Lee2019_MI,Q15-E007,MU_BETA_SHARED,20260924,0.1515330672264099,0.8484669923782349,2
s47_2_offline_train_t063,47,2,offline_train,1,session2/s47/sess02_subj47_EEG_MI.mat,eaac59812169d83f02da8004c763191120e8bdcbde980ec090c7bf3453e9ff18,850587,Lee2019_MI,Q15-E007,MU_BETA_SHARED,20260924,0.0983186811208725,0.9016813039779663,2
s47_2_offline_train_t064,47,2,offline_train,2,session2/s47/sess02_subj47_EEG_MI.mat,eaac59812169d83f02da8004c763191120e8bdcbde980ec090c7bf3453e9ff18,861820,Lee2019_MI,Q15-E007,MU_BETA_SHARED,20260924,0.5692903995513916,0.4307096004486084,1
s47_2_offline_train_t065,47,2,offline_train,2,session2/s47/sess02_subj47_EEG_MI.mat,eaac59812169d83f02da8004c763191120e8bdcbde980ec090c7bf3453e9ff18,873253,Lee2019_MI,Q15-E007,MU_BETA_SHARED,20260924,0.3788576126098633,0.6211423873901367,2
s47_2_offline_train_t066,47,2,offline_train,2,session2/s47/sess02_subj47_EEG_MI.mat,eaac59812169d83f02da8004c763191120e8bdcbde980ec090c7bf3453e9ff18,884769,Lee2019_MI,Q15-E007,MU_BETA_SHARED,20260924,0.04689239710569382,0.9531075954437256,2
s47_2_offline_train_t067,47,2,offline_train,2,session2/s47/sess02_subj47_EEG_MI.mat,eaac59812169d83f02da8004c763191120e8bdcbde980ec090c7bf3453e9ff18,895919,Lee2019_MI,Q15-E007,MU_BETA_SHARED,20260924,0.03501497954130173,0.9649850130081177,2
s47_2_offline_train_t068,47,2,offline_train,1,session2/s47/sess02_subj47_EEG_MI.mat,eaac59812169d83f02da8004c763191120e8bdcbde980ec090c7bf3453e9ff18,906602,Lee2019_MI,Q15-E007,MU_BETA_SHARED,20260924,0.47403308749198914,0.5259668827056885,2
s47_2_offline_train_t069,47,2,offline_train,1,session2/s47/sess02_subj47_EEG_MI.mat,eaac59812169d83f02da8004c763191120e8bdcbde980ec090c7bf3453e9ff18,917268,Lee2019_MI,Q15-E007,MU_BETA_SHARED,20260924,0.2846796214580536,0.7153204083442688,2
s47_2_offline_train_t070,47,2,offline_train,2,session2/s47/sess02_subj47_EEG_MI.mat,eaac59812169d83f02da8004c763191120e8bdcbde980ec090c7bf3453e9ff18,928051,Lee2019_MI,Q15-E007,MU_BETA_SHARED,20260924,0.17117992043495178,0.8288200497627258,2
s47_2_offline_train_t071,47,2,offline_train,1,session2/s47/sess02_subj47_EEG_MI.mat,eaac59812169d83f02da8004c763191120e8bdcbde980ec090c7bf3453e9ff18,939468,Lee2019_MI,Q15-E007,MU_BETA_SHARED,20260924,0.5222824215888977,0.4777176082134247,1
s47_2_offline_train_t072,47,2,offline_train,2,session2/s47/sess02_subj47_EEG_MI.mat,eaac59812169d83f02da8004c763191120e8bdcbde980ec090c7bf3453e9ff18,950251,Lee2019_MI,Q15-E007,MU_BETA_SHARED,20260924,0.5652312636375427,0.4347687363624573,1
s47_2_offline_train_t073,47,2,offline_train,2,session2/s47/sess02_subj47_EEG_MI.mat,eaac59812169d83f02da8004c763191120e8bdcbde980ec090c7bf3453e9ff18,961584,Lee2019_MI,Q15-E007,MU_BETA_SHARED,20260924,0.15939927101135254,0.8406006693840027,2
s47_2_offline_train_t074,47,2,offline_train,2,session2/s47/sess02_subj47_EEG_MI.mat,eaac59812169d83f02da8004c763191120e8bdcbde980ec090c7bf3453e9ff18,972350,Lee2019_MI,Q15-E007,MU_BETA_SHARED,20260924,0.09879368543624878,0.901206374168396,2
s47_2_offline_train_t075,47,2,offline_train,1,session2/s47/sess02_subj47_EEG_MI.mat,eaac59812169d83f02da8004c763191120e8bdcbde980ec090c7bf3453e9ff18,983866,Lee2019_MI,Q15-E007,MU_BETA_SHARED,20260924,0.5511847734451294,0.4488152265548706,1
s47_2_offline_train_t076,47,2,offline_train,2,session2/s47/sess02_subj47_EEG_MI.mat,eaac59812169d83f02da8004c763191120e8bdcbde980ec090c7bf3453e9ff18,994733,Lee2019_MI,Q15-E007,MU_BETA_SHARED,20260924,0.1188167855143547,0.8811832666397095,2
s47_2_offline_train_t077,47,2,offline_train,1,session2/s47/sess02_subj47_EEG_MI.mat,eaac59812169d83f02da8004c763191120e8bdcbde980ec090c7bf3453e9ff18,1005516,Lee2019_MI,Q15-E007,MU_BETA_SHARED,20260924,0.33101072907447815,0.6689893007278442,2
s47_2_offline_train_t078,47,2,offline_train,1,session2/s47/sess02_subj47_EEG_MI.mat,eaac59812169d83f02da8004c763191120e8bdcbde980ec090c7bf3453e9ff18,1016282,Lee2019_MI,Q15-E007,MU_BETA_SHARED,20260924,0.10610561817884445,0.893894374370575,2
s47_2_offline_train_t079,47,2,offline_train,2,session2/s47/sess02_subj47_EEG_MI.mat,eaac59812169d83f02da8004c763191120e8bdcbde980ec090c7bf3453e9ff18,1027432,Lee2019_MI,Q15-E007,MU_BETA_SHARED,20260924,0.3264881372451782,0.6735118627548218,2
s47_2_offline_train_t080,47,2,offline_train,2,session2/s47/sess02_subj47_EEG_MI.mat,eaac59812169d83f02da8004c763191120e8bdcbde980ec090c7bf3453e9ff18,1038482,Lee2019_MI,Q15-E007,MU_BETA_SHARED,20260924,0.0407787561416626,0.9592211842536926,2
s47_2_offline_train_t081,47,2,offline_train,2,session2/s47/sess02_subj47_EEG_MI.mat,eaac59812169d83f02da8004c763191120e8bdcbde980ec090c7bf3453e9ff18,1049348,Lee2019_MI,Q15-E007,MU_BETA_SHARED,20260924,0.8119998574256897,0.18800020217895508,1
s47_2_offline_train_t082,47,2,offline_train,1,session2/s47/sess02_subj47_EEG_MI.mat,eaac59812169d83f02da8004c763191120e8bdcbde980ec090c7bf3453e9ff18,1060765,Lee2019_MI,Q15-E007,MU_BETA_SHARED,20260924,0.48241743445396423,0.5175825357437134,2
s47_2_offline_train_t083,47,2,offline_train,2,session2/s47/sess02_subj47_EEG_MI.mat,eaac59812169d83f02da8004c763191120e8bdcbde980ec090c7bf3453e9ff18,1071914,Lee2019_MI,Q15-E007,MU_BETA_SHARED,20260924,0.3943013846874237,0.6056986451148987,2
s47_2_offline_train_t084,47,2,offline_train,2,session2/s47/sess02_subj47_EEG_MI.mat,eaac59812169d83f02da8004c763191120e8bdcbde980ec090c7bf3453e9ff18,1082964,Lee2019_MI,Q15-E007,MU_BETA_SHARED,20260924,0.0170037429779768,0.9829962849617004,2
s47_2_offline_train_t085,47,2,offline_train,1,session2/s47/sess02_subj47_EEG_MI.mat,eaac59812169d83f02da8004c763191120e8bdcbde980ec090c7bf3453e9ff18,1094397,Lee2019_MI,Q15-E007,MU_BETA_SHARED,20260924,0.7987819314002991,0.2012181282043457,1
s47_2_offline_train_t086,47,2,offline_train,2,session2/s47/sess02_subj47_EEG_MI.mat,eaac59812169d83f02da8004c763191120e8bdcbde980ec090c7bf3453e9ff18,1105263,Lee2019_MI,Q15-E007,MU_BETA_SHARED,20260924,0.2478712499141693,0.7521287798881531,2
s47_2_offline_train_t087,47,2,offline_train,1,session2/s47/sess02_subj47_EEG_MI.mat,eaac59812169d83f02da8004c763191120e8bdcbde980ec090c7bf3453e9ff18,1116596,Lee2019_MI,Q15-E007,MU_BETA_SHARED,20260924,0.5573252439498901,0.44267475605010986,1
s47_2_offline_train_t088,47,2,offline_train,2,session2/s47/sess02_subj47_EEG_MI.mat,eaac59812169d83f02da8004c763191120e8bdcbde980ec090c7bf3453e9ff18,1127930,Lee2019_MI,Q15-E007,MU_BETA_SHARED,20260924,0.4026561379432678,0.597343921661377,2
s47_2_offline_train_t089,47,2,offline_train,2,session2/s47/sess02_subj47_EEG_MI.mat,eaac59812169d83f02da8004c763191120e8bdcbde980ec090c7bf3453e9ff18,1138879,Lee2019_MI,Q15-E007,MU_BETA_SHARED,20260924,0.10305117070674896,0.8969488143920898,2
s47_2_offline_train_t090,47,2,offline_train,2,session2/s47/sess02_subj47_EEG_MI.mat,eaac59812169d83f02da8004c763191120e8bdcbde980ec090c7bf3453e9ff18,1150029,Lee2019_MI,Q15-E007,MU_BETA_SHARED,20260924,0.11427510529756546,0.8857248425483704,2
s47_2_offline_train_t091,47,2,offline_train,2,session2/s47/sess02_subj47_EEG_MI.mat,eaac59812169d83f02da8004c763191120e8bdcbde980ec090c7bf3453e9ff18,1160612,Lee2019_MI,Q15-E007,MU_BETA_SHARED,20260924,0.22712227702140808,0.7728777527809143,2
s47_2_offline_train_t092,47,2,offline_train,2,session2/s47/sess02_subj47_EEG_MI.mat,eaac59812169d83f02da8004c763191120e8bdcbde980ec090c7bf3453e9ff18,1171212,Lee2019_MI,Q15-E007,MU_BETA_SHARED,20260924,0.5006301999092102,0.4993698000907898,1
s47_2_offline_train_t093,47,2,offline_train,1,session2/s47/sess02_subj47_EEG_MI.mat,eaac59812169d83f02da8004c763191120e8bdcbde980ec090c7bf3453e9ff18,1182261,Lee2019_MI,Q15-E007,MU_BETA_SHARED,20260924,0.42288434505462646,0.5771156549453735,2
s47_2_offline_train_t094,47,2,offline_train,2,session2/s47/sess02_subj47_EEG_MI.mat,eaac59812169d83f02da8004c763191120e8bdcbde980ec090c7bf3453e9ff18,1193595,Lee2019_MI,Q15-E007,MU_BETA_SHARED,20260924,0.045170921832323074,0.9548290967941284,2
s47_2_offline_train_t095,47,2,offline_train,1,session2/s47/sess02_subj47_EEG_MI.mat,eaac59812169d83f02da8004c763191120e8bdcbde980ec090c7bf3453e9ff18,1205111,Lee2019_MI,Q15-E007,MU_BETA_SHARED,20260924,0.7470756769180298,0.2529243528842926,1
s47_2_offline_train_t096,47,2,offline_train,1,session2/s47/sess02_subj47_EEG_MI.mat,eaac59812169d83f02da8004c763191120e8bdcbde980ec090c7bf3453e9ff18,1215777,Lee2019_MI,Q15-E007,MU_BETA_SHARED,20260924,0.5283013582229614,0.47169867157936096,1
s47_2_offline_train_t097,47,2,offline_train,2,session2/s47/sess02_subj47_EEG_MI.mat,eaac59812169d83f02da8004c763191120e8bdcbde980ec090c7bf3453e9ff18,1226927,Lee2019_MI,Q15-E007,MU_BETA_SHARED,20260924,0.43991121649742126,0.5600888133049011,2
s47_2_offline_train_t098,47,2,offline_train,1,session2/s47/sess02_subj47_EEG_MI.mat,eaac59812169d83f02da8004c763191120e8bdcbde980ec090c7bf3453e9ff18,1237977,Lee2019_MI,Q15-E007,MU_BETA_SHARED,20260924,0.8409296274185181,0.15907040238380432,1
s47_2_offline_train_t099,47,2,offline_train,2,session2/s47/sess02_subj47_EEG_MI.mat,eaac59812169d83f02da8004c763191120e8bdcbde980ec090c7bf3453e9ff18,1248577,Lee2019_MI,Q15-E007,MU_BETA_SHARED,20260924,0.4397414028644562,0.5602585673332214,2
s47_2_offline_train_t100,47,2,offline_train,2,session2/s47/sess02_subj47_EEG_MI.mat,eaac59812169d83f02da8004c763191120e8bdcbde980ec090c7bf3453e9ff18,1259443,Lee2019_MI,Q15-E007,MU_BETA_SHARED,20260924,0.13106586039066315,0.868934154510498,2
s47_1_offline_train_t001,47,1,offline_train,1,session1/s47/sess01_subj47_EEG_MI.mat,9e1e3cb79f82ec08d87c80aaa8d5929479ceccd454f25b3d3fea7115f3eb05c9,176090,Lee2019_MI,Q15-E007,MU_BETA_SHARED,20260925,0.45841097831726074,0.5415890216827393,2
s47_1_offline_train_t002,47,1,offline_train,2,session1/s47/sess01_subj47_EEG_MI.mat,9e1e3cb79f82ec08d87c80aaa8d5929479ceccd454f25b3d3fea7115f3eb05c9,187623,Lee2019_MI,Q15-E007,MU_BETA_SHARED,20260925,0.5469839572906494,0.453016072511673,1
s47_1_offline_train_t003,47,1,offline_train,1,session1/s47/sess01_subj47_EEG_MI.mat,9e1e3cb79f82ec08d87c80aaa8d5929479ceccd454f25b3d3fea7115f3eb05c9,198308,Lee2019_MI,Q15-E007,MU_BETA_SHARED,20260925,0.7052801847457886,0.29471978545188904,1
s47_1_offline_train_t004,47,1,offline_train,1,session1/s47/sess01_subj47_EEG_MI.mat,9e1e3cb79f82ec08d87c80aaa8d5929479ceccd454f25b3d3fea7115f3eb05c9,209824,Lee2019_MI,Q15-E007,MU_BETA_SHARED,20260925,0.7609708905220032,0.2390291392803192,1
s47_1_offline_train_t005,47,1,offline_train,2,session1/s47/sess01_subj47_EEG_MI.mat,9e1e3cb79f82ec08d87c80aaa8d5929479ceccd454f25b3d3fea7115f3eb05c9,220974,Lee2019_MI,Q15-E007,MU_BETA_SHARED,20260925,0.019483957439661026,0.9805160760879517,2
s47_1_offline_train_t006,47,1,offline_train,2,session1/s47/sess01_subj47_EEG_MI.mat,9e1e3cb79f82ec08d87c80aaa8d5929479ceccd454f25b3d3fea7115f3eb05c9,231657,Lee2019_MI,Q15-E007,MU_BETA_SHARED,20260925,0.5024251937866211,0.4975748062133789,1
s47_1_offline_train_t007,47,1,offline_train,1,session1/s47/sess01_subj47_EEG_MI.mat,9e1e3cb79f82ec08d87c80aaa8d5929479ceccd454f25b3d3fea7115f3eb05c9,242523,Lee2019_MI,Q15-E007,MU_BETA_SHARED,20260925,0.9644871950149536,0.03551286458969116,1
s47_1_offline_train_t008,47,1,offline_train,2,session1/s47/sess01_subj47_EEG_MI.mat,9e1e3cb79f82ec08d87c80aaa8d5929479ceccd454f25b3d3fea7115f3eb05c9,253655,Lee2019_MI,Q15-E007,MU_BETA_SHARED,20260925,0.011608249507844448,0.9883916974067688,2
s47_1_offline_train_t009,47,1,offline_train,1,session1/s47/sess01_subj47_EEG_MI.mat,9e1e3cb79f82ec08d87c80aaa8d5929479ceccd454f25b3d3fea7115f3eb05c9,265173,Lee2019_MI,Q15-E007,MU_BETA_SHARED,20260925,0.823087751865387,0.17691224813461304,1
s47_1_offline_train_t010,47,1,offline_train,1,session1/s47/sess01_subj47_EEG_MI.mat,9e1e3cb79f82ec08d87c80aaa8d5929479ceccd454f25b3d3fea7115f3eb05c9,276689,Lee2019_MI,Q15-E007,MU_BETA_SHARED,20260925,0.5999950766563416,0.40000489354133606,1
s47_1_offline_train_t011,47,1,offline_train,2,session1/s47/sess01_subj47_EEG_MI.mat,9e1e3cb79f82ec08d87c80aaa8d5929479ceccd454f25b3d3fea7115f3eb05c9,287373,Lee2019_MI,Q15-E007,MU_BETA_SHARED,20260925,0.21515518426895142,0.7848448157310486,2
s47_1_offline_train_t012,47,1,offline_train,2,session1/s47/sess01_subj47_EEG_MI.mat,9e1e3cb79f82ec08d87c80aaa8d5929479ceccd454f25b3d3fea7115f3eb05c9,298889,Lee2019_MI,Q15-E007,MU_BETA_SHARED,20260925,0.6183538436889648,0.38164615631103516,1
s47_1_offline_train_t013,47,1,offline_train,1,session1/s47/sess01_subj47_EEG_MI.mat,9e1e3cb79f82ec08d87c80aaa8d5929479ceccd454f25b3d3fea7115f3eb05c9,310405,Lee2019_MI,Q15-E007,MU_BETA_SHARED,20260925,0.8345701098442078,0.16542993485927582,1
s47_1_offline_train_t014,47,1,offline_train,1,session1/s47/sess01_subj47_EEG_MI.mat,9e1e3cb79f82ec08d87c80aaa8d5929479ceccd454f25b3d3fea7115f3eb05c9,321454,Lee2019_MI,Q15-E007,MU_BETA_SHARED,20260925,0.7564961910247803,0.24350380897521973,1
s47_1_offline_train_t015,47,1,offline_train,2,session1/s47/sess01_subj47_EEG_MI.mat,9e1e3cb79f82ec08d87c80aaa8d5929479ceccd454f25b3d3fea7115f3eb05c9,332788,Lee2019_MI,Q15-E007,MU_BETA_SHARED,20260925,0.020470313727855682,0.9795296788215637,2
s47_1_offline_train_t016,47,1,offline_train,1,session1/s47/sess01_subj47_EEG_MI.mat,9e1e3cb79f82ec08d87c80aaa8d5929479ceccd454f25b3d3fea7115f3eb05c9,343471,Lee2019_MI,Q15-E007,MU_BETA_SHARED,20260925,0.783393919467926,0.2166060507297516,1
s47_1_offline_train_t017,47,1,offline_train,1,session1/s47/sess01_subj47_EEG_MI.mat,9e1e3cb79f82ec08d87c80aaa8d5929479ceccd454f25b3d3fea7115f3eb05c9,354437,Lee2019_MI,Q15-E007,MU_BETA_SHARED,20260925,0.865985095500946,0.13401488959789276,1
s47_1_offline_train_t018,47,1,offline_train,1,session1/s47/sess01_subj47_EEG_MI.mat,9e1e3cb79f82ec08d87c80aaa8d5929479ceccd454f25b3d3fea7115f3eb05c9,365854,Lee2019_MI,Q15-E007,MU_BETA_SHARED,20260925,0.2943447530269623,0.7056552171707153,2
s47_1_offline_train_t019,47,1,offline_train,1,session1/s47/sess01_subj47_EEG_MI.mat,9e1e3cb79f82ec08d87c80aaa8d5929479ceccd454f25b3d3fea7115f3eb05c9,377188,Lee2019_MI,Q15-E007,MU_BETA_SHARED,20260925,0.30202528834342957,0.697974681854248,2
s47_1_offline_train_t020,47,1,offline_train,2,session1/s47/sess01_subj47_EEG_MI.mat,9e1e3cb79f82ec08d87c80aaa8d5929479ceccd454f25b3d3fea7115f3eb05c9,388704,Lee2019_MI,Q15-E007,MU_BETA_SHARED,20260925,0.0656912699341774,0.9343087673187256,2
s47_1_offline_train_t021,47,1,offline_train,2,session1/s47/sess01_subj47_EEG_MI.mat,9e1e3cb79f82ec08d87c80aaa8d5929479ceccd454f25b3d3fea7115f3eb05c9,399937,Lee2019_MI,Q15-E007,MU_BETA_SHARED,20260925,0.49305081367492676,0.5069491863250732,2
s47_1_offline_train_t022,47,1,offline_train,1,session1/s47/sess01_subj47_EEG_MI.mat,9e1e3cb79f82ec08d87c80aaa8d5929479ceccd454f25b3d3fea7115f3eb05c9,410537,Lee2019_MI,Q15-E007,MU_BETA_SHARED,20260925,0.423941433429718,0.5760585069656372,2
s47_1_offline_train_t023,47,1,offline_train,2,session1/s47/sess01_subj47_EEG_MI.mat,9e1e3cb79f82ec08d87c80aaa8d5929479ceccd454f25b3d3fea7115f3eb05c9,421953,Lee2019_MI,Q15-E007,MU_BETA_SHARED,20260925,0.3128826916217804,0.6871172785758972,2
s47_1_offline_train_t024,47,1,offline_train,2,session1/s47/sess01_subj47_EEG_MI.mat,9e1e3cb79f82ec08d87c80aaa8d5929479ceccd454f25b3d3fea7115f3eb05c9,433470,Lee2019_MI,Q15-E007,MU_BETA_SHARED,20260925,0.058174531906843185,0.9418255090713501,2
s47_1_offline_train_t025,47,1,offline_train,2,session1/s47/sess01_subj47_EEG_MI.mat,9e1e3cb79f82ec08d87c80aaa8d5929479ceccd454f25b3d3fea7115f3eb05c9,444720,Lee2019_MI,Q15-E007,MU_BETA_SHARED,20260925,0.736163854598999,0.2638360857963562,1
s47_1_offline_train_t026,47,1,offline_train,1,session1/s47/sess01_subj47_EEG_MI.mat,9e1e3cb79f82ec08d87c80aaa8d5929479ceccd454f25b3d3fea7115f3eb05c9,456036,Lee2019_MI,Q15-E007,MU_BETA_SHARED,20260925,0.5620241165161133,0.4379759132862091,1
s47_1_offline_train_t027,47,1,offline_train,2,session1/s47/sess01_subj47_EEG_MI.mat,9e1e3cb79f82ec08d87c80aaa8d5929479ceccd454f25b3d3fea7115f3eb05c9,467286,Lee2019_MI,Q15-E007,MU_BETA_SHARED,20260925,0.07902518659830093,0.920974850654602,2
s47_1_offline_train_t028,47,1,offline_train,1,session1/s47/sess01_subj47_EEG_MI.mat,9e1e3cb79f82ec08d87c80aaa8d5929479ceccd454f25b3d3fea7115f3eb05c9,478236,Lee2019_MI,Q15-E007,MU_BETA_SHARED,20260925,0.9195157289505005,0.08048423379659653,1
s47_1_offline_train_t029,47,1,offline_train,1,session1/s47/sess01_subj47_EEG_MI.mat,9e1e3cb79f82ec08d87c80aaa8d5929479ceccd454f25b3d3fea7115f3eb05c9,489484,Lee2019_MI,Q15-E007,MU_BETA_SHARED,20260925,0.39538073539733887,0.6046193242073059,2
s47_1_offline_train_t030,47,1,offline_train,2,session1/s47/sess01_subj47_EEG_MI.mat,9e1e3cb79f82ec08d87c80aaa8d5929479ceccd454f25b3d3fea7115f3eb05c9,500252,Lee2019_MI,Q15-E007,MU_BETA_SHARED,20260925,0.015121003612875938,0.9848789572715759,2
s47_1_offline_train_t031,47,1,offline_train,1,session1/s47/sess01_subj47_EEG_MI.mat,9e1e3cb79f82ec08d87c80aaa8d5929479ceccd454f25b3d3fea7115f3eb05c9,511485,Lee2019_MI,Q15-E007,MU_BETA_SHARED,20260925,0.2609736919403076,0.7390263080596924,2
s47_1_offline_train_t032,47,1,offline_train,2,session1/s47/sess01_subj47_EEG_MI.mat,9e1e3cb79f82ec08d87c80aaa8d5929479ceccd454f25b3d3fea7115f3eb05c9,522085,Lee2019_MI,Q15-E007,MU_BETA_SHARED,20260925,0.4477476477622986,0.5522523522377014,2
s47_1_offline_train_t033,47,1,offline_train,1,session1/s47/sess01_subj47_EEG_MI.mat,9e1e3cb79f82ec08d87c80aaa8d5929479ceccd454f25b3d3fea7115f3eb05c9,532951,Lee2019_MI,Q15-E007,MU_BETA_SHARED,20260925,0.26316553354263306,0.7368344664573669,2
s47_1_offline_train_t034,47,1,offline_train,2,session1/s47/sess01_subj47_EEG_MI.mat,9e1e3cb79f82ec08d87c80aaa8d5929479ceccd454f25b3d3fea7115f3eb05c9,543535,Lee2019_MI,Q15-E007,MU_BETA_SHARED,20260925,0.3000848591327667,0.6999151110649109,2
s47_1_offline_train_t035,47,1,offline_train,2,session1/s47/sess01_subj47_EEG_MI.mat,9e1e3cb79f82ec08d87c80aaa8d5929479ceccd454f25b3d3fea7115f3eb05c9,554218,Lee2019_MI,Q15-E007,MU_BETA_SHARED,20260925,0.15315116941928864,0.8468487858772278,2
s47_1_offline_train_t036,47,1,offline_train,1,session1/s47/sess01_subj47_EEG_MI.mat,9e1e3cb79f82ec08d87c80aaa8d5929479ceccd454f25b3d3fea7115f3eb05c9,565551,Lee2019_MI,Q15-E007,MU_BETA_SHARED,20260925,0.814487636089325,0.18551236391067505,1
s47_1_offline_train_t037,47,1,offline_train,1,session1/s47/sess01_subj47_EEG_MI.mat,9e1e3cb79f82ec08d87c80aaa8d5929479ceccd454f25b3d3fea7115f3eb05c9,576784,Lee2019_MI,Q15-E007,MU_BETA_SHARED,20260925,0.14850342273712158,0.8514965772628784,2
s47_1_offline_train_t038,47,1,offline_train,2,session1/s47/sess01_subj47_EEG_MI.mat,9e1e3cb79f82ec08d87c80aaa8d5929479ceccd454f25b3d3fea7115f3eb05c9,587650,Lee2019_MI,Q15-E007,MU_BETA_SHARED,20260925,0.022352926433086395,0.977647066116333,2
s47_1_offline_train_t039,47,1,offline_train,1,session1/s47/sess01_subj47_EEG_MI.mat,9e1e3cb79f82ec08d87c80aaa8d5929479ceccd454f25b3d3fea7115f3eb05c9,599167,Lee2019_MI,Q15-E007,MU_BETA_SHARED,20260925,0.26530009508132935,0.7346999049186707,2
s47_1_offline_train_t040,47,1,offline_train,1,session1/s47/sess01_subj47_EEG_MI.mat,9e1e3cb79f82ec08d87c80aaa8d5929479ceccd454f25b3d3fea7115f3eb05c9,609750,Lee2019_MI,Q15-E007,MU_BETA_SHARED,20260925,0.27605876326560974,0.7239412069320679,2
s47_1_offline_train_t041,47,1,offline_train,1,session1/s47/sess01_subj47_EEG_MI.mat,9e1e3cb79f82ec08d87c80aaa8d5929479ceccd454f25b3d3fea7115f3eb05c9,620716,Lee2019_MI,Q15-E007,MU_BETA_SHARED,20260925,0.7651620507240295,0.23483794927597046,1
s47_1_offline_train_t042,47,1,offline_train,1,session1/s47/sess01_subj47_EEG_MI.mat,9e1e3cb79f82ec08d87c80aaa8d5929479ceccd454f25b3d3fea7115f3eb05c9,631683,Lee2019_MI,Q15-E007,MU_BETA_SHARED,20260925,0.7155763506889343,0.2844236195087433,1
s47_1_offline_train_t043,47,1,offline_train,2,session1/s47/sess01_subj47_EEG_MI.mat,9e1e3cb79f82ec08d87c80aaa8d5929479ceccd454f25b3d3fea7115f3eb05c9,642999,Lee2019_MI,Q15-E007,MU_BETA_SHARED,20260925,0.27436012029647827,0.7256398797035217,2
s47_1_offline_train_t044,47,1,offline_train,1,session1/s47/sess01_subj47_EEG_MI.mat,9e1e3cb79f82ec08d87c80aaa8d5929479ceccd454f25b3d3fea7115f3eb05c9,654333,Lee2019_MI,Q15-E007,MU_BETA_SHARED,20260925,0.9752742648124695,0.024725696071982384,1
s47_1_offline_train_t045,47,1,offline_train,2,session1/s47/sess01_subj47_EEG_MI.mat,9e1e3cb79f82ec08d87c80aaa8d5929479ceccd454f25b3d3fea7115f3eb05c9,665116,Lee2019_MI,Q15-E007,MU_BETA_SHARED,20260925,0.6659572720527649,0.3340427875518799,1
s47_1_offline_train_t046,47,1,offline_train,1,session1/s47/sess01_subj47_EEG_MI.mat,9e1e3cb79f82ec08d87c80aaa8d5929479ceccd454f25b3d3fea7115f3eb05c9,676165,Lee2019_MI,Q15-E007,MU_BETA_SHARED,20260925,0.2609582543373108,0.7390417456626892,2
s47_1_offline_train_t047,47,1,offline_train,1,session1/s47/sess01_subj47_EEG_MI.mat,9e1e3cb79f82ec08d87c80aaa8d5929479ceccd454f25b3d3fea7115f3eb05c9,687132,Lee2019_MI,Q15-E007,MU_BETA_SHARED,20260925,0.8217965960502625,0.17820340394973755,1
s47_1_offline_train_t048,47,1,offline_train,1,session1/s47/sess01_subj47_EEG_MI.mat,9e1e3cb79f82ec08d87c80aaa8d5929479ceccd454f25b3d3fea7115f3eb05c9,698365,Lee2019_MI,Q15-E007,MU_BETA_SHARED,20260925,0.6009429097175598,0.3990571200847626,1
s47_1_offline_train_t049,47,1,offline_train,2,session1/s47/sess01_subj47_EEG_MI.mat,9e1e3cb79f82ec08d87c80aaa8d5929479ceccd454f25b3d3fea7115f3eb05c9,709598,Lee2019_MI,Q15-E007,MU_BETA_SHARED,20260925,0.12347256392240524,0.8765274882316589,2
s47_1_offline_train_t050,47,1,offline_train,1,session1/s47/sess01_subj47_EEG_MI.mat,9e1e3cb79f82ec08d87c80aaa8d5929479ceccd454f25b3d3fea7115f3eb05c9,732448,Lee2019_MI,Q15-E007,MU_BETA_SHARED,20260925,0.5094698071479797,0.4905301630496979,1
s47_1_offline_train_t051,47,1,offline_train,1,session1/s47/sess01_subj47_EEG_MI.mat,9e1e3cb79f82ec08d87c80aaa8d5929479ceccd454f25b3d3fea7115f3eb05c9,743314,Lee2019_MI,Q15-E007,MU_BETA_SHARED,20260925,0.33615642786026,0.66384357213974,2
s47_1_offline_train_t052,47,1,offline_train,1,session1/s47/sess01_subj47_EEG_MI.mat,9e1e3cb79f82ec08d87c80aaa8d5929479ceccd454f25b3d3fea7115f3eb05c9,754547,Lee2019_MI,Q15-E007,MU_BETA_SHARED,20260925,0.3083724081516266,0.6916276216506958,2
s47_1_offline_train_t053,47,1,offline_train,1,session1/s47/sess01_subj47_EEG_MI.mat,9e1e3cb79f82ec08d87c80aaa8d5929479ceccd454f25b3d3fea7115f3eb05c9,765797,Lee2019_MI,Q15-E007,MU_BETA_SHARED,20260925,0.6505088806152344,0.3494911193847656,1
s47_1_offline_train_t054,47,1,offline_train,2,session1/s47/sess01_subj47_EEG_MI.mat,9e1e3cb79f82ec08d87c80aaa8d5929479ceccd454f25b3d3fea7115f3eb05c9,776480,Lee2019_MI,Q15-E007,MU_BETA_SHARED,20260925,0.19998906552791595,0.8000109195709229,2
s47_1_offline_train_t055,47,1,offline_train,1,session1/s47/sess01_subj47_EEG_MI.mat,9e1e3cb79f82ec08d87c80aaa8d5929479ceccd454f25b3d3fea7115f3eb05c9,787146,Lee2019_MI,Q15-E007,MU_BETA_SHARED,20260925,0.9639294743537903,0.03607051819562912,1
s47_1_offline_train_t056,47,1,offline_train,1,session1/s47/sess01_subj47_EEG_MI.mat,9e1e3cb79f82ec08d87c80aaa8d5929479ceccd454f25b3d3fea7115f3eb05c9,798213,Lee2019_MI,Q15-E007,MU_BETA_SHARED,20260925,0.674033522605896,0.325966477394104,1
s47_1_offline_train_t057,47,1,offline_train,2,session1/s47/sess01_subj47_EEG_MI.mat,9e1e3cb79f82ec08d87c80aaa8d5929479ceccd454f25b3d3fea7115f3eb05c9,809730,Lee2019_MI,Q15-E007,MU_BETA_SHARED,20260925,0.07676166296005249,0.9232383370399475,2
s47_1_offline_train_t058,47,1,offline_train,2,session1/s47/sess01_subj47_EEG_MI.mat,9e1e3cb79f82ec08d87c80aaa8d5929479ceccd454f25b3d3fea7115f3eb05c9,820596,Lee2019_MI,Q15-E007,MU_BETA_SHARED,20260925,0.4406890869140625,0.5593109130859375,2
s47_1_offline_train_t059,47,1,offline_train,1,session1/s47/sess01_subj47_EEG_MI.mat,9e1e3cb79f82ec08d87c80aaa8d5929479ceccd454f25b3d3fea7115f3eb05c9,831729,Lee2019_MI,Q15-E007,MU_BETA_SHARED,20260925,0.18659286201000214,0.8134071826934814,2
s47_1_offline_train_t060,47,1,offline_train,1,session1/s47/sess01_subj47_EEG_MI.mat,9e1e3cb79f82ec08d87c80aaa8d5929479ceccd454f25b3d3fea7115f3eb05c9,842512,Lee2019_MI,Q15-E007,MU_BETA_SHARED,20260925,0.37756842374801636,0.6224316358566284,2
s47_1_offline_train_t061,47,1,offline_train,2,session1/s47/sess01_subj47_EEG_MI.mat,9e1e3cb79f82ec08d87c80aaa8d5929479ceccd454f25b3d3fea7115f3eb05c9,853845,Lee2019_MI,Q15-E007,MU_BETA_SHARED,20260925,0.5175666213035583,0.48243340849876404,1
s47_1_offline_train_t062,47,1,offline_train,2,session1/s47/sess01_subj47_EEG_MI.mat,9e1e3cb79f82ec08d87c80aaa8d5929479ceccd454f25b3d3fea7115f3eb05c9,864612,Lee2019_MI,Q15-E007,MU_BETA_SHARED,20260925,0.9300327301025391,0.06996728479862213,1
s47_1_offline_train_t063,47,1,offline_train,1,session1/s47/sess01_subj47_EEG_MI.mat,9e1e3cb79f82ec08d87c80aaa8d5929479ceccd454f25b3d3fea7115f3eb05c9,875662,Lee2019_MI,Q15-E007,MU_BETA_SHARED,20260925,0.2417629212141037,0.7582370638847351,2
s47_1_offline_train_t064,47,1,offline_train,2,session1/s47/sess01_subj47_EEG_MI.mat,9e1e3cb79f82ec08d87c80aaa8d5929479ceccd454f25b3d3fea7115f3eb05c9,886911,Lee2019_MI,Q15-E007,MU_BETA_SHARED,20260925,0.3546794056892395,0.6453206539154053,2
s47_1_offline_train_t065,47,1,offline_train,2,session1/s47/sess01_subj47_EEG_MI.mat,9e1e3cb79f82ec08d87c80aaa8d5929479ceccd454f25b3d3fea7115f3eb05c9,898328,Lee2019_MI,Q15-E007,MU_BETA_SHARED,20260925,0.07933405041694641,0.9206659197807312,2
s47_1_offline_train_t066,47,1,offline_train,2,session1/s47/sess01_subj47_EEG_MI.mat,9e1e3cb79f82ec08d87c80aaa8d5929479ceccd454f25b3d3fea7115f3eb05c9,909844,Lee2019_MI,Q15-E007,MU_BETA_SHARED,20260925,0.8570749163627625,0.14292511343955994,1
s47_1_offline_train_t067,47,1,offline_train,2,session1/s47/sess01_subj47_EEG_MI.mat,9e1e3cb79f82ec08d87c80aaa8d5929479ceccd454f25b3d3fea7115f3eb05c9,920994,Lee2019_MI,Q15-E007,MU_BETA_SHARED,20260925,0.9688363075256348,0.031163660809397697,1
s47_1_offline_train_t068,47,1,offline_train,1,session1/s47/sess01_subj47_EEG_MI.mat,9e1e3cb79f82ec08d87c80aaa8d5929479ceccd454f25b3d3fea7115f3eb05c9,931677,Lee2019_MI,Q15-E007,MU_BETA_SHARED,20260925,0.4295403063297272,0.5704596638679504,2
s47_1_offline_train_t069,47,1,offline_train,1,session1/s47/sess01_subj47_EEG_MI.mat,9e1e3cb79f82ec08d87c80aaa8d5929479ceccd454f25b3d3fea7115f3eb05c9,942360,Lee2019_MI,Q15-E007,MU_BETA_SHARED,20260925,0.3570387065410614,0.642961323261261,2
s47_1_offline_train_t070,47,1,offline_train,2,session1/s47/sess01_subj47_EEG_MI.mat,9e1e3cb79f82ec08d87c80aaa8d5929479ceccd454f25b3d3fea7115f3eb05c9,953127,Lee2019_MI,Q15-E007,MU_BETA_SHARED,20260925,0.6663921475410461,0.33360785245895386,1
s47_1_offline_train_t071,47,1,offline_train,1,session1/s47/sess01_subj47_EEG_MI.mat,9e1e3cb79f82ec08d87c80aaa8d5929479ceccd454f25b3d3fea7115f3eb05c9,964543,Lee2019_MI,Q15-E007,MU_BETA_SHARED,20260925,0.9705953598022461,0.0294046588242054,1
s47_1_offline_train_t072,47,1,offline_train,2,session1/s47/sess01_subj47_EEG_MI.mat,9e1e3cb79f82ec08d87c80aaa8d5929479ceccd454f25b3d3fea7115f3eb05c9,975326,Lee2019_MI,Q15-E007,MU_BETA_SHARED,20260925,0.34001031517982483,0.6599896550178528,2
s47_1_offline_train_t073,47,1,offline_train,2,session1/s47/sess01_subj47_EEG_MI.mat,9e1e3cb79f82ec08d87c80aaa8d5929479ceccd454f25b3d3fea7115f3eb05c9,986659,Lee2019_MI,Q15-E007,MU_BETA_SHARED,20260925,0.23009224236011505,0.7699077129364014,2
s47_1_offline_train_t074,47,1,offline_train,2,session1/s47/sess01_subj47_EEG_MI.mat,9e1e3cb79f82ec08d87c80aaa8d5929479ceccd454f25b3d3fea7115f3eb05c9,997426,Lee2019_MI,Q15-E007,MU_BETA_SHARED,20260925,0.15739105641841888,0.8426089882850647,2
s47_1_offline_train_t075,47,1,offline_train,1,session1/s47/sess01_subj47_EEG_MI.mat,9e1e3cb79f82ec08d87c80aaa8d5929479ceccd454f25b3d3fea7115f3eb05c9,1008942,Lee2019_MI,Q15-E007,MU_BETA_SHARED,20260925,0.9525976181030273,0.04740237444639206,1
s47_1_offline_train_t076,47,1,offline_train,2,session1/s47/sess01_subj47_EEG_MI.mat,9e1e3cb79f82ec08d87c80aaa8d5929479ceccd454f25b3d3fea7115f3eb05c9,1019809,Lee2019_MI,Q15-E007,MU_BETA_SHARED,20260925,0.11031933128833771,0.8896806836128235,2
s47_1_offline_train_t077,47,1,offline_train,1,session1/s47/sess01_subj47_EEG_MI.mat,9e1e3cb79f82ec08d87c80aaa8d5929479ceccd454f25b3d3fea7115f3eb05c9,1030592,Lee2019_MI,Q15-E007,MU_BETA_SHARED,20260925,0.8541873693466187,0.14581258594989777,1
s47_1_offline_train_t078,47,1,offline_train,1,session1/s47/sess01_subj47_EEG_MI.mat,9e1e3cb79f82ec08d87c80aaa8d5929479ceccd454f25b3d3fea7115f3eb05c9,1041358,Lee2019_MI,Q15-E007,MU_BETA_SHARED,20260925,0.8423774838447571,0.1576225310564041,1
s47_1_offline_train_t079,47,1,offline_train,2,session1/s47/sess01_subj47_EEG_MI.mat,9e1e3cb79f82ec08d87c80aaa8d5929479ceccd454f25b3d3fea7115f3eb05c9,1052508,Lee2019_MI,Q15-E007,MU_BETA_SHARED,20260925,0.39060884714126587,0.6093911528587341,2
s47_1_offline_train_t080,47,1,offline_train,2,session1/s47/sess01_subj47_EEG_MI.mat,9e1e3cb79f82ec08d87c80aaa8d5929479ceccd454f25b3d3fea7115f3eb05c9,1063558,Lee2019_MI,Q15-E007,MU_BETA_SHARED,20260925,0.1719118058681488,0.8280882239341736,2
s47_1_offline_train_t081,47,1,offline_train,2,session1/s47/sess01_subj47_EEG_MI.mat,9e1e3cb79f82ec08d87c80aaa8d5929479ceccd454f25b3d3fea7115f3eb05c9,1074424,Lee2019_MI,Q15-E007,MU_BETA_SHARED,20260925,0.27703166007995605,0.7229683995246887,2
s47_1_offline_train_t082,47,1,offline_train,1,session1/s47/sess01_subj47_EEG_MI.mat,9e1e3cb79f82ec08d87c80aaa8d5929479ceccd454f25b3d3fea7115f3eb05c9,1085858,Lee2019_MI,Q15-E007,MU_BETA_SHARED,20260925,0.3080335557460785,0.6919664144515991,2
s47_1_offline_train_t083,47,1,offline_train,2,session1/s47/sess01_subj47_EEG_MI.mat,9e1e3cb79f82ec08d87c80aaa8d5929479ceccd454f25b3d3fea7115f3eb05c9,1096991,Lee2019_MI,Q15-E007,MU_BETA_SHARED,20260925,0.04666705057024956,0.9533329010009766,2
s47_1_offline_train_t084,47,1,offline_train,2,session1/s47/sess01_subj47_EEG_MI.mat,9e1e3cb79f82ec08d87c80aaa8d5929479ceccd454f25b3d3fea7115f3eb05c9,1108141,Lee2019_MI,Q15-E007,MU_BETA_SHARED,20260925,0.6233635544776917,0.37663641571998596,1
s47_1_offline_train_t085,47,1,offline_train,1,session1/s47/sess01_subj47_EEG_MI.mat,9e1e3cb79f82ec08d87c80aaa8d5929479ceccd454f25b3d3fea7115f3eb05c9,1119557,Lee2019_MI,Q15-E007,MU_BETA_SHARED,20260925,0.5341700315475464,0.4658299684524536,1
s47_1_offline_train_t086,47,1,offline_train,2,session1/s47/sess01_subj47_EEG_MI.mat,9e1e3cb79f82ec08d87c80aaa8d5929479ceccd454f25b3d3fea7115f3eb05c9,1130423,Lee2019_MI,Q15-E007,MU_BETA_SHARED,20260925,0.7561648488044739,0.24383515119552612,1
s47_1_offline_train_t087,47,1,offline_train,1,session1/s47/sess01_subj47_EEG_MI.mat,9e1e3cb79f82ec08d87c80aaa8d5929479ceccd454f25b3d3fea7115f3eb05c9,1141756,Lee2019_MI,Q15-E007,MU_BETA_SHARED,20260925,0.2796209156513214,0.7203790545463562,2
s47_1_offline_train_t088,47,1,offline_train,2,session1/s47/sess01_subj47_EEG_MI.mat,9e1e3cb79f82ec08d87c80aaa8d5929479ceccd454f25b3d3fea7115f3eb05c9,1153090,Lee2019_MI,Q15-E007,MU_BETA_SHARED,20260925,0.47857314348220825,0.5214268565177917,2
s47_1_offline_train_t089,47,1,offline_train,2,session1/s47/sess01_subj47_EEG_MI.mat,9e1e3cb79f82ec08d87c80aaa8d5929479ceccd454f25b3d3fea7115f3eb05c9,1164056,Lee2019_MI,Q15-E007,MU_BETA_SHARED,20260925,0.8473262786865234,0.15267378091812134,1
s47_1_offline_train_t090,47,1,offline_train,2,session1/s47/sess01_subj47_EEG_MI.mat,9e1e3cb79f82ec08d87c80aaa8d5929479ceccd454f25b3d3fea7115f3eb05c9,1175206,Lee2019_MI,Q15-E007,MU_BETA_SHARED,20260925,0.0596560463309288,0.9403439164161682,2
s47_1_offline_train_t091,47,1,offline_train,2,session1/s47/sess01_subj47_EEG_MI.mat,9e1e3cb79f82ec08d87c80aaa8d5929479ceccd454f25b3d3fea7115f3eb05c9,1185789,Lee2019_MI,Q15-E007,MU_BETA_SHARED,20260925,0.45656365156173706,0.5434362888336182,2
s47_1_offline_train_t092,47,1,offline_train,2,session1/s47/sess01_subj47_EEG_MI.mat,9e1e3cb79f82ec08d87c80aaa8d5929479ceccd454f25b3d3fea7115f3eb05c9,1196372,Lee2019_MI,Q15-E007,MU_BETA_SHARED,20260925,0.6920087337493896,0.30799126625061035,1
s47_1_offline_train_t093,47,1,offline_train,1,session1/s47/sess01_subj47_EEG_MI.mat,9e1e3cb79f82ec08d87c80aaa8d5929479ceccd454f25b3d3fea7115f3eb05c9,1207422,Lee2019_MI,Q15-E007,MU_BETA_SHARED,20260925,0.8257607817649841,0.17423927783966064,1
s47_1_offline_train_t094,47,1,offline_train,2,session1/s47/sess01_subj47_EEG_MI.mat,9e1e3cb79f82ec08d87c80aaa8d5929479ceccd454f25b3d3fea7115f3eb05c9,1218755,Lee2019_MI,Q15-E007,MU_BETA_SHARED,20260925,0.8902144432067871,0.1097855493426323,1
s47_1_offline_train_t095,47,1,offline_train,1,session1/s47/sess01_subj47_EEG_MI.mat,9e1e3cb79f82ec08d87c80aaa8d5929479ceccd454f25b3d3fea7115f3eb05c9,1230271,Lee2019_MI,Q15-E007,MU_BETA_SHARED,20260925,0.682237446308136,0.3177625834941864,1
s47_1_offline_train_t096,47,1,offline_train,1,session1/s47/sess01_subj47_EEG_MI.mat,9e1e3cb79f82ec08d87c80aaa8d5929479ceccd454f25b3d3fea7115f3eb05c9,1240954,Lee2019_MI,Q15-E007,MU_BETA_SHARED,20260925,0.5896548628807068,0.4103451371192932,1
s47_1_offline_train_t097,47,1,offline_train,2,session1/s47/sess01_subj47_EEG_MI.mat,9e1e3cb79f82ec08d87c80aaa8d5929479ceccd454f25b3d3fea7115f3eb05c9,1252104,Lee2019_MI,Q15-E007,MU_BETA_SHARED,20260925,0.8383888006210327,0.1616111695766449,1
s47_1_offline_train_t098,47,1,offline_train,1,session1/s47/sess01_subj47_EEG_MI.mat,9e1e3cb79f82ec08d87c80aaa8d5929479ceccd454f25b3d3fea7115f3eb05c9,1263154,Lee2019_MI,Q15-E007,MU_BETA_SHARED,20260925,0.6141698360443115,0.3858301639556885,1
s47_1_offline_train_t099,47,1,offline_train,2,session1/s47/sess01_subj47_EEG_MI.mat,9e1e3cb79f82ec08d87c80aaa8d5929479ceccd454f25b3d3fea7115f3eb05c9,1273738,Lee2019_MI,Q15-E007,MU_BETA_SHARED,20260925,0.8309919834136963,0.1690080612897873,1
s47_1_offline_train_t100,47,1,offline_train,2,session1/s47/sess01_subj47_EEG_MI.mat,9e1e3cb79f82ec08d87c80aaa8d5929479ceccd454f25b3d3fea7115f3eb05c9,1284604,Lee2019_MI,Q15-E007,MU_BETA_SHARED,20260925,0.8174960613250732,0.18250395357608795,1
s47_2_offline_train_t001,47,2,offline_train,1,session2/s47/sess02_subj47_EEG_MI.mat,eaac59812169d83f02da8004c763191120e8bdcbde980ec090c7bf3453e9ff18,149252,Lee2019_MI,Q15-E007,MU_BETA_SHARED,20260925,0.4524133503437042,0.5475866198539734,2
s47_2_offline_train_t002,47,2,offline_train,2,session2/s47/sess02_subj47_EEG_MI.mat,eaac59812169d83f02da8004c763191120e8bdcbde980ec090c7bf3453e9ff18,160787,Lee2019_MI,Q15-E007,MU_BETA_SHARED,20260925,0.2098206728696823,0.7901792526245117,2
s47_2_offline_train_t003,47,2,offline_train,1,session2/s47/sess02_subj47_EEG_MI.mat,eaac59812169d83f02da8004c763191120e8bdcbde980ec090c7bf3453e9ff18,171470,Lee2019_MI,Q15-E007,MU_BETA_SHARED,20260925,0.8000029921531677,0.19999700784683228,1
s47_2_offline_train_t004,47,2,offline_train,1,session2/s47/sess02_subj47_EEG_MI.mat,eaac59812169d83f02da8004c763191120e8bdcbde980ec090c7bf3453e9ff18,182986,Lee2019_MI,Q15-E007,MU_BETA_SHARED,20260925,0.3598689138889313,0.6401310563087463,2
s47_2_offline_train_t005,47,2,offline_train,2,session2/s47/sess02_subj47_EEG_MI.mat,eaac59812169d83f02da8004c763191120e8bdcbde980ec090c7bf3453e9ff18,194118,Lee2019_MI,Q15-E007,MU_BETA_SHARED,20260925,0.4341834783554077,0.5658165216445923,2
s47_2_offline_train_t006,47,2,offline_train,2,session2/s47/sess02_subj47_EEG_MI.mat,eaac59812169d83f02da8004c763191120e8bdcbde980ec090c7bf3453e9ff18,204802,Lee2019_MI,Q15-E007,MU_BETA_SHARED,20260925,0.4576498866081238,0.542350172996521,2
s47_2_offline_train_t007,47,2,offline_train,1,session2/s47/sess02_subj47_EEG_MI.mat,eaac59812169d83f02da8004c763191120e8bdcbde980ec090c7bf3453e9ff18,215669,Lee2019_MI,Q15-E007,MU_BETA_SHARED,20260925,0.513582706451416,0.486417293548584,1
s47_2_offline_train_t008,47,2,offline_train,2,session2/s47/sess02_subj47_EEG_MI.mat,eaac59812169d83f02da8004c763191120e8bdcbde980ec090c7bf3453e9ff18,226735,Lee2019_MI,Q15-E007,MU_BETA_SHARED,20260925,0.19580774009227753,0.8041922450065613,2
s47_2_offline_train_t009,47,2,offline_train,1,session2/s47/sess02_subj47_EEG_MI.mat,eaac59812169d83f02da8004c763191120e8bdcbde980ec090c7bf3453e9ff18,238252,Lee2019_MI,Q15-E007,MU_BETA_SHARED,20260925,0.4922342896461487,0.5077657103538513,2
s47_2_offline_train_t010,47,2,offline_train,1,session2/s47/sess02_subj47_EEG_MI.mat,eaac59812169d83f02da8004c763191120e8bdcbde980ec090c7bf3453e9ff18,249768,Lee2019_MI,Q15-E007,MU_BETA_SHARED,20260925,0.7301352620124817,0.2698647081851959,1
s47_2_offline_train_t011,47,2,offline_train,2,session2/s47/sess02_subj47_EEG_MI.mat,eaac59812169d83f02da8004c763191120e8bdcbde980ec090c7bf3453e9ff18,260434,Lee2019_MI,Q15-E007,MU_BETA_SHARED,20260925,0.06491679698228836,0.9350832104682922,2
s47_2_offline_train_t012,47,2,offline_train,2,session2/s47/sess02_subj47_EEG_MI.mat,eaac59812169d83f02da8004c763191120e8bdcbde980ec090c7bf3453e9ff18,271968,Lee2019_MI,Q15-E007,MU_BETA_SHARED,20260925,0.17121416330337524,0.8287858366966248,2
s47_2_offline_train_t013,47,2,offline_train,1,session2/s47/sess02_subj47_EEG_MI.mat,eaac59812169d83f02da8004c763191120e8bdcbde980ec090c7bf3453e9ff18,283484,Lee2019_MI,Q15-E007,MU_BETA_SHARED,20260925,0.5690959095954895,0.4309041202068329,1
s47_2_offline_train_t014,47,2,offline_train,1,session2/s47/sess02_subj47_EEG_MI.mat,eaac59812169d83f02da8004c763191120e8bdcbde980ec090c7bf3453e9ff18,294534,Lee2019_MI,Q15-E007,MU_BETA_SHARED,20260925,0.9934267997741699,0.0065732612274587154,1
s47_2_offline_train_t015,47,2,offline_train,2,session2/s47/sess02_subj47_EEG_MI.mat,eaac59812169d83f02da8004c763191120e8bdcbde980ec090c7bf3453e9ff18,305867,Lee2019_MI,Q15-E007,MU_BETA_SHARED,20260925,0.40645331144332886,0.5935466885566711,2
s47_2_offline_train_t016,47,2,offline_train,1,session2/s47/sess02_subj47_EEG_MI.mat,eaac59812169d83f02da8004c763191120e8bdcbde980ec090c7bf3453e9ff18,316533,Lee2019_MI,Q15-E007,MU_BETA_SHARED,20260925,0.8503791093826294,0.1496208757162094,1
s47_2_offline_train_t017,47,2,offline_train,1,session2/s47/sess02_subj47_EEG_MI.mat,eaac59812169d83f02da8004c763191120e8bdcbde980ec090c7bf3453e9ff18,327500,Lee2019_MI,Q15-E007,MU_BETA_SHARED,20260925,0.6329352259635925,0.36706483364105225,1
s47_2_offline_train_t018,47,2,offline_train,1,session2/s47/sess02_subj47_EEG_MI.mat,eaac59812169d83f02da8004c763191120e8bdcbde980ec090c7bf3453e9ff18,339016,Lee2019_MI,Q15-E007,MU_BETA_SHARED,20260925,0.8641241788864136,0.13587586581707,1
s47_2_offline_train_t019,47,2,offline_train,1,session2/s47/sess02_subj47_EEG_MI.mat,eaac59812169d83f02da8004c763191120e8bdcbde980ec090c7bf3453e9ff18,350349,Lee2019_MI,Q15-E007,MU_BETA_SHARED,20260925,0.6177458763122559,0.38225412368774414,1
s47_2_offline_train_t020,47,2,offline_train,2,session2/s47/sess02_subj47_EEG_MI.mat,eaac59812169d83f02da8004c763191120e8bdcbde980ec090c7bf3453e9ff18,361865,Lee2019_MI,Q15-E007,MU_BETA_SHARED,20260925,0.16046611964702606,0.8395338654518127,2
s47_2_offline_train_t021,47,2,offline_train,2,session2/s47/sess02_subj47_EEG_MI.mat,eaac59812169d83f02da8004c763191120e8bdcbde980ec090c7bf3453e9ff18,373098,Lee2019_MI,Q15-E007,MU_BETA_SHARED,20260925,0.3460666537284851,0.6539332866668701,2
s47_2_offline_train_t022,47,2,offline_train,1,session2/s47/sess02_subj47_EEG_MI.mat,eaac59812169d83f02da8004c763191120e8bdcbde980ec090c7bf3453e9ff18,383698,Lee2019_MI,Q15-E007,MU_BETA_SHARED,20260925,0.9579212069511414,0.04207883030176163,1
s47_2_offline_train_t023,47,2,offline_train,2,session2/s47/sess02_subj47_EEG_MI.mat,eaac59812169d83f02da8004c763191120e8bdcbde980ec090c7bf3453e9ff18,395114,Lee2019_MI,Q15-E007,MU_BETA_SHARED,20260925,0.6941519975662231,0.30584800243377686,1
s47_2_offline_train_t024,47,2,offline_train,2,session2/s47/sess02_subj47_EEG_MI.mat,eaac59812169d83f02da8004c763191120e8bdcbde980ec090c7bf3453e9ff18,406631,Lee2019_MI,Q15-E007,MU_BETA_SHARED,20260925,0.13112637400627136,0.8688735961914062,2
s47_2_offline_train_t025,47,2,offline_train,2,session2/s47/sess02_subj47_EEG_MI.mat,eaac59812169d83f02da8004c763191120e8bdcbde980ec090c7bf3453e9ff18,417864,Lee2019_MI,Q15-E007,MU_BETA_SHARED,20260925,0.7207126021385193,0.2792874276638031,1
s47_2_offline_train_t026,47,2,offline_train,1,session2/s47/sess02_subj47_EEG_MI.mat,eaac59812169d83f02da8004c763191120e8bdcbde980ec090c7bf3453e9ff18,429197,Lee2019_MI,Q15-E007,MU_BETA_SHARED,20260925,0.45857399702072144,0.5414260029792786,2
s47_2_offline_train_t027,47,2,offline_train,2,session2/s47/sess02_subj47_EEG_MI.mat,eaac59812169d83f02da8004c763191120e8bdcbde980ec090c7bf3453e9ff18,440530,Lee2019_MI,Q15-E007,MU_BETA_SHARED,20260925,0.4280282258987427,0.5719717741012573,2
s47_2_offline_train_t028,47,2,offline_train,1,session2/s47/sess02_subj47_EEG_MI.mat,eaac59812169d83f02da8004c763191120e8bdcbde980ec090c7bf3453e9ff18,451497,Lee2019_MI,Q15-E007,MU_BETA_SHARED,20260925,0.6280431151390076,0.37195688486099243,1
s47_2_offline_train_t029,47,2,offline_train,1,session2/s47/sess02_subj47_EEG_MI.mat,eaac59812169d83f02da8004c763191120e8bdcbde980ec090c7bf3453e9ff18,462730,Lee2019_MI,Q15-E007,MU_BETA_SHARED,20260925,0.8501994609832764,0.14980053901672363,1
s47_2_offline_train_t030,47,2,offline_train,2,session2/s47/sess02_subj47_EEG_MI.mat,eaac59812169d83f02da8004c763191120e8bdcbde980ec090c7bf3453e9ff18,473413,Lee2019_MI,Q15-E007,MU_BETA_SHARED,20260925,0.7119595408439636,0.2880404591560364,1
s47_2_offline_train_t031,47,2,offline_train,1,session2/s47/sess02_subj47_EEG_MI.mat,eaac59812169d83f02da8004c763191120e8bdcbde980ec090c7bf3453e9ff18,484646,Lee2019_MI,Q15-E007,MU_BETA_SHARED,20260925,0.549396276473999,0.4506036639213562,1
s47_2_offline_train_t032,47,2,offline_train,2,session2/s47/sess02_subj47_EEG_MI.mat,eaac59812169d83f02da8004c763191120e8bdcbde980ec090c7bf3453e9ff18,495246,Lee2019_MI,Q15-E007,MU_BETA_SHARED,20260925,0.27839067578315735,0.7216092944145203,2
s47_2_offline_train_t033,47,2,offline_train,1,session2/s47/sess02_subj47_EEG_MI.mat,eaac59812169d83f02da8004c763191120e8bdcbde980ec090c7bf3453e9ff18,506112,Lee2019_MI,Q15-E007,MU_BETA_SHARED,20260925,0.9617182016372681,0.03828183934092522,1
s47_2_offline_train_t034,47,2,offline_train,2,session2/s47/sess02_subj47_EEG_MI.mat,eaac59812169d83f02da8004c763191120e8bdcbde980ec090c7bf3453e9ff18,516695,Lee2019_MI,Q15-E007,MU_BETA_SHARED,20260925,0.21014903485774994,0.7898509502410889,2
s47_2_offline_train_t035,47,2,offline_train,2,session2/s47/sess02_subj47_EEG_MI.mat,eaac59812169d83f02da8004c763191120e8bdcbde980ec090c7bf3453e9ff18,527378,Lee2019_MI,Q15-E007,MU_BETA_SHARED,20260925,0.3117601275444031,0.6882398724555969,2
s47_2_offline_train_t036,47,2,offline_train,1,session2/s47/sess02_subj47_EEG_MI.mat,eaac59812169d83f02da8004c763191120e8bdcbde980ec090c7bf3453e9ff18,538711,Lee2019_MI,Q15-E007,MU_BETA_SHARED,20260925,0.8597147464752197,0.14028531312942505,1
s47_2_offline_train_t037,47,2,offline_train,1,session2/s47/sess02_subj47_EEG_MI.mat,eaac59812169d83f02da8004c763191120e8bdcbde980ec090c7bf3453e9ff18,549944,Lee2019_MI,Q15-E007,MU_BETA_SHARED,20260925,0.3971640467643738,0.6028359532356262,2
s47_2_offline_train_t038,47,2,offline_train,2,session2/s47/sess02_subj47_EEG_MI.mat,eaac59812169d83f02da8004c763191120e8bdcbde980ec090c7bf3453e9ff18,560811,Lee2019_MI,Q15-E007,MU_BETA_SHARED,20260925,0.27066195011138916,0.7293379902839661,2
s47_2_offline_train_t039,47,2,offline_train,1,session2/s47/sess02_subj47_EEG_MI.mat,eaac59812169d83f02da8004c763191120e8bdcbde980ec090c7bf3453e9ff18,572327,Lee2019_MI,Q15-E007,MU_BETA_SHARED,20260925,0.8496780395507812,0.15032196044921875,1
s47_2_offline_train_t040,47,2,offline_train,1,session2/s47/sess02_subj47_EEG_MI.mat,eaac59812169d83f02da8004c763191120e8bdcbde980ec090c7bf3453e9ff18,582910,Lee2019_MI,Q15-E007,MU_BETA_SHARED,20260925,0.7243130207061768,0.275687038898468,1
s47_2_offline_train_t041,47,2,offline_train,1,session2/s47/sess02_subj47_EEG_MI.mat,eaac59812169d83f02da8004c763191120e8bdcbde980ec090c7bf3453e9ff18,593876,Lee2019_MI,Q15-E007,MU_BETA_SHARED,20260925,0.9506782293319702,0.04932178556919098,1
s47_2_offline_train_t042,47,2,offline_train,1,session2/s47/sess02_subj47_EEG_MI.mat,eaac59812169d83f02da8004c763191120e8bdcbde980ec090c7bf3453e9ff18,604826,Lee2019_MI,Q15-E007,MU_BETA_SHARED,20260925,0.9609630703926086,0.039036933332681656,1
s47_2_offline_train_t043,47,2,offline_train,2,session2/s47/sess02_subj47_EEG_MI.mat,eaac59812169d83f02da8004c763191120e8bdcbde980ec090c7bf3453e9ff18,616159,Lee2019_MI,Q15-E007,MU_BETA_SHARED,20260925,0.17102034389972687,0.8289796113967896,2
s47_2_offline_train_t044,47,2,offline_train,1,session2/s47/sess02_subj47_EEG_MI.mat,eaac59812169d83f02da8004c763191120e8bdcbde980ec090c7bf3453e9ff18,627492,Lee2019_MI,Q15-E007,MU_BETA_SHARED,20260925,0.8886860609054565,0.11131397634744644,1
s47_2_offline_train_t045,47,2,offline_train,2,session2/s47/sess02_subj47_EEG_MI.mat,eaac59812169d83f02da8004c763191120e8bdcbde980ec090c7bf3453e9ff18,638275,Lee2019_MI,Q15-E007,MU_BETA_SHARED,20260925,0.21728596091270447,0.7827140688896179,2
s47_2_offline_train_t046,47,2,offline_train,1,session2/s47/sess02_subj47_EEG_MI.mat,eaac59812169d83f02da8004c763191120e8bdcbde980ec090c7bf3453e9ff18,649325,Lee2019_MI,Q15-E007,MU_BETA_SHARED,20260925,0.9291284084320068,0.07087162137031555,1
s47_2_offline_train_t047,47,2,offline_train,1,session2/s47/sess02_subj47_EEG_MI.mat,eaac59812169d83f02da8004c763191120e8bdcbde980ec090c7bf3453e9ff18,660275,Lee2019_MI,Q15-E007,MU_BETA_SHARED,20260925,0.969610869884491,0.030389146879315376,1
s47_2_offline_train_t048,47,2,offline_train,1,session2/s47/sess02_subj47_EEG_MI.mat,eaac59812169d83f02da8004c763191120e8bdcbde980ec090c7bf3453e9ff18,671424,Lee2019_MI,Q15-E007,MU_BETA_SHARED,20260925,0.7381446361541748,0.2618553042411804,1
s47_2_offline_train_t049,47,2,offline_train,2,session2/s47/sess02_subj47_EEG_MI.mat,eaac59812169d83f02da8004c763191120e8bdcbde980ec090c7bf3453e9ff18,682657,Lee2019_MI,Q15-E007,MU_BETA_SHARED,20260925,0.43872106075286865,0.5612789392471313,2
s47_2_offline_train_t050,47,2,offline_train,1,session2/s47/sess02_subj47_EEG_MI.mat,eaac59812169d83f02da8004c763191120e8bdcbde980ec090c7bf3453e9ff18,707373,Lee2019_MI,Q15-E007,MU_BETA_SHARED,20260925,0.1503264456987381,0.8496735692024231,2
s47_2_offline_train_t051,47,2,offline_train,1,session2/s47/sess02_subj47_EEG_MI.mat,eaac59812169d83f02da8004c763191120e8bdcbde980ec090c7bf3453e9ff18,718240,Lee2019_MI,Q15-E007,MU_BETA_SHARED,20260925,0.4732738733291626,0.5267260670661926,2
s47_2_offline_train_t052,47,2,offline_train,1,session2/s47/sess02_subj47_EEG_MI.mat,eaac59812169d83f02da8004c763191120e8bdcbde980ec090c7bf3453e9ff18,729473,Lee2019_MI,Q15-E007,MU_BETA_SHARED,20260925,0.8299391269683838,0.1700609177350998,1
s47_2_offline_train_t053,47,2,offline_train,1,session2/s47/sess02_subj47_EEG_MI.mat,eaac59812169d83f02da8004c763191120e8bdcbde980ec090c7bf3453e9ff18,740723,Lee2019_MI,Q15-E007,MU_BETA_SHARED,20260925,0.5513717532157898,0.448628306388855,1
s47_2_offline_train_t054,47,2,offline_train,2,session2/s47/sess02_subj47_EEG_MI.mat,eaac59812169d83f02da8004c763191120e8bdcbde980ec090c7bf3453e9ff18,751389,Lee2019_MI,Q15-E007,MU_BETA_SHARED,20260925,0.7469756007194519,0.2530244290828705,1
s47_2_offline_train_t055,47,2,offline_train,1,session2/s47/sess02_subj47_EEG_MI.mat,eaac59812169d83f02da8004c763191120e8bdcbde980ec090c7bf3453e9ff18,762072,Lee2019_MI,Q15-E007,MU_BETA_SHARED,20260925,0.7309503555297852,0.26904961466789246,1
s47_2_offline_train_t056,47,2,offline_train,1,session2/s47/sess02_subj47_EEG_MI.mat,eaac59812169d83f02da8004c763191120e8bdcbde980ec090c7bf3453e9ff18,773122,Lee2019_MI,Q15-E007,MU_BETA_SHARED,20260925,0.6839137077331543,0.3160862922668457,1
s47_2_offline_train_t057,47,2,offline_train,2,session2/s47/sess02_subj47_EEG_MI.mat,eaac59812169d83f02da8004c763191120e8bdcbde980ec090c7bf3453e9ff18,784638,Lee2019_MI,Q15-E007,MU_BETA_SHARED,20260925,0.37069934606552124,0.6293006539344788,2
s47_2_offline_train_t058,47,2,offline_train,2,session2/s47/sess02_subj47_EEG_MI.mat,eaac59812169d83f02da8004c763191120e8bdcbde980ec090c7bf3453e9ff18,795505,Lee2019_MI,Q15-E007,MU_BETA_SHARED,20260925,0.30351555347442627,0.696484386920929,2
s47_2_offline_train_t059,47,2,offline_train,1,session2/s47/sess02_subj47_EEG_MI.mat,eaac59812169d83f02da8004c763191120e8bdcbde980ec090c7bf3453e9ff18,806654,Lee2019_MI,Q15-E007,MU_BETA_SHARED,20260925,0.5532858371734619,0.4467141628265381,1
s47_2_offline_train_t060,47,2,offline_train,1,session2/s47/sess02_subj47_EEG_MI.mat,eaac59812169d83f02da8004c763191120e8bdcbde980ec090c7bf3453e9ff18,817437,Lee2019_MI,Q15-E007,MU_BETA_SHARED,20260925,0.10463780909776688,0.8953621983528137,2
s47_2_offline_train_t061,47,2,offline_train,2,session2/s47/sess02_subj47_EEG_MI.mat,eaac59812169d83f02da8004c763191120e8bdcbde980ec090c7bf3453e9ff18,828771,Lee2019_MI,Q15-E007,MU_BETA_SHARED,20260925,0.5625024437904358,0.4374975562095642,1
s47_2_offline_train_t062,47,2,offline_train,2,session2/s47/sess02_subj47_EEG_MI.mat,eaac59812169d83f02da8004c763191120e8bdcbde980ec090c7bf3453e9ff18,839537,Lee2019_MI,Q15-E007,MU_BETA_SHARED,20260925,0.3686291575431824,0.6313708424568176,2
s47_2_offline_train_t063,47,2,offline_train,1,session2/s47/sess02_subj47_EEG_MI.mat,eaac59812169d83f02da8004c763191120e8bdcbde980ec090c7bf3453e9ff18,850587,Lee2019_MI,Q15-E007,MU_BETA_SHARED,20260925,0.26094889640808105,0.739051103591919,2
s47_2_offline_train_t064,47,2,offline_train,2,session2/s47/sess02_subj47_EEG_MI.mat,eaac59812169d83f02da8004c763191120e8bdcbde980ec090c7bf3453e9ff18,861820,Lee2019_MI,Q15-E007,MU_BETA_SHARED,20260925,0.5684614181518555,0.4315386116504669,1
s47_2_offline_train_t065,47,2,offline_train,2,session2/s47/sess02_subj47_EEG_MI.mat,eaac59812169d83f02da8004c763191120e8bdcbde980ec090c7bf3453e9ff18,873253,Lee2019_MI,Q15-E007,MU_BETA_SHARED,20260925,0.4295000433921814,0.5705000162124634,2
s47_2_offline_train_t066,47,2,offline_train,2,session2/s47/sess02_subj47_EEG_MI.mat,eaac59812169d83f02da8004c763191120e8bdcbde980ec090c7bf3453e9ff18,884769,Lee2019_MI,Q15-E007,MU_BETA_SHARED,20260925,0.07422557473182678,0.9257744550704956,2
s47_2_offline_train_t067,47,2,offline_train,2,session2/s47/sess02_subj47_EEG_MI.mat,eaac59812169d83f02da8004c763191120e8bdcbde980ec090c7bf3453e9ff18,895919,Lee2019_MI,Q15-E007,MU_BETA_SHARED,20260925,0.1388016641139984,0.8611983060836792,2
s47_2_offline_train_t068,47,2,offline_train,1,session2/s47/sess02_subj47_EEG_MI.mat,eaac59812169d83f02da8004c763191120e8bdcbde980ec090c7bf3453e9ff18,906602,Lee2019_MI,Q15-E007,MU_BETA_SHARED,20260925,0.40640005469322205,0.5935999751091003,2
s47_2_offline_train_t069,47,2,offline_train,1,session2/s47/sess02_subj47_EEG_MI.mat,eaac59812169d83f02da8004c763191120e8bdcbde980ec090c7bf3453e9ff18,917268,Lee2019_MI,Q15-E007,MU_BETA_SHARED,20260925,0.8817948698997498,0.11820510029792786,1
s47_2_offline_train_t070,47,2,offline_train,2,session2/s47/sess02_subj47_EEG_MI.mat,eaac59812169d83f02da8004c763191120e8bdcbde980ec090c7bf3453e9ff18,928051,Lee2019_MI,Q15-E007,MU_BETA_SHARED,20260925,0.12908032536506653,0.8709197044372559,2
s47_2_offline_train_t071,47,2,offline_train,1,session2/s47/sess02_subj47_EEG_MI.mat,eaac59812169d83f02da8004c763191120e8bdcbde980ec090c7bf3453e9ff18,939468,Lee2019_MI,Q15-E007,MU_BETA_SHARED,20260925,0.7659661769866943,0.23403380811214447,1
s47_2_offline_train_t072,47,2,offline_train,2,session2/s47/sess02_subj47_EEG_MI.mat,eaac59812169d83f02da8004c763191120e8bdcbde980ec090c7bf3453e9ff18,950251,Lee2019_MI,Q15-E007,MU_BETA_SHARED,20260925,0.7549242973327637,0.24507568776607513,1
s47_2_offline_train_t073,47,2,offline_train,2,session2/s47/sess02_subj47_EEG_MI.mat,eaac59812169d83f02da8004c763191120e8bdcbde980ec090c7bf3453e9ff18,961584,Lee2019_MI,Q15-E007,MU_BETA_SHARED,20260925,0.19084221124649048,0.8091577291488647,2
s47_2_offline_train_t074,47,2,offline_train,2,session2/s47/sess02_subj47_EEG_MI.mat,eaac59812169d83f02da8004c763191120e8bdcbde980ec090c7bf3453e9ff18,972350,Lee2019_MI,Q15-E007,MU_BETA_SHARED,20260925,0.2899544835090637,0.7100455164909363,2
s47_2_offline_train_t075,47,2,offline_train,1,session2/s47/sess02_subj47_EEG_MI.mat,eaac59812169d83f02da8004c763191120e8bdcbde980ec090c7bf3453e9ff18,983866,Lee2019_MI,Q15-E007,MU_BETA_SHARED,20260925,0.7445786595344543,0.25542134046554565,1
s47_2_offline_train_t076,47,2,offline_train,2,session2/s47/sess02_subj47_EEG_MI.mat,eaac59812169d83f02da8004c763191120e8bdcbde980ec090c7bf3453e9ff18,994733,Lee2019_MI,Q15-E007,MU_BETA_SHARED,20260925,0.24342350661754608,0.7565765380859375,2
s47_2_offline_train_t077,47,2,offline_train,1,session2/s47/sess02_subj47_EEG_MI.mat,eaac59812169d83f02da8004c763191120e8bdcbde980ec090c7bf3453e9ff18,1005516,Lee2019_MI,Q15-E007,MU_BETA_SHARED,20260925,0.679578959941864,0.320421040058136,1
s47_2_offline_train_t078,47,2,offline_train,1,session2/s47/sess02_subj47_EEG_MI.mat,eaac59812169d83f02da8004c763191120e8bdcbde980ec090c7bf3453e9ff18,1016282,Lee2019_MI,Q15-E007,MU_BETA_SHARED,20260925,0.2468516081571579,0.7531484365463257,2
s47_2_offline_train_t079,47,2,offline_train,2,session2/s47/sess02_subj47_EEG_MI.mat,eaac59812169d83f02da8004c763191120e8bdcbde980ec090c7bf3453e9ff18,1027432,Lee2019_MI,Q15-E007,MU_BETA_SHARED,20260925,0.3041304349899292,0.6958695650100708,2
s47_2_offline_train_t080,47,2,offline_train,2,session2/s47/sess02_subj47_EEG_MI.mat,eaac59812169d83f02da8004c763191120e8bdcbde980ec090c7bf3453e9ff18,1038482,Lee2019_MI,Q15-E007,MU_BETA_SHARED,20260925,0.07540781050920486,0.9245922565460205,2
s47_2_offline_train_t081,47,2,offline_train,2,session2/s47/sess02_subj47_EEG_MI.mat,eaac59812169d83f02da8004c763191120e8bdcbde980ec090c7bf3453e9ff18,1049348,Lee2019_MI,Q15-E007,MU_BETA_SHARED,20260925,0.8812965750694275,0.1187034472823143,1
s47_2_offline_train_t082,47,2,offline_train,1,session2/s47/sess02_subj47_EEG_MI.mat,eaac59812169d83f02da8004c763191120e8bdcbde980ec090c7bf3453e9ff18,1060765,Lee2019_MI,Q15-E007,MU_BETA_SHARED,20260925,0.5796728730201721,0.4203271269798279,1
s47_2_offline_train_t083,47,2,offline_train,2,session2/s47/sess02_subj47_EEG_MI.mat,eaac59812169d83f02da8004c763191120e8bdcbde980ec090c7bf3453e9ff18,1071914,Lee2019_MI,Q15-E007,MU_BETA_SHARED,20260925,0.8004834055900574,0.1995166540145874,1
s47_2_offline_train_t084,47,2,offline_train,2,session2/s47/sess02_subj47_EEG_MI.mat,eaac59812169d83f02da8004c763191120e8bdcbde980ec090c7bf3453e9ff18,1082964,Lee2019_MI,Q15-E007,MU_BETA_SHARED,20260925,0.01735859178006649,0.9826413989067078,2
s47_2_offline_train_t085,47,2,offline_train,1,session2/s47/sess02_subj47_EEG_MI.mat,eaac59812169d83f02da8004c763191120e8bdcbde980ec090c7bf3453e9ff18,1094397,Lee2019_MI,Q15-E007,MU_BETA_SHARED,20260925,0.8326540589332581,0.16734597086906433,1
s47_2_offline_train_t086,47,2,offline_train,2,session2/s47/sess02_subj47_EEG_MI.mat,eaac59812169d83f02da8004c763191120e8bdcbde980ec090c7bf3453e9ff18,1105263,Lee2019_MI,Q15-E007,MU_BETA_SHARED,20260925,0.3909595310688019,0.6090404987335205,2
s47_2_offline_train_t087,47,2,offline_train,1,session2/s47/sess02_subj47_EEG_MI.mat,eaac59812169d83f02da8004c763191120e8bdcbde980ec090c7bf3453e9ff18,1116596,Lee2019_MI,Q15-E007,MU_BETA_SHARED,20260925,0.5012597441673279,0.49874022603034973,1
s47_2_offline_train_t088,47,2,offline_train,2,session2/s47/sess02_subj47_EEG_MI.mat,eaac59812169d83f02da8004c763191120e8bdcbde980ec090c7bf3453e9ff18,1127930,Lee2019_MI,Q15-E007,MU_BETA_SHARED,20260925,0.6871263980865479,0.31287360191345215,1
s47_2_offline_train_t089,47,2,offline_train,2,session2/s47/sess02_subj47_EEG_MI.mat,eaac59812169d83f02da8004c763191120e8bdcbde980ec090c7bf3453e9ff18,1138879,Lee2019_MI,Q15-E007,MU_BETA_SHARED,20260925,0.24190372228622437,0.7580962777137756,2
s47_2_offline_train_t090,47,2,offline_train,2,session2/s47/sess02_subj47_EEG_MI.mat,eaac59812169d83f02da8004c763191120e8bdcbde980ec090c7bf3453e9ff18,1150029,Lee2019_MI,Q15-E007,MU_BETA_SHARED,20260925,0.1999729573726654,0.8000270128250122,2
s47_2_offline_train_t091,47,2,offline_train,2,session2/s47/sess02_subj47_EEG_MI.mat,eaac59812169d83f02da8004c763191120e8bdcbde980ec090c7bf3453e9ff18,1160612,Lee2019_MI,Q15-E007,MU_BETA_SHARED,20260925,0.5743242502212524,0.42567574977874756,1
s47_2_offline_train_t092,47,2,offline_train,2,session2/s47/sess02_subj47_EEG_MI.mat,eaac59812169d83f02da8004c763191120e8bdcbde980ec090c7bf3453e9ff18,1171212,Lee2019_MI,Q15-E007,MU_BETA_SHARED,20260925,0.5942991375923157,0.4057008922100067,1
s47_2_offline_train_t093,47,2,offline_train,1,session2/s47/sess02_subj47_EEG_MI.mat,eaac59812169d83f02da8004c763191120e8bdcbde980ec090c7bf3453e9ff18,1182261,Lee2019_MI,Q15-E007,MU_BETA_SHARED,20260925,0.3558546006679535,0.6441454291343689,2
s47_2_offline_train_t094,47,2,offline_train,2,session2/s47/sess02_subj47_EEG_MI.mat,eaac59812169d83f02da8004c763191120e8bdcbde980ec090c7bf3453e9ff18,1193595,Lee2019_MI,Q15-E007,MU_BETA_SHARED,20260925,0.037530653178691864,0.9624693989753723,2
s47_2_offline_train_t095,47,2,offline_train,1,session2/s47/sess02_subj47_EEG_MI.mat,eaac59812169d83f02da8004c763191120e8bdcbde980ec090c7bf3453e9ff18,1205111,Lee2019_MI,Q15-E007,MU_BETA_SHARED,20260925,0.7893347144126892,0.21066530048847198,1
s47_2_offline_train_t096,47,2,offline_train,1,session2/s47/sess02_subj47_EEG_MI.mat,eaac59812169d83f02da8004c763191120e8bdcbde980ec090c7bf3453e9ff18,1215777,Lee2019_MI,Q15-E007,MU_BETA_SHARED,20260925,0.7768014073371887,0.2231985479593277,1
s47_2_offline_train_t097,47,2,offline_train,2,session2/s47/sess02_subj47_EEG_MI.mat,eaac59812169d83f02da8004c763191120e8bdcbde980ec090c7bf3453e9ff18,1226927,Lee2019_MI,Q15-E007,MU_BETA_SHARED,20260925,0.36455437541007996,0.6354456543922424,2
s47_2_offline_train_t098,47,2,offline_train,1,session2/s47/sess02_subj47_EEG_MI.mat,eaac59812169d83f02da8004c763191120e8bdcbde980ec090c7bf3453e9ff18,1237977,Lee2019_MI,Q15-E007,MU_BETA_SHARED,20260925,0.9570431113243103,0.04295695945620537,1
s47_2_offline_train_t099,47,2,offline_train,2,session2/s47/sess02_subj47_EEG_MI.mat,eaac59812169d83f02da8004c763191120e8bdcbde980ec090c7bf3453e9ff18,1248577,Lee2019_MI,Q15-E007,MU_BETA_SHARED,20260925,0.24360935389995575,0.7563906311988831,2
s47_2_offline_train_t100,47,2,offline_train,2,session2/s47/sess02_subj47_EEG_MI.mat,eaac59812169d83f02da8004c763191120e8bdcbde980ec090c7bf3453e9ff18,1259443,Lee2019_MI,Q15-E007,MU_BETA_SHARED,20260925,0.42655065655708313,0.5734493732452393,2
s47_1_offline_train_t001,47,1,offline_train,1,session1/s47/sess01_subj47_EEG_MI.mat,9e1e3cb79f82ec08d87c80aaa8d5929479ceccd454f25b3d3fea7115f3eb05c9,176090,Lee2019_MI,Q15-E007,MU_BETA_SHARED,20260926,0.6015899181365967,0.3984101414680481,1
s47_1_offline_train_t002,47,1,offline_train,2,session1/s47/sess01_subj47_EEG_MI.mat,9e1e3cb79f82ec08d87c80aaa8d5929479ceccd454f25b3d3fea7115f3eb05c9,187623,Lee2019_MI,Q15-E007,MU_BETA_SHARED,20260926,0.7312436103820801,0.26875635981559753,1
s47_1_offline_train_t003,47,1,offline_train,1,session1/s47/sess01_subj47_EEG_MI.mat,9e1e3cb79f82ec08d87c80aaa8d5929479ceccd454f25b3d3fea7115f3eb05c9,198308,Lee2019_MI,Q15-E007,MU_BETA_SHARED,20260926,0.7960072755813599,0.20399267971515656,1
s47_1_offline_train_t004,47,1,offline_train,1,session1/s47/sess01_subj47_EEG_MI.mat,9e1e3cb79f82ec08d87c80aaa8d5929479ceccd454f25b3d3fea7115f3eb05c9,209824,Lee2019_MI,Q15-E007,MU_BETA_SHARED,20260926,0.8979130387306213,0.10208696126937866,1
s47_1_offline_train_t005,47,1,offline_train,2,session1/s47/sess01_subj47_EEG_MI.mat,9e1e3cb79f82ec08d87c80aaa8d5929479ceccd454f25b3d3fea7115f3eb05c9,220974,Lee2019_MI,Q15-E007,MU_BETA_SHARED,20260926,0.11676738411188126,0.8832326531410217,2
s47_1_offline_train_t006,47,1,offline_train,2,session1/s47/sess01_subj47_EEG_MI.mat,9e1e3cb79f82ec08d87c80aaa8d5929479ceccd454f25b3d3fea7115f3eb05c9,231657,Lee2019_MI,Q15-E007,MU_BETA_SHARED,20260926,0.42863187193870544,0.5713681578636169,2
s47_1_offline_train_t007,47,1,offline_train,1,session1/s47/sess01_subj47_EEG_MI.mat,9e1e3cb79f82ec08d87c80aaa8d5929479ceccd454f25b3d3fea7115f3eb05c9,242523,Lee2019_MI,Q15-E007,MU_BETA_SHARED,20260926,0.968148410320282,0.031851645559072495,1
s47_1_offline_train_t008,47,1,offline_train,2,session1/s47/sess01_subj47_EEG_MI.mat,9e1e3cb79f82ec08d87c80aaa8d5929479ceccd454f25b3d3fea7115f3eb05c9,253655,Lee2019_MI,Q15-E007,MU_BETA_SHARED,20260926,0.24610842764377594,0.7538915872573853,2
s47_1_offline_train_t009,47,1,offline_train,1,session1/s47/sess01_subj47_EEG_MI.mat,9e1e3cb79f82ec08d87c80aaa8d5929479ceccd454f25b3d3fea7115f3eb05c9,265173,Lee2019_MI,Q15-E007,MU_BETA_SHARED,20260926,0.9593087434768677,0.0406913161277771,1
s47_1_offline_train_t010,47,1,offline_train,1,session1/s47/sess01_subj47_EEG_MI.mat,9e1e3cb79f82ec08d87c80aaa8d5929479ceccd454f25b3d3fea7115f3eb05c9,276689,Lee2019_MI,Q15-E007,MU_BETA_SHARED,20260926,0.8102364540100098,0.18976357579231262,1
s47_1_offline_train_t011,47,1,offline_train,2,session1/s47/sess01_subj47_EEG_MI.mat,9e1e3cb79f82ec08d87c80aaa8d5929479ceccd454f25b3d3fea7115f3eb05c9,287373,Lee2019_MI,Q15-E007,MU_BETA_SHARED,20260926,0.2546195387840271,0.7453804612159729,2
s47_1_offline_train_t012,47,1,offline_train,2,session1/s47/sess01_subj47_EEG_MI.mat,9e1e3cb79f82ec08d87c80aaa8d5929479ceccd454f25b3d3fea7115f3eb05c9,298889,Lee2019_MI,Q15-E007,MU_BETA_SHARED,20260926,0.5916954278945923,0.4083045721054077,1
s47_1_offline_train_t013,47,1,offline_train,1,session1/s47/sess01_subj47_EEG_MI.mat,9e1e3cb79f82ec08d87c80aaa8d5929479ceccd454f25b3d3fea7115f3eb05c9,310405,Lee2019_MI,Q15-E007,MU_BETA_SHARED,20260926,0.9759454131126404,0.024054624140262604,1
s47_1_offline_train_t014,47,1,offline_train,1,session1/s47/sess01_subj47_EEG_MI.mat,9e1e3cb79f82ec08d87c80aaa8d5929479ceccd454f25b3d3fea7115f3eb05c9,321454,Lee2019_MI,Q15-E007,MU_BETA_SHARED,20260926,0.8319284915924072,0.16807153820991516,1
s47_1_offline_train_t015,47,1,offline_train,2,session1/s47/sess01_subj47_EEG_MI.mat,9e1e3cb79f82ec08d87c80aaa8d5929479ceccd454f25b3d3fea7115f3eb05c9,332788,Lee2019_MI,Q15-E007,MU_BETA_SHARED,20260926,0.10658075660467148,0.8934192061424255,2
s47_1_offline_train_t016,47,1,offline_train,1,session1/s47/sess01_subj47_EEG_MI.mat,9e1e3cb79f82ec08d87c80aaa8d5929479ceccd454f25b3d3fea7115f3eb05c9,343471,Lee2019_MI,Q15-E007,MU_BETA_SHARED,20260926,0.864864706993103,0.13513530790805817,1
s47_1_offline_train_t017,47,1,offline_train,1,session1/s47/sess01_subj47_EEG_MI.mat,9e1e3cb79f82ec08d87c80aaa8d5929479ceccd454f25b3d3fea7115f3eb05c9,354437,Lee2019_MI,Q15-E007,MU_BETA_SHARED,20260926,0.8601507544517517,0.1398492455482483,1
s47_1_offline_train_t018,47,1,offline_train,1,session1/s47/sess01_subj47_EEG_MI.mat,9e1e3cb79f82ec08d87c80aaa8d5929479ceccd454f25b3d3fea7115f3eb05c9,365854,Lee2019_MI,Q15-E007,MU_BETA_SHARED,20260926,0.5682791471481323,0.4317208230495453,1
s47_1_offline_train_t019,47,1,offline_train,1,session1/s47/sess01_subj47_EEG_MI.mat,9e1e3cb79f82ec08d87c80aaa8d5929479ceccd454f25b3d3fea7115f3eb05c9,377188,Lee2019_MI,Q15-E007,MU_BETA_SHARED,20260926,0.32434237003326416,0.6756575703620911,2
s47_1_offline_train_t020,47,1,offline_train,2,session1/s47/sess01_subj47_EEG_MI.mat,9e1e3cb79f82ec08d87c80aaa8d5929479ceccd454f25b3d3fea7115f3eb05c9,388704,Lee2019_MI,Q15-E007,MU_BETA_SHARED,20260926,0.24036920070648193,0.7596308588981628,2
s47_1_offline_train_t021,47,1,offline_train,2,session1/s47/sess01_subj47_EEG_MI.mat,9e1e3cb79f82ec08d87c80aaa8d5929479ceccd454f25b3d3fea7115f3eb05c9,399937,Lee2019_MI,Q15-E007,MU_BETA_SHARED,20260926,0.6617030501365662,0.33829694986343384,1
s47_1_offline_train_t022,47,1,offline_train,1,session1/s47/sess01_subj47_EEG_MI.mat,9e1e3cb79f82ec08d87c80aaa8d5929479ceccd454f25b3d3fea7115f3eb05c9,410537,Lee2019_MI,Q15-E007,MU_BETA_SHARED,20260926,0.8474459648132324,0.15255402028560638,1
s47_1_offline_train_t023,47,1,offline_train,2,session1/s47/sess01_subj47_EEG_MI.mat,9e1e3cb79f82ec08d87c80aaa8d5929479ceccd454f25b3d3fea7115f3eb05c9,421953,Lee2019_MI,Q15-E007,MU_BETA_SHARED,20260926,0.8121669888496399,0.1878330558538437,1
s47_1_offline_train_t024,47,1,offline_train,2,session1/s47/sess01_subj47_EEG_MI.mat,9e1e3cb79f82ec08d87c80aaa8d5929479ceccd454f25b3d3fea7115f3eb05c9,433470,Lee2019_MI,Q15-E007,MU_BETA_SHARED,20260926,0.5401939153671265,0.45980602502822876,1
s47_1_offline_train_t025,47,1,offline_train,2,session1/s47/sess01_subj47_EEG_MI.mat,9e1e3cb79f82ec08d87c80aaa8d5929479ceccd454f25b3d3fea7115f3eb05c9,444720,Lee2019_MI,Q15-E007,MU_BETA_SHARED,20260926,0.8428307175636292,0.15716926753520966,1
s47_1_offline_train_t026,47,1,offline_train,1,session1/s47/sess01_subj47_EEG_MI.mat,9e1e3cb79f82ec08d87c80aaa8d5929479ceccd454f25b3d3fea7115f3eb05c9,456036,Lee2019_MI,Q15-E007,MU_BETA_SHARED,20260926,0.8136254549026489,0.1863745152950287,1
s47_1_offline_train_t027,47,1,offline_train,2,session1/s47/sess01_subj47_EEG_MI.mat,9e1e3cb79f82ec08d87c80aaa8d5929479ceccd454f25b3d3fea7115f3eb05c9,467286,Lee2019_MI,Q15-E007,MU_BETA_SHARED,20260926,0.6265036463737488,0.37349632382392883,1
s47_1_offline_train_t028,47,1,offline_train,1,session1/s47/sess01_subj47_EEG_MI.mat,9e1e3cb79f82ec08d87c80aaa8d5929479ceccd454f25b3d3fea7115f3eb05c9,478236,Lee2019_MI,Q15-E007,MU_BETA_SHARED,20260926,0.9373717308044434,0.06262826174497604,1
s47_1_offline_train_t029,47,1,offline_train,1,session1/s47/sess01_subj47_EEG_MI.mat,9e1e3cb79f82ec08d87c80aaa8d5929479ceccd454f25b3d3fea7115f3eb05c9,489484,Lee2019_MI,Q15-E007,MU_BETA_SHARED,20260926,0.7372338771820068,0.2627660930156708,1
s47_1_offline_train_t030,47,1,offline_train,2,session1/s47/sess01_subj47_EEG_MI.mat,9e1e3cb79f82ec08d87c80aaa8d5929479ceccd454f25b3d3fea7115f3eb05c9,500252,Lee2019_MI,Q15-E007,MU_BETA_SHARED,20260926,0.10736792534589767,0.8926320672035217,2
s47_1_offline_train_t031,47,1,offline_train,1,session1/s47/sess01_subj47_EEG_MI.mat,9e1e3cb79f82ec08d87c80aaa8d5929479ceccd454f25b3d3fea7115f3eb05c9,511485,Lee2019_MI,Q15-E007,MU_BETA_SHARED,20260926,0.8323103785514832,0.16768969595432281,1
s47_1_offline_train_t032,47,1,offline_train,2,session1/s47/sess01_subj47_EEG_MI.mat,9e1e3cb79f82ec08d87c80aaa8d5929479ceccd454f25b3d3fea7115f3eb05c9,522085,Lee2019_MI,Q15-E007,MU_BETA_SHARED,20260926,0.802160382270813,0.1978396326303482,1
s47_1_offline_train_t033,47,1,offline_train,1,session1/s47/sess01_subj47_EEG_MI.mat,9e1e3cb79f82ec08d87c80aaa8d5929479ceccd454f25b3d3fea7115f3eb05c9,532951,Lee2019_MI,Q15-E007,MU_BETA_SHARED,20260926,0.6930451989173889,0.30695483088493347,1
s47_1_offline_train_t034,47,1,offline_train,2,session1/s47/sess01_subj47_EEG_MI.mat,9e1e3cb79f82ec08d87c80aaa8d5929479ceccd454f25b3d3fea7115f3eb05c9,543535,Lee2019_MI,Q15-E007,MU_BETA_SHARED,20260926,0.8188478350639343,0.18115220963954926,1
s47_1_offline_train_t035,47,1,offline_train,2,session1/s47/sess01_subj47_EEG_MI.mat,9e1e3cb79f82ec08d87c80aaa8d5929479ceccd454f25b3d3fea7115f3eb05c9,554218,Lee2019_MI,Q15-E007,MU_BETA_SHARED,20260926,0.07830621302127838,0.9216938018798828,2
s47_1_offline_train_t036,47,1,offline_train,1,session1/s47/sess01_subj47_EEG_MI.mat,9e1e3cb79f82ec08d87c80aaa8d5929479ceccd454f25b3d3fea7115f3eb05c9,565551,Lee2019_MI,Q15-E007,MU_BETA_SHARED,20260926,0.9648821353912354,0.03511781990528107,1
s47_1_offline_train_t037,47,1,offline_train,1,session1/s47/sess01_subj47_EEG_MI.mat,9e1e3cb79f82ec08d87c80aaa8d5929479ceccd454f25b3d3fea7115f3eb05c9,576784,Lee2019_MI,Q15-E007,MU_BETA_SHARED,20260926,0.6092145442962646,0.39078548550605774,1
s47_1_offline_train_t038,47,1,offline_train,2,session1/s47/sess01_subj47_EEG_MI.mat,9e1e3cb79f82ec08d87c80aaa8d5929479ceccd454f25b3d3fea7115f3eb05c9,587650,Lee2019_MI,Q15-E007,MU_BETA_SHARED,20260926,0.12843145430088043,0.8715685606002808,2
s47_1_offline_train_t039,47,1,offline_train,1,session1/s47/sess01_subj47_EEG_MI.mat,9e1e3cb79f82ec08d87c80aaa8d5929479ceccd454f25b3d3fea7115f3eb05c9,599167,Lee2019_MI,Q15-E007,MU_BETA_SHARED,20260926,0.7412236928939819,0.25877630710601807,1
s47_1_offline_train_t040,47,1,offline_train,1,session1/s47/sess01_subj47_EEG_MI.mat,9e1e3cb79f82ec08d87c80aaa8d5929479ceccd454f25b3d3fea7115f3eb05c9,609750,Lee2019_MI,Q15-E007,MU_BETA_SHARED,20260926,0.5579668283462524,0.44203314185142517,1
s47_1_offline_train_t041,47,1,offline_train,1,session1/s47/sess01_subj47_EEG_MI.mat,9e1e3cb79f82ec08d87c80aaa8d5929479ceccd454f25b3d3fea7115f3eb05c9,620716,Lee2019_MI,Q15-E007,MU_BETA_SHARED,20260926,0.8756518363952637,0.12434813380241394,1
s47_1_offline_train_t042,47,1,offline_train,1,session1/s47/sess01_subj47_EEG_MI.mat,9e1e3cb79f82ec08d87c80aaa8d5929479ceccd454f25b3d3fea7115f3eb05c9,631683,Lee2019_MI,Q15-E007,MU_BETA_SHARED,20260926,0.9001868367195129,0.09981317818164825,1
s47_1_offline_train_t043,47,1,offline_train,2,session1/s47/sess01_subj47_EEG_MI.mat,9e1e3cb79f82ec08d87c80aaa8d5929479ceccd454f25b3d3fea7115f3eb05c9,642999,Lee2019_MI,Q15-E007,MU_BETA_SHARED,20260926,0.7776734232902527,0.22232657670974731,1
s47_1_offline_train_t044,47,1,offline_train,1,session1/s47/sess01_subj47_EEG_MI.mat,9e1e3cb79f82ec08d87c80aaa8d5929479ceccd454f25b3d3fea7115f3eb05c9,654333,Lee2019_MI,Q15-E007,MU_BETA_SHARED,20260926,0.9863308668136597,0.01366916112601757,1
s47_1_offline_train_t045,47,1,offline_train,2,session1/s47/sess01_subj47_EEG_MI.mat,9e1e3cb79f82ec08d87c80aaa8d5929479ceccd454f25b3d3fea7115f3eb05c9,665116,Lee2019_MI,Q15-E007,MU_BETA_SHARED,20260926,0.7981650829315186,0.20183487236499786,1
s47_1_offline_train_t046,47,1,offline_train,1,session1/s47/sess01_subj47_EEG_MI.mat,9e1e3cb79f82ec08d87c80aaa8d5929479ceccd454f25b3d3fea7115f3eb05c9,676165,Lee2019_MI,Q15-E007,MU_BETA_SHARED,20260926,0.5706939697265625,0.4293060600757599,1
s47_1_offline_train_t047,47,1,offline_train,1,session1/s47/sess01_subj47_EEG_MI.mat,9e1e3cb79f82ec08d87c80aaa8d5929479ceccd454f25b3d3fea7115f3eb05c9,687132,Lee2019_MI,Q15-E007,MU_BETA_SHARED,20260926,0.9595291614532471,0.040470801293849945,1
s47_1_offline_train_t048,47,1,offline_train,1,session1/s47/sess01_subj47_EEG_MI.mat,9e1e3cb79f82ec08d87c80aaa8d5929479ceccd454f25b3d3fea7115f3eb05c9,698365,Lee2019_MI,Q15-E007,MU_BETA_SHARED,20260926,0.5356781482696533,0.4643218517303467,1
s47_1_offline_train_t049,47,1,offline_train,2,session1/s47/sess01_subj47_EEG_MI.mat,9e1e3cb79f82ec08d87c80aaa8d5929479ceccd454f25b3d3fea7115f3eb05c9,709598,Lee2019_MI,Q15-E007,MU_BETA_SHARED,20260926,0.3901708424091339,0.6098291277885437,2
s47_1_offline_train_t050,47,1,offline_train,1,session1/s47/sess01_subj47_EEG_MI.mat,9e1e3cb79f82ec08d87c80aaa8d5929479ceccd454f25b3d3fea7115f3eb05c9,732448,Lee2019_MI,Q15-E007,MU_BETA_SHARED,20260926,0.2500532269477844,0.7499467134475708,2
s47_1_offline_train_t051,47,1,offline_train,1,session1/s47/sess01_subj47_EEG_MI.mat,9e1e3cb79f82ec08d87c80aaa8d5929479ceccd454f25b3d3fea7115f3eb05c9,743314,Lee2019_MI,Q15-E007,MU_BETA_SHARED,20260926,0.5183519124984741,0.4816480576992035,1
s47_1_offline_train_t052,47,1,offline_train,1,session1/s47/sess01_subj47_EEG_MI.mat,9e1e3cb79f82ec08d87c80aaa8d5929479ceccd454f25b3d3fea7115f3eb05c9,754547,Lee2019_MI,Q15-E007,MU_BETA_SHARED,20260926,0.3377314507961273,0.6622685194015503,2
s47_1_offline_train_t053,47,1,offline_train,1,session1/s47/sess01_subj47_EEG_MI.mat,9e1e3cb79f82ec08d87c80aaa8d5929479ceccd454f25b3d3fea7115f3eb05c9,765797,Lee2019_MI,Q15-E007,MU_BETA_SHARED,20260926,0.7952805161476135,0.2047194093465805,1
s47_1_offline_train_t054,47,1,offline_train,2,session1/s47/sess01_subj47_EEG_MI.mat,9e1e3cb79f82ec08d87c80aaa8d5929479ceccd454f25b3d3fea7115f3eb05c9,776480,Lee2019_MI,Q15-E007,MU_BETA_SHARED,20260926,0.636350691318512,0.36364927887916565,1
s47_1_offline_train_t055,47,1,offline_train,1,session1/s47/sess01_subj47_EEG_MI.mat,9e1e3cb79f82ec08d87c80aaa8d5929479ceccd454f25b3d3fea7115f3eb05c9,787146,Lee2019_MI,Q15-E007,MU_BETA_SHARED,20260926,0.9882959723472595,0.011704036965966225,1
s47_1_offline_train_t056,47,1,offline_train,1,session1/s47/sess01_subj47_EEG_MI.mat,9e1e3cb79f82ec08d87c80aaa8d5929479ceccd454f25b3d3fea7115f3eb05c9,798213,Lee2019_MI,Q15-E007,MU_BETA_SHARED,20260926,0.8925599455833435,0.10743999481201172,1
s47_1_offline_train_t057,47,1,offline_train,2,session1/s47/sess01_subj47_EEG_MI.mat,9e1e3cb79f82ec08d87c80aaa8d5929479ceccd454f25b3d3fea7115f3eb05c9,809730,Lee2019_MI,Q15-E007,MU_BETA_SHARED,20260926,0.022869456559419632,0.9771305322647095,2
s47_1_offline_train_t058,47,1,offline_train,2,session1/s47/sess01_subj47_EEG_MI.mat,9e1e3cb79f82ec08d87c80aaa8d5929479ceccd454f25b3d3fea7115f3eb05c9,820596,Lee2019_MI,Q15-E007,MU_BETA_SHARED,20260926,0.6673147082328796,0.3326852321624756,1
s47_1_offline_train_t059,47,1,offline_train,1,session1/s47/sess01_subj47_EEG_MI.mat,9e1e3cb79f82ec08d87c80aaa8d5929479ceccd454f25b3d3fea7115f3eb05c9,831729,Lee2019_MI,Q15-E007,MU_BETA_SHARED,20260926,0.36399391293525696,0.6360060572624207,2
s47_1_offline_train_t060,47,1,offline_train,1,session1/s47/sess01_subj47_EEG_MI.mat,9e1e3cb79f82ec08d87c80aaa8d5929479ceccd454f25b3d3fea7115f3eb05c9,842512,Lee2019_MI,Q15-E007,MU_BETA_SHARED,20260926,0.6244964003562927,0.3755035996437073,1
s47_1_offline_train_t061,47,1,offline_train,2,session1/s47/sess01_subj47_EEG_MI.mat,9e1e3cb79f82ec08d87c80aaa8d5929479ceccd454f25b3d3fea7115f3eb05c9,853845,Lee2019_MI,Q15-E007,MU_BETA_SHARED,20260926,0.6411579251289368,0.35884204506874084,1
s47_1_offline_train_t062,47,1,offline_train,2,session1/s47/sess01_subj47_EEG_MI.mat,9e1e3cb79f82ec08d87c80aaa8d5929479ceccd454f25b3d3fea7115f3eb05c9,864612,Lee2019_MI,Q15-E007,MU_BETA_SHARED,20260926,0.9017168879508972,0.09828309714794159,1
s47_1_offline_train_t063,47,1,offline_train,1,session1/s47/sess01_subj47_EEG_MI.mat,9e1e3cb79f82ec08d87c80aaa8d5929479ceccd454f25b3d3fea7115f3eb05c9,875662,Lee2019_MI,Q15-E007,MU_BETA_SHARED,20260926,0.3169623911380768,0.6830375790596008,2
s47_1_offline_train_t064,47,1,offline_train,2,session1/s47/sess01_subj47_EEG_MI.mat,9e1e3cb79f82ec08d87c80aaa8d5929479ceccd454f25b3d3fea7115f3eb05c9,886911,Lee2019_MI,Q15-E007,MU_BETA_SHARED,20260926,0.4275525212287903,0.5724474787712097,2
s47_1_offline_train_t065,47,1,offline_train,2,session1/s47/sess01_subj47_EEG_MI.mat,9e1e3cb79f82ec08d87c80aaa8d5929479ceccd454f25b3d3fea7115f3eb05c9,898328,Lee2019_MI,Q15-E007,MU_BETA_SHARED,20260926,0.10537112504243851,0.8946289420127869,2
s47_1_offline_train_t066,47,1,offline_train,2,session1/s47/sess01_subj47_EEG_MI.mat,9e1e3cb79f82ec08d87c80aaa8d5929479ceccd454f25b3d3fea7115f3eb05c9,909844,Lee2019_MI,Q15-E007,MU_BETA_SHARED,20260926,0.958756685256958,0.04124327749013901,1
s47_1_offline_train_t067,47,1,offline_train,2,session1/s47/sess01_subj47_EEG_MI.mat,9e1e3cb79f82ec08d87c80aaa8d5929479ceccd454f25b3d3fea7115f3eb05c9,920994,Lee2019_MI,Q15-E007,MU_BETA_SHARED,20260926,0.9848955869674683,0.015104453079402447,1
s47_1_offline_train_t068,47,1,offline_train,1,session1/s47/sess01_subj47_EEG_MI.mat,9e1e3cb79f82ec08d87c80aaa8d5929479ceccd454f25b3d3fea7115f3eb05c9,931677,Lee2019_MI,Q15-E007,MU_BETA_SHARED,20260926,0.6838322281837463,0.3161677420139313,1
s47_1_offline_train_t069,47,1,offline_train,1,session1/s47/sess01_subj47_EEG_MI.mat,9e1e3cb79f82ec08d87c80aaa8d5929479ceccd454f25b3d3fea7115f3eb05c9,942360,Lee2019_MI,Q15-E007,MU_BETA_SHARED,20260926,0.5279055237770081,0.47209441661834717,1
s47_1_offline_train_t070,47,1,offline_train,2,session1/s47/sess01_subj47_EEG_MI.mat,9e1e3cb79f82ec08d87c80aaa8d5929479ceccd454f25b3d3fea7115f3eb05c9,953127,Lee2019_MI,Q15-E007,MU_BETA_SHARED,20260926,0.31458550691604614,0.6854144334793091,2
s47_1_offline_train_t071,47,1,offline_train,1,session1/s47/sess01_subj47_EEG_MI.mat,9e1e3cb79f82ec08d87c80aaa8d5929479ceccd454f25b3d3fea7115f3eb05c9,964543,Lee2019_MI,Q15-E007,MU_BETA_SHARED,20260926,0.991302490234375,0.00869754422456026,1
s47_1_offline_train_t072,47,1,offline_train,2,session1/s47/sess01_subj47_EEG_MI.mat,9e1e3cb79f82ec08d87c80aaa8d5929479ceccd454f25b3d3fea7115f3eb05c9,975326,Lee2019_MI,Q15-E007,MU_BETA_SHARED,20260926,0.4336743652820587,0.5663256645202637,2
s47_1_offline_train_t073,47,1,offline_train,2,session1/s47/sess01_subj47_EEG_MI.mat,9e1e3cb79f82ec08d87c80aaa8d5929479ceccd454f25b3d3fea7115f3eb05c9,986659,Lee2019_MI,Q15-E007,MU_BETA_SHARED,20260926,0.5536359548568726,0.44636401534080505,1
s47_1_offline_train_t074,47,1,offline_train,2,session1/s47/sess01_subj47_EEG_MI.mat,9e1e3cb79f82ec08d87c80aaa8d5929479ceccd454f25b3d3fea7115f3eb05c9,997426,Lee2019_MI,Q15-E007,MU_BETA_SHARED,20260926,0.8427329063415527,0.15726709365844727,1
s47_1_offline_train_t075,47,1,offline_train,1,session1/s47/sess01_subj47_EEG_MI.mat,9e1e3cb79f82ec08d87c80aaa8d5929479ceccd454f25b3d3fea7115f3eb05c9,1008942,Lee2019_MI,Q15-E007,MU_BETA_SHARED,20260926,0.8707249164581299,0.1292750984430313,1
s47_1_offline_train_t076,47,1,offline_train,2,session1/s47/sess01_subj47_EEG_MI.mat,9e1e3cb79f82ec08d87c80aaa8d5929479ceccd454f25b3d3fea7115f3eb05c9,1019809,Lee2019_MI,Q15-E007,MU_BETA_SHARED,20260926,0.30003872513771057,0.6999613046646118,2
s47_1_offline_train_t077,47,1,offline_train,1,session1/s47/sess01_subj47_EEG_MI.mat,9e1e3cb79f82ec08d87c80aaa8d5929479ceccd454f25b3d3fea7115f3eb05c9,1030592,Lee2019_MI,Q15-E007,MU_BETA_SHARED,20260926,0.8622574806213379,0.13774247467517853,1
s47_1_offline_train_t078,47,1,offline_train,1,session1/s47/sess01_subj47_EEG_MI.mat,9e1e3cb79f82ec08d87c80aaa8d5929479ceccd454f25b3d3fea7115f3eb05c9,1041358,Lee2019_MI,Q15-E007,MU_BETA_SHARED,20260926,0.927142858505249,0.07285715639591217,1
s47_1_offline_train_t079,47,1,offline_train,2,session1/s47/sess01_subj47_EEG_MI.mat,9e1e3cb79f82ec08d87c80aaa8d5929479ceccd454f25b3d3fea7115f3eb05c9,1052508,Lee2019_MI,Q15-E007,MU_BETA_SHARED,20260926,0.6253407001495361,0.3746592402458191,1
s47_1_offline_train_t080,47,1,offline_train,2,session1/s47/sess01_subj47_EEG_MI.mat,9e1e3cb79f82ec08d87c80aaa8d5929479ceccd454f25b3d3fea7115f3eb05c9,1063558,Lee2019_MI,Q15-E007,MU_BETA_SHARED,20260926,0.5441294312477112,0.4558706283569336,1
s47_1_offline_train_t081,47,1,offline_train,2,session1/s47/sess01_subj47_EEG_MI.mat,9e1e3cb79f82ec08d87c80aaa8d5929479ceccd454f25b3d3fea7115f3eb05c9,1074424,Lee2019_MI,Q15-E007,MU_BETA_SHARED,20260926,0.4312536418437958,0.5687463879585266,2
s47_1_offline_train_t082,47,1,offline_train,1,session1/s47/sess01_subj47_EEG_MI.mat,9e1e3cb79f82ec08d87c80aaa8d5929479ceccd454f25b3d3fea7115f3eb05c9,1085858,Lee2019_MI,Q15-E007,MU_BETA_SHARED,20260926,0.37674757838249207,0.6232523918151855,2
s47_1_offline_train_t083,47,1,offline_train,2,session1/s47/sess01_subj47_EEG_MI.mat,9e1e3cb79f82ec08d87c80aaa8d5929479ceccd454f25b3d3fea7115f3eb05c9,1096991,Lee2019_MI,Q15-E007,MU_BETA_SHARED,20260926,0.45667845010757446,0.5433215498924255,2
s47_1_offline_train_t084,47,1,offline_train,2,session1/s47/sess01_subj47_EEG_MI.mat,9e1e3cb79f82ec08d87c80aaa8d5929479ceccd454f25b3d3fea7115f3eb05c9,1108141,Lee2019_MI,Q15-E007,MU_BETA_SHARED,20260926,0.6482245922088623,0.3517754375934601,1
s47_1_offline_train_t085,47,1,offline_train,1,session1/s47/sess01_subj47_EEG_MI.mat,9e1e3cb79f82ec08d87c80aaa8d5929479ceccd454f25b3d3fea7115f3eb05c9,1119557,Lee2019_MI,Q15-E007,MU_BETA_SHARED,20260926,0.4391322433948517,0.5608677268028259,2
s47_1_offline_train_t086,47,1,offline_train,2,session1/s47/sess01_subj47_EEG_MI.mat,9e1e3cb79f82ec08d87c80aaa8d5929479ceccd454f25b3d3fea7115f3eb05c9,1130423,Lee2019_MI,Q15-E007,MU_BETA_SHARED,20260926,0.5210971236228943,0.4789029061794281,1
s47_1_offline_train_t087,47,1,offline_train,1,session1/s47/sess01_subj47_EEG_MI.mat,9e1e3cb79f82ec08d87c80aaa8d5929479ceccd454f25b3d3fea7115f3eb05c9,1141756,Lee2019_MI,Q15-E007,MU_BETA_SHARED,20260926,0.9671429395675659,0.032857056707143784,1
s47_1_offline_train_t088,47,1,offline_train,2,session1/s47/sess01_subj47_EEG_MI.mat,9e1e3cb79f82ec08d87c80aaa8d5929479ceccd454f25b3d3fea7115f3eb05c9,1153090,Lee2019_MI,Q15-E007,MU_BETA_SHARED,20260926,0.5674840211868286,0.4325159192085266,1
s47_1_offline_train_t089,47,1,offline_train,2,session1/s47/sess01_subj47_EEG_MI.mat,9e1e3cb79f82ec08d87c80aaa8d5929479ceccd454f25b3d3fea7115f3eb05c9,1164056,Lee2019_MI,Q15-E007,MU_BETA_SHARED,20260926,0.9628488421440125,0.03715110570192337,1
s47_1_offline_train_t090,47,1,offline_train,2,session1/s47/sess01_subj47_EEG_MI.mat,9e1e3cb79f82ec08d87c80aaa8d5929479ceccd454f25b3d3fea7115f3eb05c9,1175206,Lee2019_MI,Q15-E007,MU_BETA_SHARED,20260926,0.23189374804496765,0.76810622215271,2
s47_1_offline_train_t091,47,1,offline_train,2,session1/s47/sess01_subj47_EEG_MI.mat,9e1e3cb79f82ec08d87c80aaa8d5929479ceccd454f25b3d3fea7115f3eb05c9,1185789,Lee2019_MI,Q15-E007,MU_BETA_SHARED,20260926,0.7798731923103333,0.22012676298618317,1
s47_1_offline_train_t092,47,1,offline_train,2,session1/s47/sess01_subj47_EEG_MI.mat,9e1e3cb79f82ec08d87c80aaa8d5929479ceccd454f25b3d3fea7115f3eb05c9,1196372,Lee2019_MI,Q15-E007,MU_BETA_SHARED,20260926,0.9716877937316895,0.02831219881772995,1
s47_1_offline_train_t093,47,1,offline_train,1,session1/s47/sess01_subj47_EEG_MI.mat,9e1e3cb79f82ec08d87c80aaa8d5929479ceccd454f25b3d3fea7115f3eb05c9,1207422,Lee2019_MI,Q15-E007,MU_BETA_SHARED,20260926,0.9642986059188843,0.035701360553503036,1
s47_1_offline_train_t094,47,1,offline_train,2,session1/s47/sess01_subj47_EEG_MI.mat,9e1e3cb79f82ec08d87c80aaa8d5929479ceccd454f25b3d3fea7115f3eb05c9,1218755,Lee2019_MI,Q15-E007,MU_BETA_SHARED,20260926,0.8898025155067444,0.11019749939441681,1
s47_1_offline_train_t095,47,1,offline_train,1,session1/s47/sess01_subj47_EEG_MI.mat,9e1e3cb79f82ec08d87c80aaa8d5929479ceccd454f25b3d3fea7115f3eb05c9,1230271,Lee2019_MI,Q15-E007,MU_BETA_SHARED,20260926,0.3774307370185852,0.6225692629814148,2
s47_1_offline_train_t096,47,1,offline_train,1,session1/s47/sess01_subj47_EEG_MI.mat,9e1e3cb79f82ec08d87c80aaa8d5929479ceccd454f25b3d3fea7115f3eb05c9,1240954,Lee2019_MI,Q15-E007,MU_BETA_SHARED,20260926,0.8375055193901062,0.16249443590641022,1
s47_1_offline_train_t097,47,1,offline_train,2,session1/s47/sess01_subj47_EEG_MI.mat,9e1e3cb79f82ec08d87c80aaa8d5929479ceccd454f25b3d3fea7115f3eb05c9,1252104,Lee2019_MI,Q15-E007,MU_BETA_SHARED,20260926,0.8992394208908081,0.1007605642080307,1
s47_1_offline_train_t098,47,1,offline_train,1,session1/s47/sess01_subj47_EEG_MI.mat,9e1e3cb79f82ec08d87c80aaa8d5929479ceccd454f25b3d3fea7115f3eb05c9,1263154,Lee2019_MI,Q15-E007,MU_BETA_SHARED,20260926,0.7942475080490112,0.20575250685214996,1
s47_1_offline_train_t099,47,1,offline_train,2,session1/s47/sess01_subj47_EEG_MI.mat,9e1e3cb79f82ec08d87c80aaa8d5929479ceccd454f25b3d3fea7115f3eb05c9,1273738,Lee2019_MI,Q15-E007,MU_BETA_SHARED,20260926,0.9359074831008911,0.06409250944852829,1
s47_1_offline_train_t100,47,1,offline_train,2,session1/s47/sess01_subj47_EEG_MI.mat,9e1e3cb79f82ec08d87c80aaa8d5929479ceccd454f25b3d3fea7115f3eb05c9,1284604,Lee2019_MI,Q15-E007,MU_BETA_SHARED,20260926,0.8283528685569763,0.17164713144302368,1
s47_2_offline_train_t001,47,2,offline_train,1,session2/s47/sess02_subj47_EEG_MI.mat,eaac59812169d83f02da8004c763191120e8bdcbde980ec090c7bf3453e9ff18,149252,Lee2019_MI,Q15-E007,MU_BETA_SHARED,20260926,0.4502825140953064,0.5497174263000488,2
s47_2_offline_train_t002,47,2,offline_train,2,session2/s47/sess02_subj47_EEG_MI.mat,eaac59812169d83f02da8004c763191120e8bdcbde980ec090c7bf3453e9ff18,160787,Lee2019_MI,Q15-E007,MU_BETA_SHARED,20260926,0.2630265951156616,0.7369734048843384,2
s47_2_offline_train_t003,47,2,offline_train,1,session2/s47/sess02_subj47_EEG_MI.mat,eaac59812169d83f02da8004c763191120e8bdcbde980ec090c7bf3453e9ff18,171470,Lee2019_MI,Q15-E007,MU_BETA_SHARED,20260926,0.9124288558959961,0.08757119625806808,1
s47_2_offline_train_t004,47,2,offline_train,1,session2/s47/sess02_subj47_EEG_MI.mat,eaac59812169d83f02da8004c763191120e8bdcbde980ec090c7bf3453e9ff18,182986,Lee2019_MI,Q15-E007,MU_BETA_SHARED,20260926,0.4647524654865265,0.5352475047111511,2
s47_2_offline_train_t005,47,2,offline_train,2,session2/s47/sess02_subj47_EEG_MI.mat,eaac59812169d83f02da8004c763191120e8bdcbde980ec090c7bf3453e9ff18,194118,Lee2019_MI,Q15-E007,MU_BETA_SHARED,20260926,0.42851758003234863,0.5714823603630066,2
s47_2_offline_train_t006,47,2,offline_train,2,session2/s47/sess02_subj47_EEG_MI.mat,eaac59812169d83f02da8004c763191120e8bdcbde980ec090c7bf3453e9ff18,204802,Lee2019_MI,Q15-E007,MU_BETA_SHARED,20260926,0.751488983631134,0.24851101636886597,1
s47_2_offline_train_t007,47,2,offline_train,1,session2/s47/sess02_subj47_EEG_MI.mat,eaac59812169d83f02da8004c763191120e8bdcbde980ec090c7bf3453e9ff18,215669,Lee2019_MI,Q15-E007,MU_BETA_SHARED,20260926,0.9807109236717224,0.019289053976535797,1
s47_2_offline_train_t008,47,2,offline_train,2,session2/s47/sess02_subj47_EEG_MI.mat,eaac59812169d83f02da8004c763191120e8bdcbde980ec090c7bf3453e9ff18,226735,Lee2019_MI,Q15-E007,MU_BETA_SHARED,20260926,0.4234846532344818,0.5765153765678406,2
s47_2_offline_train_t009,47,2,offline_train,1,session2/s47/sess02_subj47_EEG_MI.mat,eaac59812169d83f02da8004c763191120e8bdcbde980ec090c7bf3453e9ff18,238252,Lee2019_MI,Q15-E007,MU_BETA_SHARED,20260926,0.6290066838264465,0.37099331617355347,1
s47_2_offline_train_t010,47,2,offline_train,1,session2/s47/sess02_subj47_EEG_MI.mat,eaac59812169d83f02da8004c763191120e8bdcbde980ec090c7bf3453e9ff18,249768,Lee2019_MI,Q15-E007,MU_BETA_SHARED,20260926,0.9207876920700073,0.07921234518289566,1
s47_2_offline_train_t011,47,2,offline_train,2,session2/s47/sess02_subj47_EEG_MI.mat,eaac59812169d83f02da8004c763191120e8bdcbde980ec090c7bf3453e9ff18,260434,Lee2019_MI,Q15-E007,MU_BETA_SHARED,20260926,0.7943755984306335,0.20562444627285004,1
s47_2_offline_train_t012,47,2,offline_train,2,session2/s47/sess02_subj47_EEG_MI.mat,eaac59812169d83f02da8004c763191120e8bdcbde980ec090c7bf3453e9ff18,271968,Lee2019_MI,Q15-E007,MU_BETA_SHARED,20260926,0.5017309784889221,0.4982689917087555,1
s47_2_offline_train_t013,47,2,offline_train,1,session2/s47/sess02_subj47_EEG_MI.mat,eaac59812169d83f02da8004c763191120e8bdcbde980ec090c7bf3453e9ff18,283484,Lee2019_MI,Q15-E007,MU_BETA_SHARED,20260926,0.9111384749412537,0.08886145055294037,1
s47_2_offline_train_t014,47,2,offline_train,1,session2/s47/sess02_subj47_EEG_MI.mat,eaac59812169d83f02da8004c763191120e8bdcbde980ec090c7bf3453e9ff18,294534,Lee2019_MI,Q15-E007,MU_BETA_SHARED,20260926,0.9924238920211792,0.00757609074935317,1
s47_2_offline_train_t015,47,2,offline_train,2,session2/s47/sess02_subj47_EEG_MI.mat,eaac59812169d83f02da8004c763191120e8bdcbde980ec090c7bf3453e9ff18,305867,Lee2019_MI,Q15-E007,MU_BETA_SHARED,20260926,0.8408136963844299,0.15918633341789246,1
s47_2_offline_train_t016,47,2,offline_train,1,session2/s47/sess02_subj47_EEG_MI.mat,eaac59812169d83f02da8004c763191120e8bdcbde980ec090c7bf3453e9ff18,316533,Lee2019_MI,Q15-E007,MU_BETA_SHARED,20260926,0.9392539858818054,0.06074599549174309,1
s47_2_offline_train_t017,47,2,offline_train,1,session2/s47/sess02_subj47_EEG_MI.mat,eaac59812169d83f02da8004c763191120e8bdcbde980ec090c7bf3453e9ff18,327500,Lee2019_MI,Q15-E007,MU_BETA_SHARED,20260926,0.7966553568840027,0.2033446729183197,1
s47_2_offline_train_t018,47,2,offline_train,1,session2/s47/sess02_subj47_EEG_MI.mat,eaac59812169d83f02da8004c763191120e8bdcbde980ec090c7bf3453e9ff18,339016,Lee2019_MI,Q15-E007,MU_BETA_SHARED,20260926,0.9566976428031921,0.043302323669195175,1
s47_2_offline_train_t019,47,2,offline_train,1,session2/s47/sess02_subj47_EEG_MI.mat,eaac59812169d83f02da8004c763191120e8bdcbde980ec090c7bf3453e9ff18,350349,Lee2019_MI,Q15-E007,MU_BETA_SHARED,20260926,0.7838904857635498,0.216109499335289,1
s47_2_offline_train_t020,47,2,offline_train,2,session2/s47/sess02_subj47_EEG_MI.mat,eaac59812169d83f02da8004c763191120e8bdcbde980ec090c7bf3453e9ff18,361865,Lee2019_MI,Q15-E007,MU_BETA_SHARED,20260926,0.5084477066993713,0.49155232310295105,1
s47_2_offline_train_t021,47,2,offline_train,2,session2/s47/sess02_subj47_EEG_MI.mat,eaac59812169d83f02da8004c763191120e8bdcbde980ec090c7bf3453e9ff18,373098,Lee2019_MI,Q15-E007,MU_BETA_SHARED,20260926,0.805559515953064,0.19444045424461365,1
s47_2_offline_train_t022,47,2,offline_train,1,session2/s47/sess02_subj47_EEG_MI.mat,eaac59812169d83f02da8004c763191120e8bdcbde980ec090c7bf3453e9ff18,383698,Lee2019_MI,Q15-E007,MU_BETA_SHARED,20260926,0.9716804623603821,0.0283194649964571,1
s47_2_offline_train_t023,47,2,offline_train,2,session2/s47/sess02_subj47_EEG_MI.mat,eaac59812169d83f02da8004c763191120e8bdcbde980ec090c7bf3453e9ff18,395114,Lee2019_MI,Q15-E007,MU_BETA_SHARED,20260926,0.8503041863441467,0.14969585835933685,1
s47_2_offline_train_t024,47,2,offline_train,2,session2/s47/sess02_subj47_EEG_MI.mat,eaac59812169d83f02da8004c763191120e8bdcbde980ec090c7bf3453e9ff18,406631,Lee2019_MI,Q15-E007,MU_BETA_SHARED,20260926,0.3909998834133148,0.6090000867843628,2
s47_2_offline_train_t025,47,2,offline_train,2,session2/s47/sess02_subj47_EEG_MI.mat,eaac59812169d83f02da8004c763191120e8bdcbde980ec090c7bf3453e9ff18,417864,Lee2019_MI,Q15-E007,MU_BETA_SHARED,20260926,0.688324511051178,0.3116755485534668,1
s47_2_offline_train_t026,47,2,offline_train,1,session2/s47/sess02_subj47_EEG_MI.mat,eaac59812169d83f02da8004c763191120e8bdcbde980ec090c7bf3453e9ff18,429197,Lee2019_MI,Q15-E007,MU_BETA_SHARED,20260926,0.3849272131919861,0.6150727868080139,2
s47_2_offline_train_t027,47,2,offline_train,2,session2/s47/sess02_subj47_EEG_MI.mat,eaac59812169d83f02da8004c763191120e8bdcbde980ec090c7bf3453e9ff18,440530,Lee2019_MI,Q15-E007,MU_BETA_SHARED,20260926,0.23382839560508728,0.7661715745925903,2
s47_2_offline_train_t028,47,2,offline_train,1,session2/s47/sess02_subj47_EEG_MI.mat,eaac59812169d83f02da8004c763191120e8bdcbde980ec090c7bf3453e9ff18,451497,Lee2019_MI,Q15-E007,MU_BETA_SHARED,20260926,0.8552120923995972,0.14478792250156403,1
s47_2_offline_train_t029,47,2,offline_train,1,session2/s47/sess02_subj47_EEG_MI.mat,eaac59812169d83f02da8004c763191120e8bdcbde980ec090c7bf3453e9ff18,462730,Lee2019_MI,Q15-E007,MU_BETA_SHARED,20260926,0.977044403553009,0.02295566163957119,1
s47_2_offline_train_t030,47,2,offline_train,2,session2/s47/sess02_subj47_EEG_MI.mat,eaac59812169d83f02da8004c763191120e8bdcbde980ec090c7bf3453e9ff18,473413,Lee2019_MI,Q15-E007,MU_BETA_SHARED,20260926,0.8468056321144104,0.1531943678855896,1
s47_2_offline_train_t031,47,2,offline_train,1,session2/s47/sess02_subj47_EEG_MI.mat,eaac59812169d83f02da8004c763191120e8bdcbde980ec090c7bf3453e9ff18,484646,Lee2019_MI,Q15-E007,MU_BETA_SHARED,20260926,0.3865222632884979,0.6134777665138245,2
s47_2_offline_train_t032,47,2,offline_train,2,session2/s47/sess02_subj47_EEG_MI.mat,eaac59812169d83f02da8004c763191120e8bdcbde980ec090c7bf3453e9ff18,495246,Lee2019_MI,Q15-E007,MU_BETA_SHARED,20260926,0.5946758985519409,0.4053240716457367,1
s47_2_offline_train_t033,47,2,offline_train,1,session2/s47/sess02_subj47_EEG_MI.mat,eaac59812169d83f02da8004c763191120e8bdcbde980ec090c7bf3453e9ff18,506112,Lee2019_MI,Q15-E007,MU_BETA_SHARED,20260926,0.987400233745575,0.012599687092006207,1
s47_2_offline_train_t034,47,2,offline_train,2,session2/s47/sess02_subj47_EEG_MI.mat,eaac59812169d83f02da8004c763191120e8bdcbde980ec090c7bf3453e9ff18,516695,Lee2019_MI,Q15-E007,MU_BETA_SHARED,20260926,0.5315332412719727,0.46846675872802734,1
s47_2_offline_train_t035,47,2,offline_train,2,session2/s47/sess02_subj47_EEG_MI.mat,eaac59812169d83f02da8004c763191120e8bdcbde980ec090c7bf3453e9ff18,527378,Lee2019_MI,Q15-E007,MU_BETA_SHARED,20260926,0.7175754904747009,0.28242453932762146,1
s47_2_offline_train_t036,47,2,offline_train,1,session2/s47/sess02_subj47_EEG_MI.mat,eaac59812169d83f02da8004c763191120e8bdcbde980ec090c7bf3453e9ff18,538711,Lee2019_MI,Q15-E007,MU_BETA_SHARED,20260926,0.9517111778259277,0.04828875884413719,1
s47_2_offline_train_t037,47,2,offline_train,1,session2/s47/sess02_subj47_EEG_MI.mat,eaac59812169d83f02da8004c763191120e8bdcbde980ec090c7bf3453e9ff18,549944,Lee2019_MI,Q15-E007,MU_BETA_SHARED,20260926,0.946895182132721,0.05310475826263428,1
s47_2_offline_train_t038,47,2,offline_train,2,session2/s47/sess02_subj47_EEG_MI.mat,eaac59812169d83f02da8004c763191120e8bdcbde980ec090c7bf3453e9ff18,560811,Lee2019_MI,Q15-E007,MU_BETA_SHARED,20260926,0.4626610577106476,0.5373389720916748,2
s47_2_offline_train_t039,47,2,offline_train,1,session2/s47/sess02_subj47_EEG_MI.mat,eaac59812169d83f02da8004c763191120e8bdcbde980ec090c7bf3453e9ff18,572327,Lee2019_MI,Q15-E007,MU_BETA_SHARED,20260926,0.9777474999427795,0.02225254662334919,1
s47_2_offline_train_t040,47,2,offline_train,1,session2/s47/sess02_subj47_EEG_MI.mat,eaac59812169d83f02da8004c763191120e8bdcbde980ec090c7bf3453e9ff18,582910,Lee2019_MI,Q15-E007,MU_BETA_SHARED,20260926,0.8296211361885071,0.17037886381149292,1
s47_2_offline_train_t041,47,2,offline_train,1,session2/s47/sess02_subj47_EEG_MI.mat,eaac59812169d83f02da8004c763191120e8bdcbde980ec090c7bf3453e9ff18,593876,Lee2019_MI,Q15-E007,MU_BETA_SHARED,20260926,0.968393862247467,0.03160614147782326,1
s47_2_offline_train_t042,47,2,offline_train,1,session2/s47/sess02_subj47_EEG_MI.mat,eaac59812169d83f02da8004c763191120e8bdcbde980ec090c7bf3453e9ff18,604826,Lee2019_MI,Q15-E007,MU_BETA_SHARED,20260926,0.9768853187561035,0.02311471849679947,1
s47_2_offline_train_t043,47,2,offline_train,2,session2/s47/sess02_subj47_EEG_MI.mat,eaac59812169d83f02da8004c763191120e8bdcbde980ec090c7bf3453e9ff18,616159,Lee2019_MI,Q15-E007,MU_BETA_SHARED,20260926,0.2617705762386322,0.7382294535636902,2
s47_2_offline_train_t044,47,2,offline_train,1,session2/s47/sess02_subj47_EEG_MI.mat,eaac59812169d83f02da8004c763191120e8bdcbde980ec090c7bf3453e9ff18,627492,Lee2019_MI,Q15-E007,MU_BETA_SHARED,20260926,0.984700083732605,0.015299946069717407,1
s47_2_offline_train_t045,47,2,offline_train,2,session2/s47/sess02_subj47_EEG_MI.mat,eaac59812169d83f02da8004c763191120e8bdcbde980ec090c7bf3453e9ff18,638275,Lee2019_MI,Q15-E007,MU_BETA_SHARED,20260926,0.6833329200744629,0.3166670501232147,1
s47_2_offline_train_t046,47,2,offline_train,1,session2/s47/sess02_subj47_EEG_MI.mat,eaac59812169d83f02da8004c763191120e8bdcbde980ec090c7bf3453e9ff18,649325,Lee2019_MI,Q15-E007,MU_BETA_SHARED,20260926,0.9863885045051575,0.013611523434519768,1
s47_2_offline_train_t047,47,2,offline_train,1,session2/s47/sess02_subj47_EEG_MI.mat,eaac59812169d83f02da8004c763191120e8bdcbde980ec090c7bf3453e9ff18,660275,Lee2019_MI,Q15-E007,MU_BETA_SHARED,20260926,0.9989801049232483,0.0010199035750702024,1
s47_2_offline_train_t048,47,2,offline_train,1,session2/s47/sess02_subj47_EEG_MI.mat,eaac59812169d83f02da8004c763191120e8bdcbde980ec090c7bf3453e9ff18,671424,Lee2019_MI,Q15-E007,MU_BETA_SHARED,20260926,0.9297146797180176,0.07028533518314362,1
s47_2_offline_train_t049,47,2,offline_train,2,session2/s47/sess02_subj47_EEG_MI.mat,eaac59812169d83f02da8004c763191120e8bdcbde980ec090c7bf3453e9ff18,682657,Lee2019_MI,Q15-E007,MU_BETA_SHARED,20260926,0.6701070666313171,0.32989296317100525,1
s47_2_offline_train_t050,47,2,offline_train,1,session2/s47/sess02_subj47_EEG_MI.mat,eaac59812169d83f02da8004c763191120e8bdcbde980ec090c7bf3453e9ff18,707373,Lee2019_MI,Q15-E007,MU_BETA_SHARED,20260926,0.2881127893924713,0.7118871808052063,2
s47_2_offline_train_t051,47,2,offline_train,1,session2/s47/sess02_subj47_EEG_MI.mat,eaac59812169d83f02da8004c763191120e8bdcbde980ec090c7bf3453e9ff18,718240,Lee2019_MI,Q15-E007,MU_BETA_SHARED,20260926,0.816185474395752,0.18381458520889282,1
s47_2_offline_train_t052,47,2,offline_train,1,session2/s47/sess02_subj47_EEG_MI.mat,eaac59812169d83f02da8004c763191120e8bdcbde980ec090c7bf3453e9ff18,729473,Lee2019_MI,Q15-E007,MU_BETA_SHARED,20260926,0.9914326667785645,0.008567312732338905,1
s47_2_offline_train_t053,47,2,offline_train,1,session2/s47/sess02_subj47_EEG_MI.mat,eaac59812169d83f02da8004c763191120e8bdcbde980ec090c7bf3453e9ff18,740723,Lee2019_MI,Q15-E007,MU_BETA_SHARED,20260926,0.8193415999412537,0.18065842986106873,1
s47_2_offline_train_t054,47,2,offline_train,2,session2/s47/sess02_subj47_EEG_MI.mat,eaac59812169d83f02da8004c763191120e8bdcbde980ec090c7bf3453e9ff18,751389,Lee2019_MI,Q15-E007,MU_BETA_SHARED,20260926,0.6624196171760559,0.3375803232192993,1
s47_2_offline_train_t055,47,2,offline_train,1,session2/s47/sess02_subj47_EEG_MI.mat,eaac59812169d83f02da8004c763191120e8bdcbde980ec090c7bf3453e9ff18,762072,Lee2019_MI,Q15-E007,MU_BETA_SHARED,20260926,0.8185399770736694,0.18146003782749176,1
s47_2_offline_train_t056,47,2,offline_train,1,session2/s47/sess02_subj47_EEG_MI.mat,eaac59812169d83f02da8004c763191120e8bdcbde980ec090c7bf3453e9ff18,773122,Lee2019_MI,Q15-E007,MU_BETA_SHARED,20260926,0.988784670829773,0.01121526025235653,1
s47_2_offline_train_t057,47,2,offline_train,2,session2/s47/sess02_subj47_EEG_MI.mat,eaac59812169d83f02da8004c763191120e8bdcbde980ec090c7bf3453e9ff18,784638,Lee2019_MI,Q15-E007,MU_BETA_SHARED,20260926,0.8904653191566467,0.10953468829393387,1
s47_2_offline_train_t058,47,2,offline_train,2,session2/s47/sess02_subj47_EEG_MI.mat,eaac59812169d83f02da8004c763191120e8bdcbde980ec090c7bf3453e9ff18,795505,Lee2019_MI,Q15-E007,MU_BETA_SHARED,20260926,0.8948361873626709,0.10516384243965149,1
s47_2_offline_train_t059,47,2,offline_train,1,session2/s47/sess02_subj47_EEG_MI.mat,eaac59812169d83f02da8004c763191120e8bdcbde980ec090c7bf3453e9ff18,806654,Lee2019_MI,Q15-E007,MU_BETA_SHARED,20260926,0.9177669882774353,0.08223294466733932,1
s47_2_offline_train_t060,47,2,offline_train,1,session2/s47/sess02_subj47_EEG_MI.mat,eaac59812169d83f02da8004c763191120e8bdcbde980ec090c7bf3453e9ff18,817437,Lee2019_MI,Q15-E007,MU_BETA_SHARED,20260926,0.5892789959907532,0.4107210338115692,1
s47_2_offline_train_t061,47,2,offline_train,2,session2/s47/sess02_subj47_EEG_MI.mat,eaac59812169d83f02da8004c763191120e8bdcbde980ec090c7bf3453e9ff18,828771,Lee2019_MI,Q15-E007,MU_BETA_SHARED,20260926,0.7993545532226562,0.20064543187618256,1
s47_2_offline_train_t062,47,2,offline_train,2,session2/s47/sess02_subj47_EEG_MI.mat,eaac59812169d83f02da8004c763191120e8bdcbde980ec090c7bf3453e9ff18,839537,Lee2019_MI,Q15-E007,MU_BETA_SHARED,20260926,0.4272746741771698,0.5727252960205078,2
s47_2_offline_train_t063,47,2,offline_train,1,session2/s47/sess02_subj47_EEG_MI.mat,eaac59812169d83f02da8004c763191120e8bdcbde980ec090c7bf3453e9ff18,850587,Lee2019_MI,Q15-E007,MU_BETA_SHARED,20260926,0.9512595534324646,0.04874046891927719,1
s47_2_offline_train_t064,47,2,offline_train,2,session2/s47/sess02_subj47_EEG_MI.mat,eaac59812169d83f02da8004c763191120e8bdcbde980ec090c7bf3453e9ff18,861820,Lee2019_MI,Q15-E007,MU_BETA_SHARED,20260926,0.9064467549324036,0.09355331212282181,1
s47_2_offline_train_t065,47,2,offline_train,2,session2/s47/sess02_subj47_EEG_MI.mat,eaac59812169d83f02da8004c763191120e8bdcbde980ec090c7bf3453e9ff18,873253,Lee2019_MI,Q15-E007,MU_BETA_SHARED,20260926,0.7811965942382812,0.21880339086055756,1
s47_2_offline_train_t066,47,2,offline_train,2,session2/s47/sess02_subj47_EEG_MI.mat,eaac59812169d83f02da8004c763191120e8bdcbde980ec090c7bf3453e9ff18,884769,Lee2019_MI,Q15-E007,MU_BETA_SHARED,20260926,0.2708413600921631,0.7291585803031921,2
s47_2_offline_train_t067,47,2,offline_train,2,session2/s47/sess02_subj47_EEG_MI.mat,eaac59812169d83f02da8004c763191120e8bdcbde980ec090c7bf3453e9ff18,895919,Lee2019_MI,Q15-E007,MU_BETA_SHARED,20260926,0.42704471945762634,0.572955310344696,2
s47_2_offline_train_t068,47,2,offline_train,1,session2/s47/sess02_subj47_EEG_MI.mat,eaac59812169d83f02da8004c763191120e8bdcbde980ec090c7bf3453e9ff18,906602,Lee2019_MI,Q15-E007,MU_BETA_SHARED,20260926,0.5775391459465027,0.4224608242511749,1
s47_2_offline_train_t069,47,2,offline_train,1,session2/s47/sess02_subj47_EEG_MI.mat,eaac59812169d83f02da8004c763191120e8bdcbde980ec090c7bf3453e9ff18,917268,Lee2019_MI,Q15-E007,MU_BETA_SHARED,20260926,0.8801299333572388,0.11987008154392242,1
s47_2_offline_train_t070,47,2,offline_train,2,session2/s47/sess02_subj47_EEG_MI.mat,eaac59812169d83f02da8004c763191120e8bdcbde980ec090c7bf3453e9ff18,928051,Lee2019_MI,Q15-E007,MU_BETA_SHARED,20260926,0.3206420838832855,0.6793579459190369,2
s47_2_offline_train_t071,47,2,offline_train,1,session2/s47/sess02_subj47_EEG_MI.mat,eaac59812169d83f02da8004c763191120e8bdcbde980ec090c7bf3453e9ff18,939468,Lee2019_MI,Q15-E007,MU_BETA_SHARED,20260926,0.8819139003753662,0.11808615922927856,1
s47_2_offline_train_t072,47,2,offline_train,2,session2/s47/sess02_subj47_EEG_MI.mat,eaac59812169d83f02da8004c763191120e8bdcbde980ec090c7bf3453e9ff18,950251,Lee2019_MI,Q15-E007,MU_BETA_SHARED,20260926,0.9606438279151917,0.03935614600777626,1
s47_2_offline_train_t073,47,2,offline_train,2,session2/s47/sess02_subj47_EEG_MI.mat,eaac59812169d83f02da8004c763191120e8bdcbde980ec090c7bf3453e9ff18,961584,Lee2019_MI,Q15-E007,MU_BETA_SHARED,20260926,0.7822629809379578,0.21773697435855865,1
s47_2_offline_train_t074,47,2,offline_train,2,session2/s47/sess02_subj47_EEG_MI.mat,eaac59812169d83f02da8004c763191120e8bdcbde980ec090c7bf3453e9ff18,972350,Lee2019_MI,Q15-E007,MU_BETA_SHARED,20260926,0.6627561450004578,0.33724385499954224,1
s47_2_offline_train_t075,47,2,offline_train,1,session2/s47/sess02_subj47_EEG_MI.mat,eaac59812169d83f02da8004c763191120e8bdcbde980ec090c7bf3453e9ff18,983866,Lee2019_MI,Q15-E007,MU_BETA_SHARED,20260926,0.8702758550643921,0.1297241896390915,1
s47_2_offline_train_t076,47,2,offline_train,2,session2/s47/sess02_subj47_EEG_MI.mat,eaac59812169d83f02da8004c763191120e8bdcbde980ec090c7bf3453e9ff18,994733,Lee2019_MI,Q15-E007,MU_BETA_SHARED,20260926,0.23317816853523254,0.7668218612670898,2
s47_2_offline_train_t077,47,2,offline_train,1,session2/s47/sess02_subj47_EEG_MI.mat,eaac59812169d83f02da8004c763191120e8bdcbde980ec090c7bf3453e9ff18,1005516,Lee2019_MI,Q15-E007,MU_BETA_SHARED,20260926,0.9555518627166748,0.04444821923971176,1
s47_2_offline_train_t078,47,2,offline_train,1,session2/s47/sess02_subj47_EEG_MI.mat,eaac59812169d83f02da8004c763191120e8bdcbde980ec090c7bf3453e9ff18,1016282,Lee2019_MI,Q15-E007,MU_BETA_SHARED,20260926,0.33088982105255127,0.6691102385520935,2
s47_2_offline_train_t079,47,2,offline_train,2,session2/s47/sess02_subj47_EEG_MI.mat,eaac59812169d83f02da8004c763191120e8bdcbde980ec090c7bf3453e9ff18,1027432,Lee2019_MI,Q15-E007,MU_BETA_SHARED,20260926,0.9452390670776367,0.054760970175266266,1
s47_2_offline_train_t080,47,2,offline_train,2,session2/s47/sess02_subj47_EEG_MI.mat,eaac59812169d83f02da8004c763191120e8bdcbde980ec090c7bf3453e9ff18,1038482,Lee2019_MI,Q15-E007,MU_BETA_SHARED,20260926,0.5352525115013123,0.46474751830101013,1
s47_2_offline_train_t081,47,2,offline_train,2,session2/s47/sess02_subj47_EEG_MI.mat,eaac59812169d83f02da8004c763191120e8bdcbde980ec090c7bf3453e9ff18,1049348,Lee2019_MI,Q15-E007,MU_BETA_SHARED,20260926,0.9598084688186646,0.04019150510430336,1
s47_2_offline_train_t082,47,2,offline_train,1,session2/s47/sess02_subj47_EEG_MI.mat,eaac59812169d83f02da8004c763191120e8bdcbde980ec090c7bf3453e9ff18,1060765,Lee2019_MI,Q15-E007,MU_BETA_SHARED,20260926,0.9666069149971008,0.03339313343167305,1
s47_2_offline_train_t083,47,2,offline_train,2,session2/s47/sess02_subj47_EEG_MI.mat,eaac59812169d83f02da8004c763191120e8bdcbde980ec090c7bf3453e9ff18,1071914,Lee2019_MI,Q15-E007,MU_BETA_SHARED,20260926,0.7588079571723938,0.24119211733341217,1
s47_2_offline_train_t084,47,2,offline_train,2,session2/s47/sess02_subj47_EEG_MI.mat,eaac59812169d83f02da8004c763191120e8bdcbde980ec090c7bf3453e9ff18,1082964,Lee2019_MI,Q15-E007,MU_BETA_SHARED,20260926,0.40868934988975525,0.5913106203079224,2
s47_2_offline_train_t085,47,2,offline_train,1,session2/s47/sess02_subj47_EEG_MI.mat,eaac59812169d83f02da8004c763191120e8bdcbde980ec090c7bf3453e9ff18,1094397,Lee2019_MI,Q15-E007,MU_BETA_SHARED,20260926,0.9538144469261169,0.046185556799173355,1
s47_2_offline_train_t086,47,2,offline_train,2,session2/s47/sess02_subj47_EEG_MI.mat,eaac59812169d83f02da8004c763191120e8bdcbde980ec090c7bf3453e9ff18,1105263,Lee2019_MI,Q15-E007,MU_BETA_SHARED,20260926,0.6011577248573303,0.39884230494499207,1
s47_2_offline_train_t087,47,2,offline_train,1,session2/s47/sess02_subj47_EEG_MI.mat,eaac59812169d83f02da8004c763191120e8bdcbde980ec090c7bf3453e9ff18,1116596,Lee2019_MI,Q15-E007,MU_BETA_SHARED,20260926,0.5821699500083923,0.4178300201892853,1
s47_2_offline_train_t088,47,2,offline_train,2,session2/s47/sess02_subj47_EEG_MI.mat,eaac59812169d83f02da8004c763191120e8bdcbde980ec090c7bf3453e9ff18,1127930,Lee2019_MI,Q15-E007,MU_BETA_SHARED,20260926,0.7559177279472351,0.24408231675624847,1
s47_2_offline_train_t089,47,2,offline_train,2,session2/s47/sess02_subj47_EEG_MI.mat,eaac59812169d83f02da8004c763191120e8bdcbde980ec090c7bf3453e9ff18,1138879,Lee2019_MI,Q15-E007,MU_BETA_SHARED,20260926,0.39168134331703186,0.6083186864852905,2
s47_2_offline_train_t090,47,2,offline_train,2,session2/s47/sess02_subj47_EEG_MI.mat,eaac59812169d83f02da8004c763191120e8bdcbde980ec090c7bf3453e9ff18,1150029,Lee2019_MI,Q15-E007,MU_BETA_SHARED,20260926,0.8544716835021973,0.1455283761024475,1
s47_2_offline_train_t091,47,2,offline_train,2,session2/s47/sess02_subj47_EEG_MI.mat,eaac59812169d83f02da8004c763191120e8bdcbde980ec090c7bf3453e9ff18,1160612,Lee2019_MI,Q15-E007,MU_BETA_SHARED,20260926,0.38448575139045715,0.6155142784118652,2
s47_2_offline_train_t092,47,2,offline_train,2,session2/s47/sess02_subj47_EEG_MI.mat,eaac59812169d83f02da8004c763191120e8bdcbde980ec090c7bf3453e9ff18,1171212,Lee2019_MI,Q15-E007,MU_BETA_SHARED,20260926,0.8702642917633057,0.12973572313785553,1
s47_2_offline_train_t093,47,2,offline_train,1,session2/s47/sess02_subj47_EEG_MI.mat,eaac59812169d83f02da8004c763191120e8bdcbde980ec090c7bf3453e9ff18,1182261,Lee2019_MI,Q15-E007,MU_BETA_SHARED,20260926,0.6407617330551147,0.35923829674720764,1
s47_2_offline_train_t094,47,2,offline_train,2,session2/s47/sess02_subj47_EEG_MI.mat,eaac59812169d83f02da8004c763191120e8bdcbde980ec090c7bf3453e9ff18,1193595,Lee2019_MI,Q15-E007,MU_BETA_SHARED,20260926,0.30953171849250793,0.6904682517051697,2
s47_2_offline_train_t095,47,2,offline_train,1,session2/s47/sess02_subj47_EEG_MI.mat,eaac59812169d83f02da8004c763191120e8bdcbde980ec090c7bf3453e9ff18,1205111,Lee2019_MI,Q15-E007,MU_BETA_SHARED,20260926,0.8393620848655701,0.16063790023326874,1
s47_2_offline_train_t096,47,2,offline_train,1,session2/s47/sess02_subj47_EEG_MI.mat,eaac59812169d83f02da8004c763191120e8bdcbde980ec090c7bf3453e9ff18,1215777,Lee2019_MI,Q15-E007,MU_BETA_SHARED,20260926,0.9589780569076538,0.04102186858654022,1
s47_2_offline_train_t097,47,2,offline_train,2,session2/s47/sess02_subj47_EEG_MI.mat,eaac59812169d83f02da8004c763191120e8bdcbde980ec090c7bf3453e9ff18,1226927,Lee2019_MI,Q15-E007,MU_BETA_SHARED,20260926,0.9650389552116394,0.03496101126074791,1
s47_2_offline_train_t098,47,2,offline_train,1,session2/s47/sess02_subj47_EEG_MI.mat,eaac59812169d83f02da8004c763191120e8bdcbde980ec090c7bf3453e9ff18,1237977,Lee2019_MI,Q15-E007,MU_BETA_SHARED,20260926,0.9835777282714844,0.016422275453805923,1
s47_2_offline_train_t099,47,2,offline_train,2,session2/s47/sess02_subj47_EEG_MI.mat,eaac59812169d83f02da8004c763191120e8bdcbde980ec090c7bf3453e9ff18,1248577,Lee2019_MI,Q15-E007,MU_BETA_SHARED,20260926,0.9369161128997803,0.0630839541554451,1
s47_2_offline_train_t100,47,2,offline_train,2,session2/s47/sess02_subj47_EEG_MI.mat,eaac59812169d83f02da8004c763191120e8bdcbde980ec090c7bf3453e9ff18,1259443,Lee2019_MI,Q15-E007,MU_BETA_SHARED,20260926,0.6669381260871887,0.3330618739128113,1
s47_1_offline_train_t001,47,1,offline_train,1,session1/s47/sess01_subj47_EEG_MI.mat,9e1e3cb79f82ec08d87c80aaa8d5929479ceccd454f25b3d3fea7115f3eb05c9,176090,Lee2019_MI,Q15-E007,CSP4_LDA,deterministic,0.601261232685459,0.3987387673145411,1
s47_1_offline_train_t002,47,1,offline_train,2,session1/s47/sess01_subj47_EEG_MI.mat,9e1e3cb79f82ec08d87c80aaa8d5929479ceccd454f25b3d3fea7115f3eb05c9,187623,Lee2019_MI,Q15-E007,CSP4_LDA,deterministic,0.707141586521435,0.29285841347856495,1
s47_1_offline_train_t003,47,1,offline_train,1,session1/s47/sess01_subj47_EEG_MI.mat,9e1e3cb79f82ec08d87c80aaa8d5929479ceccd454f25b3d3fea7115f3eb05c9,198308,Lee2019_MI,Q15-E007,CSP4_LDA,deterministic,0.7496528668839655,0.25034713311603446,1
s47_1_offline_train_t004,47,1,offline_train,1,session1/s47/sess01_subj47_EEG_MI.mat,9e1e3cb79f82ec08d87c80aaa8d5929479ceccd454f25b3d3fea7115f3eb05c9,209824,Lee2019_MI,Q15-E007,CSP4_LDA,deterministic,0.6610531420570235,0.3389468579429765,1
s47_1_offline_train_t005,47,1,offline_train,2,session1/s47/sess01_subj47_EEG_MI.mat,9e1e3cb79f82ec08d87c80aaa8d5929479ceccd454f25b3d3fea7115f3eb05c9,220974,Lee2019_MI,Q15-E007,CSP4_LDA,deterministic,0.5121064910236068,0.48789350897639316,1
s47_1_offline_train_t006,47,1,offline_train,2,session1/s47/sess01_subj47_EEG_MI.mat,9e1e3cb79f82ec08d87c80aaa8d5929479ceccd454f25b3d3fea7115f3eb05c9,231657,Lee2019_MI,Q15-E007,CSP4_LDA,deterministic,0.5549937011331773,0.44500629886682275,1
s47_1_offline_train_t007,47,1,offline_train,1,session1/s47/sess01_subj47_EEG_MI.mat,9e1e3cb79f82ec08d87c80aaa8d5929479ceccd454f25b3d3fea7115f3eb05c9,242523,Lee2019_MI,Q15-E007,CSP4_LDA,deterministic,0.8404969974703187,0.15950300252968125,1
s47_1_offline_train_t008,47,1,offline_train,2,session1/s47/sess01_subj47_EEG_MI.mat,9e1e3cb79f82ec08d87c80aaa8d5929479ceccd454f25b3d3fea7115f3eb05c9,253655,Lee2019_MI,Q15-E007,CSP4_LDA,deterministic,0.4760910727137595,0.5239089272862405,2
s47_1_offline_train_t009,47,1,offline_train,1,session1/s47/sess01_subj47_EEG_MI.mat,9e1e3cb79f82ec08d87c80aaa8d5929479ceccd454f25b3d3fea7115f3eb05c9,265173,Lee2019_MI,Q15-E007,CSP4_LDA,deterministic,0.7175074709322153,0.2824925290677846,1
s47_1_offline_train_t010,47,1,offline_train,1,session1/s47/sess01_subj47_EEG_MI.mat,9e1e3cb79f82ec08d87c80aaa8d5929479ceccd454f25b3d3fea7115f3eb05c9,276689,Lee2019_MI,Q15-E007,CSP4_LDA,deterministic,0.7582576427414116,0.24174235725858834,1
s47_1_offline_train_t011,47,1,offline_train,2,session1/s47/sess01_subj47_EEG_MI.mat,9e1e3cb79f82ec08d87c80aaa8d5929479ceccd454f25b3d3fea7115f3eb05c9,287373,Lee2019_MI,Q15-E007,CSP4_LDA,deterministic,0.8407910757790874,0.15920892422091257,1
s47_1_offline_train_t012,47,1,offline_train,2,session1/s47/sess01_subj47_EEG_MI.mat,9e1e3cb79f82ec08d87c80aaa8d5929479ceccd454f25b3d3fea7115f3eb05c9,298889,Lee2019_MI,Q15-E007,CSP4_LDA,deterministic,0.6516049835970685,0.3483950164029314,1
s47_1_offline_train_t013,47,1,offline_train,1,session1/s47/sess01_subj47_EEG_MI.mat,9e1e3cb79f82ec08d87c80aaa8d5929479ceccd454f25b3d3fea7115f3eb05c9,310405,Lee2019_MI,Q15-E007,CSP4_LDA,deterministic,0.7658171417493584,0.2341828582506415,1
s47_1_offline_train_t014,47,1,offline_train,1,session1/s47/sess01_subj47_EEG_MI.mat,9e1e3cb79f82ec08d87c80aaa8d5929479ceccd454f25b3d3fea7115f3eb05c9,321454,Lee2019_MI,Q15-E007,CSP4_LDA,deterministic,0.7092138652635116,0.29078613473648834,1
s47_1_offline_train_t015,47,1,offline_train,2,session1/s47/sess01_subj47_EEG_MI.mat,9e1e3cb79f82ec08d87c80aaa8d5929479ceccd454f25b3d3fea7115f3eb05c9,332788,Lee2019_MI,Q15-E007,CSP4_LDA,deterministic,0.5158794856546753,0.4841205143453246,1
s47_1_offline_train_t016,47,1,offline_train,1,session1/s47/sess01_subj47_EEG_MI.mat,9e1e3cb79f82ec08d87c80aaa8d5929479ceccd454f25b3d3fea7115f3eb05c9,343471,Lee2019_MI,Q15-E007,CSP4_LDA,deterministic,0.736378507717895,0.2636214922821049,1
s47_1_offline_train_t017,47,1,offline_train,1,session1/s47/sess01_subj47_EEG_MI.mat,9e1e3cb79f82ec08d87c80aaa8d5929479ceccd454f25b3d3fea7115f3eb05c9,354437,Lee2019_MI,Q15-E007,CSP4_LDA,deterministic,0.6860410435977543,0.3139589564022457,1
s47_1_offline_train_t018,47,1,offline_train,1,session1/s47/sess01_subj47_EEG_MI.mat,9e1e3cb79f82ec08d87c80aaa8d5929479ceccd454f25b3d3fea7115f3eb05c9,365854,Lee2019_MI,Q15-E007,CSP4_LDA,deterministic,0.6682283702019858,0.3317716297980143,1
s47_1_offline_train_t019,47,1,offline_train,1,session1/s47/sess01_subj47_EEG_MI.mat,9e1e3cb79f82ec08d87c80aaa8d5929479ceccd454f25b3d3fea7115f3eb05c9,377188,Lee2019_MI,Q15-E007,CSP4_LDA,deterministic,0.6263988802705815,0.3736011197294184,1
s47_1_offline_train_t020,47,1,offline_train,2,session1/s47/sess01_subj47_EEG_MI.mat,9e1e3cb79f82ec08d87c80aaa8d5929479ceccd454f25b3d3fea7115f3eb05c9,388704,Lee2019_MI,Q15-E007,CSP4_LDA,deterministic,0.6426788076354142,0.35732119236458576,1
s47_1_offline_train_t021,47,1,offline_train,2,session1/s47/sess01_subj47_EEG_MI.mat,9e1e3cb79f82ec08d87c80aaa8d5929479ceccd454f25b3d3fea7115f3eb05c9,399937,Lee2019_MI,Q15-E007,CSP4_LDA,deterministic,0.7468145905437971,0.2531854094562029,1
s47_1_offline_train_t022,47,1,offline_train,1,session1/s47/sess01_subj47_EEG_MI.mat,9e1e3cb79f82ec08d87c80aaa8d5929479ceccd454f25b3d3fea7115f3eb05c9,410537,Lee2019_MI,Q15-E007,CSP4_LDA,deterministic,0.8748111234151853,0.12518887658481467,1
s47_1_offline_train_t023,47,1,offline_train,2,session1/s47/sess01_subj47_EEG_MI.mat,9e1e3cb79f82ec08d87c80aaa8d5929479ceccd454f25b3d3fea7115f3eb05c9,421953,Lee2019_MI,Q15-E007,CSP4_LDA,deterministic,0.8385763330421065,0.16142366695789348,1
s47_1_offline_train_t024,47,1,offline_train,2,session1/s47/sess01_subj47_EEG_MI.mat,9e1e3cb79f82ec08d87c80aaa8d5929479ceccd454f25b3d3fea7115f3eb05c9,433470,Lee2019_MI,Q15-E007,CSP4_LDA,deterministic,0.5865817920445995,0.4134182079554005,1
s47_1_offline_train_t025,47,1,offline_train,2,session1/s47/sess01_subj47_EEG_MI.mat,9e1e3cb79f82ec08d87c80aaa8d5929479ceccd454f25b3d3fea7115f3eb05c9,444720,Lee2019_MI,Q15-E007,CSP4_LDA,deterministic,0.7422060641236133,0.25779393587638666,1
s47_1_offline_train_t026,47,1,offline_train,1,session1/s47/sess01_subj47_EEG_MI.mat,9e1e3cb79f82ec08d87c80aaa8d5929479ceccd454f25b3d3fea7115f3eb05c9,456036,Lee2019_MI,Q15-E007,CSP4_LDA,deterministic,0.8154098716308208,0.18459012836917923,1
s47_1_offline_train_t027,47,1,offline_train,2,session1/s47/sess01_subj47_EEG_MI.mat,9e1e3cb79f82ec08d87c80aaa8d5929479ceccd454f25b3d3fea7115f3eb05c9,467286,Lee2019_MI,Q15-E007,CSP4_LDA,deterministic,0.5392071942558168,0.4607928057441832,1
s47_1_offline_train_t028,47,1,offline_train,1,session1/s47/sess01_subj47_EEG_MI.mat,9e1e3cb79f82ec08d87c80aaa8d5929479ceccd454f25b3d3fea7115f3eb05c9,478236,Lee2019_MI,Q15-E007,CSP4_LDA,deterministic,0.6916499655310582,0.3083500344689418,1
s47_1_offline_train_t029,47,1,offline_train,1,session1/s47/sess01_subj47_EEG_MI.mat,9e1e3cb79f82ec08d87c80aaa8d5929479ceccd454f25b3d3fea7115f3eb05c9,489484,Lee2019_MI,Q15-E007,CSP4_LDA,deterministic,0.6554785700672592,0.34452142993274076,1
s47_1_offline_train_t030,47,1,offline_train,2,session1/s47/sess01_subj47_EEG_MI.mat,9e1e3cb79f82ec08d87c80aaa8d5929479ceccd454f25b3d3fea7115f3eb05c9,500252,Lee2019_MI,Q15-E007,CSP4_LDA,deterministic,0.6633386144549669,0.33666138554503316,1
s47_1_offline_train_t031,47,1,offline_train,1,session1/s47/sess01_subj47_EEG_MI.mat,9e1e3cb79f82ec08d87c80aaa8d5929479ceccd454f25b3d3fea7115f3eb05c9,511485,Lee2019_MI,Q15-E007,CSP4_LDA,deterministic,0.7254601935991613,0.27453980640083875,1
s47_1_offline_train_t032,47,1,offline_train,2,session1/s47/sess01_subj47_EEG_MI.mat,9e1e3cb79f82ec08d87c80aaa8d5929479ceccd454f25b3d3fea7115f3eb05c9,522085,Lee2019_MI,Q15-E007,CSP4_LDA,deterministic,0.7599127371638932,0.24008726283610676,1
s47_1_offline_train_t033,47,1,offline_train,1,session1/s47/sess01_subj47_EEG_MI.mat,9e1e3cb79f82ec08d87c80aaa8d5929479ceccd454f25b3d3fea7115f3eb05c9,532951,Lee2019_MI,Q15-E007,CSP4_LDA,deterministic,0.6844470600510812,0.3155529399489188,1
s47_1_offline_train_t034,47,1,offline_train,2,session1/s47/sess01_subj47_EEG_MI.mat,9e1e3cb79f82ec08d87c80aaa8d5929479ceccd454f25b3d3fea7115f3eb05c9,543535,Lee2019_MI,Q15-E007,CSP4_LDA,deterministic,0.666914567656726,0.33308543234327403,1
s47_1_offline_train_t035,47,1,offline_train,2,session1/s47/sess01_subj47_EEG_MI.mat,9e1e3cb79f82ec08d87c80aaa8d5929479ceccd454f25b3d3fea7115f3eb05c9,554218,Lee2019_MI,Q15-E007,CSP4_LDA,deterministic,0.6871391669840856,0.31286083301591444,1
s47_1_offline_train_t036,47,1,offline_train,1,session1/s47/sess01_subj47_EEG_MI.mat,9e1e3cb79f82ec08d87c80aaa8d5929479ceccd454f25b3d3fea7115f3eb05c9,565551,Lee2019_MI,Q15-E007,CSP4_LDA,deterministic,0.5336336770555715,0.4663663229444285,1
s47_1_offline_train_t037,47,1,offline_train,1,session1/s47/sess01_subj47_EEG_MI.mat,9e1e3cb79f82ec08d87c80aaa8d5929479ceccd454f25b3d3fea7115f3eb05c9,576784,Lee2019_MI,Q15-E007,CSP4_LDA,deterministic,0.5772471629552272,0.4227528370447728,1
s47_1_offline_train_t038,47,1,offline_train,2,session1/s47/sess01_subj47_EEG_MI.mat,9e1e3cb79f82ec08d87c80aaa8d5929479ceccd454f25b3d3fea7115f3eb05c9,587650,Lee2019_MI,Q15-E007,CSP4_LDA,deterministic,0.5849269609503738,0.4150730390496263,1
s47_1_offline_train_t039,47,1,offline_train,1,session1/s47/sess01_subj47_EEG_MI.mat,9e1e3cb79f82ec08d87c80aaa8d5929479ceccd454f25b3d3fea7115f3eb05c9,599167,Lee2019_MI,Q15-E007,CSP4_LDA,deterministic,0.6285111628814382,0.37148883711856184,1
s47_1_offline_train_t040,47,1,offline_train,1,session1/s47/sess01_subj47_EEG_MI.mat,9e1e3cb79f82ec08d87c80aaa8d5929479ceccd454f25b3d3fea7115f3eb05c9,609750,Lee2019_MI,Q15-E007,CSP4_LDA,deterministic,0.6659539975278915,0.33404600247210847,1
s47_1_offline_train_t041,47,1,offline_train,1,session1/s47/sess01_subj47_EEG_MI.mat,9e1e3cb79f82ec08d87c80aaa8d5929479ceccd454f25b3d3fea7115f3eb05c9,620716,Lee2019_MI,Q15-E007,CSP4_LDA,deterministic,0.4645798064721067,0.5354201935278933,2
s47_1_offline_train_t042,47,1,offline_train,1,session1/s47/sess01_subj47_EEG_MI.mat,9e1e3cb79f82ec08d87c80aaa8d5929479ceccd454f25b3d3fea7115f3eb05c9,631683,Lee2019_MI,Q15-E007,CSP4_LDA,deterministic,0.7491388663210492,0.25086113367895074,1
s47_1_offline_train_t043,47,1,offline_train,2,session1/s47/sess01_subj47_EEG_MI.mat,9e1e3cb79f82ec08d87c80aaa8d5929479ceccd454f25b3d3fea7115f3eb05c9,642999,Lee2019_MI,Q15-E007,CSP4_LDA,deterministic,0.46646022855730895,0.533539771442691,2
s47_1_offline_train_t044,47,1,offline_train,1,session1/s47/sess01_subj47_EEG_MI.mat,9e1e3cb79f82ec08d87c80aaa8d5929479ceccd454f25b3d3fea7115f3eb05c9,654333,Lee2019_MI,Q15-E007,CSP4_LDA,deterministic,0.6765738422440386,0.3234261577559614,1
s47_1_offline_train_t045,47,1,offline_train,2,session1/s47/sess01_subj47_EEG_MI.mat,9e1e3cb79f82ec08d87c80aaa8d5929479ceccd454f25b3d3fea7115f3eb05c9,665116,Lee2019_MI,Q15-E007,CSP4_LDA,deterministic,0.737249898111588,0.262750101888412,1
s47_1_offline_train_t046,47,1,offline_train,1,session1/s47/sess01_subj47_EEG_MI.mat,9e1e3cb79f82ec08d87c80aaa8d5929479ceccd454f25b3d3fea7115f3eb05c9,676165,Lee2019_MI,Q15-E007,CSP4_LDA,deterministic,0.6417598401193287,0.3582401598806712,1
s47_1_offline_train_t047,47,1,offline_train,1,session1/s47/sess01_subj47_EEG_MI.mat,9e1e3cb79f82ec08d87c80aaa8d5929479ceccd454f25b3d3fea7115f3eb05c9,687132,Lee2019_MI,Q15-E007,CSP4_LDA,deterministic,0.7732219963902414,0.22677800360975864,1
s47_1_offline_train_t048,47,1,offline_train,1,session1/s47/sess01_subj47_EEG_MI.mat,9e1e3cb79f82ec08d87c80aaa8d5929479ceccd454f25b3d3fea7115f3eb05c9,698365,Lee2019_MI,Q15-E007,CSP4_LDA,deterministic,0.5678700449671219,0.43212995503287804,1
s47_1_offline_train_t049,47,1,offline_train,2,session1/s47/sess01_subj47_EEG_MI.mat,9e1e3cb79f82ec08d87c80aaa8d5929479ceccd454f25b3d3fea7115f3eb05c9,709598,Lee2019_MI,Q15-E007,CSP4_LDA,deterministic,0.5492724254018637,0.45072757459813634,1
s47_1_offline_train_t050,47,1,offline_train,1,session1/s47/sess01_subj47_EEG_MI.mat,9e1e3cb79f82ec08d87c80aaa8d5929479ceccd454f25b3d3fea7115f3eb05c9,732448,Lee2019_MI,Q15-E007,CSP4_LDA,deterministic,0.8035870624974213,0.19641293750257874,1
s47_1_offline_train_t051,47,1,offline_train,1,session1/s47/sess01_subj47_EEG_MI.mat,9e1e3cb79f82ec08d87c80aaa8d5929479ceccd454f25b3d3fea7115f3eb05c9,743314,Lee2019_MI,Q15-E007,CSP4_LDA,deterministic,0.5605161284464438,0.43948387155355617,1
s47_1_offline_train_t052,47,1,offline_train,1,session1/s47/sess01_subj47_EEG_MI.mat,9e1e3cb79f82ec08d87c80aaa8d5929479ceccd454f25b3d3fea7115f3eb05c9,754547,Lee2019_MI,Q15-E007,CSP4_LDA,deterministic,0.6531838475096539,0.3468161524903462,1
s47_1_offline_train_t053,47,1,offline_train,1,session1/s47/sess01_subj47_EEG_MI.mat,9e1e3cb79f82ec08d87c80aaa8d5929479ceccd454f25b3d3fea7115f3eb05c9,765797,Lee2019_MI,Q15-E007,CSP4_LDA,deterministic,0.6552147334992104,0.3447852665007896,1
s47_1_offline_train_t054,47,1,offline_train,2,session1/s47/sess01_subj47_EEG_MI.mat,9e1e3cb79f82ec08d87c80aaa8d5929479ceccd454f25b3d3fea7115f3eb05c9,776480,Lee2019_MI,Q15-E007,CSP4_LDA,deterministic,0.622198819084949,0.37780118091505105,1
s47_1_offline_train_t055,47,1,offline_train,1,session1/s47/sess01_subj47_EEG_MI.mat,9e1e3cb79f82ec08d87c80aaa8d5929479ceccd454f25b3d3fea7115f3eb05c9,787146,Lee2019_MI,Q15-E007,CSP4_LDA,deterministic,0.7550032575536233,0.24499674244637668,1
s47_1_offline_train_t056,47,1,offline_train,1,session1/s47/sess01_subj47_EEG_MI.mat,9e1e3cb79f82ec08d87c80aaa8d5929479ceccd454f25b3d3fea7115f3eb05c9,798213,Lee2019_MI,Q15-E007,CSP4_LDA,deterministic,0.87766091156519,0.12233908843481002,1
s47_1_offline_train_t057,47,1,offline_train,2,session1/s47/sess01_subj47_EEG_MI.mat,9e1e3cb79f82ec08d87c80aaa8d5929479ceccd454f25b3d3fea7115f3eb05c9,809730,Lee2019_MI,Q15-E007,CSP4_LDA,deterministic,0.6294712792268669,0.37052872077313315,1
s47_1_offline_train_t058,47,1,offline_train,2,session1/s47/sess01_subj47_EEG_MI.mat,9e1e3cb79f82ec08d87c80aaa8d5929479ceccd454f25b3d3fea7115f3eb05c9,820596,Lee2019_MI,Q15-E007,CSP4_LDA,deterministic,0.5558163011164561,0.44418369888354386,1
s47_1_offline_train_t059,47,1,offline_train,1,session1/s47/sess01_subj47_EEG_MI.mat,9e1e3cb79f82ec08d87c80aaa8d5929479ceccd454f25b3d3fea7115f3eb05c9,831729,Lee2019_MI,Q15-E007,CSP4_LDA,deterministic,0.6927641128197124,0.30723588718028755,1
s47_1_offline_train_t060,47,1,offline_train,1,session1/s47/sess01_subj47_EEG_MI.mat,9e1e3cb79f82ec08d87c80aaa8d5929479ceccd454f25b3d3fea7115f3eb05c9,842512,Lee2019_MI,Q15-E007,CSP4_LDA,deterministic,0.6166664785977769,0.3833335214022231,1
s47_1_offline_train_t061,47,1,offline_train,2,session1/s47/sess01_subj47_EEG_MI.mat,9e1e3cb79f82ec08d87c80aaa8d5929479ceccd454f25b3d3fea7115f3eb05c9,853845,Lee2019_MI,Q15-E007,CSP4_LDA,deterministic,0.6273320398740929,0.372667960125907,1
s47_1_offline_train_t062,47,1,offline_train,2,session1/s47/sess01_subj47_EEG_MI.mat,9e1e3cb79f82ec08d87c80aaa8d5929479ceccd454f25b3d3fea7115f3eb05c9,864612,Lee2019_MI,Q15-E007,CSP4_LDA,deterministic,0.7124635328406659,0.2875364671593342,1
s47_1_offline_train_t063,47,1,offline_train,1,session1/s47/sess01_subj47_EEG_MI.mat,9e1e3cb79f82ec08d87c80aaa8d5929479ceccd454f25b3d3fea7115f3eb05c9,875662,Lee2019_MI,Q15-E007,CSP4_LDA,deterministic,0.5372980053861914,0.46270199461380856,1
s47_1_offline_train_t064,47,1,offline_train,2,session1/s47/sess01_subj47_EEG_MI.mat,9e1e3cb79f82ec08d87c80aaa8d5929479ceccd454f25b3d3fea7115f3eb05c9,886911,Lee2019_MI,Q15-E007,CSP4_LDA,deterministic,0.5221125796058488,0.4778874203941513,1
s47_1_offline_train_t065,47,1,offline_train,2,session1/s47/sess01_subj47_EEG_MI.mat,9e1e3cb79f82ec08d87c80aaa8d5929479ceccd454f25b3d3fea7115f3eb05c9,898328,Lee2019_MI,Q15-E007,CSP4_LDA,deterministic,0.5129393059380983,0.48706069406190167,1
s47_1_offline_train_t066,47,1,offline_train,2,session1/s47/sess01_subj47_EEG_MI.mat,9e1e3cb79f82ec08d87c80aaa8d5929479ceccd454f25b3d3fea7115f3eb05c9,909844,Lee2019_MI,Q15-E007,CSP4_LDA,deterministic,0.726423880224137,0.2735761197758631,1
s47_1_offline_train_t067,47,1,offline_train,2,session1/s47/sess01_subj47_EEG_MI.mat,9e1e3cb79f82ec08d87c80aaa8d5929479ceccd454f25b3d3fea7115f3eb05c9,920994,Lee2019_MI,Q15-E007,CSP4_LDA,deterministic,0.7739059603156286,0.22609403968437133,1
s47_1_offline_train_t068,47,1,offline_train,1,session1/s47/sess01_subj47_EEG_MI.mat,9e1e3cb79f82ec08d87c80aaa8d5929479ceccd454f25b3d3fea7115f3eb05c9,931677,Lee2019_MI,Q15-E007,CSP4_LDA,deterministic,0.4685903519416482,0.5314096480583518,2
s47_1_offline_train_t069,47,1,offline_train,1,session1/s47/sess01_subj47_EEG_MI.mat,9e1e3cb79f82ec08d87c80aaa8d5929479ceccd454f25b3d3fea7115f3eb05c9,942360,Lee2019_MI,Q15-E007,CSP4_LDA,deterministic,0.570217270560885,0.429782729439115,1
s47_1_offline_train_t070,47,1,offline_train,2,session1/s47/sess01_subj47_EEG_MI.mat,9e1e3cb79f82ec08d87c80aaa8d5929479ceccd454f25b3d3fea7115f3eb05c9,953127,Lee2019_MI,Q15-E007,CSP4_LDA,deterministic,0.5434633026552262,0.4565366973447737,1
s47_1_offline_train_t071,47,1,offline_train,1,session1/s47/sess01_subj47_EEG_MI.mat,9e1e3cb79f82ec08d87c80aaa8d5929479ceccd454f25b3d3fea7115f3eb05c9,964543,Lee2019_MI,Q15-E007,CSP4_LDA,deterministic,0.676685335996418,0.32331466400358205,1
s47_1_offline_train_t072,47,1,offline_train,2,session1/s47/sess01_subj47_EEG_MI.mat,9e1e3cb79f82ec08d87c80aaa8d5929479ceccd454f25b3d3fea7115f3eb05c9,975326,Lee2019_MI,Q15-E007,CSP4_LDA,deterministic,0.6611615911712309,0.33883840882876914,1
s47_1_offline_train_t073,47,1,offline_train,2,session1/s47/sess01_subj47_EEG_MI.mat,9e1e3cb79f82ec08d87c80aaa8d5929479ceccd454f25b3d3fea7115f3eb05c9,986659,Lee2019_MI,Q15-E007,CSP4_LDA,deterministic,0.711797895764884,0.28820210423511605,1
s47_1_offline_train_t074,47,1,offline_train,2,session1/s47/sess01_subj47_EEG_MI.mat,9e1e3cb79f82ec08d87c80aaa8d5929479ceccd454f25b3d3fea7115f3eb05c9,997426,Lee2019_MI,Q15-E007,CSP4_LDA,deterministic,0.7200471844285243,0.2799528155714756,1
s47_1_offline_train_t075,47,1,offline_train,1,session1/s47/sess01_subj47_EEG_MI.mat,9e1e3cb79f82ec08d87c80aaa8d5929479ceccd454f25b3d3fea7115f3eb05c9,1008942,Lee2019_MI,Q15-E007,CSP4_LDA,deterministic,0.8613564634084621,0.13864353659153794,1
s47_1_offline_train_t076,47,1,offline_train,2,session1/s47/sess01_subj47_EEG_MI.mat,9e1e3cb79f82ec08d87c80aaa8d5929479ceccd454f25b3d3fea7115f3eb05c9,1019809,Lee2019_MI,Q15-E007,CSP4_LDA,deterministic,0.6409589407764968,0.35904105922350316,1
s47_1_offline_train_t077,47,1,offline_train,1,session1/s47/sess01_subj47_EEG_MI.mat,9e1e3cb79f82ec08d87c80aaa8d5929479ceccd454f25b3d3fea7115f3eb05c9,1030592,Lee2019_MI,Q15-E007,CSP4_LDA,deterministic,0.7808167193282747,0.21918328067172527,1
s47_1_offline_train_t078,47,1,offline_train,1,session1/s47/sess01_subj47_EEG_MI.mat,9e1e3cb79f82ec08d87c80aaa8d5929479ceccd454f25b3d3fea7115f3eb05c9,1041358,Lee2019_MI,Q15-E007,CSP4_LDA,deterministic,0.8218817236856639,0.17811827631433602,1
s47_1_offline_train_t079,47,1,offline_train,2,session1/s47/sess01_subj47_EEG_MI.mat,9e1e3cb79f82ec08d87c80aaa8d5929479ceccd454f25b3d3fea7115f3eb05c9,1052508,Lee2019_MI,Q15-E007,CSP4_LDA,deterministic,0.6318072523817834,0.36819274761821663,1
s47_1_offline_train_t080,47,1,offline_train,2,session1/s47/sess01_subj47_EEG_MI.mat,9e1e3cb79f82ec08d87c80aaa8d5929479ceccd454f25b3d3fea7115f3eb05c9,1063558,Lee2019_MI,Q15-E007,CSP4_LDA,deterministic,0.8270473986287975,0.17295260137120247,1
s47_1_offline_train_t081,47,1,offline_train,2,session1/s47/sess01_subj47_EEG_MI.mat,9e1e3cb79f82ec08d87c80aaa8d5929479ceccd454f25b3d3fea7115f3eb05c9,1074424,Lee2019_MI,Q15-E007,CSP4_LDA,deterministic,0.7424554054265482,0.25754459457345175,1
s47_1_offline_train_t082,47,1,offline_train,1,session1/s47/sess01_subj47_EEG_MI.mat,9e1e3cb79f82ec08d87c80aaa8d5929479ceccd454f25b3d3fea7115f3eb05c9,1085858,Lee2019_MI,Q15-E007,CSP4_LDA,deterministic,0.784504729848707,0.215495270151293,1
s47_1_offline_train_t083,47,1,offline_train,2,session1/s47/sess01_subj47_EEG_MI.mat,9e1e3cb79f82ec08d87c80aaa8d5929479ceccd454f25b3d3fea7115f3eb05c9,1096991,Lee2019_MI,Q15-E007,CSP4_LDA,deterministic,0.6237796276051277,0.3762203723948723,1
s47_1_offline_train_t084,47,1,offline_train,2,session1/s47/sess01_subj47_EEG_MI.mat,9e1e3cb79f82ec08d87c80aaa8d5929479ceccd454f25b3d3fea7115f3eb05c9,1108141,Lee2019_MI,Q15-E007,CSP4_LDA,deterministic,0.5259992338664421,0.47400076613355785,1
s47_1_offline_train_t085,47,1,offline_train,1,session1/s47/sess01_subj47_EEG_MI.mat,9e1e3cb79f82ec08d87c80aaa8d5929479ceccd454f25b3d3fea7115f3eb05c9,1119557,Lee2019_MI,Q15-E007,CSP4_LDA,deterministic,0.7568989436610594,0.2431010563389406,1
s47_1_offline_train_t086,47,1,offline_train,2,session1/s47/sess01_subj47_EEG_MI.mat,9e1e3cb79f82ec08d87c80aaa8d5929479ceccd454f25b3d3fea7115f3eb05c9,1130423,Lee2019_MI,Q15-E007,CSP4_LDA,deterministic,0.789990617748135,0.21000938225186508,1
s47_1_offline_train_t087,47,1,offline_train,1,session1/s47/sess01_subj47_EEG_MI.mat,9e1e3cb79f82ec08d87c80aaa8d5929479ceccd454f25b3d3fea7115f3eb05c9,1141756,Lee2019_MI,Q15-E007,CSP4_LDA,deterministic,0.7490787524178371,0.250921247582163,1
s47_1_offline_train_t088,47,1,offline_train,2,session1/s47/sess01_subj47_EEG_MI.mat,9e1e3cb79f82ec08d87c80aaa8d5929479ceccd454f25b3d3fea7115f3eb05c9,1153090,Lee2019_MI,Q15-E007,CSP4_LDA,deterministic,0.6531559190614595,0.3468440809385405,1
s47_1_offline_train_t089,47,1,offline_train,2,session1/s47/sess01_subj47_EEG_MI.mat,9e1e3cb79f82ec08d87c80aaa8d5929479ceccd454f25b3d3fea7115f3eb05c9,1164056,Lee2019_MI,Q15-E007,CSP4_LDA,deterministic,0.7992047981892955,0.2007952018107045,1
s47_1_offline_train_t090,47,1,offline_train,2,session1/s47/sess01_subj47_EEG_MI.mat,9e1e3cb79f82ec08d87c80aaa8d5929479ceccd454f25b3d3fea7115f3eb05c9,1175206,Lee2019_MI,Q15-E007,CSP4_LDA,deterministic,0.4642426189710389,0.5357573810289611,2
s47_1_offline_train_t091,47,1,offline_train,2,session1/s47/sess01_subj47_EEG_MI.mat,9e1e3cb79f82ec08d87c80aaa8d5929479ceccd454f25b3d3fea7115f3eb05c9,1185789,Lee2019_MI,Q15-E007,CSP4_LDA,deterministic,0.5958908825987757,0.40410911740122435,1
s47_1_offline_train_t092,47,1,offline_train,2,session1/s47/sess01_subj47_EEG_MI.mat,9e1e3cb79f82ec08d87c80aaa8d5929479ceccd454f25b3d3fea7115f3eb05c9,1196372,Lee2019_MI,Q15-E007,CSP4_LDA,deterministic,0.6945041914817107,0.3054958085182893,1
s47_1_offline_train_t093,47,1,offline_train,1,session1/s47/sess01_subj47_EEG_MI.mat,9e1e3cb79f82ec08d87c80aaa8d5929479ceccd454f25b3d3fea7115f3eb05c9,1207422,Lee2019_MI,Q15-E007,CSP4_LDA,deterministic,0.8405543436613747,0.15944565633862529,1
s47_1_offline_train_t094,47,1,offline_train,2,session1/s47/sess01_subj47_EEG_MI.mat,9e1e3cb79f82ec08d87c80aaa8d5929479ceccd454f25b3d3fea7115f3eb05c9,1218755,Lee2019_MI,Q15-E007,CSP4_LDA,deterministic,0.7255982441057196,0.27440175589428034,1
s47_1_offline_train_t095,47,1,offline_train,1,session1/s47/sess01_subj47_EEG_MI.mat,9e1e3cb79f82ec08d87c80aaa8d5929479ceccd454f25b3d3fea7115f3eb05c9,1230271,Lee2019_MI,Q15-E007,CSP4_LDA,deterministic,0.4268531813710209,0.5731468186289791,2
s47_1_offline_train_t096,47,1,offline_train,1,session1/s47/sess01_subj47_EEG_MI.mat,9e1e3cb79f82ec08d87c80aaa8d5929479ceccd454f25b3d3fea7115f3eb05c9,1240954,Lee2019_MI,Q15-E007,CSP4_LDA,deterministic,0.7247968653475573,0.2752031346524427,1
s47_1_offline_train_t097,47,1,offline_train,2,session1/s47/sess01_subj47_EEG_MI.mat,9e1e3cb79f82ec08d87c80aaa8d5929479ceccd454f25b3d3fea7115f3eb05c9,1252104,Lee2019_MI,Q15-E007,CSP4_LDA,deterministic,0.7213632746222463,0.2786367253777538,1
s47_1_offline_train_t098,47,1,offline_train,1,session1/s47/sess01_subj47_EEG_MI.mat,9e1e3cb79f82ec08d87c80aaa8d5929479ceccd454f25b3d3fea7115f3eb05c9,1263154,Lee2019_MI,Q15-E007,CSP4_LDA,deterministic,0.6991973859025447,0.3008026140974553,1
s47_1_offline_train_t099,47,1,offline_train,2,session1/s47/sess01_subj47_EEG_MI.mat,9e1e3cb79f82ec08d87c80aaa8d5929479ceccd454f25b3d3fea7115f3eb05c9,1273738,Lee2019_MI,Q15-E007,CSP4_LDA,deterministic,0.787480585835332,0.21251941416466805,1
s47_1_offline_train_t100,47,1,offline_train,2,session1/s47/sess01_subj47_EEG_MI.mat,9e1e3cb79f82ec08d87c80aaa8d5929479ceccd454f25b3d3fea7115f3eb05c9,1284604,Lee2019_MI,Q15-E007,CSP4_LDA,deterministic,0.54561091628797,0.45438908371203,1
s47_2_offline_train_t001,47,2,offline_train,1,session2/s47/sess02_subj47_EEG_MI.mat,eaac59812169d83f02da8004c763191120e8bdcbde980ec090c7bf3453e9ff18,149252,Lee2019_MI,Q15-E007,CSP4_LDA,deterministic,0.6383863042007161,0.361613695799284,1
s47_2_offline_train_t002,47,2,offline_train,2,session2/s47/sess02_subj47_EEG_MI.mat,eaac59812169d83f02da8004c763191120e8bdcbde980ec090c7bf3453e9ff18,160787,Lee2019_MI,Q15-E007,CSP4_LDA,deterministic,0.6199529832479023,0.38004701675209773,1
s47_2_offline_train_t003,47,2,offline_train,1,session2/s47/sess02_subj47_EEG_MI.mat,eaac59812169d83f02da8004c763191120e8bdcbde980ec090c7bf3453e9ff18,171470,Lee2019_MI,Q15-E007,CSP4_LDA,deterministic,0.48327946624550666,0.5167205337544933,2
s47_2_offline_train_t004,47,2,offline_train,1,session2/s47/sess02_subj47_EEG_MI.mat,eaac59812169d83f02da8004c763191120e8bdcbde980ec090c7bf3453e9ff18,182986,Lee2019_MI,Q15-E007,CSP4_LDA,deterministic,0.613311393605737,0.386688606394263,1
s47_2_offline_train_t005,47,2,offline_train,2,session2/s47/sess02_subj47_EEG_MI.mat,eaac59812169d83f02da8004c763191120e8bdcbde980ec090c7bf3453e9ff18,194118,Lee2019_MI,Q15-E007,CSP4_LDA,deterministic,0.6836547829843488,0.3163452170156512,1
s47_2_offline_train_t006,47,2,offline_train,2,session2/s47/sess02_subj47_EEG_MI.mat,eaac59812169d83f02da8004c763191120e8bdcbde980ec090c7bf3453e9ff18,204802,Lee2019_MI,Q15-E007,CSP4_LDA,deterministic,0.7849924567287586,0.2150075432712414,1
s47_2_offline_train_t007,47,2,offline_train,1,session2/s47/sess02_subj47_EEG_MI.mat,eaac59812169d83f02da8004c763191120e8bdcbde980ec090c7bf3453e9ff18,215669,Lee2019_MI,Q15-E007,CSP4_LDA,deterministic,0.6956241203149355,0.3043758796850645,1
s47_2_offline_train_t008,47,2,offline_train,2,session2/s47/sess02_subj47_EEG_MI.mat,eaac59812169d83f02da8004c763191120e8bdcbde980ec090c7bf3453e9ff18,226735,Lee2019_MI,Q15-E007,CSP4_LDA,deterministic,0.7102513076947601,0.2897486923052399,1
s47_2_offline_train_t009,47,2,offline_train,1,session2/s47/sess02_subj47_EEG_MI.mat,eaac59812169d83f02da8004c763191120e8bdcbde980ec090c7bf3453e9ff18,238252,Lee2019_MI,Q15-E007,CSP4_LDA,deterministic,0.6569799085532857,0.34302009144671425,1
s47_2_offline_train_t010,47,2,offline_train,1,session2/s47/sess02_subj47_EEG_MI.mat,eaac59812169d83f02da8004c763191120e8bdcbde980ec090c7bf3453e9ff18,249768,Lee2019_MI,Q15-E007,CSP4_LDA,deterministic,0.48456249153246234,0.5154375084675377,2
s47_2_offline_train_t011,47,2,offline_train,2,session2/s47/sess02_subj47_EEG_MI.mat,eaac59812169d83f02da8004c763191120e8bdcbde980ec090c7bf3453e9ff18,260434,Lee2019_MI,Q15-E007,CSP4_LDA,deterministic,0.7946960289512722,0.20530397104872777,1
s47_2_offline_train_t012,47,2,offline_train,2,session2/s47/sess02_subj47_EEG_MI.mat,eaac59812169d83f02da8004c763191120e8bdcbde980ec090c7bf3453e9ff18,271968,Lee2019_MI,Q15-E007,CSP4_LDA,deterministic,0.6333005473810871,0.36669945261891296,1
s47_2_offline_train_t013,47,2,offline_train,1,session2/s47/sess02_subj47_EEG_MI.mat,eaac59812169d83f02da8004c763191120e8bdcbde980ec090c7bf3453e9ff18,283484,Lee2019_MI,Q15-E007,CSP4_LDA,deterministic,0.7202213262724593,0.2797786737275408,1
s47_2_offline_train_t014,47,2,offline_train,1,session2/s47/sess02_subj47_EEG_MI.mat,eaac59812169d83f02da8004c763191120e8bdcbde980ec090c7bf3453e9ff18,294534,Lee2019_MI,Q15-E007,CSP4_LDA,deterministic,0.6900135218535188,0.3099864781464811,1
s47_2_offline_train_t015,47,2,offline_train,2,session2/s47/sess02_subj47_EEG_MI.mat,eaac59812169d83f02da8004c763191120e8bdcbde980ec090c7bf3453e9ff18,305867,Lee2019_MI,Q15-E007,CSP4_LDA,deterministic,0.5551838161877818,0.44481618381221816,1
s47_2_offline_train_t016,47,2,offline_train,1,session2/s47/sess02_subj47_EEG_MI.mat,eaac59812169d83f02da8004c763191120e8bdcbde980ec090c7bf3453e9ff18,316533,Lee2019_MI,Q15-E007,CSP4_LDA,deterministic,0.623747446571146,0.376252553428854,1
s47_2_offline_train_t017,47,2,offline_train,1,session2/s47/sess02_subj47_EEG_MI.mat,eaac59812169d83f02da8004c763191120e8bdcbde980ec090c7bf3453e9ff18,327500,Lee2019_MI,Q15-E007,CSP4_LDA,deterministic,0.7104846146651187,0.2895153853348813,1
s47_2_offline_train_t018,47,2,offline_train,1,session2/s47/sess02_subj47_EEG_MI.mat,eaac59812169d83f02da8004c763191120e8bdcbde980ec090c7bf3453e9ff18,339016,Lee2019_MI,Q15-E007,CSP4_LDA,deterministic,0.5977399374256749,0.40226006257432506,1
s47_2_offline_train_t019,47,2,offline_train,1,session2/s47/sess02_subj47_EEG_MI.mat,eaac59812169d83f02da8004c763191120e8bdcbde980ec090c7bf3453e9ff18,350349,Lee2019_MI,Q15-E007,CSP4_LDA,deterministic,0.7079817359885221,0.29201826401147785,1
s47_2_offline_train_t020,47,2,offline_train,2,session2/s47/sess02_subj47_EEG_MI.mat,eaac59812169d83f02da8004c763191120e8bdcbde980ec090c7bf3453e9ff18,361865,Lee2019_MI,Q15-E007,CSP4_LDA,deterministic,0.6076011439858926,0.39239885601410746,1
s47_2_offline_train_t021,47,2,offline_train,2,session2/s47/sess02_subj47_EEG_MI.mat,eaac59812169d83f02da8004c763191120e8bdcbde980ec090c7bf3453e9ff18,373098,Lee2019_MI,Q15-E007,CSP4_LDA,deterministic,0.6528766557018417,0.34712334429815833,1
s47_2_offline_train_t022,47,2,offline_train,1,session2/s47/sess02_subj47_EEG_MI.mat,eaac59812169d83f02da8004c763191120e8bdcbde980ec090c7bf3453e9ff18,383698,Lee2019_MI,Q15-E007,CSP4_LDA,deterministic,0.7231861372268495,0.2768138627731504,1
s47_2_offline_train_t023,47,2,offline_train,2,session2/s47/sess02_subj47_EEG_MI.mat,eaac59812169d83f02da8004c763191120e8bdcbde980ec090c7bf3453e9ff18,395114,Lee2019_MI,Q15-E007,CSP4_LDA,deterministic,0.6419654766174014,0.35803452338259856,1
s47_2_offline_train_t024,47,2,offline_train,2,session2/s47/sess02_subj47_EEG_MI.mat,eaac59812169d83f02da8004c763191120e8bdcbde980ec090c7bf3453e9ff18,406631,Lee2019_MI,Q15-E007,CSP4_LDA,deterministic,0.5607933796993929,0.43920662030060714,1
s47_2_offline_train_t025,47,2,offline_train,2,session2/s47/sess02_subj47_EEG_MI.mat,eaac59812169d83f02da8004c763191120e8bdcbde980ec090c7bf3453e9ff18,417864,Lee2019_MI,Q15-E007,CSP4_LDA,deterministic,0.6624712554520081,0.33752874454799187,1
s47_2_offline_train_t026,47,2,offline_train,1,session2/s47/sess02_subj47_EEG_MI.mat,eaac59812169d83f02da8004c763191120e8bdcbde980ec090c7bf3453e9ff18,429197,Lee2019_MI,Q15-E007,CSP4_LDA,deterministic,0.8064809315176862,0.19351906848231382,1
s47_2_offline_train_t027,47,2,offline_train,2,session2/s47/sess02_subj47_EEG_MI.mat,eaac59812169d83f02da8004c763191120e8bdcbde980ec090c7bf3453e9ff18,440530,Lee2019_MI,Q15-E007,CSP4_LDA,deterministic,0.663948354463846,0.336051645536154,1
s47_2_offline_train_t028,47,2,offline_train,1,session2/s47/sess02_subj47_EEG_MI.mat,eaac59812169d83f02da8004c763191120e8bdcbde980ec090c7bf3453e9ff18,451497,Lee2019_MI,Q15-E007,CSP4_LDA,deterministic,0.4626864176293819,0.5373135823706181,2
s47_2_offline_train_t029,47,2,offline_train,1,session2/s47/sess02_subj47_EEG_MI.mat,eaac59812169d83f02da8004c763191120e8bdcbde980ec090c7bf3453e9ff18,462730,Lee2019_MI,Q15-E007,CSP4_LDA,deterministic,0.5878430912763366,0.41215690872366345,1
s47_2_offline_train_t030,47,2,offline_train,2,session2/s47/sess02_subj47_EEG_MI.mat,eaac59812169d83f02da8004c763191120e8bdcbde980ec090c7bf3453e9ff18,473413,Lee2019_MI,Q15-E007,CSP4_LDA,deterministic,0.7142644177128332,0.2857355822871667,1
s47_2_offline_train_t031,47,2,offline_train,1,session2/s47/sess02_subj47_EEG_MI.mat,eaac59812169d83f02da8004c763191120e8bdcbde980ec090c7bf3453e9ff18,484646,Lee2019_MI,Q15-E007,CSP4_LDA,deterministic,0.8019417567062874,0.19805824329371255,1
s47_2_offline_train_t032,47,2,offline_train,2,session2/s47/sess02_subj47_EEG_MI.mat,eaac59812169d83f02da8004c763191120e8bdcbde980ec090c7bf3453e9ff18,495246,Lee2019_MI,Q15-E007,CSP4_LDA,deterministic,0.799675216304715,0.20032478369528492,1
s47_2_offline_train_t033,47,2,offline_train,1,session2/s47/sess02_subj47_EEG_MI.mat,eaac59812169d83f02da8004c763191120e8bdcbde980ec090c7bf3453e9ff18,506112,Lee2019_MI,Q15-E007,CSP4_LDA,deterministic,0.6837796332097139,0.31622036679028603,1
s47_2_offline_train_t034,47,2,offline_train,2,session2/s47/sess02_subj47_EEG_MI.mat,eaac59812169d83f02da8004c763191120e8bdcbde980ec090c7bf3453e9ff18,516695,Lee2019_MI,Q15-E007,CSP4_LDA,deterministic,0.6694439125011882,0.3305560874988119,1
s47_2_offline_train_t035,47,2,offline_train,2,session2/s47/sess02_subj47_EEG_MI.mat,eaac59812169d83f02da8004c763191120e8bdcbde980ec090c7bf3453e9ff18,527378,Lee2019_MI,Q15-E007,CSP4_LDA,deterministic,0.6691186680729959,0.3308813319270041,1
s47_2_offline_train_t036,47,2,offline_train,1,session2/s47/sess02_subj47_EEG_MI.mat,eaac59812169d83f02da8004c763191120e8bdcbde980ec090c7bf3453e9ff18,538711,Lee2019_MI,Q15-E007,CSP4_LDA,deterministic,0.7239907174341453,0.27600928256585466,1
s47_2_offline_train_t037,47,2,offline_train,1,session2/s47/sess02_subj47_EEG_MI.mat,eaac59812169d83f02da8004c763191120e8bdcbde980ec090c7bf3453e9ff18,549944,Lee2019_MI,Q15-E007,CSP4_LDA,deterministic,0.5572081515103477,0.44279184848965225,1
s47_2_offline_train_t038,47,2,offline_train,2,session2/s47/sess02_subj47_EEG_MI.mat,eaac59812169d83f02da8004c763191120e8bdcbde980ec090c7bf3453e9ff18,560811,Lee2019_MI,Q15-E007,CSP4_LDA,deterministic,0.7724281775030801,0.2275718224969199,1
s47_2_offline_train_t039,47,2,offline_train,1,session2/s47/sess02_subj47_EEG_MI.mat,eaac59812169d83f02da8004c763191120e8bdcbde980ec090c7bf3453e9ff18,572327,Lee2019_MI,Q15-E007,CSP4_LDA,deterministic,0.6905017562429575,0.3094982437570425,1
s47_2_offline_train_t040,47,2,offline_train,1,session2/s47/sess02_subj47_EEG_MI.mat,eaac59812169d83f02da8004c763191120e8bdcbde980ec090c7bf3453e9ff18,582910,Lee2019_MI,Q15-E007,CSP4_LDA,deterministic,0.5627864692525739,0.43721353074742614,1
s47_2_offline_train_t041,47,2,offline_train,1,session2/s47/sess02_subj47_EEG_MI.mat,eaac59812169d83f02da8004c763191120e8bdcbde980ec090c7bf3453e9ff18,593876,Lee2019_MI,Q15-E007,CSP4_LDA,deterministic,0.682515509635307,0.3174844903646929,1
s47_2_offline_train_t042,47,2,offline_train,1,session2/s47/sess02_subj47_EEG_MI.mat,eaac59812169d83f02da8004c763191120e8bdcbde980ec090c7bf3453e9ff18,604826,Lee2019_MI,Q15-E007,CSP4_LDA,deterministic,0.590381508769314,0.40961849123068605,1
s47_2_offline_train_t043,47,2,offline_train,2,session2/s47/sess02_subj47_EEG_MI.mat,eaac59812169d83f02da8004c763191120e8bdcbde980ec090c7bf3453e9ff18,616159,Lee2019_MI,Q15-E007,CSP4_LDA,deterministic,0.7160048930024225,0.2839951069975774,1
s47_2_offline_train_t044,47,2,offline_train,1,session2/s47/sess02_subj47_EEG_MI.mat,eaac59812169d83f02da8004c763191120e8bdcbde980ec090c7bf3453e9ff18,627492,Lee2019_MI,Q15-E007,CSP4_LDA,deterministic,0.6463026345417215,0.35369736545827846,1
s47_2_offline_train_t045,47,2,offline_train,2,session2/s47/sess02_subj47_EEG_MI.mat,eaac59812169d83f02da8004c763191120e8bdcbde980ec090c7bf3453e9ff18,638275,Lee2019_MI,Q15-E007,CSP4_LDA,deterministic,0.6894337934497312,0.31056620655026873,1
s47_2_offline_train_t046,47,2,offline_train,1,session2/s47/sess02_subj47_EEG_MI.mat,eaac59812169d83f02da8004c763191120e8bdcbde980ec090c7bf3453e9ff18,649325,Lee2019_MI,Q15-E007,CSP4_LDA,deterministic,0.6401850932701602,0.35981490672983985,1
s47_2_offline_train_t047,47,2,offline_train,1,session2/s47/sess02_subj47_EEG_MI.mat,eaac59812169d83f02da8004c763191120e8bdcbde980ec090c7bf3453e9ff18,660275,Lee2019_MI,Q15-E007,CSP4_LDA,deterministic,0.6598864282203338,0.34011357177966617,1
s47_2_offline_train_t048,47,2,offline_train,1,session2/s47/sess02_subj47_EEG_MI.mat,eaac59812169d83f02da8004c763191120e8bdcbde980ec090c7bf3453e9ff18,671424,Lee2019_MI,Q15-E007,CSP4_LDA,deterministic,0.7017513883308217,0.2982486116691782,1
s47_2_offline_train_t049,47,2,offline_train,2,session2/s47/sess02_subj47_EEG_MI.mat,eaac59812169d83f02da8004c763191120e8bdcbde980ec090c7bf3453e9ff18,682657,Lee2019_MI,Q15-E007,CSP4_LDA,deterministic,0.7422581617644319,0.2577418382355681,1
s47_2_offline_train_t050,47,2,offline_train,1,session2/s47/sess02_subj47_EEG_MI.mat,eaac59812169d83f02da8004c763191120e8bdcbde980ec090c7bf3453e9ff18,707373,Lee2019_MI,Q15-E007,CSP4_LDA,deterministic,0.6221588706308698,0.3778411293691301,1
s47_2_offline_train_t051,47,2,offline_train,1,session2/s47/sess02_subj47_EEG_MI.mat,eaac59812169d83f02da8004c763191120e8bdcbde980ec090c7bf3453e9ff18,718240,Lee2019_MI,Q15-E007,CSP4_LDA,deterministic,0.6218356811870123,0.37816431881298773,1
s47_2_offline_train_t052,47,2,offline_train,1,session2/s47/sess02_subj47_EEG_MI.mat,eaac59812169d83f02da8004c763191120e8bdcbde980ec090c7bf3453e9ff18,729473,Lee2019_MI,Q15-E007,CSP4_LDA,deterministic,0.7226189788993671,0.27738102110063284,1
s47_2_offline_train_t053,47,2,offline_train,1,session2/s47/sess02_subj47_EEG_MI.mat,eaac59812169d83f02da8004c763191120e8bdcbde980ec090c7bf3453e9ff18,740723,Lee2019_MI,Q15-E007,CSP4_LDA,deterministic,0.5503301398250531,0.449669860174947,1
s47_2_offline_train_t054,47,2,offline_train,2,session2/s47/sess02_subj47_EEG_MI.mat,eaac59812169d83f02da8004c763191120e8bdcbde980ec090c7bf3453e9ff18,751389,Lee2019_MI,Q15-E007,CSP4_LDA,deterministic,0.6627097859315626,0.3372902140684374,1
s47_2_offline_train_t055,47,2,offline_train,1,session2/s47/sess02_subj47_EEG_MI.mat,eaac59812169d83f02da8004c763191120e8bdcbde980ec090c7bf3453e9ff18,762072,Lee2019_MI,Q15-E007,CSP4_LDA,deterministic,0.8727716052189448,0.1272283947810552,1
s47_2_offline_train_t056,47,2,offline_train,1,session2/s47/sess02_subj47_EEG_MI.mat,eaac59812169d83f02da8004c763191120e8bdcbde980ec090c7bf3453e9ff18,773122,Lee2019_MI,Q15-E007,CSP4_LDA,deterministic,0.7236105458803943,0.27638945411960575,1
s47_2_offline_train_t057,47,2,offline_train,2,session2/s47/sess02_subj47_EEG_MI.mat,eaac59812169d83f02da8004c763191120e8bdcbde980ec090c7bf3453e9ff18,784638,Lee2019_MI,Q15-E007,CSP4_LDA,deterministic,0.4234990719915308,0.5765009280084692,2
s47_2_offline_train_t058,47,2,offline_train,2,session2/s47/sess02_subj47_EEG_MI.mat,eaac59812169d83f02da8004c763191120e8bdcbde980ec090c7bf3453e9ff18,795505,Lee2019_MI,Q15-E007,CSP4_LDA,deterministic,0.6325537330147126,0.36744626698528743,1
s47_2_offline_train_t059,47,2,offline_train,1,session2/s47/sess02_subj47_EEG_MI.mat,eaac59812169d83f02da8004c763191120e8bdcbde980ec090c7bf3453e9ff18,806654,Lee2019_MI,Q15-E007,CSP4_LDA,deterministic,0.5364193414089218,0.4635806585910782,1
s47_2_offline_train_t060,47,2,offline_train,1,session2/s47/sess02_subj47_EEG_MI.mat,eaac59812169d83f02da8004c763191120e8bdcbde980ec090c7bf3453e9ff18,817437,Lee2019_MI,Q15-E007,CSP4_LDA,deterministic,0.42826287761423776,0.5717371223857622,2
s47_2_offline_train_t061,47,2,offline_train,2,session2/s47/sess02_subj47_EEG_MI.mat,eaac59812169d83f02da8004c763191120e8bdcbde980ec090c7bf3453e9ff18,828771,Lee2019_MI,Q15-E007,CSP4_LDA,deterministic,0.7530982890421194,0.24690171095788066,1
s47_2_offline_train_t062,47,2,offline_train,2,session2/s47/sess02_subj47_EEG_MI.mat,eaac59812169d83f02da8004c763191120e8bdcbde980ec090c7bf3453e9ff18,839537,Lee2019_MI,Q15-E007,CSP4_LDA,deterministic,0.4994889319873045,0.5005110680126955,2
s47_2_offline_train_t063,47,2,offline_train,1,session2/s47/sess02_subj47_EEG_MI.mat,eaac59812169d83f02da8004c763191120e8bdcbde980ec090c7bf3453e9ff18,850587,Lee2019_MI,Q15-E007,CSP4_LDA,deterministic,0.5290736200410742,0.4709263799589258,1
s47_2_offline_train_t064,47,2,offline_train,2,session2/s47/sess02_subj47_EEG_MI.mat,eaac59812169d83f02da8004c763191120e8bdcbde980ec090c7bf3453e9ff18,861820,Lee2019_MI,Q15-E007,CSP4_LDA,deterministic,0.7429281052479917,0.25707189475200837,1
s47_2_offline_train_t065,47,2,offline_train,2,session2/s47/sess02_subj47_EEG_MI.mat,eaac59812169d83f02da8004c763191120e8bdcbde980ec090c7bf3453e9ff18,873253,Lee2019_MI,Q15-E007,CSP4_LDA,deterministic,0.6353509696406893,0.36464903035931073,1
s47_2_offline_train_t066,47,2,offline_train,2,session2/s47/sess02_subj47_EEG_MI.mat,eaac59812169d83f02da8004c763191120e8bdcbde980ec090c7bf3453e9ff18,884769,Lee2019_MI,Q15-E007,CSP4_LDA,deterministic,0.7012127418071936,0.2987872581928063,1
s47_2_offline_train_t067,47,2,offline_train,2,session2/s47/sess02_subj47_EEG_MI.mat,eaac59812169d83f02da8004c763191120e8bdcbde980ec090c7bf3453e9ff18,895919,Lee2019_MI,Q15-E007,CSP4_LDA,deterministic,0.7459340929148545,0.25406590708514554,1
s47_2_offline_train_t068,47,2,offline_train,1,session2/s47/sess02_subj47_EEG_MI.mat,eaac59812169d83f02da8004c763191120e8bdcbde980ec090c7bf3453e9ff18,906602,Lee2019_MI,Q15-E007,CSP4_LDA,deterministic,0.4986846694728072,0.5013153305271928,2
s47_2_offline_train_t069,47,2,offline_train,1,session2/s47/sess02_subj47_EEG_MI.mat,eaac59812169d83f02da8004c763191120e8bdcbde980ec090c7bf3453e9ff18,917268,Lee2019_MI,Q15-E007,CSP4_LDA,deterministic,0.6164725338902968,0.3835274661097032,1
s47_2_offline_train_t070,47,2,offline_train,2,session2/s47/sess02_subj47_EEG_MI.mat,eaac59812169d83f02da8004c763191120e8bdcbde980ec090c7bf3453e9ff18,928051,Lee2019_MI,Q15-E007,CSP4_LDA,deterministic,0.4342804088959695,0.5657195911040305,2
s47_2_offline_train_t071,47,2,offline_train,1,session2/s47/sess02_subj47_EEG_MI.mat,eaac59812169d83f02da8004c763191120e8bdcbde980ec090c7bf3453e9ff18,939468,Lee2019_MI,Q15-E007,CSP4_LDA,deterministic,0.5162157538426315,0.48378424615736854,1
s47_2_offline_train_t072,47,2,offline_train,2,session2/s47/sess02_subj47_EEG_MI.mat,eaac59812169d83f02da8004c763191120e8bdcbde980ec090c7bf3453e9ff18,950251,Lee2019_MI,Q15-E007,CSP4_LDA,deterministic,0.6662852399137903,0.3337147600862097,1
s47_2_offline_train_t073,47,2,offline_train,2,session2/s47/sess02_subj47_EEG_MI.mat,eaac59812169d83f02da8004c763191120e8bdcbde980ec090c7bf3453e9ff18,961584,Lee2019_MI,Q15-E007,CSP4_LDA,deterministic,0.7873574952265514,0.21264250477344857,1
s47_2_offline_train_t074,47,2,offline_train,2,session2/s47/sess02_subj47_EEG_MI.mat,eaac59812169d83f02da8004c763191120e8bdcbde980ec090c7bf3453e9ff18,972350,Lee2019_MI,Q15-E007,CSP4_LDA,deterministic,0.557975601924223,0.442024398075777,1
s47_2_offline_train_t075,47,2,offline_train,1,session2/s47/sess02_subj47_EEG_MI.mat,eaac59812169d83f02da8004c763191120e8bdcbde980ec090c7bf3453e9ff18,983866,Lee2019_MI,Q15-E007,CSP4_LDA,deterministic,0.7628009824013898,0.23719901759861017,1
s47_2_offline_train_t076,47,2,offline_train,2,session2/s47/sess02_subj47_EEG_MI.mat,eaac59812169d83f02da8004c763191120e8bdcbde980ec090c7bf3453e9ff18,994733,Lee2019_MI,Q15-E007,CSP4_LDA,deterministic,0.4752754178721589,0.5247245821278411,2
s47_2_offline_train_t077,47,2,offline_train,1,session2/s47/sess02_subj47_EEG_MI.mat,eaac59812169d83f02da8004c763191120e8bdcbde980ec090c7bf3453e9ff18,1005516,Lee2019_MI,Q15-E007,CSP4_LDA,deterministic,0.3253128910274026,0.6746871089725974,2
s47_2_offline_train_t078,47,2,offline_train,1,session2/s47/sess02_subj47_EEG_MI.mat,eaac59812169d83f02da8004c763191120e8bdcbde980ec090c7bf3453e9ff18,1016282,Lee2019_MI,Q15-E007,CSP4_LDA,deterministic,0.3738509893202584,0.6261490106797416,2
s47_2_offline_train_t079,47,2,offline_train,2,session2/s47/sess02_subj47_EEG_MI.mat,eaac59812169d83f02da8004c763191120e8bdcbde980ec090c7bf3453e9ff18,1027432,Lee2019_MI,Q15-E007,CSP4_LDA,deterministic,0.6584400209337171,0.34155997906628294,1
s47_2_offline_train_t080,47,2,offline_train,2,session2/s47/sess02_subj47_EEG_MI.mat,eaac59812169d83f02da8004c763191120e8bdcbde980ec090c7bf3453e9ff18,1038482,Lee2019_MI,Q15-E007,CSP4_LDA,deterministic,0.5579360454983247,0.4420639545016753,1
s47_2_offline_train_t081,47,2,offline_train,2,session2/s47/sess02_subj47_EEG_MI.mat,eaac59812169d83f02da8004c763191120e8bdcbde980ec090c7bf3453e9ff18,1049348,Lee2019_MI,Q15-E007,CSP4_LDA,deterministic,0.31586283176507857,0.6841371682349214,2
s47_2_offline_train_t082,47,2,offline_train,1,session2/s47/sess02_subj47_EEG_MI.mat,eaac59812169d83f02da8004c763191120e8bdcbde980ec090c7bf3453e9ff18,1060765,Lee2019_MI,Q15-E007,CSP4_LDA,deterministic,0.761538848039949,0.23846115196005108,1
s47_2_offline_train_t083,47,2,offline_train,2,session2/s47/sess02_subj47_EEG_MI.mat,eaac59812169d83f02da8004c763191120e8bdcbde980ec090c7bf3453e9ff18,1071914,Lee2019_MI,Q15-E007,CSP4_LDA,deterministic,0.628870104967709,0.371129895032291,1
s47_2_offline_train_t084,47,2,offline_train,2,session2/s47/sess02_subj47_EEG_MI.mat,eaac59812169d83f02da8004c763191120e8bdcbde980ec090c7bf3453e9ff18,1082964,Lee2019_MI,Q15-E007,CSP4_LDA,deterministic,0.48232526381799423,0.5176747361820058,2
s47_2_offline_train_t085,47,2,offline_train,1,session2/s47/sess02_subj47_EEG_MI.mat,eaac59812169d83f02da8004c763191120e8bdcbde980ec090c7bf3453e9ff18,1094397,Lee2019_MI,Q15-E007,CSP4_LDA,deterministic,0.8072027943592154,0.19279720564078465,1
s47_2_offline_train_t086,47,2,offline_train,2,session2/s47/sess02_subj47_EEG_MI.mat,eaac59812169d83f02da8004c763191120e8bdcbde980ec090c7bf3453e9ff18,1105263,Lee2019_MI,Q15-E007,CSP4_LDA,deterministic,0.6713190280052095,0.3286809719947905,1
s47_2_offline_train_t087,47,2,offline_train,1,session2/s47/sess02_subj47_EEG_MI.mat,eaac59812169d83f02da8004c763191120e8bdcbde980ec090c7bf3453e9ff18,1116596,Lee2019_MI,Q15-E007,CSP4_LDA,deterministic,0.7453647544468991,0.2546352455531009,1
s47_2_offline_train_t088,47,2,offline_train,2,session2/s47/sess02_subj47_EEG_MI.mat,eaac59812169d83f02da8004c763191120e8bdcbde980ec090c7bf3453e9ff18,1127930,Lee2019_MI,Q15-E007,CSP4_LDA,deterministic,0.7053981735587523,0.29460182644124766,1
s47_2_offline_train_t089,47,2,offline_train,2,session2/s47/sess02_subj47_EEG_MI.mat,eaac59812169d83f02da8004c763191120e8bdcbde980ec090c7bf3453e9ff18,1138879,Lee2019_MI,Q15-E007,CSP4_LDA,deterministic,0.5909692187164561,0.4090307812835439,1
s47_2_offline_train_t090,47,2,offline_train,2,session2/s47/sess02_subj47_EEG_MI.mat,eaac59812169d83f02da8004c763191120e8bdcbde980ec090c7bf3453e9ff18,1150029,Lee2019_MI,Q15-E007,CSP4_LDA,deterministic,0.7320165195944237,0.2679834804055763,1
s47_2_offline_train_t091,47,2,offline_train,2,session2/s47/sess02_subj47_EEG_MI.mat,eaac59812169d83f02da8004c763191120e8bdcbde980ec090c7bf3453e9ff18,1160612,Lee2019_MI,Q15-E007,CSP4_LDA,deterministic,0.7549039443444536,0.24509605565554632,1
s47_2_offline_train_t092,47,2,offline_train,2,session2/s47/sess02_subj47_EEG_MI.mat,eaac59812169d83f02da8004c763191120e8bdcbde980ec090c7bf3453e9ff18,1171212,Lee2019_MI,Q15-E007,CSP4_LDA,deterministic,0.8232954743120459,0.17670452568795414,1
s47_2_offline_train_t093,47,2,offline_train,1,session2/s47/sess02_subj47_EEG_MI.mat,eaac59812169d83f02da8004c763191120e8bdcbde980ec090c7bf3453e9ff18,1182261,Lee2019_MI,Q15-E007,CSP4_LDA,deterministic,0.6522558287243714,0.3477441712756286,1
s47_2_offline_train_t094,47,2,offline_train,2,session2/s47/sess02_subj47_EEG_MI.mat,eaac59812169d83f02da8004c763191120e8bdcbde980ec090c7bf3453e9ff18,1193595,Lee2019_MI,Q15-E007,CSP4_LDA,deterministic,0.5107585984286477,0.4892414015713523,1
s47_2_offline_train_t095,47,2,offline_train,1,session2/s47/sess02_subj47_EEG_MI.mat,eaac59812169d83f02da8004c763191120e8bdcbde980ec090c7bf3453e9ff18,1205111,Lee2019_MI,Q15-E007,CSP4_LDA,deterministic,0.7060565682410787,0.2939434317589213,1
s47_2_offline_train_t096,47,2,offline_train,1,session2/s47/sess02_subj47_EEG_MI.mat,eaac59812169d83f02da8004c763191120e8bdcbde980ec090c7bf3453e9ff18,1215777,Lee2019_MI,Q15-E007,CSP4_LDA,deterministic,0.6475910863278338,0.35240891367216626,1
s47_2_offline_train_t097,47,2,offline_train,2,session2/s47/sess02_subj47_EEG_MI.mat,eaac59812169d83f02da8004c763191120e8bdcbde980ec090c7bf3453e9ff18,1226927,Lee2019_MI,Q15-E007,CSP4_LDA,deterministic,0.5809377441576065,0.4190622558423936,1
s47_2_offline_train_t098,47,2,offline_train,1,session2/s47/sess02_subj47_EEG_MI.mat,eaac59812169d83f02da8004c763191120e8bdcbde980ec090c7bf3453e9ff18,1237977,Lee2019_MI,Q15-E007,CSP4_LDA,deterministic,0.6003892572466256,0.3996107427533744,1
s47_2_offline_train_t099,47,2,offline_train,2,session2/s47/sess02_subj47_EEG_MI.mat,eaac59812169d83f02da8004c763191120e8bdcbde980ec090c7bf3453e9ff18,1248577,Lee2019_MI,Q15-E007,CSP4_LDA,deterministic,0.5633638819073734,0.43663611809262654,1
s47_2_offline_train_t100,47,2,offline_train,2,session2/s47/sess02_subj47_EEG_MI.mat,eaac59812169d83f02da8004c763191120e8bdcbde980ec090c7bf3453e9ff18,1259443,Lee2019_MI,Q15-E007,CSP4_LDA,deterministic,0.532123080555509,0.467876919444491,1
