sample_id,subject,session,run,trial,label,event_sample,artifact_flagged,fold,seed,y_true,y_pred,p_class_1,p_class_2,p_class_3,p_class_4
s04_0train_r0_t01,4,0train,0,1,4,250,False,loso_s4,20260924,4,2,0.28609514,0.29840937,0.23829444,0.17720103
s04_0train_r0_t02,4,0train,0,2,4,2253,False,loso_s4,20260924,4,2,0.25007707,0.33057505,0.27071825,0.14862962
s04_0train_r0_t03,4,0train,0,3,1,4171,False,loso_s4,20260924,1,2,0.19085906,0.37763962,0.28415143,0.14734991
s04_0train_r0_t04,4,0train,0,4,4,6123,False,loso_s4,20260924,4,1,0.3312522,0.32079598,0.19516462,0.1527872
s04_0train_r0_t05,4,0train,0,5,1,8131,False,loso_s4,20260924,1,1,0.34947327,0.27841026,0.24765755,0.124459
s04_0train_r0_t06,4,0train,0,6,1,10242,False,loso_s4,20260924,1,1,0.44737893,0.16644159,0.18140045,0.20477903
s04_0train_r0_t07,4,0train,0,7,4,12159,False,loso_s4,20260924,4,2,0.2501175,0.4457007,0.17974205,0.12443979
s04_0train_r0_t08,4,0train,0,8,4,14209,False,loso_s4,20260924,4,2,0.20321609,0.37921494,0.24684282,0.17072618
s04_0train_r0_t09,4,0train,0,9,4,16140,False,loso_s4,20260924,4,2,0.21372548,0.41492984,0.22023655,0.15110807
s04_0train_r0_t10,4,0train,0,10,2,18138,False,loso_s4,20260924,2,2,0.19034162,0.39149767,0.32086706,0.09729366
s04_0train_r0_t11,4,0train,0,11,4,20044,False,loso_s4,20260924,4,2,0.12281452,0.3640907,0.2932887,0.21980606
s04_0train_r0_t12,4,0train,0,12,1,21939,False,loso_s4,20260924,1,3,0.23427273,0.30367962,0.31205463,0.14999302
s04_0train_r0_t13,4,0train,0,13,1,23911,False,loso_s4,20260924,1,1,0.34681147,0.21122509,0.24173492,0.20022851
s04_0train_r0_t14,4,0train,0,14,2,25855,False,loso_s4,20260924,2,2,0.28285974,0.33272222,0.22289588,0.16152218
s04_0train_r0_t15,4,0train,0,15,2,27822,False,loso_s4,20260924,2,2,0.19453165,0.47889453,0.17583689,0.15073682
s04_0train_r0_t16,4,0train,0,16,2,29942,False,loso_s4,20260924,2,2,0.16846678,0.44528112,0.23172954,0.15452263
s04_0train_r0_t17,4,0train,0,17,3,31950,False,loso_s4,20260924,3,2,0.23743941,0.34163406,0.26772004,0.1532065
s04_0train_r0_t18,4,0train,0,18,1,34016,False,loso_s4,20260924,1,2,0.2582221,0.35507497,0.21707885,0.1696241
s04_0train_r0_t19,4,0train,0,19,3,36052,False,loso_s4,20260924,3,2,0.16734794,0.35662895,0.30588982,0.17013326
s04_0train_r0_t20,4,0train,0,20,2,38118,False,loso_s4,20260924,2,2,0.30583063,0.3918873,0.21843712,0.08384502
s04_0train_r0_t21,4,0train,0,21,3,40188,False,loso_s4,20260924,3,2,0.18510284,0.3936251,0.26902583,0.15224624
s04_0train_r0_t22,4,0train,0,22,2,42268,False,loso_s4,20260924,2,2,0.17250848,0.41580227,0.2823817,0.12930751
s04_0train_r0_t23,4,0train,0,23,1,44180,False,loso_s4,20260924,1,3,0.23875383,0.26996517,0.28449273,0.20678827
s04_0train_r0_t24,4,0train,0,24,3,46211,False,loso_s4,20260924,3,1,0.36140135,0.32561168,0.20675598,0.10623103
s04_0train_r0_t25,4,0train,0,25,3,48164,False,loso_s4,20260924,3,1,0.46859774,0.16210929,0.16250053,0.20679252
s04_0train_r0_t26,4,0train,0,26,1,50125,False,loso_s4,20260924,1,1,0.34424385,0.15584476,0.25960663,0.24030472
s04_0train_r0_t27,4,0train,0,27,3,52229,False,loso_s4,20260924,3,2,0.20340714,0.354078,0.2971466,0.1453683
s04_0train_r0_t28,4,0train,0,28,2,54233,False,loso_s4,20260924,2,2,0.19860904,0.4597095,0.22554761,0.116133876
s04_0train_r0_t29,4,0train,0,29,2,56208,False,loso_s4,20260924,2,2,0.2256694,0.34423274,0.29210576,0.13799208
s04_0train_r0_t30,4,0train,0,30,4,58234,False,loso_s4,20260924,4,3,0.19725488,0.2733014,0.32111832,0.2083254
s04_0train_r0_t31,4,0train,0,31,1,60305,False,loso_s4,20260924,1,1,0.3691015,0.2662808,0.24858768,0.116030015
s04_0train_r0_t32,4,0train,0,32,3,62412,False,loso_s4,20260924,3,2,0.28469986,0.3917233,0.20666216,0.11691465
s04_0train_r0_t33,4,0train,0,33,1,64504,False,loso_s4,20260924,1,1,0.34374034,0.15464269,0.21869196,0.28292507
s04_0train_r0_t34,4,0train,0,34,3,66595,False,loso_s4,20260924,3,3,0.31213704,0.13172667,0.34698093,0.2091554
s04_0train_r0_t35,4,0train,0,35,2,68638,False,loso_s4,20260924,2,1,0.33545333,0.32491297,0.2628905,0.0767432
s04_0train_r0_t36,4,0train,0,36,4,70702,False,loso_s4,20260924,4,2,0.20571482,0.4038935,0.22763427,0.16275744
s04_0train_r0_t37,4,0train,0,37,3,72722,False,loso_s4,20260924,3,1,0.43784493,0.23706429,0.22281685,0.10227395
s04_0train_r0_t38,4,0train,0,38,2,74694,False,loso_s4,20260924,2,2,0.13288037,0.38522434,0.3842644,0.09763085
s04_0train_r0_t39,4,0train,0,39,2,76657,False,loso_s4,20260924,2,2,0.22301425,0.37009588,0.30828604,0.098603815
s04_0train_r0_t40,4,0train,0,40,3,78582,False,loso_s4,20260924,3,2,0.1739614,0.40273297,0.26216197,0.16114369
s04_0train_r0_t41,4,0train,0,41,1,80663,False,loso_s4,20260924,1,2,0.2261647,0.33067077,0.2640306,0.1791339
s04_0train_r0_t42,4,0train,0,42,1,82641,True,loso_s4,20260924,1,3,0.25725996,0.24062233,0.3318611,0.17025663
s04_0train_r0_t43,4,0train,0,43,4,84631,False,loso_s4,20260924,4,2,0.26854473,0.41810405,0.21977623,0.09357494
s04_0train_r0_t44,4,0train,0,44,3,86750,False,loso_s4,20260924,3,1,0.30592206,0.29880446,0.28077608,0.114497386
s04_0train_r0_t45,4,0train,0,45,4,88656,False,loso_s4,20260924,4,2,0.25638792,0.3699878,0.1973508,0.17627351
s04_0train_r0_t46,4,0train,0,46,2,90584,False,loso_s4,20260924,2,2,0.18249771,0.4041414,0.27698356,0.13637729
s04_0train_r0_t47,4,0train,0,47,3,92698,False,loso_s4,20260924,3,1,0.50111115,0.20251685,0.18329588,0.11307606
s04_0train_r0_t48,4,0train,0,48,4,94757,False,loso_s4,20260924,4,2,0.26545316,0.33199283,0.31975725,0.08279673
s04_0train_r1_t01,4,0train,1,1,3,250,False,loso_s4,20260924,3,2,0.19992055,0.39393914,0.29012853,0.116011746
s04_0train_r1_t02,4,0train,1,2,2,2253,False,loso_s4,20260924,2,1,0.3540598,0.23513772,0.2831131,0.12768939
s04_0train_r1_t03,4,0train,1,3,2,4171,False,loso_s4,20260924,2,2,0.26571256,0.3737137,0.25073683,0.10983685
s04_0train_r1_t04,4,0train,1,4,1,6123,False,loso_s4,20260924,1,1,0.30677685,0.2390035,0.25189582,0.20232382
s04_0train_r1_t05,4,0train,1,5,2,8131,False,loso_s4,20260924,2,3,0.24138269,0.30714557,0.31396478,0.13750693
s04_0train_r1_t06,4,0train,1,6,4,10242,False,loso_s4,20260924,4,2,0.2565624,0.42522955,0.19011158,0.12809646
s04_0train_r1_t07,4,0train,1,7,3,12159,False,loso_s4,20260924,3,3,0.2614119,0.29572374,0.29777598,0.14508843
s04_0train_r1_t08,4,0train,1,8,1,14209,False,loso_s4,20260924,1,1,0.6010653,0.10193985,0.12842351,0.16857141
s04_0train_r1_t09,4,0train,1,9,4,16140,False,loso_s4,20260924,4,2,0.27065852,0.45999885,0.1518672,0.11747538
s04_0train_r1_t10,4,0train,1,10,1,18138,False,loso_s4,20260924,1,1,0.29592806,0.19328721,0.25856093,0.2522238
s04_0train_r1_t11,4,0train,1,11,3,20044,False,loso_s4,20260924,3,1,0.39748502,0.20040183,0.24912219,0.15299092
s04_0train_r1_t12,4,0train,1,12,4,21939,False,loso_s4,20260924,4,4,0.24948484,0.21442413,0.24624348,0.28984758
s04_0train_r1_t13,4,0train,1,13,1,23911,False,loso_s4,20260924,1,3,0.22986831,0.28111243,0.3156081,0.17341113
s04_0train_r1_t14,4,0train,1,14,2,25855,False,loso_s4,20260924,2,2,0.17767695,0.46820846,0.2305167,0.12359799
s04_0train_r1_t15,4,0train,1,15,4,27822,False,loso_s4,20260924,4,2,0.14896645,0.36793947,0.29488555,0.18820848
s04_0train_r1_t16,4,0train,1,16,3,29942,False,loso_s4,20260924,3,3,0.29623026,0.14004299,0.36394104,0.19978565
s04_0train_r1_t17,4,0train,1,17,1,31950,True,loso_s4,20260924,1,2,0.24972934,0.3374491,0.20050053,0.212321
s04_0train_r1_t18,4,0train,1,18,1,34016,False,loso_s4,20260924,1,2,0.28037176,0.30094716,0.22226557,0.19641548
s04_0train_r1_t19,4,0train,1,19,3,36052,False,loso_s4,20260924,3,2,0.15020798,0.38546488,0.2607257,0.20360142
s04_0train_r1_t20,4,0train,1,20,4,38118,False,loso_s4,20260924,4,4,0.26494277,0.19357489,0.2534947,0.28798765
s04_0train_r1_t21,4,0train,1,21,2,40188,False,loso_s4,20260924,2,2,0.11699273,0.43165314,0.2814277,0.16992639
s04_0train_r1_t22,4,0train,1,22,1,42268,False,loso_s4,20260924,1,1,0.38652214,0.24318007,0.23351099,0.13678673
s04_0train_r1_t23,4,0train,1,23,3,44180,False,loso_s4,20260924,3,2,0.17339313,0.38570157,0.25836173,0.18254356
s04_0train_r1_t24,4,0train,1,24,1,46211,False,loso_s4,20260924,1,1,0.31508335,0.2838708,0.28311047,0.1179354
s04_0train_r1_t25,4,0train,1,25,2,48164,False,loso_s4,20260924,2,2,0.16352957,0.34736967,0.33652002,0.15258081
s04_0train_r1_t26,4,0train,1,26,2,50125,False,loso_s4,20260924,2,2,0.187968,0.4366121,0.23811388,0.13730605
s04_0train_r1_t27,4,0train,1,27,1,52229,False,loso_s4,20260924,1,2,0.25305197,0.30780134,0.19832078,0.2408259
s04_0train_r1_t28,4,0train,1,28,1,54233,True,loso_s4,20260924,1,2,0.2903507,0.2981038,0.2040075,0.207538
s04_0train_r1_t29,4,0train,1,29,2,56208,False,loso_s4,20260924,2,2,0.07477338,0.52429736,0.30303305,0.09789622
s04_0train_r1_t30,4,0train,1,30,4,58234,False,loso_s4,20260924,4,2,0.20890033,0.37562168,0.1914903,0.22398768
s04_0train_r1_t31,4,0train,1,31,2,60305,False,loso_s4,20260924,2,1,0.2603935,0.2603004,0.2509242,0.2283819
s04_0train_r1_t32,4,0train,1,32,3,62412,False,loso_s4,20260924,3,1,0.43702194,0.11176021,0.18787745,0.2633404
s04_0train_r1_t33,4,0train,1,33,2,64504,False,loso_s4,20260924,2,2,0.16567811,0.36518756,0.3298507,0.13928358
s04_0train_r1_t34,4,0train,1,34,4,66595,False,loso_s4,20260924,4,4,0.19535024,0.2992384,0.20453146,0.30087987
s04_0train_r1_t35,4,0train,1,35,4,68638,False,loso_s4,20260924,4,3,0.14480993,0.1486327,0.42604202,0.28051534
s04_0train_r1_t36,4,0train,1,36,4,70702,False,loso_s4,20260924,4,2,0.21237892,0.405989,0.2459613,0.13567083
s04_0train_r1_t37,4,0train,1,37,1,72722,False,loso_s4,20260924,1,2,0.19049631,0.3972924,0.23315541,0.17905584
s04_0train_r1_t38,4,0train,1,38,3,74694,False,loso_s4,20260924,3,3,0.13409579,0.30171153,0.405826,0.15836665
s04_0train_r1_t39,4,0train,1,39,2,76657,False,loso_s4,20260924,2,3,0.2322186,0.27903804,0.35766697,0.13107635
s04_0train_r1_t40,4,0train,1,40,3,78582,False,loso_s4,20260924,3,2,0.22701535,0.35719582,0.22009459,0.19569427
s04_0train_r1_t41,4,0train,1,41,2,80663,True,loso_s4,20260924,2,2,0.09589564,0.45920348,0.30712178,0.13777903
s04_0train_r1_t42,4,0train,1,42,4,82641,False,loso_s4,20260924,4,2,0.19772136,0.44580996,0.22814374,0.12832496
s04_0train_r1_t43,4,0train,1,43,3,84631,False,loso_s4,20260924,3,2,0.12564577,0.45623636,0.28813973,0.1299781
s04_0train_r1_t44,4,0train,1,44,4,86750,False,loso_s4,20260924,4,2,0.20124483,0.38703996,0.26925516,0.14246012
s04_0train_r1_t45,4,0train,1,45,4,88656,False,loso_s4,20260924,4,2,0.19026385,0.40611044,0.19603981,0.20758593
s04_0train_r1_t46,4,0train,1,46,3,90584,False,loso_s4,20260924,3,1,0.3349389,0.2618314,0.27547318,0.12775646
s04_0train_r1_t47,4,0train,1,47,1,92698,False,loso_s4,20260924,1,1,0.329768,0.2721766,0.2620701,0.13598537
s04_0train_r1_t48,4,0train,1,48,3,94757,False,loso_s4,20260924,3,2,0.09313766,0.4383291,0.31937468,0.14915857
s04_0train_r2_t01,4,0train,2,1,1,250,False,loso_s4,20260924,1,2,0.3114297,0.3581637,0.18856677,0.14183974
s04_0train_r2_t02,4,0train,2,2,2,2253,False,loso_s4,20260924,2,2,0.21738438,0.31943193,0.30428013,0.15890358
s04_0train_r2_t03,4,0train,2,3,2,4171,False,loso_s4,20260924,2,2,0.19713682,0.2950338,0.29278755,0.21504183
s04_0train_r2_t04,4,0train,2,4,1,6123,False,loso_s4,20260924,1,1,0.30541137,0.2748095,0.23251648,0.18726262
s04_0train_r2_t05,4,0train,2,5,2,8131,False,loso_s4,20260924,2,2,0.120761625,0.4935262,0.23997113,0.14574103
s04_0train_r2_t06,4,0train,2,6,1,10242,False,loso_s4,20260924,1,2,0.31161118,0.3238124,0.22344205,0.1411344
s04_0train_r2_t07,4,0train,2,7,2,12159,False,loso_s4,20260924,2,3,0.09007874,0.34612057,0.36008662,0.20371413
s04_0train_r2_t08,4,0train,2,8,3,14209,False,loso_s4,20260924,3,1,0.3210067,0.23948336,0.22182235,0.2176876
s04_0train_r2_t09,4,0train,2,9,2,16140,False,loso_s4,20260924,2,2,0.27149937,0.4280758,0.20142397,0.09900084
s04_0train_r2_t10,4,0train,2,10,4,18138,False,loso_s4,20260924,4,1,0.32626164,0.18364105,0.32208455,0.1680128
s04_0train_r2_t11,4,0train,2,11,1,20044,False,loso_s4,20260924,1,3,0.25468382,0.2521279,0.30797634,0.18521197
s04_0train_r2_t12,4,0train,2,12,3,21939,False,loso_s4,20260924,3,3,0.09472774,0.34726223,0.3474866,0.21052347
s04_0train_r2_t13,4,0train,2,13,2,23911,False,loso_s4,20260924,2,2,0.2070049,0.49368054,0.22388995,0.0754246
s04_0train_r2_t14,4,0train,2,14,1,25855,False,loso_s4,20260924,1,3,0.21332261,0.19660152,0.3298964,0.26017943
s04_0train_r2_t15,4,0train,2,15,4,27822,False,loso_s4,20260924,4,2,0.15689655,0.49100497,0.15579845,0.19630009
s04_0train_r2_t16,4,0train,2,16,4,29942,False,loso_s4,20260924,4,3,0.22960335,0.27472737,0.28164828,0.214021
s04_0train_r2_t17,4,0train,2,17,4,31950,False,loso_s4,20260924,4,1,0.44306186,0.13532802,0.16021737,0.26139274
s04_0train_r2_t18,4,0train,2,18,4,34016,False,loso_s4,20260924,4,2,0.19399273,0.44132325,0.21507257,0.14961144
s04_0train_r2_t19,4,0train,2,19,4,36052,False,loso_s4,20260924,4,2,0.16945879,0.46243596,0.21343407,0.15467113
s04_0train_r2_t20,4,0train,2,20,1,38118,False,loso_s4,20260924,1,1,0.29917267,0.23571888,0.26329026,0.20181824
s04_0train_r2_t21,4,0train,2,21,3,40188,False,loso_s4,20260924,3,2,0.22019139,0.3577522,0.3117907,0.110265724
s04_0train_r2_t22,4,0train,2,22,2,42268,False,loso_s4,20260924,2,3,0.20436522,0.29935324,0.33381313,0.16246836
s04_0train_r2_t23,4,0train,2,23,1,44180,False,loso_s4,20260924,1,1,0.3673352,0.30237937,0.24041924,0.089866206
s04_0train_r2_t24,4,0train,2,24,1,46211,False,loso_s4,20260924,1,1,0.29655954,0.2592088,0.2763539,0.16787782
s04_0train_r2_t25,4,0train,2,25,3,48164,False,loso_s4,20260924,3,2,0.16215177,0.37537032,0.32413897,0.1383389
s04_0train_r2_t26,4,0train,2,26,4,50125,False,loso_s4,20260924,4,2,0.23799239,0.41940212,0.12995192,0.21265355
s04_0train_r2_t27,4,0train,2,27,1,52229,False,loso_s4,20260924,1,1,0.39124832,0.2579779,0.216303,0.1344708
s04_0train_r2_t28,4,0train,2,28,3,54233,False,loso_s4,20260924,3,3,0.24713893,0.18885978,0.29444626,0.26955506
s04_0train_r2_t29,4,0train,2,29,3,56208,False,loso_s4,20260924,3,1,0.3557704,0.26047546,0.22281446,0.16093968
s04_0train_r2_t30,4,0train,2,30,3,58234,False,loso_s4,20260924,3,2,0.16564718,0.3862118,0.16065198,0.28748903
s04_0train_r2_t31,4,0train,2,31,1,60305,False,loso_s4,20260924,1,2,0.23331124,0.348041,0.23670392,0.18194383
s04_0train_r2_t32,4,0train,2,32,2,62412,False,loso_s4,20260924,2,2,0.16255918,0.39867157,0.31476545,0.12400378
s04_0train_r2_t33,4,0train,2,33,1,64504,False,loso_s4,20260924,1,3,0.28189924,0.16845568,0.3501834,0.1994617
s04_0train_r2_t34,4,0train,2,34,2,66595,False,loso_s4,20260924,2,2,0.09380412,0.42343077,0.37208426,0.11068083
s04_0train_r2_t35,4,0train,2,35,2,68638,False,loso_s4,20260924,2,3,0.25068748,0.2754518,0.33656916,0.13729149
s04_0train_r2_t36,4,0train,2,36,1,70702,True,loso_s4,20260924,1,3,0.2496041,0.3048918,0.3273963,0.11810778
s04_0train_r2_t37,4,0train,2,37,2,72722,False,loso_s4,20260924,2,2,0.14469098,0.4218929,0.29244065,0.14097546
s04_0train_r2_t38,4,0train,2,38,3,74694,False,loso_s4,20260924,3,1,0.3303091,0.12292744,0.2633908,0.28337264
s04_0train_r2_t39,4,0train,2,39,2,76657,False,loso_s4,20260924,2,2,0.11722994,0.41614112,0.26070732,0.20592166
s04_0train_r2_t40,4,0train,2,40,3,78582,False,loso_s4,20260924,3,2,0.23065701,0.39033243,0.20669474,0.17231582
s04_0train_r2_t41,4,0train,2,41,3,80663,True,loso_s4,20260924,3,2,0.19774717,0.39536694,0.22894478,0.17794117
s04_0train_r2_t42,4,0train,2,42,4,82641,False,loso_s4,20260924,4,1,0.40699723,0.15016066,0.24430048,0.19854161
s04_0train_r2_t43,4,0train,2,43,3,84631,False,loso_s4,20260924,3,4,0.30540165,0.15956385,0.21839328,0.3166412
s04_0train_r2_t44,4,0train,2,44,3,86750,False,loso_s4,20260924,3,3,0.19296546,0.27653822,0.40681183,0.12368452
s04_0train_r2_t45,4,0train,2,45,4,88656,False,loso_s4,20260924,4,3,0.12313345,0.22622381,0.44522783,0.20541486
s04_0train_r2_t46,4,0train,2,46,4,90584,False,loso_s4,20260924,4,2,0.056552153,0.45945087,0.2748122,0.20918472
s04_0train_r2_t47,4,0train,2,47,4,92698,False,loso_s4,20260924,4,2,0.21245888,0.42714432,0.199894,0.16050282
s04_0train_r2_t48,4,0train,2,48,4,94757,False,loso_s4,20260924,4,2,0.11843025,0.4494652,0.21851166,0.21359287
s04_0train_r3_t01,4,0train,3,1,4,250,True,loso_s4,20260924,4,1,0.28550214,0.23780483,0.27776387,0.19892916
s04_0train_r3_t02,4,0train,3,2,3,2253,True,loso_s4,20260924,3,1,0.4066744,0.15711391,0.30908623,0.12712544
s04_0train_r3_t03,4,0train,3,3,2,4171,True,loso_s4,20260924,2,2,0.3152081,0.34764487,0.23617095,0.1009761
s04_0train_r3_t04,4,0train,3,4,1,6123,False,loso_s4,20260924,1,3,0.19494101,0.23827493,0.3967726,0.17001143
s04_0train_r3_t05,4,0train,3,5,1,8131,False,loso_s4,20260924,1,3,0.22064029,0.2799273,0.33996007,0.15947232
s04_0train_r3_t06,4,0train,3,6,2,10242,False,loso_s4,20260924,2,2,0.20664477,0.35232717,0.31175658,0.12927154
s04_0train_r3_t07,4,0train,3,7,3,12159,False,loso_s4,20260924,3,1,0.35695148,0.34027085,0.19662015,0.10615753
s04_0train_r3_t08,4,0train,3,8,4,14209,False,loso_s4,20260924,4,2,0.25076732,0.34129623,0.23542047,0.17251602
s04_0train_r3_t09,4,0train,3,9,2,16140,False,loso_s4,20260924,2,2,0.26365212,0.39729154,0.21797879,0.12107756
s04_0train_r3_t10,4,0train,3,10,3,18138,False,loso_s4,20260924,3,3,0.26614717,0.25720772,0.27862787,0.19801728
s04_0train_r3_t11,4,0train,3,11,1,20044,False,loso_s4,20260924,1,3,0.16949445,0.28462112,0.3788146,0.16706985
s04_0train_r3_t12,4,0train,3,12,1,21939,True,loso_s4,20260924,1,3,0.16346289,0.2376817,0.3151364,0.283719
s04_0train_r3_t13,4,0train,3,13,1,23911,True,loso_s4,20260924,1,3,0.17902285,0.30337164,0.33136395,0.1862416
s04_0train_r3_t14,4,0train,3,14,4,25855,False,loso_s4,20260924,4,3,0.25431475,0.25244495,0.32758278,0.16565752
s04_0train_r3_t15,4,0train,3,15,2,27822,False,loso_s4,20260924,2,2,0.13552752,0.3586725,0.31393936,0.19186068
s04_0train_r3_t16,4,0train,3,16,2,29942,False,loso_s4,20260924,2,2,0.26868653,0.3036826,0.26071125,0.16691962
s04_0train_r3_t17,4,0train,3,17,1,31950,False,loso_s4,20260924,1,1,0.3438054,0.2646819,0.17944786,0.21206482
s04_0train_r3_t18,4,0train,3,18,1,34016,False,loso_s4,20260924,1,3,0.26750216,0.14208744,0.32061717,0.2697932
s04_0train_r3_t19,4,0train,3,19,3,36052,False,loso_s4,20260924,3,1,0.37359306,0.29922852,0.19458982,0.13258861
s04_0train_r3_t20,4,0train,3,20,1,38118,False,loso_s4,20260924,1,2,0.18977374,0.32691714,0.3118144,0.17149472
s04_0train_r3_t21,4,0train,3,21,2,40188,False,loso_s4,20260924,2,2,0.115962766,0.35325235,0.27422664,0.25655827
s04_0train_r3_t22,4,0train,3,22,4,42268,False,loso_s4,20260924,4,1,0.31801277,0.20450132,0.2462059,0.23127998
s04_0train_r3_t23,4,0train,3,23,4,44180,False,loso_s4,20260924,4,3,0.26173815,0.24213132,0.32585657,0.17027396
s04_0train_r3_t24,4,0train,3,24,3,46211,False,loso_s4,20260924,3,1,0.37431997,0.29412442,0.22599396,0.10556163
s04_0train_r3_t25,4,0train,3,25,1,48164,False,loso_s4,20260924,1,2,0.2769068,0.36437848,0.2382364,0.120478354
s04_0train_r3_t26,4,0train,3,26,4,50125,False,loso_s4,20260924,4,2,0.17863443,0.3740989,0.23344123,0.21382542
s04_0train_r3_t27,4,0train,3,27,4,52229,False,loso_s4,20260924,4,4,0.27588764,0.14267057,0.14116254,0.44027925
s04_0train_r3_t28,4,0train,3,28,2,54233,False,loso_s4,20260924,2,2,0.21625403,0.31148908,0.22311063,0.24914628
s04_0train_r3_t29,4,0train,3,29,4,56208,False,loso_s4,20260924,4,1,0.40268698,0.27213356,0.22360465,0.101574786
s04_0train_r3_t30,4,0train,3,30,4,58234,False,loso_s4,20260924,4,2,0.29862183,0.38881448,0.16223373,0.15032998
s04_0train_r3_t31,4,0train,3,31,2,60305,False,loso_s4,20260924,2,1,0.3589698,0.32766762,0.18748169,0.12588085
s04_0train_r3_t32,4,0train,3,32,1,62412,False,loso_s4,20260924,1,2,0.22083879,0.44078103,0.20494185,0.13343826
s04_0train_r3_t33,4,0train,3,33,2,64504,False,loso_s4,20260924,2,2,0.21191822,0.27855936,0.26476592,0.24475653
s04_0train_r3_t34,4,0train,3,34,3,66595,False,loso_s4,20260924,3,3,0.1898361,0.2667428,0.3020077,0.24141338
s04_0train_r3_t35,4,0train,3,35,3,68638,False,loso_s4,20260924,3,2,0.13425672,0.37644655,0.3387842,0.15051253
s04_0train_r3_t36,4,0train,3,36,3,70702,True,loso_s4,20260924,3,2,0.039173704,0.560994,0.265304,0.13452828
s04_0train_r3_t37,4,0train,3,37,4,72722,False,loso_s4,20260924,4,3,0.19842018,0.282458,0.3377419,0.18137985
s04_0train_r3_t38,4,0train,3,38,3,74694,False,loso_s4,20260924,3,2,0.23467363,0.320386,0.23627484,0.20866556
s04_0train_r3_t39,4,0train,3,39,1,76657,False,loso_s4,20260924,1,2,0.23920491,0.34432712,0.22750703,0.18896097
s04_0train_r3_t40,4,0train,3,40,4,78582,False,loso_s4,20260924,4,2,0.11319431,0.44397202,0.2797957,0.163038
s04_0train_r3_t41,4,0train,3,41,2,80663,False,loso_s4,20260924,2,2,0.07411652,0.49227476,0.2826811,0.1509276
s04_0train_r3_t42,4,0train,3,42,3,82641,False,loso_s4,20260924,3,2,0.10952195,0.46718618,0.20081842,0.22247341
s04_0train_r3_t43,4,0train,3,43,2,84631,False,loso_s4,20260924,2,2,0.19151339,0.400825,0.29251298,0.115148604
s04_0train_r3_t44,4,0train,3,44,3,86750,False,loso_s4,20260924,3,4,0.17495272,0.1836733,0.21031296,0.43106094
s04_0train_r3_t45,4,0train,3,45,4,88656,False,loso_s4,20260924,4,3,0.24569227,0.23073368,0.35457933,0.16899467
s04_0train_r3_t46,4,0train,3,46,2,90584,False,loso_s4,20260924,2,1,0.4499784,0.26166102,0.21408543,0.07427516
s04_0train_r3_t47,4,0train,3,47,3,92698,False,loso_s4,20260924,3,3,0.124526404,0.29860374,0.3058489,0.27102095
s04_0train_r3_t48,4,0train,3,48,1,94757,False,loso_s4,20260924,1,2,0.114886805,0.3371049,0.29224283,0.2557655
s04_0train_r4_t01,4,0train,4,1,1,250,True,loso_s4,20260924,1,1,0.35477722,0.2788783,0.23426883,0.1320757
s04_0train_r4_t02,4,0train,4,2,1,2253,False,loso_s4,20260924,1,2,0.23088218,0.5097933,0.14040309,0.11892143
s04_0train_r4_t03,4,0train,4,3,4,4171,False,loso_s4,20260924,4,2,0.23008499,0.32618663,0.29745322,0.14627513
s04_0train_r4_t04,4,0train,4,4,2,6123,False,loso_s4,20260924,2,2,0.17871317,0.40062922,0.18695554,0.23370208
s04_0train_r4_t05,4,0train,4,5,1,8131,False,loso_s4,20260924,1,2,0.22084391,0.37128428,0.28567567,0.122196175
s04_0train_r4_t06,4,0train,4,6,3,10242,True,loso_s4,20260924,3,1,0.30453768,0.2928446,0.2308077,0.17181003
s04_0train_r4_t07,4,0train,4,7,1,12159,False,loso_s4,20260924,1,2,0.3132345,0.3344157,0.25410178,0.09824794
s04_0train_r4_t08,4,0train,4,8,3,14209,False,loso_s4,20260924,3,2,0.113300584,0.40441635,0.29847434,0.18380874
s04_0train_r4_t09,4,0train,4,9,2,16140,False,loso_s4,20260924,2,2,0.2570602,0.33829796,0.28145805,0.123183794
s04_0train_r4_t10,4,0train,4,10,4,18138,False,loso_s4,20260924,4,2,0.25147122,0.3578773,0.2625273,0.12812415
s04_0train_r4_t11,4,0train,4,11,1,20044,True,loso_s4,20260924,1,2,0.31621495,0.3789962,0.20442924,0.10035959
s04_0train_r4_t12,4,0train,4,12,3,21939,False,loso_s4,20260924,3,2,0.31900865,0.34900808,0.14167124,0.19031203
s04_0train_r4_t13,4,0train,4,13,3,23911,False,loso_s4,20260924,3,1,0.5721893,0.1518249,0.10248134,0.1735045
s04_0train_r4_t14,4,0train,4,14,1,25855,False,loso_s4,20260924,1,1,0.31546766,0.22182986,0.28195608,0.18074644
s04_0train_r4_t15,4,0train,4,15,3,27822,True,loso_s4,20260924,3,2,0.17449628,0.344873,0.31593016,0.16470057
s04_0train_r4_t16,4,0train,4,16,2,29942,False,loso_s4,20260924,2,2,0.19861217,0.32419813,0.31264305,0.1645466
s04_0train_r4_t17,4,0train,4,17,4,31950,True,loso_s4,20260924,4,4,0.18625924,0.19824848,0.29846287,0.3170294
s04_0train_r4_t18,4,0train,4,18,4,34016,False,loso_s4,20260924,4,1,0.4154788,0.37462634,0.110062756,0.09983215
s04_0train_r4_t19,4,0train,4,19,4,36052,True,loso_s4,20260924,4,1,0.3354292,0.26682848,0.25766146,0.1400808
s04_0train_r4_t20,4,0train,4,20,3,38118,False,loso_s4,20260924,3,1,0.3188926,0.25323716,0.25318074,0.17468952
s04_0train_r4_t21,4,0train,4,21,1,40188,False,loso_s4,20260924,1,2,0.34316373,0.34691963,0.21871868,0.09119795
s04_0train_r4_t22,4,0train,4,22,4,42268,True,loso_s4,20260924,4,2,0.19351397,0.5336838,0.13792719,0.13487507
s04_0train_r4_t23,4,0train,4,23,2,44180,False,loso_s4,20260924,2,2,0.32144612,0.33825102,0.21977304,0.120529786
s04_0train_r4_t24,4,0train,4,24,4,46211,False,loso_s4,20260924,4,2,0.31532067,0.36899024,0.114055194,0.20163389
s04_0train_r4_t25,4,0train,4,25,2,48164,True,loso_s4,20260924,2,2,0.1706577,0.5174114,0.21994354,0.091987304
s04_0train_r4_t26,4,0train,4,26,1,50125,True,loso_s4,20260924,1,2,0.2011663,0.32889313,0.29191014,0.17803042
s04_0train_r4_t27,4,0train,4,27,3,52229,False,loso_s4,20260924,3,1,0.3452456,0.27491143,0.21661787,0.16322507
s04_0train_r4_t28,4,0train,4,28,2,54233,False,loso_s4,20260924,2,2,0.21753614,0.42513046,0.2527946,0.10453878
s04_0train_r4_t29,4,0train,4,29,1,56208,False,loso_s4,20260924,1,2,0.28970346,0.3117286,0.2615499,0.1370181
s04_0train_r4_t30,4,0train,4,30,3,58234,False,loso_s4,20260924,3,1,0.46201137,0.1468212,0.23785003,0.15331745
s04_0train_r4_t31,4,0train,4,31,3,60305,False,loso_s4,20260924,3,3,0.30101398,0.12976067,0.37913722,0.19008818
s04_0train_r4_t32,4,0train,4,32,1,62412,False,loso_s4,20260924,1,2,0.22163844,0.32631508,0.30695644,0.14509003
s04_0train_r4_t33,4,0train,4,33,3,64504,False,loso_s4,20260924,3,3,0.15103374,0.33955216,0.37227184,0.13714224
s04_0train_r4_t34,4,0train,4,34,4,66595,False,loso_s4,20260924,4,2,0.23671605,0.37995723,0.20583725,0.17748947
s04_0train_r4_t35,4,0train,4,35,4,68638,False,loso_s4,20260924,4,2,0.14817181,0.3248089,0.29408672,0.23293257
s04_0train_r4_t36,4,0train,4,36,2,70702,False,loso_s4,20260924,2,2,0.14601041,0.4305439,0.30048916,0.12295657
s04_0train_r4_t37,4,0train,4,37,1,72722,False,loso_s4,20260924,1,3,0.2977362,0.27221507,0.3090765,0.12097228
s04_0train_r4_t38,4,0train,4,38,2,74694,False,loso_s4,20260924,2,2,0.07253555,0.6397122,0.20312653,0.08462562
s04_0train_r4_t39,4,0train,4,39,4,76657,False,loso_s4,20260924,4,3,0.07491221,0.27840978,0.33097866,0.3156993
s04_0train_r4_t40,4,0train,4,40,2,78582,False,loso_s4,20260924,2,2,0.13846882,0.45557094,0.32922998,0.07673034
s04_0train_r4_t41,4,0train,4,41,4,80663,False,loso_s4,20260924,4,3,0.019694904,0.31648442,0.37723428,0.2865864
s04_0train_r4_t42,4,0train,4,42,3,82641,False,loso_s4,20260924,3,1,0.30422276,0.19371243,0.2859311,0.21613371
s04_0train_r4_t43,4,0train,4,43,2,84631,False,loso_s4,20260924,2,2,0.08943623,0.53836846,0.21470398,0.15749134
s04_0train_r4_t44,4,0train,4,44,2,86750,False,loso_s4,20260924,2,2,0.02388087,0.5176205,0.3359039,0.12259467
s04_0train_r4_t45,4,0train,4,45,2,88656,False,loso_s4,20260924,2,2,0.1626377,0.38752437,0.2506334,0.19920456
s04_0train_r4_t46,4,0train,4,46,3,90584,False,loso_s4,20260924,3,2,0.14472236,0.47026548,0.16785099,0.21716118
s04_0train_r4_t47,4,0train,4,47,4,92698,False,loso_s4,20260924,4,2,0.06393524,0.5772552,0.16076952,0.19804
s04_0train_r4_t48,4,0train,4,48,1,94757,False,loso_s4,20260924,1,1,0.3652498,0.29645032,0.2407387,0.097561106
s04_0train_r5_t01,4,0train,5,1,2,250,False,loso_s4,20260924,2,2,0.3308769,0.3620561,0.2067393,0.10032778
s04_0train_r5_t02,4,0train,5,2,4,2253,False,loso_s4,20260924,4,2,0.16748774,0.38470164,0.25049064,0.19731998
s04_0train_r5_t03,4,0train,5,3,1,4171,False,loso_s4,20260924,1,1,0.41252553,0.16323043,0.21664615,0.20759778
s04_0train_r5_t04,4,0train,5,4,3,6123,False,loso_s4,20260924,3,1,0.3931266,0.19630152,0.25636548,0.15420642
s04_0train_r5_t05,4,0train,5,5,3,8131,False,loso_s4,20260924,3,3,0.116639145,0.24494803,0.35574144,0.28267133
s04_0train_r5_t06,4,0train,5,6,4,10242,True,loso_s4,20260924,4,2,0.24186532,0.41982377,0.21566242,0.122648485
s04_0train_r5_t07,4,0train,5,7,1,12159,False,loso_s4,20260924,1,1,0.37087405,0.33674234,0.14074121,0.15164241
s04_0train_r5_t08,4,0train,5,8,1,14209,False,loso_s4,20260924,1,3,0.3121434,0.26596147,0.33159974,0.09029541
s04_0train_r5_t09,4,0train,5,9,3,16140,False,loso_s4,20260924,3,2,0.17814124,0.3384205,0.2645933,0.21884494
s04_0train_r5_t10,4,0train,5,10,2,18138,True,loso_s4,20260924,2,2,0.18529293,0.38347897,0.27688646,0.15434168
s04_0train_r5_t11,4,0train,5,11,4,20044,False,loso_s4,20260924,4,2,0.24446595,0.3475061,0.24570455,0.16232343
s04_0train_r5_t12,4,0train,5,12,4,21939,False,loso_s4,20260924,4,2,0.22000909,0.44176757,0.18655232,0.151671
s04_0train_r5_t13,4,0train,5,13,4,23911,False,loso_s4,20260924,4,2,0.2574934,0.4774348,0.14118996,0.12388181
s04_0train_r5_t14,4,0train,5,14,2,25855,False,loso_s4,20260924,2,2,0.23340014,0.46569496,0.2419659,0.058938947
s04_0train_r5_t15,4,0train,5,15,1,27822,True,loso_s4,20260924,1,2,0.3209921,0.3272011,0.22525857,0.12654819
s04_0train_r5_t16,4,0train,5,16,3,29942,False,loso_s4,20260924,3,2,0.21196066,0.3222492,0.29951704,0.16627309
s04_0train_r5_t17,4,0train,5,17,2,31950,False,loso_s4,20260924,2,2,0.086612076,0.5507276,0.24391618,0.118744195
s04_0train_r5_t18,4,0train,5,18,4,34016,False,loso_s4,20260924,4,4,0.2652278,0.19958775,0.16967084,0.3655136
s04_0train_r5_t19,4,0train,5,19,1,36052,False,loso_s4,20260924,1,2,0.22235267,0.37051475,0.17422882,0.23290372
s04_0train_r5_t20,4,0train,5,20,4,38118,False,loso_s4,20260924,4,4,0.12413515,0.26035598,0.2258447,0.3896641
s04_0train_r5_t21,4,0train,5,21,3,40188,False,loso_s4,20260924,3,2,0.27313563,0.44511384,0.13535543,0.1463951
s04_0train_r5_t22,4,0train,5,22,2,42268,False,loso_s4,20260924,2,2,0.14927104,0.45428723,0.29592603,0.10051573
s04_0train_r5_t23,4,0train,5,23,4,44180,True,loso_s4,20260924,4,2,0.10247253,0.3785784,0.25305715,0.2658919
s04_0train_r5_t24,4,0train,5,24,4,46211,False,loso_s4,20260924,4,2,0.14277266,0.48641512,0.16964582,0.20116638
s04_0train_r5_t25,4,0train,5,25,1,48164,False,loso_s4,20260924,1,2,0.29024836,0.3044615,0.24400663,0.16128352
s04_0train_r5_t26,4,0train,5,26,2,50125,False,loso_s4,20260924,2,2,0.19136693,0.3318782,0.31511062,0.16164428
s04_0train_r5_t27,4,0train,5,27,2,52229,True,loso_s4,20260924,2,2,0.1371096,0.47153205,0.27551162,0.115846716
s04_0train_r5_t28,4,0train,5,28,3,54233,False,loso_s4,20260924,3,3,0.20847763,0.2402479,0.36648518,0.18478924
s04_0train_r5_t29,4,0train,5,29,4,56208,False,loso_s4,20260924,4,2,0.17494904,0.49115103,0.21162398,0.12227596
s04_0train_r5_t30,4,0train,5,30,2,58234,False,loso_s4,20260924,2,2,0.18499084,0.47485173,0.21994117,0.1202163
s04_0train_r5_t31,4,0train,5,31,1,60305,False,loso_s4,20260924,1,3,0.21896802,0.18650949,0.37877855,0.21574397
s04_0train_r5_t32,4,0train,5,32,1,62412,False,loso_s4,20260924,1,1,0.37418273,0.241817,0.23517023,0.14883001
s04_0train_r5_t33,4,0train,5,33,4,64504,False,loso_s4,20260924,4,2,0.06977881,0.47507745,0.25547984,0.19966397
s04_0train_r5_t34,4,0train,5,34,2,66595,False,loso_s4,20260924,2,2,0.06414949,0.5061096,0.28127718,0.14846368
s04_0train_r5_t35,4,0train,5,35,1,68638,False,loso_s4,20260924,1,2,0.15231484,0.3944984,0.3458373,0.10734951
s04_0train_r5_t36,4,0train,5,36,3,70702,False,loso_s4,20260924,3,1,0.3844985,0.24406578,0.26664817,0.10478753
s04_0train_r5_t37,4,0train,5,37,2,72722,False,loso_s4,20260924,2,2,0.1399029,0.4054505,0.3076313,0.14701529
s04_0train_r5_t38,4,0train,5,38,2,74694,False,loso_s4,20260924,2,2,0.14477383,0.5176064,0.20970403,0.1279158
s04_0train_r5_t39,4,0train,5,39,3,76657,False,loso_s4,20260924,3,1,0.3201596,0.2372065,0.28561434,0.1570196
s04_0train_r5_t40,4,0train,5,40,1,78582,False,loso_s4,20260924,1,1,0.39190397,0.30228585,0.19503613,0.11077411
s04_0train_r5_t41,4,0train,5,41,4,80663,False,loso_s4,20260924,4,3,0.13074587,0.24519585,0.37443426,0.24962406
s04_0train_r5_t42,4,0train,5,42,3,82641,False,loso_s4,20260924,3,4,0.17212023,0.27877778,0.18848486,0.36061713
s04_0train_r5_t43,4,0train,5,43,3,84631,False,loso_s4,20260924,3,2,0.22515263,0.41656312,0.19887814,0.15940608
s04_0train_r5_t44,4,0train,5,44,3,86750,False,loso_s4,20260924,3,1,0.3142895,0.27759665,0.25355825,0.15455557
s04_0train_r5_t45,4,0train,5,45,3,88656,False,loso_s4,20260924,3,2,0.18408607,0.33981284,0.3332148,0.14288627
s04_0train_r5_t46,4,0train,5,46,1,90584,False,loso_s4,20260924,1,2,0.31880724,0.3560027,0.21199931,0.113190725
s04_0train_r5_t47,4,0train,5,47,2,92698,False,loso_s4,20260924,2,2,0.1589571,0.44777223,0.24827932,0.14499131
s04_0train_r5_t48,4,0train,5,48,1,94757,False,loso_s4,20260924,1,2,0.16927326,0.5173558,0.2220546,0.09131635
s04_1test_r0_t01,4,1test,0,1,4,250,False,loso_s4,20260924,4,2,0.13245451,0.49177888,0.17968483,0.19608173
s04_1test_r0_t02,4,1test,0,2,3,2253,False,loso_s4,20260924,3,2,0.21078627,0.35518277,0.271686,0.16234498
s04_1test_r0_t03,4,1test,0,3,2,4171,False,loso_s4,20260924,2,2,0.2532645,0.41073877,0.22981547,0.106181234
s04_1test_r0_t04,4,1test,0,4,1,6123,False,loso_s4,20260924,1,2,0.2518357,0.38908887,0.26318255,0.09589283
s04_1test_r0_t05,4,1test,0,5,1,8131,False,loso_s4,20260924,1,2,0.12851012,0.4957218,0.20766199,0.16810603
s04_1test_r0_t06,4,1test,0,6,2,10242,False,loso_s4,20260924,2,2,0.25677592,0.38503626,0.26171476,0.09647308
s04_1test_r0_t07,4,1test,0,7,3,12159,False,loso_s4,20260924,3,1,0.42017362,0.21373315,0.1694938,0.19659941
s04_1test_r0_t08,4,1test,0,8,4,14209,True,loso_s4,20260924,4,2,0.26687187,0.40440875,0.22341661,0.10530279
s04_1test_r0_t09,4,1test,0,9,2,16140,False,loso_s4,20260924,2,2,0.18636836,0.42317042,0.28872797,0.10173322
s04_1test_r0_t10,4,1test,0,10,3,18138,True,loso_s4,20260924,3,1,0.31317964,0.28330532,0.25267363,0.15084141
s04_1test_r0_t11,4,1test,0,11,1,20044,False,loso_s4,20260924,1,1,0.29918686,0.28953293,0.26114273,0.15013748
s04_1test_r0_t12,4,1test,0,12,1,21939,False,loso_s4,20260924,1,2,0.15933445,0.39980763,0.29711485,0.14374307
s04_1test_r0_t13,4,1test,0,13,1,23911,False,loso_s4,20260924,1,2,0.23252468,0.37336996,0.2220571,0.17204829
s04_1test_r0_t14,4,1test,0,14,4,25855,True,loso_s4,20260924,4,2,0.31783888,0.35024643,0.20632157,0.12559311
s04_1test_r0_t15,4,1test,0,15,2,27822,False,loso_s4,20260924,2,2,0.220375,0.33908936,0.30789372,0.13264194
s04_1test_r0_t16,4,1test,0,16,2,29942,False,loso_s4,20260924,2,2,0.18287995,0.44731557,0.2581011,0.11170337
s04_1test_r0_t17,4,1test,0,17,1,31950,False,loso_s4,20260924,1,1,0.421056,0.23955669,0.23356922,0.105818056
s04_1test_r0_t18,4,1test,0,18,1,34016,False,loso_s4,20260924,1,2,0.2527924,0.3587106,0.2505513,0.13794574
s04_1test_r0_t19,4,1test,0,19,3,36052,False,loso_s4,20260924,3,1,0.4281321,0.22706449,0.22608179,0.118721634
s04_1test_r0_t20,4,1test,0,20,1,38118,False,loso_s4,20260924,1,2,0.17878486,0.4119872,0.28712082,0.12210711
s04_1test_r0_t21,4,1test,0,21,2,40188,False,loso_s4,20260924,2,1,0.32693857,0.3227906,0.212124,0.13814686
s04_1test_r0_t22,4,1test,0,22,4,42268,False,loso_s4,20260924,4,2,0.08420236,0.52772284,0.20456378,0.18351106
s04_1test_r0_t23,4,1test,0,23,4,44180,False,loso_s4,20260924,4,2,0.051752627,0.4190463,0.3000247,0.22917639
s04_1test_r0_t24,4,1test,0,24,3,46211,True,loso_s4,20260924,3,3,0.36735106,0.09072352,0.3885807,0.15334474
s04_1test_r0_t25,4,1test,0,25,1,48164,True,loso_s4,20260924,1,2,0.19923034,0.3863568,0.2932346,0.121178225
s04_1test_r0_t26,4,1test,0,26,4,50125,False,loso_s4,20260924,4,2,0.14062718,0.38199642,0.28914306,0.18823342
s04_1test_r0_t27,4,1test,0,27,4,52229,True,loso_s4,20260924,4,3,0.20631583,0.25365755,0.36419153,0.17583506
s04_1test_r0_t28,4,1test,0,28,2,54233,False,loso_s4,20260924,2,2,0.2453608,0.41221103,0.21858375,0.1238444
s04_1test_r0_t29,4,1test,0,29,4,56208,False,loso_s4,20260924,4,1,0.38693187,0.3832343,0.12081215,0.1090217
s04_1test_r0_t30,4,1test,0,30,4,58234,True,loso_s4,20260924,4,1,0.38918453,0.22293824,0.20237082,0.18550636
s04_1test_r0_t31,4,1test,0,31,2,60305,False,loso_s4,20260924,2,2,0.14592053,0.45422232,0.25525534,0.14460179
s04_1test_r0_t32,4,1test,0,32,1,62412,True,loso_s4,20260924,1,2,0.21773623,0.2995868,0.2919307,0.19074623
s04_1test_r0_t33,4,1test,0,33,2,64504,True,loso_s4,20260924,2,1,0.3731884,0.23031689,0.23475794,0.16173673
s04_1test_r0_t34,4,1test,0,34,3,66595,True,loso_s4,20260924,3,1,0.3582166,0.19294026,0.21703121,0.23181185
s04_1test_r0_t35,4,1test,0,35,3,68638,False,loso_s4,20260924,3,1,0.39072543,0.18471642,0.24276781,0.18179034
s04_1test_r0_t36,4,1test,0,36,3,70702,False,loso_s4,20260924,3,1,0.3524868,0.2892993,0.24385116,0.114362724
s04_1test_r0_t37,4,1test,0,37,4,72722,True,loso_s4,20260924,4,2,0.2025372,0.35566577,0.22002904,0.221768
s04_1test_r0_t38,4,1test,0,38,3,74694,False,loso_s4,20260924,3,2,0.21765308,0.31616893,0.2981464,0.16803157
s04_1test_r0_t39,4,1test,0,39,1,76657,False,loso_s4,20260924,1,2,0.33574226,0.34504724,0.23698252,0.082228
s04_1test_r0_t40,4,1test,0,40,4,78582,False,loso_s4,20260924,4,2,0.10322776,0.5599693,0.19542578,0.14137714
s04_1test_r0_t41,4,1test,0,41,2,80663,False,loso_s4,20260924,2,2,0.1743059,0.49549258,0.23636746,0.09383402
s04_1test_r0_t42,4,1test,0,42,3,82641,False,loso_s4,20260924,3,1,0.35237786,0.21936375,0.22187474,0.20638363
s04_1test_r0_t43,4,1test,0,43,2,84631,True,loso_s4,20260924,2,2,0.19287388,0.3945624,0.33069557,0.08186815
s04_1test_r0_t44,4,1test,0,44,3,86750,False,loso_s4,20260924,3,1,0.38580737,0.12948067,0.24200803,0.24270388
s04_1test_r0_t45,4,1test,0,45,4,88656,True,loso_s4,20260924,4,2,0.23525701,0.3654524,0.23755538,0.16173519
s04_1test_r0_t46,4,1test,0,46,2,90584,False,loso_s4,20260924,2,2,0.13358799,0.37213612,0.33425772,0.1600182
s04_1test_r0_t47,4,1test,0,47,3,92698,False,loso_s4,20260924,3,2,0.1822609,0.5018133,0.2191083,0.096817486
s04_1test_r0_t48,4,1test,0,48,1,94757,False,loso_s4,20260924,1,2,0.11911784,0.3692539,0.3117248,0.19990347
s04_1test_r1_t01,4,1test,1,1,1,250,False,loso_s4,20260924,1,3,0.2763017,0.2769619,0.28958774,0.15714861
s04_1test_r1_t02,4,1test,1,2,1,2253,False,loso_s4,20260924,1,1,0.35579962,0.32873598,0.22807872,0.08738566
s04_1test_r1_t03,4,1test,1,3,4,4171,False,loso_s4,20260924,4,1,0.2661228,0.2321411,0.2390528,0.2626833
s04_1test_r1_t04,4,1test,1,4,2,6123,False,loso_s4,20260924,2,2,0.11497804,0.5183009,0.2573554,0.10936565
s04_1test_r1_t05,4,1test,1,5,1,8131,False,loso_s4,20260924,1,1,0.35046452,0.27139112,0.21673268,0.16141172
s04_1test_r1_t06,4,1test,1,6,3,10242,False,loso_s4,20260924,3,3,0.2488437,0.26898593,0.29439896,0.18777137
s04_1test_r1_t07,4,1test,1,7,1,12159,False,loso_s4,20260924,1,2,0.29616433,0.33005887,0.2478678,0.12590897
s04_1test_r1_t08,4,1test,1,8,3,14209,True,loso_s4,20260924,3,1,0.31317943,0.25301775,0.27675354,0.15704927
s04_1test_r1_t09,4,1test,1,9,2,16140,False,loso_s4,20260924,2,2,0.19479658,0.48418155,0.2053002,0.11572176
s04_1test_r1_t10,4,1test,1,10,4,18138,False,loso_s4,20260924,4,2,0.08784012,0.42179075,0.26971728,0.22065192
s04_1test_r1_t11,4,1test,1,11,1,20044,False,loso_s4,20260924,1,2,0.23296186,0.39567798,0.25249982,0.11886037
s04_1test_r1_t12,4,1test,1,12,3,21939,False,loso_s4,20260924,3,4,0.20497693,0.19283544,0.2868054,0.3153822
s04_1test_r1_t13,4,1test,1,13,3,23911,True,loso_s4,20260924,3,1,0.3441086,0.28588453,0.18797964,0.1820273
s04_1test_r1_t14,4,1test,1,14,1,25855,False,loso_s4,20260924,1,1,0.34870604,0.23635778,0.3028313,0.11210489
s04_1test_r1_t15,4,1test,1,15,3,27822,False,loso_s4,20260924,3,3,0.1471186,0.31169686,0.34631598,0.19486856
s04_1test_r1_t16,4,1test,1,16,2,29942,True,loso_s4,20260924,2,2,0.1298629,0.49214953,0.2716091,0.10637845
s04_1test_r1_t17,4,1test,1,17,4,31950,False,loso_s4,20260924,4,2,0.17189951,0.35190624,0.24099629,0.23519796
s04_1test_r1_t18,4,1test,1,18,4,34016,True,loso_s4,20260924,4,2,0.19899024,0.3551708,0.25133583,0.1945031
s04_1test_r1_t19,4,1test,1,19,4,36052,True,loso_s4,20260924,4,3,0.18601914,0.25349888,0.39736915,0.16311283
s04_1test_r1_t20,4,1test,1,20,3,38118,False,loso_s4,20260924,3,1,0.35418817,0.23284455,0.19214629,0.22082101
s04_1test_r1_t21,4,1test,1,21,1,40188,False,loso_s4,20260924,1,2,0.15839823,0.41124353,0.28742826,0.14292994
s04_1test_r1_t22,4,1test,1,22,4,42268,False,loso_s4,20260924,4,2,0.25474286,0.3505363,0.18998757,0.20473324
s04_1test_r1_t23,4,1test,1,23,2,44180,False,loso_s4,20260924,2,2,0.27610704,0.40858597,0.226194,0.08911307
s04_1test_r1_t24,4,1test,1,24,4,46211,False,loso_s4,20260924,4,1,0.26124686,0.2599427,0.25007975,0.22873065
s04_1test_r1_t25,4,1test,1,25,2,48164,True,loso_s4,20260924,2,2,0.17269067,0.410841,0.2441498,0.17231855
s04_1test_r1_t26,4,1test,1,26,1,50125,False,loso_s4,20260924,1,2,0.21295677,0.38753897,0.22735478,0.17214951
s04_1test_r1_t27,4,1test,1,27,3,52229,False,loso_s4,20260924,3,3,0.1924521,0.2925699,0.29396558,0.22101243
s04_1test_r1_t28,4,1test,1,28,2,54233,True,loso_s4,20260924,2,2,0.1728401,0.50060004,0.21579327,0.11076657
s04_1test_r1_t29,4,1test,1,29,1,56208,False,loso_s4,20260924,1,2,0.22210644,0.35700485,0.26457855,0.15631014
s04_1test_r1_t30,4,1test,1,30,3,58234,False,loso_s4,20260924,3,4,0.25812995,0.27580056,0.1628505,0.30321896
s04_1test_r1_t31,4,1test,1,31,3,60305,False,loso_s4,20260924,3,4,0.1701487,0.28856638,0.099944085,0.44134086
s04_1test_r1_t32,4,1test,1,32,1,62412,False,loso_s4,20260924,1,3,0.1149461,0.3299327,0.4307487,0.124372475
s04_1test_r1_t33,4,1test,1,33,3,64504,False,loso_s4,20260924,3,4,0.08887108,0.22298759,0.2864966,0.40164468
s04_1test_r1_t34,4,1test,1,34,4,66595,True,loso_s4,20260924,4,3,0.2753991,0.26150018,0.3184984,0.14460237
s04_1test_r1_t35,4,1test,1,35,4,68638,False,loso_s4,20260924,4,1,0.36807135,0.24389216,0.2089236,0.17911288
s04_1test_r1_t36,4,1test,1,36,2,70702,False,loso_s4,20260924,2,2,0.051479034,0.6174976,0.24771069,0.083312646
s04_1test_r1_t37,4,1test,1,37,1,72722,False,loso_s4,20260924,1,2,0.24485789,0.3496904,0.27223298,0.13321872
s04_1test_r1_t38,4,1test,1,38,2,74694,True,loso_s4,20260924,2,2,0.17880227,0.4362015,0.25254968,0.1324465
s04_1test_r1_t39,4,1test,1,39,4,76657,False,loso_s4,20260924,4,2,0.037753094,0.6589244,0.19420768,0.10911475
s04_1test_r1_t40,4,1test,1,40,2,78582,False,loso_s4,20260924,2,2,0.16813296,0.326429,0.3090195,0.19641852
s04_1test_r1_t41,4,1test,1,41,4,80663,False,loso_s4,20260924,4,2,0.04739357,0.53095406,0.26634648,0.15530586
s04_1test_r1_t42,4,1test,1,42,3,82641,False,loso_s4,20260924,3,2,0.21839353,0.5173102,0.11326316,0.15103318
s04_1test_r1_t43,4,1test,1,43,2,84631,False,loso_s4,20260924,2,2,0.24508905,0.38598314,0.2656411,0.10328673
s04_1test_r1_t44,4,1test,1,44,2,86750,False,loso_s4,20260924,2,2,0.17136203,0.47864524,0.23143432,0.11855836
s04_1test_r1_t45,4,1test,1,45,2,88656,False,loso_s4,20260924,2,3,0.2859765,0.2633133,0.31301084,0.13769932
s04_1test_r1_t46,4,1test,1,46,3,90584,True,loso_s4,20260924,3,3,0.22842105,0.11717027,0.3567482,0.2976605
s04_1test_r1_t47,4,1test,1,47,4,92698,True,loso_s4,20260924,4,2,0.05114276,0.45967817,0.3289541,0.16022494
s04_1test_r1_t48,4,1test,1,48,1,94757,False,loso_s4,20260924,1,2,0.24776414,0.39436373,0.22654672,0.13132542
s04_1test_r2_t01,4,1test,2,1,2,250,False,loso_s4,20260924,2,2,0.18279517,0.34694728,0.32616386,0.14409374
s04_1test_r2_t02,4,1test,2,2,4,2253,False,loso_s4,20260924,4,2,0.155208,0.31967112,0.3069715,0.2181494
s04_1test_r2_t03,4,1test,2,3,1,4171,False,loso_s4,20260924,1,2,0.3126103,0.3173146,0.25073877,0.119336374
s04_1test_r2_t04,4,1test,2,4,3,6123,False,loso_s4,20260924,3,3,0.28587794,0.25087085,0.32013497,0.14311622
s04_1test_r2_t05,4,1test,2,5,3,8131,False,loso_s4,20260924,3,1,0.37083435,0.14546125,0.32149872,0.16220573
s04_1test_r2_t06,4,1test,2,6,4,10242,False,loso_s4,20260924,4,2,0.13328038,0.35691637,0.25901827,0.25078505
s04_1test_r2_t07,4,1test,2,7,1,12159,False,loso_s4,20260924,1,2,0.29719934,0.36634174,0.22397569,0.112483196
s04_1test_r2_t08,4,1test,2,8,1,14209,False,loso_s4,20260924,1,3,0.17760609,0.3244993,0.3374752,0.16041942
s04_1test_r2_t09,4,1test,2,9,3,16140,False,loso_s4,20260924,3,2,0.22194353,0.43677709,0.16825648,0.17302291
s04_1test_r2_t10,4,1test,2,10,2,18138,True,loso_s4,20260924,2,2,0.17367658,0.5357148,0.18605714,0.10455148
s04_1test_r2_t11,4,1test,2,11,4,20044,False,loso_s4,20260924,4,3,0.199808,0.2826394,0.33151206,0.18604045
s04_1test_r2_t12,4,1test,2,12,4,21939,False,loso_s4,20260924,4,1,0.2958448,0.26794407,0.23987351,0.1963376
s04_1test_r2_t13,4,1test,2,13,4,23911,True,loso_s4,20260924,4,2,0.21711047,0.29132652,0.25244686,0.23911615
s04_1test_r2_t14,4,1test,2,14,2,25855,False,loso_s4,20260924,2,1,0.43644166,0.21134984,0.20653145,0.14567706
s04_1test_r2_t15,4,1test,2,15,1,27822,False,loso_s4,20260924,1,2,0.28510362,0.3734375,0.2544764,0.08698247
s04_1test_r2_t16,4,1test,2,16,3,29942,False,loso_s4,20260924,3,2,0.23118314,0.3422672,0.25545537,0.1710943
s04_1test_r2_t17,4,1test,2,17,2,31950,False,loso_s4,20260924,2,2,0.20003763,0.46394637,0.24802442,0.08799155
s04_1test_r2_t18,4,1test,2,18,4,34016,False,loso_s4,20260924,4,2,0.14076042,0.465028,0.20952499,0.18468665
s04_1test_r2_t19,4,1test,2,19,1,36052,False,loso_s4,20260924,1,2,0.30065578,0.35468176,0.19824694,0.14641549
s04_1test_r2_t20,4,1test,2,20,4,38118,True,loso_s4,20260924,4,2,0.17583953,0.39560705,0.2544023,0.17415105
s04_1test_r2_t21,4,1test,2,21,3,40188,True,loso_s4,20260924,3,2,0.11237486,0.3499003,0.3368722,0.20085265
s04_1test_r2_t22,4,1test,2,22,2,42268,False,loso_s4,20260924,2,2,0.24006248,0.47757024,0.1370532,0.14531414
s04_1test_r2_t23,4,1test,2,23,4,44180,False,loso_s4,20260924,4,4,0.16970955,0.17547344,0.25499603,0.39982095
s04_1test_r2_t24,4,1test,2,24,4,46211,True,loso_s4,20260924,4,2,0.19831426,0.37523133,0.27942455,0.14702983
s04_1test_r2_t25,4,1test,2,25,1,48164,False,loso_s4,20260924,1,2,0.1692505,0.43570665,0.26719144,0.1278514
s04_1test_r2_t26,4,1test,2,26,2,50125,False,loso_s4,20260924,2,2,0.15454388,0.48817626,0.16040166,0.1968781
s04_1test_r2_t27,4,1test,2,27,2,52229,False,loso_s4,20260924,2,2,0.109675884,0.46034634,0.30191115,0.1280666
s04_1test_r2_t28,4,1test,2,28,3,54233,True,loso_s4,20260924,3,4,0.26752943,0.09454238,0.16632654,0.47160172
s04_1test_r2_t29,4,1test,2,29,4,56208,True,loso_s4,20260924,4,2,0.17933771,0.3797983,0.16764005,0.27322397
s04_1test_r2_t30,4,1test,2,30,2,58234,True,loso_s4,20260924,2,2,0.23100634,0.33533844,0.30465913,0.12899612
s04_1test_r2_t31,4,1test,2,31,1,60305,False,loso_s4,20260924,1,2,0.19768012,0.3978444,0.21837838,0.18609716
s04_1test_r2_t32,4,1test,2,32,1,62412,False,loso_s4,20260924,1,1,0.33134443,0.31695095,0.22255096,0.12915367
s04_1test_r2_t33,4,1test,2,33,4,64504,False,loso_s4,20260924,4,4,0.30718666,0.16776325,0.20635466,0.3186954
s04_1test_r2_t34,4,1test,2,34,2,66595,False,loso_s4,20260924,2,2,0.18380362,0.42399225,0.24958412,0.14261997
s04_1test_r2_t35,4,1test,2,35,1,68638,False,loso_s4,20260924,1,3,0.26287985,0.28836003,0.31214046,0.13661961
s04_1test_r2_t36,4,1test,2,36,3,70702,True,loso_s4,20260924,3,1,0.32217178,0.102111936,0.28498513,0.29073113
s04_1test_r2_t37,4,1test,2,37,2,72722,False,loso_s4,20260924,2,2,0.15298791,0.5026426,0.2502712,0.094098315
s04_1test_r2_t38,4,1test,2,38,2,74694,True,loso_s4,20260924,2,2,0.19921108,0.39668632,0.23269519,0.17140746
s04_1test_r2_t39,4,1test,2,39,3,76657,False,loso_s4,20260924,3,2,0.13612759,0.33303437,0.31389537,0.21694273
s04_1test_r2_t40,4,1test,2,40,1,78582,True,loso_s4,20260924,1,3,0.25182405,0.27731803,0.31615707,0.15470083
s04_1test_r2_t41,4,1test,2,41,4,80663,False,loso_s4,20260924,4,2,0.028763967,0.5609603,0.13965707,0.27061874
s04_1test_r2_t42,4,1test,2,42,3,82641,False,loso_s4,20260924,3,1,0.36441106,0.10960505,0.17366305,0.35232082
s04_1test_r2_t43,4,1test,2,43,3,84631,False,loso_s4,20260924,3,4,0.23956615,0.21049576,0.22855882,0.32137927
s04_1test_r2_t44,4,1test,2,44,3,86750,False,loso_s4,20260924,3,1,0.4090077,0.060651213,0.16306539,0.3672757
s04_1test_r2_t45,4,1test,2,45,3,88656,False,loso_s4,20260924,3,4,0.06470643,0.15234432,0.31198636,0.47096297
s04_1test_r2_t46,4,1test,2,46,1,90584,False,loso_s4,20260924,1,2,0.2331475,0.30800188,0.26360527,0.19524536
s04_1test_r2_t47,4,1test,2,47,2,92698,False,loso_s4,20260924,2,2,0.055384647,0.7314409,0.13651662,0.076657906
s04_1test_r2_t48,4,1test,2,48,1,94757,True,loso_s4,20260924,1,3,0.23815107,0.2296764,0.28457198,0.24760056
s04_1test_r3_t01,4,1test,3,1,2,250,False,loso_s4,20260924,2,2,0.15466519,0.45869246,0.24241246,0.14422983
s04_1test_r3_t02,4,1test,3,2,1,2253,False,loso_s4,20260924,1,2,0.2613725,0.39511785,0.21759811,0.12591146
s04_1test_r3_t03,4,1test,3,3,1,4171,True,loso_s4,20260924,1,2,0.21832325,0.3202718,0.29669145,0.16471353
s04_1test_r3_t04,4,1test,3,4,3,6123,False,loso_s4,20260924,3,2,0.33593398,0.37583107,0.21699366,0.07124121
s04_1test_r3_t05,4,1test,3,5,3,8131,False,loso_s4,20260924,3,2,0.21623582,0.3659741,0.26128542,0.15650466
s04_1test_r3_t06,4,1test,3,6,2,10242,False,loso_s4,20260924,2,2,0.13154164,0.43206546,0.32736695,0.10902586
s04_1test_r3_t07,4,1test,3,7,3,12159,True,loso_s4,20260924,3,3,0.25240147,0.23676588,0.29924554,0.2115871
s04_1test_r3_t08,4,1test,3,8,4,14209,True,loso_s4,20260924,4,3,0.19095835,0.2826782,0.32206365,0.20429984
s04_1test_r3_t09,4,1test,3,9,1,16140,False,loso_s4,20260924,1,2,0.21717347,0.4669693,0.22681156,0.08904562
s04_1test_r3_t10,4,1test,3,10,4,18138,False,loso_s4,20260924,4,2,0.24474761,0.33330768,0.27574044,0.14620425
s04_1test_r3_t11,4,1test,3,11,1,20044,False,loso_s4,20260924,1,1,0.39894554,0.2261946,0.26570734,0.109152526
s04_1test_r3_t12,4,1test,3,12,1,21939,False,loso_s4,20260924,1,2,0.16483101,0.37016562,0.2974355,0.16756785
s04_1test_r3_t13,4,1test,3,13,2,23911,False,loso_s4,20260924,2,2,0.2523566,0.4362621,0.2049278,0.10645353
s04_1test_r3_t14,4,1test,3,14,4,25855,False,loso_s4,20260924,4,2,0.27870947,0.35276636,0.24896799,0.119556196
s04_1test_r3_t15,4,1test,3,15,3,27822,False,loso_s4,20260924,3,4,0.09461133,0.2858588,0.19518761,0.42434222
s04_1test_r3_t16,4,1test,3,16,2,29942,False,loso_s4,20260924,2,3,0.1791768,0.23266105,0.30970213,0.27845997
s04_1test_r3_t17,4,1test,3,17,4,31950,True,loso_s4,20260924,4,2,0.04456444,0.4752202,0.27384496,0.20637044
s04_1test_r3_t18,4,1test,3,18,3,34016,False,loso_s4,20260924,3,4,0.15763439,0.22080298,0.10909951,0.51246315
s04_1test_r3_t19,4,1test,3,19,4,36052,False,loso_s4,20260924,4,1,0.32832342,0.27097553,0.24261837,0.15808265
s04_1test_r3_t20,4,1test,3,20,3,38118,False,loso_s4,20260924,3,2,0.061161824,0.5579506,0.22046678,0.16042072
s04_1test_r3_t21,4,1test,3,21,4,40188,False,loso_s4,20260924,4,2,0.15403752,0.457186,0.17418417,0.21459228
s04_1test_r3_t22,4,1test,3,22,2,42268,False,loso_s4,20260924,2,2,0.08738556,0.54711795,0.26874146,0.096755035
s04_1test_r3_t23,4,1test,3,23,2,44180,False,loso_s4,20260924,2,1,0.6061741,0.13394532,0.16649121,0.09338943
s04_1test_r3_t24,4,1test,3,24,4,46211,False,loso_s4,20260924,4,2,0.10779567,0.3575311,0.32966328,0.20501001
s04_1test_r3_t25,4,1test,3,25,1,48164,False,loso_s4,20260924,1,2,0.22901985,0.36553028,0.31379595,0.0916539
s04_1test_r3_t26,4,1test,3,26,2,50125,False,loso_s4,20260924,2,2,0.2736379,0.35594523,0.24746214,0.122954756
s04_1test_r3_t27,4,1test,3,27,2,52229,False,loso_s4,20260924,2,2,0.1808273,0.44850108,0.23887123,0.13180041
s04_1test_r3_t28,4,1test,3,28,2,54233,False,loso_s4,20260924,2,2,0.09905217,0.5833379,0.16477814,0.15283184
s04_1test_r3_t29,4,1test,3,29,3,56208,False,loso_s4,20260924,3,4,0.08823752,0.21267796,0.31867713,0.38040736
s04_1test_r3_t30,4,1test,3,30,4,58234,False,loso_s4,20260924,4,4,0.23605296,0.23461145,0.10750613,0.42182946
s04_1test_r3_t31,4,1test,3,31,1,60305,False,loso_s4,20260924,1,1,0.3522546,0.22452565,0.2745229,0.1486968
s04_1test_r3_t32,4,1test,3,32,4,62412,False,loso_s4,20260924,4,3,0.07788887,0.27021122,0.34339547,0.30850443
s04_1test_r3_t33,4,1test,3,33,1,64504,False,loso_s4,20260924,1,3,0.27220634,0.26533732,0.3288635,0.13359281
s04_1test_r3_t34,4,1test,3,34,3,66595,False,loso_s4,20260924,3,3,0.2279287,0.23666695,0.2942974,0.24110703
s04_1test_r3_t35,4,1test,3,35,1,68638,False,loso_s4,20260924,1,3,0.064390466,0.28700158,0.42867985,0.21992815
s04_1test_r3_t36,4,1test,3,36,4,70702,True,loso_s4,20260924,4,2,0.14268754,0.53860855,0.1915109,0.12719297
s04_1test_r3_t37,4,1test,3,37,1,72722,True,loso_s4,20260924,1,1,0.357311,0.19108738,0.32298815,0.12861349
s04_1test_r3_t38,4,1test,3,38,3,74694,False,loso_s4,20260924,3,1,0.37915763,0.06327183,0.26270747,0.29486308
s04_1test_r3_t39,4,1test,3,39,1,76657,False,loso_s4,20260924,1,1,0.33452362,0.30256453,0.24538803,0.117523775
s04_1test_r3_t40,4,1test,3,40,2,78582,False,loso_s4,20260924,2,2,0.2367117,0.42914882,0.22384208,0.11029736
s04_1test_r3_t41,4,1test,3,41,3,80663,True,loso_s4,20260924,3,2,0.24377266,0.30230555,0.2789429,0.17497882
s04_1test_r3_t42,4,1test,3,42,3,82641,False,loso_s4,20260924,3,3,0.23405513,0.20191857,0.3021509,0.26187536
s04_1test_r3_t43,4,1test,3,43,4,84631,False,loso_s4,20260924,4,2,0.06306406,0.5284971,0.24803132,0.16040753
s04_1test_r3_t44,4,1test,3,44,1,86750,True,loso_s4,20260924,1,3,0.21831407,0.27686304,0.36217567,0.1426472
s04_1test_r3_t45,4,1test,3,45,2,88656,False,loso_s4,20260924,2,2,0.09271438,0.48010346,0.343211,0.08397117
s04_1test_r3_t46,4,1test,3,46,4,90584,False,loso_s4,20260924,4,4,0.048863504,0.16557203,0.25470427,0.5308602
s04_1test_r3_t47,4,1test,3,47,2,92698,False,loso_s4,20260924,2,2,0.16872028,0.32596195,0.31408936,0.19122842
s04_1test_r3_t48,4,1test,3,48,3,94757,False,loso_s4,20260924,3,2,0.22776671,0.30708137,0.28049272,0.18465917
s04_1test_r4_t01,4,1test,4,1,3,250,False,loso_s4,20260924,3,3,0.2792333,0.24598897,0.33134034,0.14343739
s04_1test_r4_t02,4,1test,4,2,1,2253,False,loso_s4,20260924,1,2,0.2049582,0.42401186,0.23076712,0.14026284
s04_1test_r4_t03,4,1test,4,3,4,4171,False,loso_s4,20260924,4,1,0.30661556,0.2814674,0.24999677,0.16192028
s04_1test_r4_t04,4,1test,4,4,2,6123,False,loso_s4,20260924,2,3,0.26484796,0.29249015,0.33847296,0.10418891
s04_1test_r4_t05,4,1test,4,5,4,8131,False,loso_s4,20260924,4,3,0.19812958,0.2847049,0.3240007,0.19316483
s04_1test_r4_t06,4,1test,4,6,1,10242,False,loso_s4,20260924,1,3,0.22920714,0.18476884,0.39464712,0.19137698
s04_1test_r4_t07,4,1test,4,7,1,12159,True,loso_s4,20260924,1,3,0.28017178,0.23251207,0.368152,0.11916418
s04_1test_r4_t08,4,1test,4,8,3,14209,False,loso_s4,20260924,3,4,0.20993045,0.24697901,0.19827074,0.34481978
s04_1test_r4_t09,4,1test,4,9,3,16140,False,loso_s4,20260924,3,2,0.10553331,0.44078818,0.33639678,0.11728177
s04_1test_r4_t10,4,1test,4,10,2,18138,True,loso_s4,20260924,2,2,0.09789158,0.44435075,0.3540238,0.10373383
s04_1test_r4_t11,4,1test,4,11,4,20044,False,loso_s4,20260924,4,2,0.14189345,0.35834566,0.3260653,0.17369556
s04_1test_r4_t12,4,1test,4,12,2,21939,False,loso_s4,20260924,2,2,0.29141665,0.38177612,0.25043312,0.076374084
s04_1test_r4_t13,4,1test,4,13,2,23911,True,loso_s4,20260924,2,2,0.22189991,0.38248014,0.27979258,0.11582741
s04_1test_r4_t14,4,1test,4,14,1,25855,True,loso_s4,20260924,1,1,0.46373567,0.207377,0.23800607,0.09088127
s04_1test_r4_t15,4,1test,4,15,2,27822,True,loso_s4,20260924,2,2,0.060560826,0.58079934,0.28479502,0.07384477
s04_1test_r4_t16,4,1test,4,16,4,29942,True,loso_s4,20260924,4,3,0.033983786,0.13406911,0.41920754,0.41273952
s04_1test_r4_t17,4,1test,4,17,4,31950,False,loso_s4,20260924,4,2,0.03294725,0.6903294,0.17870891,0.098014444
s04_1test_r4_t18,4,1test,4,18,2,34016,False,loso_s4,20260924,2,2,0.23801602,0.40190637,0.28120416,0.07887345
s04_1test_r4_t19,4,1test,4,19,2,36052,True,loso_s4,20260924,2,2,0.06299344,0.601456,0.23521526,0.10033527
s04_1test_r4_t20,4,1test,4,20,2,38118,False,loso_s4,20260924,2,2,0.059966702,0.65114224,0.15726165,0.13162944
s04_1test_r4_t21,4,1test,4,21,2,40188,False,loso_s4,20260924,2,2,0.15976323,0.43523794,0.2632543,0.14174451
s04_1test_r4_t22,4,1test,4,22,4,42268,False,loso_s4,20260924,4,2,0.1866508,0.34118494,0.33491996,0.13724422
s04_1test_r4_t23,4,1test,4,23,4,44180,False,loso_s4,20260924,4,4,0.26102212,0.23984344,0.1857204,0.3134141
s04_1test_r4_t24,4,1test,4,24,3,46211,False,loso_s4,20260924,3,1,0.39536723,0.24833478,0.17821199,0.17808598
s04_1test_r4_t25,4,1test,4,25,4,48164,False,loso_s4,20260924,4,3,0.12113402,0.26673317,0.34104908,0.27108377
s04_1test_r4_t26,4,1test,4,26,1,50125,False,loso_s4,20260924,1,2,0.19019403,0.41653755,0.24960971,0.14365876
s04_1test_r4_t27,4,1test,4,27,2,52229,False,loso_s4,20260924,2,2,0.13155088,0.58431524,0.17850737,0.105626464
s04_1test_r4_t28,4,1test,4,28,3,54233,False,loso_s4,20260924,3,2,0.25320444,0.281019,0.25614387,0.2096327
s04_1test_r4_t29,4,1test,4,29,2,56208,False,loso_s4,20260924,2,2,0.2184138,0.3847561,0.22262093,0.17420907
s04_1test_r4_t30,4,1test,4,30,1,58234,False,loso_s4,20260924,1,2,0.19348803,0.4118927,0.2752942,0.11932505
s04_1test_r4_t31,4,1test,4,31,4,60305,False,loso_s4,20260924,4,3,0.21451253,0.06273483,0.40485644,0.31789622
s04_1test_r4_t32,4,1test,4,32,1,62412,False,loso_s4,20260924,1,2,0.3119793,0.3961468,0.2095089,0.082365006
s04_1test_r4_t33,4,1test,4,33,4,64504,True,loso_s4,20260924,4,2,0.06965721,0.4695137,0.25529698,0.20553212
s04_1test_r4_t34,4,1test,4,34,1,66595,True,loso_s4,20260924,1,2,0.14606565,0.470579,0.15467203,0.22868337
s04_1test_r4_t35,4,1test,4,35,1,68638,True,loso_s4,20260924,1,2,0.22465612,0.38679242,0.21195216,0.17659923
s04_1test_r4_t36,4,1test,4,36,1,70702,False,loso_s4,20260924,1,3,0.16638844,0.30935046,0.3457125,0.17854859
s04_1test_r4_t37,4,1test,4,37,1,72722,True,loso_s4,20260924,1,2,0.26607323,0.4245391,0.22279799,0.086589664
s04_1test_r4_t38,4,1test,4,38,3,74694,False,loso_s4,20260924,3,2,0.2609091,0.4242051,0.1677368,0.14714901
s04_1test_r4_t39,4,1test,4,39,3,76657,True,loso_s4,20260924,3,2,0.17589714,0.37634504,0.27311546,0.17464237
s04_1test_r4_t40,4,1test,4,40,4,78582,False,loso_s4,20260924,4,4,0.086605996,0.11089281,0.19800217,0.604499
s04_1test_r4_t41,4,1test,4,41,2,80663,False,loso_s4,20260924,2,2,0.14689402,0.4843758,0.21991238,0.14881773
s04_1test_r4_t42,4,1test,4,42,3,82641,False,loso_s4,20260924,3,4,0.17966954,0.10849774,0.2741704,0.43766236
s04_1test_r4_t43,4,1test,4,43,3,84631,False,loso_s4,20260924,3,2,0.118287064,0.33094105,0.29574648,0.25502533
s04_1test_r4_t44,4,1test,4,44,3,86750,False,loso_s4,20260924,3,3,0.23956193,0.24946593,0.2846522,0.22631992
s04_1test_r4_t45,4,1test,4,45,4,88656,False,loso_s4,20260924,4,2,0.019950252,0.5147734,0.3093716,0.15590474
s04_1test_r4_t46,4,1test,4,46,3,90584,False,loso_s4,20260924,3,2,0.08487371,0.38054094,0.22688569,0.30769968
s04_1test_r4_t47,4,1test,4,47,1,92698,False,loso_s4,20260924,1,3,0.22203176,0.3009096,0.32781753,0.14924115
s04_1test_r4_t48,4,1test,4,48,3,94757,False,loso_s4,20260924,3,2,0.16646543,0.5644193,0.057113476,0.21200174
s04_1test_r5_t01,4,1test,5,1,1,250,False,loso_s4,20260924,1,2,0.112651564,0.51735735,0.22376089,0.14623025
s04_1test_r5_t02,4,1test,5,2,4,2253,False,loso_s4,20260924,4,2,0.21977852,0.3929259,0.18532135,0.20197424
s04_1test_r5_t03,4,1test,5,3,2,4171,True,loso_s4,20260924,2,1,0.4213046,0.2536745,0.22564867,0.099372275
s04_1test_r5_t04,4,1test,5,4,4,6123,False,loso_s4,20260924,4,4,0.1825875,0.27413195,0.26648143,0.27679914
s04_1test_r5_t05,4,1test,5,5,4,8131,False,loso_s4,20260924,4,4,0.1023814,0.21568887,0.29159337,0.3903363
s04_1test_r5_t06,4,1test,5,6,3,10242,False,loso_s4,20260924,3,2,0.08834761,0.4961589,0.29232663,0.12316685
s04_1test_r5_t07,4,1test,5,7,4,12159,False,loso_s4,20260924,4,2,0.06931407,0.39282918,0.20628935,0.33156735
s04_1test_r5_t08,4,1test,5,8,4,14209,False,loso_s4,20260924,4,2,0.34047398,0.3670419,0.19633791,0.09614619
s04_1test_r5_t09,4,1test,5,9,3,16140,False,loso_s4,20260924,3,2,0.22029212,0.3218195,0.20245308,0.25543526
s04_1test_r5_t10,4,1test,5,10,2,18138,False,loso_s4,20260924,2,1,0.36618528,0.29170227,0.1790006,0.16311187
s04_1test_r5_t11,4,1test,5,11,4,20044,False,loso_s4,20260924,4,2,0.26716614,0.41650835,0.226689,0.08963658
s04_1test_r5_t12,4,1test,5,12,3,21939,True,loso_s4,20260924,3,2,0.07811605,0.5653719,0.13920473,0.2173074
s04_1test_r5_t13,4,1test,5,13,1,23911,False,loso_s4,20260924,1,1,0.327413,0.210966,0.21750511,0.24411589
s04_1test_r5_t14,4,1test,5,14,2,25855,False,loso_s4,20260924,2,1,0.34224615,0.25327227,0.305588,0.09889355
s04_1test_r5_t15,4,1test,5,15,2,27822,False,loso_s4,20260924,2,2,0.20264114,0.5092114,0.15687612,0.13127132
s04_1test_r5_t16,4,1test,5,16,2,29942,False,loso_s4,20260924,2,2,0.20812416,0.4442895,0.22492239,0.12266395
s04_1test_r5_t17,4,1test,5,17,3,31950,False,loso_s4,20260924,3,4,0.20714,0.25500128,0.13302201,0.40483677
s04_1test_r5_t18,4,1test,5,18,2,34016,True,loso_s4,20260924,2,2,0.06493099,0.6369986,0.19362056,0.10444978
s04_1test_r5_t19,4,1test,5,19,4,36052,False,loso_s4,20260924,4,3,0.22039306,0.23050982,0.27839637,0.27070078
s04_1test_r5_t20,4,1test,5,20,3,38118,False,loso_s4,20260924,3,4,0.1776689,0.22711612,0.11289987,0.48231512
s04_1test_r5_t21,4,1test,5,21,4,40188,False,loso_s4,20260924,4,2,0.23578483,0.4833905,0.11922573,0.1615989
s04_1test_r5_t22,4,1test,5,22,2,42268,False,loso_s4,20260924,2,2,0.17353128,0.42761207,0.29622513,0.10263144
s04_1test_r5_t23,4,1test,5,23,3,44180,False,loso_s4,20260924,3,1,0.3529465,0.11688,0.22805543,0.30211803
s04_1test_r5_t24,4,1test,5,24,1,46211,False,loso_s4,20260924,1,1,0.37766027,0.1810167,0.25340676,0.18791617
s04_1test_r5_t25,4,1test,5,25,4,48164,False,loso_s4,20260924,4,2,0.08281815,0.4677813,0.22236535,0.22703522
s04_1test_r5_t26,4,1test,5,26,1,50125,False,loso_s4,20260924,1,2,0.17839557,0.45048624,0.2169233,0.15419494
s04_1test_r5_t27,4,1test,5,27,3,52229,False,loso_s4,20260924,3,2,0.24841392,0.26773098,0.26355687,0.22029825
s04_1test_r5_t28,4,1test,5,28,4,54233,False,loso_s4,20260924,4,4,0.1893024,0.21852139,0.26320937,0.32896677
s04_1test_r5_t29,4,1test,5,29,1,56208,False,loso_s4,20260924,1,3,0.1773509,0.2706711,0.42635313,0.1256249
s04_1test_r5_t30,4,1test,5,30,3,58234,False,loso_s4,20260924,3,4,0.17092963,0.10482819,0.25366855,0.47057366
s04_1test_r5_t31,4,1test,5,31,1,60305,False,loso_s4,20260924,1,2,0.23412557,0.38799503,0.22290501,0.15497443
s04_1test_r5_t32,4,1test,5,32,2,62412,False,loso_s4,20260924,2,2,0.20607178,0.40009922,0.25249285,0.14133613
s04_1test_r5_t33,4,1test,5,33,2,64504,False,loso_s4,20260924,2,2,0.005099797,0.6596161,0.2299203,0.10536372
s04_1test_r5_t34,4,1test,5,34,1,66595,False,loso_s4,20260924,1,2,0.098287255,0.46723604,0.2716593,0.16281746
s04_1test_r5_t35,4,1test,5,35,4,68638,False,loso_s4,20260924,4,2,0.1901477,0.41007897,0.22224979,0.1775236
s04_1test_r5_t36,4,1test,5,36,1,70702,False,loso_s4,20260924,1,3,0.101503596,0.353647,0.38496885,0.15988049
s04_1test_r5_t37,4,1test,5,37,4,72722,False,loso_s4,20260924,4,2,0.06545175,0.41516885,0.20889834,0.310481
s04_1test_r5_t38,4,1test,5,38,3,74694,False,loso_s4,20260924,3,3,0.28005177,0.22907922,0.2971895,0.1936795
s04_1test_r5_t39,4,1test,5,39,3,76657,False,loso_s4,20260924,3,2,0.13561352,0.30416676,0.29379547,0.26642424
s04_1test_r5_t40,4,1test,5,40,1,78582,True,loso_s4,20260924,1,1,0.3188927,0.31784073,0.28650993,0.076756634
s04_1test_r5_t41,4,1test,5,41,3,80663,False,loso_s4,20260924,3,2,0.09062459,0.4820101,0.23177715,0.19558813
s04_1test_r5_t42,4,1test,5,42,2,82641,False,loso_s4,20260924,2,2,0.18489645,0.44628978,0.24990012,0.11891369
s04_1test_r5_t43,4,1test,5,43,2,84631,False,loso_s4,20260924,2,2,0.058223683,0.48971242,0.3254031,0.12666081
s04_1test_r5_t44,4,1test,5,44,1,86750,False,loso_s4,20260924,1,1,0.28156903,0.27740353,0.21119392,0.22983351
s04_1test_r5_t45,4,1test,5,45,3,88656,False,loso_s4,20260924,3,3,0.18859829,0.2255957,0.29301554,0.29279047
s04_1test_r5_t46,4,1test,5,46,1,90584,False,loso_s4,20260924,1,2,0.14169766,0.5011129,0.25370228,0.10348719
s04_1test_r5_t47,4,1test,5,47,2,92698,False,loso_s4,20260924,2,2,0.049903076,0.6287277,0.20084797,0.120521285
s04_1test_r5_t48,4,1test,5,48,1,94757,False,loso_s4,20260924,1,1,0.31459332,0.30546078,0.265778,0.11416793
s04_0train_r0_t01,4,0train,0,1,4,250,False,loso_s4,20260925,4,2,0.26767904,0.31391722,0.25565803,0.1627457
s04_0train_r0_t02,4,0train,0,2,4,2253,False,loso_s4,20260925,4,3,0.14525323,0.31253934,0.37141776,0.17078973
s04_0train_r0_t03,4,0train,0,3,1,4171,False,loso_s4,20260925,1,2,0.17994986,0.3575953,0.263812,0.19864286
s04_0train_r0_t04,4,0train,0,4,4,6123,False,loso_s4,20260925,4,2,0.25689122,0.3389056,0.2273707,0.17683244
s04_0train_r0_t05,4,0train,0,5,1,8131,False,loso_s4,20260925,1,1,0.33682722,0.24999966,0.2595438,0.15362924
s04_0train_r0_t06,4,0train,0,6,1,10242,False,loso_s4,20260925,1,1,0.44083136,0.13924804,0.24460836,0.17531228
s04_0train_r0_t07,4,0train,0,7,4,12159,False,loso_s4,20260925,4,2,0.29265395,0.34347206,0.23204371,0.13183028
s04_0train_r0_t08,4,0train,0,8,4,14209,False,loso_s4,20260925,4,3,0.15224537,0.28468603,0.33617315,0.22689548
s04_0train_r0_t09,4,0train,0,9,4,16140,False,loso_s4,20260925,4,2,0.18719964,0.39840558,0.26747257,0.14692214
s04_0train_r0_t10,4,0train,0,10,2,18138,False,loso_s4,20260925,2,2,0.15374368,0.39846247,0.3250455,0.122748315
s04_0train_r0_t11,4,0train,0,11,4,20044,False,loso_s4,20260925,4,3,0.1147505,0.26974255,0.36358178,0.25192523
s04_0train_r0_t12,4,0train,0,12,1,21939,False,loso_s4,20260925,1,3,0.22244519,0.29956537,0.31203073,0.16595867
s04_0train_r0_t13,4,0train,0,13,1,23911,False,loso_s4,20260925,1,3,0.18910718,0.18378071,0.39664397,0.23046818
s04_0train_r0_t14,4,0train,0,14,2,25855,False,loso_s4,20260925,2,2,0.24142903,0.37231088,0.25213614,0.13412397
s04_0train_r0_t15,4,0train,0,15,2,27822,False,loso_s4,20260925,2,2,0.111839645,0.39267164,0.3149652,0.18052359
s04_0train_r0_t16,4,0train,0,16,2,29942,False,loso_s4,20260925,2,2,0.13002595,0.4785639,0.24052523,0.15088491
s04_0train_r0_t17,4,0train,0,17,3,31950,False,loso_s4,20260925,3,2,0.22406358,0.32936433,0.30477706,0.14179508
s04_0train_r0_t18,4,0train,0,18,1,34016,False,loso_s4,20260925,1,2,0.27108267,0.29866642,0.27995718,0.15029377
s04_0train_r0_t19,4,0train,0,19,3,36052,False,loso_s4,20260925,3,3,0.20075418,0.2960551,0.31899577,0.18419495
s04_0train_r0_t20,4,0train,0,20,2,38118,False,loso_s4,20260925,2,2,0.24103281,0.39732555,0.23361823,0.1280234
s04_0train_r0_t21,4,0train,0,21,3,40188,False,loso_s4,20260925,3,2,0.17862304,0.3302707,0.3048288,0.1862774
s04_0train_r0_t22,4,0train,0,22,2,42268,False,loso_s4,20260925,2,3,0.16719761,0.28651047,0.40497684,0.14131509
s04_0train_r0_t23,4,0train,0,23,1,44180,False,loso_s4,20260925,1,3,0.22483169,0.23189904,0.3277727,0.21549657
s04_0train_r0_t24,4,0train,0,24,3,46211,False,loso_s4,20260925,3,2,0.19755018,0.36861387,0.32580274,0.108033195
s04_0train_r0_t25,4,0train,0,25,3,48164,False,loso_s4,20260925,3,1,0.3254103,0.18597913,0.30402568,0.18458487
s04_0train_r0_t26,4,0train,0,26,1,50125,False,loso_s4,20260925,1,3,0.26324248,0.13922983,0.3882705,0.20925719
s04_0train_r0_t27,4,0train,0,27,3,52229,False,loso_s4,20260925,3,2,0.19616382,0.3755448,0.28244424,0.14584714
s04_0train_r0_t28,4,0train,0,28,2,54233,False,loso_s4,20260925,2,2,0.12630162,0.44493425,0.28788885,0.14087531
s04_0train_r0_t29,4,0train,0,29,2,56208,False,loso_s4,20260925,2,3,0.13958526,0.3003281,0.40596765,0.15411898
s04_0train_r0_t30,4,0train,0,30,4,58234,False,loso_s4,20260925,4,3,0.20730697,0.21076825,0.3278567,0.25406814
s04_0train_r0_t31,4,0train,0,31,1,60305,False,loso_s4,20260925,1,3,0.22117083,0.28877702,0.31269982,0.17735225
s04_0train_r0_t32,4,0train,0,32,3,62412,False,loso_s4,20260925,3,2,0.21169595,0.35342062,0.26934358,0.16553988
s04_0train_r0_t33,4,0train,0,33,1,64504,False,loso_s4,20260925,1,1,0.35193238,0.16010733,0.26330778,0.22465251
s04_0train_r0_t34,4,0train,0,34,3,66595,False,loso_s4,20260925,3,3,0.24320592,0.1240681,0.38151193,0.2512141
s04_0train_r0_t35,4,0train,0,35,2,68638,False,loso_s4,20260925,2,3,0.2884977,0.2821423,0.34639278,0.082967244
s04_0train_r0_t36,4,0train,0,36,4,70702,False,loso_s4,20260925,4,2,0.15708816,0.4247565,0.29448867,0.12366668
s04_0train_r0_t37,4,0train,0,37,3,72722,False,loso_s4,20260925,3,1,0.41493523,0.23746161,0.20861165,0.13899155
s04_0train_r0_t38,4,0train,0,38,2,74694,False,loso_s4,20260925,2,2,0.09854111,0.5338326,0.2456593,0.12196696
s04_0train_r0_t39,4,0train,0,39,2,76657,False,loso_s4,20260925,2,2,0.18871813,0.3481516,0.29534385,0.1677864
s04_0train_r0_t40,4,0train,0,40,3,78582,False,loso_s4,20260925,3,2,0.18366775,0.3663751,0.30208346,0.14787371
s04_0train_r0_t41,4,0train,0,41,1,80663,False,loso_s4,20260925,1,2,0.1514973,0.4462221,0.28954616,0.11273439
s04_0train_r0_t42,4,0train,0,42,1,82641,True,loso_s4,20260925,1,3,0.2354181,0.19246535,0.3783704,0.1937461
s04_0train_r0_t43,4,0train,0,43,4,84631,False,loso_s4,20260925,4,2,0.160716,0.46729693,0.2506791,0.12130796
s04_0train_r0_t44,4,0train,0,44,3,86750,False,loso_s4,20260925,3,3,0.19200365,0.27948037,0.34711492,0.18140113
s04_0train_r0_t45,4,0train,0,45,4,88656,False,loso_s4,20260925,4,3,0.1917719,0.3050574,0.31879812,0.18437257
s04_0train_r0_t46,4,0train,0,46,2,90584,False,loso_s4,20260925,2,2,0.12832113,0.3838178,0.3337574,0.15410362
s04_0train_r0_t47,4,0train,0,47,3,92698,False,loso_s4,20260925,3,1,0.38957417,0.15610707,0.30596602,0.14835271
s04_0train_r0_t48,4,0train,0,48,4,94757,False,loso_s4,20260925,4,3,0.11618326,0.35907134,0.37690428,0.14784114
s04_0train_r1_t01,4,0train,1,1,3,250,False,loso_s4,20260925,3,2,0.16859192,0.41996166,0.25727975,0.15416671
s04_0train_r1_t02,4,0train,1,2,2,2253,False,loso_s4,20260925,2,3,0.24080515,0.262813,0.3353169,0.16106498
s04_0train_r1_t03,4,0train,1,3,2,4171,False,loso_s4,20260925,2,2,0.19572647,0.3677771,0.30322006,0.13327639
s04_0train_r1_t04,4,0train,1,4,1,6123,False,loso_s4,20260925,1,3,0.19613384,0.19638853,0.37008092,0.23739666
s04_0train_r1_t05,4,0train,1,5,2,8131,False,loso_s4,20260925,2,2,0.21959195,0.32976615,0.29650563,0.15413626
s04_0train_r1_t06,4,0train,1,6,4,10242,False,loso_s4,20260925,4,2,0.21246524,0.39084485,0.26037934,0.13631056
s04_0train_r1_t07,4,0train,1,7,3,12159,False,loso_s4,20260925,3,2,0.23966442,0.3040674,0.26447615,0.19179204
s04_0train_r1_t08,4,0train,1,8,1,14209,False,loso_s4,20260925,1,1,0.41500053,0.12099088,0.25142688,0.21258166
s04_0train_r1_t09,4,0train,1,9,4,16140,False,loso_s4,20260925,4,2,0.1645394,0.4145178,0.28715137,0.13379152
s04_0train_r1_t10,4,0train,1,10,1,18138,False,loso_s4,20260925,1,3,0.24020968,0.21217734,0.36058477,0.18702817
s04_0train_r1_t11,4,0train,1,11,3,20044,False,loso_s4,20260925,3,3,0.23919687,0.2313553,0.3666048,0.16284303
s04_0train_r1_t12,4,0train,1,12,4,21939,False,loso_s4,20260925,4,3,0.28864357,0.14848952,0.3189027,0.24396423
s04_0train_r1_t13,4,0train,1,13,1,23911,False,loso_s4,20260925,1,3,0.21417977,0.25351074,0.32193926,0.21037024
s04_0train_r1_t14,4,0train,1,14,2,25855,False,loso_s4,20260925,2,2,0.13828011,0.53802866,0.19890793,0.12478334
s04_0train_r1_t15,4,0train,1,15,4,27822,False,loso_s4,20260925,4,3,0.11690717,0.2926817,0.3887699,0.20164123
s04_0train_r1_t16,4,0train,1,16,3,29942,False,loso_s4,20260925,3,3,0.28460377,0.110546604,0.39273214,0.21211739
s04_0train_r1_t17,4,0train,1,17,1,31950,True,loso_s4,20260925,1,2,0.24997854,0.27744442,0.2664999,0.20607713
s04_0train_r1_t18,4,0train,1,18,1,34016,False,loso_s4,20260925,1,2,0.18552276,0.31462282,0.3004124,0.199442
s04_0train_r1_t19,4,0train,1,19,3,36052,False,loso_s4,20260925,3,2,0.114498384,0.37940288,0.29986036,0.20623839
s04_0train_r1_t20,4,0train,1,20,4,38118,False,loso_s4,20260925,4,3,0.13332465,0.19233453,0.3881769,0.28616396
s04_0train_r1_t21,4,0train,1,21,2,40188,False,loso_s4,20260925,2,2,0.09677146,0.47846505,0.29562056,0.12914295
s04_0train_r1_t22,4,0train,1,22,1,42268,False,loso_s4,20260925,1,1,0.35424712,0.28341967,0.21278244,0.14955077
s04_0train_r1_t23,4,0train,1,23,3,44180,False,loso_s4,20260925,3,2,0.103652835,0.3756693,0.31935555,0.20132238
s04_0train_r1_t24,4,0train,1,24,1,46211,False,loso_s4,20260925,1,3,0.20621945,0.2626063,0.3091273,0.222047
s04_0train_r1_t25,4,0train,1,25,2,48164,False,loso_s4,20260925,2,2,0.13469347,0.39163885,0.3146342,0.15903348
s04_0train_r1_t26,4,0train,1,26,2,50125,False,loso_s4,20260925,2,2,0.21968041,0.34942475,0.28115508,0.1497397
s04_0train_r1_t27,4,0train,1,27,1,52229,False,loso_s4,20260925,1,3,0.18492775,0.2644103,0.33127308,0.21938892
s04_0train_r1_t28,4,0train,1,28,1,54233,True,loso_s4,20260925,1,3,0.21973497,0.26659304,0.2839349,0.22973707
s04_0train_r1_t29,4,0train,1,29,2,56208,False,loso_s4,20260925,2,2,0.05224355,0.60376054,0.22679414,0.117201775
s04_0train_r1_t30,4,0train,1,30,4,58234,False,loso_s4,20260925,4,3,0.14939243,0.29595706,0.32258785,0.23206264
s04_0train_r1_t31,4,0train,1,31,2,60305,False,loso_s4,20260925,2,3,0.19485031,0.26944458,0.3068604,0.2288447
s04_0train_r1_t32,4,0train,1,32,3,62412,False,loso_s4,20260925,3,1,0.42228848,0.121879935,0.2732606,0.18257102
s04_0train_r1_t33,4,0train,1,33,2,64504,False,loso_s4,20260925,2,2,0.1548176,0.40416133,0.31101498,0.13000602
s04_0train_r1_t34,4,0train,1,34,4,66595,False,loso_s4,20260925,4,2,0.1844045,0.31192824,0.259902,0.24376522
s04_0train_r1_t35,4,0train,1,35,4,68638,False,loso_s4,20260925,4,3,0.14373724,0.09885017,0.41538566,0.34202692
s04_0train_r1_t36,4,0train,1,36,4,70702,False,loso_s4,20260925,4,2,0.21483588,0.35918716,0.22125214,0.20472486
s04_0train_r1_t37,4,0train,1,37,1,72722,False,loso_s4,20260925,1,2,0.16282727,0.339843,0.30239016,0.19493954
s04_0train_r1_t38,4,0train,1,38,3,74694,False,loso_s4,20260925,3,3,0.09022269,0.27662212,0.44444403,0.18871115
s04_0train_r1_t39,4,0train,1,39,2,76657,False,loso_s4,20260925,2,3,0.096687585,0.2543243,0.47172844,0.17725968
s04_0train_r1_t40,4,0train,1,40,3,78582,False,loso_s4,20260925,3,2,0.19114292,0.371698,0.21578065,0.22137843
s04_0train_r1_t41,4,0train,1,41,2,80663,True,loso_s4,20260925,2,2,0.094922215,0.44781852,0.30027103,0.1569883
s04_0train_r1_t42,4,0train,1,42,4,82641,False,loso_s4,20260925,4,2,0.1665864,0.43843204,0.24009554,0.15488607
s04_0train_r1_t43,4,0train,1,43,3,84631,False,loso_s4,20260925,3,2,0.12645721,0.41415775,0.32477435,0.1346107
s04_0train_r1_t44,4,0train,1,44,4,86750,False,loso_s4,20260925,4,2,0.13377376,0.34312633,0.32117966,0.20192026
s04_0train_r1_t45,4,0train,1,45,4,88656,False,loso_s4,20260925,4,2,0.19477557,0.3429649,0.24411748,0.21814205
s04_0train_r1_t46,4,0train,1,46,3,90584,False,loso_s4,20260925,3,2,0.23785868,0.3250366,0.31044573,0.12665896
s04_0train_r1_t47,4,0train,1,47,1,92698,False,loso_s4,20260925,1,3,0.25689697,0.2826196,0.2962777,0.16420573
s04_0train_r1_t48,4,0train,1,48,3,94757,False,loso_s4,20260925,3,2,0.06430697,0.4156065,0.33984083,0.1802457
s04_0train_r2_t01,4,0train,2,1,1,250,False,loso_s4,20260925,1,2,0.2439213,0.40228814,0.19914992,0.15464067
s04_0train_r2_t02,4,0train,2,2,2,2253,False,loso_s4,20260925,2,3,0.17692626,0.29020995,0.34161112,0.19125272
s04_0train_r2_t03,4,0train,2,3,2,4171,False,loso_s4,20260925,2,2,0.20309472,0.34953848,0.23409328,0.2132735
s04_0train_r2_t04,4,0train,2,4,1,6123,False,loso_s4,20260925,1,2,0.25602642,0.2813787,0.2769828,0.18561205
s04_0train_r2_t05,4,0train,2,5,2,8131,False,loso_s4,20260925,2,2,0.109640755,0.47455794,0.24718018,0.16862112
s04_0train_r2_t06,4,0train,2,6,1,10242,False,loso_s4,20260925,1,2,0.19857098,0.41186264,0.23387522,0.15569118
s04_0train_r2_t07,4,0train,2,7,2,12159,False,loso_s4,20260925,2,3,0.08583433,0.34301987,0.37379715,0.19734864
s04_0train_r2_t08,4,0train,2,8,3,14209,False,loso_s4,20260925,3,3,0.20158744,0.29029182,0.2998719,0.20824885
s04_0train_r2_t09,4,0train,2,9,2,16140,False,loso_s4,20260925,2,2,0.1002827,0.4587903,0.32870182,0.112225115
s04_0train_r2_t10,4,0train,2,10,4,18138,False,loso_s4,20260925,4,3,0.22453061,0.17806512,0.35817814,0.23922616
s04_0train_r2_t11,4,0train,2,11,1,20044,False,loso_s4,20260925,1,3,0.20265129,0.21224776,0.38880384,0.19629711
s04_0train_r2_t12,4,0train,2,12,3,21939,False,loso_s4,20260925,3,3,0.13050923,0.28630844,0.37310076,0.21008165
s04_0train_r2_t13,4,0train,2,13,2,23911,False,loso_s4,20260925,2,2,0.17238529,0.5309304,0.19353071,0.10315358
s04_0train_r2_t14,4,0train,2,14,1,25855,False,loso_s4,20260925,1,3,0.14013676,0.16085686,0.45189527,0.24711108
s04_0train_r2_t15,4,0train,2,15,4,27822,False,loso_s4,20260925,4,2,0.17219684,0.31549194,0.28346092,0.22885035
s04_0train_r2_t16,4,0train,2,16,4,29942,False,loso_s4,20260925,4,3,0.17135201,0.21307841,0.39360666,0.22196291
s04_0train_r2_t17,4,0train,2,17,4,31950,False,loso_s4,20260925,4,1,0.4339625,0.10145039,0.18135782,0.28322926
s04_0train_r2_t18,4,0train,2,18,4,34016,False,loso_s4,20260925,4,3,0.113471024,0.3352527,0.3435833,0.20769303
s04_0train_r2_t19,4,0train,2,19,4,36052,False,loso_s4,20260925,4,2,0.121492326,0.37412176,0.32509872,0.17928724
s04_0train_r2_t20,4,0train,2,20,1,38118,False,loso_s4,20260925,1,3,0.27928486,0.2252755,0.318598,0.17684165
s04_0train_r2_t21,4,0train,2,21,3,40188,False,loso_s4,20260925,3,2,0.21122225,0.3397793,0.28580996,0.16318852
s04_0train_r2_t22,4,0train,2,22,2,42268,False,loso_s4,20260925,2,2,0.1631747,0.3674831,0.32329676,0.14604546
s04_0train_r2_t23,4,0train,2,23,1,44180,False,loso_s4,20260925,1,3,0.2768317,0.28863168,0.29123002,0.1433066
s04_0train_r2_t24,4,0train,2,24,1,46211,False,loso_s4,20260925,1,3,0.2796663,0.21918851,0.3607389,0.1404063
s04_0train_r2_t25,4,0train,2,25,3,48164,False,loso_s4,20260925,3,2,0.16003606,0.36668077,0.32477653,0.14850667
s04_0train_r2_t26,4,0train,2,26,4,50125,False,loso_s4,20260925,4,2,0.18108994,0.3621648,0.25732043,0.19942483
s04_0train_r2_t27,4,0train,2,27,1,52229,False,loso_s4,20260925,1,1,0.32193547,0.22481418,0.32042012,0.13283023
s04_0train_r2_t28,4,0train,2,28,3,54233,False,loso_s4,20260925,3,3,0.2998304,0.1851158,0.31657496,0.19847886
s04_0train_r2_t29,4,0train,2,29,3,56208,False,loso_s4,20260925,3,3,0.31221256,0.17271374,0.32905036,0.1860233
s04_0train_r2_t30,4,0train,2,30,3,58234,False,loso_s4,20260925,3,2,0.062494423,0.4252144,0.2721082,0.24018301
s04_0train_r2_t31,4,0train,2,31,1,60305,False,loso_s4,20260925,1,2,0.12576398,0.38779032,0.28219068,0.20425498
s04_0train_r2_t32,4,0train,2,32,2,62412,False,loso_s4,20260925,2,2,0.117053546,0.37751427,0.3720004,0.13343179
s04_0train_r2_t33,4,0train,2,33,1,64504,False,loso_s4,20260925,1,3,0.19373198,0.14987393,0.43644178,0.21995232
s04_0train_r2_t34,4,0train,2,34,2,66595,False,loso_s4,20260925,2,3,0.0447535,0.40322897,0.40455437,0.14746313
s04_0train_r2_t35,4,0train,2,35,2,68638,False,loso_s4,20260925,2,3,0.15193962,0.296682,0.36972052,0.18165793
s04_0train_r2_t36,4,0train,2,36,1,70702,True,loso_s4,20260925,1,3,0.221386,0.29495776,0.31850183,0.16515444
s04_0train_r2_t37,4,0train,2,37,2,72722,False,loso_s4,20260925,2,2,0.11355057,0.3612305,0.34973195,0.175487
s04_0train_r2_t38,4,0train,2,38,3,74694,False,loso_s4,20260925,3,3,0.17649347,0.1661736,0.3650976,0.2922353
s04_0train_r2_t39,4,0train,2,39,2,76657,False,loso_s4,20260925,2,2,0.08040828,0.42913336,0.33552265,0.15493575
s04_0train_r2_t40,4,0train,2,40,3,78582,False,loso_s4,20260925,3,2,0.21235208,0.41097546,0.20747995,0.16919252
s04_0train_r2_t41,4,0train,2,41,3,80663,True,loso_s4,20260925,3,3,0.18119138,0.289085,0.33557647,0.19414721
s04_0train_r2_t42,4,0train,2,42,4,82641,False,loso_s4,20260925,4,3,0.29078585,0.13397248,0.30604994,0.26919174
s04_0train_r2_t43,4,0train,2,43,3,84631,False,loso_s4,20260925,3,1,0.37293229,0.12627926,0.24590734,0.2548811
s04_0train_r2_t44,4,0train,2,44,3,86750,False,loso_s4,20260925,3,3,0.16596629,0.25507373,0.39489955,0.18406041
s04_0train_r2_t45,4,0train,2,45,4,88656,False,loso_s4,20260925,4,3,0.08801193,0.30215383,0.40700063,0.2028336
s04_0train_r2_t46,4,0train,2,46,4,90584,False,loso_s4,20260925,4,3,0.033406302,0.35094142,0.4016862,0.21396612
s04_0train_r2_t47,4,0train,2,47,4,92698,False,loso_s4,20260925,4,2,0.15493236,0.45995364,0.24367926,0.14143473
s04_0train_r2_t48,4,0train,2,48,4,94757,False,loso_s4,20260925,4,2,0.092159465,0.3544994,0.33044258,0.22289853
s04_0train_r3_t01,4,0train,3,1,4,250,True,loso_s4,20260925,4,3,0.31244454,0.19413449,0.3402351,0.15318593
s04_0train_r3_t02,4,0train,3,2,3,2253,True,loso_s4,20260925,3,3,0.28768605,0.1723265,0.40437418,0.13561325
s04_0train_r3_t03,4,0train,3,3,2,4171,True,loso_s4,20260925,2,3,0.22293882,0.2716173,0.4237171,0.081726775
s04_0train_r3_t04,4,0train,3,4,1,6123,False,loso_s4,20260925,1,3,0.23203109,0.20450574,0.40659934,0.15686387
s04_0train_r3_t05,4,0train,3,5,1,8131,False,loso_s4,20260925,1,2,0.24592887,0.31477705,0.28227732,0.1570168
s04_0train_r3_t06,4,0train,3,6,2,10242,False,loso_s4,20260925,2,2,0.15481663,0.39972836,0.29885885,0.14659615
s04_0train_r3_t07,4,0train,3,7,3,12159,False,loso_s4,20260925,3,2,0.32185876,0.34494328,0.21896388,0.114234105
s04_0train_r3_t08,4,0train,3,8,4,14209,False,loso_s4,20260925,4,2,0.2012602,0.330946,0.32548493,0.14230886
s04_0train_r3_t09,4,0train,3,9,2,16140,False,loso_s4,20260925,2,2,0.1703214,0.40630445,0.32091263,0.102461524
s04_0train_r3_t10,4,0train,3,10,3,18138,False,loso_s4,20260925,3,3,0.19756094,0.29569894,0.3135574,0.19318274
s04_0train_r3_t11,4,0train,3,11,1,20044,False,loso_s4,20260925,1,2,0.123843305,0.3539611,0.32259423,0.19960132
s04_0train_r3_t12,4,0train,3,12,1,21939,True,loso_s4,20260925,1,3,0.14191037,0.2772907,0.39543733,0.18536165
s04_0train_r3_t13,4,0train,3,13,1,23911,True,loso_s4,20260925,1,3,0.1365424,0.33982292,0.3486483,0.17498642
s04_0train_r3_t14,4,0train,3,14,4,25855,False,loso_s4,20260925,4,3,0.2252188,0.24734268,0.31436828,0.21307021
s04_0train_r3_t15,4,0train,3,15,2,27822,False,loso_s4,20260925,2,2,0.095161125,0.45643798,0.25393373,0.19446717
s04_0train_r3_t16,4,0train,3,16,2,29942,False,loso_s4,20260925,2,3,0.22228487,0.23820597,0.35585123,0.18365796
s04_0train_r3_t17,4,0train,3,17,1,31950,False,loso_s4,20260925,1,3,0.29819724,0.19067463,0.30359197,0.20753618
s04_0train_r3_t18,4,0train,3,18,1,34016,False,loso_s4,20260925,1,3,0.21729562,0.14610925,0.4681405,0.16845456
s04_0train_r3_t19,4,0train,3,19,3,36052,False,loso_s4,20260925,3,1,0.43086445,0.10830279,0.3173608,0.143472
s04_0train_r3_t20,4,0train,3,20,1,38118,False,loso_s4,20260925,1,2,0.189538,0.3737296,0.28704584,0.14968657
s04_0train_r3_t21,4,0train,3,21,2,40188,False,loso_s4,20260925,2,3,0.09107786,0.28386408,0.3304093,0.2946488
s04_0train_r3_t22,4,0train,3,22,4,42268,False,loso_s4,20260925,4,3,0.20758523,0.121941686,0.43732148,0.23315163
s04_0train_r3_t23,4,0train,3,23,4,44180,False,loso_s4,20260925,4,3,0.1991302,0.19096941,0.3790706,0.23082975
s04_0train_r3_t24,4,0train,3,24,3,46211,False,loso_s4,20260925,3,1,0.36383215,0.20384131,0.29156896,0.14075753
s04_0train_r3_t25,4,0train,3,25,1,48164,False,loso_s4,20260925,1,2,0.24250305,0.3356745,0.2745481,0.14727433
s04_0train_r3_t26,4,0train,3,26,4,50125,False,loso_s4,20260925,4,2,0.08529326,0.34604666,0.2901114,0.27854875
s04_0train_r3_t27,4,0train,3,27,4,52229,False,loso_s4,20260925,4,4,0.1761627,0.06742489,0.2735801,0.4828323
s04_0train_r3_t28,4,0train,3,28,2,54233,False,loso_s4,20260925,2,3,0.24199814,0.20391233,0.3031866,0.2509029
s04_0train_r3_t29,4,0train,3,29,4,56208,False,loso_s4,20260925,4,1,0.44904616,0.21809694,0.22986211,0.10299481
s04_0train_r3_t30,4,0train,3,30,4,58234,False,loso_s4,20260925,4,2,0.25440675,0.3302872,0.19576843,0.21953763
s04_0train_r3_t31,4,0train,3,31,2,60305,False,loso_s4,20260925,2,2,0.2611918,0.31779447,0.25367483,0.16733894
s04_0train_r3_t32,4,0train,3,32,1,62412,False,loso_s4,20260925,1,2,0.18806362,0.39961818,0.23505569,0.17726249
s04_0train_r3_t33,4,0train,3,33,2,64504,False,loso_s4,20260925,2,3,0.1689489,0.2190974,0.36544797,0.24650578
s04_0train_r3_t34,4,0train,3,34,3,66595,False,loso_s4,20260925,3,3,0.19465879,0.21396054,0.35019228,0.24118839
s04_0train_r3_t35,4,0train,3,35,3,68638,False,loso_s4,20260925,3,2,0.08992937,0.40286762,0.32368553,0.18351753
s04_0train_r3_t36,4,0train,3,36,3,70702,True,loso_s4,20260925,3,2,0.02721329,0.52815086,0.26636884,0.17826702
s04_0train_r3_t37,4,0train,3,37,4,72722,False,loso_s4,20260925,4,3,0.14759542,0.29824504,0.37004784,0.18411167
s04_0train_r3_t38,4,0train,3,38,3,74694,False,loso_s4,20260925,3,3,0.23979734,0.20000216,0.3376034,0.22259709
s04_0train_r3_t39,4,0train,3,39,1,76657,False,loso_s4,20260925,1,2,0.14070445,0.37855396,0.30781534,0.17292622
s04_0train_r3_t40,4,0train,3,40,4,78582,False,loso_s4,20260925,4,2,0.05354234,0.53188807,0.21587913,0.19869044
s04_0train_r3_t41,4,0train,3,41,2,80663,False,loso_s4,20260925,2,2,0.07844363,0.3992961,0.26463765,0.2576226
s04_0train_r3_t42,4,0train,3,42,3,82641,False,loso_s4,20260925,3,2,0.078982905,0.41929844,0.30817854,0.19354007
s04_0train_r3_t43,4,0train,3,43,2,84631,False,loso_s4,20260925,2,2,0.15861435,0.3499243,0.32665953,0.16480178
s04_0train_r3_t44,4,0train,3,44,3,86750,False,loso_s4,20260925,3,4,0.10585883,0.074778415,0.35081065,0.46855214
s04_0train_r3_t45,4,0train,3,45,4,88656,False,loso_s4,20260925,4,3,0.22592884,0.2510019,0.34591246,0.1771568
s04_0train_r3_t46,4,0train,3,46,2,90584,False,loso_s4,20260925,2,3,0.287328,0.27964416,0.32079378,0.11223405
s04_0train_r3_t47,4,0train,3,47,3,92698,False,loso_s4,20260925,3,3,0.22169217,0.2004463,0.3327832,0.24507834
s04_0train_r3_t48,4,0train,3,48,1,94757,False,loso_s4,20260925,1,3,0.17038265,0.2896213,0.31613225,0.22386384
s04_0train_r4_t01,4,0train,4,1,1,250,True,loso_s4,20260925,1,2,0.20658284,0.37609178,0.2678449,0.14948058
s04_0train_r4_t02,4,0train,4,2,1,2253,False,loso_s4,20260925,1,2,0.21711293,0.40250853,0.19754124,0.18283735
s04_0train_r4_t03,4,0train,4,3,4,4171,False,loso_s4,20260925,4,2,0.16524912,0.41386646,0.27528074,0.14560366
s04_0train_r4_t04,4,0train,4,4,2,6123,False,loso_s4,20260925,2,2,0.1687516,0.30826563,0.27922463,0.24375814
s04_0train_r4_t05,4,0train,4,5,1,8131,False,loso_s4,20260925,1,2,0.18634346,0.3676075,0.3008791,0.14516988
s04_0train_r4_t06,4,0train,4,6,3,10242,True,loso_s4,20260925,3,2,0.20959777,0.33869615,0.3061908,0.14551535
s04_0train_r4_t07,4,0train,4,7,1,12159,False,loso_s4,20260925,1,2,0.18332443,0.460545,0.2639711,0.09215955
s04_0train_r4_t08,4,0train,4,8,3,14209,False,loso_s4,20260925,3,2,0.12651142,0.36052874,0.30081648,0.2121433
s04_0train_r4_t09,4,0train,4,9,2,16140,False,loso_s4,20260925,2,2,0.2058584,0.3688198,0.28828168,0.13704012
s04_0train_r4_t10,4,0train,4,10,4,18138,False,loso_s4,20260925,4,2,0.17234048,0.41335133,0.24995127,0.16435689
s04_0train_r4_t11,4,0train,4,11,1,20044,True,loso_s4,20260925,1,2,0.21622393,0.38215256,0.2685301,0.13309348
s04_0train_r4_t12,4,0train,4,12,3,21939,False,loso_s4,20260925,3,4,0.26090175,0.23099014,0.24432597,0.26378214
s04_0train_r4_t13,4,0train,4,13,3,23911,False,loso_s4,20260925,3,1,0.3666362,0.1317569,0.25857782,0.24302904
s04_0train_r4_t14,4,0train,4,14,1,25855,False,loso_s4,20260925,1,1,0.3337896,0.22929405,0.2747861,0.16213025
s04_0train_r4_t15,4,0train,4,15,3,27822,True,loso_s4,20260925,3,2,0.09325866,0.35890242,0.32085925,0.22697969
s04_0train_r4_t16,4,0train,4,16,2,29942,False,loso_s4,20260925,2,3,0.12292203,0.30095363,0.3634807,0.21264365
s04_0train_r4_t17,4,0train,4,17,4,31950,True,loso_s4,20260925,4,3,0.22021005,0.27591142,0.30989942,0.19397904
s04_0train_r4_t18,4,0train,4,18,4,34016,False,loso_s4,20260925,4,1,0.43236572,0.24579372,0.1916574,0.13018316
s04_0train_r4_t19,4,0train,4,19,4,36052,True,loso_s4,20260925,4,1,0.32364076,0.25821963,0.24346098,0.17467865
s04_0train_r4_t20,4,0train,4,20,3,38118,False,loso_s4,20260925,3,1,0.35436663,0.20112711,0.22390607,0.22060025
s04_0train_r4_t21,4,0train,4,21,1,40188,False,loso_s4,20260925,1,2,0.15887156,0.3543128,0.32517642,0.16163926
s04_0train_r4_t22,4,0train,4,22,4,42268,True,loso_s4,20260925,4,2,0.16923039,0.46572605,0.23024684,0.13479672
s04_0train_r4_t23,4,0train,4,23,2,44180,False,loso_s4,20260925,2,2,0.20002642,0.41850844,0.22612335,0.15534185
s04_0train_r4_t24,4,0train,4,24,4,46211,False,loso_s4,20260925,4,3,0.16576856,0.22587068,0.36420944,0.2441513
s04_0train_r4_t25,4,0train,4,25,2,48164,True,loso_s4,20260925,2,2,0.10512326,0.65256375,0.1618935,0.08041947
s04_0train_r4_t26,4,0train,4,26,1,50125,True,loso_s4,20260925,1,2,0.1963793,0.3792322,0.28452563,0.13986285
s04_0train_r4_t27,4,0train,4,27,3,52229,False,loso_s4,20260925,3,2,0.23853491,0.32802045,0.29327735,0.14016725
s04_0train_r4_t28,4,0train,4,28,2,54233,False,loso_s4,20260925,2,2,0.24219418,0.40439385,0.27602363,0.0773884
s04_0train_r4_t29,4,0train,4,29,1,56208,False,loso_s4,20260925,1,2,0.23335725,0.3290004,0.2703169,0.16732544
s04_0train_r4_t30,4,0train,4,30,3,58234,False,loso_s4,20260925,3,1,0.3641944,0.099340715,0.35354435,0.18292055
s04_0train_r4_t31,4,0train,4,31,3,60305,False,loso_s4,20260925,3,3,0.26212105,0.12259462,0.43396893,0.18131544
s04_0train_r4_t32,4,0train,4,32,1,62412,False,loso_s4,20260925,1,2,0.21411593,0.3622268,0.2843124,0.13934487
s04_0train_r4_t33,4,0train,4,33,3,64504,False,loso_s4,20260925,3,3,0.18055375,0.32775846,0.3393274,0.15236038
s04_0train_r4_t34,4,0train,4,34,4,66595,False,loso_s4,20260925,4,2,0.15895745,0.4344772,0.25441068,0.1521546
s04_0train_r4_t35,4,0train,4,35,4,68638,False,loso_s4,20260925,4,3,0.16394442,0.22070736,0.3321818,0.28316644
s04_0train_r4_t36,4,0train,4,36,2,70702,False,loso_s4,20260925,2,2,0.10287091,0.46187434,0.27323952,0.16201517
s04_0train_r4_t37,4,0train,4,37,1,72722,False,loso_s4,20260925,1,2,0.25871924,0.3101033,0.27855578,0.1526217
s04_0train_r4_t38,4,0train,4,38,2,74694,False,loso_s4,20260925,2,2,0.063135736,0.48438755,0.37656596,0.07591081
s04_0train_r4_t39,4,0train,4,39,4,76657,False,loso_s4,20260925,4,3,0.10681696,0.20442599,0.4061955,0.2825616
s04_0train_r4_t40,4,0train,4,40,2,78582,False,loso_s4,20260925,2,2,0.123644195,0.4303092,0.28065547,0.16539113
s04_0train_r4_t41,4,0train,4,41,4,80663,False,loso_s4,20260925,4,3,0.036208622,0.27206776,0.48467672,0.20704699
s04_0train_r4_t42,4,0train,4,42,3,82641,False,loso_s4,20260925,3,3,0.16174804,0.16860647,0.39587653,0.273769
s04_0train_r4_t43,4,0train,4,43,2,84631,False,loso_s4,20260925,2,2,0.055127732,0.5258405,0.25119337,0.16783835
s04_0train_r4_t44,4,0train,4,44,2,86750,False,loso_s4,20260925,2,2,0.02722139,0.7166069,0.1691838,0.08698788
s04_0train_r4_t45,4,0train,4,45,2,88656,False,loso_s4,20260925,2,2,0.09831543,0.49714088,0.2383451,0.16619855
s04_0train_r4_t46,4,0train,4,46,3,90584,False,loso_s4,20260925,3,2,0.19437835,0.38229662,0.20748372,0.2158413
s04_0train_r4_t47,4,0train,4,47,4,92698,False,loso_s4,20260925,4,2,0.028830828,0.45507348,0.2769243,0.23917142
s04_0train_r4_t48,4,0train,4,48,1,94757,False,loso_s4,20260925,1,2,0.21304016,0.3892629,0.26583764,0.13185932
s04_0train_r5_t01,4,0train,5,1,2,250,False,loso_s4,20260925,2,2,0.24268387,0.43942365,0.2083469,0.109545596
s04_0train_r5_t02,4,0train,5,2,4,2253,False,loso_s4,20260925,4,2,0.15038176,0.46099612,0.2430617,0.14556034
s04_0train_r5_t03,4,0train,5,3,1,4171,False,loso_s4,20260925,1,1,0.33098727,0.17571066,0.2576011,0.23570096
s04_0train_r5_t04,4,0train,5,4,3,6123,False,loso_s4,20260925,3,3,0.29306796,0.18788871,0.3143282,0.20471509
s04_0train_r5_t05,4,0train,5,5,3,8131,False,loso_s4,20260925,3,3,0.100762874,0.17355707,0.5804095,0.14527051
s04_0train_r5_t06,4,0train,5,6,4,10242,True,loso_s4,20260925,4,2,0.17115109,0.33281714,0.32033116,0.17570059
s04_0train_r5_t07,4,0train,5,7,1,12159,False,loso_s4,20260925,1,2,0.21441604,0.36762092,0.2395017,0.17846133
s04_0train_r5_t08,4,0train,5,8,1,14209,False,loso_s4,20260925,1,2,0.27870858,0.31466934,0.29327264,0.113349415
s04_0train_r5_t09,4,0train,5,9,3,16140,False,loso_s4,20260925,3,3,0.23827112,0.26638412,0.3251663,0.17017846
s04_0train_r5_t10,4,0train,5,10,2,18138,True,loso_s4,20260925,2,2,0.118885756,0.40525186,0.32213175,0.15373068
s04_0train_r5_t11,4,0train,5,11,4,20044,False,loso_s4,20260925,4,2,0.23653977,0.34138045,0.3093044,0.112775385
s04_0train_r5_t12,4,0train,5,12,4,21939,False,loso_s4,20260925,4,2,0.1427135,0.41932875,0.25867617,0.17928156
s04_0train_r5_t13,4,0train,5,13,4,23911,False,loso_s4,20260925,4,2,0.19622847,0.4143596,0.23489624,0.1545157
s04_0train_r5_t14,4,0train,5,14,2,25855,False,loso_s4,20260925,2,2,0.16699804,0.45516366,0.27237463,0.105463736
s04_0train_r5_t15,4,0train,5,15,1,27822,True,loso_s4,20260925,1,2,0.20651944,0.37991294,0.25067145,0.16289611
s04_0train_r5_t16,4,0train,5,16,3,29942,False,loso_s4,20260925,3,3,0.14306329,0.25711912,0.443637,0.1561806
s04_0train_r5_t17,4,0train,5,17,2,31950,False,loso_s4,20260925,2,2,0.08125147,0.43601787,0.29006183,0.19266884
s04_0train_r5_t18,4,0train,5,18,4,34016,False,loso_s4,20260925,4,3,0.19999097,0.14862294,0.3723056,0.27908045
s04_0train_r5_t19,4,0train,5,19,1,36052,False,loso_s4,20260925,1,2,0.1498892,0.43393692,0.21803775,0.1981361
s04_0train_r5_t20,4,0train,5,20,4,38118,False,loso_s4,20260925,4,3,0.07944787,0.12849046,0.4940241,0.29803762
s04_0train_r5_t21,4,0train,5,21,3,40188,False,loso_s4,20260925,3,2,0.2692791,0.33395654,0.25356156,0.14320284
s04_0train_r5_t22,4,0train,5,22,2,42268,False,loso_s4,20260925,2,2,0.12249126,0.5131808,0.25011235,0.11421556
s04_0train_r5_t23,4,0train,5,23,4,44180,True,loso_s4,20260925,4,2,0.067458406,0.40004456,0.29332432,0.2391728
s04_0train_r5_t24,4,0train,5,24,4,46211,False,loso_s4,20260925,4,2,0.08300203,0.411951,0.26857692,0.23647007
s04_0train_r5_t25,4,0train,5,25,1,48164,False,loso_s4,20260925,1,2,0.22764046,0.31897143,0.29703227,0.15635583
s04_0train_r5_t26,4,0train,5,26,2,50125,False,loso_s4,20260925,2,3,0.15419964,0.32107067,0.38924366,0.135486
s04_0train_r5_t27,4,0train,5,27,2,52229,True,loso_s4,20260925,2,2,0.12333428,0.51863176,0.23152514,0.12650882
s04_0train_r5_t28,4,0train,5,28,3,54233,False,loso_s4,20260925,3,3,0.09434573,0.17725542,0.45886412,0.26953468
s04_0train_r5_t29,4,0train,5,29,4,56208,False,loso_s4,20260925,4,2,0.09774893,0.4443475,0.2550097,0.20289388
s04_0train_r5_t30,4,0train,5,30,2,58234,False,loso_s4,20260925,2,3,0.11076399,0.3721121,0.37242246,0.14470147
s04_0train_r5_t31,4,0train,5,31,1,60305,False,loso_s4,20260925,1,3,0.16570306,0.19851834,0.3571974,0.27858123
s04_0train_r5_t32,4,0train,5,32,1,62412,False,loso_s4,20260925,1,1,0.3337326,0.20736583,0.29029346,0.16860811
s04_0train_r5_t33,4,0train,5,33,4,64504,False,loso_s4,20260925,4,3,0.029189777,0.30126506,0.44250897,0.22703618
s04_0train_r5_t34,4,0train,5,34,2,66595,False,loso_s4,20260925,2,2,0.08820526,0.5764395,0.22993161,0.10542361
s04_0train_r5_t35,4,0train,5,35,1,68638,False,loso_s4,20260925,1,2,0.15154213,0.4546563,0.30477518,0.08902638
s04_0train_r5_t36,4,0train,5,36,3,70702,False,loso_s4,20260925,3,1,0.48949888,0.17588891,0.24272908,0.09188309
s04_0train_r5_t37,4,0train,5,37,2,72722,False,loso_s4,20260925,2,3,0.13241188,0.35238212,0.35765114,0.15755484
s04_0train_r5_t38,4,0train,5,38,2,74694,False,loso_s4,20260925,2,2,0.14470583,0.557963,0.18284304,0.11448813
s04_0train_r5_t39,4,0train,5,39,3,76657,False,loso_s4,20260925,3,3,0.1855209,0.22206683,0.37129295,0.2211193
s04_0train_r5_t40,4,0train,5,40,1,78582,False,loso_s4,20260925,1,2,0.21487717,0.36747992,0.27150208,0.1461408
s04_0train_r5_t41,4,0train,5,41,4,80663,False,loso_s4,20260925,4,3,0.09228416,0.26521954,0.39876053,0.24373576
s04_0train_r5_t42,4,0train,5,42,3,82641,False,loso_s4,20260925,3,3,0.10470987,0.24049659,0.38998815,0.26480538
s04_0train_r5_t43,4,0train,5,43,3,84631,False,loso_s4,20260925,3,2,0.2081755,0.32812968,0.26540068,0.19829412
s04_0train_r5_t44,4,0train,5,44,3,86750,False,loso_s4,20260925,3,1,0.38222045,0.24068382,0.24887939,0.12821634
s04_0train_r5_t45,4,0train,5,45,3,88656,False,loso_s4,20260925,3,2,0.10656275,0.4314943,0.31018162,0.15176137
s04_0train_r5_t46,4,0train,5,46,1,90584,False,loso_s4,20260925,1,2,0.19972341,0.37380022,0.2611806,0.16529572
s04_0train_r5_t47,4,0train,5,47,2,92698,False,loso_s4,20260925,2,2,0.101854526,0.42361614,0.33573806,0.13879135
s04_0train_r5_t48,4,0train,5,48,1,94757,False,loso_s4,20260925,1,2,0.20321248,0.55961955,0.14180064,0.09536731
s04_1test_r0_t01,4,1test,0,1,4,250,False,loso_s4,20260925,4,2,0.11813663,0.45167935,0.2018235,0.2283605
s04_1test_r0_t02,4,1test,0,2,3,2253,False,loso_s4,20260925,3,2,0.1491769,0.4513,0.2577129,0.14181022
s04_1test_r0_t03,4,1test,0,3,2,4171,False,loso_s4,20260925,2,2,0.15259814,0.5148235,0.20374855,0.12882982
s04_1test_r0_t04,4,1test,0,4,1,6123,False,loso_s4,20260925,1,2,0.20085731,0.4269001,0.23973565,0.13250694
s04_1test_r0_t05,4,1test,0,5,1,8131,False,loso_s4,20260925,1,2,0.10206819,0.63927674,0.15039709,0.10825798
s04_1test_r0_t06,4,1test,0,6,2,10242,False,loso_s4,20260925,2,2,0.21150143,0.36645848,0.26564905,0.15639105
s04_1test_r0_t07,4,1test,0,7,3,12159,False,loso_s4,20260925,3,1,0.343108,0.21259433,0.27961335,0.1646844
s04_1test_r0_t08,4,1test,0,8,4,14209,True,loso_s4,20260925,4,2,0.17734596,0.3928475,0.3008566,0.1289499
s04_1test_r0_t09,4,1test,0,9,2,16140,False,loso_s4,20260925,2,2,0.07026955,0.5814078,0.2479345,0.100388154
s04_1test_r0_t10,4,1test,0,10,3,18138,True,loso_s4,20260925,3,3,0.18713291,0.20496958,0.35103184,0.25686568
s04_1test_r0_t11,4,1test,0,11,1,20044,False,loso_s4,20260925,1,2,0.2402966,0.3325359,0.2604161,0.16675141
s04_1test_r0_t12,4,1test,0,12,1,21939,False,loso_s4,20260925,1,2,0.18967168,0.40888414,0.28839538,0.11304885
s04_1test_r0_t13,4,1test,0,13,1,23911,False,loso_s4,20260925,1,2,0.19309907,0.41572192,0.24923976,0.1419392
s04_1test_r0_t14,4,1test,0,14,4,25855,True,loso_s4,20260925,4,2,0.21691026,0.33932126,0.33486524,0.10890318
s04_1test_r0_t15,4,1test,0,15,2,27822,False,loso_s4,20260925,2,3,0.21683204,0.2786829,0.29037228,0.21411276
s04_1test_r0_t16,4,1test,0,16,2,29942,False,loso_s4,20260925,2,2,0.06811078,0.53240216,0.28992057,0.109566465
s04_1test_r0_t17,4,1test,0,17,1,31950,False,loso_s4,20260925,1,1,0.30432782,0.29863736,0.25597653,0.14105834
s04_1test_r0_t18,4,1test,0,18,1,34016,False,loso_s4,20260925,1,3,0.27602217,0.2607503,0.33360487,0.12962267
s04_1test_r0_t19,4,1test,0,19,3,36052,False,loso_s4,20260925,3,1,0.5892205,0.15336005,0.15673512,0.10068422
s04_1test_r0_t20,4,1test,0,20,1,38118,False,loso_s4,20260925,1,2,0.13925743,0.44406024,0.27388695,0.14279541
s04_1test_r0_t21,4,1test,0,21,2,40188,False,loso_s4,20260925,2,1,0.34860826,0.3067739,0.20604746,0.13857034
s04_1test_r0_t22,4,1test,0,22,4,42268,False,loso_s4,20260925,4,2,0.060729824,0.47812906,0.31491938,0.14622173
s04_1test_r0_t23,4,1test,0,23,4,44180,False,loso_s4,20260925,4,3,0.048441853,0.3126997,0.48454142,0.15431704
s04_1test_r0_t24,4,1test,0,24,3,46211,True,loso_s4,20260925,3,3,0.27388355,0.08373849,0.41101688,0.23136109
s04_1test_r0_t25,4,1test,0,25,1,48164,True,loso_s4,20260925,1,2,0.17066763,0.3990953,0.2551347,0.17510238
s04_1test_r0_t26,4,1test,0,26,4,50125,False,loso_s4,20260925,4,3,0.083363116,0.29459402,0.40767422,0.21436857
s04_1test_r0_t27,4,1test,0,27,4,52229,True,loso_s4,20260925,4,3,0.14681754,0.20074373,0.44181058,0.2106282
s04_1test_r0_t28,4,1test,0,28,2,54233,False,loso_s4,20260925,2,2,0.2217452,0.3313506,0.2637873,0.18311693
s04_1test_r0_t29,4,1test,0,29,4,56208,False,loso_s4,20260925,4,1,0.40453458,0.30109337,0.15261923,0.1417528
s04_1test_r0_t30,4,1test,0,30,4,58234,True,loso_s4,20260925,4,1,0.3907858,0.1501052,0.32691115,0.1321979
s04_1test_r0_t31,4,1test,0,31,2,60305,False,loso_s4,20260925,2,2,0.22414097,0.42351872,0.2523287,0.1000117
s04_1test_r0_t32,4,1test,0,32,1,62412,True,loso_s4,20260925,1,3,0.22586727,0.25977504,0.29338723,0.2209705
s04_1test_r0_t33,4,1test,0,33,2,64504,True,loso_s4,20260925,2,1,0.3415942,0.16682728,0.3145957,0.17698278
s04_1test_r0_t34,4,1test,0,34,3,66595,True,loso_s4,20260925,3,3,0.22463593,0.09598776,0.39018962,0.2891867
s04_1test_r0_t35,4,1test,0,35,3,68638,False,loso_s4,20260925,3,1,0.30924782,0.2620057,0.286095,0.14265148
s04_1test_r0_t36,4,1test,0,36,3,70702,False,loso_s4,20260925,3,3,0.2261235,0.26346385,0.32708547,0.18332712
s04_1test_r0_t37,4,1test,0,37,4,72722,True,loso_s4,20260925,4,3,0.19260125,0.28432557,0.3260112,0.19706197
s04_1test_r0_t38,4,1test,0,38,3,74694,False,loso_s4,20260925,3,3,0.2947811,0.15055378,0.36760816,0.18705694
s04_1test_r0_t39,4,1test,0,39,1,76657,False,loso_s4,20260925,1,2,0.2820418,0.37304583,0.23680331,0.10810905
s04_1test_r0_t40,4,1test,0,40,4,78582,False,loso_s4,20260925,4,2,0.06513155,0.40056086,0.3768876,0.15742004
s04_1test_r0_t41,4,1test,0,41,2,80663,False,loso_s4,20260925,2,2,0.14843336,0.4118715,0.31523502,0.1244602
s04_1test_r0_t42,4,1test,0,42,3,82641,False,loso_s4,20260925,3,1,0.37693417,0.16876878,0.27986795,0.17442918
s04_1test_r0_t43,4,1test,0,43,2,84631,True,loso_s4,20260925,2,3,0.20741263,0.33192968,0.3340993,0.12655835
s04_1test_r0_t44,4,1test,0,44,3,86750,False,loso_s4,20260925,3,1,0.33828902,0.11938964,0.27294353,0.26937777
s04_1test_r0_t45,4,1test,0,45,4,88656,True,loso_s4,20260925,4,3,0.19295627,0.27677912,0.31087533,0.21938929
s04_1test_r0_t46,4,1test,0,46,2,90584,False,loso_s4,20260925,2,2,0.14585537,0.39196956,0.31793278,0.14424233
s04_1test_r0_t47,4,1test,0,47,3,92698,False,loso_s4,20260925,3,2,0.21045159,0.31262445,0.30822983,0.16869417
s04_1test_r0_t48,4,1test,0,48,1,94757,False,loso_s4,20260925,1,3,0.09819426,0.36304757,0.37841797,0.16034025
s04_1test_r1_t01,4,1test,1,1,1,250,False,loso_s4,20260925,1,3,0.2824582,0.25588834,0.31281418,0.1488392
s04_1test_r1_t02,4,1test,1,2,1,2253,False,loso_s4,20260925,1,2,0.29911584,0.33487216,0.23593616,0.1300758
s04_1test_r1_t03,4,1test,1,3,4,4171,False,loso_s4,20260925,4,3,0.24062535,0.26896447,0.27213883,0.21827139
s04_1test_r1_t04,4,1test,1,4,2,6123,False,loso_s4,20260925,2,2,0.11365999,0.5063462,0.2471934,0.13280033
s04_1test_r1_t05,4,1test,1,5,1,8131,False,loso_s4,20260925,1,1,0.34742358,0.24433239,0.25800863,0.15023535
s04_1test_r1_t06,4,1test,1,6,3,10242,False,loso_s4,20260925,3,3,0.1574853,0.25711608,0.3979291,0.1874695
s04_1test_r1_t07,4,1test,1,7,1,12159,False,loso_s4,20260925,1,2,0.2504089,0.3347982,0.2526592,0.16213372
s04_1test_r1_t08,4,1test,1,8,3,14209,True,loso_s4,20260925,3,3,0.27357244,0.24373566,0.3172893,0.1654026
s04_1test_r1_t09,4,1test,1,9,2,16140,False,loso_s4,20260925,2,2,0.12460817,0.5612659,0.21490484,0.09922108
s04_1test_r1_t10,4,1test,1,10,4,18138,False,loso_s4,20260925,4,2,0.07524157,0.43863,0.27749622,0.20863217
s04_1test_r1_t11,4,1test,1,11,1,20044,False,loso_s4,20260925,1,2,0.17545374,0.43789375,0.23473838,0.15191415
s04_1test_r1_t12,4,1test,1,12,3,21939,False,loso_s4,20260925,3,3,0.16945735,0.082949676,0.42875838,0.3188347
s04_1test_r1_t13,4,1test,1,13,3,23911,True,loso_s4,20260925,3,1,0.41178042,0.23760499,0.18958808,0.16102655
s04_1test_r1_t14,4,1test,1,14,1,25855,False,loso_s4,20260925,1,3,0.2549642,0.26390168,0.32939625,0.15173782
s04_1test_r1_t15,4,1test,1,15,3,27822,False,loso_s4,20260925,3,3,0.130187,0.2403131,0.44730482,0.18219511
s04_1test_r1_t16,4,1test,1,16,2,29942,True,loso_s4,20260925,2,2,0.11905413,0.48815957,0.27707657,0.115709744
s04_1test_r1_t17,4,1test,1,17,4,31950,False,loso_s4,20260925,4,3,0.09992636,0.22118153,0.40508908,0.27380303
s04_1test_r1_t18,4,1test,1,18,4,34016,True,loso_s4,20260925,4,3,0.1640141,0.27960595,0.32231835,0.23406166
s04_1test_r1_t19,4,1test,1,19,4,36052,True,loso_s4,20260925,4,3,0.10827441,0.20159358,0.526902,0.16323003
s04_1test_r1_t20,4,1test,1,20,3,38118,False,loso_s4,20260925,3,3,0.18953949,0.19357727,0.39047134,0.22641185
s04_1test_r1_t21,4,1test,1,21,1,40188,False,loso_s4,20260925,1,2,0.12958078,0.39983162,0.30079335,0.1697943
s04_1test_r1_t22,4,1test,1,22,4,42268,False,loso_s4,20260925,4,3,0.18125525,0.3262768,0.3372795,0.15518844
s04_1test_r1_t23,4,1test,1,23,2,44180,False,loso_s4,20260925,2,2,0.18726425,0.42738163,0.26410842,0.12124574
s04_1test_r1_t24,4,1test,1,24,4,46211,False,loso_s4,20260925,4,3,0.23667528,0.23908903,0.3126564,0.2115793
s04_1test_r1_t25,4,1test,1,25,2,48164,True,loso_s4,20260925,2,2,0.17097668,0.39960554,0.27361664,0.15580112
s04_1test_r1_t26,4,1test,1,26,1,50125,False,loso_s4,20260925,1,2,0.19357122,0.4034385,0.25849527,0.14449495
s04_1test_r1_t27,4,1test,1,27,3,52229,False,loso_s4,20260925,3,3,0.10803272,0.24073625,0.3958034,0.2554277
s04_1test_r1_t28,4,1test,1,28,2,54233,True,loso_s4,20260925,2,2,0.17136419,0.42373538,0.23583029,0.16907018
s04_1test_r1_t29,4,1test,1,29,1,56208,False,loso_s4,20260925,1,2,0.23121738,0.34257686,0.26669174,0.15951395
s04_1test_r1_t30,4,1test,1,30,3,58234,False,loso_s4,20260925,3,3,0.20426987,0.19820546,0.35941854,0.23810609
s04_1test_r1_t31,4,1test,1,31,3,60305,False,loso_s4,20260925,3,4,0.22611669,0.17609584,0.18821663,0.40957084
s04_1test_r1_t32,4,1test,1,32,1,62412,False,loso_s4,20260925,1,2,0.08251294,0.40785626,0.38178065,0.12785013
s04_1test_r1_t33,4,1test,1,33,3,64504,False,loso_s4,20260925,3,3,0.08017977,0.16585678,0.48058328,0.27338028
s04_1test_r1_t34,4,1test,1,34,4,66595,True,loso_s4,20260925,4,3,0.23596422,0.22143592,0.32602698,0.2165729
s04_1test_r1_t35,4,1test,1,35,4,68638,False,loso_s4,20260925,4,3,0.23993592,0.21186551,0.37574467,0.17245391
s04_1test_r1_t36,4,1test,1,36,2,70702,False,loso_s4,20260925,2,2,0.055758886,0.65630794,0.18958656,0.09834654
s04_1test_r1_t37,4,1test,1,37,1,72722,False,loso_s4,20260925,1,2,0.17774679,0.35083008,0.3354748,0.13594835
s04_1test_r1_t38,4,1test,1,38,2,74694,True,loso_s4,20260925,2,2,0.08204828,0.38836932,0.3673001,0.16228227
s04_1test_r1_t39,4,1test,1,39,4,76657,False,loso_s4,20260925,4,2,0.02339715,0.5388447,0.29648143,0.14127673
s04_1test_r1_t40,4,1test,1,40,2,78582,False,loso_s4,20260925,2,2,0.21139292,0.351726,0.3420911,0.094790004
s04_1test_r1_t41,4,1test,1,41,4,80663,False,loso_s4,20260925,4,2,0.028042175,0.5143746,0.31987676,0.1377065
s04_1test_r1_t42,4,1test,1,42,3,82641,False,loso_s4,20260925,3,2,0.19926332,0.35724565,0.2762223,0.16726872
s04_1test_r1_t43,4,1test,1,43,2,84631,False,loso_s4,20260925,2,2,0.17603618,0.34312624,0.33723304,0.14360453
s04_1test_r1_t44,4,1test,1,44,2,86750,False,loso_s4,20260925,2,2,0.18137088,0.44624963,0.2235617,0.14881778
s04_1test_r1_t45,4,1test,1,45,2,88656,False,loso_s4,20260925,2,3,0.21318705,0.29209214,0.3210891,0.17363171
s04_1test_r1_t46,4,1test,1,46,3,90584,True,loso_s4,20260925,3,3,0.20805986,0.1335364,0.38373402,0.2746697
s04_1test_r1_t47,4,1test,1,47,4,92698,True,loso_s4,20260925,4,2,0.05769171,0.4920761,0.25947076,0.19076149
s04_1test_r1_t48,4,1test,1,48,1,94757,False,loso_s4,20260925,1,2,0.19541746,0.43983924,0.22849715,0.13624611
s04_1test_r2_t01,4,1test,2,1,2,250,False,loso_s4,20260925,2,2,0.17609577,0.43832076,0.27428114,0.111302316
s04_1test_r2_t02,4,1test,2,2,4,2253,False,loso_s4,20260925,4,2,0.1375038,0.31929317,0.2906422,0.2525608
s04_1test_r2_t03,4,1test,2,3,1,4171,False,loso_s4,20260925,1,2,0.21787895,0.43333724,0.24025956,0.10852427
s04_1test_r2_t04,4,1test,2,4,3,6123,False,loso_s4,20260925,3,3,0.21592705,0.21364035,0.39600506,0.17442754
s04_1test_r2_t05,4,1test,2,5,3,8131,False,loso_s4,20260925,3,3,0.21307063,0.15819664,0.41992134,0.2088114
s04_1test_r2_t06,4,1test,2,6,4,10242,False,loso_s4,20260925,4,2,0.14587441,0.30905262,0.30679175,0.23828115
s04_1test_r2_t07,4,1test,2,7,1,12159,False,loso_s4,20260925,1,2,0.19249988,0.35618228,0.29509243,0.15622538
s04_1test_r2_t08,4,1test,2,8,1,14209,False,loso_s4,20260925,1,3,0.1337585,0.31768137,0.35310286,0.19545731
s04_1test_r2_t09,4,1test,2,9,3,16140,False,loso_s4,20260925,3,2,0.15942381,0.3575493,0.25521442,0.22781245
s04_1test_r2_t10,4,1test,2,10,2,18138,True,loso_s4,20260925,2,2,0.13273919,0.53013355,0.25422096,0.082906365
s04_1test_r2_t11,4,1test,2,11,4,20044,False,loso_s4,20260925,4,2,0.12790908,0.35696727,0.31578538,0.19933829
s04_1test_r2_t12,4,1test,2,12,4,21939,False,loso_s4,20260925,4,3,0.28303716,0.27160263,0.2953827,0.14997749
s04_1test_r2_t13,4,1test,2,13,4,23911,True,loso_s4,20260925,4,3,0.22801012,0.2131178,0.29909492,0.2597772
s04_1test_r2_t14,4,1test,2,14,2,25855,False,loso_s4,20260925,2,1,0.38424718,0.23779163,0.24744965,0.13051152
s04_1test_r2_t15,4,1test,2,15,1,27822,False,loso_s4,20260925,1,2,0.15814726,0.41456375,0.25892103,0.168368
s04_1test_r2_t16,4,1test,2,16,3,29942,False,loso_s4,20260925,3,3,0.2316575,0.29097718,0.3013977,0.17596757
s04_1test_r2_t17,4,1test,2,17,2,31950,False,loso_s4,20260925,2,2,0.15531565,0.54028916,0.19282617,0.111569025
s04_1test_r2_t18,4,1test,2,18,4,34016,False,loso_s4,20260925,4,2,0.1025224,0.42533353,0.31492728,0.15721674
s04_1test_r2_t19,4,1test,2,19,1,36052,False,loso_s4,20260925,1,2,0.202073,0.32094243,0.27401656,0.20296799
s04_1test_r2_t20,4,1test,2,20,4,38118,True,loso_s4,20260925,4,3,0.094437234,0.2942534,0.4536101,0.15769929
s04_1test_r2_t21,4,1test,2,21,3,40188,True,loso_s4,20260925,3,2,0.12547362,0.3703723,0.34189525,0.16225879
s04_1test_r2_t22,4,1test,2,22,2,42268,False,loso_s4,20260925,2,2,0.17603536,0.43466902,0.24074167,0.14855401
s04_1test_r2_t23,4,1test,2,23,4,44180,False,loso_s4,20260925,4,3,0.18345392,0.14217025,0.35564277,0.318733
s04_1test_r2_t24,4,1test,2,24,4,46211,True,loso_s4,20260925,4,2,0.17831811,0.36869347,0.28695014,0.16603827
s04_1test_r2_t25,4,1test,2,25,1,48164,False,loso_s4,20260925,1,3,0.1856331,0.29994383,0.41042393,0.103999086
s04_1test_r2_t26,4,1test,2,26,2,50125,False,loso_s4,20260925,2,2,0.16466407,0.40776724,0.26577815,0.16179052
s04_1test_r2_t27,4,1test,2,27,2,52229,False,loso_s4,20260925,2,2,0.17442076,0.41805646,0.2883744,0.11914836
s04_1test_r2_t28,4,1test,2,28,3,54233,True,loso_s4,20260925,3,4,0.24563773,0.053786296,0.3421079,0.35846803
s04_1test_r2_t29,4,1test,2,29,4,56208,True,loso_s4,20260925,4,2,0.13918835,0.3686418,0.25291964,0.23925023
s04_1test_r2_t30,4,1test,2,30,2,58234,True,loso_s4,20260925,2,3,0.12536561,0.2995954,0.39528036,0.1797587
s04_1test_r2_t31,4,1test,2,31,1,60305,False,loso_s4,20260925,1,2,0.17702924,0.38427845,0.31027392,0.12841834
s04_1test_r2_t32,4,1test,2,32,1,62412,False,loso_s4,20260925,1,2,0.26711094,0.31870458,0.22413245,0.190052
s04_1test_r2_t33,4,1test,2,33,4,64504,False,loso_s4,20260925,4,4,0.16319941,0.13348061,0.34702253,0.3562975
s04_1test_r2_t34,4,1test,2,34,2,66595,False,loso_s4,20260925,2,2,0.11942018,0.45596698,0.25476447,0.16984837
s04_1test_r2_t35,4,1test,2,35,1,68638,False,loso_s4,20260925,1,2,0.11348227,0.4186497,0.3229697,0.14489841
s04_1test_r2_t36,4,1test,2,36,3,70702,True,loso_s4,20260925,3,3,0.2461128,0.102488175,0.3770335,0.2743656
s04_1test_r2_t37,4,1test,2,37,2,72722,False,loso_s4,20260925,2,2,0.08537233,0.5513411,0.26056063,0.10272593
s04_1test_r2_t38,4,1test,2,38,2,74694,True,loso_s4,20260925,2,2,0.22108889,0.33636612,0.23882139,0.20372358
s04_1test_r2_t39,4,1test,2,39,3,76657,False,loso_s4,20260925,3,3,0.0841219,0.3789114,0.38457584,0.15239085
s04_1test_r2_t40,4,1test,2,40,1,78582,True,loso_s4,20260925,1,3,0.21919352,0.27319145,0.34329587,0.16431917
s04_1test_r2_t41,4,1test,2,41,4,80663,False,loso_s4,20260925,4,2,0.024116484,0.51306283,0.25256544,0.2102552
s04_1test_r2_t42,4,1test,2,42,3,82641,False,loso_s4,20260925,3,3,0.22632754,0.09844296,0.37373096,0.3014986
s04_1test_r2_t43,4,1test,2,43,3,84631,False,loso_s4,20260925,3,3,0.2674469,0.122318976,0.3149746,0.29525948
s04_1test_r2_t44,4,1test,2,44,3,86750,False,loso_s4,20260925,3,3,0.24067315,0.034644697,0.41963506,0.3050471
s04_1test_r2_t45,4,1test,2,45,3,88656,False,loso_s4,20260925,3,3,0.09153949,0.19366892,0.43552873,0.27926287
s04_1test_r2_t46,4,1test,2,46,1,90584,False,loso_s4,20260925,1,3,0.15972988,0.3112181,0.32441664,0.2046353
s04_1test_r2_t47,4,1test,2,47,2,92698,False,loso_s4,20260925,2,2,0.039180327,0.7032911,0.15102676,0.106501766
s04_1test_r2_t48,4,1test,2,48,1,94757,True,loso_s4,20260925,1,3,0.16535717,0.21088165,0.45854834,0.16521284
s04_1test_r3_t01,4,1test,3,1,2,250,False,loso_s4,20260925,2,2,0.13931121,0.47580728,0.25377244,0.13110912
s04_1test_r3_t02,4,1test,3,2,1,2253,False,loso_s4,20260925,1,2,0.1883181,0.50264037,0.19361506,0.11542645
s04_1test_r3_t03,4,1test,3,3,1,4171,True,loso_s4,20260925,1,3,0.12596467,0.321235,0.39556053,0.15723976
s04_1test_r3_t04,4,1test,3,4,3,6123,False,loso_s4,20260925,3,2,0.1606502,0.48798606,0.25456843,0.09679534
s04_1test_r3_t05,4,1test,3,5,3,8131,False,loso_s4,20260925,3,1,0.29261145,0.24094725,0.277228,0.18921328
s04_1test_r3_t06,4,1test,3,6,2,10242,False,loso_s4,20260925,2,2,0.12695424,0.5222686,0.22752051,0.12325666
s04_1test_r3_t07,4,1test,3,7,3,12159,True,loso_s4,20260925,3,3,0.2077296,0.17179905,0.38442704,0.23604433
s04_1test_r3_t08,4,1test,3,8,4,14209,True,loso_s4,20260925,4,3,0.08887731,0.062550254,0.6626093,0.18596324
s04_1test_r3_t09,4,1test,3,9,1,16140,False,loso_s4,20260925,1,2,0.11313278,0.49686256,0.2545833,0.13542138
s04_1test_r3_t10,4,1test,3,10,4,18138,False,loso_s4,20260925,4,3,0.2557131,0.27501446,0.27756044,0.191712
s04_1test_r3_t11,4,1test,3,11,1,20044,False,loso_s4,20260925,1,1,0.33636296,0.27249765,0.24230038,0.14883898
s04_1test_r3_t12,4,1test,3,12,1,21939,False,loso_s4,20260925,1,2,0.16948098,0.4120471,0.28298008,0.13549176
s04_1test_r3_t13,4,1test,3,13,2,23911,False,loso_s4,20260925,2,2,0.22437213,0.40929556,0.22128278,0.1450495
s04_1test_r3_t14,4,1test,3,14,4,25855,False,loso_s4,20260925,4,2,0.25113344,0.33352953,0.24750863,0.16782843
s04_1test_r3_t15,4,1test,3,15,3,27822,False,loso_s4,20260925,3,4,0.1069481,0.07380929,0.40472367,0.41451892
s04_1test_r3_t16,4,1test,3,16,2,29942,False,loso_s4,20260925,2,3,0.18353607,0.21042159,0.37982637,0.22621599
s04_1test_r3_t17,4,1test,3,17,4,31950,True,loso_s4,20260925,4,3,0.050102755,0.35853505,0.37917507,0.21218713
s04_1test_r3_t18,4,1test,3,18,3,34016,False,loso_s4,20260925,3,4,0.06317377,0.1354257,0.33206853,0.46933198
s04_1test_r3_t19,4,1test,3,19,4,36052,False,loso_s4,20260925,4,3,0.18326692,0.30392542,0.3138,0.19900762
s04_1test_r3_t20,4,1test,3,20,3,38118,False,loso_s4,20260925,3,2,0.07931742,0.5371788,0.25339967,0.13010415
s04_1test_r3_t21,4,1test,3,21,4,40188,False,loso_s4,20260925,4,3,0.12572636,0.21642137,0.45047644,0.20737587
s04_1test_r3_t22,4,1test,3,22,2,42268,False,loso_s4,20260925,2,2,0.06359975,0.5592026,0.26903507,0.108162604
s04_1test_r3_t23,4,1test,3,23,2,44180,False,loso_s4,20260925,2,1,0.38354325,0.20485717,0.29730478,0.114294775
s04_1test_r3_t24,4,1test,3,24,4,46211,False,loso_s4,20260925,4,3,0.09899351,0.20897871,0.4522029,0.2398249
s04_1test_r3_t25,4,1test,3,25,1,48164,False,loso_s4,20260925,1,2,0.21269116,0.3601228,0.30032495,0.12686114
s04_1test_r3_t26,4,1test,3,26,2,50125,False,loso_s4,20260925,2,2,0.18439326,0.40472615,0.3120369,0.09884361
s04_1test_r3_t27,4,1test,3,27,2,52229,False,loso_s4,20260925,2,2,0.13406196,0.5176454,0.23383407,0.11445855
s04_1test_r3_t28,4,1test,3,28,2,54233,False,loso_s4,20260925,2,2,0.11807918,0.5006996,0.2296085,0.15161276
s04_1test_r3_t29,4,1test,3,29,3,56208,False,loso_s4,20260925,3,3,0.06737259,0.09495051,0.45279887,0.38487795
s04_1test_r3_t30,4,1test,3,30,4,58234,False,loso_s4,20260925,4,4,0.1825397,0.065408766,0.25195444,0.5000971
s04_1test_r3_t31,4,1test,3,31,1,60305,False,loso_s4,20260925,1,3,0.29426378,0.24352941,0.31764564,0.14456117
s04_1test_r3_t32,4,1test,3,32,4,62412,False,loso_s4,20260925,4,3,0.09956257,0.26017973,0.42025417,0.22000347
s04_1test_r3_t33,4,1test,3,33,1,64504,False,loso_s4,20260925,1,2,0.24819013,0.32247332,0.30276066,0.12657586
s04_1test_r3_t34,4,1test,3,34,3,66595,False,loso_s4,20260925,3,3,0.18829666,0.2018202,0.39046967,0.21941344
s04_1test_r3_t35,4,1test,3,35,1,68638,False,loso_s4,20260925,1,3,0.09636828,0.19616619,0.47140816,0.2360574
s04_1test_r3_t36,4,1test,3,36,4,70702,True,loso_s4,20260925,4,2,0.06138979,0.5246153,0.28789353,0.12610134
s04_1test_r3_t37,4,1test,3,37,1,72722,True,loso_s4,20260925,1,3,0.29886824,0.12106396,0.3270497,0.25301814
s04_1test_r3_t38,4,1test,3,38,3,74694,False,loso_s4,20260925,3,3,0.2509798,0.054709833,0.4437227,0.25058764
s04_1test_r3_t39,4,1test,3,39,1,76657,False,loso_s4,20260925,1,3,0.19202754,0.2825583,0.39143547,0.13397866
s04_1test_r3_t40,4,1test,3,40,2,78582,False,loso_s4,20260925,2,2,0.17231217,0.46443355,0.24307802,0.120176315
s04_1test_r3_t41,4,1test,3,41,3,80663,True,loso_s4,20260925,3,3,0.2648489,0.18655045,0.34990036,0.19870032
s04_1test_r3_t42,4,1test,3,42,3,82641,False,loso_s4,20260925,3,3,0.27242965,0.14613043,0.38342425,0.19801563
s04_1test_r3_t43,4,1test,3,43,4,84631,False,loso_s4,20260925,4,2,0.04610303,0.4984482,0.3306158,0.12483302
s04_1test_r3_t44,4,1test,3,44,1,86750,True,loso_s4,20260925,1,3,0.18464108,0.2927091,0.3742027,0.14844711
s04_1test_r3_t45,4,1test,3,45,2,88656,False,loso_s4,20260925,2,2,0.09804608,0.5733896,0.23719567,0.0913687
s04_1test_r3_t46,4,1test,3,46,4,90584,False,loso_s4,20260925,4,3,0.036447898,0.11407737,0.46883082,0.3806439
s04_1test_r3_t47,4,1test,3,47,2,92698,False,loso_s4,20260925,2,3,0.16919574,0.30072042,0.33622566,0.19385824
s04_1test_r3_t48,4,1test,3,48,3,94757,False,loso_s4,20260925,3,3,0.2602618,0.22630565,0.315254,0.19817857
s04_1test_r4_t01,4,1test,4,1,3,250,False,loso_s4,20260925,3,3,0.17983189,0.20282733,0.3918961,0.22544461
s04_1test_r4_t02,4,1test,4,2,1,2253,False,loso_s4,20260925,1,2,0.2096752,0.44418934,0.17540719,0.17072822
s04_1test_r4_t03,4,1test,4,3,4,4171,False,loso_s4,20260925,4,3,0.19711871,0.25269422,0.3761067,0.17408039
s04_1test_r4_t04,4,1test,4,4,2,6123,False,loso_s4,20260925,2,1,0.307058,0.29979712,0.27479777,0.1183471
s04_1test_r4_t05,4,1test,4,5,4,8131,False,loso_s4,20260925,4,3,0.1362529,0.2547675,0.4180818,0.1908978
s04_1test_r4_t06,4,1test,4,6,1,10242,False,loso_s4,20260925,1,3,0.21514218,0.16803448,0.40699247,0.20983094
s04_1test_r4_t07,4,1test,4,7,1,12159,True,loso_s4,20260925,1,3,0.2347589,0.24221909,0.32367742,0.19934462
s04_1test_r4_t08,4,1test,4,8,3,14209,False,loso_s4,20260925,3,3,0.18161198,0.17769428,0.49509707,0.14559676
s04_1test_r4_t09,4,1test,4,9,3,16140,False,loso_s4,20260925,3,2,0.09315637,0.43299055,0.3114498,0.16240327
s04_1test_r4_t10,4,1test,4,10,2,18138,True,loso_s4,20260925,2,2,0.0897254,0.46459982,0.32080612,0.12486863
s04_1test_r4_t11,4,1test,4,11,4,20044,False,loso_s4,20260925,4,3,0.09047797,0.31428698,0.46111882,0.13411629
s04_1test_r4_t12,4,1test,4,12,2,21939,False,loso_s4,20260925,2,2,0.25211677,0.31562454,0.27001432,0.16224438
s04_1test_r4_t13,4,1test,4,13,2,23911,True,loso_s4,20260925,2,2,0.14890204,0.3951409,0.27678373,0.17917335
s04_1test_r4_t14,4,1test,4,14,1,25855,True,loso_s4,20260925,1,1,0.35682145,0.2360237,0.28620747,0.12094735
s04_1test_r4_t15,4,1test,4,15,2,27822,True,loso_s4,20260925,2,2,0.04897233,0.64516103,0.23580866,0.070058
s04_1test_r4_t16,4,1test,4,16,4,29942,True,loso_s4,20260925,4,3,0.024724085,0.092686206,0.5770534,0.30553636
s04_1test_r4_t17,4,1test,4,17,4,31950,False,loso_s4,20260925,4,2,0.037535302,0.55624086,0.2543227,0.15190107
s04_1test_r4_t18,4,1test,4,18,2,34016,False,loso_s4,20260925,2,2,0.21812497,0.44859743,0.21876651,0.11451108
s04_1test_r4_t19,4,1test,4,19,2,36052,True,loso_s4,20260925,2,2,0.080788784,0.4932629,0.29017824,0.13577004
s04_1test_r4_t20,4,1test,4,20,2,38118,False,loso_s4,20260925,2,2,0.026692964,0.5884497,0.3048564,0.080000885
s04_1test_r4_t21,4,1test,4,21,2,40188,False,loso_s4,20260925,2,2,0.12442484,0.4245603,0.27493143,0.17608345
s04_1test_r4_t22,4,1test,4,22,4,42268,False,loso_s4,20260925,4,3,0.10326906,0.3753584,0.38829058,0.1330819
s04_1test_r4_t23,4,1test,4,23,4,44180,False,loso_s4,20260925,4,3,0.22688007,0.1820485,0.33159235,0.25947905
s04_1test_r4_t24,4,1test,4,24,3,46211,False,loso_s4,20260925,3,1,0.3599627,0.16092621,0.34474227,0.13436888
s04_1test_r4_t25,4,1test,4,25,4,48164,False,loso_s4,20260925,4,3,0.12768902,0.12921065,0.5481905,0.19490989
s04_1test_r4_t26,4,1test,4,26,1,50125,False,loso_s4,20260925,1,2,0.17043322,0.4519259,0.20894225,0.16869864
s04_1test_r4_t27,4,1test,4,27,2,52229,False,loso_s4,20260925,2,2,0.10975453,0.551254,0.1754122,0.16357927
s04_1test_r4_t28,4,1test,4,28,3,54233,False,loso_s4,20260925,3,3,0.21754357,0.17591162,0.32051587,0.2860289
s04_1test_r4_t29,4,1test,4,29,2,56208,False,loso_s4,20260925,2,2,0.12084473,0.3335015,0.26569113,0.27996266
s04_1test_r4_t30,4,1test,4,30,1,58234,False,loso_s4,20260925,1,2,0.2061081,0.34298608,0.31376463,0.13714112
s04_1test_r4_t31,4,1test,4,31,4,60305,False,loso_s4,20260925,4,4,0.15874285,0.04761984,0.39469427,0.39894307
s04_1test_r4_t32,4,1test,4,32,1,62412,False,loso_s4,20260925,1,2,0.19666137,0.39591196,0.27438858,0.13303813
s04_1test_r4_t33,4,1test,4,33,4,64504,True,loso_s4,20260925,4,3,0.05453491,0.2332938,0.4394114,0.27275985
s04_1test_r4_t34,4,1test,4,34,1,66595,True,loso_s4,20260925,1,2,0.12759644,0.54191893,0.18397252,0.14651214
s04_1test_r4_t35,4,1test,4,35,1,68638,True,loso_s4,20260925,1,2,0.1984887,0.45290977,0.20387563,0.14472595
s04_1test_r4_t36,4,1test,4,36,1,70702,False,loso_s4,20260925,1,3,0.111780584,0.33688486,0.39506605,0.1562685
s04_1test_r4_t37,4,1test,4,37,1,72722,True,loso_s4,20260925,1,2,0.20987332,0.5105926,0.20070887,0.07882529
s04_1test_r4_t38,4,1test,4,38,3,74694,False,loso_s4,20260925,3,2,0.23834449,0.4125481,0.23840506,0.11070233
s04_1test_r4_t39,4,1test,4,39,3,76657,True,loso_s4,20260925,3,2,0.12554501,0.42926812,0.30208266,0.1431043
s04_1test_r4_t40,4,1test,4,40,4,78582,False,loso_s4,20260925,4,4,0.20993263,0.073701724,0.2863069,0.4300587
s04_1test_r4_t41,4,1test,4,41,2,80663,False,loso_s4,20260925,2,2,0.12840144,0.44901702,0.27212152,0.15046003
s04_1test_r4_t42,4,1test,4,42,3,82641,False,loso_s4,20260925,3,3,0.06937405,0.10421288,0.577147,0.24926607
s04_1test_r4_t43,4,1test,4,43,3,84631,False,loso_s4,20260925,3,3,0.15854764,0.2008575,0.5030252,0.13756968
s04_1test_r4_t44,4,1test,4,44,3,86750,False,loso_s4,20260925,3,3,0.13296756,0.20456786,0.44550303,0.2169615
s04_1test_r4_t45,4,1test,4,45,4,88656,False,loso_s4,20260925,4,2,0.026465366,0.48085952,0.2862109,0.20646423
s04_1test_r4_t46,4,1test,4,46,3,90584,False,loso_s4,20260925,3,3,0.08726264,0.31893495,0.33372992,0.26007253
s04_1test_r4_t47,4,1test,4,47,1,92698,False,loso_s4,20260925,1,2,0.16951866,0.3528376,0.30649817,0.17114556
s04_1test_r4_t48,4,1test,4,48,3,94757,False,loso_s4,20260925,3,2,0.18180564,0.46877742,0.15101686,0.1984001
s04_1test_r5_t01,4,1test,5,1,1,250,False,loso_s4,20260925,1,2,0.11680382,0.47288013,0.23463368,0.17568243
s04_1test_r5_t02,4,1test,5,2,4,2253,False,loso_s4,20260925,4,2,0.1280082,0.3473728,0.34580296,0.17881605
s04_1test_r5_t03,4,1test,5,3,2,4171,True,loso_s4,20260925,2,2,0.2649252,0.34223726,0.29087186,0.10196569
s04_1test_r5_t04,4,1test,5,4,4,6123,False,loso_s4,20260925,4,3,0.10538725,0.2518982,0.39876452,0.24395007
s04_1test_r5_t05,4,1test,5,5,4,8131,False,loso_s4,20260925,4,3,0.23781754,0.14418082,0.38731873,0.23068286
s04_1test_r5_t06,4,1test,5,6,3,10242,False,loso_s4,20260925,3,2,0.098215766,0.43747982,0.34257826,0.12172614
s04_1test_r5_t07,4,1test,5,7,4,12159,False,loso_s4,20260925,4,3,0.06819062,0.16499558,0.42663953,0.3401743
s04_1test_r5_t08,4,1test,5,8,4,14209,False,loso_s4,20260925,4,2,0.26313788,0.32149717,0.31144246,0.10392247
s04_1test_r5_t09,4,1test,5,9,3,16140,False,loso_s4,20260925,3,2,0.17685263,0.3138943,0.31101614,0.19823688
s04_1test_r5_t10,4,1test,5,10,2,18138,False,loso_s4,20260925,2,2,0.26399434,0.31271327,0.28987736,0.13341501
s04_1test_r5_t11,4,1test,5,11,4,20044,False,loso_s4,20260925,4,2,0.18438666,0.39486447,0.22688796,0.19386096
s04_1test_r5_t12,4,1test,5,12,3,21939,True,loso_s4,20260925,3,3,0.05488203,0.35110962,0.41738513,0.17662317
s04_1test_r5_t13,4,1test,5,13,1,23911,False,loso_s4,20260925,1,1,0.37102854,0.195964,0.27518734,0.1578201
s04_1test_r5_t14,4,1test,5,14,2,25855,False,loso_s4,20260925,2,3,0.24173002,0.27145886,0.335234,0.1515771
s04_1test_r5_t15,4,1test,5,15,2,27822,False,loso_s4,20260925,2,2,0.14220397,0.50545084,0.21186216,0.14048299
s04_1test_r5_t16,4,1test,5,16,2,29942,False,loso_s4,20260925,2,2,0.15392871,0.45333114,0.23159413,0.16114597
s04_1test_r5_t17,4,1test,5,17,3,31950,False,loso_s4,20260925,3,3,0.20450428,0.13066451,0.4152176,0.24961357
s04_1test_r5_t18,4,1test,5,18,2,34016,True,loso_s4,20260925,2,2,0.084638014,0.48584086,0.27137545,0.15814571
s04_1test_r5_t19,4,1test,5,19,4,36052,False,loso_s4,20260925,4,3,0.25825092,0.18008313,0.3148715,0.24679448
s04_1test_r5_t20,4,1test,5,20,3,38118,False,loso_s4,20260925,3,4,0.19161716,0.18635602,0.1521254,0.46990138
s04_1test_r5_t21,4,1test,5,21,4,40188,False,loso_s4,20260925,4,2,0.23304513,0.357173,0.17400675,0.23577517
s04_1test_r5_t22,4,1test,5,22,2,42268,False,loso_s4,20260925,2,2,0.1109599,0.53106093,0.24693613,0.11104302
s04_1test_r5_t23,4,1test,5,23,3,44180,False,loso_s4,20260925,3,3,0.329407,0.08834811,0.34608585,0.23615901
s04_1test_r5_t24,4,1test,5,24,1,46211,False,loso_s4,20260925,1,1,0.31483206,0.18783335,0.3059226,0.19141199
s04_1test_r5_t25,4,1test,5,25,4,48164,False,loso_s4,20260925,4,3,0.034898493,0.27744955,0.4969438,0.19070823
s04_1test_r5_t26,4,1test,5,26,1,50125,False,loso_s4,20260925,1,2,0.24581641,0.32467267,0.23009236,0.19941854
s04_1test_r5_t27,4,1test,5,27,3,52229,False,loso_s4,20260925,3,3,0.14043337,0.14657252,0.41531414,0.29768002
s04_1test_r5_t28,4,1test,5,28,4,54233,False,loso_s4,20260925,4,4,0.22724731,0.19901928,0.2651185,0.30861494
s04_1test_r5_t29,4,1test,5,29,1,56208,False,loso_s4,20260925,1,3,0.099979736,0.31728014,0.405773,0.17696714
s04_1test_r5_t30,4,1test,5,30,3,58234,False,loso_s4,20260925,3,4,0.17331049,0.08072204,0.3530968,0.3928707
s04_1test_r5_t31,4,1test,5,31,1,60305,False,loso_s4,20260925,1,2,0.25668937,0.36795497,0.2598836,0.11547205
s04_1test_r5_t32,4,1test,5,32,2,62412,False,loso_s4,20260925,2,2,0.19054669,0.48225313,0.22525895,0.10194134
s04_1test_r5_t33,4,1test,5,33,2,64504,False,loso_s4,20260925,2,2,0.00841598,0.7040394,0.16008736,0.12745726
s04_1test_r5_t34,4,1test,5,34,1,66595,False,loso_s4,20260925,1,2,0.11170446,0.4565535,0.27608353,0.15565856
s04_1test_r5_t35,4,1test,5,35,4,68638,False,loso_s4,20260925,4,2,0.17892446,0.39073437,0.24135347,0.1889877
s04_1test_r5_t36,4,1test,5,36,1,70702,False,loso_s4,20260925,1,3,0.111490786,0.28294197,0.433758,0.17180927
s04_1test_r5_t37,4,1test,5,37,4,72722,False,loso_s4,20260925,4,3,0.04534048,0.31989205,0.38013512,0.25463235
s04_1test_r5_t38,4,1test,5,38,3,74694,False,loso_s4,20260925,3,3,0.23318031,0.23064832,0.3507042,0.18546718
s04_1test_r5_t39,4,1test,5,39,3,76657,False,loso_s4,20260925,3,3,0.13859409,0.3029473,0.3834491,0.17500949
s04_1test_r5_t40,4,1test,5,40,1,78582,True,loso_s4,20260925,1,3,0.2314242,0.3059308,0.3373145,0.12533054
s04_1test_r5_t41,4,1test,5,41,3,80663,False,loso_s4,20260925,3,3,0.057864178,0.35747832,0.42913675,0.15552075
s04_1test_r5_t42,4,1test,5,42,2,82641,False,loso_s4,20260925,2,2,0.17446049,0.42958257,0.24596205,0.14999488
s04_1test_r5_t43,4,1test,5,43,2,84631,False,loso_s4,20260925,2,2,0.045806967,0.6215518,0.23093453,0.10170665
s04_1test_r5_t44,4,1test,5,44,1,86750,False,loso_s4,20260925,1,3,0.19588487,0.2789195,0.35948515,0.1657105
s04_1test_r5_t45,4,1test,5,45,3,88656,False,loso_s4,20260925,3,3,0.21946022,0.21748666,0.35805413,0.204999
s04_1test_r5_t46,4,1test,5,46,1,90584,False,loso_s4,20260925,1,2,0.085007735,0.49382842,0.32024184,0.10092211
s04_1test_r5_t47,4,1test,5,47,2,92698,False,loso_s4,20260925,2,2,0.06860493,0.57524014,0.20633987,0.1498151
s04_1test_r5_t48,4,1test,5,48,1,94757,False,loso_s4,20260925,1,3,0.2074334,0.2778395,0.36120987,0.15351723
s04_0train_r0_t01,4,0train,0,1,4,250,False,loso_s4,20260926,4,2,0.172815,0.3663938,0.26840922,0.19238192
s04_0train_r0_t02,4,0train,0,2,4,2253,False,loso_s4,20260926,4,3,0.09267619,0.31339684,0.36798325,0.22594367
s04_0train_r0_t03,4,0train,0,3,1,4171,False,loso_s4,20260926,1,3,0.07530778,0.25592664,0.44191015,0.22685544
s04_0train_r0_t04,4,0train,0,4,4,6123,False,loso_s4,20260926,4,3,0.120891355,0.28486356,0.32065088,0.27359423
s04_0train_r0_t05,4,0train,0,5,1,8131,False,loso_s4,20260926,1,2,0.24639596,0.26908642,0.2579131,0.2266045
s04_0train_r0_t06,4,0train,0,6,1,10242,False,loso_s4,20260926,1,4,0.19984604,0.11387877,0.29594064,0.39033452
s04_0train_r0_t07,4,0train,0,7,4,12159,False,loso_s4,20260926,4,3,0.13120037,0.21341549,0.35142514,0.30395907
s04_0train_r0_t08,4,0train,0,8,4,14209,False,loso_s4,20260926,4,2,0.1653737,0.36577022,0.25892833,0.20992778
s04_0train_r0_t09,4,0train,0,9,4,16140,False,loso_s4,20260926,4,3,0.096568145,0.3489748,0.35171363,0.20274337
s04_0train_r0_t10,4,0train,0,10,2,18138,False,loso_s4,20260926,2,2,0.105304055,0.4581163,0.31498966,0.12158999
s04_0train_r0_t11,4,0train,0,11,4,20044,False,loso_s4,20260926,4,4,0.052374396,0.18228857,0.35321242,0.41212463
s04_0train_r0_t12,4,0train,0,12,1,21939,False,loso_s4,20260926,1,3,0.13582158,0.2756415,0.39952183,0.18901509
s04_0train_r0_t13,4,0train,0,13,1,23911,False,loso_s4,20260926,1,4,0.1517502,0.2402452,0.28566784,0.3223367
s04_0train_r0_t14,4,0train,0,14,2,25855,False,loso_s4,20260926,2,3,0.11469063,0.26595378,0.37049007,0.24886553
s04_0train_r0_t15,4,0train,0,15,2,27822,False,loso_s4,20260926,2,2,0.07125343,0.41518942,0.28225815,0.23129903
s04_0train_r0_t16,4,0train,0,16,2,29942,False,loso_s4,20260926,2,3,0.04829167,0.3334668,0.37720358,0.24103795
s04_0train_r0_t17,4,0train,0,17,3,31950,False,loso_s4,20260926,3,2,0.1734593,0.42800942,0.23835973,0.16017157
s04_0train_r0_t18,4,0train,0,18,1,34016,False,loso_s4,20260926,1,2,0.12763824,0.4290066,0.27398413,0.16937096
s04_0train_r0_t19,4,0train,0,19,3,36052,False,loso_s4,20260926,3,3,0.1408909,0.19274722,0.3807632,0.28559873
s04_0train_r0_t20,4,0train,0,20,2,38118,False,loso_s4,20260926,2,2,0.13421932,0.51465315,0.20868784,0.14243971
s04_0train_r0_t21,4,0train,0,21,3,40188,False,loso_s4,20260926,3,3,0.10147046,0.25137994,0.39821962,0.2489299
s04_0train_r0_t22,4,0train,0,22,2,42268,False,loso_s4,20260926,2,3,0.13464864,0.2981008,0.35804605,0.20920455
s04_0train_r0_t23,4,0train,0,23,1,44180,False,loso_s4,20260926,1,3,0.07832962,0.17318101,0.5299315,0.21855786
s04_0train_r0_t24,4,0train,0,24,3,46211,False,loso_s4,20260926,3,2,0.15720005,0.3464822,0.2709122,0.22540553
s04_0train_r0_t25,4,0train,0,25,3,48164,False,loso_s4,20260926,3,4,0.159159,0.15307912,0.30660185,0.38116
s04_0train_r0_t26,4,0train,0,26,1,50125,False,loso_s4,20260926,1,3,0.17689976,0.10514561,0.3781807,0.33977395
s04_0train_r0_t27,4,0train,0,27,3,52229,False,loso_s4,20260926,3,3,0.09942928,0.28471544,0.3881888,0.22766651
s04_0train_r0_t28,4,0train,0,28,2,54233,False,loso_s4,20260926,2,2,0.053307265,0.4820417,0.24962494,0.2150261
s04_0train_r0_t29,4,0train,0,29,2,56208,False,loso_s4,20260926,2,2,0.071836196,0.46263364,0.32764518,0.13788491
s04_0train_r0_t30,4,0train,0,30,4,58234,False,loso_s4,20260926,4,3,0.08727331,0.14642341,0.42151985,0.34478346
s04_0train_r0_t31,4,0train,0,31,1,60305,False,loso_s4,20260926,1,2,0.28377068,0.30704847,0.2309541,0.17822674
s04_0train_r0_t32,4,0train,0,32,3,62412,False,loso_s4,20260926,3,3,0.15704301,0.28665143,0.35507408,0.20123148
s04_0train_r0_t33,4,0train,0,33,1,64504,False,loso_s4,20260926,1,4,0.11512661,0.13928434,0.35651836,0.38907066
s04_0train_r0_t34,4,0train,0,34,3,66595,False,loso_s4,20260926,3,3,0.075270735,0.100212134,0.5472355,0.27728164
s04_0train_r0_t35,4,0train,0,35,2,68638,False,loso_s4,20260926,2,2,0.113595754,0.5169027,0.250254,0.1192476
s04_0train_r0_t36,4,0train,0,36,4,70702,False,loso_s4,20260926,4,3,0.07124592,0.2842767,0.3361166,0.30836082
s04_0train_r0_t37,4,0train,0,37,3,72722,False,loso_s4,20260926,3,3,0.22503924,0.24413034,0.29709187,0.23373859
s04_0train_r0_t38,4,0train,0,38,2,74694,False,loso_s4,20260926,2,2,0.06562905,0.4830207,0.24934825,0.20200197
s04_0train_r0_t39,4,0train,0,39,2,76657,False,loso_s4,20260926,2,2,0.12547569,0.40074903,0.3096345,0.16414079
s04_0train_r0_t40,4,0train,0,40,3,78582,False,loso_s4,20260926,3,3,0.13192922,0.2657489,0.30444807,0.29787382
s04_0train_r0_t41,4,0train,0,41,1,80663,False,loso_s4,20260926,1,2,0.06787775,0.4627158,0.29218322,0.17722324
s04_0train_r0_t42,4,0train,0,42,1,82641,True,loso_s4,20260926,1,3,0.17616028,0.24117507,0.32350817,0.25915647
s04_0train_r0_t43,4,0train,0,43,4,84631,False,loso_s4,20260926,4,2,0.09146578,0.49015495,0.2607321,0.15764719
s04_0train_r0_t44,4,0train,0,44,3,86750,False,loso_s4,20260926,3,3,0.14635608,0.23814881,0.32246035,0.29303473
s04_0train_r0_t45,4,0train,0,45,4,88656,False,loso_s4,20260926,4,3,0.07550593,0.13131492,0.46787038,0.32530874
s04_0train_r0_t46,4,0train,0,46,2,90584,False,loso_s4,20260926,2,3,0.067868456,0.34917134,0.37238765,0.21057253
s04_0train_r0_t47,4,0train,0,47,3,92698,False,loso_s4,20260926,3,1,0.31747174,0.2800329,0.23058873,0.17190662
s04_0train_r0_t48,4,0train,0,48,4,94757,False,loso_s4,20260926,4,2,0.10560126,0.38162163,0.36759928,0.14517786
s04_0train_r1_t01,4,0train,1,1,3,250,False,loso_s4,20260926,3,2,0.11097294,0.45573774,0.28617194,0.14711745
s04_0train_r1_t02,4,0train,1,2,2,2253,False,loso_s4,20260926,2,3,0.14681923,0.22022301,0.38455978,0.24839799
s04_0train_r1_t03,4,0train,1,3,2,4171,False,loso_s4,20260926,2,2,0.1255789,0.42274317,0.2468519,0.20482597
s04_0train_r1_t04,4,0train,1,4,1,6123,False,loso_s4,20260926,1,4,0.18911937,0.16783422,0.2817006,0.3613458
s04_0train_r1_t05,4,0train,1,5,2,8131,False,loso_s4,20260926,2,3,0.15579769,0.3152436,0.3209987,0.20796004
s04_0train_r1_t06,4,0train,1,6,4,10242,False,loso_s4,20260926,4,2,0.117260136,0.33468586,0.3019334,0.24612065
s04_0train_r1_t07,4,0train,1,7,3,12159,False,loso_s4,20260926,3,2,0.2066489,0.2944585,0.26322725,0.23566535
s04_0train_r1_t08,4,0train,1,8,1,14209,False,loso_s4,20260926,1,4,0.15608789,0.06997989,0.37860876,0.3953235
s04_0train_r1_t09,4,0train,1,9,4,16140,False,loso_s4,20260926,4,3,0.1069894,0.2752895,0.3840831,0.23363797
s04_0train_r1_t10,4,0train,1,10,1,18138,False,loso_s4,20260926,1,4,0.11093616,0.12319419,0.30000237,0.46586725
s04_0train_r1_t11,4,0train,1,11,3,20044,False,loso_s4,20260926,3,3,0.18176258,0.19660391,0.39914066,0.22249293
s04_0train_r1_t12,4,0train,1,12,4,21939,False,loso_s4,20260926,4,4,0.070706956,0.06891271,0.40638164,0.45399877
s04_0train_r1_t13,4,0train,1,13,1,23911,False,loso_s4,20260926,1,3,0.096116036,0.117942944,0.45168516,0.3342559
s04_0train_r1_t14,4,0train,1,14,2,25855,False,loso_s4,20260926,2,2,0.08721391,0.519011,0.26733732,0.1264378
s04_0train_r1_t15,4,0train,1,15,4,27822,False,loso_s4,20260926,4,3,0.059288878,0.22933078,0.48399705,0.22738336
s04_0train_r1_t16,4,0train,1,16,3,29942,False,loso_s4,20260926,3,3,0.14715347,0.10337587,0.50341225,0.24605845
s04_0train_r1_t17,4,0train,1,17,1,31950,True,loso_s4,20260926,1,2,0.12911436,0.33163807,0.28449556,0.254752
s04_0train_r1_t18,4,0train,1,18,1,34016,False,loso_s4,20260926,1,4,0.09275424,0.27021003,0.3122335,0.3248022
s04_0train_r1_t19,4,0train,1,19,3,36052,False,loso_s4,20260926,3,4,0.048480447,0.12507947,0.3756618,0.45077834
s04_0train_r1_t20,4,0train,1,20,4,38118,False,loso_s4,20260926,4,3,0.115223885,0.12100303,0.4058025,0.35797057
s04_0train_r1_t21,4,0train,1,21,2,40188,False,loso_s4,20260926,2,3,0.06725588,0.30895177,0.4331751,0.19061726
s04_0train_r1_t22,4,0train,1,22,1,42268,False,loso_s4,20260926,1,1,0.3012522,0.29885295,0.2092734,0.19062147
s04_0train_r1_t23,4,0train,1,23,3,44180,False,loso_s4,20260926,3,2,0.08019398,0.34199205,0.29702115,0.28079277
s04_0train_r1_t24,4,0train,1,24,1,46211,False,loso_s4,20260926,1,3,0.14154817,0.14086936,0.43361852,0.28396392
s04_0train_r1_t25,4,0train,1,25,2,48164,False,loso_s4,20260926,2,2,0.08616072,0.35069966,0.34735864,0.21578102
s04_0train_r1_t26,4,0train,1,26,2,50125,False,loso_s4,20260926,2,2,0.091881484,0.39487472,0.32746026,0.18578358
s04_0train_r1_t27,4,0train,1,27,1,52229,False,loso_s4,20260926,1,4,0.071186334,0.14316608,0.3515425,0.4341051
s04_0train_r1_t28,4,0train,1,28,1,54233,True,loso_s4,20260926,1,3,0.15078117,0.25403905,0.30693346,0.28824624
s04_0train_r1_t29,4,0train,1,29,2,56208,False,loso_s4,20260926,2,2,0.057586983,0.538885,0.24567018,0.15785787
s04_0train_r1_t30,4,0train,1,30,4,58234,False,loso_s4,20260926,4,4,0.032151688,0.088840105,0.40884283,0.47016537
s04_0train_r1_t31,4,0train,1,31,2,60305,False,loso_s4,20260926,2,4,0.08885751,0.16065718,0.32763764,0.4228476
s04_0train_r1_t32,4,0train,1,32,3,62412,False,loso_s4,20260926,3,4,0.14486516,0.03340646,0.31803873,0.50368965
s04_0train_r1_t33,4,0train,1,33,2,64504,False,loso_s4,20260926,2,3,0.091189794,0.2947856,0.4633231,0.15070148
s04_0train_r1_t34,4,0train,1,34,4,66595,False,loso_s4,20260926,4,4,0.06848297,0.20558748,0.25735453,0.46857503
s04_0train_r1_t35,4,0train,1,35,4,68638,False,loso_s4,20260926,4,3,0.07516142,0.06300881,0.48255074,0.37927905
s04_0train_r1_t36,4,0train,1,36,4,70702,False,loso_s4,20260926,4,2,0.17325872,0.3341709,0.23706156,0.25550887
s04_0train_r1_t37,4,0train,1,37,1,72722,False,loso_s4,20260926,1,2,0.12422583,0.34493405,0.3324198,0.1984203
s04_0train_r1_t38,4,0train,1,38,3,74694,False,loso_s4,20260926,3,3,0.044770084,0.2797383,0.37104547,0.3044461
s04_0train_r1_t39,4,0train,1,39,2,76657,False,loso_s4,20260926,2,3,0.05612025,0.2874779,0.45872778,0.19767411
s04_0train_r1_t40,4,0train,1,40,3,78582,False,loso_s4,20260926,3,4,0.078206524,0.23981437,0.32866836,0.35331076
s04_0train_r1_t41,4,0train,1,41,2,80663,True,loso_s4,20260926,2,3,0.063092396,0.27634266,0.37244087,0.28812408
s04_0train_r1_t42,4,0train,1,42,4,82641,False,loso_s4,20260926,4,3,0.080314435,0.3232975,0.38605323,0.2103348
s04_0train_r1_t43,4,0train,1,43,3,84631,False,loso_s4,20260926,3,2,0.06478564,0.38974738,0.35475448,0.19071254
s04_0train_r1_t44,4,0train,1,44,4,86750,False,loso_s4,20260926,4,3,0.0808587,0.28457955,0.40601957,0.22854213
s04_0train_r1_t45,4,0train,1,45,4,88656,False,loso_s4,20260926,4,4,0.15772994,0.28543565,0.20955257,0.3472818
s04_0train_r1_t46,4,0train,1,46,3,90584,False,loso_s4,20260926,3,2,0.15133789,0.30626175,0.30512747,0.23727286
s04_0train_r1_t47,4,0train,1,47,1,92698,False,loso_s4,20260926,1,3,0.20578532,0.27014816,0.34065396,0.18341258
s04_0train_r1_t48,4,0train,1,48,3,94757,False,loso_s4,20260926,3,3,0.04490808,0.20213328,0.4395465,0.31341213
s04_0train_r2_t01,4,0train,2,1,1,250,False,loso_s4,20260926,1,2,0.15675554,0.34683126,0.28712076,0.20929243
s04_0train_r2_t02,4,0train,2,2,2,2253,False,loso_s4,20260926,2,3,0.10843638,0.26355693,0.4518075,0.17619914
s04_0train_r2_t03,4,0train,2,3,2,4171,False,loso_s4,20260926,2,2,0.09126803,0.36178246,0.2804274,0.26652217
s04_0train_r2_t04,4,0train,2,4,1,6123,False,loso_s4,20260926,1,2,0.15628397,0.3399247,0.30953157,0.1942598
s04_0train_r2_t05,4,0train,2,5,2,8131,False,loso_s4,20260926,2,2,0.044520978,0.4264149,0.36744097,0.16162314
s04_0train_r2_t06,4,0train,2,6,1,10242,False,loso_s4,20260926,1,3,0.14313236,0.24179521,0.34115115,0.27392122
s04_0train_r2_t07,4,0train,2,7,2,12159,False,loso_s4,20260926,2,3,0.06403789,0.2715474,0.3821175,0.2822972
s04_0train_r2_t08,4,0train,2,8,3,14209,False,loso_s4,20260926,3,3,0.13525058,0.20765029,0.33010876,0.3269904
s04_0train_r2_t09,4,0train,2,9,2,16140,False,loso_s4,20260926,2,3,0.06213379,0.32316062,0.45547378,0.15923183
s04_0train_r2_t10,4,0train,2,10,4,18138,False,loso_s4,20260926,4,3,0.06670493,0.090458244,0.48533267,0.35750422
s04_0train_r2_t11,4,0train,2,11,1,20044,False,loso_s4,20260926,1,3,0.114670925,0.19600043,0.45495176,0.2343768
s04_0train_r2_t12,4,0train,2,12,3,21939,False,loso_s4,20260926,3,3,0.030373018,0.288913,0.4836821,0.1970319
s04_0train_r2_t13,4,0train,2,13,2,23911,False,loso_s4,20260926,2,2,0.09396457,0.4759689,0.27778858,0.15227795
s04_0train_r2_t14,4,0train,2,14,1,25855,False,loso_s4,20260926,1,4,0.116274685,0.09219813,0.32480776,0.46671933
s04_0train_r2_t15,4,0train,2,15,4,27822,False,loso_s4,20260926,4,4,0.085371844,0.19557738,0.26375046,0.45530033
s04_0train_r2_t16,4,0train,2,16,4,29942,False,loso_s4,20260926,4,3,0.059004266,0.14863405,0.53932387,0.2530378
s04_0train_r2_t17,4,0train,2,17,4,31950,False,loso_s4,20260926,4,4,0.13308667,0.07178085,0.2409267,0.5542058
s04_0train_r2_t18,4,0train,2,18,4,34016,False,loso_s4,20260926,4,2,0.07686679,0.34820572,0.31507796,0.25984952
s04_0train_r2_t19,4,0train,2,19,4,36052,False,loso_s4,20260926,4,3,0.053407967,0.2870546,0.38630792,0.27322954
s04_0train_r2_t20,4,0train,2,20,1,38118,False,loso_s4,20260926,1,3,0.20901212,0.22234216,0.31685475,0.25179097
s04_0train_r2_t21,4,0train,2,21,3,40188,False,loso_s4,20260926,3,2,0.19133924,0.35693598,0.2643075,0.18741734
s04_0train_r2_t22,4,0train,2,22,2,42268,False,loso_s4,20260926,2,3,0.106203504,0.31701455,0.35489208,0.22188981
s04_0train_r2_t23,4,0train,2,23,1,44180,False,loso_s4,20260926,1,2,0.20306312,0.34901237,0.22619875,0.22172576
s04_0train_r2_t24,4,0train,2,24,1,46211,False,loso_s4,20260926,1,3,0.27053323,0.14529426,0.33939034,0.24478213
s04_0train_r2_t25,4,0train,2,25,3,48164,False,loso_s4,20260926,3,3,0.086332366,0.33354664,0.38740265,0.19271843
s04_0train_r2_t26,4,0train,2,26,4,50125,False,loso_s4,20260926,4,4,0.08219836,0.1564516,0.29223737,0.46911272
s04_0train_r2_t27,4,0train,2,27,1,52229,False,loso_s4,20260926,1,3,0.24632609,0.24327385,0.28923994,0.22116011
s04_0train_r2_t28,4,0train,2,28,3,54233,False,loso_s4,20260926,3,3,0.09350959,0.17058872,0.44519547,0.29070625
s04_0train_r2_t29,4,0train,2,29,3,56208,False,loso_s4,20260926,3,4,0.1297658,0.23897257,0.29442632,0.33683532
s04_0train_r2_t30,4,0train,2,30,3,58234,False,loso_s4,20260926,3,3,0.06723504,0.27144036,0.35069683,0.31062773
s04_0train_r2_t31,4,0train,2,31,1,60305,False,loso_s4,20260926,1,3,0.08698746,0.25193837,0.38611728,0.27495685
s04_0train_r2_t32,4,0train,2,32,2,62412,False,loso_s4,20260926,2,2,0.08596926,0.40662605,0.3466929,0.16071182
s04_0train_r2_t33,4,0train,2,33,1,64504,False,loso_s4,20260926,1,3,0.11043101,0.1116525,0.5295125,0.248404
s04_0train_r2_t34,4,0train,2,34,2,66595,False,loso_s4,20260926,2,3,0.029270466,0.3762823,0.38753983,0.2069074
s04_0train_r2_t35,4,0train,2,35,2,68638,False,loso_s4,20260926,2,3,0.07009615,0.08559052,0.50486106,0.3394522
s04_0train_r2_t36,4,0train,2,36,1,70702,True,loso_s4,20260926,1,3,0.10615274,0.3324184,0.39132184,0.17010705
s04_0train_r2_t37,4,0train,2,37,2,72722,False,loso_s4,20260926,2,2,0.06772605,0.36659342,0.3433312,0.22234933
s04_0train_r2_t38,4,0train,2,38,3,74694,False,loso_s4,20260926,3,4,0.1582775,0.08030155,0.34148788,0.4199331
s04_0train_r2_t39,4,0train,2,39,2,76657,False,loso_s4,20260926,2,3,0.036825288,0.32612196,0.3994816,0.23757115
s04_0train_r2_t40,4,0train,2,40,3,78582,False,loso_s4,20260926,3,2,0.16682838,0.3983674,0.18414557,0.25065863
s04_0train_r2_t41,4,0train,2,41,3,80663,True,loso_s4,20260926,3,3,0.082111694,0.18636443,0.38224316,0.34928071
s04_0train_r2_t42,4,0train,2,42,4,82641,False,loso_s4,20260926,4,3,0.09010799,0.06458131,0.46242905,0.38288167
s04_0train_r2_t43,4,0train,2,43,3,84631,False,loso_s4,20260926,3,4,0.09620961,0.06228024,0.29491144,0.54659873
s04_0train_r2_t44,4,0train,2,44,3,86750,False,loso_s4,20260926,3,3,0.07872437,0.22081849,0.48339617,0.2170609
s04_0train_r2_t45,4,0train,2,45,4,88656,False,loso_s4,20260926,4,3,0.033477325,0.17425606,0.42499924,0.3672674
s04_0train_r2_t46,4,0train,2,46,4,90584,False,loso_s4,20260926,4,4,0.024728388,0.27335164,0.3414188,0.36050114
s04_0train_r2_t47,4,0train,2,47,4,92698,False,loso_s4,20260926,4,2,0.06926824,0.43179396,0.2991388,0.199799
s04_0train_r2_t48,4,0train,2,48,4,94757,False,loso_s4,20260926,4,2,0.06571596,0.3271019,0.30207676,0.3051054
s04_0train_r3_t01,4,0train,3,1,4,250,True,loso_s4,20260926,4,3,0.06058416,0.072408766,0.47476858,0.39223856
s04_0train_r3_t02,4,0train,3,2,3,2253,True,loso_s4,20260926,3,3,0.22804241,0.2564196,0.3449881,0.17054988
s04_0train_r3_t03,4,0train,3,3,2,4171,True,loso_s4,20260926,2,2,0.06742434,0.41329643,0.3761489,0.14313026
s04_0train_r3_t04,4,0train,3,4,1,6123,False,loso_s4,20260926,1,3,0.13276522,0.18165693,0.44339618,0.24218166
s04_0train_r3_t05,4,0train,3,5,1,8131,False,loso_s4,20260926,1,3,0.16197234,0.32889822,0.33265644,0.17647302
s04_0train_r3_t06,4,0train,3,6,2,10242,False,loso_s4,20260926,2,3,0.09766475,0.31833258,0.3643247,0.21967793
s04_0train_r3_t07,4,0train,3,7,3,12159,False,loso_s4,20260926,3,2,0.21357694,0.3615009,0.27627873,0.14864346
s04_0train_r3_t08,4,0train,3,8,4,14209,False,loso_s4,20260926,4,3,0.06626089,0.170833,0.51824266,0.24466343
s04_0train_r3_t09,4,0train,3,9,2,16140,False,loso_s4,20260926,2,3,0.055710644,0.17172156,0.3946351,0.37793264
s04_0train_r3_t10,4,0train,3,10,3,18138,False,loso_s4,20260926,3,3,0.15187173,0.1804805,0.40427458,0.26337317
s04_0train_r3_t11,4,0train,3,11,1,20044,False,loso_s4,20260926,1,3,0.052608468,0.19879271,0.50475276,0.24384601
s04_0train_r3_t12,4,0train,3,12,1,21939,True,loso_s4,20260926,1,3,0.05543432,0.15300672,0.43736097,0.35419804
s04_0train_r3_t13,4,0train,3,13,1,23911,True,loso_s4,20260926,1,3,0.09071503,0.21116573,0.51187634,0.1862429
s04_0train_r3_t14,4,0train,3,14,4,25855,False,loso_s4,20260926,4,3,0.11078908,0.25268334,0.41653904,0.21998854
s04_0train_r3_t15,4,0train,3,15,2,27822,False,loso_s4,20260926,2,3,0.043257065,0.3366685,0.415736,0.20433849
s04_0train_r3_t16,4,0train,3,16,2,29942,False,loso_s4,20260926,2,3,0.11761847,0.24163106,0.34721398,0.29353648
s04_0train_r3_t17,4,0train,3,17,1,31950,False,loso_s4,20260926,1,4,0.10505548,0.1871808,0.34336317,0.36440057
s04_0train_r3_t18,4,0train,3,18,1,34016,False,loso_s4,20260926,1,3,0.19873054,0.060971018,0.44053608,0.29976237
s04_0train_r3_t19,4,0train,3,19,3,36052,False,loso_s4,20260926,3,3,0.2562351,0.18966888,0.2789738,0.27512226
s04_0train_r3_t20,4,0train,3,20,1,38118,False,loso_s4,20260926,1,3,0.10721019,0.28414756,0.3458572,0.26278505
s04_0train_r3_t21,4,0train,3,21,2,40188,False,loso_s4,20260926,2,4,0.09617045,0.27155522,0.31312957,0.3191448
s04_0train_r3_t22,4,0train,3,22,4,42268,False,loso_s4,20260926,4,3,0.109384865,0.10016749,0.41311565,0.377332
s04_0train_r3_t23,4,0train,3,23,4,44180,False,loso_s4,20260926,4,4,0.12392241,0.10288852,0.3676945,0.40549457
s04_0train_r3_t24,4,0train,3,24,3,46211,False,loso_s4,20260926,3,3,0.20292902,0.19374844,0.34240904,0.2609135
s04_0train_r3_t25,4,0train,3,25,1,48164,False,loso_s4,20260926,1,2,0.21200386,0.4134901,0.18460442,0.18990166
s04_0train_r3_t26,4,0train,3,26,4,50125,False,loso_s4,20260926,4,4,0.033892594,0.15420207,0.39975628,0.41214904
s04_0train_r3_t27,4,0train,3,27,4,52229,False,loso_s4,20260926,4,4,0.11833957,0.04096138,0.17746717,0.66323185
s04_0train_r3_t28,4,0train,3,28,2,54233,False,loso_s4,20260926,2,3,0.09017291,0.13681164,0.41607466,0.35694078
s04_0train_r3_t29,4,0train,3,29,4,56208,False,loso_s4,20260926,4,1,0.30342975,0.27572587,0.22048658,0.2003578
s04_0train_r3_t30,4,0train,3,30,4,58234,False,loso_s4,20260926,4,4,0.1381836,0.20552643,0.303285,0.35300496
s04_0train_r3_t31,4,0train,3,31,2,60305,False,loso_s4,20260926,2,2,0.20533241,0.41464415,0.21526127,0.16476217
s04_0train_r3_t32,4,0train,3,32,1,62412,False,loso_s4,20260926,1,2,0.10086952,0.47399512,0.18833956,0.2367958
s04_0train_r3_t33,4,0train,3,33,2,64504,False,loso_s4,20260926,2,3,0.106525674,0.18471672,0.3776321,0.3311255
s04_0train_r3_t34,4,0train,3,34,3,66595,False,loso_s4,20260926,3,3,0.0673967,0.09429896,0.46277088,0.37553346
s04_0train_r3_t35,4,0train,3,35,3,68638,False,loso_s4,20260926,3,3,0.04781643,0.18731153,0.41493154,0.34994048
s04_0train_r3_t36,4,0train,3,36,3,70702,True,loso_s4,20260926,3,4,0.018293018,0.17589775,0.330537,0.47527233
s04_0train_r3_t37,4,0train,3,37,4,72722,False,loso_s4,20260926,4,3,0.035645545,0.12992024,0.506058,0.32837626
s04_0train_r3_t38,4,0train,3,38,3,74694,False,loso_s4,20260926,3,4,0.18470386,0.18047164,0.2749677,0.35985675
s04_0train_r3_t39,4,0train,3,39,1,76657,False,loso_s4,20260926,1,3,0.0429832,0.22898583,0.3866706,0.3413604
s04_0train_r3_t40,4,0train,3,40,4,78582,False,loso_s4,20260926,4,2,0.034095533,0.47987503,0.24080919,0.24522027
s04_0train_r3_t41,4,0train,3,41,2,80663,False,loso_s4,20260926,2,4,0.030560123,0.23796731,0.32118326,0.41028923
s04_0train_r3_t42,4,0train,3,42,3,82641,False,loso_s4,20260926,3,4,0.036619324,0.17361876,0.33436817,0.4553938
s04_0train_r3_t43,4,0train,3,43,2,84631,False,loso_s4,20260926,2,3,0.06838447,0.27693102,0.4291171,0.22556742
s04_0train_r3_t44,4,0train,3,44,3,86750,False,loso_s4,20260926,3,4,0.059628554,0.043220486,0.385088,0.512063
s04_0train_r3_t45,4,0train,3,45,4,88656,False,loso_s4,20260926,4,4,0.15009177,0.1324592,0.28738546,0.43006355
s04_0train_r3_t46,4,0train,3,46,2,90584,False,loso_s4,20260926,2,3,0.1429629,0.24188672,0.37492996,0.24022046
s04_0train_r3_t47,4,0train,3,47,3,92698,False,loso_s4,20260926,3,4,0.09636004,0.18313092,0.34364337,0.37686566
s04_0train_r3_t48,4,0train,3,48,1,94757,False,loso_s4,20260926,1,3,0.04959262,0.17184943,0.4735412,0.3050167
s04_0train_r4_t01,4,0train,4,1,1,250,True,loso_s4,20260926,1,2,0.17987035,0.37128386,0.2619898,0.18685597
s04_0train_r4_t02,4,0train,4,2,1,2253,False,loso_s4,20260926,1,2,0.18736877,0.4694612,0.1561144,0.18705565
s04_0train_r4_t03,4,0train,4,3,4,4171,False,loso_s4,20260926,4,2,0.15851787,0.3393206,0.28757814,0.21458341
s04_0train_r4_t04,4,0train,4,4,2,6123,False,loso_s4,20260926,2,4,0.057058975,0.17699252,0.3608025,0.405146
s04_0train_r4_t05,4,0train,4,5,1,8131,False,loso_s4,20260926,1,3,0.093812145,0.19956608,0.4422927,0.26432905
s04_0train_r4_t06,4,0train,4,6,3,10242,True,loso_s4,20260926,3,3,0.109815404,0.28150353,0.38785252,0.22082853
s04_0train_r4_t07,4,0train,4,7,1,12159,False,loso_s4,20260926,1,2,0.20281251,0.39501038,0.28068826,0.12148882
s04_0train_r4_t08,4,0train,4,8,3,14209,False,loso_s4,20260926,3,4,0.058391936,0.29162315,0.32182488,0.32816
s04_0train_r4_t09,4,0train,4,9,2,16140,False,loso_s4,20260926,2,2,0.1268369,0.3502852,0.34514952,0.17772837
s04_0train_r4_t10,4,0train,4,10,4,18138,False,loso_s4,20260926,4,2,0.13097881,0.39649555,0.264361,0.20816466
s04_0train_r4_t11,4,0train,4,11,1,20044,True,loso_s4,20260926,1,2,0.1830442,0.4268835,0.23196943,0.15810287
s04_0train_r4_t12,4,0train,4,12,3,21939,False,loso_s4,20260926,3,4,0.14363836,0.20635912,0.225794,0.4242086
s04_0train_r4_t13,4,0train,4,13,3,23911,False,loso_s4,20260926,3,4,0.22773898,0.09644331,0.30516365,0.37065408
s04_0train_r4_t14,4,0train,4,14,1,25855,False,loso_s4,20260926,1,3,0.24372707,0.21744631,0.29708326,0.2417434
s04_0train_r4_t15,4,0train,4,15,3,27822,True,loso_s4,20260926,3,3,0.07318358,0.20270473,0.4531902,0.2709215
s04_0train_r4_t16,4,0train,4,16,2,29942,False,loso_s4,20260926,2,3,0.09921374,0.28262898,0.3791807,0.23897655
s04_0train_r4_t17,4,0train,4,17,4,31950,True,loso_s4,20260926,4,3,0.09349988,0.21642268,0.41049543,0.27958205
s04_0train_r4_t18,4,0train,4,18,4,34016,False,loso_s4,20260926,4,3,0.18604118,0.216741,0.3647781,0.23243976
s04_0train_r4_t19,4,0train,4,19,4,36052,True,loso_s4,20260926,4,3,0.24743076,0.28475383,0.30276418,0.16505124
s04_0train_r4_t20,4,0train,4,20,3,38118,False,loso_s4,20260926,3,4,0.2600583,0.18227255,0.2674608,0.29020834
s04_0train_r4_t21,4,0train,4,21,1,40188,False,loso_s4,20260926,1,3,0.17629282,0.3262786,0.3472934,0.15013525
s04_0train_r4_t22,4,0train,4,22,4,42268,True,loso_s4,20260926,4,3,0.16917846,0.25726745,0.3176044,0.25594968
s04_0train_r4_t23,4,0train,4,23,2,44180,False,loso_s4,20260926,2,2,0.11890399,0.3682375,0.33845738,0.1744011
s04_0train_r4_t24,4,0train,4,24,4,46211,False,loso_s4,20260926,4,4,0.13659653,0.20828171,0.30425274,0.35086903
s04_0train_r4_t25,4,0train,4,25,2,48164,True,loso_s4,20260926,2,2,0.06668001,0.56451344,0.26205328,0.10675319
s04_0train_r4_t26,4,0train,4,26,1,50125,True,loso_s4,20260926,1,2,0.1031471,0.42899427,0.33264273,0.1352159
s04_0train_r4_t27,4,0train,4,27,3,52229,False,loso_s4,20260926,3,3,0.22098431,0.26527092,0.32090092,0.19284384
s04_0train_r4_t28,4,0train,4,28,2,54233,False,loso_s4,20260926,2,2,0.0825069,0.47360653,0.33764756,0.106238954
s04_0train_r4_t29,4,0train,4,29,1,56208,False,loso_s4,20260926,1,3,0.13146828,0.2854806,0.33222342,0.2508278
s04_0train_r4_t30,4,0train,4,30,3,58234,False,loso_s4,20260926,3,1,0.44289714,0.11330583,0.29746336,0.14633363
s04_0train_r4_t31,4,0train,4,31,3,60305,False,loso_s4,20260926,3,3,0.16197313,0.055442654,0.4114986,0.37108555
s04_0train_r4_t32,4,0train,4,32,1,62412,False,loso_s4,20260926,1,2,0.14845508,0.34102377,0.32635036,0.18417072
s04_0train_r4_t33,4,0train,4,33,3,64504,False,loso_s4,20260926,3,3,0.08752174,0.16778502,0.4559257,0.28876758
s04_0train_r4_t34,4,0train,4,34,4,66595,False,loso_s4,20260926,4,2,0.1304728,0.39863566,0.24890898,0.2219826
s04_0train_r4_t35,4,0train,4,35,4,68638,False,loso_s4,20260926,4,3,0.112563446,0.30376884,0.35286406,0.23080364
s04_0train_r4_t36,4,0train,4,36,2,70702,False,loso_s4,20260926,2,2,0.073122926,0.52449465,0.29735863,0.1050238
s04_0train_r4_t37,4,0train,4,37,1,72722,False,loso_s4,20260926,1,2,0.20147304,0.33897704,0.28386906,0.17568085
s04_0train_r4_t38,4,0train,4,38,2,74694,False,loso_s4,20260926,2,2,0.030031553,0.56540364,0.3098707,0.09469412
s04_0train_r4_t39,4,0train,4,39,4,76657,False,loso_s4,20260926,4,3,0.052403707,0.15692484,0.42589736,0.36477408
s04_0train_r4_t40,4,0train,4,40,2,78582,False,loso_s4,20260926,2,2,0.11436822,0.52999693,0.21259281,0.14304201
s04_0train_r4_t41,4,0train,4,41,4,80663,False,loso_s4,20260926,4,3,0.0116711715,0.13735041,0.5095129,0.34146553
s04_0train_r4_t42,4,0train,4,42,3,82641,False,loso_s4,20260926,3,3,0.12430783,0.12946467,0.4452672,0.30096027
s04_0train_r4_t43,4,0train,4,43,2,84631,False,loso_s4,20260926,2,2,0.039976325,0.47526726,0.28688437,0.19787204
s04_0train_r4_t44,4,0train,4,44,2,86750,False,loso_s4,20260926,2,2,0.012646181,0.5249181,0.22947992,0.23295577
s04_0train_r4_t45,4,0train,4,45,2,88656,False,loso_s4,20260926,2,3,0.09785774,0.3186067,0.37918937,0.20434617
s04_0train_r4_t46,4,0train,4,46,3,90584,False,loso_s4,20260926,3,2,0.082664,0.32377452,0.28213695,0.31142452
s04_0train_r4_t47,4,0train,4,47,4,92698,False,loso_s4,20260926,4,3,0.016358035,0.23716947,0.42373016,0.32274228
s04_0train_r4_t48,4,0train,4,48,1,94757,False,loso_s4,20260926,1,2,0.20055173,0.412629,0.24124889,0.14557037
s04_0train_r5_t01,4,0train,5,1,2,250,False,loso_s4,20260926,2,2,0.12766366,0.47423992,0.27475733,0.123339094
s04_0train_r5_t02,4,0train,5,2,4,2253,False,loso_s4,20260926,4,2,0.08135866,0.44912684,0.31689054,0.1526239
s04_0train_r5_t03,4,0train,5,3,1,4171,False,loso_s4,20260926,1,4,0.16795166,0.198966,0.29690135,0.33618098
s04_0train_r5_t04,4,0train,5,4,3,6123,False,loso_s4,20260926,3,3,0.18978147,0.110870466,0.41361085,0.2857372
s04_0train_r5_t05,4,0train,5,5,3,8131,False,loso_s4,20260926,3,3,0.04523081,0.12456476,0.5534495,0.2767549
s04_0train_r5_t06,4,0train,5,6,4,10242,True,loso_s4,20260926,4,3,0.05535722,0.26615497,0.46334457,0.21514323
s04_0train_r5_t07,4,0train,5,7,1,12159,False,loso_s4,20260926,1,3,0.19311087,0.25648433,0.2989322,0.2514726
s04_0train_r5_t08,4,0train,5,8,1,14209,False,loso_s4,20260926,1,3,0.18281364,0.30689883,0.3616219,0.14866562
s04_0train_r5_t09,4,0train,5,9,3,16140,False,loso_s4,20260926,3,3,0.1036967,0.21900488,0.36532712,0.3119713
s04_0train_r5_t10,4,0train,5,10,2,18138,True,loso_s4,20260926,2,2,0.08244347,0.48266864,0.2825501,0.15233783
s04_0train_r5_t11,4,0train,5,11,4,20044,False,loso_s4,20260926,4,2,0.1892812,0.33966497,0.3214307,0.14962319
s04_0train_r5_t12,4,0train,5,12,4,21939,False,loso_s4,20260926,4,2,0.14664564,0.35726202,0.19661292,0.29947948
s04_0train_r5_t13,4,0train,5,13,4,23911,False,loso_s4,20260926,4,3,0.12542228,0.3150771,0.3507272,0.20877342
s04_0train_r5_t14,4,0train,5,14,2,25855,False,loso_s4,20260926,2,2,0.16348547,0.45792145,0.28596473,0.09262844
s04_0train_r5_t15,4,0train,5,15,1,27822,True,loso_s4,20260926,1,2,0.13297763,0.37570643,0.31593063,0.17538525
s04_0train_r5_t16,4,0train,5,16,3,29942,False,loso_s4,20260926,3,3,0.10393561,0.28013226,0.44674563,0.16918647
s04_0train_r5_t17,4,0train,5,17,2,31950,False,loso_s4,20260926,2,2,0.07687927,0.5011357,0.26353976,0.15844525
s04_0train_r5_t18,4,0train,5,18,4,34016,False,loso_s4,20260926,4,4,0.04789903,0.064352095,0.26461616,0.62313277
s04_0train_r5_t19,4,0train,5,19,1,36052,False,loso_s4,20260926,1,2,0.087032415,0.43400723,0.24970543,0.22925487
s04_0train_r5_t20,4,0train,5,20,4,38118,False,loso_s4,20260926,4,4,0.024857184,0.0432536,0.3330701,0.59881914
s04_0train_r5_t21,4,0train,5,21,3,40188,False,loso_s4,20260926,3,2,0.17602456,0.3789108,0.22407377,0.22099078
s04_0train_r5_t22,4,0train,5,22,2,42268,False,loso_s4,20260926,2,2,0.046781197,0.6076922,0.25590923,0.08961736
s04_0train_r5_t23,4,0train,5,23,4,44180,True,loso_s4,20260926,4,3,0.039293434,0.13683839,0.45433298,0.36953512
s04_0train_r5_t24,4,0train,5,24,4,46211,False,loso_s4,20260926,4,4,0.040842768,0.3087622,0.32366067,0.32673436
s04_0train_r5_t25,4,0train,5,25,1,48164,False,loso_s4,20260926,1,2,0.11313557,0.39593023,0.32919163,0.16174261
s04_0train_r5_t26,4,0train,5,26,2,50125,False,loso_s4,20260926,2,3,0.07341149,0.2728603,0.48189,0.17183816
s04_0train_r5_t27,4,0train,5,27,2,52229,True,loso_s4,20260926,2,2,0.12238972,0.48079306,0.23203306,0.16478415
s04_0train_r5_t28,4,0train,5,28,3,54233,False,loso_s4,20260926,3,3,0.0492374,0.089337304,0.48079196,0.38063323
s04_0train_r5_t29,4,0train,5,29,4,56208,False,loso_s4,20260926,4,2,0.091928445,0.30469328,0.2993449,0.30403337
s04_0train_r5_t30,4,0train,5,30,2,58234,False,loso_s4,20260926,2,2,0.13027322,0.41250718,0.263237,0.1939826
s04_0train_r5_t31,4,0train,5,31,1,60305,False,loso_s4,20260926,1,3,0.16090946,0.13116124,0.3850636,0.32286566
s04_0train_r5_t32,4,0train,5,32,1,62412,False,loso_s4,20260926,1,3,0.21758097,0.11699926,0.3696594,0.29576042
s04_0train_r5_t33,4,0train,5,33,4,64504,False,loso_s4,20260926,4,3,0.012871729,0.15790156,0.45408586,0.37514082
s04_0train_r5_t34,4,0train,5,34,2,66595,False,loso_s4,20260926,2,3,0.036629774,0.402134,0.41061106,0.15062518
s04_0train_r5_t35,4,0train,5,35,1,68638,False,loso_s4,20260926,1,2,0.08052043,0.47299036,0.27003652,0.17645273
s04_0train_r5_t36,4,0train,5,36,3,70702,False,loso_s4,20260926,3,3,0.23123512,0.18996052,0.35260296,0.22620134
s04_0train_r5_t37,4,0train,5,37,2,72722,False,loso_s4,20260926,2,3,0.08281304,0.34400246,0.38974681,0.18343772
s04_0train_r5_t38,4,0train,5,38,2,74694,False,loso_s4,20260926,2,2,0.061768975,0.57069135,0.23024681,0.1372929
s04_0train_r5_t39,4,0train,5,39,3,76657,False,loso_s4,20260926,3,3,0.1258917,0.16239476,0.41867903,0.29303446
s04_0train_r5_t40,4,0train,5,40,1,78582,False,loso_s4,20260926,1,2,0.20420808,0.29305977,0.29254815,0.21018404
s04_0train_r5_t41,4,0train,5,41,4,80663,False,loso_s4,20260926,4,3,0.019557223,0.05873912,0.5186142,0.4030895
s04_0train_r5_t42,4,0train,5,42,3,82641,False,loso_s4,20260926,3,4,0.03627875,0.1079631,0.3934959,0.46226224
s04_0train_r5_t43,4,0train,5,43,3,84631,False,loso_s4,20260926,3,2,0.0747614,0.3527387,0.2952507,0.27724916
s04_0train_r5_t44,4,0train,5,44,3,86750,False,loso_s4,20260926,3,4,0.23356216,0.17506433,0.26194715,0.3294264
s04_0train_r5_t45,4,0train,5,45,3,88656,False,loso_s4,20260926,3,3,0.11558957,0.24642454,0.39880484,0.23918106
s04_0train_r5_t46,4,0train,5,46,1,90584,False,loso_s4,20260926,1,2,0.17888874,0.36782146,0.27555278,0.17773697
s04_0train_r5_t47,4,0train,5,47,2,92698,False,loso_s4,20260926,2,2,0.07771808,0.54917383,0.21205999,0.16104813
s04_0train_r5_t48,4,0train,5,48,1,94757,False,loso_s4,20260926,1,2,0.10986819,0.528928,0.20375246,0.1574514
s04_1test_r0_t01,4,1test,0,1,4,250,False,loso_s4,20260926,4,2,0.048975173,0.36757815,0.3596548,0.22379184
s04_1test_r0_t02,4,1test,0,2,3,2253,False,loso_s4,20260926,3,3,0.0837091,0.25716347,0.43549126,0.22363621
s04_1test_r0_t03,4,1test,0,3,2,4171,False,loso_s4,20260926,2,2,0.113973066,0.5624856,0.2027847,0.120756686
s04_1test_r0_t04,4,1test,0,4,1,6123,False,loso_s4,20260926,1,2,0.14029679,0.47935736,0.25489047,0.12545532
s04_1test_r0_t05,4,1test,0,5,1,8131,False,loso_s4,20260926,1,2,0.04722786,0.525739,0.250245,0.17678805
s04_1test_r0_t06,4,1test,0,6,2,10242,False,loso_s4,20260926,2,2,0.17215483,0.4447564,0.2304322,0.15265657
s04_1test_r0_t07,4,1test,0,7,3,12159,False,loso_s4,20260926,3,3,0.14847992,0.1678539,0.36995095,0.3137152
s04_1test_r0_t08,4,1test,0,8,4,14209,True,loso_s4,20260926,4,2,0.10242428,0.46719813,0.3074991,0.12287843
s04_1test_r0_t09,4,1test,0,9,2,16140,False,loso_s4,20260926,2,2,0.051913932,0.60376453,0.23853585,0.10578567
s04_1test_r0_t10,4,1test,0,10,3,18138,True,loso_s4,20260926,3,3,0.062212434,0.15105055,0.3962507,0.39048633
s04_1test_r0_t11,4,1test,0,11,1,20044,False,loso_s4,20260926,1,2,0.16735552,0.3698298,0.29130793,0.17150678
s04_1test_r0_t12,4,1test,0,12,1,21939,False,loso_s4,20260926,1,2,0.06025629,0.43490392,0.42726564,0.07757413
s04_1test_r0_t13,4,1test,0,13,1,23911,False,loso_s4,20260926,1,2,0.13668522,0.39610437,0.27911934,0.18809107
s04_1test_r0_t14,4,1test,0,14,4,25855,True,loso_s4,20260926,4,3,0.12186498,0.29931605,0.37109295,0.20772596
s04_1test_r0_t15,4,1test,0,15,2,27822,False,loso_s4,20260926,2,3,0.09086511,0.24214953,0.37880528,0.2881801
s04_1test_r0_t16,4,1test,0,16,2,29942,False,loso_s4,20260926,2,2,0.036362574,0.49973753,0.3108482,0.15305175
s04_1test_r0_t17,4,1test,0,17,1,31950,False,loso_s4,20260926,1,2,0.31362346,0.35575807,0.18689878,0.14371964
s04_1test_r0_t18,4,1test,0,18,1,34016,False,loso_s4,20260926,1,3,0.07989407,0.2933186,0.5024783,0.12430904
s04_1test_r0_t19,4,1test,0,19,3,36052,False,loso_s4,20260926,3,3,0.21782902,0.18836705,0.41215083,0.18165307
s04_1test_r0_t20,4,1test,0,20,1,38118,False,loso_s4,20260926,1,2,0.08625756,0.4708463,0.28630134,0.15659483
s04_1test_r0_t21,4,1test,0,21,2,40188,False,loso_s4,20260926,2,2,0.24997588,0.3296477,0.23328668,0.18708974
s04_1test_r0_t22,4,1test,0,22,4,42268,False,loso_s4,20260926,4,3,0.018476449,0.19930443,0.5290899,0.25312918
s04_1test_r0_t23,4,1test,0,23,4,44180,False,loso_s4,20260926,4,3,0.03319561,0.28624427,0.42494392,0.25561616
s04_1test_r0_t24,4,1test,0,24,3,46211,True,loso_s4,20260926,3,3,0.12824221,0.08993828,0.42695823,0.35486126
s04_1test_r0_t25,4,1test,0,25,1,48164,True,loso_s4,20260926,1,3,0.085641675,0.36916834,0.40139824,0.1437918
s04_1test_r0_t26,4,1test,0,26,4,50125,False,loso_s4,20260926,4,3,0.0710018,0.2628534,0.41339105,0.25275373
s04_1test_r0_t27,4,1test,0,27,4,52229,True,loso_s4,20260926,4,3,0.07678056,0.16913624,0.42726567,0.32681754
s04_1test_r0_t28,4,1test,0,28,2,54233,False,loso_s4,20260926,2,2,0.22199868,0.39165434,0.20203948,0.18430747
s04_1test_r0_t29,4,1test,0,29,4,56208,False,loso_s4,20260926,4,4,0.18444705,0.23368284,0.28223076,0.29963937
s04_1test_r0_t30,4,1test,0,30,4,58234,True,loso_s4,20260926,4,3,0.15658088,0.20263273,0.3723062,0.26848024
s04_1test_r0_t31,4,1test,0,31,2,60305,False,loso_s4,20260926,2,2,0.101533085,0.45243508,0.30943683,0.13659497
s04_1test_r0_t32,4,1test,0,32,1,62412,True,loso_s4,20260926,1,3,0.11753296,0.29731113,0.3599129,0.22524296
s04_1test_r0_t33,4,1test,0,33,2,64504,True,loso_s4,20260926,2,3,0.2153407,0.24613647,0.3580624,0.18046047
s04_1test_r0_t34,4,1test,0,34,3,66595,True,loso_s4,20260926,3,4,0.12985973,0.12846242,0.31952354,0.4221543
s04_1test_r0_t35,4,1test,0,35,3,68638,False,loso_s4,20260926,3,3,0.14320691,0.20122293,0.3359017,0.31966838
s04_1test_r0_t36,4,1test,0,36,3,70702,False,loso_s4,20260926,3,3,0.11352872,0.20465897,0.39159313,0.2902191
s04_1test_r0_t37,4,1test,0,37,4,72722,True,loso_s4,20260926,4,3,0.09527306,0.21641225,0.41161945,0.27669522
s04_1test_r0_t38,4,1test,0,38,3,74694,False,loso_s4,20260926,3,3,0.16813226,0.12619212,0.37388673,0.33178887
s04_1test_r0_t39,4,1test,0,39,1,76657,False,loso_s4,20260926,1,2,0.18156752,0.44725144,0.2409767,0.13020433
s04_1test_r0_t40,4,1test,0,40,4,78582,False,loso_s4,20260926,4,3,0.031114023,0.37242222,0.4138145,0.18264918
s04_1test_r0_t41,4,1test,0,41,2,80663,False,loso_s4,20260926,2,2,0.088963106,0.57139295,0.21534263,0.12430132
s04_1test_r0_t42,4,1test,0,42,3,82641,False,loso_s4,20260926,3,3,0.24409975,0.22037236,0.28222412,0.25330377
s04_1test_r0_t43,4,1test,0,43,2,84631,True,loso_s4,20260926,2,3,0.135626,0.34775552,0.37702993,0.1395885
s04_1test_r0_t44,4,1test,0,44,3,86750,False,loso_s4,20260926,3,3,0.14882965,0.06351143,0.44711587,0.34054303
s04_1test_r0_t45,4,1test,0,45,4,88656,True,loso_s4,20260926,4,3,0.10267706,0.23858659,0.35852888,0.30020744
s04_1test_r0_t46,4,1test,0,46,2,90584,False,loso_s4,20260926,2,3,0.057029612,0.23856084,0.45818707,0.2462225
s04_1test_r0_t47,4,1test,0,47,3,92698,False,loso_s4,20260926,3,2,0.100228176,0.5307794,0.2435894,0.125403
s04_1test_r0_t48,4,1test,0,48,1,94757,False,loso_s4,20260926,1,3,0.06296146,0.291691,0.44792515,0.19742233
s04_1test_r1_t01,4,1test,1,1,1,250,False,loso_s4,20260926,1,2,0.15383504,0.42305112,0.28270903,0.14040484
s04_1test_r1_t02,4,1test,1,2,1,2253,False,loso_s4,20260926,1,3,0.15881966,0.31485707,0.3910657,0.13525762
s04_1test_r1_t03,4,1test,1,3,4,4171,False,loso_s4,20260926,4,3,0.141507,0.14491521,0.36557874,0.34799907
s04_1test_r1_t04,4,1test,1,4,2,6123,False,loso_s4,20260926,2,2,0.061660644,0.5243981,0.28756538,0.1263759
s04_1test_r1_t05,4,1test,1,5,1,8131,False,loso_s4,20260926,1,3,0.20759632,0.2655442,0.35618004,0.1706794
s04_1test_r1_t06,4,1test,1,6,3,10242,False,loso_s4,20260926,3,3,0.1170223,0.24794476,0.37140906,0.2636239
s04_1test_r1_t07,4,1test,1,7,1,12159,False,loso_s4,20260926,1,2,0.20187372,0.31564894,0.2827913,0.19968611
s04_1test_r1_t08,4,1test,1,8,3,14209,True,loso_s4,20260926,3,1,0.32099673,0.27577907,0.2316348,0.17158942
s04_1test_r1_t09,4,1test,1,9,2,16140,False,loso_s4,20260926,2,2,0.066229224,0.49772564,0.26710054,0.16894454
s04_1test_r1_t10,4,1test,1,10,4,18138,False,loso_s4,20260926,4,2,0.052264493,0.34809825,0.2914672,0.30817002
s04_1test_r1_t11,4,1test,1,11,1,20044,False,loso_s4,20260926,1,2,0.14568824,0.42965406,0.24376301,0.18089469
s04_1test_r1_t12,4,1test,1,12,3,21939,False,loso_s4,20260926,3,4,0.054618854,0.10261489,0.29776543,0.54500085
s04_1test_r1_t13,4,1test,1,13,3,23911,True,loso_s4,20260926,3,4,0.1775017,0.15248953,0.29954907,0.37045968
s04_1test_r1_t14,4,1test,1,14,1,25855,False,loso_s4,20260926,1,3,0.1526545,0.31298462,0.34361854,0.19074231
s04_1test_r1_t15,4,1test,1,15,3,27822,False,loso_s4,20260926,3,3,0.060760062,0.13059041,0.5402963,0.26835325
s04_1test_r1_t16,4,1test,1,16,2,29942,True,loso_s4,20260926,2,2,0.051514193,0.44012102,0.38653773,0.1218271
s04_1test_r1_t17,4,1test,1,17,4,31950,False,loso_s4,20260926,4,4,0.04849817,0.17087877,0.3839048,0.39671823
s04_1test_r1_t18,4,1test,1,18,4,34016,True,loso_s4,20260926,4,2,0.10610131,0.43274957,0.25529853,0.20585059
s04_1test_r1_t19,4,1test,1,19,4,36052,True,loso_s4,20260926,4,3,0.07131004,0.16392006,0.57082814,0.19394183
s04_1test_r1_t20,4,1test,1,20,3,38118,False,loso_s4,20260926,3,3,0.13592604,0.21891867,0.3501088,0.29504657
s04_1test_r1_t21,4,1test,1,21,1,40188,False,loso_s4,20260926,1,2,0.10661372,0.4499448,0.26223427,0.18120717
s04_1test_r1_t22,4,1test,1,22,4,42268,False,loso_s4,20260926,4,2,0.12732765,0.33334973,0.27655572,0.26276687
s04_1test_r1_t23,4,1test,1,23,2,44180,False,loso_s4,20260926,2,2,0.12544726,0.5343132,0.2260763,0.114163235
s04_1test_r1_t24,4,1test,1,24,4,46211,False,loso_s4,20260926,4,4,0.14667279,0.21746956,0.2698627,0.36599496
s04_1test_r1_t25,4,1test,1,25,2,48164,True,loso_s4,20260926,2,2,0.080112,0.5006623,0.22352879,0.19569694
s04_1test_r1_t26,4,1test,1,26,1,50125,False,loso_s4,20260926,1,2,0.08215656,0.41576707,0.3211924,0.18088396
s04_1test_r1_t27,4,1test,1,27,3,52229,False,loso_s4,20260926,3,3,0.040946092,0.19280072,0.39994106,0.36631215
s04_1test_r1_t28,4,1test,1,28,2,54233,True,loso_s4,20260926,2,2,0.09190769,0.4683602,0.28451172,0.15522042
s04_1test_r1_t29,4,1test,1,29,1,56208,False,loso_s4,20260926,1,2,0.17268859,0.32632297,0.3007913,0.20019713
s04_1test_r1_t30,4,1test,1,30,3,58234,False,loso_s4,20260926,3,3,0.13460986,0.17873989,0.35097986,0.33567035
s04_1test_r1_t31,4,1test,1,31,3,60305,False,loso_s4,20260926,3,4,0.07190685,0.095433645,0.20841675,0.62424284
s04_1test_r1_t32,4,1test,1,32,1,62412,False,loso_s4,20260926,1,2,0.037314665,0.48903847,0.3497073,0.1239395
s04_1test_r1_t33,4,1test,1,33,3,64504,False,loso_s4,20260926,3,3,0.012405637,0.062942676,0.5313717,0.39327997
s04_1test_r1_t34,4,1test,1,34,4,66595,True,loso_s4,20260926,4,2,0.13793617,0.38020346,0.2718549,0.21000546
s04_1test_r1_t35,4,1test,1,35,4,68638,False,loso_s4,20260926,4,4,0.23437145,0.19064355,0.28736758,0.2876174
s04_1test_r1_t36,4,1test,1,36,2,70702,False,loso_s4,20260926,2,2,0.02393889,0.5853736,0.25411013,0.13657744
s04_1test_r1_t37,4,1test,1,37,1,72722,False,loso_s4,20260926,1,3,0.138954,0.31929982,0.36408725,0.17765899
s04_1test_r1_t38,4,1test,1,38,2,74694,True,loso_s4,20260926,2,2,0.04877068,0.42473242,0.33355945,0.19293751
s04_1test_r1_t39,4,1test,1,39,4,76657,False,loso_s4,20260926,4,2,0.010949548,0.53802973,0.32098615,0.13003458
s04_1test_r1_t40,4,1test,1,40,2,78582,False,loso_s4,20260926,2,3,0.06875311,0.33334136,0.41553348,0.182372
s04_1test_r1_t41,4,1test,1,41,4,80663,False,loso_s4,20260926,4,2,0.012942894,0.4430803,0.35753796,0.18643883
s04_1test_r1_t42,4,1test,1,42,3,82641,False,loso_s4,20260926,3,3,0.10019829,0.2229375,0.35329655,0.32356763
s04_1test_r1_t43,4,1test,1,43,2,84631,False,loso_s4,20260926,2,2,0.09465259,0.37511835,0.28024682,0.2499823
s04_1test_r1_t44,4,1test,1,44,2,86750,False,loso_s4,20260926,2,2,0.15264484,0.4003726,0.22101754,0.22596498
s04_1test_r1_t45,4,1test,1,45,2,88656,False,loso_s4,20260926,2,2,0.18477236,0.32386252,0.30727786,0.18408732
s04_1test_r1_t46,4,1test,1,46,3,90584,True,loso_s4,20260926,3,3,0.0690842,0.058567114,0.5160172,0.35633144
s04_1test_r1_t47,4,1test,1,47,4,92698,True,loso_s4,20260926,4,3,0.029999368,0.354266,0.36591434,0.2498203
s04_1test_r1_t48,4,1test,1,48,1,94757,False,loso_s4,20260926,1,2,0.13452725,0.5220126,0.21278155,0.13067862
s04_1test_r2_t01,4,1test,2,1,2,250,False,loso_s4,20260926,2,2,0.0765649,0.49613658,0.28947282,0.13782568
s04_1test_r2_t02,4,1test,2,2,4,2253,False,loso_s4,20260926,4,4,0.083361395,0.27825764,0.28128678,0.35709417
s04_1test_r2_t03,4,1test,2,3,1,4171,False,loso_s4,20260926,1,2,0.17643869,0.4569531,0.21752428,0.149084
s04_1test_r2_t04,4,1test,2,4,3,6123,False,loso_s4,20260926,3,3,0.097662784,0.120540746,0.50124127,0.28055528
s04_1test_r2_t05,4,1test,2,5,3,8131,False,loso_s4,20260926,3,3,0.16480216,0.18884884,0.41658276,0.22976626
s04_1test_r2_t06,4,1test,2,6,4,10242,False,loso_s4,20260926,4,3,0.030658321,0.21819654,0.4185133,0.33263186
s04_1test_r2_t07,4,1test,2,7,1,12159,False,loso_s4,20260926,1,3,0.13510908,0.33567604,0.34741262,0.1818022
s04_1test_r2_t08,4,1test,2,8,1,14209,False,loso_s4,20260926,1,3,0.07988818,0.31122017,0.46564037,0.14325127
s04_1test_r2_t09,4,1test,2,9,3,16140,False,loso_s4,20260926,3,4,0.1348437,0.30606484,0.23286383,0.3262276
s04_1test_r2_t10,4,1test,2,10,2,18138,True,loso_s4,20260926,2,2,0.083944805,0.34723485,0.3417289,0.22709143
s04_1test_r2_t11,4,1test,2,11,4,20044,False,loso_s4,20260926,4,4,0.05019342,0.15601881,0.37891448,0.41487327
s04_1test_r2_t12,4,1test,2,12,4,21939,False,loso_s4,20260926,4,3,0.11205536,0.17998815,0.4156039,0.29235262
s04_1test_r2_t13,4,1test,2,13,4,23911,True,loso_s4,20260926,4,4,0.09229903,0.11790135,0.3619629,0.42783675
s04_1test_r2_t14,4,1test,2,14,2,25855,False,loso_s4,20260926,2,2,0.20756674,0.29536965,0.27915746,0.21790616
s04_1test_r2_t15,4,1test,2,15,1,27822,False,loso_s4,20260926,1,2,0.11951145,0.5065543,0.23576659,0.13816774
s04_1test_r2_t16,4,1test,2,16,3,29942,False,loso_s4,20260926,3,3,0.14345337,0.25285652,0.32445478,0.2792353
s04_1test_r2_t17,4,1test,2,17,2,31950,False,loso_s4,20260926,2,2,0.090173855,0.51196593,0.25509882,0.14276138
s04_1test_r2_t18,4,1test,2,18,4,34016,False,loso_s4,20260926,4,2,0.05259883,0.42545307,0.28652018,0.23542792
s04_1test_r2_t19,4,1test,2,19,1,36052,False,loso_s4,20260926,1,2,0.14833488,0.3977261,0.29202643,0.16191265
s04_1test_r2_t20,4,1test,2,20,4,38118,True,loso_s4,20260926,4,3,0.04763107,0.2981269,0.35178632,0.30245575
s04_1test_r2_t21,4,1test,2,21,3,40188,True,loso_s4,20260926,3,3,0.050464183,0.2712869,0.40976736,0.26848155
s04_1test_r2_t22,4,1test,2,22,2,42268,False,loso_s4,20260926,2,2,0.14747083,0.31196776,0.26911223,0.27144918
s04_1test_r2_t23,4,1test,2,23,4,44180,False,loso_s4,20260926,4,4,0.046898708,0.07791247,0.3926318,0.48255706
s04_1test_r2_t24,4,1test,2,24,4,46211,True,loso_s4,20260926,4,3,0.09318591,0.17961608,0.39890817,0.3282898
s04_1test_r2_t25,4,1test,2,25,1,48164,False,loso_s4,20260926,1,3,0.07894897,0.25191435,0.4304078,0.23872891
s04_1test_r2_t26,4,1test,2,26,2,50125,False,loso_s4,20260926,2,2,0.054905877,0.43548557,0.2605968,0.24901167
s04_1test_r2_t27,4,1test,2,27,2,52229,False,loso_s4,20260926,2,2,0.13674118,0.4987881,0.22769077,0.13678002
s04_1test_r2_t28,4,1test,2,28,3,54233,True,loso_s4,20260926,3,4,0.034091413,0.034326486,0.36508536,0.56649673
s04_1test_r2_t29,4,1test,2,29,4,56208,True,loso_s4,20260926,4,4,0.054401673,0.2769804,0.33272776,0.33589014
s04_1test_r2_t30,4,1test,2,30,2,58234,True,loso_s4,20260926,2,3,0.101333484,0.3337423,0.34556496,0.21935928
s04_1test_r2_t31,4,1test,2,31,1,60305,False,loso_s4,20260926,1,2,0.083603024,0.3960464,0.30130288,0.21904762
s04_1test_r2_t32,4,1test,2,32,1,62412,False,loso_s4,20260926,1,2,0.20689532,0.35936487,0.2643175,0.16942234
s04_1test_r2_t33,4,1test,2,33,4,64504,False,loso_s4,20260926,4,4,0.10538618,0.06076157,0.40129578,0.43255642
s04_1test_r2_t34,4,1test,2,34,2,66595,False,loso_s4,20260926,2,2,0.08115128,0.47248518,0.2577359,0.18862756
s04_1test_r2_t35,4,1test,2,35,1,68638,False,loso_s4,20260926,1,2,0.092077896,0.42986482,0.30567604,0.1723813
s04_1test_r2_t36,4,1test,2,36,3,70702,True,loso_s4,20260926,3,3,0.1356629,0.06262493,0.43888086,0.36283132
s04_1test_r2_t37,4,1test,2,37,2,72722,False,loso_s4,20260926,2,2,0.05215123,0.43361157,0.3665411,0.14769615
s04_1test_r2_t38,4,1test,2,38,2,74694,True,loso_s4,20260926,2,2,0.11940651,0.39705974,0.30980095,0.17373285
s04_1test_r2_t39,4,1test,2,39,3,76657,False,loso_s4,20260926,3,3,0.055175517,0.26324698,0.3520243,0.32955325
s04_1test_r2_t40,4,1test,2,40,1,78582,True,loso_s4,20260926,1,3,0.13076858,0.18547837,0.44837344,0.23537956
s04_1test_r2_t41,4,1test,2,41,4,80663,False,loso_s4,20260926,4,4,0.009712087,0.16316824,0.29874775,0.52837193
s04_1test_r2_t42,4,1test,2,42,3,82641,False,loso_s4,20260926,3,4,0.054069776,0.019971382,0.42899367,0.49696517
s04_1test_r2_t43,4,1test,2,43,3,84631,False,loso_s4,20260926,3,3,0.08541525,0.07752109,0.42095798,0.41610563
s04_1test_r2_t44,4,1test,2,44,3,86750,False,loso_s4,20260926,3,4,0.081991486,0.016325874,0.36597484,0.5357078
s04_1test_r2_t45,4,1test,2,45,3,88656,False,loso_s4,20260926,3,4,0.061512135,0.080803625,0.34908953,0.5085947
s04_1test_r2_t46,4,1test,2,46,1,90584,False,loso_s4,20260926,1,3,0.11346022,0.26790562,0.38423368,0.2344004
s04_1test_r2_t47,4,1test,2,47,2,92698,False,loso_s4,20260926,2,2,0.028725658,0.7020154,0.16262498,0.10663401
s04_1test_r2_t48,4,1test,2,48,1,94757,True,loso_s4,20260926,1,3,0.062640175,0.14648907,0.48787996,0.3029908
s04_1test_r3_t01,4,1test,3,1,2,250,False,loso_s4,20260926,2,2,0.07454494,0.46665442,0.2871309,0.17166977
s04_1test_r3_t02,4,1test,3,2,1,2253,False,loso_s4,20260926,1,2,0.12687023,0.45882913,0.2299116,0.18438895
s04_1test_r3_t03,4,1test,3,3,1,4171,True,loso_s4,20260926,1,3,0.065997735,0.30171373,0.458215,0.17407352
s04_1test_r3_t04,4,1test,3,4,3,6123,False,loso_s4,20260926,3,2,0.10951639,0.4493298,0.27866358,0.16249031
s04_1test_r3_t05,4,1test,3,5,3,8131,False,loso_s4,20260926,3,3,0.07519465,0.20577951,0.40420607,0.3148198
s04_1test_r3_t06,4,1test,3,6,2,10242,False,loso_s4,20260926,2,2,0.07736414,0.56066096,0.26250452,0.09947038
s04_1test_r3_t07,4,1test,3,7,3,12159,True,loso_s4,20260926,3,4,0.07334107,0.08012201,0.4074285,0.43910843
s04_1test_r3_t08,4,1test,3,8,4,14209,True,loso_s4,20260926,4,3,0.014200674,0.09384546,0.46690118,0.42505267
s04_1test_r3_t09,4,1test,3,9,1,16140,False,loso_s4,20260926,1,2,0.09270485,0.4609118,0.27908167,0.16730158
s04_1test_r3_t10,4,1test,3,10,4,18138,False,loso_s4,20260926,4,3,0.14822169,0.19798967,0.39142486,0.26236382
s04_1test_r3_t11,4,1test,3,11,1,20044,False,loso_s4,20260926,1,4,0.2596055,0.19568302,0.2712669,0.27344456
s04_1test_r3_t12,4,1test,3,12,1,21939,False,loso_s4,20260926,1,2,0.14469235,0.42246827,0.29088998,0.14194939
s04_1test_r3_t13,4,1test,3,13,2,23911,False,loso_s4,20260926,2,2,0.1332847,0.41526398,0.2551245,0.19632676
s04_1test_r3_t14,4,1test,3,14,4,25855,False,loso_s4,20260926,4,2,0.1158619,0.3628317,0.31524143,0.20606495
s04_1test_r3_t15,4,1test,3,15,3,27822,False,loso_s4,20260926,3,4,0.021975849,0.03539697,0.21473393,0.7278932
s04_1test_r3_t16,4,1test,3,16,2,29942,False,loso_s4,20260926,2,3,0.11721996,0.1010002,0.4652253,0.31655446
s04_1test_r3_t17,4,1test,3,17,4,31950,True,loso_s4,20260926,4,4,0.02728682,0.1394427,0.36589321,0.46737733
s04_1test_r3_t18,4,1test,3,18,3,34016,False,loso_s4,20260926,3,4,0.0520811,0.07715321,0.2937579,0.5770078
s04_1test_r3_t19,4,1test,3,19,4,36052,False,loso_s4,20260926,4,3,0.14037107,0.2709205,0.39993852,0.18877
s04_1test_r3_t20,4,1test,3,20,3,38118,False,loso_s4,20260926,3,3,0.026097476,0.23752636,0.44988215,0.28649402
s04_1test_r3_t21,4,1test,3,21,4,40188,False,loso_s4,20260926,4,3,0.071721174,0.25235513,0.4809374,0.19498642
s04_1test_r3_t22,4,1test,3,22,2,42268,False,loso_s4,20260926,2,2,0.050947417,0.584617,0.25987002,0.10456551
s04_1test_r3_t23,4,1test,3,23,2,44180,False,loso_s4,20260926,2,3,0.21323553,0.28778893,0.35364184,0.14533366
s04_1test_r3_t24,4,1test,3,24,4,46211,False,loso_s4,20260926,4,3,0.04056214,0.1932922,0.41144156,0.3547041
s04_1test_r3_t25,4,1test,3,25,1,48164,False,loso_s4,20260926,1,3,0.1922559,0.32294413,0.34664345,0.13815653
s04_1test_r3_t26,4,1test,3,26,2,50125,False,loso_s4,20260926,2,2,0.17189457,0.33608872,0.30650505,0.1855117
s04_1test_r3_t27,4,1test,3,27,2,52229,False,loso_s4,20260926,2,2,0.059854344,0.46168166,0.3263402,0.15212387
s04_1test_r3_t28,4,1test,3,28,2,54233,False,loso_s4,20260926,2,2,0.056751687,0.4065321,0.29753986,0.2391763
s04_1test_r3_t29,4,1test,3,29,3,56208,False,loso_s4,20260926,3,4,0.02582238,0.08350064,0.43566754,0.4550094
s04_1test_r3_t30,4,1test,3,30,4,58234,False,loso_s4,20260926,4,4,0.060953517,0.041761883,0.24342552,0.6538591
s04_1test_r3_t31,4,1test,3,31,1,60305,False,loso_s4,20260926,1,3,0.15448634,0.22162268,0.44165125,0.18223973
s04_1test_r3_t32,4,1test,3,32,4,62412,False,loso_s4,20260926,4,3,0.0390923,0.12901162,0.4786958,0.3532002
s04_1test_r3_t33,4,1test,3,33,1,64504,False,loso_s4,20260926,1,3,0.14691398,0.29744512,0.42424086,0.13140006
s04_1test_r3_t34,4,1test,3,34,3,66595,False,loso_s4,20260926,3,3,0.05427621,0.11529705,0.41745898,0.41296774
s04_1test_r3_t35,4,1test,3,35,1,68638,False,loso_s4,20260926,1,3,0.038192213,0.1845616,0.5366971,0.24054904
s04_1test_r3_t36,4,1test,3,36,4,70702,True,loso_s4,20260926,4,2,0.081020504,0.42076162,0.31154922,0.18666871
s04_1test_r3_t37,4,1test,3,37,1,72722,True,loso_s4,20260926,1,3,0.23000532,0.12876363,0.36683634,0.27439478
s04_1test_r3_t38,4,1test,3,38,3,74694,False,loso_s4,20260926,3,3,0.055615883,0.020357504,0.6064023,0.31762433
s04_1test_r3_t39,4,1test,3,39,1,76657,False,loso_s4,20260926,1,3,0.15870684,0.19326867,0.3587498,0.2892747
s04_1test_r3_t40,4,1test,3,40,2,78582,False,loso_s4,20260926,2,2,0.07731985,0.49827647,0.3018756,0.122528106
s04_1test_r3_t41,4,1test,3,41,3,80663,True,loso_s4,20260926,3,3,0.1691305,0.20507239,0.38419834,0.24159873
s04_1test_r3_t42,4,1test,3,42,3,82641,False,loso_s4,20260926,3,3,0.14638115,0.17826328,0.38013768,0.29521796
s04_1test_r3_t43,4,1test,3,43,4,84631,False,loso_s4,20260926,4,3,0.01873116,0.28313833,0.44249833,0.2556322
s04_1test_r3_t44,4,1test,3,44,1,86750,True,loso_s4,20260926,1,3,0.15725864,0.25236213,0.41130292,0.17907633
s04_1test_r3_t45,4,1test,3,45,2,88656,False,loso_s4,20260926,2,2,0.074596316,0.48211354,0.3055117,0.13777842
s04_1test_r3_t46,4,1test,3,46,4,90584,False,loso_s4,20260926,4,4,0.01537902,0.04477735,0.4195863,0.52025735
s04_1test_r3_t47,4,1test,3,47,2,92698,False,loso_s4,20260926,2,2,0.11318556,0.36240622,0.35336807,0.17104012
s04_1test_r3_t48,4,1test,3,48,3,94757,False,loso_s4,20260926,3,3,0.10511662,0.19922274,0.37236658,0.32329404
s04_1test_r4_t01,4,1test,4,1,3,250,False,loso_s4,20260926,3,3,0.07974794,0.15804903,0.5179412,0.24426183
s04_1test_r4_t02,4,1test,4,2,1,2253,False,loso_s4,20260926,1,2,0.12801704,0.45706585,0.24812171,0.1667955
s04_1test_r4_t03,4,1test,4,3,4,4171,False,loso_s4,20260926,4,2,0.0945681,0.32911038,0.30313095,0.27319056
s04_1test_r4_t04,4,1test,4,4,2,6123,False,loso_s4,20260926,2,2,0.15370563,0.40027243,0.25244927,0.19357267
s04_1test_r4_t05,4,1test,4,5,4,8131,False,loso_s4,20260926,4,3,0.061217915,0.27833715,0.45037818,0.21006677
s04_1test_r4_t06,4,1test,4,6,1,10242,False,loso_s4,20260926,1,3,0.12642391,0.13577676,0.48666173,0.25113752
s04_1test_r4_t07,4,1test,4,7,1,12159,True,loso_s4,20260926,1,3,0.11024663,0.312295,0.31469575,0.2627626
s04_1test_r4_t08,4,1test,4,8,3,14209,False,loso_s4,20260926,3,4,0.06466916,0.11423573,0.40231112,0.41878405
s04_1test_r4_t09,4,1test,4,9,3,16140,False,loso_s4,20260926,3,3,0.051333673,0.31528324,0.38550887,0.24787423
s04_1test_r4_t10,4,1test,4,10,2,18138,True,loso_s4,20260926,2,2,0.06295779,0.46965572,0.30712035,0.16026613
s04_1test_r4_t11,4,1test,4,11,4,20044,False,loso_s4,20260926,4,3,0.039611004,0.22626553,0.5303322,0.20379125
s04_1test_r4_t12,4,1test,4,12,2,21939,False,loso_s4,20260926,2,2,0.12399781,0.49376795,0.27184442,0.11038989
s04_1test_r4_t13,4,1test,4,13,2,23911,True,loso_s4,20260926,2,3,0.085340984,0.36964774,0.4023374,0.14267392
s04_1test_r4_t14,4,1test,4,14,1,25855,True,loso_s4,20260926,1,2,0.25320634,0.35448074,0.25717843,0.13513453
s04_1test_r4_t15,4,1test,4,15,2,27822,True,loso_s4,20260926,2,2,0.036207337,0.6185335,0.27764314,0.06761602
s04_1test_r4_t16,4,1test,4,16,4,29942,True,loso_s4,20260926,4,3,0.0040352694,0.015277868,0.51989704,0.46078986
s04_1test_r4_t17,4,1test,4,17,4,31950,False,loso_s4,20260926,4,2,0.020291086,0.3581465,0.32811522,0.29344723
s04_1test_r4_t18,4,1test,4,18,2,34016,False,loso_s4,20260926,2,2,0.13026236,0.51642746,0.22124778,0.13206245
s04_1test_r4_t19,4,1test,4,19,2,36052,True,loso_s4,20260926,2,2,0.041346822,0.62158793,0.21992102,0.117144205
s04_1test_r4_t20,4,1test,4,20,2,38118,False,loso_s4,20260926,2,2,0.019821456,0.5021899,0.26316664,0.21482207
s04_1test_r4_t21,4,1test,4,21,2,40188,False,loso_s4,20260926,2,2,0.08634282,0.4093058,0.34365478,0.16069657
s04_1test_r4_t22,4,1test,4,22,4,42268,False,loso_s4,20260926,4,3,0.06588433,0.24830051,0.403852,0.2819632
s04_1test_r4_t23,4,1test,4,23,4,44180,False,loso_s4,20260926,4,4,0.055160422,0.06652749,0.23938702,0.6389251
s04_1test_r4_t24,4,1test,4,24,3,46211,False,loso_s4,20260926,3,3,0.24520768,0.25418857,0.26711464,0.23348914
s04_1test_r4_t25,4,1test,4,25,4,48164,False,loso_s4,20260926,4,3,0.04293006,0.105380625,0.59215635,0.25953296
s04_1test_r4_t26,4,1test,4,26,1,50125,False,loso_s4,20260926,1,2,0.124204725,0.45512557,0.20122762,0.21944207
s04_1test_r4_t27,4,1test,4,27,2,52229,False,loso_s4,20260926,2,2,0.16869056,0.44292006,0.17086709,0.21752232
s04_1test_r4_t28,4,1test,4,28,3,54233,False,loso_s4,20260926,3,4,0.11462354,0.1713304,0.35029328,0.36375278
s04_1test_r4_t29,4,1test,4,29,2,56208,False,loso_s4,20260926,2,2,0.11139249,0.31363764,0.276149,0.29882085
s04_1test_r4_t30,4,1test,4,30,1,58234,False,loso_s4,20260926,1,2,0.09227812,0.517876,0.21952415,0.17032172
s04_1test_r4_t31,4,1test,4,31,4,60305,False,loso_s4,20260926,4,3,0.0816954,0.03793721,0.5207042,0.35966316
s04_1test_r4_t32,4,1test,4,32,1,62412,False,loso_s4,20260926,1,2,0.17673294,0.4546807,0.2174032,0.1511832
s04_1test_r4_t33,4,1test,4,33,4,64504,True,loso_s4,20260926,4,4,0.02278396,0.15283132,0.38449353,0.4398912
s04_1test_r4_t34,4,1test,4,34,1,66595,True,loso_s4,20260926,1,2,0.06341813,0.52594495,0.2621848,0.14845218
s04_1test_r4_t35,4,1test,4,35,1,68638,True,loso_s4,20260926,1,2,0.08593319,0.5070504,0.22415675,0.1828597
s04_1test_r4_t36,4,1test,4,36,1,70702,False,loso_s4,20260926,1,3,0.061481424,0.2089665,0.48230654,0.24724557
s04_1test_r4_t37,4,1test,4,37,1,72722,True,loso_s4,20260926,1,2,0.20352468,0.49297258,0.20429023,0.09921252
s04_1test_r4_t38,4,1test,4,38,3,74694,False,loso_s4,20260926,3,2,0.13993843,0.46018907,0.20750646,0.19236603
s04_1test_r4_t39,4,1test,4,39,3,76657,True,loso_s4,20260926,3,3,0.05893249,0.21456274,0.45600125,0.2705036
s04_1test_r4_t40,4,1test,4,40,4,78582,False,loso_s4,20260926,4,4,0.040428456,0.05620919,0.28868696,0.6146754
s04_1test_r4_t41,4,1test,4,41,2,80663,False,loso_s4,20260926,2,3,0.049204245,0.31457335,0.39111426,0.24510819
s04_1test_r4_t42,4,1test,4,42,3,82641,False,loso_s4,20260926,3,4,0.05056514,0.09787747,0.3990873,0.45247012
s04_1test_r4_t43,4,1test,4,43,3,84631,False,loso_s4,20260926,3,3,0.09520009,0.21757737,0.3582468,0.32897574
s04_1test_r4_t44,4,1test,4,44,3,86750,False,loso_s4,20260926,3,3,0.043726273,0.12814282,0.45818758,0.36994335
s04_1test_r4_t45,4,1test,4,45,4,88656,False,loso_s4,20260926,4,3,0.009859323,0.29426187,0.3562482,0.33963057
s04_1test_r4_t46,4,1test,4,46,3,90584,False,loso_s4,20260926,3,3,0.029139651,0.0732267,0.52712935,0.3705043
s04_1test_r4_t47,4,1test,4,47,1,92698,False,loso_s4,20260926,1,2,0.105472334,0.36608216,0.3059112,0.22253431
s04_1test_r4_t48,4,1test,4,48,3,94757,False,loso_s4,20260926,3,4,0.13531743,0.24735013,0.116965726,0.5003667
s04_1test_r5_t01,4,1test,5,1,1,250,False,loso_s4,20260926,1,2,0.08058077,0.53889614,0.22005358,0.16046949
s04_1test_r5_t02,4,1test,5,2,4,2253,False,loso_s4,20260926,4,4,0.053287186,0.13577761,0.37479323,0.436142
s04_1test_r5_t03,4,1test,5,3,2,4171,True,loso_s4,20260926,2,3,0.1448902,0.295462,0.39548647,0.16416132
s04_1test_r5_t04,4,1test,5,4,4,6123,False,loso_s4,20260926,4,4,0.039054565,0.0880563,0.39275998,0.4801291
s04_1test_r5_t05,4,1test,5,5,4,8131,False,loso_s4,20260926,4,3,0.04274682,0.099709846,0.5714061,0.28613716
s04_1test_r5_t06,4,1test,5,6,3,10242,False,loso_s4,20260926,3,2,0.037685458,0.47056848,0.3427337,0.14901237
s04_1test_r5_t07,4,1test,5,7,4,12159,False,loso_s4,20260926,4,4,0.02305866,0.03349015,0.4172663,0.52618486
s04_1test_r5_t08,4,1test,5,8,4,14209,False,loso_s4,20260926,4,3,0.13539469,0.22531581,0.3468337,0.2924558
s04_1test_r5_t09,4,1test,5,9,3,16140,False,loso_s4,20260926,3,4,0.06864918,0.16138227,0.34138066,0.4285879
s04_1test_r5_t10,4,1test,5,10,2,18138,False,loso_s4,20260926,2,2,0.15402858,0.40496686,0.26581308,0.17519152
s04_1test_r5_t11,4,1test,5,11,4,20044,False,loso_s4,20260926,4,2,0.20345137,0.4691228,0.19437382,0.13305199
s04_1test_r5_t12,4,1test,5,12,3,21939,True,loso_s4,20260926,3,3,0.023701118,0.25405368,0.39444765,0.32779753
s04_1test_r5_t13,4,1test,5,13,1,23911,False,loso_s4,20260926,1,1,0.32905468,0.1903548,0.3000233,0.1805672
s04_1test_r5_t14,4,1test,5,14,2,25855,False,loso_s4,20260926,2,3,0.17810786,0.29562193,0.35996962,0.16630064
s04_1test_r5_t15,4,1test,5,15,2,27822,False,loso_s4,20260926,2,2,0.08778644,0.4527608,0.25489268,0.20456009
s04_1test_r5_t16,4,1test,5,16,2,29942,False,loso_s4,20260926,2,2,0.13173036,0.35036337,0.18988907,0.3280172
s04_1test_r5_t17,4,1test,5,17,3,31950,False,loso_s4,20260926,3,4,0.06304778,0.07098202,0.41178137,0.45418882
s04_1test_r5_t18,4,1test,5,18,2,34016,True,loso_s4,20260926,2,2,0.06627807,0.4406755,0.27804086,0.21500558
s04_1test_r5_t19,4,1test,5,19,4,36052,False,loso_s4,20260926,4,4,0.067627214,0.11371364,0.39719337,0.42146575
s04_1test_r5_t20,4,1test,5,20,3,38118,False,loso_s4,20260926,3,4,0.036283568,0.026513096,0.2189999,0.71820337
s04_1test_r5_t21,4,1test,5,21,4,40188,False,loso_s4,20260926,4,2,0.1635452,0.33099195,0.20368414,0.3017787
s04_1test_r5_t22,4,1test,5,22,2,42268,False,loso_s4,20260926,2,2,0.06973658,0.62045616,0.19550666,0.11430055
s04_1test_r5_t23,4,1test,5,23,3,44180,False,loso_s4,20260926,3,3,0.14653228,0.050826002,0.41210967,0.39053208
s04_1test_r5_t24,4,1test,5,24,1,46211,False,loso_s4,20260926,1,4,0.222283,0.17733116,0.29352984,0.30685604
s04_1test_r5_t25,4,1test,5,25,4,48164,False,loso_s4,20260926,4,3,0.0154354945,0.09489908,0.4485211,0.44114426
s04_1test_r5_t26,4,1test,5,26,1,50125,False,loso_s4,20260926,1,4,0.1624421,0.27368078,0.2720989,0.2917782
s04_1test_r5_t27,4,1test,5,27,3,52229,False,loso_s4,20260926,3,3,0.0498477,0.07225106,0.48406455,0.3938367
s04_1test_r5_t28,4,1test,5,28,4,54233,False,loso_s4,20260926,4,4,0.06276945,0.04843457,0.39417246,0.49462357
s04_1test_r5_t29,4,1test,5,29,1,56208,False,loso_s4,20260926,1,3,0.05051269,0.25948802,0.538903,0.15109625
s04_1test_r5_t30,4,1test,5,30,3,58234,False,loso_s4,20260926,3,4,0.05905882,0.022510411,0.33153462,0.5868962
s04_1test_r5_t31,4,1test,5,31,1,60305,False,loso_s4,20260926,1,2,0.14628129,0.36184698,0.3250804,0.16679135
s04_1test_r5_t32,4,1test,5,32,2,62412,False,loso_s4,20260926,2,2,0.14526927,0.40322465,0.25684685,0.1946592
s04_1test_r5_t33,4,1test,5,33,2,64504,False,loso_s4,20260926,2,2,0.0040126713,0.52652544,0.24070892,0.22875297
s04_1test_r5_t34,4,1test,5,34,1,66595,False,loso_s4,20260926,1,2,0.0597143,0.4264582,0.34233814,0.17148937
s04_1test_r5_t35,4,1test,5,35,4,68638,False,loso_s4,20260926,4,3,0.10231411,0.2965404,0.33298337,0.26816207
s04_1test_r5_t36,4,1test,5,36,1,70702,False,loso_s4,20260926,1,3,0.06691047,0.19274984,0.44651094,0.2938287
s04_1test_r5_t37,4,1test,5,37,4,72722,False,loso_s4,20260926,4,3,0.026811836,0.2380298,0.3845559,0.35060245
s04_1test_r5_t38,4,1test,5,38,3,74694,False,loso_s4,20260926,3,3,0.081168875,0.1539856,0.4131327,0.35171288
s04_1test_r5_t39,4,1test,5,39,3,76657,False,loso_s4,20260926,3,4,0.05534317,0.16026731,0.36401382,0.42037573
s04_1test_r5_t40,4,1test,5,40,1,78582,True,loso_s4,20260926,1,3,0.1725929,0.33571127,0.36898693,0.12270893
s04_1test_r5_t41,4,1test,5,41,3,80663,False,loso_s4,20260926,3,3,0.025886234,0.24678776,0.4101094,0.3172166
s04_1test_r5_t42,4,1test,5,42,2,82641,False,loso_s4,20260926,2,2,0.14958274,0.5283538,0.20260806,0.119455375
s04_1test_r5_t43,4,1test,5,43,2,84631,False,loso_s4,20260926,2,2,0.03800625,0.5253856,0.28832716,0.14828102
s04_1test_r5_t44,4,1test,5,44,1,86750,False,loso_s4,20260926,1,3,0.13655919,0.23394643,0.4063584,0.22313601
s04_1test_r5_t45,4,1test,5,45,3,88656,False,loso_s4,20260926,3,3,0.07829935,0.15059094,0.45149082,0.3196189
s04_1test_r5_t46,4,1test,5,46,1,90584,False,loso_s4,20260926,1,2,0.077459104,0.43017346,0.27304846,0.2193189
s04_1test_r5_t47,4,1test,5,47,2,92698,False,loso_s4,20260926,2,2,0.03949227,0.59949315,0.25384733,0.10716731
s04_1test_r5_t48,4,1test,5,48,1,94757,False,loso_s4,20260926,1,3,0.17026933,0.28140354,0.30118027,0.24714684
