sample_id,subject,session,run,trial,label,event_sample,artifact_flagged,experiment_id,condition,fold,subset_id,train_subjects,source_session,seed,selected_epochs,y_true,y_pred,p_class_1,p_class_2,p_class_3,p_class_4
s09_0train_r0_t01,9,0train,0,1,4,250,True,Q13-E005,Q9_SHARED_SOURCE_SESSION_T,loso_s9,all,1|2|3|4|5|6|7|8,0train,20260925,20,4,4,1.2210762e-09,0.00045654934,0.0011408228,0.99840266
s09_0train_r0_t02,9,0train,0,2,2,2253,False,Q13-E005,Q9_SHARED_SOURCE_SESSION_T,loso_s9,all,1|2|3|4|5|6|7|8,0train,20260925,20,2,4,0.19102266,0.29732263,0.09879455,0.41286016
s09_0train_r0_t03,9,0train,0,3,2,4171,False,Q13-E005,Q9_SHARED_SOURCE_SESSION_T,loso_s9,all,1|2|3|4|5|6|7|8,0train,20260925,20,2,1,0.38945132,0.20022842,0.26242438,0.14789584
s09_0train_r0_t04,9,0train,0,4,1,6123,True,Q13-E005,Q9_SHARED_SOURCE_SESSION_T,loso_s9,all,1|2|3|4|5|6|7|8,0train,20260925,20,1,2,0.16034174,0.63209724,0.12430275,0.083258234
s09_0train_r0_t05,9,0train,0,5,4,8131,True,Q13-E005,Q9_SHARED_SOURCE_SESSION_T,loso_s9,all,1|2|3|4|5|6|7|8,0train,20260925,20,4,4,9.816936e-07,4.7975646e-09,0.0011660508,0.998833
s09_0train_r0_t06,9,0train,0,6,4,10242,False,Q13-E005,Q9_SHARED_SOURCE_SESSION_T,loso_s9,all,1|2|3|4|5|6|7|8,0train,20260925,20,4,4,3.1671523e-05,0.044719364,0.08195355,0.8732954
s09_0train_r0_t07,9,0train,0,7,3,12159,False,Q13-E005,Q9_SHARED_SOURCE_SESSION_T,loso_s9,all,1|2|3|4|5|6|7|8,0train,20260925,20,3,2,0.0022766064,0.805795,0.112284526,0.07964379
s09_0train_r0_t08,9,0train,0,8,2,14209,False,Q13-E005,Q9_SHARED_SOURCE_SESSION_T,loso_s9,all,1|2|3|4|5|6|7|8,0train,20260925,20,2,2,0.32063994,0.57413787,0.016502464,0.08871973
s09_0train_r0_t09,9,0train,0,9,3,16140,False,Q13-E005,Q9_SHARED_SOURCE_SESSION_T,loso_s9,all,1|2|3|4|5|6|7|8,0train,20260925,20,3,3,0.04742862,0.039481733,0.65886927,0.25422037
s09_0train_r0_t10,9,0train,0,10,1,18138,False,Q13-E005,Q9_SHARED_SOURCE_SESSION_T,loso_s9,all,1|2|3|4|5|6|7|8,0train,20260925,20,1,4,0.20455888,0.25084832,0.16130227,0.38329047
s09_0train_r0_t11,9,0train,0,11,1,20044,False,Q13-E005,Q9_SHARED_SOURCE_SESSION_T,loso_s9,all,1|2|3|4|5|6|7|8,0train,20260925,20,1,1,0.6059353,0.06421852,0.02561121,0.30423498
s09_0train_r0_t12,9,0train,0,12,2,21939,False,Q13-E005,Q9_SHARED_SOURCE_SESSION_T,loso_s9,all,1|2|3|4|5|6|7|8,0train,20260925,20,2,2,0.03287805,0.8060464,0.014919555,0.14615592
s09_0train_r0_t13,9,0train,0,13,4,23911,False,Q13-E005,Q9_SHARED_SOURCE_SESSION_T,loso_s9,all,1|2|3|4|5|6|7|8,0train,20260925,20,4,4,1.0182284e-05,3.6604654e-08,0.0009903347,0.99899954
s09_0train_r0_t14,9,0train,0,14,4,25855,True,Q13-E005,Q9_SHARED_SOURCE_SESSION_T,loso_s9,all,1|2|3|4|5|6|7|8,0train,20260925,20,4,4,0.0010181571,3.744994e-05,0.00526483,0.9936795
s09_0train_r0_t15,9,0train,0,15,2,27822,False,Q13-E005,Q9_SHARED_SOURCE_SESSION_T,loso_s9,all,1|2|3|4|5|6|7|8,0train,20260925,20,2,2,0.0054862136,0.9245554,0.003932843,0.06602555
s09_0train_r0_t16,9,0train,0,16,4,29942,False,Q13-E005,Q9_SHARED_SOURCE_SESSION_T,loso_s9,all,1|2|3|4|5|6|7|8,0train,20260925,20,4,4,7.5904796e-07,0.03425527,0.16773365,0.79801035
s09_0train_r0_t17,9,0train,0,17,3,31950,True,Q13-E005,Q9_SHARED_SOURCE_SESSION_T,loso_s9,all,1|2|3|4|5|6|7|8,0train,20260925,20,3,4,0.09004224,0.077277206,0.33833444,0.49434608
s09_0train_r0_t18,9,0train,0,18,3,34016,False,Q13-E005,Q9_SHARED_SOURCE_SESSION_T,loso_s9,all,1|2|3|4|5|6|7|8,0train,20260925,20,3,4,0.32670102,0.0074521382,0.30310044,0.36274636
s09_0train_r0_t19,9,0train,0,19,3,36052,False,Q13-E005,Q9_SHARED_SOURCE_SESSION_T,loso_s9,all,1|2|3|4|5|6|7|8,0train,20260925,20,3,4,6.72662e-05,3.520289e-05,0.06861175,0.9312858
s09_0train_r0_t20,9,0train,0,20,1,38118,False,Q13-E005,Q9_SHARED_SOURCE_SESSION_T,loso_s9,all,1|2|3|4|5|6|7|8,0train,20260925,20,1,4,0.29751894,0.046833597,0.00885725,0.6467902
s09_0train_r0_t21,9,0train,0,21,3,40188,False,Q13-E005,Q9_SHARED_SOURCE_SESSION_T,loso_s9,all,1|2|3|4|5|6|7|8,0train,20260925,20,3,1,0.5593959,0.008084858,0.07557591,0.35694328
s09_0train_r0_t22,9,0train,0,22,1,42268,True,Q13-E005,Q9_SHARED_SOURCE_SESSION_T,loso_s9,all,1|2|3|4|5|6|7|8,0train,20260925,20,1,2,0.003880628,0.9133512,0.0127037065,0.07006445
s09_0train_r0_t23,9,0train,0,23,3,44180,True,Q13-E005,Q9_SHARED_SOURCE_SESSION_T,loso_s9,all,1|2|3|4|5|6|7|8,0train,20260925,20,3,4,0.0057154186,1.7452724e-06,0.022884024,0.97139883
s09_0train_r0_t24,9,0train,0,24,3,46211,True,Q13-E005,Q9_SHARED_SOURCE_SESSION_T,loso_s9,all,1|2|3|4|5|6|7|8,0train,20260925,20,3,3,0.040996067,0.4334273,0.46137035,0.06420624
s09_0train_r0_t25,9,0train,0,25,1,48164,True,Q13-E005,Q9_SHARED_SOURCE_SESSION_T,loso_s9,all,1|2|3|4|5|6|7|8,0train,20260925,20,1,4,0.24137826,0.20723614,0.10026022,0.45112538
s09_0train_r0_t26,9,0train,0,26,1,50125,False,Q13-E005,Q9_SHARED_SOURCE_SESSION_T,loso_s9,all,1|2|3|4|5|6|7|8,0train,20260925,20,1,2,0.21900201,0.5625324,0.13303283,0.0854328
s09_0train_r0_t27,9,0train,0,27,2,52229,False,Q13-E005,Q9_SHARED_SOURCE_SESSION_T,loso_s9,all,1|2|3|4|5|6|7|8,0train,20260925,20,2,2,0.06929854,0.68147635,0.08906846,0.16015658
s09_0train_r0_t28,9,0train,0,28,2,54233,False,Q13-E005,Q9_SHARED_SOURCE_SESSION_T,loso_s9,all,1|2|3|4|5|6|7|8,0train,20260925,20,2,2,0.0054098438,0.91701186,0.027323613,0.050254703
s09_0train_r0_t29,9,0train,0,29,1,56208,False,Q13-E005,Q9_SHARED_SOURCE_SESSION_T,loso_s9,all,1|2|3|4|5|6|7|8,0train,20260925,20,1,1,0.31319422,0.25842494,0.14046162,0.28791922
s09_0train_r0_t30,9,0train,0,30,3,58234,True,Q13-E005,Q9_SHARED_SOURCE_SESSION_T,loso_s9,all,1|2|3|4|5|6|7|8,0train,20260925,20,3,3,0.0030254112,0.05113634,0.55918574,0.38665244
s09_0train_r0_t31,9,0train,0,31,2,60305,False,Q13-E005,Q9_SHARED_SOURCE_SESSION_T,loso_s9,all,1|2|3|4|5|6|7|8,0train,20260925,20,2,2,0.0001810813,0.96473235,0.0028350854,0.032251615
s09_0train_r0_t32,9,0train,0,32,4,62412,False,Q13-E005,Q9_SHARED_SOURCE_SESSION_T,loso_s9,all,1|2|3|4|5|6|7|8,0train,20260925,20,4,4,8.077791e-07,0.008341599,0.00085792085,0.9907997
s09_0train_r0_t33,9,0train,0,33,4,64504,False,Q13-E005,Q9_SHARED_SOURCE_SESSION_T,loso_s9,all,1|2|3|4|5|6|7|8,0train,20260925,20,4,4,0.00011742084,1.4309524e-10,0.00025605352,0.9996265
s09_0train_r0_t34,9,0train,0,34,1,66595,False,Q13-E005,Q9_SHARED_SOURCE_SESSION_T,loso_s9,all,1|2|3|4|5|6|7|8,0train,20260925,20,1,1,0.90593,5.973583e-05,0.011519776,0.08249054
s09_0train_r0_t35,9,0train,0,35,4,68638,False,Q13-E005,Q9_SHARED_SOURCE_SESSION_T,loso_s9,all,1|2|3|4|5|6|7|8,0train,20260925,20,4,4,1.210342e-07,4.7330215e-07,0.0005504142,0.99944896
s09_0train_r0_t36,9,0train,0,36,1,70702,False,Q13-E005,Q9_SHARED_SOURCE_SESSION_T,loso_s9,all,1|2|3|4|5|6|7|8,0train,20260925,20,1,4,0.016189395,0.00019417242,0.02707698,0.95653945
s09_0train_r0_t37,9,0train,0,37,4,72722,False,Q13-E005,Q9_SHARED_SOURCE_SESSION_T,loso_s9,all,1|2|3|4|5|6|7|8,0train,20260925,20,4,4,0.0005357191,0.01298924,0.23455836,0.75191665
s09_0train_r0_t38,9,0train,0,38,2,74694,False,Q13-E005,Q9_SHARED_SOURCE_SESSION_T,loso_s9,all,1|2|3|4|5|6|7|8,0train,20260925,20,2,4,0.011809258,0.37975067,0.21404512,0.39439496
s09_0train_r0_t39,9,0train,0,39,3,76657,False,Q13-E005,Q9_SHARED_SOURCE_SESSION_T,loso_s9,all,1|2|3|4|5|6|7|8,0train,20260925,20,3,2,0.109612204,0.372237,0.24273707,0.27541378
s09_0train_r0_t40,9,0train,0,40,4,78582,False,Q13-E005,Q9_SHARED_SOURCE_SESSION_T,loso_s9,all,1|2|3|4|5|6|7|8,0train,20260925,20,4,4,5.885067e-06,5.5164064e-06,0.0029290277,0.99705964
s09_0train_r0_t41,9,0train,0,41,2,80663,False,Q13-E005,Q9_SHARED_SOURCE_SESSION_T,loso_s9,all,1|2|3|4|5|6|7|8,0train,20260925,20,2,2,0.0824939,0.4729069,0.10052655,0.34407264
s09_0train_r0_t42,9,0train,0,42,3,82641,False,Q13-E005,Q9_SHARED_SOURCE_SESSION_T,loso_s9,all,1|2|3|4|5|6|7|8,0train,20260925,20,3,4,1.9693241e-05,3.4294517e-06,0.013043318,0.9869336
s09_0train_r0_t43,9,0train,0,43,2,84631,False,Q13-E005,Q9_SHARED_SOURCE_SESSION_T,loso_s9,all,1|2|3|4|5|6|7|8,0train,20260925,20,2,2,4.7473586e-05,0.9856176,0.006596702,0.0077382
s09_0train_r0_t44,9,0train,0,44,3,86750,False,Q13-E005,Q9_SHARED_SOURCE_SESSION_T,loso_s9,all,1|2|3|4|5|6|7|8,0train,20260925,20,3,2,0.2411048,0.527711,0.12615019,0.10503404
s09_0train_r0_t45,9,0train,0,45,1,88656,True,Q13-E005,Q9_SHARED_SOURCE_SESSION_T,loso_s9,all,1|2|3|4|5|6|7|8,0train,20260925,20,1,4,0.31106594,0.17213282,0.089654125,0.42714706
s09_0train_r0_t46,9,0train,0,46,2,90584,False,Q13-E005,Q9_SHARED_SOURCE_SESSION_T,loso_s9,all,1|2|3|4|5|6|7|8,0train,20260925,20,2,2,1.0433293e-05,0.9505926,0.009319816,0.04007709
s09_0train_r0_t47,9,0train,0,47,4,92698,False,Q13-E005,Q9_SHARED_SOURCE_SESSION_T,loso_s9,all,1|2|3|4|5|6|7|8,0train,20260925,20,4,4,3.302107e-05,3.653888e-06,0.0006055269,0.99935776
s09_0train_r0_t48,9,0train,0,48,1,94757,False,Q13-E005,Q9_SHARED_SOURCE_SESSION_T,loso_s9,all,1|2|3|4|5|6|7|8,0train,20260925,20,1,4,0.30854192,0.011814524,0.22155549,0.45808804
s09_0train_r1_t01,9,0train,1,1,3,250,True,Q13-E005,Q9_SHARED_SOURCE_SESSION_T,loso_s9,all,1|2|3|4|5|6|7|8,0train,20260925,20,3,3,0.059774145,0.26672977,0.42901102,0.24448502
s09_0train_r1_t02,9,0train,1,2,1,2253,False,Q13-E005,Q9_SHARED_SOURCE_SESSION_T,loso_s9,all,1|2|3|4|5|6|7|8,0train,20260925,20,1,1,0.64471906,0.00072474155,0.0697742,0.284782
s09_0train_r1_t03,9,0train,1,3,1,4171,False,Q13-E005,Q9_SHARED_SOURCE_SESSION_T,loso_s9,all,1|2|3|4|5|6|7|8,0train,20260925,20,1,1,0.5161632,0.1960468,0.127581,0.160209
s09_0train_r1_t04,9,0train,1,4,4,6123,True,Q13-E005,Q9_SHARED_SOURCE_SESSION_T,loso_s9,all,1|2|3|4|5|6|7|8,0train,20260925,20,4,4,4.7818765e-05,1.0905662e-05,0.0056630843,0.9942782
s09_0train_r1_t05,9,0train,1,5,1,8131,True,Q13-E005,Q9_SHARED_SOURCE_SESSION_T,loso_s9,all,1|2|3|4|5|6|7|8,0train,20260925,20,1,1,0.55262893,0.00031548968,0.053432457,0.39362308
s09_0train_r1_t06,9,0train,1,6,4,10242,False,Q13-E005,Q9_SHARED_SOURCE_SESSION_T,loso_s9,all,1|2|3|4|5|6|7|8,0train,20260925,20,4,4,9.609296e-05,3.027039e-06,0.007097905,0.9928029
s09_0train_r1_t07,9,0train,1,7,4,12159,False,Q13-E005,Q9_SHARED_SOURCE_SESSION_T,loso_s9,all,1|2|3|4|5|6|7|8,0train,20260925,20,4,4,3.3373268e-05,0.0004712752,0.0062215985,0.99327374
s09_0train_r1_t08,9,0train,1,8,2,14209,True,Q13-E005,Q9_SHARED_SOURCE_SESSION_T,loso_s9,all,1|2|3|4|5|6|7|8,0train,20260925,20,2,2,0.0003281263,0.9689171,0.007082396,0.023672422
s09_0train_r1_t09,9,0train,1,9,4,16140,False,Q13-E005,Q9_SHARED_SOURCE_SESSION_T,loso_s9,all,1|2|3|4|5|6|7|8,0train,20260925,20,4,4,8.662245e-06,6.8632567e-06,0.014763525,0.98522097
s09_0train_r1_t10,9,0train,1,10,2,18138,False,Q13-E005,Q9_SHARED_SOURCE_SESSION_T,loso_s9,all,1|2|3|4|5|6|7|8,0train,20260925,20,2,2,4.7883594e-05,0.98217976,0.0074311183,0.0103411265
s09_0train_r1_t11,9,0train,1,11,4,20044,False,Q13-E005,Q9_SHARED_SOURCE_SESSION_T,loso_s9,all,1|2|3|4|5|6|7|8,0train,20260925,20,4,4,0.001766273,3.0782998e-05,0.025211649,0.97299135
s09_0train_r1_t12,9,0train,1,12,3,21939,False,Q13-E005,Q9_SHARED_SOURCE_SESSION_T,loso_s9,all,1|2|3|4|5|6|7|8,0train,20260925,20,3,4,0.024147373,0.0005084629,0.251893,0.7234511
s09_0train_r1_t13,9,0train,1,13,1,23911,False,Q13-E005,Q9_SHARED_SOURCE_SESSION_T,loso_s9,all,1|2|3|4|5|6|7|8,0train,20260925,20,1,4,0.26840168,0.1935539,0.24198285,0.29606158
s09_0train_r1_t14,9,0train,1,14,2,25855,True,Q13-E005,Q9_SHARED_SOURCE_SESSION_T,loso_s9,all,1|2|3|4|5|6|7|8,0train,20260925,20,2,2,0.0002783831,0.98887336,0.0084161945,0.0024320472
s09_0train_r1_t15,9,0train,1,15,3,27822,False,Q13-E005,Q9_SHARED_SOURCE_SESSION_T,loso_s9,all,1|2|3|4|5|6|7|8,0train,20260925,20,3,4,0.00011038268,0.010220467,0.09321032,0.8964588
s09_0train_r1_t16,9,0train,1,16,1,29942,False,Q13-E005,Q9_SHARED_SOURCE_SESSION_T,loso_s9,all,1|2|3|4|5|6|7|8,0train,20260925,20,1,1,0.42003176,0.2702463,0.10310602,0.20661591
s09_0train_r1_t17,9,0train,1,17,1,31950,False,Q13-E005,Q9_SHARED_SOURCE_SESSION_T,loso_s9,all,1|2|3|4|5|6|7|8,0train,20260925,20,1,1,0.6214568,0.036647458,0.03265819,0.3092375
s09_0train_r1_t18,9,0train,1,18,4,34016,False,Q13-E005,Q9_SHARED_SOURCE_SESSION_T,loso_s9,all,1|2|3|4|5|6|7|8,0train,20260925,20,4,4,7.440753e-05,2.440549e-05,0.00664444,0.9932568
s09_0train_r1_t19,9,0train,1,19,4,36052,False,Q13-E005,Q9_SHARED_SOURCE_SESSION_T,loso_s9,all,1|2|3|4|5|6|7|8,0train,20260925,20,4,4,7.961314e-05,5.803712e-07,0.0003066857,0.9996131
s09_0train_r1_t20,9,0train,1,20,2,38118,False,Q13-E005,Q9_SHARED_SOURCE_SESSION_T,loso_s9,all,1|2|3|4|5|6|7|8,0train,20260925,20,2,2,0.17779434,0.52877957,0.09745768,0.19596842
s09_0train_r1_t21,9,0train,1,21,1,40188,False,Q13-E005,Q9_SHARED_SOURCE_SESSION_T,loso_s9,all,1|2|3|4|5|6|7|8,0train,20260925,20,1,1,0.4679798,0.36397776,0.07132845,0.096713975
s09_0train_r1_t22,9,0train,1,22,3,42268,False,Q13-E005,Q9_SHARED_SOURCE_SESSION_T,loso_s9,all,1|2|3|4|5|6|7|8,0train,20260925,20,3,4,0.0074440176,0.004133937,0.054343726,0.93407834
s09_0train_r1_t23,9,0train,1,23,4,44180,False,Q13-E005,Q9_SHARED_SOURCE_SESSION_T,loso_s9,all,1|2|3|4|5|6|7|8,0train,20260925,20,4,4,0.0003931822,0.00011500916,0.028272407,0.9712195
s09_0train_r1_t24,9,0train,1,24,4,46211,True,Q13-E005,Q9_SHARED_SOURCE_SESSION_T,loso_s9,all,1|2|3|4|5|6|7|8,0train,20260925,20,4,4,0.0036608914,1.221438e-07,0.07609585,0.92024314
s09_0train_r1_t25,9,0train,1,25,4,48164,False,Q13-E005,Q9_SHARED_SOURCE_SESSION_T,loso_s9,all,1|2|3|4|5|6|7|8,0train,20260925,20,4,4,0.17205659,0.0006585396,0.04047727,0.7868076
s09_0train_r1_t26,9,0train,1,26,3,50125,False,Q13-E005,Q9_SHARED_SOURCE_SESSION_T,loso_s9,all,1|2|3|4|5|6|7|8,0train,20260925,20,3,4,0.0006681264,1.7446211e-11,0.008145258,0.9911867
s09_0train_r1_t27,9,0train,1,27,3,52229,False,Q13-E005,Q9_SHARED_SOURCE_SESSION_T,loso_s9,all,1|2|3|4|5|6|7|8,0train,20260925,20,3,4,0.0005923754,0.00048764294,0.03620821,0.96271175
s09_0train_r1_t28,9,0train,1,28,3,54233,True,Q13-E005,Q9_SHARED_SOURCE_SESSION_T,loso_s9,all,1|2|3|4|5|6|7|8,0train,20260925,20,3,4,1.0266965e-05,6.7463612e-09,0.014854856,0.9851349
s09_0train_r1_t29,9,0train,1,29,1,56208,False,Q13-E005,Q9_SHARED_SOURCE_SESSION_T,loso_s9,all,1|2|3|4|5|6|7|8,0train,20260925,20,1,4,0.08444421,0.12537195,0.2866635,0.5035203
s09_0train_r1_t30,9,0train,1,30,2,58234,False,Q13-E005,Q9_SHARED_SOURCE_SESSION_T,loso_s9,all,1|2|3|4|5|6|7|8,0train,20260925,20,2,4,0.0007886418,0.024092257,0.14368333,0.83143574
s09_0train_r1_t31,9,0train,1,31,2,60305,False,Q13-E005,Q9_SHARED_SOURCE_SESSION_T,loso_s9,all,1|2|3|4|5|6|7|8,0train,20260925,20,2,4,0.010170154,0.09037382,0.05470045,0.8447556
s09_0train_r1_t32,9,0train,1,32,2,62412,False,Q13-E005,Q9_SHARED_SOURCE_SESSION_T,loso_s9,all,1|2|3|4|5|6|7|8,0train,20260925,20,2,4,0.010685375,0.0048628584,0.09065422,0.8937975
s09_0train_r1_t33,9,0train,1,33,3,64504,False,Q13-E005,Q9_SHARED_SOURCE_SESSION_T,loso_s9,all,1|2|3|4|5|6|7|8,0train,20260925,20,3,3,0.124190904,0.00794685,0.4969735,0.3708887
s09_0train_r1_t34,9,0train,1,34,3,66595,False,Q13-E005,Q9_SHARED_SOURCE_SESSION_T,loso_s9,all,1|2|3|4|5|6|7|8,0train,20260925,20,3,4,0.00058240135,8.168495e-05,0.01865451,0.98068136
s09_0train_r1_t35,9,0train,1,35,2,68638,False,Q13-E005,Q9_SHARED_SOURCE_SESSION_T,loso_s9,all,1|2|3|4|5|6|7|8,0train,20260925,20,2,4,0.03972782,0.015193438,0.0536394,0.8914393
s09_0train_r1_t36,9,0train,1,36,3,70702,False,Q13-E005,Q9_SHARED_SOURCE_SESSION_T,loso_s9,all,1|2|3|4|5|6|7|8,0train,20260925,20,3,4,0.00922413,5.910232e-06,0.07317382,0.91759616
s09_0train_r1_t37,9,0train,1,37,1,72722,False,Q13-E005,Q9_SHARED_SOURCE_SESSION_T,loso_s9,all,1|2|3|4|5|6|7|8,0train,20260925,20,1,1,0.68510056,0.028202787,0.029453564,0.25724307
s09_0train_r1_t38,9,0train,1,38,3,74694,True,Q13-E005,Q9_SHARED_SOURCE_SESSION_T,loso_s9,all,1|2|3|4|5|6|7|8,0train,20260925,20,3,4,0.0006711885,0.0001524542,0.02127834,0.97789794
s09_0train_r1_t39,9,0train,1,39,3,76657,False,Q13-E005,Q9_SHARED_SOURCE_SESSION_T,loso_s9,all,1|2|3|4|5|6|7|8,0train,20260925,20,3,4,0.0013561163,0.0008827885,0.06004071,0.9377204
s09_0train_r1_t40,9,0train,1,40,2,78582,False,Q13-E005,Q9_SHARED_SOURCE_SESSION_T,loso_s9,all,1|2|3|4|5|6|7|8,0train,20260925,20,2,2,0.0047610947,0.70238274,0.0502186,0.24263753
s09_0train_r1_t41,9,0train,1,41,2,80663,False,Q13-E005,Q9_SHARED_SOURCE_SESSION_T,loso_s9,all,1|2|3|4|5|6|7|8,0train,20260925,20,2,4,0.00011006155,0.00015955597,0.005788169,0.9939422
s09_0train_r1_t42,9,0train,1,42,1,82641,False,Q13-E005,Q9_SHARED_SOURCE_SESSION_T,loso_s9,all,1|2|3|4|5|6|7|8,0train,20260925,20,1,4,0.14999449,0.11908319,0.19731045,0.5336119
s09_0train_r1_t43,9,0train,1,43,2,84631,False,Q13-E005,Q9_SHARED_SOURCE_SESSION_T,loso_s9,all,1|2|3|4|5|6|7|8,0train,20260925,20,2,3,0.0040977704,0.0026038296,0.58627194,0.40702647
s09_0train_r1_t44,9,0train,1,44,1,86750,True,Q13-E005,Q9_SHARED_SOURCE_SESSION_T,loso_s9,all,1|2|3|4|5|6|7|8,0train,20260925,20,1,4,0.16975103,0.046802238,0.07601873,0.70742804
s09_0train_r1_t45,9,0train,1,45,1,88656,True,Q13-E005,Q9_SHARED_SOURCE_SESSION_T,loso_s9,all,1|2|3|4|5|6|7|8,0train,20260925,20,1,4,0.31389093,0.037506845,0.075768836,0.57283336
s09_0train_r1_t46,9,0train,1,46,4,90584,True,Q13-E005,Q9_SHARED_SOURCE_SESSION_T,loso_s9,all,1|2|3|4|5|6|7|8,0train,20260925,20,4,4,0.0007385912,0.00027239238,0.06503899,0.93395
s09_0train_r1_t47,9,0train,1,47,4,92698,False,Q13-E005,Q9_SHARED_SOURCE_SESSION_T,loso_s9,all,1|2|3|4|5|6|7|8,0train,20260925,20,4,4,0.0005218977,2.1056728e-06,0.0017682017,0.9977077
s09_0train_r1_t48,9,0train,1,48,2,94757,False,Q13-E005,Q9_SHARED_SOURCE_SESSION_T,loso_s9,all,1|2|3|4|5|6|7|8,0train,20260925,20,2,2,0.008156454,0.4365507,0.12448576,0.43080708
s09_0train_r2_t01,9,0train,2,1,2,250,False,Q13-E005,Q9_SHARED_SOURCE_SESSION_T,loso_s9,all,1|2|3|4|5|6|7|8,0train,20260925,20,2,2,0.012900921,0.67422885,0.13356586,0.17930442
s09_0train_r2_t02,9,0train,2,2,4,2253,False,Q13-E005,Q9_SHARED_SOURCE_SESSION_T,loso_s9,all,1|2|3|4|5|6|7|8,0train,20260925,20,4,4,5.91491e-07,3.148049e-05,0.0031692851,0.99679863
s09_0train_r2_t03,9,0train,2,3,1,4171,False,Q13-E005,Q9_SHARED_SOURCE_SESSION_T,loso_s9,all,1|2|3|4|5|6|7|8,0train,20260925,20,1,1,0.8511535,0.031391688,0.08081706,0.03663769
s09_0train_r2_t04,9,0train,2,4,4,6123,False,Q13-E005,Q9_SHARED_SOURCE_SESSION_T,loso_s9,all,1|2|3|4|5|6|7|8,0train,20260925,20,4,4,5.673109e-05,1.9845313e-06,0.004421925,0.9955193
s09_0train_r2_t05,9,0train,2,5,2,8131,False,Q13-E005,Q9_SHARED_SOURCE_SESSION_T,loso_s9,all,1|2|3|4|5|6|7|8,0train,20260925,20,2,2,1.0990135e-05,0.99591124,0.002674602,0.0014031391
s09_0train_r2_t06,9,0train,2,6,4,10242,False,Q13-E005,Q9_SHARED_SOURCE_SESSION_T,loso_s9,all,1|2|3|4|5|6|7|8,0train,20260925,20,4,4,4.5089128e-06,6.5236034e-09,0.0046780254,0.99531746
s09_0train_r2_t07,9,0train,2,7,1,12159,True,Q13-E005,Q9_SHARED_SOURCE_SESSION_T,loso_s9,all,1|2|3|4|5|6|7|8,0train,20260925,20,1,4,0.030391589,4.1719137e-05,0.13204873,0.8375179
s09_0train_r2_t08,9,0train,2,8,2,14209,False,Q13-E005,Q9_SHARED_SOURCE_SESSION_T,loso_s9,all,1|2|3|4|5|6|7|8,0train,20260925,20,2,4,0.038683828,0.09249106,0.021938248,0.8468868
s09_0train_r2_t09,9,0train,2,9,4,16140,False,Q13-E005,Q9_SHARED_SOURCE_SESSION_T,loso_s9,all,1|2|3|4|5|6|7|8,0train,20260925,20,4,4,0.00012324976,4.7989383e-06,0.0025850672,0.9972869
s09_0train_r2_t10,9,0train,2,10,4,18138,False,Q13-E005,Q9_SHARED_SOURCE_SESSION_T,loso_s9,all,1|2|3|4|5|6|7|8,0train,20260925,20,4,4,7.996499e-06,0.00022056764,0.081115775,0.9186557
s09_0train_r2_t11,9,0train,2,11,2,20044,True,Q13-E005,Q9_SHARED_SOURCE_SESSION_T,loso_s9,all,1|2|3|4|5|6|7|8,0train,20260925,20,2,4,0.002018182,0.085178204,0.02124407,0.8915595
s09_0train_r2_t12,9,0train,2,12,3,21939,False,Q13-E005,Q9_SHARED_SOURCE_SESSION_T,loso_s9,all,1|2|3|4|5|6|7|8,0train,20260925,20,3,4,0.21826771,0.0017592378,0.3651127,0.41486034
s09_0train_r2_t13,9,0train,2,13,2,23911,False,Q13-E005,Q9_SHARED_SOURCE_SESSION_T,loso_s9,all,1|2|3|4|5|6|7|8,0train,20260925,20,2,4,0.18186823,0.16419892,0.24088673,0.41304612
s09_0train_r2_t14,9,0train,2,14,1,25855,False,Q13-E005,Q9_SHARED_SOURCE_SESSION_T,loso_s9,all,1|2|3|4|5|6|7|8,0train,20260925,20,1,1,0.57709736,0.027436528,0.1034001,0.292066
s09_0train_r2_t15,9,0train,2,15,1,27822,False,Q13-E005,Q9_SHARED_SOURCE_SESSION_T,loso_s9,all,1|2|3|4|5|6|7|8,0train,20260925,20,1,4,0.16476925,0.00019532125,0.036521032,0.7985144
s09_0train_r2_t16,9,0train,2,16,2,29942,False,Q13-E005,Q9_SHARED_SOURCE_SESSION_T,loso_s9,all,1|2|3|4|5|6|7|8,0train,20260925,20,2,4,0.00012821762,0.0072146947,0.012658048,0.97999907
s09_0train_r2_t17,9,0train,2,17,4,31950,True,Q13-E005,Q9_SHARED_SOURCE_SESSION_T,loso_s9,all,1|2|3|4|5|6|7|8,0train,20260925,20,4,4,7.005802e-06,5.8253245e-05,0.0070175417,0.9929172
s09_0train_r2_t18,9,0train,2,18,1,34016,False,Q13-E005,Q9_SHARED_SOURCE_SESSION_T,loso_s9,all,1|2|3|4|5|6|7|8,0train,20260925,20,1,1,0.4906625,0.00052496063,0.053128585,0.45568398
s09_0train_r2_t19,9,0train,2,19,4,36052,False,Q13-E005,Q9_SHARED_SOURCE_SESSION_T,loso_s9,all,1|2|3|4|5|6|7|8,0train,20260925,20,4,4,5.329919e-06,8.455303e-05,0.002151332,0.99775875
s09_0train_r2_t20,9,0train,2,20,2,38118,False,Q13-E005,Q9_SHARED_SOURCE_SESSION_T,loso_s9,all,1|2|3|4|5|6|7|8,0train,20260925,20,2,4,0.00031865566,0.03418719,0.021147264,0.9443469
s09_0train_r2_t21,9,0train,2,21,1,40188,False,Q13-E005,Q9_SHARED_SOURCE_SESSION_T,loso_s9,all,1|2|3|4|5|6|7|8,0train,20260925,20,1,1,0.7661836,0.006952948,0.03733154,0.18953188
s09_0train_r2_t22,9,0train,2,22,3,42268,False,Q13-E005,Q9_SHARED_SOURCE_SESSION_T,loso_s9,all,1|2|3|4|5|6|7|8,0train,20260925,20,3,4,0.0013162092,0.015590264,0.10124492,0.88184863
s09_0train_r2_t23,9,0train,2,23,3,44180,False,Q13-E005,Q9_SHARED_SOURCE_SESSION_T,loso_s9,all,1|2|3|4|5|6|7|8,0train,20260925,20,3,4,0.0011631482,0.20439114,0.1335099,0.6609358
s09_0train_r2_t24,9,0train,2,24,1,46211,True,Q13-E005,Q9_SHARED_SOURCE_SESSION_T,loso_s9,all,1|2|3|4|5|6|7|8,0train,20260925,20,1,2,0.19479756,0.4306933,0.22125149,0.15325773
s09_0train_r2_t25,9,0train,2,25,2,48164,True,Q13-E005,Q9_SHARED_SOURCE_SESSION_T,loso_s9,all,1|2|3|4|5|6|7|8,0train,20260925,20,2,2,3.4605477e-05,0.64462173,0.07290119,0.28244248
s09_0train_r2_t26,9,0train,2,26,4,50125,False,Q13-E005,Q9_SHARED_SOURCE_SESSION_T,loso_s9,all,1|2|3|4|5|6|7|8,0train,20260925,20,4,4,1.7245968e-05,3.3639327e-07,9.4388735e-05,0.99988794
s09_0train_r2_t27,9,0train,2,27,3,52229,False,Q13-E005,Q9_SHARED_SOURCE_SESSION_T,loso_s9,all,1|2|3|4|5|6|7|8,0train,20260925,20,3,4,0.0028371965,0.0047284667,0.07368043,0.9187539
s09_0train_r2_t28,9,0train,2,28,3,54233,False,Q13-E005,Q9_SHARED_SOURCE_SESSION_T,loso_s9,all,1|2|3|4|5|6|7|8,0train,20260925,20,3,4,0.0005955465,0.00024252273,0.05412735,0.94503456
s09_0train_r2_t29,9,0train,2,29,3,56208,False,Q13-E005,Q9_SHARED_SOURCE_SESSION_T,loso_s9,all,1|2|3|4|5|6|7|8,0train,20260925,20,3,4,0.002404305,0.0064070513,0.09657822,0.8946104
s09_0train_r2_t30,9,0train,2,30,3,58234,False,Q13-E005,Q9_SHARED_SOURCE_SESSION_T,loso_s9,all,1|2|3|4|5|6|7|8,0train,20260925,20,3,4,0.0026035435,0.00067314284,0.2210113,0.775712
s09_0train_r2_t31,9,0train,2,31,1,60305,False,Q13-E005,Q9_SHARED_SOURCE_SESSION_T,loso_s9,all,1|2|3|4|5|6|7|8,0train,20260925,20,1,1,0.5864623,0.00010840937,0.06889566,0.3445336
s09_0train_r2_t32,9,0train,2,32,3,62412,False,Q13-E005,Q9_SHARED_SOURCE_SESSION_T,loso_s9,all,1|2|3|4|5|6|7|8,0train,20260925,20,3,4,0.0040839044,0.0026497843,0.31061164,0.6826547
s09_0train_r2_t33,9,0train,2,33,4,64504,False,Q13-E005,Q9_SHARED_SOURCE_SESSION_T,loso_s9,all,1|2|3|4|5|6|7|8,0train,20260925,20,4,4,0.009000881,3.6706573e-05,0.05879755,0.9321649
s09_0train_r2_t34,9,0train,2,34,3,66595,False,Q13-E005,Q9_SHARED_SOURCE_SESSION_T,loso_s9,all,1|2|3|4|5|6|7|8,0train,20260925,20,3,4,0.00047573738,0.00045649882,0.014953774,0.98411405
s09_0train_r2_t35,9,0train,2,35,1,68638,False,Q13-E005,Q9_SHARED_SOURCE_SESSION_T,loso_s9,all,1|2|3|4|5|6|7|8,0train,20260925,20,1,1,0.7653547,0.018477492,0.10574946,0.11041839
s09_0train_r2_t36,9,0train,2,36,3,70702,False,Q13-E005,Q9_SHARED_SOURCE_SESSION_T,loso_s9,all,1|2|3|4|5|6|7|8,0train,20260925,20,3,4,0.03476007,1.1920313e-05,0.014510937,0.95071715
s09_0train_r2_t37,9,0train,2,37,1,72722,False,Q13-E005,Q9_SHARED_SOURCE_SESSION_T,loso_s9,all,1|2|3|4|5|6|7|8,0train,20260925,20,1,1,0.4756485,0.032813564,0.16194758,0.32959035
s09_0train_r2_t38,9,0train,2,38,4,74694,False,Q13-E005,Q9_SHARED_SOURCE_SESSION_T,loso_s9,all,1|2|3|4|5|6|7|8,0train,20260925,20,4,4,1.128113e-05,5.3150467e-05,0.05593452,0.9440011
s09_0train_r2_t39,9,0train,2,39,1,76657,False,Q13-E005,Q9_SHARED_SOURCE_SESSION_T,loso_s9,all,1|2|3|4|5|6|7|8,0train,20260925,20,1,4,0.19569635,0.10044762,0.23976895,0.46408704
s09_0train_r2_t40,9,0train,2,40,2,78582,True,Q13-E005,Q9_SHARED_SOURCE_SESSION_T,loso_s9,all,1|2|3|4|5|6|7|8,0train,20260925,20,2,2,0.0015408221,0.9467411,0.0051848786,0.046533227
s09_0train_r2_t41,9,0train,2,41,3,80663,False,Q13-E005,Q9_SHARED_SOURCE_SESSION_T,loso_s9,all,1|2|3|4|5|6|7|8,0train,20260925,20,3,3,0.012385895,0.22825888,0.42944154,0.3299137
s09_0train_r2_t42,9,0train,2,42,2,82641,False,Q13-E005,Q9_SHARED_SOURCE_SESSION_T,loso_s9,all,1|2|3|4|5|6|7|8,0train,20260925,20,2,4,0.0062925485,0.0416628,0.048749343,0.9032953
s09_0train_r2_t43,9,0train,2,43,1,84631,False,Q13-E005,Q9_SHARED_SOURCE_SESSION_T,loso_s9,all,1|2|3|4|5|6|7|8,0train,20260925,20,1,1,0.51361144,0.04894526,0.17797913,0.25946417
s09_0train_r2_t44,9,0train,2,44,2,86750,True,Q13-E005,Q9_SHARED_SOURCE_SESSION_T,loso_s9,all,1|2|3|4|5|6|7|8,0train,20260925,20,2,3,0.08384448,0.17140315,0.4680329,0.27671942
s09_0train_r2_t45,9,0train,2,45,2,88656,False,Q13-E005,Q9_SHARED_SOURCE_SESSION_T,loso_s9,all,1|2|3|4|5|6|7|8,0train,20260925,20,2,4,3.1948e-05,0.003406381,0.030953018,0.9656086
s09_0train_r2_t46,9,0train,2,46,4,90584,False,Q13-E005,Q9_SHARED_SOURCE_SESSION_T,loso_s9,all,1|2|3|4|5|6|7|8,0train,20260925,20,4,4,0.00012787148,0.0030900724,0.04676376,0.95001835
s09_0train_r2_t47,9,0train,2,47,3,92698,False,Q13-E005,Q9_SHARED_SOURCE_SESSION_T,loso_s9,all,1|2|3|4|5|6|7|8,0train,20260925,20,3,4,0.003043299,5.5114913e-05,0.01834164,0.97856003
s09_0train_r2_t48,9,0train,2,48,4,94757,False,Q13-E005,Q9_SHARED_SOURCE_SESSION_T,loso_s9,all,1|2|3|4|5|6|7|8,0train,20260925,20,4,4,0.00043163035,1.7740658e-05,0.0052828407,0.9942677
s09_0train_r3_t01,9,0train,3,1,1,250,False,Q13-E005,Q9_SHARED_SOURCE_SESSION_T,loso_s9,all,1|2|3|4|5|6|7|8,0train,20260925,20,1,2,0.30098078,0.38029087,0.21071832,0.10801001
s09_0train_r3_t02,9,0train,3,2,1,2253,False,Q13-E005,Q9_SHARED_SOURCE_SESSION_T,loso_s9,all,1|2|3|4|5|6|7|8,0train,20260925,20,1,1,0.3598935,0.24382702,0.24429983,0.1519796
s09_0train_r3_t03,9,0train,3,3,2,4171,False,Q13-E005,Q9_SHARED_SOURCE_SESSION_T,loso_s9,all,1|2|3|4|5|6|7|8,0train,20260925,20,2,4,0.0027170796,0.12659544,0.17630075,0.6943867
s09_0train_r3_t04,9,0train,3,4,4,6123,False,Q13-E005,Q9_SHARED_SOURCE_SESSION_T,loso_s9,all,1|2|3|4|5|6|7|8,0train,20260925,20,4,4,4.496763e-06,8.4896166e-11,0.0006647028,0.9993309
s09_0train_r3_t05,9,0train,3,5,1,8131,False,Q13-E005,Q9_SHARED_SOURCE_SESSION_T,loso_s9,all,1|2|3|4|5|6|7|8,0train,20260925,20,1,1,0.6886097,0.012013438,0.18321015,0.116166696
s09_0train_r3_t06,9,0train,3,6,4,10242,False,Q13-E005,Q9_SHARED_SOURCE_SESSION_T,loso_s9,all,1|2|3|4|5|6|7|8,0train,20260925,20,4,4,2.4217754e-05,5.321083e-09,0.00045150262,0.99952424
s09_0train_r3_t07,9,0train,3,7,4,12159,True,Q13-E005,Q9_SHARED_SOURCE_SESSION_T,loso_s9,all,1|2|3|4|5|6|7|8,0train,20260925,20,4,4,3.538611e-06,4.9685636e-06,0.00089835236,0.9990932
s09_0train_r3_t08,9,0train,3,8,4,14209,False,Q13-E005,Q9_SHARED_SOURCE_SESSION_T,loso_s9,all,1|2|3|4|5|6|7|8,0train,20260925,20,4,4,6.3352476e-05,0.00019374378,0.028906448,0.9708365
s09_0train_r3_t09,9,0train,3,9,1,16140,False,Q13-E005,Q9_SHARED_SOURCE_SESSION_T,loso_s9,all,1|2|3|4|5|6|7|8,0train,20260925,20,1,1,0.71794486,0.0007930125,0.046860892,0.23440121
s09_0train_r3_t10,9,0train,3,10,3,18138,True,Q13-E005,Q9_SHARED_SOURCE_SESSION_T,loso_s9,all,1|2|3|4|5|6|7|8,0train,20260925,20,3,4,0.0014059755,6.678265e-07,0.037186246,0.9614071
s09_0train_r3_t11,9,0train,3,11,4,20044,False,Q13-E005,Q9_SHARED_SOURCE_SESSION_T,loso_s9,all,1|2|3|4|5|6|7|8,0train,20260925,20,4,4,9.099142e-05,4.712256e-07,0.008236093,0.99167246
s09_0train_r3_t12,9,0train,3,12,4,21939,False,Q13-E005,Q9_SHARED_SOURCE_SESSION_T,loso_s9,all,1|2|3|4|5|6|7|8,0train,20260925,20,4,4,5.5142358e-05,7.510834e-09,0.00028703085,0.99965787
s09_0train_r3_t13,9,0train,3,13,2,23911,False,Q13-E005,Q9_SHARED_SOURCE_SESSION_T,loso_s9,all,1|2|3|4|5|6|7|8,0train,20260925,20,2,2,0.0035455308,0.70938116,0.11832845,0.16874489
s09_0train_r3_t14,9,0train,3,14,2,25855,False,Q13-E005,Q9_SHARED_SOURCE_SESSION_T,loso_s9,all,1|2|3|4|5|6|7|8,0train,20260925,20,2,2,0.00011830154,0.8887374,0.059229042,0.051915374
s09_0train_r3_t15,9,0train,3,15,4,27822,False,Q13-E005,Q9_SHARED_SOURCE_SESSION_T,loso_s9,all,1|2|3|4|5|6|7|8,0train,20260925,20,4,4,2.979653e-08,1.8756332e-07,0.002134934,0.9978648
s09_0train_r3_t16,9,0train,3,16,1,29942,True,Q13-E005,Q9_SHARED_SOURCE_SESSION_T,loso_s9,all,1|2|3|4|5|6|7|8,0train,20260925,20,1,1,0.5330791,0.16998746,0.23627505,0.060658444
s09_0train_r3_t17,9,0train,3,17,4,31950,False,Q13-E005,Q9_SHARED_SOURCE_SESSION_T,loso_s9,all,1|2|3|4|5|6|7|8,0train,20260925,20,4,4,1.7076309e-06,0.00043285877,0.010109074,0.98945636
s09_0train_r3_t18,9,0train,3,18,3,34016,False,Q13-E005,Q9_SHARED_SOURCE_SESSION_T,loso_s9,all,1|2|3|4|5|6|7|8,0train,20260925,20,3,4,0.0036761547,0.00012008919,0.064888224,0.9313155
s09_0train_r3_t19,9,0train,3,19,2,36052,False,Q13-E005,Q9_SHARED_SOURCE_SESSION_T,loso_s9,all,1|2|3|4|5|6|7|8,0train,20260925,20,2,4,0.00044705966,0.00039052442,0.09385779,0.90530455
s09_0train_r3_t20,9,0train,3,20,3,38118,False,Q13-E005,Q9_SHARED_SOURCE_SESSION_T,loso_s9,all,1|2|3|4|5|6|7|8,0train,20260925,20,3,4,0.07119607,0.01278094,0.25433606,0.6616869
s09_0train_r3_t21,9,0train,3,21,2,40188,False,Q13-E005,Q9_SHARED_SOURCE_SESSION_T,loso_s9,all,1|2|3|4|5|6|7|8,0train,20260925,20,2,4,5.1900984e-06,3.4149554e-05,0.002423477,0.99753726
s09_0train_r3_t22,9,0train,3,22,4,42268,False,Q13-E005,Q9_SHARED_SOURCE_SESSION_T,loso_s9,all,1|2|3|4|5|6|7|8,0train,20260925,20,4,4,4.194824e-05,7.860271e-07,0.004977313,0.9949799
s09_0train_r3_t23,9,0train,3,23,1,44180,False,Q13-E005,Q9_SHARED_SOURCE_SESSION_T,loso_s9,all,1|2|3|4|5|6|7|8,0train,20260925,20,1,1,0.6120845,0.008647235,0.14904737,0.2302209
s09_0train_r3_t24,9,0train,3,24,1,46211,False,Q13-E005,Q9_SHARED_SOURCE_SESSION_T,loso_s9,all,1|2|3|4|5|6|7|8,0train,20260925,20,1,4,0.16975601,0.00086047844,0.12653433,0.70284915
s09_0train_r3_t25,9,0train,3,25,2,48164,False,Q13-E005,Q9_SHARED_SOURCE_SESSION_T,loso_s9,all,1|2|3|4|5|6|7|8,0train,20260925,20,2,4,0.00016990314,0.006655369,0.073056705,0.9201181
s09_0train_r3_t26,9,0train,3,26,3,50125,True,Q13-E005,Q9_SHARED_SOURCE_SESSION_T,loso_s9,all,1|2|3|4|5|6|7|8,0train,20260925,20,3,4,0.0002857415,0.0003938625,0.15864885,0.8406716
s09_0train_r3_t27,9,0train,3,27,1,52229,False,Q13-E005,Q9_SHARED_SOURCE_SESSION_T,loso_s9,all,1|2|3|4|5|6|7|8,0train,20260925,20,1,1,0.6101697,0.045951393,0.17119318,0.17268574
s09_0train_r3_t28,9,0train,3,28,4,54233,False,Q13-E005,Q9_SHARED_SOURCE_SESSION_T,loso_s9,all,1|2|3|4|5|6|7|8,0train,20260925,20,4,4,0.005372268,0.0009558225,0.07206953,0.92160237
s09_0train_r3_t29,9,0train,3,29,1,56208,False,Q13-E005,Q9_SHARED_SOURCE_SESSION_T,loso_s9,all,1|2|3|4|5|6|7|8,0train,20260925,20,1,4,0.28169164,0.010427195,0.09004762,0.61783355
s09_0train_r3_t30,9,0train,3,30,3,58234,False,Q13-E005,Q9_SHARED_SOURCE_SESSION_T,loso_s9,all,1|2|3|4|5|6|7|8,0train,20260925,20,3,3,0.052210134,0.17299084,0.4898852,0.2849139
s09_0train_r3_t31,9,0train,3,31,3,60305,False,Q13-E005,Q9_SHARED_SOURCE_SESSION_T,loso_s9,all,1|2|3|4|5|6|7|8,0train,20260925,20,3,4,0.015673004,0.00027249692,0.03625028,0.94780415
s09_0train_r3_t32,9,0train,3,32,3,62412,False,Q13-E005,Q9_SHARED_SOURCE_SESSION_T,loso_s9,all,1|2|3|4|5|6|7|8,0train,20260925,20,3,4,4.8935526e-05,1.5302162e-06,0.0056885052,0.994261
s09_0train_r3_t33,9,0train,3,33,2,64504,False,Q13-E005,Q9_SHARED_SOURCE_SESSION_T,loso_s9,all,1|2|3|4|5|6|7|8,0train,20260925,20,2,4,0.00037732327,0.002904731,0.06544853,0.93126947
s09_0train_r3_t34,9,0train,3,34,2,66595,False,Q13-E005,Q9_SHARED_SOURCE_SESSION_T,loso_s9,all,1|2|3|4|5|6|7|8,0train,20260925,20,2,4,0.00012424962,0.00031614772,0.06642505,0.93313456
s09_0train_r3_t35,9,0train,3,35,2,68638,False,Q13-E005,Q9_SHARED_SOURCE_SESSION_T,loso_s9,all,1|2|3|4|5|6|7|8,0train,20260925,20,2,4,0.008686935,1.5814108e-05,0.02137584,0.9699214
s09_0train_r3_t36,9,0train,3,36,3,70702,False,Q13-E005,Q9_SHARED_SOURCE_SESSION_T,loso_s9,all,1|2|3|4|5|6|7|8,0train,20260925,20,3,4,0.0007800725,6.268647e-05,0.005905102,0.9932522
s09_0train_r3_t37,9,0train,3,37,1,72722,False,Q13-E005,Q9_SHARED_SOURCE_SESSION_T,loso_s9,all,1|2|3|4|5|6|7|8,0train,20260925,20,1,4,0.0115286,1.3889574e-09,0.005222793,0.9832486
s09_0train_r3_t38,9,0train,3,38,2,74694,False,Q13-E005,Q9_SHARED_SOURCE_SESSION_T,loso_s9,all,1|2|3|4|5|6|7|8,0train,20260925,20,2,4,0.00028754282,0.00057084544,0.035482824,0.96365875
s09_0train_r3_t39,9,0train,3,39,1,76657,True,Q13-E005,Q9_SHARED_SOURCE_SESSION_T,loso_s9,all,1|2|3|4|5|6|7|8,0train,20260925,20,1,1,0.4440113,0.0023193604,0.18794344,0.3657259
s09_0train_r3_t40,9,0train,3,40,4,78582,True,Q13-E005,Q9_SHARED_SOURCE_SESSION_T,loso_s9,all,1|2|3|4|5|6|7|8,0train,20260925,20,4,4,2.0669095e-05,2.8200427e-07,0.0013143729,0.99866474
s09_0train_r3_t41,9,0train,3,41,4,80663,False,Q13-E005,Q9_SHARED_SOURCE_SESSION_T,loso_s9,all,1|2|3|4|5|6|7|8,0train,20260925,20,4,4,0.0012295748,0.15362923,0.05009828,0.79504293
s09_0train_r3_t42,9,0train,3,42,3,82641,False,Q13-E005,Q9_SHARED_SOURCE_SESSION_T,loso_s9,all,1|2|3|4|5|6|7|8,0train,20260925,20,3,4,0.004871079,0.054053467,0.24582669,0.6952488
s09_0train_r3_t43,9,0train,3,43,3,84631,False,Q13-E005,Q9_SHARED_SOURCE_SESSION_T,loso_s9,all,1|2|3|4|5|6|7|8,0train,20260925,20,3,4,3.33248e-05,1.5714266e-05,0.073897384,0.92605364
s09_0train_r3_t44,9,0train,3,44,2,86750,False,Q13-E005,Q9_SHARED_SOURCE_SESSION_T,loso_s9,all,1|2|3|4|5|6|7|8,0train,20260925,20,2,4,0.00045264573,0.009259405,0.30290195,0.68738604
s09_0train_r3_t45,9,0train,3,45,2,88656,False,Q13-E005,Q9_SHARED_SOURCE_SESSION_T,loso_s9,all,1|2|3|4|5|6|7|8,0train,20260925,20,2,2,0.00027345438,0.9841908,0.004957282,0.010578509
s09_0train_r3_t46,9,0train,3,46,1,90584,False,Q13-E005,Q9_SHARED_SOURCE_SESSION_T,loso_s9,all,1|2|3|4|5|6|7|8,0train,20260925,20,1,1,0.5082828,0.0008253667,0.054791585,0.43610027
s09_0train_r3_t47,9,0train,3,47,3,92698,False,Q13-E005,Q9_SHARED_SOURCE_SESSION_T,loso_s9,all,1|2|3|4|5|6|7|8,0train,20260925,20,3,4,9.6871874e-05,1.9832308e-07,0.023244647,0.9766583
s09_0train_r3_t48,9,0train,3,48,3,94757,False,Q13-E005,Q9_SHARED_SOURCE_SESSION_T,loso_s9,all,1|2|3|4|5|6|7|8,0train,20260925,20,3,4,0.0027046641,4.4084896e-07,0.016088536,0.98120636
s09_0train_r4_t01,9,0train,4,1,4,250,False,Q13-E005,Q9_SHARED_SOURCE_SESSION_T,loso_s9,all,1|2|3|4|5|6|7|8,0train,20260925,20,4,4,1.4600514e-08,2.5897538e-05,0.00054187,0.99943227
s09_0train_r4_t02,9,0train,4,2,1,2253,False,Q13-E005,Q9_SHARED_SOURCE_SESSION_T,loso_s9,all,1|2|3|4|5|6|7|8,0train,20260925,20,1,1,0.52210736,0.16959618,0.15390325,0.15439317
s09_0train_r4_t03,9,0train,4,3,3,4171,False,Q13-E005,Q9_SHARED_SOURCE_SESSION_T,loso_s9,all,1|2|3|4|5|6|7|8,0train,20260925,20,3,4,0.000105844134,0.14251646,0.07992713,0.7774506
s09_0train_r4_t04,9,0train,4,4,4,6123,False,Q13-E005,Q9_SHARED_SOURCE_SESSION_T,loso_s9,all,1|2|3|4|5|6|7|8,0train,20260925,20,4,4,0.000635932,3.1064028e-05,0.01150973,0.98782325
s09_0train_r4_t05,9,0train,4,5,2,8131,False,Q13-E005,Q9_SHARED_SOURCE_SESSION_T,loso_s9,all,1|2|3|4|5|6|7|8,0train,20260925,20,2,4,8.671848e-06,0.014039102,0.094030395,0.8919219
s09_0train_r4_t06,9,0train,4,6,2,10242,False,Q13-E005,Q9_SHARED_SOURCE_SESSION_T,loso_s9,all,1|2|3|4|5|6|7|8,0train,20260925,20,2,4,0.013307401,0.10333763,0.16475016,0.71860486
s09_0train_r4_t07,9,0train,4,7,3,12159,False,Q13-E005,Q9_SHARED_SOURCE_SESSION_T,loso_s9,all,1|2|3|4|5|6|7|8,0train,20260925,20,3,4,0.0021520876,0.00022941353,0.2517363,0.7458822
s09_0train_r4_t08,9,0train,4,8,3,14209,False,Q13-E005,Q9_SHARED_SOURCE_SESSION_T,loso_s9,all,1|2|3|4|5|6|7|8,0train,20260925,20,3,4,2.5181747e-05,2.0009688e-06,0.039101366,0.9608715
s09_0train_r4_t09,9,0train,4,9,1,16140,True,Q13-E005,Q9_SHARED_SOURCE_SESSION_T,loso_s9,all,1|2|3|4|5|6|7|8,0train,20260925,20,1,4,0.052758884,0.00019070116,0.30877474,0.6382757
s09_0train_r4_t10,9,0train,4,10,1,18138,True,Q13-E005,Q9_SHARED_SOURCE_SESSION_T,loso_s9,all,1|2|3|4|5|6|7|8,0train,20260925,20,1,1,0.56527424,0.0018478881,0.3165036,0.11637429
s09_0train_r4_t11,9,0train,4,11,2,20044,True,Q13-E005,Q9_SHARED_SOURCE_SESSION_T,loso_s9,all,1|2|3|4|5|6|7|8,0train,20260925,20,2,4,0.028135592,0.1418816,0.12668239,0.7033004
s09_0train_r4_t12,9,0train,4,12,2,21939,True,Q13-E005,Q9_SHARED_SOURCE_SESSION_T,loso_s9,all,1|2|3|4|5|6|7|8,0train,20260925,20,2,2,0.03701242,0.8097973,0.11983948,0.033350807
s09_0train_r4_t13,9,0train,4,13,1,23911,True,Q13-E005,Q9_SHARED_SOURCE_SESSION_T,loso_s9,all,1|2|3|4|5|6|7|8,0train,20260925,20,1,2,0.060495496,0.80827534,0.11915423,0.01207495
s09_0train_r4_t14,9,0train,4,14,4,25855,True,Q13-E005,Q9_SHARED_SOURCE_SESSION_T,loso_s9,all,1|2|3|4|5|6|7|8,0train,20260925,20,4,4,4.3276003e-05,0.034029167,0.05409962,0.9118279
s09_0train_r4_t15,9,0train,4,15,1,27822,True,Q13-E005,Q9_SHARED_SOURCE_SESSION_T,loso_s9,all,1|2|3|4|5|6|7|8,0train,20260925,20,1,1,0.62540936,0.17495194,0.09255419,0.107084595
s09_0train_r4_t16,9,0train,4,16,2,29942,False,Q13-E005,Q9_SHARED_SOURCE_SESSION_T,loso_s9,all,1|2|3|4|5|6|7|8,0train,20260925,20,2,2,0.09166643,0.82594174,0.011213798,0.071178086
s09_0train_r4_t17,9,0train,4,17,3,31950,False,Q13-E005,Q9_SHARED_SOURCE_SESSION_T,loso_s9,all,1|2|3|4|5|6|7|8,0train,20260925,20,3,4,0.021295251,0.111774,0.27278373,0.594147
s09_0train_r4_t18,9,0train,4,18,1,34016,False,Q13-E005,Q9_SHARED_SOURCE_SESSION_T,loso_s9,all,1|2|3|4|5|6|7|8,0train,20260925,20,1,4,0.1447942,0.046232227,0.31894645,0.49002707
s09_0train_r4_t19,9,0train,4,19,4,36052,False,Q13-E005,Q9_SHARED_SOURCE_SESSION_T,loso_s9,all,1|2|3|4|5|6|7|8,0train,20260925,20,4,4,1.6918931e-06,7.649591e-10,0.005665303,0.994333
s09_0train_r4_t20,9,0train,4,20,2,38118,False,Q13-E005,Q9_SHARED_SOURCE_SESSION_T,loso_s9,all,1|2|3|4|5|6|7|8,0train,20260925,20,2,3,0.017061166,0.05231566,0.63513416,0.2954891
s09_0train_r4_t21,9,0train,4,21,2,40188,False,Q13-E005,Q9_SHARED_SOURCE_SESSION_T,loso_s9,all,1|2|3|4|5|6|7|8,0train,20260925,20,2,2,0.04630935,0.69053054,0.12927714,0.13388298
s09_0train_r4_t22,9,0train,4,22,2,42268,False,Q13-E005,Q9_SHARED_SOURCE_SESSION_T,loso_s9,all,1|2|3|4|5|6|7|8,0train,20260925,20,2,2,0.00011378461,0.9522451,0.010713785,0.036927376
s09_0train_r4_t23,9,0train,4,23,1,44180,False,Q13-E005,Q9_SHARED_SOURCE_SESSION_T,loso_s9,all,1|2|3|4|5|6|7|8,0train,20260925,20,1,4,0.19886845,0.065788925,0.026597587,0.7087451
s09_0train_r4_t24,9,0train,4,24,2,46211,False,Q13-E005,Q9_SHARED_SOURCE_SESSION_T,loso_s9,all,1|2|3|4|5|6|7|8,0train,20260925,20,2,4,6.5178996e-05,1.10526025e-05,0.0052757664,0.99464804
s09_0train_r4_t25,9,0train,4,25,2,48164,False,Q13-E005,Q9_SHARED_SOURCE_SESSION_T,loso_s9,all,1|2|3|4|5|6|7|8,0train,20260925,20,2,2,0.00036412838,0.9597395,0.013973285,0.02592312
s09_0train_r4_t26,9,0train,4,26,1,50125,False,Q13-E005,Q9_SHARED_SOURCE_SESSION_T,loso_s9,all,1|2|3|4|5|6|7|8,0train,20260925,20,1,1,0.4663033,0.28155842,0.18190141,0.070236854
s09_0train_r4_t27,9,0train,4,27,4,52229,False,Q13-E005,Q9_SHARED_SOURCE_SESSION_T,loso_s9,all,1|2|3|4|5|6|7|8,0train,20260925,20,4,4,0.00018115193,0.00013275722,0.0006066996,0.99907935
s09_0train_r4_t28,9,0train,4,28,4,54233,False,Q13-E005,Q9_SHARED_SOURCE_SESSION_T,loso_s9,all,1|2|3|4|5|6|7|8,0train,20260925,20,4,4,0.012510646,0.000104632476,0.12626949,0.8611153
s09_0train_r4_t29,9,0train,4,29,4,56208,False,Q13-E005,Q9_SHARED_SOURCE_SESSION_T,loso_s9,all,1|2|3|4|5|6|7|8,0train,20260925,20,4,4,0.0003157855,3.8417969e-07,0.035187874,0.96449596
s09_0train_r4_t30,9,0train,4,30,1,58234,False,Q13-E005,Q9_SHARED_SOURCE_SESSION_T,loso_s9,all,1|2|3|4|5|6|7|8,0train,20260925,20,1,1,0.5382064,0.10019012,0.044980407,0.31662303
s09_0train_r4_t31,9,0train,4,31,1,60305,True,Q13-E005,Q9_SHARED_SOURCE_SESSION_T,loso_s9,all,1|2|3|4|5|6|7|8,0train,20260925,20,1,1,0.39352274,0.15806681,0.11031157,0.33809894
s09_0train_r4_t32,9,0train,4,32,3,62412,False,Q13-E005,Q9_SHARED_SOURCE_SESSION_T,loso_s9,all,1|2|3|4|5|6|7|8,0train,20260925,20,3,4,0.033050798,5.697765e-05,0.025479686,0.94141257
s09_0train_r4_t33,9,0train,4,33,4,64504,False,Q13-E005,Q9_SHARED_SOURCE_SESSION_T,loso_s9,all,1|2|3|4|5|6|7|8,0train,20260925,20,4,4,3.688108e-05,0.00091077946,0.010573134,0.9884792
s09_0train_r4_t34,9,0train,4,34,4,66595,False,Q13-E005,Q9_SHARED_SOURCE_SESSION_T,loso_s9,all,1|2|3|4|5|6|7|8,0train,20260925,20,4,4,2.116112e-06,1.2442116e-06,0.0023112206,0.99768543
s09_0train_r4_t35,9,0train,4,35,3,68638,False,Q13-E005,Q9_SHARED_SOURCE_SESSION_T,loso_s9,all,1|2|3|4|5|6|7|8,0train,20260925,20,3,4,0.00079770805,3.0144284e-07,0.008435237,0.99076676
s09_0train_r4_t36,9,0train,4,36,2,70702,False,Q13-E005,Q9_SHARED_SOURCE_SESSION_T,loso_s9,all,1|2|3|4|5|6|7|8,0train,20260925,20,2,4,2.7201684e-05,0.0015848895,0.23945333,0.7589346
s09_0train_r4_t37,9,0train,4,37,3,72722,False,Q13-E005,Q9_SHARED_SOURCE_SESSION_T,loso_s9,all,1|2|3|4|5|6|7|8,0train,20260925,20,3,4,0.00017394149,0.13483027,0.024878874,0.84011686
s09_0train_r4_t38,9,0train,4,38,4,74694,False,Q13-E005,Q9_SHARED_SOURCE_SESSION_T,loso_s9,all,1|2|3|4|5|6|7|8,0train,20260925,20,4,4,0.0016660551,0.019582847,0.01297139,0.96577984
s09_0train_r4_t39,9,0train,4,39,4,76657,False,Q13-E005,Q9_SHARED_SOURCE_SESSION_T,loso_s9,all,1|2|3|4|5|6|7|8,0train,20260925,20,4,4,0.025885317,1.5389945e-05,0.02259096,0.9515082
s09_0train_r4_t40,9,0train,4,40,1,78582,False,Q13-E005,Q9_SHARED_SOURCE_SESSION_T,loso_s9,all,1|2|3|4|5|6|7|8,0train,20260925,20,1,4,0.36590582,2.8693335e-05,0.02368805,0.6103775
s09_0train_r4_t41,9,0train,4,41,3,80663,True,Q13-E005,Q9_SHARED_SOURCE_SESSION_T,loso_s9,all,1|2|3|4|5|6|7|8,0train,20260925,20,3,4,0.000163491,0.00063437317,0.08103807,0.918164
s09_0train_r4_t42,9,0train,4,42,3,82641,False,Q13-E005,Q9_SHARED_SOURCE_SESSION_T,loso_s9,all,1|2|3|4|5|6|7|8,0train,20260925,20,3,4,0.0004780652,7.2065545e-06,0.08816408,0.9113507
s09_0train_r4_t43,9,0train,4,43,3,84631,False,Q13-E005,Q9_SHARED_SOURCE_SESSION_T,loso_s9,all,1|2|3|4|5|6|7|8,0train,20260925,20,3,4,0.0069080675,0.00039643995,0.118477255,0.8742182
s09_0train_r4_t44,9,0train,4,44,3,86750,False,Q13-E005,Q9_SHARED_SOURCE_SESSION_T,loso_s9,all,1|2|3|4|5|6|7|8,0train,20260925,20,3,4,0.050397724,6.847385e-08,0.03425377,0.9153484
s09_0train_r4_t45,9,0train,4,45,1,88656,False,Q13-E005,Q9_SHARED_SOURCE_SESSION_T,loso_s9,all,1|2|3|4|5|6|7|8,0train,20260925,20,1,2,0.13508716,0.5992248,0.10685349,0.15883456
s09_0train_r4_t46,9,0train,4,46,3,90584,False,Q13-E005,Q9_SHARED_SOURCE_SESSION_T,loso_s9,all,1|2|3|4|5|6|7|8,0train,20260925,20,3,4,1.3614391e-05,0.00044126343,0.024454597,0.9750905
s09_0train_r4_t47,9,0train,4,47,2,92698,False,Q13-E005,Q9_SHARED_SOURCE_SESSION_T,loso_s9,all,1|2|3|4|5|6|7|8,0train,20260925,20,2,4,0.003862985,0.005314396,0.11318662,0.877636
s09_0train_r4_t48,9,0train,4,48,4,94757,True,Q13-E005,Q9_SHARED_SOURCE_SESSION_T,loso_s9,all,1|2|3|4|5|6|7|8,0train,20260925,20,4,4,0.037973937,4.5696374e-06,0.0040198094,0.95800173
s09_0train_r5_t01,9,0train,5,1,1,250,False,Q13-E005,Q9_SHARED_SOURCE_SESSION_T,loso_s9,all,1|2|3|4|5|6|7|8,0train,20260925,20,1,2,0.23964654,0.2984602,0.2785863,0.18330704
s09_0train_r5_t02,9,0train,5,2,1,2253,False,Q13-E005,Q9_SHARED_SOURCE_SESSION_T,loso_s9,all,1|2|3|4|5|6|7|8,0train,20260925,20,1,1,0.38024494,0.14567581,0.19265772,0.28142157
s09_0train_r5_t03,9,0train,5,3,3,4171,False,Q13-E005,Q9_SHARED_SOURCE_SESSION_T,loso_s9,all,1|2|3|4|5|6|7|8,0train,20260925,20,3,4,0.10580986,0.05454598,0.27383012,0.565814
s09_0train_r5_t04,9,0train,5,4,3,6123,False,Q13-E005,Q9_SHARED_SOURCE_SESSION_T,loso_s9,all,1|2|3|4|5|6|7|8,0train,20260925,20,3,4,0.00030526475,1.4619946e-05,0.027250208,0.9724299
s09_0train_r5_t05,9,0train,5,5,1,8131,False,Q13-E005,Q9_SHARED_SOURCE_SESSION_T,loso_s9,all,1|2|3|4|5|6|7|8,0train,20260925,20,1,4,0.33163697,1.636357e-05,0.12570691,0.5426398
s09_0train_r5_t06,9,0train,5,6,3,10242,False,Q13-E005,Q9_SHARED_SOURCE_SESSION_T,loso_s9,all,1|2|3|4|5|6|7|8,0train,20260925,20,3,4,0.055282224,7.230791e-05,0.057927623,0.88671786
s09_0train_r5_t07,9,0train,5,7,3,12159,False,Q13-E005,Q9_SHARED_SOURCE_SESSION_T,loso_s9,all,1|2|3|4|5|6|7|8,0train,20260925,20,3,4,1.1298865e-05,1.11001135e-07,0.0068354816,0.9931531
s09_0train_r5_t08,9,0train,5,8,4,14209,False,Q13-E005,Q9_SHARED_SOURCE_SESSION_T,loso_s9,all,1|2|3|4|5|6|7|8,0train,20260925,20,4,4,6.472941e-05,2.0696508e-08,0.016779305,0.98315597
s09_0train_r5_t09,9,0train,5,9,2,16140,True,Q13-E005,Q9_SHARED_SOURCE_SESSION_T,loso_s9,all,1|2|3|4|5|6|7|8,0train,20260925,20,2,4,0.0030003742,0.010145045,0.043995075,0.94285953
s09_0train_r5_t10,9,0train,5,10,2,18138,False,Q13-E005,Q9_SHARED_SOURCE_SESSION_T,loso_s9,all,1|2|3|4|5|6|7|8,0train,20260925,20,2,2,0.0005337117,0.8888089,0.032042008,0.0786153
s09_0train_r5_t11,9,0train,5,11,4,20044,False,Q13-E005,Q9_SHARED_SOURCE_SESSION_T,loso_s9,all,1|2|3|4|5|6|7|8,0train,20260925,20,4,4,0.0011169673,8.420102e-06,0.006848528,0.99202603
s09_0train_r5_t12,9,0train,5,12,2,21939,False,Q13-E005,Q9_SHARED_SOURCE_SESSION_T,loso_s9,all,1|2|3|4|5|6|7|8,0train,20260925,20,2,4,1.8282253e-05,0.0016598727,0.08414543,0.9141764
s09_0train_r5_t13,9,0train,5,13,3,23911,False,Q13-E005,Q9_SHARED_SOURCE_SESSION_T,loso_s9,all,1|2|3|4|5|6|7|8,0train,20260925,20,3,4,0.013506397,9.568836e-08,0.042297453,0.94419605
s09_0train_r5_t14,9,0train,5,14,4,25855,False,Q13-E005,Q9_SHARED_SOURCE_SESSION_T,loso_s9,all,1|2|3|4|5|6|7|8,0train,20260925,20,4,4,1.0845616e-05,7.9825215e-05,0.010415069,0.98949426
s09_0train_r5_t15,9,0train,5,15,3,27822,False,Q13-E005,Q9_SHARED_SOURCE_SESSION_T,loso_s9,all,1|2|3|4|5|6|7|8,0train,20260925,20,3,4,0.08591541,9.939387e-07,0.13183479,0.78224874
s09_0train_r5_t16,9,0train,5,16,2,29942,False,Q13-E005,Q9_SHARED_SOURCE_SESSION_T,loso_s9,all,1|2|3|4|5|6|7|8,0train,20260925,20,2,4,0.0007388744,0.0017941587,0.16069587,0.83677113
s09_0train_r5_t17,9,0train,5,17,1,31950,True,Q13-E005,Q9_SHARED_SOURCE_SESSION_T,loso_s9,all,1|2|3|4|5|6|7|8,0train,20260925,20,1,4,0.026610231,0.00035249346,0.038780164,0.93425715
s09_0train_r5_t18,9,0train,5,18,2,34016,False,Q13-E005,Q9_SHARED_SOURCE_SESSION_T,loso_s9,all,1|2|3|4|5|6|7|8,0train,20260925,20,2,2,0.058814052,0.6761287,0.11920974,0.14584756
s09_0train_r5_t19,9,0train,5,19,4,36052,True,Q13-E005,Q9_SHARED_SOURCE_SESSION_T,loso_s9,all,1|2|3|4|5|6|7|8,0train,20260925,20,4,4,0.0008266491,1.13503155e-07,0.019600302,0.97957295
s09_0train_r5_t20,9,0train,5,20,1,38118,False,Q13-E005,Q9_SHARED_SOURCE_SESSION_T,loso_s9,all,1|2|3|4|5|6|7|8,0train,20260925,20,1,1,0.8734144,0.011649245,0.029430544,0.08550582
s09_0train_r5_t21,9,0train,5,21,3,40188,False,Q13-E005,Q9_SHARED_SOURCE_SESSION_T,loso_s9,all,1|2|3|4|5|6|7|8,0train,20260925,20,3,4,3.6829493e-05,0.0025428971,0.111658774,0.88576144
s09_0train_r5_t22,9,0train,5,22,2,42268,False,Q13-E005,Q9_SHARED_SOURCE_SESSION_T,loso_s9,all,1|2|3|4|5|6|7|8,0train,20260925,20,2,4,0.00030236246,2.2722265e-06,0.0068927626,0.99280256
s09_0train_r5_t23,9,0train,5,23,3,44180,False,Q13-E005,Q9_SHARED_SOURCE_SESSION_T,loso_s9,all,1|2|3|4|5|6|7|8,0train,20260925,20,3,4,9.125636e-07,7.133201e-07,0.0013430766,0.9986553
s09_0train_r5_t24,9,0train,5,24,4,46211,False,Q13-E005,Q9_SHARED_SOURCE_SESSION_T,loso_s9,all,1|2|3|4|5|6|7|8,0train,20260925,20,4,4,0.0026630934,0.004524376,0.14940631,0.84340626
s09_0train_r5_t25,9,0train,5,25,1,48164,False,Q13-E005,Q9_SHARED_SOURCE_SESSION_T,loso_s9,all,1|2|3|4|5|6|7|8,0train,20260925,20,1,4,0.034984194,1.9330831e-05,0.037817877,0.92717856
s09_0train_r5_t26,9,0train,5,26,1,50125,True,Q13-E005,Q9_SHARED_SOURCE_SESSION_T,loso_s9,all,1|2|3|4|5|6|7|8,0train,20260925,20,1,1,0.64410335,0.02386627,0.17168152,0.16034889
s09_0train_r5_t27,9,0train,5,27,2,52229,False,Q13-E005,Q9_SHARED_SOURCE_SESSION_T,loso_s9,all,1|2|3|4|5|6|7|8,0train,20260925,20,2,4,8.919778e-06,1.0827805e-06,0.0008833673,0.9991066
s09_0train_r5_t28,9,0train,5,28,4,54233,False,Q13-E005,Q9_SHARED_SOURCE_SESSION_T,loso_s9,all,1|2|3|4|5|6|7|8,0train,20260925,20,4,4,8.85935e-05,4.907561e-05,0.009516836,0.9903454
s09_0train_r5_t29,9,0train,5,29,1,56208,True,Q13-E005,Q9_SHARED_SOURCE_SESSION_T,loso_s9,all,1|2|3|4|5|6|7|8,0train,20260925,20,1,4,0.032579854,0.19604793,0.21729885,0.5540734
s09_0train_r5_t30,9,0train,5,30,4,58234,False,Q13-E005,Q9_SHARED_SOURCE_SESSION_T,loso_s9,all,1|2|3|4|5|6|7|8,0train,20260925,20,4,4,0.00067144854,0.00018838973,0.025303872,0.97383624
s09_0train_r5_t31,9,0train,5,31,2,60305,False,Q13-E005,Q9_SHARED_SOURCE_SESSION_T,loso_s9,all,1|2|3|4|5|6|7|8,0train,20260925,20,2,2,0.00010263336,0.5337737,0.051991057,0.4141326
s09_0train_r5_t32,9,0train,5,32,2,62412,False,Q13-E005,Q9_SHARED_SOURCE_SESSION_T,loso_s9,all,1|2|3|4|5|6|7|8,0train,20260925,20,2,4,0.033776637,0.02839657,0.324206,0.61362076
s09_0train_r5_t33,9,0train,5,33,3,64504,False,Q13-E005,Q9_SHARED_SOURCE_SESSION_T,loso_s9,all,1|2|3|4|5|6|7|8,0train,20260925,20,3,3,0.00068167085,0.006399761,0.6270789,0.36583966
s09_0train_r5_t34,9,0train,5,34,3,66595,False,Q13-E005,Q9_SHARED_SOURCE_SESSION_T,loso_s9,all,1|2|3|4|5|6|7|8,0train,20260925,20,3,4,0.006166354,2.0217565e-10,0.0011501791,0.9926835
s09_0train_r5_t35,9,0train,5,35,4,68638,False,Q13-E005,Q9_SHARED_SOURCE_SESSION_T,loso_s9,all,1|2|3|4|5|6|7|8,0train,20260925,20,4,4,0.0062962933,0.16581565,0.27107215,0.5568159
s09_0train_r5_t36,9,0train,5,36,4,70702,False,Q13-E005,Q9_SHARED_SOURCE_SESSION_T,loso_s9,all,1|2|3|4|5|6|7|8,0train,20260925,20,4,4,0.0064519155,0.032466643,0.07532599,0.8857554
s09_0train_r5_t37,9,0train,5,37,3,72722,True,Q13-E005,Q9_SHARED_SOURCE_SESSION_T,loso_s9,all,1|2|3|4|5|6|7|8,0train,20260925,20,3,4,0.006357022,1.6237427e-05,0.061582174,0.93204457
s09_0train_r5_t38,9,0train,5,38,1,74694,False,Q13-E005,Q9_SHARED_SOURCE_SESSION_T,loso_s9,all,1|2|3|4|5|6|7|8,0train,20260925,20,1,1,0.4164402,0.006383549,0.19403023,0.383146
s09_0train_r5_t39,9,0train,5,39,1,76657,False,Q13-E005,Q9_SHARED_SOURCE_SESSION_T,loso_s9,all,1|2|3|4|5|6|7|8,0train,20260925,20,1,1,0.33152774,0.2489922,0.10255744,0.31692263
s09_0train_r5_t40,9,0train,5,40,2,78582,False,Q13-E005,Q9_SHARED_SOURCE_SESSION_T,loso_s9,all,1|2|3|4|5|6|7|8,0train,20260925,20,2,4,4.1998387e-06,0.036173712,0.019320007,0.9445021
s09_0train_r5_t41,9,0train,5,41,1,80663,False,Q13-E005,Q9_SHARED_SOURCE_SESSION_T,loso_s9,all,1|2|3|4|5|6|7|8,0train,20260925,20,1,4,0.22168742,1.6606347e-06,0.32651663,0.45179433
s09_0train_r5_t42,9,0train,5,42,4,82641,False,Q13-E005,Q9_SHARED_SOURCE_SESSION_T,loso_s9,all,1|2|3|4|5|6|7|8,0train,20260925,20,4,4,5.137166e-06,0.00019104562,0.030994328,0.96880955
s09_0train_r5_t43,9,0train,5,43,2,84631,False,Q13-E005,Q9_SHARED_SOURCE_SESSION_T,loso_s9,all,1|2|3|4|5|6|7|8,0train,20260925,20,2,4,8.067073e-07,0.27271548,0.023150118,0.70413357
s09_0train_r5_t44,9,0train,5,44,4,86750,False,Q13-E005,Q9_SHARED_SOURCE_SESSION_T,loso_s9,all,1|2|3|4|5|6|7|8,0train,20260925,20,4,4,1.2503377e-05,0.00037995548,0.033350784,0.96625674
s09_0train_r5_t45,9,0train,5,45,4,88656,False,Q13-E005,Q9_SHARED_SOURCE_SESSION_T,loso_s9,all,1|2|3|4|5|6|7|8,0train,20260925,20,4,4,0.050369635,3.1032773e-06,0.074251525,0.8753757
s09_0train_r5_t46,9,0train,5,46,1,90584,False,Q13-E005,Q9_SHARED_SOURCE_SESSION_T,loso_s9,all,1|2|3|4|5|6|7|8,0train,20260925,20,1,2,0.32466787,0.42136112,0.16276589,0.09120508
s09_0train_r5_t47,9,0train,5,47,2,92698,False,Q13-E005,Q9_SHARED_SOURCE_SESSION_T,loso_s9,all,1|2|3|4|5|6|7|8,0train,20260925,20,2,4,1.8055562e-05,0.00021524393,0.043214407,0.9565522
s09_0train_r5_t48,9,0train,5,48,3,94757,False,Q13-E005,Q9_SHARED_SOURCE_SESSION_T,loso_s9,all,1|2|3|4|5|6|7|8,0train,20260925,20,3,4,0.002884703,1.285368e-05,0.17660154,0.82050097
s09_1test_r0_t01,9,1test,0,1,1,250,False,Q13-E005,Q9_SHARED_SOURCE_SESSION_T,loso_s9,all,1|2|3|4|5|6|7|8,0train,20260925,20,1,1,0.69553256,0.21591237,0.012690843,0.07586426
s09_1test_r0_t02,9,1test,0,2,2,2253,False,Q13-E005,Q9_SHARED_SOURCE_SESSION_T,loso_s9,all,1|2|3|4|5|6|7|8,0train,20260925,20,2,2,0.0005759099,0.9895154,0.0066446317,0.0032640726
s09_1test_r0_t03,9,1test,0,3,2,4171,False,Q13-E005,Q9_SHARED_SOURCE_SESSION_T,loso_s9,all,1|2|3|4|5|6|7|8,0train,20260925,20,2,2,1.2619523e-05,0.9993063,0.0004517616,0.00022937129
s09_1test_r0_t04,9,1test,0,4,1,6123,False,Q13-E005,Q9_SHARED_SOURCE_SESSION_T,loso_s9,all,1|2|3|4|5|6|7|8,0train,20260925,20,1,2,0.22537677,0.638398,0.029178945,0.10704627
s09_1test_r0_t05,9,1test,0,5,2,8131,False,Q13-E005,Q9_SHARED_SOURCE_SESSION_T,loso_s9,all,1|2|3|4|5|6|7|8,0train,20260925,20,2,2,2.7156332e-07,0.942204,0.010203881,0.04759188
s09_1test_r0_t06,9,1test,0,6,1,10242,False,Q13-E005,Q9_SHARED_SOURCE_SESSION_T,loso_s9,all,1|2|3|4|5|6|7|8,0train,20260925,20,1,2,0.19081654,0.7248977,0.03180251,0.05248324
s09_1test_r0_t07,9,1test,0,7,2,12159,False,Q13-E005,Q9_SHARED_SOURCE_SESSION_T,loso_s9,all,1|2|3|4|5|6|7|8,0train,20260925,20,2,2,2.5233355e-06,0.9935842,0.003632623,0.002780583
s09_1test_r0_t08,9,1test,0,8,3,14209,False,Q13-E005,Q9_SHARED_SOURCE_SESSION_T,loso_s9,all,1|2|3|4|5|6|7|8,0train,20260925,20,3,2,9.582559e-06,0.9752274,0.015731389,0.009031567
s09_1test_r0_t09,9,1test,0,9,2,16140,False,Q13-E005,Q9_SHARED_SOURCE_SESSION_T,loso_s9,all,1|2|3|4|5|6|7|8,0train,20260925,20,2,2,0.001092258,0.9103587,0.011890959,0.0766581
s09_1test_r0_t10,9,1test,0,10,4,18138,False,Q13-E005,Q9_SHARED_SOURCE_SESSION_T,loso_s9,all,1|2|3|4|5|6|7|8,0train,20260925,20,4,4,4.942996e-06,3.8338752e-07,0.00075735676,0.9992373
s09_1test_r0_t11,9,1test,0,11,1,20044,False,Q13-E005,Q9_SHARED_SOURCE_SESSION_T,loso_s9,all,1|2|3|4|5|6|7|8,0train,20260925,20,1,2,0.04901565,0.8518135,0.00523833,0.093932524
s09_1test_r0_t12,9,1test,0,12,3,21939,False,Q13-E005,Q9_SHARED_SOURCE_SESSION_T,loso_s9,all,1|2|3|4|5|6|7|8,0train,20260925,20,3,2,0.012782289,0.9027217,0.07314005,0.011355994
s09_1test_r0_t13,9,1test,0,13,2,23911,False,Q13-E005,Q9_SHARED_SOURCE_SESSION_T,loso_s9,all,1|2|3|4|5|6|7|8,0train,20260925,20,2,2,0.00016526932,0.991572,0.004087302,0.004175516
s09_1test_r0_t14,9,1test,0,14,1,25855,False,Q13-E005,Q9_SHARED_SOURCE_SESSION_T,loso_s9,all,1|2|3|4|5|6|7|8,0train,20260925,20,1,1,0.64743197,0.17794912,0.10376999,0.07084885
s09_1test_r0_t15,9,1test,0,15,4,27822,False,Q13-E005,Q9_SHARED_SOURCE_SESSION_T,loso_s9,all,1|2|3|4|5|6|7|8,0train,20260925,20,4,4,1.2931849e-06,0.00046356273,0.0066473573,0.9928878
s09_1test_r0_t16,9,1test,0,16,4,29942,True,Q13-E005,Q9_SHARED_SOURCE_SESSION_T,loso_s9,all,1|2|3|4|5|6|7|8,0train,20260925,20,4,4,1.8581278e-06,5.4389083e-08,0.0020313484,0.99796677
s09_1test_r0_t17,9,1test,0,17,4,31950,False,Q13-E005,Q9_SHARED_SOURCE_SESSION_T,loso_s9,all,1|2|3|4|5|6|7|8,0train,20260925,20,4,4,8.1100196e-05,3.4263908e-06,0.007896803,0.99201864
s09_1test_r0_t18,9,1test,0,18,4,34016,False,Q13-E005,Q9_SHARED_SOURCE_SESSION_T,loso_s9,all,1|2|3|4|5|6|7|8,0train,20260925,20,4,4,0.0002940019,8.170266e-07,0.01597534,0.9837299
s09_1test_r0_t19,9,1test,0,19,4,36052,False,Q13-E005,Q9_SHARED_SOURCE_SESSION_T,loso_s9,all,1|2|3|4|5|6|7|8,0train,20260925,20,4,4,3.0338375e-05,0.0006109438,0.08119066,0.918168
s09_1test_r0_t20,9,1test,0,20,1,38118,False,Q13-E005,Q9_SHARED_SOURCE_SESSION_T,loso_s9,all,1|2|3|4|5|6|7|8,0train,20260925,20,1,2,0.083022095,0.84424937,0.03070617,0.042022277
s09_1test_r0_t21,9,1test,0,21,3,40188,False,Q13-E005,Q9_SHARED_SOURCE_SESSION_T,loso_s9,all,1|2|3|4|5|6|7|8,0train,20260925,20,3,2,0.034837082,0.41527203,0.17919523,0.37069568
s09_1test_r0_t22,9,1test,0,22,2,42268,False,Q13-E005,Q9_SHARED_SOURCE_SESSION_T,loso_s9,all,1|2|3|4|5|6|7|8,0train,20260925,20,2,2,0.0010122688,0.9771119,0.0064656665,0.015410144
s09_1test_r0_t23,9,1test,0,23,1,44180,False,Q13-E005,Q9_SHARED_SOURCE_SESSION_T,loso_s9,all,1|2|3|4|5|6|7|8,0train,20260925,20,1,4,0.22382054,0.3166638,0.09180209,0.36771357
s09_1test_r0_t24,9,1test,0,24,1,46211,False,Q13-E005,Q9_SHARED_SOURCE_SESSION_T,loso_s9,all,1|2|3|4|5|6|7|8,0train,20260925,20,1,1,0.47232968,0.08363322,0.23355639,0.2104807
s09_1test_r0_t25,9,1test,0,25,3,48164,False,Q13-E005,Q9_SHARED_SOURCE_SESSION_T,loso_s9,all,1|2|3|4|5|6|7|8,0train,20260925,20,3,4,2.8269415e-05,0.00077365333,0.0019038585,0.99729425
s09_1test_r0_t26,9,1test,0,26,4,50125,False,Q13-E005,Q9_SHARED_SOURCE_SESSION_T,loso_s9,all,1|2|3|4|5|6|7|8,0train,20260925,20,4,4,0.00027386352,9.933158e-06,0.0025214627,0.99719465
s09_1test_r0_t27,9,1test,0,27,1,52229,False,Q13-E005,Q9_SHARED_SOURCE_SESSION_T,loso_s9,all,1|2|3|4|5|6|7|8,0train,20260925,20,1,1,0.80914557,0.08096764,0.022317225,0.08756955
s09_1test_r0_t28,9,1test,0,28,3,54233,False,Q13-E005,Q9_SHARED_SOURCE_SESSION_T,loso_s9,all,1|2|3|4|5|6|7|8,0train,20260925,20,3,4,1.1483679e-05,9.777409e-06,0.0047315173,0.9952473
s09_1test_r0_t29,9,1test,0,29,3,56208,False,Q13-E005,Q9_SHARED_SOURCE_SESSION_T,loso_s9,all,1|2|3|4|5|6|7|8,0train,20260925,20,3,2,0.0764489,0.8295511,0.052079372,0.041920666
s09_1test_r0_t30,9,1test,0,30,3,58234,False,Q13-E005,Q9_SHARED_SOURCE_SESSION_T,loso_s9,all,1|2|3|4|5|6|7|8,0train,20260925,20,3,4,8.559499e-05,3.9598106e-07,0.07288052,0.9270335
s09_1test_r0_t31,9,1test,0,31,1,60305,False,Q13-E005,Q9_SHARED_SOURCE_SESSION_T,loso_s9,all,1|2|3|4|5|6|7|8,0train,20260925,20,1,2,0.37821186,0.46685103,0.087856226,0.06708086
s09_1test_r0_t32,9,1test,0,32,2,62412,True,Q13-E005,Q9_SHARED_SOURCE_SESSION_T,loso_s9,all,1|2|3|4|5|6|7|8,0train,20260925,20,2,4,0.0010828999,0.23366423,0.033343196,0.73190963
s09_1test_r0_t33,9,1test,0,33,1,64504,False,Q13-E005,Q9_SHARED_SOURCE_SESSION_T,loso_s9,all,1|2|3|4|5|6|7|8,0train,20260925,20,1,2,0.105670944,0.63588274,0.0100235455,0.24842282
s09_1test_r0_t34,9,1test,0,34,2,66595,False,Q13-E005,Q9_SHARED_SOURCE_SESSION_T,loso_s9,all,1|2|3|4|5|6|7|8,0train,20260925,20,2,4,0.010100041,0.17594455,0.21229807,0.60165733
s09_1test_r0_t35,9,1test,0,35,2,68638,False,Q13-E005,Q9_SHARED_SOURCE_SESSION_T,loso_s9,all,1|2|3|4|5|6|7|8,0train,20260925,20,2,2,5.6779645e-05,0.83254397,0.06701272,0.100386575
s09_1test_r0_t36,9,1test,0,36,1,70702,False,Q13-E005,Q9_SHARED_SOURCE_SESSION_T,loso_s9,all,1|2|3|4|5|6|7|8,0train,20260925,20,1,1,0.60064715,0.111260876,0.1758029,0.11228906
s09_1test_r0_t37,9,1test,0,37,2,72722,False,Q13-E005,Q9_SHARED_SOURCE_SESSION_T,loso_s9,all,1|2|3|4|5|6|7|8,0train,20260925,20,2,4,0.0012667545,0.41214606,0.098935276,0.48765188
s09_1test_r0_t38,9,1test,0,38,3,74694,False,Q13-E005,Q9_SHARED_SOURCE_SESSION_T,loso_s9,all,1|2|3|4|5|6|7|8,0train,20260925,20,3,4,0.0015649139,3.9113147e-06,0.06404464,0.9343865
s09_1test_r0_t39,9,1test,0,39,2,76657,True,Q13-E005,Q9_SHARED_SOURCE_SESSION_T,loso_s9,all,1|2|3|4|5|6|7|8,0train,20260925,20,2,2,4.468696e-05,0.9940916,0.0026915884,0.0031721964
s09_1test_r0_t40,9,1test,0,40,3,78582,False,Q13-E005,Q9_SHARED_SOURCE_SESSION_T,loso_s9,all,1|2|3|4|5|6|7|8,0train,20260925,20,3,4,0.09057742,9.905074e-07,0.03812971,0.8712919
s09_1test_r0_t41,9,1test,0,41,3,80663,False,Q13-E005,Q9_SHARED_SOURCE_SESSION_T,loso_s9,all,1|2|3|4|5|6|7|8,0train,20260925,20,3,4,0.033263724,7.3433343e-06,0.28941613,0.6773128
s09_1test_r0_t42,9,1test,0,42,4,82641,False,Q13-E005,Q9_SHARED_SOURCE_SESSION_T,loso_s9,all,1|2|3|4|5|6|7|8,0train,20260925,20,4,4,9.876134e-06,2.1658985e-07,0.0015971889,0.99839264
s09_1test_r0_t43,9,1test,0,43,3,84631,False,Q13-E005,Q9_SHARED_SOURCE_SESSION_T,loso_s9,all,1|2|3|4|5|6|7|8,0train,20260925,20,3,4,0.000116098345,0.00016823995,0.051426195,0.9482895
s09_1test_r0_t44,9,1test,0,44,3,86750,False,Q13-E005,Q9_SHARED_SOURCE_SESSION_T,loso_s9,all,1|2|3|4|5|6|7|8,0train,20260925,20,3,3,0.0110583855,0.17970419,0.4366381,0.3725993
s09_1test_r0_t45,9,1test,0,45,4,88656,False,Q13-E005,Q9_SHARED_SOURCE_SESSION_T,loso_s9,all,1|2|3|4|5|6|7|8,0train,20260925,20,4,4,0.000112167676,0.00065364956,0.02866674,0.97056746
s09_1test_r0_t46,9,1test,0,46,4,90584,False,Q13-E005,Q9_SHARED_SOURCE_SESSION_T,loso_s9,all,1|2|3|4|5|6|7|8,0train,20260925,20,4,4,0.012156695,0.26510665,0.11817377,0.60456294
s09_1test_r0_t47,9,1test,0,47,4,92698,False,Q13-E005,Q9_SHARED_SOURCE_SESSION_T,loso_s9,all,1|2|3|4|5|6|7|8,0train,20260925,20,4,4,0.0010249764,1.0699196e-06,0.03136296,0.967611
s09_1test_r0_t48,9,1test,0,48,4,94757,False,Q13-E005,Q9_SHARED_SOURCE_SESSION_T,loso_s9,all,1|2|3|4|5|6|7|8,0train,20260925,20,4,4,2.6833028e-05,3.7380193e-11,0.00041954665,0.9995536
s09_1test_r1_t01,9,1test,1,1,4,250,False,Q13-E005,Q9_SHARED_SOURCE_SESSION_T,loso_s9,all,1|2|3|4|5|6|7|8,0train,20260925,20,4,4,3.8993207e-07,0.0017838617,0.013906621,0.9843091
s09_1test_r1_t02,9,1test,1,2,3,2253,False,Q13-E005,Q9_SHARED_SOURCE_SESSION_T,loso_s9,all,1|2|3|4|5|6|7|8,0train,20260925,20,3,4,0.046830155,0.00025899112,0.2115205,0.7413904
s09_1test_r1_t03,9,1test,1,3,2,4171,False,Q13-E005,Q9_SHARED_SOURCE_SESSION_T,loso_s9,all,1|2|3|4|5|6|7|8,0train,20260925,20,2,2,4.2311705e-05,0.998387,0.0008050891,0.0007656161
s09_1test_r1_t04,9,1test,1,4,1,6123,False,Q13-E005,Q9_SHARED_SOURCE_SESSION_T,loso_s9,all,1|2|3|4|5|6|7|8,0train,20260925,20,1,1,0.480844,0.31275776,0.0935618,0.112836376
s09_1test_r1_t05,9,1test,1,5,1,8131,False,Q13-E005,Q9_SHARED_SOURCE_SESSION_T,loso_s9,all,1|2|3|4|5|6|7|8,0train,20260925,20,1,1,0.41127047,0.3481444,0.13940114,0.101183884
s09_1test_r1_t06,9,1test,1,6,2,10242,False,Q13-E005,Q9_SHARED_SOURCE_SESSION_T,loso_s9,all,1|2|3|4|5|6|7|8,0train,20260925,20,2,2,3.0102713e-06,0.99519324,0.001268025,0.0035357692
s09_1test_r1_t07,9,1test,1,7,3,12159,False,Q13-E005,Q9_SHARED_SOURCE_SESSION_T,loso_s9,all,1|2|3|4|5|6|7|8,0train,20260925,20,3,4,0.03700045,5.983358e-06,0.023279723,0.9397139
s09_1test_r1_t08,9,1test,1,8,4,14209,False,Q13-E005,Q9_SHARED_SOURCE_SESSION_T,loso_s9,all,1|2|3|4|5|6|7|8,0train,20260925,20,4,4,9.750618e-06,5.1115905e-05,0.008007444,0.99193174
s09_1test_r1_t09,9,1test,1,9,2,16140,False,Q13-E005,Q9_SHARED_SOURCE_SESSION_T,loso_s9,all,1|2|3|4|5|6|7|8,0train,20260925,20,2,4,0.00013168847,0.009666361,0.025603745,0.9645982
s09_1test_r1_t10,9,1test,1,10,3,18138,False,Q13-E005,Q9_SHARED_SOURCE_SESSION_T,loso_s9,all,1|2|3|4|5|6|7|8,0train,20260925,20,3,4,0.009688544,3.1814982e-09,0.007274263,0.9830372
s09_1test_r1_t11,9,1test,1,11,1,20044,True,Q13-E005,Q9_SHARED_SOURCE_SESSION_T,loso_s9,all,1|2|3|4|5|6|7|8,0train,20260925,20,1,2,0.4309146,0.43204063,0.060581464,0.076463245
s09_1test_r1_t12,9,1test,1,12,1,21939,False,Q13-E005,Q9_SHARED_SOURCE_SESSION_T,loso_s9,all,1|2|3|4|5|6|7|8,0train,20260925,20,1,1,0.7705142,0.071918026,0.103868954,0.053698797
s09_1test_r1_t13,9,1test,1,13,1,23911,False,Q13-E005,Q9_SHARED_SOURCE_SESSION_T,loso_s9,all,1|2|3|4|5|6|7|8,0train,20260925,20,1,1,0.4581714,0.0871189,0.0837841,0.3709256
s09_1test_r1_t14,9,1test,1,14,4,25855,False,Q13-E005,Q9_SHARED_SOURCE_SESSION_T,loso_s9,all,1|2|3|4|5|6|7|8,0train,20260925,20,4,4,2.8094535e-05,4.92468e-06,0.0087372335,0.9912298
s09_1test_r1_t15,9,1test,1,15,2,27822,False,Q13-E005,Q9_SHARED_SOURCE_SESSION_T,loso_s9,all,1|2|3|4|5|6|7|8,0train,20260925,20,2,2,0.001237631,0.97159314,0.015782325,0.011386949
s09_1test_r1_t16,9,1test,1,16,2,29942,False,Q13-E005,Q9_SHARED_SOURCE_SESSION_T,loso_s9,all,1|2|3|4|5|6|7|8,0train,20260925,20,2,4,0.0006203151,0.15005499,0.040225733,0.80909896
s09_1test_r1_t17,9,1test,1,17,1,31950,False,Q13-E005,Q9_SHARED_SOURCE_SESSION_T,loso_s9,all,1|2|3|4|5|6|7|8,0train,20260925,20,1,4,0.026112111,0.30868033,0.11857398,0.54663354
s09_1test_r1_t18,9,1test,1,18,1,34016,False,Q13-E005,Q9_SHARED_SOURCE_SESSION_T,loso_s9,all,1|2|3|4|5|6|7|8,0train,20260925,20,1,2,0.3047102,0.37350097,0.0488211,0.2729678
s09_1test_r1_t19,9,1test,1,19,3,36052,False,Q13-E005,Q9_SHARED_SOURCE_SESSION_T,loso_s9,all,1|2|3|4|5|6|7|8,0train,20260925,20,3,4,0.0006222588,0.0006597885,0.13939981,0.8593181
s09_1test_r1_t20,9,1test,1,20,1,38118,False,Q13-E005,Q9_SHARED_SOURCE_SESSION_T,loso_s9,all,1|2|3|4|5|6|7|8,0train,20260925,20,1,2,0.070240356,0.8120129,0.057201628,0.060545195
s09_1test_r1_t21,9,1test,1,21,2,40188,False,Q13-E005,Q9_SHARED_SOURCE_SESSION_T,loso_s9,all,1|2|3|4|5|6|7|8,0train,20260925,20,2,2,0.0005327973,0.93383425,0.019460902,0.046171974
s09_1test_r1_t22,9,1test,1,22,4,42268,False,Q13-E005,Q9_SHARED_SOURCE_SESSION_T,loso_s9,all,1|2|3|4|5|6|7|8,0train,20260925,20,4,4,1.3414665e-05,1.36957715e-05,0.0015890345,0.9983839
s09_1test_r1_t23,9,1test,1,23,4,44180,False,Q13-E005,Q9_SHARED_SOURCE_SESSION_T,loso_s9,all,1|2|3|4|5|6|7|8,0train,20260925,20,4,4,0.0021097986,0.0032238215,0.17216328,0.8225031
s09_1test_r1_t24,9,1test,1,24,3,46211,False,Q13-E005,Q9_SHARED_SOURCE_SESSION_T,loso_s9,all,1|2|3|4|5|6|7|8,0train,20260925,20,3,4,0.009206245,0.00011481091,0.07194815,0.91873085
s09_1test_r1_t25,9,1test,1,25,1,48164,False,Q13-E005,Q9_SHARED_SOURCE_SESSION_T,loso_s9,all,1|2|3|4|5|6|7|8,0train,20260925,20,1,1,0.7508875,0.04165552,0.05504245,0.15241449
s09_1test_r1_t26,9,1test,1,26,4,50125,False,Q13-E005,Q9_SHARED_SOURCE_SESSION_T,loso_s9,all,1|2|3|4|5|6|7|8,0train,20260925,20,4,4,0.005325076,0.00052911363,0.006661569,0.98748416
s09_1test_r1_t27,9,1test,1,27,4,52229,False,Q13-E005,Q9_SHARED_SOURCE_SESSION_T,loso_s9,all,1|2|3|4|5|6|7|8,0train,20260925,20,4,4,0.00028700338,7.537293e-07,0.0029069667,0.9968053
s09_1test_r1_t28,9,1test,1,28,2,54233,False,Q13-E005,Q9_SHARED_SOURCE_SESSION_T,loso_s9,all,1|2|3|4|5|6|7|8,0train,20260925,20,2,2,0.0005796663,0.5991373,0.18382604,0.21645702
s09_1test_r1_t29,9,1test,1,29,4,56208,False,Q13-E005,Q9_SHARED_SOURCE_SESSION_T,loso_s9,all,1|2|3|4|5|6|7|8,0train,20260925,20,4,4,0.0052843243,0.00081915094,0.011857961,0.9820386
s09_1test_r1_t30,9,1test,1,30,4,58234,False,Q13-E005,Q9_SHARED_SOURCE_SESSION_T,loso_s9,all,1|2|3|4|5|6|7|8,0train,20260925,20,4,4,1.4408116e-05,3.429152e-05,0.0063143563,0.99363697
s09_1test_r1_t31,9,1test,1,31,2,60305,False,Q13-E005,Q9_SHARED_SOURCE_SESSION_T,loso_s9,all,1|2|3|4|5|6|7|8,0train,20260925,20,2,4,0.012249312,0.0013398678,0.00810784,0.9783029
s09_1test_r1_t32,9,1test,1,32,1,62412,False,Q13-E005,Q9_SHARED_SOURCE_SESSION_T,loso_s9,all,1|2|3|4|5|6|7|8,0train,20260925,20,1,2,0.0074777147,0.930472,0.016382055,0.0456682
s09_1test_r1_t33,9,1test,1,33,2,64504,False,Q13-E005,Q9_SHARED_SOURCE_SESSION_T,loso_s9,all,1|2|3|4|5|6|7|8,0train,20260925,20,2,4,0.00034527332,0.0057343347,0.08293317,0.9109872
s09_1test_r1_t34,9,1test,1,34,3,66595,False,Q13-E005,Q9_SHARED_SOURCE_SESSION_T,loso_s9,all,1|2|3|4|5|6|7|8,0train,20260925,20,3,4,0.013884097,0.00011167762,0.17597926,0.810025
s09_1test_r1_t35,9,1test,1,35,3,68638,False,Q13-E005,Q9_SHARED_SOURCE_SESSION_T,loso_s9,all,1|2|3|4|5|6|7|8,0train,20260925,20,3,4,0.27679023,0.00014121037,0.12111711,0.6019514
s09_1test_r1_t36,9,1test,1,36,3,70702,False,Q13-E005,Q9_SHARED_SOURCE_SESSION_T,loso_s9,all,1|2|3|4|5|6|7|8,0train,20260925,20,3,4,0.024709953,0.0018227758,0.0406665,0.9328007
s09_1test_r1_t37,9,1test,1,37,4,72722,False,Q13-E005,Q9_SHARED_SOURCE_SESSION_T,loso_s9,all,1|2|3|4|5|6|7|8,0train,20260925,20,4,4,0.003064996,5.1506186e-06,0.0041602114,0.99276954
s09_1test_r1_t38,9,1test,1,38,3,74694,False,Q13-E005,Q9_SHARED_SOURCE_SESSION_T,loso_s9,all,1|2|3|4|5|6|7|8,0train,20260925,20,3,3,0.021688139,0.0002435504,0.54667675,0.43139154
s09_1test_r1_t39,9,1test,1,39,1,76657,False,Q13-E005,Q9_SHARED_SOURCE_SESSION_T,loso_s9,all,1|2|3|4|5|6|7|8,0train,20260925,20,1,2,0.1990258,0.6433856,0.086204104,0.07138451
s09_1test_r1_t40,9,1test,1,40,4,78582,False,Q13-E005,Q9_SHARED_SOURCE_SESSION_T,loso_s9,all,1|2|3|4|5|6|7|8,0train,20260925,20,4,4,0.0006181235,0.00010863479,0.02739576,0.9718775
s09_1test_r1_t41,9,1test,1,41,2,80663,False,Q13-E005,Q9_SHARED_SOURCE_SESSION_T,loso_s9,all,1|2|3|4|5|6|7|8,0train,20260925,20,2,4,1.3648154e-05,0.0069116163,0.046429165,0.9466455
s09_1test_r1_t42,9,1test,1,42,3,82641,False,Q13-E005,Q9_SHARED_SOURCE_SESSION_T,loso_s9,all,1|2|3|4|5|6|7|8,0train,20260925,20,3,4,1.3446274e-05,7.851105e-06,0.0022117624,0.997767
s09_1test_r1_t43,9,1test,1,43,2,84631,False,Q13-E005,Q9_SHARED_SOURCE_SESSION_T,loso_s9,all,1|2|3|4|5|6|7|8,0train,20260925,20,2,4,3.4223238e-05,0.004416981,0.09701362,0.8985352
s09_1test_r1_t44,9,1test,1,44,3,86750,False,Q13-E005,Q9_SHARED_SOURCE_SESSION_T,loso_s9,all,1|2|3|4|5|6|7|8,0train,20260925,20,3,2,0.0056086546,0.7561737,0.17441283,0.063804865
s09_1test_r1_t45,9,1test,1,45,4,88656,False,Q13-E005,Q9_SHARED_SOURCE_SESSION_T,loso_s9,all,1|2|3|4|5|6|7|8,0train,20260925,20,4,4,1.5642225e-05,6.222673e-07,0.0031906108,0.9967931
s09_1test_r1_t46,9,1test,1,46,2,90584,False,Q13-E005,Q9_SHARED_SOURCE_SESSION_T,loso_s9,all,1|2|3|4|5|6|7|8,0train,20260925,20,2,4,0.0012122669,4.757174e-05,0.010011404,0.98872876
s09_1test_r1_t47,9,1test,1,47,3,92698,False,Q13-E005,Q9_SHARED_SOURCE_SESSION_T,loso_s9,all,1|2|3|4|5|6|7|8,0train,20260925,20,3,4,0.0007488206,8.194275e-07,0.0044287867,0.99482155
s09_1test_r1_t48,9,1test,1,48,1,94757,False,Q13-E005,Q9_SHARED_SOURCE_SESSION_T,loso_s9,all,1|2|3|4|5|6|7|8,0train,20260925,20,1,4,0.12998259,0.09072886,0.041170444,0.7381181
s09_1test_r2_t01,9,1test,2,1,1,250,False,Q13-E005,Q9_SHARED_SOURCE_SESSION_T,loso_s9,all,1|2|3|4|5|6|7|8,0train,20260925,20,1,2,0.065200396,0.57892436,0.061750904,0.29412436
s09_1test_r2_t02,9,1test,2,2,1,2253,False,Q13-E005,Q9_SHARED_SOURCE_SESSION_T,loso_s9,all,1|2|3|4|5|6|7|8,0train,20260925,20,1,1,0.50722575,0.13312069,0.14666523,0.21298829
s09_1test_r2_t03,9,1test,2,3,4,4171,False,Q13-E005,Q9_SHARED_SOURCE_SESSION_T,loso_s9,all,1|2|3|4|5|6|7|8,0train,20260925,20,4,4,1.7473188e-06,5.2078167e-06,0.019562757,0.98043025
s09_1test_r2_t04,9,1test,2,4,2,6123,False,Q13-E005,Q9_SHARED_SOURCE_SESSION_T,loso_s9,all,1|2|3|4|5|6|7|8,0train,20260925,20,2,2,1.3376198e-05,0.7285171,0.016733794,0.25473562
s09_1test_r2_t05,9,1test,2,5,1,8131,False,Q13-E005,Q9_SHARED_SOURCE_SESSION_T,loso_s9,all,1|2|3|4|5|6|7|8,0train,20260925,20,1,1,0.69066983,0.06475011,0.017170375,0.22740968
s09_1test_r2_t06,9,1test,2,6,3,10242,False,Q13-E005,Q9_SHARED_SOURCE_SESSION_T,loso_s9,all,1|2|3|4|5|6|7|8,0train,20260925,20,3,4,0.0003788202,0.003616512,0.0137480665,0.9822565
s09_1test_r2_t07,9,1test,2,7,1,12159,False,Q13-E005,Q9_SHARED_SOURCE_SESSION_T,loso_s9,all,1|2|3|4|5|6|7|8,0train,20260925,20,1,4,0.2251754,0.040498644,0.14570297,0.5886229
s09_1test_r2_t08,9,1test,2,8,3,14209,False,Q13-E005,Q9_SHARED_SOURCE_SESSION_T,loso_s9,all,1|2|3|4|5|6|7|8,0train,20260925,20,3,4,0.0018783496,0.00016150507,0.09535174,0.9026084
s09_1test_r2_t09,9,1test,2,9,2,16140,True,Q13-E005,Q9_SHARED_SOURCE_SESSION_T,loso_s9,all,1|2|3|4|5|6|7|8,0train,20260925,20,2,4,1.5291696e-05,0.05393114,0.2181752,0.7278784
s09_1test_r2_t10,9,1test,2,10,4,18138,False,Q13-E005,Q9_SHARED_SOURCE_SESSION_T,loso_s9,all,1|2|3|4|5|6|7|8,0train,20260925,20,4,4,9.314207e-08,8.081727e-06,0.0037437214,0.99624807
s09_1test_r2_t11,9,1test,2,11,1,20044,False,Q13-E005,Q9_SHARED_SOURCE_SESSION_T,loso_s9,all,1|2|3|4|5|6|7|8,0train,20260925,20,1,1,0.6983707,0.009132978,0.07727658,0.21521978
s09_1test_r2_t12,9,1test,2,12,3,21939,True,Q13-E005,Q9_SHARED_SOURCE_SESSION_T,loso_s9,all,1|2|3|4|5|6|7|8,0train,20260925,20,3,4,0.0005126943,3.2879022e-09,0.0037884696,0.9956988
s09_1test_r2_t13,9,1test,2,13,3,23911,False,Q13-E005,Q9_SHARED_SOURCE_SESSION_T,loso_s9,all,1|2|3|4|5|6|7|8,0train,20260925,20,3,2,0.0007782659,0.9630642,0.02457812,0.011579408
s09_1test_r2_t14,9,1test,2,14,1,25855,False,Q13-E005,Q9_SHARED_SOURCE_SESSION_T,loso_s9,all,1|2|3|4|5|6|7|8,0train,20260925,20,1,2,0.3347319,0.46936566,0.0763005,0.11960194
s09_1test_r2_t15,9,1test,2,15,3,27822,False,Q13-E005,Q9_SHARED_SOURCE_SESSION_T,loso_s9,all,1|2|3|4|5|6|7|8,0train,20260925,20,3,4,0.04681574,9.617932e-08,0.06230763,0.8908765
s09_1test_r2_t16,9,1test,2,16,2,29942,False,Q13-E005,Q9_SHARED_SOURCE_SESSION_T,loso_s9,all,1|2|3|4|5|6|7|8,0train,20260925,20,2,4,6.869925e-06,0.15508884,0.0435537,0.80135053
s09_1test_r2_t17,9,1test,2,17,4,31950,False,Q13-E005,Q9_SHARED_SOURCE_SESSION_T,loso_s9,all,1|2|3|4|5|6|7|8,0train,20260925,20,4,4,0.00040621846,2.1152993e-05,0.0036251654,0.99594754
s09_1test_r2_t18,9,1test,2,18,4,34016,False,Q13-E005,Q9_SHARED_SOURCE_SESSION_T,loso_s9,all,1|2|3|4|5|6|7|8,0train,20260925,20,4,4,0.00022531112,1.8420786e-05,0.0043984954,0.9953578
s09_1test_r2_t19,9,1test,2,19,4,36052,True,Q13-E005,Q9_SHARED_SOURCE_SESSION_T,loso_s9,all,1|2|3|4|5|6|7|8,0train,20260925,20,4,4,0.002921245,9.944131e-05,0.01410823,0.98287106
s09_1test_r2_t20,9,1test,2,20,3,38118,False,Q13-E005,Q9_SHARED_SOURCE_SESSION_T,loso_s9,all,1|2|3|4|5|6|7|8,0train,20260925,20,3,4,0.15700693,0.16442691,0.3385015,0.34006462
s09_1test_r2_t21,9,1test,2,21,1,40188,False,Q13-E005,Q9_SHARED_SOURCE_SESSION_T,loso_s9,all,1|2|3|4|5|6|7|8,0train,20260925,20,1,1,0.74090225,0.1107509,0.03790855,0.110438295
s09_1test_r2_t22,9,1test,2,22,4,42268,False,Q13-E005,Q9_SHARED_SOURCE_SESSION_T,loso_s9,all,1|2|3|4|5|6|7|8,0train,20260925,20,4,4,1.3633046e-07,8.9753785e-06,0.0011217956,0.9988691
s09_1test_r2_t23,9,1test,2,23,2,44180,False,Q13-E005,Q9_SHARED_SOURCE_SESSION_T,loso_s9,all,1|2|3|4|5|6|7|8,0train,20260925,20,2,4,0.0006408214,0.03549839,0.017370462,0.9464904
s09_1test_r2_t24,9,1test,2,24,4,46211,False,Q13-E005,Q9_SHARED_SOURCE_SESSION_T,loso_s9,all,1|2|3|4|5|6|7|8,0train,20260925,20,4,4,2.3317192e-05,1.0659517e-05,0.003958478,0.9960075
s09_1test_r2_t25,9,1test,2,25,2,48164,False,Q13-E005,Q9_SHARED_SOURCE_SESSION_T,loso_s9,all,1|2|3|4|5|6|7|8,0train,20260925,20,2,4,0.0022880228,0.00038720565,0.08792317,0.90940166
s09_1test_r2_t26,9,1test,2,26,1,50125,False,Q13-E005,Q9_SHARED_SOURCE_SESSION_T,loso_s9,all,1|2|3|4|5|6|7|8,0train,20260925,20,1,1,0.41051307,0.37677068,0.039031945,0.1736843
s09_1test_r2_t27,9,1test,2,27,3,52229,False,Q13-E005,Q9_SHARED_SOURCE_SESSION_T,loso_s9,all,1|2|3|4|5|6|7|8,0train,20260925,20,3,4,0.0005247596,1.3684621e-05,0.037057225,0.9624044
s09_1test_r2_t28,9,1test,2,28,2,54233,False,Q13-E005,Q9_SHARED_SOURCE_SESSION_T,loso_s9,all,1|2|3|4|5|6|7|8,0train,20260925,20,2,4,3.506959e-06,0.0033030298,0.029931305,0.9667622
s09_1test_r2_t29,9,1test,2,29,1,56208,False,Q13-E005,Q9_SHARED_SOURCE_SESSION_T,loso_s9,all,1|2|3|4|5|6|7|8,0train,20260925,20,1,2,0.14111939,0.5452052,0.1036174,0.21005799
s09_1test_r2_t30,9,1test,2,30,3,58234,False,Q13-E005,Q9_SHARED_SOURCE_SESSION_T,loso_s9,all,1|2|3|4|5|6|7|8,0train,20260925,20,3,4,0.008478117,5.423547e-07,0.029868584,0.9616527
s09_1test_r2_t31,9,1test,2,31,3,60305,False,Q13-E005,Q9_SHARED_SOURCE_SESSION_T,loso_s9,all,1|2|3|4|5|6|7|8,0train,20260925,20,3,4,0.00012084147,0.00013219203,0.026120264,0.97362673
s09_1test_r2_t32,9,1test,2,32,1,62412,False,Q13-E005,Q9_SHARED_SOURCE_SESSION_T,loso_s9,all,1|2|3|4|5|6|7|8,0train,20260925,20,1,4,0.02845177,0.008626436,0.06173473,0.90118706
s09_1test_r2_t33,9,1test,2,33,3,64504,False,Q13-E005,Q9_SHARED_SOURCE_SESSION_T,loso_s9,all,1|2|3|4|5|6|7|8,0train,20260925,20,3,4,0.0002360447,4.9475366e-06,0.013429428,0.9863296
s09_1test_r2_t34,9,1test,2,34,4,66595,False,Q13-E005,Q9_SHARED_SOURCE_SESSION_T,loso_s9,all,1|2|3|4|5|6|7|8,0train,20260925,20,4,4,0.006756666,1.5773378e-05,0.0018495264,0.99137807
s09_1test_r2_t35,9,1test,2,35,4,68638,False,Q13-E005,Q9_SHARED_SOURCE_SESSION_T,loso_s9,all,1|2|3|4|5|6|7|8,0train,20260925,20,4,4,0.0006267407,0.0006871823,0.0145422965,0.98414385
s09_1test_r2_t36,9,1test,2,36,2,70702,True,Q13-E005,Q9_SHARED_SOURCE_SESSION_T,loso_s9,all,1|2|3|4|5|6|7|8,0train,20260925,20,2,4,0.0020592501,0.037120014,0.021785198,0.93903553
s09_1test_r2_t37,9,1test,2,37,1,72722,False,Q13-E005,Q9_SHARED_SOURCE_SESSION_T,loso_s9,all,1|2|3|4|5|6|7|8,0train,20260925,20,1,4,0.0110767465,0.02877291,0.15390365,0.80624676
s09_1test_r2_t38,9,1test,2,38,2,74694,False,Q13-E005,Q9_SHARED_SOURCE_SESSION_T,loso_s9,all,1|2|3|4|5|6|7|8,0train,20260925,20,2,4,0.022058409,0.0010103445,0.03928165,0.9376496
s09_1test_r2_t39,9,1test,2,39,4,76657,False,Q13-E005,Q9_SHARED_SOURCE_SESSION_T,loso_s9,all,1|2|3|4|5|6|7|8,0train,20260925,20,4,4,0.011237253,8.796792e-06,0.0124429185,0.9763109
s09_1test_r2_t40,9,1test,2,40,2,78582,False,Q13-E005,Q9_SHARED_SOURCE_SESSION_T,loso_s9,all,1|2|3|4|5|6|7|8,0train,20260925,20,2,2,0.009504171,0.5057449,0.11438342,0.37036753
s09_1test_r2_t41,9,1test,2,41,4,80663,False,Q13-E005,Q9_SHARED_SOURCE_SESSION_T,loso_s9,all,1|2|3|4|5|6|7|8,0train,20260925,20,4,4,0.0037890165,9.801682e-05,0.008326846,0.9877862
s09_1test_r2_t42,9,1test,2,42,3,82641,True,Q13-E005,Q9_SHARED_SOURCE_SESSION_T,loso_s9,all,1|2|3|4|5|6|7|8,0train,20260925,20,3,4,0.010627823,0.00022753047,0.055706788,0.9334378
s09_1test_r2_t43,9,1test,2,43,2,84631,False,Q13-E005,Q9_SHARED_SOURCE_SESSION_T,loso_s9,all,1|2|3|4|5|6|7|8,0train,20260925,20,2,4,1.5892238e-07,0.00013610443,0.00057672797,0.99928695
s09_1test_r2_t44,9,1test,2,44,2,86750,False,Q13-E005,Q9_SHARED_SOURCE_SESSION_T,loso_s9,all,1|2|3|4|5|6|7|8,0train,20260925,20,2,4,0.024719011,0.00080796954,0.046860017,0.92761296
s09_1test_r2_t45,9,1test,2,45,2,88656,False,Q13-E005,Q9_SHARED_SOURCE_SESSION_T,loso_s9,all,1|2|3|4|5|6|7|8,0train,20260925,20,2,4,0.0119818915,1.441958e-07,0.0038215122,0.9841965
s09_1test_r2_t46,9,1test,2,46,3,90584,False,Q13-E005,Q9_SHARED_SOURCE_SESSION_T,loso_s9,all,1|2|3|4|5|6|7|8,0train,20260925,20,3,4,0.052407365,3.8840197e-05,0.0911191,0.85643476
s09_1test_r2_t47,9,1test,2,47,4,92698,False,Q13-E005,Q9_SHARED_SOURCE_SESSION_T,loso_s9,all,1|2|3|4|5|6|7|8,0train,20260925,20,4,4,6.60337e-05,4.9102358e-11,2.5598247e-05,0.9999083
s09_1test_r2_t48,9,1test,2,48,1,94757,False,Q13-E005,Q9_SHARED_SOURCE_SESSION_T,loso_s9,all,1|2|3|4|5|6|7|8,0train,20260925,20,1,1,0.4555768,0.0026297013,0.14550525,0.39628825
s09_1test_r3_t01,9,1test,3,1,2,250,False,Q13-E005,Q9_SHARED_SOURCE_SESSION_T,loso_s9,all,1|2|3|4|5|6|7|8,0train,20260925,20,2,2,0.1412738,0.57090837,0.18142031,0.10639757
s09_1test_r3_t02,9,1test,3,2,4,2253,True,Q13-E005,Q9_SHARED_SOURCE_SESSION_T,loso_s9,all,1|2|3|4|5|6|7|8,0train,20260925,20,4,4,0.018604284,0.029530112,0.2012193,0.75064635
s09_1test_r3_t03,9,1test,3,3,1,4171,False,Q13-E005,Q9_SHARED_SOURCE_SESSION_T,loso_s9,all,1|2|3|4|5|6|7|8,0train,20260925,20,1,1,0.7892871,0.056071017,0.10530735,0.049334515
s09_1test_r3_t04,9,1test,3,4,3,6123,False,Q13-E005,Q9_SHARED_SOURCE_SESSION_T,loso_s9,all,1|2|3|4|5|6|7|8,0train,20260925,20,3,4,0.0020677212,0.0070728203,0.35164875,0.63921076
s09_1test_r3_t05,9,1test,3,5,3,8131,False,Q13-E005,Q9_SHARED_SOURCE_SESSION_T,loso_s9,all,1|2|3|4|5|6|7|8,0train,20260925,20,3,4,0.0027731676,2.9530418e-05,0.370687,0.6265103
s09_1test_r3_t06,9,1test,3,6,4,10242,False,Q13-E005,Q9_SHARED_SOURCE_SESSION_T,loso_s9,all,1|2|3|4|5|6|7|8,0train,20260925,20,4,4,0.00011310297,7.252624e-05,0.007991236,0.99182314
s09_1test_r3_t07,9,1test,3,7,1,12159,False,Q13-E005,Q9_SHARED_SOURCE_SESSION_T,loso_s9,all,1|2|3|4|5|6|7|8,0train,20260925,20,1,2,0.31204373,0.4072498,0.13528305,0.14542344
s09_1test_r3_t08,9,1test,3,8,1,14209,False,Q13-E005,Q9_SHARED_SOURCE_SESSION_T,loso_s9,all,1|2|3|4|5|6|7|8,0train,20260925,20,1,2,0.19589844,0.5220637,0.18914515,0.09289272
s09_1test_r3_t09,9,1test,3,9,3,16140,True,Q13-E005,Q9_SHARED_SOURCE_SESSION_T,loso_s9,all,1|2|3|4|5|6|7|8,0train,20260925,20,3,4,0.0011036184,1.2505508e-07,0.007951537,0.99094474
s09_1test_r3_t10,9,1test,3,10,2,18138,False,Q13-E005,Q9_SHARED_SOURCE_SESSION_T,loso_s9,all,1|2|3|4|5|6|7|8,0train,20260925,20,2,4,0.00016201328,7.150158e-05,0.012245418,0.9875212
s09_1test_r3_t11,9,1test,3,11,4,20044,False,Q13-E005,Q9_SHARED_SOURCE_SESSION_T,loso_s9,all,1|2|3|4|5|6|7|8,0train,20260925,20,4,4,3.1182557e-05,5.157155e-06,0.0018534261,0.9981103
s09_1test_r3_t12,9,1test,3,12,4,21939,False,Q13-E005,Q9_SHARED_SOURCE_SESSION_T,loso_s9,all,1|2|3|4|5|6|7|8,0train,20260925,20,4,4,4.085103e-05,0.00031094562,0.021826109,0.977822
s09_1test_r3_t13,9,1test,3,13,4,23911,False,Q13-E005,Q9_SHARED_SOURCE_SESSION_T,loso_s9,all,1|2|3|4|5|6|7|8,0train,20260925,20,4,3,0.018834213,0.0007253581,0.51126856,0.46917185
s09_1test_r3_t14,9,1test,3,14,2,25855,False,Q13-E005,Q9_SHARED_SOURCE_SESSION_T,loso_s9,all,1|2|3|4|5|6|7|8,0train,20260925,20,2,4,0.014140598,1.9923711e-05,0.016580705,0.9692589
s09_1test_r3_t15,9,1test,3,15,1,27822,True,Q13-E005,Q9_SHARED_SOURCE_SESSION_T,loso_s9,all,1|2|3|4|5|6|7|8,0train,20260925,20,1,2,0.33810294,0.4389961,0.071088515,0.15181239
s09_1test_r3_t16,9,1test,3,16,3,29942,False,Q13-E005,Q9_SHARED_SOURCE_SESSION_T,loso_s9,all,1|2|3|4|5|6|7|8,0train,20260925,20,3,4,0.044250477,0.009491477,0.14372332,0.8025347
s09_1test_r3_t17,9,1test,3,17,2,31950,False,Q13-E005,Q9_SHARED_SOURCE_SESSION_T,loso_s9,all,1|2|3|4|5|6|7|8,0train,20260925,20,2,4,0.1981085,0.007302993,0.26025143,0.53433716
s09_1test_r3_t18,9,1test,3,18,4,34016,False,Q13-E005,Q9_SHARED_SOURCE_SESSION_T,loso_s9,all,1|2|3|4|5|6|7|8,0train,20260925,20,4,4,0.00032848443,3.7950367e-06,0.00042865396,0.9992391
s09_1test_r3_t19,9,1test,3,19,1,36052,True,Q13-E005,Q9_SHARED_SOURCE_SESSION_T,loso_s9,all,1|2|3|4|5|6|7|8,0train,20260925,20,1,2,0.0024318,0.99118984,0.0026988643,0.0036795186
s09_1test_r3_t20,9,1test,3,20,4,38118,False,Q13-E005,Q9_SHARED_SOURCE_SESSION_T,loso_s9,all,1|2|3|4|5|6|7|8,0train,20260925,20,4,4,0.0012142785,0.0007986588,0.0021115593,0.99587554
s09_1test_r3_t21,9,1test,3,21,3,40188,False,Q13-E005,Q9_SHARED_SOURCE_SESSION_T,loso_s9,all,1|2|3|4|5|6|7|8,0train,20260925,20,3,4,0.040697716,0.00022367587,0.050254703,0.9088239
s09_1test_r3_t22,9,1test,3,22,2,42268,False,Q13-E005,Q9_SHARED_SOURCE_SESSION_T,loso_s9,all,1|2|3|4|5|6|7|8,0train,20260925,20,2,4,4.051283e-05,0.0009063546,0.008284049,0.9907691
s09_1test_r3_t23,9,1test,3,23,4,44180,False,Q13-E005,Q9_SHARED_SOURCE_SESSION_T,loso_s9,all,1|2|3|4|5|6|7|8,0train,20260925,20,4,4,2.4970564e-06,5.377522e-07,0.0024084118,0.9975885
s09_1test_r3_t24,9,1test,3,24,4,46211,False,Q13-E005,Q9_SHARED_SOURCE_SESSION_T,loso_s9,all,1|2|3|4|5|6|7|8,0train,20260925,20,4,4,1.547475e-07,2.2936183e-07,7.993621e-05,0.99991965
s09_1test_r3_t25,9,1test,3,25,1,48164,False,Q13-E005,Q9_SHARED_SOURCE_SESSION_T,loso_s9,all,1|2|3|4|5|6|7|8,0train,20260925,20,1,1,0.48834148,0.15372409,0.16614716,0.19178726
s09_1test_r3_t26,9,1test,3,26,2,50125,False,Q13-E005,Q9_SHARED_SOURCE_SESSION_T,loso_s9,all,1|2|3|4|5|6|7|8,0train,20260925,20,2,4,0.005331518,0.037633892,0.073465936,0.88356864
s09_1test_r3_t27,9,1test,3,27,2,52229,False,Q13-E005,Q9_SHARED_SOURCE_SESSION_T,loso_s9,all,1|2|3|4|5|6|7|8,0train,20260925,20,2,4,0.0015189066,0.0012529175,0.03776037,0.9594678
s09_1test_r3_t28,9,1test,3,28,3,54233,False,Q13-E005,Q9_SHARED_SOURCE_SESSION_T,loso_s9,all,1|2|3|4|5|6|7|8,0train,20260925,20,3,4,0.0075560124,0.00027960967,0.26833585,0.7238286
s09_1test_r3_t29,9,1test,3,29,4,56208,True,Q13-E005,Q9_SHARED_SOURCE_SESSION_T,loso_s9,all,1|2|3|4|5|6|7|8,0train,20260925,20,4,4,0.0002169802,9.988912e-05,0.0093741,0.99030906
s09_1test_r3_t30,9,1test,3,30,2,58234,False,Q13-E005,Q9_SHARED_SOURCE_SESSION_T,loso_s9,all,1|2|3|4|5|6|7|8,0train,20260925,20,2,4,0.00019631622,0.040563416,0.16254927,0.796691
s09_1test_r3_t31,9,1test,3,31,1,60305,False,Q13-E005,Q9_SHARED_SOURCE_SESSION_T,loso_s9,all,1|2|3|4|5|6|7|8,0train,20260925,20,1,2,0.29880247,0.5599682,0.026023543,0.11520577
s09_1test_r3_t32,9,1test,3,32,1,62412,False,Q13-E005,Q9_SHARED_SOURCE_SESSION_T,loso_s9,all,1|2|3|4|5|6|7|8,0train,20260925,20,1,1,0.52040666,0.017020285,0.018953832,0.44361925
s09_1test_r3_t33,9,1test,3,33,4,64504,False,Q13-E005,Q9_SHARED_SOURCE_SESSION_T,loso_s9,all,1|2|3|4|5|6|7|8,0train,20260925,20,4,4,1.2722616e-05,0.00037832055,0.0059993085,0.99360967
s09_1test_r3_t34,9,1test,3,34,2,66595,False,Q13-E005,Q9_SHARED_SOURCE_SESSION_T,loso_s9,all,1|2|3|4|5|6|7|8,0train,20260925,20,2,4,0.00085188285,0.0009665579,0.2973836,0.7007979
s09_1test_r3_t35,9,1test,3,35,1,68638,False,Q13-E005,Q9_SHARED_SOURCE_SESSION_T,loso_s9,all,1|2|3|4|5|6|7|8,0train,20260925,20,1,2,0.026060205,0.7096137,0.15630962,0.10801645
s09_1test_r3_t36,9,1test,3,36,3,70702,False,Q13-E005,Q9_SHARED_SOURCE_SESSION_T,loso_s9,all,1|2|3|4|5|6|7|8,0train,20260925,20,3,4,0.00021759361,7.025894e-05,0.024944017,0.97476816
s09_1test_r3_t37,9,1test,3,37,2,72722,False,Q13-E005,Q9_SHARED_SOURCE_SESSION_T,loso_s9,all,1|2|3|4|5|6|7|8,0train,20260925,20,2,4,0.0009495913,0.013521719,0.15795778,0.8275709
s09_1test_r3_t38,9,1test,3,38,2,74694,False,Q13-E005,Q9_SHARED_SOURCE_SESSION_T,loso_s9,all,1|2|3|4|5|6|7|8,0train,20260925,20,2,4,0.016182696,0.0023071673,0.30883154,0.67267865
s09_1test_r3_t39,9,1test,3,39,3,76657,False,Q13-E005,Q9_SHARED_SOURCE_SESSION_T,loso_s9,all,1|2|3|4|5|6|7|8,0train,20260925,20,3,4,0.012868735,0.0054318276,0.31086448,0.67083496
s09_1test_r3_t40,9,1test,3,40,1,78582,False,Q13-E005,Q9_SHARED_SOURCE_SESSION_T,loso_s9,all,1|2|3|4|5|6|7|8,0train,20260925,20,1,2,0.3825393,0.41737247,0.12817803,0.07191019
s09_1test_r3_t41,9,1test,3,41,4,80663,False,Q13-E005,Q9_SHARED_SOURCE_SESSION_T,loso_s9,all,1|2|3|4|5|6|7|8,0train,20260925,20,4,4,0.0038129848,0.00017055398,0.011163538,0.9848529
s09_1test_r3_t42,9,1test,3,42,3,82641,False,Q13-E005,Q9_SHARED_SOURCE_SESSION_T,loso_s9,all,1|2|3|4|5|6|7|8,0train,20260925,20,3,3,0.014732984,0.13267733,0.64168787,0.21090183
s09_1test_r3_t43,9,1test,3,43,3,84631,False,Q13-E005,Q9_SHARED_SOURCE_SESSION_T,loso_s9,all,1|2|3|4|5|6|7|8,0train,20260925,20,3,4,0.07838713,4.2569286e-06,0.12016395,0.80144465
s09_1test_r3_t44,9,1test,3,44,3,86750,False,Q13-E005,Q9_SHARED_SOURCE_SESSION_T,loso_s9,all,1|2|3|4|5|6|7|8,0train,20260925,20,3,3,0.008940231,0.0022370047,0.639857,0.3489657
s09_1test_r3_t45,9,1test,3,45,3,88656,False,Q13-E005,Q9_SHARED_SOURCE_SESSION_T,loso_s9,all,1|2|3|4|5|6|7|8,0train,20260925,20,3,1,0.5552771,0.00019650492,0.22835918,0.21616726
s09_1test_r3_t46,9,1test,3,46,1,90584,False,Q13-E005,Q9_SHARED_SOURCE_SESSION_T,loso_s9,all,1|2|3|4|5|6|7|8,0train,20260925,20,1,4,0.044889204,0.007287506,0.1027258,0.84509754
s09_1test_r3_t47,9,1test,3,47,2,92698,False,Q13-E005,Q9_SHARED_SOURCE_SESSION_T,loso_s9,all,1|2|3|4|5|6|7|8,0train,20260925,20,2,2,0.0004282705,0.89752233,0.030639354,0.07141005
s09_1test_r3_t48,9,1test,3,48,1,94757,False,Q13-E005,Q9_SHARED_SOURCE_SESSION_T,loso_s9,all,1|2|3|4|5|6|7|8,0train,20260925,20,1,3,0.020427287,0.3564642,0.39617687,0.22693169
s09_1test_r4_t01,9,1test,4,1,2,250,False,Q13-E005,Q9_SHARED_SOURCE_SESSION_T,loso_s9,all,1|2|3|4|5|6|7|8,0train,20260925,20,2,2,8.446567e-05,0.97478414,0.015211631,0.009919839
s09_1test_r4_t02,9,1test,4,2,1,2253,False,Q13-E005,Q9_SHARED_SOURCE_SESSION_T,loso_s9,all,1|2|3|4|5|6|7|8,0train,20260925,20,1,2,0.09757722,0.56532615,0.14238943,0.19470719
s09_1test_r4_t03,9,1test,4,3,1,4171,False,Q13-E005,Q9_SHARED_SOURCE_SESSION_T,loso_s9,all,1|2|3|4|5|6|7|8,0train,20260925,20,1,2,0.28132677,0.48326352,0.10538357,0.13002619
s09_1test_r4_t04,9,1test,4,4,3,6123,False,Q13-E005,Q9_SHARED_SOURCE_SESSION_T,loso_s9,all,1|2|3|4|5|6|7|8,0train,20260925,20,3,4,0.06374736,0.00987183,0.21128039,0.71510047
s09_1test_r4_t05,9,1test,4,5,3,8131,False,Q13-E005,Q9_SHARED_SOURCE_SESSION_T,loso_s9,all,1|2|3|4|5|6|7|8,0train,20260925,20,3,4,0.019186066,0.0027582862,0.1332284,0.84482723
s09_1test_r4_t06,9,1test,4,6,2,10242,True,Q13-E005,Q9_SHARED_SOURCE_SESSION_T,loso_s9,all,1|2|3|4|5|6|7|8,0train,20260925,20,2,4,0.29834402,0.12493293,0.19733052,0.3793925
s09_1test_r4_t07,9,1test,4,7,3,12159,False,Q13-E005,Q9_SHARED_SOURCE_SESSION_T,loso_s9,all,1|2|3|4|5|6|7|8,0train,20260925,20,3,4,0.001423497,0.10000763,0.21336068,0.68520814
s09_1test_r4_t08,9,1test,4,8,4,14209,False,Q13-E005,Q9_SHARED_SOURCE_SESSION_T,loso_s9,all,1|2|3|4|5|6|7|8,0train,20260925,20,4,4,0.014024226,0.00019730681,0.008185171,0.9775933
s09_1test_r4_t09,9,1test,4,9,1,16140,False,Q13-E005,Q9_SHARED_SOURCE_SESSION_T,loso_s9,all,1|2|3|4|5|6|7|8,0train,20260925,20,1,2,0.012227071,0.60212606,0.120012864,0.26563403
s09_1test_r4_t10,9,1test,4,10,4,18138,False,Q13-E005,Q9_SHARED_SOURCE_SESSION_T,loso_s9,all,1|2|3|4|5|6|7|8,0train,20260925,20,4,4,0.0003584556,4.64995e-05,0.0019788048,0.9976163
s09_1test_r4_t11,9,1test,4,11,1,20044,False,Q13-E005,Q9_SHARED_SOURCE_SESSION_T,loso_s9,all,1|2|3|4|5|6|7|8,0train,20260925,20,1,1,0.6760566,0.19925274,0.03139307,0.09329748
s09_1test_r4_t12,9,1test,4,12,1,21939,False,Q13-E005,Q9_SHARED_SOURCE_SESSION_T,loso_s9,all,1|2|3|4|5|6|7|8,0train,20260925,20,1,1,0.37616155,0.038520537,0.25891867,0.3263992
s09_1test_r4_t13,9,1test,4,13,2,23911,False,Q13-E005,Q9_SHARED_SOURCE_SESSION_T,loso_s9,all,1|2|3|4|5|6|7|8,0train,20260925,20,2,4,0.04370873,0.025362486,0.41110817,0.51982063
s09_1test_r4_t14,9,1test,4,14,4,25855,False,Q13-E005,Q9_SHARED_SOURCE_SESSION_T,loso_s9,all,1|2|3|4|5|6|7|8,0train,20260925,20,4,4,0.00026355239,0.004114964,0.003066376,0.9925551
s09_1test_r4_t15,9,1test,4,15,3,27822,False,Q13-E005,Q9_SHARED_SOURCE_SESSION_T,loso_s9,all,1|2|3|4|5|6|7|8,0train,20260925,20,3,4,0.001755234,2.2013252e-08,0.0158275,0.98241735
s09_1test_r4_t16,9,1test,4,16,2,29942,False,Q13-E005,Q9_SHARED_SOURCE_SESSION_T,loso_s9,all,1|2|3|4|5|6|7|8,0train,20260925,20,2,4,7.723367e-06,0.0044918363,0.015035606,0.9804648
s09_1test_r4_t17,9,1test,4,17,4,31950,False,Q13-E005,Q9_SHARED_SOURCE_SESSION_T,loso_s9,all,1|2|3|4|5|6|7|8,0train,20260925,20,4,4,0.00030224357,7.6780625e-06,0.00024295517,0.99944717
s09_1test_r4_t18,9,1test,4,18,3,34016,False,Q13-E005,Q9_SHARED_SOURCE_SESSION_T,loso_s9,all,1|2|3|4|5|6|7|8,0train,20260925,20,3,4,6.188673e-05,3.2419211e-06,0.06080142,0.9391334
s09_1test_r4_t19,9,1test,4,19,4,36052,False,Q13-E005,Q9_SHARED_SOURCE_SESSION_T,loso_s9,all,1|2|3|4|5|6|7|8,0train,20260925,20,4,4,0.00018008829,2.841928e-09,7.905041e-05,0.9997409
s09_1test_r4_t20,9,1test,4,20,3,38118,False,Q13-E005,Q9_SHARED_SOURCE_SESSION_T,loso_s9,all,1|2|3|4|5|6|7|8,0train,20260925,20,3,4,0.19806547,2.7961687e-06,0.052043904,0.7498878
s09_1test_r4_t21,9,1test,4,21,4,40188,False,Q13-E005,Q9_SHARED_SOURCE_SESSION_T,loso_s9,all,1|2|3|4|5|6|7|8,0train,20260925,20,4,4,0.024644896,1.9223835e-05,0.0006987017,0.9746372
s09_1test_r4_t22,9,1test,4,22,2,42268,False,Q13-E005,Q9_SHARED_SOURCE_SESSION_T,loso_s9,all,1|2|3|4|5|6|7|8,0train,20260925,20,2,4,0.009369191,0.28370947,0.0775808,0.6293405
s09_1test_r4_t23,9,1test,4,23,2,44180,False,Q13-E005,Q9_SHARED_SOURCE_SESSION_T,loso_s9,all,1|2|3|4|5|6|7|8,0train,20260925,20,2,4,0.0005926738,8.22542e-05,0.012862832,0.9864623
s09_1test_r4_t24,9,1test,4,24,4,46211,True,Q13-E005,Q9_SHARED_SOURCE_SESSION_T,loso_s9,all,1|2|3|4|5|6|7|8,0train,20260925,20,4,4,0.00012502662,8.776082e-09,4.7230315e-05,0.99982774
s09_1test_r4_t25,9,1test,4,25,1,48164,False,Q13-E005,Q9_SHARED_SOURCE_SESSION_T,loso_s9,all,1|2|3|4|5|6|7|8,0train,20260925,20,1,1,0.8568678,0.05934605,0.03147981,0.05230633
s09_1test_r4_t26,9,1test,4,26,2,50125,False,Q13-E005,Q9_SHARED_SOURCE_SESSION_T,loso_s9,all,1|2|3|4|5|6|7|8,0train,20260925,20,2,4,0.00016681108,4.6898148e-07,0.014088749,0.98574394
s09_1test_r4_t27,9,1test,4,27,2,52229,False,Q13-E005,Q9_SHARED_SOURCE_SESSION_T,loso_s9,all,1|2|3|4|5|6|7|8,0train,20260925,20,2,4,0.003416418,0.024354724,0.09830378,0.87392515
s09_1test_r4_t28,9,1test,4,28,2,54233,False,Q13-E005,Q9_SHARED_SOURCE_SESSION_T,loso_s9,all,1|2|3|4|5|6|7|8,0train,20260925,20,2,4,0.008517187,0.0021226546,0.048453674,0.9409065
s09_1test_r4_t29,9,1test,4,29,3,56208,False,Q13-E005,Q9_SHARED_SOURCE_SESSION_T,loso_s9,all,1|2|3|4|5|6|7|8,0train,20260925,20,3,4,0.0119812,5.5824738e-05,0.043264028,0.9446989
s09_1test_r4_t30,9,1test,4,30,4,58234,False,Q13-E005,Q9_SHARED_SOURCE_SESSION_T,loso_s9,all,1|2|3|4|5|6|7|8,0train,20260925,20,4,4,0.0033370461,4.313961e-06,0.007913113,0.9887455
s09_1test_r4_t31,9,1test,4,31,1,60305,False,Q13-E005,Q9_SHARED_SOURCE_SESSION_T,loso_s9,all,1|2|3|4|5|6|7|8,0train,20260925,20,1,4,0.3727713,0.09912811,0.06591929,0.46218133
s09_1test_r4_t32,9,1test,4,32,4,62412,False,Q13-E005,Q9_SHARED_SOURCE_SESSION_T,loso_s9,all,1|2|3|4|5|6|7|8,0train,20260925,20,4,4,0.0001578195,6.0023126e-06,0.0117274625,0.9881087
s09_1test_r4_t33,9,1test,4,33,1,64504,False,Q13-E005,Q9_SHARED_SOURCE_SESSION_T,loso_s9,all,1|2|3|4|5|6|7|8,0train,20260925,20,1,2,0.28133923,0.6149763,0.059130237,0.04455427
s09_1test_r4_t34,9,1test,4,34,3,66595,False,Q13-E005,Q9_SHARED_SOURCE_SESSION_T,loso_s9,all,1|2|3|4|5|6|7|8,0train,20260925,20,3,4,0.033738445,1.3931881e-06,0.0056039784,0.96065617
s09_1test_r4_t35,9,1test,4,35,1,68638,True,Q13-E005,Q9_SHARED_SOURCE_SESSION_T,loso_s9,all,1|2|3|4|5|6|7|8,0train,20260925,20,1,2,0.28475153,0.57224876,0.049516108,0.09348355
s09_1test_r4_t36,9,1test,4,36,4,70702,False,Q13-E005,Q9_SHARED_SOURCE_SESSION_T,loso_s9,all,1|2|3|4|5|6|7|8,0train,20260925,20,4,4,0.001846618,1.2272781e-08,0.0025142054,0.9956392
s09_1test_r4_t37,9,1test,4,37,1,72722,True,Q13-E005,Q9_SHARED_SOURCE_SESSION_T,loso_s9,all,1|2|3|4|5|6|7|8,0train,20260925,20,1,2,0.21324116,0.55831456,0.049120177,0.17932414
s09_1test_r4_t38,9,1test,4,38,3,74694,False,Q13-E005,Q9_SHARED_SOURCE_SESSION_T,loso_s9,all,1|2|3|4|5|6|7|8,0train,20260925,20,3,4,0.037874248,1.2620534e-05,0.029208215,0.932905
s09_1test_r4_t39,9,1test,4,39,1,76657,False,Q13-E005,Q9_SHARED_SOURCE_SESSION_T,loso_s9,all,1|2|3|4|5|6|7|8,0train,20260925,20,1,4,0.14072181,0.030962873,0.10073071,0.7275846
s09_1test_r4_t40,9,1test,4,40,2,78582,True,Q13-E005,Q9_SHARED_SOURCE_SESSION_T,loso_s9,all,1|2|3|4|5|6|7|8,0train,20260925,20,2,4,0.04327544,0.042778425,0.1591443,0.75480187
s09_1test_r4_t41,9,1test,4,41,3,80663,False,Q13-E005,Q9_SHARED_SOURCE_SESSION_T,loso_s9,all,1|2|3|4|5|6|7|8,0train,20260925,20,3,4,0.00040094956,0.00019524143,0.011379854,0.98802394
s09_1test_r4_t42,9,1test,4,42,3,82641,False,Q13-E005,Q9_SHARED_SOURCE_SESSION_T,loso_s9,all,1|2|3|4|5|6|7|8,0train,20260925,20,3,4,0.054263804,0.14456177,0.23055166,0.5706228
s09_1test_r4_t43,9,1test,4,43,4,84631,False,Q13-E005,Q9_SHARED_SOURCE_SESSION_T,loso_s9,all,1|2|3|4|5|6|7|8,0train,20260925,20,4,4,0.02661168,0.0106437,0.048511114,0.9142335
s09_1test_r4_t44,9,1test,4,44,1,86750,False,Q13-E005,Q9_SHARED_SOURCE_SESSION_T,loso_s9,all,1|2|3|4|5|6|7|8,0train,20260925,20,1,2,0.0058058365,0.8206472,0.045438997,0.128108
s09_1test_r4_t45,9,1test,4,45,2,88656,False,Q13-E005,Q9_SHARED_SOURCE_SESSION_T,loso_s9,all,1|2|3|4|5|6|7|8,0train,20260925,20,2,4,2.5247618e-05,0.13816783,0.023626965,0.83818
s09_1test_r4_t46,9,1test,4,46,4,90584,False,Q13-E005,Q9_SHARED_SOURCE_SESSION_T,loso_s9,all,1|2|3|4|5|6|7|8,0train,20260925,20,4,4,2.6135456e-06,1.5597778e-09,0.0009941537,0.99900323
s09_1test_r4_t47,9,1test,4,47,2,92698,False,Q13-E005,Q9_SHARED_SOURCE_SESSION_T,loso_s9,all,1|2|3|4|5|6|7|8,0train,20260925,20,2,4,3.2489526e-05,0.011075664,0.20857733,0.7803145
s09_1test_r4_t48,9,1test,4,48,3,94757,False,Q13-E005,Q9_SHARED_SOURCE_SESSION_T,loso_s9,all,1|2|3|4|5|6|7|8,0train,20260925,20,3,4,0.00021732549,0.00017917603,0.061067894,0.93853563
s09_1test_r5_t01,9,1test,5,1,3,250,False,Q13-E005,Q9_SHARED_SOURCE_SESSION_T,loso_s9,all,1|2|3|4|5|6|7|8,0train,20260925,20,3,2,0.036900826,0.60050493,0.24113065,0.12146362
s09_1test_r5_t02,9,1test,5,2,1,2253,False,Q13-E005,Q9_SHARED_SOURCE_SESSION_T,loso_s9,all,1|2|3|4|5|6|7|8,0train,20260925,20,1,2,0.11196682,0.45513764,0.28649825,0.14639728
s09_1test_r5_t03,9,1test,5,3,4,4171,False,Q13-E005,Q9_SHARED_SOURCE_SESSION_T,loso_s9,all,1|2|3|4|5|6|7|8,0train,20260925,20,4,4,2.2629905e-07,2.2356429e-07,0.0050173043,0.9949823
s09_1test_r5_t04,9,1test,5,4,2,6123,False,Q13-E005,Q9_SHARED_SOURCE_SESSION_T,loso_s9,all,1|2|3|4|5|6|7|8,0train,20260925,20,2,4,0.12066486,2.0525063e-06,0.025362033,0.85397106
s09_1test_r5_t05,9,1test,5,5,4,8131,False,Q13-E005,Q9_SHARED_SOURCE_SESSION_T,loso_s9,all,1|2|3|4|5|6|7|8,0train,20260925,20,4,4,9.975795e-07,2.1474388e-07,0.0021582826,0.9978404
s09_1test_r5_t06,9,1test,5,6,1,10242,False,Q13-E005,Q9_SHARED_SOURCE_SESSION_T,loso_s9,all,1|2|3|4|5|6|7|8,0train,20260925,20,1,2,0.06378989,0.60479116,0.11913157,0.21228732
s09_1test_r5_t07,9,1test,5,7,1,12159,False,Q13-E005,Q9_SHARED_SOURCE_SESSION_T,loso_s9,all,1|2|3|4|5|6|7|8,0train,20260925,20,1,2,0.21028653,0.3960854,0.16432689,0.2293012
s09_1test_r5_t08,9,1test,5,8,3,14209,False,Q13-E005,Q9_SHARED_SOURCE_SESSION_T,loso_s9,all,1|2|3|4|5|6|7|8,0train,20260925,20,3,2,0.00018693606,0.8220079,0.10175422,0.07605093
s09_1test_r5_t09,9,1test,5,9,3,16140,False,Q13-E005,Q9_SHARED_SOURCE_SESSION_T,loso_s9,all,1|2|3|4|5|6|7|8,0train,20260925,20,3,4,3.057857e-05,1.3063775e-05,0.0473108,0.95264554
s09_1test_r5_t10,9,1test,5,10,2,18138,False,Q13-E005,Q9_SHARED_SOURCE_SESSION_T,loso_s9,all,1|2|3|4|5|6|7|8,0train,20260925,20,2,4,0.0021662372,1.1215709e-05,0.013804706,0.9840178
s09_1test_r5_t11,9,1test,5,11,4,20044,False,Q13-E005,Q9_SHARED_SOURCE_SESSION_T,loso_s9,all,1|2|3|4|5|6|7|8,0train,20260925,20,4,4,9.94464e-05,3.3033027e-07,0.00043970346,0.9994605
s09_1test_r5_t12,9,1test,5,12,2,21939,False,Q13-E005,Q9_SHARED_SOURCE_SESSION_T,loso_s9,all,1|2|3|4|5|6|7|8,0train,20260925,20,2,4,0.0064167366,4.667643e-05,0.27562496,0.71791166
s09_1test_r5_t13,9,1test,5,13,2,23911,False,Q13-E005,Q9_SHARED_SOURCE_SESSION_T,loso_s9,all,1|2|3|4|5|6|7|8,0train,20260925,20,2,4,0.005866469,0.2836143,0.18659508,0.5239242
s09_1test_r5_t14,9,1test,5,14,1,25855,False,Q13-E005,Q9_SHARED_SOURCE_SESSION_T,loso_s9,all,1|2|3|4|5|6|7|8,0train,20260925,20,1,2,0.23046038,0.717506,0.020472452,0.031561114
s09_1test_r5_t15,9,1test,5,15,2,27822,False,Q13-E005,Q9_SHARED_SOURCE_SESSION_T,loso_s9,all,1|2|3|4|5|6|7|8,0train,20260925,20,2,3,0.0011089438,0.106854,0.5071543,0.38488272
s09_1test_r5_t16,9,1test,5,16,4,29942,False,Q13-E005,Q9_SHARED_SOURCE_SESSION_T,loso_s9,all,1|2|3|4|5|6|7|8,0train,20260925,20,4,4,0.00028977334,2.0130075e-08,0.0008718191,0.9988385
s09_1test_r5_t17,9,1test,5,17,4,31950,False,Q13-E005,Q9_SHARED_SOURCE_SESSION_T,loso_s9,all,1|2|3|4|5|6|7|8,0train,20260925,20,4,4,0.00034235464,2.3373637e-05,0.06474118,0.934893
s09_1test_r5_t18,9,1test,5,18,2,34016,False,Q13-E005,Q9_SHARED_SOURCE_SESSION_T,loso_s9,all,1|2|3|4|5|6|7|8,0train,20260925,20,2,4,0.00013040328,0.27712464,0.07001207,0.6527329
s09_1test_r5_t19,9,1test,5,19,2,36052,False,Q13-E005,Q9_SHARED_SOURCE_SESSION_T,loso_s9,all,1|2|3|4|5|6|7|8,0train,20260925,20,2,4,0.00013868771,8.388954e-05,0.022914732,0.97686267
s09_1test_r5_t20,9,1test,5,20,2,38118,False,Q13-E005,Q9_SHARED_SOURCE_SESSION_T,loso_s9,all,1|2|3|4|5|6|7|8,0train,20260925,20,2,4,0.00011719636,1.7901285e-06,0.018988235,0.9808928
s09_1test_r5_t21,9,1test,5,21,2,40188,False,Q13-E005,Q9_SHARED_SOURCE_SESSION_T,loso_s9,all,1|2|3|4|5|6|7|8,0train,20260925,20,2,4,0.029370684,0.03082669,0.24794881,0.6918538
s09_1test_r5_t22,9,1test,5,22,4,42268,False,Q13-E005,Q9_SHARED_SOURCE_SESSION_T,loso_s9,all,1|2|3|4|5|6|7|8,0train,20260925,20,4,4,3.253132e-05,2.2617363e-07,0.00067653955,0.9992907
s09_1test_r5_t23,9,1test,5,23,4,44180,False,Q13-E005,Q9_SHARED_SOURCE_SESSION_T,loso_s9,all,1|2|3|4|5|6|7|8,0train,20260925,20,4,4,0.0816636,0.00013781879,0.07102397,0.84717464
s09_1test_r5_t24,9,1test,5,24,3,46211,False,Q13-E005,Q9_SHARED_SOURCE_SESSION_T,loso_s9,all,1|2|3|4|5|6|7|8,0train,20260925,20,3,4,0.0019881988,0.12464762,0.08982487,0.7835393
s09_1test_r5_t25,9,1test,5,25,4,48164,False,Q13-E005,Q9_SHARED_SOURCE_SESSION_T,loso_s9,all,1|2|3|4|5|6|7|8,0train,20260925,20,4,4,2.2783572e-05,1.7979564e-05,0.004618036,0.9953412
s09_1test_r5_t26,9,1test,5,26,1,50125,False,Q13-E005,Q9_SHARED_SOURCE_SESSION_T,loso_s9,all,1|2|3|4|5|6|7|8,0train,20260925,20,1,4,0.4128519,0.06691557,0.03523097,0.4850016
s09_1test_r5_t27,9,1test,5,27,2,52229,False,Q13-E005,Q9_SHARED_SOURCE_SESSION_T,loso_s9,all,1|2|3|4|5|6|7|8,0train,20260925,20,2,4,0.00019525312,0.016396537,0.07413593,0.9092723
s09_1test_r5_t28,9,1test,5,28,3,54233,False,Q13-E005,Q9_SHARED_SOURCE_SESSION_T,loso_s9,all,1|2|3|4|5|6|7|8,0train,20260925,20,3,4,0.00096880837,1.6461185e-05,0.040083565,0.95893115
s09_1test_r5_t29,9,1test,5,29,2,56208,True,Q13-E005,Q9_SHARED_SOURCE_SESSION_T,loso_s9,all,1|2|3|4|5|6|7|8,0train,20260925,20,2,4,0.00060673244,0.002407104,0.12750982,0.8694764
s09_1test_r5_t30,9,1test,5,30,1,58234,False,Q13-E005,Q9_SHARED_SOURCE_SESSION_T,loso_s9,all,1|2|3|4|5|6|7|8,0train,20260925,20,1,1,0.47720602,0.17719144,0.067454964,0.27814767
s09_1test_r5_t31,9,1test,5,31,4,60305,True,Q13-E005,Q9_SHARED_SOURCE_SESSION_T,loso_s9,all,1|2|3|4|5|6|7|8,0train,20260925,20,4,4,0.0006833138,0.19819972,0.21571493,0.585402
s09_1test_r5_t32,9,1test,5,32,1,62412,False,Q13-E005,Q9_SHARED_SOURCE_SESSION_T,loso_s9,all,1|2|3|4|5|6|7|8,0train,20260925,20,1,1,0.5985529,0.35804194,0.018466966,0.024938216
s09_1test_r5_t33,9,1test,5,33,4,64504,False,Q13-E005,Q9_SHARED_SOURCE_SESSION_T,loso_s9,all,1|2|3|4|5|6|7|8,0train,20260925,20,4,4,0.0004807359,3.312647e-07,0.031899177,0.9676197
s09_1test_r5_t34,9,1test,5,34,1,66595,True,Q13-E005,Q9_SHARED_SOURCE_SESSION_T,loso_s9,all,1|2|3|4|5|6|7|8,0train,20260925,20,1,2,0.08789754,0.8100228,0.05524301,0.046836644
s09_1test_r5_t35,9,1test,5,35,1,68638,True,Q13-E005,Q9_SHARED_SOURCE_SESSION_T,loso_s9,all,1|2|3|4|5|6|7|8,0train,20260925,20,1,3,0.08941138,0.36108777,0.41713274,0.1323681
s09_1test_r5_t36,9,1test,5,36,1,70702,False,Q13-E005,Q9_SHARED_SOURCE_SESSION_T,loso_s9,all,1|2|3|4|5|6|7|8,0train,20260925,20,1,4,0.38865423,0.0019434702,0.087483615,0.5219187
s09_1test_r5_t37,9,1test,5,37,1,72722,False,Q13-E005,Q9_SHARED_SOURCE_SESSION_T,loso_s9,all,1|2|3|4|5|6|7|8,0train,20260925,20,1,4,0.029795175,0.0033026095,0.04483808,0.92206407
s09_1test_r5_t38,9,1test,5,38,3,74694,False,Q13-E005,Q9_SHARED_SOURCE_SESSION_T,loso_s9,all,1|2|3|4|5|6|7|8,0train,20260925,20,3,4,0.02713291,0.00027578714,0.18298116,0.78961015
s09_1test_r5_t39,9,1test,5,39,3,76657,False,Q13-E005,Q9_SHARED_SOURCE_SESSION_T,loso_s9,all,1|2|3|4|5|6|7|8,0train,20260925,20,3,4,8.322534e-06,0.000131829,0.024811005,0.9750489
s09_1test_r5_t40,9,1test,5,40,4,78582,False,Q13-E005,Q9_SHARED_SOURCE_SESSION_T,loso_s9,all,1|2|3|4|5|6|7|8,0train,20260925,20,4,4,0.008552733,0.04674647,0.12281418,0.8218866
s09_1test_r5_t41,9,1test,5,41,2,80663,False,Q13-E005,Q9_SHARED_SOURCE_SESSION_T,loso_s9,all,1|2|3|4|5|6|7|8,0train,20260925,20,2,4,0.005178908,0.098031595,0.1387789,0.75801057
s09_1test_r5_t42,9,1test,5,42,3,82641,False,Q13-E005,Q9_SHARED_SOURCE_SESSION_T,loso_s9,all,1|2|3|4|5|6|7|8,0train,20260925,20,3,2,1.5298792e-05,0.8691842,0.014260255,0.11654022
s09_1test_r5_t43,9,1test,5,43,3,84631,False,Q13-E005,Q9_SHARED_SOURCE_SESSION_T,loso_s9,all,1|2|3|4|5|6|7|8,0train,20260925,20,3,4,0.0002277083,0.0016088603,0.010350594,0.9878128
s09_1test_r5_t44,9,1test,5,44,3,86750,False,Q13-E005,Q9_SHARED_SOURCE_SESSION_T,loso_s9,all,1|2|3|4|5|6|7|8,0train,20260925,20,3,4,0.0149593605,0.099452354,0.021159427,0.86442876
s09_1test_r5_t45,9,1test,5,45,4,88656,True,Q13-E005,Q9_SHARED_SOURCE_SESSION_T,loso_s9,all,1|2|3|4|5|6|7|8,0train,20260925,20,4,4,0.0042429697,7.5232674e-06,0.0019195213,0.9938299
s09_1test_r5_t46,9,1test,5,46,3,90584,False,Q13-E005,Q9_SHARED_SOURCE_SESSION_T,loso_s9,all,1|2|3|4|5|6|7|8,0train,20260925,20,3,4,0.07952022,0.0013534313,0.076871805,0.8422545
s09_1test_r5_t47,9,1test,5,47,1,92698,False,Q13-E005,Q9_SHARED_SOURCE_SESSION_T,loso_s9,all,1|2|3|4|5|6|7|8,0train,20260925,20,1,2,0.0034799164,0.9227762,0.061592285,0.012151558
s09_1test_r5_t48,9,1test,5,48,3,94757,False,Q13-E005,Q9_SHARED_SOURCE_SESSION_T,loso_s9,all,1|2|3|4|5|6|7|8,0train,20260925,20,3,2,0.11328644,0.5694034,0.2397967,0.07751341
